ISO-10303-21;
HEADER;
FILE_DESCRIPTION (( 'STEP AP214' ),
    '1' );
FILE_NAME ('配合图纸.STEP',
    '2026-05-27T12:05:22',
    ( 'luo010121@outlook.com' ),
    ( '' ),
    'SwSTEP 2.0',
    'SolidWorks 2021',
    '' );
FILE_SCHEMA (( 'AUTOMOTIVE_DESIGN' ));
ENDSEC;

DATA;
#1 = VECTOR ( 'NONE', #7688, 1000.000000000000000 ) ;
#2 = EDGE_CURVE ( 'NONE', #719, #6973, #3236, .T. ) ;
#3 = CARTESIAN_POINT ( 'NONE',  ( -50.59849011171107236, -1.512152455818654095, -31.40041777998817096 ) ) ;
#4 = EDGE_CURVE ( 'NONE', #5887, #6074, #7608, .T. ) ;
#5 = ORIENTED_EDGE ( 'NONE', *, *, #8722, .F. ) ;
#6 = CARTESIAN_POINT ( 'NONE',  ( 24.69849011171107378, -15.01615056132663639, 18.40359731999999937 ) ) ;
#7 = EDGE_LOOP ( 'NONE', ( #1096, #2258, #895, #9781 ) ) ;
#8 = ORIENTED_EDGE ( 'NONE', *, *, #2613, .T. ) ;
#9 = VERTEX_POINT ( 'NONE', #3982 ) ;
#10 = DIRECTION ( 'NONE',  ( -1.000000000000000000, 0.000000000000000000, 0.000000000000000000 ) ) ;
#11 = VERTEX_POINT ( 'NONE', #1524 ) ;
#12 = DIRECTION ( 'NONE',  ( -1.000000000000000000, 0.000000000000000000, 0.000000000000000000 ) ) ;
#13 = EDGE_CURVE ( 'NONE', #2451, #2910, #1232, .T. ) ;
#14 = DIRECTION ( 'NONE',  ( -0.000000000000000000, -0.000000000000000000, 1.000000000000000000 ) ) ;
#15 = DIRECTION ( 'NONE',  ( 0.000000000000000000, 0.000000000000000000, 1.000000000000000000 ) ) ;
#16 = EDGE_LOOP ( 'NONE', ( #7232, #6647, #2832, #1623 ) ) ;
#17 = CARTESIAN_POINT ( 'NONE',  ( 24.69849011171107378, -1.512152455818657204, 8.999997999999999720 ) ) ;
#18 = DIRECTION ( 'NONE',  ( 1.000000000000000000, 0.000000000000000000, 0.000000000000000000 ) ) ;
#19 = EDGE_LOOP ( 'NONE', ( #6621, #8320, #7511, #5914 ) ) ;
#20 = DIRECTION ( 'NONE',  ( -1.000000000000000000, 0.000000000000000000, 0.000000000000000000 ) ) ;
#21 = FACE_OUTER_BOUND ( 'NONE', #170, .T. ) ;
#22 = VERTEX_POINT ( 'NONE', #3770 ) ;
#23 = B_SPLINE_CURVE_WITH_KNOTS ( 'NONE', 3,
 ( #2545, #8803, #8910, #813, #8171, #4905, #4018, #971, #4173, #7225, #7385, #3232, #181, #9641, #2439, #1661, #8122, #3440, #5956, #8223 ),
 .UNSPECIFIED., .F., .F.,
 ( 4, 2, 2, 2, 2, 2, 2, 2, 2, 4 ),
 ( 0.000000000000000000, 0.06250000000000086042, 0.1250000000000017208, 0.2500000000000048295, 0.5000000000000066613, 0.6250000000000075495, 0.7500000000000085487, 0.8125000000000067724, 0.8750000000000048850, 1.000000000000000000 ),
 .UNSPECIFIED. ) ;
#24 = CARTESIAN_POINT ( 'NONE',  ( 35.98149282690607720, 11.22185072041136067, 19.20359732000000008 ) ) ;
#25 = ADVANCED_FACE ( 'NONE', ( #775 ), #5605, .F. ) ;
#26 = FACE_OUTER_BOUND ( 'NONE', #5416, .T. ) ;
#27 = AXIS2_PLACEMENT_3D ( 'NONE', #5058, #8385, #9012 ) ;
#28 = DIRECTION ( 'NONE',  ( -1.761694112589338835E-05, 0.9999999998448216854, 0.000000000000000000 ) ) ;
#29 = CARTESIAN_POINT ( 'NONE',  ( -8.479594318002176223, 20.69589606792182579, -51.59041577998818440 ) ) ;
#30 = CARTESIAN_POINT ( 'NONE',  ( -8.379358507298961811, 20.62234533136593129, -51.16577392175823746 ) ) ;
#31 = PLANE ( 'NONE',  #2322 ) ;
#32 = LINE ( 'NONE', #8077, #730 ) ;
#33 = ORIENTED_EDGE ( 'NONE', *, *, #2200, .T. ) ;
#34 = CIRCLE ( 'NONE', #8767, 0.9999999999999991118 ) ;
#35 = ORIENTED_EDGE ( 'NONE', *, *, #3727, .F. ) ;
#36 = EDGE_LOOP ( 'NONE', ( #1585, #4283, #10256, #6714 ) ) ;
#37 = EDGE_CURVE ( 'NONE', #3197, #3296, #9505, .T. ) ;
#38 = DIRECTION ( 'NONE',  ( 0.000000000000000000, 0.000000000000000000, -1.000000000000000000 ) ) ;
#39 = DIRECTION ( 'NONE',  ( -0.7071067811865506814, -0.7071067811865443531, 0.000000000000000000 ) ) ;
#40 = CIRCLE ( 'NONE', #4900, 25.78852460972969851 ) ;
#41 = ORIENTED_EDGE ( 'NONE', *, *, #2556, .T. ) ;
#42 = CARTESIAN_POINT ( 'NONE',  ( 25.62979941548113771, 24.22100558338927456, 22.90807033045651053 ) ) ;
#43 = DIRECTION ( 'NONE',  ( 0.000000000000000000, 0.000000000000000000, 1.000000000000000000 ) ) ;
#44 = DIRECTION ( 'NONE',  ( 0.7114425483935334915, 0.7027442638224199456, -0.000000000000000000 ) ) ;
#45 = CARTESIAN_POINT ( 'NONE',  ( 2.581612641497826655, -0.07904711514960562069, 8.999997999999999720 ) ) ;
#46 = CARTESIAN_POINT ( 'NONE',  ( -21.53129293636027697, -25.40313113088010866, -40.80041777998818020 ) ) ;
#47 = ADVANCED_FACE ( 'NONE', ( #2993 ), #5251, .F. ) ;
#48 = VECTOR ( 'NONE', #3408, 1000.000000000000000 ) ;
#49 = ORIENTED_EDGE ( 'NONE', *, *, #9138, .F. ) ;
#50 = PLANE ( 'NONE',  #9850 ) ;
#51 = ORIENTED_EDGE ( 'NONE', *, *, #213, .T. ) ;
#52 = EDGE_LOOP ( 'NONE', ( #10031, #6934, #1135, #2923 ) ) ;
#53 = ORIENTED_EDGE ( 'NONE', *, *, #308, .F. ) ;
#54 = CARTESIAN_POINT ( 'NONE',  ( -9.933248314829617343, 20.26986520529765912, -56.00041577998817388 ) ) ;
#55 = EDGE_CURVE ( 'NONE', #1322, #5364, #2309, .T. ) ;
#56 = ORIENTED_EDGE ( 'NONE', *, *, #7337, .T. ) ;
#57 = DIRECTION ( 'NONE',  ( 0.000000000000000000, 0.000000000000000000, -1.000000000000000000 ) ) ;
#58 = DIRECTION ( 'NONE',  ( 0.7114425483935334915, 0.7027442638224199456, -0.000000000000000000 ) ) ;
#59 = FACE_OUTER_BOUND ( 'NONE', #3684, .T. ) ;
#60 = ORIENTED_EDGE ( 'NONE', *, *, #1620, .T. ) ;
#61 = DIRECTION ( 'NONE',  ( 1.000000000000000000, 0.000000000000000000, 0.000000000000000000 ) ) ;
#62 = FACE_BOUND ( 'NONE', #688, .T. ) ;
#63 = ORIENTED_EDGE ( 'NONE', *, *, #7547, .T. ) ;
#64 = VECTOR ( 'NONE', #8382, 1000.000000000000000 ) ;
#65 = PLANE ( 'NONE',  #4019 ) ;
#66 = EDGE_CURVE ( 'NONE', #3196, #2134, #1570, .T. ) ;
#67 = CARTESIAN_POINT ( 'NONE',  ( 12.05349142309807675, -5.819541498890621334, 18.40359731999999937 ) ) ;
#68 = FILL_AREA_STYLE ('',( #6431 ) ) ;
#69 = ORIENTED_EDGE ( 'NONE', *, *, #1850, .F. ) ;
#70 = PLANE ( 'NONE',  #8919 ) ;
#71 = EDGE_CURVE ( 'NONE', #8457, #329, #1060, .T. ) ;
#72 = DIRECTION ( 'NONE',  ( -0.000000000000000000, -0.000000000000000000, 1.000000000000000000 ) ) ;
#73 = EDGE_CURVE ( 'NONE', #3843, #8044, #9616, .T. ) ;
#74 = CARTESIAN_POINT ( 'NONE',  ( -8.201600596858977354, 20.22170956309843248, -54.17052719899535873 ) ) ;
#75 = CARTESIAN_POINT ( 'NONE',  ( -24.69849011171107378, -1.512152455818657204, -40.80041777998818020 ) ) ;
#76 = CARTESIAN_POINT ( 'NONE',  ( 11.05349142309807675, -1.113214443582986268, 21.40359731999999937 ) ) ;
#77 = CARTESIAN_POINT ( 'NONE',  ( -8.464520009443198489, 20.68487936929775017, -51.41977991136934634 ) ) ;
#78 = EDGE_CURVE ( 'NONE', #10242, #10401, #9119, .T. ) ;
#79 = CARTESIAN_POINT ( 'NONE',  ( -2.922692160743699752, 14.95168800960297872, -54.25041524332914378 ) ) ;
#80 = FACE_OUTER_BOUND ( 'NONE', #10282, .T. ) ;
#81 = VERTEX_POINT ( 'NONE', #6193 ) ;
#82 = ADVANCED_FACE ( 'NONE', ( #4668 ), #10399, .F. ) ;
#83 = CIRCLE ( 'NONE', #2771, 25.78852460972969851 ) ;
#84 = EDGE_CURVE ( 'NONE', #4786, #9409, #1416, .T. ) ;
#85 = AXIS2_PLACEMENT_3D ( 'NONE', #7062, #2337, #2964 ) ;
#86 = ORIENTED_EDGE ( 'NONE', *, *, #5784, .T. ) ;
#87 = EDGE_LOOP ( 'NONE', ( #2402, #2782 ) ) ;
#88 = CARTESIAN_POINT ( 'NONE',  ( -23.17849011171107421, 21.53784716418134693, -40.80041777998818020 ) ) ;
#89 = CARTESIAN_POINT ( 'NONE',  ( 7.030438470952725005, 7.006785556416295080, 31.63375372154084175 ) ) ;
#90 = ORIENTED_EDGE ( 'NONE', *, *, #5159, .T. ) ;
#91 = CARTESIAN_POINT ( 'NONE',  ( 26.19187342476066505, 24.11243067574007881, 23.26440081364355805 ) ) ;
#92 = LINE ( 'NONE', #5661, #2904 ) ;
#93 = LINE ( 'NONE', #3549, #953 ) ;
#94 = CARTESIAN_POINT ( 'NONE',  ( 7.630438470952452867, -3.563214443583345492, 21.40359731999999937 ) ) ;
#95 = CARTESIAN_POINT ( 'NONE',  ( -7.963329359206877456, 20.05613753806063571, -54.25041577998818099 ) ) ;
#96 = DIRECTION ( 'NONE',  ( -1.000000000000000000, 0.000000000000000000, 0.000000000000000000 ) ) ;
#97 = ORIENTED_EDGE ( 'NONE', *, *, #5117, .F. ) ;
#98 = CARTESIAN_POINT ( 'NONE',  ( 43.09477099867147132, -1.512152455818657204, 22.99999800000001215 ) ) ;
#99 = ORIENTED_EDGE ( 'NONE', *, *, #7011, .F. ) ;
#100 = VERTEX_POINT ( 'NONE', #2256 ) ;
#101 = CIRCLE ( 'NONE', #5634, 1.000000000000000888 ) ;
#102 = DIRECTION ( 'NONE',  ( 1.000000000000000000, 0.000000000000000000, 0.000000000000000000 ) ) ;
#103 = ORIENTED_EDGE ( 'NONE', *, *, #8359, .T. ) ;
#104 = PLANE ( 'NONE',  #3365 ) ;
#105 = ORIENTED_EDGE ( 'NONE', *, *, #3678, .F. ) ;
#106 = AXIS2_PLACEMENT_3D ( 'NONE', #1437, #5425, #8532 ) ;
#107 = CARTESIAN_POINT ( 'NONE',  ( 19.02849441382007711, -1.512152455818657204, 21.40359731999999937 ) ) ;
#108 = CIRCLE ( 'NONE', #4305, 1.499999999999999556 ) ;
#109 = CARTESIAN_POINT ( 'NONE',  ( -0.1265725099096649819, 17.74136868473338779, -50.99041577998818298 ) ) ;
#110 = EDGE_CURVE ( 'NONE', #7617, #532, #7958, .T. ) ;
#111 = VECTOR ( 'NONE', #9090, 1000.000000000000000 ) ;
#112 = DIRECTION ( 'NONE',  ( 1.000000000000000000, 0.000000000000000000, 0.000000000000000000 ) ) ;
#113 = EDGE_LOOP ( 'NONE', ( #1640, #7088, #906, #4266 ) ) ;
#114 = VERTEX_POINT ( 'NONE', #1574 ) ;
#115 = CARTESIAN_POINT ( 'NONE',  ( 29.59477099867147132, -1.512152455818658092, 21.99999800000000150 ) ) ;
#116 = DIRECTION ( 'NONE',  ( 0.000000000000000000, 0.000000000000000000, 1.000000000000000000 ) ) ;
#117 = VERTEX_POINT ( 'NONE', #1625 ) ;
#118 = DIRECTION ( 'NONE',  ( 0.000000000000000000, 0.000000000000000000, 1.000000000000000000 ) ) ;
#119 = VECTOR ( 'NONE', #7173, 1000.000000000000000 ) ;
#120 = DIRECTION ( 'NONE',  ( 0.000000000000000000, -1.000000000000000000, 0.000000000000000000 ) ) ;
#121 = AXIS2_PLACEMENT_3D ( 'NONE', #8923, #878, #1721 ) ;
#122 = DIRECTION ( 'NONE',  ( 0.000000000000000000, -1.000000000000000000, -0.000000000000000000 ) ) ;
#123 = VERTEX_POINT ( 'NONE', #4609 ) ;
#124 = AXIS2_PLACEMENT_3D ( 'NONE', #310, #938, #1837 ) ;
#125 = DIRECTION ( 'NONE',  ( 0.000000000000000000, 0.000000000000000000, 1.000000000000000000 ) ) ;
#126 = DIRECTION ( 'NONE',  ( 1.000000000000000000, 0.000000000000000000, 0.000000000000000000 ) ) ;
#127 = EDGE_CURVE ( 'NONE', #643, #4034, #10247, .T. ) ;
#128 = AXIS2_PLACEMENT_3D ( 'NONE', #2748, #5161, #5947 ) ;
#129 = EDGE_CURVE ( 'NONE', #2795, #5400, #8665, .T. ) ;
#130 = CARTESIAN_POINT ( 'NONE',  ( -8.194411627963017253, 20.21680891759515575, -54.17534789584935595 ) ) ;
#131 = DIRECTION ( 'NONE',  ( -1.000000000000000000, 0.000000000000000000, 0.000000000000000000 ) ) ;
#132 = CARTESIAN_POINT ( 'NONE',  ( 44.85549282690607242, -4.623571175818640633, 19.20359732000000008 ) ) ;
#133 = CARTESIAN_POINT ( 'NONE',  ( -8.282142388489404539, 20.27622616631136410, -51.13807243194498398 ) ) ;
#134 = CIRCLE ( 'NONE', #5501, 25.89999999999999147 ) ;
#135 = FACE_OUTER_BOUND ( 'NONE', #5199, .T. ) ;
#136 = DIRECTION ( 'NONE',  ( 0.000000000000000000, 0.000000000000000000, 1.000000000000000000 ) ) ;
#137 = ORIENTED_EDGE ( 'NONE', *, *, #7328, .F. ) ;
#138 = CIRCLE ( 'NONE', #2829, 25.89999999999999147 ) ;
#139 = AXIS2_PLACEMENT_3D ( 'NONE', #9108, #1959, #433 ) ;
#140 = ADVANCED_FACE ( 'NONE', ( #4720 ), #909, .F. ) ;
#141 = EDGE_CURVE ( 'NONE', #8576, #519, #9633, .T. ) ;
#142 = EDGE_LOOP ( 'NONE', ( #7776, #2722, #6758, #1220, #2371, #9867, #7504 ) ) ;
#143 = ORIENTED_EDGE ( 'NONE', *, *, #407, .T. ) ;
#144 = CARTESIAN_POINT ( 'NONE',  ( 6.030438470952724117, -1.512152455818667418, 21.40359731999999937 ) ) ;
#145 = CARTESIAN_POINT ( 'NONE',  ( 36.19477099867147274, -12.51215245581865609, 22.99999800000001215 ) ) ;
#146 = ORIENTED_EDGE ( 'NONE', *, *, #5129, .F. ) ;
#147 = CARTESIAN_POINT ( 'NONE',  ( -9.806641169857517326, -20.46057811846423746, -36.80041777998817309 ) ) ;
#148 = DIRECTION ( 'NONE',  ( 1.000000000000000000, 0.000000000000000000, 0.000000000000000000 ) ) ;
#149 = AXIS2_PLACEMENT_3D ( 'NONE', #7091, #4825, #6455 ) ;
#150 = DIRECTION ( 'NONE',  ( 0.7071067811865525687, 0.000000000000000000, 0.7071067811865425767 ) ) ;
#151 = AXIS2_PLACEMENT_3D ( 'NONE', #7503, #5872, #6653 ) ;
#152 = DIRECTION ( 'NONE',  ( 1.000000000000000000, 0.000000000000000000, 0.000000000000000000 ) ) ;
#153 = CARTESIAN_POINT ( 'NONE',  ( 24.69849011171107378, -1.512152455818657204, 3.496201133462653043 ) ) ;
#154 = ADVANCED_FACE ( 'NONE', ( #1036 ), #8977, .T. ) ;
#155 = CARTESIAN_POINT ( 'NONE',  ( 11.23043847095200576, -1.512152455818657204, 21.40359731999999937 ) ) ;
#156 = CIRCLE ( 'NONE', #5525, 3.000000000000002665 ) ;
#157 = AXIS2_PLACEMENT_3D ( 'NONE', #1250, #299, #2774 ) ;
#158 = ORIENTED_EDGE ( 'NONE', *, *, #1601, .F. ) ;
#159 = DIRECTION ( 'NONE',  ( -0.000000000000000000, -0.000000000000000000, 1.000000000000000000 ) ) ;
#160 = EDGE_LOOP ( 'NONE', ( #6270, #4622, #6230, #9332 ) ) ;
#161 = VERTEX_POINT ( 'NONE', #7400 ) ;
#162 = DIRECTION ( 'NONE',  ( 1.462890879734001726E-19, 1.610801296603465303E-20, -1.000000000000000000 ) ) ;
#163 = ORIENTED_EDGE ( 'NONE', *, *, #6944, .T. ) ;
#164 = FACE_OUTER_BOUND ( 'NONE', #7409, .T. ) ;
#165 = ORIENTED_EDGE ( 'NONE', *, *, #2720, .T. ) ;
#166 = VECTOR ( 'NONE', #1918, 1000.000000000000000 ) ;
#167 = CARTESIAN_POINT ( 'NONE',  ( -2.678820575445749252, 14.58737503460990759, -51.19378081895419541 ) ) ;
#168 = DIRECTION ( 'NONE',  ( 0.000000000000000000, 0.000000000000000000, -1.000000000000000000 ) ) ;
#169 = DIRECTION ( 'NONE',  ( -0.7071067811865536790, 0.000000000000000000, 0.7071067811865414665 ) ) ;
#170 = EDGE_LOOP ( 'NONE', ( #10007, #2010, #2839, #6538, #7577, #6211, #5394, #4867 ) ) ;
#171 = B_SPLINE_CURVE_WITH_KNOTS ( 'NONE', 3,
 ( #7071, #6280, #1451, #4488, #2976, #1297, #603, #1400 ),
 .UNSPECIFIED., .F., .F.,
 ( 4, 2, 2, 4 ),
 ( 0.000000000000000000, 0.2499999999999967804, 0.4999999999999935607, 1.000000000000000000 ),
 .UNSPECIFIED. ) ;
#172 = EDGE_LOOP ( 'NONE', ( #3823, #6569, #7372, #9629, #1784, #7029, #1641, #3929 ) ) ;
#173 = CARTESIAN_POINT ( 'NONE',  ( 12.20349142309808066, -1.524148547166637835, 21.40359731999999937 ) ) ;
#174 = EDGE_CURVE ( 'NONE', #4080, #3530, #4240, .T. ) ;
#175 = ORIENTED_EDGE ( 'NONE', *, *, #3791, .T. ) ;
#176 = CARTESIAN_POINT ( 'NONE',  ( -8.100239217126945945, 20.15206714323404569, -51.01758320045226469 ) ) ;
#177 = CARTESIAN_POINT ( 'NONE',  ( 29.59477099867147487, 9.487847544181342130, 22.99999800000001215 ) ) ;
#178 = DIRECTION ( 'NONE',  ( 0.000000000000000000, 0.000000000000000000, -1.000000000000000000 ) ) ;
#179 = ORIENTED_EDGE ( 'NONE', *, *, #9298, .T. ) ;
#180 = LINE ( 'NONE', #1860, #10265 ) ;
#181 = CARTESIAN_POINT ( 'NONE',  ( 24.22312458932456991, 24.14162543853203147, 22.88601789836079092 ) ) ;
#182 = CARTESIAN_POINT ( 'NONE',  ( -8.350673785242740621, 20.32203232848284102, -54.01655820392160479 ) ) ;
#183 = ADVANCED_FACE ( 'NONE', ( #4972 ), #195, .F. ) ;
#184 = DIRECTION ( 'NONE',  ( 0.000000000000000000, 0.000000000000000000, -1.000000000000000000 ) ) ;
#185 = CARTESIAN_POINT ( 'NONE',  ( 6.299298655982339845, 16.66208562381279279, 21.96359842000000029 ) ) ;
#186 = CARTESIAN_POINT ( 'NONE',  ( -8.127064898689098982, 20.17061449958618269, -51.02849223328103534 ) ) ;
#187 = CARTESIAN_POINT ( 'NONE',  ( -2.686229604140585092, 14.59878136947113880, -54.06202933910442709 ) ) ;
#188 = LINE ( 'NONE', #8810, #4764 ) ;
#189 = EDGE_LOOP ( 'NONE', ( #8136, #35, #2467, #5196 ) ) ;
#190 = EDGE_CURVE ( 'NONE', #3296, #7054, #743, .T. ) ;
#191 = AXIS2_PLACEMENT_3D ( 'NONE', #4382, #3439, #6794 ) ;
#192 = EDGE_LOOP ( 'NONE', ( #5450, #6149, #6136, #6770 ) ) ;
#193 = ORIENTED_EDGE ( 'NONE', *, *, #974, .T. ) ;
#194 = LINE ( 'NONE', #4032, #5829 ) ;
#195 = CYLINDRICAL_SURFACE ( 'NONE', #7627, 1.000000000000000888 ) ;
#196 = B_SPLINE_CURVE_WITH_KNOTS ( 'NONE', 3,
 ( #3470, #3314, #8255, #5674 ),
 .UNSPECIFIED., .F., .F.,
 ( 4, 4 ),
 ( 0.000000000000000000, 1.000000000000000000 ),
 .UNSPECIFIED. ) ;
#197 = VERTEX_POINT ( 'NONE', #987 ) ;
#198 = DIRECTION ( 'NONE',  ( 0.000000000000000000, 0.000000000000000000, 1.000000000000000000 ) ) ;
#199 = LINE ( 'NONE', #6657, #3084 ) ;
#200 = VECTOR ( 'NONE', #3889, 1000.000000000000000 ) ;
#201 = LINE ( 'NONE', #6609, #7768 ) ;
#202 = ADVANCED_FACE ( 'NONE', ( #8924 ), #6556, .F. ) ;
#203 = FACE_OUTER_BOUND ( 'NONE', #5039, .T. ) ;
#204 = LINE ( 'NONE', #8198, #2651 ) ;
#205 = VECTOR ( 'NONE', #10126, 1000.000000000000000 ) ;
#206 = ORIENTED_EDGE ( 'NONE', *, *, #640, .F. ) ;
#207 = DIRECTION ( 'NONE',  ( -1.000000000000000000, 0.000000000000000000, 0.000000000000000000 ) ) ;
#208 = VERTEX_POINT ( 'NONE', #9030 ) ;
#209 = ORIENTED_EDGE ( 'NONE', *, *, #3283, .F. ) ;
#210 = CARTESIAN_POINT ( 'NONE',  ( 13.27349142309807206, -1.524148547166637613, 22.99999800000000505 ) ) ;
#211 = ORIENTED_EDGE ( 'NONE', *, *, #3901, .T. ) ;
#212 = DIRECTION ( 'NONE',  ( 0.000000000000000000, 0.000000000000000000, 1.000000000000000000 ) ) ;
#213 = EDGE_CURVE ( 'NONE', #1159, #788, #5871, .T. ) ;
#214 = ORIENTED_EDGE ( 'NONE', *, *, #3927, .F. ) ;
#215 = CARTESIAN_POINT ( 'NONE',  ( -2.617408255700715003, 14.49206565017100523, -51.37811331511714741 ) ) ;
#216 = CARTESIAN_POINT ( 'NONE',  ( 8.882623226170036190, 7.006785556416295080, 31.63375372154084175 ) ) ;
#217 = CONICAL_SURFACE ( 'NONE', #8445, 0.7500000000000006661, 0.7853981633974570498 ) ;
#218 = DIRECTION ( 'NONE',  ( 0.000000000000000000, 0.000000000000000000, -1.000000000000000000 ) ) ;
#219 = VERTEX_POINT ( 'NONE', #3404 ) ;
#220 = ORIENTED_EDGE ( 'NONE', *, *, #7531, .F. ) ;
#221 = DIRECTION ( 'NONE',  ( -1.000000000000000000, 0.000000000000000000, 0.000000000000000000 ) ) ;
#222 = ORIENTED_EDGE ( 'NONE', *, *, #5038, .T. ) ;
#223 = CARTESIAN_POINT ( 'NONE',  ( -8.058664190168942199, 20.12316953195406910, -51.00425801575454443 ) ) ;
#224 = LINE ( 'NONE', #9746, #4678 ) ;
#225 = DIRECTION ( 'NONE',  ( -0.6256351882393400565, 0.7801157678426487996, 0.000000000000000000 ) ) ;
#226 = VERTEX_POINT ( 'NONE', #7235 ) ;
#227 = EDGE_CURVE ( 'NONE', #3488, #3296, #5762, .T. ) ;
#228 = CARTESIAN_POINT ( 'NONE',  ( 35.98149282690607720, 11.22185072041136067, 19.20359732000000008 ) ) ;
#229 = ORIENTED_EDGE ( 'NONE', *, *, #3000, .T. ) ;
#230 = LINE ( 'NONE', #5060, #4628 ) ;
#231 = AXIS2_PLACEMENT_3D ( 'NONE', #873, #8971, #4076 ) ;
#232 = CARTESIAN_POINT ( 'NONE',  ( -8.294752335347654437, 20.28469332650647772, -54.08931617185882601 ) ) ;
#233 = DIRECTION ( 'NONE',  ( 0.000000000000000000, 0.000000000000000000, -1.000000000000000000 ) ) ;
#234 = CARTESIAN_POINT ( 'NONE',  ( -24.69849011171107378, -1.512152455818657204, -31.20041777998817878 ) ) ;
#235 = DIRECTION ( 'NONE',  ( -0.7114425483935333805, -0.7027442638224198346, 0.000000000000000000 ) ) ;
#236 = CARTESIAN_POINT ( 'NONE',  ( -2.649436628057733056, 14.54195998194735395, -53.97724920908524382 ) ) ;
#237 = PLANE ( 'NONE',  #5250 ) ;
#238 = ORIENTED_EDGE ( 'NONE', *, *, #4040, .F. ) ;
#239 = AXIS2_PLACEMENT_3D ( 'NONE', #8447, #3661, #9282 ) ;
#241 = VERTEX_POINT ( 'NONE', #5816 ) ;
#240 = EDGE_CURVE ( 'NONE', #4203, #7321, #6614, .T. ) ;
#242 = ORIENTED_EDGE ( 'NONE', *, *, #129, .F. ) ;
#243 = VECTOR ( 'NONE', #6864, 1000.000000000000000 ) ;
#244 = CARTESIAN_POINT ( 'NONE',  ( -42.29708727004572921, -20.51476748793079707, -32.80041777998817309 ) ) ;
#245 = CARTESIAN_POINT ( 'NONE',  ( 8.630438470952455532, -3.563214443583345492, 8.998998000000000275 ) ) ;
#246 = DIRECTION ( 'NONE',  ( 1.000000000000000000, 0.000000000000000000, 0.000000000000000000 ) ) ;
#247 = ORIENTED_EDGE ( 'NONE', *, *, #10393, .F. ) ;
#248 = PLANE ( 'NONE',  #663 ) ;
#249 = CARTESIAN_POINT ( 'NONE',  ( 20.02849441382007711, -4.967150744431637399, 18.40359731999999937 ) ) ;
#250 = DIRECTION ( 'NONE',  ( 0.000000000000000000, 0.000000000000000000, -1.000000000000000000 ) ) ;
#251 = ADVANCED_FACE ( 'NONE', ( #831 ), #5027, .T. ) ;
#252 = VECTOR ( 'NONE', #2759, 1000.000000000000000 ) ;
#253 = CARTESIAN_POINT ( 'NONE',  ( 31.20649282690607862, 7.065850720411353869, 19.20359732000000008 ) ) ;
#254 = CARTESIAN_POINT ( 'NONE',  ( -43.64691577435802827, 13.37969648603914585, -32.80041777998817309 ) ) ;
#255 = EDGE_CURVE ( 'NONE', #2726, #3565, #9659, .T. ) ;
#256 = EDGE_CURVE ( 'NONE', #1786, #81, #4763, .T. ) ;
#257 = EDGE_CURVE ( 'NONE', #6273, #941, #1677, .T. ) ;
#258 = ORIENTED_EDGE ( 'NONE', *, *, #9643, .T. ) ;
#259 = DIRECTION ( 'NONE',  ( 1.000000000000000000, 0.000000000000000000, 0.000000000000000000 ) ) ;
#260 = ORIENTED_EDGE ( 'NONE', *, *, #7496, .T. ) ;
#261 = ORIENTED_EDGE ( 'NONE', *, *, #2709, .F. ) ;
#262 = DIRECTION ( 'NONE',  ( 0.000000000000000000, 0.000000000000000000, -1.000000000000000000 ) ) ;
#263 = ORIENTED_EDGE ( 'NONE', *, *, #8183, .F. ) ;
#264 = DIRECTION ( 'NONE',  ( 1.761694111969794882E-05, 0.9999999998448216854, -0.000000000000000000 ) ) ;
#265 = CARTESIAN_POINT ( 'NONE',  ( -2.596656601266298825, 14.45951739251400525, -51.55076010599924530 ) ) ;
#266 = DIRECTION ( 'NONE',  ( -0.000000000000000000, -0.000000000000000000, -1.000000000000000000 ) ) ;
#267 = EDGE_CURVE ( 'NONE', #7684, #7206, #9763, .T. ) ;
#268 = AXIS2_PLACEMENT_3D ( 'NONE', #7532, #9256, #2896 ) ;
#269 = EDGE_CURVE ( 'NONE', #4768, #7068, #4082, .T. ) ;
#270 = DIRECTION ( 'NONE',  ( -1.000000000000000000, 0.000000000000000000, 0.000000000000000000 ) ) ;
#271 = ORIENTED_EDGE ( 'NONE', *, *, #3809, .T. ) ;
#272 = VERTEX_POINT ( 'NONE', #4920 ) ;
#273 = PLANE ( 'NONE',  #1813 ) ;
#274 = CONICAL_SURFACE ( 'NONE', #3133, 0.7500000000000006661, 0.7853981633974570498 ) ;
#275 = VERTEX_POINT ( 'NONE', #931 ) ;
#276 = CARTESIAN_POINT ( 'NONE',  ( -8.085822537687187506, 20.14207183217324726, -51.01241573143808949 ) ) ;
#277 = DIRECTION ( 'NONE',  ( -0.000000000000000000, -0.000000000000000000, 1.000000000000000000 ) ) ;
#278 = CARTESIAN_POINT ( 'NONE',  ( 28.19145600356559456, 2.024047956598705955, 11.22457852691048430 ) ) ;
#279 = EDGE_LOOP ( 'NONE', ( #8033, #6003, #6396, #365, #7248 ) ) ;
#280 = AXIS2_PLACEMENT_3D ( 'NONE', #5882, #1260, #5240 ) ;
#281 = DIRECTION ( 'NONE',  ( -1.000000000000000000, 0.000000000000000000, 0.000000000000000000 ) ) ;
#282 = CYLINDRICAL_SURFACE ( 'NONE', #9004, 0.7500000000000006661 ) ;
#283 = PRODUCT_DEFINITION_SHAPE ( 'NONE', 'NONE',  #2492 ) ;
#284 = CARTESIAN_POINT ( 'NONE',  ( -8.127675784345916199, 20.17104533172127745, -54.21231345369073296 ) ) ;
#285 = AXIS2_PLACEMENT_3D ( 'NONE', #6450, #8818, #7286 ) ;
#286 = CARTESIAN_POINT ( 'NONE',  ( -24.69849011171107378, 21.53784716418134693, -32.80041777998817309 ) ) ;
#287 = CARTESIAN_POINT ( 'NONE',  ( 24.22441135763642350, -27.25787347542316397, 22.78987598034634132 ) ) ;
#288 = CARTESIAN_POINT ( 'NONE',  ( -7.933410435000136651, 20.28653496224713848, -50.80059719478501279 ) ) ;
#289 = CARTESIAN_POINT ( 'NONE',  ( -2.856220431331711662, 14.85455120432664700, -54.23522515777442976 ) ) ;
#290 = CARTESIAN_POINT ( 'NONE',  ( 25.49205342342588310, -27.24996790710832073, 22.86477999377433079 ) ) ;
#291 = ORIENTED_EDGE ( 'NONE', *, *, #73, .T. ) ;
#292 = CIRCLE ( 'NONE', #5156, 0.7499999999999937828 ) ;
#293 = VECTOR ( 'NONE', #7374, 1000.000000000000000 ) ;
#294 = VECTOR ( 'NONE', #8987, 1000.000000000000000 ) ;
#295 = ORIENTED_EDGE ( 'NONE', *, *, #10018, .T. ) ;
#296 = EDGE_LOOP ( 'NONE', ( #5706, #2533, #2798, #5445 ) ) ;
#297 = PLANE ( 'NONE',  #1970 ) ;
#298 = CARTESIAN_POINT ( 'NONE',  ( 38.69477099867147984, -1.512152455818657204, 23.19999800000000079 ) ) ;
#299 = DIRECTION ( 'NONE',  ( 0.000000000000000000, 0.000000000000000000, -1.000000000000000000 ) ) ;
#300 = ORIENTED_EDGE ( 'NONE', *, *, #6244, .T. ) ;
#301 = PLANE ( 'NONE',  #8724 ) ;
#302 = VECTOR ( 'NONE', #10194, 1000.000000000000000 ) ;
#303 = CARTESIAN_POINT ( 'NONE',  ( 19.02849441382007711, -4.967150744431644505, 18.40359731999999937 ) ) ;
#304 = EDGE_CURVE ( 'NONE', #1114, #2662, #4134, .T. ) ;
#305 = LINE ( 'NONE', #2677, #7252 ) ;
#306 = CARTESIAN_POINT ( 'NONE',  ( 31.54477099867147061, 9.487847544181342130, 23.19999800000000079 ) ) ;
#307 = AXIS2_PLACEMENT_3D ( 'NONE', #5282, #7716, #6813 ) ;
#308 = EDGE_CURVE ( 'NONE', #5683, #6988, #1928, .T. ) ;
#309 = CARTESIAN_POINT ( 'NONE',  ( -3.683785251877332634, 14.22764736562128896, -54.25041577998818099 ) ) ;
#310 = CARTESIAN_POINT ( 'NONE',  ( -24.69849011171107378, -1.512152455818657204, -31.20041777998817878 ) ) ;
#311 = ORIENTED_EDGE ( 'NONE', *, *, #1620, .F. ) ;
#312 = DIRECTION ( 'NONE',  ( 0.000000000000000000, 0.000000000000000000, -1.000000000000000000 ) ) ;
#313 = ORIENTED_EDGE ( 'NONE', *, *, #13, .T. ) ;
#314 = AXIS2_PLACEMENT_3D ( 'NONE', #3077, #7808, #3959 ) ;
#315 = VERTEX_POINT ( 'NONE', #10022 ) ;
#316 = DIRECTION ( 'NONE',  ( 0.000000000000000000, 0.000000000000000000, 1.000000000000000000 ) ) ;
#317 = CARTESIAN_POINT ( 'NONE',  ( -2.521648239649316281, 14.75009044726442298, -54.36517074965532004 ) ) ;
#318 = ORIENTED_EDGE ( 'NONE', *, *, #8209, .T. ) ;
#319 = DIRECTION ( 'NONE',  ( 0.000000000000000000, 0.000000000000000000, 1.000000000000000000 ) ) ;
#320 = ADVANCED_FACE ( 'NONE', ( #2825 ), #4347, .T. ) ;
#321 = EDGE_CURVE ( 'NONE', #6173, #9145, #3555, .T. ) ;
#322 = CARTESIAN_POINT ( 'NONE',  ( -2.498616295734245707, 14.71793460728004632, -50.93198337471216064 ) ) ;
#323 = AXIS2_PLACEMENT_3D ( 'NONE', #2314, #5509, #5609 ) ;
#324 = AXIS2_PLACEMENT_3D ( 'NONE', #2925, #5496, #7764 ) ;
#325 = FACE_OUTER_BOUND ( 'NONE', #8290, .T. ) ;
#326 = CARTESIAN_POINT ( 'NONE',  ( 25.05949410864507243, 0.4268492555683600642, 19.20359732000000008 ) ) ;
#327 = ORIENTED_EDGE ( 'NONE', *, *, #2505, .T. ) ;
#328 = EDGE_CURVE ( 'NONE', #3467, #2251, #6788, .T. ) ;
#329 = VERTEX_POINT ( 'NONE', #355 ) ;
#330 = CARTESIAN_POINT ( 'NONE',  ( -24.69849011171107378, -1.512152455818657204, -32.80041777998817309 ) ) ;
#331 = EDGE_LOOP ( 'NONE', ( #652, #2836, #8459, #2047, #756, #4607, #9358, #5531 ) ) ;
#332 = CARTESIAN_POINT ( 'NONE',  ( -8.182197195342258311, 20.20847255974324241, -51.05770306010519022 ) ) ;
#333 = AXIS2_PLACEMENT_3D ( 'NONE', #3275, #5630, #3911 ) ;
#334 = DIRECTION ( 'NONE',  ( -1.000000000000000000, 0.000000000000000000, 0.000000000000000000 ) ) ;
#335 = DIRECTION ( 'NONE',  ( -1.000000000000000000, 0.000000000000000000, 0.000000000000000000 ) ) ;
#336 = ORIENTED_EDGE ( 'NONE', *, *, #9619, .T. ) ;
#337 = EDGE_CURVE ( 'NONE', #7989, #11, #3607, .T. ) ;
#338 = PLANE ( 'NONE',  #7412 ) ;
#339 = CARTESIAN_POINT ( 'NONE',  ( 7.430438470952462460, -8.063214443583346380, 23.19999800000000079 ) ) ;
#340 = EDGE_CURVE ( 'NONE', #1786, #2824, #2082, .T. ) ;
#341 = VECTOR ( 'NONE', #3010, 1000.000000000000000 ) ;
#342 = CARTESIAN_POINT ( 'NONE',  ( -8.196550386584384285, 20.48639542419704185, -54.30884818526421753 ) ) ;
#343 = EDGE_CURVE ( 'NONE', #9986, #4862, #5104, .T. ) ;
#344 = DIRECTION ( 'NONE',  ( 0.000000000000000000, 0.000000000000000000, -1.000000000000000000 ) ) ;
#345 = CARTESIAN_POINT ( 'NONE',  ( 26.19364509126222273, -27.13665431769513958, 23.26533686978985216 ) ) ;
#346 = LINE ( 'NONE', #3445, #1169 ) ;
#347 = CARTESIAN_POINT ( 'NONE',  ( -24.69849011171107378, -1.512152455818657204, -40.80041777998818020 ) ) ;
#348 = CARTESIAN_POINT ( 'NONE',  ( 25.75573974105873631, -27.24051574660454378, 22.95214703375606291 ) ) ;
#349 = ORIENTED_EDGE ( 'NONE', *, *, #6049, .T. ) ;
#350 = DIRECTION ( 'NONE',  ( 0.000000000000000000, 0.000000000000000000, 1.000000000000000000 ) ) ;
#351 = ADVANCED_FACE ( 'NONE', ( #5279 ), #9333, .F. ) ;
#352 = ORIENTED_EDGE ( 'NONE', *, *, #6281, .F. ) ;
#353 = ORIENTED_EDGE ( 'NONE', *, *, #571, .T. ) ;
#354 = LINE ( 'NONE', #6762, #5155 ) ;
#355 = CARTESIAN_POINT ( 'NONE',  ( 23.11076921640280801, 23.98846797503755113, 23.19999800000000079 ) ) ;
#356 = FACE_OUTER_BOUND ( 'NONE', #5238, .T. ) ;
#357 = ORIENTED_EDGE ( 'NONE', *, *, #5121, .T. ) ;
#358 = DIRECTION ( 'NONE',  ( -0.7071067811865536790, 0.000000000000000000, 0.7071067811865414665 ) ) ;
#359 = CARTESIAN_POINT ( 'NONE',  ( -0.9246057082889275192, -8.733150561326638694, 19.20359732000000008 ) ) ;
#360 = DIRECTION ( 'NONE',  ( -1.000000000000000000, 0.000000000000000000, 0.000000000000000000 ) ) ;
#361 = CIRCLE ( 'NONE', #7582, 0.7500000000000006661 ) ;
#362 = CARTESIAN_POINT ( 'NONE',  ( -8.037142189683697424, 20.10813088239613577, -54.24169788301689010 ) ) ;
#363 = CARTESIAN_POINT ( 'NONE',  ( 7.030438470952728558, -0.9132144435829868678, 18.40359731999999937 ) ) ;
#364 = APPLICATION_CONTEXT ( 'automotive_design' ) ;
#365 = ORIENTED_EDGE ( 'NONE', *, *, #9532, .F. ) ;
#366 = DIRECTION ( 'NONE',  ( 0.000000000000000000, 0.000000000000000000, -1.000000000000000000 ) ) ;
#367 = EDGE_LOOP ( 'NONE', ( #7537, #6261, #9706, #6467 ) ) ;
#368 = VECTOR ( 'NONE', #3410, 999.9999999999998863 ) ;
#369 = ORIENTED_EDGE ( 'NONE', *, *, #8631, .T. ) ;
#370 = CARTESIAN_POINT ( 'NONE',  ( 23.71229074685079397, 24.21896621606719435, 22.92686432870767987 ) ) ;
#371 = CARTESIAN_POINT ( 'NONE',  ( -2.709022329853484123, 14.63371478024479799, -54.10150169275662080 ) ) ;
#372 = EDGE_LOOP ( 'NONE', ( #2335, #3588, #214, #7047 ) ) ;
#373 = DIRECTION ( 'NONE',  ( 0.000000000000000000, 0.000000000000000000, -1.000000000000000000 ) ) ;
#374 = B_SPLINE_SURFACE_WITH_KNOTS ( 'NONE', 1, 3, ( 
 ( #10087, #1418, #3675, #7778, #4611, #4456, #2937, #7674, #471, #569, #2887, #2048, #625, #1263, #8567, #6878, #7038, #5243, #6921, #6089, #10249, #5200, #9295, #2095, #6828, #5990, #5292, #10039, #2995, #10136, #2000, #1315, #8412, #4509, #1212, #2843, #8510, #7727, #4409, #3886, #6248, #3249, #42, #10402, #7289, #1680, #2312, #2457, #4872, #5555, #8088, #4670 ),
 ( #777, #7890, #6453, #7237, #9661, #5659, #6299, #6402, #3935, #9507, #1576, #681, #5507, #7089, #10299, #9459, #2363, #8875, #4084, #9562, #3201, #1526, #3050, #4773, #8667, #7193, #8773, #7990, #3099, #8727, #4822, #4722, #882, #2259, #9607, #5454, #1472, #7941, #728, #3986, #5607, #2410, #10349, #8039, #7138, #3154, #6351, #8821, #1628, #834, #4035, #91 ) ),
 .UNSPECIFIED., .F., .F., .F.,
 ( 2, 2 ),
 ( 4, 2, 2, 2, 2, 2, 2, 2, 2, 2, 2, 2, 2, 2, 2, 2, 2, 2, 2, 2, 2, 2, 2, 2, 2, 4 ),
 ( 0.000000000000000000, 1.000000000000000000 ),
 ( 0.005614304954052479896, 0.005813898825695995587, 0.006013492697339511278, 0.006213086568983026969, 0.006262985036893905892, 0.006312883504804784815, 0.006412680440626543528, 0.006512477376448302241, 0.006612274312270060087, 0.006811868183913575778, 0.007011462055557091469, 0.007061360523467970392, 0.007111258991378849315, 0.007211055927200607160, 0.007310852863022365006, 0.007410649798844122851, 0.007610243670487639410, 0.007809837542131155969, 0.007909634477952913814, 0.008009431413774671660, 0.008109228349596429505, 0.008159126817507307561, 0.008209025285418187351, 0.008408619157061703042, 0.008608213028705218733, 0.008807806900348734425 ),
 .UNSPECIFIED. ) ;
#375 = DIRECTION ( 'NONE',  ( 0.000000000000000000, 0.000000000000000000, -1.000000000000000000 ) ) ;
#376 = EDGE_CURVE ( 'NONE', #5932, #7032, #9969, .T. ) ;
#377 = VECTOR ( 'NONE', #4649, 1000.000000000000000 ) ;
#378 = LINE ( 'NONE', #5099, #4468 ) ;
#379 = DIRECTION ( 'NONE',  ( 1.462890879734001726E-19, 1.610801296603465303E-20, -1.000000000000000000 ) ) ;
#380 = EDGE_LOOP ( 'NONE', ( #8608, #8084, #8191, #6207 ) ) ;
#381 = EDGE_CURVE ( 'NONE', #5506, #241, #2943, .T. ) ;
#382 = EDGE_LOOP ( 'NONE', ( #4969, #1720, #8750, #7519 ) ) ;
#383 = DIRECTION ( 'NONE',  ( 0.000000000000000000, -1.000000000000000000, 0.000000000000000000 ) ) ;
#384 = ORIENTED_EDGE ( 'NONE', *, *, #2906, .T. ) ;
#385 = DIRECTION ( 'NONE',  ( 1.000000000000000000, 0.000000000000000000, 0.000000000000000000 ) ) ;
#386 = CIRCLE ( 'NONE', #7093, 0.5999999999999947597 ) ;
#387 = CARTESIAN_POINT ( 'NONE',  ( 7.630438470952408458, 0.8867855564166542415, 8.998998000000000275 ) ) ;
#388 = PLANE ( 'NONE',  #6913 ) ;
#389 = ORIENTED_EDGE ( 'NONE', *, *, #4701, .F. ) ;
#390 = VECTOR ( 'NONE', #5259, 1000.000000000000000 ) ;
#391 = CARTESIAN_POINT ( 'NONE',  ( 21.66549410864507763, -1.512152455818647434, 21.40359731999999937 ) ) ;
#392 = DIRECTION ( 'NONE',  ( 0.000000000000000000, 0.000000000000000000, -1.000000000000000000 ) ) ;
#393 = CARTESIAN_POINT ( 'NONE',  ( -7.995870663053258554, 20.33441869446693673, -54.42321875117883678 ) ) ;
#394 = EDGE_CURVE ( 'NONE', #9812, #5692, #3707, .T. ) ;
#395 = AXIS2_PLACEMENT_3D ( 'NONE', #7079, #3041, #5444 ) ;
#396 = DIRECTION ( 'NONE',  ( 0.000000000000000000, 0.000000000000000000, 1.000000000000000000 ) ) ;
#397 = AXIS2_PLACEMENT_3D ( 'NONE', #6349, #9605, #10189 ) ;
#398 = CARTESIAN_POINT ( 'NONE',  ( 23.71896250161846353, -27.24352015409503736, 22.92456902985438205 ) ) ;
#399 = CARTESIAN_POINT ( 'NONE',  ( -24.69849011171107378, 21.53784716418134693, -32.80041777998817309 ) ) ;
#400 = CARTESIAN_POINT ( 'NONE',  ( 32.33349227759007505, -14.01615056132663995, 19.20359732000000008 ) ) ;
#401 = LINE ( 'NONE', #7556, #1910 ) ;
#402 = ORIENTED_EDGE ( 'NONE', *, *, #5837, .T. ) ;
#403 = DIRECTION ( 'NONE',  ( 1.000000000000000000, 0.000000000000000000, 0.000000000000000000 ) ) ;
#404 = CIRCLE ( 'NONE', #6274, 1.000000000000000888 ) ;
#405 = ORIENTED_EDGE ( 'NONE', *, *, #915, .F. ) ;
#406 = EDGE_CURVE ( 'NONE', #7068, #1471, #456, .T. ) ;
#407 = EDGE_CURVE ( 'NONE', #4917, #1159, #10121, .T. ) ;
#408 = DIRECTION ( 'NONE',  ( 0.000000000000000000, 0.000000000000000000, 1.000000000000000000 ) ) ;
#409 = CARTESIAN_POINT ( 'NONE',  ( 40.20749282690608339, -8.733150561326638694, 19.20359732000000008 ) ) ;
#410 = FACE_OUTER_BOUND ( 'NONE', #8000, .T. ) ;
#411 = DIRECTION ( 'NONE',  ( 1.000000000000000000, 1.694065894508986234E-16, 0.000000000000000000 ) ) ;
#412 = DIRECTION ( 'NONE',  ( 1.000000000000000000, 1.355252715607184747E-16, -0.000000000000000000 ) ) ;
#413 = ORIENTED_EDGE ( 'NONE', *, *, #8234, .F. ) ;
#414 = CARTESIAN_POINT ( 'NONE',  ( -8.443897576307064057, 20.38356238733588910, -53.80702450819840266 ) ) ;
#415 = B_SPLINE_CURVE_WITH_KNOTS ( 'NONE', 3,
 ( #502, #6175, #9490, #9279 ),
 .UNSPECIFIED., .F., .F.,
 ( 4, 4 ),
 ( 0.000000000000000000, 1.000000000000000000 ),
 .UNSPECIFIED. ) ;
#416 = AXIS2_PLACEMENT_3D ( 'NONE', #10284, #2981, #4712 ) ;
#417 = ORIENTED_EDGE ( 'NONE', *, *, #1819, .T. ) ;
#418 = DIRECTION ( 'NONE',  ( 1.000000000000000000, 0.000000000000000000, 0.000000000000000000 ) ) ;
#419 = ORIENTED_EDGE ( 'NONE', *, *, #7213, .F. ) ;
#420 = ORIENTED_EDGE ( 'NONE', *, *, #78, .T. ) ;
#421 = PLANE ( 'NONE',  #4689 ) ;
#422 = CARTESIAN_POINT ( 'NONE',  ( 26.89477099867147203, -12.51215245581865609, 22.99999800000001215 ) ) ;
#423 = DIRECTION ( 'NONE',  ( 0.000000000000000000, 0.000000000000000000, 1.000000000000000000 ) ) ;
#424 = AXIS2_PLACEMENT_3D ( 'NONE', #2441, #4229, #6438 ) ;
#425 = DIRECTION ( 'NONE',  ( -0.7114425483935503669, -0.7027442638224027371, 0.000000000000000000 ) ) ;
#426 = CARTESIAN_POINT ( 'NONE',  ( 8.630438470952455532, -3.563214443583345492, 22.99999800000001215 ) ) ;
#427 = DIRECTION ( 'NONE',  ( 0.000000000000000000, 0.000000000000000000, 1.000000000000000000 ) ) ;
#428 = ORIENTED_EDGE ( 'NONE', *, *, #5296, .T. ) ;
#429 = EDGE_LOOP ( 'NONE', ( #708, #7500, #9217, #5789, #3370, #8925, #7192, #4161 ) ) ;
#430 = CARTESIAN_POINT ( 'NONE',  ( 40.08049337622308173, 6.319848523146355923, 19.20359732000000008 ) ) ;
#431 = VERTEX_POINT ( 'NONE', #7610 ) ;
#432 = LINE ( 'NONE', #1381, #1 ) ;
#433 = DIRECTION ( 'NONE',  ( -1.000000000000000000, 0.000000000000000000, 0.000000000000000000 ) ) ;
#434 = DIRECTION ( 'NONE',  ( -0.000000000000000000, -0.000000000000000000, 1.000000000000000000 ) ) ;
#435 = ORIENTED_EDGE ( 'NONE', *, *, #4027, .T. ) ;
#436 = DIRECTION ( 'NONE',  ( 0.000000000000000000, 0.000000000000000000, 1.000000000000000000 ) ) ;
#437 = EDGE_CURVE ( 'NONE', #9428, #272, #5782, .T. ) ;
#438 = FACE_OUTER_BOUND ( 'NONE', #1389, .T. ) ;
#439 = CARTESIAN_POINT ( 'NONE',  ( -8.255451267666231274, 20.53046297380204521, -54.25305162463642006 ) ) ;
#440 = FACE_BOUND ( 'NONE', #8423, .T. ) ;
#441 = EDGE_LOOP ( 'NONE', ( #9036, #5094, #3422, #10298, #5, #4679, #8168, #5236, #9915, #9734, #3166, #9887, #7940, #7008, #6084, #7951 ) ) ;
#442 = CARTESIAN_POINT ( 'NONE',  ( 24.86344201621639272, -27.26162974509386672, 22.75364331054278466 ) ) ;
#443 = DIRECTION ( 'NONE',  ( 0.000000000000000000, 0.000000000000000000, 1.000000000000000000 ) ) ;
#444 = DIRECTION ( 'NONE',  ( 1.000000000000000000, 0.000000000000000000, 0.000000000000000000 ) ) ;
#445 = CIRCLE ( 'NONE', #6319, 0.7500000000000006661 ) ;
#446 = CARTESIAN_POINT ( 'NONE',  ( 25.54118316372789366, -27.24840731074021605, 22.87936766622636142 ) ) ;
#447 = EDGE_LOOP ( 'NONE', ( #3049, #5878 ) ) ;
#448 = CARTESIAN_POINT ( 'NONE',  ( 30.59477099867147842, -1.512152455818657204, 23.19999800000000079 ) ) ;
#449 = VECTOR ( 'NONE', #7908, 1000.000000000000000 ) ;
#450 = CYLINDRICAL_SURFACE ( 'NONE', #2555, 1.000000000000000888 ) ;
#451 = EDGE_CURVE ( 'NONE', #8921, #568, #4102, .T. ) ;
#452 = CIRCLE ( 'NONE', #1969, 25.89999999999999147 ) ;
#453 = AXIS2_PLACEMENT_3D ( 'NONE', #9292, #312, #468 ) ;
#454 = EDGE_LOOP ( 'NONE', ( #649, #4258, #6124, #3259 ) ) ;
#455 = VECTOR ( 'NONE', #266, 1000.000000000000000 ) ;
#456 = LINE ( 'NONE', #1199, #243 ) ;
#457 = CARTESIAN_POINT ( 'NONE',  ( 24.69849011171107378, 1.426849255568359842, 18.40359731999999937 ) ) ;
#458 = CARTESIAN_POINT ( 'NONE',  ( 28.09477099867147487, -1.512152455818657204, 21.99999800000000150 ) ) ;
#459 = CARTESIAN_POINT ( 'NONE',  ( 24.69849011171107023, -3.967150744431642284, 21.40359731999999937 ) ) ;
#460 = CIRCLE ( 'NONE', #7679, 1.000000000000000888 ) ;
#461 = LINE ( 'NONE', #4401, #205 ) ;
#462 = AXIS2_PLACEMENT_3D ( 'NONE', #8564, #9559, #4553 ) ;
#463 = EDGE_CURVE ( 'NONE', #8972, #4985, #2033, .T. ) ;
#464 = EDGE_CURVE ( 'NONE', #9841, #495, #8293, .T. ) ;
#465 = CARTESIAN_POINT ( 'NONE',  ( -8.138515650602528240, 20.17850279711449346, -54.20696927523579944 ) ) ;
#466 = CIRCLE ( 'NONE', #8855, 2.750000000000002665 ) ;
#467 = ORIENTED_EDGE ( 'NONE', *, *, #6615, .T. ) ;
#468 = DIRECTION ( 'NONE',  ( -1.000000000000000000, 0.000000000000000000, 0.000000000000000000 ) ) ;
#469 = ORIENTED_EDGE ( 'NONE', *, *, #84, .F. ) ;
#470 = EDGE_LOOP ( 'NONE', ( #6413, #7883, #1341, #9606 ) ) ;
#471 = CARTESIAN_POINT ( 'NONE',  ( 23.73875537543215586, 24.21996113745237977, 22.91770519886529200 ) ) ;
#472 = CARTESIAN_POINT ( 'NONE',  ( 41.59477099867147132, 9.487847544181342130, 21.99999800000000150 ) ) ;
#473 = PLANE ( 'NONE',  #8047 ) ;
#474 = AXIS2_PLACEMENT_3D ( 'NONE', #7819, #5547, #2353 ) ;
#475 = EDGE_CURVE ( 'NONE', #8830, #2134, #3503, .T. ) ;
#476 = DIRECTION ( 'NONE',  ( 0.000000000000000000, 0.000000000000000000, 1.000000000000000000 ) ) ;
#477 = CARTESIAN_POINT ( 'NONE',  ( 37.69477099867147274, 9.487847544181342130, 21.99999800000000150 ) ) ;
#478 = AXIS2_PLACEMENT_3D ( 'NONE', #7482, #8068, #9847 ) ;
#479 = DIRECTION ( 'NONE',  ( -1.000000000000000000, 0.000000000000000000, -0.000000000000000000 ) ) ;
#480 = ORIENTED_EDGE ( 'NONE', *, *, #5527, .F. ) ;
#481 = ORIENTED_EDGE ( 'NONE', *, *, #577, .T. ) ;
#482 = FACE_OUTER_BOUND ( 'NONE', #4852, .T. ) ;
#483 = EDGE_LOOP ( 'NONE', ( #949, #3381, #4184, #4721 ) ) ;
#484 = CARTESIAN_POINT ( 'NONE',  ( 37.89477099867146137, -1.512152455818661423, 23.19999800000000079 ) ) ;
#485 = CARTESIAN_POINT ( 'NONE',  ( 8.630438470952455532, -3.563214443583345492, 22.99999800000001215 ) ) ;
#486 = ORIENTED_EDGE ( 'NONE', *, *, #213, .F. ) ;
#487 = AXIS2_PLACEMENT_3D ( 'NONE', #3888, #8823, #10302 ) ;
#488 = CARTESIAN_POINT ( 'NONE',  ( 32.49477099867146279, 9.487847544181342130, 23.19999800000000079 ) ) ;
#489 = EDGE_CURVE ( 'NONE', #559, #719, #6961, .T. ) ;
#490 = CARTESIAN_POINT ( 'NONE',  ( 40.20749282690608339, -8.733150561326638694, 19.20359732000000008 ) ) ;
#491 = EDGE_CURVE ( 'NONE', #3732, #9841, #9642, .T. ) ;
#492 = CARTESIAN_POINT ( 'NONE',  ( -8.315652556777731519, 20.57523566895762102, -54.17926239470015304 ) ) ;
#493 = AXIS2_PLACEMENT_3D ( 'NONE', #10066, #6275, #7867 ) ;
#494 = DIRECTION ( 'NONE',  ( 1.000000000000000000, 0.000000000000000000, -0.000000000000000000 ) ) ;
#495 = VERTEX_POINT ( 'NONE', #3922 ) ;
#496 = CARTESIAN_POINT ( 'NONE',  ( 23.78335234211699145, -27.24589072953863678, 22.90270505325020167 ) ) ;
#497 = CARTESIAN_POINT ( 'NONE',  ( 6.299298655982339845, 16.66208562381279279, 23.19999800000000079 ) ) ;
#498 = CARTESIAN_POINT ( 'NONE',  ( -2.603502389637095238, 14.86043672717377540, -54.39964717559771401 ) ) ;
#499 = CARTESIAN_POINT ( 'NONE',  ( 23.71191732160860610, -27.24341487146682894, 22.92566712803429851 ) ) ;
#500 = VERTEX_POINT ( 'NONE', #2351 ) ;
#501 = PLANE ( 'NONE',  #8689 ) ;
#502 = CARTESIAN_POINT ( 'NONE',  ( -2.934094724924095843, 14.96817197811181543, -54.25041577998818099 ) ) ;
#503 = CIRCLE ( 'NONE', #3002, 27.49999999999999645 ) ;
#504 = ADVANCED_FACE ( 'NONE', ( #5545 ), #7817, .F. ) ;
#505 = ORIENTED_EDGE ( 'NONE', *, *, #4352, .T. ) ;
#506 = CARTESIAN_POINT ( 'NONE',  ( -8.457001071010116888, 20.39209447807045805, -51.59041577998819861 ) ) ;
#507 = CARTESIAN_POINT ( 'NONE',  ( -8.387643474335707339, 20.34653237005870352, -51.28892162155958090 ) ) ;
#508 = EDGE_CURVE ( 'NONE', #6772, #3954, #6339, .T. ) ;
#509 = DIRECTION ( 'NONE',  ( 0.000000000000000000, 0.000000000000000000, 1.000000000000000000 ) ) ;
#510 = PLANE ( 'NONE',  #6923 ) ;
#511 = DIRECTION ( 'NONE',  ( -0.000000000000000000, -0.000000000000000000, -1.000000000000000000 ) ) ;
#512 = CARTESIAN_POINT ( 'NONE',  ( -2.697847553024033562, 14.61660185232657483, -51.15806163082972802 ) ) ;
#513 = FILL_AREA_STYLE_COLOUR ( '', #1481 ) ;
#514 = ORIENTED_EDGE ( 'NONE', *, *, #8374, .T. ) ;
#515 = CARTESIAN_POINT ( 'NONE',  ( 6.030438470952719676, 6.006785556416287974, 31.63375372154084175 ) ) ;
#516 = ORIENTED_EDGE ( 'NONE', *, *, #7186, .F. ) ;
#517 = ADVANCED_FACE ( 'NONE', ( #2138 ), #5340, .F. ) ;
#518 = EDGE_CURVE ( 'NONE', #7480, #6720, #7763, .T. ) ;
#519 = VERTEX_POINT ( 'NONE', #1456 ) ;
#520 = DIRECTION ( 'NONE',  ( -0.000000000000000000, 1.000000000000000000, 0.000000000000000000 ) ) ;
#521 = CARTESIAN_POINT ( 'NONE',  ( -2.640520379032375686, 14.52811692187411552, -53.95146544527371901 ) ) ;
#522 = DIRECTION ( 'NONE',  ( -1.000000000000000000, 3.973863315599725925E-16, 0.000000000000000000 ) ) ;
#523 = PLANE ( 'NONE',  #4555 ) ;
#524 = DIRECTION ( 'NONE',  ( 0.000000000000000000, 0.000000000000000000, -1.000000000000000000 ) ) ;
#525 = VECTOR ( 'NONE', #8222, 1000.000000000000000 ) ;
#526 = ORIENTED_EDGE ( 'NONE', *, *, #9021, .T. ) ;
#527 = DIRECTION ( 'NONE',  ( -1.000000000000000000, 0.000000000000000000, 0.000000000000000000 ) ) ;
#528 = ORIENTED_EDGE ( 'NONE', *, *, #7830, .F. ) ;
#529 = EDGE_CURVE ( 'NONE', #6322, #1033, #763, .T. ) ;
#530 = VERTEX_POINT ( 'NONE', #3189 ) ;
#531 = CARTESIAN_POINT ( 'NONE',  ( -0.1265725099096649819, 17.74136868473338779, -54.25041577998818099 ) ) ;
#532 = VERTEX_POINT ( 'NONE', #6181 ) ;
#533 = DIRECTION ( 'NONE',  ( -0.000000000000000000, -0.000000000000000000, -1.000000000000000000 ) ) ;
#534 = CARTESIAN_POINT ( 'NONE',  ( -8.407309529879563925, 20.64344040258853852, -51.17075809239270967 ) ) ;
#535 = ORIENTED_EDGE ( 'NONE', *, *, #2272, .F. ) ;
#536 = VECTOR ( 'NONE', #3990, 999.9999999999998863 ) ;
#537 = CARTESIAN_POINT ( 'NONE',  ( 43.09477099867147132, 9.487847544181342130, 21.99999800000000150 ) ) ;
#538 = CARTESIAN_POINT ( 'NONE',  ( -2.292613226071087862, 14.43233502373187882, -138.7821617105083760 ) ) ;
#539 = CARTESIAN_POINT ( 'NONE',  ( -8.450347502796811128, 20.38774669785562565, -53.74863831179152385 ) ) ;
#540 = AXIS2_PLACEMENT_3D ( 'NONE', #8299, #4293, #4977 ) ;
#541 = ORIENTED_EDGE ( 'NONE', *, *, #1755, .T. ) ;
#542 = CARTESIAN_POINT ( 'NONE',  ( 32.20649282690607862, 6.065850720411354757, 19.20359732000000008 ) ) ;
#543 = DIRECTION ( 'NONE',  ( 1.462890879734001726E-19, 1.610801296603465303E-20, -1.000000000000000000 ) ) ;
#544 = ORIENTED_EDGE ( 'NONE', *, *, #2769, .T. ) ;
#545 = CARTESIAN_POINT ( 'NONE',  ( 23.26243565143700209, -27.13936348112025598, 23.23412543496207050 ) ) ;
#546 = DIRECTION ( 'NONE',  ( 0.000000000000000000, 0.000000000000000000, -1.000000000000000000 ) ) ;
#547 = CARTESIAN_POINT ( 'NONE',  ( 11.05349142309807675, -1.563214443583704316, 21.40359731999999937 ) ) ;
#548 = CARTESIAN_POINT ( 'NONE',  ( -26.21849011171107335, 21.53784716418134693, -40.80041777998818020 ) ) ;
#549 = ORIENTED_EDGE ( 'NONE', *, *, #2253, .T. ) ;
#550 = AXIS2_PLACEMENT_3D ( 'NONE', #1858, #1182, #1960 ) ;
#551 = FACE_OUTER_BOUND ( 'NONE', #1743, .T. ) ;
#552 = DIRECTION ( 'NONE',  ( 0.000000000000000000, 0.000000000000000000, 1.000000000000000000 ) ) ;
#553 = AXIS2_PLACEMENT_3D ( 'NONE', #4196, #6607, #9034 ) ;
#554 = EDGE_LOOP ( 'NONE', ( #8701, #56, #4454, #4838 ) ) ;
#555 = LINE ( 'NONE', #5390, #5446 ) ;
#556 = DIRECTION ( 'NONE',  ( -1.462890879734001726E-19, 0.000000000000000000, 1.000000000000000000 ) ) ;
#557 = CARTESIAN_POINT ( 'NONE',  ( -7.099892953377993088, 17.49046257629497347, -40.80041777998818020 ) ) ;
#558 = FACE_OUTER_BOUND ( 'NONE', #877, .T. ) ;
#559 = VERTEX_POINT ( 'NONE', #3087 ) ;
#560 = DIRECTION ( 'NONE',  ( 1.000000000000000000, 0.000000000000000000, 0.000000000000000000 ) ) ;
#561 = CARTESIAN_POINT ( 'NONE',  ( -2.925972776864449454, 14.95643059119337792, -50.99041577998818298 ) ) ;
#562 = ADVANCED_FACE ( 'NONE', ( #2297 ), #8552, .F. ) ;
#563 = CARTESIAN_POINT ( 'NONE',  ( 0.000000000000000000, 0.000000000000000000, 0.000000000000000000 ) ) ;
#564 = ORIENTED_EDGE ( 'NONE', *, *, #751, .F. ) ;
#566 = DIRECTION ( 'NONE',  ( 0.000000000000000000, 0.000000000000000000, -1.000000000000000000 ) ) ;
#565 = CIRCLE ( 'NONE', #6420, 0.7500000000000006661 ) ;
#567 = DIRECTION ( 'NONE',  ( 1.000000000000000000, 0.000000000000000000, 0.000000000000000000 ) ) ;
#568 = VERTEX_POINT ( 'NONE', #9393 ) ;
#569 = CARTESIAN_POINT ( 'NONE',  ( 23.77103703771853560, 24.22114488066740634, 22.90678316798508618 ) ) ;
#570 = CARTESIAN_POINT ( 'NONE',  ( 50.44849011171106667, -1.512152455818654095, 96.03199646221435160 ) ) ;
#571 = EDGE_CURVE ( 'NONE', #9667, #738, #555, .T. ) ;
#572 = CARTESIAN_POINT ( 'NONE',  ( 39.64477099867147558, -12.51215245581865609, 22.99999800000001215 ) ) ;
#573 = VECTOR ( 'NONE', #9494, 1000.000000000000000 ) ;
#574 = DIRECTION ( 'NONE',  ( -0.000000000000000000, 1.000000000000000000, 0.000000000000000000 ) ) ;
#575 = EDGE_CURVE ( 'NONE', #8972, #2013, #2597, .T. ) ;
#576 = LINE ( 'NONE', #3779, #8354 ) ;
#577 = EDGE_CURVE ( 'NONE', #7184, #1653, #9445, .T. ) ;
#578 = ORIENTED_EDGE ( 'NONE', *, *, #6480, .F. ) ;
#579 = FACE_OUTER_BOUND ( 'NONE', #279, .T. ) ;
#580 = EDGE_LOOP ( 'NONE', ( #1085, #581, #1049, #1365 ) ) ;
#581 = ORIENTED_EDGE ( 'NONE', *, *, #827, .T. ) ;
#582 = CARTESIAN_POINT ( 'NONE',  ( 19.01847150889784643, -6.067398810601707382, 11.22457852691048430 ) ) ;
#583 = ORIENTED_EDGE ( 'NONE', *, *, #4544, .T. ) ;
#584 = DIRECTION ( 'NONE',  ( -0.000000000000000000, -0.000000000000000000, -1.000000000000000000 ) ) ;
#585 = CARTESIAN_POINT ( 'NONE',  ( 7.030438470952714347, -1.763214443583704938, 21.40359731999999937 ) ) ;
#586 = ORIENTED_EDGE ( 'NONE', *, *, #7935, .F. ) ;
#587 = DIRECTION ( 'NONE',  ( 1.000000000000000000, 0.000000000000000000, 0.000000000000000000 ) ) ;
#588 = EDGE_CURVE ( 'NONE', #7986, #788, #7024, .T. ) ;
#589 = CARTESIAN_POINT ( 'NONE',  ( 10.21634258731288192, 19.77939288691226594, 21.96359842000000739 ) ) ;
#590 = EDGE_CURVE ( 'NONE', #10289, #519, #919, .T. ) ;
#591 = AXIS2_PLACEMENT_3D ( 'NONE', #4058, #316, #7262 ) ;
#592 = FACE_OUTER_BOUND ( 'NONE', #9156, .T. ) ;
#593 = EDGE_LOOP ( 'NONE', ( #9103, #8237 ) ) ;
#594 = PLANE ( 'NONE',  #10029 ) ;
#595 = CARTESIAN_POINT ( 'NONE',  ( 35.19477099867146563, -1.512152455818657204, 23.19999800000000079 ) ) ;
#596 = ORIENTED_EDGE ( 'NONE', *, *, #256, .F. ) ;
#597 = CARTESIAN_POINT ( 'NONE',  ( 50.40274923216528435, 0.5708896981429668616, 3.496201133462653043 ) ) ;
#598 = CARTESIAN_POINT ( 'NONE',  ( 31.33349227759007505, -14.01615056132663995, 19.20359732000000008 ) ) ;
#599 = DIRECTION ( 'NONE',  ( 0.000000000000000000, 0.000000000000000000, -1.000000000000000000 ) ) ;
#600 = CARTESIAN_POINT ( 'NONE',  ( 24.69849011171107378, -24.56215207581864135, 21.59999799999998160 ) ) ;
#601 = VERTEX_POINT ( 'NONE', #2246 ) ;
#602 = CARTESIAN_POINT ( 'NONE',  ( -0.9246057082889275192, 12.22185072041135889, 19.20359732000000008 ) ) ;
#603 = CARTESIAN_POINT ( 'NONE',  ( -7.997507478923504110, 20.33670803713732056, -54.45041030709698759 ) ) ;
#604 = VECTOR ( 'NONE', #9221, 1000.000000000000000 ) ;
#605 = ORIENTED_EDGE ( 'NONE', *, *, #1823, .T. ) ;
#606 = AXIS2_PLACEMENT_3D ( 'NONE', #4265, #4946, #112 ) ;
#607 = LINE ( 'NONE', #817, #825 ) ;
#608 = DIRECTION ( 'NONE',  ( -0.000000000000000000, -0.000000000000000000, 1.000000000000000000 ) ) ;
#609 = CARTESIAN_POINT ( 'NONE',  ( 24.69849011171107378, -1.512152455818657204, 23.19999800000000079 ) ) ;
#610 = DIRECTION ( 'NONE',  ( 0.000000000000000000, 0.000000000000000000, 1.000000000000000000 ) ) ;
#611 = DIRECTION ( 'NONE',  ( -1.000000000000000000, 0.000000000000000000, 0.000000000000000000 ) ) ;
#612 = ORIENTED_EDGE ( 'NONE', *, *, #9954, .F. ) ;
#613 = VECTOR ( 'NONE', #6060, 1000.000000000000000 ) ;
#614 = CARTESIAN_POINT ( 'NONE',  ( 9.129233762251150353, 7.426722893499331235, 21.40359731999999937 ) ) ;
#615 = VECTOR ( 'NONE', #8940, 1000.000000000000000 ) ;
#616 = AXIS2_PLACEMENT_3D ( 'NONE', #9981, #2783, #1101 ) ;
#617 = FILL_AREA_STYLE ('',( #3617 ) ) ;
#618 = CIRCLE ( 'NONE', #1296, 25.89999999999999147 ) ;
#619 = ORIENTED_EDGE ( 'NONE', *, *, #7545, .F. ) ;
#620 = ADVANCED_FACE ( 'NONE', ( #8656 ), #715, .F. ) ;
#621 = DIRECTION ( 'NONE',  ( 1.000000000000000000, 0.000000000000000000, 0.000000000000000000 ) ) ;
#622 = DIRECTION ( 'NONE',  ( 0.7027442638224206117, -0.7114425483935327144, 0.000000000000000000 ) ) ;
#623 = CIRCLE ( 'NONE', #7168, 24.09999999999935838 ) ;
#624 = ORIENTED_EDGE ( 'NONE', *, *, #9395, .T. ) ;
#625 = CARTESIAN_POINT ( 'NONE',  ( 23.86835917539457697, 24.22448382238757247, 22.87578589558367526 ) ) ;
#626 = CIRCLE ( 'NONE', #2635, 0.6500000000000116795 ) ;
#627 = DIRECTION ( 'NONE',  ( 0.000000000000000000, 0.000000000000000000, -1.000000000000000000 ) ) ;
#628 = LINE ( 'NONE', #8569, #2838 ) ;
#629 = PRODUCT_DEFINITION ( '未知', '', #1658, #3966 ) ;
#630 = CARTESIAN_POINT ( 'NONE',  ( 20.86549410864508403, 1.426849255568359842, 19.20359732000000008 ) ) ;
#631 = B_SPLINE_CURVE_WITH_KNOTS ( 'NONE', 3,
 ( #3157, #5557, #3835, #7892 ),
 .UNSPECIFIED., .F., .F.,
 ( 4, 4 ),
 ( 0.000000000000000000, 1.000000000000000000 ),
 .UNSPECIFIED. ) ;
#632 = CARTESIAN_POINT ( 'NONE',  ( 45.04477099867147416, -12.51215245581865609, 23.19999800000000079 ) ) ;
#633 = ORIENTED_EDGE ( 'NONE', *, *, #2956, .T. ) ;
#634 = DIRECTION ( 'NONE',  ( 0.000000000000000000, 0.000000000000000000, -1.000000000000000000 ) ) ;
#635 = EDGE_LOOP ( 'NONE', ( #8360, #4688, #3241, #2796 ) ) ;
#636 = VERTEX_POINT ( 'NONE', #668 ) ;
#637 = CARTESIAN_POINT ( 'NONE',  ( -40.99730114935989178, -17.81096349346809049, -40.80041777998818020 ) ) ;
#638 = ORIENTED_EDGE ( 'NONE', *, *, #8106, .F. ) ;
#639 = DIRECTION ( 'NONE',  ( 1.000000000000000000, 0.000000000000000000, -0.000000000000000000 ) ) ;
#640 = EDGE_CURVE ( 'NONE', #9105, #7452, #3875, .T. ) ;
#641 = VECTOR ( 'NONE', #2220, 1000.000000000000000 ) ;
#642 = LINE ( 'NONE', #2110, #390 ) ;
#643 = VERTEX_POINT ( 'NONE', #7227 ) ;
#644 = ADVANCED_FACE ( 'NONE', ( #8968 ), #2090, .F. ) ;
#645 = DIRECTION ( 'NONE',  ( -0.000000000000000000, -0.000000000000000000, 1.000000000000000000 ) ) ;
#646 = VECTOR ( 'NONE', #4437, 1000.000000000000000 ) ;
#647 = CARTESIAN_POINT ( 'NONE',  ( 23.54074733009847264, -27.20759183283337990, 23.02849659492585843 ) ) ;
#648 = FACE_OUTER_BOUND ( 'NONE', #2898, .T. ) ;
#649 = ORIENTED_EDGE ( 'NONE', *, *, #795, .F. ) ;
#650 = LINE ( 'NONE', #1499, #2144 ) ;
#651 = DIRECTION ( 'NONE',  ( -0.000000000000000000, -0.000000000000000000, -1.000000000000000000 ) ) ;
#652 = ORIENTED_EDGE ( 'NONE', *, *, #3872, .T. ) ;
#653 = CARTESIAN_POINT ( 'NONE',  ( 24.17904230212553429, -27.16527240963801759, 22.89567654730976898 ) ) ;
#654 = CONICAL_SURFACE ( 'NONE', #9891, 27.29999999999997939, 0.7853981633974136400 ) ;
#655 = DIRECTION ( 'NONE',  ( -1.000000000000000000, 0.000000000000000000, 0.000000000000000000 ) ) ;
#656 = VECTOR ( 'NONE', #3912, 1000.000000000000000 ) ;
#657 = EDGE_CURVE ( 'NONE', #7360, #3529, #9596, .T. ) ;
#658 = DIRECTION ( 'NONE',  ( -1.000000000000000000, 0.000000000000000000, 0.000000000000000000 ) ) ;
#659 = CARTESIAN_POINT ( 'NONE',  ( -24.69849011171107378, -1.512152455818657204, -31.40041777998817096 ) ) ;
#660 = ORIENTED_EDGE ( 'NONE', *, *, #6915, .F. ) ;
#661 = CARTESIAN_POINT ( 'NONE',  ( 11.43043847095200505, 7.323764546165906886, 31.63375372154084175 ) ) ;
#662 = DIRECTION ( 'NONE',  ( 0.000000000000000000, 0.000000000000000000, 1.000000000000000000 ) ) ;
#663 = AXIS2_PLACEMENT_3D ( 'NONE', #3456, #4350, #6656 ) ;
#664 = ADVANCED_FACE ( 'NONE', ( #3237 ), #4961, .F. ) ;
#665 = EDGE_CURVE ( 'NONE', #5954, #7814, #3762, .T. ) ;
#666 = ORIENTED_EDGE ( 'NONE', *, *, #2200, .F. ) ;
#667 = DIRECTION ( 'NONE',  ( -0.000000000000000000, -0.000000000000000000, -1.000000000000000000 ) ) ;
#668 = CARTESIAN_POINT ( 'NONE',  ( 36.98149282690607720, 11.22185072041135001, 19.20359732000000008 ) ) ;
#669 = PLANE ( 'NONE',  #4354 ) ;
#670 = EDGE_CURVE ( 'NONE', #8534, #643, #6449, .T. ) ;
#671 = CARTESIAN_POINT ( 'NONE',  ( 25.81716233851467024, -27.15139527456193846, 23.08636224920362778 ) ) ;
#672 = DIRECTION ( 'NONE',  ( 0.7071067811865414665, 0.000000000000000000, -0.7071067811865536790 ) ) ;
#673 = EDGE_LOOP ( 'NONE', ( #9327, #8556, #420, #8779, #7749, #1011, #6858, #5253 ) ) ;
#674 = VECTOR ( 'NONE', #2761, 1000.000000000000000 ) ;
#675 = PRODUCT_CONTEXT ( 'NONE', #364, 'mechanical' ) ;
#676 = AXIS2_PLACEMENT_3D ( 'NONE', #5940, #373, #5836 ) ;
#677 = EDGE_LOOP ( 'NONE', ( #9174, #7423, #703, #2204 ) ) ;
#678 = CARTESIAN_POINT ( 'NONE',  ( -3.683785251877332634, 14.22764736562128896, -50.99041577998818298 ) ) ;
#679 = DIRECTION ( 'NONE',  ( 1.000000000000000000, 0.000000000000000000, 0.000000000000000000 ) ) ;
#680 = EDGE_LOOP ( 'NONE', ( #863, #4234, #6688, #480 ) ) ;
#681 = CARTESIAN_POINT ( 'NONE',  ( 23.86789942778961660, 24.13513733746478707, 22.97908522086440897 ) ) ;
#682 = DIRECTION ( 'NONE',  ( 0.000000000000000000, -1.000000000000000000, 0.000000000000000000 ) ) ;
#683 = DIRECTION ( 'NONE',  ( 0.000000000000000000, 0.000000000000000000, -1.000000000000000000 ) ) ;
#684 = LINE ( 'NONE', #8881, #200 ) ;
#685 = DIRECTION ( 'NONE',  ( 1.000000000000000000, 0.000000000000000000, 0.000000000000000000 ) ) ;
#686 = VERTEX_POINT ( 'NONE', #8807 ) ;
#687 = CARTESIAN_POINT ( 'NONE',  ( 24.69849011171107378, -1.512152455818657204, 23.19999800000000079 ) ) ;
#688 = EDGE_LOOP ( 'NONE', ( #4558, #6070 ) ) ;
#689 = VERTEX_POINT ( 'NONE', #9805 ) ;
#690 = DIRECTION ( 'NONE',  ( 1.000000000000000000, 0.000000000000000000, 0.000000000000000000 ) ) ;
#691 = ORIENTED_EDGE ( 'NONE', *, *, #657, .F. ) ;
#692 = CARTESIAN_POINT ( 'NONE',  ( -27.86568728706310694, 22.37882621924635629, -40.80041777998818020 ) ) ;
#693 = FACE_OUTER_BOUND ( 'NONE', #2221, .T. ) ;
#694 = VERTEX_POINT ( 'NONE', #29 ) ;
#695 = CARTESIAN_POINT ( 'NONE',  ( 46.81536758192432046, -0.07904711514945261808, 8.999997999999999720 ) ) ;
#696 = VECTOR ( 'NONE', #4118, 999.9999999999998863 ) ;
#697 = FACE_OUTER_BOUND ( 'NONE', #10187, .T. ) ;
#698 = ADVANCED_FACE ( 'NONE', ( #1767 ), #2442, .F. ) ;
#699 = LINE ( 'NONE', #5374, #10357 ) ;
#700 = ORIENTED_EDGE ( 'NONE', *, *, #9901, .T. ) ;
#701 = DIRECTION ( 'NONE',  ( -1.761289571444875539E-05, -0.9999999998448929617, 0.000000000000000000 ) ) ;
#702 = CARTESIAN_POINT ( 'NONE',  ( -20.89227580077033508, -24.56215207581315951, -40.80041777998818020 ) ) ;
#703 = ORIENTED_EDGE ( 'NONE', *, *, #6106, .T. ) ;
#704 = DIRECTION ( 'NONE',  ( 0.000000000000000000, 0.000000000000000000, -1.000000000000000000 ) ) ;
#705 = AXIS2_PLACEMENT_3D ( 'NONE', #1319, #574, #6782 ) ;
#706 = CARTESIAN_POINT ( 'NONE',  ( -1.005769008743148785, 0.5708896981427787898, 3.496201133462653043 ) ) ;
#707 = DIRECTION ( 'NONE',  ( 1.000000000000000000, 6.672013402284749539E-16, 0.000000000000000000 ) ) ;
#708 = ORIENTED_EDGE ( 'NONE', *, *, #1678, .T. ) ;
#709 = CARTESIAN_POINT ( 'NONE',  ( 39.64477099867147558, -12.51215245581865609, 21.99999800000000150 ) ) ;
#710 = FACE_OUTER_BOUND ( 'NONE', #6701, .T. ) ;
#711 = VECTOR ( 'NONE', #360, 1000.000000000000000 ) ;
#712 = EDGE_CURVE ( 'NONE', #519, #2882, #9979, .T. ) ;
#713 = ORIENTED_EDGE ( 'NONE', *, *, #9590, .F. ) ;
#714 = CARTESIAN_POINT ( 'NONE',  ( -28.29686764313900227, 2.130764338857807694, -56.00041577998817388 ) ) ;
#715 = CYLINDRICAL_SURFACE ( 'NONE', #6945, 25.89999999999999503 ) ;
#716 = DIRECTION ( 'NONE',  ( 0.000000000000000000, 0.000000000000000000, 1.000000000000000000 ) ) ;
#717 = FACE_OUTER_BOUND ( 'NONE', #4049, .T. ) ;
#718 = DIRECTION ( 'NONE',  ( 1.000000000000000000, 0.000000000000000000, 0.000000000000000000 ) ) ;
#719 = VERTEX_POINT ( 'NONE', #76 ) ;
#720 = AXIS2_PLACEMENT_3D ( 'NONE', #5343, #10338, #1358 ) ;
#721 = EDGE_CURVE ( 'NONE', #3107, #7478, #7800, .T. ) ;
#722 = DIRECTION ( 'NONE',  ( 1.000000000000000000, 0.000000000000000000, 0.000000000000000000 ) ) ;
#723 = EDGE_CURVE ( 'NONE', #2391, #6366, #7389, .T. ) ;
#724 = ORIENTED_EDGE ( 'NONE', *, *, #7772, .T. ) ;
#725 = DIRECTION ( 'NONE',  ( 0.000000000000000000, 0.000000000000000000, 1.000000000000000000 ) ) ;
#726 = CARTESIAN_POINT ( 'NONE',  ( 14.85349142309807391, -1.524148547166637835, 21.40359731999999937 ) ) ;
#727 = ORIENTED_EDGE ( 'NONE', *, *, #9576, .T. ) ;
#728 = CARTESIAN_POINT ( 'NONE',  ( 25.43883704962052761, 24.13711309468099842, 22.95139999792245078 ) ) ;
#729 = DIRECTION ( 'NONE',  ( 0.000000000000000000, 0.000000000000000000, 1.000000000000000000 ) ) ;
#730 = VECTOR ( 'NONE', #1028, 1000.000000000000000 ) ;
#731 = FACE_OUTER_BOUND ( 'NONE', #6574, .T. ) ;
#732 = DIRECTION ( 'NONE',  ( 1.000000000000000000, 2.555573771327072837E-16, -0.000000000000000000 ) ) ;
#733 = CARTESIAN_POINT ( 'NONE',  ( 31.33349227759007505, -14.01615056132663995, 18.40359731999999937 ) ) ;
#734 = CIRCLE ( 'NONE', #2412, 0.9999999999999991118 ) ;
#735 = ORIENTED_EDGE ( 'NONE', *, *, #6498, .F. ) ;
#736 = CARTESIAN_POINT ( 'NONE',  ( 9.630438470952407570, 0.8867855564166541305, 21.40359731999999937 ) ) ;
#737 = VERTEX_POINT ( 'NONE', #5643 ) ;
#738 = VERTEX_POINT ( 'NONE', #9701 ) ;
#739 = ORIENTED_EDGE ( 'NONE', *, *, #5959, .T. ) ;
#740 = CYLINDRICAL_SURFACE ( 'NONE', #3033, 0.2000000000000005107 ) ;
#741 = CARTESIAN_POINT ( 'NONE',  ( 26.21849011171107335, -24.56215207581864135, 21.59999799999998160 ) ) ;
#742 = EDGE_LOOP ( 'NONE', ( #1852, #929, #9935, #3211, #1774 ) ) ;
#743 = CIRCLE ( 'NONE', #6445, 1.000000000000000888 ) ;
#744 = CARTESIAN_POINT ( 'NONE',  ( -2.739932489298973817, 14.68074868284280221, -51.09659147603115770 ) ) ;
#745 = CARTESIAN_POINT ( 'NONE',  ( 18.02849441382007356, 2.675851452833362565, 21.40359731999999937 ) ) ;
#746 = AXIS2_PLACEMENT_3D ( 'NONE', #3819, #10238, #3037 ) ;
#747 = CARTESIAN_POINT ( 'NONE',  ( 36.19477099867147274, 9.487847544181342130, 22.99999800000001215 ) ) ;
#748 = ORIENTED_EDGE ( 'NONE', *, *, #9370, .T. ) ;
#749 = FACE_OUTER_BOUND ( 'NONE', #189, .T. ) ;
#750 = DIRECTION ( 'NONE',  ( 0.7071067811865414665, 0.000000000000000000, -0.7071067811865536790 ) ) ;
#751 = EDGE_CURVE ( 'NONE', #689, #4237, #8177, .T. ) ;
#752 = ORIENTED_EDGE ( 'NONE', *, *, #1546, .F. ) ;
#753 = CARTESIAN_POINT ( 'NONE',  ( 24.69849011171107378, -1.512152455818657204, 23.19999800000000079 ) ) ;
#754 = LINE ( 'NONE', #8594, #2330 ) ;
#755 = CARTESIAN_POINT ( 'NONE',  ( -28.50470442265394766, 21.53784716418013545, -40.80041777998818020 ) ) ;
#756 = ORIENTED_EDGE ( 'NONE', *, *, #5290, .T. ) ;
#757 = CYLINDRICAL_SURFACE ( 'NONE', #6826, 1.000000000000000888 ) ;
#758 = EDGE_CURVE ( 'NONE', #6472, #4934, #1712, .T. ) ;
#759 = CIRCLE ( 'NONE', #6797, 1.520000000000000462 ) ;
#760 = PLANE ( 'NONE',  #7753 ) ;
#761 = CARTESIAN_POINT ( 'NONE',  ( 1.931661972262772586, -2.879058568955646269, 8.999997999999999720 ) ) ;
#762 = DIRECTION ( 'NONE',  ( -1.000000000000000000, -1.355252715607189184E-16, 0.000000000000000000 ) ) ;
#763 = LINE ( 'NONE', #10388, #573 ) ;
#764 = CARTESIAN_POINT ( 'NONE',  ( -8.378905883939360422, 20.34075531645903823, -51.27193438631573486 ) ) ;
#765 = PLANE ( 'NONE',  #474 ) ;
#766 = CARTESIAN_POINT ( 'NONE',  ( 32.33349227759008215, -8.733150561326638694, 19.20359732000000008 ) ) ;
#767 = VERTEX_POINT ( 'NONE', #8858 ) ;
#768 = EDGE_CURVE ( 'NONE', #9258, #1114, #2499, .T. ) ;
#769 = ADVANCED_FACE ( 'NONE', ( #4806 ), #7002, .T. ) ;
#770 = APPLICATION_PROTOCOL_DEFINITION ( 'draft international standard', 'automotive_design', 1998, #5590 ) ;
#771 = VECTOR ( 'NONE', #9208, 1000.000000000000000 ) ;
#772 = AXIS2_PLACEMENT_3D ( 'NONE', #7272, #10385, #1709 ) ;
#773 = VERTEX_POINT ( 'NONE', #2913 ) ;
#774 = DIRECTION ( 'NONE',  ( -1.000000000000000000, 0.000000000000000000, 0.000000000000000000 ) ) ;
#775 = FACE_OUTER_BOUND ( 'NONE', #10397, .T. ) ;
#776 = ORIENTED_EDGE ( 'NONE', *, *, #8559, .T. ) ;
#777 = CARTESIAN_POINT ( 'NONE',  ( 23.20333513215989640, 24.11234940605783095, 23.26533686978985216 ) ) ;
#778 = LINE ( 'NONE', #3887, #1462 ) ;
#779 = DIRECTION ( 'NONE',  ( 1.000000000000000000, 0.000000000000000000, 0.000000000000000000 ) ) ;
#780 = EDGE_CURVE ( 'NONE', #2529, #8973, #3025, .T. ) ;
#781 = EDGE_CURVE ( 'NONE', #2417, #7617, #9307, .T. ) ;
#782 = VECTOR ( 'NONE', #3069, 1000.000000000000000 ) ;
#783 = CARTESIAN_POINT ( 'NONE',  ( -39.59033905356793070, -20.46057811846635843, -36.80041777998817309 ) ) ;
#784 = ADVANCED_FACE ( 'NONE', ( #3748 ), #3767, .F. ) ;
#785 = DIRECTION ( 'NONE',  ( 1.000000000000000000, 0.000000000000000000, 0.000000000000000000 ) ) ;
#786 = AXIS2_PLACEMENT_3D ( 'NONE', #884, #4087, #7291 ) ;
#787 = CIRCLE ( 'NONE', #5492, 1.000000000000000888 ) ;
#788 = VERTEX_POINT ( 'NONE', #5379 ) ;
#789 = CARTESIAN_POINT ( 'NONE',  ( 7.030438470952725005, 7.006785556416295080, 21.40359731999999937 ) ) ;
#790 = EDGE_LOOP ( 'NONE', ( #8747, #7923, #1846, #5792 ) ) ;
#791 = VERTEX_POINT ( 'NONE', #8592 ) ;
#792 = AXIS2_PLACEMENT_3D ( 'NONE', #7145, #4778, #785 ) ;
#793 = ORIENTED_EDGE ( 'NONE', *, *, #1947, .T. ) ;
#794 = FACE_BOUND ( 'NONE', #8070, .T. ) ;
#795 = EDGE_CURVE ( 'NONE', #5554, #9841, #7009, .T. ) ;
#796 = VERTEX_POINT ( 'NONE', #9016 ) ;
#797 = VECTOR ( 'NONE', #2586, 1000.000000000000000 ) ;
#798 = VECTOR ( 'NONE', #3733, 1000.000000000000114 ) ;
#799 = FACE_OUTER_BOUND ( 'NONE', #1104, .T. ) ;
#800 = DIRECTION ( 'NONE',  ( 0.000000000000000000, 0.000000000000000000, 1.000000000000000000 ) ) ;
#801 = CYLINDRICAL_SURFACE ( 'NONE', #8185, 27.50000000000000000 ) ;
#802 = ORIENTED_EDGE ( 'NONE', *, *, #71, .F. ) ;
#803 = CIRCLE ( 'NONE', #2147, 1.056214310942053203 ) ;
#804 = CARTESIAN_POINT ( 'NONE',  ( 30.59477099867147842, -12.51215245581865609, 23.19999800000000079 ) ) ;
#805 = CARTESIAN_POINT ( 'NONE',  ( 25.81716235458048558, 24.12709038455214738, 23.08636222845598596 ) ) ;
#806 = ORIENTED_EDGE ( 'NONE', *, *, #9389, .T. ) ;
#807 = PLANE ( 'NONE',  #8557 ) ;
#808 = DIRECTION ( 'NONE',  ( -0.000000000000000000, -0.000000000000000000, 1.000000000000000000 ) ) ;
#809 = FACE_OUTER_BOUND ( 'NONE', #380, .T. ) ;
#810 = ORIENTED_EDGE ( 'NONE', *, *, #406, .F. ) ;
#811 = CIRCLE ( 'NONE', #6679, 1.520000000000000462 ) ;
#812 = DIRECTION ( 'NONE',  ( -0.7071067811865536790, 0.000000000000000000, -0.7071067811865414665 ) ) ;
#813 = CARTESIAN_POINT ( 'NONE',  ( 25.63574520056480210, 24.13249258029326327, 23.01532005519157309 ) ) ;
#814 = ADVANCED_FACE ( 'NONE', ( #2498, #8176 ), #5015, .F. ) ;
#815 = UNCERTAINTY_MEASURE_WITH_UNIT (LENGTH_MEASURE( 1.000000000000000082E-05 ), #8561, 'distance_accuracy_value', 'NONE');
#816 = AXIS2_PLACEMENT_3D ( 'NONE', #1395, #3182, #2389 ) ;
#817 = CARTESIAN_POINT ( 'NONE',  ( 10.23043847095199865, -10.57321444358334794, 31.63375372154084175 ) ) ;
#818 = CARTESIAN_POINT ( 'NONE',  ( -24.69849011171107378, -1.512152455818657204, -40.80041777998818020 ) ) ;
#819 = CARTESIAN_POINT ( 'NONE',  ( -8.103673864120516157, 20.15444931276598339, -51.01880144785208415 ) ) ;
#820 = CARTESIAN_POINT ( 'NONE',  ( 8.630438470952455532, -3.563214443583345492, 22.99999800000001215 ) ) ;
#821 = DIRECTION ( 'NONE',  ( -0.000000000000000000, -0.000000000000000000, 1.000000000000000000 ) ) ;
#822 = ORIENTED_EDGE ( 'NONE', *, *, #899, .F. ) ;
#823 = AXIS2_PLACEMENT_3D ( 'NONE', #4613, #44, #4874 ) ;
#824 = ADVANCED_FACE ( 'NONE', ( #1076 ), #927, .F. ) ;
#825 = VECTOR ( 'NONE', #5440, 1000.000000000000000 ) ;
#826 = DIRECTION ( 'NONE',  ( -1.000000000000000000, 0.000000000000000000, 0.000000000000000000 ) ) ;
#828 = ORIENTED_EDGE ( 'NONE', *, *, #8709, .T. ) ;
#827 = EDGE_CURVE ( 'NONE', #5945, #9050, #8073, .T. ) ;
#829 = ORIENTED_EDGE ( 'NONE', *, *, #2485, .T. ) ;
#830 = CARTESIAN_POINT ( 'NONE',  ( 26.05949410864507598, -2.967150744431629850, 18.40359731999999937 ) ) ;
#831 = FACE_OUTER_BOUND ( 'NONE', #1338, .T. ) ;
#832 = CIRCLE ( 'NONE', #2176, 0.6499999967711298510 ) ;
#833 = VERTEX_POINT ( 'NONE', #9700 ) ;
#834 = CARTESIAN_POINT ( 'NONE',  ( 26.07663630159895618, 24.11753147627196370, 23.20485265083503990 ) ) ;
#835 = CARTESIAN_POINT ( 'NONE',  ( -5.695875079598645030, -19.11074961415304685, -32.80041777998817309 ) ) ;
#836 = LINE ( 'NONE', #3052, #992 ) ;
#837 = EDGE_CURVE ( 'NONE', #2882, #3500, #2605, .T. ) ;
#838 = DIRECTION ( 'NONE',  ( 1.000000000000000000, 0.000000000000000000, 0.000000000000000000 ) ) ;
#839 = VECTOR ( 'NONE', #8739, 1000.000000000000000 ) ;
#840 = DIRECTION ( 'NONE',  ( 0.000000000000000000, 0.000000000000000000, -1.000000000000000000 ) ) ;
#841 = EDGE_CURVE ( 'NONE', #4034, #5209, #7293, .T. ) ;
#842 = EDGE_CURVE ( 'NONE', #5070, #1161, #8281, .T. ) ;
#843 = ADVANCED_FACE ( 'NONE', ( #4179 ), #4857, .F. ) ;
#844 = ORIENTED_EDGE ( 'NONE', *, *, #712, .F. ) ;
#845 = CYLINDRICAL_SURFACE ( 'NONE', #6829, 1.000000000000000888 ) ;
#846 = EDGE_LOOP ( 'NONE', ( #7470, #5499, #9506, #1687 ) ) ;
#847 = ORIENTED_EDGE ( 'NONE', *, *, #7773, .T. ) ;
#848 = VERTEX_POINT ( 'NONE', #3235 ) ;
#849 = DIRECTION ( 'NONE',  ( -1.000000000000000000, 0.000000000000000000, 0.000000000000000000 ) ) ;
#850 = EDGE_CURVE ( 'NONE', #9683, #9145, #759, .T. ) ;
#851 = ORIENTED_EDGE ( 'NONE', *, *, #5219, .T. ) ;
#852 = DIRECTION ( 'NONE',  ( 0.000000000000000000, 0.000000000000000000, -1.000000000000000000 ) ) ;
#853 = DIRECTION ( 'NONE',  ( 1.000000000000000000, 0.000000000000000000, -0.000000000000000000 ) ) ;
#854 = EDGE_CURVE ( 'NONE', #6004, #2662, #2274, .T. ) ;
#855 = EDGE_CURVE ( 'NONE', #1575, #3107, #9316, .T. ) ;
#856 = FACE_OUTER_BOUND ( 'NONE', #9523, .T. ) ;
#857 = VERTEX_POINT ( 'NONE', #7275 ) ;
#858 = DIRECTION ( 'NONE',  ( 0.9999999998448929617, -1.761289571444875539E-05, 0.000000000000000000 ) ) ;
#859 = CARTESIAN_POINT ( 'NONE',  ( 25.68506290175233175, 24.21910995983164128, 22.92566712800915951 ) ) ;
#860 = EDGE_LOOP ( 'NONE', ( #3299, #4639, #10055, #4290 ) ) ;
#861 = DIRECTION ( 'NONE',  ( 0.000000000000000000, 0.000000000000000000, 1.000000000000000000 ) ) ;
#862 = DIRECTION ( 'NONE',  ( -0.7071067811865442421, 0.7071067811865507924, 0.000000000000000000 ) ) ;
#863 = ORIENTED_EDGE ( 'NONE', *, *, #7974, .T. ) ;
#864 = AXIS2_PLACEMENT_3D ( 'NONE', #8909, #10331, #5542 ) ;
#865 = CARTESIAN_POINT ( 'NONE',  ( 19.02849441382007711, -4.967150744431644505, 21.40359731999999937 ) ) ;
#866 = LINE ( 'NONE', #8021, #3965 ) ;
#867 = CARTESIAN_POINT ( 'NONE',  ( 21.66549410864508118, 0.6268492555683571332, 19.20359732000000008 ) ) ;
#868 = CIRCLE ( 'NONE', #3386, 27.49999999999999645 ) ;
#869 = CARTESIAN_POINT ( 'NONE',  ( 36.94477099867147274, -12.51215245581865609, 23.19999800000000079 ) ) ;
#870 = CARTESIAN_POINT ( 'NONE',  ( 27.09477099867146066, -12.51215245581865609, 23.19999800000000079 ) ) ;
#871 = CARTESIAN_POINT ( 'NONE',  ( -8.035278976326210909, 20.36449156699352869, -50.83235751473246467 ) ) ;
#872 = CARTESIAN_POINT ( 'NONE',  ( -2.292613659370308810, 14.43233559697628188, -53.67697192261977790 ) ) ;
#873 = CARTESIAN_POINT ( 'NONE',  ( 8.630438470952407570, 0.8867855564166541305, 8.998998000000000275 ) ) ;
#874 = ORIENTED_EDGE ( 'NONE', *, *, #3860, .T. ) ;
#875 = CIRCLE ( 'NONE', #3550, 1.199999999999992628 ) ;
#876 = ORIENTED_EDGE ( 'NONE', *, *, #7213, .T. ) ;
#877 = EDGE_LOOP ( 'NONE', ( #960, #1801, #8469, #6432 ) ) ;
#878 = DIRECTION ( 'NONE',  ( 1.000000000000000000, 0.000000000000000000, 0.000000000000000000 ) ) ;
#879 = CARTESIAN_POINT ( 'NONE',  ( 7.630438470952452867, -3.563214443583345492, 22.99999800000001215 ) ) ;
#880 = AXIS2_PLACEMENT_3D ( 'NONE', #1834, #1541, #8245 ) ;
#881 = ORIENTED_EDGE ( 'NONE', *, *, #3148, .F. ) ;
#882 = CARTESIAN_POINT ( 'NONE',  ( 25.02672861467018706, 24.14314238343137475, 22.86300335217341839 ) ) ;
#883 = LINE ( 'NONE', #7403, #2065 ) ;
#884 = CARTESIAN_POINT ( 'NONE',  ( 24.69849011171107378, -1.512152455818657204, 22.99999799999999439 ) ) ;
#885 = VECTOR ( 'NONE', #3536, 1000.000000000000000 ) ;
#886 = PRODUCT_DEFINITION ( '未知', '', #4335, #6389 ) ;
#887 = DIRECTION ( 'NONE',  ( -0.000000000000000000, -0.000000000000000000, 1.000000000000000000 ) ) ;
#888 = CARTESIAN_POINT ( 'NONE',  ( 10.23043847095199688, 3.406785556417013527, 18.40359731999999937 ) ) ;
#889 = AXIS2_PLACEMENT_3D ( 'NONE', #3878, #718, #2250 ) ;
#890 = ORIENTED_EDGE ( 'NONE', *, *, #4065, .F. ) ;
#891 = FACE_OUTER_BOUND ( 'NONE', #172, .T. ) ;
#892 = EDGE_LOOP ( 'NONE', ( #9558, #8, #4954, #8936, #9364, #3244, #1238, #6902, #7687, #7636, #9761, #943 ) ) ;
#893 = EDGE_LOOP ( 'NONE', ( #4998, #3568, #318, #10217 ) ) ;
#894 = DIRECTION ( 'NONE',  ( 0.000000000000000000, 0.000000000000000000, -1.000000000000000000 ) ) ;
#895 = ORIENTED_EDGE ( 'NONE', *, *, #1138, .F. ) ;
#896 = CARTESIAN_POINT ( 'NONE',  ( 40.59477099867146421, -12.51215245581865609, 23.19999800000000079 ) ) ;
#897 = ORIENTED_EDGE ( 'NONE', *, *, #4999, .T. ) ;
#898 = ADVANCED_FACE ( 'NONE', ( #9644 ), #5859, .T. ) ;
#899 = EDGE_CURVE ( 'NONE', #10144, #6817, #9803, .T. ) ;
#900 = CARTESIAN_POINT ( 'NONE',  ( -2.922694403819573239, 14.95169125450960124, -50.99041629435873091 ) ) ;
#901 = AXIS2_PLACEMENT_3D ( 'NONE', #3028, #6224, #3866 ) ;
#902 = CARTESIAN_POINT ( 'NONE',  ( 39.20749282690607629, -9.733150561326645800, 19.20359732000000008 ) ) ;
#903 = EDGE_CURVE ( 'NONE', #9881, #4096, #4945, .T. ) ;
#904 = CARTESIAN_POINT ( 'NONE',  ( 24.69849011171107733, -10.57321444358333729, 31.63375372154084175 ) ) ;
#905 = ORIENTED_EDGE ( 'NONE', *, *, #10236, .F. ) ;
#906 = ORIENTED_EDGE ( 'NONE', *, *, #394, .F. ) ;
#907 = DIRECTION ( 'NONE',  ( -0.000000000000000000, -0.000000000000000000, 1.000000000000000000 ) ) ;
#908 = FACE_BOUND ( 'NONE', #5092, .T. ) ;
#909 = CONICAL_SURFACE ( 'NONE', #3433, 2.649999999999992806, 0.7853981633974699283 ) ;
#910 = ORIENTED_EDGE ( 'NONE', *, *, #2447, .F. ) ;
#911 = FACE_OUTER_BOUND ( 'NONE', #7786, .T. ) ;
#912 = FACE_OUTER_BOUND ( 'NONE', #6939, .T. ) ;
#913 = CARTESIAN_POINT ( 'NONE',  ( 35.98149227759006408, -8.733150561326636918, 18.40359731999999937 ) ) ;
#914 = EDGE_LOOP ( 'NONE', ( #7947, #8742, #1941, #4903 ) ) ;
#915 = EDGE_CURVE ( 'NONE', #941, #7128, #4606, .T. ) ;
#916 = ADVANCED_FACE ( 'NONE', ( #1023 ), #4122, .T. ) ;
#917 = LINE ( 'NONE', #8020, #10290 ) ;
#918 = CARTESIAN_POINT ( 'NONE',  ( 36.19477099867147274, 9.487847544181342130, 22.99999800000001215 ) ) ;
#919 = CIRCLE ( 'NONE', #746, 3.000000000000002665 ) ;
#920 = CARTESIAN_POINT ( 'NONE',  ( -8.016710705296819839, 20.09380995616938392, -54.24559766893924007 ) ) ;
#921 = DIRECTION ( 'NONE',  ( 0.000000000000000000, 0.000000000000000000, -1.000000000000000000 ) ) ;
#922 = CARTESIAN_POINT ( 'NONE',  ( -40.99730114935989178, 14.78665858183135562, -32.80041777998817309 ) ) ;
#923 = CARTESIAN_POINT ( 'NONE',  ( -8.420265555542087554, 20.65244630453410224, -51.25830267393487105 ) ) ;
#924 = CARTESIAN_POINT ( 'NONE',  ( -2.911414247212094075, 14.93531663829835132, -54.24944404708293888 ) ) ;
#925 = CARTESIAN_POINT ( 'NONE',  ( -3.262138693583878091, 13.80078183658516799, -53.65041577998817957 ) ) ;
#926 = ORIENTED_EDGE ( 'NONE', *, *, #127, .T. ) ;
#927 = CONICAL_SURFACE ( 'NONE', #8315, 0.7500000000000006661, 0.7853981633974657095 ) ;
#928 = VERTEX_POINT ( 'NONE', #5751 ) ;
#929 = ORIENTED_EDGE ( 'NONE', *, *, #6387, .T. ) ;
#930 = CYLINDRICAL_SURFACE ( 'NONE', #7510, 0.9999999999999974465 ) ;
#931 = CARTESIAN_POINT ( 'NONE',  ( -2.596113910731133068, 14.45866362446839659, -53.65041577998817957 ) ) ;
#932 = EDGE_LOOP ( 'NONE', ( #8781, #4503, #2503, #2895 ) ) ;
#933 = DIRECTION ( 'NONE',  ( 1.000000000000000000, 0.000000000000000000, -0.000000000000000000 ) ) ;
#934 = DIRECTION ( 'NONE',  ( 1.000000000000000000, 0.000000000000000000, 0.000000000000000000 ) ) ;
#935 = LINE ( 'NONE', #6859, #8508 ) ;
#936 = CARTESIAN_POINT ( 'NONE',  ( -24.69849011171107378, -24.56215207581864135, -60.29962500960238714 ) ) ;
#937 = DIRECTION ( 'NONE',  ( -0.000000000000000000, -0.000000000000000000, -1.000000000000000000 ) ) ;
#938 = DIRECTION ( 'NONE',  ( -0.000000000000000000, -0.000000000000000000, 1.000000000000000000 ) ) ;
#939 = CIRCLE ( 'NONE', #6815, 1.199999999999992628 ) ;
#940 = EDGE_CURVE ( 'NONE', #10234, #1645, #2599, .T. ) ;
#941 = VERTEX_POINT ( 'NONE', #8483 ) ;
#942 = CARTESIAN_POINT ( 'NONE',  ( -27.44849011171189446, 21.53784716418134693, -40.80041777998818020 ) ) ;
#943 = ORIENTED_EDGE ( 'NONE', *, *, #588, .T. ) ;
#944 = ORIENTED_EDGE ( 'NONE', *, *, #6690, .F. ) ;
#945 = AXIS2_PLACEMENT_3D ( 'NONE', #2794, #6096, #2103 ) ;
#946 = CARTESIAN_POINT ( 'NONE',  ( 39.08049337622307462, -1.512152455818657204, 18.40359731999999937 ) ) ;
#947 = VERTEX_POINT ( 'NONE', #8536 ) ;
#948 = CARTESIAN_POINT ( 'NONE',  ( 8.630438470952363161, 5.206785556416654082, 8.998998000000000275 ) ) ;
#949 = ORIENTED_EDGE ( 'NONE', *, *, #6747, .T. ) ;
#950 = VECTOR ( 'NONE', #4264, 1000.000000000000000 ) ;
#951 = CARTESIAN_POINT ( 'NONE',  ( -2.686168887143758788, 14.59867904939654970, -51.17927280753799835 ) ) ;
#952 = ADVANCED_FACE ( 'NONE', ( #2070 ), #3268, .F. ) ;
#953 = VECTOR ( 'NONE', #4392, 1000.000000000000000 ) ;
#954 = CARTESIAN_POINT ( 'NONE',  ( 45.99477099867146990, 9.487847544181342130, 23.19999800000000079 ) ) ;
#955 = CIRCLE ( 'NONE', #8340, 0.2000000000000005107 ) ;
#956 = AXIS2_PLACEMENT_3D ( 'NONE', #426, #3627, #2415 ) ;
#957 = CARTESIAN_POINT ( 'NONE',  ( 44.29477099867147416, -1.512152455818657204, 21.99999800000000150 ) ) ;
#958 = ORIENTED_EDGE ( 'NONE', *, *, #1549, .F. ) ;
#959 = EDGE_CURVE ( 'NONE', #6247, #9881, #8963, .T. ) ;
#960 = ORIENTED_EDGE ( 'NONE', *, *, #6573, .T. ) ;
#961 = CARTESIAN_POINT ( 'NONE',  ( -7.951688768616168801, 20.04787177364163142, -54.25041577998818099 ) ) ;
#962 = CARTESIAN_POINT ( 'NONE',  ( 23.90492679997253944, 24.22566299547027668, 22.86477999376823078 ) ) ;
#963 = VERTEX_POINT ( 'NONE', #3646 ) ;
#964 = CARTESIAN_POINT ( 'NONE',  ( -24.69849011171107378, -1.512152455818657204, -138.7821617105083760 ) ) ;
#965 = VECTOR ( 'NONE', #2380, 1000.000000000000000 ) ;
#966 = CARTESIAN_POINT ( 'NONE',  ( -8.472063235671486225, 20.59462887130469966, -51.59041577998819861 ) ) ;
#967 = AXIS2_PLACEMENT_3D ( 'NONE', #7061, #1598, #2283 ) ;
#968 = CARTESIAN_POINT ( 'NONE',  ( 8.630438470952455532, -8.063214443583346380, 22.99999800000001215 ) ) ;
#969 = ORIENTED_EDGE ( 'NONE', *, *, #10073, .F. ) ;
#970 = CARTESIAN_POINT ( 'NONE',  ( 41.59477099867147132, -12.51215245581865609, 21.99999800000000150 ) ) ;
#971 = CARTESIAN_POINT ( 'NONE',  ( 25.08136927188290599, 24.14306037933907234, 22.86492054292383713 ) ) ;
#972 = VECTOR ( 'NONE', #5255, 1000.000000000000000 ) ;
#973 = CARTESIAN_POINT ( 'NONE',  ( -8.172650046178533856, 20.20194717079041880, -54.18912876745284279 ) ) ;
#974 = EDGE_CURVE ( 'NONE', #8044, #100, #7985, .T. ) ;
#975 = CARTESIAN_POINT ( 'NONE',  ( 25.39477099867147203, -1.512152455818657204, 21.99999800000000150 ) ) ;
#976 = VECTOR ( 'NONE', #7355, 1000.000000000000000 ) ;
#977 = DIRECTION ( 'NONE',  ( 0.7027442638224183913, 0.7114425483935349348, 0.000000000000000000 ) ) ;
#978 = CARTESIAN_POINT ( 'NONE',  ( -8.374366938456509146, 20.33775116671140637, -51.26358235089112014 ) ) ;
#979 = DIRECTION ( 'NONE',  ( -1.000000000000000000, 0.000000000000000000, -0.000000000000000000 ) ) ;
#980 = CYLINDRICAL_SURFACE ( 'NONE', #6105, 2.999999999999999112 ) ;
#981 = EDGE_LOOP ( 'NONE', ( #2526, #7827, #4568, #3117 ) ) ;
#982 = AXIS2_PLACEMENT_3D ( 'NONE', #10327, #3126, #6328 ) ;
#983 = ORIENTED_EDGE ( 'NONE', *, *, #9298, .F. ) ;
#984 = ADVANCED_FACE ( 'NONE', ( #3594 ), #1926, .F. ) ;
#985 = VERTEX_POINT ( 'NONE', #7599 ) ;
#986 = DIRECTION ( 'NONE',  ( 0.000000000000000000, 0.000000000000000000, 1.000000000000000000 ) ) ;
#987 = CARTESIAN_POINT ( 'NONE',  ( 32.49477099867146279, 9.487847544181342130, 23.19999800000000079 ) ) ;
#988 = ORIENTED_EDGE ( 'NONE', *, *, #8268, .F. ) ;
#989 = DIRECTION ( 'NONE',  ( 0.000000000000000000, 0.000000000000000000, -1.000000000000000000 ) ) ;
#990 = CARTESIAN_POINT ( 'NONE',  ( 7.030438470952720564, 0.08678555641701307666, 18.40359731999999937 ) ) ;
#991 = ADVANCED_FACE ( 'NONE', ( #8331 ), #6852, .F. ) ;
#992 = VECTOR ( 'NONE', #6404, 1000.000000000000000 ) ;
#993 = CONICAL_SURFACE ( 'NONE', #151, 0.9999999999999991118, 0.7853981633974602694 ) ;
#994 = LINE ( 'NONE', #7509, #5915 ) ;
#995 = CARTESIAN_POINT ( 'NONE',  ( 11.28901711471469405, 7.465185902403217000, 18.40359731999999937 ) ) ;
#996 = CARTESIAN_POINT ( 'NONE',  ( -9.806641169858087537, 17.43627320682738713, -36.80041777998817309 ) ) ;
#997 = CIRCLE ( 'NONE', #7043, 1.056214310942091394 ) ;
#998 = ORIENTED_EDGE ( 'NONE', *, *, #5258, .T. ) ;
#999 = CARTESIAN_POINT ( 'NONE',  ( 10.85349142309807569, -1.113214443582986268, 18.40359731999999937 ) ) ;
#1000 = EDGE_LOOP ( 'NONE', ( #544, #6632 ) ) ;
#1001 = EDGE_LOOP ( 'NONE', ( #4738, #9246, #41, #2285 ) ) ;
#1002 = DIRECTION ( 'NONE',  ( 0.000000000000000000, 0.000000000000000000, -1.000000000000000000 ) ) ;
#1003 = ORIENTED_EDGE ( 'NONE', *, *, #1170, .T. ) ;
#1004 = CARTESIAN_POINT ( 'NONE',  ( 23.17849011171107421, -24.56215207581864135, 18.40359731999999937 ) ) ;
#1005 = ORIENTED_EDGE ( 'NONE', *, *, #665, .T. ) ;
#1006 = CIRCLE ( 'NONE', #8062, 1.500000000000001332 ) ;
#1007 = CARTESIAN_POINT ( 'NONE',  ( -2.511761449837359716, 14.73589959762180790, -50.91741567997993201 ) ) ;
#1008 = CARTESIAN_POINT ( 'NONE',  ( -1.051509888288917116, -1.512152455818657204, 96.03199646221435160 ) ) ;
#1009 = DIRECTION ( 'NONE',  ( -1.000000000000000000, 0.000000000000000000, 0.000000000000000000 ) ) ;
#1010 = ORIENTED_EDGE ( 'NONE', *, *, #2375, .F. ) ;
#1011 = ORIENTED_EDGE ( 'NONE', *, *, #9954, .T. ) ;
#1012 = CARTESIAN_POINT ( 'NONE',  ( 11.05355120219542719, 2.686785556416294796, 18.40359731999999937 ) ) ;
#1013 = ORIENTED_EDGE ( 'NONE', *, *, #3579, .T. ) ;
#1014 = CARTESIAN_POINT ( 'NONE',  ( -8.440392337659236688, 20.38123256880755463, -51.43419593155535097 ) ) ;
#1015 = LINE ( 'NONE', #4901, #3172 ) ;
#1016 = CARTESIAN_POINT ( 'NONE',  ( -21.53129293636026986, -25.40313113088010155, -40.80041777998818020 ) ) ;
#1017 = ORIENTED_EDGE ( 'NONE', *, *, #394, .T. ) ;
#1018 = FACE_OUTER_BOUND ( 'NONE', #1841, .T. ) ;
#1019 = EDGE_CURVE ( 'NONE', #4847, #5946, #7696, .T. ) ;
#1020 = DIRECTION ( 'NONE',  ( 0.000000000000000000, 0.000000000000000000, 1.000000000000000000 ) ) ;
#1021 = ADVANCED_FACE ( 'NONE', ( #2812 ), #6122, .T. ) ;
#1022 = LINE ( 'NONE', #5801, #5820 ) ;
#1023 = FACE_OUTER_BOUND ( 'NONE', #7936, .T. ) ;
#1024 = CARTESIAN_POINT ( 'NONE',  ( 10.85349142309807569, -1.563214443583704316, 18.40359731999999937 ) ) ;
#1025 = ADVANCED_FACE ( 'NONE', ( #2122 ), #2024, .T. ) ;
#1026 = LINE ( 'NONE', #2182, #5195 ) ;
#1027 = CARTESIAN_POINT ( 'NONE',  ( -2.596113910731133068, 14.45866362446839659, -53.65041577998818667 ) ) ;
#1028 = DIRECTION ( 'NONE',  ( 1.462890879734001726E-19, 1.982586837396489249E-35, -1.000000000000000000 ) ) ;
#1029 = ORIENTED_EDGE ( 'NONE', *, *, #8304, .F. ) ;
#1030 = EDGE_CURVE ( 'NONE', #10365, #10163, #4385, .T. ) ;
#1031 = EDGE_CURVE ( 'NONE', #1425, #5305, #83, .T. ) ;
#1032 = CIRCLE ( 'NONE', #3217, 1.000000000000000888 ) ;
#1033 = VERTEX_POINT ( 'NONE', #5221 ) ;
#1034 = VERTEX_POINT ( 'NONE', #7488 ) ;
#1035 = CARTESIAN_POINT ( 'NONE',  ( 44.85549337622308030, 7.319848523146363029, 19.20359732000000008 ) ) ;
#1036 = FACE_OUTER_BOUND ( 'NONE', #8492, .T. ) ;
#1037 = LINE ( 'NONE', #4447, #8886 ) ;
#1038 = ORIENTED_EDGE ( 'NONE', *, *, #3984, .F. ) ;
#1039 = LINE ( 'NONE', #9818, #9222 ) ;
#1040 = FACE_OUTER_BOUND ( 'NONE', #4426, .T. ) ;
#1041 = AXIS2_PLACEMENT_3D ( 'NONE', #6199, #7782, #425 ) ;
#1042 = FACE_OUTER_BOUND ( 'NONE', #3113, .T. ) ;
#1043 = EDGE_LOOP ( 'NONE', ( #7260, #2717, #1522, #1054 ) ) ;
#1044 = EDGE_CURVE ( 'NONE', #3734, #5654, #1595, .T. ) ;
#1045 = EDGE_CURVE ( 'NONE', #4486, #4340, #5960, .T. ) ;
#1046 = CARTESIAN_POINT ( 'NONE',  ( 24.69849011171107378, -0.9132144435829837592, 18.40359731999999937 ) ) ;
#1047 = CARTESIAN_POINT ( 'NONE',  ( 10.21634258731288192, 19.77939288691226594, 22.99999799999999439 ) ) ;
#1048 = AXIS2_PLACEMENT_3D ( 'NONE', #5715, #5235, #7663 ) ;
#1049 = ORIENTED_EDGE ( 'NONE', *, *, #2755, .T. ) ;
#1050 = DIRECTION ( 'NONE',  ( 0.000000000000000000, 0.000000000000000000, -1.000000000000000000 ) ) ;
#1051 = ORIENTED_EDGE ( 'NONE', *, *, #4105, .F. ) ;
#1052 = EDGE_LOOP ( 'NONE', ( #8379, #2106, #6043, #4798 ) ) ;
#1053 = CARTESIAN_POINT ( 'NONE',  ( -2.646446763423580428, 14.91959987812011512, -54.45041009779081520 ) ) ;
#1054 = ORIENTED_EDGE ( 'NONE', *, *, #4213, .F. ) ;
#1055 = CARTESIAN_POINT ( 'NONE',  ( 1.401509888288920314, -1.512152455818657204, -31.20041777998817878 ) ) ;
#1056 = ORIENTED_EDGE ( 'NONE', *, *, #6061, .T. ) ;
#1057 = CARTESIAN_POINT ( 'NONE',  ( -2.625756707367997489, 14.50511083657448452, -51.34173000111987761 ) ) ;
#1058 = PLANE ( 'NONE',  #5813 ) ;
#1059 = AXIS2_PLACEMENT_3D ( 'NONE', #249, #3457, #1831 ) ;
#1060 = CIRCLE ( 'NONE', #6924, 2.919999999999999041 ) ;
#1061 = DIRECTION ( 'NONE',  ( 1.000000000000000000, 0.000000000000000000, 0.000000000000000000 ) ) ;
#1062 = ORIENTED_EDGE ( 'NONE', *, *, #2584, .T. ) ;
#1063 = ORIENTED_EDGE ( 'NONE', *, *, #9127, .F. ) ;
#1064 = DIRECTION ( 'NONE',  ( -0.000000000000000000, -0.000000000000000000, 1.000000000000000000 ) ) ;
#1065 = ORIENTED_EDGE ( 'NONE', *, *, #6818, .F. ) ;
#1066 = CARTESIAN_POINT ( 'NONE',  ( -8.283352046037585126, 20.27704129747913697, -51.13932986723890650 ) ) ;
#1067 = DIRECTION ( 'NONE',  ( 0.000000000000000000, 0.000000000000000000, -1.000000000000000000 ) ) ;
#1068 = CARTESIAN_POINT ( 'NONE',  ( -9.650410952386433650, 20.26812554838342706, -56.00041577998817388 ) ) ;
#1069 = VERTEX_POINT ( 'NONE', #9909 ) ;
#1070 = STYLED_ITEM ( 'NONE', ( #6383 ), #7450 ) ;
#1071 = FACE_BOUND ( 'NONE', #1000, .T. ) ;
#1072 = CARTESIAN_POINT ( 'NONE',  ( 10.85349142309807569, -0.9132144435829862017, 18.40359731999999937 ) ) ;
#1073 = ADVANCED_FACE ( 'NONE', ( #7552, #8436, #10006, #6018, #1131, #9225, #440, #1916, #10063, #2864, #5114, #6748, #9957, #9271, #1971 ), #2179, .T. ) ;
#1074 = AXIS2_PLACEMENT_3D ( 'NONE', #5370, #8580, #6994 ) ;
#1075 = DIRECTION ( 'NONE',  ( 0.000000000000000000, 0.000000000000000000, 1.000000000000000000 ) ) ;
#1076 = FACE_OUTER_BOUND ( 'NONE', #6362, .T. ) ;
#1077 = CARTESIAN_POINT ( 'NONE',  ( 24.96532225995339616, -27.26085916665861575, 22.76111134849211837 ) ) ;
#1078 = DIRECTION ( 'NONE',  ( 0.000000000000000000, -1.000000000000000000, 0.000000000000000000 ) ) ;
#1079 = ADVANCED_FACE ( 'NONE', ( #1340 ), #10376, .F. ) ;
#1080 = CARTESIAN_POINT ( 'NONE',  ( -2.754120651167676126, 14.70223361323371947, -54.16103351568577295 ) ) ;
#1081 = CARTESIAN_POINT ( 'NONE',  ( 25.24741852287552746, -27.25634979072924935, 22.80445066828447054 ) ) ;
#1082 = ORIENTED_EDGE ( 'NONE', *, *, #2257, .T. ) ;
#1083 = AXIS2_PLACEMENT_3D ( 'NONE', #1406, #1355, #4542 ) ;
#1084 = ORIENTED_EDGE ( 'NONE', *, *, #3039, .T. ) ;
#1085 = ORIENTED_EDGE ( 'NONE', *, *, #4369, .F. ) ;
#1086 = AXIS2_PLACEMENT_3D ( 'NONE', #4909, #8125, #1815 ) ;
#1087 = CARTESIAN_POINT ( 'NONE',  ( 9.830438470952355345, 5.206785556416654082, 23.19999800000000079 ) ) ;
#1088 = CARTESIAN_POINT ( 'NONE',  ( 24.69849011171107378, 6.065850720411352981, 18.40359731999999937 ) ) ;
#1089 = LINE ( 'NONE', #4289, #1504 ) ;
#1090 = EDGE_CURVE ( 'NONE', #3372, #5932, #4276, .T. ) ;
#1091 = ORIENTED_EDGE ( 'NONE', *, *, #7873, .T. ) ;
#1092 = DIRECTION ( 'NONE',  ( 0.000000000000000000, 0.000000000000000000, 1.000000000000000000 ) ) ;
#1093 = CARTESIAN_POINT ( 'NONE',  ( -50.59849011171107236, -1.512152455818654095, -40.80041777998818020 ) ) ;
#1094 = EDGE_CURVE ( 'NONE', #4768, #3672, #3123, .T. ) ;
#1095 = FACE_OUTER_BOUND ( 'NONE', #36, .T. ) ;
#1096 = ORIENTED_EDGE ( 'NONE', *, *, #2975, .F. ) ;
#1097 = AXIS2_PLACEMENT_3D ( 'NONE', #3222, #4897, #2737 ) ;
#1098 = CARTESIAN_POINT ( 'NONE',  ( -27.44849011171189446, 21.53784716418134693, -40.80041777998818020 ) ) ;
#1099 = LINE ( 'NONE', #3366, #9037 ) ;
#1100 = VERTEX_POINT ( 'NONE', #6272 ) ;
#1101 = DIRECTION ( 'NONE',  ( 1.000000000000000000, 0.000000000000000000, 0.000000000000000000 ) ) ;
#1102 = ORIENTED_EDGE ( 'NONE', *, *, #2984, .T. ) ;
#1103 = ADVANCED_FACE ( 'NONE', ( #9482 ), #5581, .F. ) ;
#1104 = EDGE_LOOP ( 'NONE', ( #1273, #3731, #1616, #3920 ) ) ;
#1105 = PLANE ( 'NONE',  #5668 ) ;
#1106 = ORIENTED_EDGE ( 'NONE', *, *, #7641, .F. ) ;
#1107 = CARTESIAN_POINT ( 'NONE',  ( -5.144166553601733582, 22.82106848026321089, -54.25041577998818099 ) ) ;
#1108 = EDGE_CURVE ( 'NONE', #8601, #3828, #10220, .T. ) ;
#1109 = CARTESIAN_POINT ( 'NONE',  ( -2.473399407980694242, 14.68338546301299630, -50.96304897352732155 ) ) ;
#1110 = EDGE_CURVE ( 'NONE', #5312, #8721, #4106, .T. ) ;
#1111 = DIRECTION ( 'NONE',  ( 0.000000000000000000, 0.000000000000000000, 1.000000000000000000 ) ) ;
#1112 = AXIS2_PLACEMENT_3D ( 'NONE', #10145, #2320, #9569 ) ;
#1113 = FACE_OUTER_BOUND ( 'NONE', #6305, .T. ) ;
#1114 = VERTEX_POINT ( 'NONE', #10162 ) ;
#1115 = EDGE_CURVE ( 'NONE', #7068, #4669, #9988, .T. ) ;
#1116 = ORIENTED_EDGE ( 'NONE', *, *, #2078, .F. ) ;
#1117 = CARTESIAN_POINT ( 'NONE',  ( 20.86549410864506982, -3.167150744431638465, 19.20359732000000008 ) ) ;
#1118 = VECTOR ( 'NONE', #4297, 1000.000000000000000 ) ;
#1119 = ORIENTED_EDGE ( 'NONE', *, *, #10043, .F. ) ;
#1120 = FACE_OUTER_BOUND ( 'NONE', #5057, .T. ) ;
#1121 = DIRECTION ( 'NONE',  ( -0.000000000000000000, -0.000000000000000000, 1.000000000000000000 ) ) ;
#1122 = DIRECTION ( 'NONE',  ( 0.000000000000000000, 0.000000000000000000, 1.000000000000000000 ) ) ;
#1123 = VERTEX_POINT ( 'NONE', #8644 ) ;
#1124 = VECTOR ( 'NONE', #6352, 1000.000000000000000 ) ;
#1125 = VECTOR ( 'NONE', #8458, 1000.000000000000000 ) ;
#1126 = PLANE ( 'NONE',  #1374 ) ;
#1127 = CARTESIAN_POINT ( 'NONE',  ( 39.20749282690607629, -4.623571175818640633, 19.20359732000000008 ) ) ;
#1128 = CIRCLE ( 'NONE', #8838, 0.6000000000000083045 ) ;
#1129 = CARTESIAN_POINT ( 'NONE',  ( -7.964935288608570474, 20.31073266469735472, -54.43248758519786179 ) ) ;
#1130 = VECTOR ( 'NONE', #7987, 1000.000000000000000 ) ;
#1131 = FACE_BOUND ( 'NONE', #7245, .T. ) ;
#1132 = CARTESIAN_POINT ( 'NONE',  ( 25.71598994876740463, -27.15458523903133781, 23.04496181181716707 ) ) ;
#1133 = CARTESIAN_POINT ( 'NONE',  ( 26.14477099867147203, 9.487847544181342130, 22.99999800000001215 ) ) ;
#1134 = DIRECTION ( 'NONE',  ( -0.000000000000000000, -0.000000000000000000, -1.000000000000000000 ) ) ;
#1135 = ORIENTED_EDGE ( 'NONE', *, *, #9388, .T. ) ;
#1136 = AXIS2_PLACEMENT_3D ( 'NONE', #5249, #524, #1270 ) ;
#1137 = CARTESIAN_POINT ( 'NONE',  ( 36.94477099867147274, 9.487847544181342130, 21.99999800000000150 ) ) ;
#1138 = EDGE_CURVE ( 'NONE', #3530, #1156, #1266, .T. ) ;
#1139 = VECTOR ( 'NONE', #1803, 1000.000000000000000 ) ;
#1140 = ORIENTED_EDGE ( 'NONE', *, *, #6027, .F. ) ;
#1141 = ORIENTED_EDGE ( 'NONE', *, *, #8032, .F. ) ;
#1142 = DIRECTION ( 'NONE',  ( 1.000000000000000000, 0.000000000000000000, 0.000000000000000000 ) ) ;
#1143 = CARTESIAN_POINT ( 'NONE',  ( -2.520844926949601827, 14.74898597158945890, -50.87675416672868778 ) ) ;
#1144 = CARTESIAN_POINT ( 'NONE',  ( 18.87849142309807604, -1.524148547166637835, 18.57517019525380420 ) ) ;
#1145 = ORIENTED_EDGE ( 'NONE', *, *, #5994, .F. ) ;
#1146 = DIRECTION ( 'NONE',  ( 0.000000000000000000, 0.000000000000000000, 1.000000000000000000 ) ) ;
#1147 = VECTOR ( 'NONE', #8462, 1000.000000000000000 ) ;
#1148 = DIRECTION ( 'NONE',  ( 1.000000000000000000, -1.059696884159938286E-15, 0.000000000000000000 ) ) ;
#1149 = ADVANCED_FACE ( 'NONE', ( #4586 ), #10270, .F. ) ;
#1150 = DIRECTION ( 'NONE',  ( 0.000000000000000000, 0.000000000000000000, -1.000000000000000000 ) ) ;
#1151 = EDGE_LOOP ( 'NONE', ( #3063, #1777, #5989, #7335 ) ) ;
#1152 = CONICAL_SURFACE ( 'NONE', #1485, 0.9999999999999991118, 0.7853981633974597143 ) ;
#1153 = CARTESIAN_POINT ( 'NONE',  ( -8.091878053365167744, 20.14627054869506395, -54.22626540649452664 ) ) ;
#1154 = ADVANCED_FACE ( 'NONE', ( #7864 ), #2284, .F. ) ;
#1155 = DIRECTION ( 'NONE',  ( 0.000000000000000000, 0.000000000000000000, 1.000000000000000000 ) ) ;
#1156 = VERTEX_POINT ( 'NONE', #6324 ) ;
#1157 = CARTESIAN_POINT ( 'NONE',  ( 10.23043847095200398, 4.406785556417013971, 18.40359731999999937 ) ) ;
#1158 = VECTOR ( 'NONE', #1742, 1000.000000000000000 ) ;
#1159 = VERTEX_POINT ( 'NONE', #8590 ) ;
#1160 = CIRCLE ( 'NONE', #9884, 0.9499999999999925171 ) ;
#1161 = VERTEX_POINT ( 'NONE', #3861 ) ;
#1162 = DIRECTION ( 'NONE',  ( 1.000000000000000000, 0.000000000000000000, 0.000000000000000000 ) ) ;
#1163 = CARTESIAN_POINT ( 'NONE',  ( 44.29477099867147416, -12.51215245581865609, 21.99999800000000150 ) ) ;
#1164 = EDGE_LOOP ( 'NONE', ( #7074, #1891, #2406, #5571 ) ) ;
#1165 = EDGE_CURVE ( 'NONE', #6019, #7931, #2437, .T. ) ;
#1166 = CARTESIAN_POINT ( 'NONE',  ( 46.81534232812778384, -1.512542087101967248, 18.40359731999999937 ) ) ;
#1167 = CARTESIAN_POINT ( 'NONE',  ( -2.421766170214211034, 14.61229019981290023, -51.04222515005461247 ) ) ;
#1168 = CIRCLE ( 'NONE', #4185, 1.000000000000000888 ) ;
#1169 = VECTOR ( 'NONE', #8333, 1000.000000000000000 ) ;
#1170 = EDGE_CURVE ( 'NONE', #9417, #5551, #8318, .T. ) ;
#1171 = DIRECTION ( 'NONE',  ( 0.000000000000000000, 0.000000000000000000, -1.000000000000000000 ) ) ;
#1172 = EDGE_CURVE ( 'NONE', #9834, #5417, #10324, .T. ) ;
#1173 = DIRECTION ( 'NONE',  ( 1.000000000000000000, 0.000000000000000000, 0.000000000000000000 ) ) ;
#1174 = VERTEX_POINT ( 'NONE', #9537 ) ;
#1175 = EDGE_CURVE ( 'NONE', #4554, #10191, #4531, .T. ) ;
#1176 = ORIENTED_EDGE ( 'NONE', *, *, #4369, .T. ) ;
#1177 = FACE_OUTER_BOUND ( 'NONE', #9458, .T. ) ;
#1178 = ORIENTED_EDGE ( 'NONE', *, *, #1108, .T. ) ;
#1179 = CARTESIAN_POINT ( 'NONE',  ( -8.429998647235903420, 20.37442695328090991, -51.39464888854450209 ) ) ;
#1180 = AXIS2_PLACEMENT_3D ( 'NONE', #9585, #5583, #1856 ) ;
#1181 = CARTESIAN_POINT ( 'NONE',  ( -0.9246057082889275192, -8.733150561326638694, 19.20359732000000008 ) ) ;
#1182 = DIRECTION ( 'NONE',  ( 0.000000000000000000, 0.000000000000000000, -1.000000000000000000 ) ) ;
#1183 = EDGE_LOOP ( 'NONE', ( #10344, #1392, #2198, #7725 ) ) ;
#1184 = CYLINDRICAL_SURFACE ( 'NONE', #191, 0.7499999999999937828 ) ;
#1185 = EDGE_CURVE ( 'NONE', #4681, #767, #2552, .T. ) ;
#1186 = DIRECTION ( 'NONE',  ( 1.000000000000000000, 0.000000000000000000, 0.000000000000000000 ) ) ;
#1187 = EDGE_CURVE ( 'NONE', #8460, #2735, #1652, .T. ) ;
#1188 = AXIS2_PLACEMENT_3D ( 'NONE', #5368, #7850, #639 ) ;
#1189 = EDGE_CURVE ( 'NONE', #3261, #3197, #4950, .T. ) ;
#1190 = DIRECTION ( 'NONE',  ( 0.000000000000000000, 0.000000000000000000, -1.000000000000000000 ) ) ;
#1191 = CARTESIAN_POINT ( 'NONE',  ( 24.69849011171107378, -1.512152455818657204, 18.40359731999999937 ) ) ;
#1192 = CARTESIAN_POINT ( 'NONE',  ( 23.63915271582015620, -27.24043214452879269, 22.95290482456476155 ) ) ;
#1193 = DIRECTION ( 'NONE',  ( -0.7071067811865536790, 0.000000000000000000, -0.7071067811865414665 ) ) ;
#1194 = CARTESIAN_POINT ( 'NONE',  ( -2.352920719425307450, 14.51674547251717229, -54.04097201121498273 ) ) ;
#1195 = PRESENTATION_STYLE_ASSIGNMENT (( #8394 ) ) ;
#1196 = VERTEX_POINT ( 'NONE', #5937 ) ;
#1197 = DIRECTION ( 'NONE',  ( 0.000000000000000000, 0.000000000000000000, 1.000000000000000000 ) ) ;
#1198 = ORIENTED_EDGE ( 'NONE', *, *, #3872, .F. ) ;
#1199 = CARTESIAN_POINT ( 'NONE',  ( 24.69849011171107023, 7.006785556416298633, 18.40359731999999937 ) ) ;
#1200 = CARTESIAN_POINT ( 'NONE',  ( -21.94849011171242381, -24.56215207581315951, -32.80041777998817309 ) ) ;
#1201 = CARTESIAN_POINT ( 'NONE',  ( 45.04477099867147416, -12.51215245581865609, 21.99999800000000150 ) ) ;
#1202 = PLANE ( 'NONE',  #7268 ) ;
#1203 = LINE ( 'NONE', #9241, #1887 ) ;
#1204 = VECTOR ( 'NONE', #7797, 1000.000000000000000 ) ;
#1205 = CARTESIAN_POINT ( 'NONE',  ( -8.244438745137737001, 20.25080144855721542, -54.13812954049139137 ) ) ;
#1206 = SURFACE_STYLE_USAGE ( .BOTH. , #2146 ) ;
#1207 = ORIENTED_EDGE ( 'NONE', *, *, #3932, .F. ) ;
#1208 = DIRECTION ( 'NONE',  ( 1.462890879734001726E-19, 1.610801296603465303E-20, -1.000000000000000000 ) ) ;
#1209 = ORIENTED_EDGE ( 'NONE', *, *, #5527, .T. ) ;
#1210 = CIRCLE ( 'NONE', #6073, 26.09999999999999076 ) ;
#1211 = ORIENTED_EDGE ( 'NONE', *, *, #3210, .F. ) ;
#1212 = CARTESIAN_POINT ( 'NONE',  ( 25.23854927268697779, 24.23226729228085929, 22.80234321397722397 ) ) ;
#1213 = CARTESIAN_POINT ( 'NONE',  ( -2.776341573954013153, 14.73570544159911577, -54.18312849991562530 ) ) ;
#1214 = CARTESIAN_POINT ( 'NONE',  ( -42.29708727004572921, -20.51476748793079707, -40.80041777998818020 ) ) ;
#1215 = EDGE_CURVE ( 'NONE', #738, #2060, #3279, .T. ) ;
#1216 = CARTESIAN_POINT ( 'NONE',  ( -2.304810998062648331, 14.44946284574801076, -51.40812331664591284 ) ) ;
#1217 = VECTOR ( 'NONE', #4604, 1000.000000000000000 ) ;
#1218 = CARTESIAN_POINT ( 'NONE',  ( 43.85549337622307320, 11.47584852314636272, 18.40359731999999937 ) ) ;
#1219 = PLANE ( 'NONE',  #8999 ) ;
#1220 = ORIENTED_EDGE ( 'NONE', *, *, #4125, .F. ) ;
#1221 = ORIENTED_EDGE ( 'NONE', *, *, #376, .T. ) ;
#1222 = DIRECTION ( 'NONE',  ( 0.000000000000000000, 0.000000000000000000, -1.000000000000000000 ) ) ;
#1223 = ORIENTED_EDGE ( 'NONE', *, *, #10139, .T. ) ;
#1224 = CARTESIAN_POINT ( 'NONE',  ( 23.94426305912097064, -27.16124792584820113, 22.95410674220665470 ) ) ;
#1225 = AXIS2_PLACEMENT_3D ( 'NONE', #2079, #552, #5276 ) ;
#1226 = ADVANCED_FACE ( 'NONE', ( #6722 ), #5616, .F. ) ;
#1227 = LINE ( 'NONE', #7638, #3667 ) ;
#1228 = DIRECTION ( 'NONE',  ( -0.000000000000000000, -0.000000000000000000, 1.000000000000000000 ) ) ;
#1229 = EDGE_LOOP ( 'NONE', ( #3547, #220, #384, #1740 ) ) ;
#1230 = ADVANCED_FACE ( 'NONE', ( #4111, #7218, #908, #4846, #62, #6777 ), #9933, .F. ) ;
#1231 = CIRCLE ( 'NONE', #6769, 0.7500000000000006661 ) ;
#1232 = CIRCLE ( 'NONE', #2567, 1.000000000000000888 ) ;
#1233 = FACE_OUTER_BOUND ( 'NONE', #7267, .T. ) ;
#1234 = DIRECTION ( 'NONE',  ( 1.000000000000000000, 0.000000000000000000, 0.000000000000000000 ) ) ;
#1235 = CARTESIAN_POINT ( 'NONE',  ( -8.205278590168401109, 20.49293986505125531, -54.30132198375625308 ) ) ;
#1236 = CIRCLE ( 'NONE', #7105, 0.9999999999999991118 ) ;
#1237 = CARTESIAN_POINT ( 'NONE',  ( 24.69849011171107378, -24.56215207581864135, 21.59999799999998160 ) ) ;
#1238 = ORIENTED_EDGE ( 'NONE', *, *, #10093, .T. ) ;
#1239 = CARTESIAN_POINT ( 'NONE',  ( 24.95500321928232879, -27.16800581478116428, 22.85444468182520694 ) ) ;
#1240 = CARTESIAN_POINT ( 'NONE',  ( 26.05949410864507598, -2.967150744431629850, 19.20359732000000008 ) ) ;
#1241 = EDGE_CURVE ( 'NONE', #3672, #947, #9154, .T. ) ;
#1242 = DIRECTION ( 'NONE',  ( -1.000000000000000000, 0.000000000000000000, 0.000000000000000000 ) ) ;
#1243 = ORIENTED_EDGE ( 'NONE', *, *, #8037, .T. ) ;
#1244 = ADVANCED_FACE ( 'NONE', ( #4364 ), #7302, .F. ) ;
#1245 = DIRECTION ( 'NONE',  ( -0.000000000000000000, -0.000000000000000000, -1.000000000000000000 ) ) ;
#1246 = PRESENTATION_LAYER_ASSIGNMENT (  '', '', ( #7784 ) ) ;
#1247 = EDGE_CURVE ( 'NONE', #1657, #767, #1938, .T. ) ;
#1248 = ORIENTED_EDGE ( 'NONE', *, *, #4027, .F. ) ;
#1249 = CARTESIAN_POINT ( 'NONE',  ( -2.774648604874375479, 15.08890695564976525, -50.79041577998818724 ) ) ;
#1250 = CARTESIAN_POINT ( 'NONE',  ( -24.69849011171107378, -24.56215207581864135, -32.80041777998817309 ) ) ;
#1251 = ADVANCED_FACE ( 'NONE', ( #8011 ), #5356, .F. ) ;
#1252 = CARTESIAN_POINT ( 'NONE',  ( 3.696288695069629426, 13.03810649908737140, 23.19999800000000079 ) ) ;
#1253 = DIRECTION ( 'NONE',  ( 0.000000000000000000, 1.000000000000000000, 0.000000000000000000 ) ) ;
#1254 = AXIS2_PLACEMENT_3D ( 'NONE', #1828, #39, #6451 ) ;
#1255 = FACE_OUTER_BOUND ( 'NONE', #4194, .T. ) ;
#1256 = CARTESIAN_POINT ( 'NONE',  ( -2.752793141718703485, 14.70021731718351532, -51.08156084578548928 ) ) ;
#1257 =( NAMED_UNIT ( * ) SI_UNIT ( $, .STERADIAN. ) SOLID_ANGLE_UNIT ( ) );
#1258 = AXIS2_PLACEMENT_3D ( 'NONE', #6029, #7658, #4446 ) ;
#1259 = ORIENTED_EDGE ( 'NONE', *, *, #3548, .T. ) ;
#1260 = DIRECTION ( 'NONE',  ( -0.000000000000000000, -0.000000000000000000, 1.000000000000000000 ) ) ;
#1261 = VERTEX_POINT ( 'NONE', #6137 ) ;
#1262 = ORIENTED_EDGE ( 'NONE', *, *, #6092, .T. ) ;
#1263 = CARTESIAN_POINT ( 'NONE',  ( 23.93357471636464950, 24.22650463279185118, 22.85687452510800810 ) ) ;
#1264 = DIRECTION ( 'NONE',  ( -1.000000000000000000, 0.000000000000000000, 0.000000000000000000 ) ) ;
#1265 = FACE_BOUND ( 'NONE', #9602, .T. ) ;
#1266 = CIRCLE ( 'NONE', #85, 26.09999999999999076 ) ;
#1267 = CARTESIAN_POINT ( 'NONE',  ( -2.292613678569606517, 14.43233562492574684, -51.56386471271865446 ) ) ;
#1268 = ADVANCED_FACE ( 'NONE', ( #8617 ), #421, .F. ) ;
#1269 = B_SPLINE_CURVE_WITH_KNOTS ( 'NONE', 3,
 ( #6056, #8424, #5420, #2222, #2165, #1224, #7051, #4470, #4625, #10260, #7740, #3064, #6843, #8579, #3735, #2952, #10053, #8634, #9421, #1432 ),
 .UNSPECIFIED., .F., .F.,
 ( 4, 2, 2, 2, 2, 2, 2, 2, 2, 4 ),
 ( 0.000000000000000000, 0.06250000000000068001, 0.1250000000000013600, 0.2500000000000027200, 0.5000000000000044409, 0.6250000000000052180, 0.7500000000000061062, 0.8125000000000061062, 0.8750000000000059952, 1.000000000000000000 ),
 .UNSPECIFIED. ) ;
#1270 = DIRECTION ( 'NONE',  ( -1.000000000000000000, 0.000000000000000000, 0.000000000000000000 ) ) ;
#1271 = CARTESIAN_POINT ( 'NONE',  ( 23.57981786884168329, -27.15139529618945602, 23.08636222845599306 ) ) ;
#1272 = ORIENTED_EDGE ( 'NONE', *, *, #8615, .F. ) ;
#1273 = ORIENTED_EDGE ( 'NONE', *, *, #10216, .T. ) ;
#1274 = CARTESIAN_POINT ( 'NONE',  ( 26.21849011171107335, 21.53784716418134693, 21.59999799999998160 ) ) ;
#1275 = ORIENTED_EDGE ( 'NONE', *, *, #9613, .T. ) ;
#1276 = CARTESIAN_POINT ( 'NONE',  ( 50.36937602193552976, -3.529109714721136548, 18.40359731999999937 ) ) ;
#1277 = DIRECTION ( 'NONE',  ( -3.154042683594195121E-16, -1.000000000000000000, 0.000000000000000000 ) ) ;
#1278 = VERTEX_POINT ( 'NONE', #3832 ) ;
#1279 = ADVANCED_FACE ( 'NONE', ( #2208 ), #3622, .F. ) ;
#1280 = CARTESIAN_POINT ( 'NONE',  ( -40.99730114935989178, -17.81096349346809049, -40.80041777998818020 ) ) ;
#1281 = DIRECTION ( 'NONE',  ( 0.000000000000000000, 0.000000000000000000, 1.000000000000000000 ) ) ;
#1282 = CIRCLE ( 'NONE', #7151, 0.7500000000000006661 ) ;
#1283 = EDGE_CURVE ( 'NONE', #5417, #6426, #9199, .T. ) ;
#1284 = VECTOR ( 'NONE', #9039, 1000.000000000000000 ) ;
#1285 = CARTESIAN_POINT ( 'NONE',  ( -8.443768314609183534, 20.38344224600873034, -53.78713512749490633 ) ) ;
#1286 = CARTESIAN_POINT ( 'NONE',  ( -7.951688768616168801, 20.04787177364163142, -50.99041577998818298 ) ) ;
#1287 = EDGE_LOOP ( 'NONE', ( #7122, #4098, #3532, #6145 ) ) ;
#1288 = CARTESIAN_POINT ( 'NONE',  ( 25.36507737843787424, -27.25354400219540807, 22.83110284660132194 ) ) ;
#1289 = DIRECTION ( 'NONE',  ( 1.000000000000000000, 0.000000000000000000, 0.000000000000000000 ) ) ;
#1290 = CARTESIAN_POINT ( 'NONE',  ( -2.443969409952124305, 14.64292919531575521, -54.23601035856636088 ) ) ;
#1291 = AXIS2_PLACEMENT_3D ( 'NONE', #4254, #1050, #7463 ) ;
#1292 =( NAMED_UNIT ( * ) PLANE_ANGLE_UNIT ( ) SI_UNIT ( $, .RADIAN. ) );
#1293 = VERTEX_POINT ( 'NONE', #8461 ) ;
#1294 = DIRECTION ( 'NONE',  ( 1.000000000000000000, 0.000000000000000000, 0.000000000000000000 ) ) ;
#1295 = EDGE_CURVE ( 'NONE', #7906, #7684, #6044, .T. ) ;
#1296 = AXIS2_PLACEMENT_3D ( 'NONE', #3218, #8897, #5623 ) ;
#1297 = CARTESIAN_POINT ( 'NONE',  ( -8.165774806034002964, 20.46378651201437293, -54.36407739319803056 ) ) ;
#1298 = ADVANCED_FACE ( 'NONE', ( #4559 ), #374, .T. ) ;
#1299 = CIRCLE ( 'NONE', #10369, 25.89999999999999147 ) ;
#1300 = ORIENTED_EDGE ( 'NONE', *, *, #2340, .T. ) ;
#1301 = AXIS2_PLACEMENT_3D ( 'NONE', #6728, #9892, #2743 ) ;
#1302 = CARTESIAN_POINT ( 'NONE',  ( 32.29477099867147416, 9.487847544181342130, 21.99999800000000150 ) ) ;
#1303 = CARTESIAN_POINT ( 'NONE',  ( -8.410766701301829684, 20.36178036019919801, -51.34133095044820294 ) ) ;
#1304 = DIRECTION ( 'NONE',  ( 1.000000000000000000, 0.000000000000000000, -0.000000000000000000 ) ) ;
#1305 = CARTESIAN_POINT ( 'NONE',  ( 36.19477099867147274, -12.51215245581865609, 21.99999800000000150 ) ) ;
#1306 = CARTESIAN_POINT ( 'NONE',  ( 31.54477099867147061, -12.51215245581865609, 23.19999800000000079 ) ) ;
#1307 = VECTOR ( 'NONE', #725, 1000.000000000000000 ) ;
#1308 = CARTESIAN_POINT ( 'NONE',  ( -8.457000791168573173, 20.39209475449057507, -53.72887885531156371 ) ) ;
#1309 = ADVANCED_FACE ( 'NONE', ( #9873 ), #301, .T. ) ;
#1310 = VECTOR ( 'NONE', #9306, 1000.000000000000000 ) ;
#1311 = VERTEX_POINT ( 'NONE', #1778 ) ;
#1312 = CARTESIAN_POINT ( 'NONE',  ( -3.262138693583878091, 13.80078183658516799, -53.65041577998817957 ) ) ;
#1313 = ORIENTED_EDGE ( 'NONE', *, *, #5577, .F. ) ;
#1314 = ORIENTED_EDGE ( 'NONE', *, *, #6690, .T. ) ;
#1315 = CARTESIAN_POINT ( 'NONE',  ( 24.97320669798893888, 24.23646942863514653, 22.76193215352624932 ) ) ;
#1316 = CARTESIAN_POINT ( 'NONE',  ( -2.820410632751388036, 14.80154720398838464, -54.21667348883392634 ) ) ;
#1317 = LINE ( 'NONE', #2002, #3508 ) ;
#1318 = VECTOR ( 'NONE', #9185, 999.9999999999998863 ) ;
#1319 = CARTESIAN_POINT ( 'NONE',  ( -0.9246057082889275192, -8.733150561326638694, 19.20359732000000008 ) ) ;
#1320 = DIRECTION ( 'NONE',  ( 1.000000000000000000, 0.000000000000000000, 0.000000000000000000 ) ) ;
#1321 = AXIS2_PLACEMENT_3D ( 'NONE', #2644, #6430, #1857 ) ;
#1322 = VERTEX_POINT ( 'NONE', #5764 ) ;
#1323 = EDGE_CURVE ( 'NONE', #6019, #1822, #5875, .T. ) ;
#1324 = CARTESIAN_POINT ( 'NONE',  ( 23.52106251918315749, 24.21091431827251839, 22.99999799970560588 ) ) ;
#1325 = VERTEX_POINT ( 'NONE', #7402 ) ;
#1326 = VERTEX_POINT ( 'NONE', #6711 ) ;
#1327 = DIRECTION ( 'NONE',  ( -1.000000000000000000, 0.000000000000000000, 0.000000000000000000 ) ) ;
#1328 = ORIENTED_EDGE ( 'NONE', *, *, #7525, .F. ) ;
#1329 = PLANE ( 'NONE',  #2021 ) ;
#1330 = DIRECTION ( 'NONE',  ( 1.000000000000000000, 0.000000000000000000, 0.000000000000000000 ) ) ;
#1331 = ORIENTED_EDGE ( 'NONE', *, *, #1592, .F. ) ;
#1332 = CIRCLE ( 'NONE', #10056, 25.89999999999999147 ) ;
#1333 = VECTOR ( 'NONE', #10335, 1000.000000000000000 ) ;
#1334 = FACE_OUTER_BOUND ( 'NONE', #8978, .T. ) ;
#1335 = DIRECTION ( 'NONE',  ( 1.000000000000000000, 0.000000000000000000, 0.000000000000000000 ) ) ;
#1336 = CARTESIAN_POINT ( 'NONE',  ( -8.432282389029346348, 20.37591609586490193, -53.83459383169085299 ) ) ;
#1337 = CONICAL_SURFACE ( 'NONE', #2681, 25.54999999999997939, 0.7853981633974657095 ) ;
#1338 = EDGE_LOOP ( 'NONE', ( #7620, #3324, #5563, #7704 ) ) ;
#1339 = DIRECTION ( 'NONE',  ( 1.000000000000000000, 0.000000000000000000, 0.000000000000000000 ) ) ;
#1340 = FACE_OUTER_BOUND ( 'NONE', #10359, .T. ) ;
#1341 = ORIENTED_EDGE ( 'NONE', *, *, #3873, .F. ) ;
#1342 = CARTESIAN_POINT ( 'NONE',  ( 23.77041731924841983, -27.15701222568253925, 23.01233370780625975 ) ) ;
#1343 = FACE_OUTER_BOUND ( 'NONE', #5565, .T. ) ;
#1344 = CARTESIAN_POINT ( 'NONE',  ( -2.648863541930535082, 14.92149024732694329, -54.42387950002906649 ) ) ;
#1345 = FACE_OUTER_BOUND ( 'NONE', #4046, .T. ) ;
#1346 = EDGE_LOOP ( 'NONE', ( #7788, #9472, #1145, #926 ) ) ;
#1347 = CARTESIAN_POINT ( 'NONE',  ( 17.40349142309807462, -1.524148547166637613, 22.00359731999999724 ) ) ;
#1348 = EDGE_CURVE ( 'NONE', #6098, #5303, #1168, .T. ) ;
#1349 = EDGE_CURVE ( 'NONE', #4880, #1069, #156, .T. ) ;
#1350 = FACE_BOUND ( 'NONE', #2481, .T. ) ;
#1351 = AXIS2_PLACEMENT_3D ( 'NONE', #1906, #5898, #385 ) ;
#1352 = UNCERTAINTY_MEASURE_WITH_UNIT (LENGTH_MEASURE( 1.000000000000000082E-05 ), #5447, 'distance_accuracy_value', 'NONE');
#1353 = ADVANCED_FACE ( 'NONE', ( #4974 ), #1931, .F. ) ;
#1354 = EDGE_LOOP ( 'NONE', ( #2703, #2606, #4572, #4269 ) ) ;
#1355 = DIRECTION ( 'NONE',  ( -0.000000000000000000, -0.000000000000000000, 1.000000000000000000 ) ) ;
#1356 = CARTESIAN_POINT ( 'NONE',  ( -8.448605722618479419, 20.38660715500037313, -51.48193943915613602 ) ) ;
#1357 = DIRECTION ( 'NONE',  ( -0.000000000000000000, 1.000000000000000000, 0.000000000000000000 ) ) ;
#1358 = DIRECTION ( 'NONE',  ( 1.000000000000000000, 0.000000000000000000, 0.000000000000000000 ) ) ;
#1359 = ORIENTED_EDGE ( 'NONE', *, *, #9696, .T. ) ;
#1360 = CARTESIAN_POINT ( 'NONE',  ( -2.292613226071087862, 14.43233502373187882, -51.59041577998818440 ) ) ;
#1361 = EDGE_CURVE ( 'NONE', #226, #9760, #1039, .T. ) ;
#1362 = CARTESIAN_POINT ( 'NONE',  ( -8.010359651489372013, 20.08932885993207762, -54.24633831570059783 ) ) ;
#1363 = ORIENTED_EDGE ( 'NONE', *, *, #2769, .F. ) ;
#1364 = DIRECTION ( 'NONE',  ( 3.216024241707096350E-15, 1.000000000000000000, 0.000000000000000000 ) ) ;
#1365 = ORIENTED_EDGE ( 'NONE', *, *, #4042, .T. ) ;
#1366 = ORIENTED_EDGE ( 'NONE', *, *, #8935, .F. ) ;
#1367 = DIRECTION ( 'NONE',  ( -1.000000000000000000, 0.000000000000000000, 0.000000000000000000 ) ) ;
#1368 = CARTESIAN_POINT ( 'NONE',  ( -2.625638185790720058, 14.50492757109646291, -53.89917537328793173 ) ) ;
#1369 = CARTESIAN_POINT ( 'NONE',  ( -40.99730114935989178, 14.78665858183135562, -32.80041777998817309 ) ) ;
#1370 = EDGE_CURVE ( 'NONE', #928, #8383, #5687, .T. ) ;
#1371 = EDGE_CURVE ( 'NONE', #7422, #6195, #4243, .T. ) ;
#1372 = CARTESIAN_POINT ( 'NONE',  ( -5.750064449065495076, -16.40400139767222498, -40.80041777998818020 ) ) ;
#1373 = DIRECTION ( 'NONE',  ( 0.000000000000000000, 0.000000000000000000, 1.000000000000000000 ) ) ;
#1374 = AXIS2_PLACEMENT_3D ( 'NONE', #391, #5854, #2704 ) ;
#1375 = ORIENTED_EDGE ( 'NONE', *, *, #1915, .T. ) ;
#1376 = DIRECTION ( 'NONE',  ( 0.000000000000000000, 0.000000000000000000, -1.000000000000000000 ) ) ;
#1377 = ORIENTED_EDGE ( 'NONE', *, *, #328, .F. ) ;
#1378 = ORIENTED_EDGE ( 'NONE', *, *, #1741, .F. ) ;
#1379 = FACE_OUTER_BOUND ( 'NONE', #6650, .T. ) ;
#1380 = EDGE_LOOP ( 'NONE', ( #3167, #5074, #3402, #419 ) ) ;
#1381 = CARTESIAN_POINT ( 'NONE',  ( -43.64691577435802117, 13.37969648603914408, -36.80041777998817309 ) ) ;
#1382 = CARTESIAN_POINT ( 'NONE',  ( 25.97716828532225719, -27.11257994237240965, 23.11816606549725961 ) ) ;
#1383 = EDGE_LOOP ( 'NONE', ( #4518, #7137, #10037, #6479 ) ) ;
#1384 = AXIS2_PLACEMENT_3D ( 'NONE', #8571, #9413, #5410 ) ;
#1385 = DIRECTION ( 'NONE',  ( 0.000000000000000000, 0.000000000000000000, -1.000000000000000000 ) ) ;
#1386 = DIRECTION ( 'NONE',  ( 0.000000000000000000, 0.000000000000000000, -1.000000000000000000 ) ) ;
#1387 = DIRECTION ( 'NONE',  ( -1.000000000000000000, 0.000000000000000000, -0.000000000000000000 ) ) ;
#1388 = AXIS2_PLACEMENT_3D ( 'NONE', #936, #4140, #4088 ) ;
#1389 = EDGE_LOOP ( 'NONE', ( #3630, #5686, #5073, #8250 ) ) ;
#1390 = CARTESIAN_POINT ( 'NONE',  ( -43.70110514382254507, -19.11074961415403806, -40.80041777998818020 ) ) ;
#1391 = CARTESIAN_POINT ( 'NONE',  ( 23.64124048219390772, 24.21621083496029669, 22.95214703382574228 ) ) ;
#1392 = ORIENTED_EDGE ( 'NONE', *, *, #9203, .T. ) ;
#1393 = CARTESIAN_POINT ( 'NONE',  ( 24.53111999910094454, -27.16846325514648797, 22.84740557447107534 ) ) ;
#1394 = DIRECTION ( 'NONE',  ( 0.000000000000000000, 0.000000000000000000, -1.000000000000000000 ) ) ;
#1395 = CARTESIAN_POINT ( 'NONE',  ( -9.792699462065140636, 20.12757669561894502, -51.00041577998818099 ) ) ;
#1396 = CARTESIAN_POINT ( 'NONE',  ( 9.082623226170039032, -1.512152455818657204, 18.40359731999999937 ) ) ;
#1397 = ORIENTED_EDGE ( 'NONE', *, *, #3604, .T. ) ;
#1398 = AXIS2_PLACEMENT_3D ( 'NONE', #3487, #9848, #2752 ) ;
#1399 = DIRECTION ( 'NONE',  ( -0.000000000000000000, -0.000000000000000000, 1.000000000000000000 ) ) ;
#1400 = CARTESIAN_POINT ( 'NONE',  ( -7.829001579289466051, 20.20582066909555152, -54.45041577998818383 ) ) ;
#1401 = ADVANCED_FACE ( 'NONE', ( #8192 ), #4195, .T. ) ;
#1402 = CIRCLE ( 'NONE', #1733, 2.999999999999999112 ) ;
#1404 = ORIENTED_EDGE ( 'NONE', *, *, #1922, .T. ) ;
#1403 = ADVANCED_FACE ( 'NONE', ( #3407 ), #6606, .F. ) ;
#1405 = DIRECTION ( 'NONE',  ( 0.7114425483935503669, 0.7027442638224027371, 0.000000000000000000 ) ) ;
#1406 = CARTESIAN_POINT ( 'NONE',  ( 26.14477099867147203, -12.51215245581865609, 21.99999800000000150 ) ) ;
#1407 = CARTESIAN_POINT ( 'NONE',  ( -8.452585553732060220, 20.38920938396544003, -51.51130653911998536 ) ) ;
#1408 = CARTESIAN_POINT ( 'NONE',  ( -8.399679074061729978, -17.81096349346800878, -32.80041777998817309 ) ) ;
#1409 = DIRECTION ( 'NONE',  ( 0.000000000000000000, 0.000000000000000000, -1.000000000000000000 ) ) ;
#1410 = ORIENTED_EDGE ( 'NONE', *, *, #4246, .T. ) ;
#1411 = CARTESIAN_POINT ( 'NONE',  ( 32.33349227759008215, -8.733150561326638694, 18.40359731999999937 ) ) ;
#1412 = CIRCLE ( 'NONE', #9964, 1.520000000000000462 ) ;
#1413 = EDGE_CURVE ( 'NONE', #1638, #7844, #7453, .T. ) ;
#1414 = ORIENTED_EDGE ( 'NONE', *, *, #7525, .T. ) ;
#1415 = DIRECTION ( 'NONE',  ( 0.7027442638224196125, -0.7114425483935337136, -0.000000000000000000 ) ) ;
#1416 = LINE ( 'NONE', #6243, #6266 ) ;
#1417 = ORIENTED_EDGE ( 'NONE', *, *, #8981, .F. ) ;
#1418 = CARTESIAN_POINT ( 'NONE',  ( 23.21033648457407139, 24.19487929727855047, 23.14124125523812836 ) ) ;
#1419 = CARTESIAN_POINT ( 'NONE',  ( 11.23043847095200753, -6.819414077215271597, 31.63375372154084175 ) ) ;
#1420 = DIRECTION ( 'NONE',  ( 0.000000000000000000, 0.000000000000000000, 1.000000000000000000 ) ) ;
#1421 = VECTOR ( 'NONE', #7276, 1000.000000000000000 ) ;
#1422 = DIRECTION ( 'NONE',  ( 0.7027442638224175031, -0.7114425483935358230, 0.000000000000000000 ) ) ;
#1423 = CARTESIAN_POINT ( 'NONE',  ( -3.683785251877332634, 14.22764736562128896, -51.59041577998818440 ) ) ;
#1424 = ADVANCED_FACE ( 'NONE', ( #2562 ), #248, .F. ) ;
#1425 = VERTEX_POINT ( 'NONE', #4291 ) ;
#1426 = LINE ( 'NONE', #3893, #5806 ) ;
#1427 = ORIENTED_EDGE ( 'NONE', *, *, #8052, .T. ) ;
#1428 = ORIENTED_EDGE ( 'NONE', *, *, #227, .T. ) ;
#1429 = CARTESIAN_POINT ( 'NONE',  ( 36.19477099867147274, -12.51215245581865609, 21.99999800000000150 ) ) ;
#1430 = AXIS2_PLACEMENT_3D ( 'NONE', #595, #750, #3178 ) ;
#1431 = ORIENTED_EDGE ( 'NONE', *, *, #2710, .T. ) ;
#1432 = CARTESIAN_POINT ( 'NONE',  ( 25.81716233851467024, -27.15139527456193846, 23.08636224920362778 ) ) ;
#1433 = LINE ( 'NONE', #1491, #4263 ) ;
#1434 = ORIENTED_EDGE ( 'NONE', *, *, #3018, .F. ) ;
#1435 = ADVANCED_FACE ( 'NONE', ( #9923 ), #8137, .T. ) ;
#1436 = CARTESIAN_POINT ( 'NONE',  ( 44.85549282690607242, -9.733150561326645800, 19.20359732000000008 ) ) ;
#1437 = CARTESIAN_POINT ( 'NONE',  ( 8.630438470952363161, 5.206785556416654082, 22.99999800000001215 ) ) ;
#1438 = EDGE_CURVE ( 'NONE', #7734, #6426, #2004, .T. ) ;
#1439 =( REPRESENTATION_RELATIONSHIP ('NONE','NONE', #9115, #7709 ) REPRESENTATION_RELATIONSHIP_WITH_TRANSFORMATION ( #3880 )SHAPE_REPRESENTATION_RELATIONSHIP( ) );
#1440 = CARTESIAN_POINT ( 'NONE',  ( 20.86549410864508403, 0.6268492555683596867, 21.40359731999999937 ) ) ;
#1441 = EDGE_LOOP ( 'NONE', ( #6827, #9146, #469, #6605 ) ) ;
#1442 = DIRECTION ( 'NONE',  ( -0.000000000000000000, -0.000000000000000000, 1.000000000000000000 ) ) ;
#1443 = DIRECTION ( 'NONE',  ( -0.000000000000000000, 1.000000000000000000, 0.000000000000000000 ) ) ;
#1444 = ORIENTED_EDGE ( 'NONE', *, *, #4714, .T. ) ;
#1445 = CARTESIAN_POINT ( 'NONE',  ( 23.86407055849338477, -27.15935283088423802, 22.98032446389584749 ) ) ;
#1446 = DIRECTION ( 'NONE',  ( 0.000000000000000000, 0.000000000000000000, -1.000000000000000000 ) ) ;
#1447 = DIRECTION ( 'NONE',  ( -1.000000000000000000, 0.000000000000000000, 0.000000000000000000 ) ) ;
#1448 = PLANE ( 'NONE',  #7966 ) ;
#1449 = VERTEX_POINT ( 'NONE', #9716 ) ;
#1450 = DIRECTION ( 'NONE',  ( 0.7027442638224198346, -0.7114425483935333805, 0.000000000000000000 ) ) ;
#1451 = CARTESIAN_POINT ( 'NONE',  ( -8.462070564816738028, 20.68312547623697384, -53.86130829337657389 ) ) ;
#1452 = CIRCLE ( 'NONE', #8500, 1.000000000000000888 ) ;
#1453 = ORIENTED_EDGE ( 'NONE', *, *, #9491, .T. ) ;
#1454 = CIRCLE ( 'NONE', #606, 0.05000000000000143219 ) ;
#1455 = LINE ( 'NONE', #4598, #4171 ) ;
#1456 = CARTESIAN_POINT ( 'NONE',  ( -43.70110514382310640, 16.08644470251613967, -32.80041777998817309 ) ) ;
#1457 = CARTESIAN_POINT ( 'NONE',  ( 46.81534232812778384, -1.512542087101967248, 8.999997999999999720 ) ) ;
#1458 = DIRECTION ( 'NONE',  ( -1.000000000000000000, 0.000000000000000000, 0.000000000000000000 ) ) ;
#1459 = FACE_OUTER_BOUND ( 'NONE', #7118, .T. ) ;
#1460 = ORIENTED_EDGE ( 'NONE', *, *, #5700, .T. ) ;
#1461 = VECTOR ( 'NONE', #4053, 1000.000000000000000 ) ;
#1462 = VECTOR ( 'NONE', #682, 1000.000000000000000 ) ;
#1463 = AXIS2_PLACEMENT_3D ( 'NONE', #7298, #1840, #8050 ) ;
#1464 = APPLICATION_PROTOCOL_DEFINITION ( 'draft international standard', 'automotive_design', 1998, #8480 ) ;
#1465 = CIRCLE ( 'NONE', #5318, 0.6000000000000033085 ) ;
#1466 = EDGE_LOOP ( 'NONE', ( #9783, #9581, #9996, #10111, #9842, #4148, #4304, #6601 ) ) ;
#1467 = LINE ( 'NONE', #3150, #4644 ) ;
#1468 = CARTESIAN_POINT ( 'NONE',  ( 26.05949410864507598, -2.967150744431629850, 19.20359732000000008 ) ) ;
#1469 = EDGE_CURVE ( 'NONE', #117, #9817, #2513, .T. ) ;
#1470 = CIRCLE ( 'NONE', #8846, 3.000000000000002665 ) ;
#1471 = VERTEX_POINT ( 'NONE', #9336 ) ;
#1472 = CARTESIAN_POINT ( 'NONE',  ( 25.34439736081971262, 24.13891749034280920, 22.92558961967914755 ) ) ;
#1473 = DIRECTION ( 'NONE',  ( 1.000000000000000000, 0.000000000000000000, 0.000000000000000000 ) ) ;
#1474 = FACE_OUTER_BOUND ( 'NONE', #10277, .T. ) ;
#1475 = VECTOR ( 'NONE', #5772, 999.9999999999998863 ) ;
#1476 = EDGE_CURVE ( 'NONE', #5400, #791, #2196, .T. ) ;
#1477 = DIRECTION ( 'NONE',  ( 0.000000000000000000, 0.000000000000000000, -1.000000000000000000 ) ) ;
#1478 = FACE_OUTER_BOUND ( 'NONE', #1942, .T. ) ;
#1479 = AXIS2_PLACEMENT_3D ( 'NONE', #4009, #2431, #3859 ) ;
#1480 = ORIENTED_EDGE ( 'NONE', *, *, #1748, .F. ) ;
#1481 = COLOUR_RGB ( '',0.8980392156862745390, 0.9176470588235293713, 0.9294117647058823817 ) ;
#1482 = CARTESIAN_POINT ( 'NONE',  ( -24.69849011171242736, -24.56215207581349347, -40.80041777998818020 ) ) ;
#1483 = ORIENTED_EDGE ( 'NONE', *, *, #6415, .F. ) ;
#1484 = EDGE_CURVE ( 'NONE', #6294, #9409, #2491, .T. ) ;
#1485 = AXIS2_PLACEMENT_3D ( 'NONE', #7660, #9239, #5233 ) ;
#1486 = ORIENTED_EDGE ( 'NONE', *, *, #10106, .T. ) ;
#1487 = DIRECTION ( 'NONE',  ( 1.000000000000000000, 0.000000000000000000, 0.000000000000000000 ) ) ;
#1488 = ORIENTED_EDGE ( 'NONE', *, *, #8801, .F. ) ;
#1489 = FACE_BOUND ( 'NONE', #429, .T. ) ;
#1490 = CIRCLE ( 'NONE', #8525, 1.000000000000000888 ) ;
#1491 = CARTESIAN_POINT ( 'NONE',  ( 43.85549282690606532, -8.733150561326636918, 19.20359732000000008 ) ) ;
#1492 = ORIENTED_EDGE ( 'NONE', *, *, #6387, .F. ) ;
#1493 = ADVANCED_FACE ( 'NONE', ( #410 ), #6031, .F. ) ;
#1494 = CARTESIAN_POINT ( 'NONE',  ( -2.813095302337355719, 14.79068311973153094, -51.02851810628563811 ) ) ;
#1495 = VECTOR ( 'NONE', #7590, 1000.000000000000000 ) ;
#1496 = LINE ( 'NONE', #10156, #782 ) ;
#1497 = CYLINDRICAL_SURFACE ( 'NONE', #7178, 0.7999999999999986011 ) ;
#1498 = ORIENTED_EDGE ( 'NONE', *, *, #8863, .T. ) ;
#1499 = CARTESIAN_POINT ( 'NONE',  ( 35.99477099867148411, -1.512152455818657204, 23.19999800000000079 ) ) ;
#1500 = DIRECTION ( 'NONE',  ( 1.000000000000000000, 0.000000000000000000, 0.000000000000000000 ) ) ;
#1501 = ORIENTED_EDGE ( 'NONE', *, *, #37, .T. ) ;
#1502 = AXIS2_PLACEMENT_3D ( 'NONE', #3677, #4412, #6880 ) ;
#1503 = DIRECTION ( 'NONE',  ( 0.000000000000000000, 0.000000000000000000, 1.000000000000000000 ) ) ;
#1504 = VECTOR ( 'NONE', #6865, 1000.000000000000000 ) ;
#1505 = CARTESIAN_POINT ( 'NONE',  ( -1.051509888288917116, -1.512152455818657204, 18.40359731999999937 ) ) ;
#1506 = DIRECTION ( 'NONE',  ( -1.000000000000000000, 0.000000000000000000, 0.000000000000000000 ) ) ;
#1507 = ORIENTED_EDGE ( 'NONE', *, *, #3082, .F. ) ;
#1508 = DIRECTION ( 'NONE',  ( -0.000000000000000000, -0.000000000000000000, 1.000000000000000000 ) ) ;
#1509 = ADVANCED_FACE ( 'NONE', ( #7566 ), #2876, .T. ) ;
#1510 = ADVANCED_FACE ( 'NONE', ( #3559 ), #1152, .F. ) ;
#1511 = DIRECTION ( 'NONE',  ( -0.000000000000000000, -0.000000000000000000, -1.000000000000000000 ) ) ;
#1512 = VECTOR ( 'NONE', #5031, 1000.000000000000000 ) ;
#1513 = AXIS2_PLACEMENT_3D ( 'NONE', #7010, #7807, #2235 ) ;
#1514 = ORIENTED_EDGE ( 'NONE', *, *, #3602, .T. ) ;
#1515 = DIRECTION ( 'NONE',  ( 1.000000000000000000, 0.000000000000000000, 0.000000000000000000 ) ) ;
#1516 = CARTESIAN_POINT ( 'NONE',  ( -9.123025853862856138, 19.73421269018723478, -51.59041577998819861 ) ) ;
#1517 = CARTESIAN_POINT ( 'NONE',  ( -8.457001071010122217, 20.39209447807046516, -51.59041577998819150 ) ) ;
#1518 = CYLINDRICAL_SURFACE ( 'NONE', #1989, 0.9999999999999974465 ) ;
#1519 = CARTESIAN_POINT ( 'NONE',  ( -1.005769008743148785, 0.5708896981427787898, 18.40359731999999937 ) ) ;
#1520 = ORIENTED_EDGE ( 'NONE', *, *, #2051, .T. ) ;
#1521 = AXIS2_PLACEMENT_3D ( 'NONE', #6222, #546, #3864 ) ;
#1522 = ORIENTED_EDGE ( 'NONE', *, *, #5541, .F. ) ;
#1523 = CARTESIAN_POINT ( 'NONE',  ( 50.48701472144077229, -1.512152455818657204, 18.40359731999999937 ) ) ;
#1524 = CARTESIAN_POINT ( 'NONE',  ( 18.04445771906733853, -6.724021125491290718, 18.40359731999999937 ) ) ;
#1525 = EDGE_LOOP ( 'NONE', ( #7971, #2855, #9257, #8130 ) ) ;
#1526 = CARTESIAN_POINT ( 'NONE',  ( 24.52357479086279568, 24.14411394345750850, 22.84808762429948459 ) ) ;
#1527 = DIRECTION ( 'NONE',  ( 1.462890879734001726E-19, 1.610801296603465303E-20, -1.000000000000000000 ) ) ;
#1528 = DIRECTION ( 'NONE',  ( 0.000000000000000000, 0.000000000000000000, 1.000000000000000000 ) ) ;
#1529 = DIRECTION ( 'NONE',  ( 0.000000000000000000, 0.000000000000000000, 1.000000000000000000 ) ) ;
#1530 = CARTESIAN_POINT ( 'NONE',  ( 9.630438470952455532, -3.563214443583345492, 8.998998000000000275 ) ) ;
#1531 = EDGE_CURVE ( 'NONE', #5383, #6019, #7693, .T. ) ;
#1532 = EDGE_LOOP ( 'NONE', ( #7236, #3499, #467, #2102 ) ) ;
#1533 = CARTESIAN_POINT ( 'NONE',  ( -43.70110514382310640, 16.08644470251613967, -40.80041777998818020 ) ) ;
#1534 = ORIENTED_EDGE ( 'NONE', *, *, #2331, .F. ) ;
#1535 = B_SPLINE_CURVE_WITH_KNOTS ( 'NONE', 3,
 ( #9287, #561, #3615, #6914, #4357, #2990, #6967, #10033, #6189, #1935, #5981, #4502, #5136, #6036, #2088, #9242, #5285, #8355, #2040, #5237, #8456, #7569, #9976, #1256, #4451, #8503, #7665, #3668, #6870, #7721, #512, #10128, #7324, #2201, #8854, #5747 ),
 .UNSPECIFIED., .F., .F.,
 ( 4, 2, 2, 2, 2, 1, 2, 2, 1, 2, 2, 2, 2, 2, 2, 2, 2, 2, 4 ),
 ( 0.000000000000000000, 0.06249999999999683586, 0.09374999999999392153, 0.1249999999999910072, 0.1562499999999880929, 0.1718749999999821254, 0.1796874999999829581, 0.1874999999999838185, 0.2187499999999910627, 0.2343749999999971689, 0.2500000000000033307, 0.3125000000000218714, 0.3437500000000339173, 0.3750000000000460187, 0.4375000000000583422, 0.4687500000000641709, 0.5000000000000700551, 0.7500000000000350830, 1.000000000000000000 ),
 .UNSPECIFIED. ) ;
#1536 = EDGE_CURVE ( 'NONE', #963, #1261, #8449, .T. ) ;
#1537 = ORIENTED_EDGE ( 'NONE', *, *, #5219, .F. ) ;
#1538 = DIRECTION ( 'NONE',  ( 0.000000000000000000, 0.000000000000000000, -1.000000000000000000 ) ) ;
#1539 = EDGE_LOOP ( 'NONE', ( #4047, #2042, #6733, #528 ) ) ;
#1540 = DIRECTION ( 'NONE',  ( -0.7114425483935286065, 0.7027442638224247196, 0.000000000000000000 ) ) ;
#1541 = DIRECTION ( 'NONE',  ( 0.000000000000000000, 0.000000000000000000, 1.000000000000000000 ) ) ;
#1542 = ORIENTED_EDGE ( 'NONE', *, *, #9167, .F. ) ;
#1543 = FACE_BOUND ( 'NONE', #5378, .T. ) ;
#1544 = CARTESIAN_POINT ( 'NONE',  ( -2.596113910731133512, 14.45866362446839659, -138.7821617105083760 ) ) ;
#1545 = CARTESIAN_POINT ( 'NONE',  ( 11.05355120219542719, 2.686785556416294796, 21.40359731999999937 ) ) ;
#1546 = EDGE_CURVE ( 'NONE', #8800, #8291, #2985, .T. ) ;
#1547 = VERTEX_POINT ( 'NONE', #10123 ) ;
#1549 = EDGE_CURVE ( 'NONE', #1822, #10221, #7353, .T. ) ;
#1548 = CARTESIAN_POINT ( 'NONE',  ( 26.89477099867147203, -1.512152455818657648, 21.99999800000000150 ) ) ;
#1550 = CARTESIAN_POINT ( 'NONE',  ( 24.69849011171107023, 7.006785556416298633, 21.40359731999999937 ) ) ;
#1551 = ORIENTED_EDGE ( 'NONE', *, *, #10094, .T. ) ;
#1552 = CARTESIAN_POINT ( 'NONE',  ( 39.20749282690607629, -9.733150561326645800, 19.20359732000000008 ) ) ;
#1553 = VECTOR ( 'NONE', #3158, 1000.000000000000000 ) ;
#1554 = DIRECTION ( 'NONE',  ( -1.000000000000000000, 0.000000000000000000, 0.000000000000000000 ) ) ;
#1555 = DIRECTION ( 'NONE',  ( -0.000000000000000000, -0.000000000000000000, 1.000000000000000000 ) ) ;
#1556 = ORIENTED_EDGE ( 'NONE', *, *, #4356, .F. ) ;
#1557 = CARTESIAN_POINT ( 'NONE',  ( 9.082623226170039032, 7.206785556416294369, 28.54200327493162348 ) ) ;
#1558 = CARTESIAN_POINT ( 'NONE',  ( 20.86549410864508403, 0.6268492555683596867, 21.40359731999999937 ) ) ;
#1559 = DIRECTION ( 'NONE',  ( 0.000000000000000000, 0.000000000000000000, 1.000000000000000000 ) ) ;
#1560 = CIRCLE ( 'NONE', #7087, 0.9999999999999991118 ) ;
#1561 = EDGE_CURVE ( 'NONE', #8563, #5211, #2665, .T. ) ;
#1562 = EDGE_CURVE ( 'NONE', #3310, #9615, #4448, .T. ) ;
#1563 = CARTESIAN_POINT ( 'NONE',  ( -24.69849011171107378, -1.512152455818657204, -40.80041777998818020 ) ) ;
#1564 = CARTESIAN_POINT ( 'NONE',  ( 28.09477099867147487, -12.51215245581865609, 21.99999800000000150 ) ) ;
#1565 = CARTESIAN_POINT ( 'NONE',  ( -8.150974391252347573, 20.45214284498390001, -50.89629678572865856 ) ) ;
#1566 = CARTESIAN_POINT ( 'NONE',  ( 31.54477099867147061, -12.51215245581865609, 21.99999800000000150 ) ) ;
#1567 = CARTESIAN_POINT ( 'NONE',  ( 9.129233762251150353, 7.426722893499331235, 21.96359842000000029 ) ) ;
#1568 = ORIENTED_EDGE ( 'NONE', *, *, #1371, .T. ) ;
#1569 = CIRCLE ( 'NONE', #8452, 2.550000000000000266 ) ;
#1570 = CIRCLE ( 'NONE', #4916, 24.09999999999566000 ) ;
#1571 = EDGE_CURVE ( 'NONE', #6772, #8383, #9396, .T. ) ;
#1572 = ORIENTED_EDGE ( 'NONE', *, *, #5577, .T. ) ;
#1573 = CARTESIAN_POINT ( 'NONE',  ( 26.05949410864507598, 0.4268492555683537915, 19.20359732000000008 ) ) ;
#1574 = CARTESIAN_POINT ( 'NONE',  ( -8.701379295569401151, 19.30734716115111382, -54.25041577998818099 ) ) ;
#1575 = VERTEX_POINT ( 'NONE', #557 ) ;
#1576 = CARTESIAN_POINT ( 'NONE',  ( 23.82091750119839446, 24.13399757281489855, 22.99476453162845146 ) ) ;
#1577 = CARTESIAN_POINT ( 'NONE',  ( 32.33349227759008215, -8.733150561326638694, 19.20359732000000008 ) ) ;
#1578 = DIRECTION ( 'NONE',  ( -1.000000000000000000, 1.761828530288947861E-15, 0.000000000000000000 ) ) ;
#1579 = CARTESIAN_POINT ( 'NONE',  ( -24.69849011171107378, -1.512152455818657204, -56.00041577998818099 ) ) ;
#1580 = DIRECTION ( 'NONE',  ( 1.000000000000000000, 0.000000000000000000, 0.000000000000000000 ) ) ;
#1581 = VECTOR ( 'NONE', #1722, 1000.000000000000000 ) ;
#1582 = VECTOR ( 'NONE', #1555, 1000.000000000000000 ) ;
#1583 = ORIENTED_EDGE ( 'NONE', *, *, #2906, .F. ) ;
#1584 = CARTESIAN_POINT ( 'NONE',  ( 35.98149227759007118, -14.01615056132663995, 19.20359732000000008 ) ) ;
#1585 = ORIENTED_EDGE ( 'NONE', *, *, #3809, .F. ) ;
#1586 = ORIENTED_EDGE ( 'NONE', *, *, #5768, .F. ) ;
#1587 = EDGE_CURVE ( 'NONE', #8367, #6241, #9971, .T. ) ;
#1588 = ORIENTED_EDGE ( 'NONE', *, *, #8789, .F. ) ;
#1589 = DIRECTION ( 'NONE',  ( -0.000000000000000000, -0.000000000000000000, -1.000000000000000000 ) ) ;
#1590 = ORIENTED_EDGE ( 'NONE', *, *, #2848, .F. ) ;
#1591 = VECTOR ( 'NONE', #7180, 1000.000000000000000 ) ;
#1592 = EDGE_CURVE ( 'NONE', #10234, #3455, #10077, .T. ) ;
#1593 = CARTESIAN_POINT ( 'NONE',  ( -2.753848202400235756, 14.70181042967497120, -51.08038190691320324 ) ) ;
#1594 = DIRECTION ( 'NONE',  ( 1.000000000000000000, 0.000000000000000000, 0.000000000000000000 ) ) ;
#1595 = CIRCLE ( 'NONE', #7471, 1.520000000000000462 ) ;
#1596 = LINE ( 'NONE', #8641, #4479 ) ;
#1597 = ORIENTED_EDGE ( 'NONE', *, *, #7874, .F. ) ;
#1598 = DIRECTION ( 'NONE',  ( 0.000000000000000000, 0.000000000000000000, 1.000000000000000000 ) ) ;
#1599 = CARTESIAN_POINT ( 'NONE',  ( 39.64477099867147558, 9.487847544181342130, 22.99999800000001215 ) ) ;
#1600 = ORIENTED_EDGE ( 'NONE', *, *, #5629, .F. ) ;
#1601 = EDGE_CURVE ( 'NONE', #6991, #8995, #5187, .T. ) ;
#1602 = LINE ( 'NONE', #4952, #9900 ) ;
#1603 = DIRECTION ( 'NONE',  ( 1.000000000000000000, 0.000000000000000000, 0.000000000000000000 ) ) ;
#1604 = DIRECTION ( 'NONE',  ( -1.000000000000000000, 0.000000000000000000, 0.000000000000000000 ) ) ;
#1605 = ORIENTED_EDGE ( 'NONE', *, *, #269, .T. ) ;
#1606 = AXIS2_PLACEMENT_3D ( 'NONE', #10112, #2181, #9322 ) ;
#1607 = CYLINDRICAL_SURFACE ( 'NONE', #5748, 24.09999999999566000 ) ;
#1608 = ADVANCED_FACE ( 'NONE', ( #2084 ), #4398, .T. ) ;
#1609 = CARTESIAN_POINT ( 'NONE',  ( -21.94849011171107378, 21.53784716417644063, -40.80041777998818020 ) ) ;
#1610 = CARTESIAN_POINT ( 'NONE',  ( -3.683785251877332634, 14.22764736562128896, -50.99041577998818298 ) ) ;
#1611 = DIRECTION ( 'NONE',  ( -1.000000000000000000, -5.421010862430005110E-16, 0.000000000000000000 ) ) ;
#1612 = ADVANCED_FACE ( 'NONE', ( #3709 ), #10024, .F. ) ;
#1613 = CARTESIAN_POINT ( 'NONE',  ( -7.951688768616167025, 20.04787177364163142, -50.99041577998819008 ) ) ;
#1614 = CYLINDRICAL_SURFACE ( 'NONE', #6346, 0.7500000000000006661 ) ;
#1615 = DIRECTION ( 'NONE',  ( -1.000000000000000000, -1.355252715607189184E-16, 0.000000000000000000 ) ) ;
#1616 = ORIENTED_EDGE ( 'NONE', *, *, #7993, .F. ) ;
#1617 = ADVANCED_FACE ( 'NONE', ( #6234 ), #1614, .F. ) ;
#1618 = EDGE_CURVE ( 'NONE', #7684, #226, #10383, .T. ) ;
#1619 = AXIS2_PLACEMENT_3D ( 'NONE', #4214, #5844, #1061 ) ;
#1620 = EDGE_CURVE ( 'NONE', #1645, #8215, #3141, .T. ) ;
#1621 = ORIENTED_EDGE ( 'NONE', *, *, #841, .F. ) ;
#1622 = VECTOR ( 'NONE', #10002, 1000.000000000000000 ) ;
#1623 = ORIENTED_EDGE ( 'NONE', *, *, #5566, .F. ) ;
#1624 = DIRECTION ( 'NONE',  ( -0.000000000000000000, -0.000000000000000000, -1.000000000000000000 ) ) ;
#1625 = CARTESIAN_POINT ( 'NONE',  ( 1.931601193216472057, 0.5709414337378492244, 8.999997999999999720 ) ) ;
#1626 = ADVANCED_BREP_SHAPE_REPRESENTATION ( '', ( #7254, #5331 ), #8857 ) ;
#1627 = ORIENTED_EDGE ( 'NONE', *, *, #10231, .T. ) ;
#1628 = CARTESIAN_POINT ( 'NONE',  ( 25.95946915742726091, 24.12216570203806043, 23.14863171928460517 ) ) ;
#1629 = CARTESIAN_POINT ( 'NONE',  ( 1.931612641598686730, -0.07905856616133717651, 3.496201133462653043 ) ) ;
#1630 = DIRECTION ( 'NONE',  ( 1.000000000000000000, 0.000000000000000000, 0.000000000000000000 ) ) ;
#1631 = VECTOR ( 'NONE', #3516, 1000.000000000000000 ) ;
#1632 = ADVANCED_FACE ( 'NONE', ( #5595 ), #9553, .F. ) ;
#1633 = AXIS2_PLACEMENT_3D ( 'NONE', #3693, #4631, #7857 ) ;
#1634 = DIRECTION ( 'NONE',  ( -1.000000000000000000, 0.000000000000000000, 0.000000000000000000 ) ) ;
#1635 = DIRECTION ( 'NONE',  ( -1.000000000000000000, 0.000000000000000000, 0.000000000000000000 ) ) ;
#1636 = AXIS2_PLACEMENT_3D ( 'NONE', #661, #7920, #8490 ) ;
#1637 = AXIS2_PLACEMENT_3D ( 'NONE', #9762, #986, #9658 ) ;
#1638 = VERTEX_POINT ( 'NONE', #2299 ) ;
#1639 = FACE_BOUND ( 'NONE', #6114, .T. ) ;
#1640 = ORIENTED_EDGE ( 'NONE', *, *, #1413, .T. ) ;
#1641 = ORIENTED_EDGE ( 'NONE', *, *, #5892, .T. ) ;
#1642 = VECTOR ( 'NONE', #6048, 1000.000000000000000 ) ;
#1643 = VERTEX_POINT ( 'NONE', #6393 ) ;
#1644 = DIRECTION ( 'NONE',  ( 1.000000000000000000, 0.000000000000000000, 0.000000000000000000 ) ) ;
#1645 = VERTEX_POINT ( 'NONE', #3040 ) ;
#1646 = AXIS2_PLACEMENT_3D ( 'NONE', #1702, #9792, #61 ) ;
#1647 = CARTESIAN_POINT ( 'NONE',  ( 28.19145600356559456, 2.024047956598705955, 23.19999800000000079 ) ) ;
#1648 = PLANE ( 'NONE',  #5308 ) ;
#1649 = CYLINDRICAL_SURFACE ( 'NONE', #7664, 25.78852460972969851 ) ;
#1650 = ORIENTED_EDGE ( 'NONE', *, *, #6942, .F. ) ;
#1651 = CARTESIAN_POINT ( 'NONE',  ( 39.64477099867147558, -12.51215245581865609, 21.99999800000000150 ) ) ;
#1652 = LINE ( 'NONE', #8955, #9654 ) ;
#1653 = VERTEX_POINT ( 'NONE', #9647 ) ;
#1654 = CARTESIAN_POINT ( 'NONE',  ( 26.28621100701935731, 23.98846797503754047, 23.19999800000000079 ) ) ;
#1655 = CARTESIAN_POINT ( 'NONE',  ( -8.479594318002176223, 20.69589606792182579, -51.59041577998818440 ) ) ;
#1656 = PLANE ( 'NONE',  #3728 ) ;
#1657 = VERTEX_POINT ( 'NONE', #5497 ) ;
#1658 = PRODUCT_DEFINITION_FORMATION_WITH_SPECIFIED_SOURCE ( '任何', '', #5061, .NOT_KNOWN. ) ;
#1659 = AXIS2_PLACEMENT_3D ( 'NONE', #400, #4485, #1242 ) ;
#1660 = DIRECTION ( 'NONE',  ( 0.000000000000000000, 0.000000000000000000, 1.000000000000000000 ) ) ;
#1661 = CARTESIAN_POINT ( 'NONE',  ( 23.94558301934076638, 24.13686866024140087, 22.95486052624680440 ) ) ;
#1662 = CONICAL_SURFACE ( 'NONE', #7722, 27.49999999999999645, 0.7853981633974569387 ) ;
#1663 = CIRCLE ( 'NONE', #9548, 1.520000000000000462 ) ;
#1664 = DIRECTION ( 'NONE',  ( 0.000000000000000000, 0.000000000000000000, 1.000000000000000000 ) ) ;
#1665 = DIRECTION ( 'NONE',  ( -0.000000000000000000, -0.000000000000000000, -1.000000000000000000 ) ) ;
#1666 = CARTESIAN_POINT ( 'NONE',  ( -8.270877912322267989, 20.54196081690961861, -51.00482120141000308 ) ) ;
#1667 = EDGE_CURVE ( 'NONE', #5817, #9048, #8027, .T. ) ;
#1668 = CARTESIAN_POINT ( 'NONE',  ( -2.878060467863001293, 14.88663898132440444, -54.24277971889056005 ) ) ;
#1669 = CARTESIAN_POINT ( 'NONE',  ( 40.20749282690607629, -9.733150561326636918, 18.40359731999999937 ) ) ;
#1670 = ORIENTED_EDGE ( 'NONE', *, *, #1045, .T. ) ;
#1671 = VECTOR ( 'NONE', #6302, 1000.000000000000000 ) ;
#1672 = AXIS2_PLACEMENT_3D ( 'NONE', #10286, #6340, #3088 ) ;
#1673 = ITEM_DEFINED_TRANSFORMATION ( 'NONE', 'NONE', #8537,  #5331 ) ;
#1674 = ORIENTED_EDGE ( 'NONE', *, *, #1215, .T. ) ;
#1675 = ORIENTED_EDGE ( 'NONE', *, *, #7983, .F. ) ;
#1676 = FACE_OUTER_BOUND ( 'NONE', #4730, .T. ) ;
#1677 = LINE ( 'NONE', #8086, #1581 ) ;
#1678 = EDGE_CURVE ( 'NONE', #3009, #7609, #9038, .T. ) ;
#1679 = VERTEX_POINT ( 'NONE', #671 ) ;
#1680 = CARTESIAN_POINT ( 'NONE',  ( 25.75782750760208017, 24.21612723289146984, 22.95290482456480063 ) ) ;
#1681 = DIRECTION ( 'NONE',  ( 1.000000000000000000, 0.000000000000000000, 0.000000000000000000 ) ) ;
#1682 = CARTESIAN_POINT ( 'NONE',  ( 34.24477099867146990, -12.51215245581865609, 23.19999800000000079 ) ) ;
#1683 = EDGE_CURVE ( 'NONE', #5551, #9417, #3836, .T. ) ;
#1684 = FACE_OUTER_BOUND ( 'NONE', #3847, .T. ) ;
#1685 = AXIS2_PLACEMENT_3D ( 'NONE', #8942, #9833, #1845 ) ;
#1686 = CYLINDRICAL_SURFACE ( 'NONE', #9023, 0.9999999999999991118 ) ;
#1687 = ORIENTED_EDGE ( 'NONE', *, *, #9451, .F. ) ;
#1688 = LINE ( 'NONE', #2468, #4141 ) ;
#1689 = ORIENTED_EDGE ( 'NONE', *, *, #9175, .T. ) ;
#1690 = ADVANCED_FACE ( 'NONE', ( #717 ), #31, .T. ) ;
#1691 = ORIENTED_EDGE ( 'NONE', *, *, #8605, .T. ) ;
#1693 = ADVANCED_FACE ( 'NONE', ( #6341 ), #1518, .F. ) ;
#1692 = CARTESIAN_POINT ( 'NONE',  ( 40.08049337622308173, 12.47584852314636095, 18.40359731999999937 ) ) ;
#1694 = VERTEX_POINT ( 'NONE', #2249 ) ;
#1695 = CARTESIAN_POINT ( 'NONE',  ( 24.69849011171107378, -24.56215207581864135, 21.59999799999998160 ) ) ;
#1696 = VERTEX_POINT ( 'NONE', #2444 ) ;
#1697 = CARTESIAN_POINT ( 'NONE',  ( 36.98149282690607720, 7.065850720411353869, 19.20359732000000008 ) ) ;
#1698 = CARTESIAN_POINT ( 'NONE',  ( 43.85549337622306609, 6.319848523146355923, 19.20359732000000008 ) ) ;
#1699 = DIRECTION ( 'NONE',  ( 1.000000000000000000, 0.000000000000000000, 0.000000000000000000 ) ) ;
#1700 = ORIENTED_EDGE ( 'NONE', *, *, #6480, .T. ) ;
#1701 = ORIENTED_EDGE ( 'NONE', *, *, #6674, .F. ) ;
#1702 = CARTESIAN_POINT ( 'NONE',  ( 14.85349142309807391, -1.524148547166637835, 16.93468246290101575 ) ) ;
#1703 = DIRECTION ( 'NONE',  ( 0.000000000000000000, 0.000000000000000000, 1.000000000000000000 ) ) ;
#1704 = ORIENTED_EDGE ( 'NONE', *, *, #4724, .F. ) ;
#1705 = DIRECTION ( 'NONE',  ( 0.000000000000000000, 0.000000000000000000, -1.000000000000000000 ) ) ;
#1706 = DIRECTION ( 'NONE',  ( -3.154042683594195121E-16, -1.000000000000000000, 0.000000000000000000 ) ) ;
#1707 = EDGE_LOOP ( 'NONE', ( #7462, #3944, #897, #10259 ) ) ;
#1708 = DIRECTION ( 'NONE',  ( 0.000000000000000000, 0.000000000000000000, -1.000000000000000000 ) ) ;
#1709 = DIRECTION ( 'NONE',  ( 1.000000000000000000, 0.000000000000000000, 0.000000000000000000 ) ) ;
#1710 = CARTESIAN_POINT ( 'NONE',  ( 35.99477099867148411, -1.512152455818657204, 23.19999800000000079 ) ) ;
#1711 = CARTESIAN_POINT ( 'NONE',  ( -24.69849011171107378, -24.56215207581864135, -32.80041777998817309 ) ) ;
#1712 = LINE ( 'NONE', #132, #5948 ) ;
#1713 = CARTESIAN_POINT ( 'NONE',  ( -8.169126003904253253, 20.46580491639563704, -50.90959213239136716 ) ) ;
#1714 = CARTESIAN_POINT ( 'NONE',  ( -2.613748985586282547, 14.48634035370406714, -53.84498545854575724 ) ) ;
#1715 = DIRECTION ( 'NONE',  ( 0.000000000000000000, 0.000000000000000000, 1.000000000000000000 ) ) ;
#1716 = EDGE_LOOP ( 'NONE', ( #3674, #5885, #3278, #6315 ) ) ;
#1717 = ADVANCED_FACE ( 'NONE', ( #2400 ), #765, .T. ) ;
#1718 = AXIS2_PLACEMENT_3D ( 'NONE', #6123, #1511, #7655 ) ;
#1719 = ORIENTED_EDGE ( 'NONE', *, *, #2305, .F. ) ;
#1720 = ORIENTED_EDGE ( 'NONE', *, *, #9501, .T. ) ;
#1721 = DIRECTION ( 'NONE',  ( 0.000000000000000000, 0.000000000000000000, -1.000000000000000000 ) ) ;
#1722 = DIRECTION ( 'NONE',  ( -0.7071067811865536790, 0.000000000000000000, 0.7071067811865414665 ) ) ;
#1723 = VECTOR ( 'NONE', #3812, 1000.000000000000114 ) ;
#1724 = ORIENTED_EDGE ( 'NONE', *, *, #4260, .T. ) ;
#1725 = DIRECTION ( 'NONE',  ( 1.000000000000000000, 0.000000000000000000, 0.000000000000000000 ) ) ;
#1726 = LINE ( 'NONE', #8040, #1899 ) ;
#1727 = DIRECTION ( 'NONE',  ( 0.000000000000000000, 0.000000000000000000, -1.000000000000000000 ) ) ;
#1728 = CARTESIAN_POINT ( 'NONE',  ( 30.79477099867147061, -12.51215245581865609, 22.99999800000001215 ) ) ;
#1729 = CIRCLE ( 'NONE', #3256, 1.000000000000000000 ) ;
#1730 = CARTESIAN_POINT ( 'NONE',  ( -24.69849011171107378, 21.53784716418134693, -32.80041777998817309 ) ) ;
#1731 = EDGE_CURVE ( 'NONE', #7344, #3467, #7182, .T. ) ;
#1732 = CARTESIAN_POINT ( 'NONE',  ( 15.84674818352332260, 12.02291697121184200, 21.96359842000000029 ) ) ;
#1733 = AXIS2_PLACEMENT_3D ( 'NONE', #6235, #5548, #3822 ) ;
#1734 = VERTEX_POINT ( 'NONE', #9496 ) ;
#1735 = AXIS2_PLACEMENT_3D ( 'NONE', #7988, #9560, #9408 ) ;
#1736 = CARTESIAN_POINT ( 'NONE',  ( -8.399679074061923600, 14.78665858183135562, -32.80041777998817309 ) ) ;
#1737 = ORIENTED_EDGE ( 'NONE', *, *, #2022, .T. ) ;
#1738 = EDGE_LOOP ( 'NONE', ( #8148, #4772, #2987, #8887 ) ) ;
#1739 = CARTESIAN_POINT ( 'NONE',  ( -24.69849011171107378, -1.512152455818657204, -40.80041777998818020 ) ) ;
#1740 = ORIENTED_EDGE ( 'NONE', *, *, #4955, .T. ) ;
#1741 = EDGE_CURVE ( 'NONE', #10262, #9993, #7881, .T. ) ;
#1742 = DIRECTION ( 'NONE',  ( -0.7071067811865597852, 0.000000000000000000, -0.7071067811865352493 ) ) ;
#1743 = EDGE_LOOP ( 'NONE', ( #7045, #10200, #2537, #5109 ) ) ;
#1744 = CARTESIAN_POINT ( 'NONE',  ( -2.345354745069740954, 14.50619261890646605, -51.22355212502906596 ) ) ;
#1745 = CONICAL_SURFACE ( 'NONE', #9291, 27.49999999999999645, 0.7853981633974569387 ) ;
#1746 = EDGE_CURVE ( 'NONE', #2218, #8030, #3191, .T. ) ;
#1747 = LINE ( 'NONE', #9626, #2462 ) ;
#1748 = EDGE_CURVE ( 'NONE', #7299, #5371, #811, .T. ) ;
#1749 = DIRECTION ( 'NONE',  ( 0.000000000000000000, 0.000000000000000000, 1.000000000000000000 ) ) ;
#1750 = ORIENTED_EDGE ( 'NONE', *, *, #758, .F. ) ;
#1751 = ORIENTED_EDGE ( 'NONE', *, *, #2613, .F. ) ;
#1752 = CYLINDRICAL_SURFACE ( 'NONE', #1646, 1.580000000000001625 ) ;
#1753 = CARTESIAN_POINT ( 'NONE',  ( 25.77974090423957776, 24.21531664009022222, 22.96044227945260729 ) ) ;
#1754 = ORIENTED_EDGE ( 'NONE', *, *, #7343, .F. ) ;
#1755 = EDGE_CURVE ( 'NONE', #4570, #2060, #4657, .T. ) ;
#1756 = ADVANCED_FACE ( 'NONE', ( #1820 ), #8076, .F. ) ;
#1757 = CARTESIAN_POINT ( 'NONE',  ( 17.50349142309806538, -1.524148547166637613, 21.40359731999999937 ) ) ;
#1758 = CARTESIAN_POINT ( 'NONE',  ( 33.49477099867146990, -1.512152455818657204, 21.99999800000000150 ) ) ;
#1759 = DIRECTION ( 'NONE',  ( -1.000000000000000000, 0.000000000000000000, 0.000000000000000000 ) ) ;
#1760 = VERTEX_POINT ( 'NONE', #5018 ) ;
#1761 = CARTESIAN_POINT ( 'NONE',  ( 39.08049337622307462, -4.623571175818640633, 19.20359732000000008 ) ) ;
#1762 = ADVANCED_FACE ( 'NONE', ( #135 ), #6743, .T. ) ;
#1763 = LINE ( 'NONE', #6436, #9502 ) ;
#1764 = VECTOR ( 'NONE', #1983, 1000.000000000000000 ) ;
#1765 = CARTESIAN_POINT ( 'NONE',  ( 10.23043847095199688, 3.406785556417013527, 21.40359731999999937 ) ) ;
#1766 = CARTESIAN_POINT ( 'NONE',  ( 20.02849441382007711, 2.426849255568360508, 21.40359731999999937 ) ) ;
#1767 = FACE_OUTER_BOUND ( 'NONE', #680, .T. ) ;
#1768 = CARTESIAN_POINT ( 'NONE',  ( -8.462100111792091539, 20.68310944156547038, -51.40684068777667193 ) ) ;
#1769 = CARTESIAN_POINT ( 'NONE',  ( -2.600557328372690602, 14.46564875546023288, -53.74912355886419135 ) ) ;
#1770 = CARTESIAN_POINT ( 'NONE',  ( 38.89477099867147558, -1.512152455818657204, 21.99999800000000150 ) ) ;
#1771 = EDGE_LOOP ( 'NONE', ( #6365, #4621, #6452, #2091 ) ) ;
#1772 = VECTOR ( 'NONE', #3443, 1000.000000000000000 ) ;
#1773 = ORIENTED_EDGE ( 'NONE', *, *, #3741, .F. ) ;
#1774 = ORIENTED_EDGE ( 'NONE', *, *, #4197, .T. ) ;
#1775 = LINE ( 'NONE', #8976, #4815 ) ;
#1776 = DIRECTION ( 'NONE',  ( -1.000000000000000000, 0.000000000000000000, 0.000000000000000000 ) ) ;
#1777 = ORIENTED_EDGE ( 'NONE', *, *, #8268, .T. ) ;
#1778 = CARTESIAN_POINT ( 'NONE',  ( 23.17849011171107421, 21.53784716418134693, 21.59999799999998160 ) ) ;
#1779 = CARTESIAN_POINT ( 'NONE',  ( 27.09477099867146421, 9.487847544181342130, 23.19999800000000079 ) ) ;
#1780 = CYLINDRICAL_SURFACE ( 'NONE', #2732, 1.000000000000000888 ) ;
#1781 = LINE ( 'NONE', #5086, #7315 ) ;
#1782 = DIRECTION ( 'NONE',  ( -0.000000000000000000, -0.000000000000000000, -1.000000000000000000 ) ) ;
#1783 = CIRCLE ( 'NONE', #9675, 1.580000000000001625 ) ;
#1784 = ORIENTED_EDGE ( 'NONE', *, *, #5009, .F. ) ;
#1785 = DIRECTION ( 'NONE',  ( 0.000000000000000000, 0.000000000000000000, -1.000000000000000000 ) ) ;
#1786 = VERTEX_POINT ( 'NONE', #1975 ) ;
#1787 = ORIENTED_EDGE ( 'NONE', *, *, #5591, .F. ) ;
#1788 = AXIS2_PLACEMENT_3D ( 'NONE', #7148, #10201, #3108 ) ;
#1789 = LINE ( 'NONE', #8204, #6176 ) ;
#1790 = ORIENTED_EDGE ( 'NONE', *, *, #9777, .F. ) ;
#1791 = CARTESIAN_POINT ( 'NONE',  ( 24.69849011171107378, -1.512152455818657204, 96.03199646221435160 ) ) ;
#1792 = ADVANCED_FACE ( 'NONE', ( #7603 ), #4339, .F. ) ;
#1793 = ORIENTED_EDGE ( 'NONE', *, *, #9021, .F. ) ;
#1794 = VECTOR ( 'NONE', #8005, 1000.000000000000000 ) ;
#1795 = CARTESIAN_POINT ( 'NONE',  ( -2.538885084718360385, 14.77287264461349636, -50.89050629217327071 ) ) ;
#1796 = VECTOR ( 'NONE', #2077, 1000.000000000000000 ) ;
#1797 = DIRECTION ( 'NONE',  ( -0.000000000000000000, -0.000000000000000000, -1.000000000000000000 ) ) ;
#1798 = VECTOR ( 'NONE', #2992, 1000.000000000000000 ) ;
#1799 = ADVANCED_FACE ( 'NONE', ( #5270 ), #6068, .F. ) ;
#1800 = CARTESIAN_POINT ( 'NONE',  ( 17.67849142309807320, -1.524148547166637613, 23.19999800000000079 ) ) ;
#1801 = ORIENTED_EDGE ( 'NONE', *, *, #3901, .F. ) ;
#1802 = ORIENTED_EDGE ( 'NONE', *, *, #4995, .T. ) ;
#1803 = DIRECTION ( 'NONE',  ( 9.934539730264194206E-15, 1.000000000000000000, -0.000000000000000000 ) ) ;
#1804 = ORIENTED_EDGE ( 'NONE', *, *, #4201, .T. ) ;
#1805 = CARTESIAN_POINT ( 'NONE',  ( -8.217072989698968044, 20.23224270137234271, -51.08112030725619945 ) ) ;
#1806 = AXIS2_PLACEMENT_3D ( 'NONE', #8158, #6471, #5787 ) ;
#1807 = EDGE_CURVE ( 'NONE', #431, #2218, #4833, .T. ) ;
#1808 = CARTESIAN_POINT ( 'NONE',  ( 21.38329961164010129, -4.827342955889629472, 18.40359731999999937 ) ) ;
#1809 = AXIS2_PLACEMENT_3D ( 'NONE', #3221, #2382, #3907 ) ;
#1810 = ORIENTED_EDGE ( 'NONE', *, *, #4419, .F. ) ;
#1811 = CARTESIAN_POINT ( 'NONE',  ( 50.44849011171106667, -1.512152455818654095, 18.40359731999999937 ) ) ;
#1812 = CARTESIAN_POINT ( 'NONE',  ( 2.801509888288925776, -1.512152455818653873, -31.40041777998817096 ) ) ;
#1813 = AXIS2_PLACEMENT_3D ( 'NONE', #9684, #9897, #5896 ) ;
#1814 = CARTESIAN_POINT ( 'NONE',  ( -8.112300131445440599, 20.16042852619496273, -54.21888091581340774 ) ) ;
#1815 = DIRECTION ( 'NONE',  ( -1.000000000000000000, 0.000000000000000000, 0.000000000000000000 ) ) ;
#1816 = DIRECTION ( 'NONE',  ( 5.421010862430005110E-16, -1.000000000000000000, 0.000000000000000000 ) ) ;
#1817 = CARTESIAN_POINT ( 'NONE',  ( 25.97716827505984227, 24.08827500731477400, 23.11816608938723050 ) ) ;
#1818 = VECTOR ( 'NONE', #1985, 1000.000000000000000 ) ;
#1819 = EDGE_CURVE ( 'NONE', #6097, #8735, #4338, .T. ) ;
#1820 = FACE_OUTER_BOUND ( 'NONE', #8087, .T. ) ;
#1821 = LINE ( 'NONE', #5702, #2572 ) ;
#1822 = VERTEX_POINT ( 'NONE', #6022 ) ;
#1823 = EDGE_CURVE ( 'NONE', #9549, #2588, #3651, .T. ) ;
#1824 = CIRCLE ( 'NONE', #7196, 25.74999999999999289 ) ;
#1825 = ORIENTED_EDGE ( 'NONE', *, *, #8165, .F. ) ;
#1826 = ORIENTED_EDGE ( 'NONE', *, *, #9290, .T. ) ;
#1827 = DIRECTION ( 'NONE',  ( -0.000000000000000000, -0.000000000000000000, 1.000000000000000000 ) ) ;
#1828 = CARTESIAN_POINT ( 'NONE',  ( 11.25055410581079229, 18.74043139248407996, 40.75345354922610142 ) ) ;
#1829 = VERTEX_POINT ( 'NONE', #547 ) ;
#1830 = DIRECTION ( 'NONE',  ( 0.000000000000000000, -1.000000000000000000, 0.000000000000000000 ) ) ;
#1831 = DIRECTION ( 'NONE',  ( 1.000000000000000000, 0.000000000000000000, 0.000000000000000000 ) ) ;
#1832 = VECTOR ( 'NONE', #683, 1000.000000000000000 ) ;
#1833 = AXIS2_PLACEMENT_3D ( 'NONE', #2875, #8241, #4241 ) ;
#1834 = CARTESIAN_POINT ( 'NONE',  ( 11.43043847095200505, 7.323764546165906886, 21.40359731999999937 ) ) ;
#1835 = ORIENTED_EDGE ( 'NONE', *, *, #2, .T. ) ;
#1836 = LINE ( 'NONE', #5879, #1118 ) ;
#1837 = DIRECTION ( 'NONE',  ( -1.000000000000000000, 0.000000000000000000, 0.000000000000000000 ) ) ;
#1838 = AXIS2_PLACEMENT_3D ( 'NONE', #3026, #2286, #7752 ) ;
#1839 = EDGE_LOOP ( 'NONE', ( #5928, #8573, #3841, #6298 ) ) ;
#1840 = DIRECTION ( 'NONE',  ( 0.000000000000000000, 0.000000000000000000, 1.000000000000000000 ) ) ;
#1841 = EDGE_LOOP ( 'NONE', ( #4584, #8421, #260, #6931 ) ) ;
#1842 = VERTEX_POINT ( 'NONE', #9230 ) ;
#1843 = DIRECTION ( 'NONE',  ( -0.7071067811865597852, 8.659560562355083235E-17, 0.7071067811865352493 ) ) ;
#1844 = ORIENTED_EDGE ( 'NONE', *, *, #9390, .F. ) ;
#1845 = DIRECTION ( 'NONE',  ( -1.000000000000000000, 0.000000000000000000, 0.000000000000000000 ) ) ;
#1846 = ORIENTED_EDGE ( 'NONE', *, *, #5387, .F. ) ;
#1847 = CARTESIAN_POINT ( 'NONE',  ( -2.396130270111060945, 14.57681328210993676, -51.09179772271166797 ) ) ;
#1848 = ADVANCED_FACE ( 'NONE', ( #2028 ), #5225, .F. ) ;
#1849 = CARTESIAN_POINT ( 'NONE',  ( 1.931661972262772586, -2.879058568955646269, 3.496201133462653043 ) ) ;
#1850 = EDGE_CURVE ( 'NONE', #5945, #315, #7872, .T. ) ;
#1851 = DIRECTION ( 'NONE',  ( 1.000000000000000000, 0.000000000000000000, 0.000000000000000000 ) ) ;
#1852 = ORIENTED_EDGE ( 'NONE', *, *, #780, .F. ) ;
#1853 = ORIENTED_EDGE ( 'NONE', *, *, #4428, .T. ) ;
#1854 = CARTESIAN_POINT ( 'NONE',  ( 10.85349142309807569, -1.763214443583704494, 21.40359731999999937 ) ) ;
#1855 = ORIENTED_EDGE ( 'NONE', *, *, #437, .T. ) ;
#1856 = DIRECTION ( 'NONE',  ( 1.761694112589338835E-05, -0.9999999998448216854, 0.000000000000000000 ) ) ;
#1857 = DIRECTION ( 'NONE',  ( -2.547317879554923032E-16, 1.000000000000000000, 0.000000000000000000 ) ) ;
#1858 = CARTESIAN_POINT ( 'NONE',  ( -24.69849011171107378, -1.512152455818657204, -32.80041777998818020 ) ) ;
#1859 = ORIENTED_EDGE ( 'NONE', *, *, #899, .T. ) ;
#1860 = CARTESIAN_POINT ( 'NONE',  ( 24.69845459519792641, -3.528657575220178089, 18.40359731999999937 ) ) ;
#1861 = DIRECTION ( 'NONE',  ( 0.000000000000000000, 0.000000000000000000, 1.000000000000000000 ) ) ;
#1862 = EDGE_CURVE ( 'NONE', #6312, #3637, #134, .T. ) ;
#1863 = EDGE_CURVE ( 'NONE', #219, #2795, #6223, .T. ) ;
#1864 = CARTESIAN_POINT ( 'NONE',  ( -8.420810456959625157, 20.36838535570556985, -53.87192940561229904 ) ) ;
#1865 = CARTESIAN_POINT ( 'NONE',  ( 24.69849011171107378, -1.512152455818657204, 96.03199646221435160 ) ) ;
#1866 = CARTESIAN_POINT ( 'NONE',  ( 23.73499298507701383, -27.24412541412495159, 22.91900037447374316 ) ) ;
#1867 = LINE ( 'NONE', #9806, #7210 ) ;
#1868 = CARTESIAN_POINT ( 'NONE',  ( -2.625857006080789535, 14.50526739002073207, -53.89950060952816813 ) ) ;
#1869 = CARTESIAN_POINT ( 'NONE',  ( 23.52106251920852387, -27.23521922991099586, 22.99999799999999439 ) ) ;
#1870 = VERTEX_POINT ( 'NONE', #7169 ) ;
#1871 = AXIS2_PLACEMENT_3D ( 'NONE', #8276, #9952, #4957 ) ;
#1872 = EDGE_CURVE ( 'NONE', #8830, #6705, #10047, .T. ) ;
#1873 = ORIENTED_EDGE ( 'NONE', *, *, #7070, .F. ) ;
#1874 = ORIENTED_EDGE ( 'NONE', *, *, #2316, .T. ) ;
#1875 = EDGE_CURVE ( 'NONE', #9982, #10234, #7701, .T. ) ;
#1876 = CARTESIAN_POINT ( 'NONE',  ( 32.49477099867146279, -12.51215245581865609, 23.19999800000000079 ) ) ;
#1877 = CARTESIAN_POINT ( 'NONE',  ( -24.69849011171107378, -1.512152455818657204, -32.80041777998818020 ) ) ;
#1878 = DIRECTION ( 'NONE',  ( 1.462890879734001726E-19, 1.610801296603465303E-20, -1.000000000000000000 ) ) ;
#1879 = ORIENTED_EDGE ( 'NONE', *, *, #9329, .F. ) ;
#1880 = CARTESIAN_POINT ( 'NONE',  ( -8.399679074061729978, -17.81096349346800878, -32.80041777998817309 ) ) ;
#1881 = CARTESIAN_POINT ( 'NONE',  ( -27.44849011171219999, -24.56215207581349347, -32.80041777998817309 ) ) ;
#1882 = AXIS2_PLACEMENT_3D ( 'NONE', #6468, #3216, #4003 ) ;
#1883 = DIRECTION ( 'NONE',  ( 0.000000000000000000, 0.000000000000000000, 1.000000000000000000 ) ) ;
#1884 = DIRECTION ( 'NONE',  ( -0.000000000000000000, -0.000000000000000000, 1.000000000000000000 ) ) ;
#1885 = EDGE_CURVE ( 'NONE', #6411, #5365, #7868, .T. ) ;
#1886 = CARTESIAN_POINT ( 'NONE',  ( 9.630438470952361385, 5.206785556416654082, 22.99999800000001215 ) ) ;
#1887 = VECTOR ( 'NONE', #2038, 1000.000000000000000 ) ;
#1888 = VERTEX_POINT ( 'NONE', #7116 ) ;
#1889 = CARTESIAN_POINT ( 'NONE',  ( 6.030438470952719676, 0.08678555641702034862, 21.40359731999999937 ) ) ;
#1890 = ORIENTED_EDGE ( 'NONE', *, *, #9780, .F. ) ;
#1891 = ORIENTED_EDGE ( 'NONE', *, *, #4955, .F. ) ;
#1892 = CARTESIAN_POINT ( 'NONE',  ( 50.40801912756126768, -3.529110395338485251, 3.496201133462653043 ) ) ;
#1893 = AXIS2_PLACEMENT_3D ( 'NONE', #9065, #6792, #2801 ) ;
#1894 = CLOSED_SHELL ( 'NONE', ( #140, #7310, #1021, #9852, #3351, #3475, #8843, #7751, #10140, #5024, #7155, #8676, #3523, #3714, #4765, #2571, #5842, #7514, #4573, #6050, #10125, #3458, #9071, #3344, #1690, #9836, #898, #7314, #3260, #1073, #7523, #6148, #9571, #3215, #7040, #4826, #2450, #7593, #251, #4630, #4527, #3790, #154, #5727, #9087, #7384, #3575, #7465, #2953, #8482, #3130, #9810, #4756, #5348, #1279, #6544, #3270, #8095, #8949, #4799, #1424, #8226, #3951, #2359, #1149, #1493, #5281, #4175, #5449, #3044, #1693, #3290, #9072, #7001, #8410, #4709, #8692, #1799, #7439, #4864, #5540, #3390, #8866, #351, #1717, #3045, #6861, #1268, #5884, #843, #7910, #991, #5850, #9527, #5617, #4500, #3337, #4633, #1612, #6485, #2697, #9656, #9837, #9687, #4618, #8732, #2889, #320, #4227, #8495, #1230, #1848, #1792, #1251, #4432, #9824, #5471, #10219, #183, #5071, #9324, #6850, #10014, #4443, #2168, #6228, #4616, #2121, #3614, #2203, #8373, #6795, #517, #814, #698, #9790, #504, #6371, #3658, #3777, #82, #6866, #5601, #4129, #2941, #5793, #3405, #1936, #5085, #2520, #1510, #952, #6087, #3031, #769, #10296, #1298, #4877, #2427, #2705, #8661, #7477, #1509, #9266, #9631, #5143, #3723, #2933, #4159, #7120, #3161, #2333, #5724, #8547, #9079, #3997, #7730, #8740, #9243, #2113, #3134, #7358, #9764, #1617, #8404, #202, #2695, #5665, #8238, #6486, #9474, #4489, #1025, #562, #1608, #5995, #4092, #2045, #9785, #3230, #6627, #824, #7396, #7296, #5916, #10019, #1226, #6760, #5823, #3655, #984, #4284, #3229, #5396, #9966, #6925, #1079, #7055, #784, #5239, #6928, #9402, #8570, #2064, #1154, #10318, #9463, #9955, #4247, #47, #8248, #1353, #1244 ) ) ;
#1895 = ORIENTED_EDGE ( 'NONE', *, *, #8804, .T. ) ;
#1896 = CARTESIAN_POINT ( 'NONE',  ( 8.630438470952363161, 5.206785556416654082, 22.99999800000001215 ) ) ;
#1897 = CARTESIAN_POINT ( 'NONE',  ( -2.559688400544535281, 14.80115516807088660, -50.87213179670200702 ) ) ;
#1898 = CARTESIAN_POINT ( 'NONE',  ( -21.94849011171242381, -24.56215207581315951, -40.80041777998818020 ) ) ;
#1899 = VECTOR ( 'NONE', #9086, 1000.000000000000000 ) ;
#1900 = DIRECTION ( 'NONE',  ( 0.000000000000000000, 0.000000000000000000, 1.000000000000000000 ) ) ;
#1901 = ORIENTED_EDGE ( 'NONE', *, *, #2270, .T. ) ;
#1902 = ORIENTED_EDGE ( 'NONE', *, *, #7759, .F. ) ;
#1903 = LINE ( 'NONE', #2483, #5500 ) ;
#1904 = ADVANCED_FACE ( 'NONE', ( #21 ), #8798, .F. ) ;
#1905 = ORIENTED_EDGE ( 'NONE', *, *, #4741, .F. ) ;
#1906 = CARTESIAN_POINT ( 'NONE',  ( 39.64477099867147558, 9.487847544181342130, 21.99999800000000150 ) ) ;
#1907 = DIRECTION ( 'NONE',  ( 0.000000000000000000, 0.000000000000000000, -1.000000000000000000 ) ) ;
#1908 = DIRECTION ( 'NONE',  ( 1.000000000000000000, 0.000000000000000000, 0.000000000000000000 ) ) ;
#1909 = VERTEX_POINT ( 'NONE', #1505 ) ;
#1910 = VECTOR ( 'NONE', #4282, 999.9999999999998863 ) ;
#1911 = DIRECTION ( 'NONE',  ( -0.9999999998448928507, 1.761290502088552759E-05, 0.000000000000000000 ) ) ;
#1912 = CARTESIAN_POINT ( 'NONE',  ( 3.490348394677742494, 13.29489716334345850, 11.22457852691048430 ) ) ;
#1913 = CIRCLE ( 'NONE', #4411, 2.999999999999999112 ) ;
#1914 = DIRECTION ( 'NONE',  ( -0.7071067811865536790, 0.000000000000000000, 0.7071067811865414665 ) ) ;
#1915 = EDGE_CURVE ( 'NONE', #6366, #773, #4796, .T. ) ;
#1916 = FACE_BOUND ( 'NONE', #3312, .T. ) ;
#1917 = CARTESIAN_POINT ( 'NONE',  ( 23.21126397321809165, -27.21923580772757489, 23.14079210162953615 ) ) ;
#1918 = DIRECTION ( 'NONE',  ( 0.000000000000000000, 0.000000000000000000, -1.000000000000000000 ) ) ;
#1919 = DIRECTION ( 'NONE',  ( -0.000000000000000000, -0.000000000000000000, 1.000000000000000000 ) ) ;
#1920 = ORIENTED_EDGE ( 'NONE', *, *, #4941, .T. ) ;
#1921 = CYLINDRICAL_SURFACE ( 'NONE', #5314, 0.7500000000000006661 ) ;
#1922 = EDGE_CURVE ( 'NONE', #4237, #8132, #6382, .T. ) ;
#1923 = AXIS2_PLACEMENT_3D ( 'NONE', #2549, #5593, #5752 ) ;
#1924 = ORIENTED_EDGE ( 'NONE', *, *, #8493, .T. ) ;
#1925 = ORIENTED_EDGE ( 'NONE', *, *, #7070, .T. ) ;
#1926 = CONICAL_SURFACE ( 'NONE', #7644, 0.7500000000000006661, 0.7853981633974570498 ) ;
#1927 = DIRECTION ( 'NONE',  ( 0.000000000000000000, 0.000000000000000000, -1.000000000000000000 ) ) ;
#1928 = LINE ( 'NONE', #2874, #8471 ) ;
#1929 = DIRECTION ( 'NONE',  ( 0.000000000000000000, 0.000000000000000000, -1.000000000000000000 ) ) ;
#1930 = ORIENTED_EDGE ( 'NONE', *, *, #2253, .F. ) ;
#1931 = CYLINDRICAL_SURFACE ( 'NONE', #8387, 2.550000000000000266 ) ;
#1932 = CARTESIAN_POINT ( 'NONE',  ( -2.934094724924095843, 14.96817197811181543, -54.25041577998818099 ) ) ;
#1933 = CARTESIAN_POINT ( 'NONE',  ( 25.05949410864506532, 1.426849255568360508, 19.20359732000000008 ) ) ;
#1934 = EDGE_CURVE ( 'NONE', #9817, #7050, #7066, .T. ) ;
#1935 = CARTESIAN_POINT ( 'NONE',  ( -2.843861600339808504, 14.83629975901641807, -51.01136243283258409 ) ) ;
#1936 = ADVANCED_FACE ( 'NONE', ( #2287 ), #8384, .F. ) ;
#1937 = DIRECTION ( 'NONE',  ( 1.000000000000000000, 0.000000000000000000, 0.000000000000000000 ) ) ;
#1938 = B_SPLINE_CURVE_WITH_KNOTS ( 'NONE', 3,
 ( #805, #4010, #6425, #9348 ),
 .UNSPECIFIED., .F., .F.,
 ( 4, 4 ),
 ( 0.000000000000000000, 1.000000000000000000 ),
 .UNSPECIFIED. ) ;
#1939 = ORIENTED_EDGE ( 'NONE', *, *, #2528, .F. ) ;
#1940 = DIRECTION ( 'NONE',  ( 1.000000000000000000, 0.000000000000000000, 0.000000000000000000 ) ) ;
#1941 = ORIENTED_EDGE ( 'NONE', *, *, #7967, .T. ) ;
#1942 = EDGE_LOOP ( 'NONE', ( #8844, #10307, #7223, #4684 ) ) ;
#1943 = CARTESIAN_POINT ( 'NONE',  ( 25.49374488808078354, 24.22557606999357205, 22.86557484156608311 ) ) ;
#1944 = CARTESIAN_POINT ( 'NONE',  ( -2.895227975105424623, 14.91186181359904062, -54.24871801480286848 ) ) ;
#1945 = ORIENTED_EDGE ( 'NONE', *, *, #9893, .T. ) ;
#1946 = CARTESIAN_POINT ( 'NONE',  ( 19.02849441382007711, 2.675851452833362565, 21.40359731999999937 ) ) ;
#1947 = EDGE_CURVE ( 'NONE', #5365, #7452, #9207, .T. ) ;
#1948 = EDGE_CURVE ( 'NONE', #7050, #7915, #4014, .T. ) ;
#1949 = VECTOR ( 'NONE', #9114, 1000.000000000000000 ) ;
#1950 = CARTESIAN_POINT ( 'NONE',  ( -2.663600411816877234, 14.94123029352820708, -50.81122892605932861 ) ) ;
#1951 = CARTESIAN_POINT ( 'NONE',  ( 26.21849011171107335, -24.56215207581864135, 96.03199646221435160 ) ) ;
#1952 = AXIS2_PLACEMENT_3D ( 'NONE', #5681, #218, #4055 ) ;
#1953 = CYLINDRICAL_SURFACE ( 'NONE', #6978, 1.000000000000000888 ) ;
#1954 = ORIENTED_EDGE ( 'NONE', *, *, #1019, .F. ) ;
#1955 = ORIENTED_EDGE ( 'NONE', *, *, #4105, .T. ) ;
#1956 = DIRECTION ( 'NONE',  ( 0.000000000000000000, 0.000000000000000000, 1.000000000000000000 ) ) ;
#1957 = ORIENTED_EDGE ( 'NONE', *, *, #343, .F. ) ;
#1958 = CARTESIAN_POINT ( 'NONE',  ( -8.104538699871174146, 20.15504495770238691, -51.01921043552639645 ) ) ;
#1959 = DIRECTION ( 'NONE',  ( 0.000000000000000000, 0.000000000000000000, -1.000000000000000000 ) ) ;
#1960 = DIRECTION ( 'NONE',  ( -1.000000000000000000, 0.000000000000000000, 0.000000000000000000 ) ) ;
#1961 = ORIENTED_EDGE ( 'NONE', *, *, #9126, .T. ) ;
#1962 = AXIS2_PLACEMENT_3D ( 'NONE', #5093, #9047, #102 ) ;
#1963 = CIRCLE ( 'NONE', #7160, 27.30000000000000426 ) ;
#1964 = DIRECTION ( 'NONE',  ( 0.000000000000000000, 0.000000000000000000, -1.000000000000000000 ) ) ;
#1965 = FACE_OUTER_BOUND ( 'NONE', #1354, .T. ) ;
#1966 = VECTOR ( 'NONE', #4515, 1000.000000000000000 ) ;
#1967 = PRODUCT_DEFINITION_SHAPE ( 'NONE', 'NONE',  #10405 ) ;
#1968 = CARTESIAN_POINT ( 'NONE',  ( -8.420464914341218687, 20.65259271461171764, -53.98199681847929554 ) ) ;
#1969 = AXIS2_PLACEMENT_3D ( 'NONE', #3360, #1727, #2515 ) ;
#1970 = AXIS2_PLACEMENT_3D ( 'NONE', #8345, #6651, #9319 ) ;
#1971 = FACE_OUTER_BOUND ( 'NONE', #441, .T. ) ;
#1972 = CARTESIAN_POINT ( 'NONE',  ( 25.16662102564069059, -27.25798387876384510, 22.78881726312540579 ) ) ;
#1973 = EDGE_CURVE ( 'NONE', #6395, #9812, #2236, .T. ) ;
#1974 = LINE ( 'NONE', #9959, #166 ) ;
#1975 = CARTESIAN_POINT ( 'NONE',  ( 32.29477099867147416, 9.487847544181342130, 21.99999800000000150 ) ) ;
#1976 = SURFACE_SIDE_STYLE ('',( #7493 ) ) ;
#1977 = ORIENTED_EDGE ( 'NONE', *, *, #5949, .T. ) ;
#1978 = VECTOR ( 'NONE', #7198, 1000.000000000000000 ) ;
#1979 = CARTESIAN_POINT ( 'NONE',  ( -43.64691577435821301, -16.40400139767622889, -40.80041777998818020 ) ) ;
#1980 = VECTOR ( 'NONE', #3531, 1000.000000000000000 ) ;
#1982 = ORIENTED_EDGE ( 'NONE', *, *, #5470, .T. ) ;
#1981 = EDGE_CURVE ( 'NONE', #4934, #5453, #3840, .T. ) ;
#1983 = DIRECTION ( 'NONE',  ( 0.000000000000000000, 0.000000000000000000, 1.000000000000000000 ) ) ;
#1984 = LINE ( 'NONE', #4348, #6695 ) ;
#1985 = DIRECTION ( 'NONE',  ( 0.000000000000000000, 1.000000000000000000, 0.000000000000000000 ) ) ;
#1986 = VECTOR ( 'NONE', #1843, 1000.000000000000000 ) ;
#1987 = LINE ( 'NONE', #1305, #6265 ) ;
#1988 = DIRECTION ( 'NONE',  ( 0.000000000000000000, 0.000000000000000000, 1.000000000000000000 ) ) ;
#1989 = AXIS2_PLACEMENT_3D ( 'NONE', #9598, #7126, #10337 ) ;
#1990 = CARTESIAN_POINT ( 'NONE',  ( -8.204115421360310023, 20.22342516314353489, -54.16878527922131070 ) ) ;
#1991 = PRESENTATION_STYLE_ASSIGNMENT (( #2041 ) ) ;
#1992 = EDGE_CURVE ( 'NONE', #6380, #2338, #1160, .T. ) ;
#1993 = ADVANCED_FACE ( 'NONE', ( #4702 ), #7917, .F. ) ;
#1994 = ORIENTED_EDGE ( 'NONE', *, *, #8429, .T. ) ;
#1995 = LINE ( 'NONE', #10084, #1125 ) ;
#1996 = CIRCLE ( 'NONE', #5352, 3.000000000000002665 ) ;
#1997 = EDGE_LOOP ( 'NONE', ( #9057, #8890 ) ) ;
#1998 = AXIS2_PLACEMENT_3D ( 'NONE', #3027, #7969, #1447 ) ;
#1999 = ORIENTED_EDGE ( 'NONE', *, *, #7255, .F. ) ;
#2000 = CARTESIAN_POINT ( 'NONE',  ( 24.87260749056700959, 24.23728069682119823, 22.75407224113855165 ) ) ;
#2001 = CARTESIAN_POINT ( 'NONE',  ( -2.761819220395351770, 14.71386018241088323, -54.16924142737514103 ) ) ;
#2002 = CARTESIAN_POINT ( 'NONE',  ( 33.29477099867148127, -1.512152455818657204, 23.19999800000000079 ) ) ;
#2003 = DIRECTION ( 'NONE',  ( 0.000000000000000000, 0.000000000000000000, -1.000000000000000000 ) ) ;
#2004 = CIRCLE ( 'NONE', #3996, 0.7500000000000006661 ) ;
#2005 = AXIS2_PLACEMENT_3D ( 'NONE', #1563, #4757, #8400 ) ;
#2006 = DIRECTION ( 'NONE',  ( 1.000000000000000000, 0.000000000000000000, 0.000000000000000000 ) ) ;
#2007 = EDGE_CURVE ( 'NONE', #5606, #8534, #4343, .T. ) ;
#2008 = EDGE_CURVE ( 'NONE', #3942, #9600, #1824, .T. ) ;
#2009 = DIRECTION ( 'NONE',  ( 0.000000000000000000, 0.000000000000000000, 1.000000000000000000 ) ) ;
#2010 = ORIENTED_EDGE ( 'NONE', *, *, #8694, .T. ) ;
#2011 = ORIENTED_EDGE ( 'NONE', *, *, #6820, .T. ) ;
#2012 = CARTESIAN_POINT ( 'NONE',  ( 24.69849011171107378, -1.512152455818657204, 18.40359731999999937 ) ) ;
#2013 = VERTEX_POINT ( 'NONE', #4748 ) ;
#2014 = CARTESIAN_POINT ( 'NONE',  ( -8.096847583618624000, 20.14971644434322329, -51.01633985402774130 ) ) ;
#2015 = AXIS2_PLACEMENT_3D ( 'NONE', #9433, #1503, #6898 ) ;
#2016 = DIRECTION ( 'NONE',  ( 1.000000000000000000, 0.000000000000000000, 0.000000000000000000 ) ) ;
#2017 = CARTESIAN_POINT ( 'NONE',  ( 35.98149282690607009, 12.22185072041136245, 18.40359731999999937 ) ) ;
#2018 = ORIENTED_EDGE ( 'NONE', *, *, #5194, .F. ) ;
#2019 = CYLINDRICAL_SURFACE ( 'NONE', #2543, 1.000000000000000888 ) ;
#2020 = CARTESIAN_POINT ( 'NONE',  ( 44.85549282690607242, -1.512152455818657204, 18.40359731999999937 ) ) ;
#2021 = AXIS2_PLACEMENT_3D ( 'NONE', #8473, #6937, #2858 ) ;
#2022 = EDGE_CURVE ( 'NONE', #3942, #7480, #754, .T. ) ;
#2023 = LINE ( 'NONE', #4430, #10026 ) ;
#2024 = PLANE ( 'NONE',  #6456 ) ;
#2025 = ORIENTED_EDGE ( 'NONE', *, *, #7186, .T. ) ;
#2026 = CARTESIAN_POINT ( 'NONE',  ( 25.14867846013754260, -27.16617815604657693, 22.88215059645793659 ) ) ;
#2027 = CARTESIAN_POINT ( 'NONE',  ( 23.17849011171107421, -24.56215207581864135, 21.59999799999998160 ) ) ;
#2028 = FACE_OUTER_BOUND ( 'NONE', #8217, .T. ) ;
#2029 = FILL_AREA_STYLE ('',( #6752 ) ) ;
#2030 = ORIENTED_EDGE ( 'NONE', *, *, #6747, .F. ) ;
#2031 = LINE ( 'NONE', #9769, #4353 ) ;
#2032 = ORIENTED_EDGE ( 'NONE', *, *, #1885, .F. ) ;
#2033 = LINE ( 'NONE', #6126, #6110 ) ;
#2034 = CARTESIAN_POINT ( 'NONE',  ( -6.192582273723351349, 16.76749726338618629, -51.00041577998818099 ) ) ;
#2035 = CARTESIAN_POINT ( 'NONE',  ( 39.64477099867147558, 9.487847544181342130, 22.99999800000001215 ) ) ;
#2036 = LINE ( 'NONE', #9924, #8961 ) ;
#2037 = EDGE_CURVE ( 'NONE', #6720, #5272, #6477, .T. ) ;
#2038 = DIRECTION ( 'NONE',  ( -0.7071067811865525687, 8.659560562354994488E-17, 0.7071067811865425767 ) ) ;
#2039 = EDGE_CURVE ( 'NONE', #10191, #7989, #5510, .T. ) ;
#2040 = CARTESIAN_POINT ( 'NONE',  ( -2.805771742368011079, 14.77975233934906818, -51.03386228473811315 ) ) ;
#2041 = SURFACE_STYLE_USAGE ( .BOTH. , #5286 ) ;
#2042 = ORIENTED_EDGE ( 'NONE', *, *, #4767, .F. ) ;
#2043 = CARTESIAN_POINT ( 'NONE',  ( -24.69849011171107378, -1.512152455818657204, -31.20041777998817878 ) ) ;
#2044 = ORIENTED_EDGE ( 'NONE', *, *, #7269, .T. ) ;
#2045 = ADVANCED_FACE ( 'NONE', ( #7265 ), #5795, .T. ) ;
#2046 = VECTOR ( 'NONE', #3778, 1000.000000000000000 ) ;
#2047 = ORIENTED_EDGE ( 'NONE', *, *, #3873, .T. ) ;
#2048 = CARTESIAN_POINT ( 'NONE',  ( 23.83585025483571940, 24.22341443699061969, 22.88575188753190659 ) ) ;
#2049 = CARTESIAN_POINT ( 'NONE',  ( -2.831734557768233795, 14.81835106182570883, -54.22324835954111677 ) ) ;
#2050 = DIRECTION ( 'NONE',  ( -1.000000000000000000, 0.000000000000000000, 0.000000000000000000 ) ) ;
#2051 = EDGE_CURVE ( 'NONE', #3128, #8616, #1015, .T. ) ;
#2052 = DIRECTION ( 'NONE',  ( 1.000000000000000000, 0.000000000000000000, 0.000000000000000000 ) ) ;
#2053 = CIRCLE ( 'NONE', #8271, 1.000000000000000888 ) ;
#2054 = CARTESIAN_POINT ( 'NONE',  ( 29.59477099867147487, 9.487847544181342130, 21.99999800000000150 ) ) ;
#2055 = DIRECTION ( 'NONE',  ( 0.000000000000000000, 0.000000000000000000, 1.000000000000000000 ) ) ;
#2056 = VERTEX_POINT ( 'NONE', #177 ) ;
#2057 = B_SPLINE_CURVE_WITH_KNOTS ( 'NONE', 3,
 ( #5712, #3250, #5032, #4244 ),
 .UNSPECIFIED., .F., .F.,
 ( 4, 4 ),
 ( 0.000000000000000000, 1.000000000000000000 ),
 .UNSPECIFIED. ) ;
#2058 = ORIENTED_EDGE ( 'NONE', *, *, #7507, .F. ) ;
#2059 = DIRECTION ( 'NONE',  ( 0.9999999998448929617, 1.761289572153559545E-05, -0.000000000000000000 ) ) ;
#2060 = VERTEX_POINT ( 'NONE', #7428 ) ;
#2061 = CARTESIAN_POINT ( 'NONE',  ( 19.02849441382007711, 2.675851452833362565, 18.40359731999999937 ) ) ;
#2062 = CARTESIAN_POINT ( 'NONE',  ( 43.85549337622306609, 6.319848523146355923, 19.20359732000000008 ) ) ;
#2063 = EDGE_LOOP ( 'NONE', ( #9418, #3046, #8666, #7373 ) ) ;
#2064 = ADVANCED_FACE ( 'NONE', ( #912 ), #5631, .F. ) ;
#2065 = VECTOR ( 'NONE', #8927, 1000.000000000000000 ) ;
#2066 = CARTESIAN_POINT ( 'NONE',  ( 3.479647415838299285, 13.07630923991218452, 18.40359731999999937 ) ) ;
#2067 = DIRECTION ( 'NONE',  ( 0.000000000000000000, 0.000000000000000000, 1.000000000000000000 ) ) ;
#2068 = CARTESIAN_POINT ( 'NONE',  ( -8.151368275910936489, 20.45243016345831322, -54.34389767199775889 ) ) ;
#2069 = AXIS2_PLACEMENT_3D ( 'NONE', #1669, #4024, #4127 ) ;
#2070 = FACE_OUTER_BOUND ( 'NONE', #6610, .T. ) ;
#2071 = ORIENTED_EDGE ( 'NONE', *, *, #4125, .T. ) ;
#2072 = CARTESIAN_POINT ( 'NONE',  ( 23.15238742463365540, -27.21569436118670993, 23.17106748031103081 ) ) ;
#2073 = DIRECTION ( 'NONE',  ( -1.000000000000000000, 0.000000000000000000, 0.000000000000000000 ) ) ;
#2074 = CARTESIAN_POINT ( 'NONE',  ( -2.382254644062732130, 14.55756619718468414, -54.11888661013064450 ) ) ;
#2075 = CARTESIAN_POINT ( 'NONE',  ( 24.49397549931888918, -27.26138922809582255, 22.75597981105389067 ) ) ;
#2076 = EDGE_LOOP ( 'NONE', ( #5462, #6779 ) ) ;
#2077 = DIRECTION ( 'NONE',  ( 0.000000000000000000, 1.000000000000000000, 0.000000000000000000 ) ) ;
#2078 = EDGE_CURVE ( 'NONE', #2345, #941, #3383, .T. ) ;
#2079 = CARTESIAN_POINT ( 'NONE',  ( 39.64477099867147558, -12.51215245581865609, 22.99999800000001215 ) ) ;
#2080 = VECTOR ( 'NONE', #2716, 1000.000000000000000 ) ;
#2081 = ORIENTED_EDGE ( 'NONE', *, *, #10005, .F. ) ;
#2082 = LINE ( 'NONE', #1302, #4776 ) ;
#2083 = CARTESIAN_POINT ( 'NONE',  ( -8.436936349705218774, 20.37896721575860681, -51.42405762411155479 ) ) ;
#2084 = FACE_OUTER_BOUND ( 'NONE', #790, .T. ) ;
#2085 = DIRECTION ( 'NONE',  ( -9.934539730264194206E-15, -1.000000000000000000, 0.000000000000000000 ) ) ;
#2086 = LINE ( 'NONE', #3612, #7427 ) ;
#2087 = EDGE_CURVE ( 'NONE', #22, #8697, #4062, .T. ) ;
#2088 = CARTESIAN_POINT ( 'NONE',  ( -2.828205398520586389, 14.81312463003462199, -51.01945309411217977 ) ) ;
#2089 =( NAMED_UNIT ( * ) PLANE_ANGLE_UNIT ( ) SI_UNIT ( $, .RADIAN. ) );
#2090 = CONICAL_SURFACE ( 'NONE', #8306, 26.09999999999999432, 0.7853981633974657095 ) ;
#2091 = ORIENTED_EDGE ( 'NONE', *, *, #2517, .T. ) ;
#2092 = LINE ( 'NONE', #2883, #6144 ) ;
#2093 = VERTEX_POINT ( 'NONE', #6536 ) ;
#2094 = ORIENTED_EDGE ( 'NONE', *, *, #2808, .F. ) ;
#2095 = CARTESIAN_POINT ( 'NONE',  ( 24.56760840681155500, 24.23752056319320758, 22.75174457679600337 ) ) ;
#2096 = CARTESIAN_POINT ( 'NONE',  ( -2.753002237881795988, 14.70053988942753165, -54.15971125275578402 ) ) ;
#2097 = EDGE_CURVE ( 'NONE', #694, #1159, #9811, .T. ) ;
#2098 = CARTESIAN_POINT ( 'NONE',  ( 7.630438470952453756, -8.063214443583346380, 22.99999800000001215 ) ) ;
#2099 = AXIS2_PLACEMENT_3D ( 'NONE', #1237, #5172, #5324 ) ;
#2100 = DIRECTION ( 'NONE',  ( 0.7114425483935358230, 0.7027442638224175031, 0.000000000000000000 ) ) ;
#2101 = LINE ( 'NONE', #9414, #1966 ) ;
#2102 = ORIENTED_EDGE ( 'NONE', *, *, #1170, .F. ) ;
#2103 = DIRECTION ( 'NONE',  ( 1.000000000000000000, 0.000000000000000000, 0.000000000000000000 ) ) ;
#2104 = ORIENTED_EDGE ( 'NONE', *, *, #10028, .F. ) ;
#2105 = EDGE_CURVE ( 'NONE', #6217, #10099, #224, .T. ) ;
#2106 = ORIENTED_EDGE ( 'NONE', *, *, #4891, .T. ) ;
#2107 = CARTESIAN_POINT ( 'NONE',  ( -21.52241293989059301, -4.727541827656336793, -51.00041577998818099 ) ) ;
#2108 = EDGE_LOOP ( 'NONE', ( #6024, #5339, #9898, #6623 ) ) ;
#2109 = CARTESIAN_POINT ( 'NONE',  ( 6.299298655982339845, 16.66208562381279279, 11.22457852691048430 ) ) ;
#2110 = CARTESIAN_POINT ( 'NONE',  ( 6.030438470952711683, -2.763214443583700941, 31.63375372154084175 ) ) ;
#2111 = VERTEX_POINT ( 'NONE', #4271 ) ;
#2112 = CYLINDRICAL_SURFACE ( 'NONE', #8080, 24.09999999999566000 ) ;
#2113 = ADVANCED_FACE ( 'NONE', ( #5743 ), #7380, .T. ) ;
#2114 = FACE_OUTER_BOUND ( 'NONE', #52, .T. ) ;
#2115 = AXIS2_PLACEMENT_3D ( 'NONE', #6630, #7475, #270 ) ;
#2116 = CIRCLE ( 'NONE', #9844, 1.000000000000000888 ) ;
#2117 = CARTESIAN_POINT ( 'NONE',  ( -8.457001071010115112, 20.39209447807045095, -53.65041577998819378 ) ) ;
#2118 = EDGE_CURVE ( 'NONE', #737, #7911, #10386, .T. ) ;
#2119 = EDGE_LOOP ( 'NONE', ( #5362, #5950, #9191, #6965 ) ) ;
#2121 = ADVANCED_FACE ( 'NONE', ( #8847 ), #5055, .F. ) ;
#2120 = DIRECTION ( 'NONE',  ( 0.000000000000000000, -1.000000000000000000, 0.000000000000000000 ) ) ;
#2122 = FACE_OUTER_BOUND ( 'NONE', #483, .T. ) ;
#2123 = ORIENTED_EDGE ( 'NONE', *, *, #255, .F. ) ;
#2124 = CARTESIAN_POINT ( 'NONE',  ( 24.66078617954809360, -27.16881439351704586, 22.84197645519343212 ) ) ;
#2125 = DIRECTION ( 'NONE',  ( -0.000000000000000000, -0.000000000000000000, 1.000000000000000000 ) ) ;
#2126 = CARTESIAN_POINT ( 'NONE',  ( 43.85549282690607242, -9.733150561326636918, 18.40359731999999937 ) ) ;
#2127 = CARTESIAN_POINT ( 'NONE',  ( 19.87849142309807604, -1.524148547166637835, 21.40359731999999937 ) ) ;
#2128 = ORIENTED_EDGE ( 'NONE', *, *, #2387, .F. ) ;
#2129 = LINE ( 'NONE', #2186, #9689 ) ;
#2130 = AXIS2_PLACEMENT_3D ( 'NONE', #6318, #7107, #10319 ) ;
#2131 = LINE ( 'NONE', #2187, #377 ) ;
#2132 = AXIS2_PLACEMENT_3D ( 'NONE', #5384, #1399, #4705 ) ;
#2133 = VECTOR ( 'NONE', #566, 1000.000000000000000 ) ;
#2134 = VERTEX_POINT ( 'NONE', #4115 ) ;
#2135 = EDGE_CURVE ( 'NONE', #3954, #4345, #5851, .T. ) ;
#2136 = EDGE_CURVE ( 'NONE', #9986, #5559, #3226, .T. ) ;
#2137 = AXIS2_PLACEMENT_3D ( 'NONE', #6982, #4415, #6254 ) ;
#2138 = FACE_OUTER_BOUND ( 'NONE', #7037, .T. ) ;
#2139 = FACE_OUTER_BOUND ( 'NONE', #4992, .T. ) ;
#2140 = CARTESIAN_POINT ( 'NONE',  ( 3.652783241245468382, 13.09235423187696945, 23.13334324995136626 ) ) ;
#2141 = DIRECTION ( 'NONE',  ( 0.7027442638224198346, -0.7114425483935334915, 0.000000000000000000 ) ) ;
#2142 = EDGE_LOOP ( 'NONE', ( #3313, #2301, #6461, #3149 ) ) ;
#2143 = DIRECTION ( 'NONE',  ( -0.000000000000000000, -0.000000000000000000, 1.000000000000000000 ) ) ;
#2144 = VECTOR ( 'NONE', #10323, 1000.000000000000000 ) ;
#2145 = CARTESIAN_POINT ( 'NONE',  ( -8.222459360335408363, 20.23589652430109709, -54.15548968395899720 ) ) ;
#2146 = SURFACE_SIDE_STYLE ('',( #6916 ) ) ;
#2147 = AXIS2_PLACEMENT_3D ( 'NONE', #6249, #5455, #9508 ) ;
#2148 = ORIENTED_EDGE ( 'NONE', *, *, #3490, .F. ) ;
#2149 = LINE ( 'NONE', #7775, #2133 ) ;
#2150 = ORIENTED_EDGE ( 'NONE', *, *, #3794, .F. ) ;
#2151 = ORIENTED_EDGE ( 'NONE', *, *, #8374, .F. ) ;
#2152 = DIRECTION ( 'NONE',  ( 0.000000000000000000, -0.000000000000000000, 1.000000000000000000 ) ) ;
#2153 = CARTESIAN_POINT ( 'NONE',  ( -2.678405054290656118, 14.58674474116638464, -54.04657064771144803 ) ) ;
#2154 = LINE ( 'NONE', #5358, #5514 ) ;
#2155 = AXIS2_PLACEMENT_3D ( 'NONE', #4281, #5863, #979 ) ;
#2156 = FACE_OUTER_BOUND ( 'NONE', #6598, .T. ) ;
#2157 = FACE_OUTER_BOUND ( 'NONE', #8718, .T. ) ;
#2158 = CIRCLE ( 'NONE', #8043, 25.89999999999999147 ) ;
#2159 = ORIENTED_EDGE ( 'NONE', *, *, #7455, .T. ) ;
#2160 = CARTESIAN_POINT ( 'NONE',  ( -20.89227580076976309, 21.53784716417489165, -40.80041777998818020 ) ) ;
#2161 = ORIENTED_EDGE ( 'NONE', *, *, #10158, .T. ) ;
#2162 = VERTEX_POINT ( 'NONE', #9795 ) ;
#2163 = LINE ( 'NONE', #7536, #1980 ) ;
#2164 = ORIENTED_EDGE ( 'NONE', *, *, #3548, .F. ) ;
#2165 = CARTESIAN_POINT ( 'NONE',  ( 23.80448293434454143, -27.15792235284072120, 23.00005099226210348 ) ) ;
#2166 = CYLINDRICAL_SURFACE ( 'NONE', #1074, 0.6000000000000033085 ) ;
#2167 = ORIENTED_EDGE ( 'NONE', *, *, #8694, .F. ) ;
#2168 = ADVANCED_FACE ( 'NONE', ( #2592 ), #9007, .F. ) ;
#2169 = VECTOR ( 'NONE', #5095, 1000.000000000000000 ) ;
#2170 = AXIS2_PLACEMENT_3D ( 'NONE', #5389, #7179, #5592 ) ;
#2171 = CARTESIAN_POINT ( 'NONE',  ( 34.99477099867146990, -1.512152455818657204, 21.99999800000000150 ) ) ;
#2172 = EDGE_CURVE ( 'NONE', #7101, #6241, #8272, .T. ) ;
#2173 = CARTESIAN_POINT ( 'NONE',  ( 24.69849011171107378, -1.512152455818657204, 22.99999799999999439 ) ) ;
#2174 =( REPRESENTATION_RELATIONSHIP ('NONE','NONE', #9115, #3013 ) REPRESENTATION_RELATIONSHIP_WITH_TRANSFORMATION ( #1673 )SHAPE_REPRESENTATION_RELATIONSHIP( ) );
#2175 = CARTESIAN_POINT ( 'NONE',  ( -8.411235098818544031, 20.64581128044002156, -54.00562329759691238 ) ) ;
#2176 = AXIS2_PLACEMENT_3D ( 'NONE', #5741, #118, #9636 ) ;
#2177 = ORIENTED_EDGE ( 'NONE', *, *, #9893, .F. ) ;
#2178 = DIRECTION ( 'NONE',  ( 0.000000000000000000, 0.000000000000000000, 1.000000000000000000 ) ) ;
#2179 = PLANE ( 'NONE',  #5957 ) ;
#2180 = ORIENTED_EDGE ( 'NONE', *, *, #10272, .F. ) ;
#2181 = DIRECTION ( 'NONE',  ( 0.000000000000000000, 0.000000000000000000, 1.000000000000000000 ) ) ;
#2182 = CARTESIAN_POINT ( 'NONE',  ( 36.98149282690607720, 11.22185072041135001, 19.20359732000000008 ) ) ;
#2183 = DIRECTION ( 'NONE',  ( 0.000000000000000000, 0.000000000000000000, -1.000000000000000000 ) ) ;
#2184 = CARTESIAN_POINT ( 'NONE',  ( 36.98149282690607720, 7.065850720411353869, 19.20359732000000008 ) ) ;
#2185 = EDGE_LOOP ( 'NONE', ( #9649, #1211, #8565, #3518 ) ) ;
#2186 = CARTESIAN_POINT ( 'NONE',  ( 43.09477099867147132, -12.51215245581865609, 21.99999800000000150 ) ) ;
#2187 = CARTESIAN_POINT ( 'NONE',  ( 38.89477099867147558, -1.512152455818657204, 21.99999800000000150 ) ) ;
#2188 = B_SPLINE_CURVE_WITH_KNOTS ( 'NONE', 3,
 ( #8687, #10314, #5311, #534, #3011, #3849 ),
 .UNSPECIFIED., .F., .F.,
 ( 4, 2, 4 ),
 ( 0.000000000000000000, 0.5000000000000000000, 1.000000000000000000 ),
 .UNSPECIFIED. ) ;
#2189 = VECTOR ( 'NONE', #264, 1000.000000000000114 ) ;
#2190 = EDGE_CURVE ( 'NONE', #4868, #2251, #1227, .T. ) ;
#2191 = EDGE_CURVE ( 'NONE', #6582, #6173, #1663, .T. ) ;
#2192 = ORIENTED_EDGE ( 'NONE', *, *, #6297, .F. ) ;
#2193 = DIRECTION ( 'NONE',  ( -0.000000000000000000, -0.000000000000000000, 1.000000000000000000 ) ) ;
#2194 = CARTESIAN_POINT ( 'NONE',  ( 32.20649282690607151, 11.22185072041136067, 19.20359732000000008 ) ) ;
#2195 = DIRECTION ( 'NONE',  ( -1.000000000000000000, 0.000000000000000000, -1.462890879734001726E-19 ) ) ;
#2196 = LINE ( 'NONE', #7765, #1818 ) ;
#2197 = DIRECTION ( 'NONE',  ( -0.000000000000000000, -0.000000000000000000, 1.000000000000000000 ) ) ;
#2198 = ORIENTED_EDGE ( 'NONE', *, *, #6345, .F. ) ;
#2199 = LINE ( 'NONE', #2988, #9441 ) ;
#2200 = EDGE_CURVE ( 'NONE', #3500, #4203, #2158, .T. ) ;
#2201 = CARTESIAN_POINT ( 'NONE',  ( -2.604484169855374454, 14.47187108101561748, -51.43380705173928646 ) ) ;
#2202 = SHAPE_REPRESENTATION_RELATIONSHIP ( 'NONE' , 'NONE' ,  #3013, #2619 ) ;
#2203 = ADVANCED_FACE ( 'NONE', ( #2751 ), #8381, .F. ) ;
#2204 = ORIENTED_EDGE ( 'NONE', *, *, #5636, .F. ) ;
#2205 = PLANE ( 'NONE',  #6489 ) ;
#2206 = DIRECTION ( 'NONE',  ( -0.000000000000000000, -0.000000000000000000, -1.000000000000000000 ) ) ;
#2207 = ORIENTED_EDGE ( 'NONE', *, *, #4561, .F. ) ;
#2208 = FACE_OUTER_BOUND ( 'NONE', #8342, .T. ) ;
#2209 = PLANE ( 'NONE',  #10182 ) ;
#2210 = DIRECTION ( 'NONE',  ( -1.000000000000000000, 0.000000000000000000, 0.000000000000000000 ) ) ;
#2211 = CONICAL_SURFACE ( 'NONE', #8253, 0.7500000000000006661, 0.7853981633974570498 ) ;
#2212 = EDGE_CURVE ( 'NONE', #3261, #601, #7543, .T. ) ;
#2213 = DIRECTION ( 'NONE',  ( -1.000000000000000000, 0.000000000000000000, 0.000000000000000000 ) ) ;
#2214 = CARTESIAN_POINT ( 'NONE',  ( -40.99730114935989178, 14.78665858183135562, -40.80041777998818020 ) ) ;
#2215 = VECTOR ( 'NONE', #8691, 1000.000000000000000 ) ;
#2216 = ORIENTED_EDGE ( 'NONE', *, *, #3092, .T. ) ;
#2217 = DIRECTION ( 'NONE',  ( -1.000000000000000000, 0.000000000000000000, 0.000000000000000000 ) ) ;
#2218 = VERTEX_POINT ( 'NONE', #3535 ) ;
#2219 = ORIENTED_EDGE ( 'NONE', *, *, #1094, .F. ) ;
#2220 = DIRECTION ( 'NONE',  ( -0.000000000000000000, -0.000000000000000000, 1.000000000000000000 ) ) ;
#2221 = EDGE_LOOP ( 'NONE', ( #3316, #9304, #7446, #7900 ) ) ;
#2222 = CARTESIAN_POINT ( 'NONE',  ( 23.76123502289278733, -27.15679749192931070, 23.01532005517647050 ) ) ;
#2223 = LINE ( 'NONE', #10261, #6940 ) ;
#2224 = VERTEX_POINT ( 'NONE', #7539 ) ;
#2225 = VECTOR ( 'NONE', #3054, 1000.000000000000000 ) ;
#2226 = DIRECTION ( 'NONE',  ( 1.000000000000000000, 0.000000000000000000, 0.000000000000000000 ) ) ;
#2227 = DIRECTION ( 'NONE',  ( 1.000000000000000000, 0.000000000000000000, 0.000000000000000000 ) ) ;
#2228 = LINE ( 'NONE', #7909, #9025 ) ;
#2229 = CIRCLE ( 'NONE', #4236, 0.9499999999999925171 ) ;
#2230 = ORIENTED_EDGE ( 'NONE', *, *, #8153, .T. ) ;
#2231 = FACE_OUTER_BOUND ( 'NONE', #5179, .T. ) ;
#2232 = DIRECTION ( 'NONE',  ( 1.000000000000000000, 0.000000000000000000, 0.000000000000000000 ) ) ;
#2233 = ORIENTED_EDGE ( 'NONE', *, *, #6301, .F. ) ;
#2234 = CARTESIAN_POINT ( 'NONE',  ( 24.08414712793742396, -27.16376660324621994, 22.91769666868709265 ) ) ;
#2235 = DIRECTION ( 'NONE',  ( -1.000000000000000000, 0.000000000000000000, 0.000000000000000000 ) ) ;
#2236 = LINE ( 'NONE', #7221, #2664 ) ;
#2237 = DIRECTION ( 'NONE',  ( -0.000000000000000000, -0.000000000000000000, -1.000000000000000000 ) ) ;
#2238 = EDGE_LOOP ( 'NONE', ( #1537, #9455, #2151, #97 ) ) ;
#2239 = AXIS2_PLACEMENT_3D ( 'NONE', #278, #3636, #8220 ) ;
#2240 = CARTESIAN_POINT ( 'NONE',  ( -8.457001071010115112, 20.39209447807045095, -53.65041577998819378 ) ) ;
#2241 = CARTESIAN_POINT ( 'NONE',  ( -3.683785251877332634, 14.22764736562128896, -53.65041577998817957 ) ) ;
#2242 = EDGE_CURVE ( 'NONE', #6567, #7736, #8425, .T. ) ;
#2243 = AXIS2_PLACEMENT_3D ( 'NONE', #7567, #9135, #6712 ) ;
#2244 = ORIENTED_EDGE ( 'NONE', *, *, #3763, .F. ) ;
#2245 = LINE ( 'NONE', #6390, #2507 ) ;
#2246 = CARTESIAN_POINT ( 'NONE',  ( 20.02849441382008422, 1.426849255568360508, 21.40359731999999937 ) ) ;
#2247 = CARTESIAN_POINT ( 'NONE',  ( -8.399679074061729978, -17.81096349346800878, -32.80041777998817309 ) ) ;
#2248 = EDGE_CURVE ( 'NONE', #5453, #737, #5213, .T. ) ;
#2249 = CARTESIAN_POINT ( 'NONE',  ( 40.08049337622308173, 6.319848523146355923, 18.40359731999999937 ) ) ;
#2250 = DIRECTION ( 'NONE',  ( 0.000000000000000000, 0.000000000000000000, -1.000000000000000000 ) ) ;
#2251 = VERTEX_POINT ( 'NONE', #4424 ) ;
#2252 = AXIS2_PLACEMENT_3D ( 'NONE', #9436, #7067, #7755 ) ;
#2253 = EDGE_CURVE ( 'NONE', #1734, #8830, #5679, .T. ) ;
#2254 = ORIENTED_EDGE ( 'NONE', *, *, #6611, .T. ) ;
#2255 = CARTESIAN_POINT ( 'NONE',  ( 33.29477099867148127, 9.487847544181342130, 23.19999800000000079 ) ) ;
#2256 = CARTESIAN_POINT ( 'NONE',  ( -39.59033905356793070, -20.46057811846635843, -40.80041777998818020 ) ) ;
#2257 = EDGE_CURVE ( 'NONE', #559, #5954, #4378, .T. ) ;
#2258 = ORIENTED_EDGE ( 'NONE', *, *, #5438, .T. ) ;
#2259 = CARTESIAN_POINT ( 'NONE',  ( 25.15440466524699303, 24.14180250812481532, 22.88320931367884370 ) ) ;
#2260 = CARTESIAN_POINT ( 'NONE',  ( -2.934094724924095843, 14.96817197811181543, -54.25041577998818099 ) ) ;
#2261 = EDGE_CURVE ( 'NONE', #3789, #9774, #3586, .T. ) ;
#2262 = DIRECTION ( 'NONE',  ( -0.000000000000000000, -0.000000000000000000, 1.000000000000000000 ) ) ;
#2263 = AXIS2_PLACEMENT_3D ( 'NONE', #8229, #2397, #3444 ) ;
#2264 = CARTESIAN_POINT ( 'NONE',  ( 31.20649282690607862, 11.22185072041135001, 19.20359732000000008 ) ) ;
#2265 = EDGE_CURVE ( 'NONE', #7149, #10242, #3485, .T. ) ;
#2266 = CARTESIAN_POINT ( 'NONE',  ( 19.02849441382007711, -5.724148547166639567, 21.40359731999999937 ) ) ;
#2267 = ORIENTED_EDGE ( 'NONE', *, *, #3093, .T. ) ;
#2268 = DIRECTION ( 'NONE',  ( 0.000000000000000000, 0.000000000000000000, -1.000000000000000000 ) ) ;
#2269 = ORIENTED_EDGE ( 'NONE', *, *, #7720, .T. ) ;
#2270 = EDGE_CURVE ( 'NONE', #8215, #3455, #8325, .T. ) ;
#2271 = ORIENTED_EDGE ( 'NONE', *, *, #5629, .T. ) ;
#2272 = EDGE_CURVE ( 'NONE', #4294, #9549, #1455, .T. ) ;
#2273 = DIRECTION ( 'NONE',  ( 0.000000000000000000, 0.000000000000000000, 1.000000000000000000 ) ) ;
#2274 = CIRCLE ( 'NONE', #8142, 0.9499999999999855227 ) ;
#2275 = ORIENTED_EDGE ( 'NONE', *, *, #903, .T. ) ;
#2276 = CARTESIAN_POINT ( 'NONE',  ( 34.99477099867146990, -1.512152455818657204, 22.99999800000001215 ) ) ;
#2277 = DIRECTION ( 'NONE',  ( 0.000000000000000000, 0.000000000000000000, 1.000000000000000000 ) ) ;
#2278 = VERTEX_POINT ( 'NONE', #1610 ) ;
#2279 = DIRECTION ( 'NONE',  ( 1.000000000000000000, 0.000000000000000000, -0.000000000000000000 ) ) ;
#2280 = CARTESIAN_POINT ( 'NONE',  ( 50.36409808324995652, 0.5708903789016144259, 18.40359731999999937 ) ) ;
#2281 = DIRECTION ( 'NONE',  ( 1.000000000000000000, 0.000000000000000000, 0.000000000000000000 ) ) ;
#2282 = ORIENTED_EDGE ( 'NONE', *, *, #7712, .T. ) ;
#2283 = DIRECTION ( 'NONE',  ( 1.000000000000000000, 0.000000000000000000, 0.000000000000000000 ) ) ;
#2284 = PLANE ( 'NONE',  #7474 ) ;
#2285 = ORIENTED_EDGE ( 'NONE', *, *, #3092, .F. ) ;
#2286 = DIRECTION ( 'NONE',  ( 0.000000000000000000, 0.000000000000000000, -1.000000000000000000 ) ) ;
#2287 = FACE_OUTER_BOUND ( 'NONE', #9863, .T. ) ;
#2288 = DIRECTION ( 'NONE',  ( -1.000000000000000000, 0.000000000000000000, -0.000000000000000000 ) ) ;
#2289 = ORIENTED_EDGE ( 'NONE', *, *, #5650, .F. ) ;
#2290 = DIRECTION ( 'NONE',  ( -0.000000000000000000, -0.000000000000000000, 1.000000000000000000 ) ) ;
#2291 = DIRECTION ( 'NONE',  ( 0.7027442638224199456, -0.7114425483935333805, 0.000000000000000000 ) ) ;
#2292 = AXIS2_PLACEMENT_3D ( 'NONE', #7407, #3461, #4980 ) ;
#2293 = PRODUCT_DEFINITION_CONTEXT ( 'detailed design', #6807, 'design' ) ;
#2294 = ORIENTED_EDGE ( 'NONE', *, *, #337, .F. ) ;
#2295 = CIRCLE ( 'NONE', #2115, 1.000000000000000888 ) ;
#2296 = CARTESIAN_POINT ( 'NONE',  ( 38.89477099867147558, -12.51215245581865609, 21.99999800000000150 ) ) ;
#2297 = FACE_OUTER_BOUND ( 'NONE', #160, .T. ) ;
#2298 = CARTESIAN_POINT ( 'NONE',  ( 12.30349142309807320, -1.524148547166637835, 21.50359731999998658 ) ) ;
#2299 = CARTESIAN_POINT ( 'NONE',  ( 44.29477099867147416, 9.487847544181342130, 22.99999800000001215 ) ) ;
#2300 = LINE ( 'NONE', #766, #7616 ) ;
#2301 = ORIENTED_EDGE ( 'NONE', *, *, #854, .F. ) ;
#2302 = AXIS2_PLACEMENT_3D ( 'NONE', #6525, #5733, #3173 ) ;
#2303 = AXIS2_PLACEMENT_3D ( 'NONE', #4070, #1075, #8278 ) ;
#2304 = CIRCLE ( 'NONE', #7497, 0.2000000000000005107 ) ;
#2305 = EDGE_CURVE ( 'NONE', #1449, #3631, #9595, .T. ) ;
#2306 = CIRCLE ( 'NONE', #8852, 0.7500000000000006661 ) ;
#2307 = ORIENTED_EDGE ( 'NONE', *, *, #4571, .F. ) ;
#2308 = CARTESIAN_POINT ( 'NONE',  ( 3.263770336926316240, 13.58898476165380131, 11.22457852691048430 ) ) ;
#2309 = LINE ( 'NONE', #3199, #9280 ) ;
#2310 = VECTOR ( 'NONE', #9427, 1000.000000000000000 ) ;
#2311 = ORIENTED_EDGE ( 'NONE', *, *, #7948, .T. ) ;
#2312 = CARTESIAN_POINT ( 'NONE',  ( 25.82065544748815000, 24.21345908461141150, 22.97715272879430870 ) ) ;
#2313 = LINE ( 'NONE', #10250, #2803 ) ;
#2314 = CARTESIAN_POINT ( 'NONE',  ( -24.69849011171107378, -24.56215207581864135, -40.80041777998818020 ) ) ;
#2315 = CARTESIAN_POINT ( 'NONE',  ( 35.98149282690607720, 7.065850720411353869, 19.20359732000000008 ) ) ;
#2316 = EDGE_CURVE ( 'NONE', #7321, #4080, #4654, .T. ) ;
#2317 = LINE ( 'NONE', #8826, #9522 ) ;
#2318 = CIRCLE ( 'NONE', #4326, 0.7999999999999986011 ) ;
#2319 = VERTEX_POINT ( 'NONE', #3188 ) ;
#2320 = DIRECTION ( 'NONE',  ( 0.000000000000000000, 0.000000000000000000, -1.000000000000000000 ) ) ;
#2321 = ORIENTED_EDGE ( 'NONE', *, *, #10018, .F. ) ;
#2322 = AXIS2_PLACEMENT_3D ( 'NONE', #5645, #3924, #7979 ) ;
#2323 = ORIENTED_EDGE ( 'NONE', *, *, #7656, .T. ) ;
#2324 = CARTESIAN_POINT ( 'NONE',  ( 31.54477099867147061, 9.487847544181342130, 22.99999800000001215 ) ) ;
#2325 = EDGE_LOOP ( 'NONE', ( #5419, #7189, #2557, #8201 ) ) ;
#2326 = DIRECTION ( 'NONE',  ( -0.000000000000000000, -0.000000000000000000, 1.000000000000000000 ) ) ;
#2327 = CARTESIAN_POINT ( 'NONE',  ( 10.85349142309807569, -1.763214443583704494, 18.40359731999999937 ) ) ;
#2328 = ORIENTED_EDGE ( 'NONE', *, *, #7312, .T. ) ;
#2329 = CARTESIAN_POINT ( 'NONE',  ( -2.861291847708585134, 14.86200157910938557, -51.00386192608091562 ) ) ;
#2330 = VECTOR ( 'NONE', #4591, 1000.000000000000000 ) ;
#2331 = EDGE_CURVE ( 'NONE', #4011, #4508, #9726, .T. ) ;
#2332 = CARTESIAN_POINT ( 'NONE',  ( 7.030438470952719676, 6.006785556416295080, 31.63375372154084175 ) ) ;
#2333 = ADVANCED_FACE ( 'NONE', ( #3874 ), #9392, .T. ) ;
#2334 = FACE_BOUND ( 'NONE', #4547, .T. ) ;
#2335 = ORIENTED_EDGE ( 'NONE', *, *, #7188, .F. ) ;
#2336 = DIRECTION ( 'NONE',  ( -0.7027442638224199456, 0.7114425483935334915, 0.000000000000000000 ) ) ;
#2337 = DIRECTION ( 'NONE',  ( 0.000000000000000000, 0.000000000000000000, -1.000000000000000000 ) ) ;
#2338 = VERTEX_POINT ( 'NONE', #7123 ) ;
#2339 = CIRCLE ( 'NONE', #7368, 1.520000000000000462 ) ;
#2340 = EDGE_CURVE ( 'NONE', #947, #8163, #2245, .T. ) ;
#2341 = CARTESIAN_POINT ( 'NONE',  ( 37.89477099867146848, 9.487847544181342130, 23.19999800000000079 ) ) ;
#2342 = AXIS2_PLACEMENT_3D ( 'NONE', #6076, #6764, #246 ) ;
#2343 = DIRECTION ( 'NONE',  ( 0.000000000000000000, 0.000000000000000000, -1.000000000000000000 ) ) ;
#2344 = CARTESIAN_POINT ( 'NONE',  ( 41.39477099867147558, -1.512152455818657204, 23.19999800000000079 ) ) ;
#2345 = VERTEX_POINT ( 'NONE', #3968 ) ;
#2346 = DIRECTION ( 'NONE',  ( -1.000000000000000000, 1.577021341797097560E-16, 0.000000000000000000 ) ) ;
#2347 = DIRECTION ( 'NONE',  ( -0.000000000000000000, -0.000000000000000000, -1.000000000000000000 ) ) ;
#2348 = EDGE_CURVE ( 'NONE', #4847, #4360, #607, .T. ) ;
#2349 = AXIS2_PLACEMENT_3D ( 'NONE', #399, #5911, #8283 ) ;
#2350 = CARTESIAN_POINT ( 'NONE',  ( 7.630438470952453756, -8.063214443583346380, 8.998998000000000275 ) ) ;
#2351 = CARTESIAN_POINT ( 'NONE',  ( 9.827836675256252263, 20.16314882303863243, 23.19999800000000079 ) ) ;
#2352 = CARTESIAN_POINT ( 'NONE',  ( -8.355475298581900745, 20.60472096363306704, -51.12194494984574078 ) ) ;
#2353 = DIRECTION ( 'NONE',  ( -1.000000000000000000, 0.000000000000000000, -0.000000000000000000 ) ) ;
#2354 = FACE_OUTER_BOUND ( 'NONE', #1839, .T. ) ;
#2355 = ORIENTED_EDGE ( 'NONE', *, *, #6615, .F. ) ;
#2356 = CIRCLE ( 'NONE', #10244, 0.9999999999999991118 ) ;
#2357 =( NAMED_UNIT ( * ) SI_UNIT ( $, .STERADIAN. ) SOLID_ANGLE_UNIT ( ) );
#2358 = ORIENTED_EDGE ( 'NONE', *, *, #8752, .F. ) ;
#2359 = ADVANCED_FACE ( 'NONE', ( #9444 ), #7878, .F. ) ;
#2360 = DIRECTION ( 'NONE',  ( 0.000000000000000000, 1.000000000000000000, 0.000000000000000000 ) ) ;
#2361 = CARTESIAN_POINT ( 'NONE',  ( 32.33349227759007505, -14.01615056132663995, 18.40359731999999937 ) ) ;
#2362 = ORIENTED_EDGE ( 'NONE', *, *, #9384, .F. ) ;
#2363 = CARTESIAN_POINT ( 'NONE',  ( 24.08882966172263096, 24.13954012671130656, 22.91655583633188442 ) ) ;
#2364 = CYLINDRICAL_SURFACE ( 'NONE', #2460, 0.6500000000000057954 ) ;
#2365 = DIRECTION ( 'NONE',  ( 0.000000000000000000, 0.000000000000000000, -1.000000000000000000 ) ) ;
#2366 = CARTESIAN_POINT ( 'NONE',  ( 39.08049337622307462, -4.623571175818640633, 19.20359732000000008 ) ) ;
#2367 = DIRECTION ( 'NONE',  ( 0.000000000000000000, 0.000000000000000000, -1.000000000000000000 ) ) ;
#2368 = EDGE_CURVE ( 'NONE', #7919, #8265, #8389, .T. ) ;
#2369 = ORIENTED_EDGE ( 'NONE', *, *, #2242, .F. ) ;
#2370 = FACE_OUTER_BOUND ( 'NONE', #382, .T. ) ;
#2371 = ORIENTED_EDGE ( 'NONE', *, *, #4544, .F. ) ;
#2372 = ORIENTED_EDGE ( 'NONE', *, *, #9253, .T. ) ;
#2373 = ORIENTED_EDGE ( 'NONE', *, *, #8531, .F. ) ;
#2374 = DIRECTION ( 'NONE',  ( -1.000000000000000000, 0.000000000000000000, 0.000000000000000000 ) ) ;
#2375 = EDGE_CURVE ( 'NONE', #8475, #9584, #7711, .T. ) ;
#2376 = ORIENTED_EDGE ( 'NONE', *, *, #9335, .T. ) ;
#2377 = CARTESIAN_POINT ( 'NONE',  ( -2.823522168698520574, 14.80618820662540536, -51.02195064416299175 ) ) ;
#2378 = VECTOR ( 'NONE', #2754, 1000.000000000000000 ) ;
#2379 = LINE ( 'NONE', #5574, #2629 ) ;
#2380 = DIRECTION ( 'NONE',  ( 0.000000000000000000, 0.000000000000000000, 1.000000000000000000 ) ) ;
#2381 = ORIENTED_EDGE ( 'NONE', *, *, #3294, .F. ) ;
#2382 = DIRECTION ( 'NONE',  ( 0.000000000000000000, 0.000000000000000000, -1.000000000000000000 ) ) ;
#2383 = CARTESIAN_POINT ( 'NONE',  ( -24.69849011171107378, -1.512152455818657204, -32.80041777998817309 ) ) ;
#2384 = ORIENTED_EDGE ( 'NONE', *, *, #1667, .T. ) ;
#2385 = FACE_OUTER_BOUND ( 'NONE', #580, .T. ) ;
#2386 = CIRCLE ( 'NONE', #3225, 25.89999999999999147 ) ;
#2387 = EDGE_CURVE ( 'NONE', #1174, #4237, #3350, .T. ) ;
#2388 = EDGE_CURVE ( 'NONE', #8336, #857, #3036, .T. ) ;
#2389 = DIRECTION ( 'NONE',  ( -1.000000000000000000, 1.734723475976802677E-14, 0.000000000000000000 ) ) ;
#2390 = DIRECTION ( 'NONE',  ( 0.000000000000000000, 0.000000000000000000, -1.000000000000000000 ) ) ;
#2391 = VERTEX_POINT ( 'NONE', #5544 ) ;
#2392 = DIRECTION ( 'NONE',  ( -1.000000000000000000, 0.000000000000000000, 0.000000000000000000 ) ) ;
#2393 = CARTESIAN_POINT ( 'NONE',  ( -5.399679074061924489, 14.78665858183135562, -40.80041777998818020 ) ) ;
#2394 = AXIS2_PLACEMENT_3D ( 'NONE', #4548, #1150, #6082 ) ;
#2395 = AXIS2_PLACEMENT_3D ( 'NONE', #3690, #4577, #7053 ) ;
#2396 = DIRECTION ( 'NONE',  ( 1.000000000000000000, 0.000000000000000000, 0.000000000000000000 ) ) ;
#2397 = DIRECTION ( 'NONE',  ( 0.7114425483935334915, 0.7027442638224198346, 0.000000000000000000 ) ) ;
#2398 = CARTESIAN_POINT ( 'NONE',  ( -8.215393151595913324, 20.23110353817985185, -51.07979804429058390 ) ) ;
#2399 = EDGE_CURVE ( 'NONE', #7413, #8457, #3852, .T. ) ;
#2400 = FACE_OUTER_BOUND ( 'NONE', #5728, .T. ) ;
#2401 = DIRECTION ( 'NONE',  ( 1.000000000000000000, 0.000000000000000000, 0.000000000000000000 ) ) ;
#2402 = ORIENTED_EDGE ( 'NONE', *, *, #3705, .T. ) ;
#2403 = EDGE_CURVE ( 'NONE', #2753, #1278, #9493, .T. ) ;
#2404 = CIRCLE ( 'NONE', #1059, 1.000000000000000888 ) ;
#2405 = ORIENTED_EDGE ( 'NONE', *, *, #2265, .F. ) ;
#2406 = ORIENTED_EDGE ( 'NONE', *, *, #4886, .F. ) ;
#2407 = PLANE ( 'NONE',  #121 ) ;
#2408 = CARTESIAN_POINT ( 'NONE',  ( 26.14477099867147203, -12.51215245581865609, 22.99999800000001215 ) ) ;
#2409 = EDGE_LOOP ( 'NONE', ( #3737, #1588, #9196, #4077, #10035, #9318, #7498, #1038 ) ) ;
#2410 = CARTESIAN_POINT ( 'NONE',  ( 25.57981070893915998, 24.13390457600163685, 22.99603838658271115 ) ) ;
#2411 = FACE_OUTER_BOUND ( 'NONE', #3715, .T. ) ;
#2412 = AXIS2_PLACEMENT_3D ( 'NONE', #3398, #2603, #9808 ) ;
#2413 = DIRECTION ( 'NONE',  ( -0.000000000000000000, -0.000000000000000000, -1.000000000000000000 ) ) ;
#2414 = DIRECTION ( 'NONE',  ( 1.000000000000000000, 0.000000000000000000, 0.000000000000000000 ) ) ;
#2415 = DIRECTION ( 'NONE',  ( 1.000000000000000000, 0.000000000000000000, 0.000000000000000000 ) ) ;
#2416 = CIRCLE ( 'NONE', #9635, 0.9499999999999925171 ) ;
#2417 = VERTEX_POINT ( 'NONE', #8713 ) ;
#2418 = CARTESIAN_POINT ( 'NONE',  ( 2.801509888288925776, -1.512152455818657204, -31.40041777998817096 ) ) ;
#2419 = ORIENTED_EDGE ( 'NONE', *, *, #463, .T. ) ;
#2420 = ORIENTED_EDGE ( 'NONE', *, *, #376, .F. ) ;
#2421 = ORIENTED_EDGE ( 'NONE', *, *, #1755, .F. ) ;
#2422 = FACE_OUTER_BOUND ( 'NONE', #5184, .T. ) ;
#2423 = ORIENTED_EDGE ( 'NONE', *, *, #10005, .T. ) ;
#2424 = VECTOR ( 'NONE', #9920, 1000.000000000000114 ) ;
#2425 = CARTESIAN_POINT ( 'NONE',  ( -2.749141790161602650, 14.69469523350043616, -51.08566570498200576 ) ) ;
#2426 = FACE_OUTER_BOUND ( 'NONE', #4610, .T. ) ;
#2427 = ADVANCED_FACE ( 'NONE', ( #7976 ), #8760, .F. ) ;
#2428 = AXIS2_PLACEMENT_3D ( 'NONE', #8390, #6063, #9169 ) ;
#2429 = DIRECTION ( 'NONE',  ( 0.000000000000000000, 0.000000000000000000, 1.000000000000000000 ) ) ;
#2430 = EDGE_LOOP ( 'NONE', ( #9415, #7014, #10353, #179 ) ) ;
#2431 = DIRECTION ( 'NONE',  ( -0.000000000000000000, -0.000000000000000000, -1.000000000000000000 ) ) ;
#2432 = CARTESIAN_POINT ( 'NONE',  ( 25.34802645319783210, 24.22969889391179166, 22.82675521525334617 ) ) ;
#2433 = ORIENTED_EDGE ( 'NONE', *, *, #8805, .T. ) ;
#2434 = DIRECTION ( 'NONE',  ( 1.000000000000000000, 0.000000000000000000, 0.000000000000000000 ) ) ;
#2435 = CARTESIAN_POINT ( 'NONE',  ( 24.69849011171107378, 12.47584852314636095, 18.40359731999999937 ) ) ;
#2436 = VERTEX_POINT ( 'NONE', #7023 ) ;
#2437 = CIRCLE ( 'NONE', #10157, 24.09999999999566000 ) ;
#2438 = DIRECTION ( 'NONE',  ( 1.000000000000000000, 0.000000000000000000, 0.000000000000000000 ) ) ;
#2439 = CARTESIAN_POINT ( 'NONE',  ( 24.03838022587252254, 24.13867786009602057, 22.92904507412796633 ) ) ;
#2440 = ADVANCED_FACE ( 'NONE', ( #4711 ), #8602, .F. ) ;
#2441 = CARTESIAN_POINT ( 'NONE',  ( 26.14477099867147203, 9.487847544181342130, 23.19999800000000079 ) ) ;
#2442 = PLANE ( 'NONE',  #8975 ) ;
#2443 = CARTESIAN_POINT ( 'NONE',  ( -8.134755569736293879, 20.17591564298497886, -51.03201724132245687 ) ) ;
#2444 = CARTESIAN_POINT ( 'NONE',  ( 23.11076921640282222, -27.01277288667485266, 23.19999800000000079 ) ) ;
#2445 = DIRECTION ( 'NONE',  ( 1.000000000000000000, 0.000000000000000000, 0.000000000000000000 ) ) ;
#2446 = EDGE_LOOP ( 'NONE', ( #4973, #4418, #828, #4439 ) ) ;
#2447 = EDGE_CURVE ( 'NONE', #9096, #8030, #7888, .T. ) ;
#2448 = DIRECTION ( 'NONE',  ( 0.000000000000000000, 0.000000000000000000, 1.000000000000000000 ) ) ;
#2449 = AXIS2_PLACEMENT_3D ( 'NONE', #1584, #1376, #6257 ) ;
#2450 = ADVANCED_FACE ( 'NONE', ( #356 ), #4397, .T. ) ;
#2451 = VERTEX_POINT ( 'NONE', #9237 ) ;
#2452 = AXIS2_PLACEMENT_3D ( 'NONE', #1730, #9879, #7354 ) ;
#2453 = ORIENTED_EDGE ( 'NONE', *, *, #2720, .F. ) ;
#2454 = DIRECTION ( 'NONE',  ( 1.000000000000000000, 0.000000000000000000, 0.000000000000000000 ) ) ;
#2455 = CARTESIAN_POINT ( 'NONE',  ( 23.17849011171107421, -24.56215207581864135, 96.03199646221435160 ) ) ;
#2456 = ORIENTED_EDGE ( 'NONE', *, *, #10291, .F. ) ;
#2457 = CARTESIAN_POINT ( 'NONE',  ( 25.94453444647213658, 24.20775653718905929, 23.02834905205008198 ) ) ;
#2458 = DIRECTION ( 'NONE',  ( -0.000000000000000000, -0.000000000000000000, -1.000000000000000000 ) ) ;
#2459 = LINE ( 'NONE', #8878, #1671 ) ;
#2460 = AXIS2_PLACEMENT_3D ( 'NONE', #1629, #729, #1473 ) ;
#2461 = AXIS2_PLACEMENT_3D ( 'NONE', #8361, #6041, #1940 ) ;
#2462 = VECTOR ( 'NONE', #8060, 1000.000000000000000 ) ;
#2463 = CARTESIAN_POINT ( 'NONE',  ( 33.49477099867146990, 9.487847544181342130, 21.99999800000000150 ) ) ;
#2464 = CARTESIAN_POINT ( 'NONE',  ( -2.774648604874375479, 15.08890695564976525, -50.79041577998818724 ) ) ;
#2465 = AXIS2_PLACEMENT_3D ( 'NONE', #8966, #6590, #4907 ) ;
#2466 = CIRCLE ( 'NONE', #8690, 1.000000000000000888 ) ;
#2467 = ORIENTED_EDGE ( 'NONE', *, *, #8301, .F. ) ;
#2468 = CARTESIAN_POINT ( 'NONE',  ( -21.94849011171242381, -24.56215207581315951, -40.80041777998818020 ) ) ;
#2469 = VERTEX_POINT ( 'NONE', #8448 ) ;
#2470 = VERTEX_POINT ( 'NONE', #2671 ) ;
#2471 = CARTESIAN_POINT ( 'NONE',  ( -3.378761491862194433, 13.19428054392661132, -56.00041577998817388 ) ) ;
#2472 = AXIS2_PLACEMENT_3D ( 'NONE', #6143, #2945, #8624 ) ;
#2473 = ORIENTED_EDGE ( 'NONE', *, *, #5562, .F. ) ;
#2474 = CARTESIAN_POINT ( 'NONE',  ( 40.59477099867146421, -1.512152455818657204, 23.19999800000000079 ) ) ;
#2475 = ORIENTED_EDGE ( 'NONE', *, *, #5969, .T. ) ;
#2476 = AXIS2_PLACEMENT_3D ( 'NONE', #2535, #9060, #5738 ) ;
#2477 = CARTESIAN_POINT ( 'NONE',  ( 9.630438470952455532, -8.063214443583346380, 8.998998000000000275 ) ) ;
#2478 = CARTESIAN_POINT ( 'NONE',  ( -39.59033905356748306, 17.43627320682938731, -36.80041777998817309 ) ) ;
#2479 = CARTESIAN_POINT ( 'NONE',  ( 25.05949410864507243, -2.967150744431636955, 19.20359732000000008 ) ) ;
#2480 = ORIENTED_EDGE ( 'NONE', *, *, #6310, .T. ) ;
#2481 = EDGE_LOOP ( 'NONE', ( #7633, #6256 ) ) ;
#2482 = VECTOR ( 'NONE', #3785, 1000.000000000000000 ) ;
#2483 = CARTESIAN_POINT ( 'NONE',  ( 9.129233762251150353, 7.426722893499331235, 40.75345354922610142 ) ) ;
#2484 = CARTESIAN_POINT ( 'NONE',  ( 24.29914505072348874, 24.23479890056961139, 22.77805818832394280 ) ) ;
#2485 = EDGE_CURVE ( 'NONE', #9145, #9683, #6862, .T. ) ;
#2486 = ORIENTED_EDGE ( 'NONE', *, *, #129, .T. ) ;
#2487 = LINE ( 'NONE', #6326, #7559 ) ;
#2488 = DIRECTION ( 'NONE',  ( -1.000000000000000000, 0.000000000000000000, 0.000000000000000000 ) ) ;
#2489 = LINE ( 'NONE', #8017, #9801 ) ;
#2490 = ORIENTED_EDGE ( 'NONE', *, *, #7146, .T. ) ;
#2491 = CIRCLE ( 'NONE', #5672, 0.7500000000000006661 ) ;
#2492 = PRODUCT_DEFINITION ( '未知', '', #3171, #2293 ) ;
#2493 = DIRECTION ( 'NONE',  ( 0.000000000000000000, 0.000000000000000000, 1.000000000000000000 ) ) ;
#2494 = CARTESIAN_POINT ( 'NONE',  ( 1.931612641598686730, -0.07905856616133717651, 18.40359731999999937 ) ) ;
#2495 = CIRCLE ( 'NONE', #7710, 0.7999999999999986011 ) ;
#2496 = CARTESIAN_POINT ( 'NONE',  ( 27.09477099867146066, -1.512152455818657648, 23.19999800000000079 ) ) ;
#2497 = VECTOR ( 'NONE', #8015, 1000.000000000000000 ) ;
#2498 = FACE_BOUND ( 'NONE', #593, .T. ) ;
#2499 = LINE ( 'NONE', #4073, #1421 ) ;
#2500 = CARTESIAN_POINT ( 'NONE',  ( -8.016510155467175380, 20.09366892066584143, -50.99520540680562419 ) ) ;
#2501 = CARTESIAN_POINT ( 'NONE',  ( -2.763540723484358086, 14.71645021277059939, -54.17100502568281684 ) ) ;
#2502 = DIRECTION ( 'NONE',  ( 1.000000000000000000, 0.000000000000000000, 0.000000000000000000 ) ) ;
#2503 = ORIENTED_EDGE ( 'NONE', *, *, #795, .T. ) ;
#2504 = EDGE_CURVE ( 'NONE', #8044, #8581, #10023, .T. ) ;
#2505 = EDGE_CURVE ( 'NONE', #9573, #4109, #9183, .T. ) ;
#2506 = VECTOR ( 'NONE', #1830, 1000.000000000000000 ) ;
#2507 = VECTOR ( 'NONE', #6283, 1000.000000000000000 ) ;
#2508 = ORIENTED_EDGE ( 'NONE', *, *, #6080, .T. ) ;
#2509 = ORIENTED_EDGE ( 'NONE', *, *, #7011, .T. ) ;
#2510 = DIRECTION ( 'NONE',  ( -1.000000000000000000, 0.000000000000000000, 0.000000000000000000 ) ) ;
#2511 = DIRECTION ( 'NONE',  ( -0.7071067811865526798, 8.659560562354995721E-17, 0.7071067811865424657 ) ) ;
#2512 = ORIENTED_EDGE ( 'NONE', *, *, #4331, .T. ) ;
#2513 = LINE ( 'NONE', #5711, #6014 ) ;
#2514 = DIRECTION ( 'NONE',  ( 0.000000000000000000, 0.000000000000000000, -1.000000000000000000 ) ) ;
#2515 = DIRECTION ( 'NONE',  ( -1.000000000000000000, 0.000000000000000000, 0.000000000000000000 ) ) ;
#2516 = FACE_OUTER_BOUND ( 'NONE', #1707, .T. ) ;
#2517 = EDGE_CURVE ( 'NONE', #10097, #6580, #1984, .T. ) ;
#2518 = CARTESIAN_POINT ( 'NONE',  ( -8.001670805989107293, 20.08321200896949676, -54.24746205684308364 ) ) ;
#2519 = LINE ( 'NONE', #1732, #1475 ) ;
#2520 = ADVANCED_FACE ( 'NONE', ( #10076 ), #993, .F. ) ;
#2521 = ORIENTED_EDGE ( 'NONE', *, *, #7645, .F. ) ;
#2522 = CARTESIAN_POINT ( 'NONE',  ( -24.69849011171107378, -1.512152455818657204, -32.80041777998817309 ) ) ;
#2523 = ORIENTED_EDGE ( 'NONE', *, *, #7772, .F. ) ;
#2524 = ORIENTED_EDGE ( 'NONE', *, *, #2191, .T. ) ;
#2525 = CARTESIAN_POINT ( 'NONE',  ( 19.02849441382007711, -4.967150744431644505, 21.40359731999999937 ) ) ;
#2526 = ORIENTED_EDGE ( 'NONE', *, *, #5335, .T. ) ;
#2527 = CARTESIAN_POINT ( 'NONE',  ( -0.8515098882889045040, -1.512152455818657204, 23.19999800000000079 ) ) ;
#2528 = EDGE_CURVE ( 'NONE', #6058, #1694, #2826, .T. ) ;
#2529 = VERTEX_POINT ( 'NONE', #2725 ) ;
#2530 = CARTESIAN_POINT ( 'NONE',  ( -2.455276619985537589, 14.65849610774982459, -50.98777993533998654 ) ) ;
#2531 = DIRECTION ( 'NONE',  ( 1.462890879734001726E-19, 1.610801296603465303E-20, -1.000000000000000000 ) ) ;
#2532 = LINE ( 'NONE', #4997, #797 ) ;
#2533 = ORIENTED_EDGE ( 'NONE', *, *, #5784, .F. ) ;
#2534 = EDGE_LOOP ( 'NONE', ( #1207, #143, #51, #7445 ) ) ;
#2535 = CARTESIAN_POINT ( 'NONE',  ( 8.630438470952455532, -8.063214443583346380, 23.19999800000000079 ) ) ;
#2536 = CARTESIAN_POINT ( 'NONE',  ( 25.54270282382537616, 24.22401673705953229, 22.88013700661701932 ) ) ;
#2537 = ORIENTED_EDGE ( 'NONE', *, *, #3860, .F. ) ;
#2538 = CARTESIAN_POINT ( 'NONE',  ( 32.33349227759008215, -15.01615056132663995, 19.20359732000000008 ) ) ;
#2539 = DIRECTION ( 'NONE',  ( -0.7071067811865473507, 0.7071067811865477948, 0.000000000000000000 ) ) ;
#2540 = CIRCLE ( 'NONE', #3818, 2.919999999999999041 ) ;
#2541 =( LENGTH_UNIT ( ) NAMED_UNIT ( * ) SI_UNIT ( .MILLI., .METRE. ) );
#2542 = ORIENTED_EDGE ( 'NONE', *, *, #3174, .T. ) ;
#2543 = AXIS2_PLACEMENT_3D ( 'NONE', #8430, #6847, #587 ) ;
#2544 = CARTESIAN_POINT ( 'NONE',  ( 24.69849011171107378, -6.819414077215271597, 18.40359731999999937 ) ) ;
#2545 = CARTESIAN_POINT ( 'NONE',  ( 25.81716235458048558, 24.12709038455214738, 23.08636222845598596 ) ) ;
#2546 = CARTESIAN_POINT ( 'NONE',  ( -7.951688768616167025, 20.04787177364163142, -54.25041577998818809 ) ) ;
#2547 = AXIS2_PLACEMENT_3D ( 'NONE', #4839, #3170, #2279 ) ;
#2548 = DIRECTION ( 'NONE',  ( 1.000000000000000000, 0.000000000000000000, -0.000000000000000000 ) ) ;
#2549 = CARTESIAN_POINT ( 'NONE',  ( -40.99730114935989178, -17.81096349346809049, -32.80041777998817309 ) ) ;
#2550 = CARTESIAN_POINT ( 'NONE',  ( -8.479594318002176223, 20.69589606792182579, -51.59041577998818440 ) ) ;
#2551 = CARTESIAN_POINT ( 'NONE',  ( -2.630511114980076393, 14.51252722926875549, -53.91721683114263186 ) ) ;
#2552 = B_SPLINE_CURVE_WITH_KNOTS ( 'NONE', 3,
 ( #3745, #6167, #1391, #370, #8842, #8065, #6530, #962, #8162, #5685, #3519, #9685, #2484, #6474, #3328, #2786, #9743, #9632, #4164, #8113, #3273, #9147, #4792, #8903, #2432, #8793, #1943, #2536, #5739, #859, #1753, #5145 ),
 .UNSPECIFIED., .F., .F.,
 ( 4, 1, 2, 2, 2, 2, 2, 2, 2, 2, 2, 2, 2, 1, 2, 2, 4 ),
 ( 0.000000000000000000, 0.06249999999999569789, 0.09374999999999281131, 0.1249999999999899247, 0.1874999999999881484, 0.2499999999999863443, 0.3124999999999845124, 0.3749999999999827360, 0.4999999999999829026, 0.5624999999999830136, 0.6249999999999831246, 0.6874999999999833467, 0.7499999999999834577, 0.8124999999999835687, 0.8437499999999863443, 0.8749999999999890088, 1.000000000000000000 ),
 .UNSPECIFIED. ) ;
#2553 = DIRECTION ( 'NONE',  ( -0.000000000000000000, -0.000000000000000000, -1.000000000000000000 ) ) ;
#2554 = ORIENTED_EDGE ( 'NONE', *, *, #8918, .F. ) ;
#2555 = AXIS2_PLACEMENT_3D ( 'NONE', #2920, #4595, #8546 ) ;
#2557 = ORIENTED_EDGE ( 'NONE', *, *, #9768, .T. ) ;
#2556 = EDGE_CURVE ( 'NONE', #2667, #5887, #1037, .T. ) ;
#2558 = ORIENTED_EDGE ( 'NONE', *, *, #9395, .F. ) ;
#2559 = DIRECTION ( 'NONE',  ( 0.000000000000000000, 0.000000000000000000, -1.000000000000000000 ) ) ;
#2560 = DIRECTION ( 'NONE',  ( 0.000000000000000000, 0.000000000000000000, -1.000000000000000000 ) ) ;
#2561 = ORIENTED_EDGE ( 'NONE', *, *, #10347, .F. ) ;
#2562 = FACE_OUTER_BOUND ( 'NONE', #3998, .T. ) ;
#2563 = DIRECTION ( 'NONE',  ( 0.000000000000000000, 0.000000000000000000, 1.000000000000000000 ) ) ;
#2564 = PLANE ( 'NONE',  #5182 ) ;
#2565 = DIRECTION ( 'NONE',  ( -0.000000000000000000, -0.000000000000000000, 1.000000000000000000 ) ) ;
#2566 = CIRCLE ( 'NONE', #3915, 1.000000000000000888 ) ;
#2567 = AXIS2_PLACEMENT_3D ( 'NONE', #9457, #5402, #567 ) ;
#2568 = EDGE_CURVE ( 'NONE', #5756, #6810, #3504, .T. ) ;
#2569 = CARTESIAN_POINT ( 'NONE',  ( 2.801509888288925776, -1.512152455818657204, -55.80041577998814972 ) ) ;
#2570 = CARTESIAN_POINT ( 'NONE',  ( 43.85549337622306609, 12.47584852314636450, 19.20359732000000008 ) ) ;
#2571 = ADVANCED_FACE ( 'NONE', ( #5922 ), #5028, .F. ) ;
#2572 = VECTOR ( 'NONE', #3447, 1000.000000000000000 ) ;
#2573 = ORIENTED_EDGE ( 'NONE', *, *, #8157, .T. ) ;
#2574 = FACE_OUTER_BOUND ( 'NONE', #6884, .T. ) ;
#2575 = ORIENTED_EDGE ( 'NONE', *, *, #3396, .T. ) ;
#2576 = VERTEX_POINT ( 'NONE', #8294 ) ;
#2577 = CARTESIAN_POINT ( 'NONE',  ( -2.774648604874373703, 15.08890695564976703, -54.45041577998818383 ) ) ;
#2578 = ORIENTED_EDGE ( 'NONE', *, *, #8415, .F. ) ;
#2579 = LINE ( 'NONE', #8994, #6871 ) ;
#2580 = ORIENTED_EDGE ( 'NONE', *, *, #9651, .F. ) ;
#2581 = CARTESIAN_POINT ( 'NONE',  ( -2.630402904345749970, 14.51235852931220549, -51.32401014178161347 ) ) ;
#2582 = CIRCLE ( 'NONE', #5089, 0.9999999999999991118 ) ;
#2583 = CARTESIAN_POINT ( 'NONE',  ( 7.030438470952728558, -0.9132144435829868678, 31.63375372154084175 ) ) ;
#2584 = EDGE_CURVE ( 'NONE', #8895, #5222, #1089, .T. ) ;
#2585 = ADVANCED_FACE ( 'NONE', ( #7564 ), #3557, .F. ) ;
#2586 = DIRECTION ( 'NONE',  ( 0.000000000000000000, -1.000000000000000000, 0.000000000000000000 ) ) ;
#2587 = VERTEX_POINT ( 'NONE', #1200 ) ;
#2588 = VERTEX_POINT ( 'NONE', #7611 ) ;
#2589 = CARTESIAN_POINT ( 'NONE',  ( 45.79477099867147416, 9.487847544181342130, 21.99999800000000150 ) ) ;
#2590 = ORIENTED_EDGE ( 'NONE', *, *, #8234, .T. ) ;
#2591 = CYLINDRICAL_SURFACE ( 'NONE', #6376, 25.89999999999999503 ) ;
#2592 = FACE_OUTER_BOUND ( 'NONE', #2446, .T. ) ;
#2593 = DIRECTION ( 'NONE',  ( 0.000000000000000000, 0.000000000000000000, 1.000000000000000000 ) ) ;
#2594 = VERTEX_POINT ( 'NONE', #9970 ) ;
#2595 = CARTESIAN_POINT ( 'NONE',  ( 11.28901711471469405, 7.465185902403217000, 21.40359731999999937 ) ) ;
#2596 = CARTESIAN_POINT ( 'NONE',  ( -24.69849011171107378, -1.512152455818657204, -50.99041577998818298 ) ) ;
#2597 = CIRCLE ( 'NONE', #4441, 0.9999999999999974465 ) ;
#2598 = CARTESIAN_POINT ( 'NONE',  ( -8.388109263299766027, 20.34684246089561199, -53.95143870509441797 ) ) ;
#2599 = LINE ( 'NONE', #8967, #8985 ) ;
#2600 = DIRECTION ( 'NONE',  ( -0.000000000000000000, -0.000000000000000000, -1.000000000000000000 ) ) ;
#2601 = DIRECTION ( 'NONE',  ( 1.000000000000000000, 0.000000000000000000, 0.000000000000000000 ) ) ;
#2602 = CARTESIAN_POINT ( 'NONE',  ( -2.665085972008301773, 14.56619680474618406, -54.01747364147974650 ) ) ;
#2603 = DIRECTION ( 'NONE',  ( -0.000000000000000000, -0.000000000000000000, -1.000000000000000000 ) ) ;
#2604 = ORIENTED_EDGE ( 'NONE', *, *, #227, .F. ) ;
#2605 = CIRCLE ( 'NONE', #9489, 25.89999999999999147 ) ;
#2606 = ORIENTED_EDGE ( 'NONE', *, *, #5713, .T. ) ;
#2607 = EDGE_LOOP ( 'NONE', ( #2376, #7466, #4016, #6205 ) ) ;
#2608 = CARTESIAN_POINT ( 'NONE',  ( 31.54477099867147061, -12.51215245581865609, 21.99999800000000150 ) ) ;
#2609 = CARTESIAN_POINT ( 'NONE',  ( -5.565813111895187681, 23.24793400929933185, -51.59041577998819861 ) ) ;
#2610 = VERTEX_POINT ( 'NONE', #3608 ) ;
#2611 = DIRECTION ( 'NONE',  ( -0.7114425483935334915, -0.7027442638224199456, 0.000000000000000000 ) ) ;
#2612 = CARTESIAN_POINT ( 'NONE',  ( 15.84674818352332970, 14.14423731477149637, 18.40359731999999937 ) ) ;
#2613 = EDGE_CURVE ( 'NONE', #123, #9982, #9283, .T. ) ;
#2614 = DIRECTION ( 'NONE',  ( 0.000000000000000000, -1.000000000000000000, 0.000000000000000000 ) ) ;
#2615 = EDGE_CURVE ( 'NONE', #1123, #8733, #5858, .T. ) ;
#2616 = CIRCLE ( 'NONE', #10011, 2.750000000000002665 ) ;
#2617 = CARTESIAN_POINT ( 'NONE',  ( -26.21849011171107335, -24.56215207581864135, -32.80041777998817309 ) ) ;
#2618 = DIRECTION ( 'NONE',  ( -1.000000000000000000, 0.000000000000000000, 0.000000000000000000 ) ) ;
#2619 = ADVANCED_BREP_SHAPE_REPRESENTATION ( '', ( #7450, #5331 ), #3989 ) ;
#2620 = EDGE_LOOP ( 'NONE', ( #6805, #1366, #7842, #969 ) ) ;
#2621 = FACE_OUTER_BOUND ( 'NONE', #3653, .T. ) ;
#2622 = VERTEX_POINT ( 'NONE', #7449 ) ;
#2623 = VERTEX_POINT ( 'NONE', #3454 ) ;
#2624 = AXIS2_PLACEMENT_3D ( 'NONE', #5197, #8308, #418 ) ;
#2625 = FACE_OUTER_BOUND ( 'NONE', #6619, .T. ) ;
#2626 = ORIENTED_EDGE ( 'NONE', *, *, #2340, .F. ) ;
#2627 = DIRECTION ( 'NONE',  ( -1.000000000000000000, 0.000000000000000000, 0.000000000000000000 ) ) ;
#2628 = VERTEX_POINT ( 'NONE', #9446 ) ;
#2629 = VECTOR ( 'NONE', #8788, 1000.000000000000000 ) ;
#2630 = EDGE_CURVE ( 'NONE', #8800, #4486, #6182, .T. ) ;
#2631 = EDGE_CURVE ( 'NONE', #100, #3637, #7369, .T. ) ;
#2632 = CARTESIAN_POINT ( 'NONE',  ( -2.701511114718833984, 14.62222122585982476, -51.15151538811757348 ) ) ;
#2633 = CIRCLE ( 'NONE', #8014, 0.7500000000000006661 ) ;
#2634 = CARTESIAN_POINT ( 'NONE',  ( 50.44849011171106667, -1.512152455818654095, 22.99999799999998018 ) ) ;
#2635 = AXIS2_PLACEMENT_3D ( 'NONE', #5971, #9968, #1339 ) ;
#2636 = CIRCLE ( 'NONE', #3478, 0.9499999999999925171 ) ;
#2637 = LINE ( 'NONE', #7308, #3983 ) ;
#2638 = ORIENTED_EDGE ( 'NONE', *, *, #4067, .F. ) ;
#2639 = ORIENTED_EDGE ( 'NONE', *, *, #10291, .T. ) ;
#2640 = LINE ( 'NONE', #8161, #293 ) ;
#2641 = EDGE_LOOP ( 'NONE', ( #2328, #10271, #5503, #8055 ) ) ;
#2642 = DIRECTION ( 'NONE',  ( -0.000000000000000000, -0.000000000000000000, 1.000000000000000000 ) ) ;
#2643 = AXIS2_PLACEMENT_3D ( 'NONE', #8586, #7214, #4635 ) ;
#2644 = CARTESIAN_POINT ( 'NONE',  ( 11.23043847095200576, -1.512152455818660757, 31.63375372154084175 ) ) ;
#2645 = VECTOR ( 'NONE', #6935, 999.9999999999998863 ) ;
#2646 = DIRECTION ( 'NONE',  ( -0.000000000000000000, -0.000000000000000000, 1.000000000000000000 ) ) ;
#2647 = ORIENTED_EDGE ( 'NONE', *, *, #2767, .T. ) ;
#2648 = EDGE_CURVE ( 'NONE', #6133, #6672, #2840, .T. ) ;
#2649 = EDGE_CURVE ( 'NONE', #9774, #9302, #7025, .T. ) ;
#2650 = CARTESIAN_POINT ( 'NONE',  ( 28.84477099867147487, 9.487847544181342130, 22.99999800000001215 ) ) ;
#2651 = VECTOR ( 'NONE', #6613, 1000.000000000000000 ) ;
#2652 = DIRECTION ( 'NONE',  ( 0.000000000000000000, 0.000000000000000000, 1.000000000000000000 ) ) ;
#2653 = ADVANCED_FACE ( 'NONE', ( #6962 ), #5391, .F. ) ;
#2654 = VECTOR ( 'NONE', #7110, 1000.000000000000000 ) ;
#2655 = CARTESIAN_POINT ( 'NONE',  ( -8.318104005875104789, 20.30032398558311257, -54.06155875243837983 ) ) ;
#2656 = DIRECTION ( 'NONE',  ( 0.000000000000000000, 0.000000000000000000, 1.000000000000000000 ) ) ;
#2657 = CARTESIAN_POINT ( 'NONE',  ( 25.33988066268343076, -27.16330220415854413, 22.92443617993385629 ) ) ;
#2658 = LINE ( 'NONE', #6595, #9399 ) ;
#2659 = VECTOR ( 'NONE', #3821, 1000.000000000000000 ) ;
#2660 = CARTESIAN_POINT ( 'NONE',  ( -2.845414561323129643, 14.83861089115688081, -54.23051357001879325 ) ) ;
#2661 = CARTESIAN_POINT ( 'NONE',  ( 24.59438448207775707, -27.26199095238696657, 22.75014219151364969 ) ) ;
#2662 = VERTEX_POINT ( 'NONE', #3708 ) ;
#2663 = EDGE_CURVE ( 'NONE', #8820, #1696, #10057, .T. ) ;
#2664 = VECTOR ( 'NONE', #5433, 1000.000000000000000 ) ;
#2665 = B_SPLINE_CURVE_WITH_KNOTS ( 'NONE', 3,
 ( #2926, #2828, #2140, #1252 ),
 .UNSPECIFIED., .F., .F.,
 ( 4, 4 ),
 ( 5.769748696025432641E-18, 0.0002889733042406189036 ),
 .UNSPECIFIED. ) ;
#2666 = B_SPLINE_CURVE_WITH_KNOTS ( 'NONE', 3,
 ( #7294, #95, #3307, #2518, #1362, #8406, #362, #10080, #9341, #9193, #3712, #1153, #10184, #8560, #6821, #2930, #2834, #5193, #465, #7771, #3563, #2880, #1990, #6132, #2145, #1205, #3765, #4403, #5347, #2781, #4550, #7618, #6083, #414, #1308, #6771 ),
 .UNSPECIFIED., .F., .F.,
 ( 4, 2, 2, 2, 2, 1, 2, 2, 1, 2, 2, 2, 2, 2, 2, 2, 2, 2, 4 ),
 ( 0.000000000000000000, 0.06249999999999789058, 0.09374999999999461542, 0.1249999999999913403, 0.1562499999999880651, 0.1718749999999834299, 0.1796874999999839295, 0.1874999999999844014, 0.2187499999999810152, 0.2343749999999829858, 0.2499999999999849565, 0.3124999999999985567, 0.3437500000000026090, 0.3750000000000066613, 0.4375000000000273115, 0.4687500000000325295, 0.5000000000000377476, 0.7500000000000188738, 1.000000000000000000 ),
 .UNSPECIFIED. ) ;
#2667 = VERTEX_POINT ( 'NONE', #2298 ) ;
#2668 = EDGE_LOOP ( 'NONE', ( #7742, #8772, #9669, #583, #1650, #10096 ) ) ;
#2669 = CARTESIAN_POINT ( 'NONE',  ( -3.158793611581506955, 13.41155903878397204, -51.00041577998818099 ) ) ;
#2670 = CARTESIAN_POINT ( 'NONE',  ( 19.02849441382007711, 2.675851452833362565, 21.40359731999999937 ) ) ;
#2671 = CARTESIAN_POINT ( 'NONE',  ( 45.79477099867147416, 9.487847544181342130, 22.99999800000001215 ) ) ;
#2672 = ORIENTED_EDGE ( 'NONE', *, *, #8805, .F. ) ;
#2673 = DIRECTION ( 'NONE',  ( 0.000000000000000000, 0.000000000000000000, 1.000000000000000000 ) ) ;
#2674 = CARTESIAN_POINT ( 'NONE',  ( -6.192582273723364672, 16.76749726338619695, -54.25041577998818099 ) ) ;
#2675 = VECTOR ( 'NONE', #1245, 1000.000000000000000 ) ;
#2676 = AXIS2_PLACEMENT_3D ( 'NONE', #2247, #5442, #7928 ) ;
#2677 = CARTESIAN_POINT ( 'NONE',  ( -23.17849011171107421, 21.53784716418134693, -60.29962500960238714 ) ) ;
#2678 = LINE ( 'NONE', #1046, #4460 ) ;
#2679 = DIRECTION ( 'NONE',  ( -0.000000000000000000, -0.000000000000000000, -1.000000000000000000 ) ) ;
#2680 = EDGE_CURVE ( 'NONE', #1696, #2417, #5354, .T. ) ;
#2681 = AXIS2_PLACEMENT_3D ( 'NONE', #753, #1705, #20 ) ;
#2682 = ORIENTED_EDGE ( 'NONE', *, *, #6755, .T. ) ;
#2683 = DIRECTION ( 'NONE',  ( 0.000000000000000000, -1.000000000000000000, 0.000000000000000000 ) ) ;
#2684 = ORIENTED_EDGE ( 'NONE', *, *, #9696, .F. ) ;
#2685 = ORIENTED_EDGE ( 'NONE', *, *, #4999, .F. ) ;
#2686 = LINE ( 'NONE', #9779, #9178 ) ;
#2687 = ORIENTED_EDGE ( 'NONE', *, *, #37, .F. ) ;
#2688 = FACE_OUTER_BOUND ( 'NONE', #860, .T. ) ;
#2689 = AXIS2_PLACEMENT_3D ( 'NONE', #10313, #1644, #5676 ) ;
#2690 = CARTESIAN_POINT ( 'NONE',  ( -2.619376058540992425, 14.49514314622974709, -51.36890215436407914 ) ) ;
#2691 = EDGE_CURVE ( 'NONE', #9048, #3310, #4850, .T. ) ;
#2692 = CARTESIAN_POINT ( 'NONE',  ( 21.66549410864508118, 0.6268492555683571332, 21.40359731999999937 ) ) ;
#2693 = DIRECTION ( 'NONE',  ( -1.000000000000000000, 0.000000000000000000, 0.000000000000000000 ) ) ;
#2694 = ORIENTED_EDGE ( 'NONE', *, *, #5302, .T. ) ;
#2695 = ADVANCED_FACE ( 'NONE', ( #2139 ), #669, .T. ) ;
#2696 = ORIENTED_EDGE ( 'NONE', *, *, #1981, .T. ) ;
#2697 = ADVANCED_FACE ( 'NONE', ( #7077 ), #9394, .T. ) ;
#2698 = DIRECTION ( 'NONE',  ( -1.000000000000000000, 0.000000000000000000, 0.000000000000000000 ) ) ;
#2699 = ORIENTED_EDGE ( 'NONE', *, *, #9628, .F. ) ;
#2700 = CARTESIAN_POINT ( 'NONE',  ( -0.5984901117154148853, -1.512152455818657204, -32.80041777998817309 ) ) ;
#2701 = CARTESIAN_POINT ( 'NONE',  ( -0.9246057082889275192, -15.01615056132663817, 19.20359732000000008 ) ) ;
#2702 = CARTESIAN_POINT ( 'NONE',  ( 32.29477099867147416, -12.51215245581865609, 21.99999800000000150 ) ) ;
#2703 = ORIENTED_EDGE ( 'NONE', *, *, #9977, .T. ) ;
#2704 = DIRECTION ( 'NONE',  ( -3.216024241707096350E-15, -1.000000000000000000, 0.000000000000000000 ) ) ;
#2705 = ADVANCED_FACE ( 'NONE', ( #5341 ), #3758, .T. ) ;
#2706 = ADVANCED_FACE ( 'NONE', ( #8553 ), #6654, .T. ) ;
#2707 = LINE ( 'NONE', #8329, #3464 ) ;
#2708 = DIRECTION ( 'NONE',  ( 0.000000000000000000, 1.000000000000000000, 0.000000000000000000 ) ) ;
#2709 = EDGE_CURVE ( 'NONE', #9881, #10312, #9229, .T. ) ;
#2710 = EDGE_CURVE ( 'NONE', #8862, #1547, #346, .T. ) ;
#2711 = EDGE_CURVE ( 'NONE', #773, #6273, #5867, .T. ) ;
#2712 = DIRECTION ( 'NONE',  ( -1.000000000000000000, 0.000000000000000000, 0.000000000000000000 ) ) ;
#2713 = CARTESIAN_POINT ( 'NONE',  ( 24.62544500873071485, -27.26207093445298923, 22.74936193110814742 ) ) ;
#2714 = CARTESIAN_POINT ( 'NONE',  ( 45.99477099867146990, -12.51215245581865609, 23.19999800000000079 ) ) ;
#2715 = CARTESIAN_POINT ( 'NONE',  ( -2.829394818030688707, 14.81488737158597502, -54.22203011212427270 ) ) ;
#2716 = DIRECTION ( 'NONE',  ( -0.000000000000000000, -0.000000000000000000, 1.000000000000000000 ) ) ;
#2717 = ORIENTED_EDGE ( 'NONE', *, *, #9889, .F. ) ;
#2718 = EDGE_CURVE ( 'NONE', #241, #6247, #7386, .T. ) ;
#2719 = EDGE_LOOP ( 'NONE', ( #2785, #4405, #8398, #2948, #33, #6088, #1874, #6475 ) ) ;
#2720 = EDGE_CURVE ( 'NONE', #4554, #2622, #3043, .T. ) ;
#2721 = EDGE_CURVE ( 'NONE', #5602, #7831, #2658, .T. ) ;
#2722 = ORIENTED_EDGE ( 'NONE', *, *, #4065, .T. ) ;
#2723 = DIRECTION ( 'NONE',  ( -0.000000000000000000, -0.000000000000000000, -1.000000000000000000 ) ) ;
#2724 = CARTESIAN_POINT ( 'NONE',  ( -26.21849011171107335, -24.56215207581864135, -60.29962500960238714 ) ) ;
#2725 = CARTESIAN_POINT ( 'NONE',  ( 50.40274923216528435, 0.5708896981429664175, 8.999997999999999720 ) ) ;
#2726 = VERTEX_POINT ( 'NONE', #2027 ) ;
#2727 = CARTESIAN_POINT ( 'NONE',  ( 28.84477099867147487, 9.487847544181342130, 21.99999800000000150 ) ) ;
#2728 = FACE_OUTER_BOUND ( 'NONE', #3212, .T. ) ;
#2729 = DIRECTION ( 'NONE',  ( 0.000000000000000000, 0.000000000000000000, -1.000000000000000000 ) ) ;
#2730 = CYLINDRICAL_SURFACE ( 'NONE', #4299, 0.7500000000000006661 ) ;
#2731 = CARTESIAN_POINT ( 'NONE',  ( -8.701379295569401151, 19.30734716115111382, -50.99041577998818298 ) ) ;
#2732 = AXIS2_PLACEMENT_3D ( 'NONE', #5877, #8195, #7404 ) ;
#2733 = ORIENTED_EDGE ( 'NONE', *, *, #2648, .F. ) ;
#2734 = CARTESIAN_POINT ( 'NONE',  ( -3.378761491862197985, 13.19428054392661132, -138.7821617105083760 ) ) ;
#2735 = VERTEX_POINT ( 'NONE', #3495 ) ;
#2736 = ORIENTED_EDGE ( 'NONE', *, *, #4677, .F. ) ;
#2737 = DIRECTION ( 'NONE',  ( 1.000000000000000000, 0.000000000000000000, -0.000000000000000000 ) ) ;
#2738 = CARTESIAN_POINT ( 'NONE',  ( -2.852319236488997767, 14.84878802797039121, -54.23335388594379225 ) ) ;
#2739 = CIRCLE ( 'NONE', #1398, 25.78852460972969851 ) ;
#2740 = ORIENTED_EDGE ( 'NONE', *, *, #9547, .T. ) ;
#2741 = FACE_OUTER_BOUND ( 'NONE', #3567, .T. ) ;
#2742 = CARTESIAN_POINT ( 'NONE',  ( -2.648112965736917346, 14.92046861300277882, -50.81761280879754139 ) ) ;
#2743 = DIRECTION ( 'NONE',  ( 1.000000000000000000, 0.000000000000000000, 0.000000000000000000 ) ) ;
#2744 = CIRCLE ( 'NONE', #6591, 24.09999999999566000 ) ;
#2745 = DIRECTION ( 'NONE',  ( 1.000000000000000000, 0.000000000000000000, 0.000000000000000000 ) ) ;
#2746 = ORIENTED_EDGE ( 'NONE', *, *, #8605, .F. ) ;
#2747 = ORIENTED_EDGE ( 'NONE', *, *, #6759, .T. ) ;
#2748 = CARTESIAN_POINT ( 'NONE',  ( 24.69849011171107378, 21.53784716418134693, 21.59999799999998160 ) ) ;
#2749 = ORIENTED_EDGE ( 'NONE', *, *, #1667, .F. ) ;
#2750 = CARTESIAN_POINT ( 'NONE',  ( -8.457000938701627391, 20.39209460876132596, -51.55096460296320515 ) ) ;
#2751 = FACE_OUTER_BOUND ( 'NONE', #6282, .T. ) ;
#2752 = DIRECTION ( 'NONE',  ( 1.000000000000000000, 0.000000000000000000, 0.000000000000000000 ) ) ;
#2753 = VERTEX_POINT ( 'NONE', #5067 ) ;
#2754 = DIRECTION ( 'NONE',  ( 0.000000000000000000, 1.000000000000000000, 0.000000000000000000 ) ) ;
#2755 = EDGE_CURVE ( 'NONE', #9050, #4165, #9075, .T. ) ;
#2756 = CARTESIAN_POINT ( 'NONE',  ( 26.14477099867147203, 9.487847544181342130, 22.99999800000001215 ) ) ;
#2757 = AXIS2_PLACEMENT_3D ( 'NONE', #9903, #2646, #3587 ) ;
#2758 = CARTESIAN_POINT ( 'NONE',  ( -7.912993836872347586, 20.27081827568793670, -54.44399163192295532 ) ) ;
#2759 = DIRECTION ( 'NONE',  ( -0.7071067811865536790, 0.000000000000000000, -0.7071067811865414665 ) ) ;
#2760 = CARTESIAN_POINT ( 'NONE',  ( 23.92931648092981334, -27.25068251154960208, 22.85806666458993419 ) ) ;
#2761 = DIRECTION ( 'NONE',  ( -5.421010862430005110E-16, 1.000000000000000000, 0.000000000000000000 ) ) ;
#2762 = CARTESIAN_POINT ( 'NONE',  ( -2.342008605062340987, 14.50152193653288357, -54.00615051486079210 ) ) ;
#2763 = CARTESIAN_POINT ( 'NONE',  ( 23.90323533528419020, -27.24988098162911498, 22.86557484158056752 ) ) ;
#2764 = ORIENTED_EDGE ( 'NONE', *, *, #1746, .T. ) ;
#2765 = CARTESIAN_POINT ( 'NONE',  ( 36.94477099867147274, 9.487847544181342130, 22.99999800000001215 ) ) ;
#2766 = VECTOR ( 'NONE', #3697, 1000.000000000000000 ) ;
#2767 = EDGE_CURVE ( 'NONE', #8367, #10325, #1867, .T. ) ;
#2768 = EDGE_CURVE ( 'NONE', #7184, #9817, #7894, .T. ) ;
#2769 = EDGE_CURVE ( 'NONE', #5654, #3734, #3356, .T. ) ;
#2770 = ORIENTED_EDGE ( 'NONE', *, *, #8179, .F. ) ;
#2771 = AXIS2_PLACEMENT_3D ( 'NONE', #1191, #396, #2911 ) ;
#2772 = DIRECTION ( 'NONE',  ( 1.000000000000000000, 0.000000000000000000, 0.000000000000000000 ) ) ;
#2773 = CARTESIAN_POINT ( 'NONE',  ( -2.292613226071087862, 14.43233502373187882, -51.59041577998818440 ) ) ;
#2774 = DIRECTION ( 'NONE',  ( -1.000000000000000000, 0.000000000000000000, 0.000000000000000000 ) ) ;
#2775 = DIRECTION ( 'NONE',  ( -1.000000000000000000, 0.000000000000000000, 0.000000000000000000 ) ) ;
#2776 = CARTESIAN_POINT ( 'NONE',  ( 6.030438470952724117, -1.512152455818471797, 31.63375372154084175 ) ) ;
#2777 = CARTESIAN_POINT ( 'NONE',  ( 26.89477099867147203, -12.51215245581865609, 21.99999800000000150 ) ) ;
#2778 = ORIENTED_EDGE ( 'NONE', *, *, #6732, .F. ) ;
#2779 = EDGE_CURVE ( 'NONE', #3085, #1888, #7601, .T. ) ;
#2780 = EDGE_CURVE ( 'NONE', #2391, #2345, #3856, .T. ) ;
#2781 = CARTESIAN_POINT ( 'NONE',  ( -8.295310482304543598, 20.28506289857627820, -54.08836999882984031 ) ) ;
#2782 = ORIENTED_EDGE ( 'NONE', *, *, #1349, .F. ) ;
#2783 = DIRECTION ( 'NONE',  ( 0.000000000000000000, 0.000000000000000000, 1.000000000000000000 ) ) ;
#2784 = ORIENTED_EDGE ( 'NONE', *, *, #3362, .T. ) ;
#2785 = ORIENTED_EDGE ( 'NONE', *, *, #9175, .F. ) ;
#2786 = CARTESIAN_POINT ( 'NONE',  ( 24.60233206393357719, 24.23786253522135326, 22.74842610863002079 ) ) ;
#2787 = CARTESIAN_POINT ( 'NONE',  ( 11.23043847095200576, 7.323764546165906886, 18.40359731999999937 ) ) ;
#2788 = VERTEX_POINT ( 'NONE', #3597 ) ;
#2789 = DIRECTION ( 'NONE',  ( 0.000000000000000000, 1.000000000000000000, 0.000000000000000000 ) ) ;
#2790 = CIRCLE ( 'NONE', #4967, 1.199999999999992628 ) ;
#2791 = CARTESIAN_POINT ( 'NONE',  ( -3.299342464345991655, 13.55384754846267903, -51.00041577998818099 ) ) ;
#2792 = CARTESIAN_POINT ( 'NONE',  ( 43.29477099867145995, 9.487847544181342130, 23.19999800000000079 ) ) ;
#2793 = AXIS2_PLACEMENT_3D ( 'NONE', #3781, #5517, #8574 ) ;
#2794 = CARTESIAN_POINT ( 'NONE',  ( 34.24477099867146990, -12.51215245581865609, 21.99999800000000150 ) ) ;
#2795 = VERTEX_POINT ( 'NONE', #1240 ) ;
#2796 = ORIENTED_EDGE ( 'NONE', *, *, #8615, .T. ) ;
#2797 = CARTESIAN_POINT ( 'NONE',  ( 43.85549282690606532, -15.01615056132663817, 18.40359731999999937 ) ) ;
#2798 = ORIENTED_EDGE ( 'NONE', *, *, #5906, .F. ) ;
#2799 = CARTESIAN_POINT ( 'NONE',  ( -8.150744156301078291, 20.18691325832870476, -51.03996103928928108 ) ) ;
#2800 = DIRECTION ( 'NONE',  ( -1.000000000000000000, 0.000000000000000000, 0.000000000000000000 ) ) ;
#2801 = DIRECTION ( 'NONE',  ( 1.000000000000000000, 0.000000000000000000, 0.000000000000000000 ) ) ;
#2802 = ORIENTED_EDGE ( 'NONE', *, *, #7083, .T. ) ;
#2803 = VECTOR ( 'NONE', #7891, 1000.000000000000000 ) ;
#2804 = AXIS2_PLACEMENT_3D ( 'NONE', #1736, #6617, #8200 ) ;
#2805 = DIRECTION ( 'NONE',  ( 0.000000000000000000, 0.000000000000000000, -1.000000000000000000 ) ) ;
#2806 = CARTESIAN_POINT ( 'NONE',  ( 6.030438470952644181, -9.573214443583347943, 18.40359731999999937 ) ) ;
#2807 = AXIS2_PLACEMENT_3D ( 'NONE', #4728, #7094, #5561 ) ;
#2808 = EDGE_CURVE ( 'NONE', #5422, #8407, #9171, .T. ) ;
#2809 = DIRECTION ( 'NONE',  ( -1.000000000000000000, 0.000000000000000000, 0.000000000000000000 ) ) ;
#2810 = CIRCLE ( 'NONE', #786, 25.74999999999999645 ) ;
#2811 = AXIS2_PLACEMENT_3D ( 'NONE', #7747, #9081, #6948 ) ;
#2812 = FACE_OUTER_BOUND ( 'NONE', #6028, .T. ) ;
#2813 = EDGE_LOOP ( 'NONE', ( #1013, #4261 ) ) ;
#2814 = CARTESIAN_POINT ( 'NONE',  ( 24.72709637057088372, -27.26215890250630025, 22.74850724071710673 ) ) ;
#2815 = CARTESIAN_POINT ( 'NONE',  ( -7.871090599208832472, 20.23846403310080078, -50.79171142386184812 ) ) ;
#2816 = DIRECTION ( 'NONE',  ( 1.000000000000000000, 0.000000000000000000, 0.000000000000000000 ) ) ;
#2817 = DIRECTION ( 'NONE',  ( -0.000000000000000000, -0.000000000000000000, -1.000000000000000000 ) ) ;
#2818 = VERTEX_POINT ( 'NONE', #6802 ) ;
#2819 = DIRECTION ( 'NONE',  ( 1.000000000000000000, 0.000000000000000000, 0.000000000000000000 ) ) ;
#2820 = AXIS2_PLACEMENT_3D ( 'NONE', #9158, #1956, #9995 ) ;
#2821 = EDGE_CURVE ( 'NONE', #10325, #7101, #1974, .T. ) ;
#2822 = COLOUR_RGB ( '',0.8980392156862745390, 0.9176470588235293713, 0.9294117647058823817 ) ;
#2823 = AXIS2_PLACEMENT_3D ( 'NONE', #4808, #610, #4715 ) ;
#2824 = VERTEX_POINT ( 'NONE', #5116 ) ;
#2825 = FACE_OUTER_BOUND ( 'NONE', #7565, .T. ) ;
#2826 = LINE ( 'NONE', #6812, #6361 ) ;
#2827 = EDGE_CURVE ( 'NONE', #1643, #4669, #6021, .T. ) ;
#2828 = CARTESIAN_POINT ( 'NONE',  ( 3.609284991545997467, 13.14659298171393154, 23.06667648492421563 ) ) ;
#2829 = AXIS2_PLACEMENT_3D ( 'NONE', #4510, #6138, #7576 ) ;
#2830 = CARTESIAN_POINT ( 'NONE',  ( 28.09477099867147487, -12.51215245581865609, 21.99999800000000150 ) ) ;
#2831 = CYLINDRICAL_SURFACE ( 'NONE', #5411, 2.750000000000002665 ) ;
#2832 = ORIENTED_EDGE ( 'NONE', *, *, #1361, .T. ) ;
#2833 = VECTOR ( 'NONE', #9902, 1000.000000000000000 ) ;
#2834 = CARTESIAN_POINT ( 'NONE',  ( -8.128863384210138321, 20.17185247595332243, -54.21146286527055480 ) ) ;
#2835 = DIRECTION ( 'NONE',  ( 1.000000000000000000, 0.000000000000000000, 0.000000000000000000 ) ) ;
#2836 = ORIENTED_EDGE ( 'NONE', *, *, #5906, .T. ) ;
#2837 = CARTESIAN_POINT ( 'NONE',  ( -3.158793611581506955, 13.41155903878397204, -37.61027914159473085 ) ) ;
#2838 = VECTOR ( 'NONE', #522, 1000.000000000000000 ) ;
#2839 = ORIENTED_EDGE ( 'NONE', *, *, #6107, .T. ) ;
#2840 = CIRCLE ( 'NONE', #2676, 2.999999999999999112 ) ;
#2841 = EDGE_CURVE ( 'NONE', #3021, #1657, #6537, .T. ) ;
#2842 = VERTEX_POINT ( 'NONE', #4436 ) ;
#2843 = CARTESIAN_POINT ( 'NONE',  ( 25.33702099205492075, 24.22995033899846717, 22.82436333535457607 ) ) ;
#2844 = DIRECTION ( 'NONE',  ( -0.9999999998448929617, 1.761289571444875539E-05, 0.000000000000000000 ) ) ;
#2845 = LINE ( 'NONE', #7781, #3839 ) ;
#2846 = CARTESIAN_POINT ( 'NONE',  ( 21.66549410864507053, -3.167150744431641129, 21.40359731999999937 ) ) ;
#2847 = VECTOR ( 'NONE', #3720, 1000.000000000000000 ) ;
#2848 = EDGE_CURVE ( 'NONE', #636, #3009, #1026, .T. ) ;
#2849 = ADVANCED_FACE ( 'NONE', ( #10273, #6066 ), #4484, .T. ) ;
#2850 = AXIS2_PLACEMENT_3D ( 'NONE', #6855, #1446, #2073 ) ;
#2851 = FACE_OUTER_BOUND ( 'NONE', #5289, .T. ) ;
#2852 = CARTESIAN_POINT ( 'NONE',  ( 15.84674818352332260, 12.02291697121184200, 40.75345354922610142 ) ) ;
#2853 = ORIENTED_EDGE ( 'NONE', *, *, #2780, .F. ) ;
#2854 = EDGE_CURVE ( 'NONE', #2251, #3467, #6542, .T. ) ;
#2855 = ORIENTED_EDGE ( 'NONE', *, *, #854, .T. ) ;
#2856 = CARTESIAN_POINT ( 'NONE',  ( 24.69845341533301664, 0.5713424239320074038, 18.40359731999999937 ) ) ;
#2857 = ORIENTED_EDGE ( 'NONE', *, *, #9068, .F. ) ;
#2858 = DIRECTION ( 'NONE',  ( 0.000000000000000000, 0.000000000000000000, -1.000000000000000000 ) ) ;
#2859 = CARTESIAN_POINT ( 'NONE',  ( 41.59477099867147132, 9.487847544181342130, 21.99999800000000150 ) ) ;
#2860 = ORIENTED_EDGE ( 'NONE', *, *, #1371, .F. ) ;
#2861 = CARTESIAN_POINT ( 'NONE',  ( 6.030438470952719676, 6.006785556416287974, 21.40359731999999937 ) ) ;
#2862 = PLANE ( 'NONE',  #3811 ) ;
#2863 = CARTESIAN_POINT ( 'NONE',  ( -7.975301064423618413, 20.31867703075133846, -54.42960263391704956 ) ) ;
#2864 = FACE_BOUND ( 'NONE', #2813, .T. ) ;
#2865 = ORIENTED_EDGE ( 'NONE', *, *, #3039, .F. ) ;
#2866 = CARTESIAN_POINT ( 'NONE',  ( 24.02721842883750014, -27.25342207963870322, 22.83225628634662741 ) ) ;
#2867 = CARTESIAN_POINT ( 'NONE',  ( 18.02849441382007356, -5.724148547166639567, 21.40359731999999937 ) ) ;
#2868 = CARTESIAN_POINT ( 'NONE',  ( 18.87849142309807604, -1.524148547166637835, 18.57517019525380420 ) ) ;
#2869 = CARTESIAN_POINT ( 'NONE',  ( 25.09783517269787367, -27.25910381220695200, 22.77805818831196305 ) ) ;
#2870 = ORIENTED_EDGE ( 'NONE', *, *, #8434, .T. ) ;
#2871 = DIRECTION ( 'NONE',  ( 1.000000000000000000, 0.000000000000000000, 0.000000000000000000 ) ) ;
#2872 = CARTESIAN_POINT ( 'NONE',  ( 41.59477099867147132, -1.512152455818657204, 22.99999800000001215 ) ) ;
#2873 = ORIENTED_EDGE ( 'NONE', *, *, #2504, .F. ) ;
#2874 = CARTESIAN_POINT ( 'NONE',  ( 25.05949410864506532, -3.967150744431636955, 19.20359732000000008 ) ) ;
#2875 = CARTESIAN_POINT ( 'NONE',  ( 3.299342464345993431, 13.55384754846267903, 23.19999800000000079 ) ) ;
#2876 = PLANE ( 'NONE',  #9878 ) ;
#2877 = CARTESIAN_POINT ( 'NONE',  ( 33.29477099867148127, -1.512152455818657204, 23.19999800000000079 ) ) ;
#2878 = CARTESIAN_POINT ( 'NONE',  ( 24.69849011171107378, 3.675851452833362565, 21.40359731999999937 ) ) ;
#2879 = AXIS2_PLACEMENT_3D ( 'NONE', #7383, #9164, #5168 ) ;
#2880 = CARTESIAN_POINT ( 'NONE',  ( -8.197178583294823184, 20.21869949251476939, -54.17351229521224099 ) ) ;
#2881 = EDGE_CURVE ( 'NONE', #161, #8336, #8397, .T. ) ;
#2882 = VERTEX_POINT ( 'NONE', #9484 ) ;
#2883 = CARTESIAN_POINT ( 'NONE',  ( 20.02849441382008422, 1.426849255568360508, 21.40359731999999937 ) ) ;
#2884 = ORIENTED_EDGE ( 'NONE', *, *, #7395, .T. ) ;
#2885 = CONICAL_SURFACE ( 'NONE', #9264, 27.29999999999997939, 0.7853981633974136400 ) ;
#2886 = ORIENTED_EDGE ( 'NONE', *, *, #9403, .F. ) ;
#2887 = CARTESIAN_POINT ( 'NONE',  ( 23.78723025786920786, 24.22172344719086112, 22.90143119829593488 ) ) ;
#2888 = CARTESIAN_POINT ( 'NONE',  ( 35.99477099867148411, 9.487847544181342130, 23.19999800000000079 ) ) ;
#2889 = ADVANCED_FACE ( 'NONE', ( #5482 ), #7065, .F. ) ;
#2890 = PLANE ( 'NONE',  #4012 ) ;
#2891 = CARTESIAN_POINT ( 'NONE',  ( -21.52241293989059301, -4.727541827656336793, -37.61027914159473085 ) ) ;
#2892 = CIRCLE ( 'NONE', #2394, 1.056214310941862244 ) ;
#2893 = EDGE_CURVE ( 'NONE', #9849, #275, #3076, .T. ) ;
#2894 = CYLINDRICAL_SURFACE ( 'NONE', #2137, 1.000000000000000000 ) ;
#2895 = ORIENTED_EDGE ( 'NONE', *, *, #491, .F. ) ;
#2896 = DIRECTION ( 'NONE',  ( 1.000000000000000000, 0.000000000000000000, 0.000000000000000000 ) ) ;
#2897 = ORIENTED_EDGE ( 'NONE', *, *, #2584, .F. ) ;
#2898 = EDGE_LOOP ( 'NONE', ( #7202, #1259, #516, #6416 ) ) ;
#2899 = CYLINDRICAL_SURFACE ( 'NONE', #6507, 1.520000000000000462 ) ;
#2900 = ORIENTED_EDGE ( 'NONE', *, *, #3419, .F. ) ;
#2901 = CARTESIAN_POINT ( 'NONE',  ( 28.84477099867147487, -12.51215245581865609, 23.19999800000000079 ) ) ;
#2902 = CARTESIAN_POINT ( 'NONE',  ( 35.98149227759006408, -8.733150561326636918, 19.20359732000000008 ) ) ;
#2903 = ORIENTED_EDGE ( 'NONE', *, *, #3666, .F. ) ;
#2904 = VECTOR ( 'NONE', #2563, 1000.000000000000000 ) ;
#2905 = DIRECTION ( 'NONE',  ( -0.000000000000000000, -0.000000000000000000, 1.000000000000000000 ) ) ;
#2906 = EDGE_CURVE ( 'NONE', #10221, #9885, #3681, .T. ) ;
#2907 = DIRECTION ( 'NONE',  ( 0.000000000000000000, 0.000000000000000000, 1.000000000000000000 ) ) ;
#2908 = EDGE_CURVE ( 'NONE', #4153, #5478, #3802, .T. ) ;
#2909 = CARTESIAN_POINT ( 'NONE',  ( -8.406391084294469351, 20.64225001712593510, -54.01727943494729089 ) ) ;
#2910 = VERTEX_POINT ( 'NONE', #8647 ) ;
#2911 = DIRECTION ( 'NONE',  ( 1.000000000000000000, 0.000000000000000000, 0.000000000000000000 ) ) ;
#2912 = ORIENTED_EDGE ( 'NONE', *, *, #9577, .F. ) ;
#2913 = CARTESIAN_POINT ( 'NONE',  ( 26.89477099867147203, 9.487847544181342130, 22.99999800000001215 ) ) ;
#2914 = AXIS2_PLACEMENT_3D ( 'NONE', #8543, #2237, #707 ) ;
#2915 = FACE_OUTER_BOUND ( 'NONE', #5260, .T. ) ;
#2916 = CARTESIAN_POINT ( 'NONE',  ( -2.335329898975769591, 14.49219377287891497, -53.98252888604150002 ) ) ;
#2917 = CARTESIAN_POINT ( 'NONE',  ( 7.030438470952719676, 1.686785556416294352, 21.40359731999999937 ) ) ;
#2918 = ORIENTED_EDGE ( 'NONE', *, *, #1875, .F. ) ;
#2919 = DIRECTION ( 'NONE',  ( 0.000000000000000000, 0.000000000000000000, -1.000000000000000000 ) ) ;
#2920 = CARTESIAN_POINT ( 'NONE',  ( 43.85549337622307320, 7.319848523146356811, 19.20359732000000008 ) ) ;
#2921 = VECTOR ( 'NONE', #2511, 999.9999999999998863 ) ;
#2922 = CIRCLE ( 'NONE', #5933, 2.750000000000002665 ) ;
#2923 = ORIENTED_EDGE ( 'NONE', *, *, #2615, .F. ) ;
#2924 = CARTESIAN_POINT ( 'NONE',  ( 20.86549410864506982, -3.167150744431638465, 21.40359731999999937 ) ) ;
#2925 = CARTESIAN_POINT ( 'NONE',  ( 24.69849011171107378, -1.512152455818657204, 18.40359731999999937 ) ) ;
#2926 = CARTESIAN_POINT ( 'NONE',  ( 3.565793776249551961, 13.20082296022724577, 22.99999799999999439 ) ) ;
#2927 = CYLINDRICAL_SURFACE ( 'NONE', #3577, 1.000000000000000888 ) ;
#2928 = VECTOR ( 'NONE', #608, 1000.000000000000000 ) ;
#2929 = CARTESIAN_POINT ( 'NONE',  ( 25.39477099867147203, -12.51215245581865609, 22.99999800000001215 ) ) ;
#2930 = CARTESIAN_POINT ( 'NONE',  ( -8.117746971883502027, 20.16418547638313896, -54.21644038099202589 ) ) ;
#2931 = VECTOR ( 'NONE', #6696, 1000.000000000000000 ) ;
#2932 = VERTEX_POINT ( 'NONE', #598 ) ;
#2933 = ADVANCED_FACE ( 'NONE', ( #1343 ), #8593, .T. ) ;
#2934 = CARTESIAN_POINT ( 'NONE',  ( 44.85549282690607242, -14.01615056132663995, 18.40359731999999937 ) ) ;
#2935 = ORIENTED_EDGE ( 'NONE', *, *, #1138, .T. ) ;
#2936 = ORIENTED_EDGE ( 'NONE', *, *, #8279, .F. ) ;
#2937 = CARTESIAN_POINT ( 'NONE',  ( 23.64254204302157802, 24.21626727925200484, 22.95162847848463272 ) ) ;
#2938 = DIRECTION ( 'NONE',  ( 0.000000000000000000, 0.000000000000000000, -1.000000000000000000 ) ) ;
#2939 = FACE_OUTER_BOUND ( 'NONE', #3061, .T. ) ;
#2940 = ADVANCED_FACE ( 'NONE', ( #4700 ), #3698, .F. ) ;
#2941 = ADVANCED_FACE ( 'NONE', ( #3750 ), #3650, .T. ) ;
#2942 = AXIS2_PLACEMENT_3D ( 'NONE', #7575, #3569, #9984 ) ;
#2943 = B_SPLINE_CURVE_WITH_KNOTS ( 'NONE', 3,
 ( #2773, #9182, #8399, #4494, #5921, #1143, #5972, #1249 ),
 .UNSPECIFIED., .F., .F.,
 ( 4, 2, 2, 4 ),
 ( 0.000000000000000000, 0.2500000000000027756, 0.5000000000000055511, 1.000000000000000000 ),
 .UNSPECIFIED. ) ;
#2944 = CARTESIAN_POINT ( 'NONE',  ( -24.69849011171107378, -1.512152455818657204, -31.20041777998817878 ) ) ;
#2945 = DIRECTION ( 'NONE',  ( -0.9972460863538123998, -0.07416362485750427336, -0.000000000000000000 ) ) ;
#2946 = ORIENTED_EDGE ( 'NONE', *, *, #7720, .F. ) ;
#2947 = CARTESIAN_POINT ( 'NONE',  ( 32.29477099867147416, -12.51215245581865609, 21.99999800000000150 ) ) ;
#2948 = ORIENTED_EDGE ( 'NONE', *, *, #837, .T. ) ;
#2949 = ORIENTED_EDGE ( 'NONE', *, *, #3616, .F. ) ;
#2950 = DIRECTION ( 'NONE',  ( -0.000000000000000000, -0.000000000000000000, 1.000000000000000000 ) ) ;
#2951 = ORIENTED_EDGE ( 'NONE', *, *, #7534, .T. ) ;
#2952 = CARTESIAN_POINT ( 'NONE',  ( 25.45139720397686034, -27.16117357188378634, 22.95486052621916429 ) ) ;
#2953 = ADVANCED_FACE ( 'NONE', ( #4641 ), #5268, .T. ) ;
#2954 = DIRECTION ( 'NONE',  ( 1.462890879734001726E-19, 1.610801296603465303E-20, -1.000000000000000000 ) ) ;
#2955 = ORIENTED_EDGE ( 'NONE', *, *, #7058, .T. ) ;
#2956 = EDGE_CURVE ( 'NONE', #1123, #8132, #7700, .T. ) ;
#2957 = CARTESIAN_POINT ( 'NONE',  ( 32.33349227759008215, -15.01615056132663995, 19.20359732000000008 ) ) ;
#2958 = DIRECTION ( 'NONE',  ( 0.000000000000000000, 0.000000000000000000, 1.000000000000000000 ) ) ;
#2959 = CIRCLE ( 'NONE', #268, 0.2000000000000005107 ) ;
#2960 = VECTOR ( 'NONE', #1884, 1000.000000000000000 ) ;
#2961 = CARTESIAN_POINT ( 'NONE',  ( -8.479593722419954460, 20.69589560806224426, -53.67696684725768819 ) ) ;
#2962 = ORIENTED_EDGE ( 'NONE', *, *, #2051, .F. ) ;
#2963 = CARTESIAN_POINT ( 'NONE',  ( 14.85349142309807391, -1.524148547166637835, 23.19999800000000079 ) ) ;
#2964 = DIRECTION ( 'NONE',  ( -1.000000000000000000, 0.000000000000000000, 0.000000000000000000 ) ) ;
#2965 = ORIENTED_EDGE ( 'NONE', *, *, #7433, .F. ) ;
#2966 = CARTESIAN_POINT ( 'NONE',  ( 23.61686578565505457, -27.15264095187241367, 23.07048606212667963 ) ) ;
#2967 = CARTESIAN_POINT ( 'NONE',  ( 47.46536758182345750, -0.07905856616117758195, 3.496201133462653043 ) ) ;
#2968 = ADVANCED_FACE ( 'NONE', ( #2915 ), #6116, .F. ) ;
#2969 = CARTESIAN_POINT ( 'NONE',  ( -2.391579824477301663, 14.57051024616771606, -54.13982626197691417 ) ) ;
#2970 = AXIS2_PLACEMENT_3D ( 'NONE', #1157, #5288, #259 ) ;
#2971 = DIRECTION ( 'NONE',  ( -0.7071067811865414665, 0.000000000000000000, -0.7071067811865536790 ) ) ;
#2972 = EDGE_LOOP ( 'NONE', ( #7281, #295, #6135, #2884, #3914, #2044, #1492 ) ) ;
#2973 = CYLINDRICAL_SURFACE ( 'NONE', #2132, 27.50000000000000000 ) ;
#2974 = AXIS2_PLACEMENT_3D ( 'NONE', #9368, #1386, #8478 ) ;
#2975 = EDGE_CURVE ( 'NONE', #10146, #4080, #5021, .T. ) ;
#2976 = CARTESIAN_POINT ( 'NONE',  ( -8.346587704085209225, 20.59827336268610765, -54.14380686098740370 ) ) ;
#2977 = AXIS2_PLACEMENT_3D ( 'NONE', #10117, #2919, #3081 ) ;
#2978 = ORIENTED_EDGE ( 'NONE', *, *, #9464, .T. ) ;
#2979 = AXIS2_PLACEMENT_3D ( 'NONE', #10198, #9301, #3838 ) ;
#2980 = DIRECTION ( 'NONE',  ( -1.000000000000000000, 0.000000000000000000, -0.000000000000000000 ) ) ;
#2981 = DIRECTION ( 'NONE',  ( 0.000000000000000000, 0.000000000000000000, -1.000000000000000000 ) ) ;
#2982 = CARTESIAN_POINT ( 'NONE',  ( -8.439210088288227496, 20.38045692513520635, -51.43355882420995329 ) ) ;
#2983 = B_SPLINE_SURFACE_WITH_KNOTS ( 'NONE', 1, 3, ( 
 ( #2546, #4959, #9802, #920, #4226, #5012, #9855, #3340, #5696, #1814, #284, #7274, #973, #130, #74, #3492, #8227, #7434, #5907, #9116, #3282, #7387, #232, #9751, #2655, #8173, #6487, #4177, #182, #3391, #5857, #9699, #2598, #8911, #3442, #6641, #9070, #1864, #5958, #7695, #1336, #8481, #1285, #539, #9269, #6017, #6851, #2117 ),
 ( #7550, #8433, #6798, #2758, #7646, #1129, #2863, #393, #6062, #4478, #3643, #9223, #9371, #8388, #2068, #5220, #8533, #342, #1235, #10004, #9168, #439, #4333, #5264, #3593, #492, #3694, #10061, #3540, #6894, #9317, #9956, #10107, #2909, #2175, #1968, #6744, #4528, #5320, #6111, #8330, #6946, #7598, #7745, #10159, #3742, #2961, #5171 ) ),
 .UNSPECIFIED., .F., .F., .F.,
 ( 2, 2 ),
 ( 4, 2, 2, 2, 2, 2, 2, 2, 2, 2, 2, 2, 2, 2, 2, 2, 2, 2, 2, 2, 2, 2, 2, 4 ),
 ( 0.000000000000000000, 1.000000000000000000 ),
 ( 0.000000000000000000, 7.851620320664835849E-05, 0.0001570324064132967170, 0.0001962905080166209098, 0.0002355486096199450755, 0.0003140648128265934340, 0.0003925810160332418195, 0.0004318391176365660123, 0.0004710972192398901509, 0.0005103553208432142895, 0.0005496134224465384823, 0.0006281296256531868679, 0.0006673877272565110607, 0.0007066458288598352535, 0.0007459039304631594463, 0.0007851620320664836391, 0.0008636782352731320247, 0.0009029363368764562175, 0.0009421944384797803019, 0.0009814525400831043862, 0.001020710641686428579, 0.001099226844893076965, 0.001177743048099725350, 0.001256259251306373736 ),
 .UNSPECIFIED. ) ;
#2984 = EDGE_CURVE ( 'NONE', #7931, #2587, #997, .T. ) ;
#2985 = LINE ( 'NONE', #6183, #8196 ) ;
#2986 = LINE ( 'NONE', #3192, #5927 ) ;
#2987 = ORIENTED_EDGE ( 'NONE', *, *, #1283, .T. ) ;
#2988 = CARTESIAN_POINT ( 'NONE',  ( 43.85549282690606532, -15.01615056132663817, 19.20359732000000008 ) ) ;
#2989 = AXIS2_PLACEMENT_3D ( 'NONE', #17, #8841, #4845 ) ;
#2990 = CARTESIAN_POINT ( 'NONE',  ( -2.880615993117477736, 14.89036418913455861, -50.99755130716396678 ) ) ;
#2991 = ORIENTED_EDGE ( 'NONE', *, *, #4666, .F. ) ;
#2992 = DIRECTION ( 'NONE',  ( -0.7071067811865536790, 0.000000000000000000, -0.7071067811865414665 ) ) ;
#2993 = FACE_OUTER_BOUND ( 'NONE', #6502, .T. ) ;
#2994 = ORIENTED_EDGE ( 'NONE', *, *, #7112, .F. ) ;
#2995 = CARTESIAN_POINT ( 'NONE',  ( 24.77153521469143271, 24.23776602281567705, 22.74936193110813676 ) ) ;
#2996 = LINE ( 'NONE', #6197, #9678 ) ;
#2997 = DIRECTION ( 'NONE',  ( -1.000000000000000000, -5.421010862430005110E-16, 0.000000000000000000 ) ) ;
#2998 = AXIS2_PLACEMENT_3D ( 'NONE', #3699, #6803, #9325 ) ;
#2999 = PLANE ( 'NONE',  #1041 ) ;
#3000 = EDGE_CURVE ( 'NONE', #8383, #963, #1602, .T. ) ;
#3001 = FACE_OUTER_BOUND ( 'NONE', #1738, .T. ) ;
#3002 = AXIS2_PLACEMENT_3D ( 'NONE', #8102, #7953, #10 ) ;
#3003 = AXIS2_PLACEMENT_3D ( 'NONE', #5164, #5899, #2016 ) ;
#3004 = VERTEX_POINT ( 'NONE', #4060 ) ;
#3005 = DIRECTION ( 'NONE',  ( 1.000000000000000000, 0.000000000000000000, 0.000000000000000000 ) ) ;
#3006 = ORIENTED_EDGE ( 'NONE', *, *, #340, .T. ) ;
#3007 = ORIENTED_EDGE ( 'NONE', *, *, #4540, .T. ) ;
#3008 = CARTESIAN_POINT ( 'NONE',  ( -26.21849011171107335, -24.56215207581864135, -40.80041777998818020 ) ) ;
#3009 = VERTEX_POINT ( 'NONE', #8751 ) ;
#3010 = DIRECTION ( 'NONE',  ( 0.000000000000000000, 0.000000000000000000, -1.000000000000000000 ) ) ;
#3011 = CARTESIAN_POINT ( 'NONE',  ( -8.479469201336437223, 20.69580469320416327, -51.37560533760530745 ) ) ;
#3012 = ORIENTED_EDGE ( 'NONE', *, *, #7761, .F. ) ;
#3013 = SHAPE_REPRESENTATION ( '顶部导热块', ( #5331 ), #3989 ) ;
#3014 = CIRCLE ( 'NONE', #3180, 0.9499999999999925171 ) ;
#3015 = EDGE_CURVE ( 'NONE', #5478, #6074, #4795, .T. ) ;
#3016 = DIRECTION ( 'NONE',  ( 2.547317879554922539E-16, -1.000000000000000000, 0.000000000000000000 ) ) ;
#3017 = CARTESIAN_POINT ( 'NONE',  ( 3.299342464345993431, 13.55384754846267903, 21.96359842000000029 ) ) ;
#3018 = EDGE_CURVE ( 'NONE', #2338, #8995, #9539, .T. ) ;
#3019 = CARTESIAN_POINT ( 'NONE',  ( -24.69849011171107378, -1.512152455818657204, -32.80041777998817309 ) ) ;
#3020 = AXIS2_PLACEMENT_3D ( 'NONE', #3125, #7968, #9688 ) ;
#3021 = VERTEX_POINT ( 'NONE', #1654 ) ;
#3022 = PLANE ( 'NONE',  #4993 ) ;
#3023 = DIRECTION ( 'NONE',  ( 1.000000000000000000, 0.000000000000000000, 0.000000000000000000 ) ) ;
#3024 = ORIENTED_EDGE ( 'NONE', *, *, #5409, .F. ) ;
#3025 = LINE ( 'NONE', #597, #2766 ) ;
#3026 = CARTESIAN_POINT ( 'NONE',  ( -24.69849011171107378, -1.512152455818657204, -56.00041577998817388 ) ) ;
#3027 = CARTESIAN_POINT ( 'NONE',  ( -8.399679074061729978, -17.81096349346800878, -40.80041777998818020 ) ) ;
#3028 = CARTESIAN_POINT ( 'NONE',  ( 24.69845459519792641, -3.528657575220178089, 3.496201133462653043 ) ) ;
#3029 = ORIENTED_EDGE ( 'NONE', *, *, #4028, .F. ) ;
#3030 = CARTESIAN_POINT ( 'NONE',  ( 26.89477099867147203, -1.512152455818657648, 21.99999800000000150 ) ) ;
#3031 = ADVANCED_FACE ( 'NONE', ( #911 ), #1337, .T. ) ;
#3032 = DIRECTION ( 'NONE',  ( 0.000000000000000000, 0.000000000000000000, 1.000000000000000000 ) ) ;
#3033 = AXIS2_PLACEMENT_3D ( 'NONE', #3317, #9574, #9524 ) ;
#3034 = ADVANCED_FACE ( 'NONE', ( #6534 ), #807, .T. ) ;
#3035 = ORIENTED_EDGE ( 'NONE', *, *, #5562, .T. ) ;
#3036 = LINE ( 'NONE', #6231, #7036 ) ;
#3037 = DIRECTION ( 'NONE',  ( -1.000000000000000000, 0.000000000000000000, 0.000000000000000000 ) ) ;
#3038 = CARTESIAN_POINT ( 'NONE',  ( 24.69849011171107378, -24.56215207581864135, 23.19999800000000079 ) ) ;
#3039 = EDGE_CURVE ( 'NONE', #9409, #1278, #4849, .T. ) ;
#3040 = CARTESIAN_POINT ( 'NONE',  ( -10.23419968109232059, 19.97259334995504076, -51.00041577998818099 ) ) ;
#3041 = DIRECTION ( 'NONE',  ( 0.000000000000000000, 0.000000000000000000, -1.000000000000000000 ) ) ;
#3042 = EDGE_LOOP ( 'NONE', ( #8078, #666 ) ) ;
#3043 = B_SPLINE_CURVE_WITH_KNOTS ( 'NONE', 3,
 ( #7554, #4231, #6644, #8392 ),
 .UNSPECIFIED., .F., .F.,
 ( 4, 4 ),
 ( 0.000000000000000000, 1.000000000000000000 ),
 .UNSPECIFIED. ) ;
#3044 = ADVANCED_FACE ( 'NONE', ( #4113 ), #65, .F. ) ;
#3045 = ADVANCED_FACE ( 'NONE', ( #7318 ), #5535, .F. ) ;
#3046 = ORIENTED_EDGE ( 'NONE', *, *, #7026, .T. ) ;
#3047 = FACE_OUTER_BOUND ( 'NONE', #3248, .T. ) ;
#3048 = DIRECTION ( 'NONE',  ( 2.547317879554923032E-16, -1.000000000000000000, 0.000000000000000000 ) ) ;
#3049 = ORIENTED_EDGE ( 'NONE', *, *, #855, .T. ) ;
#3050 = CARTESIAN_POINT ( 'NONE',  ( 24.53993035401703438, 24.14418599800522003, 22.84697664387527993 ) ) ;
#3051 = PLANE ( 'NONE',  #8710 ) ;
#3052 = CARTESIAN_POINT ( 'NONE',  ( 25.05949410864506532, 1.426849255568360508, 19.20359732000000008 ) ) ;
#3053 = CIRCLE ( 'NONE', #8759, 0.7999999999999986011 ) ;
#3054 = DIRECTION ( 'NONE',  ( -3.154042683594195121E-16, -1.000000000000000000, 0.000000000000000000 ) ) ;
#3055 = VERTEX_POINT ( 'NONE', #2538 ) ;
#3056 = CARTESIAN_POINT ( 'NONE',  ( 36.94477099867147274, -12.51215245581865609, 21.99999800000000150 ) ) ;
#3057 = AXIS2_PLACEMENT_3D ( 'NONE', #3940, #8776, #7144 ) ;
#3058 = ORIENTED_EDGE ( 'NONE', *, *, #8920, .F. ) ;
#3059 = CARTESIAN_POINT ( 'NONE',  ( -8.457001071010115112, 20.39209447807045095, -53.65041577998819378 ) ) ;
#3060 = VERTEX_POINT ( 'NONE', #1552 ) ;
#3061 = EDGE_LOOP ( 'NONE', ( #1955, #1802, #2746, #1520 ) ) ;
#3062 = LINE ( 'NONE', #8632, #9204 ) ;
#3063 = ORIENTED_EDGE ( 'NONE', *, *, #2403, .T. ) ;
#3064 = CARTESIAN_POINT ( 'NONE',  ( 25.07756020732424673, -27.16703198466775504, 22.86928922017233745 ) ) ;
#3065 = DIRECTION ( 'NONE',  ( 0.000000000000000000, 1.000000000000000000, 0.000000000000000000 ) ) ;
#3066 = ORIENTED_EDGE ( 'NONE', *, *, #5475, .T. ) ;
#3067 = CIRCLE ( 'NONE', #1048, 1.500000000000001332 ) ;
#3068 = LINE ( 'NONE', #2171, #10092 ) ;
#3069 = DIRECTION ( 'NONE',  ( -0.000000000000000000, -0.000000000000000000, 1.000000000000000000 ) ) ;
#3070 = DIRECTION ( 'NONE',  ( -0.7114425483935333805, -0.7027442638224198346, 0.000000000000000000 ) ) ;
#3071 = CIRCLE ( 'NONE', #4404, 0.7500000000000006661 ) ;
#3072 = ORIENTED_EDGE ( 'NONE', *, *, #6308, .T. ) ;
#3073 = DIRECTION ( 'NONE',  ( 0.000000000000000000, 0.000000000000000000, 1.000000000000000000 ) ) ;
#3074 = DIRECTION ( 'NONE',  ( 0.000000000000000000, 0.000000000000000000, -1.000000000000000000 ) ) ;
#3075 = ORIENTED_EDGE ( 'NONE', *, *, #3984, .T. ) ;
#3076 = LINE ( 'NONE', #5380, #10062 ) ;
#3077 = CARTESIAN_POINT ( 'NONE',  ( 34.24477099867146990, -12.51215245581865609, 22.99999800000001215 ) ) ;
#3078 = CARTESIAN_POINT ( 'NONE',  ( 1.201509888288921468, -1.512152455818657204, -32.80041777998818020 ) ) ;
#3079 = ORIENTED_EDGE ( 'NONE', *, *, #4813, .T. ) ;
#3080 = CIRCLE ( 'NONE', #2395, 1.000000000000000888 ) ;
#3081 = DIRECTION ( 'NONE',  ( -1.000000000000000000, 0.000000000000000000, 0.000000000000000000 ) ) ;
#3082 = EDGE_CURVE ( 'NONE', #8870, #5053, #832, .T. ) ;
#3083 = LINE ( 'NONE', #2872, #4565 ) ;
#3084 = VECTOR ( 'NONE', #8138, 1000.000000000000000 ) ;
#3085 = VERTEX_POINT ( 'NONE', #8845 ) ;
#3086 = DIRECTION ( 'NONE',  ( -0.000000000000000000, -0.000000000000000000, 1.000000000000000000 ) ) ;
#3087 = CARTESIAN_POINT ( 'NONE',  ( 11.05349142309807675, -1.113214443582986268, 18.40359731999999937 ) ) ;
#3088 = DIRECTION ( 'NONE',  ( 0.000000000000000000, 0.000000000000000000, -1.000000000000000000 ) ) ;
#3089 = DIRECTION ( 'NONE',  ( -5.421010862430005110E-16, 1.000000000000000000, 0.000000000000000000 ) ) ;
#3090 = LINE ( 'NONE', #7183, #9787 ) ;
#3091 = ORIENTED_EDGE ( 'NONE', *, *, #4218, .T. ) ;
#3092 = EDGE_CURVE ( 'NONE', #6074, #5887, #8058, .T. ) ;
#3093 = EDGE_CURVE ( 'NONE', #9670, #4681, #3514, .T. ) ;
#3094 = AXIS2_PLACEMENT_3D ( 'NONE', #4703, #4536, #7117 ) ;
#3095 = ORIENTED_EDGE ( 'NONE', *, *, #4767, .T. ) ;
#3096 = DIRECTION ( 'NONE',  ( -0.000000000000000000, -0.000000000000000000, -1.000000000000000000 ) ) ;
#3097 = DIRECTION ( 'NONE',  ( 0.000000000000000000, 0.000000000000000000, 1.000000000000000000 ) ) ;
#3098 = ORIENTED_EDGE ( 'NONE', *, *, #9940, .T. ) ;
#3099 = CARTESIAN_POINT ( 'NONE',  ( 24.76870015369382116, 24.14446311418034341, 22.84269526444065690 ) ) ;
#3100 = LINE ( 'NONE', #1419, #9362 ) ;
#3101 = CARTESIAN_POINT ( 'NONE',  ( -27.44849011171219999, -24.56215207581349347, -40.80041777998818020 ) ) ;
#3102 = ADVANCED_FACE ( 'NONE', ( #7115 ), #10326, .F. ) ;
#3103 = EDGE_CURVE ( 'NONE', #7054, #2111, #2487, .T. ) ;
#3104 = VECTOR ( 'NONE', #7714, 1000.000000000000000 ) ;
#3105 = DIRECTION ( 'NONE',  ( -1.000000000000000000, 0.000000000000000000, 0.000000000000000000 ) ) ;
#3106 = DIRECTION ( 'NONE',  ( 0.000000000000000000, 1.000000000000000000, 0.000000000000000000 ) ) ;
#3107 = VERTEX_POINT ( 'NONE', #7167 ) ;
#3108 = DIRECTION ( 'NONE',  ( -0.7114425483935286065, 0.7027442638224247196, 0.000000000000000000 ) ) ;
#3109 = ORIENTED_EDGE ( 'NONE', *, *, #4100, .F. ) ;
#3110 = ORIENTED_EDGE ( 'NONE', *, *, #5470, .F. ) ;
#3111 = FACE_OUTER_BOUND ( 'NONE', #1052, .T. ) ;
#3112 = AXIS2_PLACEMENT_3D ( 'NONE', #9376, #4533, #6897 ) ;
#3113 = EDGE_LOOP ( 'NONE', ( #2590, #1793, #3815, #7109 ) ) ;
#3114 = FACE_BOUND ( 'NONE', #3369, .T. ) ;
#3115 = EDGE_CURVE ( 'NONE', #1760, #6325, #10378, .T. ) ;
#3116 = CARTESIAN_POINT ( 'NONE',  ( 37.69477099867146563, -1.512152455818661423, 21.99999800000000150 ) ) ;
#3117 = ORIENTED_EDGE ( 'NONE', *, *, #269, .F. ) ;
#3118 = FACE_OUTER_BOUND ( 'NONE', #7099, .T. ) ;
#3119 = FACE_OUTER_BOUND ( 'NONE', #981, .T. ) ;
#3120 = CARTESIAN_POINT ( 'NONE',  ( 39.08049337622307462, 11.47584852314635206, 18.40359731999999937 ) ) ;
#3121 = ORIENTED_EDGE ( 'NONE', *, *, #9383, .T. ) ;
#3122 = CARTESIAN_POINT ( 'NONE',  ( 44.09477099867148553, -12.51215245581865609, 23.19999800000000079 ) ) ;
#3123 = LINE ( 'NONE', #1550, #5786 ) ;
#3124 = EDGE_LOOP ( 'NONE', ( #564, #2694, #633, #6684 ) ) ;
#3125 = CARTESIAN_POINT ( 'NONE',  ( -5.144166553601737135, 22.82106848026321089, -51.59041577998819861 ) ) ;
#3126 = DIRECTION ( 'NONE',  ( 0.000000000000000000, 0.000000000000000000, -1.000000000000000000 ) ) ;
#3127 = DIRECTION ( 'NONE',  ( 0.000000000000000000, 1.000000000000000000, 0.000000000000000000 ) ) ;
#3128 = VERTEX_POINT ( 'NONE', #6381 ) ;
#3129 = DIRECTION ( 'NONE',  ( 0.000000000000000000, -0.000000000000000000, 1.000000000000000000 ) ) ;
#3130 = ADVANCED_FACE ( 'NONE', ( #2385 ), #8905, .F. ) ;
#3131 = CIRCLE ( 'NONE', #6140, 0.9999999999999991118 ) ;
#3132 = CARTESIAN_POINT ( 'NONE',  ( 30.79477099867147061, -1.512152455818657204, 21.99999800000000150 ) ) ;
#3133 = AXIS2_PLACEMENT_3D ( 'NONE', #2756, #5855, #1234 ) ;
#3134 = ADVANCED_FACE ( 'NONE', ( #1120 ), #6007, .F. ) ;
#3135 = UNCERTAINTY_MEASURE_WITH_UNIT (LENGTH_MEASURE( 1.000000000000000082E-05 ), #5983, 'distance_accuracy_value', 'NONE');
#3136 = VERTEX_POINT ( 'NONE', #9794 ) ;
#3137 = CONICAL_SURFACE ( 'NONE', #10342, 25.54999999999999005, 0.7853981633974396193 ) ;
#3138 = DIRECTION ( 'NONE',  ( -0.000000000000000000, -0.000000000000000000, -1.000000000000000000 ) ) ;
#3139 = DIRECTION ( 'NONE',  ( -0.000000000000000000, -0.000000000000000000, 1.000000000000000000 ) ) ;
#3140 = CARTESIAN_POINT ( 'NONE',  ( -8.443364847487146108, 20.38317777519895202, -51.45273446082955360 ) ) ;
#3141 = LINE ( 'NONE', #10287, #5338 ) ;
#3142 = DIRECTION ( 'NONE',  ( -0.7071067811865473507, 0.7071067811865477948, 0.000000000000000000 ) ) ;
#3143 = ORIENTED_EDGE ( 'NONE', *, *, #723, .T. ) ;
#3144 = ADVANCED_FACE ( 'NONE', ( #3484 ), #2591, .F. ) ;
#3145 = B_SPLINE_CURVE_WITH_KNOTS ( 'NONE', 3,
 ( #9941, #5252, #8466, #1271 ),
 .UNSPECIFIED., .F., .F.,
 ( 4, 4 ),
 ( 0.000000000000000000, 0.0005021313586498384052 ),
 .UNSPECIFIED. ) ;
#3146 = CIRCLE ( 'NONE', #2303, 25.54999999999997584 ) ;
#3147 = VECTOR ( 'NONE', #4667, 1000.000000000000000 ) ;
#3148 = EDGE_CURVE ( 'NONE', #4965, #6294, #5794, .T. ) ;
#3149 = ORIENTED_EDGE ( 'NONE', *, *, #5152, .F. ) ;
#3150 = CARTESIAN_POINT ( 'NONE',  ( 29.79477099867146705, 9.487847544181342130, 23.19999800000000079 ) ) ;
#3151 = DIRECTION ( 'NONE',  ( -0.000000000000000000, -0.000000000000000000, -1.000000000000000000 ) ) ;
#3152 = AXIS2_PLACEMENT_3D ( 'NONE', #3175, #5530, #10267 ) ;
#3153 = ORIENTED_EDGE ( 'NONE', *, *, #4431, .T. ) ;
#3154 = CARTESIAN_POINT ( 'NONE',  ( 25.71927111967882595, 24.13018370889352582, 23.04623815789737762 ) ) ;
#3155 = AXIS2_PLACEMENT_3D ( 'NONE', #5479, #3177, #8699 ) ;
#3156 = CARTESIAN_POINT ( 'NONE',  ( 44.85549282690607242, -9.733150561326645800, 19.20359732000000008 ) ) ;
#3157 = CARTESIAN_POINT ( 'NONE',  ( -7.829001579289466051, 20.20582066909555152, -54.45041577998818383 ) ) ;
#3158 = DIRECTION ( 'NONE',  ( -0.000000000000000000, -0.000000000000000000, 1.000000000000000000 ) ) ;
#3159 = CARTESIAN_POINT ( 'NONE',  ( 12.06945472834534883, -6.819414077215271597, 21.40359731999999937 ) ) ;
#3160 = AXIS2_PLACEMENT_3D ( 'NONE', #7164, #701, #858 ) ;
#3161 = ADVANCED_FACE ( 'NONE', ( #9846 ), #8380, .F. ) ;
#3162 = ORIENTED_EDGE ( 'NONE', *, *, #6238, .F. ) ;
#3163 = LINE ( 'NONE', #3943, #3460 ) ;
#3164 = ORIENTED_EDGE ( 'NONE', *, *, #1241, .T. ) ;
#3165 = AXIS2_PLACEMENT_3D ( 'NONE', #1408, #7613, #8498 ) ;
#3166 = ORIENTED_EDGE ( 'NONE', *, *, #8415, .T. ) ;
#3167 = ORIENTED_EDGE ( 'NONE', *, *, #5273, .T. ) ;
#3168 = DIRECTION ( 'NONE',  ( 0.000000000000000000, 0.000000000000000000, 1.000000000000000000 ) ) ;
#3169 = ORIENTED_EDGE ( 'NONE', *, *, #406, .T. ) ;
#3170 = DIRECTION ( 'NONE',  ( 0.000000000000000000, 0.000000000000000000, 1.000000000000000000 ) ) ;
#3171 = PRODUCT_DEFINITION_FORMATION_WITH_SPECIFIED_SOURCE ( '任何', '', #8259, .NOT_KNOWN. ) ;
#3172 = VECTOR ( 'NONE', #120, 1000.000000000000000 ) ;
#3173 = DIRECTION ( 'NONE',  ( -1.000000000000000000, 0.000000000000000000, 0.000000000000000000 ) ) ;
#3174 = EDGE_CURVE ( 'NONE', #1159, #9881, #8670, .T. ) ;
#3175 = CARTESIAN_POINT ( 'NONE',  ( 24.69849011171107378, -1.763214443583702495, 31.63375372154084175 ) ) ;
#3176 = ORIENTED_EDGE ( 'NONE', *, *, #2649, .F. ) ;
#3177 = DIRECTION ( 'NONE',  ( 0.000000000000000000, 0.000000000000000000, 1.000000000000000000 ) ) ;
#3178 = DIRECTION ( 'NONE',  ( 0.000000000000000000, -1.000000000000000000, 0.000000000000000000 ) ) ;
#3179 = ORIENTED_EDGE ( 'NONE', *, *, #4331, .F. ) ;
#3180 = AXIS2_PLACEMENT_3D ( 'NONE', #306, #2413, #1630 ) ;
#3181 = DIRECTION ( 'NONE',  ( -0.7114425483935358230, -0.7027442638224175031, 0.000000000000000000 ) ) ;
#3182 = DIRECTION ( 'NONE',  ( -0.000000000000000000, -0.000000000000000000, 1.000000000000000000 ) ) ;
#3183 = ORIENTED_EDGE ( 'NONE', *, *, #4686, .T. ) ;
#3184 = LINE ( 'NONE', #1557, #119 ) ;
#3185 = CARTESIAN_POINT ( 'NONE',  ( 32.20649282690607151, 11.22185072041136067, 18.40359731999999937 ) ) ;
#3186 = DIRECTION ( 'NONE',  ( 1.000000000000000000, 0.000000000000000000, 0.000000000000000000 ) ) ;
#3187 = VECTOR ( 'NONE', #7916, 1000.000000000000000 ) ;
#3188 = CARTESIAN_POINT ( 'NONE',  ( 30.79477099867147061, -12.51215245581865609, 21.99999800000000150 ) ) ;
#3189 = CARTESIAN_POINT ( 'NONE',  ( 40.39477099867147558, 9.487847544181342130, 21.99999800000000150 ) ) ;
#3190 = CARTESIAN_POINT ( 'NONE',  ( -8.111495560953075667, 20.15986167041495492, -51.02187208104641059 ) ) ;
#3191 = LINE ( 'NONE', #7027, #8530 ) ;
#3192 = CARTESIAN_POINT ( 'NONE',  ( 24.69849011171107378, -6.819414077215271597, 21.40359731999999937 ) ) ;
#3193 = ORIENTED_EDGE ( 'NONE', *, *, #8996, .F. ) ;
#3194 = CONICAL_SURFACE ( 'NONE', #7052, 0.9999999999999991118, 0.7853981633974597143 ) ;
#3195 = CARTESIAN_POINT ( 'NONE',  ( 0.000000000000000000, 0.000000000000000000, 0.000000000000000000 ) ) ;
#3196 = VERTEX_POINT ( 'NONE', #2700 ) ;
#3197 = VERTEX_POINT ( 'NONE', #4324 ) ;
#3198 = CARTESIAN_POINT ( 'NONE',  ( 17.40349142309807462, -1.524148547166637613, 21.50359731999998658 ) ) ;
#3199 = CARTESIAN_POINT ( 'NONE',  ( 11.23043847095200576, -1.512152455818660757, 21.40359731999999937 ) ) ;
#3200 = ORIENTED_EDGE ( 'NONE', *, *, #6746, .T. ) ;
#3201 = CARTESIAN_POINT ( 'NONE',  ( 24.44197700413985075, 24.14370090314385919, 22.85444468182521049 ) ) ;
#3202 = DIRECTION ( 'NONE',  ( 0.000000000000000000, 0.000000000000000000, -1.000000000000000000 ) ) ;
#3203 = CARTESIAN_POINT ( 'NONE',  ( -40.99730114935989178, -17.81096349346809049, -32.80041777998817309 ) ) ;
#3204 = EDGE_CURVE ( 'NONE', #6571, #9428, #3533, .T. ) ;
#3205 = CARTESIAN_POINT ( 'NONE',  ( 36.19477099867147274, -1.512152455818657204, 21.99999800000000150 ) ) ;
#3206 = DIRECTION ( 'NONE',  ( 0.000000000000000000, 0.000000000000000000, 1.000000000000000000 ) ) ;
#3207 = ORIENTED_EDGE ( 'NONE', *, *, #1571, .T. ) ;
#3208 = DIRECTION ( 'NONE',  ( 1.000000000000000000, 0.000000000000000000, 0.000000000000000000 ) ) ;
#3209 = ORIENTED_EDGE ( 'NONE', *, *, #2821, .F. ) ;
#3210 = EDGE_CURVE ( 'NONE', #10365, #4345, #5873, .T. ) ;
#3211 = ORIENTED_EDGE ( 'NONE', *, *, #6875, .T. ) ;
#3212 = EDGE_LOOP ( 'NONE', ( #8990, #9542, #8768, #9686 ) ) ;
#3213 = FACE_BOUND ( 'NONE', #6130, .T. ) ;
#3214 = ORIENTED_EDGE ( 'NONE', *, *, #5994, .T. ) ;
#3215 = ADVANCED_FACE ( 'NONE', ( #3848 ), #4576, .F. ) ;
#3216 = DIRECTION ( 'NONE',  ( -0.01596330524727180775, 0.9998725783246495968, 1.377070309037156606E-20 ) ) ;
#3217 = AXIS2_PLACEMENT_3D ( 'NONE', #228, #2805, #281 ) ;
#3218 = CARTESIAN_POINT ( 'NONE',  ( -24.69849011171107378, -1.512152455818657204, -32.80041777998818020 ) ) ;
#3219 = DIRECTION ( 'NONE',  ( 0.000000000000000000, 0.000000000000000000, -1.000000000000000000 ) ) ;
#3220 = ORIENTED_EDGE ( 'NONE', *, *, #7602, .T. ) ;
#3221 = CARTESIAN_POINT ( 'NONE',  ( -8.399679074061729978, -17.81096349346800878, -32.80041777998817309 ) ) ;
#3222 = CARTESIAN_POINT ( 'NONE',  ( 20.02849441382007711, 2.426849255568360508, 21.40359731999999937 ) ) ;
#3223 = ORIENTED_EDGE ( 'NONE', *, *, #7390, .T. ) ;
#3224 = CARTESIAN_POINT ( 'NONE',  ( 44.85549282690607242, -4.623571175818640633, 19.20359732000000008 ) ) ;
#3225 = AXIS2_PLACEMENT_3D ( 'NONE', #7893, #8825, #1634 ) ;
#3226 = LINE ( 'NONE', #8906, #5346 ) ;
#3227 = CARTESIAN_POINT ( 'NONE',  ( 35.19477099867146563, 9.487847544181342130, 23.19999800000000079 ) ) ;
#3228 = ORIENTED_EDGE ( 'NONE', *, *, #4054, .F. ) ;
#3229 = ADVANCED_FACE ( 'NONE', ( #10100 ), #7792, .F. ) ;
#3230 = ADVANCED_FACE ( 'NONE', ( #9473 ), #9309, .F. ) ;
#3231 = FACE_OUTER_BOUND ( 'NONE', #5325, .T. ) ;
#3232 = CARTESIAN_POINT ( 'NONE',  ( 24.31942001642127238, 24.14272707302058762, 22.86928922012104337 ) ) ;
#3233 = CIRCLE ( 'NONE', #880, 0.2000000000000005107 ) ;
#3234 = VECTOR ( 'NONE', #7540, 1000.000000000000000 ) ;
#3235 = CARTESIAN_POINT ( 'NONE',  ( 7.630438470952363161, 5.206785556416654082, 21.40359731999999937 ) ) ;
#3236 = CIRCLE ( 'NONE', #9454, 0.2000000000000005107 ) ;
#3237 = FACE_OUTER_BOUND ( 'NONE', #892, .T. ) ;
#3238 = CARTESIAN_POINT ( 'NONE',  ( -8.294484337803412544, 20.28451354359686221, -51.15121984605457328 ) ) ;
#3239 = DIRECTION ( 'NONE',  ( 1.000000000000000000, 0.000000000000000000, 0.000000000000000000 ) ) ;
#3240 = DIRECTION ( 'NONE',  ( 1.000000000000000000, 1.355252715607184747E-16, -0.000000000000000000 ) ) ;
#3241 = ORIENTED_EDGE ( 'NONE', *, *, #5969, .F. ) ;
#3242 = VECTOR ( 'NONE', #1253, 1000.000000000000000 ) ;
#3243 = APPLICATION_PROTOCOL_DEFINITION ( 'draft international standard', 'automotive_design', 1998, #5791 ) ;
#3244 = ORIENTED_EDGE ( 'NONE', *, *, #2105, .T. ) ;
#3245 = ORIENTED_EDGE ( 'NONE', *, *, #2008, .F. ) ;
#3246 = CARTESIAN_POINT ( 'NONE',  ( 1.931673420650977580, -3.529058565625956323, 3.496201133462653043 ) ) ;
#3247 = CARTESIAN_POINT ( 'NONE',  ( 31.54477099867147061, 9.487847544181342130, 21.99999800000000150 ) ) ;
#3248 = EDGE_LOOP ( 'NONE', ( #6465, #6933, #8783, #8242 ) ) ;
#3249 = CARTESIAN_POINT ( 'NONE',  ( 25.61362788130517387, 24.22158581790132459, 22.90270505325019457 ) ) ;
#3250 = CARTESIAN_POINT ( 'NONE',  ( 23.56034338093840219, 24.15533065633368182, 23.05729991001909696 ) ) ;
#3251 = AXIS2_PLACEMENT_3D ( 'NONE', #8704, #8595, #4645 ) ;
#3252 = CYLINDRICAL_SURFACE ( 'NONE', #4676, 1.500000000000001332 ) ;
#3253 = LINE ( 'NONE', #783, #6576 ) ;
#3254 = CARTESIAN_POINT ( 'NONE',  ( -8.399679074061923600, 14.78665858183135562, -40.80041777998818020 ) ) ;
#3255 = EDGE_CURVE ( 'NONE', #8901, #1679, #1269, .T. ) ;
#3256 = AXIS2_PLACEMENT_3D ( 'NONE', #4471, #7905, #9475 ) ;
#3257 = ORIENTED_EDGE ( 'NONE', *, *, #7824, .T. ) ;
#3258 = DIRECTION ( 'NONE',  ( 1.000000000000000000, 0.000000000000000000, 0.000000000000000000 ) ) ;
#3259 = ORIENTED_EDGE ( 'NONE', *, *, #464, .F. ) ;
#3260 = ADVANCED_FACE ( 'NONE', ( #4423 ), #5310, .F. ) ;
#3261 = VERTEX_POINT ( 'NONE', #8524 ) ;
#3262 = ORIENTED_EDGE ( 'NONE', *, *, #4605, .T. ) ;
#3263 = DIRECTION ( 'NONE',  ( 1.000000000000000000, 0.000000000000000000, -0.000000000000000000 ) ) ;
#3264 = ORIENTED_EDGE ( 'NONE', *, *, #5713, .F. ) ;
#3265 = VECTOR ( 'NONE', #6491, 1000.000000000000000 ) ;
#3266 = CARTESIAN_POINT ( 'NONE',  ( 10.23043847095200576, -9.573214443583347943, 18.40359731999999937 ) ) ;
#3267 = DIRECTION ( 'NONE',  ( 0.08642513706565108089, 0.9962583478612279109, 0.000000000000000000 ) ) ;
#3268 = CONICAL_SURFACE ( 'NONE', #2099, 1.520000000000000462, 0.7188299996216183096 ) ;
#3269 = FACE_OUTER_BOUND ( 'NONE', #447, .T. ) ;
#3270 = ADVANCED_FACE ( 'NONE', ( #10151 ), #9361, .T. ) ;
#3271 = ORIENTED_EDGE ( 'NONE', *, *, #2893, .T. ) ;
#3272 = CYLINDRICAL_SURFACE ( 'NONE', #9535, 1.000000000000000888 ) ;
#3273 = CARTESIAN_POINT ( 'NONE',  ( 25.05263477782209236, 24.23545872408713109, 22.77169245692794775 ) ) ;
#3274 = ORIENTED_EDGE ( 'NONE', *, *, #1992, .F. ) ;
#3275 = CARTESIAN_POINT ( 'NONE',  ( 24.69849011171107378, -1.512152455818657204, 22.99999799999999439 ) ) ;
#3276 = CARTESIAN_POINT ( 'NONE',  ( -8.457001071010116888, 20.39209447807045805, -51.59041577998819861 ) ) ;
#3277 = FACE_OUTER_BOUND ( 'NONE', #8409, .T. ) ;
#3278 = ORIENTED_EDGE ( 'NONE', *, *, #2399, .F. ) ;
#3279 = CIRCLE ( 'NONE', #591, 0.9999999999999991118 ) ;
#3280 = DIRECTION ( 'NONE',  ( -1.000000000000000000, -1.355252715607187705E-16, 0.000000000000000000 ) ) ;
#3281 = DIRECTION ( 'NONE',  ( 0.000000000000000000, 0.000000000000000000, -1.000000000000000000 ) ) ;
#3282 = CARTESIAN_POINT ( 'NONE',  ( -8.263311668921769382, 20.26353948726122312, -54.12094088483382137 ) ) ;
#3283 = EDGE_CURVE ( 'NONE', #5209, #10289, #432, .T. ) ;
#3284 = CARTESIAN_POINT ( 'NONE',  ( -50.59849011171106525, -1.512152455818654095, -138.7821617105083760 ) ) ;
#3285 = CARTESIAN_POINT ( 'NONE',  ( 26.21849011171107335, 21.53784716418134693, 96.03199646221435160 ) ) ;
#3286 = CARTESIAN_POINT ( 'NONE',  ( -7.984262630048425180, 20.07095468885819045, -50.99138751289343929 ) ) ;
#3287 = CARTESIAN_POINT ( 'NONE',  ( -2.298998643387960783, 14.44130440937520099, -53.78202615182286195 ) ) ;
#3288 = DIRECTION ( 'NONE',  ( 1.000000000000000000, 0.000000000000000000, 0.000000000000000000 ) ) ;
#3289 = EDGE_LOOP ( 'NONE', ( #7153, #541, #8310, #1600 ) ) ;
#3290 = ADVANCED_FACE ( 'NONE', ( #3635 ), #1329, .F. ) ;
#3291 = VECTOR ( 'NONE', #1861, 1000.000000000000000 ) ;
#3292 = CIRCLE ( 'NONE', #3628, 1.000000000000000888 ) ;
#3293 = ORIENTED_EDGE ( 'NONE', *, *, #141, .F. ) ;
#3294 = EDGE_CURVE ( 'NONE', #5946, #272, #3787, .T. ) ;
#3295 = AXIS2_PLACEMENT_3D ( 'NONE', #2332, #8744, #6626 ) ;
#3296 = VERTEX_POINT ( 'NONE', #2061 ) ;
#3297 = DIRECTION ( 'NONE',  ( 1.462890879734001726E-19, 1.610801296603465303E-20, -1.000000000000000000 ) ) ;
#3298 = CARTESIAN_POINT ( 'NONE',  ( 31.54477099867147061, 9.487847544181342130, 21.99999800000000150 ) ) ;
#3299 = ORIENTED_EDGE ( 'NONE', *, *, #7395, .F. ) ;
#3300 = DIRECTION ( 'NONE',  ( 1.000000000000000000, 0.000000000000000000, 0.000000000000000000 ) ) ;
#3301 = DIRECTION ( 'NONE',  ( -0.7027442638224193905, 0.7114425483935338246, 0.000000000000000000 ) ) ;
#3302 = LINE ( 'NONE', #6509, #9346 ) ;
#3303 = CIRCLE ( 'NONE', #1962, 0.9999999999999991118 ) ;
#3304 = CARTESIAN_POINT ( 'NONE',  ( 28.84477099867147487, 9.487847544181342130, 23.19999800000000079 ) ) ;
#3305 = CIRCLE ( 'NONE', #2804, 2.999999999999999112 ) ;
#3306 = CIRCLE ( 'NONE', #792, 0.7500000000000006661 ) ;
#3307 = CARTESIAN_POINT ( 'NONE',  ( -7.977303493081761232, 20.06602965965393182, -54.24994022497227064 ) ) ;
#3308 = CARTESIAN_POINT ( 'NONE',  ( -9.933248314829615566, 20.26986520529766267, -51.00041577998818099 ) ) ;
#3309 = AXIS2_PLACEMENT_3D ( 'NONE', #9382, #10330, #1294 ) ;
#3310 = VERTEX_POINT ( 'NONE', #1276 ) ;
#3311 = DIRECTION ( 'NONE',  ( 0.000000000000000000, 0.000000000000000000, -1.000000000000000000 ) ) ;
#3312 = EDGE_LOOP ( 'NONE', ( #1410, #9534, #8395, #7048 ) ) ;
#3313 = ORIENTED_EDGE ( 'NONE', *, *, #304, .T. ) ;
#3314 = CARTESIAN_POINT ( 'NONE',  ( 25.83663684248303838, -27.17963556797000280, 23.05729991002010237 ) ) ;
#3315 = CONICAL_SURFACE ( 'NONE', #9192, 0.7499999999999972244, 0.7853981633974528309 ) ;
#3316 = ORIENTED_EDGE ( 'NONE', *, *, #1618, .F. ) ;
#3317 = CARTESIAN_POINT ( 'NONE',  ( 10.85349142309807569, -1.113214443582986268, 31.63375372154084175 ) ) ;
#3318 = ORIENTED_EDGE ( 'NONE', *, *, #2718, .T. ) ;
#3319 = CONICAL_SURFACE ( 'NONE', #128, 1.520000000000000462, 0.7188299996216183096 ) ;
#3320 = CARTESIAN_POINT ( 'NONE',  ( -2.658329343793547572, 14.55574038154880689, -51.24010225037298483 ) ) ;
#3321 = CARTESIAN_POINT ( 'NONE',  ( -8.701379295569404704, 19.30734716115111382, -51.59041577998819861 ) ) ;
#3322 = MECHANICAL_DESIGN_GEOMETRIC_PRESENTATION_REPRESENTATION (  '', ( #4661 ), #7522 ) ;
#3323 = DIRECTION ( 'NONE',  ( 0.000000000000000000, 0.000000000000000000, 1.000000000000000000 ) ) ;
#3324 = ORIENTED_EDGE ( 'NONE', *, *, #2037, .F. ) ;
#3325 = ORIENTED_EDGE ( 'NONE', *, *, #1348, .T. ) ;
#3326 = VECTOR ( 'NONE', #3846, 1000.000000000000000 ) ;
#3327 = DIRECTION ( 'NONE',  ( -1.577021341797097560E-16, -1.000000000000000000, 0.000000000000000000 ) ) ;
#3328 = CARTESIAN_POINT ( 'NONE',  ( 24.49953277265214169, 24.23727842477020999, 22.75411469619582761 ) ) ;
#3329 = ORIENTED_EDGE ( 'NONE', *, *, #4793, .T. ) ;
#3330 = EDGE_CURVE ( 'NONE', #6322, #3055, #4522, .T. ) ;
#3331 = DIRECTION ( 'NONE',  ( 0.000000000000000000, -1.000000000000000000, 0.000000000000000000 ) ) ;
#3332 = DIRECTION ( 'NONE',  ( 0.000000000000000000, 1.000000000000000000, 0.000000000000000000 ) ) ;
#3333 = CARTESIAN_POINT ( 'NONE',  ( -0.9246057082889275192, -15.01615056132663817, 19.20359732000000008 ) ) ;
#3334 = ORIENTED_EDGE ( 'NONE', *, *, #1981, .F. ) ;
#3335 = VECTOR ( 'NONE', #5392, 1000.000000000000000 ) ;
#3336 = CARTESIAN_POINT ( 'NONE',  ( 44.85549337622308030, 7.319848523146363029, 18.40359731999999937 ) ) ;
#3337 = ADVANCED_FACE ( 'NONE', ( #2422 ), #10366, .F. ) ;
#3338 = CARTESIAN_POINT ( 'NONE',  ( 7.430438470952415386, 0.8867855564166542415, 23.19999800000000079 ) ) ;
#3339 = CONICAL_SURFACE ( 'NONE', #4505, 0.7500000000000006661, 0.7853981633974570498 ) ;
#3340 = CARTESIAN_POINT ( 'NONE',  ( -8.080935400247113876, 20.13867502770621343, -54.23001800838117248 ) ) ;
#3341 = AXIS2_PLACEMENT_3D ( 'NONE', #67, #5004, #5690 ) ;
#3342 = CARTESIAN_POINT ( 'NONE',  ( 39.20749282690607629, -4.623571175818640633, 19.20359732000000008 ) ) ;
#3343 = CARTESIAN_POINT ( 'NONE',  ( 25.56112996858648145, -27.24771934862793188, 22.88575188753191014 ) ) ;
#3344 = ADVANCED_FACE ( 'NONE', ( #794, #3213, #6367, #1489, #3114, #7102, #5619, #3898 ), #104, .F. ) ;
#3345 = CARTESIAN_POINT ( 'NONE',  ( -8.201293503992404865, 20.22150930020591986, -51.06982653429354713 ) ) ;
#3346 = CARTESIAN_POINT ( 'NONE',  ( -2.598272254432556050, 14.46205758098231620, -53.71969927054160365 ) ) ;
#3347 = DIRECTION ( 'NONE',  ( 0.000000000000000000, 0.000000000000000000, 1.000000000000000000 ) ) ;
#3348 = ORIENTED_EDGE ( 'NONE', *, *, #9591, .F. ) ;
#3349 = AXIS2_PLACEMENT_3D ( 'NONE', #7624, #7832, #1367 ) ;
#3350 = CIRCLE ( 'NONE', #8550, 0.05000000000000143219 ) ;
#3351 = ADVANCED_FACE ( 'NONE', ( #8833 ), #7542, .F. ) ;
#3352 = EDGE_LOOP ( 'NONE', ( #10102, #4936, #7401, #5777, #2323, #8612, #175, #9520 ) ) ;
#3353 = ORIENTED_EDGE ( 'NONE', *, *, #6121, .T. ) ;
#3354 = CARTESIAN_POINT ( 'NONE',  ( 8.882623226170037967, 7.206785556416294369, 18.40359731999999937 ) ) ;
#3355 = DIRECTION ( 'NONE',  ( -0.7071067811865536790, 0.000000000000000000, 0.7071067811865414665 ) ) ;
#3356 = CIRCLE ( 'NONE', #2349, 1.520000000000000462 ) ;
#3357 = ORIENTED_EDGE ( 'NONE', *, *, #2172, .T. ) ;
#3358 = CARTESIAN_POINT ( 'NONE',  ( 35.19477099867146563, -1.512152455818657204, 23.19999800000000079 ) ) ;
#3359 = CARTESIAN_POINT ( 'NONE',  ( 21.66549410864507763, -1.512152455818647434, 21.40359731999999937 ) ) ;
#3360 = CARTESIAN_POINT ( 'NONE',  ( -24.69849011171107378, -1.512152455818657204, -56.00041577998818099 ) ) ;
#3361 = FACE_OUTER_BOUND ( 'NONE', #893, .T. ) ;
#3362 = EDGE_CURVE ( 'NONE', #4965, #3372, #6313, .T. ) ;
#3363 = EDGE_CURVE ( 'NONE', #5046, #3621, #503, .T. ) ;
#3364 = DIRECTION ( 'NONE',  ( 1.000000000000000000, 0.000000000000000000, 0.000000000000000000 ) ) ;
#3365 = AXIS2_PLACEMENT_3D ( 'NONE', #8893, #7154, #3263 ) ;
#3366 = CARTESIAN_POINT ( 'NONE',  ( 15.84674818352332260, 12.02291697121184200, 18.40359731999999937 ) ) ;
#3367 = EDGE_LOOP ( 'NONE', ( #4395, #851 ) ) ;
#3368 = DIRECTION ( 'NONE',  ( -0.000000000000000000, -0.000000000000000000, 1.000000000000000000 ) ) ;
#3369 = EDGE_LOOP ( 'NONE', ( #4894, #8214, #4031, #3980, #5600, #5776, #6100, #3357 ) ) ;
#3370 = ORIENTED_EDGE ( 'NONE', *, *, #491, .T. ) ;
#3371 = CARTESIAN_POINT ( 'NONE',  ( -2.344175747549080757, 14.50525959998886982, -54.07007346772088141 ) ) ;
#3372 = VERTEX_POINT ( 'NONE', #896 ) ;
#3373 = CARTESIAN_POINT ( 'NONE',  ( 26.21849011171107335, 21.53784716418134693, 18.40359731999999937 ) ) ;
#3374 = ORIENTED_EDGE ( 'NONE', *, *, #8341, .T. ) ;
#3375 = CARTESIAN_POINT ( 'NONE',  ( -2.632843256187597625, 14.51616203015537820, -51.31526803876884202 ) ) ;
#3376 = CARTESIAN_POINT ( 'NONE',  ( 9.630438470952455532, -3.563214443583345492, 21.40359731999999937 ) ) ;
#3377 = DIRECTION ( 'NONE',  ( 0.000000000000000000, 0.000000000000000000, -1.000000000000000000 ) ) ;
#3378 = EDGE_LOOP ( 'NONE', ( #5521, #1116, #638, #4373 ) ) ;
#3379 = ORIENTED_EDGE ( 'NONE', *, *, #7020, .F. ) ;
#3380 = DIRECTION ( 'NONE',  ( -1.000000000000000000, 0.000000000000000000, 0.000000000000000000 ) ) ;
#3381 = ORIENTED_EDGE ( 'NONE', *, *, #5949, .F. ) ;
#3382 = CARTESIAN_POINT ( 'NONE',  ( -8.091771209804351273, 20.14619686273286447, -51.01450872665869696 ) ) ;
#3383 = LINE ( 'NONE', #9064, #4673 ) ;
#3384 = FACE_OUTER_BOUND ( 'NONE', #7156, .T. ) ;
#3385 = ORIENTED_EDGE ( 'NONE', *, *, #7131, .T. ) ;
#3386 = AXIS2_PLACEMENT_3D ( 'NONE', #8962, #2347, #7224 ) ;
#3387 = CARTESIAN_POINT ( 'NONE',  ( -43.70110514382254507, -19.11074961415403806, -32.80041777998817309 ) ) ;
#3388 = CYLINDRICAL_SURFACE ( 'NONE', #772, 0.7500000000000006661 ) ;
#3389 = PRODUCT ( '顶部导热块', '顶部导热块', '', ( #675 ) ) ;
#3390 = ADVANCED_FACE ( 'NONE', ( #3948 ), #4099, .F. ) ;
#3391 = CARTESIAN_POINT ( 'NONE',  ( -8.360696970772513836, 20.32868961111358175, -54.00072930960340756 ) ) ;
#3392 = AXIS2_PLACEMENT_3D ( 'NONE', #6047, #8416, #3105 ) ;
#3393 = DIRECTION ( 'NONE',  ( -0.000000000000000000, -0.000000000000000000, -1.000000000000000000 ) ) ;
#3394 = CARTESIAN_POINT ( 'NONE',  ( 25.46340550705747674, -27.25080954442916337, 22.85687452510800455 ) ) ;
#3395 = CARTESIAN_POINT ( 'NONE',  ( -8.473929925505428784, 20.69175825280847292, -51.48493679216391428 ) ) ;
#3396 = EDGE_CURVE ( 'NONE', #6988, #5400, #3689, .T. ) ;
#3397 = CARTESIAN_POINT ( 'NONE',  ( -2.309018497420376015, 14.45536368561336182, -53.85955838769250192 ) ) ;
#3398 = CARTESIAN_POINT ( 'NONE',  ( 8.630438470952363161, 5.206785556416654082, 21.40359731999999937 ) ) ;
#3399 = ORIENTED_EDGE ( 'NONE', *, *, #4714, .F. ) ;
#3400 = AXIS2_PLACEMENT_3D ( 'NONE', #7457, #250, #6660 ) ;
#3401 = EDGE_LOOP ( 'NONE', ( #6553, #3719, #4255, #1063, #10000, #8578, #1243, #4988 ) ) ;
#3402 = ORIENTED_EDGE ( 'NONE', *, *, #1030, .F. ) ;
#3403 = DIRECTION ( 'NONE',  ( -0.7071067811865597852, 8.659560562355083235E-17, 0.7071067811865352493 ) ) ;
#3404 = CARTESIAN_POINT ( 'NONE',  ( 26.05949410864507598, 0.4268492555683537915, 19.20359732000000008 ) ) ;
#3405 = ADVANCED_FACE ( 'NONE', ( #4001 ), #740, .T. ) ;
#3406 = EDGE_LOOP ( 'NONE', ( #8437, #4627, #8427, #586 ) ) ;
#3407 = FACE_OUTER_BOUND ( 'NONE', #6840, .T. ) ;
#3408 = DIRECTION ( 'NONE',  ( 3.216024241707096350E-15, 1.000000000000000000, -0.000000000000000000 ) ) ;
#3409 = CARTESIAN_POINT ( 'NONE',  ( 3.264205251154863596, 13.51827542104300584, 21.96359842000000029 ) ) ;
#3410 = DIRECTION ( 'NONE',  ( 0.7071067811865530128, 0.000000000000000000, 0.7071067811865420216 ) ) ;
#3411 = DIRECTION ( 'NONE',  ( -1.000000000000000000, 0.000000000000000000, 0.000000000000000000 ) ) ;
#3412 = AXIS2_PLACEMENT_3D ( 'NONE', #6494, #136, #2445 ) ;
#3413 = ORIENTED_EDGE ( 'NONE', *, *, #6663, .T. ) ;
#3414 = LINE ( 'NONE', #8888, #8678 ) ;
#3415 = ORIENTED_EDGE ( 'NONE', *, *, #6179, .T. ) ;
#3416 = EDGE_CURVE ( 'NONE', #5705, #3501, #6520, .T. ) ;
#3417 = ORIENTED_EDGE ( 'NONE', *, *, #5112, .F. ) ;
#3419 = EDGE_CURVE ( 'NONE', #7452, #2576, #5466, .T. ) ;
#3418 = DIRECTION ( 'NONE',  ( 1.000000000000000000, 0.000000000000000000, 0.000000000000000000 ) ) ;
#3420 = VERTEX_POINT ( 'NONE', #8056 ) ;
#3421 = DIRECTION ( 'NONE',  ( 1.000000000000000000, 0.000000000000000000, 0.000000000000000000 ) ) ;
#3422 = ORIENTED_EDGE ( 'NONE', *, *, #71, .T. ) ;
#3423 = VECTOR ( 'NONE', #5657, 1000.000000000000000 ) ;
#3424 = CARTESIAN_POINT ( 'NONE',  ( -2.742488627072006580, 15.04637096376495009, -50.79171103136643950 ) ) ;
#3425 = AXIS2_PLACEMENT_3D ( 'NONE', #2344, #2971, #3127 ) ;
#3426 = DIRECTION ( 'NONE',  ( -0.7071067811865536790, 0.000000000000000000, -0.7071067811865414665 ) ) ;
#3427 = ADVANCED_FACE ( 'NONE', ( #4685 ), #1662, .T. ) ;
#3428 = DIRECTION ( 'NONE',  ( 0.000000000000000000, 0.000000000000000000, 1.000000000000000000 ) ) ;
#3429 = ORIENTED_EDGE ( 'NONE', *, *, #1172, .F. ) ;
#3430 = EDGE_CURVE ( 'NONE', #2628, #4682, #4048, .T. ) ;
#3431 = VERTEX_POINT ( 'NONE', #7250 ) ;
#3432 = CARTESIAN_POINT ( 'NONE',  ( 29.59477099867147132, -12.51215245581865609, 21.99999800000000150 ) ) ;
#3433 = AXIS2_PLACEMENT_3D ( 'NONE', #8770, #7086, #6296 ) ;
#3434 = ORIENTED_EDGE ( 'NONE', *, *, #4708, .F. ) ;
#3435 = CARTESIAN_POINT ( 'NONE',  ( -8.411103802818876929, 20.36200334405324242, -51.34165618672123088 ) ) ;
#3436 = CARTESIAN_POINT ( 'NONE',  ( -8.464532153340799780, 20.49336167468757708, -51.59041577998819861 ) ) ;
#3437 = DIRECTION ( 'NONE',  ( -0.000000000000000000, -0.000000000000000000, 1.000000000000000000 ) ) ;
#3438 = ORIENTED_EDGE ( 'NONE', *, *, #6356, .F. ) ;
#3439 = DIRECTION ( 'NONE',  ( -0.000000000000000000, -0.000000000000000000, 1.000000000000000000 ) ) ;
#3440 = CARTESIAN_POINT ( 'NONE',  ( 23.76216016055718327, 24.13261069921792057, 23.01392321278261122 ) ) ;
#3441 = VECTOR ( 'NONE', #977, 1000.000000000000000 ) ;
#3442 = CARTESIAN_POINT ( 'NONE',  ( -8.403732017618560590, 20.35714757777791917, -53.91682141819473628 ) ) ;
#3443 = DIRECTION ( 'NONE',  ( -0.000000000000000000, 1.000000000000000000, 0.000000000000000000 ) ) ;
#3444 = DIRECTION ( 'NONE',  ( -0.7027442638224198346, 0.7114425483935334915, 0.000000000000000000 ) ) ;
#3445 = CARTESIAN_POINT ( 'NONE',  ( 30.79477099867147061, -1.512152455818657204, 22.99999800000001215 ) ) ;
#3446 = CARTESIAN_POINT ( 'NONE',  ( -2.596656847830269843, 14.45951778726604253, -53.69014276603419944 ) ) ;
#3447 = DIRECTION ( 'NONE',  ( 0.000000000000000000, 0.000000000000000000, 1.000000000000000000 ) ) ;
#3448 = ORIENTED_EDGE ( 'NONE', *, *, #2375, .T. ) ;
#3449 = EDGE_CURVE ( 'NONE', #2594, #8733, #5522, .T. ) ;
#3450 = ORIENTED_EDGE ( 'NONE', *, *, #9515, .F. ) ;
#3451 = ORIENTED_EDGE ( 'NONE', *, *, #5511, .F. ) ;
#3452 = CARTESIAN_POINT ( 'NONE',  ( 35.98149227759007118, -9.733150561326636918, 18.40359731999999937 ) ) ;
#3453 = DIRECTION ( 'NONE',  ( 1.000000000000000000, 0.000000000000000000, 0.000000000000000000 ) ) ;
#3454 = CARTESIAN_POINT ( 'NONE',  ( 11.25055410581080828, 7.426722893499332123, 21.96359842000000029 ) ) ;
#3455 = VERTEX_POINT ( 'NONE', #54 ) ;
#3456 = CARTESIAN_POINT ( 'NONE',  ( -0.9246057082889275192, 6.319848523146355923, 19.20359732000000008 ) ) ;
#3457 = DIRECTION ( 'NONE',  ( 0.000000000000000000, 0.000000000000000000, 1.000000000000000000 ) ) ;
#3458 = ADVANCED_FACE ( 'NONE', ( #8001 ), #7207, .T. ) ;
#3459 = CARTESIAN_POINT ( 'NONE',  ( 8.630438470952455532, -3.563214443583345492, 21.40359731999999937 ) ) ;
#3460 = VECTOR ( 'NONE', #6306, 1000.000000000000000 ) ;
#3461 = DIRECTION ( 'NONE',  ( 0.000000000000000000, 0.000000000000000000, -1.000000000000000000 ) ) ;
#3462 = EDGE_CURVE ( 'NONE', #5209, #4880, #6709, .T. ) ;
#3463 = CARTESIAN_POINT ( 'NONE',  ( 10.31303080097146108, 19.68388680890044640, 23.13333652153660580 ) ) ;
#3464 = VECTOR ( 'NONE', #8431, 1000.000000000000000 ) ;
#3465 = ORIENTED_EDGE ( 'NONE', *, *, #4119, .F. ) ;
#3466 = LINE ( 'NONE', #9882, #5146 ) ;
#3467 = VERTEX_POINT ( 'NONE', #5149 ) ;
#3468 = ORIENTED_EDGE ( 'NONE', *, *, #7130, .F. ) ;
#3469 = AXIS2_PLACEMENT_3D ( 'NONE', #8828, #7359, #9728 ) ;
#3470 = CARTESIAN_POINT ( 'NONE',  ( 25.81716233851467024, -27.15139527456193846, 23.08636224920362778 ) ) ;
#3471 = ORIENTED_EDGE ( 'NONE', *, *, #8179, .T. ) ;
#3472 = DIRECTION ( 'NONE',  ( -0.6256351882393400565, 0.7801157678426487996, 0.000000000000000000 ) ) ;
#3473 = CARTESIAN_POINT ( 'NONE',  ( -2.391258933295157263, 14.57005826026576756, -51.10222588141027700 ) ) ;
#3474 = VECTOR ( 'NONE', #10070, 1000.000000000000114 ) ;
#3475 = ADVANCED_FACE ( 'NONE', ( #2741 ), #3194, .F. ) ;
#3476 = FACE_OUTER_BOUND ( 'NONE', #8203, .T. ) ;
#3477 = CONICAL_SURFACE ( 'NONE', #8848, 1.580000000000001625, 0.7853981633974657095 ) ;
#3478 = AXIS2_PLACEMENT_3D ( 'NONE', #632, #6836, #1320 ) ;
#3479 = CYLINDRICAL_SURFACE ( 'NONE', #9865, 1.000000000000000888 ) ;
#3480 = ORIENTED_EDGE ( 'NONE', *, *, #2854, .F. ) ;
#3481 = ORIENTED_EDGE ( 'NONE', *, *, #4491, .F. ) ;
#3482 = DIRECTION ( 'NONE',  ( 0.000000000000000000, 0.000000000000000000, -1.000000000000000000 ) ) ;
#3483 = EDGE_LOOP ( 'NONE', ( #1091, #4762, #4970, #5985 ) ) ;
#3484 = FACE_OUTER_BOUND ( 'NONE', #2719, .T. ) ;
#3485 = LINE ( 'NONE', #6686, #2833 ) ;
#3486 = AXIS2_PLACEMENT_3D ( 'NONE', #8064, #8010, #10218 ) ;
#3487 = CARTESIAN_POINT ( 'NONE',  ( 24.69849011171107378, -1.512152455818657204, 18.40359731999999937 ) ) ;
#3488 = VERTEX_POINT ( 'NONE', #1946 ) ;
#3489 = FACE_OUTER_BOUND ( 'NONE', #5468, .T. ) ;
#3490 = EDGE_CURVE ( 'NONE', #2726, #4990, #4193, .T. ) ;
#3491 = CARTESIAN_POINT ( 'NONE',  ( 3.264205251154867149, 13.51827542104300584, 11.22457852691048430 ) ) ;
#3492 = CARTESIAN_POINT ( 'NONE',  ( -8.215812951744423387, 20.23138117191443897, -54.16044965306317494 ) ) ;
#3493 = DIRECTION ( 'NONE',  ( -1.000000000000000000, 0.000000000000000000, 0.000000000000000000 ) ) ;
#3494 = CARTESIAN_POINT ( 'NONE',  ( 23.45244577695004295, -27.23206144882636792, 23.02834905205007843 ) ) ;
#3495 = CARTESIAN_POINT ( 'NONE',  ( 11.25055410581080828, 7.426722893499332123, 21.40359731999999937 ) ) ;
#3496 = VECTOR ( 'NONE', #8809, 1000.000000000000000 ) ;
#3497 = CARTESIAN_POINT ( 'NONE',  ( -2.617415842875231657, 14.49208032486899711, -53.86343086140573178 ) ) ;
#3498 = CARTESIAN_POINT ( 'NONE',  ( 25.39438177365181204, -27.25279389555722176, 22.83821175227525657 ) ) ;
#3499 = ORIENTED_EDGE ( 'NONE', *, *, #9643, .F. ) ;
#3500 = VERTEX_POINT ( 'NONE', #6673 ) ;
#3501 = VERTEX_POINT ( 'NONE', #8257 ) ;
#3502 = LINE ( 'NONE', #4585, #4651 ) ;
#3503 = LINE ( 'NONE', #7076, #3939 ) ;
#3504 = LINE ( 'NONE', #457, #6033 ) ;
#3505 = ORIENTED_EDGE ( 'NONE', *, *, #3204, .F. ) ;
#3506 = DIRECTION ( 'NONE',  ( 0.000000000000000000, 0.000000000000000000, -1.000000000000000000 ) ) ;
#3507 = DIRECTION ( 'NONE',  ( 0.000000000000000000, 1.000000000000000000, 0.000000000000000000 ) ) ;
#3508 = VECTOR ( 'NONE', #2789, 1000.000000000000000 ) ;
#3509 = AXIS2_PLACEMENT_3D ( 'NONE', #9921, #9132, #8347 ) ;
#3510 = DIRECTION ( 'NONE',  ( -0.7071067811865536790, 0.000000000000000000, 0.7071067811865414665 ) ) ;
#3511 = ORIENTED_EDGE ( 'NONE', *, *, #10147, .F. ) ;
#3512 = CARTESIAN_POINT ( 'NONE',  ( 8.630438470952407570, 0.8867855564166541305, 21.40359731999999937 ) ) ;
#3513 = CARTESIAN_POINT ( 'NONE',  ( 24.69849011171107378, -1.512152455818657204, 23.19999800000000079 ) ) ;
#3514 = CIRCLE ( 'NONE', #333, 25.74999999999999645 ) ;
#3515 = ORIENTED_EDGE ( 'NONE', *, *, #7859, .T. ) ;
#3516 = DIRECTION ( 'NONE',  ( -0.7071067811865536790, 0.000000000000000000, -0.7071067811865414665 ) ) ;
#3517 = ORIENTED_EDGE ( 'NONE', *, *, #1915, .F. ) ;
#3518 = ORIENTED_EDGE ( 'NONE', *, *, #6336, .F. ) ;
#3519 = CARTESIAN_POINT ( 'NONE',  ( 24.14956170054608009, 24.23204487909191585, 22.80445066829245704 ) ) ;
#3520 = CARTESIAN_POINT ( 'NONE',  ( -2.834043358316234329, 14.82177135465755313, -54.22449170596147638 ) ) ;
#3521 = EDGE_LOOP ( 'NONE', ( #2626, #9437, #7805, #3772 ) ) ;
#3522 = DIRECTION ( 'NONE',  ( -0.000000000000000000, -0.000000000000000000, -1.000000000000000000 ) ) ;
#3523 = ADVANCED_FACE ( 'NONE', ( #164 ), #5780, .F. ) ;
#3524 = CIRCLE ( 'NONE', #4863, 1.199999999999992628 ) ;
#3525 = CARTESIAN_POINT ( 'NONE',  ( -2.774648604874375479, 15.08890695564976525, -50.79041577998818724 ) ) ;
#3526 = LINE ( 'NONE', #216, #950 ) ;
#3527 = EDGE_CURVE ( 'NONE', #4340, #8291, #8368, .T. ) ;
#3528 = CARTESIAN_POINT ( 'NONE',  ( 6.030438470952719676, 6.006785556416287974, 18.40359731999999937 ) ) ;
#3529 = VERTEX_POINT ( 'NONE', #3373 ) ;
#3530 = VERTEX_POINT ( 'NONE', #1055 ) ;
#3531 = DIRECTION ( 'NONE',  ( -0.000000000000000000, -0.000000000000000000, 1.000000000000000000 ) ) ;
#3532 = ORIENTED_EDGE ( 'NONE', *, *, #3791, .F. ) ;
#3533 = LINE ( 'NONE', #6736, #5029 ) ;
#3534 = EDGE_CURVE ( 'NONE', #3706, #6720, #1006, .T. ) ;
#3535 = CARTESIAN_POINT ( 'NONE',  ( -51.99849011171105673, -1.512152455818653873, -56.00041577998817388 ) ) ;
#3536 = DIRECTION ( 'NONE',  ( -0.000000000000000000, -0.000000000000000000, 1.000000000000000000 ) ) ;
#3537 = EDGE_LOOP ( 'NONE', ( #1062, #8187, #9044, #8098 ) ) ;
#3538 = CARTESIAN_POINT ( 'NONE',  ( -40.99730114935989178, -17.81096349346809049, -32.80041777998817309 ) ) ;
#3539 = LINE ( 'NONE', #1072, #7662 ) ;
#3540 = CARTESIAN_POINT ( 'NONE',  ( -8.343094942408042058, 20.59556369080695859, -54.13860567856607986 ) ) ;
#3541 = DIRECTION ( 'NONE',  ( -1.000000000000000000, 0.000000000000000000, 0.000000000000000000 ) ) ;
#3542 = CARTESIAN_POINT ( 'NONE',  ( 25.62292466371564359, -27.15710790814980768, 23.01103853219781215 ) ) ;
#3543 = DIRECTION ( 'NONE',  ( -0.7114425483935286065, 0.7027442638224247196, 0.000000000000000000 ) ) ;
#3544 = EDGE_CURVE ( 'NONE', #5211, #2594, #2579, .T. ) ;
#3545 = CARTESIAN_POINT ( 'NONE',  ( -2.356796017987736747, 14.52214682844476101, -54.05240799122632467 ) ) ;
#3546 = CARTESIAN_POINT ( 'NONE',  ( -52.19849011171107378, -1.512152455818653873, -138.7821617105083760 ) ) ;
#3547 = ORIENTED_EDGE ( 'NONE', *, *, #2984, .F. ) ;
#3548 = EDGE_CURVE ( 'NONE', #7814, #5894, #5729, .T. ) ;
#3549 = CARTESIAN_POINT ( 'NONE',  ( 26.89477099867147203, 9.487847544181342130, 21.99999800000000150 ) ) ;
#3550 = AXIS2_PLACEMENT_3D ( 'NONE', #5717, #937, #5770 ) ;
#3551 = EDGE_LOOP ( 'NONE', ( #8302, #10293, #3109, #9077 ) ) ;
#3552 = EDGE_CURVE ( 'NONE', #848, #6919, #2356, .T. ) ;
#3553 = ORIENTED_EDGE ( 'NONE', *, *, #3918, .F. ) ;
#3554 = CARTESIAN_POINT ( 'NONE',  ( 37.69477099867147274, 9.487847544181342130, 21.99999800000000150 ) ) ;
#3555 = LINE ( 'NONE', #2724, #1764 ) ;
#3556 = B_SPLINE_CURVE_WITH_KNOTS ( 'NONE', 3,
 ( #5345, #6768, #5284, #1360 ),
 .UNSPECIFIED., .F., .F.,
 ( 4, 4 ),
 ( 0.000000000000000000, 1.000000000000000000 ),
 .UNSPECIFIED. ) ;
#3557 = CYLINDRICAL_SURFACE ( 'NONE', #2342, 1.520000000000000462 ) ;
#3558 = ORIENTED_EDGE ( 'NONE', *, *, #10280, .T. ) ;
#3559 = FACE_OUTER_BOUND ( 'NONE', #1532, .T. ) ;
#3560 = FACE_OUTER_BOUND ( 'NONE', #8645, .T. ) ;
#3561 = AXIS2_PLACEMENT_3D ( 'NONE', #7719, #4355, #5191 ) ;
#3562 = CARTESIAN_POINT ( 'NONE',  ( 12.06945472834534883, -6.819414077215271597, 18.40359731999999937 ) ) ;
#3563 = CARTESIAN_POINT ( 'NONE',  ( -8.175450005932168196, 20.20386718808281756, -54.18747853169637096 ) ) ;
#3564 = DIRECTION ( 'NONE',  ( 0.000000000000000000, 0.000000000000000000, 1.000000000000000000 ) ) ;
#3565 = VERTEX_POINT ( 'NONE', #1004 ) ;
#3566 = CARTESIAN_POINT ( 'NONE',  ( -9.792699462065140636, 20.12757669561894502, -56.00041577998817388 ) ) ;
#3567 = EDGE_LOOP ( 'NONE', ( #5439, #3153, #9198, #2355 ) ) ;
#3568 = ORIENTED_EDGE ( 'NONE', *, *, #2191, .F. ) ;
#3569 = DIRECTION ( 'NONE',  ( -0.000000000000000000, -0.000000000000000000, -1.000000000000000000 ) ) ;
#3570 = CARTESIAN_POINT ( 'NONE',  ( 24.69852680808911671, 0.5713424239320056275, 8.999997999999999720 ) ) ;
#3571 = CIRCLE ( 'NONE', #9610, 1.056214310942053203 ) ;
#3572 = ORIENTED_EDGE ( 'NONE', *, *, #2779, .F. ) ;
#3573 = CARTESIAN_POINT ( 'NONE',  ( 8.630438470952455532, -3.563214443583345492, 23.19999800000000079 ) ) ;
#3574 = CARTESIAN_POINT ( 'NONE',  ( 23.57981786884168329, -27.15139529618945602, 23.08636222845599306 ) ) ;
#3575 = ADVANCED_FACE ( 'NONE', ( #2688 ), #7365, .T. ) ;
#3576 = LINE ( 'NONE', #1008, #4811 ) ;
#3577 = AXIS2_PLACEMENT_3D ( 'NONE', #7717, #5283, #6910 ) ;
#3578 = VECTOR ( 'NONE', #5452, 1000.000000000000000 ) ;
#3579 = EDGE_CURVE ( 'NONE', #9760, #7206, #3524, .T. ) ;
#3580 = CARTESIAN_POINT ( 'NONE',  ( 16.43349142309807576, -1.524148547166637835, 22.99999800000000505 ) ) ;
#3581 = VERTEX_POINT ( 'NONE', #6622 ) ;
#3582 = EDGE_LOOP ( 'NONE', ( #2473, #1378, #2254, #7528 ) ) ;
#3583 = CARTESIAN_POINT ( 'NONE',  ( 26.14477099867147203, 9.487847544181342130, 21.99999800000000150 ) ) ;
#3584 = ORIENTED_EDGE ( 'NONE', *, *, #768, .F. ) ;
#3585 = CARTESIAN_POINT ( 'NONE',  ( -8.317239445779637919, 20.29975129432864733, -51.17790753891278399 ) ) ;
#3586 = LINE ( 'NONE', #387, #7361 ) ;
#3587 = DIRECTION ( 'NONE',  ( 1.000000000000000000, 0.000000000000000000, 0.000000000000000000 ) ) ;
#3588 = ORIENTED_EDGE ( 'NONE', *, *, #8920, .T. ) ;
#3589 = CIRCLE ( 'NONE', #2914, 0.6499999967711291848 ) ;
#3590 = DIRECTION ( 'NONE',  ( 0.000000000000000000, -1.000000000000000000, 0.000000000000000000 ) ) ;
#3591 = CARTESIAN_POINT ( 'NONE',  ( 38.89477099867147558, 9.487847544181342130, 22.99999800000001215 ) ) ;
#3592 = EDGE_CURVE ( 'NONE', #6672, #5383, #6209, .T. ) ;
#3593 = CARTESIAN_POINT ( 'NONE',  ( -8.301241467636867100, 20.56453926701011525, -54.19860640992175860 ) ) ;
#3594 = FACE_OUTER_BOUND ( 'NONE', #7592, .T. ) ;
#3595 = EDGE_LOOP ( 'NONE', ( #881, #6347, #8650, #6412 ) ) ;
#3596 = CARTESIAN_POINT ( 'NONE',  ( 26.13544641639281352, -27.13932589076656754, 23.23457458857063784 ) ) ;
#3597 = CARTESIAN_POINT ( 'NONE',  ( -5.399679074061924489, 14.78665858183135562, -32.80041777998817309 ) ) ;
#3598 = CARTESIAN_POINT ( 'NONE',  ( -2.664216411527822181, 14.94207047611885741, -54.43016161703648947 ) ) ;
#3599 = CARTESIAN_POINT ( 'NONE',  ( 10.36138033909943523, 19.63612840500034906, 23.19999800000000079 ) ) ;
#3600 = ORIENTED_EDGE ( 'NONE', *, *, #5700, .F. ) ;
#3601 = CARTESIAN_POINT ( 'NONE',  ( -24.69849011171107378, -1.512152455818657204, -56.00041577998818099 ) ) ;
#3602 = EDGE_CURVE ( 'NONE', #5833, #114, #5045, .T. ) ;
#3603 = VECTOR ( 'NONE', #5127, 1000.000000000000000 ) ;
#3604 = EDGE_CURVE ( 'NONE', #8820, #1842, #9888, .T. ) ;
#3605 = VERTEX_POINT ( 'NONE', #5888 ) ;
#3606 = EDGE_CURVE ( 'NONE', #2932, #1100, #4937, .T. ) ;
#3607 = LINE ( 'NONE', #9131, #2424 ) ;
#3608 = CARTESIAN_POINT ( 'NONE',  ( -39.59033905356749017, 17.43627320682939086, -32.80041777998817309 ) ) ;
#3609 = CARTESIAN_POINT ( 'NONE',  ( 28.09477099867147487, 9.487847544181342130, 22.99999800000001215 ) ) ;
#3610 = DIRECTION ( 'NONE',  ( -1.000000000000000000, 9.934539730264194206E-15, 0.000000000000000000 ) ) ;
#3611 = EDGE_CURVE ( 'NONE', #7478, #4898, #1332, .T. ) ;
#3612 = CARTESIAN_POINT ( 'NONE',  ( 6.030438470952720564, 4.406785556417021077, 31.63375372154084175 ) ) ;
#3613 = EDGE_LOOP ( 'NONE', ( #9765, #7794, #1051, #5266 ) ) ;
#3614 = ADVANCED_FACE ( 'NONE', ( #3722 ), #473, .F. ) ;
#3615 = CARTESIAN_POINT ( 'NONE',  ( -2.916253299558559942, 14.94233583167541290, -50.99089133499428783 ) ) ;
#3616 = EDGE_CURVE ( 'NONE', #8735, #4109, #2845, .T. ) ;
#3617 = FILL_AREA_STYLE_COLOUR ( '', #2822 ) ;
#3618 = ORIENTED_EDGE ( 'NONE', *, *, #577, .F. ) ;
#3619 = DIRECTION ( 'NONE',  ( -0.7071067811865536790, 0.000000000000000000, 0.7071067811865414665 ) ) ;
#3620 = ORIENTED_EDGE ( 'NONE', *, *, #571, .F. ) ;
#3621 = VERTEX_POINT ( 'NONE', #7729 ) ;
#3622 = PLANE ( 'NONE',  #9725 ) ;
#3623 = CARTESIAN_POINT ( 'NONE',  ( -2.658269430735449301, 14.55565217396272537, -54.00094463182219329 ) ) ;
#3624 = CYLINDRICAL_SURFACE ( 'NONE', #4176, 1.000000000000000888 ) ;
#3625 = CIRCLE ( 'NONE', #9666, 0.9999999999999991118 ) ;
#3626 = DIRECTION ( 'NONE',  ( -1.000000000000000000, 0.000000000000000000, -0.000000000000000000 ) ) ;
#3627 = DIRECTION ( 'NONE',  ( 0.000000000000000000, 0.000000000000000000, 1.000000000000000000 ) ) ;
#3628 = AXIS2_PLACEMENT_3D ( 'NONE', #5207, #1900, #8419 ) ;
#3629 = DIRECTION ( 'NONE',  ( 0.000000000000000000, 0.000000000000000000, -1.000000000000000000 ) ) ;
#3630 = ORIENTED_EDGE ( 'NONE', *, *, #7845, .T. ) ;
#3631 = VERTEX_POINT ( 'NONE', #2098 ) ;
#3632 = LINE ( 'NONE', #2107, #7349 ) ;
#3633 = AXIS2_PLACEMENT_3D ( 'NONE', #7212, #9679, #1594 ) ;
#3634 = ORIENTED_EDGE ( 'NONE', *, *, #6107, .F. ) ;
#3635 = FACE_OUTER_BOUND ( 'NONE', #454, .T. ) ;
#3636 = DIRECTION ( 'NONE',  ( -0.7027442638224049576, -0.7114425483935482575, 0.000000000000000000 ) ) ;
#3637 = VERTEX_POINT ( 'NONE', #1214 ) ;
#3638 = CIRCLE ( 'NONE', #4976, 2.550000000000000266 ) ;
#3639 = VECTOR ( 'NONE', #9092, 1000.000000000000000 ) ;
#3640 = DIRECTION ( 'NONE',  ( 0.000000000000000000, 0.000000000000000000, -1.000000000000000000 ) ) ;
#3641 = DIRECTION ( 'NONE',  ( 0.000000000000000000, 0.000000000000000000, -1.000000000000000000 ) ) ;
#3642 = AXIS2_PLACEMENT_3D ( 'NONE', #8417, #6882, #7630 ) ;
#3643 = CARTESIAN_POINT ( 'NONE',  ( -8.056138237708948324, 20.38037410948497197, -54.39961267825824365 ) ) ;
#3644 = AXIS2_PLACEMENT_3D ( 'NONE', #8746, #4789, #1387 ) ;
#3645 = CIRCLE ( 'NONE', #3814, 1.199999999999992628 ) ;
#3646 = CARTESIAN_POINT ( 'NONE',  ( 28.09477099867147487, 9.487847544181342130, 22.99999800000001215 ) ) ;
#3647 = ORIENTED_EDGE ( 'NONE', *, *, #8037, .F. ) ;
#3648 = CARTESIAN_POINT ( 'NONE',  ( 24.81228615367229295, -27.26190667003958623, 22.75095649486765481 ) ) ;
#3649 = B_SPLINE_CURVE_WITH_KNOTS ( 'NONE', 3,
 ( #3793, #4476, #647, #10214 ),
 .UNSPECIFIED., .F., .F.,
 ( 4, 4 ),
 ( 0.000000000000000000, 1.000000000000000000 ),
 .UNSPECIFIED. ) ;
#3650 = CYLINDRICAL_SURFACE ( 'NONE', #2850, 0.2000000000000005107 ) ;
#3651 = LINE ( 'NONE', #7702, #646 ) ;
#3652 = CARTESIAN_POINT ( 'NONE',  ( 24.44231644332361242, -27.26092475602313669, 22.76047882384034082 ) ) ;
#3653 = EDGE_LOOP ( 'NONE', ( #6368, #9244, #3906, #1488 ) ) ;
#3654 = CARTESIAN_POINT ( 'NONE',  ( 19.87849142309807604, -1.524148547166637835, 22.99999800000000505 ) ) ;
#3655 = ADVANCED_FACE ( 'NONE', ( #6198 ), #3339, .F. ) ;
#3656 = FACE_OUTER_BOUND ( 'NONE', #8566, .T. ) ;
#3657 = VECTOR ( 'NONE', #8643, 1000.000000000000000 ) ;
#3658 = ADVANCED_FACE ( 'NONE', ( #8621 ), #3624, .F. ) ;
#3659 = VECTOR ( 'NONE', #358, 1000.000000000000000 ) ;
#3660 = ORIENTED_EDGE ( 'NONE', *, *, #1819, .F. ) ;
#3661 = DIRECTION ( 'NONE',  ( -1.000000000000000000, 0.000000000000000000, -1.462890879734001726E-19 ) ) ;
#3662 = CARTESIAN_POINT ( 'NONE',  ( 9.530073494445073123, 19.76701227025536056, 21.96359842000000029 ) ) ;
#3663 = DIRECTION ( 'NONE',  ( 0.000000000000000000, 0.000000000000000000, -1.000000000000000000 ) ) ;
#3664 = DIRECTION ( 'NONE',  ( -1.000000000000000000, 0.000000000000000000, 0.000000000000000000 ) ) ;
#3665 = CARTESIAN_POINT ( 'NONE',  ( 45.94148988936080968, -16.17526323817044442, 8.999997999999999720 ) ) ;
#3666 = EDGE_CURVE ( 'NONE', #8199, #601, #628, .T. ) ;
#3667 = VECTOR ( 'NONE', #1121, 1000.000000000000000 ) ;
#3668 = CARTESIAN_POINT ( 'NONE',  ( -2.713025221770797302, 14.63981789013670820, -51.13346345262507953 ) ) ;
#3669 = ORIENTED_EDGE ( 'NONE', *, *, #2097, .F. ) ;
#3670 = LINE ( 'NONE', #2734, #3639 ) ;
#3671 = AXIS2_PLACEMENT_3D ( 'NONE', #7239, #2262, #10351 ) ;
#3672 = VERTEX_POINT ( 'NONE', #3775 ) ;
#3673 = AXIS2_PLACEMENT_3D ( 'NONE', #3038, #6285, #6127 ) ;
#3674 = ORIENTED_EDGE ( 'NONE', *, *, #3881, .F. ) ;
#3675 = CARTESIAN_POINT ( 'NONE',  ( 23.27068735543777933, 24.19830482105149727, 23.11156075470228544 ) ) ;
#3676 = CARTESIAN_POINT ( 'NONE',  ( -2.596113910731133068, 14.45866362446839659, -53.65041577998817957 ) ) ;
#3677 = CARTESIAN_POINT ( 'NONE',  ( -24.69849011171107378, -1.512152455818657204, -40.80041777998818020 ) ) ;
#3678 = EDGE_CURVE ( 'NONE', #6842, #3529, #10394, .T. ) ;
#3679 = EDGE_CURVE ( 'NONE', #2882, #2610, #1996, .T. ) ;
#3680 = CARTESIAN_POINT ( 'NONE',  ( -2.315417464674770276, 14.46433258936952271, -51.34484504438475483 ) ) ;
#3681 = CIRCLE ( 'NONE', #1513, 1.056214310942091394 ) ;
#3682 = DIRECTION ( 'NONE',  ( 0.000000000000000000, 0.000000000000000000, 1.000000000000000000 ) ) ;
#3683 = CARTESIAN_POINT ( 'NONE',  ( 24.69852562822423536, -3.528657575220176756, 3.496201133462653043 ) ) ;
#3684 = EDGE_LOOP ( 'NONE', ( #53, #2104, #2486, #8663 ) ) ;
#3685 = EDGE_LOOP ( 'NONE', ( #7762, #2307, #1895, #1905 ) ) ;
#3686 = LINE ( 'NONE', #7634, #1310 ) ;
#3687 = ORIENTED_EDGE ( 'NONE', *, *, #7682, .F. ) ;
#3688 = DIRECTION ( 'NONE',  ( -3.154042683594195121E-16, -1.000000000000000000, 0.000000000000000000 ) ) ;
#3689 = CIRCLE ( 'NONE', #8877, 1.000000000000000888 ) ;
#3690 = CARTESIAN_POINT ( 'NONE',  ( 18.87849142309807604, -1.524148547166637835, 21.40359731999999937 ) ) ;
#3691 = ORIENTED_EDGE ( 'NONE', *, *, #7666, .F. ) ;
#3692 = CARTESIAN_POINT ( 'NONE',  ( -21.53129293635872799, 22.37882621924258331, -40.80041777998818020 ) ) ;
#3693 = CARTESIAN_POINT ( 'NONE',  ( 24.69849011171107378, -1.512152455818657204, 23.19999800000000079 ) ) ;
#3694 = CARTESIAN_POINT ( 'NONE',  ( -8.322687000098321519, 20.58045139823404668, -54.16934746200998063 ) ) ;
#3695 = CARTESIAN_POINT ( 'NONE',  ( 24.69849011171107378, -1.512152455818657204, 23.19999800000000079 ) ) ;
#3696 = ORIENTED_EDGE ( 'NONE', *, *, #10216, .F. ) ;
#3697 = DIRECTION ( 'NONE',  ( 0.000000000000000000, 0.000000000000000000, 1.000000000000000000 ) ) ;
#3698 = PLANE ( 'NONE',  #1521 ) ;
#3699 = CARTESIAN_POINT ( 'NONE',  ( -24.69849011171107378, -1.512152455818657204, -56.00041577998817388 ) ) ;
#3700 = DIRECTION ( 'NONE',  ( 0.000000000000000000, 0.000000000000000000, 1.000000000000000000 ) ) ;
#3701 = ORIENTED_EDGE ( 'NONE', *, *, #5336, .T. ) ;
#3702 = CARTESIAN_POINT ( 'NONE',  ( 24.69852680808911671, 0.5713424239320056275, 18.40359731999999937 ) ) ;
#3703 = CARTESIAN_POINT ( 'NONE',  ( 28.19145600356559456, 2.024047956598705955, 21.96359842000000029 ) ) ;
#3704 = EDGE_CURVE ( 'NONE', #10204, #5222, #1317, .T. ) ;
#3706 = VERTEX_POINT ( 'NONE', #7834 ) ;
#3705 = EDGE_CURVE ( 'NONE', #4880, #1069, #9386, .T. ) ;
#3707 = LINE ( 'NONE', #8346, #3104 ) ;
#3708 = CARTESIAN_POINT ( 'NONE',  ( 35.99477099867148411, -12.51215245581865609, 23.19999800000000079 ) ) ;
#3709 = FACE_OUTER_BOUND ( 'NONE', #5987, .T. ) ;
#3710 = CARTESIAN_POINT ( 'NONE',  ( 24.69849011171107378, -8.733150561326638694, 18.40359731999999937 ) ) ;
#3711 = DIRECTION ( 'NONE',  ( 0.000000000000000000, 0.000000000000000000, 1.000000000000000000 ) ) ;
#3712 = CARTESIAN_POINT ( 'NONE',  ( -8.087685146054843344, 20.14336197261308925, -54.22772766547639378 ) ) ;
#3713 = ADVANCED_FACE ( 'NONE', ( #6831, #1265 ), #9412, .F. ) ;
#3714 = ADVANCED_FACE ( 'NONE', ( #6780 ), #4342, .F. ) ;
#3715 = EDGE_LOOP ( 'NONE', ( #229, #3007, #6258, #3207 ) ) ;
#3716 = DIRECTION ( 'NONE',  ( 0.000000000000000000, 0.000000000000000000, -1.000000000000000000 ) ) ;
#3717 = VERTEX_POINT ( 'NONE', #9987 ) ;
#3718 = CIRCLE ( 'NONE', #3891, 27.49999999999999645 ) ;
#3719 = ORIENTED_EDGE ( 'NONE', *, *, #7015, .T. ) ;
#3720 = DIRECTION ( 'NONE',  ( -0.000000000000000000, -0.000000000000000000, 1.000000000000000000 ) ) ;
#3721 = DIRECTION ( 'NONE',  ( 1.000000000000000000, 0.000000000000000000, 0.000000000000000000 ) ) ;
#3722 = FACE_OUTER_BOUND ( 'NONE', #3289, .T. ) ;
#3723 = ADVANCED_FACE ( 'NONE', ( #2939 ), #2890, .T. ) ;
#3724 = CARTESIAN_POINT ( 'NONE',  ( -8.479594318002169118, 20.69589606792181868, -138.7821617105083760 ) ) ;
#3725 = VECTOR ( 'NONE', #1988, 1000.000000000000000 ) ;
#3726 = DIRECTION ( 'NONE',  ( -1.000000000000000000, 0.000000000000000000, 0.000000000000000000 ) ) ;
#3727 = EDGE_CURVE ( 'NONE', #8274, #6294, #2154, .T. ) ;
#3728 = AXIS2_PLACEMENT_3D ( 'NONE', #8799, #9747, #7320 ) ;
#3729 = ORIENTED_EDGE ( 'NONE', *, *, #6885, .F. ) ;
#3730 = FACE_OUTER_BOUND ( 'NONE', #5124, .T. ) ;
#3731 = ORIENTED_EDGE ( 'NONE', *, *, #381, .F. ) ;
#3732 = VERTEX_POINT ( 'NONE', #9201 ) ;
#3733 = DIRECTION ( 'NONE',  ( -0.7114425483935333805, -0.7027442638224198346, 0.000000000000000000 ) ) ;
#3734 = VERTEX_POINT ( 'NONE', #8414 ) ;
#3735 = CARTESIAN_POINT ( 'NONE',  ( 25.35859999744580051, -27.16298277173471121, 22.92904507410033688 ) ) ;
#3736 = CARTESIAN_POINT ( 'NONE',  ( 14.85349142309807391, -1.524148547166637835, 22.99999800000000505 ) ) ;
#3737 = ORIENTED_EDGE ( 'NONE', *, *, #3115, .F. ) ;
#3738 = VECTOR ( 'NONE', #3301, 1000.000000000000114 ) ;
#3739 = FACE_OUTER_BOUND ( 'NONE', #8252, .T. ) ;
#3740 = CARTESIAN_POINT ( 'NONE',  ( 7.030438470952709018, -2.763214443583704938, 21.40359731999999937 ) ) ;
#3741 = EDGE_CURVE ( 'NONE', #8601, #9615, #5407, .T. ) ;
#3742 = CARTESIAN_POINT ( 'NONE',  ( -8.478507768284151425, 20.69510265938247784, -53.70329001197342933 ) ) ;
#3743 = VERTEX_POINT ( 'NONE', #4562 ) ;
#3744 = LINE ( 'NONE', #1035, #9190 ) ;
#3745 = CARTESIAN_POINT ( 'NONE',  ( 23.52106251918315749, 24.21091431827251839, 22.99999799970560588 ) ) ;
#3746 = VECTOR ( 'NONE', #3884, 1000.000000000000000 ) ;
#3747 = ORIENTED_EDGE ( 'NONE', *, *, #7241, .F. ) ;
#3748 = FACE_OUTER_BOUND ( 'NONE', #4434, .T. ) ;
#3749 = CIRCLE ( 'NONE', #4589, 1.000000000000000888 ) ;
#3750 = FACE_OUTER_BOUND ( 'NONE', #1043, .T. ) ;
#3751 = CARTESIAN_POINT ( 'NONE',  ( 14.85349142309807391, -1.524148547166637835, 16.93468246290101575 ) ) ;
#3752 = DIRECTION ( 'NONE',  ( 0.000000000000000000, 1.000000000000000000, 0.000000000000000000 ) ) ;
#3753 = ORIENTED_EDGE ( 'NONE', *, *, #7338, .F. ) ;
#3754 = CYLINDRICAL_SURFACE ( 'NONE', #9856, 0.7500000000000006661 ) ;
#3755 = DIRECTION ( 'NONE',  ( 0.000000000000000000, -1.000000000000000000, 0.000000000000000000 ) ) ;
#3756 = ORIENTED_EDGE ( 'NONE', *, *, #575, .F. ) ;
#3757 = DIRECTION ( 'NONE',  ( 0.000000000000000000, 0.000000000000000000, -1.000000000000000000 ) ) ;
#3758 = PLANE ( 'NONE',  #1672 ) ;
#3759 = DIRECTION ( 'NONE',  ( -1.000000000000000000, 0.000000000000000000, 0.000000000000000000 ) ) ;
#3760 = CYLINDRICAL_SURFACE ( 'NONE', #720, 0.05000000000000143219 ) ;
#3761 = ORIENTED_EDGE ( 'NONE', *, *, #4316, .T. ) ;
#3762 = CIRCLE ( 'NONE', #7982, 0.2000000000000005107 ) ;
#3763 = EDGE_CURVE ( 'NONE', #2278, #10099, #10223, .T. ) ;
#3764 = CARTESIAN_POINT ( 'NONE',  ( -9.123025853862854362, 19.73421269018722768, -53.65041577998819378 ) ) ;
#3765 = CARTESIAN_POINT ( 'NONE',  ( -8.258139167551354021, 20.26005871281789439, -54.12601617532117615 ) ) ;
#3766 = DIRECTION ( 'NONE',  ( 0.000000000000000000, 0.000000000000000000, 1.000000000000000000 ) ) ;
#3767 = CONICAL_SURFACE ( 'NONE', #1606, 0.7500000000000006661, 0.7853981633974570498 ) ;
#3768 = ORIENTED_EDGE ( 'NONE', *, *, #6429, .F. ) ;
#3769 = CARTESIAN_POINT ( 'NONE',  ( 3.565793776249560398, 13.20082296022724044, 21.96359842000000029 ) ) ;
#3770 = CARTESIAN_POINT ( 'NONE',  ( 9.082623226170039032, 7.473333429580441667, 18.40359731999999937 ) ) ;
#3771 = EDGE_CURVE ( 'NONE', #5606, #8534, #9218, .T. ) ;
#3772 = ORIENTED_EDGE ( 'NONE', *, *, #6159, .T. ) ;
#3773 = CARTESIAN_POINT ( 'NONE',  ( -0.9246057082889275192, -8.733150561326638694, 19.20359732000000008 ) ) ;
#3774 = DIRECTION ( 'NONE',  ( 0.000000000000000000, 0.000000000000000000, -1.000000000000000000 ) ) ;
#3775 = CARTESIAN_POINT ( 'NONE',  ( 8.882623226170036190, 7.006785556416295080, 21.40359731999999937 ) ) ;
#3776 = AXIS2_PLACEMENT_3D ( 'NONE', #5480, #8700, #1500 ) ;
#3777 = ADVANCED_FACE ( 'NONE', ( #731 ), #10251, .F. ) ;
#3778 = DIRECTION ( 'NONE',  ( 0.000000000000000000, 0.000000000000000000, -1.000000000000000000 ) ) ;
#3779 = CARTESIAN_POINT ( 'NONE',  ( 31.20649282690607862, -1.512152455818657204, 18.40359731999999937 ) ) ;
#3780 = ORIENTED_EDGE ( 'NONE', *, *, #6038, .F. ) ;
#3781 = CARTESIAN_POINT ( 'NONE',  ( 14.85349142309807391, -1.524148547166637835, 21.50359731999998658 ) ) ;
#3782 = VERTEX_POINT ( 'NONE', #7943 ) ;
#3783 = EDGE_CURVE ( 'NONE', #7231, #5833, #631, .T. ) ;
#3784 = ORIENTED_EDGE ( 'NONE', *, *, #9290, .F. ) ;
#3785 = DIRECTION ( 'NONE',  ( 0.000000000000000000, -0.000000000000000000, 1.000000000000000000 ) ) ;
#3786 = ORIENTED_EDGE ( 'NONE', *, *, #9832, .T. ) ;
#3787 = LINE ( 'NONE', #6889, #341 ) ;
#3788 = DIRECTION ( 'NONE',  ( -0.000000000000000000, -0.000000000000000000, 1.000000000000000000 ) ) ;
#3789 = VERTEX_POINT ( 'NONE', #8669 ) ;
#3790 = ADVANCED_FACE ( 'NONE', ( #4037 ), #3252, .F. ) ;
#3791 = EDGE_CURVE ( 'NONE', #3420, #3196, #8884, .T. ) ;
#3792 = PLANE ( 'NONE',  #7073 ) ;
#3793 = CARTESIAN_POINT ( 'NONE',  ( 23.57981786884168329, -27.15139529618945602, 23.08636222845599306 ) ) ;
#3794 = EDGE_CURVE ( 'NONE', #8038, #5756, #836, .T. ) ;
#3795 = VECTOR ( 'NONE', #9953, 1000.000000000000000 ) ;
#3796 = PLANE ( 'NONE',  #1806 ) ;
#3797 = ORIENTED_EDGE ( 'NONE', *, *, #10170, .F. ) ;
#3798 = CARTESIAN_POINT ( 'NONE',  ( 35.98149282690607009, 12.22185072041136245, 19.20359732000000008 ) ) ;
#3799 = DIRECTION ( 'NONE',  ( 0.000000000000000000, 0.000000000000000000, 1.000000000000000000 ) ) ;
#3800 = ORIENTED_EDGE ( 'NONE', *, *, #9041, .T. ) ;
#3801 = CARTESIAN_POINT ( 'NONE',  ( 24.37025160875196406, -27.16744729506868694, 22.86300335217343971 ) ) ;
#3802 = LINE ( 'NONE', #5432, #3187 ) ;
#3803 = VECTOR ( 'NONE', #8774, 1000.000000000000000 ) ;
#3804 = DIRECTION ( 'NONE',  ( 0.000000000000000000, 0.000000000000000000, 1.000000000000000000 ) ) ;
#3805 = CIRCLE ( 'NONE', #1291, 25.74999999999999645 ) ;
#3806 = CARTESIAN_POINT ( 'NONE',  ( 26.21849011171107335, 21.53784716418134693, 21.59999799999998160 ) ) ;
#3807 = ORIENTED_EDGE ( 'NONE', *, *, #10272, .T. ) ;
#3808 = CARTESIAN_POINT ( 'NONE',  ( -24.69849011171107378, -1.512152455818657204, -32.80041777998818020 ) ) ;
#3809 = EDGE_CURVE ( 'NONE', #6173, #6582, #7199, .T. ) ;
#3810 = EDGE_CURVE ( 'NONE', #5869, #4472, #6250, .T. ) ;
#3811 = AXIS2_PLACEMENT_3D ( 'NONE', #7744, #2227, #5317 ) ;
#3812 = DIRECTION ( 'NONE',  ( 0.7114425483935481465, -0.7027442638224048466, 0.000000000000000000 ) ) ;
#3813 = AXIS2_PLACEMENT_3D ( 'NONE', #1710, #6694, #2708 ) ;
#3814 = AXIS2_PLACEMENT_3D ( 'NONE', #6166, #10161, #5870 ) ;
#3815 = ORIENTED_EDGE ( 'NONE', *, *, #3783, .T. ) ;
#3816 = CIRCLE ( 'NONE', #956, 1.000000000000000888 ) ;
#3817 = DIRECTION ( 'NONE',  ( -1.000000000000000000, 6.938893903907030216E-14, 0.000000000000000000 ) ) ;
#3818 = AXIS2_PLACEMENT_3D ( 'NONE', #9825, #1782, #5880 ) ;
#3819 = CARTESIAN_POINT ( 'NONE',  ( -40.99730114935989178, 14.78665858183135562, -32.80041777998817309 ) ) ;
#3820 = CARTESIAN_POINT ( 'NONE',  ( -8.391812636267809822, 20.34928579545644212, -51.29749860656809801 ) ) ;
#3821 = DIRECTION ( 'NONE',  ( -0.000000000000000000, -0.000000000000000000, 1.000000000000000000 ) ) ;
#3822 = DIRECTION ( 'NONE',  ( -1.000000000000000000, 0.000000000000000000, 0.000000000000000000 ) ) ;
#3823 = ORIENTED_EDGE ( 'NONE', *, *, #4927, .F. ) ;
#3824 = B_SPLINE_CURVE_WITH_KNOTS ( 'NONE', 3,
 ( #6102, #1382, #4523, #3899 ),
 .UNSPECIFIED., .F., .F.,
 ( 4, 4 ),
 ( 0.000000000000000000, 0.0005021313631345588344 ),
 .UNSPECIFIED. ) ;
#3825 = AXIS2_PLACEMENT_3D ( 'NONE', #3583, #8470, #6887 ) ;
#3826 = MECHANICAL_DESIGN_GEOMETRIC_PRESENTATION_REPRESENTATION (  '', ( #5663 ), #3834 ) ;
#3827 = AXIS2_PLACEMENT_3D ( 'NONE', #2324, #8683, #690 ) ;
#3828 = VERTEX_POINT ( 'NONE', #9663 ) ;
#3829 = CARTESIAN_POINT ( 'NONE',  ( 6.030438470952718788, 1.686785556416287024, 21.40359731999999937 ) ) ;
#3830 = CARTESIAN_POINT ( 'NONE',  ( 19.02849441382007711, -1.512152455818657204, 18.40359731999999937 ) ) ;
#3831 = ORIENTED_EDGE ( 'NONE', *, *, #5736, .F. ) ;
#3832 = CARTESIAN_POINT ( 'NONE',  ( 38.89477099867147558, -12.51215245581865609, 22.99999800000001215 ) ) ;
#3833 = CARTESIAN_POINT ( 'NONE',  ( 12.30349142309807320, -1.524148547166637835, 22.00359731999999724 ) ) ;
#3834 =( GEOMETRIC_REPRESENTATION_CONTEXT ( 3 ) GLOBAL_UNCERTAINTY_ASSIGNED_CONTEXT ( ( #3135 ) ) GLOBAL_UNIT_ASSIGNED_CONTEXT ( ( #5983, #5599, #7934 ) ) REPRESENTATION_CONTEXT ( 'NONE', 'WORKASPACE' ) );
#3835 = CARTESIAN_POINT ( 'NONE',  ( -7.910793038840598257, 20.10052140545960242, -54.31708244665485097 ) ) ;
#3836 = CIRCLE ( 'NONE', #7187, 1.199999999999992628 ) ;
#3837 = DIRECTION ( 'NONE',  ( -1.000000000000000000, 0.000000000000000000, 0.000000000000000000 ) ) ;
#3838 = DIRECTION ( 'NONE',  ( 1.000000000000000000, 0.000000000000000000, 0.000000000000000000 ) ) ;
#3839 = VECTOR ( 'NONE', #4511, 1000.000000000000000 ) ;
#3840 = CIRCLE ( 'NONE', #4005, 1.000000000000000888 ) ;
#3841 = ORIENTED_EDGE ( 'NONE', *, *, #2848, .T. ) ;
#3842 = DIRECTION ( 'NONE',  ( 0.000000000000000000, 0.000000000000000000, 1.000000000000000000 ) ) ;
#3843 = VERTEX_POINT ( 'NONE', #3101 ) ;
#3844 = EDGE_CURVE ( 'NONE', #1100, #7149, #8041, .T. ) ;
#3845 = ORIENTED_EDGE ( 'NONE', *, *, #9113, .F. ) ;
#3846 = DIRECTION ( 'NONE',  ( -0.000000000000000000, 1.000000000000000000, 0.000000000000000000 ) ) ;
#3847 = EDGE_LOOP ( 'NONE', ( #4008, #9672, #6190, #8018 ) ) ;
#3848 = FACE_OUTER_BOUND ( 'NONE', #3124, .T. ) ;
#3849 = CARTESIAN_POINT ( 'NONE',  ( -8.479594318002176223, 20.69589606792182579, -51.59041577998818440 ) ) ;
#3850 = EDGE_LOOP ( 'NONE', ( #9791, #2912, #2018, #5162 ) ) ;
#3851 = AXIS2_PLACEMENT_3D ( 'NONE', #1880, #989, #9085 ) ;
#3852 = CIRCLE ( 'NONE', #9054, 2.919999999999999041 ) ;
#3853 = LINE ( 'NONE', #488, #5398 ) ;
#3854 = DIRECTION ( 'NONE',  ( 0.7071067811865230368, 0.000000000000000000, 0.7071067811865721087 ) ) ;
#3855 = CARTESIAN_POINT ( 'NONE',  ( 14.85349142309807391, -1.524148547166637835, 22.00359731999999724 ) ) ;
#3856 = CIRCLE ( 'NONE', #7718, 0.9499999999999890754 ) ;
#3857 = ADVANCED_FACE ( 'NONE', ( #1474 ), #7140, .F. ) ;
#3858 = ORIENTED_EDGE ( 'NONE', *, *, #5189, .T. ) ;
#3860 = EDGE_CURVE ( 'NONE', #3085, #9163, #6192, .T. ) ;
#3859 = DIRECTION ( 'NONE',  ( 1.000000000000000000, 0.000000000000000000, 0.000000000000000000 ) ) ;
#3861 = CARTESIAN_POINT ( 'NONE',  ( 25.39477099867147203, 9.487847544181342130, 21.99999800000000150 ) ) ;
#3862 = ORIENTED_EDGE ( 'NONE', *, *, #6244, .F. ) ;
#3863 = CARTESIAN_POINT ( 'NONE',  ( 23.80153814646028465, -27.15781689272844446, 23.00140366378903423 ) ) ;
#3864 = DIRECTION ( 'NONE',  ( -1.000000000000000000, 0.000000000000000000, -0.000000000000000000 ) ) ;
#3865 = CARTESIAN_POINT ( 'NONE',  ( -40.99730114935989178, -17.81096349346809049, -49.28569915422676218 ) ) ;
#3866 = DIRECTION ( 'NONE',  ( -0.9999999998448927396, 1.761290502088552081E-05, 0.000000000000000000 ) ) ;
#3867 = ORIENTED_EDGE ( 'NONE', *, *, #10285, .F. ) ;
#3868 = DIRECTION ( 'NONE',  ( 0.000000000000000000, 1.000000000000000000, 0.000000000000000000 ) ) ;
#3869 = DIRECTION ( 'NONE',  ( 1.000000000000000000, 0.000000000000000000, 0.000000000000000000 ) ) ;
#3870 = VECTOR ( 'NONE', #9946, 1000.000000000000000 ) ;
#3871 = ORIENTED_EDGE ( 'NONE', *, *, #6562, .T. ) ;
#3872 = EDGE_CURVE ( 'NONE', #5683, #5277, #2459, .T. ) ;
#3873 = EDGE_CURVE ( 'NONE', #4249, #1325, #2495, .T. ) ;
#3874 = FACE_OUTER_BOUND ( 'NONE', #3483, .T. ) ;
#3875 = LINE ( 'NONE', #10334, #4940 ) ;
#3876 = DIRECTION ( 'NONE',  ( -0.000000000000000000, 0.000000000000000000, 1.000000000000000000 ) ) ;
#3877 = CARTESIAN_POINT ( 'NONE',  ( -24.69849011171107378, 21.53784716418134693, -40.80041777998818020 ) ) ;
#3878 = CARTESIAN_POINT ( 'NONE',  ( 36.98149282690607720, -4.623571175818640633, 19.20359732000000008 ) ) ;
#3879 = EDGE_LOOP ( 'NONE', ( #10322, #3271, #505, #9965 ) ) ;
#3880 = ITEM_DEFINED_TRANSFORMATION ( 'NONE', 'NONE', #4170,  #5331 ) ;
#3881 = EDGE_CURVE ( 'NONE', #1311, #7360, #2339, .T. ) ;
#3882 = ORIENTED_EDGE ( 'NONE', *, *, #2827, .F. ) ;
#3883 = DIRECTION ( 'NONE',  ( -1.000000000000000000, 0.000000000000000000, 0.000000000000000000 ) ) ;
#3884 = DIRECTION ( 'NONE',  ( 0.000000000000000000, 0.000000000000000000, -1.000000000000000000 ) ) ;
#3885 = ORIENTED_EDGE ( 'NONE', *, *, #475, .F. ) ;
#3886 = CARTESIAN_POINT ( 'NONE',  ( 25.53267078955669334, 24.22435274789442161, 22.87700875154052582 ) ) ;
#3887 = CARTESIAN_POINT ( 'NONE',  ( 44.29477099867147416, -1.512152455818657204, 22.99999800000001215 ) ) ;
#3888 = CARTESIAN_POINT ( 'NONE',  ( 11.43043847095200505, 7.323764546165906886, 18.40359731999999937 ) ) ;
#3889 = DIRECTION ( 'NONE',  ( 0.000000000000000000, 1.000000000000000000, 0.000000000000000000 ) ) ;
#3890 = CARTESIAN_POINT ( 'NONE',  ( 44.09477099867148553, -1.512152455818657204, 23.19999800000000079 ) ) ;
#3891 = AXIS2_PLACEMENT_3D ( 'NONE', #9611, #7944, #3837 ) ;
#3892 = ORIENTED_EDGE ( 'NONE', *, *, #6240, .F. ) ;
#3893 = CARTESIAN_POINT ( 'NONE',  ( 11.23043847095200753, -9.573214443583347943, 31.63375372154084175 ) ) ;
#3894 = ORIENTED_EDGE ( 'NONE', *, *, #4028, .T. ) ;
#3895 = ORIENTED_EDGE ( 'NONE', *, *, #6970, .T. ) ;
#3896 = CARTESIAN_POINT ( 'NONE',  ( -3.157053954667285556, 13.69439640122716284, -51.00041577998818099 ) ) ;
#3897 = ORIENTED_EDGE ( 'NONE', *, *, #6027, .T. ) ;
#3898 = FACE_OUTER_BOUND ( 'NONE', #4132, .T. ) ;
#3899 = CARTESIAN_POINT ( 'NONE',  ( 26.28621100701932178, -27.01277288667485266, 23.19999800000000079 ) ) ;
#3900 = ORIENTED_EDGE ( 'NONE', *, *, #1536, .F. ) ;
#3901 = EDGE_CURVE ( 'NONE', #6195, #10204, #6693, .T. ) ;
#3902 = CIRCLE ( 'NONE', #540, 0.6499999967711298510 ) ;
#3903 = LINE ( 'NONE', #7256, #10103 ) ;
#3904 = DIRECTION ( 'NONE',  ( -0.000000000000000000, -0.000000000000000000, -1.000000000000000000 ) ) ;
#3905 = DIRECTION ( 'NONE',  ( 0.000000000000000000, 0.000000000000000000, 1.000000000000000000 ) ) ;
#3906 = ORIENTED_EDGE ( 'NONE', *, *, #7451, .T. ) ;
#3907 = DIRECTION ( 'NONE',  ( -1.000000000000000000, 0.000000000000000000, 0.000000000000000000 ) ) ;
#3908 = DIRECTION ( 'NONE',  ( -1.000000000000000000, 0.000000000000000000, 0.000000000000000000 ) ) ;
#3909 = ORIENTED_EDGE ( 'NONE', *, *, #5205, .T. ) ;
#3910 = EDGE_CURVE ( 'NONE', #4898, #6312, #7549, .T. ) ;
#3911 = DIRECTION ( 'NONE',  ( 1.000000000000000000, -1.776828414714108536E-15, 0.000000000000000000 ) ) ;
#3912 = DIRECTION ( 'NONE',  ( 0.000000000000000000, 0.000000000000000000, 1.000000000000000000 ) ) ;
#3913 = FACE_OUTER_BOUND ( 'NONE', #2119, .T. ) ;
#3914 = ORIENTED_EDGE ( 'NONE', *, *, #2630, .F. ) ;
#3915 = AXIS2_PLACEMENT_3D ( 'NONE', #8607, #1409, #611 ) ;
#3916 = FACE_OUTER_BOUND ( 'NONE', #8236, .T. ) ;
#3917 = CARTESIAN_POINT ( 'NONE',  ( 45.79477099867147416, -12.51215245581865609, 22.99999800000001215 ) ) ;
#3918 = EDGE_CURVE ( 'NONE', #2224, #197, #3014, .T. ) ;
#3919 = CIRCLE ( 'NONE', #4924, 1.000000000000000888 ) ;
#3920 = ORIENTED_EDGE ( 'NONE', *, *, #9253, .F. ) ;
#3921 = CARTESIAN_POINT ( 'NONE',  ( 1.201509888288921468, -1.512152455818657204, -138.7821617105083760 ) ) ;
#3922 = CARTESIAN_POINT ( 'NONE',  ( 35.98149282690607009, 6.065850720411352981, 18.40359731999999937 ) ) ;
#3923 = CARTESIAN_POINT ( 'NONE',  ( -8.456153651507463564, 20.39154107499405555, -51.55068879394222137 ) ) ;
#3924 = DIRECTION ( 'NONE',  ( 1.000000000000000000, 0.000000000000000000, 1.462890879734001726E-19 ) ) ;
#3925 = CYLINDRICAL_SURFACE ( 'NONE', #9798, 24.09999999999935838 ) ;
#3926 = ORIENTED_EDGE ( 'NONE', *, *, #7924, .T. ) ;
#3927 = EDGE_CURVE ( 'NONE', #3420, #5388, #9176, .T. ) ;
#3928 = PRODUCT_CONTEXT ( 'NONE', #5791, 'mechanical' ) ;
#3929 = ORIENTED_EDGE ( 'NONE', *, *, #7496, .F. ) ;
#3930 = CARTESIAN_POINT ( 'NONE',  ( -24.69849011171107378, -1.512152455818657204, -54.25041577998818099 ) ) ;
#3931 = CARTESIAN_POINT ( 'NONE',  ( -5.144166553601737135, 22.82106848026321089, -53.65041577998819378 ) ) ;
#3932 = EDGE_CURVE ( 'NONE', #4917, #7986, #2031, .T. ) ;
#3933 = ADVANCED_FACE ( 'NONE', ( #7654 ), #654, .T. ) ;
#3934 = EDGE_LOOP ( 'NONE', ( #10069, #5737, #3985, #5534, #9660, #1583, #958, #4532 ) ) ;
#3935 = CARTESIAN_POINT ( 'NONE',  ( 23.77405555970648621, 24.13280299651250616, 23.01103853219780859 ) ) ;
#3936 = DIRECTION ( 'NONE',  ( -1.000000000000000000, 0.000000000000000000, -0.000000000000000000 ) ) ;
#3937 = CARTESIAN_POINT ( 'NONE',  ( 24.69849011171107378, 3.406785556417015748, 31.63375372154084175 ) ) ;
#3938 = EDGE_CURVE ( 'NONE', #1909, #9048, #8549, .T. ) ;
#3939 = VECTOR ( 'NONE', #9551, 1000.000000000000000 ) ;
#3940 = CARTESIAN_POINT ( 'NONE',  ( -24.69849011171107378, -1.512152455818657204, -54.45041577998818383 ) ) ;
#3941 = CARTESIAN_POINT ( 'NONE',  ( -51.99849011171107804, -1.512152455818657204, -31.20041777998817878 ) ) ;
#3942 = VERTEX_POINT ( 'NONE', #5228 ) ;
#3943 = CARTESIAN_POINT ( 'NONE',  ( 6.030438470952724117, -1.512152455818471797, 21.40359731999999937 ) ) ;
#3944 = ORIENTED_EDGE ( 'NONE', *, *, #2118, .F. ) ;
#3945 = ORIENTED_EDGE ( 'NONE', *, *, #6408, .T. ) ;
#3946 = VECTOR ( 'NONE', #6219, 1000.000000000000114 ) ;
#3947 = ORIENTED_EDGE ( 'NONE', *, *, #1549, .T. ) ;
#3948 = FACE_OUTER_BOUND ( 'NONE', #5042, .T. ) ;
#3949 = EDGE_LOOP ( 'NONE', ( #7533, #5306, #8840, #6423 ) ) ;
#3950 = LINE ( 'NONE', #107, #4228 ) ;
#3951 = ADVANCED_FACE ( 'NONE', ( #6560 ), #2564, .F. ) ;
#3952 = DIRECTION ( 'NONE',  ( -1.000000000000000000, 0.000000000000000000, 0.000000000000000000 ) ) ;
#3953 = LINE ( 'NONE', #6375, #965 ) ;
#3954 = VERTEX_POINT ( 'NONE', #8443 ) ;
#3955 = PLANE ( 'NONE',  #6165 ) ;
#3956 = DIRECTION ( 'NONE',  ( 0.000000000000000000, 0.000000000000000000, 1.000000000000000000 ) ) ;
#3957 = ORIENTED_EDGE ( 'NONE', *, *, #8851, .T. ) ;
#3958 = DIRECTION ( 'NONE',  ( -1.000000000000000000, 0.000000000000000000, 0.000000000000000000 ) ) ;
#3959 = DIRECTION ( 'NONE',  ( 1.000000000000000000, 0.000000000000000000, 0.000000000000000000 ) ) ;
#3960 = DIRECTION ( 'NONE',  ( -1.000000000000000000, 0.000000000000000000, 0.000000000000000000 ) ) ;
#3961 = ORIENTED_EDGE ( 'NONE', *, *, #2841, .F. ) ;
#3962 = DIRECTION ( 'NONE',  ( -1.000000000000000000, 0.000000000000000000, 0.000000000000000000 ) ) ;
#3963 = DIRECTION ( 'NONE',  ( 0.000000000000000000, 0.000000000000000000, -1.000000000000000000 ) ) ;
#3964 = DIRECTION ( 'NONE',  ( 0.000000000000000000, 0.000000000000000000, 1.000000000000000000 ) ) ;
#3965 = VECTOR ( 'NONE', #3281, 1000.000000000000000 ) ;
#3966 = PRODUCT_DEFINITION_CONTEXT ( 'detailed design', #7209, 'design' ) ;
#3967 = VECTOR ( 'NONE', #9245, 1000.000000000000000 ) ;
#3968 = CARTESIAN_POINT ( 'NONE',  ( 25.19477099867147984, -12.51215245581865609, 23.19999800000000079 ) ) ;
#3969 = DIRECTION ( 'NONE',  ( -1.462890879734001726E-19, -2.478233546745619579E-35, 1.000000000000000000 ) ) ;
#3970 = CARTESIAN_POINT ( 'NONE',  ( -8.055349252193821030, 20.37976434751101351, -50.84118438437865706 ) ) ;
#3971 = EDGE_CURVE ( 'NONE', #5735, #773, #93, .T. ) ;
#3972 = DIRECTION ( 'NONE',  ( 1.000000000000000000, 0.000000000000000000, 0.000000000000000000 ) ) ;
#3973 = DIRECTION ( 'NONE',  ( 1.000000000000000000, 0.000000000000000000, 0.000000000000000000 ) ) ;
#3974 = ORIENTED_EDGE ( 'NONE', *, *, #1536, .T. ) ;
#3975 = VECTOR ( 'NONE', #4526, 1000.000000000000000 ) ;
#3976 = VECTOR ( 'NONE', #9963, 1000.000000000000000 ) ;
#3977 = CIRCLE ( 'NONE', #9857, 0.7500000000000006661 ) ;
#3978 = EDGE_CURVE ( 'NONE', #3467, #4011, #5274, .T. ) ;
#3979 = CIRCLE ( 'NONE', #4648, 0.7500000000000006661 ) ;
#3980 = ORIENTED_EDGE ( 'NONE', *, *, #4040, .T. ) ;
#3981 = FACE_OUTER_BOUND ( 'NONE', #9555, .T. ) ;
#3982 = CARTESIAN_POINT ( 'NONE',  ( 23.57981788490746311, 24.12709036292463338, 23.08636224920362423 ) ) ;
#3983 = VECTOR ( 'NONE', #169, 1000.000000000000000 ) ;
#3984 = EDGE_CURVE ( 'NONE', #6325, #1293, #452, .T. ) ;
#3985 = ORIENTED_EDGE ( 'NONE', *, *, #974, .F. ) ;
#3986 = CARTESIAN_POINT ( 'NONE',  ( 25.50159398673298838, 24.13576542491624011, 22.97034208487304241 ) ) ;
#3987 = FACE_OUTER_BOUND ( 'NONE', #8420, .T. ) ;
#3988 = DIRECTION ( 'NONE',  ( -1.462890879734001726E-19, -1.610801296603465303E-20, 1.000000000000000000 ) ) ;
#3989 =( GEOMETRIC_REPRESENTATION_CONTEXT ( 3 ) GLOBAL_UNCERTAINTY_ASSIGNED_CONTEXT ( ( #5337 ) ) GLOBAL_UNIT_ASSIGNED_CONTEXT ( ( #4551, #7825, #7619 ) ) REPRESENTATION_CONTEXT ( 'NONE', 'WORKASPACE' ) );
#3990 = DIRECTION ( 'NONE',  ( -0.7071067811865530128, 8.659560562354999418E-17, 0.7071067811865420216 ) ) ;
#3991 = CARTESIAN_POINT ( 'NONE',  ( 44.85549337622308030, 11.47584852314635206, 19.20359732000000008 ) ) ;
#3992 = AXIS2_PLACEMENT_3D ( 'NONE', #5520, #1002, #4207 ) ;
#3993 = ORIENTED_EDGE ( 'NONE', *, *, #3616, .T. ) ;
#3994 = CARTESIAN_POINT ( 'NONE',  ( -24.69849011171107378, -1.512152455818657204, -31.20041777998817878 ) ) ;
#3995 = ORIENTED_EDGE ( 'NONE', *, *, #2556, .F. ) ;
#3996 = AXIS2_PLACEMENT_3D ( 'NONE', #8349, #1146, #3300 ) ;
#3997 = ADVANCED_FACE ( 'NONE', ( #9233 ), #1921, .F. ) ;
#3998 = EDGE_LOOP ( 'NONE', ( #1939, #247, #5519, #238 ) ) ;
#3999 = EDGE_CURVE ( 'NONE', #5677, #2224, #7607, .T. ) ;
#4000 = EDGE_LOOP ( 'NONE', ( #5853, #6035, #105, #9603 ) ) ;
#4001 = FACE_OUTER_BOUND ( 'NONE', #846, .T. ) ;
#4002 = ORIENTED_EDGE ( 'NONE', *, *, #9977, .F. ) ;
#4003 = DIRECTION ( 'NONE',  ( -0.9998725783246495968, -0.01596330524727180775, 0.000000000000000000 ) ) ;
#4004 =( GEOMETRIC_REPRESENTATION_CONTEXT ( 3 ) GLOBAL_UNCERTAINTY_ASSIGNED_CONTEXT ( ( #1352 ) ) GLOBAL_UNIT_ASSIGNED_CONTEXT ( ( #5447, #8720, #2357 ) ) REPRESENTATION_CONTEXT ( 'NONE', 'WORKASPACE' ) );
#4005 = AXIS2_PLACEMENT_3D ( 'NONE', #9379, #2183, #6276 ) ;
#4006 = LINE ( 'NONE', #902, #1461 ) ;
#4007 = LINE ( 'NONE', #8008, #5483 ) ;
#4008 = ORIENTED_EDGE ( 'NONE', *, *, #1746, .F. ) ;
#4009 = CARTESIAN_POINT ( 'NONE',  ( 8.630438470952455532, -8.063214443583346380, 21.40359731999999937 ) ) ;
#4010 = CARTESIAN_POINT ( 'NONE',  ( 25.83664696813644568, 24.15534532725861894, 23.05728481165957788 ) ) ;
#4011 = VERTEX_POINT ( 'NONE', #6071 ) ;
#4012 = AXIS2_PLACEMENT_3D ( 'NONE', #6091, #9297, #6139 ) ;
#4013 = DIRECTION ( 'NONE',  ( 0.000000000000000000, 0.000000000000000000, 1.000000000000000000 ) ) ;
#4014 = LINE ( 'NONE', #6171, #6524 ) ;
#4015 = CARTESIAN_POINT ( 'NONE',  ( 29.59477099867147132, -1.512152455818658092, 22.99999800000001215 ) ) ;
#4016 = ORIENTED_EDGE ( 'NONE', *, *, #2212, .F. ) ;
#4017 = CARTESIAN_POINT ( 'NONE',  ( 24.69849011171107378, 2.686785556416296572, 31.63375372154084175 ) ) ;
#4018 = CARTESIAN_POINT ( 'NONE',  ( 25.36195694455444283, 24.13871577002835878, 22.92867496916176506 ) ) ;
#4019 = AXIS2_PLACEMENT_3D ( 'NONE', #9745, #8067, #4013 ) ;
#4020 = DIRECTION ( 'NONE',  ( 1.000000000000000000, 0.000000000000000000, 0.000000000000000000 ) ) ;
#4021 = DIRECTION ( 'NONE',  ( 0.000000000000000000, -1.000000000000000000, 0.000000000000000000 ) ) ;
#4022 = CARTESIAN_POINT ( 'NONE',  ( -8.390578820944639915, 20.63061335713558719, -51.18842356875004640 ) ) ;
#4023 = DIRECTION ( 'NONE',  ( 1.000000000000000000, 0.000000000000000000, 0.000000000000000000 ) ) ;
#4024 = DIRECTION ( 'NONE',  ( 0.000000000000000000, 0.000000000000000000, 1.000000000000000000 ) ) ;
#4025 = ORIENTED_EDGE ( 'NONE', *, *, #2087, .F. ) ;
#4026 = AXIS2_PLACEMENT_3D ( 'NONE', #484, #6992, #3688 ) ;
#4027 = EDGE_CURVE ( 'NONE', #8484, #6397, #4341, .T. ) ;
#4028 = EDGE_CURVE ( 'NONE', #8995, #9258, #2633, .T. ) ;
#4029 = SHAPE_DEFINITION_REPRESENTATION ( #283, #9115 ) ;
#4030 = ORIENTED_EDGE ( 'NONE', *, *, #5408, .F. ) ;
#4031 = ORIENTED_EDGE ( 'NONE', *, *, #7830, .T. ) ;
#4032 = CARTESIAN_POINT ( 'NONE',  ( -50.79849011171107520, -1.512152455818654095, -31.20041777998817878 ) ) ;
#4033 = DIRECTION ( 'NONE',  ( 0.000000000000000000, 0.000000000000000000, 1.000000000000000000 ) ) ;
#4034 = VERTEX_POINT ( 'NONE', #1979 ) ;
#4035 = CARTESIAN_POINT ( 'NONE',  ( 26.13454457198518810, 24.11505856948294735, 23.23412543496208471 ) ) ;
#4036 = DIRECTION ( 'NONE',  ( 0.000000000000000000, 0.000000000000000000, 1.000000000000000000 ) ) ;
#4037 = FACE_OUTER_BOUND ( 'NONE', #3406, .T. ) ;
#4038 = ORIENTED_EDGE ( 'NONE', *, *, #5866, .T. ) ;
#4039 = DIRECTION ( 'NONE',  ( -1.462890879734001004E-19, -0.000000000000000000, 1.000000000000000000 ) ) ;
#4040 = EDGE_CURVE ( 'NONE', #1694, #161, #935, .T. ) ;
#4041 = CARTESIAN_POINT ( 'NONE',  ( 39.64477099867147558, 9.487847544181342130, 21.99999800000000150 ) ) ;
#4042 = EDGE_CURVE ( 'NONE', #4165, #5053, #9719, .T. ) ;
#4043 = ORIENTED_EDGE ( 'NONE', *, *, #1748, .T. ) ;
#4044 = DIRECTION ( 'NONE',  ( -0.000000000000000000, -0.000000000000000000, -1.000000000000000000 ) ) ;
#4045 = ORIENTED_EDGE ( 'NONE', *, *, #2039, .T. ) ;
#4046 = EDGE_LOOP ( 'NONE', ( #8596, #1141, #4878, #2180 ) ) ;
#4047 = ORIENTED_EDGE ( 'NONE', *, *, #5096, .F. ) ;
#4048 = LINE ( 'NONE', #692, #4368 ) ;
#4049 = EDGE_LOOP ( 'NONE', ( #3909, #9517, #9674, #5628 ) ) ;
#4050 = PLANE ( 'NONE',  #1882 ) ;
#4051 = AXIS2_PLACEMENT_3D ( 'NONE', #3185, #1660, #6386 ) ;
#4052 = ADVANCED_FACE ( 'NONE', ( #9278 ), #8928, .F. ) ;
#4053 = DIRECTION ( 'NONE',  ( 0.000000000000000000, 0.000000000000000000, -1.000000000000000000 ) ) ;
#4054 = EDGE_CURVE ( 'NONE', #4153, #4112, #4650, .T. ) ;
#4055 = DIRECTION ( 'NONE',  ( -1.000000000000000000, 0.000000000000000000, -0.000000000000000000 ) ) ;
#4056 = ORIENTED_EDGE ( 'NONE', *, *, #9576, .F. ) ;
#4057 = CARTESIAN_POINT ( 'NONE',  ( 36.98149227759007118, -14.01615056132663106, 18.40359731999999937 ) ) ;
#4058 = CARTESIAN_POINT ( 'NONE',  ( 7.030438470952719676, 1.686785556416294352, 18.40359731999999937 ) ) ;
#4059 = ORIENTED_EDGE ( 'NONE', *, *, #10030, .F. ) ;
#4060 = CARTESIAN_POINT ( 'NONE',  ( 3.479647415838296620, 13.07630923991218452, 21.96359842000000739 ) ) ;
#4061 = AXIS2_PLACEMENT_3D ( 'NONE', #3205, #2414, #5610 ) ;
#4062 = LINE ( 'NONE', #1808, #5007 ) ;
#4063 = DIRECTION ( 'NONE',  ( 1.000000000000000000, 0.000000000000000000, 0.000000000000000000 ) ) ;
#4064 = ORIENTED_EDGE ( 'NONE', *, *, #4042, .F. ) ;
#4065 = EDGE_CURVE ( 'NONE', #1842, #8563, #2810, .T. ) ;
#4066 = CARTESIAN_POINT ( 'NONE',  ( 46.81536758192432046, -0.07904711514945261808, 18.40359731999999937 ) ) ;
#4067 = EDGE_CURVE ( 'NONE', #8484, #7734, #3302, .T. ) ;
#4068 = LINE ( 'NONE', #4755, #7495 ) ;
#4069 = VECTOR ( 'NONE', #7292, 999.9999999999998863 ) ;
#4070 = CARTESIAN_POINT ( 'NONE',  ( 24.69849011171107378, -1.512152455818657204, 23.19999800000000079 ) ) ;
#4071 = CIRCLE ( 'NONE', #5413, 1.580000000000001625 ) ;
#4072 = DIRECTION ( 'NONE',  ( -1.000000000000000000, 0.000000000000000000, 0.000000000000000000 ) ) ;
#4073 = CARTESIAN_POINT ( 'NONE',  ( 36.19477099867147274, -1.512152455818657204, 22.99999800000001215 ) ) ;
#4074 = CARTESIAN_POINT ( 'NONE',  ( -8.025194365151280707, 20.35680664565786202, -50.82826333714006495 ) ) ;
#4075 = CARTESIAN_POINT ( 'NONE',  ( -2.293393564458800604, 14.43343175708444015, -53.70338509471616817 ) ) ;
#4076 = DIRECTION ( 'NONE',  ( 1.000000000000000000, 0.000000000000000000, 0.000000000000000000 ) ) ;
#4077 = ORIENTED_EDGE ( 'NONE', *, *, #5159, .F. ) ;
#4078 = AXIS2_PLACEMENT_3D ( 'NONE', #6184, #8765, #8555 ) ;
#4079 = ORIENTED_EDGE ( 'NONE', *, *, #8235, .F. ) ;
#4080 = VERTEX_POINT ( 'NONE', #8706 ) ;
#4081 = CARTESIAN_POINT ( 'NONE',  ( 45.99477099867146990, -12.51215245581865609, 23.19999800000000079 ) ) ;
#4082 = LINE ( 'NONE', #89, #8794 ) ;
#4083 = ORIENTED_EDGE ( 'NONE', *, *, #9187, .T. ) ;
#4084 = CARTESIAN_POINT ( 'NONE',  ( 24.24830176328459785, 24.14187324440926119, 22.88215059645791882 ) ) ;
#4085 = LINE ( 'NONE', #8194, #7435 ) ;
#4086 = AXIS2_PLACEMENT_3D ( 'NONE', #6277, #7809, #5434 ) ;
#4087 = DIRECTION ( 'NONE',  ( 0.000000000000000000, 0.000000000000000000, -1.000000000000000000 ) ) ;
#4088 = DIRECTION ( 'NONE',  ( 1.000000000000000000, 0.000000000000000000, 0.000000000000000000 ) ) ;
#4089 = DIRECTION ( 'NONE',  ( 1.000000000000000000, 0.000000000000000000, 0.000000000000000000 ) ) ;
#4090 = DIRECTION ( 'NONE',  ( -1.000000000000000000, 0.000000000000000000, 0.000000000000000000 ) ) ;
#4091 = AXIS2_PLACEMENT_3D ( 'NONE', #968, #10380, #4063 ) ;
#4092 = ADVANCED_FACE ( 'NONE', ( #6226 ), #6174, .T. ) ;
#4093 = EDGE_LOOP ( 'NONE', ( #9657, #7669 ) ) ;
#4094 = CARTESIAN_POINT ( 'NONE',  ( -24.69849011171107378, -1.512152455818657204, -40.80041777998818020 ) ) ;
#4095 = ORIENTED_EDGE ( 'NONE', *, *, #1031, .T. ) ;
#4096 = VERTEX_POINT ( 'NONE', #9328 ) ;
#4097 = CARTESIAN_POINT ( 'NONE',  ( 45.79477099867147416, 9.487847544181342130, 21.99999800000000150 ) ) ;
#4098 = ORIENTED_EDGE ( 'NONE', *, *, #4119, .T. ) ;
#4099 = CYLINDRICAL_SURFACE ( 'NONE', #9907, 1.000000000000000888 ) ;
#4100 = EDGE_CURVE ( 'NONE', #9005, #4917, #5639, .T. ) ;
#4101 = ORIENTED_EDGE ( 'NONE', *, *, #7656, .F. ) ;
#4102 = CIRCLE ( 'NONE', #8133, 0.7999999999999986011 ) ;
#4103 = DIRECTION ( 'NONE',  ( 1.000000000000000000, 0.000000000000000000, 0.000000000000000000 ) ) ;
#4104 = DIRECTION ( 'NONE',  ( 0.000000000000000000, 0.000000000000000000, -1.000000000000000000 ) ) ;
#4105 = EDGE_CURVE ( 'NONE', #8616, #6426, #2129, .T. ) ;
#4106 = CIRCLE ( 'NONE', #9822, 1.056214310942091394 ) ;
#4107 = DIRECTION ( 'NONE',  ( 5.421010862428621645E-16, -1.000000000000000000, 0.000000000000000000 ) ) ;
#4108 = ORIENTED_EDGE ( 'NONE', *, *, #7612, .F. ) ;
#4109 = VERTEX_POINT ( 'NONE', #10169 ) ;
#4110 = CARTESIAN_POINT ( 'NONE',  ( 20.86549410864506982, -3.967150744431638731, 19.20359732000000008 ) ) ;
#4111 = FACE_BOUND ( 'NONE', #6042, .T. ) ;
#4112 = VERTEX_POINT ( 'NONE', #6120 ) ;
#4113 = FACE_OUTER_BOUND ( 'NONE', #6987, .T. ) ;
#4114 = ADVANCED_FACE ( 'NONE', ( #8597, #3916 ), #2973, .T. ) ;
#4115 = CARTESIAN_POINT ( 'NONE',  ( -5.750064449065495076, -16.40400139767222498, -32.80041777998817309 ) ) ;
#4116 = CARTESIAN_POINT ( 'NONE',  ( 27.61849011171107193, 21.53784716418134693, 23.19999800000000079 ) ) ;
#4117 = ORIENTED_EDGE ( 'NONE', *, *, #8631, .F. ) ;
#4118 = DIRECTION ( 'NONE',  ( -0.6585046078685135029, 8.064355602499580778E-17, 0.7525766947068819324 ) ) ;
#4119 = EDGE_CURVE ( 'NONE', #1734, #3196, #4538, .T. ) ;
#4120 = CARTESIAN_POINT ( 'NONE',  ( 14.85349142309807391, -1.524148547166637835, 22.99999800000000505 ) ) ;
#4121 = LINE ( 'NONE', #2496, #6996 ) ;
#4122 = PLANE ( 'NONE',  #6957 ) ;
#4123 = DIRECTION ( 'NONE',  ( 0.000000000000000000, 0.000000000000000000, -1.000000000000000000 ) ) ;
#4124 = CARTESIAN_POINT ( 'NONE',  ( -8.373529328728352539, 20.61804663405557747, -51.15463787452542022 ) ) ;
#4125 = EDGE_CURVE ( 'NONE', #3004, #5344, #7508, .T. ) ;
#4126 = CARTESIAN_POINT ( 'NONE',  ( -2.623654235343786834, 14.50182807537292362, -53.89055127826822655 ) ) ;
#4127 = DIRECTION ( 'NONE',  ( 1.000000000000000000, 0.000000000000000000, 0.000000000000000000 ) ) ;
#4128 = ORIENTED_EDGE ( 'NONE', *, *, #7899, .T. ) ;
#4129 = ADVANCED_FACE ( 'NONE', ( #551 ), #9543, .T. ) ;
#4130 = CIRCLE ( 'NONE', #5133, 2.999999999999999112 ) ;
#4131 = ORIENTED_EDGE ( 'NONE', *, *, #4501, .T. ) ;
#4132 = EDGE_LOOP ( 'NONE', ( #3572, #874, #5625, #4717, #4784, #4285, #10206, #1572, #4302, #1920, #8738, #9476, #2749, #3515, #10367, #4064, #8941, #4363, #9391, #4025, #4466, #5647, #810, #7746, #3882, #9028, #5078, #8118 ) ) ;
#4133 = CARTESIAN_POINT ( 'NONE',  ( 14.85349142309807391, -1.524148547166637835, 22.99999800000000505 ) ) ;
#4134 = LINE ( 'NONE', #145, #5603 ) ;
#4135 = ORIENTED_EDGE ( 'NONE', *, *, #3844, .T. ) ;
#4136 = DIRECTION ( 'NONE',  ( 1.000000000000000000, 0.000000000000000000, 0.000000000000000000 ) ) ;
#4137 = DIRECTION ( 'NONE',  ( -0.7071067811865536790, 0.000000000000000000, -0.7071067811865414665 ) ) ;
#4138 = DIRECTION ( 'NONE',  ( 0.000000000000000000, 0.000000000000000000, -1.000000000000000000 ) ) ;
#4139 = AXIS2_PLACEMENT_3D ( 'NONE', #9095, #7301, #5834 ) ;
#4140 = DIRECTION ( 'NONE',  ( 0.000000000000000000, 0.000000000000000000, 1.000000000000000000 ) ) ;
#4141 = VECTOR ( 'NONE', #3368, 1000.000000000000000 ) ;
#4142 = CIRCLE ( 'NONE', #9864, 3.000000000000002665 ) ;
#4143 = LINE ( 'NONE', #4200, #5809 ) ;
#4144 = LINE ( 'NONE', #7408, #6001 ) ;
#4145 = ORIENTED_EDGE ( 'NONE', *, *, #2368, .F. ) ;
#4146 = DIRECTION ( 'NONE',  ( -1.000000000000000000, 0.000000000000000000, -0.000000000000000000 ) ) ;
#4147 = ORIENTED_EDGE ( 'NONE', *, *, #2808, .T. ) ;
#4148 = ORIENTED_EDGE ( 'NONE', *, *, #9184, .T. ) ;
#4149 = CARTESIAN_POINT ( 'NONE',  ( 25.39477099867147203, 9.487847544181342130, 22.99999800000001215 ) ) ;
#4150 = CIRCLE ( 'NONE', #124, 27.30000000000000426 ) ;
#4151 = ORIENTED_EDGE ( 'NONE', *, *, #6336, .T. ) ;
#4152 = DIRECTION ( 'NONE',  ( -0.000000000000000000, -0.000000000000000000, -1.000000000000000000 ) ) ;
#4153 = VERTEX_POINT ( 'NONE', #1347 ) ;
#4154 = CIRCLE ( 'NONE', #2476, 1.199999999999992628 ) ;
#4155 = CARTESIAN_POINT ( 'NONE',  ( -2.596114229881464563, 14.45866408962285377, -51.57050247953603872 ) ) ;
#4156 = FACE_OUTER_BOUND ( 'NONE', #1716, .T. ) ;
#4157 = VECTOR ( 'NONE', #5137, 1000.000000000000000 ) ;
#4158 = AXIS2_PLACEMENT_3D ( 'NONE', #8606, #6078, #2775 ) ;
#4159 = ADVANCED_FACE ( 'NONE', ( #7871 ), #3754, .F. ) ;
#4160 = FACE_OUTER_BOUND ( 'NONE', #7673, .T. ) ;
#4161 = ORIENTED_EDGE ( 'NONE', *, *, #7799, .T. ) ;
#4162 = VERTEX_POINT ( 'NONE', #4594 ) ;
#4163 = CARTESIAN_POINT ( 'NONE',  ( 9.630438470952407570, 0.8867855564166541305, 22.99999800000001215 ) ) ;
#4164 = CARTESIAN_POINT ( 'NONE',  ( 24.90300472399917808, 24.23708431645933814, 22.75597981105376633 ) ) ;
#4165 = VERTEX_POINT ( 'NONE', #6956 ) ;
#4166 = CARTESIAN_POINT ( 'NONE',  ( -8.158902494146973439, 20.19251558167489691, -51.04428018185414118 ) ) ;
#4167 = DIRECTION ( 'NONE',  ( -0.7071067811865536790, 0.000000000000000000, 0.7071067811865414665 ) ) ;
#4168 = DIRECTION ( 'NONE',  ( 0.000000000000000000, 0.000000000000000000, 1.000000000000000000 ) ) ;
#4169 = EDGE_LOOP ( 'NONE', ( #6839, #2554, #8991, #1460 ) ) ;
#4170 = AXIS2_PLACEMENT_3D ( 'NONE', #5653, #9500, #826 ) ;
#4171 = VECTOR ( 'NONE', #762, 1000.000000000000000 ) ;
#4172 = DIRECTION ( 'NONE',  ( -1.000000000000000000, 0.000000000000000000, -0.000000000000000000 ) ) ;
#4173 = CARTESIAN_POINT ( 'NONE',  ( 24.89455361042181636, 24.14449859205495130, 22.84220154171863726 ) ) ;
#4174 = EDGE_CURVE ( 'NONE', #7844, #4482, #5153, .T. ) ;
#4175 = ADVANCED_FACE ( 'NONE', ( #7811 ), #10278, .F. ) ;
#4176 = AXIS2_PLACEMENT_3D ( 'NONE', #8463, #4458, #5294 ) ;
#4177 = CARTESIAN_POINT ( 'NONE',  ( -8.345463110891827796, 20.31856728708417492, -54.02437932294554912 ) ) ;
#4178 = AXIS2_PLACEMENT_3D ( 'NONE', #10283, #667, #8655 ) ;
#4179 = FACE_OUTER_BOUND ( 'NONE', #677, .T. ) ;
#4180 = CARTESIAN_POINT ( 'NONE',  ( 25.52862104802758125, -27.24878873402488466, 22.87578589558367881 ) ) ;
#4181 = CARTESIAN_POINT ( 'NONE',  ( -8.301111912892231715, 20.56444925951524993, -51.04159770116653760 ) ) ;
#4182 = CARTESIAN_POINT ( 'NONE',  ( -2.792922064762435319, 14.76057440987435676, -54.19760968571600301 ) ) ;
#4183 = CARTESIAN_POINT ( 'NONE',  ( 32.29477099867147416, -12.51215245581865609, 22.99999800000001215 ) ) ;
#4184 = ORIENTED_EDGE ( 'NONE', *, *, #1370, .T. ) ;
#4185 = AXIS2_PLACEMENT_3D ( 'NONE', #5818, #1092, #1725 ) ;
#4186 = AXIS2_PLACEMENT_3D ( 'NONE', #9323, #2125, #5327 ) ;
#4187 = EDGE_CURVE ( 'NONE', #7321, #6672, #5491, .T. ) ;
#4188 = ADVANCED_FACE ( 'NONE', ( #7017 ), #501, .F. ) ;
#4189 = ORIENTED_EDGE ( 'NONE', *, *, #9546, .T. ) ;
#4190 = ORIENTED_EDGE ( 'NONE', *, *, #4686, .F. ) ;
#4191 = CARTESIAN_POINT ( 'NONE',  ( 24.69849011171107733, -10.57321444358333729, 18.40359731999999937 ) ) ;
#4192 = DIRECTION ( 'NONE',  ( 1.462890879734001726E-19, 1.610801296603465303E-20, -1.000000000000000000 ) ) ;
#4193 = CIRCLE ( 'NONE', #10072, 1.520000000000000462 ) ;
#4194 = EDGE_LOOP ( 'NONE', ( #4344, #1826, #3618, #5633, #7172, #8376, #8002 ) ) ;
#4195 = PLANE ( 'NONE',  #3851 ) ;
#4196 = CARTESIAN_POINT ( 'NONE',  ( 38.69477099867147984, -1.512152455818657204, 23.19999800000000079 ) ) ;
#4197 = EDGE_CURVE ( 'NONE', #9584, #8973, #4647, .T. ) ;
#4198 = LINE ( 'NONE', #8741, #9947 ) ;
#4199 = VERTEX_POINT ( 'NONE', #7069 ) ;
#4200 = CARTESIAN_POINT ( 'NONE',  ( 45.79477099867147416, -12.51215245581865609, 21.99999800000000150 ) ) ;
#4201 = EDGE_CURVE ( 'NONE', #9993, #9712, #7672, .T. ) ;
#4202 = DIRECTION ( 'NONE',  ( 0.000000000000000000, 0.000000000000000000, -1.000000000000000000 ) ) ;
#4203 = VERTEX_POINT ( 'NONE', #6279 ) ;
#4204 = CARTESIAN_POINT ( 'NONE',  ( 31.20649282690607862, 11.22185072041135001, 18.40359731999999937 ) ) ;
#4205 = ORIENTED_EDGE ( 'NONE', *, *, #7731, .F. ) ;
#4206 = ORIENTED_EDGE ( 'NONE', *, *, #940, .T. ) ;
#4207 = DIRECTION ( 'NONE',  ( -1.000000000000000000, 0.000000000000000000, 0.000000000000000000 ) ) ;
#4208 = VERTEX_POINT ( 'NONE', #4752 ) ;
#4209 = DIRECTION ( 'NONE',  ( 1.000000000000000000, 0.000000000000000000, 0.000000000000000000 ) ) ;
#4210 = ORIENTED_EDGE ( 'NONE', *, *, #9710, .F. ) ;
#4211 = CARTESIAN_POINT ( 'NONE',  ( -2.492179715659872397, 14.70912656091070048, -50.93950957622012510 ) ) ;
#4212 = DIRECTION ( 'NONE',  ( 0.000000000000000000, -1.000000000000000000, -1.610801296603465303E-20 ) ) ;
#4213 = EDGE_CURVE ( 'NONE', #947, #7981, #3184, .T. ) ;
#4214 = CARTESIAN_POINT ( 'NONE',  ( -24.69849011171107378, -1.512152455818657204, -40.80041777998818020 ) ) ;
#4215 = ORIENTED_EDGE ( 'NONE', *, *, #8026, .T. ) ;
#4216 = EDGE_LOOP ( 'NONE', ( #6532, #526, #2480, #336, #4323, #3318, #2269, #1498 ) ) ;
#4217 = CARTESIAN_POINT ( 'NONE',  ( 11.28901711471469405, 7.465185902403217888, 21.40359731999999937 ) ) ;
#4218 = EDGE_CURVE ( 'NONE', #9042, #5606, #1470, .T. ) ;
#4219 = ORIENTED_EDGE ( 'NONE', *, *, #10303, .T. ) ;
#4220 = CARTESIAN_POINT ( 'NONE',  ( -8.145667716589901630, 20.18342332158490038, -51.03738453259861529 ) ) ;
#4221 = DIRECTION ( 'NONE',  ( -0.7071067811865414665, 0.000000000000000000, -0.7071067811865536790 ) ) ;
#4222 = DIRECTION ( 'NONE',  ( 0.000000000000000000, 0.000000000000000000, -1.000000000000000000 ) ) ;
#4223 = ORIENTED_EDGE ( 'NONE', *, *, #5709, .F. ) ;
#4224 = CARTESIAN_POINT ( 'NONE',  ( 7.630438470952363161, 5.206785556416654082, 22.99999800000001215 ) ) ;
#4225 = CARTESIAN_POINT ( 'NONE',  ( 7.430438470952370089, 5.206785556416654082, 23.19999800000000079 ) ) ;
#4226 = CARTESIAN_POINT ( 'NONE',  ( -8.032850766896748596, 20.10513228856811452, -54.24272097957672401 ) ) ;
#4227 = ADVANCED_FACE ( 'NONE', ( #9589 ), #757, .T. ) ;
#4228 = VECTOR ( 'NONE', #7306, 1000.000000000000000 ) ;
#4229 = DIRECTION ( 'NONE',  ( -0.000000000000000000, -0.000000000000000000, -1.000000000000000000 ) ) ;
#4230 = CARTESIAN_POINT ( 'NONE',  ( 25.67430542458560438, -27.24366122499818843, 22.92327204384162442 ) ) ;
#4231 = CARTESIAN_POINT ( 'NONE',  ( 12.04816941728281066, -6.819583969174250804, 21.40359731999999937 ) ) ;
#4232 = CARTESIAN_POINT ( 'NONE',  ( -2.638117471541558068, 14.52437371661980414, -53.94333295340827306 ) ) ;
#4233 = FACE_OUTER_BOUND ( 'NONE', #7297, .T. ) ;
#4234 = ORIENTED_EDGE ( 'NONE', *, *, #2827, .T. ) ;
#4235 = EDGE_CURVE ( 'NONE', #5430, #8931, #1022, .T. ) ;
#4236 = AXIS2_PLACEMENT_3D ( 'NONE', #5977, #511, #9189 ) ;
#4237 = VERTEX_POINT ( 'NONE', #5749 ) ;
#4238 = ORIENTED_EDGE ( 'NONE', *, *, #1348, .F. ) ;
#4239 = FACE_OUTER_BOUND ( 'NONE', #7571, .T. ) ;
#4240 = LINE ( 'NONE', #6504, #9299 ) ;
#4241 = DIRECTION ( 'NONE',  ( 1.000000000000000000, 0.000000000000000000, 0.000000000000000000 ) ) ;
#4242 = ORIENTED_EDGE ( 'NONE', *, *, #8801, .T. ) ;
#4243 = LINE ( 'NONE', #3358, #2506 ) ;
#4244 = CARTESIAN_POINT ( 'NONE',  ( 23.52106251918315749, 24.21091431827251839, 22.99999799970560588 ) ) ;
#4245 = DIRECTION ( 'NONE',  ( 0.000000000000000000, 0.000000000000000000, 1.000000000000000000 ) ) ;
#4246 = EDGE_CURVE ( 'NONE', #7128, #2391, #4121, .T. ) ;
#4247 = ADVANCED_FACE ( 'NONE', ( #7326 ), #4277, .F. ) ;
#4248 = VECTOR ( 'NONE', #4137, 1000.000000000000000 ) ;
#4249 = VERTEX_POINT ( 'NONE', #867 ) ;
#4250 = CYLINDRICAL_SURFACE ( 'NONE', #8091, 25.78852460972969851 ) ;
#4251 = CARTESIAN_POINT ( 'NONE',  ( 42.34477099867147132, 9.487847544181342130, 22.99999800000001215 ) ) ;
#4252 = ORIENTED_EDGE ( 'NONE', *, *, #4813, .F. ) ;
#4254 = CARTESIAN_POINT ( 'NONE',  ( 24.69849011171107378, -1.512152455818657204, 22.99999799999998018 ) ) ;
#4253 = CONICAL_SURFACE ( 'NONE', #3251, 0.7500000000000006661, 0.7853981633974570498 ) ;
#4255 = ORIENTED_EDGE ( 'NONE', *, *, #6600, .T. ) ;
#4256 = ORIENTED_EDGE ( 'NONE', *, *, #7731, .T. ) ;
#4257 = CARTESIAN_POINT ( 'NONE',  ( -7.099892953376690130, -20.51476748793109550, -40.80041777998818020 ) ) ;
#4258 = ORIENTED_EDGE ( 'NONE', *, *, #10203, .F. ) ;
#4259 = DIRECTION ( 'NONE',  ( -0.7114425483935333805, -0.7027442638224198346, 0.000000000000000000 ) ) ;
#4260 = EDGE_CURVE ( 'NONE', #1645, #10012, #10190, .T. ) ;
#4261 = ORIENTED_EDGE ( 'NONE', *, *, #5566, .T. ) ;
#4262 = CARTESIAN_POINT ( 'NONE',  ( -2.613709309417817206, 14.48627688499216504, -51.39680166150386498 ) ) ;
#4263 = VECTOR ( 'NONE', #6890, 1000.000000000000000 ) ;
#4264 = DIRECTION ( 'NONE',  ( -0.000000000000000000, -0.000000000000000000, 1.000000000000000000 ) ) ;
#4265 = CARTESIAN_POINT ( 'NONE',  ( 9.792699462065142413, 20.12757669561894147, 23.19999800000000079 ) ) ;
#4266 = ORIENTED_EDGE ( 'NONE', *, *, #6428, .F. ) ;
#4267 = EDGE_LOOP ( 'NONE', ( #8362, #9211, #5874, #5814 ) ) ;
#4268 = CARTESIAN_POINT ( 'NONE',  ( -6.192582273723351349, 16.76749726338618629, -51.00041577998818099 ) ) ;
#4269 = ORIENTED_EDGE ( 'NONE', *, *, #1370, .F. ) ;
#4270 = CARTESIAN_POINT ( 'NONE',  ( -8.235146713099892324, 20.24450075557939854, -51.09534774867129414 ) ) ;
#4271 = CARTESIAN_POINT ( 'NONE',  ( 12.05349142309808386, 3.675851452833362565, 18.40359731999999937 ) ) ;
#4272 = CARTESIAN_POINT ( 'NONE',  ( -8.399679074061923600, 14.78665858183135562, -32.80041777998817309 ) ) ;
#4273 = EDGE_LOOP ( 'NONE', ( #8660, #6517, #8207, #4834 ) ) ;
#4274 = DIRECTION ( 'NONE',  ( 0.000000000000000000, 0.000000000000000000, -1.000000000000000000 ) ) ;
#4275 = DIRECTION ( 'NONE',  ( 0.000000000000000000, 0.000000000000000000, -1.000000000000000000 ) ) ;
#4276 = CIRCLE ( 'NONE', #8652, 0.9499999999999925171 ) ;
#4277 = PLANE ( 'NONE',  #4313 ) ;
#4278 = DIRECTION ( 'NONE',  ( 0.000000000000000000, 0.000000000000000000, 1.000000000000000000 ) ) ;
#4279 = CARTESIAN_POINT ( 'NONE',  ( 24.52437273285514863, -27.26158560845850332, 22.75407224113855165 ) ) ;
#4280 = DIRECTION ( 'NONE',  ( 0.000000000000000000, 0.000000000000000000, 1.000000000000000000 ) ) ;
#4281 = CARTESIAN_POINT ( 'NONE',  ( -24.69849011171107378, -1.512152455818657204, -32.80041777998817309 ) ) ;
#4282 = DIRECTION ( 'NONE',  ( -0.9999999998448928507, -1.761290502795953341E-05, 0.000000000000000000 ) ) ;
#4283 = ORIENTED_EDGE ( 'NONE', *, *, #321, .T. ) ;
#4285 = ORIENTED_EDGE ( 'NONE', *, *, #5978, .F. ) ;
#4284 = ADVANCED_FACE ( 'NONE', ( #9908 ), #5113, .F. ) ;
#4286 = ORIENTED_EDGE ( 'NONE', *, *, #5568, .T. ) ;
#4287 = DIRECTION ( 'NONE',  ( 1.000000000000000000, 0.000000000000000000, 0.000000000000000000 ) ) ;
#4288 = DIRECTION ( 'NONE',  ( 1.000000000000000000, 0.000000000000000000, 0.000000000000000000 ) ) ;
#4289 = CARTESIAN_POINT ( 'NONE',  ( 33.49477099867146990, 9.487847544181342130, 22.99999800000001215 ) ) ;
#4290 = ORIENTED_EDGE ( 'NONE', *, *, #1045, .F. ) ;
#4291 = CARTESIAN_POINT ( 'NONE',  ( 50.40801912756126768, -3.529110395338485251, 18.40359731999999937 ) ) ;
#4292 = FACE_OUTER_BOUND ( 'NONE', #3537, .T. ) ;
#4293 = DIRECTION ( 'NONE',  ( 0.000000000000000000, 0.000000000000000000, 1.000000000000000000 ) ) ;
#4294 = VERTEX_POINT ( 'NONE', #1765 ) ;
#4295 = EDGE_CURVE ( 'NONE', #532, #3021, #3146, .T. ) ;
#4296 = AXIS2_PLACEMENT_3D ( 'NONE', #3683, #5893, #9303 ) ;
#4297 = DIRECTION ( 'NONE',  ( 1.000000000000000000, 0.000000000000000000, 0.000000000000000000 ) ) ;
#4298 = DIRECTION ( 'NONE',  ( 0.7071067811865479058, 0.7071067811865472397, -0.000000000000000000 ) ) ;
#4299 = AXIS2_PLACEMENT_3D ( 'NONE', #9140, #887, #4089 ) ;
#4300 = ADVANCED_FACE ( 'NONE', ( #7487 ), #2983, .T. ) ;
#4301 = EDGE_CURVE ( 'NONE', #8688, #6472, #7339, .T. ) ;
#4302 = ORIENTED_EDGE ( 'NONE', *, *, #3527, .F. ) ;
#4303 = CARTESIAN_POINT ( 'NONE',  ( 40.39477099867147558, -12.51215245581865609, 21.99999800000000150 ) ) ;
#4304 = ORIENTED_EDGE ( 'NONE', *, *, #6876, .T. ) ;
#4305 = AXIS2_PLACEMENT_3D ( 'NONE', #8737, #5418, #10311 ) ;
#4306 = VERTEX_POINT ( 'NONE', #4384 ) ;
#4307 = AXIS2_PLACEMENT_3D ( 'NONE', #6774, #5090, #4406 ) ;
#4308 = DIRECTION ( 'NONE',  ( 1.000000000000000000, 0.000000000000000000, 0.000000000000000000 ) ) ;
#4309 = ORIENTED_EDGE ( 'NONE', *, *, #2172, .F. ) ;
#4310 = DIRECTION ( 'NONE',  ( 0.000000000000000000, 0.000000000000000000, -1.000000000000000000 ) ) ;
#4311 = AXIS2_PLACEMENT_3D ( 'NONE', #2173, #3641, #6109 ) ;
#4312 = CARTESIAN_POINT ( 'NONE',  ( -2.356360155931243927, 14.52154292510649114, -51.18905187984660188 ) ) ;
#4313 = AXIS2_PLACEMENT_3D ( 'NONE', #6543, #9014, #8124 ) ;
#4314 = CARTESIAN_POINT ( 'NONE',  ( 21.66549410864508118, 0.4268492555683598422, 19.20359732000000008 ) ) ;
#4315 = VECTOR ( 'NONE', #3297, 1000.000000000000000 ) ;
#4316 = EDGE_CURVE ( 'NONE', #2623, #2735, #2023, .T. ) ;
#4317 = EDGE_CURVE ( 'NONE', #7360, #1311, #8174, .T. ) ;
#4318 = CIRCLE ( 'NONE', #1136, 1.000000000000000888 ) ;
#4319 = DIRECTION ( 'NONE',  ( 0.000000000000000000, 0.000000000000000000, -1.000000000000000000 ) ) ;
#4320 = ORIENTED_EDGE ( 'NONE', *, *, #9353, .T. ) ;
#4321 = ORIENTED_EDGE ( 'NONE', *, *, #5757, .F. ) ;
#4322 = LINE ( 'NONE', #4421, #9698 ) ;
#4323 = ORIENTED_EDGE ( 'NONE', *, *, #381, .T. ) ;
#4324 = CARTESIAN_POINT ( 'NONE',  ( 19.02849441382007711, 2.426849255568367614, 18.40359731999999937 ) ) ;
#4325 = CARTESIAN_POINT ( 'NONE',  ( -24.69849011171107378, -1.512152455818657204, -32.80041777998818020 ) ) ;
#4326 = AXIS2_PLACEMENT_3D ( 'NONE', #1117, #907, #2698 ) ;
#4327 = LINE ( 'NONE', #2062, #3234 ) ;
#4328 = ORIENTED_EDGE ( 'NONE', *, *, #8752, .T. ) ;
#4329 = CARTESIAN_POINT ( 'NONE',  ( -27.86568728706433618, -25.40313113088341623, -32.80041777998817309 ) ) ;
#4330 = CARTESIAN_POINT ( 'NONE',  ( 31.54477099867147061, -12.51215245581865609, 22.99999800000001215 ) ) ;
#4331 = EDGE_CURVE ( 'NONE', #8581, #9042, #623, .T. ) ;
#4332 = CIRCLE ( 'NONE', #7876, 1.000000000000000888 ) ;
#4333 = CARTESIAN_POINT ( 'NONE',  ( -8.271222494286138982, 20.54221746160722617, -54.23561630248234167 ) ) ;
#4334 = DIRECTION ( 'NONE',  ( 0.000000000000000000, 0.000000000000000000, -1.000000000000000000 ) ) ;
#4335 = PRODUCT_DEFINITION_FORMATION_WITH_SPECIFIED_SOURCE ( '任何', '', #3389, .NOT_KNOWN. ) ;
#4336 = CARTESIAN_POINT ( 'NONE',  ( 25.63847562612089703, -27.15669607997584123, 23.01660537717414456 ) ) ;
#4337 = DIRECTION ( 'NONE',  ( 1.000000000000000000, 0.000000000000000000, 0.000000000000000000 ) ) ;
#4338 = CIRCLE ( 'NONE', #5176, 1.000000000000000888 ) ;
#4339 = CYLINDRICAL_SURFACE ( 'NONE', #9367, 1.000000000000000888 ) ;
#4340 = VERTEX_POINT ( 'NONE', #7961 ) ;
#4341 = LINE ( 'NONE', #7558, #3976 ) ;
#4342 = CONICAL_SURFACE ( 'NONE', #5856, 1.580000000000001625, 0.7853981633974657095 ) ;
#4343 = CIRCLE ( 'NONE', #982, 25.89999999999999147 ) ;
#4344 = ORIENTED_EDGE ( 'NONE', *, *, #1850, .T. ) ;
#4345 = VERTEX_POINT ( 'NONE', #5576 ) ;
#4346 = LINE ( 'NONE', #3554, #6000 ) ;
#4347 = PLANE ( 'NONE',  #239 ) ;
#4348 = CARTESIAN_POINT ( 'NONE',  ( 19.02849441382007711, -5.724148547166639567, 21.40359731999999937 ) ) ;
#4349 = ORIENTED_EDGE ( 'NONE', *, *, #10231, .F. ) ;
#4350 = DIRECTION ( 'NONE',  ( 0.000000000000000000, -1.000000000000000000, -0.000000000000000000 ) ) ;
#4351 = DIRECTION ( 'NONE',  ( 0.9999999998448929617, -1.761289571444875200E-05, 0.000000000000000000 ) ) ;
#4352 = EDGE_CURVE ( 'NONE', #275, #7216, #4007, .T. ) ;
#4353 = VECTOR ( 'NONE', #4440, 1000.000000000000114 ) ;
#4354 = AXIS2_PLACEMENT_3D ( 'NONE', #4543, #6908, #3876 ) ;
#4355 = DIRECTION ( 'NONE',  ( -0.000000000000000000, -0.000000000000000000, 1.000000000000000000 ) ) ;
#4356 = EDGE_CURVE ( 'NONE', #4112, #4153, #3638, .T. ) ;
#4357 = CARTESIAN_POINT ( 'NONE',  ( -2.893362485873960388, 14.90899557084081728, -50.99449324425462748 ) ) ;
#4358 = LINE ( 'NONE', #155, #4157 ) ;
#4359 = AXIS2_PLACEMENT_3D ( 'NONE', #10224, #9377, #9274 ) ;
#4360 = VERTEX_POINT ( 'NONE', #8696 ) ;
#4361 = LINE ( 'NONE', #8408, #5811 ) ;
#4362 = ORIENTED_EDGE ( 'NONE', *, *, #3430, .T. ) ;
#4363 = ORIENTED_EDGE ( 'NONE', *, *, #5959, .F. ) ;
#4364 = FACE_OUTER_BOUND ( 'NONE', #1001, .T. ) ;
#4365 = PLANE ( 'NONE',  #6513 ) ;
#4366 = ORIENTED_EDGE ( 'NONE', *, *, #1349, .T. ) ;
#4367 = CARTESIAN_POINT ( 'NONE',  ( 10.85349142309807569, -1.763214443583704494, 21.40359731999999937 ) ) ;
#4368 = VECTOR ( 'NONE', #2326, 1000.000000000000000 ) ;
#4369 = EDGE_CURVE ( 'NONE', #5945, #5053, #699, .T. ) ;
#4370 = CARTESIAN_POINT ( 'NONE',  ( -2.406119044385010231, 14.59065055480822792, -51.07148409796640465 ) ) ;
#4371 = CARTESIAN_POINT ( 'NONE',  ( 24.77998253300846443, -6.616486184603448173, 21.40359731999999937 ) ) ;
#4372 = CARTESIAN_POINT ( 'NONE',  ( -24.69849011171107378, -1.512152455818657204, -40.80041777998818020 ) ) ;
#4373 = ORIENTED_EDGE ( 'NONE', *, *, #10372, .F. ) ;
#4374 = ORIENTED_EDGE ( 'NONE', *, *, #3294, .T. ) ;
#4375 = CYLINDRICAL_SURFACE ( 'NONE', #3825, 0.7500000000000006661 ) ;
#4376 = ORIENTED_EDGE ( 'NONE', *, *, #2242, .T. ) ;
#4377 = CARTESIAN_POINT ( 'NONE',  ( 34.24477099867146990, 9.487847544181342130, 21.99999800000000150 ) ) ;
#4378 = LINE ( 'NONE', #5107, #1495 ) ;
#4379 = LINE ( 'NONE', #4425, #8796 ) ;
#4380 = ORIENTED_EDGE ( 'NONE', *, *, #3592, .T. ) ;
#4381 = ADVANCED_FACE ( 'NONE', ( #6321 ), #801, .T. ) ;
#4382 = CARTESIAN_POINT ( 'NONE',  ( 36.94477099867147274, -12.51215245581865609, 21.99999800000000150 ) ) ;
#4383 = FACE_OUTER_BOUND ( 'NONE', #4750, .T. ) ;
#4384 = CARTESIAN_POINT ( 'NONE',  ( 33.49477099867146990, 9.487847544181342130, 21.99999800000000150 ) ) ;
#4385 = LINE ( 'NONE', #5265, #252 ) ;
#4386 = CARTESIAN_POINT ( 'NONE',  ( 25.03273824915231671, -27.26007005018548668, 22.76874823679971627 ) ) ;
#4387 = DIRECTION ( 'NONE',  ( 0.000000000000000000, 0.000000000000000000, 1.000000000000000000 ) ) ;
#4388 = AXIS2_PLACEMENT_3D ( 'NONE', #24, #8853, #5693 ) ;
#4389 = CARTESIAN_POINT ( 'NONE',  ( -2.369152064475212427, 14.53934961394600656, -54.08619368545092954 ) ) ;
#4390 = CARTESIAN_POINT ( 'NONE',  ( 25.61531719476471380, -27.24583737430879538, 22.90320450245812722 ) ) ;
#4391 = ORIENTED_EDGE ( 'NONE', *, *, #7785, .F. ) ;
#4392 = DIRECTION ( 'NONE',  ( -0.000000000000000000, -0.000000000000000000, 1.000000000000000000 ) ) ;
#4393 = EDGE_CURVE ( 'NONE', #8721, #8321, #2228, .T. ) ;
#4394 = AXIS2_PLACEMENT_3D ( 'NONE', #7211, #6267, #4739 ) ;
#4395 = ORIENTED_EDGE ( 'NONE', *, *, #10297, .T. ) ;
#4396 = DIRECTION ( 'NONE',  ( 0.000000000000000000, 0.000000000000000000, 1.000000000000000000 ) ) ;
#4397 = PLANE ( 'NONE',  #9224 ) ;
#4398 = PLANE ( 'NONE',  #307 ) ;
#4399 = CARTESIAN_POINT ( 'NONE',  ( 32.20649282690607862, 12.22185072041135889, 19.20359732000000008 ) ) ;
#4400 = CIRCLE ( 'NONE', #6756, 1.000000000000000888 ) ;
#4401 = CARTESIAN_POINT ( 'NONE',  ( 30.79477099867147061, -1.512152455818657204, 21.99999800000000150 ) ) ;
#4402 = ORIENTED_EDGE ( 'NONE', *, *, #2649, .T. ) ;
#4403 = CARTESIAN_POINT ( 'NONE',  ( -8.277298637462395803, 20.27296363405889323, -54.10736810734958624 ) ) ;
#4404 = AXIS2_PLACEMENT_3D ( 'NONE', #7018, #5437, #8802 ) ;
#4405 = ORIENTED_EDGE ( 'NONE', *, *, #141, .T. ) ;
#4406 = DIRECTION ( 'NONE',  ( 1.000000000000000000, 0.000000000000000000, 0.000000000000000000 ) ) ;
#4407 = ORIENTED_EDGE ( 'NONE', *, *, #9139, .T. ) ;
#4408 = VERTEX_POINT ( 'NONE', #3120 ) ;
#4409 = CARTESIAN_POINT ( 'NONE',  ( 25.46766374249235199, 24.22637759991229700, 22.85806666458995196 ) ) ;
#4410 = FACE_OUTER_BOUND ( 'NONE', #7147, .T. ) ;
#4411 = AXIS2_PLACEMENT_3D ( 'NONE', #4272, #7483, #335 ) ;
#4412 = DIRECTION ( 'NONE',  ( 0.000000000000000000, 0.000000000000000000, -1.000000000000000000 ) ) ;
#4413 = CARTESIAN_POINT ( 'NONE',  ( 30.79477099867147061, 9.487847544181342130, 22.99999800000001215 ) ) ;
#4414 = EDGE_CURVE ( 'NONE', #8534, #8576, #10368, .T. ) ;
#4415 = DIRECTION ( 'NONE',  ( 0.000000000000000000, 0.000000000000000000, -1.000000000000000000 ) ) ;
#4416 = AXIS2_PLACEMENT_3D ( 'NONE', #8089, #7290, #5765 ) ;
#4417 = DIRECTION ( 'NONE',  ( 0.000000000000000000, 0.000000000000000000, -1.000000000000000000 ) ) ;
#4418 = ORIENTED_EDGE ( 'NONE', *, *, #6499, .T. ) ;
#4419 = EDGE_CURVE ( 'NONE', #6705, #6133, #1596, .T. ) ;
#4420 = EDGE_LOOP ( 'NONE', ( #5355, #8323, #8712, #389 ) ) ;
#4421 = CARTESIAN_POINT ( 'NONE',  ( 30.79477099867147061, 9.487847544181342130, 21.99999800000000150 ) ) ;
#4422 = ORIENTED_EDGE ( 'NONE', *, *, #3416, .T. ) ;
#4423 = FACE_OUTER_BOUND ( 'NONE', #554, .T. ) ;
#4424 = CARTESIAN_POINT ( 'NONE',  ( 17.87849142309807249, -1.524148547166637613, 22.99999800000000505 ) ) ;
#4425 = CARTESIAN_POINT ( 'NONE',  ( 19.01847150889784643, -6.067398810601707382, 21.96359842000000029 ) ) ;
#4426 = EDGE_LOOP ( 'NONE', ( #1945, #5760, #2094, #3511 ) ) ;
#4427 = DIRECTION ( 'NONE',  ( -1.000000000000000000, 0.000000000000000000, 0.000000000000000000 ) ) ;
#4428 = EDGE_CURVE ( 'NONE', #9258, #6380, #7108, .T. ) ;
#4429 = DIRECTION ( 'NONE',  ( 0.000000000000000000, 1.000000000000000000, 0.000000000000000000 ) ) ;
#4430 = CARTESIAN_POINT ( 'NONE',  ( 11.25055410581080828, 7.426722893499332123, 40.75345354922610142 ) ) ;
#4431 = EDGE_CURVE ( 'NONE', #8538, #9417, #6269, .T. ) ;
#4432 = ADVANCED_FACE ( 'NONE', ( #10373 ), #1497, .F. ) ;
#4433 = DIRECTION ( 'NONE',  ( -1.000000000000000000, -5.421010862428621645E-16, 0.000000000000000000 ) ) ;
#4434 = EDGE_LOOP ( 'NONE', ( #4117, #3553, #3481, #9143 ) ) ;
#4435 = CARTESIAN_POINT ( 'NONE',  ( 24.82429675752350562, -27.16861392332160818, 22.84507791012854483 ) ) ;
#4436 = CARTESIAN_POINT ( 'NONE',  ( 39.20749282690607629, -9.733150561326645800, 18.40359731999999937 ) ) ;
#4437 = DIRECTION ( 'NONE',  ( 0.000000000000000000, 0.000000000000000000, -1.000000000000000000 ) ) ;
#4438 = DIRECTION ( 'NONE',  ( 1.000000000000000000, 8.965517964783817560E-16, 0.000000000000000000 ) ) ;
#4439 = ORIENTED_EDGE ( 'NONE', *, *, #4891, .F. ) ;
#4440 = DIRECTION ( 'NONE',  ( -0.7114425483935333805, -0.7027442638224198346, 0.000000000000000000 ) ) ;
#4441 = AXIS2_PLACEMENT_3D ( 'NONE', #2194, #8714, #6284 ) ;
#4442 = ORIENTED_EDGE ( 'NONE', *, *, #6674, .T. ) ;
#4443 = ADVANCED_FACE ( 'NONE', ( #648 ), #9533, .F. ) ;
#4444 = ADVANCED_FACE ( 'NONE', ( #2334, #10215 ), #6422, .T. ) ;
#4445 = AXIS2_PLACEMENT_3D ( 'NONE', #6113, #4334, #3541 ) ;
#4446 = DIRECTION ( 'NONE',  ( 1.000000000000000000, 0.000000000000000000, 0.000000000000000000 ) ) ;
#4447 = CARTESIAN_POINT ( 'NONE',  ( 12.20349142309808066, -1.524148547166637835, 21.40359731999999937 ) ) ;
#4448 = LINE ( 'NONE', #6128, #1318 ) ;
#4449 = CARTESIAN_POINT ( 'NONE',  ( 39.08049337622307462, 7.319848523146356811, 18.40359731999999937 ) ) ;
#4450 = PLANE ( 'NONE',  #9107 ) ;
#4451 = CARTESIAN_POINT ( 'NONE',  ( -2.749414949113187401, 14.69510898060483228, -51.08534187601787124 ) ) ;
#4452 = ORIENTED_EDGE ( 'NONE', *, *, #1187, .F. ) ;
#4453 = FACE_OUTER_BOUND ( 'NONE', #16, .T. ) ;
#4454 = ORIENTED_EDGE ( 'NONE', *, *, #255, .T. ) ;
#4455 = ORIENTED_EDGE ( 'NONE', *, *, #10303, .F. ) ;
#4456 = CARTESIAN_POINT ( 'NONE',  ( 23.57932031894357294, 24.21359082620585568, 22.97596195059185220 ) ) ;
#4457 = CARTESIAN_POINT ( 'NONE',  ( -2.596113778422644014, 14.45866375515925029, -53.68986695703583223 ) ) ;
#4458 = DIRECTION ( 'NONE',  ( 0.000000000000000000, 0.000000000000000000, -1.000000000000000000 ) ) ;
#4459 = AXIS2_PLACEMENT_3D ( 'NONE', #10095, #2009, #1173 ) ;
#4460 = VECTOR ( 'NONE', #8092, 1000.000000000000000 ) ;
#4461 = CARTESIAN_POINT ( 'NONE',  ( -2.317890816613132454, 14.46779735858533122, -51.33226362200910842 ) ) ;
#4462 = PLANE ( 'NONE',  #2472 ) ;
#4463 = CIRCLE ( 'NONE', #9340, 0.7500000000000006661 ) ;
#4464 = FACE_OUTER_BOUND ( 'NONE', #9621, .T. ) ;
#4465 = ORIENTED_EDGE ( 'NONE', *, *, #8032, .T. ) ;
#4466 = ORIENTED_EDGE ( 'NONE', *, *, #7280, .F. ) ;
#4467 = DIRECTION ( 'NONE',  ( 1.000000000000000000, 0.000000000000000000, 0.000000000000000000 ) ) ;
#4468 = VECTOR ( 'NONE', #9055, 1000.000000000000000 ) ;
#4469 = ORIENTED_EDGE ( 'NONE', *, *, #7579, .F. ) ;
#4470 = CARTESIAN_POINT ( 'NONE',  ( 24.31561095133996986, -27.16736529095743791, 22.86492054295144527 ) ) ;
#4471 = CARTESIAN_POINT ( 'NONE',  ( 7.030438470952720564, 0.08678555641701307666, 21.40359731999999937 ) ) ;
#4472 = VERTEX_POINT ( 'NONE', #1545 ) ;
#4473 = EDGE_CURVE ( 'NONE', #7299, #3734, #3953, .T. ) ;
#4474 = AXIS2_PLACEMENT_3D ( 'NONE', #6162, #1190, #2809 ) ;
#4475 = CARTESIAN_POINT ( 'NONE',  ( 11.23043847095200576, -1.512152455818660757, 18.40359731999999937 ) ) ;
#4476 = CARTESIAN_POINT ( 'NONE',  ( 23.56033325528692401, -27.17965023889413700, 23.05728481166143240 ) ) ;
#4477 = CIRCLE ( 'NONE', #6500, 1.580000000000001625 ) ;
#4478 = CARTESIAN_POINT ( 'NONE',  ( -8.036318017878279818, 20.36529398156440962, -54.40836929442178871 ) ) ;
#4479 = VECTOR ( 'NONE', #15, 1000.000000000000000 ) ;
#4480 = CIRCLE ( 'NONE', #7170, 0.9999999999999991118 ) ;
#4481 = DIRECTION ( 'NONE',  ( 0.000000000000000000, 0.000000000000000000, 1.000000000000000000 ) ) ;
#4482 = VERTEX_POINT ( 'NONE', #4583 ) ;
#4483 = CARTESIAN_POINT ( 'NONE',  ( 25.30815056169950239, -27.16384503834860453, 22.91655583633189508 ) ) ;
#4484 = PLANE ( 'NONE',  #1838 ) ;
#4485 = DIRECTION ( 'NONE',  ( 0.000000000000000000, 0.000000000000000000, -1.000000000000000000 ) ) ;
#4486 = VERTEX_POINT ( 'NONE', #7801 ) ;
#4487 = DIRECTION ( 'NONE',  ( -0.000000000000000000, -0.000000000000000000, 1.000000000000000000 ) ) ;
#4488 = CARTESIAN_POINT ( 'NONE',  ( -8.395937357643822097, 20.63459574532416241, -54.05448547848134666 ) ) ;
#4489 = ADVANCED_FACE ( 'NONE', ( #592 ), #3796, .T. ) ;
#4490 = CIRCLE ( 'NONE', #8358, 24.09999999999935838 ) ;
#4491 = EDGE_CURVE ( 'NONE', #8862, #2224, #2637, .T. ) ;
#4492 = AXIS2_PLACEMENT_3D ( 'NONE', #8716, #7929, #4023 ) ;
#4493 = ORIENTED_EDGE ( 'NONE', *, *, #7529, .T. ) ;
#4494 = CARTESIAN_POINT ( 'NONE',  ( -2.352879846462343050, 14.51673970981708628, -51.18634608149299225 ) ) ;
#4495 = CARTESIAN_POINT ( 'NONE',  ( -8.399774593900685815, 20.35453916251963236, -51.31484783123543991 ) ) ;
#4496 = CARTESIAN_POINT ( 'NONE',  ( -9.933248314829617343, 20.26986520529765912, -37.61027914159473085 ) ) ;
#4497 = LINE ( 'NONE', #3710, #9614 ) ;
#4498 = CARTESIAN_POINT ( 'NONE',  ( 50.48701472144077229, -1.512152455818657204, 3.496201133462653043 ) ) ;
#4499 = VECTOR ( 'NONE', #808, 1000.000000000000000 ) ;
#4500 = ADVANCED_FACE ( 'NONE', ( #59 ), #3479, .F. ) ;
#4501 = EDGE_CURVE ( 'NONE', #6395, #6505, #9056, .T. ) ;
#4502 = CARTESIAN_POINT ( 'NONE',  ( -2.837427862876133577, 14.82678289660504944, -51.01456615356357105 ) ) ;
#4503 = ORIENTED_EDGE ( 'NONE', *, *, #9184, .F. ) ;
#4504 = DIRECTION ( 'NONE',  ( 0.000000000000000000, 0.000000000000000000, 1.000000000000000000 ) ) ;
#4505 = AXIS2_PLACEMENT_3D ( 'NONE', #572, #423, #10195 ) ;
#4506 = ORIENTED_EDGE ( 'NONE', *, *, #7983, .T. ) ;
#4507 = VECTOR ( 'NONE', #5128, 1000.000000000000000 ) ;
#4508 = VERTEX_POINT ( 'NONE', #1800 ) ;
#4509 = CARTESIAN_POINT ( 'NONE',  ( 25.17256886578574182, 24.23356856378586244, 22.78987598034632001 ) ) ;
#4510 = CARTESIAN_POINT ( 'NONE',  ( -24.69849011171107378, -1.512152455818657204, -40.80041777998818020 ) ) ;
#4511 = DIRECTION ( 'NONE',  ( -1.000000000000000000, -0.000000000000000000, 0.000000000000000000 ) ) ;
#4512 = EDGE_CURVE ( 'NONE', #3488, #1034, #460, .T. ) ;
#4513 = CARTESIAN_POINT ( 'NONE',  ( 3.565793776249551961, 13.20082296022724577, 96.03199646221435160 ) ) ;
#4514 = VECTOR ( 'NONE', #4899, 1000.000000000000000 ) ;
#4515 = DIRECTION ( 'NONE',  ( -0.7071067811865536790, 0.000000000000000000, -0.7071067811865414665 ) ) ;
#4516 = EDGE_LOOP ( 'NONE', ( #8892, #3831, #9904, #9110 ) ) ;
#4517 = CARTESIAN_POINT ( 'NONE',  ( -27.86568728706310694, 22.37882621924635629, -32.80041777998817309 ) ) ;
#4518 = ORIENTED_EDGE ( 'NONE', *, *, #5438, .F. ) ;
#4519 = ORIENTED_EDGE ( 'NONE', *, *, #9121, .F. ) ;
#4520 = LINE ( 'NONE', #9212, #972 ) ;
#4521 = ORIENTED_EDGE ( 'NONE', *, *, #3602, .F. ) ;
#4522 = LINE ( 'NONE', #9673, #7904 ) ;
#4523 = CARTESIAN_POINT ( 'NONE',  ( 26.13340465432763793, -27.06614064280134002, 23.15622903510280040 ) ) ;
#4524 = EDGE_LOOP ( 'NONE', ( #60, #1901, #1331, #4206 ) ) ;
#4525 = LINE ( 'NONE', #2957, #1204 ) ;
#4526 = DIRECTION ( 'NONE',  ( 0.000000000000000000, 0.000000000000000000, -1.000000000000000000 ) ) ;
#4527 = ADVANCED_FACE ( 'NONE', ( #6578 ), #9682, .F. ) ;
#4528 = CARTESIAN_POINT ( 'NONE',  ( -8.433157185709802661, 20.66190832125712262, -53.94576728082033412 ) ) ;
#4529 = VERTEX_POINT ( 'NONE', #6526 ) ;
#4530 = PLANE ( 'NONE',  #2811 ) ;
#4531 = LINE ( 'NONE', #7748, #6464 ) ;
#4532 = ORIENTED_EDGE ( 'NONE', *, *, #6977, .F. ) ;
#4533 = DIRECTION ( 'NONE',  ( -0.000000000000000000, -0.000000000000000000, -1.000000000000000000 ) ) ;
#4534 = DIRECTION ( 'NONE',  ( -0.000000000000000000, -0.000000000000000000, 1.000000000000000000 ) ) ;
#4535 = CARTESIAN_POINT ( 'NONE',  ( -2.710885609661339402, 15.00438290546277642, -54.44402961089824089 ) ) ;
#4536 = DIRECTION ( 'NONE',  ( 0.000000000000000000, 0.000000000000000000, -1.000000000000000000 ) ) ;
#4537 = ORIENTED_EDGE ( 'NONE', *, *, #9383, .F. ) ;
#4538 = LINE ( 'NONE', #9488, #9514 ) ;
#4539 = CARTESIAN_POINT ( 'NONE',  ( 14.85349142309807391, -1.524148547166637835, 22.00359731999999724 ) ) ;
#4540 = EDGE_CURVE ( 'NONE', #963, #3954, #2532, .T. ) ;
#4541 = VERTEX_POINT ( 'NONE', #8213 ) ;
#4542 = DIRECTION ( 'NONE',  ( 1.000000000000000000, 0.000000000000000000, 0.000000000000000000 ) ) ;
#4543 = CARTESIAN_POINT ( 'NONE',  ( 32.29477099867147416, -1.512152455818657204, 21.99999800000000150 ) ) ;
#4544 = EDGE_CURVE ( 'NONE', #8697, #3004, #8109, .T. ) ;
#4545 = DIRECTION ( 'NONE',  ( 0.000000000000000000, -0.000000000000000000, 1.000000000000000000 ) ) ;
#4546 = LINE ( 'NONE', #1567, #4751 ) ;
#4547 = EDGE_LOOP ( 'NONE', ( #2524, #271 ) ) ;
#4548 = CARTESIAN_POINT ( 'NONE',  ( -28.50470442265406490, -24.56215207581658788, -32.80041777998817309 ) ) ;
#4549 = AXIS2_PLACEMENT_3D ( 'NONE', #10384, #125, #4706 ) ;
#4550 = CARTESIAN_POINT ( 'NONE',  ( -8.300326218249777455, 20.28842573492640611, -54.08276992914510828 ) ) ;
#4551 =( LENGTH_UNIT ( ) NAMED_UNIT ( * ) SI_UNIT ( .MILLI., .METRE. ) );
#4552 = EDGE_LOOP ( 'NONE', ( #727, #3747, #3862, #4871 ) ) ;
#4553 = DIRECTION ( 'NONE',  ( 1.000000000000000000, 0.000000000000000000, 0.000000000000000000 ) ) ;
#4554 = VERTEX_POINT ( 'NONE', #8839 ) ;
#4555 = AXIS2_PLACEMENT_3D ( 'NONE', #2891, #1422, #2100 ) ;
#4556 = ADVANCED_FACE ( 'NONE', ( #7371 ), #9840, .F. ) ;
#4557 = ADVANCED_FACE ( 'NONE', ( #3269 ), #7421, .F. ) ;
#4558 = ORIENTED_EDGE ( 'NONE', *, *, #9226, .F. ) ;
#4559 = FACE_OUTER_BOUND ( 'NONE', #7098, .T. ) ;
#4560 = CARTESIAN_POINT ( 'NONE',  ( -2.797512340343516701, 14.76742130180167933, -54.20087052069898448 ) ) ;
#4561 = EDGE_CURVE ( 'NONE', #1033, #5759, #101, .T. ) ;
#4562 = CARTESIAN_POINT ( 'NONE',  ( 39.08049337622307462, 7.319848523146356811, 19.20359732000000008 ) ) ;
#4563 = EDGE_CURVE ( 'NONE', #500, #8132, #1454, .T. ) ;
#4564 = CARTESIAN_POINT ( 'NONE',  ( -2.326027178084432379, 14.47918672583256594, -51.29506427915603695 ) ) ;
#4565 = VECTOR ( 'NONE', #3755, 1000.000000000000000 ) ;
#4566 = DIRECTION ( 'NONE',  ( 1.000000000000000000, 0.000000000000000000, 0.000000000000000000 ) ) ;
#4567 =( GEOMETRIC_REPRESENTATION_CONTEXT ( 3 ) GLOBAL_UNCERTAINTY_ASSIGNED_CONTEXT ( ( #9331 ) ) GLOBAL_UNIT_ASSIGNED_CONTEXT ( ( #2541, #8849, #9638 ) ) REPRESENTATION_CONTEXT ( 'NONE', 'WORKASPACE' ) );
#4568 = ORIENTED_EDGE ( 'NONE', *, *, #1115, .F. ) ;
#4569 = CARTESIAN_POINT ( 'NONE',  ( 23.41981193809986905, 24.08827503073510812, 23.11816606549724540 ) ) ;
#4570 = VERTEX_POINT ( 'NONE', #4893 ) ;
#4571 = EDGE_CURVE ( 'NONE', #7394, #4208, #2295, .T. ) ;
#4572 = ORIENTED_EDGE ( 'NONE', *, *, #3000, .F. ) ;
#4573 = ADVANCED_FACE ( 'NONE', ( #4160 ), #1649, .T. ) ;
#4574 = DIRECTION ( 'NONE',  ( 0.7801157678426487996, 0.6256351882393400565, -0.000000000000000000 ) ) ;
#4575 = EDGE_LOOP ( 'NONE', ( #3091, #1328, #4578, #6718, #1102, #7821, #7309, #2512 ) ) ;
#4576 = PLANE ( 'NONE',  #5369 ) ;
#4577 = DIRECTION ( 'NONE',  ( -0.000000000000000000, -0.000000000000000000, -1.000000000000000000 ) ) ;
#4578 = ORIENTED_EDGE ( 'NONE', *, *, #1531, .T. ) ;
#4579 = AXIS2_PLACEMENT_3D ( 'NONE', #10241, #672, #6342 ) ;
#4580 = AXIS2_PLACEMENT_3D ( 'NONE', #2361, #7887, #7035 ) ;
#4581 = FACE_OUTER_BOUND ( 'NONE', #4887, .T. ) ;
#4582 = DIRECTION ( 'NONE',  ( 1.000000000000000000, 0.000000000000000000, 0.000000000000000000 ) ) ;
#4583 = CARTESIAN_POINT ( 'NONE',  ( 45.99477099867146990, 9.487847544181342130, 23.19999800000000079 ) ) ;
#4584 = ORIENTED_EDGE ( 'NONE', *, *, #6600, .F. ) ;
#4585 = CARTESIAN_POINT ( 'NONE',  ( 6.030438470952720564, -1.512152455818667418, 21.40359731999999937 ) ) ;
#4586 = FACE_OUTER_BOUND ( 'NONE', #9623, .T. ) ;
#4587 = ORIENTED_EDGE ( 'NONE', *, *, #5129, .T. ) ;
#4588 = CARTESIAN_POINT ( 'NONE',  ( 23.95814317380163416, -27.16141800631829994, 22.95139999792245433 ) ) ;
#4589 = AXIS2_PLACEMENT_3D ( 'NONE', #5646, #7279, #4964 ) ;
#4590 = DIRECTION ( 'NONE',  ( 0.000000000000000000, 0.000000000000000000, -1.000000000000000000 ) ) ;
#4591 = DIRECTION ( 'NONE',  ( 0.7071067811865443531, -0.7071067811865506814, 0.000000000000000000 ) ) ;
#4592 = LINE ( 'NONE', #1396, #8123 ) ;
#4593 = ORIENTED_EDGE ( 'NONE', *, *, #6345, .T. ) ;
#4594 = CARTESIAN_POINT ( 'NONE',  ( 43.09477099867147132, 9.487847544181342130, 22.99999800000001215 ) ) ;
#4595 = DIRECTION ( 'NONE',  ( 0.000000000000000000, 0.000000000000000000, -1.000000000000000000 ) ) ;
#4596 = AXIS2_PLACEMENT_3D ( 'NONE', #5166, #5953, #1908 ) ;
#4597 = EDGE_LOOP ( 'NONE', ( #4593, #1444, #7284, #905 ) ) ;
#4598 = CARTESIAN_POINT ( 'NONE',  ( 24.69849011171107378, 3.406785556417015748, 21.40359731999999937 ) ) ;
#4599 = CARTESIAN_POINT ( 'NONE',  ( 32.20649282690607151, 7.065850720411353869, 18.40359731999999937 ) ) ;
#4600 = CARTESIAN_POINT ( 'NONE',  ( -8.403564661524827173, 20.35703730015276491, -51.32361472883373921 ) ) ;
#4601 = DIRECTION ( 'NONE',  ( -0.000000000000000000, -0.000000000000000000, -1.000000000000000000 ) ) ;
#4602 = LINE ( 'NONE', #9497, #5423 ) ;
#4603 = ORIENTED_EDGE ( 'NONE', *, *, #8054, .T. ) ;
#4604 = DIRECTION ( 'NONE',  ( -0.7071067811865536790, 0.000000000000000000, 0.7071067811865414665 ) ) ;
#4605 = EDGE_CURVE ( 'NONE', #5417, #3136, #8169, .T. ) ;
#4606 = CIRCLE ( 'NONE', #424, 0.9499999999999925171 ) ;
#4607 = ORIENTED_EDGE ( 'NONE', *, *, #6038, .T. ) ;
#4608 = DIRECTION ( 'NONE',  ( 1.000000000000000000, 0.000000000000000000, 0.000000000000000000 ) ) ;
#4609 = CARTESIAN_POINT ( 'NONE',  ( -8.778039644211862225, 19.38495638061634452, -51.00041577998818099 ) ) ;
#4610 = EDGE_LOOP ( 'NONE', ( #3183, #1272, #6052, #8766 ) ) ;
#4611 = CARTESIAN_POINT ( 'NONE',  ( 23.45441188735911808, 24.20785295735592157, 23.02749112751019922 ) ) ;
#4612 = DIRECTION ( 'NONE',  ( -0.7071067811865536790, 0.000000000000000000, 0.7071067811865414665 ) ) ;
#4613 = CARTESIAN_POINT ( 'NONE',  ( -3.683785251877332634, 14.22764736562128896, -51.59041577998818440 ) ) ;
#4614 = AXIS2_PLACEMENT_3D ( 'NONE', #7316, #116, #1162 ) ;
#4615 = CARTESIAN_POINT ( 'NONE',  ( -0.8515098882889010623, -1.512152455818657204, 23.19999800000000079 ) ) ;
#4616 = ADVANCED_FACE ( 'NONE', ( #856 ), #7259, .F. ) ;
#4617 = DIRECTION ( 'NONE',  ( 0.7114425483935334915, 0.7027442638224199456, -0.000000000000000000 ) ) ;
#4618 = ADVANCED_FACE ( 'NONE', ( #7683 ), #5157, .F. ) ;
#4619 = ORIENTED_EDGE ( 'NONE', *, *, #7836, .F. ) ;
#4620 = CARTESIAN_POINT ( 'NONE',  ( 23.57981788490746311, 24.12709036292463338, 23.08636224920362423 ) ) ;
#4621 = ORIENTED_EDGE ( 'NONE', *, *, #5397, .F. ) ;
#4622 = ORIENTED_EDGE ( 'NONE', *, *, #9722, .T. ) ;
#4623 = PLANE ( 'NONE',  #6488 ) ;
#4624 = VERTEX_POINT ( 'NONE', #10048 ) ;
#4625 = CARTESIAN_POINT ( 'NONE',  ( 24.50242661343561323, -27.16880350369823915, 22.84220154172476214 ) ) ;
#4626 = DIRECTION ( 'NONE',  ( 0.7114425483935334915, 0.7027442638224199456, -0.000000000000000000 ) ) ;
#4627 = ORIENTED_EDGE ( 'NONE', *, *, #3534, .F. ) ;
#4628 = VECTOR ( 'NONE', #4275, 1000.000000000000000 ) ;
#4629 = CARTESIAN_POINT ( 'NONE',  ( -40.99730114935989178, 14.78665858183135562, -49.28569915422676218 ) ) ;
#4630 = ADVANCED_FACE ( 'NONE', ( #3730 ), #6883, .T. ) ;
#4631 = DIRECTION ( 'NONE',  ( 0.000000000000000000, 0.000000000000000000, 1.000000000000000000 ) ) ;
#4632 = CIRCLE ( 'NONE', #2793, 2.550000000000000266 ) ;
#4633 = ADVANCED_FACE ( 'NONE', ( #1113 ), #1953, .F. ) ;
#4634 = AXIS2_PLACEMENT_3D ( 'NONE', #5263, #2958, #5373 ) ;
#4635 = DIRECTION ( 'NONE',  ( -1.000000000000000000, 0.000000000000000000, 0.000000000000000000 ) ) ;
#4636 = ORIENTED_EDGE ( 'NONE', *, *, #6435, .T. ) ;
#4637 = CARTESIAN_POINT ( 'NONE',  ( 1.931673420650977580, -3.529058565625956323, 18.40359731999999937 ) ) ;
#4638 = CARTESIAN_POINT ( 'NONE',  ( 29.79477099867146350, -1.512152455818658092, 23.19999800000000079 ) ) ;
#4639 = ORIENTED_EDGE ( 'NONE', *, *, #3741, .T. ) ;
#4640 = CARTESIAN_POINT ( 'NONE',  ( 23.75491416597474625, -27.15659988034370187, 23.01790236318688443 ) ) ;
#4641 = FACE_OUTER_BOUND ( 'NONE', #7398, .T. ) ;
#4642 = VECTOR ( 'NONE', #2844, 1000.000000000000000 ) ;
#4643 = CARTESIAN_POINT ( 'NONE',  ( 9.757127334645465666, 20.16271390881006909, 11.22457852691048430 ) ) ;
#4644 = VECTOR ( 'NONE', #5451, 1000.000000000000000 ) ;
#4645 = DIRECTION ( 'NONE',  ( 1.000000000000000000, 0.000000000000000000, 0.000000000000000000 ) ) ;
#4646 = ORIENTED_EDGE ( 'NONE', *, *, #3115, .T. ) ;
#4647 = LINE ( 'NONE', #3702, #8351 ) ;
#4648 = AXIS2_PLACEMENT_3D ( 'NONE', #4251, #3564, #7460 ) ;
#4649 = DIRECTION ( 'NONE',  ( -0.000000000000000000, 1.000000000000000000, 0.000000000000000000 ) ) ;
#4650 = CIRCLE ( 'NONE', #6659, 2.550000000000000266 ) ;
#4651 = VECTOR ( 'NONE', #6706, 1000.000000000000000 ) ;
#4652 = ORIENTED_EDGE ( 'NONE', *, *, #4812, .T. ) ;
#4653 = AXIS2_PLACEMENT_3D ( 'NONE', #3513, #4202, #3411 ) ;
#4654 = LINE ( 'NONE', #3921, #8048 ) ;
#4655 = CARTESIAN_POINT ( 'NONE',  ( -24.69849011171107378, -1.512152455818657204, -138.7821617105083760 ) ) ;
#4656 = CARTESIAN_POINT ( 'NONE',  ( 7.630438470952408458, 0.8867855564166542415, 22.99999800000001215 ) ) ;
#4657 = LINE ( 'NONE', #7078, #9709 ) ;
#4658 = CARTESIAN_POINT ( 'NONE',  ( 1.931601193216472057, 0.5709414337378492244, 3.496201133462653043 ) ) ;
#4659 = EDGE_LOOP ( 'NONE', ( #4519, #2764, #910, #713 ) ) ;
#4660 = VECTOR ( 'NONE', #7261, 1000.000000000000000 ) ;
#4661 = STYLED_ITEM ( 'NONE', ( #1991 ), #2619 ) ;
#4662 = AXIS2_PLACEMENT_3D ( 'NONE', #5118, #1134, #6900 ) ;
#4663 = DIRECTION ( 'NONE',  ( 1.000000000000000000, 0.000000000000000000, 0.000000000000000000 ) ) ;
#4664 = VECTOR ( 'NONE', #8992, 1000.000000000000000 ) ;
#4665 = ORIENTED_EDGE ( 'NONE', *, *, #1110, .T. ) ;
#4666 = EDGE_CURVE ( 'NONE', #5894, #1829, #2959, .T. ) ;
#4667 = DIRECTION ( 'NONE',  ( 1.000000000000000000, 0.000000000000000000, 0.000000000000000000 ) ) ;
#4668 = FACE_OUTER_BOUND ( 'NONE', #6917, .T. ) ;
#4669 = VERTEX_POINT ( 'NONE', #3528 ) ;
#4670 = CARTESIAN_POINT ( 'NONE',  ( 26.24459279878851703, 24.19138944954939419, 23.17106748031104502 ) ) ;
#4671 = DIRECTION ( 'NONE',  ( 0.000000000000000000, 0.000000000000000000, 1.000000000000000000 ) ) ;
#4672 = DIRECTION ( 'NONE',  ( 1.355252715607189184E-16, -1.000000000000000000, 0.000000000000000000 ) ) ;
#4673 = VECTOR ( 'NONE', #3332, 1000.000000000000000 ) ;
#4674 = DIRECTION ( 'NONE',  ( -1.000000000000000000, 0.000000000000000000, 0.000000000000000000 ) ) ;
#4675 = CARTESIAN_POINT ( 'NONE',  ( 14.85349142309807391, -1.524148547166637835, 22.00359731999999724 ) ) ;
#4676 = AXIS2_PLACEMENT_3D ( 'NONE', #7041, #2365, #9462 ) ;
#4677 = EDGE_CURVE ( 'NONE', #791, #5756, #3292, .T. ) ;
#4678 = VECTOR ( 'NONE', #6636, 999.9999999999998863 ) ;
#4679 = ORIENTED_EDGE ( 'NONE', *, *, #4563, .T. ) ;
#4680 = CARTESIAN_POINT ( 'NONE',  ( 38.89477099867147558, 9.487847544181342130, 21.99999800000000150 ) ) ;
#4681 = VERTEX_POINT ( 'NONE', #1324 ) ;
#4682 = VERTEX_POINT ( 'NONE', #4517 ) ;
#4683 = CARTESIAN_POINT ( 'NONE',  ( 9.082623226170039032, 7.473333429580441667, 40.75345354922610142 ) ) ;
#4684 = ORIENTED_EDGE ( 'NONE', *, *, #9126, .F. ) ;
#4685 = FACE_OUTER_BOUND ( 'NONE', #2238, .T. ) ;
#4686 = EDGE_CURVE ( 'NONE', #6411, #9105, #8494, .T. ) ;
#4687 = PLANE ( 'NONE',  #6255 ) ;
#4688 = ORIENTED_EDGE ( 'NONE', *, *, #3419, .T. ) ;
#4689 = AXIS2_PLACEMENT_3D ( 'NONE', #3773, #520, #2152 ) ;
#4690 = VECTOR ( 'NONE', #7659, 1000.000000000000000 ) ;
#4691 = CARTESIAN_POINT ( 'NONE',  ( -2.792713081381824836, 14.76026155230850279, -51.04339152952328362 ) ) ;
#4692 = LINE ( 'NONE', #538, #449 ) ;
#4693 = EDGE_CURVE ( 'NONE', #4208, #495, #5100, .T. ) ;
#4694 = DIRECTION ( 'NONE',  ( -0.000000000000000000, -0.000000000000000000, 1.000000000000000000 ) ) ;
#4695 = VECTOR ( 'NONE', #1078, 1000.000000000000000 ) ;
#4696 = EDGE_LOOP ( 'NONE', ( #2784, #5144, #1221, #428 ) ) ;
#4697 = PLANE ( 'NONE',  #3160 ) ;
#4698 = DIRECTION ( 'NONE',  ( 1.000000000000000000, 0.000000000000000000, 0.000000000000000000 ) ) ;
#4699 = EDGE_LOOP ( 'NONE', ( #6401, #9321, #5655, #4646 ) ) ;
#4700 = FACE_OUTER_BOUND ( 'NONE', #8159, .T. ) ;
#4701 = EDGE_CURVE ( 'NONE', #7364, #8265, #6730, .T. ) ;
#4702 = FACE_OUTER_BOUND ( 'NONE', #87, .T. ) ;
#4703 = CARTESIAN_POINT ( 'NONE',  ( 14.85349142309807391, -1.524148547166637835, 22.00359731999999724 ) ) ;
#4704 = ORIENTED_EDGE ( 'NONE', *, *, #6163, .F. ) ;
#4705 = DIRECTION ( 'NONE',  ( 1.000000000000000000, 0.000000000000000000, 0.000000000000000000 ) ) ;
#4706 = DIRECTION ( 'NONE',  ( 1.000000000000000000, 0.000000000000000000, 0.000000000000000000 ) ) ;
#4707 = B_SPLINE_CURVE_WITH_KNOTS ( 'NONE', 3,
 ( #2577, #1053, #317, #3371, #7521, #6463 ),
 .UNSPECIFIED., .F., .F.,
 ( 4, 2, 4 ),
 ( 0.000000000000000000, 0.5000000000000000000, 1.000000000000000000 ),
 .UNSPECIFIED. ) ;
#4708 = EDGE_CURVE ( 'NONE', #1643, #2588, #3131, .T. ) ;
#4709 = ADVANCED_FACE ( 'NONE', ( #6051 ), #1219, .T. ) ;
#4710 = ORIENTED_EDGE ( 'NONE', *, *, #2248, .F. ) ;
#4711 = FACE_OUTER_BOUND ( 'NONE', #5725, .T. ) ;
#4712 = DIRECTION ( 'NONE',  ( -1.000000000000000000, 0.000000000000000000, 0.000000000000000000 ) ) ;
#4713 = DIRECTION ( 'NONE',  ( -1.000000000000000000, 0.000000000000000000, 0.000000000000000000 ) ) ;
#4714 = EDGE_CURVE ( 'NONE', #2470, #1638, #445, .T. ) ;
#4715 = DIRECTION ( 'NONE',  ( 1.000000000000000000, 0.000000000000000000, 0.000000000000000000 ) ) ;
#4716 = FACE_OUTER_BOUND ( 'NONE', #4818, .T. ) ;
#4717 = ORIENTED_EDGE ( 'NONE', *, *, #3534, .T. ) ;
#4718 = ORIENTED_EDGE ( 'NONE', *, *, #78, .F. ) ;
#4719 = CARTESIAN_POINT ( 'NONE',  ( -21.94849011171107378, 21.53784716417644063, -40.80041777998818020 ) ) ;
#4720 = FACE_OUTER_BOUND ( 'NONE', #4735, .T. ) ;
#4721 = ORIENTED_EDGE ( 'NONE', *, *, #1571, .F. ) ;
#4722 = CARTESIAN_POINT ( 'NONE',  ( 24.96258564039007410, 24.14364736071763318, 22.85526548685876236 ) ) ;
#4723 = CARTESIAN_POINT ( 'NONE',  ( 39.08049337622307462, 11.47584852314635206, 19.20359732000000008 ) ) ;
#4724 = EDGE_CURVE ( 'NONE', #1696, #8901, #3145, .T. ) ;
#4725 = CARTESIAN_POINT ( 'NONE',  ( -24.69849011171107378, -1.512152455818657204, -40.80041777998818020 ) ) ;
#4726 = AXIS2_PLACEMENT_3D ( 'NONE', #5798, #7595, #3590 ) ;
#4727 = CARTESIAN_POINT ( 'NONE',  ( 37.69477099867147274, 9.487847544181342130, 22.99999800000001215 ) ) ;
#4728 = CARTESIAN_POINT ( 'NONE',  ( 8.630438470952455532, -8.063214443583346380, 22.99999800000001215 ) ) ;
#4729 = AXIS2_PLACEMENT_3D ( 'NONE', #9989, #476, #2052 ) ;
#4730 = EDGE_LOOP ( 'NONE', ( #5000, #5673, #6891, #612 ) ) ;
#4731 = DIRECTION ( 'NONE',  ( 0.000000000000000000, 0.000000000000000000, -1.000000000000000000 ) ) ;
#4732 = EDGE_LOOP ( 'NONE', ( #402, #748 ) ) ;
#4733 = ORIENTED_EDGE ( 'NONE', *, *, #959, .T. ) ;
#4734 = DIRECTION ( 'NONE',  ( -1.000000000000000000, 0.000000000000000000, 0.000000000000000000 ) ) ;
#4735 = EDGE_LOOP ( 'NONE', ( #9431, #4918, #6307, #3995 ) ) ;
#4736 = DIRECTION ( 'NONE',  ( 0.000000000000000000, 0.000000000000000000, 1.000000000000000000 ) ) ;
#4737 = LINE ( 'NONE', #1728, #6081 ) ;
#4738 = ORIENTED_EDGE ( 'NONE', *, *, #3015, .F. ) ;
#4739 = DIRECTION ( 'NONE',  ( -1.000000000000000000, 0.000000000000000000, -0.000000000000000000 ) ) ;
#4740 = CYLINDRICAL_SURFACE ( 'NONE', #2302, 0.9999999999999991118 ) ;
#4741 = EDGE_CURVE ( 'NONE', #495, #10381, #4800, .T. ) ;
#4742 = DIRECTION ( 'NONE',  ( 0.000000000000000000, 0.000000000000000000, -1.000000000000000000 ) ) ;
#4743 = ORIENTED_EDGE ( 'NONE', *, *, #3783, .F. ) ;
#4744 = CYLINDRICAL_SURFACE ( 'NONE', #4823, 0.2000000000000005107 ) ;
#4745 = CARTESIAN_POINT ( 'NONE',  ( -20.89227580076976309, 21.53784716417489165, -40.80041777998818020 ) ) ;
#4746 = ORIENTED_EDGE ( 'NONE', *, *, #5591, .T. ) ;
#4747 = DIRECTION ( 'NONE',  ( 0.7027442638224199456, -0.7114425483935334915, 0.000000000000000000 ) ) ;
#4748 = CARTESIAN_POINT ( 'NONE',  ( 32.20649282690607862, 12.22185072041135889, 19.20359732000000008 ) ) ;
#4749 = CARTESIAN_POINT ( 'NONE',  ( 27.89477099867148269, -1.512152455818657204, 23.19999800000000079 ) ) ;
#4750 = EDGE_LOOP ( 'NONE', ( #8520, #2696, #6444, #6519, #2978, #4407, #9967, #9826 ) ) ;
#4751 = VECTOR ( 'NONE', #3142, 1000.000000000000000 ) ;
#4752 = CARTESIAN_POINT ( 'NONE',  ( 35.98149282690607009, 6.065850720411352981, 19.20359732000000008 ) ) ;
#4753 = EDGE_CURVE ( 'NONE', #1069, #1575, #6819, .T. ) ;
#4754 = CARTESIAN_POINT ( 'NONE',  ( 28.09477099867147487, 9.487847544181342130, 21.99999800000000150 ) ) ;
#4755 = CARTESIAN_POINT ( 'NONE',  ( 38.89477099867147558, -12.51215245581865609, 22.99999800000001215 ) ) ;
#4756 = ADVANCED_FACE ( 'NONE', ( #4464 ), #5304, .F. ) ;
#4757 = DIRECTION ( 'NONE',  ( -0.000000000000000000, -0.000000000000000000, 1.000000000000000000 ) ) ;
#4758 = CARTESIAN_POINT ( 'NONE',  ( 15.84674818352332970, 14.14423731477149637, 40.75345354922610142 ) ) ;
#4759 = CARTESIAN_POINT ( 'NONE',  ( -8.094614935487536300, 20.40957032211835553, -50.86082390568457612 ) ) ;
#4760 = CARTESIAN_POINT ( 'NONE',  ( 8.630438470952363161, 5.206785556416654082, 23.19999800000000079 ) ) ;
#4761 = CARTESIAN_POINT ( 'NONE',  ( 25.05949410864506532, -3.967150744431636955, 18.40359731999999937 ) ) ;
#4762 = ORIENTED_EDGE ( 'NONE', *, *, #3727, .T. ) ;
#4763 = CIRCLE ( 'NONE', #6104, 0.7500000000000006661 ) ;
#4764 = VECTOR ( 'NONE', #3240, 1000.000000000000000 ) ;
#4765 = ADVANCED_FACE ( 'NONE', ( #9101 ), #4968, .F. ) ;
#4766 = SHAPE_DEFINITION_REPRESENTATION ( #7597, #3013 ) ;
#4767 = EDGE_CURVE ( 'NONE', #6058, #3743, #5135, .T. ) ;
#4768 = VERTEX_POINT ( 'NONE', #789 ) ;
#4769 = AXIS2_PLACEMENT_3D ( 'NONE', #9236, #10075, #6811 ) ;
#4770 = DIRECTION ( 'NONE',  ( 0.000000000000000000, 0.000000000000000000, -1.000000000000000000 ) ) ;
#4771 = DIRECTION ( 'NONE',  ( -0.000000000000000000, -0.000000000000000000, 1.000000000000000000 ) ) ;
#4772 = ORIENTED_EDGE ( 'NONE', *, *, #4605, .F. ) ;
#4773 = CARTESIAN_POINT ( 'NONE',  ( 24.57268346589864905, 24.14430901168429600, 22.84507791012851641 ) ) ;
#4774 = CARTESIAN_POINT ( 'NONE',  ( 9.129233762251150353, 7.426722893499330347, 21.96359842000000029 ) ) ;
#4775 = CARTESIAN_POINT ( 'NONE',  ( 24.69849011171107378, 21.53784716418134693, 21.59999799999998160 ) ) ;
#4776 = VECTOR ( 'NONE', #6907, 1000.000000000000000 ) ;
#4777 = CARTESIAN_POINT ( 'NONE',  ( -39.59033905356793070, -20.46057811846635843, -32.80041777998817309 ) ) ;
#4778 = DIRECTION ( 'NONE',  ( 0.000000000000000000, 0.000000000000000000, 1.000000000000000000 ) ) ;
#4779 = ORIENTED_EDGE ( 'NONE', *, *, #2663, .F. ) ;
#4780 = FACE_OUTER_BOUND ( 'NONE', #8874, .T. ) ;
#4781 = ORIENTED_EDGE ( 'NONE', *, *, #9058, .F. ) ;
#4782 = ORIENTED_EDGE ( 'NONE', *, *, #10395, .F. ) ;
#4783 = AXIS2_PLACEMENT_3D ( 'NONE', #1865, #9752, #5064 ) ;
#4784 = ORIENTED_EDGE ( 'NONE', *, *, #2037, .T. ) ;
#4785 = CARTESIAN_POINT ( 'NONE',  ( 21.62782457946374137, -4.620825445397462872, 23.19999800000000079 ) ) ;
#4786 = VERTEX_POINT ( 'NONE', #4680 ) ;
#4787 = CARTESIAN_POINT ( 'NONE',  ( -2.855788662428071500, 14.85389910784715006, -51.00602563954154078 ) ) ;
#4788 = FACE_OUTER_BOUND ( 'NONE', #6086, .T. ) ;
#4789 = DIRECTION ( 'NONE',  ( 0.000000000000000000, 0.000000000000000000, -1.000000000000000000 ) ) ;
#4790 = ORIENTED_EDGE ( 'NONE', *, *, #10362, .F. ) ;
#4791 = LINE ( 'NONE', #9429, #2654 ) ;
#4792 = CARTESIAN_POINT ( 'NONE',  ( 25.20060568203556883, 24.23299893600866994, 22.79532957556297390 ) ) ;
#4793 = EDGE_CURVE ( 'NONE', #6571, #2818, #3163, .T. ) ;
#4794 = EDGE_LOOP ( 'NONE', ( #2558, #1750, #9568, #2362 ) ) ;
#4795 = LINE ( 'NONE', #1757, #4514 ) ;
#4796 = LINE ( 'NONE', #9435, #4841 ) ;
#4797 = CARTESIAN_POINT ( 'NONE',  ( 35.98149227759007118, -9.733150561326636918, 19.20359732000000008 ) ) ;
#4798 = ORIENTED_EDGE ( 'NONE', *, *, #2348, .F. ) ;
#4799 = ADVANCED_FACE ( 'NONE', ( #7997 ), #6932, .F. ) ;
#4800 = CIRCLE ( 'NONE', #4459, 1.000000000000000888 ) ;
#4801 = DIRECTION ( 'NONE',  ( -0.000000000000000000, -0.000000000000000000, 1.000000000000000000 ) ) ;
#4802 = DIRECTION ( 'NONE',  ( 0.000000000000000000, 0.000000000000000000, 1.000000000000000000 ) ) ;
#4803 = CIRCLE ( 'NONE', #6141, 2.999999999999999112 ) ;
#4804 = VECTOR ( 'NONE', #159, 1000.000000000000000 ) ;
#4805 = DIRECTION ( 'NONE',  ( -0.000000000000000000, -0.000000000000000000, 1.000000000000000000 ) ) ;
#4806 = FACE_OUTER_BOUND ( 'NONE', #4552, .T. ) ;
#4807 = CARTESIAN_POINT ( 'NONE',  ( -8.424645153458071078, 20.65566197325289366, -51.27023511561478131 ) ) ;
#4808 = CARTESIAN_POINT ( 'NONE',  ( -24.69849011171107378, 21.53784716418134693, -60.29962500960238714 ) ) ;
#4809 = DIRECTION ( 'NONE',  ( 1.000000000000000000, 0.000000000000000000, 0.000000000000000000 ) ) ;
#4810 = ORIENTED_EDGE ( 'NONE', *, *, #6214, .T. ) ;
#4811 = VECTOR ( 'NONE', #1797, 1000.000000000000000 ) ;
#4812 = EDGE_CURVE ( 'NONE', #9, #329, #8042, .T. ) ;
#4813 = EDGE_CURVE ( 'NONE', #3055, #2932, #6646, .T. ) ;
#4814 = AXIS2_PLACEMENT_3D ( 'NONE', #3030, #2346, #9438 ) ;
#4815 = VECTOR ( 'NONE', #4919, 1000.000000000000000 ) ;
#4816 = AXIS2_PLACEMENT_3D ( 'NONE', #3254, #840, #96 ) ;
#4817 = ORIENTED_EDGE ( 'NONE', *, *, #1185, .T. ) ;
#4818 = EDGE_LOOP ( 'NONE', ( #193, #8889, #3179, #2873 ) ) ;
#4819 = DIRECTION ( 'NONE',  ( -1.000000000000000000, -5.421010862428621645E-16, 0.000000000000000000 ) ) ;
#4820 = DIRECTION ( 'NONE',  ( 1.000000000000000000, 0.000000000000000000, 0.000000000000000000 ) ) ;
#4821 = VERTEX_POINT ( 'NONE', #736 ) ;
#4822 = CARTESIAN_POINT ( 'NONE',  ( 24.86586022432121013, 24.14415834350917933, 22.84740557447105758 ) ) ;
#4823 = AXIS2_PLACEMENT_3D ( 'NONE', #8748, #7963, #10375 ) ;
#4824 = CARTESIAN_POINT ( 'NONE',  ( -2.917866466269913417, 14.94471180719090420, -54.25041577998818099 ) ) ;
#4825 = DIRECTION ( 'NONE',  ( 0.000000000000000000, 0.000000000000000000, -1.000000000000000000 ) ) ;
#4826 = ADVANCED_FACE ( 'NONE', ( #2370 ), #5564, .F. ) ;
#4827 = CARTESIAN_POINT ( 'NONE',  ( 50.40274923216528435, 0.5708896981429668616, 18.40359731999999937 ) ) ;
#4828 = FACE_OUTER_BOUND ( 'NONE', #4000, .T. ) ;
#4829 = AXIS2_PLACEMENT_3D ( 'NONE', #5726, #5886, #4308 ) ;
#4830 = ORIENTED_EDGE ( 'NONE', *, *, #3103, .T. ) ;
#4831 = CARTESIAN_POINT ( 'NONE',  ( -24.69849011171107378, -1.512152455818657204, -40.80041777998818020 ) ) ;
#4832 = ORIENTED_EDGE ( 'NONE', *, *, #3544, .T. ) ;
#4833 = CIRCLE ( 'NONE', #2998, 27.29999999999998295 ) ;
#4834 = ORIENTED_EDGE ( 'NONE', *, *, #6970, .F. ) ;
#4835 = ORIENTED_EDGE ( 'NONE', *, *, #6717, .F. ) ;
#4836 = DIRECTION ( 'NONE',  ( 1.000000000000000000, 0.000000000000000000, 0.000000000000000000 ) ) ;
#4837 = EDGE_CURVE ( 'NONE', #2667, #5478, #4632, .T. ) ;
#4838 = ORIENTED_EDGE ( 'NONE', *, *, #5202, .F. ) ;
#4839 = CARTESIAN_POINT ( 'NONE',  ( 36.94477099867147274, -12.51215245581865609, 21.99999800000000150 ) ) ;
#4840 = VECTOR ( 'NONE', #4885, 1000.000000000000000 ) ;
#4841 = VECTOR ( 'NONE', #10226, 1000.000000000000000 ) ;
#4842 = CARTESIAN_POINT ( 'NONE',  ( 31.33349227759007505, -14.01615056132663995, 19.20359732000000008 ) ) ;
#4843 = DIRECTION ( 'NONE',  ( 1.000000000000000000, 0.000000000000000000, 0.000000000000000000 ) ) ;
#4844 = ORIENTED_EDGE ( 'NONE', *, *, #1031, .F. ) ;
#4845 = DIRECTION ( 'NONE',  ( 1.000000000000000000, -1.774174070494366558E-15, 0.000000000000000000 ) ) ;
#4846 = FACE_BOUND ( 'NONE', #5030, .T. ) ;
#4847 = VERTEX_POINT ( 'NONE', #8780 ) ;
#4848 = AXIS2_PLACEMENT_3D ( 'NONE', #3937, #4672, #8090 ) ;
#4849 = LINE ( 'NONE', #6476, #10400 ) ;
#4850 = CIRCLE ( 'NONE', #324, 25.74999999999999645 ) ;
#4851 = DIRECTION ( 'NONE',  ( 0.000000000000000000, 1.000000000000000000, 0.000000000000000000 ) ) ;
#4852 = EDGE_LOOP ( 'NONE', ( #6634, #700, #6554, #2123 ) ) ;
#4853 = DIRECTION ( 'NONE',  ( -1.000000000000000000, 0.000000000000000000, 0.000000000000000000 ) ) ;
#4854 = CARTESIAN_POINT ( 'NONE',  ( 8.630438470952455532, -8.063214443583346380, 8.998998000000000275 ) ) ;
#4855 = EDGE_CURVE ( 'NONE', #7560, #7204, #7787, .T. ) ;
#4856 = AXIS2_PLACEMENT_3D ( 'NONE', #3224, #2434, #704 ) ;
#4857 = PLANE ( 'NONE',  #8479 ) ;
#4858 = CARTESIAN_POINT ( 'NONE',  ( 26.24641227490803885, -27.21558485261506632, 23.17200353645733202 ) ) ;
#4859 = CARTESIAN_POINT ( 'NONE',  ( -8.064343014202787430, 20.12713782431507425, -51.00560640220193420 ) ) ;
#4860 = CARTESIAN_POINT ( 'NONE',  ( -2.292613226071087418, 14.43233502373187882, -53.65041577998819378 ) ) ;
#4861 = CARTESIAN_POINT ( 'NONE',  ( 43.85549337622306609, 12.47584852314636450, 18.40359731999999937 ) ) ;
#4862 = VERTEX_POINT ( 'NONE', #6986 ) ;
#4863 = AXIS2_PLACEMENT_3D ( 'NONE', #3573, #3522, #9733 ) ;
#4864 = ADVANCED_FACE ( 'NONE', ( #7897 ), #8680, .F. ) ;
#4865 = DIRECTION ( 'NONE',  ( 1.000000000000000000, 0.000000000000000000, 0.000000000000000000 ) ) ;
#4867 = ORIENTED_EDGE ( 'NONE', *, *, #9011, .F. ) ;
#4866 = ADVANCED_FACE ( 'NONE', ( #4780 ), #6146, .F. ) ;
#4868 = VERTEX_POINT ( 'NONE', #6203 ) ;
#4869 = CARTESIAN_POINT ( 'NONE',  ( 18.04445771906733853, -6.724021125491290718, 21.40359731999999937 ) ) ;
#4870 = DIRECTION ( 'NONE',  ( 1.000000000000000000, 0.000000000000000000, 0.000000000000000000 ) ) ;
#4871 = ORIENTED_EDGE ( 'NONE', *, *, #3255, .F. ) ;
#4872 = CARTESIAN_POINT ( 'NONE',  ( 26.00559052442963193, 24.20472204322258492, 23.05529838595216674 ) ) ;
#4873 = LINE ( 'NONE', #2674, #3738 ) ;
#4874 = DIRECTION ( 'NONE',  ( 0.7027442638224199456, -0.7114425483935333805, 0.000000000000000000 ) ) ;
#4875 = CARTESIAN_POINT ( 'NONE',  ( 34.99477099867146990, -12.51215245581865609, 21.99999800000000150 ) ) ;
#4876 = LINE ( 'NONE', #1530, #9694 ) ;
#4877 = ADVANCED_FACE ( 'NONE', ( #579 ), #3137, .T. ) ;
#4878 = ORIENTED_EDGE ( 'NONE', *, *, #4235, .F. ) ;
#4879 = FACE_OUTER_BOUND ( 'NONE', #7, .T. ) ;
#4880 = VERTEX_POINT ( 'NONE', #1533 ) ;
#4881 = AXIS2_PLACEMENT_3D ( 'NONE', #9220, #7856, #8476 ) ;
#4882 = ORIENTED_EDGE ( 'NONE', *, *, #3771, .T. ) ;
#4883 = LINE ( 'NONE', #4097, #4664 ) ;
#4884 = ORIENTED_EDGE ( 'NONE', *, *, #4414, .T. ) ;
#4885 = DIRECTION ( 'NONE',  ( 0.000000000000000000, -1.000000000000000000, 0.000000000000000000 ) ) ;
#4886 = EDGE_CURVE ( 'NONE', #3843, #9885, #2616, .T. ) ;
#4887 = EDGE_LOOP ( 'NONE', ( #6704, #7249, #9980, #4349 ) ) ;
#4888 = CARTESIAN_POINT ( 'NONE',  ( -2.934094724924097619, 14.96817197811181543, -50.99041577998818298 ) ) ;
#4889 = AXIS2_PLACEMENT_3D ( 'NONE', #7513, #8932, #7459 ) ;
#4890 = CYLINDRICAL_SURFACE ( 'NONE', #5648, 1.000000000000000888 ) ;
#4891 = EDGE_CURVE ( 'NONE', #5364, #9639, #1426, .T. ) ;
#4892 = EDGE_CURVE ( 'NONE', #2576, #8895, #1282, .T. ) ;
#4893 = CARTESIAN_POINT ( 'NONE',  ( 6.030438470952719676, 0.08678555641702034862, 18.40359731999999937 ) ) ;
#4894 = ORIENTED_EDGE ( 'NONE', *, *, #7545, .T. ) ;
#4895 = EDGE_LOOP ( 'NONE', ( #3957, #4493, #7852, #7952 ) ) ;
#4896 = CARTESIAN_POINT ( 'NONE',  ( 7.030438470952648622, -10.57321444358334794, 21.40359731999999937 ) ) ;
#4897 = DIRECTION ( 'NONE',  ( 0.000000000000000000, 0.000000000000000000, 1.000000000000000000 ) ) ;
#4898 = VERTEX_POINT ( 'NONE', #10255 ) ;
#4899 = DIRECTION ( 'NONE',  ( 0.7071067811865628938, 8.659560562355118980E-17, -0.7071067811865321406 ) ) ;
#4900 = AXIS2_PLACEMENT_3D ( 'NONE', #8653, #3032, #5490 ) ;
#4901 = CARTESIAN_POINT ( 'NONE',  ( 43.09477099867147132, -1.512152455818657204, 21.99999800000000150 ) ) ;
#4902 = LINE ( 'NONE', #4015, #5917 ) ;
#4903 = ORIENTED_EDGE ( 'NONE', *, *, #9721, .T. ) ;
#4904 = DIRECTION ( 'NONE',  ( 1.000000000000000000, 0.000000000000000000, 0.000000000000000000 ) ) ;
#4905 = CARTESIAN_POINT ( 'NONE',  ( 25.45271716426744391, 24.13694301420711241, 22.95410674219055736 ) ) ;
#4906 = AXIS2_PLACEMENT_3D ( 'NONE', #4539, #662, #6227 ) ;
#4907 = DIRECTION ( 'NONE',  ( -1.000000000000000000, 0.000000000000000000, 0.000000000000000000 ) ) ;
#4908 = CIRCLE ( 'NONE', #6757, 0.6000000000000083045 ) ;
#4909 = CARTESIAN_POINT ( 'NONE',  ( -24.69849011171107378, -1.512152455818657204, -50.99041577998818298 ) ) ;
#4910 = CARTESIAN_POINT ( 'NONE',  ( 25.81765990447856751, -27.23789573784317852, 22.97596195059184510 ) ) ;
#4911 = CARTESIAN_POINT ( 'NONE',  ( -8.256219135932747477, 20.25876060519804156, -51.11306438373117089 ) ) ;
#4912 = CARTESIAN_POINT ( 'NONE',  ( -2.305183688770470862, 14.44998519460985698, -53.83399087219971335 ) ) ;
#4913 = LINE ( 'NONE', #8028, #8625 ) ;
#4914 = ORIENTED_EDGE ( 'NONE', *, *, #2630, .T. ) ;
#4915 = VECTOR ( 'NONE', #8350, 1000.000000000000000 ) ;
#4916 = AXIS2_PLACEMENT_3D ( 'NONE', #6972, #7136, #7191 ) ;
#4917 = VERTEX_POINT ( 'NONE', #3059 ) ;
#4918 = ORIENTED_EDGE ( 'NONE', *, *, #3015, .T. ) ;
#4919 = DIRECTION ( 'NONE',  ( -0.000000000000000000, -0.000000000000000000, 1.000000000000000000 ) ) ;
#4920 = CARTESIAN_POINT ( 'NONE',  ( 7.030438470952648622, -10.57321444358334794, 18.40359731999999937 ) ) ;
#4921 = ORIENTED_EDGE ( 'NONE', *, *, #1934, .T. ) ;
#4922 = DIRECTION ( 'NONE',  ( -1.000000000000000000, 0.000000000000000000, 0.000000000000000000 ) ) ;
#4923 = CARTESIAN_POINT ( 'NONE',  ( -5.399679074061729978, -17.81096349346800878, -40.80041777998818020 ) ) ;
#4924 = AXIS2_PLACEMENT_3D ( 'NONE', #6597, #2553, #5019 ) ;
#4925 = DIRECTION ( 'NONE',  ( 1.000000000000000000, 0.000000000000000000, 0.000000000000000000 ) ) ;
#4926 = DIRECTION ( 'NONE',  ( 1.000000000000000000, 0.000000000000000000, 0.000000000000000000 ) ) ;
#4927 = EDGE_CURVE ( 'NONE', #6147, #2628, #5295, .T. ) ;
#4928 = DIRECTION ( 'NONE',  ( 0.000000000000000000, 0.000000000000000000, -1.000000000000000000 ) ) ;
#4929 = CARTESIAN_POINT ( 'NONE',  ( 10.36138033909943523, 19.63612840500034906, 23.19999800000000079 ) ) ;
#4930 = AXIS2_PLACEMENT_3D ( 'NONE', #3247, #8190, #7346 ) ;
#4931 = ORIENTED_EDGE ( 'NONE', *, *, #6435, .F. ) ;
#4932 = DIRECTION ( 'NONE',  ( 0.000000000000000000, 0.000000000000000000, -1.000000000000000000 ) ) ;
#4933 = ORIENTED_EDGE ( 'NONE', *, *, #7058, .F. ) ;
#4934 = VERTEX_POINT ( 'NONE', #6460 ) ;
#4935 = LINE ( 'NONE', #2525, #8369 ) ;
#4936 = ORIENTED_EDGE ( 'NONE', *, *, #2648, .T. ) ;
#4937 = LINE ( 'NONE', #9097, #2169 ) ;
#4938 = B_SPLINE_CURVE_WITH_KNOTS ( 'NONE', 3,
 ( #3676, #4457, #7625, #7728, #9296, #1368, #5992, #521, #9350, #3623, #6830, #2153, #5357, #6922, #371, #9249, #9200, #6879, #10088, #2096, #2001, #1213, #9148, #8568, #4560, #6090, #10040, #5244, #1316, #6045, #9934, #2049, #3520, #5201, #6723, #2738, #5938, #1944, #4824, #2260 ),
 .UNSPECIFIED., .F., .F.,
 ( 4, 2, 2, 2, 2, 2, 2, 2, 2, 2, 2, 1, 2, 2, 2, 1, 2, 2, 2, 2, 4 ),
 ( 0.000000000000000000, 0.1250000000000172640, 0.2500000000000345279, 0.3125000000000441314, 0.3750000000000536793, 0.4375000000000632827, 0.5000000000000728306, 0.5625000000000823785, 0.5937500000000800471, 0.6250000000000776046, 0.6875000000000721645, 0.7187500000000670575, 0.7343750000000582867, 0.7500000000000494049, 0.7812500000000365263, 0.7968750000000339728, 0.8046875000000296430, 0.8125000000000253131, 0.8437500000000199840, 0.8750000000000145439, 1.000000000000000000 ),
 .UNSPECIFIED. ) ;
#4939 = ORIENTED_EDGE ( 'NONE', *, *, #8359, .F. ) ;
#4940 = VECTOR ( 'NONE', #3139, 1000.000000000000000 ) ;
#4941 = EDGE_CURVE ( 'NONE', #4340, #9615, #10183, .T. ) ;
#4942 = EDGE_CURVE ( 'NONE', #2788, #3420, #3305, .T. ) ;
#4943 = CARTESIAN_POINT ( 'NONE',  ( -2.341853337420793046, 14.50130516378364298, -51.23520826237944448 ) ) ;
#4944 = LINE ( 'NONE', #2478, #7837 ) ;
#4945 = CIRCLE ( 'NONE', #1086, 27.30000000000000426 ) ;
#4946 = DIRECTION ( 'NONE',  ( 0.000000000000000000, 0.000000000000000000, 1.000000000000000000 ) ) ;
#4947 = EDGE_LOOP ( 'NONE', ( #691, #5230, #3413, #3468 ) ) ;
#4948 = ORIENTED_EDGE ( 'NONE', *, *, #4892, .F. ) ;
#4949 = LINE ( 'NONE', #4217, #4660 ) ;
#4950 = LINE ( 'NONE', #8364, #5122 ) ;
#4951 = EDGE_LOOP ( 'NONE', ( #5720, #4746, #1542, #7080 ) ) ;
#4952 = CARTESIAN_POINT ( 'NONE',  ( 28.09477099867147487, 9.487847544181342130, 21.99999800000000150 ) ) ;
#4953 = DIRECTION ( 'NONE',  ( 1.000000000000000000, 0.000000000000000000, 0.000000000000000000 ) ) ;
#4954 = ORIENTED_EDGE ( 'NONE', *, *, #9365, .T. ) ;
#4955 = EDGE_CURVE ( 'NONE', #9885, #2587, #1688, .T. ) ;
#4956 = ADVANCED_FACE ( 'NONE', ( #1639, #891 ), #50, .T. ) ;
#4957 = DIRECTION ( 'NONE',  ( -1.000000000000000000, 0.000000000000000000, 0.000000000000000000 ) ) ;
#4958 = DIRECTION ( 'NONE',  ( 1.000000000000000000, 0.000000000000000000, 0.000000000000000000 ) ) ;
#4959 = CARTESIAN_POINT ( 'NONE',  ( -7.968028009942027978, 20.05947396156605578, -54.25041526561759753 ) ) ;
#4960 = CARTESIAN_POINT ( 'NONE',  ( 45.04477099867147416, -12.51215245581865609, 22.99999800000001215 ) ) ;
#4961 = PLANE ( 'NONE',  #2263 ) ;
#4962 = CARTESIAN_POINT ( 'NONE',  ( -8.406154565541658741, 20.64207609592490300, -51.22299184831783947 ) ) ;
#4963 = CARTESIAN_POINT ( 'NONE',  ( -2.726967877093402937, 14.66107050823432800, -54.12776717624520018 ) ) ;
#4964 = DIRECTION ( 'NONE',  ( -1.000000000000000000, 0.000000000000000000, 0.000000000000000000 ) ) ;
#4965 = VERTEX_POINT ( 'NONE', #4986 ) ;
#4966 = ADVANCED_FACE ( 'NONE', ( #5613 ), #9043, .T. ) ;
#4967 = AXIS2_PLACEMENT_3D ( 'NONE', #6483, #5589, #5694 ) ;
#4968 = CONICAL_SURFACE ( 'NONE', #7835, 1.000000000000000888, 0.7853981633974553844 ) ;
#4969 = ORIENTED_EDGE ( 'NONE', *, *, #2721, .F. ) ;
#4970 = ORIENTED_EDGE ( 'NONE', *, *, #7606, .F. ) ;
#4971 = CARTESIAN_POINT ( 'NONE',  ( -7.099892953376690130, -20.51476748793109550, -32.80041777998817309 ) ) ;
#4972 = FACE_OUTER_BOUND ( 'NONE', #9483, .T. ) ;
#4973 = ORIENTED_EDGE ( 'NONE', *, *, #55, .F. ) ;
#4974 = FACE_OUTER_BOUND ( 'NONE', #7303, .T. ) ;
#4975 = LINE ( 'NONE', #1779, #4248 ) ;
#4976 = AXIS2_PLACEMENT_3D ( 'NONE', #3855, #7162, #2281 ) ;
#4977 = DIRECTION ( 'NONE',  ( 1.000000000000000000, 0.000000000000000000, 0.000000000000000000 ) ) ;
#4978 = VECTOR ( 'NONE', #1364, 1000.000000000000000 ) ;
#4979 = VECTOR ( 'NONE', #1635, 1000.000000000000000 ) ;
#4980 = DIRECTION ( 'NONE',  ( -1.000000000000000000, 0.000000000000000000, 0.000000000000000000 ) ) ;
#4981 = CARTESIAN_POINT ( 'NONE',  ( 36.98149282690607720, 7.065850720411353869, 18.40359731999999937 ) ) ;
#4982 = EDGE_CURVE ( 'NONE', #8295, #559, #955, .T. ) ;
#4983 = VECTOR ( 'NONE', #3323, 1000.000000000000000 ) ;
#4984 = VECTOR ( 'NONE', #9029, 1000.000000000000000 ) ;
#4985 = VERTEX_POINT ( 'NONE', #4204 ) ;
#4986 = CARTESIAN_POINT ( 'NONE',  ( 40.59477099867146421, 9.487847544181342130, 23.19999800000000079 ) ) ;
#4987 = ORIENTED_EDGE ( 'NONE', *, *, #8052, .F. ) ;
#4988 = ORIENTED_EDGE ( 'NONE', *, *, #837, .F. ) ;
#4989 = LINE ( 'NONE', #1892, #615 ) ;
#4990 = VERTEX_POINT ( 'NONE', #7410 ) ;
#4991 = DIRECTION ( 'NONE',  ( -1.462890879734001726E-19, -1.982586837396489249E-35, 1.000000000000000000 ) ) ;
#4992 = EDGE_LOOP ( 'NONE', ( #8626, #3871, #8205, #7342 ) ) ;
#4993 = AXIS2_PLACEMENT_3D ( 'NONE', #6218, #2336, #6271 ) ;
#4994 = CARTESIAN_POINT ( 'NONE',  ( -2.604602712036024670, 14.47200181077771930, -51.45369643248147895 ) ) ;
#4995 = EDGE_CURVE ( 'NONE', #6426, #4162, #6566, .T. ) ;
#4996 = CARTESIAN_POINT ( 'NONE',  ( 24.69849011171107378, 21.53784716418134693, 21.59999799999998160 ) ) ;
#4997 = CARTESIAN_POINT ( 'NONE',  ( 28.09477099867147487, -1.512152455818657204, 22.99999800000001215 ) ) ;
#4998 = ORIENTED_EDGE ( 'NONE', *, *, #321, .F. ) ;
#4999 = EDGE_CURVE ( 'NONE', #737, #2910, #3414, .T. ) ;
#5000 = ORIENTED_EDGE ( 'NONE', *, *, #5336, .F. ) ;
#5001 = DIRECTION ( 'NONE',  ( 0.7071067811865414665, 0.000000000000000000, -0.7071067811865536790 ) ) ;
#5002 = ORIENTED_EDGE ( 'NONE', *, *, #9452, .F. ) ;
#5003 = CARTESIAN_POINT ( 'NONE',  ( -8.110880672233745869, 20.15943505458443497, -51.02166734829673089 ) ) ;
#5004 = DIRECTION ( 'NONE',  ( 0.000000000000000000, 0.000000000000000000, 1.000000000000000000 ) ) ;
#5005 = PLANE ( 'NONE',  #2239 ) ;
#5006 = ORIENTED_EDGE ( 'NONE', *, *, #8455, .T. ) ;
#5007 = VECTOR ( 'NONE', #2539, 1000.000000000000000 ) ;
#5008 = CARTESIAN_POINT ( 'NONE',  ( 40.39477099867147558, -1.512152455818657204, 21.99999800000000150 ) ) ;
#5009 = EDGE_CURVE ( 'NONE', #8721, #2162, #5641, .T. ) ;
#5010 = LINE ( 'NONE', #1912, #3291 ) ;
#5011 = AXIS2_PLACEMENT_3D ( 'NONE', #1682, #7195, #9509 ) ;
#5012 = CARTESIAN_POINT ( 'NONE',  ( -8.056955586605997865, 20.12197514458713243, -54.23696963389544123 ) ) ;
#5013 = AXIS2_PLACEMENT_3D ( 'NONE', #7816, #10174, #7075 ) ;
#5014 = ADVANCED_FACE ( 'NONE', ( #4879 ), #9516, .F. ) ;
#5015 = PLANE ( 'NONE',  #6125 ) ;
#5016 = CARTESIAN_POINT ( 'NONE',  ( 25.75443818040065835, -27.24057219088928505, 22.95162847848463272 ) ) ;
#5017 = CARTESIAN_POINT ( 'NONE',  ( -24.69849011171107378, -1.512152455818657204, -50.79041577998818724 ) ) ;
#5018 = CARTESIAN_POINT ( 'NONE',  ( -3.158793611581506955, 13.41155903878397204, -56.00041577998817388 ) ) ;
#5019 = DIRECTION ( 'NONE',  ( 1.000000000000000000, 0.000000000000000000, 0.000000000000000000 ) ) ;
#5020 = ORIENTED_EDGE ( 'NONE', *, *, #110, .F. ) ;
#5021 = CIRCLE ( 'NONE', #5526, 25.89999999999999147 ) ;
#5022 = B_SPLINE_CURVE_WITH_KNOTS ( 'NONE', 3,
 ( #4929, #3463, #9040, #1047 ),
 .UNSPECIFIED., .F., .F.,
 ( 4, 4 ),
 ( 1.734723475976807094E-18, 0.0002855882722045704385 ),
 .UNSPECIFIED. ) ;
#5023 = ORIENTED_EDGE ( 'NONE', *, *, #2007, .F. ) ;
#5024 = ADVANCED_FACE ( 'NONE', ( #2621 ), #845, .F. ) ;
#5025 = EDGE_LOOP ( 'NONE', ( #3480, #1427, #1534, #5722 ) ) ;
#5026 = DIRECTION ( 'NONE',  ( 0.000000000000000000, 0.000000000000000000, 1.000000000000000000 ) ) ;
#5027 = PLANE ( 'NONE',  #1254 ) ;
#5028 = CYLINDRICAL_SURFACE ( 'NONE', #6194, 1.000000000000000888 ) ;
#5029 = VECTOR ( 'NONE', #6262, 1000.000000000000000 ) ;
#5030 = EDGE_LOOP ( 'NONE', ( #9962, #7060 ) ) ;
#5031 = DIRECTION ( 'NONE',  ( -0.7071067811865536790, 0.000000000000000000, 0.7071067811865414665 ) ) ;
#5032 = CARTESIAN_POINT ( 'NONE',  ( 23.54075786225282840, 24.18327214753295706, 23.02851183472257190 ) ) ;
#5033 = EDGE_CURVE ( 'NONE', #10401, #1033, #7203, .T. ) ;
#5034 = DIRECTION ( 'NONE',  ( -0.000000000000000000, -0.000000000000000000, 1.000000000000000000 ) ) ;
#5035 = ORIENTED_EDGE ( 'NONE', *, *, #6049, .F. ) ;
#5036 = CARTESIAN_POINT ( 'NONE',  ( 44.29477099867147416, 9.487847544181342130, 21.99999800000000150 ) ) ;
#5037 = CARTESIAN_POINT ( 'NONE',  ( 24.69849011171107378, -0.9132144435829837592, 21.40359731999999937 ) ) ;
#5038 = EDGE_CURVE ( 'NONE', #5735, #1161, #4463, .T. ) ;
#5039 = EDGE_LOOP ( 'NONE', ( #6225, #4321, #5939, #1825 ) ) ;
#5040 = DIRECTION ( 'NONE',  ( -0.000000000000000000, -0.000000000000000000, 1.000000000000000000 ) ) ;
#5041 = ORIENTED_EDGE ( 'NONE', *, *, #1973, .F. ) ;
#5042 = EDGE_LOOP ( 'NONE', ( #4030, #2965, #357, #2289 ) ) ;
#5043 = CARTESIAN_POINT ( 'NONE',  ( -9.792699462065140636, 20.12757669561894502, -37.61027914159473085 ) ) ;
#5044 = EDGE_LOOP ( 'NONE', ( #3006, #4810, #5035, #596 ) ) ;
#5045 = LINE ( 'NONE', #1107, #10232 ) ;
#5046 = VERTEX_POINT ( 'NONE', #2418 ) ;
#5047 = CARTESIAN_POINT ( 'NONE',  ( -2.689935527643067648, 14.60446540257741077, -51.17219956022039185 ) ) ;
#5048 = CYLINDRICAL_SURFACE ( 'NONE', #9342, 0.6499999967711298510 ) ;
#5049 = DIRECTION ( 'NONE',  ( -0.000000000000000000, 1.000000000000000000, 0.000000000000000000 ) ) ;
#5050 = EDGE_LOOP ( 'NONE', ( #1275, #2420, #8636, #2865 ) ) ;
#5051 = ORIENTED_EDGE ( 'NONE', *, *, #5205, .F. ) ;
#5052 = DIRECTION ( 'NONE',  ( -0.7027442638224198346, 0.7114425483935334915, 0.000000000000000000 ) ) ;
#5053 = VERTEX_POINT ( 'NONE', #8097 ) ;
#5054 = CARTESIAN_POINT ( 'NONE',  ( -8.453464322052354873, 20.38978681870903031, -51.51018238612483913 ) ) ;
#5055 = CYLINDRICAL_SURFACE ( 'NONE', #478, 1.000000000000000888 ) ;
#5056 = CARTESIAN_POINT ( 'NONE',  ( 12.05349142309808386, 3.675851452833362565, 21.40359731999999937 ) ) ;
#5057 = EDGE_LOOP ( 'NONE', ( #2475, #7573, #9748, #10050 ) ) ;
#5058 = CARTESIAN_POINT ( 'NONE',  ( 8.630438470952455532, -8.063214443583346380, 22.99999800000001215 ) ) ;
#5059 = ADVANCED_FACE ( 'NONE', ( #5775 ), #5670, .F. ) ;
#5060 = CARTESIAN_POINT ( 'NONE',  ( 44.85549282690607242, -14.01615056132663995, 19.20359732000000008 ) ) ;
#5061 = PRODUCT ( '充电板顶部散热铜柱', '充电板顶部散热铜柱', '', ( #8869 ) ) ;
#5062 = DIRECTION ( 'NONE',  ( -1.577021341797097560E-16, -1.000000000000000000, 0.000000000000000000 ) ) ;
#5063 = VECTOR ( 'NONE', #732, 1000.000000000000000 ) ;
#5064 = DIRECTION ( 'NONE',  ( -1.000000000000000000, 0.000000000000000000, 0.000000000000000000 ) ) ;
#5065 = CARTESIAN_POINT ( 'NONE',  ( 24.75866921697476641, -27.16878558328876636, 22.84242331369678780 ) ) ;
#5066 = EDGE_CURVE ( 'NONE', #9128, #5167, #8147, .T. ) ;
#5067 = CARTESIAN_POINT ( 'NONE',  ( 38.89477099867147558, -12.51215245581865609, 21.99999800000000150 ) ) ;
#5068 = CARTESIAN_POINT ( 'NONE',  ( -2.640819403756589079, 14.52857643299643264, -53.95190993841679727 ) ) ;
#5069 = DIRECTION ( 'NONE',  ( 0.000000000000000000, 0.000000000000000000, -1.000000000000000000 ) ) ;
#5070 = VERTEX_POINT ( 'NONE', #9775 ) ;
#5071 = ADVANCED_FACE ( 'NONE', ( #2574 ), #9195, .F. ) ;
#5072 = CIRCLE ( 'NONE', #550, 25.89999999999999147 ) ;
#5073 = ORIENTED_EDGE ( 'NONE', *, *, #10030, .T. ) ;
#5074 = ORIENTED_EDGE ( 'NONE', *, *, #7455, .F. ) ;
#5075 = CARTESIAN_POINT ( 'NONE',  ( 37.69477099867146563, -12.51215245581865609, 21.99999800000000150 ) ) ;
#5076 = DIRECTION ( 'NONE',  ( 0.000000000000000000, 0.000000000000000000, -1.000000000000000000 ) ) ;
#5077 = DIRECTION ( 'NONE',  ( -0.7071067811865628938, 0.000000000000000000, -0.7071067811865321406 ) ) ;
#5078 = ORIENTED_EDGE ( 'NONE', *, *, #7146, .F. ) ;
#5079 = CARTESIAN_POINT ( 'NONE',  ( -0.1265725099096649819, 17.74136868473338779, -53.65041577998817957 ) ) ;
#5080 = CARTESIAN_POINT ( 'NONE',  ( 9.630438470952407570, 0.8867855564166541305, 22.99999800000001215 ) ) ;
#5081 = DIRECTION ( 'NONE',  ( -0.000000000000000000, -0.000000000000000000, -1.000000000000000000 ) ) ;
#5082 = CIRCLE ( 'NONE', #7946, 1.000000000000000888 ) ;
#5083 = ORIENTED_EDGE ( 'NONE', *, *, #7773, .F. ) ;
#5084 = EDGE_CURVE ( 'NONE', #601, #6810, #2092, .T. ) ;
#5085 = ADVANCED_FACE ( 'NONE', ( #4453 ), #8837, .F. ) ;
#5086 = CARTESIAN_POINT ( 'NONE',  ( -50.59849011171106525, -1.512152455818654095, -138.7821617105083760 ) ) ;
#5087 = LINE ( 'NONE', #8144, #294 ) ;
#5088 = ORIENTED_EDGE ( 'NONE', *, *, #7612, .T. ) ;
#5090 = DIRECTION ( 'NONE',  ( 0.000000000000000000, 0.000000000000000000, 1.000000000000000000 ) ) ;
#5089 = AXIS2_PLACEMENT_3D ( 'NONE', #2917, #3700, #6901 ) ;
#5091 = EDGE_LOOP ( 'NONE', ( #8988, #2167 ) ) ;
#5092 = EDGE_LOOP ( 'NONE', ( #7870, #1701 ) ) ;
#5093 = CARTESIAN_POINT ( 'NONE',  ( 10.23043847095200576, -9.573214443583347943, 21.40359731999999937 ) ) ;
#5094 = ORIENTED_EDGE ( 'NONE', *, *, #2399, .T. ) ;
#5095 = DIRECTION ( 'NONE',  ( 0.000000000000000000, 1.000000000000000000, 0.000000000000000000 ) ) ;
#5096 = EDGE_CURVE ( 'NONE', #3743, #6886, #1995, .T. ) ;
#5097 = CARTESIAN_POINT ( 'NONE',  ( -2.675238420281201623, 14.58185661767845431, -51.20121701847185136 ) ) ;
#5098 = CIRCLE ( 'NONE', #8947, 25.74999999999999645 ) ;
#5099 = CARTESIAN_POINT ( 'NONE',  ( 18.02849441382006646, 3.675851452833363009, 21.40359731999999937 ) ) ;
#5100 = LINE ( 'NONE', #7631, #771 ) ;
#5101 = ORIENTED_EDGE ( 'NONE', *, *, #1187, .T. ) ;
#5102 = EDGE_LOOP ( 'NONE', ( #4987, #1377, #10210, #7362 ) ) ;
#5103 = DIRECTION ( 'NONE',  ( 0.000000000000000000, 0.000000000000000000, -1.000000000000000000 ) ) ;
#5104 = CIRCLE ( 'NONE', #1258, 0.7500000000000006661 ) ;
#5105 = VERTEX_POINT ( 'NONE', #1889 ) ;
#5106 = CARTESIAN_POINT ( 'NONE',  ( -8.403993227695631063, 20.35732336184764435, -51.32408540561877430 ) ) ;
#5107 = CARTESIAN_POINT ( 'NONE',  ( 11.05349142309807675, -1.512152455818657204, 18.40359731999999937 ) ) ;
#5108 = LINE ( 'NONE', #7591, #64 ) ;
#5109 = ORIENTED_EDGE ( 'NONE', *, *, #6398, .F. ) ;
#5110 = DIRECTION ( 'NONE',  ( 0.000000000000000000, 0.000000000000000000, 1.000000000000000000 ) ) ;
#5111 = CARTESIAN_POINT ( 'NONE',  ( 8.630438470952407570, 0.8867855564166541305, 23.19999800000000079 ) ) ;
#5112 = EDGE_CURVE ( 'NONE', #3310, #8475, #5485, .T. ) ;
#5113 = PLANE ( 'NONE',  #3813 ) ;
#5114 = FACE_BOUND ( 'NONE', #2076, .T. ) ;
#5115 = CARTESIAN_POINT ( 'NONE',  ( 23.83188663583343114, -27.24758610986070195, 22.88699113056331669 ) ) ;
#5116 = CARTESIAN_POINT ( 'NONE',  ( 32.29477099867147416, 9.487847544181342130, 22.99999800000001215 ) ) ;
#5117 = EDGE_CURVE ( 'NONE', #10248, #3621, #6873, .T. ) ;
#5118 = CARTESIAN_POINT ( 'NONE',  ( 1.931661972262772586, -2.879058568955646269, 8.999997999999999720 ) ) ;
#5119 = CARTESIAN_POINT ( 'NONE',  ( 23.82838157859317008, -27.24745805632425899, 22.88817389978636641 ) ) ;
#5120 = ORIENTED_EDGE ( 'NONE', *, *, #2893, .F. ) ;
#5121 = EDGE_CURVE ( 'NONE', #7736, #7458, #9929, .T. ) ;
#5122 = VECTOR ( 'NONE', #7375, 1000.000000000000000 ) ;
#5123 = CARTESIAN_POINT ( 'NONE',  ( 24.69849011171107378, -1.512152455818657204, 18.40359731999999937 ) ) ;
#5124 = EDGE_LOOP ( 'NONE', ( #4782, #8111, #5101, #5615, #2456, #8591 ) ) ;
#5125 = EDGE_LOOP ( 'NONE', ( #3451, #4402, #3450, #3729 ) ) ;
#5126 = CARTESIAN_POINT ( 'NONE',  ( 24.69849011171107378, -6.819414077215271597, 28.54200327493162348 ) ) ;
#5127 = DIRECTION ( 'NONE',  ( 0.000000000000000000, 1.000000000000000000, 0.000000000000000000 ) ) ;
#5128 = DIRECTION ( 'NONE',  ( -0.000000000000000000, -0.000000000000000000, 1.000000000000000000 ) ) ;
#5129 = EDGE_CURVE ( 'NONE', #6672, #5383, #10352, .T. ) ;
#5130 = ORIENTED_EDGE ( 'NONE', *, *, #4724, .T. ) ;
#5131 = DIRECTION ( 'NONE',  ( -1.000000000000000000, 0.000000000000000000, -0.000000000000000000 ) ) ;
#5132 = DIRECTION ( 'NONE',  ( 1.694065894508986234E-16, -1.000000000000000000, 0.000000000000000000 ) ) ;
#5133 = AXIS2_PLACEMENT_3D ( 'NONE', #7596, #392, #6640 ) ;
#5134 = CARTESIAN_POINT ( 'NONE',  ( 9.082623226170039032, 7.206785556416294369, 18.40359731999999937 ) ) ;
#5135 = CIRCLE ( 'NONE', #5980, 1.000000000000000888 ) ;
#5136 = CARTESIAN_POINT ( 'NONE',  ( -2.835682037528871380, 14.82419820530265575, -51.01547221187762204 ) ) ;
#5137 = DIRECTION ( 'NONE',  ( 0.000000000000000000, -1.000000000000000000, 0.000000000000000000 ) ) ;
#5138 = CIRCLE ( 'NONE', #2292, 0.9999999999999974465 ) ;
#5139 = ORIENTED_EDGE ( 'NONE', *, *, #723, .F. ) ;
#5140 = CARTESIAN_POINT ( 'NONE',  ( -27.44849011171189446, 21.53784716418134693, -32.80041777998817309 ) ) ;
#5141 = ORIENTED_EDGE ( 'NONE', *, *, #2908, .F. ) ;
#5142 = CIRCLE ( 'NONE', #4139, 2.999999999999999112 ) ;
#5143 = ADVANCED_FACE ( 'NONE', ( #7670 ), #6719, .F. ) ;
#5144 = ORIENTED_EDGE ( 'NONE', *, *, #1090, .T. ) ;
#5145 = CARTESIAN_POINT ( 'NONE',  ( 25.87591770421360238, 24.21091431827368012, 22.99999799999998018 ) ) ;
#5146 = VECTOR ( 'NONE', #3619, 1000.000000000000000 ) ;
#5147 = LINE ( 'NONE', #3570, #4642 ) ;
#5148 = ORIENTED_EDGE ( 'NONE', *, *, #7899, .F. ) ;
#5149 = CARTESIAN_POINT ( 'NONE',  ( 19.87849142309807604, -1.524148547166637835, 22.99999800000000505 ) ) ;
#5150 = AXIS2_PLACEMENT_3D ( 'NONE', #6893, #2907, #4582 ) ;
#5151 = CARTESIAN_POINT ( 'NONE',  ( -2.640515066050916460, 14.52810686484685121, -51.28939285488200284 ) ) ;
#5152 = EDGE_CURVE ( 'NONE', #1114, #6991, #7329, .T. ) ;
#5153 = CIRCLE ( 'NONE', #3309, 0.9499999999999925171 ) ;
#5154 = CARTESIAN_POINT ( 'NONE',  ( 18.87849142309807604, -1.524148547166637835, 22.99999800000000505 ) ) ;
#5155 = VECTOR ( 'NONE', #2120, 1000.000000000000000 ) ;
#5156 = AXIS2_PLACEMENT_3D ( 'NONE', #3056, #8465, #6201 ) ;
#5157 = CYLINDRICAL_SURFACE ( 'NONE', #9510, 1.000000000000000888 ) ;
#5158 = ORIENTED_EDGE ( 'NONE', *, *, #8106, .T. ) ;
#5159 = EDGE_CURVE ( 'NONE', #3455, #7653, #2304, .T. ) ;
#5160 = EDGE_LOOP ( 'NONE', ( #9538, #7955, #63, #1999, #5549 ) ) ;
#5161 = DIRECTION ( 'NONE',  ( 0.000000000000000000, 0.000000000000000000, 1.000000000000000000 ) ) ;
#5162 = ORIENTED_EDGE ( 'NONE', *, *, #8157, .F. ) ;
#5163 = CARTESIAN_POINT ( 'NONE',  ( -8.116902508087179058, 20.16359691579350510, -51.02415807120326718 ) ) ;
#5164 = CARTESIAN_POINT ( 'NONE',  ( 20.02849441382007711, 2.426849255568360508, 21.40359731999999937 ) ) ;
#5165 = VECTOR ( 'NONE', #383, 1000.000000000000000 ) ;
#5166 = CARTESIAN_POINT ( 'NONE',  ( 40.08049337622307462, 11.47584852314636272, 18.40359731999999937 ) ) ;
#5167 = VERTEX_POINT ( 'NONE', #5140 ) ;
#5168 = DIRECTION ( 'NONE',  ( 1.000000000000000000, 0.000000000000000000, 0.000000000000000000 ) ) ;
#5169 = CARTESIAN_POINT ( 'NONE',  ( 28.84477099867147487, 9.487847544181342130, 21.99999800000000150 ) ) ;
#5170 = AXIS2_PLACEMENT_3D ( 'NONE', #8891, #5778, #3418 ) ;
#5171 = CARTESIAN_POINT ( 'NONE',  ( -8.479594318002169118, 20.69589606792181868, -53.65041577998819378 ) ) ;
#5172 = DIRECTION ( 'NONE',  ( 0.000000000000000000, 0.000000000000000000, 1.000000000000000000 ) ) ;
#5173 = EDGE_CURVE ( 'NONE', #6325, #10012, #3670, .T. ) ;
#5174 = CARTESIAN_POINT ( 'NONE',  ( 24.55799956583122778, -27.26179128136574548, 22.75207651710629619 ) ) ;
#5175 = CARTESIAN_POINT ( 'NONE',  ( 6.030438470952724117, -1.512152455818667418, 18.40359731999999937 ) ) ;
#5176 = AXIS2_PLACEMENT_3D ( 'NONE', #2126, #10010, #2816 ) ;
#5177 = CARTESIAN_POINT ( 'NONE',  ( -2.364925397126656392, 14.53346799813922274, -54.07505763821814782 ) ) ;
#5178 = CARTESIAN_POINT ( 'NONE',  ( 23.61723931912139562, -27.23962155172474553, 22.96044227947774630 ) ) ;
#5179 = EDGE_LOOP ( 'NONE', ( #7397, #2994, #2991, #2164 ) ) ;
#5180 = EDGE_CURVE ( 'NONE', #10228, #1888, #7841, .T. ) ;
#5181 = DIRECTION ( 'NONE',  ( 1.000000000000000000, 0.000000000000000000, 0.000000000000000000 ) ) ;
#5182 = AXIS2_PLACEMENT_3D ( 'NONE', #8982, #2819, #8337 ) ;
#5183 = VECTOR ( 'NONE', #862, 1000.000000000000114 ) ;
#5184 = EDGE_LOOP ( 'NONE', ( #242, #7605, #8348, #6959 ) ) ;
#5185 = DIRECTION ( 'NONE',  ( 0.000000000000000000, 0.000000000000000000, -1.000000000000000000 ) ) ;
#5186 = DIRECTION ( 'NONE',  ( 0.000000000000000000, 0.000000000000000000, -1.000000000000000000 ) ) ;
#5187 = LINE ( 'NONE', #8402, #9544 ) ;
#5188 = DIRECTION ( 'NONE',  ( -0.000000000000000000, -0.000000000000000000, 1.000000000000000000 ) ) ;
#5189 = EDGE_CURVE ( 'NONE', #9813, #3605, #3805, .T. ) ;
#5190 = VECTOR ( 'NONE', #5494, 1000.000000000000000 ) ;
#5191 = DIRECTION ( 'NONE',  ( -1.000000000000000000, 0.000000000000000000, 0.000000000000000000 ) ) ;
#5192 = ORIENTED_EDGE ( 'NONE', *, *, #9197, .T. ) ;
#5193 = CARTESIAN_POINT ( 'NONE',  ( -8.136009469865326693, 20.17677690332979168, -54.20815608594944734 ) ) ;
#5194 = EDGE_CURVE ( 'NONE', #7734, #3136, #3466, .T. ) ;
#5195 = VECTOR ( 'NONE', #4590, 1000.000000000000000 ) ;
#5196 = ORIENTED_EDGE ( 'NONE', *, *, #3362, .F. ) ;
#5197 = CARTESIAN_POINT ( 'NONE',  ( 42.34477099867147132, 9.487847544181342130, 21.99999800000000150 ) ) ;
#5198 = EDGE_LOOP ( 'NONE', ( #3761, #9420, #6409, #5710 ) ) ;
#5199 = EDGE_LOOP ( 'NONE', ( #3098, #8246, #413, #1483 ) ) ;
#5200 = CARTESIAN_POINT ( 'NONE',  ( 24.51652590003923038, 24.23721026359682185, 22.75475429096711721 ) ) ;
#5201 = CARTESIAN_POINT ( 'NONE',  ( -2.837500229042587474, 14.82689063858451028, -54.22632283326638003 ) ) ;
#5202 = EDGE_CURVE ( 'NONE', #8681, #3565, #9179, .T. ) ;
#5203 = DIRECTION ( 'NONE',  ( 0.000000000000000000, 0.000000000000000000, -1.000000000000000000 ) ) ;
#5204 = PLANE ( 'NONE',  #705 ) ;
#5205 = EDGE_CURVE ( 'NONE', #719, #1829, #4361, .T. ) ;
#5206 = PLANE ( 'NONE',  #3642 ) ;
#5207 = CARTESIAN_POINT ( 'NONE',  ( 25.05949410864507243, 0.4268492555683600642, 18.40359731999999937 ) ) ;
#5208 = VERTEX_POINT ( 'NONE', #4303 ) ;
#5209 = VERTEX_POINT ( 'NONE', #7572 ) ;
#5210 = LINE ( 'NONE', #1274, #2645 ) ;
#5211 = VERTEX_POINT ( 'NONE', #10036 ) ;
#5212 = CARTESIAN_POINT ( 'NONE',  ( 44.09477099867148553, -1.512152455818657204, 23.19999800000000079 ) ) ;
#5213 = LINE ( 'NONE', #2701, #10225 ) ;
#5214 = LINE ( 'NONE', #1016, #5942 ) ;
#5215 = EDGE_LOOP ( 'NONE', ( #1590, #8312, #7425, #10135 ) ) ;
#5216 = CARTESIAN_POINT ( 'NONE',  ( 43.09477099867147132, -12.51215245581865609, 21.99999800000000150 ) ) ;
#5217 = EDGE_CURVE ( 'NONE', #5671, #1760, #5986, .T. ) ;
#5218 = LINE ( 'NONE', #3491, #604 ) ;
#5219 = EDGE_CURVE ( 'NONE', #9588, #10248, #1963, .T. ) ;
#5220 = CARTESIAN_POINT ( 'NONE',  ( -8.169665099567827937, 20.46620224265800303, -54.33046094408817339 ) ) ;
#5221 = CARTESIAN_POINT ( 'NONE',  ( 35.98149227759006408, -15.01615056132663817, 18.40359731999999937 ) ) ;
#5222 = VERTEX_POINT ( 'NONE', #2255 ) ;
#5223 = CARTESIAN_POINT ( 'NONE',  ( 25.01984132078046130, -27.16750783484331322, 22.86208157013221864 ) ) ;
#5224 = CARTESIAN_POINT ( 'NONE',  ( -7.829001579289466051, 20.20582066909555152, -50.79041577998818724 ) ) ;
#5225 = CYLINDRICAL_SURFACE ( 'NONE', #9202, 1.580000000000001625 ) ;
#5226 = CARTESIAN_POINT ( 'NONE',  ( 47.46536758182345750, -0.07905856616117758195, 8.999997999999999720 ) ) ;
#5227 = ORIENTED_EDGE ( 'NONE', *, *, #5982, .T. ) ;
#5228 = CARTESIAN_POINT ( 'NONE',  ( 10.21351569204423448, 19.77746980625064666, 21.96359842000000029 ) ) ;
#5229 = AXIS2_PLACEMENT_3D ( 'NONE', #2366, #8730, #1529 ) ;
#5230 = ORIENTED_EDGE ( 'NONE', *, *, #4317, .T. ) ;
#5231 = CARTESIAN_POINT ( 'NONE',  ( 18.87849142309807604, -1.524148547166637835, 22.99999800000000505 ) ) ;
#5232 = DIRECTION ( 'NONE',  ( -0.7027442638224198346, 0.7114425483935334915, 0.000000000000000000 ) ) ;
#5233 = DIRECTION ( 'NONE',  ( 1.000000000000000000, 0.000000000000000000, 0.000000000000000000 ) ) ;
#5234 = CARTESIAN_POINT ( 'NONE',  ( 29.59477099867147132, -12.51215245581865609, 21.99999800000000150 ) ) ;
#5235 = DIRECTION ( 'NONE',  ( 0.000000000000000000, 0.000000000000000000, -1.000000000000000000 ) ) ;
#5236 = ORIENTED_EDGE ( 'NONE', *, *, #2615, .T. ) ;
#5237 = CARTESIAN_POINT ( 'NONE',  ( -2.791433989825914175, 14.75835232270382669, -51.04432495056986596 ) ) ;
#5238 = EDGE_LOOP ( 'NONE', ( #2128, #6618, #3245, #1737, #9655, #2639, #3353, #9338, #2071, #2951, #9711, #9778, #10052 ) ) ;
#5239 = ADVANCED_FACE ( 'NONE', ( #3047 ), #2205, .F. ) ;
#5240 = DIRECTION ( 'NONE',  ( 1.000000000000000000, 0.000000000000000000, 0.000000000000000000 ) ) ;
#5241 = ORIENTED_EDGE ( 'NONE', *, *, #4855, .F. ) ;
#5242 = ORIENTED_EDGE ( 'NONE', *, *, #3527, .T. ) ;
#5243 = CARTESIAN_POINT ( 'NONE',  ( 24.16388321855163923, 24.23238210439563289, 22.80124664255539457 ) ) ;
#5244 = CARTESIAN_POINT ( 'NONE',  ( -2.812529678032942737, 14.78982749881404501, -54.21168282010002315 ) ) ;
#5245 = VECTOR ( 'NONE', #7882, 1000.000000000000000 ) ;
#5246 = DIRECTION ( 'NONE',  ( 0.000000000000000000, 0.000000000000000000, 1.000000000000000000 ) ) ;
#5247 = EDGE_CURVE ( 'NONE', #6667, #4249, #10294, .T. ) ;
#5248 = CARTESIAN_POINT ( 'NONE',  ( -2.323202018610841080, 14.47523330994298618, -51.30734582682679701 ) ) ;
#5249 = CARTESIAN_POINT ( 'NONE',  ( 25.05949410864507243, -2.967150744431636955, 19.20359732000000008 ) ) ;
#5250 = AXIS2_PLACEMENT_3D ( 'NONE', #1770, #5807, #9599 ) ;
#5251 = CONICAL_SURFACE ( 'NONE', #6593, 0.7499999999999972244, 0.7853981633974528309 ) ;
#5252 = CARTESIAN_POINT ( 'NONE',  ( 23.26357556835264973, -27.06614064254220509, 23.15622903531532728 ) ) ;
#5253 = ORIENTED_EDGE ( 'NONE', *, *, #6809, .T. ) ;
#5254 = ORIENTED_EDGE ( 'NONE', *, *, #7682, .T. ) ;
#5255 = DIRECTION ( 'NONE',  ( -0.000000000000000000, -0.000000000000000000, 1.000000000000000000 ) ) ;
#5256 = VERTEX_POINT ( 'NONE', #7828 ) ;
#5257 = DIRECTION ( 'NONE',  ( -0.7071067811865414665, 0.000000000000000000, -0.7071067811865536790 ) ) ;
#5258 = EDGE_CURVE ( 'NONE', #10312, #2278, #7937, .T. ) ;
#5259 = DIRECTION ( 'NONE',  ( 0.000000000000000000, 0.000000000000000000, -1.000000000000000000 ) ) ;
#5260 = EDGE_LOOP ( 'NONE', ( #822, #1994, #311, #1724, #5487, #3075, #8904, #6682, #6053, #8850, #5321, #9157 ) ) ;
#5261 = COLOUR_RGB ( '',0.8980392156862745390, 0.9176470588235293713, 0.9294117647058823817 ) ;
#5262 = CARTESIAN_POINT ( 'NONE',  ( 18.87849142309807604, -1.524148547166637835, 21.40359731999999937 ) ) ;
#5263 = CARTESIAN_POINT ( 'NONE',  ( 42.34477099867147132, -12.51215245581865609, 21.99999800000000150 ) ) ;
#5264 = CARTESIAN_POINT ( 'NONE',  ( -8.293863859959140328, 20.55905788788968636, -54.20803740634522683 ) ) ;
#5265 = CARTESIAN_POINT ( 'NONE',  ( 29.79477099867146350, -12.51215245581865609, 23.19999800000000079 ) ) ;
#5266 = ORIENTED_EDGE ( 'NONE', *, *, #9547, .F. ) ;
#5267 = CARTESIAN_POINT ( 'NONE',  ( 25.52908079563255939, -27.15944224910209215, 22.97908522086442318 ) ) ;
#5268 = CYLINDRICAL_SURFACE ( 'NONE', #7379, 0.6500000000000116795 ) ;
#5269 = EDGE_CURVE ( 'NONE', #6004, #6991, #5401, .T. ) ;
#5270 = FACE_OUTER_BOUND ( 'NONE', #9575, .T. ) ;
#5271 = CARTESIAN_POINT ( 'NONE',  ( 25.82762457771475439, -27.23742976181096864, 22.98013595554334287 ) ) ;
#5272 = VERTEX_POINT ( 'NONE', #6295 ) ;
#5273 = EDGE_CURVE ( 'NONE', #6177, #2056, #1467, .T. ) ;
#5274 = LINE ( 'NONE', #3654, #6327 ) ;
#5275 = AXIS2_PLACEMENT_3D ( 'NONE', #10175, #5441, #8761 ) ;
#5276 = DIRECTION ( 'NONE',  ( 1.000000000000000000, 0.000000000000000000, 0.000000000000000000 ) ) ;
#5277 = VERTEX_POINT ( 'NONE', #8723 ) ;
#5278 = AXIS2_PLACEMENT_3D ( 'NONE', #75, #233, #5697 ) ;
#5279 = FACE_OUTER_BOUND ( 'NONE', #7415, .T. ) ;
#5280 = CARTESIAN_POINT ( 'NONE',  ( -8.423848933975257580, 20.37038309882463949, -51.37740069857066771 ) ) ;
#5281 = ADVANCED_FACE ( 'NONE', ( #7724 ), #6918, .T. ) ;
#5282 = CARTESIAN_POINT ( 'NONE',  ( 25.39477099867147203, -1.512152455818657204, 21.99999800000000150 ) ) ;
#5283 = DIRECTION ( 'NONE',  ( 0.000000000000000000, 0.000000000000000000, -1.000000000000000000 ) ) ;
#5284 = CARTESIAN_POINT ( 'NONE',  ( -2.393780120957767377, 14.44111122397738356, -51.59041577998818440 ) ) ;
#5285 = CARTESIAN_POINT ( 'NONE',  ( -2.812302827873830235, 14.78948568109228212, -51.02936869468254599 ) ) ;
#5286 = SURFACE_SIDE_STYLE ('',( #10185 ) ) ;
#5287 = ORIENTED_EDGE ( 'NONE', *, *, #5890, .F. ) ;
#5288 = DIRECTION ( 'NONE',  ( 0.000000000000000000, 0.000000000000000000, 1.000000000000000000 ) ) ;
#5289 = EDGE_LOOP ( 'NONE', ( #9487, #7698, #5597, #8832 ) ) ;
#5290 = EDGE_CURVE ( 'NONE', #1325, #8038, #9456, .T. ) ;
#5291 = ORIENTED_EDGE ( 'NONE', *, *, #1872, .T. ) ;
#5292 = CARTESIAN_POINT ( 'NONE',  ( 24.66988385285128160, 24.23785399086899162, 22.74850724071710673 ) ) ;
#5293 = CARTESIAN_POINT ( 'NONE',  ( 7.030438470952641516, -9.573214443583347943, 21.40359731999999937 ) ) ;
#5294 = DIRECTION ( 'NONE',  ( -1.000000000000000000, 0.000000000000000000, 0.000000000000000000 ) ) ;
#5295 = CIRCLE ( 'NONE', #8006, 24.09999999999935838 ) ;
#5296 = EDGE_CURVE ( 'NONE', #7032, #4965, #8502, .T. ) ;
#5297 = AXIS2_PLACEMENT_3D ( 'NONE', #9089, #4928, #8143 ) ;
#5298 = CARTESIAN_POINT ( 'NONE',  ( -2.293393208933665051, 14.43343125095928414, -51.53754154800295595 ) ) ;
#5299 = EDGE_CURVE ( 'NONE', #4541, #7216, #7085, .T. ) ;
#5300 = CARTESIAN_POINT ( 'NONE',  ( 34.24477099867146990, 9.487847544181342130, 22.99999800000001215 ) ) ;
#5301 = AXIS2_PLACEMENT_3D ( 'NONE', #2522, #5721, #8937 ) ;
#5302 = EDGE_CURVE ( 'NONE', #689, #1123, #6191, .T. ) ;
#5303 = VERTEX_POINT ( 'NONE', #2934 ) ;
#5304 = PLANE ( 'NONE',  #4296 ) ;
#5305 = VERTEX_POINT ( 'NONE', #1523 ) ;
#5306 = ORIENTED_EDGE ( 'NONE', *, *, #7759, .T. ) ;
#5307 = CARTESIAN_POINT ( 'NONE',  ( 32.49477099867146279, -1.512152455818657204, 23.19999800000000079 ) ) ;
#5308 = AXIS2_PLACEMENT_3D ( 'NONE', #1544, #3267, #14 ) ;
#5309 = EDGE_LOOP ( 'NONE', ( #9618, #8505, #291, #6220 ) ) ;
#5310 = CYLINDRICAL_SURFACE ( 'NONE', #8900, 1.520000000000000462 ) ;
#5311 = CARTESIAN_POINT ( 'NONE',  ( -8.164680295334942883, 20.46296967383632648, -50.87566081018383102 ) ) ;
#5312 = VERTEX_POINT ( 'NONE', #4719 ) ;
#5313 = EDGE_CURVE ( 'NONE', #6785, #5833, #9691, .T. ) ;
#5314 = AXIS2_PLACEMENT_3D ( 'NONE', #1137, #6754, #4925 ) ;
#5315 = CIRCLE ( 'NONE', #7855, 1.580000000000001625 ) ;
#5316 = DIRECTION ( 'NONE',  ( 1.000000000000000000, 0.000000000000000000, 0.000000000000000000 ) ) ;
#5317 = DIRECTION ( 'NONE',  ( 0.000000000000000000, 0.000000000000000000, -1.000000000000000000 ) ) ;
#5318 = AXIS2_PLACEMENT_3D ( 'NONE', #1423, #4617, #10253 ) ;
#5319 = EDGE_CURVE ( 'NONE', #8642, #4669, #7135, .T. ) ;
#5320 = CARTESIAN_POINT ( 'NONE',  ( -8.437075550198542828, 20.66478189794491627, -53.93348573314956695 ) ) ;
#5321 = ORIENTED_EDGE ( 'NONE', *, *, #3705, .F. ) ;
#5322 = VECTOR ( 'NONE', #2059, 1000.000000000000000 ) ;
#5323 = DIRECTION ( 'NONE',  ( -0.000000000000000000, -0.000000000000000000, -1.000000000000000000 ) ) ;
#5324 = DIRECTION ( 'NONE',  ( 1.000000000000000000, 0.000000000000000000, 0.000000000000000000 ) ) ;
#5325 = EDGE_LOOP ( 'NONE', ( #3465, #549, #5895, #10049 ) ) ;
#5326 = CARTESIAN_POINT ( 'NONE',  ( 24.43439458303209122, -27.16795227235493826, 22.85526548685878012 ) ) ;
#5327 = DIRECTION ( 'NONE',  ( 1.000000000000000000, 0.000000000000000000, 0.000000000000000000 ) ) ;
#5328 = CARTESIAN_POINT ( 'NONE',  ( -2.455601754315389851, 14.65894367880053295, -54.25354024404580144 ) ) ;
#5329 = DIRECTION ( 'NONE',  ( -0.000000000000000000, 0.000000000000000000, 1.000000000000000000 ) ) ;
#5330 = EDGE_LOOP ( 'NONE', ( #5427, #1003 ) ) ;
#5331 = AXIS2_PLACEMENT_3D ( 'NONE', #563, #3766, #2835 ) ;
#5332 = DIRECTION ( 'NONE',  ( 0.000000000000000000, 0.000000000000000000, -1.000000000000000000 ) ) ;
#5333 = FACE_OUTER_BOUND ( 'NONE', #8063, .T. ) ;
#5334 = VECTOR ( 'NONE', #4612, 1000.000000000000000 ) ;
#5335 = EDGE_CURVE ( 'NONE', #4768, #8642, #2466, .T. ) ;
#5336 = EDGE_CURVE ( 'NONE', #3501, #5759, #2149, .T. ) ;
#5337 = UNCERTAINTY_MEASURE_WITH_UNIT (LENGTH_MEASURE( 1.000000000000000082E-05 ), #4551, 'distance_accuracy_value', 'NONE');
#5338 = VECTOR ( 'NONE', #8764, 1000.000000000000000 ) ;
#5339 = ORIENTED_EDGE ( 'NONE', *, *, #8434, .F. ) ;
#5340 = CYLINDRICAL_SURFACE ( 'NONE', #416, 1.000000000000000000 ) ;
#5341 = FACE_OUTER_BOUND ( 'NONE', #5838, .T. ) ;
#5342 = CARTESIAN_POINT ( 'NONE',  ( -0.9246057082889275192, 1.426849255568359842, 19.20359732000000008 ) ) ;
#5343 = CARTESIAN_POINT ( 'NONE',  ( 9.792699462065142413, 20.12757669561894147, 11.22457852691048430 ) ) ;
#5344 = VERTEX_POINT ( 'NONE', #3769 ) ;
#5345 = CARTESIAN_POINT ( 'NONE',  ( -2.596113910731133068, 14.45866362446839659, -51.59041577998818440 ) ) ;
#5346 = VECTOR ( 'NONE', #1706, 1000.000000000000000 ) ;
#5347 = CARTESIAN_POINT ( 'NONE',  ( -8.283453613873470900, 20.27710212996891670, -54.10107201048968761 ) ) ;
#5348 = ADVANCED_FACE ( 'NONE', ( #8613 ), #6971, .T. ) ;
#5349 = PRESENTATION_STYLE_ASSIGNMENT (( #1206 ) ) ;
#5350 = ORIENTED_EDGE ( 'NONE', *, *, #6238, .T. ) ;
#5351 = DIRECTION ( 'NONE',  ( -1.000000000000000000, 0.000000000000000000, -0.000000000000000000 ) ) ;
#5352 = AXIS2_PLACEMENT_3D ( 'NONE', #1369, #9251, #2210 ) ;
#5353 = VERTEX_POINT ( 'NONE', #3829 ) ;
#5354 = CIRCLE ( 'NONE', #3673, 2.919999999999999041 ) ;
#5355 = ORIENTED_EDGE ( 'NONE', *, *, #9313, .F. ) ;
#5356 = CYLINDRICAL_SURFACE ( 'NONE', #3349, 0.7999999999999986011 ) ;
#5357 = CARTESIAN_POINT ( 'NONE',  ( -2.686730900107644704, 14.59955058874217571, -54.06292402104995887 ) ) ;
#5358 = CARTESIAN_POINT ( 'NONE',  ( 40.39477099867147558, -1.512152455818657204, 22.99999800000001215 ) ) ;
#5359 = DIRECTION ( 'NONE',  ( 0.000000000000000000, 0.000000000000000000, 1.000000000000000000 ) ) ;
#5360 = VECTOR ( 'NONE', #8115, 1000.000000000000000 ) ;
#5361 = DIRECTION ( 'NONE',  ( 0.000000000000000000, 0.000000000000000000, -1.000000000000000000 ) ) ;
#5362 = ORIENTED_EDGE ( 'NONE', *, *, #9499, .F. ) ;
#5363 = DIRECTION ( 'NONE',  ( -0.000000000000000000, -0.000000000000000000, 1.000000000000000000 ) ) ;
#5364 = VERTEX_POINT ( 'NONE', #7033 ) ;
#5365 = VERTEX_POINT ( 'NONE', #10246 ) ;
#5366 = FACE_OUTER_BOUND ( 'NONE', #192, .T. ) ;
#5367 = ORIENTED_EDGE ( 'NONE', *, *, #8314, .F. ) ;
#5368 = CARTESIAN_POINT ( 'NONE',  ( 1.931661972262772586, -2.879058568955646269, 18.40359731999999937 ) ) ;
#5369 = AXIS2_PLACEMENT_3D ( 'NONE', #2109, #10207, #6101 ) ;
#5370 = CARTESIAN_POINT ( 'NONE',  ( -0.1265725099096649819, 17.74136868473338779, -51.59041577998818440 ) ) ;
#5371 = VERTEX_POINT ( 'NONE', #88 ) ;
#5372 = CYLINDRICAL_SURFACE ( 'NONE', #4881, 0.7500000000000006661 ) ;
#5373 = DIRECTION ( 'NONE',  ( 1.000000000000000000, 0.000000000000000000, 0.000000000000000000 ) ) ;
#5374 = CARTESIAN_POINT ( 'NONE',  ( 2.581661968933036011, -2.879047117943972278, 3.496201133462653043 ) ) ;
#5375 = ORIENTED_EDGE ( 'NONE', *, *, #1741, .T. ) ;
#5376 = DIRECTION ( 'NONE',  ( 0.000000000000000000, -1.000000000000000000, -0.000000000000000000 ) ) ;
#5377 = DIRECTION ( 'NONE',  ( 0.000000000000000000, -0.000000000000000000, 1.000000000000000000 ) ) ;
#5378 = EDGE_LOOP ( 'NONE', ( #8817, #829 ) ) ;
#5379 = CARTESIAN_POINT ( 'NONE',  ( -9.123025853862856138, 19.73421269018723478, -51.59041577998819861 ) ) ;
#5380 = CARTESIAN_POINT ( 'NONE',  ( -2.596113910731132179, 14.45866362446839659, -53.65041577998817957 ) ) ;
#5381 = DIRECTION ( 'NONE',  ( -1.000000000000000000, 0.000000000000000000, -0.000000000000000000 ) ) ;
#5382 = PLANE ( 'NONE',  #901 ) ;
#5383 = VERTEX_POINT ( 'NONE', #4971 ) ;
#5384 = CARTESIAN_POINT ( 'NONE',  ( -24.69849011171107378, -1.512152455818657204, -138.7821617105083760 ) ) ;
#5385 = EDGE_CURVE ( 'NONE', #1293, #10144, #1299, .T. ) ;
#5386 = PLANE ( 'NONE',  #4906 ) ;
#5387 = EDGE_CURVE ( 'NONE', #5070, #1196, #1775, .T. ) ;
#5388 = VERTEX_POINT ( 'NONE', #6555 ) ;
#5389 = CARTESIAN_POINT ( 'NONE',  ( 43.85549337622307320, 11.47584852314636272, 19.20359732000000008 ) ) ;
#5390 = CARTESIAN_POINT ( 'NONE',  ( 7.030438470952728558, 2.686785556416294796, 31.63375372154084175 ) ) ;
#5391 = CYLINDRICAL_SURFACE ( 'NONE', #5515, 2.999999999999999112 ) ;
#5392 = DIRECTION ( 'NONE',  ( 0.000000000000000000, 0.000000000000000000, -1.000000000000000000 ) ) ;
#5393 = DIRECTION ( 'NONE',  ( 1.000000000000000000, 0.000000000000000000, 0.000000000000000000 ) ) ;
#5394 = ORIENTED_EDGE ( 'NONE', *, *, #4218, .F. ) ;
#5395 = DIRECTION ( 'NONE',  ( -0.7114425483935333805, -0.7027442638224198346, 0.000000000000000000 ) ) ;
#5396 = ADVANCED_FACE ( 'NONE', ( #8189 ), #6157, .F. ) ;
#5397 = EDGE_CURVE ( 'NONE', #3431, #11, #8035, .T. ) ;
#5398 = VECTOR ( 'NONE', #6213, 1000.000000000000000 ) ;
#5399 = DIRECTION ( 'NONE',  ( -0.7071067811865536790, 0.000000000000000000, -0.7071067811865414665 ) ) ;
#5400 = VERTEX_POINT ( 'NONE', #830 ) ;
#5401 = LINE ( 'NONE', #8506, #1798 ) ;
#5402 = DIRECTION ( 'NONE',  ( 0.000000000000000000, 0.000000000000000000, 1.000000000000000000 ) ) ;
#5403 = VECTOR ( 'NONE', #10370, 1000.000000000000000 ) ;
#5404 = ORIENTED_EDGE ( 'NONE', *, *, #9451, .T. ) ;
#5405 = DIRECTION ( 'NONE',  ( -0.7071067811865536790, 0.000000000000000000, -0.7071067811865414665 ) ) ;
#5406 = LINE ( 'NONE', #8618, #5334 ) ;
#5407 = LINE ( 'NONE', #6976, #9052 ) ;
#5408 = EDGE_CURVE ( 'NONE', #5705, #2469, #10398, .T. ) ;
#5409 = EDGE_CURVE ( 'NONE', #4360, #272, #9815, .T. ) ;
#5410 = DIRECTION ( 'NONE',  ( -1.000000000000000000, 0.000000000000000000, 0.000000000000000000 ) ) ;
#5411 = AXIS2_PLACEMENT_3D ( 'NONE', #6131, #2143, #9286 ) ;
#5412 = DIRECTION ( 'NONE',  ( 0.000000000000000000, -1.000000000000000000, 0.000000000000000000 ) ) ;
#5413 = AXIS2_PLACEMENT_3D ( 'NONE', #3736, #2277, #8635 ) ;
#5414 = VERTEX_POINT ( 'NONE', #7399 ) ;
#5415 = DIRECTION ( 'NONE',  ( 0.000000000000000000, 0.000000000000000000, -1.000000000000000000 ) ) ;
#5416 = EDGE_LOOP ( 'NONE', ( #1719, #4442, #4242, #1924 ) ) ;
#5417 = VERTEX_POINT ( 'NONE', #8134 ) ;
#5418 = DIRECTION ( 'NONE',  ( 0.000000000000000000, 0.000000000000000000, -1.000000000000000000 ) ) ;
#5419 = ORIENTED_EDGE ( 'NONE', *, *, #2505, .F. ) ;
#5420 = CARTESIAN_POINT ( 'NONE',  ( 23.67086013242046860, -27.15425750806687688, 23.04919539124511019 ) ) ;
#5421 = CARTESIAN_POINT ( 'NONE',  ( 21.66549410864508118, 0.6268492555683571332, 21.40359731999999937 ) ) ;
#5422 = VERTEX_POINT ( 'NONE', #4081 ) ;
#5423 = VECTOR ( 'NONE', #2141, 1000.000000000000000 ) ;
#5424 = CARTESIAN_POINT ( 'NONE',  ( 31.33349227759007505, -4.623571175818640633, 19.20359732000000008 ) ) ;
#5425 = DIRECTION ( 'NONE',  ( 0.000000000000000000, 0.000000000000000000, 1.000000000000000000 ) ) ;
#5426 = DIRECTION ( 'NONE',  ( -0.7071067811865556774, 8.659560562355030233E-17, 0.7071067811865393571 ) ) ;
#5427 = ORIENTED_EDGE ( 'NONE', *, *, #1683, .T. ) ;
#5428 = LINE ( 'NONE', #1548, #3657 ) ;
#5429 = DIRECTION ( 'NONE',  ( 1.000000000000000000, 0.000000000000000000, 0.000000000000000000 ) ) ;
#5430 = VERTEX_POINT ( 'NONE', #7234 ) ;
#5431 = CARTESIAN_POINT ( 'NONE',  ( 24.62828006972835126, -27.16876802581765560, 22.84269526444067111 ) ) ;
#5432 = CARTESIAN_POINT ( 'NONE',  ( 17.40349142309807462, -1.524148547166637613, 22.00359731999999724 ) ) ;
#5433 = DIRECTION ( 'NONE',  ( -0.000000000000000000, -0.000000000000000000, 1.000000000000000000 ) ) ;
#5434 = DIRECTION ( 'NONE',  ( -1.000000000000000000, 0.000000000000000000, 0.000000000000000000 ) ) ;
#5435 = ORIENTED_EDGE ( 'NONE', *, *, #8918, .T. ) ;
#5436 = DIRECTION ( 'NONE',  ( -0.000000000000000000, -0.000000000000000000, 1.000000000000000000 ) ) ;
#5437 = DIRECTION ( 'NONE',  ( 0.000000000000000000, 0.000000000000000000, 1.000000000000000000 ) ) ;
#5438 = EDGE_CURVE ( 'NONE', #10146, #1156, #194, .T. ) ;
#5439 = ORIENTED_EDGE ( 'NONE', *, *, #7131, .F. ) ;
#5440 = DIRECTION ( 'NONE',  ( 0.000000000000000000, 0.000000000000000000, -1.000000000000000000 ) ) ;
#5441 = DIRECTION ( 'NONE',  ( -2.710505431214378369E-16, 1.000000000000000000, 0.000000000000000000 ) ) ;
#5442 = DIRECTION ( 'NONE',  ( 0.000000000000000000, 0.000000000000000000, -1.000000000000000000 ) ) ;
#5443 = CARTESIAN_POINT ( 'NONE',  ( 44.85549337622308030, -4.623571175818640633, 19.20359732000000008 ) ) ;
#5444 = DIRECTION ( 'NONE',  ( -1.000000000000000000, 0.000000000000000000, 0.000000000000000000 ) ) ;
#5445 = ORIENTED_EDGE ( 'NONE', *, *, #5843, .F. ) ;
#5446 = VECTOR ( 'NONE', #3757, 1000.000000000000000 ) ;
#5447 =( LENGTH_UNIT ( ) NAMED_UNIT ( * ) SI_UNIT ( .MILLI., .METRE. ) );
#5448 = AXIS2_PLACEMENT_3D ( 'NONE', #9430, #3956, #2232 ) ;
#5449 = ADVANCED_FACE ( 'NONE', ( #6603 ), #930, .F. ) ;
#5450 = ORIENTED_EDGE ( 'NONE', *, *, #3971, .T. ) ;
#5451 = DIRECTION ( 'NONE',  ( -0.7071067811865536790, 0.000000000000000000, -0.7071067811865414665 ) ) ;
#5452 = DIRECTION ( 'NONE',  ( 0.000000000000000000, 1.000000000000000000, 0.000000000000000000 ) ) ;
#5453 = VERTEX_POINT ( 'NONE', #5552 ) ;
#5454 = CARTESIAN_POINT ( 'NONE',  ( 25.31283309548473426, 24.13946169160892197, 22.91769666868709265 ) ) ;
#5455 = DIRECTION ( 'NONE',  ( 0.000000000000000000, 0.000000000000000000, -1.000000000000000000 ) ) ;
#5456 = DIRECTION ( 'NONE',  ( 0.000000000000000000, 0.000000000000000000, -1.000000000000000000 ) ) ;
#5457 = DIRECTION ( 'NONE',  ( 0.000000000000000000, 0.000000000000000000, 1.000000000000000000 ) ) ;
#5458 = CARTESIAN_POINT ( 'NONE',  ( 6.030438470952719676, 0.08678555641702034862, 31.63375372154084175 ) ) ;
#5459 = EDGE_CURVE ( 'NONE', #219, #791, #7345, .T. ) ;
#5460 = ORIENTED_EDGE ( 'NONE', *, *, #2975, .T. ) ;
#5461 = DIRECTION ( 'NONE',  ( 1.000000000000000000, 0.000000000000000000, 0.000000000000000000 ) ) ;
#5462 = ORIENTED_EDGE ( 'NONE', *, *, #9515, .T. ) ;
#5463 = ORIENTED_EDGE ( 'NONE', *, *, #4473, .T. ) ;
#5464 = DIRECTION ( 'NONE',  ( -0.000000000000000000, -0.000000000000000000, 1.000000000000000000 ) ) ;
#5465 = ORIENTED_EDGE ( 'NONE', *, *, #4393, .F. ) ;
#5466 = LINE ( 'NONE', #2276, #6187 ) ;
#5467 = LINE ( 'NONE', #10101, #10131 ) ;
#5468 = EDGE_LOOP ( 'NONE', ( #9260, #86, #5808, #2282 ) ) ;
#5469 = VECTOR ( 'NONE', #4429, 1000.000000000000000 ) ;
#5470 = EDGE_CURVE ( 'NONE', #1653, #5817, #6503, .T. ) ;
#5471 = ADVANCED_FACE ( 'NONE', ( #3981 ), #3477, .F. ) ;
#5472 = CARTESIAN_POINT ( 'NONE',  ( -2.844888203776747559, 14.83781815453362718, -51.01081355159520569 ) ) ;
#5473 = CYLINDRICAL_SURFACE ( 'NONE', #5150, 0.05000000000000143219 ) ;
#5474 = AXIS2_PLACEMENT_3D ( 'NONE', #904, #4107, #6784 ) ;
#5475 = EDGE_CURVE ( 'NONE', #5256, #2735, #7340, .T. ) ;
#5476 = AXIS2_PLACEMENT_3D ( 'NONE', #5154, #1111, #2006 ) ;
#5477 = CARTESIAN_POINT ( 'NONE',  ( 24.69849011171107378, 21.53784716418134693, 21.59999799999998160 ) ) ;
#5478 = VERTEX_POINT ( 'NONE', #3198 ) ;
#5479 = CARTESIAN_POINT ( 'NONE',  ( 28.84477099867147487, 9.487847544181342130, 22.99999800000001215 ) ) ;
#5480 = CARTESIAN_POINT ( 'NONE',  ( 8.630438470952363161, 5.206785556416654082, 23.19999800000000079 ) ) ;
#5481 = ORIENTED_EDGE ( 'NONE', *, *, #4301, .F. ) ;
#5482 = FACE_OUTER_BOUND ( 'NONE', #1771, .T. ) ;
#5483 = VECTOR ( 'NONE', #3070, 1000.000000000000114 ) ;
#5484 = DIRECTION ( 'NONE',  ( -0.000000000000000000, -0.000000000000000000, -1.000000000000000000 ) ) ;
#5485 = CIRCLE ( 'NONE', #8175, 25.74999999999999645 ) ;
#5486 = DIRECTION ( 'NONE',  ( 0.000000000000000000, 1.000000000000000000, 0.000000000000000000 ) ) ;
#5487 = ORIENTED_EDGE ( 'NONE', *, *, #5173, .F. ) ;
#5488 = CARTESIAN_POINT ( 'NONE',  ( 24.69849011171107378, -1.512152455818657204, 21.96359842000000739 ) ) ;
#5489 = CONICAL_SURFACE ( 'NONE', #2979, 0.7500000000000006661, 0.7853981633974570498 ) ;
#5490 = DIRECTION ( 'NONE',  ( 1.000000000000000000, 0.000000000000000000, 0.000000000000000000 ) ) ;
#5491 = CIRCLE ( 'NONE', #6156, 25.89999999999999147 ) ;
#5492 = AXIS2_PLACEMENT_3D ( 'NONE', #3452, #5920, #1142 ) ;
#5493 = ORIENTED_EDGE ( 'NONE', *, *, #4356, .T. ) ;
#5494 = DIRECTION ( 'NONE',  ( -0.000000000000000000, -0.000000000000000000, 1.000000000000000000 ) ) ;
#5495 = DIRECTION ( 'NONE',  ( 0.000000000000000000, 0.000000000000000000, 1.000000000000000000 ) ) ;
#5496 = DIRECTION ( 'NONE',  ( 0.000000000000000000, 0.000000000000000000, 1.000000000000000000 ) ) ;
#5497 = CARTESIAN_POINT ( 'NONE',  ( 25.81716235458048558, 24.12709038455214738, 23.08636222845598596 ) ) ;
#5498 = LINE ( 'NONE', #8717, #7095 ) ;
#5499 = ORIENTED_EDGE ( 'NONE', *, *, #489, .F. ) ;
#5500 = VECTOR ( 'NONE', #5103, 1000.000000000000000 ) ;
#5501 = AXIS2_PLACEMENT_3D ( 'NONE', #347, #6751, #658 ) ;
#5502 = CARTESIAN_POINT ( 'NONE',  ( 0.000000000000000000, 0.000000000000000000, 0.000000000000000000 ) ) ;
#5503 = ORIENTED_EDGE ( 'NONE', *, *, #5652, .F. ) ;
#5504 = DIRECTION ( 'NONE',  ( 0.000000000000000000, 0.000000000000000000, -1.000000000000000000 ) ) ;
#5505 = DIRECTION ( 'NONE',  ( 0.000000000000000000, 0.000000000000000000, 1.000000000000000000 ) ) ;
#5506 = VERTEX_POINT ( 'NONE', #6399 ) ;
#5507 = CARTESIAN_POINT ( 'NONE',  ( 23.89929701112900062, 24.13585300674634837, 22.96911922891618829 ) ) ;
#5508 = DIRECTION ( 'NONE',  ( 1.000000000000000000, 0.000000000000000000, 0.000000000000000000 ) ) ;
#5509 = DIRECTION ( 'NONE',  ( -0.000000000000000000, -0.000000000000000000, 1.000000000000000000 ) ) ;
#5510 = CIRCLE ( 'NONE', #3341, 1.000000000000000888 ) ;
#5511 = EDGE_CURVE ( 'NONE', #9774, #5865, #4480, .T. ) ;
#5512 = PLANE ( 'NONE',  #5229 ) ;
#5513 = CARTESIAN_POINT ( 'NONE',  ( 12.03752811785077803, -6.819414077215271597, 18.40359731999999937 ) ) ;
#5514 = VECTOR ( 'NONE', #5993, 1000.000000000000000 ) ;
#5515 = AXIS2_PLACEMENT_3D ( 'NONE', #8715, #716, #7880 ) ;
#5516 = ORIENTED_EDGE ( 'NONE', *, *, #7141, .F. ) ;
#5517 = DIRECTION ( 'NONE',  ( -0.000000000000000000, -0.000000000000000000, -1.000000000000000000 ) ) ;
#5518 = EDGE_LOOP ( 'NONE', ( #6278, #6995 ) ) ;
#5519 = ORIENTED_EDGE ( 'NONE', *, *, #7645, .T. ) ;
#5520 = CARTESIAN_POINT ( 'NONE',  ( 10.23043847095200576, -9.573214443583347943, 31.63375372154084175 ) ) ;
#5521 = ORIENTED_EDGE ( 'NONE', *, *, #257, .T. ) ;
#5522 = LINE ( 'NONE', #4785, #8401 ) ;
#5523 = CARTESIAN_POINT ( 'NONE',  ( -24.69849011171107378, -24.56215207581864135, -60.29962500960238714 ) ) ;
#5524 = ORIENTED_EDGE ( 'NONE', *, *, #8865, .T. ) ;
#5525 = AXIS2_PLACEMENT_3D ( 'NONE', #9032, #8243, #4922 ) ;
#5526 = AXIS2_PLACEMENT_3D ( 'NONE', #8540, #4534, #6952 ) ;
#5527 = EDGE_CURVE ( 'NONE', #8654, #8642, #9604, .T. ) ;
#5528 = DIRECTION ( 'NONE',  ( 0.000000000000000000, 0.000000000000000000, -1.000000000000000000 ) ) ;
#5529 = LINE ( 'NONE', #109, #9681 ) ;
#5530 = DIRECTION ( 'NONE',  ( -1.355252715607184747E-16, 1.000000000000000000, 0.000000000000000000 ) ) ;
#5531 = ORIENTED_EDGE ( 'NONE', *, *, #10028, .T. ) ;
#5532 = CARTESIAN_POINT ( 'NONE',  ( 32.29477099867147416, -1.512152455818657204, 21.99999800000000150 ) ) ;
#5533 = CARTESIAN_POINT ( 'NONE',  ( 39.64477099867147558, -12.51215245581865609, 23.19999800000000079 ) ) ;
#5534 = ORIENTED_EDGE ( 'NONE', *, *, #73, .F. ) ;
#5535 = PLANE ( 'NONE',  #4856 ) ;
#5536 = DIRECTION ( 'NONE',  ( 1.000000000000000000, 0.000000000000000000, 0.000000000000000000 ) ) ;
#5537 = CYLINDRICAL_SURFACE ( 'NONE', #4086, 1.520000000000000462 ) ;
#5538 = ORIENTED_EDGE ( 'NONE', *, *, #1323, .T. ) ;
#5539 = DIRECTION ( 'NONE',  ( -1.000000000000000000, 0.000000000000000000, 0.000000000000000000 ) ) ;
#5540 = ADVANCED_FACE ( 'NONE', ( #1676 ), #2407, .F. ) ;
#5541 = EDGE_CURVE ( 'NONE', #7981, #1471, #6997, .T. ) ;
#5542 = DIRECTION ( 'NONE',  ( 1.000000000000000000, 0.000000000000000000, 0.000000000000000000 ) ) ;
#5543 = UNCERTAINTY_MEASURE_WITH_UNIT (LENGTH_MEASURE( 1.000000000000000082E-05 ), #8335, 'distance_accuracy_value', 'NONE');
#5544 = CARTESIAN_POINT ( 'NONE',  ( 27.09477099867146066, -12.51215245581865609, 23.19999800000000079 ) ) ;
#5545 = FACE_OUTER_BOUND ( 'NONE', #9480, .T. ) ;
#5546 = CARTESIAN_POINT ( 'NONE',  ( -8.479593750131153129, 20.69589562760390322, -51.56385963735657185 ) ) ;
#5547 = DIRECTION ( 'NONE',  ( 0.000000000000000000, 0.000000000000000000, -1.000000000000000000 ) ) ;
#5548 = DIRECTION ( 'NONE',  ( 0.000000000000000000, 0.000000000000000000, -1.000000000000000000 ) ) ;
#5549 = ORIENTED_EDGE ( 'NONE', *, *, #3938, .F. ) ;
#5550 = APPLICATION_PROTOCOL_DEFINITION ( 'draft international standard', 'automotive_design', 1998, #364 ) ;
#5551 = VERTEX_POINT ( 'NONE', #1087 ) ;
#5552 = CARTESIAN_POINT ( 'NONE',  ( 43.85549282690606532, -15.01615056132663817, 19.20359732000000008 ) ) ;
#5553 = CARTESIAN_POINT ( 'NONE',  ( -43.64691577435821301, -16.40400139767623244, -36.80041777998817309 ) ) ;
#5554 = VERTEX_POINT ( 'NONE', #542 ) ;
#5555 = CARTESIAN_POINT ( 'NONE',  ( 26.12618181205471046, 24.19830927888189720, 23.11151931750245936 ) ) ;
#5556 = CARTESIAN_POINT ( 'NONE',  ( 24.69849011171107378, 2.686785556416296572, 21.40359731999999937 ) ) ;
#5557 = CARTESIAN_POINT ( 'NONE',  ( -7.869897309065033042, 20.15317103727757342, -54.38374911332152095 ) ) ;
#5558 = AXIS2_PLACEMENT_3D ( 'NONE', #6334, #9592, #4853 ) ;
#5559 = VERTEX_POINT ( 'NONE', #5075 ) ;
#5560 = FACE_OUTER_BOUND ( 'NONE', #8795, .T. ) ;
#5561 = DIRECTION ( 'NONE',  ( 1.000000000000000000, 0.000000000000000000, 0.000000000000000000 ) ) ;
#5562 = EDGE_CURVE ( 'NONE', #9993, #8336, #3744, .T. ) ;
#5563 = ORIENTED_EDGE ( 'NONE', *, *, #518, .F. ) ;
#5564 = PLANE ( 'NONE',  #1788 ) ;
#5565 = EDGE_LOOP ( 'NONE', ( #2740, #2962, #2509, #1248 ) ) ;
#5566 = EDGE_CURVE ( 'NONE', #7206, #9760, #3645, .T. ) ;
#5567 = VERTEX_POINT ( 'NONE', #3798 ) ;
#5568 = EDGE_CURVE ( 'NONE', #8895, #5365, #354, .T. ) ;
#5569 = ORIENTED_EDGE ( 'NONE', *, *, #1247, .T. ) ;
#5570 = CARTESIAN_POINT ( 'NONE',  ( 25.05949410864507243, -2.967150744431636955, 18.40359731999999937 ) ) ;
#5571 = ORIENTED_EDGE ( 'NONE', *, *, #6178, .T. ) ;
#5572 = AXIS2_PLACEMENT_3D ( 'NONE', #1306, #9339, #9925 ) ;
#5573 = CARTESIAN_POINT ( 'NONE',  ( 13.27349142309807206, -1.524148547166637613, 22.99999800000000505 ) ) ;
#5574 = CARTESIAN_POINT ( 'NONE',  ( 12.05349142309808386, 3.675851452833362565, 21.40359731999999937 ) ) ;
#5575 = CIRCLE ( 'NONE', #4091, 1.000000000000000888 ) ;
#5576 = CARTESIAN_POINT ( 'NONE',  ( 27.89477099867148269, -12.51215245581865609, 23.19999800000000079 ) ) ;
#5577 = EDGE_CURVE ( 'NONE', #7671, #8291, #626, .T. ) ;
#5578 = ORIENTED_EDGE ( 'NONE', *, *, #4419, .T. ) ;
#5580 = EDGE_CURVE ( 'NONE', #8265, #7919, #6497, .T. ) ;
#5579 = FACE_OUTER_BOUND ( 'NONE', #3879, .T. ) ;
#5581 = CYLINDRICAL_SURFACE ( 'NONE', #7133, 1.056214310942091394 ) ;
#5582 = EDGE_LOOP ( 'NONE', ( #9277, #9449, #1514, #2778 ) ) ;
#5583 = DIRECTION ( 'NONE',  ( -0.9999999998448216854, -1.761694112589338835E-05, 0.000000000000000000 ) ) ;
#5584 = CARTESIAN_POINT ( 'NONE',  ( 33.49477099867146990, -12.51215245581865609, 21.99999800000000150 ) ) ;
#5585 = SURFACE_STYLE_FILL_AREA ( #68 ) ;
#5586 = ORIENTED_EDGE ( 'NONE', *, *, #4246, .F. ) ;
#5587 = AXIS2_PLACEMENT_3D ( 'NONE', #990, #43, #6454 ) ;
#5588 = DIRECTION ( 'NONE',  ( -1.000000000000000000, 0.000000000000000000, 0.000000000000000000 ) ) ;
#5589 = DIRECTION ( 'NONE',  ( -0.000000000000000000, -0.000000000000000000, -1.000000000000000000 ) ) ;
#5590 = APPLICATION_CONTEXT ( 'automotive_design' ) ;
#5591 = EDGE_CURVE ( 'NONE', #9812, #8407, #3977, .T. ) ;
#5592 = DIRECTION ( 'NONE',  ( -1.000000000000000000, 0.000000000000000000, 0.000000000000000000 ) ) ;
#5593 = DIRECTION ( 'NONE',  ( 0.000000000000000000, 0.000000000000000000, -1.000000000000000000 ) ) ;
#5594 = CARTESIAN_POINT ( 'NONE',  ( -7.994858338863351399, 20.33365560793889770, -50.81695205994737563 ) ) ;
#5595 = FACE_OUTER_BOUND ( 'NONE', #6006, .T. ) ;
#5596 = CARTESIAN_POINT ( 'NONE',  ( 27.09477099867146421, 9.487847544181342130, 23.19999800000000079 ) ) ;
#5597 = ORIENTED_EDGE ( 'NONE', *, *, #7948, .F. ) ;
#5598 = VECTOR ( 'NONE', #3788, 1000.000000000000000 ) ;
#5599 =( NAMED_UNIT ( * ) PLANE_ANGLE_UNIT ( ) SI_UNIT ( $, .RADIAN. ) );
#5600 = ORIENTED_EDGE ( 'NONE', *, *, #2881, .T. ) ;
#5601 = ADVANCED_FACE ( 'NONE', ( #8292 ), #5815, .F. ) ;
#5602 = VERTEX_POINT ( 'NONE', #9869 ) ;
#5603 = VECTOR ( 'NONE', #3355, 1000.000000000000000 ) ;
#5604 = CARTESIAN_POINT ( 'NONE',  ( 8.630438470952407570, 0.8867855564166541305, 22.99999800000001215 ) ) ;
#5605 = CYLINDRICAL_SURFACE ( 'NONE', #8453, 0.5999999999999942046 ) ;
#5606 = VERTEX_POINT ( 'NONE', #244 ) ;
#5607 = CARTESIAN_POINT ( 'NONE',  ( 25.53290966492878411, 24.13504791924691872, 22.98032446389582262 ) ) ;
#5608 = LINE ( 'NONE', #3833, #1124 ) ;
#5609 = DIRECTION ( 'NONE',  ( -1.000000000000000000, 0.000000000000000000, 0.000000000000000000 ) ) ;
#5610 = DIRECTION ( 'NONE',  ( 0.000000000000000000, 0.000000000000000000, -1.000000000000000000 ) ) ;
#5611 = DIRECTION ( 'NONE',  ( -0.000000000000000000, -0.000000000000000000, -1.000000000000000000 ) ) ;
#5612 = ORIENTED_EDGE ( 'NONE', *, *, #6240, .T. ) ;
#5613 = FACE_OUTER_BOUND ( 'NONE', #1164, .T. ) ;
#5614 = ORIENTED_EDGE ( 'NONE', *, *, #4260, .F. ) ;
#5615 = ORIENTED_EDGE ( 'NONE', *, *, #4316, .F. ) ;
#5616 = CONICAL_SURFACE ( 'NONE', #6960, 0.7500000000000006661, 0.7853981633974570498 ) ;
#5617 = ADVANCED_FACE ( 'NONE', ( #8589 ), #297, .F. ) ;
#5618 = VERTEX_POINT ( 'NONE', #1390 ) ;
#5619 = FACE_BOUND ( 'NONE', #1997, .T. ) ;
#5620 = EDGE_LOOP ( 'NONE', ( #3348, #5919, #6155, #258 ) ) ;
#5621 = EDGE_CURVE ( 'NONE', #3782, #8233, #5315, .T. ) ;
#5622 = LINE ( 'NONE', #1697, #5403 ) ;
#5623 = DIRECTION ( 'NONE',  ( -1.000000000000000000, 0.000000000000000000, 0.000000000000000000 ) ) ;
#5624 = CARTESIAN_POINT ( 'NONE',  ( 18.02849441382007356, 2.675851452833362565, 21.40359731999999937 ) ) ;
#5625 = ORIENTED_EDGE ( 'NONE', *, *, #10395, .T. ) ;
#5626 = DIRECTION ( 'NONE',  ( 0.000000000000000000, -1.000000000000000000, 0.000000000000000000 ) ) ;
#5627 = DIRECTION ( 'NONE',  ( -0.7071067811865479058, -0.7071067811865472397, 0.000000000000000000 ) ) ;
#5628 = ORIENTED_EDGE ( 'NONE', *, *, #489, .T. ) ;
#5629 = EDGE_CURVE ( 'NONE', #5105, #5353, #3502, .T. ) ;
#5630 = DIRECTION ( 'NONE',  ( 0.000000000000000000, 0.000000000000000000, -1.000000000000000000 ) ) ;
#5631 = PLANE ( 'NONE',  #9219 ) ;
#5632 = SURFACE_SIDE_STYLE ('',( #5585 ) ) ;
#5633 = ORIENTED_EDGE ( 'NONE', *, *, #2768, .T. ) ;
#5634 = AXIS2_PLACEMENT_3D ( 'NONE', #5734, #3428, #8951 ) ;
#5635 = CARTESIAN_POINT ( 'NONE',  ( -24.69849011171107378, -1.512152455818657204, -40.80041777998818020 ) ) ;
#5636 = EDGE_CURVE ( 'NONE', #2842, #2451, #7562, .T. ) ;
#5637 = DIRECTION ( 'NONE',  ( -0.000000000000000000, -0.000000000000000000, -1.000000000000000000 ) ) ;
#5638 = AXIS2_PLACEMENT_3D ( 'NONE', #2596, #9906, #7486 ) ;
#5639 = B_SPLINE_CURVE_WITH_KNOTS ( 'NONE', 1,
 ( #7757, #2240 ),
 .UNSPECIFIED., .F., .F.,
 ( 2, 2 ),
 ( 0.000000000000000000, 1.000000000000000000 ),
 .UNSPECIFIED. ) ;
#5640 = CIRCLE ( 'NONE', #3827, 0.7500000000000006661 ) ;
#5641 = CIRCLE ( 'NONE', #10017, 24.09999999999566000 ) ;
#5642 = DIRECTION ( 'NONE',  ( 0.000000000000000000, 0.000000000000000000, -1.000000000000000000 ) ) ;
#5643 = CARTESIAN_POINT ( 'NONE',  ( 40.20749282690608339, -15.01615056132663995, 19.20359732000000008 ) ) ;
#5644 = CARTESIAN_POINT ( 'NONE',  ( -8.444364934635336439, 20.67012597014412023, -51.33098954191145680 ) ) ;
#5645 = CARTESIAN_POINT ( 'NONE',  ( 11.05349142309807675, -1.512152455818657204, 21.40359731999999937 ) ) ;
#5646 = CARTESIAN_POINT ( 'NONE',  ( 32.33349227759007505, -9.733150561326636918, 19.20359732000000008 ) ) ;
#5647 = ORIENTED_EDGE ( 'NONE', *, *, #5541, .T. ) ;
#5648 = AXIS2_PLACEMENT_3D ( 'NONE', #745, #2531, #3952 ) ;
#5649 = AXIS2_PLACEMENT_3D ( 'NONE', #5488, #5332, #8545 ) ;
#5650 = EDGE_CURVE ( 'NONE', #2469, #7458, #787, .T. ) ;
#5651 = VECTOR ( 'NONE', #5707, 1000.000000000000000 ) ;
#5652 = EDGE_CURVE ( 'NONE', #9986, #8995, #4346, .T. ) ;
#5653 = CARTESIAN_POINT ( 'NONE',  ( 0.000000000000000000, 0.000000000000000000, -32.80041777998817309 ) ) ;
#5654 = VERTEX_POINT ( 'NONE', #8535 ) ;
#5655 = ORIENTED_EDGE ( 'NONE', *, *, #5217, .T. ) ;
#5656 = CARTESIAN_POINT ( 'NONE',  ( 36.98149227759007118, -9.733150561326645800, 19.20359732000000008 ) ) ;
#5657 = DIRECTION ( 'NONE',  ( -0.000000000000000000, -0.000000000000000000, -1.000000000000000000 ) ) ;
#5658 = EDGE_LOOP ( 'NONE', ( #5797, #1375, #6364, #8588 ) ) ;
#5659 = CARTESIAN_POINT ( 'NONE',  ( 23.61976805302114002, 24.12842789056768567, 23.06929528392425510 ) ) ;
#5660 = CIRCLE ( 'NONE', #1479, 1.000000000000000888 ) ;
#5661 = CARTESIAN_POINT ( 'NONE',  ( 47.46537903020566063, 0.5709414337380126492, 3.496201133462653043 ) ) ;
#5662 = DIRECTION ( 'NONE',  ( -1.000000000000000000, 0.000000000000000000, 0.000000000000000000 ) ) ;
#5663 = STYLED_ITEM ( 'NONE', ( #5349 ), #1626 ) ;
#5664 = ADVANCED_FACE ( 'NONE', ( #4239 ), #4530, .T. ) ;
#5665 = ADVANCED_FACE ( 'NONE', ( #7803 ), #594, .T. ) ;
#5666 = LINE ( 'NONE', #7092, #536 ) ;
#5667 = FACE_OUTER_BOUND ( 'NONE', #5620, .T. ) ;
#5668 = AXIS2_PLACEMENT_3D ( 'NONE', #1739, #9886, #7363 ) ;
#5669 = ORIENTED_EDGE ( 'NONE', *, *, #8629, .T. ) ;
#5670 = PLANE ( 'NONE',  #5301 ) ;
#5671 = VERTEX_POINT ( 'NONE', #2669 ) ;
#5672 = AXIS2_PLACEMENT_3D ( 'NONE', #2035, #8554, #10177 ) ;
#5673 = ORIENTED_EDGE ( 'NONE', *, *, #3416, .F. ) ;
#5674 = CARTESIAN_POINT ( 'NONE',  ( 25.87591770423897231, -27.23521922990983057, 22.99999799970559167 ) ) ;
#5675 = VERTEX_POINT ( 'NONE', #1876 ) ;
#5676 = DIRECTION ( 'NONE',  ( 0.000000000000000000, 0.000000000000000000, -1.000000000000000000 ) ) ;
#5677 = VERTEX_POINT ( 'NONE', #804 ) ;
#5678 = CARTESIAN_POINT ( 'NONE',  ( 43.85549282690606532, -8.733150561326636918, 18.40359731999999937 ) ) ;
#5679 = CIRCLE ( 'NONE', #139, 24.09999999999566000 ) ;
#5680 = PLANE ( 'NONE',  #8343 ) ;
#5681 = CARTESIAN_POINT ( 'NONE',  ( -24.69849011171107378, -1.512152455818657204, -40.80041777998818020 ) ) ;
#5682 = ORIENTED_EDGE ( 'NONE', *, *, #5409, .T. ) ;
#5683 = VERTEX_POINT ( 'NONE', #9481 ) ;
#5684 = CARTESIAN_POINT ( 'NONE',  ( 38.69477099867147984, -12.51215245581865609, 23.19999800000000079 ) ) ;
#5685 = CARTESIAN_POINT ( 'NONE',  ( 24.04921318918962925, 24.22970952612200080, 22.82665766347482617 ) ) ;
#5686 = ORIENTED_EDGE ( 'NONE', *, *, #8026, .F. ) ;
#5687 = CIRCLE ( 'NONE', #7034, 0.7500000000000006661 ) ;
#5688 = CARTESIAN_POINT ( 'NONE',  ( -21.52241293989059301, -4.727541827656336793, -56.00041577998817388 ) ) ;
#5689 = VECTOR ( 'NONE', #235, 1000.000000000000114 ) ;
#5690 = DIRECTION ( 'NONE',  ( 1.000000000000000000, 0.000000000000000000, 0.000000000000000000 ) ) ;
#5691 = SURFACE_STYLE_USAGE ( .BOTH. , #5632 ) ;
#5692 = VERTEX_POINT ( 'NONE', #3122 ) ;
#5693 = DIRECTION ( 'NONE',  ( -1.000000000000000000, 0.000000000000000000, 0.000000000000000000 ) ) ;
#5694 = DIRECTION ( 'NONE',  ( 1.000000000000000000, 0.000000000000000000, 0.000000000000000000 ) ) ;
#5695 = VECTOR ( 'NONE', #3181, 1000.000000000000000 ) ;
#5696 = CARTESIAN_POINT ( 'NONE',  ( -8.088834453174472472, 20.14416145991522455, -54.22739920302942096 ) ) ;
#5697 = DIRECTION ( 'NONE',  ( -1.000000000000000000, 0.000000000000000000, 0.000000000000000000 ) ) ;
#5698 = DIRECTION ( 'NONE',  ( -0.000000000000000000, -0.000000000000000000, 1.000000000000000000 ) ) ;
#5699 = CARTESIAN_POINT ( 'NONE',  ( -8.113724157249473379, 20.42402958718154693, -50.87191440507890405 ) ) ;
#5700 = EDGE_CURVE ( 'NONE', #7623, #4472, #6661, .T. ) ;
#5701 = CARTESIAN_POINT ( 'NONE',  ( -2.300349625033443424, 14.44320118575811307, -53.79505090109760346 ) ) ;
#5702 = CARTESIAN_POINT ( 'NONE',  ( -1.011038904139088812, -3.529110395338654005, 3.496201133462653043 ) ) ;
#5703 = ORIENTED_EDGE ( 'NONE', *, *, #5968, .T. ) ;
#5704 = VECTOR ( 'NONE', #4991, 1000.000000000000000 ) ;
#5705 = VERTEX_POINT ( 'NONE', #7912 ) ;
#5706 = ORIENTED_EDGE ( 'NONE', *, *, #451, .F. ) ;
#5707 = DIRECTION ( 'NONE',  ( -5.421010862430005110E-16, 1.000000000000000000, 0.000000000000000000 ) ) ;
#5708 = CARTESIAN_POINT ( 'NONE',  ( 24.69849011171107378, -1.512152455818657204, 18.40359731999999937 ) ) ;
#5709 = EDGE_CURVE ( 'NONE', #2134, #6133, #6335, .T. ) ;
#5710 = ORIENTED_EDGE ( 'NONE', *, *, #6121, .F. ) ;
#5711 = CARTESIAN_POINT ( 'NONE',  ( 24.69845341533301664, 0.5713424239320074038, 8.999997999999999720 ) ) ;
#5712 = CARTESIAN_POINT ( 'NONE',  ( 23.57981788490746311, 24.12709036292463338, 23.08636224920362423 ) ) ;
#5713 = EDGE_CURVE ( 'NONE', #2056, #963, #7681, .T. ) ;
#5714 = CARTESIAN_POINT ( 'NONE',  ( 2.581637895294357055, -1.512542087102104249, 18.40359731999999937 ) ) ;
#5715 = CARTESIAN_POINT ( 'NONE',  ( 14.78608801174350873, 13.08357714299167185, 21.96359842000000029 ) ) ;
#5716 = EDGE_CURVE ( 'NONE', #2662, #6380, #650, .T. ) ;
#5717 = CARTESIAN_POINT ( 'NONE',  ( 8.630438470952407570, 0.8867855564166541305, 23.19999800000000079 ) ) ;
#5718 = EDGE_CURVE ( 'NONE', #4624, #1449, #5660, .T. ) ;
#5719 = PLANE ( 'NONE',  #8518 ) ;
#5720 = ORIENTED_EDGE ( 'NONE', *, *, #1973, .T. ) ;
#5721 = DIRECTION ( 'NONE',  ( 0.000000000000000000, 0.000000000000000000, -1.000000000000000000 ) ) ;
#5722 = ORIENTED_EDGE ( 'NONE', *, *, #3978, .F. ) ;
#5723 = VECTOR ( 'NONE', #645, 1000.000000000000000 ) ;
#5724 = ADVANCED_FACE ( 'NONE', ( #6424 ), #10269, .T. ) ;
#5725 = EDGE_LOOP ( 'NONE', ( #5936, #10133, #8908, #4362 ) ) ;
#5727 = ADVANCED_FACE ( 'NONE', ( #6323 ), #4697, .F. ) ;
#5726 = CARTESIAN_POINT ( 'NONE',  ( 32.33349227759007505, -9.733150561326636918, 18.40359731999999937 ) ) ;
#5728 = EDGE_LOOP ( 'NONE', ( #10153, #8149, #4376, #8110, #4422, #2955, #9002, #3079 ) ) ;
#5729 = LINE ( 'NONE', #4367, #5704 ) ;
#5730 = ORIENTED_EDGE ( 'NONE', *, *, #2881, .F. ) ;
#5731 = CARTESIAN_POINT ( 'NONE',  ( -2.364368169213650006, 14.53269772628424050, -51.16666680827216851 ) ) ;
#5732 = AXIS2_PLACEMENT_3D ( 'NONE', #2791, #8623, #10197 ) ;
#5733 = DIRECTION ( 'NONE',  ( 1.462890879734001726E-19, 1.610801296603465303E-20, -1.000000000000000000 ) ) ;
#5734 = CARTESIAN_POINT ( 'NONE',  ( 35.98149227759007118, -14.01615056132663995, 18.40359731999999937 ) ) ;
#5735 = VERTEX_POINT ( 'NONE', #9536 ) ;
#5736 = EDGE_CURVE ( 'NONE', #1786, #7560, #9630, .T. ) ;
#5737 = ORIENTED_EDGE ( 'NONE', *, *, #2631, .F. ) ;
#5738 = DIRECTION ( 'NONE',  ( 1.000000000000000000, 0.000000000000000000, 0.000000000000000000 ) ) ;
#5739 = CARTESIAN_POINT ( 'NONE',  ( 25.56859864484425415, 24.22315314468641390, 22.88817389979262629 ) ) ;
#5740 = EDGE_LOOP ( 'NONE', ( #9084, #3334, #624, #4238 ) ) ;
#5741 = CARTESIAN_POINT ( 'NONE',  ( 1.931661972262772586, -2.879058568955646269, 18.40359731999999937 ) ) ;
#5742 = AXIS2_PLACEMENT_3D ( 'NONE', #2241, #10118, #2291 ) ;
#5743 = FACE_OUTER_BOUND ( 'NONE', #7737, .T. ) ;
#5744 = FACE_OUTER_BOUND ( 'NONE', #1183, .T. ) ;
#5745 = ORIENTED_EDGE ( 'NONE', *, *, #6658, .F. ) ;
#5746 = CARTESIAN_POINT ( 'NONE',  ( -21.53129293635872799, 22.37882621924258331, -32.80041777998817309 ) ) ;
#5747 = CARTESIAN_POINT ( 'NONE',  ( -2.596113910731133068, 14.45866362446839659, -51.59041577998818440 ) ) ;
#5748 = AXIS2_PLACEMENT_3D ( 'NONE', #5635, #4801, #8120 ) ;
#5749 = CARTESIAN_POINT ( 'NONE',  ( 9.757127334645465666, 20.16271390881006909, 21.96359842000000029 ) ) ;
#5750 = VECTOR ( 'NONE', #6767, 999.9999999999998863 ) ;
#5751 = CARTESIAN_POINT ( 'NONE',  ( 29.59477099867147487, 9.487847544181342130, 21.99999800000000150 ) ) ;
#5752 = DIRECTION ( 'NONE',  ( -1.000000000000000000, 0.000000000000000000, 0.000000000000000000 ) ) ;
#5753 = CARTESIAN_POINT ( 'NONE',  ( -8.470704157998090622, 20.68940080131984161, -51.45880540815352333 ) ) ;
#5754 = CARTESIAN_POINT ( 'NONE',  ( -2.678911394610863361, 14.58752161872919295, -54.04760115118257602 ) ) ;
#5755 = CYLINDRICAL_SURFACE ( 'NONE', #231, 0.9999999999999991118 ) ;
#5756 = VERTEX_POINT ( 'NONE', #9582 ) ;
#5757 = EDGE_CURVE ( 'NONE', #2529, #6950, #8022, .T. ) ;
#5758 = VECTOR ( 'NONE', #1148, 1000.000000000000000 ) ;
#5759 = VERTEX_POINT ( 'NONE', #4057 ) ;
#5760 = ORIENTED_EDGE ( 'NONE', *, *, #9203, .F. ) ;
#5761 = CARTESIAN_POINT ( 'NONE',  ( -24.69849011171107378, -1.512152455818657204, -56.00041577998818099 ) ) ;
#5762 = LINE ( 'NONE', #2670, #9289 ) ;
#5763 = ORIENTED_EDGE ( 'NONE', *, *, #590, .T. ) ;
#5764 = CARTESIAN_POINT ( 'NONE',  ( 11.23043847095200753, -6.819414077215271597, 21.40359731999999937 ) ) ;
#5765 = DIRECTION ( 'NONE',  ( -3.154042683594195121E-16, -1.000000000000000000, 0.000000000000000000 ) ) ;
#5766 = B_SPLINE_CURVE_WITH_KNOTS ( 'NONE', 1,
 ( #9513, #2464 ),
 .UNSPECIFIED., .F., .F.,
 ( 2, 2 ),
 ( 0.000000000000000000, 1.000000000000000000 ),
 .UNSPECIFIED. ) ;
#5767 = DIRECTION ( 'NONE',  ( 1.000000000000000000, 0.000000000000000000, 0.000000000000000000 ) ) ;
#5768 = EDGE_CURVE ( 'NONE', #3581, #8321, #6666, .T. ) ;
#5769 = DIRECTION ( 'NONE',  ( 0.000000000000000000, 0.000000000000000000, 1.000000000000000000 ) ) ;
#5770 = DIRECTION ( 'NONE',  ( 1.000000000000000000, 0.000000000000000000, 0.000000000000000000 ) ) ;
#5771 = ADVANCED_FACE ( 'NONE', ( #5579 ), #3022, .T. ) ;
#5772 = DIRECTION ( 'NONE',  ( -0.7071067811865479058, -0.7071067811865472397, 0.000000000000000000 ) ) ;
#5773 = AXIS2_PLACEMENT_3D ( 'NONE', #6604, #9816, #9082 ) ;
#5774 = ORIENTED_EDGE ( 'NONE', *, *, #959, .F. ) ;
#5775 = FACE_OUTER_BOUND ( 'NONE', #3352, .T. ) ;
#5776 = ORIENTED_EDGE ( 'NONE', *, *, #2388, .T. ) ;
#5777 = ORIENTED_EDGE ( 'NONE', *, *, #240, .F. ) ;
#5778 = DIRECTION ( 'NONE',  ( 0.000000000000000000, 0.000000000000000000, 1.000000000000000000 ) ) ;
#5779 = ORIENTED_EDGE ( 'NONE', *, *, #2517, .F. ) ;
#5780 = CYLINDRICAL_SURFACE ( 'NONE', #9740, 0.9999999999999991118 ) ;
#5781 = ORIENTED_EDGE ( 'NONE', *, *, #1189, .F. ) ;
#5782 = CIRCLE ( 'NONE', #4769, 1.000000000000000888 ) ;
#5783 = CARTESIAN_POINT ( 'NONE',  ( -2.668263510266173366, 14.57109760353439043, -51.21645223703081484 ) ) ;
#5784 = EDGE_CURVE ( 'NONE', #6667, #8921, #4791, .T. ) ;
#5785 = LINE ( 'NONE', #9466, #8684 ) ;
#5786 = VECTOR ( 'NONE', #7165, 1000.000000000000000 ) ;
#5787 = DIRECTION ( 'NONE',  ( -1.577021341797097560E-16, -1.000000000000000000, 0.000000000000000000 ) ) ;
#5788 = ORIENTED_EDGE ( 'NONE', *, *, #5121, .F. ) ;
#5789 = ORIENTED_EDGE ( 'NONE', *, *, #10082, .T. ) ;
#5790 = CARTESIAN_POINT ( 'NONE',  ( 43.85549282690607242, -14.01615056132663995, 19.20359732000000008 ) ) ;
#5791 = APPLICATION_CONTEXT ( 'automotive_design' ) ;
#5792 = ORIENTED_EDGE ( 'NONE', *, *, #842, .T. ) ;
#5793 = ADVANCED_FACE ( 'NONE', ( #2231 ), #4744, .T. ) ;
#5794 = LINE ( 'NONE', #9997, #3870 ) ;
#5795 = PLANE ( 'NONE',  #6856 ) ;
#5796 = DIRECTION ( 'NONE',  ( 1.000000000000000000, 0.000000000000000000, 0.000000000000000000 ) ) ;
#5797 = ORIENTED_EDGE ( 'NONE', *, *, #7589, .T. ) ;
#5798 = CARTESIAN_POINT ( 'NONE',  ( 45.94148988936080968, -16.17526323817044442, 8.999997999999999720 ) ) ;
#5799 = EDGE_CURVE ( 'NONE', #5735, #7999, #5428, .T. ) ;
#5800 = DIRECTION ( 'NONE',  ( 0.000000000000000000, 0.000000000000000000, -1.000000000000000000 ) ) ;
#5801 = CARTESIAN_POINT ( 'NONE',  ( 41.59477099867147132, 9.487847544181342130, 22.99999800000001215 ) ) ;
#5802 = DIRECTION ( 'NONE',  ( -0.7114425483935503669, -0.7027442638224027371, 0.000000000000000000 ) ) ;
#5803 = CARTESIAN_POINT ( 'NONE',  ( 6.030438470952724117, -1.512152455818667418, 31.63375372154084175 ) ) ;
#5804 = CARTESIAN_POINT ( 'NONE',  ( 11.23043847095200576, -1.512152455818657204, 18.40359731999999937 ) ) ;
#5805 = CARTESIAN_POINT ( 'NONE',  ( -2.317948017458052679, 14.46787873959362258, -53.90984201806494980 ) ) ;
#5806 = VECTOR ( 'NONE', #8734, 1000.000000000000000 ) ;
#5807 = DIRECTION ( 'NONE',  ( 1.000000000000000000, 0.000000000000000000, 0.000000000000000000 ) ) ;
#5808 = ORIENTED_EDGE ( 'NONE', *, *, #6658, .T. ) ;
#5809 = VECTOR ( 'NONE', #6511, 1000.000000000000000 ) ;
#5810 = EDGE_CURVE ( 'NONE', #1161, #6273, #8792, .T. ) ;
#5811 = VECTOR ( 'NONE', #2683, 1000.000000000000000 ) ;
#5812 = ORIENTED_EDGE ( 'NONE', *, *, #2008, .T. ) ;
#5813 = AXIS2_PLACEMENT_3D ( 'NONE', #9100, #4212, #5891 ) ;
#5814 = ORIENTED_EDGE ( 'NONE', *, *, #4174, .T. ) ;
#5815 = PLANE ( 'NONE',  #9529 ) ;
#5816 = CARTESIAN_POINT ( 'NONE',  ( -2.774648604874375479, 15.08890695564976525, -50.79041577998818724 ) ) ;
#5817 = VERTEX_POINT ( 'NONE', #4637 ) ;
#5818 = CARTESIAN_POINT ( 'NONE',  ( 43.85549282690607242, -14.01615056132663995, 18.40359731999999937 ) ) ;
#5819 = DIRECTION ( 'NONE',  ( 0.000000000000000000, 0.000000000000000000, 1.000000000000000000 ) ) ;
#5820 = VECTOR ( 'NONE', #1914, 1000.000000000000000 ) ;
#5821 = CARTESIAN_POINT ( 'NONE',  ( -0.9671178598278200589, 0.5708903789014342367, 18.40359731999999227 ) ) ;
#5822 = VECTOR ( 'NONE', #4770, 1000.000000000000000 ) ;
#5823 = ADVANCED_FACE ( 'NONE', ( #749 ), #3955, .F. ) ;
#5824 = EDGE_CURVE ( 'NONE', #9428, #1326, #9742, .T. ) ;
#5825 = VECTOR ( 'NONE', #168, 1000.000000000000000 ) ;
#5826 = DIRECTION ( 'NONE',  ( -0.000000000000000000, -0.000000000000000000, 1.000000000000000000 ) ) ;
#5827 = FACE_OUTER_BOUND ( 'NONE', #2185, .T. ) ;
#5828 = VECTOR ( 'NONE', #5426, 1000.000000000000000 ) ;
#5829 = VECTOR ( 'NONE', #3403, 1000.000000000000000 ) ;
#5830 = ORIENTED_EDGE ( 'NONE', *, *, #7269, .F. ) ;
#5831 = DIRECTION ( 'NONE',  ( 1.000000000000000000, 0.000000000000000000, 0.000000000000000000 ) ) ;
#5832 = ORIENTED_EDGE ( 'NONE', *, *, #6628, .F. ) ;
#5833 = VERTEX_POINT ( 'NONE', #961 ) ;
#5834 = DIRECTION ( 'NONE',  ( -1.000000000000000000, 0.000000000000000000, 0.000000000000000000 ) ) ;
#5835 = EDGE_LOOP ( 'NONE', ( #5918, #9080, #5241, #2058 ) ) ;
#5836 = DIRECTION ( 'NONE',  ( -1.000000000000000000, 0.000000000000000000, 0.000000000000000000 ) ) ;
#5837 = EDGE_CURVE ( 'NONE', #2436, #9443, #4154, .T. ) ;
#5838 = EDGE_LOOP ( 'NONE', ( #4083, #7311, #5041, #4131 ) ) ;
#5839 = VECTOR ( 'NONE', #1222, 1000.000000000000000 ) ;
#5840 = CARTESIAN_POINT ( 'NONE',  ( -2.573883987808119223, 14.82040396777758140, -50.86105011270166187 ) ) ;
#5841 = CARTESIAN_POINT ( 'NONE',  ( -1.005769008743152115, 0.5708896981427787898, 8.999997999999999720 ) ) ;
#5842 = ADVANCED_FACE ( 'NONE', ( #8954 ), #1752, .F. ) ;
#5843 = EDGE_CURVE ( 'NONE', #568, #5277, #9003, .T. ) ;
#5844 = DIRECTION ( 'NONE',  ( -0.000000000000000000, -0.000000000000000000, 1.000000000000000000 ) ) ;
#5845 = ORIENTED_EDGE ( 'NONE', *, *, #1531, .F. ) ;
#5846 = ORIENTED_EDGE ( 'NONE', *, *, #4197, .F. ) ;
#5847 = DIRECTION ( 'NONE',  ( 0.000000000000000000, 0.000000000000000000, -1.000000000000000000 ) ) ;
#5848 = VERTEX_POINT ( 'NONE', #2589 ) ;
#5849 = CARTESIAN_POINT ( 'NONE',  ( -8.264090465400265373, 20.26406700092901403, -51.12062112584186480 ) ) ;
#5850 = ADVANCED_FACE ( 'NONE', ( #8216 ), #3272, .F. ) ;
#5851 = LINE ( 'NONE', #6585, #9045 ) ;
#5852 = LINE ( 'NONE', #9162, #885 ) ;
#5853 = ORIENTED_EDGE ( 'NONE', *, *, #3881, .T. ) ;
#5854 = DIRECTION ( 'NONE',  ( -1.000000000000000000, 3.216024241707096350E-15, -1.462890879734001004E-19 ) ) ;
#5855 = DIRECTION ( 'NONE',  ( 0.000000000000000000, 0.000000000000000000, 1.000000000000000000 ) ) ;
#5856 = AXIS2_PLACEMENT_3D ( 'NONE', #10138, #5246, #9351 ) ;
#5857 = CARTESIAN_POINT ( 'NONE',  ( -8.365535716713212722, 20.33189933642336200, -53.99268539195201555 ) ) ;
#5858 = CIRCLE ( 'NONE', #1833, 0.05000000000000143219 ) ;
#5859 = CYLINDRICAL_SURFACE ( 'NONE', #4783, 25.74999999999999289 ) ;
#5860 = CARTESIAN_POINT ( 'NONE',  ( 24.85704986940510963, -27.16849090964251801, 22.84697664387528704 ) ) ;
#5861 = CARTESIAN_POINT ( 'NONE',  ( 24.69849011171107378, -1.512152455818657204, 8.999997999999999720 ) ) ;
#5862 = EDGE_CURVE ( 'NONE', #9163, #8460, #4949, .T. ) ;
#5863 = DIRECTION ( 'NONE',  ( 0.000000000000000000, 0.000000000000000000, -1.000000000000000000 ) ) ;
#5864 = DIRECTION ( 'NONE',  ( -1.000000000000000000, 0.000000000000000000, 0.000000000000000000 ) ) ;
#5865 = VERTEX_POINT ( 'NONE', #4163 ) ;
#5866 = EDGE_CURVE ( 'NONE', #6516, #4408, #2640, .T. ) ;
#5867 = CIRCLE ( 'NONE', #6703, 0.7500000000000006661 ) ;
#5868 = EDGE_LOOP ( 'NONE', ( #3945, #4374, #8829, #3505 ) ) ;
#5869 = VERTEX_POINT ( 'NONE', #1012 ) ;
#5870 = DIRECTION ( 'NONE',  ( 1.000000000000000000, 0.000000000000000000, 0.000000000000000000 ) ) ;
#5871 = LINE ( 'NONE', #2609, #10316 ) ;
#5872 = DIRECTION ( 'NONE',  ( 0.000000000000000000, 0.000000000000000000, 1.000000000000000000 ) ) ;
#5873 = CIRCLE ( 'NONE', #8562, 0.9499999999999890754 ) ;
#5874 = ORIENTED_EDGE ( 'NONE', *, *, #10134, .T. ) ;
#5875 = LINE ( 'NONE', #147, #10060 ) ;
#5876 = LINE ( 'NONE', #8244, #8864 ) ;
#5877 = CARTESIAN_POINT ( 'NONE',  ( 40.20749282690607629, -14.01615056132663995, 19.20359732000000008 ) ) ;
#5878 = ORIENTED_EDGE ( 'NONE', *, *, #10106, .F. ) ;
#5879 = CARTESIAN_POINT ( 'NONE',  ( 24.69849011171107378, -15.01615056132663639, 18.40359731999999937 ) ) ;
#5880 = DIRECTION ( 'NONE',  ( 1.000000000000000000, -1.188166764367676441E-15, 0.000000000000000000 ) ) ;
#5881 = EDGE_LOOP ( 'NONE', ( #486, #2542, #8099, #7484, #3691 ) ) ;
#5882 = CARTESIAN_POINT ( 'NONE',  ( 8.630438470952407570, 0.8867855564166541305, 8.998998000000000275 ) ) ;
#5883 = ORIENTED_EDGE ( 'NONE', *, *, #940, .F. ) ;
#5884 = ADVANCED_FACE ( 'NONE', ( #7424 ), #6529, .F. ) ;
#5885 = ORIENTED_EDGE ( 'NONE', *, *, #10170, .T. ) ;
#5886 = DIRECTION ( 'NONE',  ( 0.000000000000000000, 0.000000000000000000, 1.000000000000000000 ) ) ;
#5887 = VERTEX_POINT ( 'NONE', #173 ) ;
#5888 = CARTESIAN_POINT ( 'NONE',  ( 25.87591770423897231, -27.23521922990983057, 22.99999799970559167 ) ) ;
#5889 = CARTESIAN_POINT ( 'NONE',  ( -2.623550852232788611, 14.50166662776536519, -51.35070774670113281 ) ) ;
#5890 = EDGE_CURVE ( 'NONE', #6761, #10163, #6473, .T. ) ;
#5891 = DIRECTION ( 'NONE',  ( 0.000000000000000000, 1.610801296603465303E-20, -1.000000000000000000 ) ) ;
#5892 = EDGE_CURVE ( 'NONE', #5312, #9128, #466, .T. ) ;
#5893 = DIRECTION ( 'NONE',  ( -1.761290502795953341E-05, 0.9999999998448928507, 0.000000000000000000 ) ) ;
#5894 = VERTEX_POINT ( 'NONE', #1854 ) ;
#5895 = ORIENTED_EDGE ( 'NONE', *, *, #475, .T. ) ;
#5896 = DIRECTION ( 'NONE',  ( 0.000000000000000000, -1.000000000000000000, 0.000000000000000000 ) ) ;
#5897 = ORIENTED_EDGE ( 'NONE', *, *, #4352, .F. ) ;
#5898 = DIRECTION ( 'NONE',  ( -0.000000000000000000, -0.000000000000000000, 1.000000000000000000 ) ) ;
#5899 = DIRECTION ( 'NONE',  ( 0.000000000000000000, 0.000000000000000000, 1.000000000000000000 ) ) ;
#5900 = CARTESIAN_POINT ( 'NONE',  ( 9.129233762251150353, 7.426722893499331235, 40.75345354922610142 ) ) ;
#5901 = ORIENTED_EDGE ( 'NONE', *, *, #1561, .T. ) ;
#5902 = CIRCLE ( 'NONE', #7922, 25.89999999999999147 ) ;
#5903 = LINE ( 'NONE', #5955, #6729 ) ;
#5904 = DIRECTION ( 'NONE',  ( 1.000000000000000000, 0.000000000000000000, 0.000000000000000000 ) ) ;
#5905 = EDGE_CURVE ( 'NONE', #10099, #123, #7479, .T. ) ;
#5906 = EDGE_CURVE ( 'NONE', #5277, #6667, #2318, .T. ) ;
#5907 = CARTESIAN_POINT ( 'NONE',  ( -8.243484841813481623, 20.25014665350872178, -54.13859543281424180 ) ) ;
#5908 = CONICAL_SURFACE ( 'NONE', #4729, 0.9999999999999991118, 0.7853981633974602694 ) ;
#5909 = CARTESIAN_POINT ( 'NONE',  ( 46.81531825448911377, -2.879047117943819067, 3.496201133462653043 ) ) ;
#5910 = CARTESIAN_POINT ( 'NONE',  ( 26.07674376649452341, -27.14183338090992947, 23.20489408803487308 ) ) ;
#5911 = DIRECTION ( 'NONE',  ( 0.000000000000000000, 0.000000000000000000, -1.000000000000000000 ) ) ;
#5912 = CARTESIAN_POINT ( 'NONE',  ( -2.813518587371568902, 14.79129925883445118, -54.21233932669535704 ) ) ;
#5913 =( NAMED_UNIT ( * ) SI_UNIT ( $, .STERADIAN. ) SOLID_ANGLE_UNIT ( ) );
#5914 = ORIENTED_EDGE ( 'NONE', *, *, #1731, .F. ) ;
#5915 = VECTOR ( 'NONE', #8983, 1000.000000000000000 ) ;
#5916 = ADVANCED_FACE ( 'NONE', ( #8267 ), #273, .F. ) ;
#5917 = VECTOR ( 'NONE', #8117, 1000.000000000000000 ) ;
#5918 = ORIENTED_EDGE ( 'NONE', *, *, #7836, .T. ) ;
#5919 = ORIENTED_EDGE ( 'NONE', *, *, #3552, .T. ) ;
#5920 = DIRECTION ( 'NONE',  ( 0.000000000000000000, 0.000000000000000000, 1.000000000000000000 ) ) ;
#5921 = CARTESIAN_POINT ( 'NONE',  ( -2.388592430878147432, 14.56653243116421237, -51.09702469901382926 ) ) ;
#5922 = FACE_OUTER_BOUND ( 'NONE', #19, .T. ) ;
#5923 = EDGE_LOOP ( 'NONE', ( #3768, #3858, #7417, #8517, #3786, #8736, #9503, #6724 ) ) ;
#5924 = CARTESIAN_POINT ( 'NONE',  ( -24.69849011171107378, -1.512152455818657204, -40.80041777998818020 ) ) ;
#5925 = PLANE ( 'NONE',  #2243 ) ;
#5926 = DIRECTION ( 'NONE',  ( 0.000000000000000000, 1.000000000000000000, 0.000000000000000000 ) ) ;
#5927 = VECTOR ( 'NONE', #7820, 1000.000000000000000 ) ;
#5928 = ORIENTED_EDGE ( 'NONE', *, *, #8804, .F. ) ;
#5929 = DIRECTION ( 'NONE',  ( -0.000000000000000000, -0.000000000000000000, -1.000000000000000000 ) ) ;
#5930 = EDGE_CURVE ( 'NONE', #6459, #5256, #1903, .T. ) ;
#5931 = CARTESIAN_POINT ( 'NONE',  ( 28.84477099867147487, -12.51215245581865609, 22.99999800000001215 ) ) ;
#5932 = VERTEX_POINT ( 'NONE', #5684 ) ;
#5934 = CARTESIAN_POINT ( 'NONE',  ( 24.69849011171107378, -1.512152455818657204, 18.40359731999999937 ) ) ;
#5933 = AXIS2_PLACEMENT_3D ( 'NONE', #7652, #5069, #5864 ) ;
#5935 = EDGE_LOOP ( 'NONE', ( #2011, #7685, #1198, #7143, #3193, #5083 ) ) ;
#5936 = ORIENTED_EDGE ( 'NONE', *, *, #7015, .F. ) ;
#5937 = CARTESIAN_POINT ( 'NONE',  ( 25.39477099867147203, -12.51215245581865609, 22.99999800000001215 ) ) ;
#5938 = CARTESIAN_POINT ( 'NONE',  ( -2.860118568220341384, 14.86027841263214810, -54.23657354421490595 ) ) ;
#5939 = ORIENTED_EDGE ( 'NONE', *, *, #780, .T. ) ;
#5940 = CARTESIAN_POINT ( 'NONE',  ( -40.99730114935989178, 14.78665858183135562, -40.80041777998818020 ) ) ;
#5941 = CARTESIAN_POINT ( 'NONE',  ( -2.640453760938167971, 14.91018582250725899, -50.82110454926650789 ) ) ;
#5942 = VECTOR ( 'NONE', #434, 1000.000000000000000 ) ;
#5943 = CARTESIAN_POINT ( 'NONE',  ( -2.596113910731133068, 14.45866362446839659, -53.65041577998817957 ) ) ;
#5944 = CARTESIAN_POINT ( 'NONE',  ( 18.87849142309807604, -1.524148547166637835, 22.99999800000000505 ) ) ;
#5945 = VERTEX_POINT ( 'NONE', #8902 ) ;
#5946 = VERTEX_POINT ( 'NONE', #4896 ) ;
#5947 = DIRECTION ( 'NONE',  ( 1.000000000000000000, 0.000000000000000000, 0.000000000000000000 ) ) ;
#5948 = VECTOR ( 'NONE', #4021, 1000.000000000000000 ) ;
#5949 = EDGE_CURVE ( 'NONE', #928, #6761, #7313, .T. ) ;
#5950 = ORIENTED_EDGE ( 'NONE', *, *, #10297, .F. ) ;
#5951 = CARTESIAN_POINT ( 'NONE',  ( -8.203862162251848389, 20.22326253305542565, -51.07159013264978853 ) ) ;
#5952 = DIRECTION ( 'NONE',  ( 1.000000000000000000, 0.000000000000000000, 0.000000000000000000 ) ) ;
#5953 = DIRECTION ( 'NONE',  ( 0.000000000000000000, 0.000000000000000000, 1.000000000000000000 ) ) ;
#5954 = VERTEX_POINT ( 'NONE', #8522 ) ;
#5955 = CARTESIAN_POINT ( 'NONE',  ( 7.030438470952714347, -1.763214443583704938, 31.63375372154084175 ) ) ;
#5956 = CARTESIAN_POINT ( 'NONE',  ( 23.67154382054872386, 24.13008079243230242, 23.04792286566138770 ) ) ;
#5957 = AXIS2_PLACEMENT_3D ( 'NONE', #7804, #3799, #4698 ) ;
#5958 = CARTESIAN_POINT ( 'NONE',  ( -8.423863514233117300, 20.37039086593853199, -53.86271824485923787 ) ) ;
#5959 = EDGE_CURVE ( 'NONE', #7915, #9093, #7738, .T. ) ;
#5960 = LINE ( 'NONE', #5909, #2931 ) ;
#5961 = CARTESIAN_POINT ( 'NONE',  ( 24.05995923136725168, -27.25425525063577581, 22.82436333535457251 ) ) ;
#5962 = DIRECTION ( 'NONE',  ( -0.000000000000000000, -0.000000000000000000, -1.000000000000000000 ) ) ;
#5963 = CARTESIAN_POINT ( 'NONE',  ( -2.345525743694858889, 14.50643125916881182, -54.01783971165853870 ) ) ;
#5964 = CARTESIAN_POINT ( 'NONE',  ( 24.34434544551688617, -27.25976363572345207, 22.77169245694512512 ) ) ;
#5965 = ORIENTED_EDGE ( 'NONE', *, *, #8145, .T. ) ;
#5966 = AXIS2_PLACEMENT_3D ( 'NONE', #9374, #1443, #5377 ) ;
#5967 = DIRECTION ( 'NONE',  ( 0.000000000000000000, 0.000000000000000000, 1.000000000000000000 ) ) ;
#5968 = EDGE_CURVE ( 'NONE', #3782, #7364, #3686, .T. ) ;
#5969 = EDGE_CURVE ( 'NONE', #796, #2576, #4520, .T. ) ;
#5970 = ORIENTED_EDGE ( 'NONE', *, *, #3810, .T. ) ;
#5971 = CARTESIAN_POINT ( 'NONE',  ( 47.46536758182345750, -0.07905856616117758195, 18.40359731999999937 ) ) ;
#5972 = CARTESIAN_POINT ( 'NONE',  ( -2.645843930569590441, 14.91880375953403792, -50.79042125287913478 ) ) ;
#5973 = DIRECTION ( 'NONE',  ( 0.000000000000000000, -1.000000000000000000, 0.000000000000000000 ) ) ;
#5974 = DIRECTION ( 'NONE',  ( -0.000000000000000000, 1.000000000000000000, 0.000000000000000000 ) ) ;
#5975 = PLANE ( 'NONE',  #4579 ) ;
#5976 = VECTOR ( 'NONE', #5826, 1000.000000000000000 ) ;
#5977 = CARTESIAN_POINT ( 'NONE',  ( 42.34477099867147132, 9.487847544181342130, 23.19999800000000079 ) ) ;
#5978 = EDGE_CURVE ( 'NONE', #9584, #5272, #9033, .T. ) ;
#5979 = EDGE_CURVE ( 'NONE', #10012, #5671, #3632, .T. ) ;
#5980 = AXIS2_PLACEMENT_3D ( 'NONE', #7097, #2268, #9356 ) ;
#5981 = CARTESIAN_POINT ( 'NONE',  ( -2.840284641855955527, 14.83101126494072020, -51.01310389462405226 ) ) ;
#5982 = EDGE_CURVE ( 'NONE', #7360, #7413, #5210, .T. ) ;
#5983 =( LENGTH_UNIT ( ) NAMED_UNIT ( * ) SI_UNIT ( .MILLI., .METRE. ) );
#5984 = CIRCLE ( 'NONE', #9511, 25.74999999999999645 ) ;
#5985 = ORIENTED_EDGE ( 'NONE', *, *, #8531, .T. ) ;
#5986 = LINE ( 'NONE', #2837, #3967 ) ;
#5987 = EDGE_LOOP ( 'NONE', ( #9355, #9526, #10374, #9945, #6735, #2150 ) ) ;
#5988 = CIRCLE ( 'NONE', #4829, 1.000000000000000888 ) ;
#5989 = ORIENTED_EDGE ( 'NONE', *, *, #7873, .F. ) ;
#5990 = CARTESIAN_POINT ( 'NONE',  ( 24.63588072620557412, 24.23779402065862953, 22.74908998036427477 ) ) ;
#5991 = AXIS2_PLACEMENT_3D ( 'NONE', #6242, #5504, #5351 ) ;
#5992 = CARTESIAN_POINT ( 'NONE',  ( -2.630230346734237834, 14.51209517669862059, -53.91674615440535945 ) ) ;
#5993 = DIRECTION ( 'NONE',  ( 0.000000000000000000, 1.000000000000000000, 0.000000000000000000 ) ) ;
#5994 = EDGE_CURVE ( 'NONE', #643, #10289, #4490, .T. ) ;
#5995 = ADVANCED_FACE ( 'NONE', ( #5366 ), #4375, .F. ) ;
#5996 = CIRCLE ( 'NONE', #7341, 0.9499999999999925171 ) ;
#5997 = PRODUCT_DEFINITION_SHAPE ( 'NONE', 'NONE',  #10404 ) ;
#5998 = DIRECTION ( 'NONE',  ( 1.000000000000000000, 0.000000000000000000, 0.000000000000000000 ) ) ;
#5999 = FACE_OUTER_BOUND ( 'NONE', #5102, .T. ) ;
#6000 = VECTOR ( 'NONE', #1827, 1000.000000000000000 ) ;
#6001 = VECTOR ( 'NONE', #9141, 1000.000000000000000 ) ;
#6002 = CARTESIAN_POINT ( 'NONE',  ( 7.030438470952719676, 4.406785556417013083, 18.40359731999999937 ) ) ;
#6003 = ORIENTED_EDGE ( 'NONE', *, *, #3093, .F. ) ;
#6004 = VERTEX_POINT ( 'NONE', #7686 ) ;
#6005 = LINE ( 'NONE', #6311, #8698 ) ;
#6006 = EDGE_LOOP ( 'NONE', ( #1480, #5463, #1363, #1597 ) ) ;
#6007 = CYLINDRICAL_SURFACE ( 'NONE', #6551, 0.7500000000000006661 ) ;
#6008 = DIRECTION ( 'NONE',  ( -1.000000000000000000, -0.000000000000000000, 0.000000000000000000 ) ) ;
#6009 = CIRCLE ( 'NONE', #2820, 0.7500000000000006661 ) ;
#6010 = LINE ( 'NONE', #9216, #7770 ) ;
#6011 = EDGE_LOOP ( 'NONE', ( #4587, #10074 ) ) ;
#6012 = PLANE ( 'NONE',  #4726 ) ;
#6013 = PRESENTATION_LAYER_ASSIGNMENT (  '', '', ( #4661 ) ) ;
#6014 = VECTOR ( 'NONE', #8926, 1000.000000000000000 ) ;
#6015 = DIRECTION ( 'NONE',  ( 1.462890879734001726E-19, 2.478233546745619579E-35, -1.000000000000000000 ) ) ;
#6016 = VECTOR ( 'NONE', #2938, 1000.000000000000000 ) ;
#6017 = CARTESIAN_POINT ( 'NONE',  ( -8.456154043196635328, 20.39154132639518124, -53.69007145397713998 ) ) ;
#6018 = FACE_BOUND ( 'NONE', #1525, .T. ) ;
#6019 = VERTEX_POINT ( 'NONE', #10098 ) ;
#6020 = CARTESIAN_POINT ( 'NONE',  ( 25.95817191820343695, -27.14652066647378348, 23.14801948738534776 ) ) ;
#6021 = LINE ( 'NONE', #5175, #674 ) ;
#6022 = CARTESIAN_POINT ( 'NONE',  ( -9.806641169857515550, -20.46057811846424102, -40.80041777998818020 ) ) ;
#6023 = CARTESIAN_POINT ( 'NONE',  ( 25.87591770423897231, -27.23521922990983057, 22.99999799970559167 ) ) ;
#6024 = ORIENTED_EDGE ( 'NONE', *, *, #4473, .F. ) ;
#6025 = DIRECTION ( 'NONE',  ( 1.000000000000000000, 0.000000000000000000, 0.000000000000000000 ) ) ;
#6026 = AXIS2_PLACEMENT_3D ( 'NONE', #8023, #2980, #10387 ) ;
#6028 = EDGE_LOOP ( 'NONE', ( #4779, #1397, #2699, #4056, #1704 ) ) ;
#6027 = EDGE_CURVE ( 'NONE', #833, #1888, #8422, .T. ) ;
#6029 = CARTESIAN_POINT ( 'NONE',  ( 36.94477099867147274, 9.487847544181342130, 21.99999800000000150 ) ) ;
#6030 = DIRECTION ( 'NONE',  ( 1.000000000000000000, 0.000000000000000000, 0.000000000000000000 ) ) ;
#6031 = CYLINDRICAL_SURFACE ( 'NONE', #4158, 1.000000000000000888 ) ;
#6032 = PLANE ( 'NONE',  #10119 ) ;
#6033 = VECTOR ( 'NONE', #6708, 1000.000000000000000 ) ;
#6034 = CARTESIAN_POINT ( 'NONE',  ( -8.399679074061923600, 14.78665858183135562, -32.80041777998817309 ) ) ;
#6035 = ORIENTED_EDGE ( 'NONE', *, *, #657, .T. ) ;
#6036 = CARTESIAN_POINT ( 'NONE',  ( -2.835665681424913043, 14.82417410412768355, -51.01547645899564998 ) ) ;
#6037 = VECTOR ( 'NONE', #1193, 1000.000000000000000 ) ;
#6038 = EDGE_CURVE ( 'NONE', #8038, #219, #8516, .T. ) ;
#6039 = EDGE_CURVE ( 'NONE', #6785, #9213, #9944, .T. ) ;
#6040 = ORIENTED_EDGE ( 'NONE', *, *, #10362, .T. ) ;
#6041 = DIRECTION ( 'NONE',  ( 0.000000000000000000, 0.000000000000000000, 1.000000000000000000 ) ) ;
#6042 = EDGE_LOOP ( 'NONE', ( #9347, #2216 ) ) ;
#6043 = ORIENTED_EDGE ( 'NONE', *, *, #8813, .F. ) ;
#6044 = LINE ( 'NONE', #9248, #2847 ) ;
#6045 = CARTESIAN_POINT ( 'NONE',  ( -2.824498104462850545, 14.80761977926299622, -54.21916421173043688 ) ) ;
#6046 = CARTESIAN_POINT ( 'NONE',  ( -24.69849011171107378, -1.512152455818657204, -31.20041777998817878 ) ) ;
#6047 = CARTESIAN_POINT ( 'NONE',  ( 43.85549337622307320, 11.47584852314636272, 19.20359732000000008 ) ) ;
#6048 = DIRECTION ( 'NONE',  ( -0.000000000000000000, -0.000000000000000000, 1.000000000000000000 ) ) ;
#6049 = EDGE_CURVE ( 'NONE', #81, #8862, #4322, .T. ) ;
#6050 = ADVANCED_FACE ( 'NONE', ( #482 ), #2899, .F. ) ;
#6051 = FACE_OUTER_BOUND ( 'NONE', #1466, .T. ) ;
#6052 = ORIENTED_EDGE ( 'NONE', *, *, #8366, .T. ) ;
#6053 = ORIENTED_EDGE ( 'NONE', *, *, #855, .F. ) ;
#6054 = DIRECTION ( 'NONE',  ( -0.000000000000000000, -0.000000000000000000, -1.000000000000000000 ) ) ;
#6055 = ORIENTED_EDGE ( 'NONE', *, *, #2568, .T. ) ;
#6056 = CARTESIAN_POINT ( 'NONE',  ( 23.57981786884168329, -27.15139529618945602, 23.08636222845599306 ) ) ;
#6057 = DIRECTION ( 'NONE',  ( 1.000000000000000000, 0.000000000000000000, 0.000000000000000000 ) ) ;
#6058 = VERTEX_POINT ( 'NONE', #430 ) ;
#6059 = CARTESIAN_POINT ( 'NONE',  ( 26.21849011171107335, -24.56215207581864135, 18.40359731999999937 ) ) ;
#6060 = DIRECTION ( 'NONE',  ( 0.000000000000000000, 1.000000000000000000, 0.000000000000000000 ) ) ;
#6061 = EDGE_CURVE ( 'NONE', #197, #5675, #6841, .T. ) ;
#6062 = CARTESIAN_POINT ( 'NONE',  ( -8.006058459678163430, 20.34220380836806186, -54.41972701070985607 ) ) ;
#6063 = DIRECTION ( 'NONE',  ( 0.000000000000000000, -1.000000000000000000, -0.000000000000000000 ) ) ;
#6064 = ORIENTED_EDGE ( 'NONE', *, *, #10082, .F. ) ;
#6065 = CARTESIAN_POINT ( 'NONE',  ( 25.89830327931331766, -27.14870049371799965, 23.12082446084280463 ) ) ;
#6066 = FACE_BOUND ( 'NONE', #2409, .T. ) ;
#6067 = AXIS2_PLACEMENT_3D ( 'NONE', #5262, #7642, #6941 ) ;
#6068 = CYLINDRICAL_SURFACE ( 'NONE', #1659, 1.000000000000000888 ) ;
#6069 = CARTESIAN_POINT ( 'NONE',  ( 24.04895377018272384, -27.25400380554812330, 22.82675521526386220 ) ) ;
#6070 = ORIENTED_EDGE ( 'NONE', *, *, #7390, .F. ) ;
#6071 = CARTESIAN_POINT ( 'NONE',  ( 20.07849142309807533, -1.524148547166637835, 23.19999800000000079 ) ) ;
#6072 = CARTESIAN_POINT ( 'NONE',  ( 16.63349142309807860, -1.524148547166637835, 23.19999800000000079 ) ) ;
#6073 = AXIS2_PLACEMENT_3D ( 'NONE', #2944, #2003, #2213 ) ;
#6074 = VERTEX_POINT ( 'NONE', #9359 ) ;
#6075 = DIRECTION ( 'NONE',  ( 1.000000000000000000, -3.794707603699271830E-15, 0.000000000000000000 ) ) ;
#6076 = CARTESIAN_POINT ( 'NONE',  ( -24.69849011171107378, 21.53784716418134693, -60.29962500960238714 ) ) ;
#6077 = PRODUCT_DEFINITION_SHAPE ( 'NONE', 'NONE',  #629 ) ;
#6078 = DIRECTION ( 'NONE',  ( 0.000000000000000000, 0.000000000000000000, -1.000000000000000000 ) ) ;
#6079 = LINE ( 'NONE', #4399, #4915 ) ;
#6080 = EDGE_CURVE ( 'NONE', #9096, #5046, #2163, .T. ) ;
#6081 = VECTOR ( 'NONE', #3510, 1000.000000000000000 ) ;
#6082 = DIRECTION ( 'NONE',  ( -1.000000000000000000, 0.000000000000000000, 0.000000000000000000 ) ) ;
#6083 = CARTESIAN_POINT ( 'NONE',  ( -8.391251703778586091, 20.34895360090699512, -53.95502871068913464 ) ) ;
#6084 = ORIENTED_EDGE ( 'NONE', *, *, #110, .T. ) ;
#6085 = DIRECTION ( 'NONE',  ( 1.000000000000000000, 0.000000000000000000, 0.000000000000000000 ) ) ;
#6086 = EDGE_LOOP ( 'NONE', ( #9570, #2604, #8791, #10130 ) ) ;
#6087 = ADVANCED_FACE ( 'NONE', ( #1177 ), #3319, .F. ) ;
#6088 = ORIENTED_EDGE ( 'NONE', *, *, #240, .T. ) ;
#6089 = CARTESIAN_POINT ( 'NONE',  ( 24.36424197426983440, 24.23576513854817094, 22.76874823679971627 ) ) ;
#6090 = CARTESIAN_POINT ( 'NONE',  ( -2.800939567708782274, 14.77254028706691180, -54.20344702735438602 ) ) ;
#6091 = CARTESIAN_POINT ( 'NONE',  ( 43.09477099867147132, -1.512152455818657204, 21.99999800000000150 ) ) ;
#6092 = EDGE_CURVE ( 'NONE', #2753, #5208, #6009, .T. ) ;
#6093 = LINE ( 'NONE', #4513, #8428 ) ;
#6094 = CARTESIAN_POINT ( 'NONE',  ( 24.69849011171107378, -1.512152455818657204, 8.999997999999999720 ) ) ;
#6095 = ORIENTED_EDGE ( 'NONE', *, *, #8722, .T. ) ;
#6096 = DIRECTION ( 'NONE',  ( 0.000000000000000000, 0.000000000000000000, 1.000000000000000000 ) ) ;
#6097 = VERTEX_POINT ( 'NONE', #8378 ) ;
#6098 = VERTEX_POINT ( 'NONE', #2797 ) ;
#6099 = CARTESIAN_POINT ( 'NONE',  ( 24.69849011171107378, -24.56215207581864135, 96.03199646221435160 ) ) ;
#6100 = ORIENTED_EDGE ( 'NONE', *, *, #10073, .T. ) ;
#6101 = DIRECTION ( 'NONE',  ( 0.7027442638224183913, 0.7114425483935349348, 0.000000000000000000 ) ) ;
#6102 = CARTESIAN_POINT ( 'NONE',  ( 25.81716233851467024, -27.15139527456193846, 23.08636224920362778 ) ) ;
#6103 = ORIENTED_EDGE ( 'NONE', *, *, #10043, .T. ) ;
#6104 = AXIS2_PLACEMENT_3D ( 'NONE', #3298, #8873, #4870 ) ;
#6105 = AXIS2_PLACEMENT_3D ( 'NONE', #7441, #1715, #4809 ) ;
#6106 = EDGE_CURVE ( 'NONE', #7911, #2451, #6005, .T. ) ;
#6107 = EDGE_CURVE ( 'NONE', #5618, #4034, #9874, .T. ) ;
#6108 = DIRECTION ( 'NONE',  ( -1.000000000000000000, 0.000000000000000000, -0.000000000000000000 ) ) ;
#6109 = DIRECTION ( 'NONE',  ( 1.000000000000000000, 0.000000000000000000, 0.000000000000000000 ) ) ;
#6110 = VECTOR ( 'NONE', #5076, 1000.000000000000000 ) ;
#6111 = CARTESIAN_POINT ( 'NONE',  ( -8.444445605858748038, 20.67018416772892664, -53.90856793796728397 ) ) ;
#6112 = ORIENTED_EDGE ( 'NONE', *, *, #2261, .F. ) ;
#6113 = CARTESIAN_POINT ( 'NONE',  ( -24.69849011171107378, -1.512152455818657204, -40.80041777998818020 ) ) ;
#6114 = EDGE_LOOP ( 'NONE', ( #2870, #4043 ) ) ;
#6115 = CARTESIAN_POINT ( 'NONE',  ( 24.24257555817517940, -27.16610741976213461, 22.88320931367885791 ) ) ;
#6116 = CYLINDRICAL_SURFACE ( 'NONE', #4186, 25.89999999999999503 ) ;
#6117 = CARTESIAN_POINT ( 'NONE',  ( -2.574181677298269300, 14.82080737145408200, -54.38000765429181627 ) ) ;
#6118 = DIRECTION ( 'NONE',  ( 0.000000000000000000, 0.000000000000000000, 1.000000000000000000 ) ) ;
#6119 = ORIENTED_EDGE ( 'NONE', *, *, #7859, .F. ) ;
#6120 = CARTESIAN_POINT ( 'NONE',  ( 12.30349142309807320, -1.524148547166637835, 22.00359731999999724 ) ) ;
#6121 = EDGE_CURVE ( 'NONE', #2623, #6459, #108, .T. ) ;
#6122 = CONICAL_SURFACE ( 'NONE', #8812, 25.54999999999997939, 0.7853981633974657095 ) ;
#6123 = CARTESIAN_POINT ( 'NONE',  ( 1.931612641598686730, -0.07905856616133717651, 8.999997999999999720 ) ) ;
#6124 = ORIENTED_EDGE ( 'NONE', *, *, #4693, .T. ) ;
#6125 = AXIS2_PLACEMENT_3D ( 'NONE', #1766, #7388, #2548 ) ;
#6126 = CARTESIAN_POINT ( 'NONE',  ( 31.20649282690607862, 11.22185072041135001, 19.20359732000000008 ) ) ;
#6127 = DIRECTION ( 'NONE',  ( 1.000000000000000000, 0.000000000000000000, 0.000000000000000000 ) ) ;
#6128 = CARTESIAN_POINT ( 'NONE',  ( 24.69845459519792641, -3.528657575220178089, 18.40359731999999937 ) ) ;
#6129 = CARTESIAN_POINT ( 'NONE',  ( 23.17849011171107421, 21.53784716418134693, 18.40359731999999937 ) ) ;
#6130 = EDGE_LOOP ( 'NONE', ( #3325, #8816, #417, #3993, #2802, #7166, #313, #7691 ) ) ;
#6131 = CARTESIAN_POINT ( 'NONE',  ( -24.69849011171107378, 21.53784716418134693, -40.80041777998818020 ) ) ;
#6132 = CARTESIAN_POINT ( 'NONE',  ( -8.217392965383895742, 20.23245574963495486, -54.15927071420279049 ) ) ;
#6133 = VERTEX_POINT ( 'NONE', #7847 ) ;
#6134 = DIRECTION ( 'NONE',  ( 1.000000000000000000, 0.000000000000000000, 0.000000000000000000 ) ) ;
#6135 = ORIENTED_EDGE ( 'NONE', *, *, #1108, .F. ) ;
#6136 = ORIENTED_EDGE ( 'NONE', *, *, #5810, .F. ) ;
#6137 = CARTESIAN_POINT ( 'NONE',  ( 27.89477099867148269, 9.487847544181342130, 23.19999800000000079 ) ) ;
#6138 = DIRECTION ( 'NONE',  ( 0.000000000000000000, 0.000000000000000000, -1.000000000000000000 ) ) ;
#6139 = DIRECTION ( 'NONE',  ( -0.000000000000000000, 0.000000000000000000, 1.000000000000000000 ) ) ;
#6140 = AXIS2_PLACEMENT_3D ( 'NONE', #6002, #2055, #8375 ) ;
#6141 = AXIS2_PLACEMENT_3D ( 'NONE', #7643, #5800, #9069 ) ;
#6142 = CARTESIAN_POINT ( 'NONE',  ( 33.49477099867146990, 9.487847544181342130, 22.99999800000001215 ) ) ;
#6143 = CARTESIAN_POINT ( 'NONE',  ( -8.457001071010116888, 20.39209447807045805, -138.7821617105083760 ) ) ;
#6144 = VECTOR ( 'NONE', #1208, 1000.000000000000000 ) ;
#6145 = ORIENTED_EDGE ( 'NONE', *, *, #3927, .T. ) ;
#6146 = CYLINDRICAL_SURFACE ( 'NONE', #8671, 1.056214310942091394 ) ;
#6147 = VERTEX_POINT ( 'NONE', #7049 ) ;
#6148 = ADVANCED_FACE ( 'NONE', ( #1379 ), #4623, .F. ) ;
#6149 = ORIENTED_EDGE ( 'NONE', *, *, #2711, .T. ) ;
#6150 = CARTESIAN_POINT ( 'NONE',  ( 25.05949410864507243, 0.4268492555683600642, 19.20359732000000008 ) ) ;
#6151 = CONICAL_SURFACE ( 'NONE', #7161, 1.520000000000000462, 0.7188299996216183096 ) ;
#6152 = ORIENTED_EDGE ( 'NONE', *, *, #3704, .T. ) ;
#6153 = DIRECTION ( 'NONE',  ( 0.000000000000000000, 1.000000000000000000, 0.000000000000000000 ) ) ;
#6154 = LINE ( 'NONE', #9422, #5598 ) ;
#6155 = ORIENTED_EDGE ( 'NONE', *, *, #9138, .T. ) ;
#6156 = AXIS2_PLACEMENT_3D ( 'NONE', #3808, #6332, #7705 ) ;
#6157 = CONICAL_SURFACE ( 'NONE', #1637, 0.7499999999999937828, 0.7853981633974482790 ) ;
#6158 = FACE_OUTER_BOUND ( 'NONE', #4597, .T. ) ;
#6159 = EDGE_CURVE ( 'NONE', #22, #8163, #7901, .T. ) ;
#6160 = CARTESIAN_POINT ( 'NONE',  ( 7.030438470952728558, 3.406785556417013083, 21.40359731999999937 ) ) ;
#6161 = AXIS2_PLACEMENT_3D ( 'NONE', #6357, #5611, #4090 ) ;
#6162 = CARTESIAN_POINT ( 'NONE',  ( 43.85549282690607242, -9.733150561326636918, 19.20359732000000008 ) ) ;
#6163 = EDGE_CURVE ( 'NONE', #6185, #4862, #6989, .T. ) ;
#6164 = EDGE_LOOP ( 'NONE', ( #5051, #1835, #4219, #4205, #2271, #3753, #7247, #3600, #8256, #7476, #2358, #8131, #2903, #3374, #5745, #7889, #7767, #4320, #6236, #5002, #6969, #2453, #3895, #8454, #8827, #8160, #8679, #3329, #2580, #2025, #7898 ) ) ;
#6165 = AXIS2_PLACEMENT_3D ( 'NONE', #7863, #5001, #9843 ) ;
#6166 = CARTESIAN_POINT ( 'NONE',  ( 8.630438470952455532, -3.563214443583345492, 23.19999800000000079 ) ) ;
#6167 = CARTESIAN_POINT ( 'NONE',  ( 23.56935564561054619, 24.21312485016922622, 22.98013595558316879 ) ) ;
#6168 = ORIENTED_EDGE ( 'NONE', *, *, #8493, .F. ) ;
#6169 = CARTESIAN_POINT ( 'NONE',  ( 23.49676912083472402, -27.14863197264979178, 23.12168238538272291 ) ) ;
#6170 = DIRECTION ( 'NONE',  ( 0.000000000000000000, 0.000000000000000000, -1.000000000000000000 ) ) ;
#6171 = CARTESIAN_POINT ( 'NONE',  ( 24.69845341533301664, 0.5713424239320074038, 18.40359731999999937 ) ) ;
#6172 = LINE ( 'NONE', #4749, #7456 ) ;
#6173 = VERTEX_POINT ( 'NONE', #3008 ) ;
#6174 = PLANE ( 'NONE',  #4814 ) ;
#6175 = CARTESIAN_POINT ( 'NONE',  ( -2.880946018240854833, 15.00841697062446656, -54.31708244665485097 ) ) ;
#6176 = VECTOR ( 'NONE', #6620, 1000.000000000000000 ) ;
#6177 = VERTEX_POINT ( 'NONE', #7100 ) ;
#6178 = EDGE_CURVE ( 'NONE', #3843, #6631, #6206, .T. ) ;
#6179 = EDGE_CURVE ( 'NONE', #4821, #5865, #3062, .T. ) ;
#6180 = CARTESIAN_POINT ( 'NONE',  ( 45.04477099867147416, -12.51215245581865609, 21.99999800000000150 ) ) ;
#6181 = CARTESIAN_POINT ( 'NONE',  ( 26.28621100701932178, -27.01277288667485266, 23.19999800000000079 ) ) ;
#6182 = LINE ( 'NONE', #1457, #1333 ) ;
#6183 = CARTESIAN_POINT ( 'NONE',  ( 46.81536758192432046, -0.07904711514945261808, 3.496201133462653043 ) ) ;
#6184 = CARTESIAN_POINT ( 'NONE',  ( 18.87849142309807604, -1.524148547166637835, 23.19999800000000079 ) ) ;
#6185 = VERTEX_POINT ( 'NONE', #1429 ) ;
#6186 = LINE ( 'NONE', #614, #6584 ) ;
#6187 = VECTOR ( 'NONE', #8686, 1000.000000000000000 ) ;
#6188 = AXIS2_PLACEMENT_3D ( 'NONE', #8166, #1067, #2488 ) ;
#6189 = CARTESIAN_POINT ( 'NONE',  ( -2.851994464354499215, 14.84830918741919703, -51.00761572224559615 ) ) ;
#6190 = ORIENTED_EDGE ( 'NONE', *, *, #9590, .T. ) ;
#6191 = LINE ( 'NONE', #2308, #1307 ) ;
#6192 = CIRCLE ( 'NONE', #487, 0.2000000000000005107 ) ;
#6193 = CARTESIAN_POINT ( 'NONE',  ( 30.79477099867147061, 9.487847544181342130, 21.99999800000000150 ) ) ;
#6194 = AXIS2_PLACEMENT_3D ( 'NONE', #1144, #9871, #6030 ) ;
#6195 = VERTEX_POINT ( 'NONE', #6260 ) ;
#6196 = CARTESIAN_POINT ( 'NONE',  ( 24.69845341533301664, 0.5713424239320074038, 3.496201133462653043 ) ) ;
#6197 = CARTESIAN_POINT ( 'NONE',  ( 32.29477099867147416, -1.512152455818657204, 22.99999800000001215 ) ) ;
#6198 = FACE_OUTER_BOUND ( 'NONE', #6579, .T. ) ;
#6199 = CARTESIAN_POINT ( 'NONE',  ( -28.29686764313900227, 2.130764338857809026, -37.61027914159473085 ) ) ;
#6200 = VECTOR ( 'NONE', #10113, 999.9999999999998863 ) ;
#6201 = DIRECTION ( 'NONE',  ( 1.000000000000000000, 0.000000000000000000, 0.000000000000000000 ) ) ;
#6202 = ORIENTED_EDGE ( 'NONE', *, *, #1215, .F. ) ;
#6203 = CARTESIAN_POINT ( 'NONE',  ( 17.87849142309807249, -1.524148547166637613, 21.40359731999999937 ) ) ;
#6204 = ORIENTED_EDGE ( 'NONE', *, *, #1094, .T. ) ;
#6205 = ORIENTED_EDGE ( 'NONE', *, *, #1189, .T. ) ;
#6206 = LINE ( 'NONE', #10258, #641 ) ;
#6207 = ORIENTED_EDGE ( 'NONE', *, *, #5033, .F. ) ;
#6208 = CARTESIAN_POINT ( 'NONE',  ( 24.69849011171107378, -24.56215207581864135, 96.03199646221435160 ) ) ;
#6209 = CIRCLE ( 'NONE', #1685, 25.89999999999999147 ) ;
#6210 = DIRECTION ( 'NONE',  ( 0.000000000000000000, 0.000000000000000000, 1.000000000000000000 ) ) ;
#6211 = ORIENTED_EDGE ( 'NONE', *, *, #3771, .F. ) ;
#6212 = EDGE_CURVE ( 'NONE', #5070, #7999, #8031, .T. ) ;
#6213 = DIRECTION ( 'NONE',  ( -0.7071067811865536790, 0.000000000000000000, -0.7071067811865414665 ) ) ;
#6214 = EDGE_CURVE ( 'NONE', #2824, #8862, #5640, .T. ) ;
#6215 = LINE ( 'NONE', #10266, #613 ) ;
#6216 = DIRECTION ( 'NONE',  ( 0.000000000000000000, 0.000000000000000000, 1.000000000000000000 ) ) ;
#6217 = VERTEX_POINT ( 'NONE', #3896 ) ;
#6218 = CARTESIAN_POINT ( 'NONE',  ( 0.2950740483837893668, 17.31450315569726683, -53.65041577998817957 ) ) ;
#6219 = DIRECTION ( 'NONE',  ( 0.9999999998448927396, -1.761290502088552081E-05, 0.000000000000000000 ) ) ;
#6220 = ORIENTED_EDGE ( 'NONE', *, *, #2504, .T. ) ;
#6221 = CARTESIAN_POINT ( 'NONE',  ( 32.20649282690607862, 6.065850720411354757, 19.20359732000000008 ) ) ;
#6222 = CARTESIAN_POINT ( 'NONE',  ( -24.69849011171107378, -1.512152455818657204, -40.80041777998818020 ) ) ;
#6223 = LINE ( 'NONE', #9586, #8707 ) ;
#6224 = DIRECTION ( 'NONE',  ( 1.761290502088552420E-05, 0.9999999998448928507, -0.000000000000000000 ) ) ;
#6225 = ORIENTED_EDGE ( 'NONE', *, *, #8054, .F. ) ;
#6226 = FACE_OUTER_BOUND ( 'NONE', #5658, .T. ) ;
#6227 = DIRECTION ( 'NONE',  ( 1.000000000000000000, 0.000000000000000000, -0.000000000000000000 ) ) ;
#6228 = ADVANCED_FACE ( 'NONE', ( #3111 ), #9521, .F. ) ;
#6229 = CIRCLE ( 'NONE', #1871, 2.999999999999999112 ) ;
#6230 = ORIENTED_EDGE ( 'NONE', *, *, #7589, .F. ) ;
#6231 = CARTESIAN_POINT ( 'NONE',  ( 44.85549337622308030, -1.512152455818657204, 18.40359731999999937 ) ) ;
#6232 = CARTESIAN_POINT ( 'NONE',  ( 24.69852562822423536, -3.528657575220176756, 8.999997999999999720 ) ) ;
#6233 = CARTESIAN_POINT ( 'NONE',  ( -40.99730114935989178, -17.81096349346809049, -40.80041777998818020 ) ) ;
#6234 = FACE_OUTER_BOUND ( 'NONE', #5835, .T. ) ;
#6235 = CARTESIAN_POINT ( 'NONE',  ( -8.399679074061729978, -17.81096349346800878, -40.80041777998818020 ) ) ;
#6236 = ORIENTED_EDGE ( 'NONE', *, *, #9041, .F. ) ;
#6237 = CIRCLE ( 'NONE', #2452, 2.750000000000002665 ) ;
#6238 = EDGE_CURVE ( 'NONE', #3107, #9369, #5142, .T. ) ;
#6239 = DIRECTION ( 'NONE',  ( 0.000000000000000000, 0.000000000000000000, 1.000000000000000000 ) ) ;
#6240 = EDGE_CURVE ( 'NONE', #3828, #1425, #4989, .T. ) ;
#6241 = VERTEX_POINT ( 'NONE', #1692 ) ;
#6242 = CARTESIAN_POINT ( 'NONE',  ( 40.08049337622307462, 11.47584852314636272, 19.20359732000000008 ) ) ;
#6243 = CARTESIAN_POINT ( 'NONE',  ( 38.89477099867147558, 9.487847544181342130, 21.99999800000000150 ) ) ;
#6244 = EDGE_CURVE ( 'NONE', #1679, #3605, #196, .T. ) ;
#6245 = EDGE_CURVE ( 'NONE', #4847, #5364, #3303, .T. ) ;
#6246 = VECTOR ( 'NONE', #9440, 1000.000000000000000 ) ;
#6247 = VERTEX_POINT ( 'NONE', #8311 ) ;
#6248 = CARTESIAN_POINT ( 'NONE',  ( 25.56509358758872352, 24.22328119822339332, 22.88699113056332735 ) ) ;
#6249 = CARTESIAN_POINT ( 'NONE',  ( -28.50470442265394766, 21.53784716418013545, -32.80041777998817309 ) ) ;
#6250 = LINE ( 'NONE', #6353, #7030 ) ;
#6251 = EDGE_CURVE ( 'NONE', #8811, #7919, #7414, .T. ) ;
#6252 = DIRECTION ( 'NONE',  ( -0.000000000000000000, -0.000000000000000000, -1.000000000000000000 ) ) ;
#6253 = CIRCLE ( 'NONE', #1225, 0.7500000000000006661 ) ;
#6254 = DIRECTION ( 'NONE',  ( -1.000000000000000000, 0.000000000000000000, 0.000000000000000000 ) ) ;
#6255 = AXIS2_PLACEMENT_3D ( 'NONE', #3116, #7793, #1277 ) ;
#6256 = ORIENTED_EDGE ( 'NONE', *, *, #10235, .F. ) ;
#6257 = DIRECTION ( 'NONE',  ( -1.000000000000000000, 0.000000000000000000, 0.000000000000000000 ) ) ;
#6258 = ORIENTED_EDGE ( 'NONE', *, *, #508, .F. ) ;
#6259 = ORIENTED_EDGE ( 'NONE', *, *, #6808, .F. ) ;
#6260 = CARTESIAN_POINT ( 'NONE',  ( 35.19477099867146563, -12.51215245581865609, 23.19999800000000079 ) ) ;
#6261 = ORIENTED_EDGE ( 'NONE', *, *, #7141, .T. ) ;
#6262 = DIRECTION ( 'NONE',  ( 0.000000000000000000, 0.000000000000000000, -1.000000000000000000 ) ) ;
#6263 = CARTESIAN_POINT ( 'NONE',  ( 47.46537903020566063, 0.5709414337380126492, 18.40359731999999937 ) ) ;
#6264 = ORIENTED_EDGE ( 'NONE', *, *, #1469, .T. ) ;
#6265 = VECTOR ( 'NONE', #5188, 1000.000000000000000 ) ;
#6266 = VECTOR ( 'NONE', #4771, 1000.000000000000000 ) ;
#6267 = DIRECTION ( 'NONE',  ( 0.000000000000000000, 0.000000000000000000, -1.000000000000000000 ) ) ;
#6268 = CARTESIAN_POINT ( 'NONE',  ( 31.20649282690607862, 7.065850720411353869, 19.20359732000000008 ) ) ;
#6269 = LINE ( 'NONE', #9479, #5828 ) ;
#6270 = ORIENTED_EDGE ( 'NONE', *, *, #5387, .T. ) ;
#6271 = DIRECTION ( 'NONE',  ( -0.7114425483935333805, -0.7027442638224198346, 0.000000000000000000 ) ) ;
#6272 = CARTESIAN_POINT ( 'NONE',  ( 31.33349227759007505, -9.733150561326645800, 19.20359732000000008 ) ) ;
#6273 = VERTEX_POINT ( 'NONE', #4149 ) ;
#6274 = AXIS2_PLACEMENT_3D ( 'NONE', #4797, #2390, #3960 ) ;
#6275 = DIRECTION ( 'NONE',  ( 0.000000000000000000, 0.000000000000000000, 1.000000000000000000 ) ) ;
#6276 = DIRECTION ( 'NONE',  ( -1.000000000000000000, 0.000000000000000000, 0.000000000000000000 ) ) ;
#6277 = CARTESIAN_POINT ( 'NONE',  ( 24.69849011171107378, 21.53784716418134693, 96.03199646221435160 ) ) ;
#6278 = ORIENTED_EDGE ( 'NONE', *, *, #3678, .T. ) ;
#6279 = CARTESIAN_POINT ( 'NONE',  ( -5.695875079598373247, 16.08644470251542558, -32.80041777998817309 ) ) ;
#6280 = CARTESIAN_POINT ( 'NONE',  ( -8.479532176630639739, 20.69585068507658576, -53.75697726300459323 ) ) ;
#6281 = EDGE_CURVE ( 'NONE', #4408, #6886, #8100, .T. ) ;
#6282 = EDGE_LOOP ( 'NONE', ( #8269, #806, #6202, #3620 ) ) ;
#6283 = DIRECTION ( 'NONE',  ( 0.000000000000000000, 1.000000000000000000, -0.000000000000000000 ) ) ;
#6284 = DIRECTION ( 'NONE',  ( -1.000000000000000000, 0.000000000000000000, 0.000000000000000000 ) ) ;
#6285 = DIRECTION ( 'NONE',  ( -0.000000000000000000, -0.000000000000000000, -1.000000000000000000 ) ) ;
#6286 = ADVANCED_FACE ( 'NONE', ( #8150 ), #1105, .F. ) ;
#6287 = DIRECTION ( 'NONE',  ( -0.9999999998448928507, -1.761290502795953341E-05, 0.000000000000000000 ) ) ;
#6288 = CARTESIAN_POINT ( 'NONE',  ( 37.69477099867146563, -12.51215245581865609, 22.99999800000001215 ) ) ;
#6289 = ORIENTED_EDGE ( 'NONE', *, *, #3844, .F. ) ;
#6290 = AXIS2_PLACEMENT_3D ( 'NONE', #818, #4123, #9017 ) ;
#6291 = EDGE_CURVE ( 'NONE', #2013, #5567, #2686, .T. ) ;
#6292 = SHAPE_REPRESENTATION_RELATIONSHIP ( 'NONE' , 'NONE' ,  #7709, #1626 ) ;
#6293 = VECTOR ( 'NONE', #9073, 1000.000000000000000 ) ;
#6294 = VERTEX_POINT ( 'NONE', #6518 ) ;
#6295 = CARTESIAN_POINT ( 'NONE',  ( 10.21351569204423448, 19.77746980625064666, 18.40359731999999937 ) ) ;
#6296 = DIRECTION ( 'NONE',  ( -1.000000000000000000, 0.000000000000000000, 0.000000000000000000 ) ) ;
#6297 = EDGE_CURVE ( 'NONE', #8442, #6800, #4935, .T. ) ;
#6298 = ORIENTED_EDGE ( 'NONE', *, *, #7799, .F. ) ;
#6299 = CARTESIAN_POINT ( 'NONE',  ( 23.68099027465476780, 24.13028032739405759, 23.04496181181714931 ) ) ;
#6300 = DIRECTION ( 'NONE',  ( 0.000000000000000000, 1.000000000000000000, 0.000000000000000000 ) ) ;
#6301 = EDGE_CURVE ( 'NONE', #8154, #7149, #5988, .T. ) ;
#6302 = DIRECTION ( 'NONE',  ( -1.000000000000000000, -2.555573771327072837E-16, 0.000000000000000000 ) ) ;
#6303 = FACE_OUTER_BOUND ( 'NONE', #5923, .T. ) ;
#6304 = DIRECTION ( 'NONE',  ( -3.154042683594195121E-16, -1.000000000000000000, 0.000000000000000000 ) ) ;
#6305 = EDGE_LOOP ( 'NONE', ( #8411, #3780, #7524, #2736 ) ) ;
#6306 = DIRECTION ( 'NONE',  ( 9.934539730264194206E-15, 1.000000000000000000, -0.000000000000000000 ) ) ;
#6307 = ORIENTED_EDGE ( 'NONE', *, *, #4, .F. ) ;
#6308 = EDGE_CURVE ( 'NONE', #6516, #8367, #4332, .T. ) ;
#6309 = EDGE_LOOP ( 'NONE', ( #1262, #2373, #2161, #2770 ) ) ;
#6310 = EDGE_CURVE ( 'NONE', #9009, #7219, #4707, .T. ) ;
#6311 = CARTESIAN_POINT ( 'NONE',  ( 39.20749282690607629, -14.01615056132663995, 19.20359732000000008 ) ) ;
#6312 = VERTEX_POINT ( 'NONE', #4257 ) ;
#6313 = LINE ( 'NONE', #2474, #4840 ) ;
#6314 = DIRECTION ( 'NONE',  ( 1.000000000000000000, 0.000000000000000000, 0.000000000000000000 ) ) ;
#6315 = ORIENTED_EDGE ( 'NONE', *, *, #5982, .F. ) ;
#6316 = CONICAL_SURFACE ( 'NONE', #5638, 27.30000000000000071, 0.7853981633974657095 ) ;
#6317 = DIRECTION ( 'NONE',  ( 0.7114425483935481465, -0.7027442638224048466, 0.000000000000000000 ) ) ;
#6318 = CARTESIAN_POINT ( 'NONE',  ( 45.04477099867147416, 9.487847544181342130, 22.99999800000001215 ) ) ;
#6319 = AXIS2_PLACEMENT_3D ( 'NONE', #9992, #427, #2745 ) ;
#6320 = CIRCLE ( 'NONE', #4311, 25.74999999999999645 ) ;
#6321 = FACE_OUTER_BOUND ( 'NONE', #8096, .T. ) ;
#6322 = VERTEX_POINT ( 'NONE', #9830 ) ;
#6323 = FACE_OUTER_BOUND ( 'NONE', #742, .T. ) ;
#6324 = CARTESIAN_POINT ( 'NONE',  ( -50.79849011171107520, -1.512152455818654095, -31.20041777998817878 ) ) ;
#6325 = VERTEX_POINT ( 'NONE', #2471 ) ;
#6326 = CARTESIAN_POINT ( 'NONE',  ( 24.69849011171107378, 3.675851452833362565, 18.40359731999999937 ) ) ;
#6327 = VECTOR ( 'NONE', #150, 1000.000000000000000 ) ;
#6328 = DIRECTION ( 'NONE',  ( -1.000000000000000000, 0.000000000000000000, 0.000000000000000000 ) ) ;
#6329 = VECTOR ( 'NONE', #1415, 1000.000000000000000 ) ;
#6330 = FACE_OUTER_BOUND ( 'NONE', #7739, .T. ) ;
#6331 = ORIENTED_EDGE ( 'NONE', *, *, #9210, .F. ) ;
#6332 = DIRECTION ( 'NONE',  ( 0.000000000000000000, 0.000000000000000000, -1.000000000000000000 ) ) ;
#6333 = AXIS2_PLACEMENT_3D ( 'NONE', #1218, #1373, #4566 ) ;
#6334 = CARTESIAN_POINT ( 'NONE',  ( -24.69849011171107378, 21.53784716418134693, -40.80041777998818020 ) ) ;
#6335 = CIRCLE ( 'NONE', #1809, 2.999999999999999112 ) ;
#6336 = EDGE_CURVE ( 'NONE', #3954, #10163, #9707, .T. ) ;
#6337 = EDGE_LOOP ( 'NONE', ( #9922, #3897, #9194, #2672 ) ) ;
#6338 = CARTESIAN_POINT ( 'NONE',  ( 24.69849011171107378, 21.53784716418134693, 23.19999800000000079 ) ) ;
#6339 = LINE ( 'NONE', #1564, #1591 ) ;
#6340 = DIRECTION ( 'NONE',  ( 1.000000000000000000, 0.000000000000000000, 0.000000000000000000 ) ) ;
#6341 = FACE_OUTER_BOUND ( 'NONE', #932, .T. ) ;
#6342 = DIRECTION ( 'NONE',  ( 0.000000000000000000, -1.000000000000000000, 0.000000000000000000 ) ) ;
#6343 = ORIENTED_EDGE ( 'NONE', *, *, #10154, .F. ) ;
#6344 = VECTOR ( 'NONE', #5052, 999.9999999999998863 ) ;
#6345 = EDGE_CURVE ( 'NONE', #5848, #2470, #4883, .T. ) ;
#6346 = AXIS2_PLACEMENT_3D ( 'NONE', #1566, #8860, #3239 ) ;
#6347 = ORIENTED_EDGE ( 'NONE', *, *, #5296, .F. ) ;
#6348 = CARTESIAN_POINT ( 'NONE',  ( -0.9246057082889275192, 1.426849255568359842, 19.20359732000000008 ) ) ;
#6349 = CARTESIAN_POINT ( 'NONE',  ( -28.50470442265406490, -24.56215207581658788, -40.80041777998818020 ) ) ;
#6350 = EDGE_LOOP ( 'NONE', ( #6095, #6985, #9950, #2936, #9022 ) ) ;
#6351 = CARTESIAN_POINT ( 'NONE',  ( 25.78011443776712142, 24.12833604023510148, 23.07048606212666897 ) ) ;
#6352 = DIRECTION ( 'NONE',  ( 0.000000000000000000, 0.000000000000000000, -1.000000000000000000 ) ) ;
#6353 = CARTESIAN_POINT ( 'NONE',  ( 11.05355120219542719, 2.686785556416294796, 21.40359731999999937 ) ) ;
#6354 = AXIS2_PLACEMENT_3D ( 'NONE', #10275, #3804, #5536 ) ;
#6355 = FACE_OUTER_BOUND ( 'NONE', #10245, .T. ) ;
#6356 = EDGE_CURVE ( 'NONE', #9670, #9600, #1789, .T. ) ;
#6357 = CARTESIAN_POINT ( 'NONE',  ( 24.69849011171107378, 21.53784716418134693, 96.03199646221435160 ) ) ;
#6358 = ORIENTED_EDGE ( 'NONE', *, *, #3210, .T. ) ;
#6359 = ADVANCED_FACE ( 'NONE', ( #2625 ), #7467, .F. ) ;
#6360 = AXIS2_PLACEMENT_3D ( 'NONE', #4725, #8729, #9609 ) ;
#6361 = VECTOR ( 'NONE', #5186, 1000.000000000000000 ) ;
#6362 = EDGE_LOOP ( 'NONE', ( #1017, #10310, #4147, #1787 ) ) ;
#6363 = CARTESIAN_POINT ( 'NONE',  ( 23.11076921640280801, 23.98846797503755113, 23.19999800000000079 ) ) ;
#6364 = ORIENTED_EDGE ( 'NONE', *, *, #3971, .F. ) ;
#6365 = ORIENTED_EDGE ( 'NONE', *, *, #6759, .F. ) ;
#6366 = VERTEX_POINT ( 'NONE', #422 ) ;
#6367 = FACE_BOUND ( 'NONE', #673, .T. ) ;
#6368 = ORIENTED_EDGE ( 'NONE', *, *, #5718, .T. ) ;
#6369 = AXIS2_PLACEMENT_3D ( 'NONE', #2867, #8702, #655 ) ;
#6370 = CARTESIAN_POINT ( 'NONE',  ( -2.735424532506382622, 14.67390979908888404, -51.10223612716213637 ) ) ;
#6371 = ADVANCED_FACE ( 'NONE', ( #4410 ), #4365, .F. ) ;
#6372 = CARTESIAN_POINT ( 'NONE',  ( -8.399679074061923600, 14.78665858183135562, -32.80041777998817309 ) ) ;
#6373 = EDGE_CURVE ( 'NONE', #738, #5869, #9985, .T. ) ;
#6374 = EDGE_CURVE ( 'NONE', #6817, #4880, #138, .T. ) ;
#6375 = CARTESIAN_POINT ( 'NONE',  ( -26.21849011171107335, 21.53784716418134693, -60.29962500960238714 ) ) ;
#6376 = AXIS2_PLACEMENT_3D ( 'NONE', #964, #7481, #7588 ) ;
#6377 = ORIENTED_EDGE ( 'NONE', *, *, #4100, .T. ) ;
#6378 = CARTESIAN_POINT ( 'NONE',  ( 25.39477099867147203, 9.487847544181342130, 21.99999800000000150 ) ) ;
#6379 = DIRECTION ( 'NONE',  ( 0.7071067811865414665, -1.115122484860626235E-16, -0.7071067811865536790 ) ) ;
#6380 = VERTEX_POINT ( 'NONE', #2888 ) ;
#6381 = CARTESIAN_POINT ( 'NONE',  ( 43.09477099867147132, 9.487847544181342130, 21.99999800000000150 ) ) ;
#6382 = LINE ( 'NONE', #4643, #656 ) ;
#6383 = PRESENTATION_STYLE_ASSIGNMENT (( #5691 ) ) ;
#6384 = ORIENTED_EDGE ( 'NONE', *, *, #7932, .F. ) ;
#6385 = DIRECTION ( 'NONE',  ( 1.462890879734001726E-19, 1.610801296603465303E-20, -1.000000000000000000 ) ) ;
#6386 = DIRECTION ( 'NONE',  ( 1.000000000000000000, 0.000000000000000000, 0.000000000000000000 ) ) ;
#6387 = EDGE_CURVE ( 'NONE', #2529, #1870, #5147, .T. ) ;
#6388 = DIRECTION ( 'NONE',  ( 0.000000000000000000, 0.000000000000000000, 1.000000000000000000 ) ) ;
#6389 = PRODUCT_DEFINITION_CONTEXT ( 'detailed design', #5590, 'design' ) ;
#6390 = CARTESIAN_POINT ( 'NONE',  ( 9.082623226170039032, -1.512152455818657204, 21.40359731999999937 ) ) ;
#6391 = DIRECTION ( 'NONE',  ( 1.000000000000000000, 0.000000000000000000, 0.000000000000000000 ) ) ;
#6392 = CARTESIAN_POINT ( 'NONE',  ( -8.032526319245921087, 20.10490472848098875, -50.99805184108581813 ) ) ;
#6393 = CARTESIAN_POINT ( 'NONE',  ( 6.030438470952720564, 4.406785556417021077, 18.40359731999999937 ) ) ;
#6394 = CARTESIAN_POINT ( 'NONE',  ( 38.69477099867147984, 9.487847544181342130, 23.19999800000000079 ) ) ;
#6395 = VERTEX_POINT ( 'NONE', #1163 ) ;
#6396 = ORIENTED_EDGE ( 'NONE', *, *, #10263, .F. ) ;
#6397 = VERTEX_POINT ( 'NONE', #472 ) ;
#6398 = EDGE_CURVE ( 'NONE', #9872, #3085, #6778, .T. ) ;
#6399 = CARTESIAN_POINT ( 'NONE',  ( -2.292613226071087862, 14.43233502373187882, -51.59041577998818440 ) ) ;
#6400 = CARTESIAN_POINT ( 'NONE',  ( 24.69849011171107378, -24.56215207581864135, 23.19999800000000079 ) ) ;
#6401 = ORIENTED_EDGE ( 'NONE', *, *, #5173, .T. ) ;
#6402 = CARTESIAN_POINT ( 'NONE',  ( 23.75850459730122921, 24.13239116833853259, 23.01660537717413391 ) ) ;
#6403 = CARTESIAN_POINT ( 'NONE',  ( -8.399679074061923600, 14.78665858183135562, -32.80041777998817309 ) ) ;
#6404 = DIRECTION ( 'NONE',  ( 0.000000000000000000, 0.000000000000000000, -1.000000000000000000 ) ) ;
#6405 = AXIS2_PLACEMENT_3D ( 'NONE', #4629, #436, #5316 ) ;
#6406 = CARTESIAN_POINT ( 'NONE',  ( -2.774648604874373703, 15.08890695564976703, -54.45041577998818383 ) ) ;
#6407 = DIRECTION ( 'NONE',  ( -0.6585046078685135029, 8.064355602499580778E-17, 0.7525766947068819324 ) ) ;
#6408 = EDGE_CURVE ( 'NONE', #6571, #5946, #1490, .T. ) ;
#6409 = ORIENTED_EDGE ( 'NONE', *, *, #5930, .F. ) ;
#6410 = DIRECTION ( 'NONE',  ( 0.000000000000000000, 0.000000000000000000, 1.000000000000000000 ) ) ;
#6411 = VERTEX_POINT ( 'NONE', #8512 ) ;
#6412 = ORIENTED_EDGE ( 'NONE', *, *, #1484, .F. ) ;
#6413 = ORIENTED_EDGE ( 'NONE', *, *, #8341, .F. ) ;
#6414 = CARTESIAN_POINT ( 'NONE',  ( 35.98149227759007118, -9.733150561326636918, 19.20359732000000008 ) ) ;
#6415 = EDGE_CURVE ( 'NONE', #275, #6785, #4938, .T. ) ;
#6416 = ORIENTED_EDGE ( 'NONE', *, *, #8528, .T. ) ;
#6417 = AXIS2_PLACEMENT_3D ( 'NONE', #6034, #2729, #9137 ) ;
#6418 = LINE ( 'NONE', #2477, #2215 ) ;
#6419 = CARTESIAN_POINT ( 'NONE',  ( 9.830438470952447716, -3.563214443583345492, 23.19999800000000079 ) ) ;
#6420 = AXIS2_PLACEMENT_3D ( 'NONE', #8167, #4168, #7381 ) ;
#6421 = CLOSED_SHELL ( 'NONE', ( #3933, #7201, #2653, #5014, #3427, #1632, #7861, #620, #9916, #4556, #4114, #4381, #664, #4956, #4444, #8894, #8548, #8745, #1756, #8620, #2440, #7072, #8300, #8622, #3857, #3144, #3713, #2968, #2849, #1435, #5059, #4966, #7548, #8477, #7956, #4866, #1103, #7854, #2585, #7405, #644, #8357, #6441, #4557, #7706, #1401, #2940, #1904, #8583, #6286, #8599, #916, #1993, #8880, #4052, #6359, #8882, #5664, #10364, #5771, #1403, #1309, #25, #3034, #3102, #7796, #4188, #9406, #8815, #2706, #9676, #10044, #1762, #4300, #7925, #9024 ) ) ;
#6422 = PLANE ( 'NONE',  #3644 ) ;
#6423 = ORIENTED_EDGE ( 'NONE', *, *, #328, .T. ) ;
#6424 = FACE_OUTER_BOUND ( 'NONE', #6309, .T. ) ;
#6425 = CARTESIAN_POINT ( 'NONE',  ( 25.85623289332490415, 24.18328692119784051, 23.02849659492401102 ) ) ;
#6426 = VERTEX_POINT ( 'NONE', #7942 ) ;
#6427 = CARTESIAN_POINT ( 'NONE',  ( -5.565813111895187681, 23.24793400929933185, -51.59041577998819861 ) ) ;
#6428 = EDGE_CURVE ( 'NONE', #1638, #9812, #778, .T. ) ;
#6429 = EDGE_CURVE ( 'NONE', #9813, #8475, #7833, .T. ) ;
#6430 = DIRECTION ( 'NONE',  ( 1.000000000000000000, 2.547317879554923032E-16, 0.000000000000000000 ) ) ;
#6431 = FILL_AREA_STYLE_COLOUR ( '', #8965 ) ;
#6432 = ORIENTED_EDGE ( 'NONE', *, *, #1947, .F. ) ;
#6433 = AXIS2_PLACEMENT_3D ( 'NONE', #7350, #5819, #148 ) ;
#6434 = DIRECTION ( 'NONE',  ( -1.355252715607187705E-16, 1.000000000000000000, 0.000000000000000000 ) ) ;
#6435 = EDGE_CURVE ( 'NONE', #767, #9813, #7356, .T. ) ;
#6436 = CARTESIAN_POINT ( 'NONE',  ( 43.29477099867145995, 9.487847544181342130, 23.19999800000000079 ) ) ;
#6437 = CIRCLE ( 'NONE', #7273, 0.9999999999999991118 ) ;
#6438 = DIRECTION ( 'NONE',  ( 1.000000000000000000, 0.000000000000000000, 0.000000000000000000 ) ) ;
#6439 = DIRECTION ( 'NONE',  ( 0.000000000000000000, 0.000000000000000000, -1.000000000000000000 ) ) ;
#6440 = CARTESIAN_POINT ( 'NONE',  ( -8.157534065191574868, 20.19158741020568471, -51.04322187426039648 ) ) ;
#6441 = ADVANCED_FACE ( 'NONE', ( #7697 ), #3051, .T. ) ;
#6442 = DIRECTION ( 'NONE',  ( 1.000000000000000000, 0.000000000000000000, 0.000000000000000000 ) ) ;
#6443 = CARTESIAN_POINT ( 'NONE',  ( -1.011038904139088812, -3.529110395338654005, 8.999997999999999720 ) ) ;
#6444 = ORIENTED_EDGE ( 'NONE', *, *, #2248, .T. ) ;
#6445 = AXIS2_PLACEMENT_3D ( 'NONE', #7287, #6652, #9870 ) ;
#6446 = CIRCLE ( 'NONE', #8637, 1.000000000000000888 ) ;
#6447 = EDGE_LOOP ( 'NONE', ( #1810, #8899, #9469, #7004, #9831, #5845, #146, #2733 ) ) ;
#6448 = ORIENTED_EDGE ( 'NONE', *, *, #6415, .T. ) ;
#6449 = CIRCLE ( 'NONE', #1923, 3.000000000000002665 ) ;
#6450 = CARTESIAN_POINT ( 'NONE',  ( 10.18989393403097843, 8.487383065279145100, 21.40359731999999937 ) ) ;
#6451 = DIRECTION ( 'NONE',  ( 0.7071067811865443531, -0.7071067811865506814, 0.000000000000000000 ) ) ;
#6452 = ORIENTED_EDGE ( 'NONE', *, *, #9452, .T. ) ;
#6453 = CARTESIAN_POINT ( 'NONE',  ( 23.32023645692759928, 24.11752846927261373, 23.20489408803487663 ) ) ;
#6454 = DIRECTION ( 'NONE',  ( 1.000000000000000000, 0.000000000000000000, 0.000000000000000000 ) ) ;
#6455 = DIRECTION ( 'NONE',  ( -1.000000000000000000, 0.000000000000000000, 0.000000000000000000 ) ) ;
#6456 = AXIS2_PLACEMENT_3D ( 'NONE', #9118, #4481, #494 ) ;
#6457 = LINE ( 'NONE', #2463, #1553 ) ;
#6458 = CARTESIAN_POINT ( 'NONE',  ( 23.17849011171107421, 21.53784716418134693, 21.59999799999998160 ) ) ;
#6459 = VERTEX_POINT ( 'NONE', #4774 ) ;
#6460 = CARTESIAN_POINT ( 'NONE',  ( 44.85549282690607242, -14.01615056132663995, 19.20359732000000008 ) ) ;
#6461 = ORIENTED_EDGE ( 'NONE', *, *, #5269, .T. ) ;
#6462 = ORIENTED_EDGE ( 'NONE', *, *, #3918, .T. ) ;
#6463 = CARTESIAN_POINT ( 'NONE',  ( -2.292613226071086530, 14.43233502373187704, -53.65041577998819378 ) ) ;
#6464 = VECTOR ( 'NONE', #543, 1000.000000000000000 ) ;
#6465 = ORIENTED_EDGE ( 'NONE', *, *, #4491, .T. ) ;
#6466 = DIRECTION ( 'NONE',  ( 1.000000000000000000, 0.000000000000000000, 0.000000000000000000 ) ) ;
#6467 = ORIENTED_EDGE ( 'NONE', *, *, #1934, .F. ) ;
#6468 = CARTESIAN_POINT ( 'NONE',  ( 24.77998253300846443, -6.616486184603448173, 21.40359731999999937 ) ) ;
#6469 = FACE_OUTER_BOUND ( 'NONE', #8575, .T. ) ;
#6470 = PRODUCT_RELATED_PRODUCT_CATEGORY ( 'part', '', ( #8259 ) ) ;
#6471 = DIRECTION ( 'NONE',  ( -1.000000000000000000, 1.577021341797097560E-16, 0.000000000000000000 ) ) ;
#6472 = VERTEX_POINT ( 'NONE', #3156 ) ;
#6473 = LINE ( 'NONE', #3432, #7516 ) ;
#6474 = CARTESIAN_POINT ( 'NONE',  ( 24.34749684355243460, 24.23550515414568096, 22.77124726850506420 ) ) ;
#6475 = ORIENTED_EDGE ( 'NONE', *, *, #8079, .T. ) ;
#6476 = CARTESIAN_POINT ( 'NONE',  ( 38.89477099867147558, -1.512152455818657204, 22.99999800000001215 ) ) ;
#6477 = LINE ( 'NONE', #9637, #5183 ) ;
#6478 = CARTESIAN_POINT ( 'NONE',  ( 46.81534232812778384, -1.512542087101967248, 3.496201133462653043 ) ) ;
#6479 = ORIENTED_EDGE ( 'NONE', *, *, #8865, .F. ) ;
#6480 = EDGE_CURVE ( 'NONE', #4862, #9258, #2313, .T. ) ;
#6481 = AXIS2_PLACEMENT_3D ( 'NONE', #4372, #3629, #7735 ) ;
#6482 = CYLINDRICAL_SURFACE ( 'NONE', #4549, 2.999999999999999112 ) ;
#6483 = CARTESIAN_POINT ( 'NONE',  ( 8.630438470952455532, -8.063214443583346380, 23.19999800000000079 ) ) ;
#6484 = AXIS2_PLACEMENT_3D ( 'NONE', #3740, #2067, #8639 ) ;
#6485 = ADVANCED_FACE ( 'NONE', ( #7991 ), #7139, .T. ) ;
#6486 = ADVANCED_FACE ( 'NONE', ( #2411 ), #2209, .T. ) ;
#6487 = CARTESIAN_POINT ( 'NONE',  ( -8.334790709139866749, 20.31146055816613938, -54.03961454150454102 ) ) ;
#6488 = AXIS2_PLACEMENT_3D ( 'NONE', #582, #4574, #7790 ) ;
#6489 = AXIS2_PLACEMENT_3D ( 'NONE', #8664, #10345, #2360 ) ;
#6490 = DIRECTION ( 'NONE',  ( -0.000000000000000000, -0.000000000000000000, 1.000000000000000000 ) ) ;
#6491 = DIRECTION ( 'NONE',  ( -0.7071067811865536790, 0.000000000000000000, -0.7071067811865414665 ) ) ;
#6492 = CARTESIAN_POINT ( 'NONE',  ( -8.329171317958753207, 20.30771817656016509, -51.19323040879380216 ) ) ;
#6493 = CARTESIAN_POINT ( 'NONE',  ( -2.608993363708975277, 14.47888830611827871, -53.81677393586481628 ) ) ;
#6494 = CARTESIAN_POINT ( 'NONE',  ( 24.69849011171107378, 21.53784716418134693, 18.40359731999999937 ) ) ;
#6495 = ORIENTED_EDGE ( 'NONE', *, *, #9722, .F. ) ;
#6496 = CIRCLE ( 'NONE', #3633, 0.7499999999999972244 ) ;
#6497 = CIRCLE ( 'NONE', #8511, 1.780000000000003801 ) ;
#6498 = EDGE_CURVE ( 'NONE', #4112, #2667, #5608, .T. ) ;
#6499 = EDGE_CURVE ( 'NONE', #1322, #2093, #3100, .T. ) ;
#6500 = AXIS2_PLACEMENT_3D ( 'NONE', #4675, #7895, #685 ) ;
#6501 = ORIENTED_EDGE ( 'NONE', *, *, #8301, .T. ) ;
#6502 = EDGE_LOOP ( 'NONE', ( #5158, #2853, #3143, #6495 ) ) ;
#6503 = LINE ( 'NONE', #3246, #1130 ) ;
#6504 = CARTESIAN_POINT ( 'NONE',  ( 1.401509888288920314, -1.512152455818657204, -31.20041777998817878 ) ) ;
#6505 = VERTEX_POINT ( 'NONE', #8822 ) ;
#6506 = CARTESIAN_POINT ( 'NONE',  ( -2.635369531755697103, 20.28121858249829756, -54.25041577998818099 ) ) ;
#6507 = AXIS2_PLACEMENT_3D ( 'NONE', #6099, #6054, #6734 ) ;
#6508 = LINE ( 'NONE', #3359, #48 ) ;
#6509 = CARTESIAN_POINT ( 'NONE',  ( 41.59477099867147132, -12.51215245581865609, 21.99999800000000150 ) ) ;
#6510 = DIRECTION ( 'NONE',  ( 1.000000000000000000, 0.000000000000000000, 0.000000000000000000 ) ) ;
#6511 = DIRECTION ( 'NONE',  ( -0.000000000000000000, -0.000000000000000000, 1.000000000000000000 ) ) ;
#6512 = LINE ( 'NONE', #3159, #1978 ) ;
#6513 = AXIS2_PLACEMENT_3D ( 'NONE', #7779, #3721, #7675 ) ;
#6514 = ORIENTED_EDGE ( 'NONE', *, *, #9804, .T. ) ;
#6515 = CARTESIAN_POINT ( 'NONE',  ( 8.630438470952455532, -8.063214443583346380, 8.998998000000000275 ) ) ;
#6516 = VERTEX_POINT ( 'NONE', #4723 ) ;
#6517 = ORIENTED_EDGE ( 'NONE', *, *, #8314, .T. ) ;
#6518 = CARTESIAN_POINT ( 'NONE',  ( 40.39477099867147558, 9.487847544181342130, 22.99999800000001215 ) ) ;
#6519 = ORIENTED_EDGE ( 'NONE', *, *, #2118, .T. ) ;
#6520 = LINE ( 'NONE', #8784, #839 ) ;
#6521 = ORIENTED_EDGE ( 'NONE', *, *, #1413, .F. ) ;
#6522 = CARTESIAN_POINT ( 'NONE',  ( -2.602902379108106512, 14.85964030067178498, -50.84121888171812031 ) ) ;
#6523 = AXIS2_PLACEMENT_3D ( 'NONE', #7676, #10041, #8513 ) ;
#6524 = VECTOR ( 'NONE', #7012, 1000.000000000000000 ) ;
#6525 = CARTESIAN_POINT ( 'NONE',  ( 12.05349142309807497, 2.675851452833362565, 21.40359731999999937 ) ) ;
#6526 = CARTESIAN_POINT ( 'NONE',  ( 9.830438470952401531, 0.8867855564166541305, 23.19999800000000079 ) ) ;
#6527 = ORIENTED_EDGE ( 'NONE', *, *, #6297, .T. ) ;
#6528 = ORIENTED_EDGE ( 'NONE', *, *, #1247, .F. ) ;
#6529 = CYLINDRICAL_SURFACE ( 'NONE', #10034, 1.000000000000000888 ) ;
#6530 = CARTESIAN_POINT ( 'NONE',  ( 23.85579705967843722, 24.22410239910235319, 22.87936766622229356 ) ) ;
#6531 = EDGE_CURVE ( 'NONE', #3565, #8681, #8677, .T. ) ;
#6532 = ORIENTED_EDGE ( 'NONE', *, *, #8183, .T. ) ;
#6533 = AXIS2_PLACEMENT_3D ( 'NONE', #5924, #9134, #5131 ) ;
#6534 = FACE_OUTER_BOUND ( 'NONE', #2534, .T. ) ;
#6535 = AXIS2_PLACEMENT_3D ( 'NONE', #6180, #2193, #1515 ) ;
#6536 = CARTESIAN_POINT ( 'NONE',  ( 11.23043847095200753, -6.819414077215271597, 18.40359731999999937 ) ) ;
#6537 = B_SPLINE_CURVE_WITH_KNOTS ( 'NONE', 3,
 ( #7650, #9018, #1817, #8230 ),
 .UNSPECIFIED., .F., .F.,
 ( 4, 4 ),
 ( 0.000000000000000000, 0.0005021313586498490304 ),
 .UNSPECIFIED. ) ;
#6538 = ORIENTED_EDGE ( 'NONE', *, *, #127, .F. ) ;
#6539 = B_SPLINE_CURVE_WITH_KNOTS ( 'NONE', 1,
 ( #5943, #9153 ),
 .UNSPECIFIED., .F., .F.,
 ( 2, 2 ),
 ( 0.000000000000000000, 1.000000000000000000 ),
 .UNSPECIFIED. ) ;
#6540 = CARTESIAN_POINT ( 'NONE',  ( 34.24477099867146990, 9.487847544181342130, 21.99999800000000150 ) ) ;
#6541 = DIRECTION ( 'NONE',  ( 1.000000000000000000, 0.000000000000000000, 0.000000000000000000 ) ) ;
#6542 = CIRCLE ( 'NONE', #493, 1.000000000000000888 ) ;
#6543 = CARTESIAN_POINT ( 'NONE',  ( 27.09477099867146066, -1.512152455818657648, 23.19999800000000079 ) ) ;
#6544 = ADVANCED_FACE ( 'NONE', ( #3987 ), #2364, .T. ) ;
#6545 = DIRECTION ( 'NONE',  ( -1.000000000000000000, 0.000000000000000000, -0.000000000000000000 ) ) ;
#6546 = CARTESIAN_POINT ( 'NONE',  ( 25.65822484798997749, -27.24426604908969196, 22.91770519886529911 ) ) ;
#6547 = CARTESIAN_POINT ( 'NONE',  ( -8.456769199704677220, 20.67920876224354387, -51.38127317228386914 ) ) ;
#6548 = CARTESIAN_POINT ( 'NONE',  ( -2.601497547454580950, 14.46712583722408674, -53.75889212082023505 ) ) ;
#6549 = CARTESIAN_POINT ( 'NONE',  ( 14.85349142309807391, -1.524148547166637835, 21.50359731999998658 ) ) ;
#6550 = ORIENTED_EDGE ( 'NONE', *, *, #3255, .T. ) ;
#6551 = AXIS2_PLACEMENT_3D ( 'NONE', #4377, #2642, #9160 ) ;
#6552 = EDGE_CURVE ( 'NONE', #9667, #4472, #7090, .T. ) ;
#6553 = ORIENTED_EDGE ( 'NONE', *, *, #3679, .T. ) ;
#6554 = ORIENTED_EDGE ( 'NONE', *, *, #6531, .F. ) ;
#6555 = CARTESIAN_POINT ( 'NONE',  ( -5.750064449065818373, 13.37969648603532669, -40.80041777998818020 ) ) ;
#6556 = CYLINDRICAL_SURFACE ( 'NONE', #4930, 0.7500000000000006661 ) ;
#6557 = EDGE_LOOP ( 'NONE', ( #5350, #8327, #4101, #4210, #3647, #8824, #1453, #1486 ) ) ;
#6558 = DIRECTION ( 'NONE',  ( -1.000000000000000000, 0.000000000000000000, 0.000000000000000000 ) ) ;
#6559 = FACE_OUTER_BOUND ( 'NONE', #5050, .T. ) ;
#6560 = FACE_OUTER_BOUND ( 'NONE', #3582, .T. ) ;
#6561 = CARTESIAN_POINT ( 'NONE',  ( 40.39477099867147558, -12.51215245581865609, 21.99999800000000150 ) ) ;
#6562 = EDGE_CURVE ( 'NONE', #7204, #2824, #2996, .T. ) ;
#6563 = DIRECTION ( 'NONE',  ( -0.000000000000000000, -0.000000000000000000, 1.000000000000000000 ) ) ;
#6564 = DIRECTION ( 'NONE',  ( -1.000000000000000000, -1.694065894508986234E-16, 0.000000000000000000 ) ) ;
#6565 = EDGE_LOOP ( 'NONE', ( #7063, #7104, #2886, #7585, #1930, #4469, #3058, #3162 ) ) ;
#6566 = LINE ( 'NONE', #98, #9015 ) ;
#6567 = VERTEX_POINT ( 'NONE', #1577 ) ;
#6568 = CIRCLE ( 'NONE', #27, 1.000000000000000888 ) ;
#6569 = ORIENTED_EDGE ( 'NONE', *, *, #10081, .F. ) ;
#6570 = DIRECTION ( 'NONE',  ( 1.000000000000000000, -0.000000000000000000, 0.000000000000000000 ) ) ;
#6571 = VERTEX_POINT ( 'NONE', #9411 ) ;
#6572 = DIRECTION ( 'NONE',  ( -1.000000000000000000, 0.000000000000000000, 0.000000000000000000 ) ) ;
#6573 = EDGE_CURVE ( 'NONE', #5365, #10204, #5406, .T. ) ;
#6574 = EDGE_LOOP ( 'NONE', ( #2433, #2490, #9288, #535 ) ) ;
#6575 = CARTESIAN_POINT ( 'NONE',  ( -2.443717023374817110, 14.64258148243676594, -51.00521525749405782 ) ) ;
#6576 = VECTOR ( 'NONE', #10304, 1000.000000000000000 ) ;
#6577 = LINE ( 'NONE', #2583, #5825 ) ;
#6578 = FACE_OUTER_BOUND ( 'NONE', #5198, .T. ) ;
#6579 = EDGE_LOOP ( 'NONE', ( #9381, #8034, #6501, #988 ) ) ;
#6580 = VERTEX_POINT ( 'NONE', #9460 ) ;
#6581 = CARTESIAN_POINT ( 'NONE',  ( 6.030438470952724117, -1.512152455818471797, 18.40359731999999937 ) ) ;
#6582 = VERTEX_POINT ( 'NONE', #7039 ) ;
#6583 = CARTESIAN_POINT ( 'NONE',  ( -8.135709771484346930, 20.17657205300582746, -51.03248729170806541 ) ) ;
#6584 = VECTOR ( 'NONE', #7823, 1000.000000000000000 ) ;
#6585 = CARTESIAN_POINT ( 'NONE',  ( 28.09477099867147487, -12.51215245581865609, 22.99999800000001215 ) ) ;
#6586 = CYLINDRICAL_SURFACE ( 'NONE', #7795, 0.6499999967711298510 ) ;
#6587 = ORIENTED_EDGE ( 'NONE', *, *, #2387, .T. ) ;
#6588 = CARTESIAN_POINT ( 'NONE',  ( 3.565793776249551961, 13.20082296022724577, 22.99999799999999439 ) ) ;
#6589 = CARTESIAN_POINT ( 'NONE',  ( 18.02849441382007356, -5.724148547166639567, 21.40359731999999937 ) ) ;
#6590 = DIRECTION ( 'NONE',  ( 0.000000000000000000, 0.000000000000000000, -1.000000000000000000 ) ) ;
#6591 = AXIS2_PLACEMENT_3D ( 'NONE', #9186, #6814, #3664 ) ;
#6592 = DIRECTION ( 'NONE',  ( 1.000000000000000000, 0.000000000000000000, 0.000000000000000000 ) ) ;
#6593 = AXIS2_PLACEMENT_3D ( 'NONE', #2408, #3097, #8819 ) ;
#6594 = DIRECTION ( 'NONE',  ( 1.000000000000000000, 0.000000000000000000, 0.000000000000000000 ) ) ;
#6595 = CARTESIAN_POINT ( 'NONE',  ( 21.62782457946374137, -4.620825445397462872, 21.96359842000000029 ) ) ;
#6596 = CARTESIAN_POINT ( 'NONE',  ( -2.311117954606613623, 14.45830725163894570, -53.87222665449034764 ) ) ;
#6597 = CARTESIAN_POINT ( 'NONE',  ( 8.630438470952455532, -3.563214443583345492, 21.40359731999999937 ) ) ;
#6598 = EDGE_LOOP ( 'NONE', ( #6103, #9895, #7557, #1621, #3634 ) ) ;
#6599 = CIRCLE ( 'NONE', #2069, 1.000000000000000888 ) ;
#6601 = ORIENTED_EDGE ( 'NONE', *, *, #575, .T. ) ;
#6600 = EDGE_CURVE ( 'NONE', #4682, #5167, #803, .T. ) ;
#6602 = ORIENTED_EDGE ( 'NONE', *, *, #6944, .F. ) ;
#6603 = FACE_OUTER_BOUND ( 'NONE', #7535, .T. ) ;
#6604 = CARTESIAN_POINT ( 'NONE',  ( -24.69849011171107378, -1.512152455818657204, -32.80041777998818020 ) ) ;
#6605 = ORIENTED_EDGE ( 'NONE', *, *, #10158, .F. ) ;
#6606 = CYLINDRICAL_SURFACE ( 'NONE', #7886, 0.6000000000000033085 ) ;
#6607 = DIRECTION ( 'NONE',  ( -0.7071067811865414665, 0.000000000000000000, -0.7071067811865536790 ) ) ;
#6608 = VECTOR ( 'NONE', #8916, 1000.000000000000000 ) ;
#6609 = CARTESIAN_POINT ( 'NONE',  ( 30.79477099867147061, -12.51215245581865609, 21.99999800000000150 ) ) ;
#6610 = EDGE_LOOP ( 'NONE', ( #4939, #9975, #8630, #7950 ) ) ;
#6611 = EDGE_CURVE ( 'NONE', #10262, #857, #5876, .T. ) ;
#6612 = CARTESIAN_POINT ( 'NONE',  ( 45.79477099867147416, -1.512152455818663865, 22.99999800000001215 ) ) ;
#6613 = DIRECTION ( 'NONE',  ( -3.154042683594195121E-16, -1.000000000000000000, 0.000000000000000000 ) ) ;
#6614 = CIRCLE ( 'NONE', #5773, 25.89999999999999147 ) ;
#6615 = EDGE_CURVE ( 'NONE', #10339, #5551, #883, .T. ) ;
#6616 = EDGE_LOOP ( 'NONE', ( #2685, #4710, #2230, #6331 ) ) ;
#6617 = DIRECTION ( 'NONE',  ( 0.000000000000000000, 0.000000000000000000, -1.000000000000000000 ) ) ;
#6618 = ORIENTED_EDGE ( 'NONE', *, *, #8279, .T. ) ;
#6619 = EDGE_LOOP ( 'NONE', ( #6655, #9308, #90, #7347 ) ) ;
#6620 = DIRECTION ( 'NONE',  ( -0.000000000000000000, -0.000000000000000000, -1.000000000000000000 ) ) ;
#6621 = ORIENTED_EDGE ( 'NONE', *, *, #8585, .T. ) ;
#6622 = CARTESIAN_POINT ( 'NONE',  ( -21.94849011171107378, 21.53784716417644063, -32.80041777998817309 ) ) ;
#6623 = ORIENTED_EDGE ( 'NONE', *, *, #1044, .F. ) ;
#6624 = VECTOR ( 'NONE', #2600, 1000.000000000000000 ) ;
#6625 = CARTESIAN_POINT ( 'NONE',  ( -2.479571110887710539, 14.69185176499783729, -50.95504271022873866 ) ) ;
#6626 = DIRECTION ( 'NONE',  ( -1.000000000000000000, 0.000000000000000000, 0.000000000000000000 ) ) ;
#6627 = ADVANCED_FACE ( 'NONE', ( #1040 ), #9875, .F. ) ;
#6628 = EDGE_CURVE ( 'NONE', #9, #4681, #2057, .T. ) ;
#6629 = VECTOR ( 'NONE', #6490, 1000.000000000000000 ) ;
#6630 = CARTESIAN_POINT ( 'NONE',  ( 35.98149282690607720, 7.065850720411353869, 19.20359732000000008 ) ) ;
#6631 = VERTEX_POINT ( 'NONE', #1881 ) ;
#6632 = ORIENTED_EDGE ( 'NONE', *, *, #1044, .T. ) ;
#6633 = CARTESIAN_POINT ( 'NONE',  ( -24.69849011171107378, 21.53784716418134693, -40.80041777998818020 ) ) ;
#6634 = ORIENTED_EDGE ( 'NONE', *, *, #3490, .T. ) ;
#6635 = CARTESIAN_POINT ( 'NONE',  ( -8.457001071010116888, 20.39209447807045805, -51.59041577998819861 ) ) ;
#6636 = DIRECTION ( 'NONE',  ( -0.7027442638224198346, 0.7114425483935334915, 0.000000000000000000 ) ) ;
#6637 = CARTESIAN_POINT ( 'NONE',  ( 27.61849011171107193, -24.56215207581864135, 23.19999800000000079 ) ) ;
#6638 = ORIENTED_EDGE ( 'NONE', *, *, #2039, .F. ) ;
#6639 = CYLINDRICAL_SURFACE ( 'NONE', #2879, 1.056214310942053203 ) ;
#6640 = DIRECTION ( 'NONE',  ( -1.000000000000000000, 0.000000000000000000, 0.000000000000000000 ) ) ;
#6641 = CARTESIAN_POINT ( 'NONE',  ( -8.410922009128814381, 20.36188257708719718, -53.89910155885651477 ) ) ;
#6642 = CARTESIAN_POINT ( 'NONE',  ( -24.69849011171107378, -1.512152455818657204, -32.80041777998818020 ) ) ;
#6643 = CARTESIAN_POINT ( 'NONE',  ( 25.21268637708515215, -27.16534645038390394, 22.89457997588792537 ) ) ;
#6644 = CARTESIAN_POINT ( 'NONE',  ( 12.05881342891331798, -6.819583969174250804, 21.40359731999999937 ) ) ;
#6645 = CARTESIAN_POINT ( 'NONE',  ( -2.808312447997486583, 14.78354396030322349, -54.20881431865389999 ) ) ;
#6646 = CIRCLE ( 'NONE', #1112, 1.000000000000000888 ) ;
#6647 = ORIENTED_EDGE ( 'NONE', *, *, #10094, .F. ) ;
#6648 = CONICAL_SURFACE ( 'NONE', #8662, 0.7500000000000006661, 0.7853981633974570498 ) ;
#6649 = ORIENTED_EDGE ( 'NONE', *, *, #2711, .F. ) ;
#6650 = EDGE_LOOP ( 'NONE', ( #8953, #8051, #5901, #4832, #7998 ) ) ;
#6651 = DIRECTION ( 'NONE',  ( 2.555573771327072837E-16, -1.000000000000000000, 0.000000000000000000 ) ) ;
#6652 = DIRECTION ( 'NONE',  ( 0.000000000000000000, 0.000000000000000000, 1.000000000000000000 ) ) ;
#6653 = DIRECTION ( 'NONE',  ( 1.000000000000000000, 0.000000000000000000, 0.000000000000000000 ) ) ;
#6654 = B_SPLINE_SURFACE_WITH_KNOTS ( 'NONE', 1, 3, ( 
 ( #1517, #8497, #3923, #9495, #1407, #10176, #1356, #7125, #3140, #2982, #2083, #8604, #5280, #9334, #1303, #4600, #4495, #3820, #507, #764, #978, #7332, #9754, #6492, #7277, #3238, #133, #4911, #7391, #2398, #3345, #8969, #6440, #2443, #186, #3190, #819, #7228, #4859, #6392, #2500, #3286, #8127, #1613 ),
 ( #2550, #5546, #9646, #10389, #3395, #5753, #9703, #77, #1768, #6547, #9552, #5644, #8914, #4807, #923, #8025, #4962, #8859, #4022, #30, #4124, #2352, #9597, #8178, #4181, #1666, #8762, #8075, #7181, #1713, #1565, #5699, #4759, #7978, #3970, #871, #4074, #5594, #8808, #288, #9911, #2815, #7438, #5224 ) ),
 .UNSPECIFIED., .F., .F., .F.,
 ( 2, 2 ),
 ( 4, 2, 2, 2, 2, 2, 2, 2, 2, 2, 2, 2, 2, 2, 2, 2, 2, 2, 2, 2, 2, 4 ),
 ( 0.000000000000000000, 1.000000000000000000 ),
 ( 0.000000000000000000, 7.851648204568928608E-05, 0.0001177747230685339359, 0.0001570329640913785722, 0.0001962912051142232084, 0.0002355494461370678718, 0.0003140659281827571443, 0.0003533241692056018077, 0.0003925824102284464169, 0.0004318406512512910802, 0.0004710988922741357436, 0.0005496153743198249619, 0.0006281318563655142887, 0.0007066483384112036154, 0.0007851648204568928337, 0.0008636813025025821605, 0.0009421977845482714872, 0.0009814560255711160964, 0.001020714266593960706, 0.001099230748639649924, 0.001177747230685339142, 0.001256263712731028577 ),
 .UNSPECIFIED. ) ;
#6655 = ORIENTED_EDGE ( 'NONE', *, *, #1875, .T. ) ;
#6656 = DIRECTION ( 'NONE',  ( 0.000000000000000000, 0.000000000000000000, -1.000000000000000000 ) ) ;
#6657 = CARTESIAN_POINT ( 'NONE',  ( 9.827836675256252263, 20.16314882303863243, 11.22457852691048430 ) ) ;
#6658 = EDGE_CURVE ( 'NONE', #8921, #9928, #6508, .T. ) ;
#6659 = AXIS2_PLACEMENT_3D ( 'NONE', #6806, #10013, #6025 ) ;
#6660 = DIRECTION ( 'NONE',  ( -1.000000000000000000, 0.000000000000000000, 0.000000000000000000 ) ) ;
#6661 = CIRCLE ( 'NONE', #967, 0.9999999999999991118 ) ;
#6662 = ORIENTED_EDGE ( 'NONE', *, *, #4187, .T. ) ;
#6663 = EDGE_CURVE ( 'NONE', #1311, #6842, #1726, .T. ) ;
#6664 = DIRECTION ( 'NONE',  ( 0.000000000000000000, 0.000000000000000000, 1.000000000000000000 ) ) ;
#6665 = LINE ( 'NONE', #8305, #976 ) ;
#6666 = CIRCLE ( 'NONE', #3486, 1.056214310942091394 ) ;
#6667 = VERTEX_POINT ( 'NONE', #7238 ) ;
#6668 = DIRECTION ( 'NONE',  ( -1.000000000000000000, 0.000000000000000000, 0.000000000000000000 ) ) ;
#6669 = ORIENTED_EDGE ( 'NONE', *, *, #5397, .T. ) ;
#6670 = ORIENTED_EDGE ( 'NONE', *, *, #10336, .T. ) ;
#6671 = DIRECTION ( 'NONE',  ( 0.000000000000000000, -1.000000000000000000, 0.000000000000000000 ) ) ;
#6672 = VERTEX_POINT ( 'NONE', #835 ) ;
#6673 = CARTESIAN_POINT ( 'NONE',  ( -7.099892953377993088, 17.49046257629497347, -32.80041777998817309 ) ) ;
#6674 = EDGE_CURVE ( 'NONE', #1449, #4624, #5082, .T. ) ;
#6675 = VECTOR ( 'NONE', #6671, 1000.000000000000000 ) ;
#6676 = EDGE_CURVE ( 'NONE', #208, #3706, #4085, .T. ) ;
#6677 = CARTESIAN_POINT ( 'NONE',  ( -2.655179382742640204, 14.55086251887948734, -51.24814616802434841 ) ) ;
#6678 = CYLINDRICAL_SURFACE ( 'NONE', #1301, 25.89999999999999503 ) ;
#6679 = AXIS2_PLACEMENT_3D ( 'NONE', #3877, #8658, #1458 ) ;
#6680 = CARTESIAN_POINT ( 'NONE',  ( 24.69849011171107378, -1.512152455818657204, 3.496201133462653043 ) ) ;
#6681 = EDGE_LOOP ( 'NONE', ( #7657, #3262, #10038, #4465 ) ) ;
#6682 = ORIENTED_EDGE ( 'NONE', *, *, #721, .F. ) ;
#6683 = CARTESIAN_POINT ( 'NONE',  ( 40.20749282690607629, -9.733150561326636918, 19.20359732000000008 ) ) ;
#6684 = ORIENTED_EDGE ( 'NONE', *, *, #1922, .F. ) ;
#6685 = CARTESIAN_POINT ( 'NONE',  ( -8.007516572946014932, 20.08742825417389000, -50.99211354520117823 ) ) ;
#6686 = CARTESIAN_POINT ( 'NONE',  ( 31.33349227759007505, -1.512152455818657204, 18.40359731999999937 ) ) ;
#6687 = CYLINDRICAL_SURFACE ( 'NONE', #2757, 1.056214310941862244 ) ;
#6688 = ORIENTED_EDGE ( 'NONE', *, *, #5319, .F. ) ;
#6689 = VECTOR ( 'NONE', #6008, 1000.000000000000000 ) ;
#6690 = EDGE_CURVE ( 'NONE', #686, #6800, #2404, .T. ) ;
#6691 = LINE ( 'NONE', #5008, #525 ) ;
#6692 = LINE ( 'NONE', #7432, #3795 ) ;
#6693 = CIRCLE ( 'NONE', #5011, 0.9499999999999925171 ) ;
#6694 = DIRECTION ( 'NONE',  ( -0.7071067811865414665, 0.000000000000000000, -0.7071067811865536790 ) ) ;
#6695 = VECTOR ( 'NONE', #1878, 1000.000000000000000 ) ;
#6696 = DIRECTION ( 'NONE',  ( 0.000000000000000000, 0.000000000000000000, 1.000000000000000000 ) ) ;
#6697 = CARTESIAN_POINT ( 'NONE',  ( 23.39138969899256892, -27.22902695485989710, 23.05529838595214542 ) ) ;
#6698 = DIRECTION ( 'NONE',  ( 1.000000000000000000, 0.000000000000000000, 0.000000000000000000 ) ) ;
#6699 = CARTESIAN_POINT ( 'NONE',  ( -2.604862199787119525, 14.47240850062863693, -53.78809709914682458 ) ) ;
#6700 = CARTESIAN_POINT ( 'NONE',  ( 24.79464815962726476, -27.26216744685869031, 22.74842610862982895 ) ) ;
#6701 = EDGE_LOOP ( 'NONE', ( #349, #1431, #4619, #7163 ) ) ;
#6702 = EDGE_CURVE ( 'NONE', #8654, #9549, #8280, .T. ) ;
#6703 = AXIS2_PLACEMENT_3D ( 'NONE', #1133, #443, #4337 ) ;
#6704 = ORIENTED_EDGE ( 'NONE', *, *, #7142, .T. ) ;
#6705 = VERTEX_POINT ( 'NONE', #4923 ) ;
#6706 = DIRECTION ( 'NONE',  ( -5.421010862430005110E-16, 1.000000000000000000, 0.000000000000000000 ) ) ;
#6707 = DIRECTION ( 'NONE',  ( -0.000000000000000000, -0.000000000000000000, -1.000000000000000000 ) ) ;
#6708 = DIRECTION ( 'NONE',  ( -1.000000000000000000, -0.000000000000000000, 0.000000000000000000 ) ) ;
#6709 = CIRCLE ( 'NONE', #676, 3.000000000000002665 ) ;
#6710 = ORIENTED_EDGE ( 'NONE', *, *, #903, .F. ) ;
#6711 = CARTESIAN_POINT ( 'NONE',  ( 6.030438470952711683, -2.763214443583700941, 18.40359731999999937 ) ) ;
#6712 = DIRECTION ( 'NONE',  ( 0.000000000000000000, 0.000000000000000000, 1.000000000000000000 ) ) ;
#6713 = CARTESIAN_POINT ( 'NONE',  ( 39.20749282690607629, -14.01615056132663995, 19.20359732000000008 ) ) ;
#6714 = ORIENTED_EDGE ( 'NONE', *, *, #8209, .F. ) ;
#6715 = DIRECTION ( 'NONE',  ( 1.000000000000000000, 0.000000000000000000, 0.000000000000000000 ) ) ;
#6716 = CARTESIAN_POINT ( 'NONE',  ( 34.24477099867146990, 9.487847544181342130, 23.19999800000000079 ) ) ;
#6717 = EDGE_CURVE ( 'NONE', #1870, #7671, #92, .T. ) ;
#6718 = ORIENTED_EDGE ( 'NONE', *, *, #1165, .T. ) ;
#6719 = CYLINDRICAL_SURFACE ( 'NONE', #2624, 0.7500000000000006661 ) ;
#6720 = VERTEX_POINT ( 'NONE', #2612 ) ;
#6721 = ORIENTED_EDGE ( 'NONE', *, *, #7312, .F. ) ;
#6722 = FACE_OUTER_BOUND ( 'NONE', #3595, .T. ) ;
#6723 = CARTESIAN_POINT ( 'NONE',  ( -2.841551772840510637, 14.83288960254960998, -54.22841582846669439 ) ) ;
#6724 = ORIENTED_EDGE ( 'NONE', *, *, #5112, .T. ) ;
#6725 = DIRECTION ( 'NONE',  ( 1.000000000000000000, 0.000000000000000000, 0.000000000000000000 ) ) ;
#6726 = CARTESIAN_POINT ( 'NONE',  ( -2.646099236668451482, 14.53678565715676285, -51.27260405120117781 ) ) ;
#6727 = EDGE_CURVE ( 'NONE', #1174, #500, #199, .T. ) ;
#6728 = CARTESIAN_POINT ( 'NONE',  ( -24.69849011171107378, -1.512152455818657204, -138.7821617105083760 ) ) ;
#6729 = VECTOR ( 'NONE', #1964, 1000.000000000000000 ) ;
#6730 = LINE ( 'NONE', #3580, #8831 ) ;
#6731 = ORIENTED_EDGE ( 'NONE', *, *, #5905, .F. ) ;
#6732 = EDGE_CURVE ( 'NONE', #9213, #114, #4873, .T. ) ;
#6733 = ORIENTED_EDGE ( 'NONE', *, *, #2528, .T. ) ;
#6734 = DIRECTION ( 'NONE',  ( -1.000000000000000000, 0.000000000000000000, 0.000000000000000000 ) ) ;
#6735 = ORIENTED_EDGE ( 'NONE', *, *, #2568, .F. ) ;
#6736 = CARTESIAN_POINT ( 'NONE',  ( 6.030438470952644181, -9.573214443583347943, 31.63375372154084175 ) ) ;
#6737 = CARTESIAN_POINT ( 'NONE',  ( -24.69849011171107378, -24.56215207581864135, -40.80041777998818020 ) ) ;
#6738 = CARTESIAN_POINT ( 'NONE',  ( 10.23043847095200398, 4.406785556417013971, 21.40359731999999937 ) ) ;
#6739 = ORIENTED_EDGE ( 'NONE', *, *, #6291, .F. ) ;
#6740 = VECTOR ( 'NONE', #5588, 1000.000000000000000 ) ;
#6741 = DIRECTION ( 'NONE',  ( 0.000000000000000000, 0.000000000000000000, -1.000000000000000000 ) ) ;
#6742 = FACE_OUTER_BOUND ( 'NONE', #7317, .T. ) ;
#6743 = B_SPLINE_SURFACE_WITH_KNOTS ( 'NONE', 1, 3, ( 
 ( #1027, #7333, #3446, #3346, #9076, #1769, #6548, #9756, #6699, #8231, #6493, #1714, #3497, #4126, #1868, #2551, #9704, #4232, #5068, #7440, #236, #7491, #2602, #5754, #187, #8284, #8970, #4963, #8180, #1080, #2501, #8128, #4182, #6645, #5912, #9861, #2715, #2660, #289, #1668, #9913, #924, #79, #9807 ),
 ( #4860, #872, #4075, #7278, #7392, #3287, #5701, #8915, #4912, #3397, #6596, #5805, #9019, #6857, #2916, #2762, #5963, #1194, #3545, #5177, #4389, #2074, #2969, #9275, #10166, #1290, #5328, #9123, #8542, #8393, #7555, #10067, #6117, #9172, #498, #8334, #6953, #1344, #3598, #10114, #4535, #9960, #8487, #7754 ) ),
 .UNSPECIFIED., .F., .F., .F.,
 ( 2, 2 ),
 ( 4, 2, 2, 2, 2, 2, 2, 2, 2, 2, 2, 2, 2, 2, 2, 2, 2, 2, 2, 2, 2, 4 ),
 ( 0.000000000000000000, 1.000000000000000000 ),
 ( 0.000000000000000000, 7.851648204568837807E-05, 0.0001177747230685325671, 0.0001570329640913767561, 0.0001962912051142209316, 0.0002355494461370651342, 0.0003140659281827535123, 0.0003533241692055976877, 0.0003925824102284418632, 0.0004318406512512860387, 0.0004710988922741302684, 0.0005496153743198186736, 0.0006281318563655070245, 0.0007066483384111953755, 0.0007851648204568837264, 0.0008636813025025720774, 0.0009421977845482605368, 0.0009814560255711048207, 0.001020714266593948996, 0.001099230748639637347, 0.001177747230685325698, 0.001256263712731014049 ),
 .UNSPECIFIED. ) ;
#6744 = CARTESIAN_POINT ( 'NONE',  ( -8.424850736750752134, 20.65581290030401007, -53.97002649103758642 ) ) ;
#6745 = VECTOR ( 'NONE', #6317, 1000.000000000000114 ) ;
#6746 = EDGE_CURVE ( 'NONE', #4570, #10315, #10292, .T. ) ;
#6747 = EDGE_CURVE ( 'NONE', #6772, #6761, #8778, .T. ) ;
#6748 = FACE_BOUND ( 'NONE', #5330, .T. ) ;
#6749 = CARTESIAN_POINT ( 'NONE',  ( 25.43472757825998798, -27.16150216484739843, 22.95020785844052469 ) ) ;
#6750 = CARTESIAN_POINT ( 'NONE',  ( 2.581612641497826655, -0.07904711514960562069, 3.496201133462653043 ) ) ;
#6751 = DIRECTION ( 'NONE',  ( 0.000000000000000000, 0.000000000000000000, -1.000000000000000000 ) ) ;
#6752 = FILL_AREA_STYLE_COLOUR ( '', #5261 ) ;
#6753 = ORIENTED_EDGE ( 'NONE', *, *, #337, .T. ) ;
#6754 = DIRECTION ( 'NONE',  ( -0.000000000000000000, -0.000000000000000000, 1.000000000000000000 ) ) ;
#6755 = EDGE_CURVE ( 'NONE', #7128, #773, #4975, .T. ) ;
#6756 = AXIS2_PLACEMENT_3D ( 'NONE', #9720, #4245, #4926 ) ;
#6757 = AXIS2_PLACEMENT_3D ( 'NONE', #9949, #4626, #9311 ) ;
#6758 = ORIENTED_EDGE ( 'NONE', *, *, #8885, .F. ) ;
#6759 = EDGE_CURVE ( 'NONE', #11, #6580, #8119, .T. ) ;
#6760 = ADVANCED_FACE ( 'NONE', ( #6559 ), #9767, .F. ) ;
#6761 = VERTEX_POINT ( 'NONE', #5234 ) ;
#6762 = CARTESIAN_POINT ( 'NONE',  ( 33.49477099867146990, -1.512152455818657204, 22.99999800000001215 ) ) ;
#6763 = DIRECTION ( 'NONE',  ( -1.000000000000000000, 0.000000000000000000, 0.000000000000000000 ) ) ;
#6764 = DIRECTION ( 'NONE',  ( 0.000000000000000000, 0.000000000000000000, 1.000000000000000000 ) ) ;
#6765 = ORIENTED_EDGE ( 'NONE', *, *, #768, .T. ) ;
#6766 = CARTESIAN_POINT ( 'NONE',  ( -24.69849011171107378, -1.512152455818657204, -40.80041777998818020 ) ) ;
#6767 = DIRECTION ( 'NONE',  ( 0.7071067811865560104, 0.000000000000000000, 0.7071067811865391350 ) ) ;
#6768 = CARTESIAN_POINT ( 'NONE',  ( -2.494947015844450000, 14.44988742422289185, -51.59041577998818440 ) ) ;
#6769 = AXIS2_PLACEMENT_3D ( 'NONE', #9397, #7980, #3973 ) ;
#6770 = ORIENTED_EDGE ( 'NONE', *, *, #5038, .F. ) ;
#6771 = CARTESIAN_POINT ( 'NONE',  ( -8.457001071010115112, 20.39209447807045095, -53.65041577998819378 ) ) ;
#6772 = VERTEX_POINT ( 'NONE', #2830 ) ;
#6774 = CARTESIAN_POINT ( 'NONE',  ( 8.630438470952455532, -3.563214443583345492, 22.99999800000001215 ) ) ;
#6773 = CIRCLE ( 'NONE', #2252, 0.9999999999999991118 ) ;
#6775 = ORIENTED_EDGE ( 'NONE', *, *, #2272, .T. ) ;
#6776 = ORIENTED_EDGE ( 'NONE', *, *, #9912, .T. ) ;
#6777 = FACE_BOUND ( 'NONE', #8782, .T. ) ;
#6778 = LINE ( 'NONE', #2787, #6016 ) ;
#6779 = ORIENTED_EDGE ( 'NONE', *, *, #9113, .T. ) ;
#6780 = FACE_OUTER_BOUND ( 'NONE', #4420, .T. ) ;
#6781 = AXIS2_PLACEMENT_3D ( 'NONE', #5708, #4033, #8135 ) ;
#6782 = DIRECTION ( 'NONE',  ( 0.000000000000000000, -0.000000000000000000, 1.000000000000000000 ) ) ;
#6783 = CARTESIAN_POINT ( 'NONE',  ( -7.951688768616168801, 20.04787177364163142, -50.99041577998818298 ) ) ;
#6784 = DIRECTION ( 'NONE',  ( 1.000000000000000000, 5.421010862428621645E-16, 0.000000000000000000 ) ) ;
#6785 = VERTEX_POINT ( 'NONE', #1932 ) ;
#6786 = EDGE_LOOP ( 'NONE', ( #9423, #4933, #3701, #2207 ) ) ;
#6787 = DIRECTION ( 'NONE',  ( -1.000000000000000000, 0.000000000000000000, 0.000000000000000000 ) ) ;
#6788 = CIRCLE ( 'NONE', #7635, 1.000000000000000888 ) ;
#6789 = EDGE_LOOP ( 'NONE', ( #10377, #8254, #3900, #3264 ) ) ;
#6790 = CARTESIAN_POINT ( 'NONE',  ( -8.170903037165400562, 20.20074815586249528, -51.05086298610637385 ) ) ;
#6791 = DIRECTION ( 'NONE',  ( 0.000000000000000000, 0.000000000000000000, -1.000000000000000000 ) ) ;
#6792 = DIRECTION ( 'NONE',  ( 0.000000000000000000, 0.000000000000000000, 1.000000000000000000 ) ) ;
#6793 = EDGE_LOOP ( 'NONE', ( #300, #9312, #4931, #6528, #3961, #10116, #3687 ) ) ;
#6794 = DIRECTION ( 'NONE',  ( 1.000000000000000000, 0.000000000000000000, 0.000000000000000000 ) ) ;
#6795 = ADVANCED_FACE ( 'NONE', ( #6868 ), #510, .F. ) ;
#6796 = DIRECTION ( 'NONE',  ( 1.000000000000000000, 0.000000000000000000, 0.000000000000000000 ) ) ;
#6797 = AXIS2_PLACEMENT_3D ( 'NONE', #1711, #184, #4072 ) ;
#6798 = CARTESIAN_POINT ( 'NONE',  ( -7.871138753029185864, 20.23850144887668279, -54.44912052860992446 ) ) ;
#6799 = DIRECTION ( 'NONE',  ( 0.000000000000000000, 0.000000000000000000, -1.000000000000000000 ) ) ;
#6800 = VERTEX_POINT ( 'NONE', #303 ) ;
#6801 = CARTESIAN_POINT ( 'NONE',  ( 23.86430943386548975, -27.24865765953174090, 22.87700875154054359 ) ) ;
#6802 = CARTESIAN_POINT ( 'NONE',  ( 6.030438470952711683, -2.763214443583700941, 21.40359731999999937 ) ) ;
#6803 = DIRECTION ( 'NONE',  ( 0.000000000000000000, 0.000000000000000000, -1.000000000000000000 ) ) ;
#6804 = CARTESIAN_POINT ( 'NONE',  ( 23.85427739956037740, -27.24832164869562945, 22.88013700662623151 ) ) ;
#6805 = ORIENTED_EDGE ( 'NONE', *, *, #6611, .F. ) ;
#6806 = CARTESIAN_POINT ( 'NONE',  ( 14.85349142309807391, -1.524148547166637835, 22.00359731999999724 ) ) ;
#6807 = APPLICATION_CONTEXT ( 'automotive_design' ) ;
#6808 = EDGE_CURVE ( 'NONE', #6185, #1114, #1987, .T. ) ;
#6809 = EDGE_CURVE ( 'NONE', #7458, #8154, #4497, .T. ) ;
#6810 = VERTEX_POINT ( 'NONE', #8450 ) ;
#6811 = DIRECTION ( 'NONE',  ( 1.000000000000000000, 0.000000000000000000, 0.000000000000000000 ) ) ;
#6812 = CARTESIAN_POINT ( 'NONE',  ( 40.08049337622308173, 6.319848523146355923, 19.20359732000000008 ) ) ;
#6813 = DIRECTION ( 'NONE',  ( 0.000000000000000000, 0.000000000000000000, -1.000000000000000000 ) ) ;
#6814 = DIRECTION ( 'NONE',  ( 0.000000000000000000, 0.000000000000000000, -1.000000000000000000 ) ) ;
#6815 = AXIS2_PLACEMENT_3D ( 'NONE', #5111, #8277, #1186 ) ;
#6816 = DIRECTION ( 'NONE',  ( 0.000000000000000000, 0.000000000000000000, -1.000000000000000000 ) ) ;
#6817 = VERTEX_POINT ( 'NONE', #1093 ) ;
#6818 = EDGE_CURVE ( 'NONE', #2013, #8258, #6079, .T. ) ;
#6819 = CIRCLE ( 'NONE', #6481, 25.89999999999999147 ) ;
#6820 = EDGE_CURVE ( 'NONE', #6896, #568, #8499, .T. ) ;
#6821 = CARTESIAN_POINT ( 'NONE',  ( -8.105421841291965634, 20.15566032579354783, -54.22137846585034282 ) ) ;
#6822 = VECTOR ( 'NONE', #3854, 1000.000000000000000 ) ;
#6823 = ORIENTED_EDGE ( 'NONE', *, *, #4054, .T. ) ;
#6824 = DIRECTION ( 'NONE',  ( 0.000000000000000000, 0.000000000000000000, 1.000000000000000000 ) ) ;
#6825 = ORIENTED_EDGE ( 'NONE', *, *, #9777, .T. ) ;
#6826 = AXIS2_PLACEMENT_3D ( 'NONE', #10382, #6385, #5539 ) ;
#6827 = ORIENTED_EDGE ( 'NONE', *, *, #7606, .T. ) ;
#6828 = CARTESIAN_POINT ( 'NONE',  ( 24.58469406974984750, 24.23760175840227760, 22.75095649486765126 ) ) ;
#6829 = AXIS2_PLACEMENT_3D ( 'NONE', #6515, #5040, #8251 ) ;
#6830 = CARTESIAN_POINT ( 'NONE',  ( -2.664597770425963574, 14.56544496849004844, -54.01633630713265433 ) ) ;
#6831 = FACE_OUTER_BOUND ( 'NONE', #3367, .T. ) ;
#6832 = CONICAL_SURFACE ( 'NONE', #2807, 1.000000000000000888, 0.7853981633974559395 ) ;
#6833 = EDGE_CURVE ( 'NONE', #8321, #985, #2744, .T. ) ;
#6834 = CARTESIAN_POINT ( 'NONE',  ( -2.298743276300256877, 14.44094658797810915, -51.45945240425042044 ) ) ;
#6835 = VECTOR ( 'NONE', #5049, 1000.000000000000000 ) ;
#6836 = DIRECTION ( 'NONE',  ( -0.000000000000000000, -0.000000000000000000, -1.000000000000000000 ) ) ;
#6837 = VECTOR ( 'NONE', #8769, 1000.000000000000000 ) ;
#6838 = CARTESIAN_POINT ( 'NONE',  ( 12.05349142309807675, -5.819541498890621334, 21.40359731999999937 ) ) ;
#6839 = ORIENTED_EDGE ( 'NONE', *, *, #3810, .F. ) ;
#6840 = EDGE_LOOP ( 'NONE', ( #5897, #6448, #7305, #4079 ) ) ;
#6841 = LINE ( 'NONE', #5307, #5165 ) ;
#6842 = VERTEX_POINT ( 'NONE', #6129 ) ;
#6843 = CARTESIAN_POINT ( 'NONE',  ( 25.17385563423497530, -27.16593035017235991, 22.88601789839764677 ) ) ;
#6844 = VECTOR ( 'NONE', #8112, 1000.000000000000000 ) ;
#6845 = DIRECTION ( 'NONE',  ( -1.000000000000000000, 0.000000000000000000, 0.000000000000000000 ) ) ;
#6846 = ORIENTED_EDGE ( 'NONE', *, *, #7343, .T. ) ;
#6847 = DIRECTION ( 'NONE',  ( -0.000000000000000000, -0.000000000000000000, 1.000000000000000000 ) ) ;
#6848 = AXIS2_PLACEMENT_3D ( 'NONE', #6766, #6867, #3759 ) ;
#6849 = FACE_OUTER_BOUND ( 'NONE', #10332, .T. ) ;
#6850 = ADVANCED_FACE ( 'NONE', ( #2728 ), #6032, .F. ) ;
#6851 = CARTESIAN_POINT ( 'NONE',  ( -8.457000609816695658, 20.39209415322240204, -53.67032908044029682 ) ) ;
#6852 = PLANE ( 'NONE',  #2428 ) ;
#6853 = ORIENTED_EDGE ( 'NONE', *, *, #1476, .T. ) ;
#6854 = CARTESIAN_POINT ( 'NONE',  ( 24.88045432338290297, -27.26151517523413403, 22.75475429096712432 ) ) ;
#6855 = CARTESIAN_POINT ( 'NONE',  ( 8.882623226170037967, 7.206785556416294369, 28.54200327493162348 ) ) ;
#6856 = AXIS2_PLACEMENT_3D ( 'NONE', #7319, #8219, #8116 ) ;
#6857 = CARTESIAN_POINT ( 'NONE',  ( -2.332168346985993512, 14.48777495038524599, -53.97059644436159687 ) ) ;
#6858 = ORIENTED_EDGE ( 'NONE', *, *, #5650, .T. ) ;
#6859 = CARTESIAN_POINT ( 'NONE',  ( 24.69849011171107378, 6.319848523146355035, 18.40359731999999937 ) ) ;
#6860 = DIRECTION ( 'NONE',  ( -0.000000000000000000, -0.000000000000000000, 1.000000000000000000 ) ) ;
#6861 = ADVANCED_FACE ( 'NONE', ( #10025 ), #2927, .F. ) ;
#6862 = CIRCLE ( 'NONE', #157, 1.520000000000000462 ) ;
#6863 = ORIENTED_EDGE ( 'NONE', *, *, #9121, .T. ) ;
#6864 = DIRECTION ( 'NONE',  ( 1.000000000000000000, 2.710505431214377876E-16, -0.000000000000000000 ) ) ;
#6865 = DIRECTION ( 'NONE',  ( -0.7071067811865536790, 0.000000000000000000, 0.7071067811865414665 ) ) ;
#6866 = ADVANCED_FACE ( 'NONE', ( #9240 ), #5925, .F. ) ;
#6867 = DIRECTION ( 'NONE',  ( 0.000000000000000000, 0.000000000000000000, -1.000000000000000000 ) ) ;
#6868 = FACE_OUTER_BOUND ( 'NONE', #7096, .T. ) ;
#6869 = DIRECTION ( 'NONE',  ( 0.000000000000000000, -1.000000000000000000, 0.000000000000000000 ) ) ;
#6870 = CARTESIAN_POINT ( 'NONE',  ( -2.708962751340624919, 14.63361247177648750, -51.13975954948506342 ) ) ;
#6871 = VECTOR ( 'NONE', #3472, 1000.000000000000114 ) ;
#6872 = ORIENTED_EDGE ( 'NONE', *, *, #2908, .T. ) ;
#6873 = LINE ( 'NONE', #7621, #1631 ) ;
#6874 = ORIENTED_EDGE ( 'NONE', *, *, #9889, .T. ) ;
#6875 = EDGE_CURVE ( 'NONE', #7671, #9584, #2036, .T. ) ;
#6876 = EDGE_CURVE ( 'NONE', #9180, #8972, #10124, .T. ) ;
#6877 = ORIENTED_EDGE ( 'NONE', *, *, #5096, .T. ) ;
#6878 = CARTESIAN_POINT ( 'NONE',  ( 24.03190284498425910, 24.22923909055810299, 22.83110284660134326 ) ) ;
#6879 = CARTESIAN_POINT ( 'NONE',  ( -2.735320632311232902, 14.67375362097916636, -54.13847127658431901 ) ) ;
#6880 = DIRECTION ( 'NONE',  ( -1.000000000000000000, 0.000000000000000000, 0.000000000000000000 ) ) ;
#6881 = CARTESIAN_POINT ( 'NONE',  ( 2.581661969033902437, -2.879058568955646269, 18.40359731999999937 ) ) ;
#6882 = DIRECTION ( 'NONE',  ( -0.7071067811865414665, 0.000000000000000000, -0.7071067811865536790 ) ) ;
#6883 = PLANE ( 'NONE',  #7492 ) ;
#6884 = EDGE_LOOP ( 'NONE', ( #6112, #3223, #3415, #6846 ) ) ;
#6885 = EDGE_CURVE ( 'NONE', #5865, #4529, #8403, .T. ) ;
#6886 = VERTEX_POINT ( 'NONE', #4449 ) ;
#6887 = DIRECTION ( 'NONE',  ( 1.000000000000000000, 0.000000000000000000, 0.000000000000000000 ) ) ;
#6888 = ORIENTED_EDGE ( 'NONE', *, *, #10235, .T. ) ;
#6889 = CARTESIAN_POINT ( 'NONE',  ( 7.030438470952648622, -10.57321444358334794, 31.63375372154084175 ) ) ;
#6890 = DIRECTION ( 'NONE',  ( 0.000000000000000000, 0.000000000000000000, -1.000000000000000000 ) ) ;
#6891 = ORIENTED_EDGE ( 'NONE', *, *, #5408, .T. ) ;
#6892 = LINE ( 'NONE', #1647, #6745 ) ;
#6893 = CARTESIAN_POINT ( 'NONE',  ( 3.299342464345993431, 13.55384754846267903, 11.22457852691048430 ) ) ;
#6894 = CARTESIAN_POINT ( 'NONE',  ( -8.355971218460322092, 20.60508381084666496, -54.11750048614180031 ) ) ;
#6895 = CARTESIAN_POINT ( 'NONE',  ( -7.829001579289466051, 20.20582066909555152, -50.79041577998818724 ) ) ;
#6896 = VERTEX_POINT ( 'NONE', #7661 ) ;
#6897 = DIRECTION ( 'NONE',  ( 1.000000000000000000, 0.000000000000000000, 0.000000000000000000 ) ) ;
#6898 = DIRECTION ( 'NONE',  ( 1.000000000000000000, 0.000000000000000000, 0.000000000000000000 ) ) ;
#6899 = CIRCLE ( 'NONE', #4051, 1.000000000000000888 ) ;
#6900 = DIRECTION ( 'NONE',  ( 1.000000000000000000, -1.850616357391719031E-11, 0.000000000000000000 ) ) ;
#6901 = DIRECTION ( 'NONE',  ( 1.000000000000000000, 0.000000000000000000, 0.000000000000000000 ) ) ;
#6902 = ORIENTED_EDGE ( 'NONE', *, *, #5299, .T. ) ;
#6903 = DIRECTION ( 'NONE',  ( 0.9999999998448929617, -1.761289571444875200E-05, 0.000000000000000000 ) ) ;
#6904 = LINE ( 'NONE', #8708, #6246 ) ;
#6905 = AXIS2_PLACEMENT_3D ( 'NONE', #6927, #375, #3626 ) ;
#6906 = ORIENTED_EDGE ( 'NONE', *, *, #3604, .F. ) ;
#6907 = DIRECTION ( 'NONE',  ( -0.000000000000000000, -0.000000000000000000, 1.000000000000000000 ) ) ;
#6908 = DIRECTION ( 'NONE',  ( -1.000000000000000000, 0.000000000000000000, -0.000000000000000000 ) ) ;
#6909 = DIRECTION ( 'NONE',  ( 0.000000000000000000, 0.000000000000000000, 1.000000000000000000 ) ) ;
#6910 = DIRECTION ( 'NONE',  ( -1.000000000000000000, 0.000000000000000000, 0.000000000000000000 ) ) ;
#6911 = CONICAL_SURFACE ( 'NONE', #3400, 27.30000000000000426, 0.7853981633974309595 ) ;
#6912 = LINE ( 'NONE', #2929, #1217 ) ;
#6913 = AXIS2_PLACEMENT_3D ( 'NONE', #5900, #9999, #9109 ) ;
#6914 = CARTESIAN_POINT ( 'NONE',  ( -2.899371992561377454, 14.91775900233476371, -50.99336950311415961 ) ) ;
#6915 = EDGE_CURVE ( 'NONE', #9573, #8688, #10078, .T. ) ;
#6916 = SURFACE_STYLE_FILL_AREA ( #7667 ) ;
#6917 = EDGE_LOOP ( 'NONE', ( #9883, #605, #3434, #9001 ) ) ;
#6918 = PLANE ( 'NONE',  #5991 ) ;
#6919 = VERTEX_POINT ( 'NONE', #8297 ) ;
#6920 = ORIENTED_EDGE ( 'NONE', *, *, #1587, .F. ) ;
#6921 = CARTESIAN_POINT ( 'NONE',  ( 24.23035919778142855, 24.23367896712652581, 22.78881726312540579 ) ) ;
#6922 = CARTESIAN_POINT ( 'NONE',  ( -2.701186291421365127, 14.62172219536573792, -54.08871703197625891 ) ) ;
#6923 = AXIS2_PLACEMENT_3D ( 'NONE', #9285, #5132, #411 ) ;
#6924 = AXIS2_PLACEMENT_3D ( 'NONE', #8725, #3151, #10346 ) ;
#6925 = ADVANCED_FACE ( 'NONE', ( #4292 ), #1202, .F. ) ;
#6926 = DIRECTION ( 'NONE',  ( -1.000000000000000000, 0.000000000000000000, -0.000000000000000000 ) ) ;
#6927 = CARTESIAN_POINT ( 'NONE',  ( -24.69849011171107378, -1.512152455818657204, -40.80041777998818020 ) ) ;
#6928 = ADVANCED_FACE ( 'NONE', ( #3560 ), #5975, .F. ) ;
#6929 = LINE ( 'NONE', #2054, #1642 ) ;
#6930 =( GEOMETRIC_REPRESENTATION_CONTEXT ( 3 ) GLOBAL_UNCERTAINTY_ASSIGNED_CONTEXT ( ( #5543 ) ) GLOBAL_UNIT_ASSIGNED_CONTEXT ( ( #8335, #1292, #5913 ) ) REPRESENTATION_CONTEXT ( 'NONE', 'WORKASPACE' ) );
#6931 = ORIENTED_EDGE ( 'NONE', *, *, #5066, .T. ) ;
#6932 = CYLINDRICAL_SURFACE ( 'NONE', #10173, 1.000000000000000888 ) ;
#6933 = ORIENTED_EDGE ( 'NONE', *, *, #3999, .F. ) ;
#6934 = ORIENTED_EDGE ( 'NONE', *, *, #9565, .T. ) ;
#6935 = DIRECTION ( 'NONE',  ( 0.6585046078685135029, 0.000000000000000000, 0.7525766947068819324 ) ) ;
#6936 = EDGE_LOOP ( 'NONE', ( #1790, #2372, #5965, #9372, #2244 ) ) ;
#6937 = DIRECTION ( 'NONE',  ( 0.000000000000000000, -1.000000000000000000, -0.000000000000000000 ) ) ;
#6938 = CARTESIAN_POINT ( 'NONE',  ( -8.399679074061729978, -17.81096349346800878, -49.28569915422676218 ) ) ;
#6939 = EDGE_LOOP ( 'NONE', ( #3974, #137, #8834, #8974 ) ) ;
#6940 = VECTOR ( 'NONE', #3065, 1000.000000000000000 ) ;
#6941 = DIRECTION ( 'NONE',  ( 1.000000000000000000, 0.000000000000000000, 0.000000000000000000 ) ) ;
#6942 = EDGE_CURVE ( 'NONE', #6459, #3004, #4546, .T. ) ;
#6943 = DIRECTION ( 'NONE',  ( -0.7071067811865536790, 0.000000000000000000, 0.7071067811865414665 ) ) ;
#6944 = EDGE_CURVE ( 'NONE', #315, #8870, #3090, .T. ) ;
#6945 = AXIS2_PLACEMENT_3D ( 'NONE', #4655, #7124, #7879 ) ;
#6946 = CARTESIAN_POINT ( 'NONE',  ( -8.457355659087085087, 20.67963910350412959, -53.85815832577581119 ) ) ;
#6947 = ORIENTED_EDGE ( 'NONE', *, *, #2680, .F. ) ;
#6948 = DIRECTION ( 'NONE',  ( -1.000000000000000000, 0.000000000000000000, -0.000000000000000000 ) ) ;
#6949 = DIRECTION ( 'NONE',  ( -1.000000000000000000, 0.000000000000000000, 0.000000000000000000 ) ) ;
#6950 = VERTEX_POINT ( 'NONE', #9554 ) ;
#6951 = CARTESIAN_POINT ( 'NONE',  ( 23.20510679866151094, -27.13673558737738745, 23.26440081364355450 ) ) ;
#6952 = DIRECTION ( 'NONE',  ( -1.000000000000000000, 0.000000000000000000, 0.000000000000000000 ) ) ;
#6953 = CARTESIAN_POINT ( 'NONE',  ( -2.626087419261695644, 14.89087173536800357, -54.41256822283627770 ) ) ;
#6954 = CYLINDRICAL_SURFACE ( 'NONE', #3094, 2.550000000000000266 ) ;
#6955 = ORIENTED_EDGE ( 'NONE', *, *, #590, .F. ) ;
#6956 = CARTESIAN_POINT ( 'NONE',  ( 2.581612641497826655, -0.07904711514960562069, 18.40359731999999937 ) ) ;
#6957 = AXIS2_PLACEMENT_3D ( 'NONE', #8856, #7330, #6545 ) ;
#6958 = CARTESIAN_POINT ( 'NONE',  ( 9.082623226170039032, 7.473333429580441667, 21.40359731999999937 ) ) ;
#6959 = ORIENTED_EDGE ( 'NONE', *, *, #1476, .F. ) ;
#6960 = AXIS2_PLACEMENT_3D ( 'NONE', #1599, #1703, #18 ) ;
#6961 = LINE ( 'NONE', #7927, #9814 ) ;
#6962 = FACE_OUTER_BOUND ( 'NONE', #6557, .T. ) ;
#6963 = CARTESIAN_POINT ( 'NONE',  ( 40.08049337622308173, 12.47584852314636095, 19.20359732000000008 ) ) ;
#6964 = CARTESIAN_POINT ( 'NONE',  ( 34.24477099867146990, -12.51215245581865609, 22.99999800000001215 ) ) ;
#6965 = ORIENTED_EDGE ( 'NONE', *, *, #3363, .F. ) ;
#6966 = CARTESIAN_POINT ( 'NONE',  ( 9.757127334645465666, 20.16271390881006909, 23.19999800000000079 ) ) ;
#6967 = CARTESIAN_POINT ( 'NONE',  ( -2.874891338051574152, 14.88198377549038121, -50.99913367689234889 ) ) ;
#6968 =( NAMED_UNIT ( * ) SI_UNIT ( $, .STERADIAN. ) SOLID_ANGLE_UNIT ( ) );
#6969 = ORIENTED_EDGE ( 'NONE', *, *, #9804, .F. ) ;
#6970 = EDGE_CURVE ( 'NONE', #4554, #1322, #2986, .T. ) ;
#6971 = CYLINDRICAL_SURFACE ( 'NONE', #10193, 25.78852460972969851 ) ;
#6972 = CARTESIAN_POINT ( 'NONE',  ( -24.69849011171107378, -1.512152455818657204, -32.80041777998817309 ) ) ;
#6973 = VERTEX_POINT ( 'NONE', #7930 ) ;
#6974 = CARTESIAN_POINT ( 'NONE',  ( 43.29477099867145995, -12.51215245581865609, 23.19999800000000079 ) ) ;
#6975 = DIRECTION ( 'NONE',  ( 0.000000000000000000, 0.000000000000000000, -1.000000000000000000 ) ) ;
#6976 = CARTESIAN_POINT ( 'NONE',  ( 47.46530680277118108, -3.529058565625797783, 3.496201133462653043 ) ) ;
#6977 = EDGE_CURVE ( 'NONE', #6312, #1822, #1402, .T. ) ;
#6978 = AXIS2_PLACEMENT_3D ( 'NONE', #326, #4319, #2693 ) ;
#6979 = EDGE_CURVE ( 'NONE', #4508, #4011, #8619, .T. ) ;
#6980 = CIRCLE ( 'NONE', #7826, 0.6499999967711298510 ) ;
#6981 = CARTESIAN_POINT ( 'NONE',  ( -2.308595402755936998, 14.45477197697498539, -51.38267323420059540 ) ) ;
#6982 = CARTESIAN_POINT ( 'NONE',  ( 7.030438470952709018, -2.763214443583704938, 31.63375372154084175 ) ) ;
#6983 = AXIS2_PLACEMENT_3D ( 'NONE', #9563, #4671, #8728 ) ;
#6984 = VECTOR ( 'NONE', #366, 1000.000000000000000 ) ;
#6985 = ORIENTED_EDGE ( 'NONE', *, *, #10263, .T. ) ;
#6986 = CARTESIAN_POINT ( 'NONE',  ( 36.19477099867147274, 9.487847544181342130, 21.99999800000000150 ) ) ;
#6987 = EDGE_LOOP ( 'NONE', ( #7366, #7584, #4189, #6064 ) ) ;
#6988 = VERTEX_POINT ( 'NONE', #4761 ) ;
#6989 = LINE ( 'NONE', #9419, #3326 ) ;
#6990 = CIRCLE ( 'NONE', #10015, 0.05000000000000143219 ) ;
#6991 = VERTEX_POINT ( 'NONE', #6288 ) ;
#6992 = DIRECTION ( 'NONE',  ( 0.7071067811865414665, -2.230244969721252469E-16, -0.7071067811865536790 ) ) ;
#6993 = EDGE_CURVE ( 'NONE', #7653, #3717, #4602, .T. ) ;
#6994 = DIRECTION ( 'NONE',  ( 0.7027442638224199456, -0.7114425483935333805, 0.000000000000000000 ) ) ;
#6995 = ORIENTED_EDGE ( 'NONE', *, *, #7130, .T. ) ;
#6996 = VECTOR ( 'NONE', #5062, 1000.000000000000000 ) ;
#6997 = CIRCLE ( 'NONE', #8353, 0.2000000000000005107 ) ;
#6998 = LINE ( 'NONE', #4475, #9099 ) ;
#6999 = PLANE ( 'NONE',  #2974 ) ;
#7000 = AXIS2_PLACEMENT_3D ( 'NONE', #5300, #3682, #10046 ) ;
#7001 = ADVANCED_FACE ( 'NONE', ( #2354 ), #9448, .F. ) ;
#7002 = B_SPLINE_SURFACE_WITH_KNOTS ( 'NONE', 1, 3, ( 
 ( #4858, #8913, #7331, #8024, #8074, #4910, #5016, #4230, #6546, #8126, #7437, #3343, #4180, #3394, #9170, #1288, #8282, #10008, #1972, #4386, #1077, #6854, #442, #10065, #3648, #9910, #2814, #7553, #2713, #5174, #4279, #9120, #7489, #287, #9859, #5961, #2866, #7699, #2760, #6801, #5115, #496, #8391, #1866, #398, #1192, #7600, #3494, #6697, #8438, #1917, #2072 ),
 ( #345, #3596, #5910, #6020, #6065, #8332, #1132, #4336, #3542, #9958, #9273, #5267, #9228, #6749, #8485, #2657, #4483, #6643, #2026, #5223, #1239, #7649, #5860, #4435, #9074, #5065, #9432, #2124, #5431, #7750, #1393, #5326, #3801, #6115, #653, #2234, #8646, #7806, #4588, #10164, #1445, #10222, #3863, #1342, #4640, #7866, #2966, #6169, #7064, #8539, #545, #6951 ) ),
 .UNSPECIFIED., .F., .F., .F.,
 ( 2, 2 ),
 ( 4, 2, 2, 2, 2, 2, 2, 2, 2, 2, 2, 2, 2, 2, 2, 2, 2, 2, 2, 2, 2, 2, 2, 2, 2, 4 ),
 ( 0.000000000000000000, 1.000000000000000000 ),
 ( 0.005614304954052583979, 0.005813898825696096201, 0.006013492697339608423, 0.006213086568983120644, 0.006262985036893998700, 0.006312883504804876755, 0.006412680440626633734, 0.006512477376448390712, 0.006612274312270146823, 0.006811868183913659044, 0.007011462055557171266, 0.007061360523468049322, 0.007111258991378927377, 0.007211055927200683488, 0.007310852863022439599, 0.007410649798844195710, 0.007610243670487708799, 0.007809837542131221888, 0.007909634477952977999, 0.008009431413774734110, 0.008109228349596490221, 0.008159126817507368276, 0.008209025285418246332, 0.008408619157061758553, 0.008608213028705270775, 0.008807806900348782997 ),
 .UNSPECIFIED. ) ;
#7003 = DIRECTION ( 'NONE',  ( -0.000000000000000000, -0.000000000000000000, 1.000000000000000000 ) ) ;
#7004 = ORIENTED_EDGE ( 'NONE', *, *, #6977, .T. ) ;
#7005 = VECTOR ( 'NONE', #1442, 1000.000000000000000 ) ;
#7006 = DIRECTION ( 'NONE',  ( 0.000000000000000000, 0.000000000000000000, -1.000000000000000000 ) ) ;
#7007 = CARTESIAN_POINT ( 'NONE',  ( 24.69845459519792641, -3.528657575220178089, 8.999997999999999720 ) ) ;
#7008 = ORIENTED_EDGE ( 'NONE', *, *, #781, .T. ) ;
#7009 = LINE ( 'NONE', #6221, #6293 ) ;
#7010 = CARTESIAN_POINT ( 'NONE',  ( -20.89227580077033508, -24.56215207581315951, -40.80041777998818020 ) ) ;
#7011 = EDGE_CURVE ( 'NONE', #3128, #6397, #1231, .T. ) ;
#7012 = DIRECTION ( 'NONE',  ( 0.9999999998448929617, 1.761289572153559545E-05, -0.000000000000000000 ) ) ;
#7013 = DIRECTION ( 'NONE',  ( 0.000000000000000000, 0.000000000000000000, 1.000000000000000000 ) ) ;
#7014 = ORIENTED_EDGE ( 'NONE', *, *, #5066, .F. ) ;
#7015 = EDGE_CURVE ( 'NONE', #2610, #4682, #9461, .T. ) ;
#7016 = PRESENTATION_LAYER_ASSIGNMENT (  '', '', ( #5663 ) ) ;
#7017 = FACE_OUTER_BOUND ( 'NONE', #9272, .T. ) ;
#7018 = CARTESIAN_POINT ( 'NONE',  ( 31.54477099867147061, -12.51215245581865609, 22.99999800000001215 ) ) ;
#7019 = AXIS2_PLACEMENT_3D ( 'NONE', #9471, #2273, #1487 ) ;
#7020 = EDGE_CURVE ( 'NONE', #6567, #8154, #2300, .T. ) ;
#7021 = VECTOR ( 'NONE', #5974, 1000.000000000000000 ) ;
#7022 = ORIENTED_EDGE ( 'NONE', *, *, #2447, .T. ) ;
#7023 = CARTESIAN_POINT ( 'NONE',  ( 9.830438470952447716, -8.063214443583346380, 23.19999800000000079 ) ) ;
#7024 = LINE ( 'NONE', #1516, #2928 ) ;
#7025 = LINE ( 'NONE', #4656, #8719 ) ;
#7026 = EDGE_CURVE ( 'NONE', #8233, #8811, #5498, .T. ) ;
#7027 = CARTESIAN_POINT ( 'NONE',  ( -51.99849011171104962, -1.512152455818654095, -56.00041577998818099 ) ) ;
#7028 = CARTESIAN_POINT ( 'NONE',  ( 7.030438470952725005, 7.006785556416295080, 18.40359731999999937 ) ) ;
#7029 = ORIENTED_EDGE ( 'NONE', *, *, #1110, .F. ) ;
#7030 = VECTOR ( 'NONE', #3988, 1000.000000000000000 ) ;
#7031 = AXIS2_PLACEMENT_3D ( 'NONE', #3865, #10379, #1603 ) ;
#7032 = VERTEX_POINT ( 'NONE', #6394 ) ;
#7033 = CARTESIAN_POINT ( 'NONE',  ( 11.23043847095200753, -9.573214443583347943, 21.40359731999999937 ) ) ;
#7034 = AXIS2_PLACEMENT_3D ( 'NONE', #2727, #2673, #4136 ) ;
#7035 = DIRECTION ( 'NONE',  ( 1.000000000000000000, 0.000000000000000000, 0.000000000000000000 ) ) ;
#7036 = VECTOR ( 'NONE', #7926, 1000.000000000000000 ) ;
#7037 = EDGE_LOOP ( 'NONE', ( #4256, #6776, #8446, #6343 ) ) ;
#7038 = CARTESIAN_POINT ( 'NONE',  ( 24.06481700369312193, 24.23007063036111219, 22.82322250299936783 ) ) ;
#7039 = CARTESIAN_POINT ( 'NONE',  ( -23.17849011171107421, -24.56215207581864135, -40.80041777998818020 ) ) ;
#7040 = ADVANCED_FACE ( 'NONE', ( #1459 ), #3760, .T. ) ;
#7041 = CARTESIAN_POINT ( 'NONE',  ( 14.78608801174350873, 13.08357714299167185, 40.75345354922610142 ) ) ;
#7042 = LINE ( 'NONE', #630, #7244 ) ;
#7043 = AXIS2_PLACEMENT_3D ( 'NONE', #10165, #6170, #8797 ) ;
#7044 = DIRECTION ( 'NONE',  ( -1.000000000000000000, 0.000000000000000000, 0.000000000000000000 ) ) ;
#7045 = ORIENTED_EDGE ( 'NONE', *, *, #7924, .F. ) ;
#7046 = DIRECTION ( 'NONE',  ( 1.000000000000000000, 0.000000000000000000, 0.000000000000000000 ) ) ;
#7047 = ORIENTED_EDGE ( 'NONE', *, *, #4942, .F. ) ;
#7048 = ORIENTED_EDGE ( 'NONE', *, *, #915, .T. ) ;
#7049 = CARTESIAN_POINT ( 'NONE',  ( -39.59033905356749727, 17.43627320682939086, -40.80041777998818020 ) ) ;
#7050 = VERTEX_POINT ( 'NONE', #1519 ) ;
#7051 = CARTESIAN_POINT ( 'NONE',  ( 24.03502327896735125, -27.16302068167513184, 22.92867496914798764 ) ) ;
#7052 = AXIS2_PLACEMENT_3D ( 'NONE', #1896, #9049, #4209 ) ;
#7053 = DIRECTION ( 'NONE',  ( 1.000000000000000000, 0.000000000000000000, 0.000000000000000000 ) ) ;
#7054 = VERTEX_POINT ( 'NONE', #7766 ) ;
#7055 = ADVANCED_FACE ( 'NONE', ( #558 ), #217, .F. ) ;
#7056 = CARTESIAN_POINT ( 'NONE',  ( 6.030438470952720564, 4.406785556417021077, 21.40359731999999937 ) ) ;
#7057 = DIRECTION ( 'NONE',  ( -1.000000000000000000, 0.000000000000000000, 0.000000000000000000 ) ) ;
#7058 = EDGE_CURVE ( 'NONE', #3501, #6322, #2566, .T. ) ;
#7059 = DIRECTION ( 'NONE',  ( 1.000000000000000000, 0.000000000000000000, 0.000000000000000000 ) ) ;
#7060 = ORIENTED_EDGE ( 'NONE', *, *, #7824, .F. ) ;
#7061 = CARTESIAN_POINT ( 'NONE',  ( 12.05349142309807497, 2.675851452833362565, 21.40359731999999937 ) ) ;
#7062 = CARTESIAN_POINT ( 'NONE',  ( -24.69849011171107378, -1.512152455818657204, -31.20041777998817878 ) ) ;
#7063 = ORIENTED_EDGE ( 'NONE', *, *, #721, .T. ) ;
#7064 = CARTESIAN_POINT ( 'NONE',  ( 23.43751106599492928, -27.14647061367536907, 23.14863171928459806 ) ) ;
#7065 = CYLINDRICAL_SURFACE ( 'NONE', #6369, 1.000000000000000888 ) ;
#7066 = LINE ( 'NONE', #706, #2497 ) ;
#7067 = DIRECTION ( 'NONE',  ( -0.000000000000000000, -0.000000000000000000, -1.000000000000000000 ) ) ;
#7068 = VERTEX_POINT ( 'NONE', #7028 ) ;
#7069 = CARTESIAN_POINT ( 'NONE',  ( 9.630438470952455532, -8.063214443583346380, 22.99999800000001215 ) ) ;
#7070 = EDGE_CURVE ( 'NONE', #117, #9093, #8659, .T. ) ;
#7071 = CARTESIAN_POINT ( 'NONE',  ( -8.479594318002169118, 20.69589606792181868, -53.65041577998819378 ) ) ;
#7072 = ADVANCED_FACE ( 'NONE', ( #4716 ), #3925, .F. ) ;
#7073 = AXIS2_PLACEMENT_3D ( 'NONE', #5424, #4427, #8638 ) ;
#7074 = ORIENTED_EDGE ( 'NONE', *, *, #7270, .T. ) ;
#7075 = DIRECTION ( 'NONE',  ( 1.000000000000000000, 0.000000000000000000, 0.000000000000000000 ) ) ;
#7076 = CARTESIAN_POINT ( 'NONE',  ( -5.750064449065496852, -16.40400139767222143, -36.80041777998817309 ) ) ;
#7077 = FACE_OUTER_BOUND ( 'NONE', #10020, .T. ) ;
#7078 = CARTESIAN_POINT ( 'NONE',  ( 6.030438470952720564, -1.512152455818667418, 18.40359731999999937 ) ) ;
#7079 = CARTESIAN_POINT ( 'NONE',  ( -24.69849011171107378, -1.512152455818657204, -32.80041777998817309 ) ) ;
#7080 = ORIENTED_EDGE ( 'NONE', *, *, #7602, .F. ) ;
#7081 = CIRCLE ( 'NONE', #3057, 27.50000000000000000 ) ;
#7082 = EDGE_CURVE ( 'NONE', #5478, #2667, #1569, .T. ) ;
#7083 = EDGE_CURVE ( 'NONE', #4109, #2842, #6599, .T. ) ;
#7084 = ORIENTED_EDGE ( 'NONE', *, *, #9619, .F. ) ;
#7085 = LINE ( 'NONE', #1312, #9349 ) ;
#7086 = DIRECTION ( 'NONE',  ( -0.000000000000000000, -0.000000000000000000, -1.000000000000000000 ) ) ;
#7087 = AXIS2_PLACEMENT_3D ( 'NONE', #10079, #8405, #560 ) ;
#7088 = ORIENTED_EDGE ( 'NONE', *, *, #10134, .F. ) ;
#7089 = CARTESIAN_POINT ( 'NONE',  ( 23.96225264516214892, 24.13719725321008625, 22.95020785844052114 ) ) ;
#7090 = LINE ( 'NONE', #5556, #3803 ) ;
#7091 = CARTESIAN_POINT ( 'NONE',  ( -24.69849011171107378, -1.512152455818657204, -32.80041777998817309 ) ) ;
#7092 = CARTESIAN_POINT ( 'NONE',  ( 7.630438470952453756, -8.063214443583346380, 22.99999800000001215 ) ) ;
#7093 = AXIS2_PLACEMENT_3D ( 'NONE', #10279, #10071, #10230 ) ;
#7094 = DIRECTION ( 'NONE',  ( 0.000000000000000000, 0.000000000000000000, 1.000000000000000000 ) ) ;
#7095 = VECTOR ( 'NONE', #2197, 1000.000000000000000 ) ;
#7096 = EDGE_LOOP ( 'NONE', ( #4455, #5404, #5192, #7849 ) ) ;
#7097 = CARTESIAN_POINT ( 'NONE',  ( 40.08049337622307462, 7.319848523146356811, 19.20359732000000008 ) ) ;
#7098 = EDGE_LOOP ( 'NONE', ( #5569, #7300, #5832, #4537 ) ) ;
#7099 = EDGE_LOOP ( 'NONE', ( #2423, #9345, #10329, #4704 ) ) ;
#7100 = CARTESIAN_POINT ( 'NONE',  ( 29.79477099867146705, 9.487847544181342130, 23.19999800000000079 ) ) ;
#7101 = VERTEX_POINT ( 'NONE', #4861 ) ;
#7102 = FACE_BOUND ( 'NONE', #5518, .T. ) ;
#7103 = FACE_OUTER_BOUND ( 'NONE', #6447, .T. ) ;
#7104 = ORIENTED_EDGE ( 'NONE', *, *, #3611, .T. ) ;
#7105 = AXIS2_PLACEMENT_3D ( 'NONE', #9705, #3347, #2502 ) ;
#7106 = CARTESIAN_POINT ( 'NONE',  ( -2.839499352916813546, 14.82985221065090897, -51.01343235694693590 ) ) ;
#7107 = DIRECTION ( 'NONE',  ( 0.000000000000000000, 0.000000000000000000, 1.000000000000000000 ) ) ;
#7108 = LINE ( 'NONE', #747, #2310 ) ;
#7109 = ORIENTED_EDGE ( 'NONE', *, *, #5313, .F. ) ;
#7110 = DIRECTION ( 'NONE',  ( -1.462890879734001004E-19, -3.738525562561796146E-35, 1.000000000000000000 ) ) ;
#7111 = DIRECTION ( 'NONE',  ( -1.577021341797097560E-16, -1.000000000000000000, 0.000000000000000000 ) ) ;
#7112 = EDGE_CURVE ( 'NONE', #1829, #5954, #32, .T. ) ;
#7113 = EDGE_LOOP ( 'NONE', ( #1314, #2192, #8960, #847 ) ) ;
#7114 = AXIS2_PLACEMENT_3D ( 'NONE', #5226, #2817, #4438 ) ;
#7115 = FACE_OUTER_BOUND ( 'NONE', #5881, .T. ) ;
#7116 = CARTESIAN_POINT ( 'NONE',  ( 11.23043847095200576, 4.406785556417013971, 18.40359731999999937 ) ) ;
#7117 = DIRECTION ( 'NONE',  ( -1.000000000000000000, 0.000000000000000000, 0.000000000000000000 ) ) ;
#7118 = EDGE_LOOP ( 'NONE', ( #9845, #6587, #1404, #7802 ) ) ;
#7119 = DIRECTION ( 'NONE',  ( 1.000000000000000000, 0.000000000000000000, 0.000000000000000000 ) ) ;
#7120 = ADVANCED_FACE ( 'NONE', ( #80 ), #237, .T. ) ;
#7121 = FACE_OUTER_BOUND ( 'NONE', #5215, .T. ) ;
#7122 = ORIENTED_EDGE ( 'NONE', *, *, #7579, .T. ) ;
#7123 = CARTESIAN_POINT ( 'NONE',  ( 37.89477099867146848, 9.487847544181342130, 23.19999800000000079 ) ) ;
#7124 = DIRECTION ( 'NONE',  ( -0.000000000000000000, -0.000000000000000000, 1.000000000000000000 ) ) ;
#7125 = CARTESIAN_POINT ( 'NONE',  ( -8.445250937093110366, 20.38441223251621182, -51.46243887852406118 ) ) ;
#7126 = DIRECTION ( 'NONE',  ( 0.000000000000000000, 0.000000000000000000, -1.000000000000000000 ) ) ;
#7127 = CARTESIAN_POINT ( 'NONE',  ( -24.69849011171107378, -1.512152455818657204, -40.80041777998818020 ) ) ;
#7128 = VERTEX_POINT ( 'NONE', #5596 ) ;
#7129 = VECTOR ( 'NONE', #4288, 1000.000000000000000 ) ;
#7130 = EDGE_CURVE ( 'NONE', #3529, #6842, #7957, .T. ) ;
#7131 = EDGE_CURVE ( 'NONE', #8538, #10339, #1236, .T. ) ;
#7132 = APPLICATION_PROTOCOL_DEFINITION ( 'draft international standard', 'automotive_design', 1998, #6807 ) ;
#7133 = AXIS2_PLACEMENT_3D ( 'NONE', #702, #8749, #5429 ) ;
#7134 = EDGE_LOOP ( 'NONE', ( #1056, #4215, #9294, #6462 ) ) ;
#7135 = LINE ( 'NONE', #515, #9026 ) ;
#7136 = DIRECTION ( 'NONE',  ( 0.000000000000000000, 0.000000000000000000, -1.000000000000000000 ) ) ;
#7137 = ORIENTED_EDGE ( 'NONE', *, *, #8079, .F. ) ;
#7138 = CARTESIAN_POINT ( 'NONE',  ( 25.64206605744741907, 24.13229496870639323, 23.01790236318688088 ) ) ;
#7139 = CYLINDRICAL_SURFACE ( 'NONE', #10208, 1.000000000000000888 ) ;
#7140 = CYLINDRICAL_SURFACE ( 'NONE', #3671, 24.09999999999566000 ) ;
#7141 = EDGE_CURVE ( 'NONE', #7184, #5414, #1821, .T. ) ;
#7142 = EDGE_CURVE ( 'NONE', #9942, #7906, #3919, .T. ) ;
#7143 = ORIENTED_EDGE ( 'NONE', *, *, #308, .T. ) ;
#7144 = DIRECTION ( 'NONE',  ( 1.000000000000000000, 1.774149009521734564E-15, 0.000000000000000000 ) ) ;
#7145 = CARTESIAN_POINT ( 'NONE',  ( 45.04477099867147416, 9.487847544181342130, 21.99999800000000150 ) ) ;
#7146 = EDGE_CURVE ( 'NONE', #10228, #2588, #9757, .T. ) ;
#7147 = EDGE_LOOP ( 'NONE', ( #4790, #8956, #8943, #1140 ) ) ;
#7148 = CARTESIAN_POINT ( 'NONE',  ( 21.62782457946374137, -4.620825445397462872, 11.22457852691048430 ) ) ;
#7149 = VERTEX_POINT ( 'NONE', #8861 ) ;
#7150 = ORIENTED_EDGE ( 'NONE', *, *, #2767, .F. ) ;
#7151 = AXIS2_PLACEMENT_3D ( 'NONE', #7843, #3842, #7046 ) ;
#7152 = EDGE_CURVE ( 'NONE', #6919, #848, #734, .T. ) ;
#7153 = ORIENTED_EDGE ( 'NONE', *, *, #10154, .T. ) ;
#7154 = DIRECTION ( 'NONE',  ( 0.000000000000000000, 0.000000000000000000, 1.000000000000000000 ) ) ;
#7155 = ADVANCED_FACE ( 'NONE', ( #8232 ), #5755, .F. ) ;
#7156 = EDGE_LOOP ( 'NONE', ( #3784, #163, #6119, #3110 ) ) ;
#7157 = CIRCLE ( 'NONE', #5297, 1.000000000000000888 ) ;
#7158 = CARTESIAN_POINT ( 'NONE',  ( -2.877836916023441827, 14.88631175900486525, -50.99811058039967548 ) ) ;
#7159 = DIRECTION ( 'NONE',  ( 0.7027442638224199456, -0.7114425483935332695, 0.000000000000000000 ) ) ;
#7160 = AXIS2_PLACEMENT_3D ( 'NONE', #2043, #9504, #3883 ) ;
#7161 = AXIS2_PLACEMENT_3D ( 'NONE', #4996, #7530, #9786 ) ;
#7162 = DIRECTION ( 'NONE',  ( 0.000000000000000000, 0.000000000000000000, 1.000000000000000000 ) ) ;
#7163 = ORIENTED_EDGE ( 'NONE', *, *, #8081, .T. ) ;
#7164 = CARTESIAN_POINT ( 'NONE',  ( 24.69852680808911671, 0.5713424239320056275, 3.496201133462653043 ) ) ;
#7165 = DIRECTION ( 'NONE',  ( 1.000000000000000000, 2.710505431214378369E-16, -0.000000000000000000 ) ) ;
#7166 = ORIENTED_EDGE ( 'NONE', *, *, #5636, .T. ) ;
#7167 = CARTESIAN_POINT ( 'NONE',  ( -5.695875079598373247, 16.08644470251542558, -40.80041777998818020 ) ) ;
#7168 = AXIS2_PLACEMENT_3D ( 'NONE', #3019, #4742, #8790 ) ;
#7169 = CARTESIAN_POINT ( 'NONE',  ( 47.46537903020566063, 0.5709414337380126492, 8.999997999999999720 ) ) ;
#7170 = AXIS2_PLACEMENT_3D ( 'NONE', #5604, #8872, #9713 ) ;
#7171 = PLANE ( 'NONE',  #8108 ) ;
#7172 = ORIENTED_EDGE ( 'NONE', *, *, #1469, .F. ) ;
#7173 = DIRECTION ( 'NONE',  ( 0.000000000000000000, 0.000000000000000000, -1.000000000000000000 ) ) ;
#7174 = VECTOR ( 'NONE', #2367, 1000.000000000000000 ) ;
#7175 = DIRECTION ( 'NONE',  ( -0.000000000000000000, -0.000000000000000000, -1.000000000000000000 ) ) ;
#7176 = DIRECTION ( 'NONE',  ( 1.000000000000000000, 0.000000000000000000, 0.000000000000000000 ) ) ;
#7177 = EDGE_CURVE ( 'NONE', #1100, #6567, #3749, .T. ) ;
#7178 = AXIS2_PLACEMENT_3D ( 'NONE', #1440, #10321, #7860 ) ;
#7179 = DIRECTION ( 'NONE',  ( 0.000000000000000000, 0.000000000000000000, -1.000000000000000000 ) ) ;
#7180 = DIRECTION ( 'NONE',  ( -0.000000000000000000, -0.000000000000000000, 1.000000000000000000 ) ) ;
#7181 = CARTESIAN_POINT ( 'NONE',  ( -8.204464519235965980, 20.49233817913592759, -50.93841139614875857 ) ) ;
#7182 = LINE ( 'NONE', #10390, #2659 ) ;
#7183 = CARTESIAN_POINT ( 'NONE',  ( 2.581661969033902437, -2.879058568955646269, 3.496201133462653043 ) ) ;
#7184 = VERTEX_POINT ( 'NONE', #6443 ) ;
#7185 = AXIS2_PLACEMENT_3D ( 'NONE', #1651, #3073, #7217 ) ;
#7186 = EDGE_CURVE ( 'NONE', #7774, #5894, #188, .T. ) ;
#7187 = AXIS2_PLACEMENT_3D ( 'NONE', #4760, #4601, #6442 ) ;
#7188 = EDGE_CURVE ( 'NONE', #9369, #2788, #8181, .T. ) ;
#7189 = ORIENTED_EDGE ( 'NONE', *, *, #9139, .F. ) ;
#7190 = DIRECTION ( 'NONE',  ( 0.000000000000000000, 0.000000000000000000, 1.000000000000000000 ) ) ;
#7191 = DIRECTION ( 'NONE',  ( -1.000000000000000000, 0.000000000000000000, 0.000000000000000000 ) ) ;
#7192 = ORIENTED_EDGE ( 'NONE', *, *, #4741, .T. ) ;
#7193 = CARTESIAN_POINT ( 'NONE',  ( 24.63831100644741312, 24.14448067165144352, 22.84242331369677004 ) ) ;
#7194 = CARTESIAN_POINT ( 'NONE',  ( 24.69849011171107378, -1.512152455818657204, 22.99999799999998018 ) ) ;
#7195 = DIRECTION ( 'NONE',  ( -0.000000000000000000, -0.000000000000000000, -1.000000000000000000 ) ) ;
#7196 = AXIS2_PLACEMENT_3D ( 'NONE', #9540, #2343, #1554 ) ;
#7197 = DIRECTION ( 'NONE',  ( -1.000000000000000000, 0.000000000000000000, 0.000000000000000000 ) ) ;
#7198 = DIRECTION ( 'NONE',  ( 1.462890879734001726E-19, 1.610801296603465303E-20, -1.000000000000000000 ) ) ;
#7199 = CIRCLE ( 'NONE', #323, 1.520000000000000462 ) ;
#7200 = AXIS2_PLACEMENT_3D ( 'NONE', #6233, #10239, #4713 ) ;
#7201 = ADVANCED_FACE ( 'NONE', ( #4233 ), #980, .F. ) ;
#7202 = ORIENTED_EDGE ( 'NONE', *, *, #8093, .T. ) ;
#7203 = LINE ( 'NONE', #6, #10358 ) ;
#7204 = VERTEX_POINT ( 'NONE', #4183 ) ;
#7205 = ORIENTED_EDGE ( 'NONE', *, *, #3018, .T. ) ;
#7206 = VERTEX_POINT ( 'NONE', #7393 ) ;
#7207 = CYLINDRICAL_SURFACE ( 'NONE', #8224, 25.74999999999999289 ) ;
#7208 = EDGE_LOOP ( 'NONE', ( #2523, #660, #327, #2949 ) ) ;
#7209 = APPLICATION_CONTEXT ( 'automotive_design' ) ;
#7210 = VECTOR ( 'NONE', #2601, 1000.000000000000000 ) ;
#7211 = CARTESIAN_POINT ( 'NONE',  ( -24.69849011171107378, -1.512152455818657204, -32.80041777998817309 ) ) ;
#7212 = CARTESIAN_POINT ( 'NONE',  ( 26.14477099867147203, -12.51215245581865609, 22.99999800000001215 ) ) ;
#7213 = EDGE_CURVE ( 'NONE', #6177, #10365, #4913, .T. ) ;
#7214 = DIRECTION ( 'NONE',  ( 0.000000000000000000, 0.000000000000000000, -1.000000000000000000 ) ) ;
#7215 = AXIS2_PLACEMENT_3D ( 'NONE', #5212, #5257, #6153 ) ;
#7216 = VERTEX_POINT ( 'NONE', #925 ) ;
#7217 = DIRECTION ( 'NONE',  ( 1.000000000000000000, 0.000000000000000000, -0.000000000000000000 ) ) ;
#7218 = FACE_OUTER_BOUND ( 'NONE', #6164, .T. ) ;
#7219 = VERTEX_POINT ( 'NONE', #7230 ) ;
#7220 = CARTESIAN_POINT ( 'NONE',  ( 14.85349142309807391, -1.524148547166637835, 21.40359731999999937 ) ) ;
#7221 = CARTESIAN_POINT ( 'NONE',  ( 44.29477099867147416, -12.51215245581865609, 21.99999800000000150 ) ) ;
#7222 = DIRECTION ( 'NONE',  ( 0.9999999998448216854, -1.761694111969794543E-05, 0.000000000000000000 ) ) ;
#7223 = ORIENTED_EDGE ( 'NONE', *, *, #5837, .F. ) ;
#7224 = DIRECTION ( 'NONE',  ( -1.000000000000000000, 0.000000000000000000, 0.000000000000000000 ) ) ;
#7225 = CARTESIAN_POINT ( 'NONE',  ( 24.60602863882105495, 24.14452174756371150, 22.84175824638550267 ) ) ;
#7226 = CARTESIAN_POINT ( 'NONE',  ( -24.69849011171107378, -1.512152455818657204, -40.80041777998818020 ) ) ;
#7227 = CARTESIAN_POINT ( 'NONE',  ( -43.64691577435821301, -16.40400139767622889, -32.80041777998817309 ) ) ;
#7228 = CARTESIAN_POINT ( 'NONE',  ( -8.080149198326274984, 20.13813895853147784, -51.01031798995759203 ) ) ;
#7229 = DIRECTION ( 'NONE',  ( 0.000000000000000000, 0.000000000000000000, 1.000000000000000000 ) ) ;
#7230 = CARTESIAN_POINT ( 'NONE',  ( -2.292613226071086530, 14.43233502373187704, -53.65041577998819378 ) ) ;
#7231 = VERTEX_POINT ( 'NONE', #8441 ) ;
#7232 = ORIENTED_EDGE ( 'NONE', *, *, #267, .F. ) ;
#7233 = ORIENTED_EDGE ( 'NONE', *, *, #8851, .F. ) ;
#7234 = CARTESIAN_POINT ( 'NONE',  ( 41.59477099867147132, 9.487847544181342130, 22.99999800000001215 ) ) ;
#7235 = CARTESIAN_POINT ( 'NONE',  ( 9.630438470952455532, -3.563214443583345492, 22.99999800000001215 ) ) ;
#7236 = ORIENTED_EDGE ( 'NONE', *, *, #4431, .F. ) ;
#7237 = CARTESIAN_POINT ( 'NONE',  ( 23.43880830521869285, 24.12221575483648195, 23.14801948738535131 ) ) ;
#7238 = CARTESIAN_POINT ( 'NONE',  ( 21.66549410864507053, -3.167150744431641129, 19.20359732000000008 ) ) ;
#7239 = CARTESIAN_POINT ( 'NONE',  ( -24.69849011171107378, -1.512152455818657204, -40.80041777998818020 ) ) ;
#7240 = CIRCLE ( 'NONE', #6067, 1.000000000000000888 ) ;
#7241 = EDGE_CURVE ( 'NONE', #3605, #7713, #8587, .T. ) ;
#7242 = LINE ( 'NONE', #10403, #5063 ) ;
#7243 = DIRECTION ( 'NONE',  ( -0.000000000000000000, -0.000000000000000000, 1.000000000000000000 ) ) ;
#7244 = VECTOR ( 'NONE', #4039, 1000.000000000000000 ) ;
#7245 = EDGE_LOOP ( 'NONE', ( #1568, #211, #6152, #9828 ) ) ;
#7246 = CARTESIAN_POINT ( 'NONE',  ( 26.14477099867147203, 9.487847544181342130, 21.99999800000000150 ) ) ;
#7247 = ORIENTED_EDGE ( 'NONE', *, *, #6552, .T. ) ;
#7248 = ORIENTED_EDGE ( 'NONE', *, *, #4812, .F. ) ;
#7249 = ORIENTED_EDGE ( 'NONE', *, *, #1295, .T. ) ;
#7250 = CARTESIAN_POINT ( 'NONE',  ( 18.04445771906733853, -6.724021125491290718, 21.40359731999999937 ) ) ;
#7251 = ORIENTED_EDGE ( 'NONE', *, *, #9226, .T. ) ;
#7252 = VECTOR ( 'NONE', #5769, 1000.000000000000000 ) ;
#7254 = MANIFOLD_SOLID_BREP ( '倒角6', #1894 ) ;
#7253 = EDGE_CURVE ( 'NONE', #8030, #3621, #8488, .T. ) ;
#7255 = EDGE_CURVE ( 'NONE', #9048, #5414, #401, .T. ) ;
#7256 = CARTESIAN_POINT ( 'NONE',  ( 10.23043847095199688, 3.406785556417013527, 31.63375372154084175 ) ) ;
#7257 = CARTESIAN_POINT ( 'NONE',  ( 7.630438470952408458, 0.8867855564166542415, 22.99999800000001215 ) ) ;
#7258 = CIRCLE ( 'NONE', #9111, 24.09999999999566000 ) ;
#7259 = PLANE ( 'NONE',  #5474 ) ;
#7260 = ORIENTED_EDGE ( 'NONE', *, *, #1241, .F. ) ;
#7261 = DIRECTION ( 'NONE',  ( -0.000000000000000000, -0.000000000000000000, 1.000000000000000000 ) ) ;
#7262 = DIRECTION ( 'NONE',  ( 1.000000000000000000, 0.000000000000000000, 0.000000000000000000 ) ) ;
#7263 = VERTEX_POINT ( 'NONE', #3599 ) ;
#7264 = DIRECTION ( 'NONE',  ( 0.7114425483935333805, 0.7027442638224198346, 0.000000000000000000 ) ) ;
#7265 = FACE_OUTER_BOUND ( 'NONE', #8922, .T. ) ;
#7266 = CARTESIAN_POINT ( 'NONE',  ( 34.99477099867146990, -12.51215245581865609, 22.99999800000001215 ) ) ;
#7267 = EDGE_LOOP ( 'NONE', ( #6289, #9739, #1359, #2405 ) ) ;
#7268 = AXIS2_PLACEMENT_3D ( 'NONE', #2877, #7506, #3507 ) ;
#7269 = EDGE_CURVE ( 'NONE', #8800, #1870, #9625, .T. ) ;
#7270 = EDGE_CURVE ( 'NONE', #6631, #2587, #2922, .T. ) ;
#7271 = LINE ( 'NONE', #8071, #696 ) ;
#7272 = CARTESIAN_POINT ( 'NONE',  ( 42.34477099867147132, -12.51215245581865609, 21.99999800000000150 ) ) ;
#7273 = AXIS2_PLACEMENT_3D ( 'NONE', #10115, #6118, #9326 ) ;
#7274 = CARTESIAN_POINT ( 'NONE',  ( -8.157844328382148902, 20.19180022623528004, -54.19744003045308745 ) ) ;
#7275 = CARTESIAN_POINT ( 'NONE',  ( 44.85549337622308030, 11.47584852314635206, 18.40359731999999937 ) ) ;
#7276 = DIRECTION ( 'NONE',  ( 0.000000000000000000, -1.000000000000000000, 0.000000000000000000 ) ) ;
#7277 = CARTESIAN_POINT ( 'NONE',  ( -8.318002440421802035, 20.30026201454099066, -51.17880222087192976 ) ) ;
#7278 = CARTESIAN_POINT ( 'NONE',  ( -2.295715044056039211, 14.43669298886626962, -53.74279376739276159 ) ) ;
#7279 = DIRECTION ( 'NONE',  ( 0.000000000000000000, 0.000000000000000000, -1.000000000000000000 ) ) ;
#7280 = EDGE_CURVE ( 'NONE', #7981, #22, #4592, .T. ) ;
#7281 = ORIENTED_EDGE ( 'NONE', *, *, #5757, .T. ) ;
#7282 = CIRCLE ( 'NONE', #1893, 0.7500000000000006661 ) ;
#7283 = EDGE_LOOP ( 'NONE', ( #7205, #158, #8521, #2561 ) ) ;
#7284 = ORIENTED_EDGE ( 'NONE', *, *, #9187, .F. ) ;
#7285 = VECTOR ( 'NONE', #8603, 1000.000000000000114 ) ;
#7286 = DIRECTION ( 'NONE',  ( 1.000000000000000000, 0.000000000000000000, 0.000000000000000000 ) ) ;
#7287 = CARTESIAN_POINT ( 'NONE',  ( 18.02849441382007356, 2.675851452833362565, 18.40359731999999937 ) ) ;
#7288 = ORIENTED_EDGE ( 'NONE', *, *, #8093, .F. ) ;
#7289 = CARTESIAN_POINT ( 'NONE',  ( 25.67801772180370179, 24.21921524245772872, 22.92456902985438916 ) ) ;
#7290 = DIRECTION ( 'NONE',  ( 0.7071067811865414665, -2.230244969721252469E-16, -0.7071067811865536790 ) ) ;
#7291 = DIRECTION ( 'NONE',  ( 1.000000000000000000, 0.000000000000000000, 0.000000000000000000 ) ) ;
#7292 = DIRECTION ( 'NONE',  ( 0.6585046078685135029, 0.000000000000000000, 0.7525766947068819324 ) ) ;
#7293 = CIRCLE ( 'NONE', #5278, 24.09999999999935838 ) ;
#7294 = CARTESIAN_POINT ( 'NONE',  ( -7.951688768616168801, 20.04787177364163142, -54.25041577998818099 ) ) ;
#7295 = CARTESIAN_POINT ( 'NONE',  ( 33.29477099867148127, -12.51215245581865609, 23.19999800000000079 ) ) ;
#7296 = ADVANCED_FACE ( 'NONE', ( #10328 ), #7970, .F. ) ;
#7297 = EDGE_LOOP ( 'NONE', ( #5291, #5578, #4223, #3885 ) ) ;
#7298 = CARTESIAN_POINT ( 'NONE',  ( 47.46531825115938119, -2.879058568955486841, 18.40359731999999937 ) ) ;
#7299 = VERTEX_POINT ( 'NONE', #548 ) ;
#7300 = ORIENTED_EDGE ( 'NONE', *, *, #1185, .F. ) ;
#7301 = DIRECTION ( 'NONE',  ( 0.000000000000000000, 0.000000000000000000, -1.000000000000000000 ) ) ;
#7302 = CONICAL_SURFACE ( 'NONE', #2942, 2.649999999999992806, 0.7853981633974699283 ) ;
#7303 = EDGE_LOOP ( 'NONE', ( #5141, #6823, #8066, #9235 ) ) ;
#7304 = DIRECTION ( 'NONE',  ( -1.000000000000000000, 0.000000000000000000, 0.000000000000000000 ) ) ;
#7305 = ORIENTED_EDGE ( 'NONE', *, *, #6039, .T. ) ;
#7306 = DIRECTION ( 'NONE',  ( 0.000000000000000000, 1.000000000000000000, 0.000000000000000000 ) ) ;
#7307 = FACE_OUTER_BOUND ( 'NONE', #4169, .T. ) ;
#7308 = CARTESIAN_POINT ( 'NONE',  ( 30.79477099867147061, 9.487847544181342130, 22.99999800000001215 ) ) ;
#7309 = ORIENTED_EDGE ( 'NONE', *, *, #8029, .T. ) ;
#7310 = ADVANCED_FACE ( 'NONE', ( #6330 ), #6954, .F. ) ;
#7311 = ORIENTED_EDGE ( 'NONE', *, *, #6428, .T. ) ;
#7312 = EDGE_CURVE ( 'NONE', #5559, #6991, #7918, .T. ) ;
#7314 = ADVANCED_FACE ( 'NONE', ( #8649 ), #5537, .F. ) ;
#7313 = LINE ( 'NONE', #115, #7689 ) ;
#7315 = VECTOR ( 'NONE', #6563, 1000.000000000000000 ) ;
#7316 = CARTESIAN_POINT ( 'NONE',  ( 8.882623226170037967, 7.206785556416294369, 21.40359731999999937 ) ) ;
#7317 = EDGE_LOOP ( 'NONE', ( #8057, #405, #9094, #6649 ) ) ;
#7318 = FACE_OUTER_BOUND ( 'NONE', #4794, .T. ) ;
#7319 = CARTESIAN_POINT ( 'NONE',  ( 26.14477099867147203, -12.51215245581865609, 21.99999800000000150 ) ) ;
#7320 = DIRECTION ( 'NONE',  ( -3.154042683594195121E-16, -1.000000000000000000, 0.000000000000000000 ) ) ;
#7321 = VERTEX_POINT ( 'NONE', #3078 ) ;
#7322 = AXIS2_PLACEMENT_3D ( 'NONE', #8061, #8898, #1699 ) ;
#7323 = CARTESIAN_POINT ( 'NONE',  ( 40.08049337622308173, 12.47584852314636095, 19.20359732000000008 ) ) ;
#7324 = CARTESIAN_POINT ( 'NONE',  ( -2.638442740918407914, 14.52493869297949303, -51.28580284932591127 ) ) ;
#7325 = VECTOR ( 'NONE', #9838, 1000.000000000000114 ) ;
#7326 = FACE_OUTER_BOUND ( 'NONE', #8489, .T. ) ;
#7327 = AXIS2_PLACEMENT_3D ( 'NONE', #7194, #3202, #10350 ) ;
#7328 = EDGE_CURVE ( 'NONE', #4345, #1261, #6172, .T. ) ;
#7329 = CIRCLE ( 'NONE', #2461, 0.7499999999999937828 ) ;
#7330 = DIRECTION ( 'NONE',  ( 0.000000000000000000, 0.000000000000000000, -1.000000000000000000 ) ) ;
#7331 = CARTESIAN_POINT ( 'NONE',  ( 26.12629286798438599, -27.22260973268880591, 23.11156075470227833 ) ) ;
#7332 = CARTESIAN_POINT ( 'NONE',  ( -8.360310462373556462, 20.32843651718717481, -51.23906265738136057 ) ) ;
#7333 = CARTESIAN_POINT ( 'NONE',  ( -2.596114216642959160, 14.45866406776987567, -53.67033288696185878 ) ) ;
#7334 = DIRECTION ( 'NONE',  ( -0.000000000000000000, -0.000000000000000000, -1.000000000000000000 ) ) ;
#7335 = ORIENTED_EDGE ( 'NONE', *, *, #6092, .F. ) ;
#7336 = AXIS2_PLACEMENT_3D ( 'NONE', #6094, #9254, #8515 ) ;
#7337 = EDGE_CURVE ( 'NONE', #4990, #2726, #1412, .T. ) ;
#7338 = EDGE_CURVE ( 'NONE', #9667, #5353, #2582, .T. ) ;
#7339 = CIRCLE ( 'NONE', #4474, 1.000000000000000888 ) ;
#7340 = CIRCLE ( 'NONE', #285, 1.499999999999999556 ) ;
#7341 = AXIS2_PLACEMENT_3D ( 'NONE', #6716, #2679, #1937 ) ;
#7342 = ORIENTED_EDGE ( 'NONE', *, *, #5736, .T. ) ;
#7343 = EDGE_CURVE ( 'NONE', #5865, #9774, #6437, .T. ) ;
#7344 = VERTEX_POINT ( 'NONE', #2127 ) ;
#7345 = LINE ( 'NONE', #1573, #5822 ) ;
#7346 = DIRECTION ( 'NONE',  ( 1.000000000000000000, 0.000000000000000000, 0.000000000000000000 ) ) ;
#7347 = ORIENTED_EDGE ( 'NONE', *, *, #9365, .F. ) ;
#7348 = DIRECTION ( 'NONE',  ( 0.7071067811865526798, 0.000000000000000000, 0.7071067811865424657 ) ) ;
#7349 = VECTOR ( 'NONE', #9259, 1000.000000000000000 ) ;
#7350 = CARTESIAN_POINT ( 'NONE',  ( 18.02849441382007356, -5.724148547166639567, 18.40359731999999937 ) ) ;
#7351 = DIRECTION ( 'NONE',  ( -1.000000000000000000, 0.000000000000000000, 0.000000000000000000 ) ) ;
#7352 = LINE ( 'NONE', #6561, #7939 ) ;
#7353 = CIRCLE ( 'NONE', #6848, 24.09999999999566000 ) ;
#7354 = DIRECTION ( 'NONE',  ( -1.000000000000000000, 0.000000000000000000, 0.000000000000000000 ) ) ;
#7355 = DIRECTION ( 'NONE',  ( -1.000000000000000000, 0.000000000000000000, 0.000000000000000000 ) ) ;
#7356 = CIRCLE ( 'NONE', #7327, 25.74999999999999645 ) ;
#7357 = ORIENTED_EDGE ( 'NONE', *, *, #6429, .T. ) ;
#7358 = ADVANCED_FACE ( 'NONE', ( #10167 ), #1448, .T. ) ;
#7359 = DIRECTION ( 'NONE',  ( -0.000000000000000000, -0.000000000000000000, 1.000000000000000000 ) ) ;
#7360 = VERTEX_POINT ( 'NONE', #3806 ) ;
#7361 = VECTOR ( 'NONE', #277, 1000.000000000000000 ) ;
#7362 = ORIENTED_EDGE ( 'NONE', *, *, #6979, .F. ) ;
#7363 = DIRECTION ( 'NONE',  ( -1.000000000000000000, 0.000000000000000000, -0.000000000000000000 ) ) ;
#7364 = VERTEX_POINT ( 'NONE', #10227 ) ;
#7365 = CYLINDRICAL_SURFACE ( 'NONE', #9404, 0.6499999967711291848 ) ;
#7366 = ORIENTED_EDGE ( 'NONE', *, *, #463, .F. ) ;
#7367 = CARTESIAN_POINT ( 'NONE',  ( -2.710689104715147568, 15.00412151741896416, -50.79683992805343706 ) ) ;
#7368 = AXIS2_PLACEMENT_3D ( 'NONE', #4775, #1528, #779 ) ;
#7369 = CIRCLE ( 'NONE', #7200, 3.000000000000002665 ) ;
#7370 = LINE ( 'NONE', #4371, #7325 ) ;
#7371 = FACE_OUTER_BOUND ( 'NONE', #1287, .T. ) ;
#7372 = ORIENTED_EDGE ( 'NONE', *, *, #4753, .T. ) ;
#7373 = ORIENTED_EDGE ( 'NONE', *, *, #5968, .F. ) ;
#7374 = DIRECTION ( 'NONE',  ( 0.000000000000000000, 0.000000000000000000, -1.000000000000000000 ) ) ;
#7375 = DIRECTION ( 'NONE',  ( 1.462890879734001726E-19, 1.610801296603465303E-20, -1.000000000000000000 ) ) ;
#7376 = VERTEX_POINT ( 'NONE', #7869 ) ;
#7377 = VECTOR ( 'NONE', #5405, 1000.000000000000000 ) ;
#7378 = CARTESIAN_POINT ( 'NONE',  ( -8.295247332445573107, 20.28502426380920554, -51.15211452801375458 ) ) ;
#7379 = AXIS2_PLACEMENT_3D ( 'NONE', #2967, #8486, #1289 ) ;
#7380 = PLANE ( 'NONE',  #8202 ) ;
#7381 = DIRECTION ( 'NONE',  ( 1.000000000000000000, 0.000000000000000000, 0.000000000000000000 ) ) ;
#7382 = ORIENTED_EDGE ( 'NONE', *, *, #10139, .F. ) ;
#7383 = CARTESIAN_POINT ( 'NONE',  ( -28.50470442265394766, 21.53784716418013545, -40.80041777998818020 ) ) ;
#7384 = ADVANCED_FACE ( 'NONE', ( #9380 ), #5382, .F. ) ;
#7385 = CARTESIAN_POINT ( 'NONE',  ( 24.50885238956131218, 24.14416264616921737, 22.84743321630982393 ) ) ;
#7386 = CIRCLE ( 'NONE', #9735, 27.49999999999999645 ) ;
#7387 = CARTESIAN_POINT ( 'NONE',  ( -8.282487315258599381, 20.27645781128591196, -54.10239266347437592 ) ) ;
#7388 = DIRECTION ( 'NONE',  ( 0.000000000000000000, 0.000000000000000000, 1.000000000000000000 ) ) ;
#7389 = LINE ( 'NONE', #870, #3265 ) ;
#7390 = EDGE_CURVE ( 'NONE', #3789, #4821, #6773, .T. ) ;
#7391 = CARTESIAN_POINT ( 'NONE',  ( -8.242851125669918844, 20.24972593684091038, -51.10141249210860082 ) ) ;
#7392 = CARTESIAN_POINT ( 'NONE',  ( -2.296681050428408088, 14.43804988692074787, -53.75589476781245679 ) ) ;
#7393 = CARTESIAN_POINT ( 'NONE',  ( 7.430438470952462460, -3.563214443583345492, 23.19999800000000079 ) ) ;
#7394 = VERTEX_POINT ( 'NONE', #2184 ) ;
#7395 = EDGE_CURVE ( 'NONE', #8601, #4486, #3589, .T. ) ;
#7396 = ADVANCED_FACE ( 'NONE', ( #1345 ), #4253, .F. ) ;
#7397 = ORIENTED_EDGE ( 'NONE', *, *, #665, .F. ) ;
#7398 = EDGE_LOOP ( 'NONE', ( #5830, #7561, #1313, #4835 ) ) ;
#7399 = CARTESIAN_POINT ( 'NONE',  ( -1.011038904139088812, -3.529110395338654005, 18.40359731999999937 ) ) ;
#7400 = CARTESIAN_POINT ( 'NONE',  ( 43.85549337622306609, 6.319848523146355923, 18.40359731999999937 ) ) ;
#7401 = ORIENTED_EDGE ( 'NONE', *, *, #4187, .F. ) ;
#7402 = CARTESIAN_POINT ( 'NONE',  ( 20.86549410864508403, 1.426849255568359842, 19.20359732000000008 ) ) ;
#7403 = CARTESIAN_POINT ( 'NONE',  ( 9.630438470952361385, 5.206785556416654082, 22.99999800000001215 ) ) ;
#7404 = DIRECTION ( 'NONE',  ( -1.000000000000000000, 0.000000000000000000, 0.000000000000000000 ) ) ;
#7405 = ADVANCED_FACE ( 'NONE', ( #3913 ), #1745, .T. ) ;
#7406 = EDGE_CURVE ( 'NONE', #7609, #8258, #2489, .T. ) ;
#7407 = CARTESIAN_POINT ( 'NONE',  ( 32.20649282690607151, 7.065850720411353869, 19.20359732000000008 ) ) ;
#7408 = CARTESIAN_POINT ( 'NONE',  ( 33.49477099867146990, -1.512152455818657204, 21.99999800000000150 ) ) ;
#7409 = EDGE_LOOP ( 'NONE', ( #8307, #7726, #3385, #49 ) ) ;
#7410 = CARTESIAN_POINT ( 'NONE',  ( 26.21849011171107335, -24.56215207581864135, 21.59999799999998160 ) ) ;
#7411 = ORIENTED_EDGE ( 'NONE', *, *, #4677, .T. ) ;
#7412 = AXIS2_PLACEMENT_3D ( 'NONE', #3538, #6741, #6108 ) ;
#7413 = VERTEX_POINT ( 'NONE', #4116 ) ;
#7414 = LINE ( 'NONE', #210, #1986 ) ;
#7415 = EDGE_LOOP ( 'NONE', ( #3379, #9398, #4135, #2233 ) ) ;
#7416 = CARTESIAN_POINT ( 'NONE',  ( 47.46531825115938119, -2.879058568955486841, 3.496201133462653043 ) ) ;
#7417 = ORIENTED_EDGE ( 'NONE', *, *, #7241, .T. ) ;
#7418 = CARTESIAN_POINT ( 'NONE',  ( -2.611987004387321232, 14.48357944649852413, -51.40623772828551097 ) ) ;
#7419 = AXIS2_PLACEMENT_3D ( 'NONE', #7907, #852, #12 ) ;
#7420 = CARTESIAN_POINT ( 'NONE',  ( 11.23043847095200576, 7.323764546165906886, 21.40359731999999937 ) ) ;
#7421 = PLANE ( 'NONE',  #1952 ) ;
#7422 = VERTEX_POINT ( 'NONE', #3227 ) ;
#7423 = ORIENTED_EDGE ( 'NONE', *, *, #9464, .F. ) ;
#7424 = FACE_OUTER_BOUND ( 'NONE', #2325, .T. ) ;
#7425 = ORIENTED_EDGE ( 'NONE', *, *, #8763, .T. ) ;
#7426 = CARTESIAN_POINT ( 'NONE',  ( -8.070057765705305641, 20.13110961667072729, -51.00747767396939025 ) ) ;
#7427 = VECTOR ( 'NONE', #6816, 1000.000000000000000 ) ;
#7428 = CARTESIAN_POINT ( 'NONE',  ( 6.030438470952718788, 1.686785556416287024, 18.40359731999999937 ) ) ;
#7429 = FACE_OUTER_BOUND ( 'NONE', #2668, .T. ) ;
#7430 = ORIENTED_EDGE ( 'NONE', *, *, #7822, .T. ) ;
#7431 = FACE_OUTER_BOUND ( 'NONE', #8009, .T. ) ;
#7432 = CARTESIAN_POINT ( 'NONE',  ( 10.21351569204423448, 19.77746980625064666, 96.03199646221435160 ) ) ;
#7433 = EDGE_CURVE ( 'NONE', #7736, #5705, #404, .T. ) ;
#7434 = CARTESIAN_POINT ( 'NONE',  ( -8.236701927864046979, 20.24555491268436924, -54.14424008394522048 ) ) ;
#7435 = VECTOR ( 'NONE', #8876, 1000.000000000000000 ) ;
#7436 = DIRECTION ( 'NONE',  ( 1.000000000000000000, 0.000000000000000000, 0.000000000000000000 ) ) ;
#7437 = CARTESIAN_POINT ( 'NONE',  ( 25.60974996555293970, -27.24602835882817331, 22.90143119829593132 ) ) ;
#7438 = CARTESIAN_POINT ( 'NONE',  ( -7.850121809789937899, 20.22222585684058416, -50.79041649553350624 ) ) ;
#7439 = ADVANCED_FACE ( 'NONE', ( #809 ), #8907, .F. ) ;
#7440 = CARTESIAN_POINT ( 'NONE',  ( -2.646488539169868925, 14.53738442583779467, -53.96889717366064332 ) ) ;
#7441 = CARTESIAN_POINT ( 'NONE',  ( -8.399679074061729978, -17.81096349346800878, -49.28569915422676218 ) ) ;
#7442 = EDGE_LOOP ( 'NONE', ( #353, #10392, #5970, #8103 ) ) ;
#7443 = AXIS2_PLACEMENT_3D ( 'NONE', #6400, #2206, #679 ) ;
#7444 = VECTOR ( 'NONE', #1615, 1000.000000000000000 ) ;
#7445 = ORIENTED_EDGE ( 'NONE', *, *, #588, .F. ) ;
#7446 = ORIENTED_EDGE ( 'NONE', *, *, #3579, .F. ) ;
#7447 = DIRECTION ( 'NONE',  ( 1.000000000000000000, 0.000000000000000000, -0.000000000000000000 ) ) ;
#7448 = DIRECTION ( 'NONE',  ( 0.7071067811865597852, 0.000000000000000000, 0.7071067811865352493 ) ) ;
#7449 = CARTESIAN_POINT ( 'NONE',  ( 12.06945472834534883, -6.819414077215271597, 21.40359731999999937 ) ) ;
#7451 = EDGE_CURVE ( 'NONE', #3631, #4199, #5575, .T. ) ;
#7450 = MANIFOLD_SOLID_BREP ( '倒角3', #6421 ) ;
#7452 = VERTEX_POINT ( 'NONE', #7266 ) ;
#7453 = LINE ( 'NONE', #7505, #1512 ) ;
#7454 = DIRECTION ( 'NONE',  ( 1.000000000000000000, 0.000000000000000000, 0.000000000000000000 ) ) ;
#7455 = EDGE_CURVE ( 'NONE', #10163, #2056, #4902, .T. ) ;
#7456 = VECTOR ( 'NONE', #5486, 1000.000000000000000 ) ;
#7457 = CARTESIAN_POINT ( 'NONE',  ( -24.69849011171107378, -1.512152455818657204, -54.25041577998818099 ) ) ;
#7458 = VERTEX_POINT ( 'NONE', #913 ) ;
#7459 = DIRECTION ( 'NONE',  ( -1.000000000000000000, 0.000000000000000000, 0.000000000000000000 ) ) ;
#7460 = DIRECTION ( 'NONE',  ( 1.000000000000000000, 0.000000000000000000, 0.000000000000000000 ) ) ;
#7461 = VECTOR ( 'NONE', #7977, 1000.000000000000000 ) ;
#7462 = ORIENTED_EDGE ( 'NONE', *, *, #6106, .F. ) ;
#7463 = DIRECTION ( 'NONE',  ( 1.000000000000000000, 0.000000000000000000, 0.000000000000000000 ) ) ;
#7464 = ORIENTED_EDGE ( 'NONE', *, *, #9702, .F. ) ;
#7465 = ADVANCED_FACE ( 'NONE', ( #3277 ), #7171, .F. ) ;
#7466 = ORIENTED_EDGE ( 'NONE', *, *, #5084, .F. ) ;
#7467 = CYLINDRICAL_SURFACE ( 'NONE', #8339, 0.2000000000000005107 ) ;
#7468 = ORIENTED_EDGE ( 'NONE', *, *, #5905, .T. ) ;
#7469 = DIRECTION ( 'NONE',  ( -0.000000000000000000, -0.000000000000000000, 1.000000000000000000 ) ) ;
#7470 = ORIENTED_EDGE ( 'NONE', *, *, #2, .F. ) ;
#7471 = AXIS2_PLACEMENT_3D ( 'NONE', #286, #6799, #3493 ) ;
#7472 = CARTESIAN_POINT ( 'NONE',  ( -2.709595134835141472, 14.63458662304276992, -51.13843889650202357 ) ) ;
#7473 = LINE ( 'NONE', #1951, #455 ) ;
#7474 = AXIS2_PLACEMENT_3D ( 'NONE', #4638, #6379, #7111 ) ;
#7475 = DIRECTION ( 'NONE',  ( 0.000000000000000000, 0.000000000000000000, -1.000000000000000000 ) ) ;
#7476 = ORIENTED_EDGE ( 'NONE', *, *, #4512, .F. ) ;
#7477 = ADVANCED_FACE ( 'NONE', ( #5744 ), #1656, .T. ) ;
#7478 = VERTEX_POINT ( 'NONE', #8959 ) ;
#7479 = LINE ( 'NONE', #4268, #6344 ) ;
#7480 = VERTEX_POINT ( 'NONE', #9587 ) ;
#7481 = DIRECTION ( 'NONE',  ( -0.000000000000000000, -0.000000000000000000, 1.000000000000000000 ) ) ;
#7482 = CARTESIAN_POINT ( 'NONE',  ( 7.030438470952641516, -9.573214443583347943, 31.63375372154084175 ) ) ;
#7483 = DIRECTION ( 'NONE',  ( 0.000000000000000000, 0.000000000000000000, -1.000000000000000000 ) ) ;
#7484 = ORIENTED_EDGE ( 'NONE', *, *, #9708, .F. ) ;
#7485 = CARTESIAN_POINT ( 'NONE',  ( 21.77849011171107563, 21.53784716418134693, 23.19999800000000079 ) ) ;
#7486 = DIRECTION ( 'NONE',  ( 1.000000000000000000, 0.000000000000000000, 0.000000000000000000 ) ) ;
#7487 = FACE_OUTER_BOUND ( 'NONE', #7756, .T. ) ;
#7488 = CARTESIAN_POINT ( 'NONE',  ( 18.02849441382006646, 3.675851452833363009, 21.40359731999999937 ) ) ;
#7489 = CARTESIAN_POINT ( 'NONE',  ( 24.35708258085486122, -27.25997454716241464, 22.76967001884092667 ) ) ;
#7490 = DIRECTION ( 'NONE',  ( -0.000000000000000000, -0.000000000000000000, -1.000000000000000000 ) ) ;
#7491 = CARTESIAN_POINT ( 'NONE',  ( -2.658577664131272833, 14.55612997401271258, -54.00176890259501761 ) ) ;
#7492 = AXIS2_PLACEMENT_3D ( 'NONE', #2852, #9894, #8519 ) ;
#7493 = SURFACE_STYLE_FILL_AREA ( #2029 ) ;
#7494 = ORIENTED_EDGE ( 'NONE', *, *, #5799, .F. ) ;
#7495 = VECTOR ( 'NONE', #8758, 1000.000000000000000 ) ;
#7496 = EDGE_CURVE ( 'NONE', #2628, #9128, #3571, .T. ) ;
#7497 = AXIS2_PLACEMENT_3D ( 'NONE', #3566, #9144, #6668 ) ;
#7498 = ORIENTED_EDGE ( 'NONE', *, *, #5385, .F. ) ;
#7499 = CIRCLE ( 'NONE', #4634, 0.7500000000000006661 ) ;
#7500 = ORIENTED_EDGE ( 'NONE', *, *, #7406, .T. ) ;
#7501 = DIRECTION ( 'NONE',  ( 1.000000000000000000, 0.000000000000000000, 0.000000000000000000 ) ) ;
#7502 = DIRECTION ( 'NONE',  ( 1.000000000000000000, 0.000000000000000000, 0.000000000000000000 ) ) ;
#7503 = CARTESIAN_POINT ( 'NONE',  ( 8.630438470952407570, 0.8867855564166541305, 22.99999800000001215 ) ) ;
#7504 = ORIENTED_EDGE ( 'NONE', *, *, #7629, .T. ) ;
#7505 = CARTESIAN_POINT ( 'NONE',  ( 44.29477099867147416, 9.487847544181342130, 22.99999800000001215 ) ) ;
#7506 = DIRECTION ( 'NONE',  ( -0.7071067811865414665, 0.000000000000000000, -0.7071067811865536790 ) ) ;
#7507 = EDGE_CURVE ( 'NONE', #2319, #7560, #565, .T. ) ;
#7508 = CIRCLE ( 'NONE', #5649, 25.74999999999999289 ) ;
#7509 = CARTESIAN_POINT ( 'NONE',  ( 35.19477099867146563, 9.487847544181342130, 23.19999800000000079 ) ) ;
#7510 = AXIS2_PLACEMENT_3D ( 'NONE', #8085, #38, #774 ) ;
#7511 = ORIENTED_EDGE ( 'NONE', *, *, #2854, .T. ) ;
#7512 = VECTOR ( 'NONE', #3106, 1000.000000000000000 ) ;
#7513 = CARTESIAN_POINT ( 'NONE',  ( -24.69849011171107378, -1.512152455818657204, -56.00041577998817388 ) ) ;
#7514 = ADVANCED_FACE ( 'NONE', ( #3384 ), #6586, .T. ) ;
#7515 = CARTESIAN_POINT ( 'NONE',  ( 32.33349227759008215, -15.01615056132663995, 18.40359731999999937 ) ) ;
#7516 = VECTOR ( 'NONE', #1064, 1000.000000000000000 ) ;
#7517 = ORIENTED_EDGE ( 'NONE', *, *, #6808, .T. ) ;
#7518 = CARTESIAN_POINT ( 'NONE',  ( 35.98149227759006408, -8.733150561326636918, 19.20359732000000008 ) ) ;
#7519 = ORIENTED_EDGE ( 'NONE', *, *, #9388, .F. ) ;
#7520 = EDGE_LOOP ( 'NONE', ( #7877, #6739, #8682, #9066 ) ) ;
#7521 = CARTESIAN_POINT ( 'NONE',  ( -2.292703054815671493, 14.43246125493212872, -53.86522622242340930 ) ) ;
#7522 =( GEOMETRIC_REPRESENTATION_CONTEXT ( 3 ) GLOBAL_UNCERTAINTY_ASSIGNED_CONTEXT ( ( #815 ) ) GLOBAL_UNIT_ASSIGNED_CONTEXT ( ( #8561, #10129, #1257 ) ) REPRESENTATION_CONTEXT ( 'NONE', 'WORKASPACE' ) );
#7523 = ADVANCED_FACE ( 'NONE', ( #9008 ), #5005, .F. ) ;
#7524 = ORIENTED_EDGE ( 'NONE', *, *, #3794, .T. ) ;
#7525 = EDGE_CURVE ( 'NONE', #5383, #5606, #5072, .T. ) ;
#7526 = DIRECTION ( 'NONE',  ( 0.000000000000000000, 0.000000000000000000, 1.000000000000000000 ) ) ;
#7527 = CARTESIAN_POINT ( 'NONE',  ( -2.617737557553033945, 14.87964452154500705, -50.83246226555461789 ) ) ;
#7528 = ORIENTED_EDGE ( 'NONE', *, *, #2388, .F. ) ;
#7529 = EDGE_CURVE ( 'NONE', #6217, #3717, #5108, .T. ) ;
#7530 = DIRECTION ( 'NONE',  ( 0.000000000000000000, 0.000000000000000000, 1.000000000000000000 ) ) ;
#7531 = EDGE_CURVE ( 'NONE', #10221, #7931, #5214, .T. ) ;
#7532 = CARTESIAN_POINT ( 'NONE',  ( 10.85349142309807569, -1.563214443583704316, 21.40359731999999937 ) ) ;
#7533 = ORIENTED_EDGE ( 'NONE', *, *, #2190, .F. ) ;
#7534 = EDGE_CURVE ( 'NONE', #5344, #5602, #4379, .T. ) ;
#7535 = EDGE_LOOP ( 'NONE', ( #1065, #3756, #2419, #1029 ) ) ;
#7536 = CARTESIAN_POINT ( 'NONE',  ( 2.801509888288925776, -1.512152455818657204, -138.7821617105083760 ) ) ;
#7537 = ORIENTED_EDGE ( 'NONE', *, *, #2768, .F. ) ;
#7538 = CARTESIAN_POINT ( 'NONE',  ( -7.974947540856282657, 20.06438738809393385, -50.99041577998818298 ) ) ;
#7539 = CARTESIAN_POINT ( 'NONE',  ( 30.59477099867147842, 9.487847544181342130, 23.19999800000000079 ) ) ;
#7540 = DIRECTION ( 'NONE',  ( 0.000000000000000000, 0.000000000000000000, -1.000000000000000000 ) ) ;
#7541 = ORIENTED_EDGE ( 'NONE', *, *, #6885, .T. ) ;
#7542 = CONICAL_SURFACE ( 'NONE', #9238, 1.520000000000000462, 0.7188299996216183096 ) ;
#7543 = CIRCLE ( 'NONE', #3003, 1.000000000000000888 ) ;
#7544 = FACE_OUTER_BOUND ( 'NONE', #8049, .T. ) ;
#7545 = EDGE_CURVE ( 'NONE', #6241, #4408, #9453, .T. ) ;
#7546 = LINE ( 'NONE', #2020, #1622 ) ;
#7547 = EDGE_CURVE ( 'NONE', #7050, #5414, #2739, .T. ) ;
#7548 = ADVANCED_FACE ( 'NONE', ( #8326 ), #6687, .F. ) ;
#7549 = CIRCLE ( 'NONE', #6360, 25.89999999999999147 ) ;
#7550 = CARTESIAN_POINT ( 'NONE',  ( -7.829001579289464274, 20.20582066909555152, -54.45041577998818383 ) ) ;
#7551 = VECTOR ( 'NONE', #3086, 1000.000000000000000 ) ;
#7552 = FACE_BOUND ( 'NONE', #4267, .T. ) ;
#7553 = CARTESIAN_POINT ( 'NONE',  ( 24.65926362649462078, -27.26214491409013263, 22.74864312186090132 ) ) ;
#7554 = CARTESIAN_POINT ( 'NONE',  ( 12.03752811785077803, -6.819414077215271597, 21.40359731999999937 ) ) ;
#7555 = CARTESIAN_POINT ( 'NONE',  ( -2.532305653103940291, 14.76392849527916340, -54.34453477424770540 ) ) ;
#7556 = CARTESIAN_POINT ( 'NONE',  ( 24.69852562822423536, -3.528657575220176756, 18.40359731999999937 ) ) ;
#7557 = ORIENTED_EDGE ( 'NONE', *, *, #3462, .F. ) ;
#7558 = CARTESIAN_POINT ( 'NONE',  ( 41.59477099867147132, -1.512152455818657204, 21.99999800000000150 ) ) ;
#7559 = VECTOR ( 'NONE', #3958, 1000.000000000000000 ) ;
#7560 = VERTEX_POINT ( 'NONE', #2702 ) ;
#7561 = ORIENTED_EDGE ( 'NONE', *, *, #1546, .T. ) ;
#7562 = LINE ( 'NONE', #8239, #4984 ) ;
#7563 = DIRECTION ( 'NONE',  ( 0.000000000000000000, 0.000000000000000000, -1.000000000000000000 ) ) ;
#7564 = FACE_OUTER_BOUND ( 'NONE', #2108, .T. ) ;
#7565 = EDGE_LOOP ( 'NONE', ( #1675, #5779, #3800, #6527 ) ) ;
#7566 = FACE_OUTER_BOUND ( 'NONE', #10254, .T. ) ;
#7567 = CARTESIAN_POINT ( 'NONE',  ( 9.082623226170039032, -1.512152455818657204, 28.54200327493162348 ) ) ;
#7568 = CARTESIAN_POINT ( 'NONE',  ( 24.69849011171107378, -1.763214443583702495, 18.40359731999999937 ) ) ;
#7569 = CARTESIAN_POINT ( 'NONE',  ( -2.766299700929650829, 14.72059938554662750, -51.06731926478290973 ) ) ;
#7570 = FACE_OUTER_BOUND ( 'NONE', #9729, .T. ) ;
#7571 = EDGE_LOOP ( 'NONE', ( #5883, #2918, #1751, #6731, #8146, #7233, #7587, #5614 ) ) ;
#7572 = CARTESIAN_POINT ( 'NONE',  ( -43.64691577435802827, 13.37969648603914585, -40.80041777998818020 ) ) ;
#7573 = ORIENTED_EDGE ( 'NONE', *, *, #4892, .T. ) ;
#7574 = EDGE_LOOP ( 'NONE', ( #5788, #2369, #9727, #7648 ) ) ;
#7575 = CARTESIAN_POINT ( 'NONE',  ( 14.85349142309807391, -1.524148547166637835, 21.40359731999999937 ) ) ;
#7576 = DIRECTION ( 'NONE',  ( -1.000000000000000000, 0.000000000000000000, 0.000000000000000000 ) ) ;
#7577 = ORIENTED_EDGE ( 'NONE', *, *, #670, .F. ) ;
#7578 = CARTESIAN_POINT ( 'NONE',  ( 8.630438470952363161, 5.206785556416654082, 21.40359731999999937 ) ) ;
#7579 = EDGE_CURVE ( 'NONE', #5388, #1734, #7258, .T. ) ;
#7580 = CARTESIAN_POINT ( 'NONE',  ( -2.598789324846891180, 14.46287054256621651, -51.51160551332501569 ) ) ;
#7581 = CARTESIAN_POINT ( 'NONE',  ( -2.596113910731133068, 14.45866362446839659, -51.59041577998818440 ) ) ;
#7582 = AXIS2_PLACEMENT_3D ( 'NONE', #6540, #2493, #4904 ) ;
#7583 = DIRECTION ( 'NONE',  ( 0.7071067811865597852, 0.000000000000000000, 0.7071067811865352493 ) ) ;
#7584 = ORIENTED_EDGE ( 'NONE', *, *, #6876, .F. ) ;
#7585 = ORIENTED_EDGE ( 'NONE', *, *, #1872, .F. ) ;
#7586 = DIRECTION ( 'NONE',  ( 0.000000000000000000, 0.000000000000000000, -1.000000000000000000 ) ) ;
#7587 = ORIENTED_EDGE ( 'NONE', *, *, #5979, .F. ) ;
#7588 = DIRECTION ( 'NONE',  ( 1.000000000000000000, 0.000000000000000000, 0.000000000000000000 ) ) ;
#7589 = EDGE_CURVE ( 'NONE', #7999, #6366, #5852, .T. ) ;
#7590 = DIRECTION ( 'NONE',  ( 0.000000000000000000, -1.000000000000000000, 0.000000000000000000 ) ) ;
#7591 = CARTESIAN_POINT ( 'NONE',  ( -3.157053954667285112, 13.69439640122716284, -37.61027914159473085 ) ) ;
#7592 = EDGE_LOOP ( 'NONE', ( #1434, #3274, #9027, #3029 ) ) ;
#7593 = ADVANCED_FACE ( 'NONE', ( #7429 ), #388, .T. ) ;
#7594 = CIRCLE ( 'NONE', #1384, 2.999999999999999112 ) ;
#7595 = DIRECTION ( 'NONE',  ( 0.000000000000000000, 0.000000000000000000, 1.000000000000000000 ) ) ;
#7596 = CARTESIAN_POINT ( 'NONE',  ( -8.399679074061729978, -17.81096349346800878, -40.80041777998818020 ) ) ;
#7597 = PRODUCT_DEFINITION_SHAPE ( 'NONE', 'NONE',  #886 ) ;
#7598 = CARTESIAN_POINT ( 'NONE',  ( -8.462617836664776405, 20.68348852948843941, -53.83270824333047955 ) ) ;
#7599 = CARTESIAN_POINT ( 'NONE',  ( -9.806641169858094642, 17.43627320682738358, -32.80041777998817309 ) ) ;
#7600 = CARTESIAN_POINT ( 'NONE',  ( 23.57632477593404019, -27.23776399624872724, 22.97715272879428738 ) ) ;
#7601 = LINE ( 'NONE', #5804, #4695 ) ;
#7602 = EDGE_CURVE ( 'NONE', #6395, #9078, #7282, .T. ) ;
#7603 = FACE_OUTER_BOUND ( 'NONE', #3949, .T. ) ;
#7604 = CARTESIAN_POINT ( 'NONE',  ( 25.68468947643815170, -27.24327112770959403, 22.92686432865291479 ) ) ;
#7605 = ORIENTED_EDGE ( 'NONE', *, *, #1863, .F. ) ;
#7606 = EDGE_CURVE ( 'NONE', #530, #6294, #6010, .T. ) ;
#7607 = LINE ( 'NONE', #448, #1796 ) ;
#7608 = CIRCLE ( 'NONE', #8948, 2.649999999999992806 ) ;
#7609 = VERTEX_POINT ( 'NONE', #2017 ) ;
#7610 = CARTESIAN_POINT ( 'NONE',  ( 2.601509888288909611, -1.512152455818657204, -56.00041577998817388 ) ) ;
#7611 = CARTESIAN_POINT ( 'NONE',  ( 7.030438470952728558, 3.406785556417013083, 18.40359731999999937 ) ) ;
#7612 = EDGE_CURVE ( 'NONE', #6397, #5430, #8426, .T. ) ;
#7613 = DIRECTION ( 'NONE',  ( 0.000000000000000000, 0.000000000000000000, -1.000000000000000000 ) ) ;
#7614 = DIRECTION ( 'NONE',  ( -1.000000000000000000, -0.000000000000000000, 0.000000000000000000 ) ) ;
#7615 = LINE ( 'NONE', #7568, #10281 ) ;
#7616 = VECTOR ( 'NONE', #10391, 1000.000000000000000 ) ;
#7617 = VERTEX_POINT ( 'NONE', #6637 ) ;
#7618 = CARTESIAN_POINT ( 'NONE',  ( -8.355833803641923296, 20.32559281295897691, -54.01758108095143740 ) ) ;
#7619 =( NAMED_UNIT ( * ) SI_UNIT ( $, .STERADIAN. ) SOLID_ANGLE_UNIT ( ) );
#7620 = ORIENTED_EDGE ( 'NONE', *, *, #9390, .T. ) ;
#7621 = CARTESIAN_POINT ( 'NONE',  ( -52.19849011171107378, -1.512152455818657204, -31.40041777998817096 ) ) ;
#7622 = ORIENTED_EDGE ( 'NONE', *, *, #1295, .F. ) ;
#7623 = VERTEX_POINT ( 'NONE', #5056 ) ;
#7624 = CARTESIAN_POINT ( 'NONE',  ( 20.86549410864506982, -3.167150744431638465, 19.20359732000000008 ) ) ;
#7625 = CARTESIAN_POINT ( 'NONE',  ( -2.598377889945556074, 14.46222849234568208, -53.73064917382205152 ) ) ;
#7626 = DIRECTION ( 'NONE',  ( 5.421010862430005110E-16, -1.000000000000000000, 0.000000000000000000 ) ) ;
#7627 = AXIS2_PLACEMENT_3D ( 'NONE', #245, #8036, #3453 ) ;
#7628 = FACE_OUTER_BOUND ( 'NONE', #4524, .T. ) ;
#7629 = EDGE_CURVE ( 'NONE', #7915, #1909, #5098, .T. ) ;
#7630 = DIRECTION ( 'NONE',  ( 0.000000000000000000, 1.000000000000000000, 0.000000000000000000 ) ) ;
#7631 = CARTESIAN_POINT ( 'NONE',  ( 35.98149282690607009, 6.065850720411352981, 19.20359732000000008 ) ) ;
#7632 = ORIENTED_EDGE ( 'NONE', *, *, #1165, .F. ) ;
#7633 = ORIENTED_EDGE ( 'NONE', *, *, #5621, .F. ) ;
#7634 = CARTESIAN_POINT ( 'NONE',  ( 16.43349142309807576, -1.524148547166637835, 16.93468246290101575 ) ) ;
#7635 = AXIS2_PLACEMENT_3D ( 'NONE', #5231, #408, #7502 ) ;
#7636 = ORIENTED_EDGE ( 'NONE', *, *, #6732, .T. ) ;
#7637 = DIRECTION ( 'NONE',  ( -1.000000000000000000, 0.000000000000000000, 0.000000000000000000 ) ) ;
#7638 = CARTESIAN_POINT ( 'NONE',  ( 17.87849142309807249, -1.524148547166637613, 18.57517019525380420 ) ) ;
#7639 = CARTESIAN_POINT ( 'NONE',  ( -24.69849011171107378, -1.512152455818657204, -40.80041777998818020 ) ) ;
#7640 = ORIENTED_EDGE ( 'NONE', *, *, #9197, .F. ) ;
#7641 = EDGE_CURVE ( 'NONE', #4294, #833, #6446, .T. ) ;
#7642 = DIRECTION ( 'NONE',  ( -0.000000000000000000, -0.000000000000000000, -1.000000000000000000 ) ) ;
#7643 = CARTESIAN_POINT ( 'NONE',  ( -8.399679074061923600, 14.78665858183135562, -40.80041777998818020 ) ) ;
#7644 = AXIS2_PLACEMENT_3D ( 'NONE', #10110, #4278, #7647 ) ;
#7645 = EDGE_CURVE ( 'NONE', #9712, #161, #4327, .T. ) ;
#7646 = CARTESIAN_POINT ( 'NONE',  ( -7.933829261913265540, 20.28685733056558504, -54.44015604610621040 ) ) ;
#7647 = DIRECTION ( 'NONE',  ( 1.000000000000000000, 0.000000000000000000, 0.000000000000000000 ) ) ;
#7648 = ORIENTED_EDGE ( 'NONE', *, *, #6809, .F. ) ;
#7649 = CARTESIAN_POINT ( 'NONE',  ( 24.87340543255934477, -27.16841885509481358, 22.84808762429949880 ) ) ;
#7650 = CARTESIAN_POINT ( 'NONE',  ( 26.28621100701935731, 23.98846797503754047, 23.19999800000000079 ) ) ;
#7651 = DIRECTION ( 'NONE',  ( 1.000000000000000000, 0.000000000000000000, 0.000000000000000000 ) ) ;
#7652 = CARTESIAN_POINT ( 'NONE',  ( -24.69849011171242736, -24.56215207581349347, -32.80041777998817309 ) ) ;
#7653 = VERTEX_POINT ( 'NONE', #1068 ) ;
#7654 = FACE_OUTER_BOUND ( 'NONE', #4659, .T. ) ;
#7655 = DIRECTION ( 'NONE',  ( 1.000000000000000000, -8.965517964783898419E-16, 0.000000000000000000 ) ) ;
#7656 = EDGE_CURVE ( 'NONE', #4203, #2788, #1913, .T. ) ;
#7657 = ORIENTED_EDGE ( 'NONE', *, *, #1172, .T. ) ;
#7658 = DIRECTION ( 'NONE',  ( 0.000000000000000000, 0.000000000000000000, 1.000000000000000000 ) ) ;
#7659 = DIRECTION ( 'NONE',  ( 0.000000000000000000, 0.000000000000000000, -1.000000000000000000 ) ) ;
#7660 = CARTESIAN_POINT ( 'NONE',  ( 8.630438470952363161, 5.206785556416654082, 22.99999800000001215 ) ) ;
#7661 = CARTESIAN_POINT ( 'NONE',  ( 20.02849441382008422, -3.967150744431636955, 21.40359731999999937 ) ) ;
#7662 = VECTOR ( 'NONE', #6015, 1000.000000000000000 ) ;
#7663 = DIRECTION ( 'NONE',  ( -1.000000000000000000, 0.000000000000000000, 0.000000000000000000 ) ) ;
#7664 = AXIS2_PLACEMENT_3D ( 'NONE', #6680, #2429, #4843 ) ;
#7665 = CARTESIAN_POINT ( 'NONE',  ( -2.725693485996986798, 14.65913465386688586, -51.11481538465356778 ) ) ;
#7666 = EDGE_CURVE ( 'NONE', #788, #123, #4908, .T. ) ;
#7667 = FILL_AREA_STYLE ('',( #513 ) ) ;
#7668 = CONICAL_SURFACE ( 'NONE', #2130, 0.7500000000000006661, 0.7853981633974570498 ) ;
#7669 = ORIENTED_EDGE ( 'NONE', *, *, #6979, .T. ) ;
#7670 = FACE_OUTER_BOUND ( 'NONE', #7884, .T. ) ;
#7671 = VERTEX_POINT ( 'NONE', #6263 ) ;
#7672 = CIRCLE ( 'NONE', #2977, 1.000000000000000888 ) ;
#7673 = EDGE_LOOP ( 'NONE', ( #2321, #4603, #4844, #3892 ) ) ;
#7674 = CARTESIAN_POINT ( 'NONE',  ( 23.72267479883652896, 24.21935631336087269, 22.92327204384162442 ) ) ;
#7675 = DIRECTION ( 'NONE',  ( 0.000000000000000000, 0.000000000000000000, -1.000000000000000000 ) ) ;
#7676 = CARTESIAN_POINT ( 'NONE',  ( 24.69849011171107378, 21.53784716418134693, 18.40359731999999937 ) ) ;
#7677 = CIRCLE ( 'NONE', #4816, 2.999999999999999112 ) ;
#7678 = CARTESIAN_POINT ( 'NONE',  ( -2.292613226071087418, 14.43233502373187527, -51.59041577998818440 ) ) ;
#7679 = AXIS2_PLACEMENT_3D ( 'NONE', #5624, #1749, #1851 ) ;
#7680 = DIRECTION ( 'NONE',  ( 0.000000000000000000, 1.000000000000000000, 0.000000000000000000 ) ) ;
#7681 = CIRCLE ( 'NONE', #3155, 0.7500000000000006661 ) ;
#7682 = EDGE_CURVE ( 'NONE', #1679, #532, #3824, .T. ) ;
#7683 = FACE_OUTER_BOUND ( 'NONE', #9943, .T. ) ;
#7684 = VERTEX_POINT ( 'NONE', #7741 ) ;
#7685 = ORIENTED_EDGE ( 'NONE', *, *, #5843, .T. ) ;
#7686 = CARTESIAN_POINT ( 'NONE',  ( 37.89477099867146137, -12.51215245581865609, 23.19999800000000079 ) ) ;
#7687 = ORIENTED_EDGE ( 'NONE', *, *, #8235, .T. ) ;
#7688 = DIRECTION ( 'NONE',  ( 0.000000000000000000, 0.000000000000000000, 1.000000000000000000 ) ) ;
#7689 = VECTOR ( 'NONE', #3327, 1000.000000000000000 ) ;
#7690 = DIRECTION ( 'NONE',  ( 0.000000000000000000, 0.000000000000000000, 1.000000000000000000 ) ) ;
#7691 = ORIENTED_EDGE ( 'NONE', *, *, #9210, .T. ) ;
#7692 = DIRECTION ( 'NONE',  ( 1.000000000000000000, 0.000000000000000000, 0.000000000000000000 ) ) ;
#7693 = CIRCLE ( 'NONE', #3165, 2.999999999999999112 ) ;
#7694 = DIRECTION ( 'NONE',  ( -0.000000000000000000, -0.000000000000000000, 1.000000000000000000 ) ) ;
#7695 = CARTESIAN_POINT ( 'NONE',  ( -8.429606340697343825, 20.37416073995517607, -53.84402989847248477 ) ) ;
#7696 = LINE ( 'NONE', #9320, #9151 ) ;
#7697 = FACE_OUTER_BOUND ( 'NONE', #3042, .T. ) ;
#7698 = ORIENTED_EDGE ( 'NONE', *, *, #7707, .T. ) ;
#7699 = CARTESIAN_POINT ( 'NONE',  ( 23.96189705643866574, -27.25163570993429474, 22.84910796992715731 ) ) ;
#7700 = LINE ( 'NONE', #497, #6200 ) ;
#7701 = CIRCLE ( 'NONE', #816, 0.2000000000000005107 ) ;
#7702 = CARTESIAN_POINT ( 'NONE',  ( 7.030438470952728558, 3.406785556417013083, 31.63375372154084175 ) ) ;
#7703 = CARTESIAN_POINT ( 'NONE',  ( 23.97644138123348512, -27.25210774967093386, 22.84470496777611359 ) ) ;
#7704 = ORIENTED_EDGE ( 'NONE', *, *, #2022, .F. ) ;
#7705 = DIRECTION ( 'NONE',  ( -1.000000000000000000, 0.000000000000000000, 0.000000000000000000 ) ) ;
#7706 = ADVANCED_FACE ( 'NONE', ( #7103 ), #9525, .F. ) ;
#7707 = EDGE_CURVE ( 'NONE', #2818, #1326, #642, .T. ) ;
#7708 = FACE_OUTER_BOUND ( 'NONE', #8182, .T. ) ;
#7709 = SHAPE_REPRESENTATION ( '充电板顶部散热铜柱', ( #5331 ), #8857 ) ;
#7710 = AXIS2_PLACEMENT_3D ( 'NONE', #7992, #8775, #1578 ) ;
#7711 = CIRCLE ( 'NONE', #5013, 25.74999999999999645 ) ;
#7712 = EDGE_CURVE ( 'NONE', #9928, #4249, #7851, .T. ) ;
#7713 = VERTEX_POINT ( 'NONE', #10152 ) ;
#7714 = DIRECTION ( 'NONE',  ( -0.7071067811865536790, 0.000000000000000000, 0.7071067811865414665 ) ) ;
#7715 = DIRECTION ( 'NONE',  ( 0.000000000000000000, 0.000000000000000000, 1.000000000000000000 ) ) ;
#7716 = DIRECTION ( 'NONE',  ( 1.000000000000000000, 0.000000000000000000, 0.000000000000000000 ) ) ;
#7717 = CARTESIAN_POINT ( 'NONE',  ( 43.85549282690607242, -9.733150561326636918, 19.20359732000000008 ) ) ;
#7718 = AXIS2_PLACEMENT_3D ( 'NONE', #9122, #7490, #6698 ) ;
#7719 = CARTESIAN_POINT ( 'NONE',  ( -24.69849011171107378, -1.512152455818657204, -31.40041777998817096 ) ) ;
#7720 = EDGE_CURVE ( 'NONE', #6247, #694, #2188, .T. ) ;
#7721 = CARTESIAN_POINT ( 'NONE',  ( -2.701148436376613393, 14.62165857502786714, -51.15246156114546494 ) ) ;
#7722 = AXIS2_PLACEMENT_3D ( 'NONE', #7903, #1589, #849 ) ;
#7723 = ORIENTED_EDGE ( 'NONE', *, *, #6212, .T. ) ;
#7724 = FACE_OUTER_BOUND ( 'NONE', #9634, .T. ) ;
#7725 = ORIENTED_EDGE ( 'NONE', *, *, #9068, .T. ) ;
#7726 = ORIENTED_EDGE ( 'NONE', *, *, #9591, .T. ) ;
#7727 = CARTESIAN_POINT ( 'NONE',  ( 25.43508316698349958, 24.22733079829698255, 22.84910796992717863 ) ) ;
#7728 = CARTESIAN_POINT ( 'NONE',  ( -2.606770694165082780, 14.47540471354428604, -53.80663562845051473 ) ) ;
#7729 = CARTESIAN_POINT ( 'NONE',  ( -52.19849011171108089, -1.512152455818653873, -31.40041777998817096 ) ) ;
#7730 = ADVANCED_FACE ( 'NONE', ( #10209 ), #4687, .T. ) ;
#7731 = EDGE_CURVE ( 'NONE', #5105, #10160, #1729, .T. ) ;
#7732 = PLANE ( 'NONE',  #6905 ) ;
#7733 = CARTESIAN_POINT ( 'NONE',  ( -24.69849011171107378, -1.512152455818657204, -40.80041777998818020 ) ) ;
#7734 = VERTEX_POINT ( 'NONE', #8526 ) ;
#7735 = DIRECTION ( 'NONE',  ( -1.000000000000000000, 0.000000000000000000, 0.000000000000000000 ) ) ;
#7736 = VERTEX_POINT ( 'NONE', #2902 ) ;
#7737 = EDGE_LOOP ( 'NONE', ( #8705, #4286, #2032, #6670 ) ) ;
#7738 = LINE ( 'NONE', #2856, #5322 ) ;
#7739 = EDGE_LOOP ( 'NONE', ( #5493, #6872, #9360, #735 ) ) ;
#7740 = CARTESIAN_POINT ( 'NONE',  ( 24.88812783353747804, -27.16846755779666367, 22.84743321625854762 ) ) ;
#7741 = CARTESIAN_POINT ( 'NONE',  ( 7.630438470952452867, -3.563214443583345492, 22.99999800000001215 ) ) ;
#7742 = ORIENTED_EDGE ( 'NONE', *, *, #8121, .F. ) ;
#7743 = CYLINDRICAL_SURFACE ( 'NONE', #6405, 3.000000000000002665 ) ;
#7744 = CARTESIAN_POINT ( 'NONE',  ( 41.59477099867147132, -1.512152455818657204, 21.99999800000000150 ) ) ;
#7745 = CARTESIAN_POINT ( 'NONE',  ( -8.471058811051976889, 20.68966055064717935, -53.78137915572594352 ) ) ;
#7746 = ORIENTED_EDGE ( 'NONE', *, *, #1115, .T. ) ;
#7747 = CARTESIAN_POINT ( 'NONE',  ( -24.69849011171107378, -1.512152455818657204, -51.00041577998818099 ) ) ;
#7748 = CARTESIAN_POINT ( 'NONE',  ( 12.03752811785077803, -6.819414077215271597, 21.40359731999999937 ) ) ;
#7749 = ORIENTED_EDGE ( 'NONE', *, *, #4561, .T. ) ;
#7750 = CARTESIAN_POINT ( 'NONE',  ( 24.56344698606831400, -27.16859245947533097, 22.84540985043881633 ) ) ;
#7751 = ADVANCED_FACE ( 'NONE', ( #693 ), #9951, .F. ) ;
#7752 = DIRECTION ( 'NONE',  ( -1.000000000000000000, 0.000000000000000000, -0.000000000000000000 ) ) ;
#7753 = AXIS2_PLACEMENT_3D ( 'NONE', #3132, #2438, #1708 ) ;
#7754 = CARTESIAN_POINT ( 'NONE',  ( -2.774648604874374591, 15.08890695564976703, -54.45041577998818383 ) ) ;
#7755 = DIRECTION ( 'NONE',  ( 1.000000000000000000, 0.000000000000000000, 0.000000000000000000 ) ) ;
#7756 = EDGE_LOOP ( 'NONE', ( #6377, #9809, #4743, #263 ) ) ;
#7757 = CARTESIAN_POINT ( 'NONE',  ( -8.479594318002169118, 20.69589606792181868, -53.65041577998819378 ) ) ;
#7758 = CARTESIAN_POINT ( 'NONE',  ( 32.20649282690607862, 12.22185072041135889, 18.40359731999999937 ) ) ;
#7759 = EDGE_CURVE ( 'NONE', #4868, #7344, #3080, .T. ) ;
#7760 = CIRCLE ( 'NONE', #5732, 0.2000000000000005107 ) ;
#7762 = ORIENTED_EDGE ( 'NONE', *, *, #4693, .F. ) ;
#7761 = EDGE_CURVE ( 'NONE', #7364, #8811, #4071, .T. ) ;
#7763 = LINE ( 'NONE', #4758, #7461 ) ;
#7764 = DIRECTION ( 'NONE',  ( 1.000000000000000000, 0.000000000000000000, 0.000000000000000000 ) ) ;
#7765 = CARTESIAN_POINT ( 'NONE',  ( 26.05949410864507598, -1.512152455818657204, 18.40359731999999937 ) ) ;
#7766 = CARTESIAN_POINT ( 'NONE',  ( 18.02849441382006646, 3.675851452833363009, 18.40359731999999937 ) ) ;
#7767 = ORIENTED_EDGE ( 'NONE', *, *, #6820, .F. ) ;
#7768 = VECTOR ( 'NONE', #5034, 1000.000000000000000 ) ;
#7769 = FACE_OUTER_BOUND ( 'NONE', #2430, .T. ) ;
#7770 = VECTOR ( 'NONE', #3437, 1000.000000000000000 ) ;
#7771 = CARTESIAN_POINT ( 'NONE',  ( -8.159737679410037359, 20.19310270643342164, -54.19650660941628928 ) ) ;
#7772 = EDGE_CURVE ( 'NONE', #8688, #8735, #1433, .T. ) ;
#7773 = EDGE_CURVE ( 'NONE', #6896, #686, #5467, .T. ) ;
#7774 = VERTEX_POINT ( 'NONE', #585 ) ;
#7775 = CARTESIAN_POINT ( 'NONE',  ( 36.98149227759007118, -14.01615056132663106, 19.20359732000000008 ) ) ;
#7776 = ORIENTED_EDGE ( 'NONE', *, *, #9832, .F. ) ;
#7777 = ORIENTED_EDGE ( 'NONE', *, *, #9250, .T. ) ;
#7778 = CARTESIAN_POINT ( 'NONE',  ( 23.39272530436618425, 24.20479160526654638, 23.05468615405291644 ) ) ;
#7779 = CARTESIAN_POINT ( 'NONE',  ( 11.23043847095200576, -1.512152455818657204, 31.63375372154084175 ) ) ;
#7780 = AXIS2_PLACEMENT_3D ( 'NONE', #9662, #9717, #934 ) ;
#7781 = CARTESIAN_POINT ( 'NONE',  ( 24.69849011171107378, -8.733150561326638694, 18.40359731999999937 ) ) ;
#7782 = DIRECTION ( 'NONE',  ( -0.7027442638224027371, 0.7114425483935503669, 0.000000000000000000 ) ) ;
#7783 = DIRECTION ( 'NONE',  ( 0.000000000000000000, 0.000000000000000000, -1.000000000000000000 ) ) ;
#7784 = STYLED_ITEM ( 'NONE', ( #1195 ), #7254 ) ;
#7785 = EDGE_CURVE ( 'NONE', #1293, #7478, #6154, .T. ) ;
#7786 = EDGE_LOOP ( 'NONE', ( #6906, #2578, #7791, #890 ) ) ;
#7787 = LINE ( 'NONE', #2947, #9839 ) ;
#7788 = ORIENTED_EDGE ( 'NONE', *, *, #841, .T. ) ;
#7789 = ORIENTED_EDGE ( 'NONE', *, *, #9370, .F. ) ;
#7790 = DIRECTION ( 'NONE',  ( -0.6256351882393400565, 0.7801157678426487996, 0.000000000000000000 ) ) ;
#7791 = ORIENTED_EDGE ( 'NONE', *, *, #1561, .F. ) ;
#7792 = PLANE ( 'NONE',  #4026 ) ;
#7793 = DIRECTION ( 'NONE',  ( -1.000000000000000000, 3.154042683594195121E-16, 0.000000000000000000 ) ) ;
#7794 = ORIENTED_EDGE ( 'NONE', *, *, #1438, .T. ) ;
#7795 = AXIS2_PLACEMENT_3D ( 'NONE', #9796, #2593, #5796 ) ;
#7796 = ADVANCED_FACE ( 'NONE', ( #9363 ), #2166, .F. ) ;
#7797 = DIRECTION ( 'NONE',  ( 0.000000000000000000, 0.000000000000000000, -1.000000000000000000 ) ) ;
#7798 = LINE ( 'NONE', #10105, #6822 ) ;
#7799 = EDGE_CURVE ( 'NONE', #10381, #3009, #2223, .T. ) ;
#7800 = CIRCLE ( 'NONE', #6290, 25.89999999999999147 ) ;
#7801 = CARTESIAN_POINT ( 'NONE',  ( 46.81531825448911377, -2.879047117943819512, 8.999997999999999720 ) ) ;
#7802 = ORIENTED_EDGE ( 'NONE', *, *, #4563, .F. ) ;
#7803 = FACE_OUTER_BOUND ( 'NONE', #4516, .T. ) ;
#7804 = CARTESIAN_POINT ( 'NONE',  ( 24.69849011171107378, -1.512152455818657204, 23.19999800000000079 ) ) ;
#7805 = ORIENTED_EDGE ( 'NONE', *, *, #7280, .T. ) ;
#7806 = CARTESIAN_POINT ( 'NONE',  ( 23.98958088877932582, -27.16204810614881282, 22.94244130325967745 ) ) ;
#7807 = DIRECTION ( 'NONE',  ( 0.000000000000000000, 0.000000000000000000, -1.000000000000000000 ) ) ;
#7808 = DIRECTION ( 'NONE',  ( 0.000000000000000000, 0.000000000000000000, 1.000000000000000000 ) ) ;
#7809 = DIRECTION ( 'NONE',  ( -0.000000000000000000, -0.000000000000000000, -1.000000000000000000 ) ) ;
#7810 = ORIENTED_EDGE ( 'NONE', *, *, #8165, .T. ) ;
#7811 = FACE_OUTER_BOUND ( 'NONE', #7520, .T. ) ;
#7812 = AXIS2_PLACEMENT_3D ( 'NONE', #7226, #5642, #8228 ) ;
#7813 = LINE ( 'NONE', #3703, #1723 ) ;
#7814 = VERTEX_POINT ( 'NONE', #2327 ) ;
#7815 = VECTOR ( 'NONE', #7914, 1000.000000000000000 ) ;
#7816 = CARTESIAN_POINT ( 'NONE',  ( 24.69849011171107378, -1.512152455818657204, 18.40359731999999937 ) ) ;
#7817 = PLANE ( 'NONE',  #5275 ) ;
#7818 = DIRECTION ( 'NONE',  ( -0.7071067811865560104, 8.659560562355036396E-17, 0.7071067811865391350 ) ) ;
#7819 = CARTESIAN_POINT ( 'NONE',  ( 32.33349227759007505, -9.733150561326636918, 19.20359732000000008 ) ) ;
#7820 = DIRECTION ( 'NONE',  ( -1.000000000000000000, 0.000000000000000000, 0.000000000000000000 ) ) ;
#7821 = ORIENTED_EDGE ( 'NONE', *, *, #7270, .F. ) ;
#7822 = EDGE_CURVE ( 'NONE', #1261, #6177, #2416, .T. ) ;
#7823 = DIRECTION ( 'NONE',  ( 0.7071067811865473507, -0.7071067811865477948, 0.000000000000000000 ) ) ;
#7824 = EDGE_CURVE ( 'NONE', #7906, #9942, #2053, .T. ) ;
#7825 =( NAMED_UNIT ( * ) PLANE_ANGLE_UNIT ( ) SI_UNIT ( $, .RADIAN. ) );
#7826 = AXIS2_PLACEMENT_3D ( 'NONE', #761, #5637, #126 ) ;
#7827 = ORIENTED_EDGE ( 'NONE', *, *, #5319, .T. ) ;
#7828 = CARTESIAN_POINT ( 'NONE',  ( 9.129233762251150353, 7.426722893499330347, 21.40359731999999937 ) ) ;
#7829 = DIRECTION ( 'NONE',  ( -0.000000000000000000, -0.000000000000000000, -1.000000000000000000 ) ) ;
#7830 = EDGE_CURVE ( 'NONE', #6886, #1694, #4400, .T. ) ;
#7831 = VERTEX_POINT ( 'NONE', #3409 ) ;
#7832 = DIRECTION ( 'NONE',  ( 1.462890879734001004E-19, 3.738525562561800423E-35, -1.000000000000000000 ) ) ;
#7833 = LINE ( 'NONE', #570, #302 ) ;
#7834 = CARTESIAN_POINT ( 'NONE',  ( 15.84674818352332260, 12.02291697121184200, 18.40359731999999937 ) ) ;
#7835 = AXIS2_PLACEMENT_3D ( 'NONE', #5944, #9155, #5461 ) ;
#7836 = EDGE_CURVE ( 'NONE', #2319, #1547, #201, .T. ) ;
#7837 = VECTOR ( 'NONE', #3904, 1000.000000000000000 ) ;
#7838 = LINE ( 'NONE', #10252, #2225 ) ;
#7839 = FACE_OUTER_BOUND ( 'NONE', #3378, .T. ) ;
#7840 = AXIS2_PLACEMENT_3D ( 'NONE', #637, #10205, #4734 ) ;
#7841 = CIRCLE ( 'NONE', #2970, 1.000000000000000888 ) ;
#7842 = ORIENTED_EDGE ( 'NONE', *, *, #2821, .T. ) ;
#7843 = CARTESIAN_POINT ( 'NONE',  ( 34.24477099867146990, 9.487847544181342130, 22.99999800000001215 ) ) ;
#7844 = VERTEX_POINT ( 'NONE', #9771 ) ;
#7845 = EDGE_CURVE ( 'NONE', #1547, #5677, #4737, .T. ) ;
#7846 = ORIENTED_EDGE ( 'NONE', *, *, #3611, .F. ) ;
#7847 = CARTESIAN_POINT ( 'NONE',  ( -5.399679074061729978, -17.81096349346800878, -32.80041777998817309 ) ) ;
#7848 = CIRCLE ( 'NONE', #8019, 25.89999999999999147 ) ;
#7849 = ORIENTED_EDGE ( 'NONE', *, *, #9912, .F. ) ;
#7850 = DIRECTION ( 'NONE',  ( 0.000000000000000000, 0.000000000000000000, 1.000000000000000000 ) ) ;
#7851 = LINE ( 'NONE', #5421, #8611 ) ;
#7852 = ORIENTED_EDGE ( 'NONE', *, *, #8789, .T. ) ;
#7853 = AXIS2_PLACEMENT_3D ( 'NONE', #8396, #4138, #7351 ) ;
#7854 = ADVANCED_FACE ( 'NONE', ( #3361 ), #9088, .F. ) ;
#7855 = AXIS2_PLACEMENT_3D ( 'NONE', #9130, #5323, #7501 ) ;
#7856 = DIRECTION ( 'NONE',  ( -0.000000000000000000, -0.000000000000000000, 1.000000000000000000 ) ) ;
#7857 = DIRECTION ( 'NONE',  ( 1.000000000000000000, 0.000000000000000000, 0.000000000000000000 ) ) ;
#7858 = VECTOR ( 'NONE', #3426, 1000.000000000000000 ) ;
#7859 = EDGE_CURVE ( 'NONE', #5817, #8870, #3902, .T. ) ;
#7860 = DIRECTION ( 'NONE',  ( -1.000000000000000000, 0.000000000000000000, 0.000000000000000000 ) ) ;
#7861 = ADVANCED_FACE ( 'NONE', ( #1095 ), #9821, .F. ) ;
#7862 = ORIENTED_EDGE ( 'NONE', *, *, #8935, .T. ) ;
#7863 = CARTESIAN_POINT ( 'NONE',  ( 40.59477099867146421, -1.512152455818657204, 23.19999800000000079 ) ) ;
#7864 = FACE_OUTER_BOUND ( 'NONE', #1380, .T. ) ;
#7865 = ORIENTED_EDGE ( 'NONE', *, *, #1175, .F. ) ;
#7866 = CARTESIAN_POINT ( 'NONE',  ( 23.67770910374341398, -27.15448862053085932, 23.04623815789737051 ) ) ;
#7867 = DIRECTION ( 'NONE',  ( 1.000000000000000000, 0.000000000000000000, 0.000000000000000000 ) ) ;
#7868 = LINE ( 'NONE', #5584, #4499 ) ;
#7869 = CARTESIAN_POINT ( 'NONE',  ( 7.030438470952714347, -1.763214443583704938, 18.40359731999999937 ) ) ;
#7870 = ORIENTED_EDGE ( 'NONE', *, *, #5718, .F. ) ;
#7871 = FACE_OUTER_BOUND ( 'NONE', #1151, .T. ) ;
#7872 = CIRCLE ( 'NONE', #4662, 0.6499999967711298510 ) ;
#7873 = EDGE_CURVE ( 'NONE', #5208, #8274, #7352, .T. ) ;
#7874 = EDGE_CURVE ( 'NONE', #5371, #5654, #305, .T. ) ;
#7875 = CARTESIAN_POINT ( 'NONE',  ( 20.86549410864508403, 1.426849255568360064, 21.40359731999999937 ) ) ;
#7876 = AXIS2_PLACEMENT_3D ( 'NONE', #9731, #894, #9671 ) ;
#7877 = ORIENTED_EDGE ( 'NONE', *, *, #8763, .F. ) ;
#7878 = CYLINDRICAL_SURFACE ( 'NONE', #2170, 1.000000000000000888 ) ;
#7879 = DIRECTION ( 'NONE',  ( 1.000000000000000000, 0.000000000000000000, 0.000000000000000000 ) ) ;
#7880 = DIRECTION ( 'NONE',  ( 1.000000000000000000, 0.000000000000000000, 0.000000000000000000 ) ) ;
#7881 = LINE ( 'NONE', #5443, #3496 ) ;
#7882 = DIRECTION ( 'NONE',  ( 0.000000000000000000, 0.000000000000000000, 1.000000000000000000 ) ) ;
#7883 = ORIENTED_EDGE ( 'NONE', *, *, #8950, .F. ) ;
#7884 = EDGE_LOOP ( 'NONE', ( #1691, #3807, #4108, #99 ) ) ;
#7885 = CARTESIAN_POINT ( 'NONE',  ( 21.66549410864508118, 0.4268492555683598422, 19.20359732000000008 ) ) ;
#7886 = AXIS2_PLACEMENT_3D ( 'NONE', #5079, #2611, #9766 ) ;
#7887 = DIRECTION ( 'NONE',  ( 0.000000000000000000, 0.000000000000000000, 1.000000000000000000 ) ) ;
#7888 = CIRCLE ( 'NONE', #3509, 27.49999999999999645 ) ;
#7889 = ORIENTED_EDGE ( 'NONE', *, *, #451, .T. ) ;
#7890 = CARTESIAN_POINT ( 'NONE',  ( 23.26153380702929852, 24.11502097912924469, 23.23457458857063074 ) ) ;
#7891 = DIRECTION ( 'NONE',  ( -0.000000000000000000, -0.000000000000000000, 1.000000000000000000 ) ) ;
#7892 = CARTESIAN_POINT ( 'NONE',  ( -7.951688768616168801, 20.04787177364163142, -54.25041577998818099 ) ) ;
#7893 = CARTESIAN_POINT ( 'NONE',  ( -24.69849011171107378, -1.512152455818657204, -40.80041777998818020 ) ) ;
#7894 = CIRCLE ( 'NONE', #9234, 25.78852460972969851 ) ;
#7895 = DIRECTION ( 'NONE',  ( -0.000000000000000000, -0.000000000000000000, -1.000000000000000000 ) ) ;
#7896 = ORIENTED_EDGE ( 'NONE', *, *, #8263, .F. ) ;
#7897 = FACE_OUTER_BOUND ( 'NONE', #6786, .T. ) ;
#7898 = ORIENTED_EDGE ( 'NONE', *, *, #4666, .T. ) ;
#7899 = EDGE_CURVE ( 'NONE', #7422, #2576, #994, .T. ) ;
#7900 = ORIENTED_EDGE ( 'NONE', *, *, #1361, .F. ) ;
#7901 = LINE ( 'NONE', #4683, #2482 ) ;
#7902 = ORIENTED_EDGE ( 'NONE', *, *, #7531, .T. ) ;
#7903 = CARTESIAN_POINT ( 'NONE',  ( -24.69849011171107378, -1.512152455818657204, -31.40041777998817096 ) ) ;
#7904 = VECTOR ( 'NONE', #2374, 1000.000000000000000 ) ;
#7905 = DIRECTION ( 'NONE',  ( 0.000000000000000000, 0.000000000000000000, 1.000000000000000000 ) ) ;
#7906 = VERTEX_POINT ( 'NONE', #94 ) ;
#7907 = CARTESIAN_POINT ( 'NONE',  ( -3.299342464345991655, 13.55384754846267903, -56.00041577998817388 ) ) ;
#7908 = DIRECTION ( 'NONE',  ( -0.000000000000000000, -0.000000000000000000, 1.000000000000000000 ) ) ;
#7909 = CARTESIAN_POINT ( 'NONE',  ( -21.53129293635872799, 22.37882621924258331, -40.80041777998818020 ) ) ;
#7910 = ADVANCED_FACE ( 'NONE', ( #2516 ), #1780, .F. ) ;
#7911 = VERTEX_POINT ( 'NONE', #6713 ) ;
#7913 = EDGE_CURVE ( 'NONE', #636, #7394, #4198, .T. ) ;
#7912 = CARTESIAN_POINT ( 'NONE',  ( 36.98149227759007118, -9.733150561326645800, 19.20359732000000008 ) ) ;
#7914 = DIRECTION ( 'NONE',  ( 0.000000000000000000, -1.000000000000000000, 0.000000000000000000 ) ) ;
#7915 = VERTEX_POINT ( 'NONE', #5821 ) ;
#7916 = DIRECTION ( 'NONE',  ( 0.000000000000000000, 0.000000000000000000, -1.000000000000000000 ) ) ;
#7917 = PLANE ( 'NONE',  #8541 ) ;
#7918 = LINE ( 'NONE', #9541, #1582 ) ;
#7919 = VERTEX_POINT ( 'NONE', #9035 ) ;
#7920 = DIRECTION ( 'NONE',  ( 0.000000000000000000, -0.000000000000000000, 1.000000000000000000 ) ) ;
#7921 = FACE_OUTER_BOUND ( 'NONE', #372, .T. ) ;
#7922 = AXIS2_PLACEMENT_3D ( 'NONE', #8757, #3963, #2392 ) ;
#7923 = ORIENTED_EDGE ( 'NONE', *, *, #10372, .T. ) ;
#7924 = EDGE_CURVE ( 'NONE', #8460, #9872, #3233, .T. ) ;
#7925 = ADVANCED_FACE ( 'NONE', ( #1042 ), #6911, .T. ) ;
#7926 = DIRECTION ( 'NONE',  ( 0.000000000000000000, 1.000000000000000000, 0.000000000000000000 ) ) ;
#7927 = CARTESIAN_POINT ( 'NONE',  ( 11.05349142309807675, -1.113214443582986268, 21.40359731999999937 ) ) ;
#7928 = DIRECTION ( 'NONE',  ( -1.000000000000000000, 0.000000000000000000, 0.000000000000000000 ) ) ;
#7929 = DIRECTION ( 'NONE',  ( 0.000000000000000000, 0.000000000000000000, 1.000000000000000000 ) ) ;
#7930 = CARTESIAN_POINT ( 'NONE',  ( 10.85349142309807569, -0.9132144435829862017, 21.40359731999999937 ) ) ;
#7931 = VERTEX_POINT ( 'NONE', #9876 ) ;
#7932 = EDGE_CURVE ( 'NONE', #4990, #7617, #7954, .T. ) ;
#7933 = CIRCLE ( 'NONE', #8261, 0.9999999999999991118 ) ;
#7934 =( NAMED_UNIT ( * ) SI_UNIT ( $, .STERADIAN. ) SOLID_ANGLE_UNIT ( ) );
#7935 = EDGE_CURVE ( 'NONE', #7480, #208, #3067, .T. ) ;
#7936 = EDGE_LOOP ( 'NONE', ( #8377, #1890 ) ) ;
#7937 = LINE ( 'NONE', #678, #6329 ) ;
#7938 = DIRECTION ( 'NONE',  ( 0.000000000000000000, 0.000000000000000000, 1.000000000000000000 ) ) ;
#7939 = VECTOR ( 'NONE', #2565, 1000.000000000000000 ) ;
#7940 = ORIENTED_EDGE ( 'NONE', *, *, #2680, .T. ) ;
#7941 = CARTESIAN_POINT ( 'NONE',  ( 25.40739933464283951, 24.13774319451150774, 22.94244130325967745 ) ) ;
#7942 = CARTESIAN_POINT ( 'NONE',  ( 43.09477099867147132, -12.51215245581865609, 22.99999800000001215 ) ) ;
#7943 = CARTESIAN_POINT ( 'NONE',  ( 16.43349142309807576, -1.524148547166637835, 22.00359731999999724 ) ) ;
#7944 = DIRECTION ( 'NONE',  ( 0.000000000000000000, 0.000000000000000000, 1.000000000000000000 ) ) ;
#7945 = DIRECTION ( 'NONE',  ( -0.000000000000000000, -0.000000000000000000, 1.000000000000000000 ) ) ;
#7946 = AXIS2_PLACEMENT_3D ( 'NONE', #8980, #2458, #7454 ) ;
#7947 = ORIENTED_EDGE ( 'NONE', *, *, #3103, .F. ) ;
#7948 = EDGE_CURVE ( 'NONE', #7376, #1326, #1560, .T. ) ;
#7949 = DIRECTION ( 'NONE',  ( -1.000000000000000000, 0.000000000000000000, 0.000000000000000000 ) ) ;
#7950 = ORIENTED_EDGE ( 'NONE', *, *, #781, .F. ) ;
#7951 = ORIENTED_EDGE ( 'NONE', *, *, #4295, .T. ) ;
#7952 = ORIENTED_EDGE ( 'NONE', *, *, #5217, .F. ) ;
#7953 = DIRECTION ( 'NONE',  ( -0.000000000000000000, -0.000000000000000000, -1.000000000000000000 ) ) ;
#7954 = LINE ( 'NONE', #741, #4069 ) ;
#7955 = ORIENTED_EDGE ( 'NONE', *, *, #1948, .F. ) ;
#7956 = ADVANCED_FACE ( 'NONE', ( #7769 ), #2831, .T. ) ;
#7957 = CIRCLE ( 'NONE', #3412, 1.520000000000000462 ) ;
#7958 = CIRCLE ( 'NONE', #7443, 2.919999999999999041 ) ;
#7959 = CARTESIAN_POINT ( 'NONE',  ( -2.763344253292922659, 14.71614067970500273, -51.07030436098100523 ) ) ;
#7960 = CARTESIAN_POINT ( 'NONE',  ( 7.030438470952728558, 2.686785556416294796, 21.40359731999999937 ) ) ;
#7961 = CARTESIAN_POINT ( 'NONE',  ( 46.81531825448911377, -2.879047117943819067, 18.40359731999999937 ) ) ;
#7962 = ORIENTED_EDGE ( 'NONE', *, *, #2316, .F. ) ;
#7963 = DIRECTION ( 'NONE',  ( 1.462890879734001726E-19, 1.982586837396489249E-35, -1.000000000000000000 ) ) ;
#7964 = DIRECTION ( 'NONE',  ( 0.000000000000000000, 0.000000000000000000, -1.000000000000000000 ) ) ;
#7965 = ORIENTED_EDGE ( 'NONE', *, *, #5152, .T. ) ;
#7966 = AXIS2_PLACEMENT_3D ( 'NONE', #9486, #2288, #5329 ) ;
#7967 = EDGE_CURVE ( 'NONE', #1034, #7623, #9974, .T. ) ;
#7968 = DIRECTION ( 'NONE',  ( -0.7114425483935334915, -0.7027442638224199456, 0.000000000000000000 ) ) ;
#7969 = DIRECTION ( 'NONE',  ( 0.000000000000000000, 0.000000000000000000, -1.000000000000000000 ) ) ;
#7970 = PLANE ( 'NONE',  #3425 ) ;
#7971 = ORIENTED_EDGE ( 'NONE', *, *, #10347, .T. ) ;
#7972 = CARTESIAN_POINT ( 'NONE',  ( -40.99730114935989178, -17.81096349346809049, -32.80041777998817309 ) ) ;
#7973 = CARTESIAN_POINT ( 'NONE',  ( 10.85349142309807569, -0.9132144435829862017, 18.40359731999999937 ) ) ;
#7974 = EDGE_CURVE ( 'NONE', #8654, #1643, #2086, .T. ) ;
#7975 = DIRECTION ( 'NONE',  ( -0.000000000000000000, -0.000000000000000000, 1.000000000000000000 ) ) ;
#7976 = FACE_OUTER_BOUND ( 'NONE', #4951, .T. ) ;
#7977 = DIRECTION ( 'NONE',  ( 0.000000000000000000, 0.000000000000000000, -1.000000000000000000 ) ) ;
#7978 = CARTESIAN_POINT ( 'NONE',  ( -8.065261480578161724, 20.38729634271166091, -50.84588439510051217 ) ) ;
#7979 = DIRECTION ( 'NONE',  ( 1.462890879734001726E-19, 0.000000000000000000, -1.000000000000000000 ) ) ;
#7980 = DIRECTION ( 'NONE',  ( 0.000000000000000000, 0.000000000000000000, 1.000000000000000000 ) ) ;
#7981 = VERTEX_POINT ( 'NONE', #5134 ) ;
#7982 = AXIS2_PLACEMENT_3D ( 'NONE', #1024, #1665, #6594 ) ;
#7983 = EDGE_CURVE ( 'NONE', #6580, #6800, #8501, .T. ) ;
#7984 = CONTEXT_DEPENDENT_SHAPE_REPRESENTATION ( #2174, #5997 ) ;
#7985 = CIRCLE ( 'NONE', #4445, 24.09999999999935838 ) ;
#7986 = VERTEX_POINT ( 'NONE', #3764 ) ;
#7987 = DIRECTION ( 'NONE',  ( 0.000000000000000000, 0.000000000000000000, 1.000000000000000000 ) ) ;
#7988 = CARTESIAN_POINT ( 'NONE',  ( 7.030438470952719676, 4.406785556417013083, 31.63375372154084175 ) ) ;
#7989 = VERTEX_POINT ( 'NONE', #3562 ) ;
#7990 = CARTESIAN_POINT ( 'NONE',  ( 24.73619404387406462, 24.14450948187973722, 22.84197645519341791 ) ) ;
#7991 = FACE_OUTER_BOUND ( 'NONE', #2607, .T. ) ;
#7992 = CARTESIAN_POINT ( 'NONE',  ( 20.86549410864508403, 0.6268492555683596867, 19.20359732000000008 ) ) ;
#7993 = EDGE_CURVE ( 'NONE', #9849, #5506, #3556, .T. ) ;
#7994 = CARTESIAN_POINT ( 'NONE',  ( 24.69849011171107378, -1.512152455818657204, 96.03199646221435160 ) ) ;
#7995 = LINE ( 'NONE', #3890, #7512 ) ;
#7996 = ORIENTED_EDGE ( 'NONE', *, *, #1562, .T. ) ;
#7997 = FACE_OUTER_BOUND ( 'NONE', #1539, .T. ) ;
#7998 = ORIENTED_EDGE ( 'NONE', *, *, #9501, .F. ) ;
#7999 = VERTEX_POINT ( 'NONE', #2777 ) ;
#8000 = EDGE_LOOP ( 'NONE', ( #6920, #8286, #4038, #619 ) ) ;
#8001 = FACE_OUTER_BOUND ( 'NONE', #8917, .T. ) ;
#8002 = ORIENTED_EDGE ( 'NONE', *, *, #827, .F. ) ;
#8003 = CIRCLE ( 'NONE', #10003, 1.000000000000000888 ) ;
#8004 = PLANE ( 'NONE',  #2547 ) ;
#8005 = DIRECTION ( 'NONE',  ( 0.000000000000000000, 0.000000000000000000, -1.000000000000000000 ) ) ;
#8006 = AXIS2_PLACEMENT_3D ( 'NONE', #9468, #4731, #207 ) ;
#8007 = VECTOR ( 'NONE', #6943, 1000.000000000000000 ) ;
#8008 = CARTESIAN_POINT ( 'NONE',  ( 0.2950740483837893668, 17.31450315569726683, -53.65041577998817957 ) ) ;
#8009 = EDGE_LOOP ( 'NONE', ( #7517, #7965, #6721, #2081 ) ) ;
#8010 = DIRECTION ( 'NONE',  ( 0.000000000000000000, 0.000000000000000000, -1.000000000000000000 ) ) ;
#8011 = FACE_OUTER_BOUND ( 'NONE', #296, .T. ) ;
#8012 = ORIENTED_EDGE ( 'NONE', *, *, #5652, .T. ) ;
#8013 = DIRECTION ( 'NONE',  ( -0.000000000000000000, -0.000000000000000000, 1.000000000000000000 ) ) ;
#8014 = AXIS2_PLACEMENT_3D ( 'NONE', #2765, #5967, #403 ) ;
#8015 = DIRECTION ( 'NONE',  ( 0.000000000000000000, 0.000000000000000000, 1.000000000000000000 ) ) ;
#8016 = VECTOR ( 'NONE', #4819, 1000.000000000000000 ) ;
#8017 = CARTESIAN_POINT ( 'NONE',  ( 24.69849011171107378, 12.22185072041135889, 18.40359731999999937 ) ) ;
#8018 = ORIENTED_EDGE ( 'NONE', *, *, #9010, .F. ) ;
#8019 = AXIS2_PLACEMENT_3D ( 'NONE', #7733, #5361, #3726 ) ;
#8020 = CARTESIAN_POINT ( 'NONE',  ( 40.59477099867146421, -12.51215245581865609, 23.19999800000000079 ) ) ;
#8021 = CARTESIAN_POINT ( 'NONE',  ( -9.650410952386433650, 20.26812554838342706, -37.61027914159473085 ) ) ;
#8022 = CIRCLE ( 'NONE', #2989, 25.78852460972969851 ) ;
#8023 = CARTESIAN_POINT ( 'NONE',  ( 40.39477099867147558, -1.512152455818657204, 21.99999800000000150 ) ) ;
#8024 = CARTESIAN_POINT ( 'NONE',  ( 26.00425491905594200, -27.22909651690386212, 23.05468615405289512 ) ) ;
#8025 = CARTESIAN_POINT ( 'NONE',  ( -8.411020252417529264, 20.64565335802460666, -51.23468104511559318 ) ) ;
#8026 = EDGE_CURVE ( 'NONE', #5675, #5677, #9450, .T. ) ;
#8027 = LINE ( 'NONE', #9447, #8868 ) ;
#8028 = CARTESIAN_POINT ( 'NONE',  ( 29.79477099867146350, -1.512152455818658092, 23.19999800000000079 ) ) ;
#8029 = EDGE_CURVE ( 'NONE', #6631, #8581, #2892, .T. ) ;
#8030 = VERTEX_POINT ( 'NONE', #8451 ) ;
#8031 = CIRCLE ( 'NONE', #7019, 0.7499999999999972244 ) ;
#8032 = EDGE_CURVE ( 'NONE', #8931, #9834, #2229, .T. ) ;
#8033 = ORIENTED_EDGE ( 'NONE', *, *, #6628, .T. ) ;
#8034 = ORIENTED_EDGE ( 'NONE', *, *, #1090, .F. ) ;
#8035 = LINE ( 'NONE', #4869, #4315 ) ;
#8036 = DIRECTION ( 'NONE',  ( -0.000000000000000000, -0.000000000000000000, 1.000000000000000000 ) ) ;
#8037 = EDGE_CURVE ( 'NONE', #985, #3500, #9270, .T. ) ;
#8038 = VERTEX_POINT ( 'NONE', #1933 ) ;
#8039 = CARTESIAN_POINT ( 'NONE',  ( 25.62656290417375615, 24.13270731404524483, 23.01233370780626686 ) ) ;
#8040 = CARTESIAN_POINT ( 'NONE',  ( 23.17849011171107421, 21.53784716418134693, 96.03199646221435160 ) ) ;
#8041 = LINE ( 'NONE', #9564, #1832 ) ;
#8042 = B_SPLINE_CURVE_WITH_KNOTS ( 'NONE', 3,
 ( #4620, #4569, #9518, #6363 ),
 .UNSPECIFIED., .F., .F.,
 ( 4, 4 ),
 ( 0.000000000000000000, 0.0005021313631345555818 ),
 .UNSPECIFIED. ) ;
#8043 = AXIS2_PLACEMENT_3D ( 'NONE', #4325, #6791, #9948 ) ;
#8044 = VERTEX_POINT ( 'NONE', #10027 ) ;
#8045 = CARTESIAN_POINT ( 'NONE',  ( -8.479594318002169118, 20.69589606792181868, -53.65041577998819378 ) ) ;
#8046 = CARTESIAN_POINT ( 'NONE',  ( -3.607124903234843138, 14.15003814615602806, -51.00041577998818099 ) ) ;
#8047 = AXIS2_PLACEMENT_3D ( 'NONE', #10089, #2997, #7626 ) ;
#8048 = VECTOR ( 'NONE', #8806, 1000.000000000000000 ) ;
#8049 = EDGE_LOOP ( 'NONE', ( #4882, #5023 ) ) ;
#8050 = DIRECTION ( 'NONE',  ( 1.000000000000000000, 0.000000000000000000, 0.000000000000000000 ) ) ;
#8051 = ORIENTED_EDGE ( 'NONE', *, *, #8885, .T. ) ;
#8052 = EDGE_CURVE ( 'NONE', #2251, #4508, #1203, .T. ) ;
#8053 = ORIENTED_EDGE ( 'NONE', *, *, #8813, .T. ) ;
#8054 = EDGE_CURVE ( 'NONE', #6950, #5305, #8352, .T. ) ;
#8055 = ORIENTED_EDGE ( 'NONE', *, *, #2136, .T. ) ;
#8056 = CARTESIAN_POINT ( 'NONE',  ( -5.750064449065820149, 13.37969648603532491, -32.80041777998817309 ) ) ;
#8057 = ORIENTED_EDGE ( 'NONE', *, *, #6755, .F. ) ;
#8058 = CIRCLE ( 'NONE', #10243, 2.649999999999992806 ) ;
#8059 = PLANE ( 'NONE',  #4394 ) ;
#8060 = DIRECTION ( 'NONE',  ( -0.7071067811865536790, 0.000000000000000000, -0.7071067811865414665 ) ) ;
#8061 = CARTESIAN_POINT ( 'NONE',  ( 42.34477099867147132, -12.51215245581865609, 23.19999800000000079 ) ) ;
#8062 = AXIS2_PLACEMENT_3D ( 'NONE', #9782, #319, #6572 ) ;
#8063 = EDGE_LOOP ( 'NONE', ( #1556, #3228 ) ) ;
#8064 = CARTESIAN_POINT ( 'NONE',  ( -20.89227580076976309, 21.53784716417489165, -32.80041777998817309 ) ) ;
#8065 = CARTESIAN_POINT ( 'NONE',  ( 23.78166302866534210, 24.22153246267175675, 22.90320450246018069 ) ) ;
#8066 = ORIENTED_EDGE ( 'NONE', *, *, #6498, .T. ) ;
#8067 = DIRECTION ( 'NONE',  ( -1.000000000000000000, 0.000000000000000000, 0.000000000000000000 ) ) ;
#8068 = DIRECTION ( 'NONE',  ( 0.000000000000000000, 0.000000000000000000, -1.000000000000000000 ) ) ;
#8069 = DIRECTION ( 'NONE',  ( 0.000000000000000000, 0.000000000000000000, -1.000000000000000000 ) ) ;
#8070 = EDGE_LOOP ( 'NONE', ( #1082, #1005, #7288, #2311, #10064, #1855, #3024, #8053, #8551, #5367, #4045, #6753, #2747, #4506, #944, #9620, #2575, #6853, #7411, #6055, #9129, #1501, #9498, #4830, #5435, #9917, #1674, #2421, #3200, #7640, #9031 ) ) ;
#8071 = CARTESIAN_POINT ( 'NONE',  ( 23.17849011171107421, -24.56215207581864135, 21.59999799999998160 ) ) ;
#8072 = DIRECTION ( 'NONE',  ( 1.000000000000000000, 0.000000000000000000, 0.000000000000000000 ) ) ;
#8073 = LINE ( 'NONE', #8912, #9650 ) ;
#8074 = CARTESIAN_POINT ( 'NONE',  ( 25.94256833606304369, -27.23215786899322666, 23.02749112751018146 ) ) ;
#8075 = CARTESIAN_POINT ( 'NONE',  ( -8.221663874916954384, 20.50521865747306549, -50.95394725164552341 ) ) ;
#8076 = PLANE ( 'NONE',  #2155 ) ;
#8077 = CARTESIAN_POINT ( 'NONE',  ( 11.05349142309807675, -1.563214443583704316, 18.40359731999999937 ) ) ;
#8078 = ORIENTED_EDGE ( 'NONE', *, *, #9710, .T. ) ;
#8079 = EDGE_CURVE ( 'NONE', #4080, #10146, #10108, .T. ) ;
#8080 = AXIS2_PLACEMENT_3D ( 'NONE', #10155, #2905, #2226 ) ;
#8081 = EDGE_CURVE ( 'NONE', #2319, #81, #461, .T. ) ;
#8082 = DIRECTION ( 'NONE',  ( 0.000000000000000000, 0.000000000000000000, 1.000000000000000000 ) ) ;
#8083 = ORIENTED_EDGE ( 'NONE', *, *, #7761, .T. ) ;
#8084 = ORIENTED_EDGE ( 'NONE', *, *, #3330, .F. ) ;
#8085 = CARTESIAN_POINT ( 'NONE',  ( 32.20649282690607151, 11.22185072041136067, 19.20359732000000008 ) ) ;
#8086 = CARTESIAN_POINT ( 'NONE',  ( 25.39477099867147203, 9.487847544181342130, 22.99999800000001215 ) ) ;
#8087 = EDGE_LOOP ( 'NONE', ( #5763, #3293, #9776, #9375, #3214 ) ) ;
#8088 = CARTESIAN_POINT ( 'NONE',  ( 26.18571625020409499, 24.19493089609026271, 23.14079210162957878 ) ) ;
#8089 = CARTESIAN_POINT ( 'NONE',  ( 45.99477099867146990, -1.512152455818663865, 23.19999800000000079 ) ) ;
#8090 = DIRECTION ( 'NONE',  ( 1.000000000000000000, 1.355252715607189184E-16, 0.000000000000000000 ) ) ;
#8091 = AXIS2_PLACEMENT_3D ( 'NONE', #153, #6664, #3364 ) ;
#8092 = DIRECTION ( 'NONE',  ( -1.000000000000000000, -1.694065894508986234E-16, 0.000000000000000000 ) ) ;
#8093 = EDGE_CURVE ( 'NONE', #7376, #7814, #7615, .T. ) ;
#8094 = CARTESIAN_POINT ( 'NONE',  ( -50.59849011171107236, -1.512152455818654095, -56.00041577998818099 ) ) ;
#8095 = ADVANCED_FACE ( 'NONE', ( #1255 ), #4450, .F. ) ;
#8096 = EDGE_LOOP ( 'NONE', ( #8785, #8266, #2508, #10179 ) ) ;
#8097 = CARTESIAN_POINT ( 'NONE',  ( 2.581661968933036011, -2.879047117943972278, 18.40359731999999937 ) ) ;
#8098 = ORIENTED_EDGE ( 'NONE', *, *, #5568, .F. ) ;
#8099 = ORIENTED_EDGE ( 'NONE', *, *, #2709, .T. ) ;
#8100 = LINE ( 'NONE', #946, #6675 ) ;
#8101 = ORIENTED_EDGE ( 'NONE', *, *, #4174, .F. ) ;
#8102 = CARTESIAN_POINT ( 'NONE',  ( -24.69849011171107378, -1.512152455818657204, -31.40041777998817096 ) ) ;
#8103 = ORIENTED_EDGE ( 'NONE', *, *, #6552, .F. ) ;
#8104 = VECTOR ( 'NONE', #5395, 1000.000000000000114 ) ;
#8105 = FACE_OUTER_BOUND ( 'NONE', #4575, .T. ) ;
#8106 = EDGE_CURVE ( 'NONE', #1196, #2345, #6912, .T. ) ;
#8107 = LINE ( 'NONE', #4842, #1794 ) ;
#8108 = AXIS2_PLACEMENT_3D ( 'NONE', #6478, #7222, #9692 ) ;
#8109 = LINE ( 'NONE', #8264, #4983 ) ;
#8110 = ORIENTED_EDGE ( 'NONE', *, *, #7433, .T. ) ;
#8111 = ORIENTED_EDGE ( 'NONE', *, *, #5862, .T. ) ;
#8112 = DIRECTION ( 'NONE',  ( 1.462890879734001004E-19, 3.738525562561800423E-35, -1.000000000000000000 ) ) ;
#8113 = CARTESIAN_POINT ( 'NONE',  ( 24.95466378018168996, 24.23661984438483330, 22.76047882385747201 ) ) ;
#8114 = EDGE_LOOP ( 'NONE', ( #9994, #793, #206, #4190 ) ) ;
#8115 = DIRECTION ( 'NONE',  ( -0.7071067811865536790, 0.000000000000000000, -0.7071067811865414665 ) ) ;
#8116 = DIRECTION ( 'NONE',  ( 1.000000000000000000, 0.000000000000000000, -0.000000000000000000 ) ) ;
#8117 = DIRECTION ( 'NONE',  ( 1.577021341797097560E-16, 1.000000000000000000, 0.000000000000000000 ) ) ;
#8118 = ORIENTED_EDGE ( 'NONE', *, *, #5180, .T. ) ;
#8119 = CIRCLE ( 'NONE', #6433, 1.000000000000000888 ) ;
#8120 = DIRECTION ( 'NONE',  ( 1.000000000000000000, 0.000000000000000000, 0.000000000000000000 ) ) ;
#8121 = EDGE_CURVE ( 'NONE', #8163, #5256, #6186, .T. ) ;
#8122 = CARTESIAN_POINT ( 'NONE',  ( 23.89723748103899226, 24.13582410985426918, 22.96958332945960990 ) ) ;
#8123 = VECTOR ( 'NONE', #3752, 1000.000000000000000 ) ;
#8124 = DIRECTION ( 'NONE',  ( -1.577021341797097560E-16, -1.000000000000000000, 0.000000000000000000 ) ) ;
#8125 = DIRECTION ( 'NONE',  ( -0.000000000000000000, 0.000000000000000000, -1.000000000000000000 ) ) ;
#8126 = CARTESIAN_POINT ( 'NONE',  ( 25.62594318570360485, -27.24544979230471498, 22.90678316798507907 ) ) ;
#8127 = CARTESIAN_POINT ( 'NONE',  ( -7.968031227011063145, 20.05947624438782739, -50.99041631664717045 ) ) ;
#8128 = CARTESIAN_POINT ( 'NONE',  ( -2.782938636173277303, 14.74561646557214623, -54.18929181117015048 ) ) ;
#8129 = DIRECTION ( 'NONE',  ( -1.577021341797097560E-16, -1.000000000000000000, 0.000000000000000000 ) ) ;
#8130 = ORIENTED_EDGE ( 'NONE', *, *, #1992, .T. ) ;
#8131 = ORIENTED_EDGE ( 'NONE', *, *, #2212, .T. ) ;
#8132 = VERTEX_POINT ( 'NONE', #6966 ) ;
#8133 = AXIS2_PLACEMENT_3D ( 'NONE', #2924, #6707, #6075 ) ;
#8134 = CARTESIAN_POINT ( 'NONE',  ( 43.29477099867145995, -12.51215245581865609, 23.19999800000000079 ) ) ;
#8135 = DIRECTION ( 'NONE',  ( 1.000000000000000000, 0.000000000000000000, -0.000000000000000000 ) ) ;
#8136 = ORIENTED_EDGE ( 'NONE', *, *, #3148, .T. ) ;
#8137 = PLANE ( 'NONE',  #6533 ) ;
#8138 = DIRECTION ( 'NONE',  ( 0.000000000000000000, 0.000000000000000000, 1.000000000000000000 ) ) ;
#8139 = CARTESIAN_POINT ( 'NONE',  ( -5.750064449065816596, 13.37969648603533201, -36.80041777998817309 ) ) ;
#8140 = DIRECTION ( 'NONE',  ( 1.000000000000000000, 0.000000000000000000, 0.000000000000000000 ) ) ;
#8141 = ORIENTED_EDGE ( 'NONE', *, *, #5511, .T. ) ;
#8142 = AXIS2_PLACEMENT_3D ( 'NONE', #869, #3393, #6592 ) ;
#8143 = DIRECTION ( 'NONE',  ( -1.000000000000000000, 0.000000000000000000, 0.000000000000000000 ) ) ;
#8144 = CARTESIAN_POINT ( 'NONE',  ( 25.39477099867147203, -1.512152455818657204, 22.99999800000001215 ) ) ;
#8145 = EDGE_CURVE ( 'NONE', #9849, #4541, #10181, .T. ) ;
#8146 = ORIENTED_EDGE ( 'NONE', *, *, #2105, .F. ) ;
#8147 = LINE ( 'NONE', #942, #4804 ) ;
#8148 = ORIENTED_EDGE ( 'NONE', *, *, #5194, .T. ) ;
#8149 = ORIENTED_EDGE ( 'NONE', *, *, #7177, .T. ) ;
#8150 = FACE_OUTER_BOUND ( 'NONE', #5091, .T. ) ;
#8151 = EDGE_LOOP ( 'NONE', ( #3176, #1754, #7541, #3845 ) ) ;
#8152 = CARTESIAN_POINT ( 'NONE',  ( 24.69849011171107378, -24.56215207581864135, 21.59999799999998160 ) ) ;
#8153 = EDGE_CURVE ( 'NONE', #5453, #6098, #2199, .T. ) ;
#8154 = VERTEX_POINT ( 'NONE', #1411 ) ;
#8155 = CARTESIAN_POINT ( 'NONE',  ( -2.335185952288010736, 14.49199262817302802, -51.25883474149710395 ) ) ;
#8156 = PLANE ( 'NONE',  #10354 ) ;
#8157 = EDGE_CURVE ( 'NONE', #5430, #7734, #3083, .T. ) ;
#8158 = CARTESIAN_POINT ( 'NONE',  ( 29.59477099867147132, -1.512152455818658092, 21.99999800000000150 ) ) ;
#8159 = EDGE_LOOP ( 'NONE', ( #9741, #9983 ) ) ;
#8160 = ORIENTED_EDGE ( 'NONE', *, *, #1019, .T. ) ;
#8161 = CARTESIAN_POINT ( 'NONE',  ( 39.08049337622307462, 11.47584852314635206, 19.20359732000000008 ) ) ;
#8162 = CARTESIAN_POINT ( 'NONE',  ( 24.00259844974659629, 24.22848898391927008, 22.83821175226914590 ) ) ;
#8163 = VERTEX_POINT ( 'NONE', #6958 ) ;
#8164 = CARTESIAN_POINT ( 'NONE',  ( -8.243639730042051639, 20.25025246699759407, -51.10236028340181491 ) ) ;
#8165 = EDGE_CURVE ( 'NONE', #5305, #8973, #40, .T. ) ;
#8166 = CARTESIAN_POINT ( 'NONE',  ( 40.20749282690607629, -14.01615056132663995, 19.20359732000000008 ) ) ;
#8167 = CARTESIAN_POINT ( 'NONE',  ( 31.54477099867147061, -12.51215245581865609, 21.99999800000000150 ) ) ;
#8168 = ORIENTED_EDGE ( 'NONE', *, *, #2956, .F. ) ;
#8169 = CIRCLE ( 'NONE', #7322, 0.9499999999999925171 ) ;
#8170 = FACE_OUTER_BOUND ( 'NONE', #2972, .T. ) ;
#8171 = CARTESIAN_POINT ( 'NONE',  ( 25.59249728909449928, 24.13361744120530261, 23.00005099227012551 ) ) ;
#8172 = AXIS2_PLACEMENT_3D ( 'NONE', #6372, #4104, #9579 ) ;
#8173 = CARTESIAN_POINT ( 'NONE',  ( -8.329316773820963249, 20.30781079198503392, -54.04705074102216855 ) ) ;
#8174 = CIRCLE ( 'NONE', #10016, 1.520000000000000462 ) ;
#8175 = AXIS2_PLACEMENT_3D ( 'NONE', #5934, #6824, #6085 ) ;
#8176 = FACE_OUTER_BOUND ( 'NONE', #8993, .T. ) ;
#8177 = LINE ( 'NONE', #185, #3441 ) ;
#8178 = CARTESIAN_POINT ( 'NONE',  ( -8.315466367641475287, 20.57510221637784653, -51.06083528506231062 ) ) ;
#8179 = EDGE_CURVE ( 'NONE', #2753, #4786, #2131, .T. ) ;
#8180 = CARTESIAN_POINT ( 'NONE',  ( -2.735837422000851227, 14.67454864252083802, -54.13941906786778446 ) ) ;
#8181 = LINE ( 'NONE', #9648, #6608 ) ;
#8182 = EDGE_LOOP ( 'NONE', ( #2521, #9877, #3035, #5730 ) ) ;
#8183 = EDGE_CURVE ( 'NONE', #9005, #7231, #171, .T. ) ;
#8184 = VECTOR ( 'NONE', #6407, 999.9999999999998863 ) ;
#8185 = AXIS2_PLACEMENT_3D ( 'NONE', #9580, #4694, #7059 ) ;
#8186 = AXIS2_PLACEMENT_3D ( 'NONE', #3930, #4504, #4608 ) ;
#8187 = ORIENTED_EDGE ( 'NONE', *, *, #3704, .F. ) ;
#8188 = EDGE_LOOP ( 'NONE', ( #2148, #103, #6947, #5130, #6550, #5254, #5020, #6384 ) ) ;
#8189 = FACE_OUTER_BOUND ( 'NONE', #2142, .T. ) ;
#8190 = DIRECTION ( 'NONE',  ( -0.000000000000000000, -0.000000000000000000, 1.000000000000000000 ) ) ;
#8191 = ORIENTED_EDGE ( 'NONE', *, *, #529, .T. ) ;
#8192 = FACE_OUTER_BOUND ( 'NONE', #6011, .T. ) ;
#8193 = AXIS2_PLACEMENT_3D ( 'NONE', #6150, #7586, #6787 ) ;
#8194 = CARTESIAN_POINT ( 'NONE',  ( 15.84674818352332260, 12.02291697121184200, 40.75345354922610142 ) ) ;
#8195 = DIRECTION ( 'NONE',  ( 0.000000000000000000, 0.000000000000000000, -1.000000000000000000 ) ) ;
#8196 = VECTOR ( 'NONE', #6909, 1000.000000000000000 ) ;
#8197 = LINE ( 'NONE', #6612, #1284 ) ;
#8198 = CARTESIAN_POINT ( 'NONE',  ( 37.89477099867146137, -1.512152455818661423, 23.19999800000000079 ) ) ;
#8199 = VERTEX_POINT ( 'NONE', #7875 ) ;
#8200 = DIRECTION ( 'NONE',  ( -1.000000000000000000, 0.000000000000000000, 0.000000000000000000 ) ) ;
#8201 = ORIENTED_EDGE ( 'NONE', *, *, #7083, .F. ) ;
#8202 = AXIS2_PLACEMENT_3D ( 'NONE', #1758, #4953, #9690 ) ;
#8203 = EDGE_LOOP ( 'NONE', ( #4884, #1689, #5460, #7962, #6662, #4380, #1414, #10309 ) ) ;
#8204 = CARTESIAN_POINT ( 'NONE',  ( 10.21634258731288192, 19.77939288691226594, 96.03199646221435160 ) ) ;
#8205 = ORIENTED_EDGE ( 'NONE', *, *, #340, .F. ) ;
#8206 = DIRECTION ( 'NONE',  ( -0.000000000000000000, -0.000000000000000000, -1.000000000000000000 ) ) ;
#8207 = ORIENTED_EDGE ( 'NONE', *, *, #6499, .F. ) ;
#8208 = CARTESIAN_POINT ( 'NONE',  ( -2.518477233556479344, 14.74506625646419877, -50.91037061588819057 ) ) ;
#8209 = EDGE_CURVE ( 'NONE', #6582, #9683, #6904, .T. ) ;
#8210 = AXIS2_PLACEMENT_3D ( 'NONE', #3203, #5456, #5662 ) ;
#8211 = AXIS2_PLACEMENT_3D ( 'NONE', #609, #7715, #8657 ) ;
#8212 = FACE_OUTER_BOUND ( 'NONE', #331, .T. ) ;
#8213 = CARTESIAN_POINT ( 'NONE',  ( -3.262138693583878091, 13.80078183658516799, -51.59041577998818440 ) ) ;
#8214 = ORIENTED_EDGE ( 'NONE', *, *, #6281, .T. ) ;
#8215 = VERTEX_POINT ( 'NONE', #8598 ) ;
#8216 = FACE_OUTER_BOUND ( 'NONE', #5740, .T. ) ;
#8217 = EDGE_LOOP ( 'NONE', ( #9829, #6888, #5703, #8083 ) ) ;
#8218 = CARTESIAN_POINT ( 'NONE',  ( -8.360784434715521130, 20.32875060469294581, -51.23988692818990387 ) ) ;
#8219 = DIRECTION ( 'NONE',  ( 0.000000000000000000, 0.000000000000000000, 1.000000000000000000 ) ) ;
#8220 = DIRECTION ( 'NONE',  ( 0.7114425483935481465, -0.7027442638224048466, 0.000000000000000000 ) ) ;
#8221 = ORIENTED_EDGE ( 'NONE', *, *, #4317, .F. ) ;
#8222 = DIRECTION ( 'NONE',  ( 0.000000000000000000, -1.000000000000000000, 0.000000000000000000 ) ) ;
#8223 = CARTESIAN_POINT ( 'NONE',  ( 23.57981788490746311, 24.12709036292463338, 23.08636224920362423 ) ) ;
#8224 = AXIS2_PLACEMENT_3D ( 'NONE', #1791, #4152, #2627 ) ;
#8225 = EDGE_CURVE ( 'NONE', #117, #9050, #8934, .T. ) ;
#8226 = ADVANCED_FACE ( 'NONE', ( #7708 ), #450, .F. ) ;
#8227 = CARTESIAN_POINT ( 'NONE',  ( -8.222869716008323948, 20.23617475208857286, -54.15516585499435820 ) ) ;
#8228 = DIRECTION ( 'NONE',  ( -1.000000000000000000, 0.000000000000000000, 0.000000000000000000 ) ) ;
#8229 = CARTESIAN_POINT ( 'NONE',  ( -6.192582273723351349, 16.76749726338618629, -37.61027914159473085 ) ) ;
#8230 = CARTESIAN_POINT ( 'NONE',  ( 25.81716235458048558, 24.12709038455214738, 23.08636222845598596 ) ) ;
#8231 = CARTESIAN_POINT ( 'NONE',  ( -2.607531736300801484, 14.47659641465264535, -53.80727273576642489 ) ) ;
#8232 = FACE_OUTER_BOUND ( 'NONE', #9247, .T. ) ;
#8233 = VERTEX_POINT ( 'NONE', #8491 ) ;
#8234 = EDGE_CURVE ( 'NONE', #6785, #9009, #415, .T. ) ;
#8235 = EDGE_CURVE ( 'NONE', #7216, #9213, #8435, .T. ) ;
#8236 = EDGE_LOOP ( 'NONE', ( #7022, #9732, #514, #9467 ) ) ;
#8237 = ORIENTED_EDGE ( 'NONE', *, *, #3552, .F. ) ;
#8238 = ADVANCED_FACE ( 'NONE', ( #3656 ), #10171, .F. ) ;
#8239 = CARTESIAN_POINT ( 'NONE',  ( 39.20749282690607629, -1.512152455818657204, 18.40359731999999937 ) ) ;
#8240 = DIRECTION ( 'NONE',  ( 0.000000000000000000, 0.000000000000000000, -1.000000000000000000 ) ) ;
#8241 = DIRECTION ( 'NONE',  ( 0.000000000000000000, 0.000000000000000000, 1.000000000000000000 ) ) ;
#8242 = ORIENTED_EDGE ( 'NONE', *, *, #2710, .F. ) ;
#8243 = DIRECTION ( 'NONE',  ( 0.000000000000000000, 0.000000000000000000, -1.000000000000000000 ) ) ;
#8244 = CARTESIAN_POINT ( 'NONE',  ( 44.85549337622308030, 11.47584852314635206, 19.20359732000000008 ) ) ;
#8245 = DIRECTION ( 'NONE',  ( 1.000000000000000000, 0.000000000000000000, 0.000000000000000000 ) ) ;
#8246 = ORIENTED_EDGE ( 'NONE', *, *, #6310, .F. ) ;
#8247 = CARTESIAN_POINT ( 'NONE',  ( 1.931601193216472057, 0.5709414337378492244, 18.40359731999999937 ) ) ;
#8248 = ADVANCED_FACE ( 'NONE', ( #5333, #1350 ), #5386, .F. ) ;
#8249 = CARTESIAN_POINT ( 'NONE',  ( -0.1265725099096649819, 17.74136868473338779, -50.99041577998818298 ) ) ;
#8250 = ORIENTED_EDGE ( 'NONE', *, *, #8287, .F. ) ;
#8251 = DIRECTION ( 'NONE',  ( 1.000000000000000000, 0.000000000000000000, 0.000000000000000000 ) ) ;
#8252 = EDGE_LOOP ( 'NONE', ( #7632, #5538, #3947, #7902 ) ) ;
#8253 = AXIS2_PLACEMENT_3D ( 'NONE', #2650, #5110, #8328 ) ;
#8254 = ORIENTED_EDGE ( 'NONE', *, *, #7822, .F. ) ;
#8255 = CARTESIAN_POINT ( 'NONE',  ( 25.85622236116863348, -27.20757705916928160, 23.02851183472357377 ) ) ;
#8256 = ORIENTED_EDGE ( 'NONE', *, *, #7967, .F. ) ;
#8257 = CARTESIAN_POINT ( 'NONE',  ( 36.98149227759007118, -14.01615056132663106, 19.20359732000000008 ) ) ;
#8258 = VERTEX_POINT ( 'NONE', #7758 ) ;
#8259 = PRODUCT ( '配合图纸', '配合图纸', '', ( #3928 ) ) ;
#8260 = CARTESIAN_POINT ( 'NONE',  ( -2.600379516454109918, 14.46537017131320724, -51.49219324818484722 ) ) ;
#8261 = AXIS2_PLACEMENT_3D ( 'NONE', #3266, #9677, #4103 ) ;
#8262 = FACE_OUTER_BOUND ( 'NONE', #914, .T. ) ;
#8263 = EDGE_CURVE ( 'NONE', #114, #7986, #386, .T. ) ;
#8264 = CARTESIAN_POINT ( 'NONE',  ( 3.479647415838296620, 13.07630923991218452, 96.03199646221435160 ) ) ;
#8265 = VERTEX_POINT ( 'NONE', #6072 ) ;
#8266 = ORIENTED_EDGE ( 'NONE', *, *, #9010, .T. ) ;
#8267 = FACE_OUTER_BOUND ( 'NONE', #8726, .T. ) ;
#8268 = EDGE_CURVE ( 'NONE', #1278, #8274, #6253, .T. ) ;
#8269 = ORIENTED_EDGE ( 'NONE', *, *, #7338, .T. ) ;
#8270 = CARTESIAN_POINT ( 'NONE',  ( -8.329941908287377572, 20.30823403496491153, -51.19426091231348153 ) ) ;
#8271 = AXIS2_PLACEMENT_3D ( 'NONE', #3459, #5081, #6510 ) ;
#8272 = LINE ( 'NONE', #2435, #6689 ) ;
#8273 = DIRECTION ( 'NONE',  ( 0.000000000000000000, 0.000000000000000000, 1.000000000000000000 ) ) ;
#8274 = VERTEX_POINT ( 'NONE', #9385 ) ;
#8275 = AXIS2_PLACEMENT_3D ( 'NONE', #6938, #7690, #6314 ) ;
#8276 = CARTESIAN_POINT ( 'NONE',  ( -8.399679074061729978, -17.81096349346800878, -40.80041777998818020 ) ) ;
#8277 = DIRECTION ( 'NONE',  ( -0.000000000000000000, -0.000000000000000000, -1.000000000000000000 ) ) ;
#8278 = DIRECTION ( 'NONE',  ( 1.000000000000000000, 0.000000000000000000, 0.000000000000000000 ) ) ;
#8279 = EDGE_CURVE ( 'NONE', #1174, #9600, #7813, .T. ) ;
#8280 = CIRCLE ( 'NONE', #10301, 0.9999999999999991118 ) ;
#8281 = LINE ( 'NONE', #975, #1772 ) ;
#8282 = CARTESIAN_POINT ( 'NONE',  ( 25.33216321972902918, -27.25437554199842438, 22.82322250299937139 ) ) ;
#8283 = DIRECTION ( 'NONE',  ( -1.000000000000000000, 0.000000000000000000, 0.000000000000000000 ) ) ;
#8284 = CARTESIAN_POINT ( 'NONE',  ( -2.701687587388418077, 14.62249141463677482, -54.08961171392181200 ) ) ;
#8285 = CARTESIAN_POINT ( 'NONE',  ( 24.29515672121803149, -27.25904085830690704, 22.77866260729479464 ) ) ;
#8286 = ORIENTED_EDGE ( 'NONE', *, *, #6308, .F. ) ;
#8287 = EDGE_CURVE ( 'NONE', #1547, #7204, #3071, .T. ) ;
#8288 = VECTOR ( 'NONE', #7829, 1000.000000000000000 ) ;
#8289 = PRESENTATION_LAYER_ASSIGNMENT (  '', '', ( #1070 ) ) ;
#8290 = EDGE_LOOP ( 'NONE', ( #6602, #69, #1176, #1507 ) ) ;
#8291 = VERTEX_POINT ( 'NONE', #4066 ) ;
#8292 = FACE_OUTER_BOUND ( 'NONE', #4273, .T. ) ;
#8293 = LINE ( 'NONE', #1088, #7129 ) ;
#8294 = CARTESIAN_POINT ( 'NONE',  ( 34.99477099867146990, 9.487847544181342130, 22.99999800000001215 ) ) ;
#8295 = VERTEX_POINT ( 'NONE', #7973 ) ;
#8296 = CARTESIAN_POINT ( 'NONE',  ( 14.85349142309807391, -1.524148547166637835, 22.00359731999999724 ) ) ;
#8297 = CARTESIAN_POINT ( 'NONE',  ( 9.630438470952361385, 5.206785556416654082, 21.40359731999999937 ) ) ;
#8298 = VECTOR ( 'NONE', #1228, 1000.000000000000000 ) ;
#8299 = CARTESIAN_POINT ( 'NONE',  ( 1.931661972262772586, -2.879058568955646269, 18.40359731999999937 ) ) ;
#8300 = ADVANCED_FACE ( 'NONE', ( #3231 ), #1607, .F. ) ;
#8301 = EDGE_CURVE ( 'NONE', #3372, #8274, #917, .T. ) ;
#8302 = ORIENTED_EDGE ( 'NONE', *, *, #2097, .T. ) ;
#8303 = CARTESIAN_POINT ( 'NONE',  ( 9.630438470952455532, -8.063214443583346380, 22.99999800000001215 ) ) ;
#8304 = EDGE_CURVE ( 'NONE', #8258, #4985, #6899, .T. ) ;
#8305 = CARTESIAN_POINT ( 'NONE',  ( -0.9246057082889275192, 6.319848523146355923, 19.20359732000000008 ) ) ;
#8306 = AXIS2_PLACEMENT_3D ( 'NONE', #234, #5698, #9753 ) ;
#8307 = ORIENTED_EDGE ( 'NONE', *, *, #7152, .T. ) ;
#8308 = DIRECTION ( 'NONE',  ( -0.000000000000000000, -0.000000000000000000, 1.000000000000000000 ) ) ;
#8309 = EDGE_LOOP ( 'NONE', ( #1853, #9102, #9149, #3584 ) ) ;
#8310 = ORIENTED_EDGE ( 'NONE', *, *, #9389, .F. ) ;
#8311 = CARTESIAN_POINT ( 'NONE',  ( -7.829001579289466051, 20.20582066909555152, -50.79041577998818724 ) ) ;
#8312 = ORIENTED_EDGE ( 'NONE', *, *, #8468, .F. ) ;
#8313 = CARTESIAN_POINT ( 'NONE',  ( -24.69849011171107378, -1.512152455818657204, -40.80041777998818020 ) ) ;
#8314 = EDGE_CURVE ( 'NONE', #10191, #2093, #9640, .T. ) ;
#8315 = AXIS2_PLACEMENT_3D ( 'NONE', #4960, #1664, #7436 ) ;
#8316 = CARTESIAN_POINT ( 'NONE',  ( -2.532023201543015745, 14.76353110611758623, -50.89693388797863349 ) ) ;
#8317 = DIRECTION ( 'NONE',  ( 0.000000000000000000, 0.000000000000000000, 1.000000000000000000 ) ) ;
#8318 = CIRCLE ( 'NONE', #3776, 1.199999999999992628 ) ;
#8319 = CARTESIAN_POINT ( 'NONE',  ( 35.98149282690607720, 11.22185072041136067, 19.20359732000000008 ) ) ;
#8320 = ORIENTED_EDGE ( 'NONE', *, *, #2190, .T. ) ;
#8321 = VERTEX_POINT ( 'NONE', #5746 ) ;
#8322 = DIRECTION ( 'NONE',  ( -1.000000000000000000, 0.000000000000000000, 0.000000000000000000 ) ) ;
#8323 = ORIENTED_EDGE ( 'NONE', *, *, #6251, .T. ) ;
#8324 = CARTESIAN_POINT ( 'NONE',  ( -8.128524382927031056, 20.17162143832210219, -51.02914873994140521 ) ) ;
#8325 = LINE ( 'NONE', #714, #8711 ) ;
#8326 = FACE_OUTER_BOUND ( 'NONE', #5309, .T. ) ;
#8327 = ORIENTED_EDGE ( 'NONE', *, *, #7188, .T. ) ;
#8328 = DIRECTION ( 'NONE',  ( 1.000000000000000000, 0.000000000000000000, 0.000000000000000000 ) ) ;
#8329 = CARTESIAN_POINT ( 'NONE',  ( 6.030438470952718788, 1.686785556416287024, 31.63375372154084175 ) ) ;
#8330 = CARTESIAN_POINT ( 'NONE',  ( -8.447879688229050998, 20.67269995265689531, -53.89598651559160913 ) ) ;
#8331 = FACE_OUTER_BOUND ( 'NONE', #6616, .T. ) ;
#8332 = CARTESIAN_POINT ( 'NONE',  ( 25.77721217040098978, -27.15273280220498009, 23.06929528392426576 ) ) ;
#8333 = DIRECTION ( 'NONE',  ( 0.000000000000000000, -1.000000000000000000, 0.000000000000000000 ) ) ;
#8334 = CARTESIAN_POINT ( 'NONE',  ( -2.618527130163659677, 14.88069335498412116, -54.40847404524389219 ) ) ;
#8335 =( LENGTH_UNIT ( ) NAMED_UNIT ( * ) SI_UNIT ( .MILLI., .METRE. ) );
#8336 = VERTEX_POINT ( 'NONE', #3336 ) ;
#8337 = DIRECTION ( 'NONE',  ( 0.000000000000000000, 0.000000000000000000, -1.000000000000000000 ) ) ;
#8338 = VECTOR ( 'NONE', #72, 1000.000000000000000 ) ;
#8339 = AXIS2_PLACEMENT_3D ( 'NONE', #5043, #262, #1264 ) ;
#8340 = AXIS2_PLACEMENT_3D ( 'NONE', #999, #4044, #5831 ) ;
#8342 = EDGE_LOOP ( 'NONE', ( #1873, #6264, #4921, #9305, #739 ) ) ;
#8341 = EDGE_CURVE ( 'NONE', #8199, #9928, #3053, .T. ) ;
#8343 = AXIS2_PLACEMENT_3D ( 'NONE', #9737, #800, #853 ) ;
#8344 = ORIENTED_EDGE ( 'NONE', *, *, #10081, .T. ) ;
#8345 = CARTESIAN_POINT ( 'NONE',  ( -0.9246057082889277412, -3.967150744431644060, 19.20359732000000008 ) ) ;
#8346 = CARTESIAN_POINT ( 'NONE',  ( 44.29477099867147416, -12.51215245581865609, 22.99999800000001215 ) ) ;
#8347 = DIRECTION ( 'NONE',  ( -1.000000000000000000, 0.000000000000000000, 0.000000000000000000 ) ) ;
#8348 = ORIENTED_EDGE ( 'NONE', *, *, #5459, .T. ) ;
#8349 = CARTESIAN_POINT ( 'NONE',  ( 42.34477099867147132, -12.51215245581865609, 22.99999800000001215 ) ) ;
#8350 = DIRECTION ( 'NONE',  ( 0.000000000000000000, 0.000000000000000000, -1.000000000000000000 ) ) ;
#8351 = VECTOR ( 'NONE', #6903, 1000.000000000000000 ) ;
#8352 = LINE ( 'NONE', #4498, #3725 ) ;
#8353 = AXIS2_PLACEMENT_3D ( 'NONE', #3354, #1624, #9919 ) ;
#8354 = VECTOR ( 'NONE', #5412, 1000.000000000000000 ) ;
#8355 = CARTESIAN_POINT ( 'NONE',  ( -2.807466677062347760, 14.78227956071422788, -51.03267547401148363 ) ) ;
#8356 = FACE_OUTER_BOUND ( 'NONE', #6793, .T. ) ;
#8357 = ADVANCED_FACE ( 'NONE', ( #7921 ), #6482, .F. ) ;
#8358 = AXIS2_PLACEMENT_3D ( 'NONE', #330, #10149, #1327 ) ;
#8359 = EDGE_CURVE ( 'NONE', #2726, #2417, #7271, .T. ) ;
#8360 = ORIENTED_EDGE ( 'NONE', *, *, #640, .T. ) ;
#8361 = CARTESIAN_POINT ( 'NONE',  ( 36.94477099867147274, -12.51215245581865609, 22.99999800000001215 ) ) ;
#8362 = ORIENTED_EDGE ( 'NONE', *, *, #10147, .T. ) ;
#8363 = ORIENTED_EDGE ( 'NONE', *, *, #2755, .F. ) ;
#8364 = CARTESIAN_POINT ( 'NONE',  ( 19.02849441382007711, 2.426849255568367614, 21.40359731999999937 ) ) ;
#8365 = CARTESIAN_POINT ( 'NONE',  ( 24.69849011171107378, 2.686785556416296572, 18.40359731999999937 ) ) ;
#8366 = EDGE_CURVE ( 'NONE', #796, #4306, #361, .T. ) ;
#8367 = VERTEX_POINT ( 'NONE', #7323 ) ;
#8368 = LINE ( 'NONE', #1166, #2189 ) ;
#8369 = VECTOR ( 'NONE', #162, 1000.000000000000000 ) ;
#8370 = CARTESIAN_POINT ( 'NONE',  ( -2.427156382665539347, 14.61973467574055974, -51.03279415363113714 ) ) ;
#8371 = CARTESIAN_POINT ( 'NONE',  ( 32.20649282690607862, 6.065850720411354757, 18.40359731999999937 ) ) ;
#8372 = AXIS2_PLACEMENT_3D ( 'NONE', #820, #7229, #3972 ) ;
#8373 = ADVANCED_FACE ( 'NONE', ( #9749 ), #70, .F. ) ;
#8374 = EDGE_CURVE ( 'NONE', #3621, #5046, #868, .T. ) ;
#8375 = DIRECTION ( 'NONE',  ( 1.000000000000000000, 0.000000000000000000, 0.000000000000000000 ) ) ;
#8376 = ORIENTED_EDGE ( 'NONE', *, *, #8225, .T. ) ;
#8377 = ORIENTED_EDGE ( 'NONE', *, *, #712, .T. ) ;
#8378 = CARTESIAN_POINT ( 'NONE',  ( 44.85549282690607242, -9.733150561326645800, 18.40359731999999937 ) ) ;
#8379 = ORIENTED_EDGE ( 'NONE', *, *, #6245, .T. ) ;
#8380 = CYLINDRICAL_SURFACE ( 'NONE', #1351, 0.7500000000000006661 ) ;
#8381 = CYLINDRICAL_SURFACE ( 'NONE', #9378, 1.000000000000000000 ) ;
#8382 = DIRECTION ( 'NONE',  ( 0.000000000000000000, 0.000000000000000000, -1.000000000000000000 ) ) ;
#8383 = VERTEX_POINT ( 'NONE', #4754 ) ;
#8384 = CONICAL_SURFACE ( 'NONE', #6354, 1.000000000000000888, 0.7853981633974559395 ) ;
#8385 = DIRECTION ( 'NONE',  ( 0.000000000000000000, 0.000000000000000000, 1.000000000000000000 ) ) ;
#8386 = DIRECTION ( 'NONE',  ( -0.000000000000000000, -0.000000000000000000, 1.000000000000000000 ) ) ;
#8387 = AXIS2_PLACEMENT_3D ( 'NONE', #8296, #3506, #6558 ) ;
#8388 = CARTESIAN_POINT ( 'NONE',  ( -8.142111852217603030, 20.44545388919532058, -54.35032526780308615 ) ) ;
#8389 = CIRCLE ( 'NONE', #4178, 1.780000000000003801 ) ;
#8390 = CARTESIAN_POINT ( 'NONE',  ( -0.9246057082889275192, -15.01615056132663817, 19.20359732000000008 ) ) ;
#8391 = CARTESIAN_POINT ( 'NONE',  ( 23.76718080794102761, -27.24531049502658320, 22.90807033045650698 ) ) ;
#8392 = CARTESIAN_POINT ( 'NONE',  ( 12.06945472834534883, -6.819414077215271597, 21.40359731999999937 ) ) ;
#8393 = CARTESIAN_POINT ( 'NONE',  ( -2.518867898341697664, 14.74561019884981405, -54.33123942758498970 ) ) ;
#8394 = SURFACE_STYLE_USAGE ( .BOTH. , #1976 ) ;
#8395 = ORIENTED_EDGE ( 'NONE', *, *, #2078, .T. ) ;
#8396 = CARTESIAN_POINT ( 'NONE',  ( -3.299342464345991655, 13.55384754846267903, -37.61027914159473085 ) ) ;
#8397 = CIRCLE ( 'NONE', #2015, 1.000000000000000888 ) ;
#8398 = ORIENTED_EDGE ( 'NONE', *, *, #9780, .T. ) ;
#8399 = CARTESIAN_POINT ( 'NONE',  ( -2.305167291856067724, 14.45001454210894742, -51.37952326660185065 ) ) ;
#8400 = DIRECTION ( 'NONE',  ( 1.000000000000000000, 0.000000000000000000, 0.000000000000000000 ) ) ;
#8401 = VECTOR ( 'NONE', #1540, 1000.000000000000000 ) ;
#8402 = CARTESIAN_POINT ( 'NONE',  ( 37.69477099867146563, -1.512152455818661423, 22.99999800000001215 ) ) ;
#8403 = LINE ( 'NONE', #5080, #5750 ) ;
#8404 = ADVANCED_FACE ( 'NONE', ( #710 ), #760, .T. ) ;
#8405 = DIRECTION ( 'NONE',  ( 0.000000000000000000, 0.000000000000000000, 1.000000000000000000 ) ) ;
#8406 = CARTESIAN_POINT ( 'NONE',  ( -8.028832828890942963, 20.10230357286344116, -54.24328025279461230 ) ) ;
#8407 = VERTEX_POINT ( 'NONE', #3917 ) ;
#8408 = CARTESIAN_POINT ( 'NONE',  ( 11.05349142309807675, -1.512152455818657204, 21.40359731999999937 ) ) ;
#8409 = EDGE_LOOP ( 'NONE', ( #752, #4914, #1670, #5242 ) ) ;
#8410 = ADVANCED_FACE ( 'NONE', ( #7121 ), #9695, .F. ) ;
#8411 = ORIENTED_EDGE ( 'NONE', *, *, #5459, .F. ) ;
#8412 = CARTESIAN_POINT ( 'NONE',  ( 25.03989764256731121, 24.23566963552508469, 22.76967001884091957 ) ) ;
#8413 = DIRECTION ( 'NONE',  ( 0.000000000000000000, 0.000000000000000000, 1.000000000000000000 ) ) ;
#8414 = CARTESIAN_POINT ( 'NONE',  ( -26.21849011171107335, 21.53784716418134693, -32.80041777998817309 ) ) ;
#8415 = EDGE_CURVE ( 'NONE', #5211, #8820, #9255, .T. ) ;
#8416 = DIRECTION ( 'NONE',  ( 0.000000000000000000, 0.000000000000000000, -1.000000000000000000 ) ) ;
#8417 = CARTESIAN_POINT ( 'NONE',  ( 25.19477099867147984, -1.512152455818657204, 23.19999800000000079 ) ) ;
#8418 = CIRCLE ( 'NONE', #8929, 3.000000000000002665 ) ;
#8419 = DIRECTION ( 'NONE',  ( 1.000000000000000000, 0.000000000000000000, 0.000000000000000000 ) ) ;
#8420 = EDGE_LOOP ( 'NONE', ( #10202, #1925, #1879, #8363 ) ) ;
#8421 = ORIENTED_EDGE ( 'NONE', *, *, #3430, .F. ) ;
#8422 = LINE ( 'NONE', #8577, #5839 ) ;
#8423 = EDGE_LOOP ( 'NONE', ( #876, #6358, #10348, #7430 ) ) ;
#8424 = CARTESIAN_POINT ( 'NONE',  ( 23.62547164467739336, -27.15288367255283575, 23.06723023365803016 ) ) ;
#8425 = LINE ( 'NONE', #1181, #8879 ) ;
#8426 = LINE ( 'NONE', #2859, #8298 ) ;
#8427 = ORIENTED_EDGE ( 'NONE', *, *, #6676, .F. ) ;
#8428 = VECTOR ( 'NONE', #9352, 1000.000000000000000 ) ;
#8429 = EDGE_CURVE ( 'NONE', #10144, #8215, #5902, .T. ) ;
#8430 = CARTESIAN_POINT ( 'NONE',  ( 8.630438470952455532, -3.563214443583345492, 8.998998000000000275 ) ) ;
#8431 = DIRECTION ( 'NONE',  ( 0.000000000000000000, 0.000000000000000000, -1.000000000000000000 ) ) ;
#8432 = B_SPLINE_SURFACE_WITH_KNOTS ( 'NONE', 1, 3, ( 
 ( #4888, #900, #9530, #9624, #7158, #2329, #4787, #5472, #7106, #2377, #1494, #4691, #8786, #8743, #7959, #1593, #2425, #744, #6370, #9578, #8945, #7472, #2632, #5047, #951, #167, #5097, #5783, #9152, #3320, #6677, #6726, #5151, #3375, #2581, #1057, #5889, #2690, #215, #4262, #7418, #9937, #4994, #8260, #7580, #265, #4155, #9098 ),
 ( #3525, #9736, #3424, #7367, #9835, #8997, #1950, #2742, #5941, #7527, #6522, #5840, #1897, #1795, #8316, #8208, #1007, #322, #4211, #6625, #1109, #2530, #6575, #8370, #1167, #9051, #4370, #1847, #3473, #9890, #9784, #5731, #4312, #1744, #4943, #8155, #9300, #4564, #5248, #4461, #3680, #6981, #1216, #6834, #8464, #5298, #1267, #7678 ) ),
 .UNSPECIFIED., .F., .F., .F.,
 ( 2, 2 ),
 ( 4, 2, 2, 2, 2, 2, 2, 2, 2, 2, 2, 2, 2, 2, 2, 2, 2, 2, 2, 2, 2, 2, 2, 4 ),
 ( 0.000000000000000000, 1.000000000000000000 ),
 ( 0.000000000000000000, 7.851620320664880572E-05, 0.0001570324064132976114, 0.0001962905080166219940, 0.0002355486096199464036, 0.0003140648128265952229, 0.0003925810160332439879, 0.0004318391176365683976, 0.0004710972192398928072, 0.0005103553208432172169, 0.0005496134224465416265, 0.0006281296256531904458, 0.0006673877272565147470, 0.0007066458288598391566, 0.0007459039304631635663, 0.0007851620320664879759, 0.0008636782352731367952, 0.0009029363368764612048, 0.0009421944384797856144, 0.0009814525400831100241, 0.001020710641686434434, 0.001099226844893083253, 0.001177743048099732072, 0.001256259251306380892 ),
 .UNSPECIFIED. ) ;
#8433 = CARTESIAN_POINT ( 'NONE',  ( -7.850117652461634954, 20.22222262925741987, -54.45041509416076053 ) ) ;
#8434 = EDGE_CURVE ( 'NONE', #5371, #7299, #9759, .T. ) ;
#8435 = CIRCLE ( 'NONE', #5742, 0.6000000000000033085 ) ;
#8436 = FACE_BOUND ( 'NONE', #6681, .T. ) ;
#8437 = ORIENTED_EDGE ( 'NONE', *, *, #518, .T. ) ;
#8438 = CARTESIAN_POINT ( 'NONE',  ( 23.27079841136746552, -27.22261419051921649, 23.11151931750245225 ) ) ;
#8439 = DIRECTION ( 'NONE',  ( 1.000000000000000000, 8.879278760388868607E-15, 0.000000000000000000 ) ) ;
#8440 = DIRECTION ( 'NONE',  ( -0.000000000000000000, -0.000000000000000000, 1.000000000000000000 ) ) ;
#8441 = CARTESIAN_POINT ( 'NONE',  ( -7.829001579289466051, 20.20582066909555152, -54.45041577998818383 ) ) ;
#8442 = VERTEX_POINT ( 'NONE', #865 ) ;
#8443 = CARTESIAN_POINT ( 'NONE',  ( 28.09477099867147487, -12.51215245581865609, 22.99999800000001215 ) ) ;
#8444 = EDGE_CURVE ( 'NONE', #4898, #6312, #6229, .T. ) ;
#8445 = AXIS2_PLACEMENT_3D ( 'NONE', #6964, #10178, #5393 ) ;
#8446 = ORIENTED_EDGE ( 'NONE', *, *, #6746, .F. ) ;
#8447 = CARTESIAN_POINT ( 'NONE',  ( 19.02849441382007711, -1.512152455818657204, 21.40359731999999937 ) ) ;
#8448 = CARTESIAN_POINT ( 'NONE',  ( 36.98149227759007118, -9.733150561326645800, 18.40359731999999937 ) ) ;
#8449 = LINE ( 'NONE', #3609, #3659 ) ;
#8450 = CARTESIAN_POINT ( 'NONE',  ( 20.02849441382008422, 1.426849255568360508, 18.40359731999999937 ) ) ;
#8451 = CARTESIAN_POINT ( 'NONE',  ( -52.19849011171108089, -1.512152455818653873, -55.80041577998814972 ) ) ;
#8452 = AXIS2_PLACEMENT_3D ( 'NONE', #6549, #7334, #3288 ) ;
#8453 = AXIS2_PLACEMENT_3D ( 'NONE', #3931, #8614, #622 ) ;
#8454 = ORIENTED_EDGE ( 'NONE', *, *, #55, .T. ) ;
#8455 = EDGE_CURVE ( 'NONE', #3743, #6516, #9905, .T. ) ;
#8456 = CARTESIAN_POINT ( 'NONE',  ( -2.780863599930966323, 14.74250877108799784, -51.05335302829712418 ) ) ;
#8457 = VERTEX_POINT ( 'NONE', #7485 ) ;
#8458 = DIRECTION ( 'NONE',  ( 0.000000000000000000, 0.000000000000000000, -1.000000000000000000 ) ) ;
#8459 = ORIENTED_EDGE ( 'NONE', *, *, #5247, .T. ) ;
#8460 = VERTEX_POINT ( 'NONE', #2595 ) ;
#8461 = CARTESIAN_POINT ( 'NONE',  ( 1.201509888288921468, -1.512152455818657204, -56.00041577998818099 ) ) ;
#8462 = DIRECTION ( 'NONE',  ( 1.000000000000000000, 1.355252715607187705E-16, -0.000000000000000000 ) ) ;
#8463 = CARTESIAN_POINT ( 'NONE',  ( 10.23043847095200398, 4.406785556417013971, 31.63375372154084175 ) ) ;
#8464 = CARTESIAN_POINT ( 'NONE',  ( -2.296458120329222474, 14.43773687453200871, -51.48533542443726674 ) ) ;
#8465 = DIRECTION ( 'NONE',  ( 0.000000000000000000, 0.000000000000000000, 1.000000000000000000 ) ) ;
#8466 = CARTESIAN_POINT ( 'NONE',  ( 23.41981194836233016, -27.11257991895208619, 23.11816608938724116 ) ) ;
#8467 = ORIENTED_EDGE ( 'NONE', *, *, #6833, .F. ) ;
#8468 = EDGE_CURVE ( 'NONE', #5567, #636, #1032, .T. ) ;
#8469 = ORIENTED_EDGE ( 'NONE', *, *, #9755, .T. ) ;
#8470 = DIRECTION ( 'NONE',  ( -0.000000000000000000, -0.000000000000000000, 1.000000000000000000 ) ) ;
#8471 = VECTOR ( 'NONE', #7563, 1000.000000000000000 ) ;
#8472 = ORIENTED_EDGE ( 'NONE', *, *, #1283, .F. ) ;
#8473 = CARTESIAN_POINT ( 'NONE',  ( -0.9246057082889275192, 6.065850720411352981, 19.20359732000000008 ) ) ;
#8474 = DIRECTION ( 'NONE',  ( 1.462890879734001004E-19, 0.000000000000000000, -1.000000000000000000 ) ) ;
#8475 = VERTEX_POINT ( 'NONE', #1811 ) ;
#8476 = DIRECTION ( 'NONE',  ( 1.000000000000000000, 0.000000000000000000, 0.000000000000000000 ) ) ;
#8477 = ADVANCED_FACE ( 'NONE', ( #1018 ), #6639, .F. ) ;
#8478 = DIRECTION ( 'NONE',  ( -1.000000000000000000, 0.000000000000000000, -0.000000000000000000 ) ) ;
#8479 = AXIS2_PLACEMENT_3D ( 'NONE', #3342, #9858, #2656 ) ;
#8480 = APPLICATION_CONTEXT ( 'automotive_design' ) ;
#8481 = CARTESIAN_POINT ( 'NONE',  ( -8.439667006032102847, 20.38075730954010822, -53.80622268932870611 ) ) ;
#8482 = ADVANCED_FACE ( 'NONE', ( #8170 ), #6012, .F. ) ;
#8483 = CARTESIAN_POINT ( 'NONE',  ( 25.19477099867147984, 9.487847544181342130, 23.19999800000000079 ) ) ;
#8484 = VERTEX_POINT ( 'NONE', #970 ) ;
#8485 = CARTESIAN_POINT ( 'NONE',  ( 25.40316916706343875, -27.16213077021157929, 22.94126221087911688 ) ) ;
#8486 = DIRECTION ( 'NONE',  ( 0.000000000000000000, 0.000000000000000000, 1.000000000000000000 ) ) ;
#8487 = CARTESIAN_POINT ( 'NONE',  ( -2.758504458289603889, 15.06758652290573686, -54.45041506444279378 ) ) ;
#8488 = LINE ( 'NONE', #3546, #2080 ) ;
#8489 = EDGE_LOOP ( 'NONE', ( #2682, #3517, #5139, #5586 ) ) ;
#8490 = DIRECTION ( 'NONE',  ( 1.000000000000000000, 0.000000000000000000, 0.000000000000000000 ) ) ;
#8491 = CARTESIAN_POINT ( 'NONE',  ( 13.27349142309807206, -1.524148547166637613, 22.00359731999999724 ) ) ;
#8492 = EDGE_LOOP ( 'NONE', ( #3417, #10168, #4095, #7810, #5846, #1010 ) ) ;
#8493 = EDGE_CURVE ( 'NONE', #4199, #3631, #6568, .T. ) ;
#8494 = CIRCLE ( 'NONE', #945, 0.7500000000000006661 ) ;
#8495 = ADVANCED_FACE ( 'NONE', ( #3489 ), #1126, .T. ) ;
#8496 = CARTESIAN_POINT ( 'NONE',  ( 32.33349227759007505, -9.733150561326636918, 19.20359732000000008 ) ) ;
#8497 = CARTESIAN_POINT ( 'NONE',  ( -8.457000631505193766, 20.39209416672872521, -51.57049867301445545 ) ) ;
#8498 = DIRECTION ( 'NONE',  ( -1.000000000000000000, 0.000000000000000000, 0.000000000000000000 ) ) ;
#8499 = LINE ( 'NONE', #459, #5758 ) ;
#8500 = AXIS2_PLACEMENT_3D ( 'NONE', #9593, #4802, #7176 ) ;
#8501 = LINE ( 'NONE', #8558, #8609 ) ;
#8502 = CIRCLE ( 'NONE', #462, 0.9499999999999925171 ) ;
#8503 = CARTESIAN_POINT ( 'NONE',  ( -2.734781520964492785, 14.67294791330518855, -51.10270201948399205 ) ) ;
#8504 = CIRCLE ( 'NONE', #1633, 25.54999999999999005 ) ;
#8505 = ORIENTED_EDGE ( 'NONE', *, *, #6178, .F. ) ;
#8506 = CARTESIAN_POINT ( 'NONE',  ( 37.89477099867146137, -12.51215245581865609, 23.19999800000000079 ) ) ;
#8507 = CARTESIAN_POINT ( 'NONE',  ( 10.85349142309807569, -1.113214443582986268, 21.40359731999999937 ) ) ;
#8508 = VECTOR ( 'NONE', #5181, 1000.000000000000000 ) ;
#8509 = ORIENTED_EDGE ( 'NONE', *, *, #1587, .T. ) ;
#8510 = CARTESIAN_POINT ( 'NONE',  ( 25.36976179458464031, 24.22911716800139814, 22.83225628634663096 ) ) ;
#8511 = AXIS2_PLACEMENT_3D ( 'NONE', #2963, #2723, #4287 ) ;
#8512 = CARTESIAN_POINT ( 'NONE',  ( 33.49477099867146990, -12.51215245581865609, 21.99999800000000150 ) ) ;
#8513 = DIRECTION ( 'NONE',  ( 1.000000000000000000, 0.000000000000000000, 0.000000000000000000 ) ) ;
#8514 = FACE_OUTER_BOUND ( 'NONE', #7574, .T. ) ;
#8515 = DIRECTION ( 'NONE',  ( 1.000000000000000000, 0.000000000000000000, 0.000000000000000000 ) ) ;
#8516 = CIRCLE ( 'NONE', #8193, 1.000000000000000888 ) ;
#8517 = ORIENTED_EDGE ( 'NONE', *, *, #9628, .T. ) ;
#8518 = AXIS2_PLACEMENT_3D ( 'NONE', #8249, #9880, #2618 ) ;
#8519 = DIRECTION ( 'NONE',  ( -0.7071067811865479058, -0.7071067811865472397, 0.000000000000000000 ) ) ;
#8520 = ORIENTED_EDGE ( 'NONE', *, *, #758, .T. ) ;
#8521 = ORIENTED_EDGE ( 'NONE', *, *, #5269, .F. ) ;
#8522 = CARTESIAN_POINT ( 'NONE',  ( 11.05349142309807675, -1.563214443583704316, 18.40359731999999937 ) ) ;
#8523 = ORIENTED_EDGE ( 'NONE', *, *, #4501, .F. ) ;
#8524 = CARTESIAN_POINT ( 'NONE',  ( 19.02849441382007711, 2.426849255568367614, 21.40359731999999937 ) ) ;
#8525 = AXIS2_PLACEMENT_3D ( 'NONE', #5293, #8413, #10137 ) ;
#8526 = CARTESIAN_POINT ( 'NONE',  ( 41.59477099867147132, -12.51215245581865609, 22.99999800000001215 ) ) ;
#8527 = ORIENTED_EDGE ( 'NONE', *, *, #9268, .T. ) ;
#8528 = EDGE_CURVE ( 'NONE', #7774, #7376, #5903, .T. ) ;
#8529 = CARTESIAN_POINT ( 'NONE',  ( -24.69849011171107378, -1.512152455818657204, -40.80041777998818020 ) ) ;
#8530 = VECTOR ( 'NONE', #10240, 1000.000000000000000 ) ;
#8531 = EDGE_CURVE ( 'NONE', #530, #5208, #6691, .T. ) ;
#8532 = DIRECTION ( 'NONE',  ( 1.000000000000000000, 0.000000000000000000, 0.000000000000000000 ) ) ;
#8533 = CARTESIAN_POINT ( 'NONE',  ( -8.178748454008374580, 20.47303027732417391, -54.32341587999644617 ) ) ;
#8534 = VERTEX_POINT ( 'NONE', #3387 ) ;
#8535 = CARTESIAN_POINT ( 'NONE',  ( -23.17849011171107421, 21.53784716418134693, -32.80041777998817309 ) ) ;
#8536 = CARTESIAN_POINT ( 'NONE',  ( 9.082623226170039032, 7.206785556416294369, 21.40359731999999937 ) ) ;
#8537 = AXIS2_PLACEMENT_3D ( 'NONE', #8814, #8082, #4663 ) ;
#8538 = VERTEX_POINT ( 'NONE', #4224 ) ;
#8539 = CARTESIAN_POINT ( 'NONE',  ( 23.32034392182322691, -27.14183638790927233, 23.20485265083503990 ) ) ;
#8540 = CARTESIAN_POINT ( 'NONE',  ( -24.69849011171107378, -1.512152455818657204, -31.40041777998817096 ) ) ;
#8541 = AXIS2_PLACEMENT_3D ( 'NONE', #8753, #599, #5381 ) ;
#8542 = CARTESIAN_POINT ( 'NONE',  ( -2.492771342165561510, 14.70994797158844669, -54.30242016382764092 ) ) ;
#8543 = CARTESIAN_POINT ( 'NONE',  ( 47.46531825115938119, -2.879058568955486841, 8.999997999999999720 ) ) ;
#8544 = EDGE_LOOP ( 'NONE', ( #9061, #9492 ) ) ;
#8545 = DIRECTION ( 'NONE',  ( -1.000000000000000000, 0.000000000000000000, 0.000000000000000000 ) ) ;
#8546 = DIRECTION ( 'NONE',  ( -1.000000000000000000, 0.000000000000000000, 0.000000000000000000 ) ) ;
#8547 = ADVANCED_FACE ( 'NONE', ( #7431 ), #1184, .F. ) ;
#8548 = ADVANCED_FACE ( 'NONE', ( #9112, #1071 ), #10001, .F. ) ;
#8549 = CIRCLE ( 'NONE', #9718, 25.74999999999999645 ) ;
#8550 = AXIS2_PLACEMENT_3D ( 'NONE', #10237, #4805, #3817 ) ;
#8551 = ORIENTED_EDGE ( 'NONE', *, *, #8709, .F. ) ;
#8552 = CYLINDRICAL_SURFACE ( 'NONE', #1083, 0.7499999999999972244 ) ;
#8553 = FACE_OUTER_BOUND ( 'NONE', #9730, .T. ) ;
#8554 = DIRECTION ( 'NONE',  ( 0.000000000000000000, 0.000000000000000000, 1.000000000000000000 ) ) ;
#8555 = DIRECTION ( 'NONE',  ( 1.000000000000000000, 0.000000000000000000, 0.000000000000000000 ) ) ;
#8556 = ORIENTED_EDGE ( 'NONE', *, *, #2265, .T. ) ;
#8557 = AXIS2_PLACEMENT_3D ( 'NONE', #6427, #4747, #7264 ) ;
#8558 = CARTESIAN_POINT ( 'NONE',  ( 19.02849441382007711, -1.512152455818657204, 18.40359731999999937 ) ) ;
#8559 = EDGE_CURVE ( 'NONE', #1425, #3310, #180, .T. ) ;
#8560 = CARTESIAN_POINT ( 'NONE',  ( -8.094464972091341082, 20.14806468772886561, -54.22535510098419564 ) ) ;
#8561 =( LENGTH_UNIT ( ) NAMED_UNIT ( * ) SI_UNIT ( .MILLI., .METRE. ) );
#8562 = AXIS2_PLACEMENT_3D ( 'NONE', #2901, #533, #9261 ) ;
#8563 = VERTEX_POINT ( 'NONE', #6588 ) ;
#8564 = CARTESIAN_POINT ( 'NONE',  ( 39.64477099867147558, 9.487847544181342130, 23.19999800000000079 ) ) ;
#8565 = ORIENTED_EDGE ( 'NONE', *, *, #1030, .T. ) ;
#8566 = EDGE_LOOP ( 'NONE', ( #10083, #4151, #5287, #2030 ) ) ;
#8567 = CARTESIAN_POINT ( 'NONE',  ( 23.96628170514486200, 24.22745609166811320, 22.84792887754660029 ) ) ;
#8568 = CARTESIAN_POINT ( 'NONE',  ( -2.792010796590741251, 14.75919466705946625, -54.19655137814461909 ) ) ;
#8569 = CARTESIAN_POINT ( 'NONE',  ( 24.69849011171107378, 1.426849255568358510, 21.40359731999999937 ) ) ;
#8570 = ADVANCED_FACE ( 'NONE', ( #9851 ), #2211, .F. ) ;
#8571 = CARTESIAN_POINT ( 'NONE',  ( -8.399679074061923600, 14.78665858183135562, -40.80041777998818020 ) ) ;
#8572 = CARTESIAN_POINT ( 'NONE',  ( -9.650410952386431873, 20.26812554838342706, -51.00041577998818099 ) ) ;
#8573 = ORIENTED_EDGE ( 'NONE', *, *, #7913, .F. ) ;
#8574 = DIRECTION ( 'NONE',  ( 1.000000000000000000, 0.000000000000000000, 0.000000000000000000 ) ) ;
#8575 = EDGE_LOOP ( 'NONE', ( #10085, #7084, #9519, #5120 ) ) ;
#8576 = VERTEX_POINT ( 'NONE', #9799 ) ;
#8577 = CARTESIAN_POINT ( 'NONE',  ( 11.23043847095200576, 4.406785556417013971, 31.63375372154084175 ) ) ;
#8578 = ORIENTED_EDGE ( 'NONE', *, *, #6833, .T. ) ;
#8579 = CARTESIAN_POINT ( 'NONE',  ( 25.31236316416488208, -27.16378997248650862, 22.91736645211734213 ) ) ;
#8580 = DIRECTION ( 'NONE',  ( -0.7114425483935334915, -0.7027442638224199456, 0.000000000000000000 ) ) ;
#8581 = VERTEX_POINT ( 'NONE', #4329 ) ;
#8582 = LINE ( 'NONE', #537, #5723 ) ;
#8583 = ADVANCED_FACE ( 'NONE', ( #7544 ), #338, .T. ) ;
#8584 = CARTESIAN_POINT ( 'NONE',  ( 24.69849011171107378, -1.512152455818657204, 18.40359731999999937 ) ) ;
#8585 = EDGE_CURVE ( 'NONE', #7344, #4868, #7240, .T. ) ;
#8586 = CARTESIAN_POINT ( 'NONE',  ( -24.69849011171107378, -1.512152455818657204, -32.80041777998818020 ) ) ;
#8587 = B_SPLINE_CURVE_WITH_KNOTS ( 'NONE', 3,
 ( #6023, #5271, #348, #7604, #9914, #4390, #446, #290, #3498, #9124, #1081, #9961, #2869, #9276, #9231, #6700, #10068, #2661, #2075, #3652, #5964, #8285, #9862, #9173, #6069, #7703, #2763, #6804, #5119, #499, #5178, #1869 ),
 .UNSPECIFIED., .F., .F.,
 ( 4, 1, 2, 2, 2, 2, 2, 2, 2, 2, 2, 2, 2, 1, 2, 2, 4 ),
 ( 0.000000000000000000, 0.06250000000000356659, 0.09375000000000655032, 0.1250000000000095202, 0.1875000000000114908, 0.2500000000000134337, 0.3125000000000153766, 0.3750000000000173195, 0.5000000000000170974, 0.5625000000000147660, 0.6250000000000124345, 0.6875000000000101030, 0.7500000000000077716, 0.8125000000000055511, 0.8437500000000069944, 0.8750000000000084377, 1.000000000000000000 ),
 .UNSPECIFIED. ) ;
#8588 = ORIENTED_EDGE ( 'NONE', *, *, #5799, .T. ) ;
#8589 = FACE_OUTER_BOUND ( 'NONE', #5935, .T. ) ;
#8590 = CARTESIAN_POINT ( 'NONE',  ( -8.457001071010116888, 20.39209447807045805, -51.59041577998819861 ) ) ;
#8591 = ORIENTED_EDGE ( 'NONE', *, *, #6676, .T. ) ;
#8592 = CARTESIAN_POINT ( 'NONE',  ( 26.05949410864507598, 0.4268492555683537915, 18.40359731999999937 ) ) ;
#8593 = PLANE ( 'NONE',  #4359 ) ;
#8594 = CARTESIAN_POINT ( 'NONE',  ( 11.25055410581079229, 18.74043139248407996, 21.96359842000000029 ) ) ;
#8595 = DIRECTION ( 'NONE',  ( 0.000000000000000000, 0.000000000000000000, 1.000000000000000000 ) ) ;
#8596 = ORIENTED_EDGE ( 'NONE', *, *, #9268, .F. ) ;
#8597 = FACE_BOUND ( 'NONE', #4216, .T. ) ;
#8598 = CARTESIAN_POINT ( 'NONE',  ( -10.23419968109232059, 19.97259334995504076, -56.00041577998818099 ) ) ;
#8599 = ADVANCED_FACE ( 'NONE', ( #1334 ), #7743, .F. ) ;
#8600 = AXIS2_PLACEMENT_3D ( 'NONE', #7994, #6252, #7197 ) ;
#8601 = VERTEX_POINT ( 'NONE', #10211 ) ;
#8602 = CYLINDRICAL_SURFACE ( 'NONE', #2005, 24.09999999999935838 ) ;
#8603 = DIRECTION ( 'NONE',  ( 0.9999999998448927396, 1.761290502795953003E-05, -0.000000000000000000 ) ) ;
#8604 = CARTESIAN_POINT ( 'NONE',  ( -8.429543364844040099, 20.37412028606004100, -51.39584610143064225 ) ) ;
#8605 = EDGE_CURVE ( 'NONE', #3128, #4162, #8582, .T. ) ;
#8606 = CARTESIAN_POINT ( 'NONE',  ( 40.08049337622307462, 11.47584852314636272, 19.20359732000000008 ) ) ;
#8607 = CARTESIAN_POINT ( 'NONE',  ( 35.98149227759007118, -14.01615056132663995, 19.20359732000000008 ) ) ;
#8608 = ORIENTED_EDGE ( 'NONE', *, *, #8629, .F. ) ;
#8609 = VECTOR ( 'NONE', #5926, 1000.000000000000000 ) ;
#8610 = CARTESIAN_POINT ( 'NONE',  ( 0.2950740483837893668, 17.31450315569726683, -51.59041577998818440 ) ) ;
#8611 = VECTOR ( 'NONE', #8474, 1000.000000000000000 ) ;
#8612 = ORIENTED_EDGE ( 'NONE', *, *, #4942, .T. ) ;
#8613 = FACE_OUTER_BOUND ( 'NONE', #367, .T. ) ;
#8614 = DIRECTION ( 'NONE',  ( -0.7114425483935334915, -0.7027442638224199456, 0.000000000000000000 ) ) ;
#8615 = EDGE_CURVE ( 'NONE', #796, #9105, #3068, .T. ) ;
#8616 = VERTEX_POINT ( 'NONE', #5216 ) ;
#8617 = FACE_OUTER_BOUND ( 'NONE', #7208, .T. ) ;
#8618 = CARTESIAN_POINT ( 'NONE',  ( 33.49477099867146990, -12.51215245581865609, 22.99999800000001215 ) ) ;
#8620 = ADVANCED_FACE ( 'NONE', ( #9314 ), #10264, .F. ) ;
#8619 = CIRCLE ( 'NONE', #4078, 1.199999999999999734 ) ;
#8621 = FACE_OUTER_BOUND ( 'NONE', #6337, .T. ) ;
#8622 = ADVANCED_FACE ( 'NONE', ( #3739 ), #2112, .F. ) ;
#8623 = DIRECTION ( 'NONE',  ( -0.000000000000000000, -0.000000000000000000, 1.000000000000000000 ) ) ;
#8624 = DIRECTION ( 'NONE',  ( -0.000000000000000000, -0.000000000000000000, 1.000000000000000000 ) ) ;
#8625 = VECTOR ( 'NONE', #8129, 1000.000000000000000 ) ;
#8626 = ORIENTED_EDGE ( 'NONE', *, *, #4855, .T. ) ;
#8627 = DIRECTION ( 'NONE',  ( -1.000000000000000000, 0.000000000000000000, 0.000000000000000000 ) ) ;
#8628 = ORIENTED_EDGE ( 'NONE', *, *, #5890, .T. ) ;
#8629 = EDGE_CURVE ( 'NONE', #3055, #10401, #4525, .T. ) ;
#8630 = ORIENTED_EDGE ( 'NONE', *, *, #7932, .T. ) ;
#8631 = EDGE_CURVE ( 'NONE', #197, #2824, #3853, .T. ) ;
#8632 = CARTESIAN_POINT ( 'NONE',  ( 9.630438470952407570, 0.8867855564166541305, 8.998998000000000275 ) ) ;
#8633 = ORIENTED_EDGE ( 'NONE', *, *, #7255, .T. ) ;
#8634 = CARTESIAN_POINT ( 'NONE',  ( 25.63482006277964942, -27.15691561084912919, 23.01392321274578379 ) ) ;
#8635 = DIRECTION ( 'NONE',  ( 1.000000000000000000, 0.000000000000000000, 0.000000000000000000 ) ) ;
#8636 = ORIENTED_EDGE ( 'NONE', *, *, #9310, .F. ) ;
#8637 = AXIS2_PLACEMENT_3D ( 'NONE', #6738, #8273, #9262 ) ;
#8638 = DIRECTION ( 'NONE',  ( 0.000000000000000000, 0.000000000000000000, 1.000000000000000000 ) ) ;
#8639 = DIRECTION ( 'NONE',  ( 1.000000000000000000, 0.000000000000000000, 0.000000000000000000 ) ) ;
#8640 = AXIS2_PLACEMENT_3D ( 'NONE', #8496, #5185, #6763 ) ;
#8641 = CARTESIAN_POINT ( 'NONE',  ( -5.399679074061729978, -17.81096349346800878, -49.28569915422676218 ) ) ;
#8642 = VERTEX_POINT ( 'NONE', #2861 ) ;
#8643 = DIRECTION ( 'NONE',  ( -1.577021341797097560E-16, -1.000000000000000000, 0.000000000000000000 ) ) ;
#8644 = CARTESIAN_POINT ( 'NONE',  ( 3.263770336926316240, 13.58898476165380131, 23.19999800000000079 ) ) ;
#8645 = EDGE_LOOP ( 'NONE', ( #369, #9133, #4059, #9281 ) ) ;
#8646 = CARTESIAN_POINT ( 'NONE',  ( 24.05258286260244915, -27.16322240198011784, 22.92558961967915465 ) ) ;
#8647 = CARTESIAN_POINT ( 'NONE',  ( 40.20749282690608339, -15.01615056132663995, 18.40359731999999937 ) ) ;
#8648 = DIRECTION ( 'NONE',  ( 0.000000000000000000, -1.000000000000000000, 0.000000000000000000 ) ) ;
#8649 = FACE_OUTER_BOUND ( 'NONE', #4947, .T. ) ;
#8650 = ORIENTED_EDGE ( 'NONE', *, *, #9613, .F. ) ;
#8651 = DIRECTION ( 'NONE',  ( -0.7114425483935334915, -0.7027442638224199456, 0.000000000000000000 ) ) ;
#8652 = AXIS2_PLACEMENT_3D ( 'NONE', #5533, #651, #3023 ) ;
#8653 = CARTESIAN_POINT ( 'NONE',  ( 24.69849011171107378, -1.512152455818657204, 18.40359731999999937 ) ) ;
#8654 = VERTEX_POINT ( 'NONE', #7056 ) ;
#8655 = DIRECTION ( 'NONE',  ( 1.000000000000000000, 0.000000000000000000, 0.000000000000000000 ) ) ;
#8656 = FACE_OUTER_BOUND ( 'NONE', #10257, .T. ) ;
#8657 = DIRECTION ( 'NONE',  ( 1.000000000000000000, 0.000000000000000000, 0.000000000000000000 ) ) ;
#8658 = DIRECTION ( 'NONE',  ( -0.000000000000000000, -0.000000000000000000, 1.000000000000000000 ) ) ;
#8659 = LINE ( 'NONE', #4658, #5245 ) ;
#8660 = ORIENTED_EDGE ( 'NONE', *, *, #1175, .T. ) ;
#8661 = ADVANCED_FACE ( 'NONE', ( #6158 ), #5372, .F. ) ;
#8662 = AXIS2_PLACEMENT_3D ( 'NONE', #4330, #1020, #6796 ) ;
#8663 = ORIENTED_EDGE ( 'NONE', *, *, #3396, .F. ) ;
#8664 = CARTESIAN_POINT ( 'NONE',  ( 30.59477099867147842, -1.512152455818657204, 23.19999800000000079 ) ) ;
#8665 = LINE ( 'NONE', #1468, #3746 ) ;
#8666 = ORIENTED_EDGE ( 'NONE', *, *, #9313, .T. ) ;
#8667 = CARTESIAN_POINT ( 'NONE',  ( 24.58910770962418724, 24.14435999479057315, 22.84428982820016074 ) ) ;
#8668 = DIRECTION ( 'NONE',  ( -1.000000000000000000, 0.000000000000000000, 0.000000000000000000 ) ) ;
#8669 = CARTESIAN_POINT ( 'NONE',  ( 7.630438470952408458, 0.8867855564166542415, 21.40359731999999937 ) ) ;
#8670 = B_SPLINE_CURVE_WITH_KNOTS ( 'NONE', 3,
 ( #6635, #2750, #5054, #1014, #1179, #3435, #5106, #9062, #9214, #8218, #9106, #8270, #3585, #7378, #1066, #5849, #9006, #8164, #4270, #1805, #5951, #332, #6790, #4166, #2799, #4220, #6583, #8324, #5163, #5003, #1958, #176, #2014, #3382, #276, #7426, #223, #6685, #7538, #9899 ),
 .UNSPECIFIED., .F., .F.,
 ( 4, 2, 2, 2, 2, 2, 2, 2, 2, 2, 2, 1, 2, 2, 2, 1, 2, 2, 2, 2, 4 ),
 ( 0.000000000000000000, 0.1249999999999741873, 0.2499999999999483746, 0.3124999999999352185, 0.3749999999999220068, 0.4374999999999088507, 0.4999999999998956390, 0.5624999999998824274, 0.5937499999998808731, 0.6249999999998792077, 0.6874999999998898659, 0.7187499999998924194, 0.7343749999998963052, 0.7499999999999001910, 0.7812499999999034106, 0.7968749999999050759, 0.8046874999999058531, 0.8124999999999067413, 0.8437499999999233946, 0.8749999999999399369, 1.000000000000000000 ),
 .UNSPECIFIED. ) ;
#8671 = AXIS2_PLACEMENT_3D ( 'NONE', #2160, #5363, #3005 ) ;
#8672 = CONICAL_SURFACE ( 'NONE', #5476, 1.000000000000000888, 0.7853981633974553844 ) ;
#8673 = CYLINDRICAL_SURFACE ( 'NONE', #9938, 1.000000000000000888 ) ;
#8674 = EDGE_CURVE ( 'NONE', #6472, #6097, #9424, .T. ) ;
#8675 = DIRECTION ( 'NONE',  ( 1.000000000000000000, 0.000000000000000000, 0.000000000000000000 ) ) ;
#8676 = ADVANCED_FACE ( 'NONE', ( #4581 ), #2019, .F. ) ;
#8677 = CIRCLE ( 'NONE', #6983, 1.520000000000000462 ) ;
#8678 = VECTOR ( 'NONE', #4932, 1000.000000000000000 ) ;
#8679 = ORIENTED_EDGE ( 'NONE', *, *, #6408, .F. ) ;
#8680 = CYLINDRICAL_SURFACE ( 'NONE', #2449, 1.000000000000000888 ) ;
#8681 = VERTEX_POINT ( 'NONE', #6059 ) ;
#8682 = ORIENTED_EDGE ( 'NONE', *, *, #6818, .T. ) ;
#8683 = DIRECTION ( 'NONE',  ( 0.000000000000000000, 0.000000000000000000, 1.000000000000000000 ) ) ;
#8684 = VECTOR ( 'NONE', #7680, 1000.000000000000000 ) ;
#8685 = ORIENTED_EDGE ( 'NONE', *, *, #3679, .F. ) ;
#8686 = DIRECTION ( 'NONE',  ( 0.000000000000000000, 1.000000000000000000, 0.000000000000000000 ) ) ;
#8687 = CARTESIAN_POINT ( 'NONE',  ( -7.829001579289466051, 20.20582066909555152, -50.79041577998818724 ) ) ;
#8688 = VERTEX_POINT ( 'NONE', #10104 ) ;
#8689 = AXIS2_PLACEMENT_3D ( 'NONE', #10229, #8651, #1450 ) ;
#8690 = AXIS2_PLACEMENT_3D ( 'NONE', #9344, #10132, #6134 ) ;
#8691 = DIRECTION ( 'NONE',  ( -0.000000000000000000, -0.000000000000000000, 1.000000000000000000 ) ) ;
#8692 = ADVANCED_FACE ( 'NONE', ( #1233 ), #3792, .F. ) ;
#8693 = CARTESIAN_POINT ( 'NONE',  ( 2.601509888288930483, -1.512152455818653873, -31.20041777998817878 ) ) ;
#8694 = EDGE_CURVE ( 'NONE', #3637, #5618, #8418, .T. ) ;
#8695 = CONICAL_SURFACE ( 'NONE', #4653, 25.54999999999997584, 0.7853981633974396193 ) ;
#8696 = CARTESIAN_POINT ( 'NONE',  ( 10.23043847095199865, -10.57321444358334794, 18.40359731999999937 ) ) ;
#8697 = VERTEX_POINT ( 'NONE', #2066 ) ;
#8698 = VECTOR ( 'NONE', #1538, 1000.000000000000000 ) ;
#8699 = DIRECTION ( 'NONE',  ( 1.000000000000000000, 0.000000000000000000, 0.000000000000000000 ) ) ;
#8700 = DIRECTION ( 'NONE',  ( -0.000000000000000000, -0.000000000000000000, -1.000000000000000000 ) ) ;
#8701 = ORIENTED_EDGE ( 'NONE', *, *, #9901, .F. ) ;
#8702 = DIRECTION ( 'NONE',  ( 1.462890879734001726E-19, 1.610801296603465303E-20, -1.000000000000000000 ) ) ;
#8703 = DIRECTION ( 'NONE',  ( 1.000000000000000000, 0.000000000000000000, 0.000000000000000000 ) ) ;
#8704 = CARTESIAN_POINT ( 'NONE',  ( 42.34477099867147132, 9.487847544181342130, 22.99999800000001215 ) ) ;
#8705 = ORIENTED_EDGE ( 'NONE', *, *, #9053, .T. ) ;
#8706 = CARTESIAN_POINT ( 'NONE',  ( 1.201509888288921468, -1.512152455818657204, -31.40041777998817096 ) ) ;
#8707 = VECTOR ( 'NONE', #8648, 1000.000000000000000 ) ;
#8708 = CARTESIAN_POINT ( 'NONE',  ( -23.17849011171107421, -24.56215207581864135, -60.29962500960238714 ) ) ;
#8709 = EDGE_CURVE ( 'NONE', #2093, #9639, #6998, .T. ) ;
#8710 = AXIS2_PLACEMENT_3D ( 'NONE', #6403, #3774, #3936 ) ;
#8711 = VECTOR ( 'NONE', #1405, 1000.000000000000114 ) ;
#8712 = ORIENTED_EDGE ( 'NONE', *, *, #5580, .F. ) ;
#8713 = CARTESIAN_POINT ( 'NONE',  ( 21.77849011171107563, -24.56215207581864135, 23.19999800000000079 ) ) ;
#8714 = DIRECTION ( 'NONE',  ( 0.000000000000000000, 0.000000000000000000, -1.000000000000000000 ) ) ;
#8715 = CARTESIAN_POINT ( 'NONE',  ( -8.399679074061923600, 14.78665858183135562, -49.28569915422676218 ) ) ;
#8716 = CARTESIAN_POINT ( 'NONE',  ( 35.98149282690607720, 11.22185072041136067, 18.40359731999999937 ) ) ;
#8717 = CARTESIAN_POINT ( 'NONE',  ( 13.27349142309807206, -1.524148547166637613, 16.93468246290101575 ) ) ;
#8718 = EDGE_LOOP ( 'NONE', ( #5148, #3867, #2897, #4948 ) ) ;
#8719 = VECTOR ( 'NONE', #7818, 999.9999999999998863 ) ;
#8720 =( NAMED_UNIT ( * ) PLANE_ANGLE_UNIT ( ) SI_UNIT ( $, .RADIAN. ) );
#8721 = VERTEX_POINT ( 'NONE', #3692 ) ;
#8722 = EDGE_CURVE ( 'NONE', #500, #7263, #6892, .T. ) ;
#8723 = CARTESIAN_POINT ( 'NONE',  ( 20.86549410864506982, -3.967150744431638731, 19.20359732000000008 ) ) ;
#8724 = AXIS2_PLACEMENT_3D ( 'NONE', #6506, #198, #933 ) ;
#8725 = CARTESIAN_POINT ( 'NONE',  ( 24.69849011171107378, 21.53784716418134693, 23.19999800000000079 ) ) ;
#8726 = EDGE_LOOP ( 'NONE', ( #8527, #8871, #8472, #3429 ) ) ;
#8727 = CARTESIAN_POINT ( 'NONE',  ( 24.83353323735383356, 24.14428754783802589, 22.84540985043879502 ) ) ;
#8728 = DIRECTION ( 'NONE',  ( 1.000000000000000000, 0.000000000000000000, 0.000000000000000000 ) ) ;
#8729 = DIRECTION ( 'NONE',  ( 0.000000000000000000, 0.000000000000000000, -1.000000000000000000 ) ) ;
#8730 = DIRECTION ( 'NONE',  ( -1.000000000000000000, 0.000000000000000000, 0.000000000000000000 ) ) ;
#8731 = LINE ( 'NONE', #6458, #8184 ) ;
#8732 = ADVANCED_FACE ( 'NONE', ( #10317 ), #4050, .T. ) ;
#8733 = VERTEX_POINT ( 'NONE', #8835 ) ;
#8734 = DIRECTION ( 'NONE',  ( 0.000000000000000000, 0.000000000000000000, -1.000000000000000000 ) ) ;
#8735 = VERTEX_POINT ( 'NONE', #5678 ) ;
#8736 = ORIENTED_EDGE ( 'NONE', *, *, #3938, .T. ) ;
#8737 = CARTESIAN_POINT ( 'NONE',  ( 10.18989393403097843, 8.487383065279145100, 21.96359842000000029 ) ) ;
#8738 = ORIENTED_EDGE ( 'NONE', *, *, #1562, .F. ) ;
#8739 = DIRECTION ( 'NONE',  ( 0.000000000000000000, -1.000000000000000000, 0.000000000000000000 ) ) ;
#8740 = ADVANCED_FACE ( 'NONE', ( #3118 ), #8004, .T. ) ;
#8741 = CARTESIAN_POINT ( 'NONE',  ( 36.98149282690607720, -4.623571175818640633, 19.20359732000000008 ) ) ;
#8742 = ORIENTED_EDGE ( 'NONE', *, *, #9820, .F. ) ;
#8743 = CARTESIAN_POINT ( 'NONE',  ( -2.768156096511029673, 14.72338938751951609, -51.06548366412700801 ) ) ;
#8744 = DIRECTION ( 'NONE',  ( 0.000000000000000000, 0.000000000000000000, -1.000000000000000000 ) ) ;
#8745 = ADVANCED_FACE ( 'NONE', ( #8105, #1543 ), #8059, .F. ) ;
#8746 = CARTESIAN_POINT ( 'NONE',  ( -24.69849011171107378, -1.512152455818657204, -40.80041777998818020 ) ) ;
#8747 = ORIENTED_EDGE ( 'NONE', *, *, #5810, .T. ) ;
#8748 = CARTESIAN_POINT ( 'NONE',  ( 10.85349142309807569, -1.563214443583704316, 31.63375372154084175 ) ) ;
#8749 = DIRECTION ( 'NONE',  ( -0.000000000000000000, -0.000000000000000000, 1.000000000000000000 ) ) ;
#8750 = ORIENTED_EDGE ( 'NONE', *, *, #3449, .T. ) ;
#8751 = CARTESIAN_POINT ( 'NONE',  ( 36.98149282690607720, 11.22185072041135001, 18.40359731999999937 ) ) ;
#8752 = EDGE_CURVE ( 'NONE', #3261, #3488, #3950, .T. ) ;
#8753 = CARTESIAN_POINT ( 'NONE',  ( -24.69849011171107378, -1.512152455818657204, -40.80041777998818020 ) ) ;
#8754 = DIRECTION ( 'NONE',  ( 1.000000000000000000, 0.000000000000000000, 0.000000000000000000 ) ) ;
#8755 = EDGE_LOOP ( 'NONE', ( #8939, #5481, #724, #3660 ) ) ;
#8756 = DIRECTION ( 'NONE',  ( 0.000000000000000000, 0.000000000000000000, -1.000000000000000000 ) ) ;
#8757 = CARTESIAN_POINT ( 'NONE',  ( -24.69849011171107378, -1.512152455818657204, -56.00041577998818099 ) ) ;
#8758 = DIRECTION ( 'NONE',  ( -0.7071067811865536790, 0.000000000000000000, 0.7071067811865414665 ) ) ;
#8759 = AXIS2_PLACEMENT_3D ( 'NONE', #1558, #7175, #9545 ) ;
#8760 = CYLINDRICAL_SURFACE ( 'NONE', #6535, 0.7500000000000006661 ) ;
#8761 = DIRECTION ( 'NONE',  ( -1.000000000000000000, -2.710505431214378369E-16, 0.000000000000000000 ) ) ;
#8762 = CARTESIAN_POINT ( 'NONE',  ( -8.255007729955988083, 20.53013235850071183, -50.98729131593056252 ) ) ;
#8763 = EDGE_CURVE ( 'NONE', #5567, #7609, #9477, .T. ) ;
#8764 = DIRECTION ( 'NONE',  ( 0.000000000000000000, 0.000000000000000000, -1.000000000000000000 ) ) ;
#8765 = DIRECTION ( 'NONE',  ( -0.000000000000000000, -0.000000000000000000, -1.000000000000000000 ) ) ;
#8766 = ORIENTED_EDGE ( 'NONE', *, *, #10336, .F. ) ;
#8767 = AXIS2_PLACEMENT_3D ( 'NONE', #10045, #5359, #5998 ) ;
#8768 = ORIENTED_EDGE ( 'NONE', *, *, #7707, .F. ) ;
#8769 = DIRECTION ( 'NONE',  ( 0.000000000000000000, 0.000000000000000000, -1.000000000000000000 ) ) ;
#8770 = CARTESIAN_POINT ( 'NONE',  ( 14.85349142309807391, -1.524148547166637835, 21.40359731999999937 ) ) ;
#8771 = AXIS2_PLACEMENT_3D ( 'NONE', #5523, #1883, #8140 ) ;
#8772 = ORIENTED_EDGE ( 'NONE', *, *, #6159, .F. ) ;
#8773 = CARTESIAN_POINT ( 'NONE',  ( 24.67099418688728818, 24.14451825314681344, 22.84184057404962331 ) ) ;
#8774 = DIRECTION ( 'NONE',  ( 1.000000000000000000, 1.355252715607187705E-16, -0.000000000000000000 ) ) ;
#8775 = DIRECTION ( 'NONE',  ( -0.000000000000000000, -0.000000000000000000, 1.000000000000000000 ) ) ;
#8776 = DIRECTION ( 'NONE',  ( 0.000000000000000000, 0.000000000000000000, -1.000000000000000000 ) ) ;
#8777 = CARTESIAN_POINT ( 'NONE',  ( 29.59477099867147132, -12.51215245581865609, 22.99999800000001215 ) ) ;
#8778 = CIRCLE ( 'NONE', #7780, 0.7499999999999972244 ) ;
#8779 = ORIENTED_EDGE ( 'NONE', *, *, #5033, .T. ) ;
#8780 = CARTESIAN_POINT ( 'NONE',  ( 10.23043847095199865, -10.57321444358334794, 21.40359731999999937 ) ) ;
#8781 = ORIENTED_EDGE ( 'NONE', *, *, #9546, .F. ) ;
#8782 = EDGE_LOOP ( 'NONE', ( #9561, #1902 ) ) ;
#8783 = ORIENTED_EDGE ( 'NONE', *, *, #7845, .F. ) ;
#8784 = CARTESIAN_POINT ( 'NONE',  ( 36.98149227759007118, -4.623571175818640633, 19.20359732000000008 ) ) ;
#8785 = ORIENTED_EDGE ( 'NONE', *, *, #7253, .F. ) ;
#8786 = CARTESIAN_POINT ( 'NONE',  ( -2.782749029670765317, 14.74533213715683111, -51.05170279252356380 ) ) ;
#8787 = MECHANICAL_DESIGN_GEOMETRIC_PRESENTATION_REPRESENTATION (  '', ( #7784 ), #6930 ) ;
#8788 = DIRECTION ( 'NONE',  ( 1.462890879734001726E-19, 1.610801296603465303E-20, -1.000000000000000000 ) ) ;
#8789 = EDGE_CURVE ( 'NONE', #3717, #1760, #9770, .T. ) ;
#8790 = DIRECTION ( 'NONE',  ( -1.000000000000000000, 0.000000000000000000, 0.000000000000000000 ) ) ;
#8791 = ORIENTED_EDGE ( 'NONE', *, *, #4512, .T. ) ;
#8792 = LINE ( 'NONE', #6378, #7005 ) ;
#8793 = CARTESIAN_POINT ( 'NONE',  ( 25.42053884211588866, 24.22780283803567869, 22.84470496775770343 ) ) ;
#8794 = VECTOR ( 'NONE', #2560, 1000.000000000000000 ) ;
#8795 = EDGE_LOOP ( 'NONE', ( #9357, #10086, #6877, #352 ) ) ;
#8796 = VECTOR ( 'NONE', #225, 1000.000000000000000 ) ;
#8797 = DIRECTION ( 'NONE',  ( -1.000000000000000000, 0.000000000000000000, 0.000000000000000000 ) ) ;
#8798 = CYLINDRICAL_SURFACE ( 'NONE', #7031, 3.000000000000002665 ) ;
#8799 = CARTESIAN_POINT ( 'NONE',  ( 45.79477099867147416, -1.512152455818663865, 21.99999800000000150 ) ) ;
#8800 = VERTEX_POINT ( 'NONE', #695 ) ;
#8801 = EDGE_CURVE ( 'NONE', #4624, #4199, #6418, .T. ) ;
#8802 = DIRECTION ( 'NONE',  ( 1.000000000000000000, 0.000000000000000000, 0.000000000000000000 ) ) ;
#8803 = CARTESIAN_POINT ( 'NONE',  ( 25.77150857876885581, 24.12857876091472420, 23.06723023366809144 ) ) ;
#8804 = EDGE_CURVE ( 'NONE', #7394, #10381, #5622, .T. ) ;
#8805 = EDGE_CURVE ( 'NONE', #4294, #10228, #3903, .T. ) ;
#8806 = DIRECTION ( 'NONE',  ( -0.000000000000000000, -0.000000000000000000, 1.000000000000000000 ) ) ;
#8807 = CARTESIAN_POINT ( 'NONE',  ( 20.02849441382008422, -3.967150744431636955, 18.40359731999999937 ) ) ;
#8808 = CARTESIAN_POINT ( 'NONE',  ( -7.974468522813358717, 20.31805074256153887, -50.81066994293988159 ) ) ;
#8809 = DIRECTION ( 'NONE',  ( 0.000000000000000000, -1.000000000000000000, 0.000000000000000000 ) ) ;
#8810 = CARTESIAN_POINT ( 'NONE',  ( 24.69849011171107378, -1.763214443583702495, 21.40359731999999937 ) ) ;
#8811 = VERTEX_POINT ( 'NONE', #5573 ) ;
#8812 = AXIS2_PLACEMENT_3D ( 'NONE', #3695, #344, #2712 ) ;
#8813 = EDGE_CURVE ( 'NONE', #4360, #9639, #7933, .T. ) ;
#8814 = CARTESIAN_POINT ( 'NONE',  ( 0.000000000000000000, 0.000000000000000000, 0.000000000000000000 ) ) ;
#8815 = ADVANCED_FACE ( 'NONE', ( #799 ), #8432, .T. ) ;
#8816 = ORIENTED_EDGE ( 'NONE', *, *, #9384, .T. ) ;
#8817 = ORIENTED_EDGE ( 'NONE', *, *, #850, .T. ) ;
#8818 = DIRECTION ( 'NONE',  ( 0.000000000000000000, 0.000000000000000000, 1.000000000000000000 ) ) ;
#8819 = DIRECTION ( 'NONE',  ( 1.000000000000000000, 0.000000000000000000, 0.000000000000000000 ) ) ;
#8820 = VERTEX_POINT ( 'NONE', #4615 ) ;
#8821 = CARTESIAN_POINT ( 'NONE',  ( 25.90021110258745907, 24.12432706101249380, 23.12168238538273357 ) ) ;
#8822 = CARTESIAN_POINT ( 'NONE',  ( 44.29477099867147416, 9.487847544181342130, 21.99999800000000150 ) ) ;
#8823 = DIRECTION ( 'NONE',  ( -0.000000000000000000, -0.000000000000000000, -1.000000000000000000 ) ) ;
#8824 = ORIENTED_EDGE ( 'NONE', *, *, #10280, .F. ) ;
#8825 = DIRECTION ( 'NONE',  ( 0.000000000000000000, 0.000000000000000000, -1.000000000000000000 ) ) ;
#8826 = CARTESIAN_POINT ( 'NONE',  ( 45.99477099867146990, -1.512152455818663865, 23.19999800000000079 ) ) ;
#8827 = ORIENTED_EDGE ( 'NONE', *, *, #6245, .F. ) ;
#8828 = CARTESIAN_POINT ( 'NONE',  ( -24.69849011171242736, -24.56215207581349347, -40.80041777998818020 ) ) ;
#8829 = ORIENTED_EDGE ( 'NONE', *, *, #437, .F. ) ;
#8830 = VERTEX_POINT ( 'NONE', #1372 ) ;
#8831 = VECTOR ( 'NONE', #7583, 1000.000000000000000 ) ;
#8832 = ORIENTED_EDGE ( 'NONE', *, *, #8528, .F. ) ;
#8833 = FACE_OUTER_BOUND ( 'NONE', #8188, .T. ) ;
#8834 = ORIENTED_EDGE ( 'NONE', *, *, #2135, .F. ) ;
#8835 = CARTESIAN_POINT ( 'NONE',  ( 3.264205251154867149, 13.51827542104300584, 23.19999800000000079 ) ) ;
#8836 = CARTESIAN_POINT ( 'NONE',  ( 10.21634258731288192, 19.77939288691226594, 22.99999799999999439 ) ) ;
#8837 = CONICAL_SURFACE ( 'NONE', #4307, 1.000000000000000888, 0.7853981633974553844 ) ;
#8838 = AXIS2_PLACEMENT_3D ( 'NONE', #3321, #58, #7159 ) ;
#8839 = CARTESIAN_POINT ( 'NONE',  ( 12.03752811785077803, -6.819414077215271597, 21.40359731999999937 ) ) ;
#8840 = ORIENTED_EDGE ( 'NONE', *, *, #1731, .T. ) ;
#8841 = DIRECTION ( 'NONE',  ( -0.000000000000000000, -0.000000000000000000, -1.000000000000000000 ) ) ;
#8842 = CARTESIAN_POINT ( 'NONE',  ( 23.75947189213320954, 24.22073121619183667, 22.91061057343771168 ) ) ;
#8843 = ADVANCED_FACE ( 'NONE', ( #9252 ), #5908, .F. ) ;
#8844 = ORIENTED_EDGE ( 'NONE', *, *, #7451, .F. ) ;
#8845 = CARTESIAN_POINT ( 'NONE',  ( 11.23043847095200576, 7.323764546165906886, 18.40359731999999937 ) ) ;
#8846 = AXIS2_PLACEMENT_3D ( 'NONE', #7972, #8756, #3962 ) ;
#8847 = FACE_OUTER_BOUND ( 'NONE', #5868, .T. ) ;
#8848 = AXIS2_PLACEMENT_3D ( 'NONE', #4133, #7190, #2454 ) ;
#8849 =( NAMED_UNIT ( * ) PLANE_ANGLE_UNIT ( ) SI_UNIT ( $, .RADIAN. ) );
#8850 = ORIENTED_EDGE ( 'NONE', *, *, #4753, .F. ) ;
#8851 = EDGE_CURVE ( 'NONE', #5671, #6217, #7760, .T. ) ;
#8852 = AXIS2_PLACEMENT_3D ( 'NONE', #4041, #3206, #8675 ) ;
#8853 = DIRECTION ( 'NONE',  ( 0.000000000000000000, 0.000000000000000000, -1.000000000000000000 ) ) ;
#8854 = CARTESIAN_POINT ( 'NONE',  ( -2.596113630889637314, 14.45866390088847631, -51.51195270461459330 ) ) ;
#8855 = AXIS2_PLACEMENT_3D ( 'NONE', #6633, #5847, #3380 ) ;
#8856 = CARTESIAN_POINT ( 'NONE',  ( -40.99730114935989178, 14.78665858183135562, -32.80041777998817309 ) ) ;
#8857 =( GEOMETRIC_REPRESENTATION_CONTEXT ( 3 ) GLOBAL_UNCERTAINTY_ASSIGNED_CONTEXT ( ( #9442 ) ) GLOBAL_UNIT_ASSIGNED_CONTEXT ( ( #9978, #2089, #6968 ) ) REPRESENTATION_CONTEXT ( 'NONE', 'WORKASPACE' ) );
#8858 = CARTESIAN_POINT ( 'NONE',  ( 25.87591770421360238, 24.21091431827368012, 22.99999799999998018 ) ) ;
#8859 = CARTESIAN_POINT ( 'NONE',  ( -8.395932098159796908, 20.63455480456796565, -51.19985954876139544 ) ) ;
#8860 = DIRECTION ( 'NONE',  ( -0.000000000000000000, -0.000000000000000000, 1.000000000000000000 ) ) ;
#8861 = CARTESIAN_POINT ( 'NONE',  ( 31.33349227759007505, -9.733150561326645800, 18.40359731999999937 ) ) ;
#8862 = VERTEX_POINT ( 'NONE', #4413 ) ;
#8863 = EDGE_CURVE ( 'NONE', #694, #9005, #10142, .T. ) ;
#8864 = VECTOR ( 'NONE', #2514, 1000.000000000000000 ) ;
#8865 = EDGE_CURVE ( 'NONE', #1156, #3530, #1210, .T. ) ;
#8866 = ADVANCED_FACE ( 'NONE', ( #8514 ), #5204, .F. ) ;
#8867 = AXIS2_PLACEMENT_3D ( 'NONE', #3195, #2448, #722 ) ;
#8868 = VECTOR ( 'NONE', #6287, 999.9999999999998863 ) ;
#8869 = PRODUCT_CONTEXT ( 'NONE', #8480, 'mechanical' ) ;
#8870 = VERTEX_POINT ( 'NONE', #6881 ) ;
#8871 = ORIENTED_EDGE ( 'NONE', *, *, #4995, .F. ) ;
#8872 = DIRECTION ( 'NONE',  ( 0.000000000000000000, 0.000000000000000000, 1.000000000000000000 ) ) ;
#8873 = DIRECTION ( 'NONE',  ( 0.000000000000000000, 0.000000000000000000, 1.000000000000000000 ) ) ;
#8874 = EDGE_LOOP ( 'NONE', ( #1586, #983, #4665, #9343 ) ) ;
#8875 = CARTESIAN_POINT ( 'NONE',  ( 24.18429384633700963, 24.14104153874659175, 22.89457997588792537 ) ) ;
#8876 = DIRECTION ( 'NONE',  ( 0.000000000000000000, 0.000000000000000000, -1.000000000000000000 ) ) ;
#8877 = AXIS2_PLACEMENT_3D ( 'NONE', #5570, #4736, #4836 ) ;
#8878 = CARTESIAN_POINT ( 'NONE',  ( -0.9246057082889277412, -3.967150744431644060, 19.20359732000000008 ) ) ;
#8879 = VECTOR ( 'NONE', #5952, 1000.000000000000000 ) ;
#8880 = ADVANCED_FACE ( 'NONE', ( #10090 ), #523, .F. ) ;
#8881 = CARTESIAN_POINT ( 'NONE',  ( 19.02849441382007711, -1.512152455818657204, 21.40359731999999937 ) ) ;
#8882 = ADVANCED_FACE ( 'NONE', ( #7628 ), #2999, .F. ) ;
#8883 = LINE ( 'NONE', #9665, #4979 ) ;
#8884 = CIRCLE ( 'NONE', #149, 24.09999999999566000 ) ;
#8885 = EDGE_CURVE ( 'NONE', #5344, #8563, #6093, .T. ) ;
#8886 = VECTOR ( 'NONE', #5077, 1000.000000000000000 ) ;
#8887 = ORIENTED_EDGE ( 'NONE', *, *, #1438, .F. ) ;
#8888 = CARTESIAN_POINT ( 'NONE',  ( 40.20749282690608339, -15.01615056132663995, 19.20359732000000008 ) ) ;
#8889 = ORIENTED_EDGE ( 'NONE', *, *, #9011, .T. ) ;
#8890 = ORIENTED_EDGE ( 'NONE', *, *, #5202, .T. ) ;
#8891 = CARTESIAN_POINT ( 'NONE',  ( 28.84477099867147487, -12.51215245581865609, 22.99999800000001215 ) ) ;
#8892 = ORIENTED_EDGE ( 'NONE', *, *, #7507, .T. ) ;
#8893 = CARTESIAN_POINT ( 'NONE',  ( 24.69849011171107378, -1.512152455818657204, 18.40359731999999937 ) ) ;
#8894 = ADVANCED_FACE ( 'NONE', ( #2156 ), #7732, .T. ) ;
#8895 = VERTEX_POINT ( 'NONE', #6142 ) ;
#8896 = CARTESIAN_POINT ( 'NONE',  ( 35.98149282690607009, 12.22185072041136245, 19.20359732000000008 ) ) ;
#8897 = DIRECTION ( 'NONE',  ( 0.000000000000000000, 0.000000000000000000, -1.000000000000000000 ) ) ;
#8898 = DIRECTION ( 'NONE',  ( -0.000000000000000000, -0.000000000000000000, -1.000000000000000000 ) ) ;
#8899 = ORIENTED_EDGE ( 'NONE', *, *, #9403, .T. ) ;
#8900 = AXIS2_PLACEMENT_3D ( 'NONE', #6208, #584, #7637 ) ;
#8901 = VERTEX_POINT ( 'NONE', #3574 ) ;
#8902 = CARTESIAN_POINT ( 'NONE',  ( 2.581661968933036455, -2.879047117943972278, 8.999997999999999720 ) ) ;
#8903 = CARTESIAN_POINT ( 'NONE',  ( 25.25196166370944439, 24.23194351999023510, 22.80541787529552877 ) ) ;
#8904 = ORIENTED_EDGE ( 'NONE', *, *, #7785, .T. ) ;
#8905 = PLANE ( 'NONE',  #1180 ) ;
#8906 = CARTESIAN_POINT ( 'NONE',  ( 37.69477099867146563, -1.512152455818661423, 21.99999800000000150 ) ) ;
#8907 = PLANE ( 'NONE',  #10127 ) ;
#8908 = ORIENTED_EDGE ( 'NONE', *, *, #4927, .T. ) ;
#8909 = CARTESIAN_POINT ( 'NONE',  ( 24.69849011171107378, -1.512152455818657204, 23.19999800000000079 ) ) ;
#8910 = CARTESIAN_POINT ( 'NONE',  ( 25.72612009103746900, 24.12995259642961798, 23.04919539126021277 ) ) ;
#8911 = CARTESIAN_POINT ( 'NONE',  ( -8.399958823315209600, 20.35466062371214591, -53.92556352120751484 ) ) ;
#8912 = CARTESIAN_POINT ( 'NONE',  ( 2.581637895294357055, -1.512542087102104249, 8.999997999999999720 ) ) ;
#8913 = CARTESIAN_POINT ( 'NONE',  ( 26.18664373884802643, -27.21918420891586621, 23.14124125523812836 ) ) ;
#8914 = CARTESIAN_POINT ( 'NONE',  ( -8.437057141487077416, 20.66477030622560918, -51.30639567143149549 ) ) ;
#8915 = CARTESIAN_POINT ( 'NONE',  ( -2.303443662110555401, 14.44754370816872502, -53.82105164860703184 ) ) ;
#8916 = DIRECTION ( 'NONE',  ( 0.000000000000000000, 0.000000000000000000, 1.000000000000000000 ) ) ;
#8917 = EDGE_LOOP ( 'NONE', ( #4636, #7357, #3448, #10120, #1844, #5812, #3438, #2267, #4817 ) ) ;
#8918 = EDGE_CURVE ( 'NONE', #2111, #5869, #34, .T. ) ;
#8919 = AXIS2_PLACEMENT_3D ( 'NONE', #4017, #6434, #3280 ) ;
#8921 = VERTEX_POINT ( 'NONE', #2846 ) ;
#8920 = EDGE_CURVE ( 'NONE', #9369, #5388, #7594, .T. ) ;
#8922 = EDGE_LOOP ( 'NONE', ( #7723, #7494, #222, #8938 ) ) ;
#8923 = CARTESIAN_POINT ( 'NONE',  ( 36.98149227759007118, -4.623571175818640633, 19.20359732000000008 ) ) ;
#8924 = FACE_OUTER_BOUND ( 'NONE', #5044, .T. ) ;
#8925 = ORIENTED_EDGE ( 'NONE', *, *, #464, .T. ) ;
#8926 = DIRECTION ( 'NONE',  ( -0.9999999998448929617, -1.761289572153559884E-05, 0.000000000000000000 ) ) ;
#8927 = DIRECTION ( 'NONE',  ( 0.7071067811865556774, 0.000000000000000000, 0.7071067811865393571 ) ) ;
#8928 = CYLINDRICAL_SURFACE ( 'NONE', #7853, 0.2000000000000005107 ) ;
#8929 = AXIS2_PLACEMENT_3D ( 'NONE', #1280, #3640, #9265 ) ;
#8930 = DIRECTION ( 'NONE',  ( -0.000000000000000000, -0.000000000000000000, -1.000000000000000000 ) ) ;
#8931 = VERTEX_POINT ( 'NONE', #9205 ) ;
#8932 = DIRECTION ( 'NONE',  ( 0.000000000000000000, 0.000000000000000000, -1.000000000000000000 ) ) ;
#8933 = CARTESIAN_POINT ( 'NONE',  ( 29.79477099867146350, -12.51215245581865609, 23.19999800000000079 ) ) ;
#8934 = CIRCLE ( 'NONE', #1718, 0.6500000000000057954 ) ;
#8935 = EDGE_CURVE ( 'NONE', #10325, #10262, #9601, .T. ) ;
#8936 = ORIENTED_EDGE ( 'NONE', *, *, #6993, .T. ) ;
#8937 = DIRECTION ( 'NONE',  ( -1.000000000000000000, 0.000000000000000000, -0.000000000000000000 ) ) ;
#8938 = ORIENTED_EDGE ( 'NONE', *, *, #842, .F. ) ;
#8939 = ORIENTED_EDGE ( 'NONE', *, *, #8674, .F. ) ;
#8940 = DIRECTION ( 'NONE',  ( 0.000000000000000000, 0.000000000000000000, 1.000000000000000000 ) ) ;
#8941 = ORIENTED_EDGE ( 'NONE', *, *, #9329, .T. ) ;
#8942 = CARTESIAN_POINT ( 'NONE',  ( -24.69849011171107378, -1.512152455818657204, -32.80041777998818020 ) ) ;
#8943 = ORIENTED_EDGE ( 'NONE', *, *, #2779, .T. ) ;
#8944 = AXIS2_PLACEMENT_3D ( 'NONE', #9330, #6860, #3869 ) ;
#8945 = CARTESIAN_POINT ( 'NONE',  ( -2.722276601844709987, 14.65391972684238375, -51.11989067514253549 ) ) ;
#8946 = DIRECTION ( 'NONE',  ( -0.7114425483935333805, -0.7027442638224198346, 0.000000000000000000 ) ) ;
#8947 = AXIS2_PLACEMENT_3D ( 'NONE', #10054, #1122, #6057 ) ;
#8948 = AXIS2_PLACEMENT_3D ( 'NONE', #726, #7938, #10295 ) ;
#8949 = ADVANCED_FACE ( 'NONE', ( #5560 ), #5512, .F. ) ;
#8950 = EDGE_CURVE ( 'NONE', #1325, #8199, #7042, .T. ) ;
#8951 = DIRECTION ( 'NONE',  ( 1.000000000000000000, 0.000000000000000000, 0.000000000000000000 ) ) ;
#8952 = EDGE_LOOP ( 'NONE', ( #10109, #6863 ) ) ;
#8953 = ORIENTED_EDGE ( 'NONE', *, *, #7534, .F. ) ;
#8954 = FACE_OUTER_BOUND ( 'NONE', #2063, .T. ) ;
#8955 = CARTESIAN_POINT ( 'NONE',  ( 13.13958744084995800, 9.315756228538482731, 21.40359731999999937 ) ) ;
#8956 = ORIENTED_EDGE ( 'NONE', *, *, #6398, .T. ) ;
#8957 = DIRECTION ( 'NONE',  ( 1.000000000000000000, 0.000000000000000000, 0.000000000000000000 ) ) ;
#8958 = CARTESIAN_POINT ( 'NONE',  ( 27.89477099867148269, -1.512152455818657204, 23.19999800000000079 ) ) ;
#8959 = CARTESIAN_POINT ( 'NONE',  ( 1.201509888288921468, -1.512152455818657204, -40.80041777998818020 ) ) ;
#8960 = ORIENTED_EDGE ( 'NONE', *, *, #9353, .F. ) ;
#8961 = VECTOR ( 'NONE', #4351, 1000.000000000000000 ) ;
#8962 = CARTESIAN_POINT ( 'NONE',  ( -24.69849011171107378, -1.512152455818657204, -31.40041777998817096 ) ) ;
#8963 = B_SPLINE_CURVE_WITH_KNOTS ( 'NONE', 1,
 ( #6895, #1286 ),
 .UNSPECIFIED., .F., .F.,
 ( 2, 2 ),
 ( 0.000000000000000000, 1.000000000000000000 ),
 .UNSPECIFIED. ) ;
#8964 = CARTESIAN_POINT ( 'NONE',  ( 20.02849441382007711, 2.426849255568360508, 18.40359731999999937 ) ) ;
#8965 = COLOUR_RGB ( '',0.8980392156862745390, 0.9176470588235293713, 0.9294117647058823817 ) ;
#8966 = CARTESIAN_POINT ( 'NONE',  ( -24.69849011171107378, -1.512152455818657204, -51.00041577998818099 ) ) ;
#8967 = CARTESIAN_POINT ( 'NONE',  ( -28.29686764313900227, 2.130764338857809026, -51.00041577998818099 ) ) ;
#8968 = FACE_OUTER_BOUND ( 'NONE', #1383, .T. ) ;
#8969 = CARTESIAN_POINT ( 'NONE',  ( -8.172368071625024655, 20.20175408110993232, -51.05153974880622769 ) ) ;
#8970 = CARTESIAN_POINT ( 'NONE',  ( -2.709822519339440738, 14.63493437317943346, -54.10275912803140130 ) ) ;
#8971 = DIRECTION ( 'NONE',  ( -0.000000000000000000, -0.000000000000000000, 1.000000000000000000 ) ) ;
#8972 = VERTEX_POINT ( 'NONE', #2264 ) ;
#8973 = VERTEX_POINT ( 'NONE', #4827 ) ;
#8974 = ORIENTED_EDGE ( 'NONE', *, *, #4540, .F. ) ;
#8975 = AXIS2_PLACEMENT_3D ( 'NONE', #5803, #1611, #1816 ) ;
#8976 = CARTESIAN_POINT ( 'NONE',  ( 25.39477099867147203, -12.51215245581865609, 21.99999800000000150 ) ) ;
#8977 = PLANE ( 'NONE',  #6781 ) ;
#8978 = EDGE_LOOP ( 'NONE', ( #9868, #4366, #8344, #7464, #8685, #844, #6955, #209 ) ) ;
#8979 = DIRECTION ( 'NONE',  ( -0.000000000000000000, -0.000000000000000000, -1.000000000000000000 ) ) ;
#8980 = CARTESIAN_POINT ( 'NONE',  ( 8.630438470952455532, -8.063214443583346380, 21.40359731999999937 ) ) ;
#8981 = EDGE_CURVE ( 'NONE', #3637, #5618, #2386, .T. ) ;
#8982 = CARTESIAN_POINT ( 'NONE',  ( 44.85549337622308030, -4.623571175818640633, 19.20359732000000008 ) ) ;
#8983 = DIRECTION ( 'NONE',  ( -0.7071067811865536790, 0.000000000000000000, -0.7071067811865414665 ) ) ;
#8984 = PRODUCT_RELATED_PRODUCT_CATEGORY ( 'part', '', ( #5061 ) ) ;
#8985 = VECTOR ( 'NONE', #5802, 1000.000000000000114 ) ;
#8986 = LINE ( 'NONE', #8303, #368 ) ;
#8987 = DIRECTION ( 'NONE',  ( 0.000000000000000000, -1.000000000000000000, 0.000000000000000000 ) ) ;
#8988 = ORIENTED_EDGE ( 'NONE', *, *, #8981, .T. ) ;
#8989 = DIRECTION ( 'NONE',  ( 0.000000000000000000, 1.000000000000000000, 0.000000000000000000 ) ) ;
#8990 = ORIENTED_EDGE ( 'NONE', *, *, #3204, .T. ) ;
#8991 = ORIENTED_EDGE ( 'NONE', *, *, #9721, .F. ) ;
#8992 = DIRECTION ( 'NONE',  ( -0.000000000000000000, -0.000000000000000000, 1.000000000000000000 ) ) ;
#8993 = EDGE_LOOP ( 'NONE', ( #3066, #4452, #3926, #6040, #1106, #6775, #9693, #1209, #9896, #6204, #3164, #1300, #9091 ) ) ;
#8994 = CARTESIAN_POINT ( 'NONE',  ( 19.01847150889784643, -6.067398810601707382, 23.19999800000000079 ) ) ;
#8995 = VERTEX_POINT ( 'NONE', #4727 ) ;
#8996 = EDGE_CURVE ( 'NONE', #686, #6988, #7242, .T. ) ;
#8997 = CARTESIAN_POINT ( 'NONE',  ( -2.671416667397534361, 14.95169300870856155, -50.80834397477850928 ) ) ;
#8998 = CARTESIAN_POINT ( 'NONE',  ( 44.29477099867147416, -12.51215245581865609, 22.99999800000001215 ) ) ;
#8999 = AXIS2_PLACEMENT_3D ( 'NONE', #8319, #4417, #479 ) ;
#9000 = CARTESIAN_POINT ( 'NONE',  ( 10.18989393403097843, 8.487383065279145100, 40.75345354922610142 ) ) ;
#9001 = ORIENTED_EDGE ( 'NONE', *, *, #7974, .F. ) ;
#9002 = ORIENTED_EDGE ( 'NONE', *, *, #3330, .T. ) ;
#9003 = LINE ( 'NONE', #4110, #6844 ) ;
#9004 = AXIS2_PLACEMENT_3D ( 'NONE', #5169, #8386, #5904 ) ;
#9005 = VERTEX_POINT ( 'NONE', #8045 ) ;
#9006 = CARTESIAN_POINT ( 'NONE',  ( -8.257433742958294687, 20.25957584355944618, -51.11446337278353980 ) ) ;
#9007 = PLANE ( 'NONE',  #1321 ) ;
#9008 = FACE_OUTER_BOUND ( 'NONE', #6350, .T. ) ;
#9009 = VERTEX_POINT ( 'NONE', #6406 ) ;
#9010 = EDGE_CURVE ( 'NONE', #8030, #9096, #3718, .T. ) ;
#9011 = EDGE_CURVE ( 'NONE', #100, #9042, #3253, .T. ) ;
#9012 = DIRECTION ( 'NONE',  ( 1.000000000000000000, 0.000000000000000000, 0.000000000000000000 ) ) ;
#9013 = LINE ( 'NONE', #1812, #1949 ) ;
#9014 = DIRECTION ( 'NONE',  ( 0.7071067811865414665, -1.115122484860626235E-16, -0.7071067811865536790 ) ) ;
#9015 = VECTOR ( 'NONE', #8989, 1000.000000000000000 ) ;
#9016 = CARTESIAN_POINT ( 'NONE',  ( 34.99477099867146990, 9.487847544181342130, 21.99999800000000150 ) ) ;
#9017 = DIRECTION ( 'NONE',  ( -1.000000000000000000, 0.000000000000000000, 0.000000000000000000 ) ) ;
#9018 = CARTESIAN_POINT ( 'NONE',  ( 26.13340465506952270, 24.04183573090489290, 23.15622903531532373 ) ) ;
#9019 = CARTESIAN_POINT ( 'NONE',  ( -2.323213383007584731, 14.47525185985138485, -53.93443588854488979 ) ) ;
#9020 = CARTESIAN_POINT ( 'NONE',  ( 24.69849011171107378, 3.406785556417015748, 18.40359731999999937 ) ) ;
#9021 = EDGE_CURVE ( 'NONE', #7231, #9009, #7081, .T. ) ;
#9022 = ORIENTED_EDGE ( 'NONE', *, *, #6727, .T. ) ;
#9023 = AXIS2_PLACEMENT_3D ( 'NONE', #9612, #7243, #1580 ) ;
#9024 = ADVANCED_FACE ( 'NONE', ( #1684 ), #2885, .T. ) ;
#9025 = VECTOR ( 'NONE', #7003, 1000.000000000000000 ) ;
#9026 = VECTOR ( 'NONE', #3716, 1000.000000000000000 ) ;
#9027 = ORIENTED_EDGE ( 'NONE', *, *, #4428, .F. ) ;
#9028 = ORIENTED_EDGE ( 'NONE', *, *, #4708, .T. ) ;
#9029 = DIRECTION ( 'NONE',  ( 0.000000000000000000, -1.000000000000000000, 0.000000000000000000 ) ) ;
#9030 = CARTESIAN_POINT ( 'NONE',  ( 15.84674818352332260, 12.02291697121184200, 21.96359842000000029 ) ) ;
#9031 = ORIENTED_EDGE ( 'NONE', *, *, #4982, .T. ) ;
#9032 = CARTESIAN_POINT ( 'NONE',  ( -40.99730114935989178, 14.78665858183135562, -40.80041777998818020 ) ) ;
#9033 = CIRCLE ( 'NONE', #10199, 25.74999999999999645 ) ;
#9034 = DIRECTION ( 'NONE',  ( 0.000000000000000000, 1.000000000000000000, 0.000000000000000000 ) ) ;
#9035 = CARTESIAN_POINT ( 'NONE',  ( 13.07349142309806922, -1.524148547166637613, 23.19999800000000079 ) ) ;
#9036 = ORIENTED_EDGE ( 'NONE', *, *, #10340, .T. ) ;
#9037 = VECTOR ( 'NONE', #4298, 999.9999999999998863 ) ;
#9038 = CIRCLE ( 'NONE', #4492, 1.000000000000000888 ) ;
#9039 = DIRECTION ( 'NONE',  ( 3.154042683594195121E-16, 1.000000000000000000, 0.000000000000000000 ) ) ;
#9040 = CARTESIAN_POINT ( 'NONE',  ( 10.26468491209006295, 19.73164160817062651, 23.06666981342122114 ) ) ;
#9041 = EDGE_CURVE ( 'NONE', #10097, #8442, #684, .T. ) ;
#9042 = VERTEX_POINT ( 'NONE', #4777 ) ;
#9043 = CYLINDRICAL_SURFACE ( 'NONE', #3469, 2.750000000000002665 ) ;
#9044 = ORIENTED_EDGE ( 'NONE', *, *, #6573, .F. ) ;
#9045 = VECTOR ( 'NONE', #4167, 1000.000000000000000 ) ;
#9046 = ORIENTED_EDGE ( 'NONE', *, *, #6251, .F. ) ;
#9047 = DIRECTION ( 'NONE',  ( 0.000000000000000000, 0.000000000000000000, 1.000000000000000000 ) ) ;
#9048 = VERTEX_POINT ( 'NONE', #9664 ) ;
#9049 = DIRECTION ( 'NONE',  ( 0.000000000000000000, 0.000000000000000000, 1.000000000000000000 ) ) ;
#9050 = VERTEX_POINT ( 'NONE', #45 ) ;
#9051 = CARTESIAN_POINT ( 'NONE',  ( -2.411247848355976942, 14.59774862458407085, -51.06156916527620382 ) ) ;
#9052 = VECTOR ( 'NONE', #1420, 1000.000000000000000 ) ;
#9053 = EDGE_CURVE ( 'NONE', #4306, #8895, #6457, .T. ) ;
#9054 = AXIS2_PLACEMENT_3D ( 'NONE', #6338, #9550, #4020 ) ;
#9055 = DIRECTION ( 'NONE',  ( 1.462890879734001726E-19, 1.610801296603465303E-20, -1.000000000000000000 ) ) ;
#9056 = LINE ( 'NONE', #957, #6835 ) ;
#9057 = ORIENTED_EDGE ( 'NONE', *, *, #6531, .T. ) ;
#9058 = EDGE_CURVE ( 'NONE', #3631, #9443, #5666, .T. ) ;
#9059 = EDGE_LOOP ( 'NONE', ( #5774, #9715, #3696, #6710 ) ) ;
#9060 = DIRECTION ( 'NONE',  ( -0.000000000000000000, -0.000000000000000000, -1.000000000000000000 ) ) ;
#9061 = ORIENTED_EDGE ( 'NONE', *, *, #5580, .T. ) ;
#9062 = CARTESIAN_POINT ( 'NONE',  ( -8.388099272410412865, 20.34683702462046995, -51.28936611474875207 ) ) ;
#9063 = VECTOR ( 'NONE', #4280, 1000.000000000000000 ) ;
#9064 = CARTESIAN_POINT ( 'NONE',  ( 25.19477099867147984, -1.512152455818657204, 23.19999800000000079 ) ) ;
#9065 = CARTESIAN_POINT ( 'NONE',  ( 45.04477099867147416, -12.51215245581865609, 21.99999800000000150 ) ) ;
#9066 = ORIENTED_EDGE ( 'NONE', *, *, #7406, .F. ) ;
#9067 = CARTESIAN_POINT ( 'NONE',  ( -24.69849011171107378, -1.512152455818657204, -32.80041777998817309 ) ) ;
#9068 = EDGE_CURVE ( 'NONE', #5848, #9078, #7838, .T. ) ;
#9069 = DIRECTION ( 'NONE',  ( -1.000000000000000000, 0.000000000000000000, 0.000000000000000000 ) ) ;
#9070 = CARTESIAN_POINT ( 'NONE',  ( -8.414338823126024991, 20.36413063253731082, -53.89012381327524537 ) ) ;
#9071 = ADVANCED_FACE ( 'NONE', ( #6303 ), #9512, .T. ) ;
#9072 = ADVANCED_FACE ( 'NONE', ( #9465 ), #8673, .F. ) ;
#9073 = DIRECTION ( 'NONE',  ( 0.000000000000000000, 0.000000000000000000, -1.000000000000000000 ) ) ;
#9074 = CARTESIAN_POINT ( 'NONE',  ( 24.80787251379796032, -27.16866490642787468, 22.84428982820017850 ) ) ;
#9075 = LINE ( 'NONE', #6750, #9063 ) ;
#9076 = CARTESIAN_POINT ( 'NONE',  ( -2.598944471274416301, 14.46311429720839570, -53.72952502085639281 ) ) ;
#9077 = ORIENTED_EDGE ( 'NONE', *, *, #8863, .F. ) ;
#9078 = VERTEX_POINT ( 'NONE', #10355 ) ;
#9079 = ADVANCED_FACE ( 'NONE', ( #6355 ), #9566, .T. ) ;
#9080 = ORIENTED_EDGE ( 'NONE', *, *, #8287, .T. ) ;
#9081 = DIRECTION ( 'NONE',  ( 0.000000000000000000, 0.000000000000000000, -1.000000000000000000 ) ) ;
#9082 = DIRECTION ( 'NONE',  ( -1.000000000000000000, 0.000000000000000000, 0.000000000000000000 ) ) ;
#9083 = CARTESIAN_POINT ( 'NONE',  ( -27.86568728706433618, -25.40313113088341623, -40.80041777998818020 ) ) ;
#9084 = ORIENTED_EDGE ( 'NONE', *, *, #8153, .F. ) ;
#9085 = DIRECTION ( 'NONE',  ( -1.000000000000000000, 0.000000000000000000, -0.000000000000000000 ) ) ;
#9086 = DIRECTION ( 'NONE',  ( -0.000000000000000000, -0.000000000000000000, -1.000000000000000000 ) ) ;
#9087 = ADVANCED_FACE ( 'NONE', ( #203 ), #4250, .T. ) ;
#9088 = CYLINDRICAL_SURFACE ( 'NONE', #8771, 1.520000000000000462 ) ;
#9089 = CARTESIAN_POINT ( 'NONE',  ( 40.20749282690607629, -9.733150561326636918, 19.20359732000000008 ) ) ;
#9090 = DIRECTION ( 'NONE',  ( 0.000000000000000000, 0.000000000000000000, 1.000000000000000000 ) ) ;
#9091 = ORIENTED_EDGE ( 'NONE', *, *, #8121, .T. ) ;
#9092 = DIRECTION ( 'NONE',  ( -0.000000000000000000, -0.000000000000000000, 1.000000000000000000 ) ) ;
#9093 = VERTEX_POINT ( 'NONE', #8247 ) ;
#9094 = ORIENTED_EDGE ( 'NONE', *, *, #257, .F. ) ;
#9095 = CARTESIAN_POINT ( 'NONE',  ( -8.399679074061923600, 14.78665858183135562, -40.80041777998818020 ) ) ;
#9096 = VERTEX_POINT ( 'NONE', #2569 ) ;
#9097 = CARTESIAN_POINT ( 'NONE',  ( 31.33349227759007505, -4.623571175818640633, 19.20359732000000008 ) ) ;
#9098 = CARTESIAN_POINT ( 'NONE',  ( -2.596113910731133068, 14.45866362446839659, -51.59041577998818440 ) ) ;
#9099 = VECTOR ( 'NONE', #3016, 1000.000000000000000 ) ;
#9100 = CARTESIAN_POINT ( 'NONE',  ( 24.69849011171107378, 3.675851452833362565, 21.40359731999999937 ) ) ;
#9101 = FACE_OUTER_BOUND ( 'NONE', #5025, .T. ) ;
#9102 = ORIENTED_EDGE ( 'NONE', *, *, #5716, .F. ) ;
#9103 = ORIENTED_EDGE ( 'NONE', *, *, #7152, .F. ) ;
#9104 = DIRECTION ( 'NONE',  ( 0.000000000000000000, 0.000000000000000000, -1.000000000000000000 ) ) ;
#9105 = VERTEX_POINT ( 'NONE', #4875 ) ;
#9106 = CARTESIAN_POINT ( 'NONE',  ( -8.351070226027781374, 20.32230228265546401, -51.22449525289495398 ) ) ;
#9107 = AXIS2_PLACEMENT_3D ( 'NONE', #3665, #3711, #6869 ) ;
#9108 = CARTESIAN_POINT ( 'NONE',  ( -24.69849011171107378, -1.512152455818657204, -40.80041777998818020 ) ) ;
#9109 = DIRECTION ( 'NONE',  ( -0.7071067811865473507, 0.7071067811865477948, 0.000000000000000000 ) ) ;
#9110 = ORIENTED_EDGE ( 'NONE', *, *, #8081, .F. ) ;
#9111 = AXIS2_PLACEMENT_3D ( 'NONE', #7639, #4222, #6845 ) ;
#9112 = FACE_OUTER_BOUND ( 'NONE', #3401, .T. ) ;
#9113 = EDGE_CURVE ( 'NONE', #9302, #4529, #875, .T. ) ;
#9114 = DIRECTION ( 'NONE',  ( 0.7071067811865536790, 8.659560562355008046E-17, -0.7071067811865414665 ) ) ;
#9115 = SHAPE_REPRESENTATION ( '配合图纸', ( #8867, #8537, #4170 ), #4004 ) ;
#9116 = CARTESIAN_POINT ( 'NONE',  ( -8.256789885025668241, 20.25913905516826929, -54.12694558230778341 ) ) ;
#9117 = VECTOR ( 'NONE', #9972, 1000.000000000000000 ) ;
#9118 = CARTESIAN_POINT ( 'NONE',  ( 28.84477099867147487, -12.51215245581865609, 21.99999800000000150 ) ) ;
#9119 = CIRCLE ( 'NONE', #4580, 1.000000000000000888 ) ;
#9120 = CARTESIAN_POINT ( 'NONE',  ( 24.42377352543326552, -27.26077434027246937, 22.76193215352624932 ) ) ;
#9121 = EDGE_CURVE ( 'NONE', #2218, #431, #9434, .T. ) ;
#9122 = CARTESIAN_POINT ( 'NONE',  ( 26.14477099867147203, -12.51215245581865609, 23.19999800000000079 ) ) ;
#9123 = CARTESIAN_POINT ( 'NONE',  ( -2.480103407630098289, 14.69259147445798064, -54.28688430833086898 ) ) ;
#9124 = CARTESIAN_POINT ( 'NONE',  ( 25.34776703423299793, -27.25401443775930943, 22.82665766348279845 ) ) ;
#9125 = EDGE_LOOP ( 'NONE', ( #2294, #7382, #6514, #6669 ) ) ;
#9126 = EDGE_CURVE ( 'NONE', #4199, #2436, #8986, .T. ) ;
#9127 = EDGE_CURVE ( 'NONE', #3581, #5167, #6237, .T. ) ;
#9128 = VERTEX_POINT ( 'NONE', #1098 ) ;
#9129 = ORIENTED_EDGE ( 'NONE', *, *, #9335, .F. ) ;
#9130 = CARTESIAN_POINT ( 'NONE',  ( 14.85349142309807391, -1.524148547166637835, 22.00359731999999724 ) ) ;
#9131 = CARTESIAN_POINT ( 'NONE',  ( 24.77998253300846443, -6.616486184603448173, 18.40359731999999937 ) ) ;
#9132 = DIRECTION ( 'NONE',  ( 0.000000000000000000, 0.000000000000000000, 1.000000000000000000 ) ) ;
#9133 = ORIENTED_EDGE ( 'NONE', *, *, #6562, .F. ) ;
#9134 = DIRECTION ( 'NONE',  ( 0.000000000000000000, 0.000000000000000000, -1.000000000000000000 ) ) ;
#9135 = DIRECTION ( 'NONE',  ( -1.000000000000000000, 0.000000000000000000, 0.000000000000000000 ) ) ;
#9136 = AXIS2_PLACEMENT_3D ( 'NONE', #485, #6210, #1330 ) ;
#9137 = DIRECTION ( 'NONE',  ( -1.000000000000000000, 0.000000000000000000, 0.000000000000000000 ) ) ;
#9138 = EDGE_CURVE ( 'NONE', #6919, #10339, #9772, .T. ) ;
#9139 = EDGE_CURVE ( 'NONE', #3060, #9573, #7157, .T. ) ;
#9140 = CARTESIAN_POINT ( 'NONE',  ( 34.24477099867146990, -12.51215245581865609, 21.99999800000000150 ) ) ;
#9141 = DIRECTION ( 'NONE',  ( -0.000000000000000000, 1.000000000000000000, 0.000000000000000000 ) ) ;
#9142 = VECTOR ( 'NONE', #4396, 1000.000000000000000 ) ;
#9143 = ORIENTED_EDGE ( 'NONE', *, *, #6214, .F. ) ;
#9144 = DIRECTION ( 'NONE',  ( 0.000000000000000000, 0.000000000000000000, -1.000000000000000000 ) ) ;
#9145 = VERTEX_POINT ( 'NONE', #2617 ) ;
#9146 = ORIENTED_EDGE ( 'NONE', *, *, #1484, .T. ) ;
#9147 = CARTESIAN_POINT ( 'NONE',  ( 25.10182350207939805, 24.23473594667153819, 22.77866260726906233 ) ) ;
#9148 = CARTESIAN_POINT ( 'NONE',  ( -2.783926463967759002, 14.74709376313697895, -54.18996857390651201 ) ) ;
#9149 = ORIENTED_EDGE ( 'NONE', *, *, #304, .F. ) ;
#9150 = DIRECTION ( 'NONE',  ( 1.000000000000000000, 0.000000000000000000, 0.000000000000000000 ) ) ;
#9151 = VECTOR ( 'NONE', #4433, 1000.000000000000000 ) ;
#9152 = CARTESIAN_POINT ( 'NONE',  ( -2.664862827534765888, 14.56584469995198639, -51.22427335605475918 ) ) ;
#9153 = CARTESIAN_POINT ( 'NONE',  ( -2.292613226071086530, 14.43233502373187704, -53.65041577998819378 ) ) ;
#9154 = CIRCLE ( 'NONE', #4614, 0.2000000000000005107 ) ;
#9155 = DIRECTION ( 'NONE',  ( 0.000000000000000000, 0.000000000000000000, 1.000000000000000000 ) ) ;
#9156 = EDGE_LOOP ( 'NONE', ( #8628, #2159, #4002, #1977 ) ) ;
#9157 = ORIENTED_EDGE ( 'NONE', *, *, #6374, .F. ) ;
#9158 = CARTESIAN_POINT ( 'NONE',  ( 39.64477099867147558, -12.51215245581865609, 21.99999800000000150 ) ) ;
#9159 = EDGE_LOOP ( 'NONE', ( #8012, #3894, #578, #1957 ) ) ;
#9160 = DIRECTION ( 'NONE',  ( 1.000000000000000000, 0.000000000000000000, 0.000000000000000000 ) ) ;
#9161 = DIRECTION ( 'NONE',  ( -1.000000000000000000, 0.000000000000000000, 0.000000000000000000 ) ) ;
#9162 = CARTESIAN_POINT ( 'NONE',  ( 26.89477099867147203, -12.51215245581865609, 21.99999800000000150 ) ) ;
#9163 = VERTEX_POINT ( 'NONE', #995 ) ;
#9164 = DIRECTION ( 'NONE',  ( -0.000000000000000000, -0.000000000000000000, 1.000000000000000000 ) ) ;
#9165 = LINE ( 'NONE', #1127, #5469 ) ;
#9166 = AXIS2_PLACEMENT_3D ( 'NONE', #2494, #6388, #6541 ) ;
#9167 = EDGE_CURVE ( 'NONE', #9078, #8407, #4143, .T. ) ;
#9168 = CARTESIAN_POINT ( 'NONE',  ( -8.230786723938489757, 20.51203539303742218, -54.27778258644902820 ) ) ;
#9169 = DIRECTION ( 'NONE',  ( 0.000000000000000000, 0.000000000000000000, -1.000000000000000000 ) ) ;
#9170 = CARTESIAN_POINT ( 'NONE',  ( 25.43069851827730687, -27.25176100330543250, 22.84792887754659318 ) ) ;
#9171 = LINE ( 'NONE', #2714, #6037 ) ;
#9172 = CARTESIAN_POINT ( 'NONE',  ( -2.596092894623074354, 14.85043259768225177, -54.39494716487586601 ) ) ;
#9173 = CARTESIAN_POINT ( 'NONE',  ( 24.14501855975428768, -27.25624843162852073, 22.80541787528503406 ) ) ;
#9174 = ORIENTED_EDGE ( 'NONE', *, *, #9768, .F. ) ;
#9175 = EDGE_CURVE ( 'NONE', #8576, #10146, #1781, .T. ) ;
#9176 = LINE ( 'NONE', #8139, #2675 ) ;
#9177 = CIRCLE ( 'NONE', #106, 0.9999999999999991118 ) ;
#9178 = VECTOR ( 'NONE', #6570, 1000.000000000000000 ) ;
#9179 = CIRCLE ( 'NONE', #616, 1.520000000000000462 ) ;
#9180 = VERTEX_POINT ( 'NONE', #253 ) ;
#9181 = CONICAL_SURFACE ( 'NONE', #7000, 0.7500000000000006661, 0.7853981633974570498 ) ;
#9182 = CARTESIAN_POINT ( 'NONE',  ( -2.292657841081335413, 14.43239771865563448, -51.48385429697847826 ) ) ;
#9183 = LINE ( 'NONE', #409, #4690 ) ;
#9184 = EDGE_CURVE ( 'NONE', #5554, #9180, #5138, .T. ) ;
#9185 = DIRECTION ( 'NONE',  ( -0.9999999998448928507, 1.761290502088552759E-05, 0.000000000000000000 ) ) ;
#9186 = CARTESIAN_POINT ( 'NONE',  ( -24.69849011171107378, -1.512152455818657204, -32.80041777998817309 ) ) ;
#9187 = EDGE_CURVE ( 'NONE', #6505, #1638, #9723, .T. ) ;
#9188 = AXIS2_PLACEMENT_3D ( 'NONE', #602, #3868, #3129 ) ;
#9189 = DIRECTION ( 'NONE',  ( 1.000000000000000000, 0.000000000000000000, 0.000000000000000000 ) ) ;
#9190 = VECTOR ( 'NONE', #1927, 1000.000000000000000 ) ;
#9191 = ORIENTED_EDGE ( 'NONE', *, *, #5117, .T. ) ;
#9192 = AXIS2_PLACEMENT_3D ( 'NONE', #5931, #1155, #9773 ) ;
#9193 = CARTESIAN_POINT ( 'NONE',  ( -8.082441052218241495, 20.13972023096307851, -54.22946912727904589 ) ) ;
#9194 = ORIENTED_EDGE ( 'NONE', *, *, #5180, .F. ) ;
#9195 = CYLINDRICAL_SURFACE ( 'NONE', #280, 0.9999999999999991118 ) ;
#9196 = ORIENTED_EDGE ( 'NONE', *, *, #6993, .F. ) ;
#9197 = EDGE_CURVE ( 'NONE', #8295, #10315, #2678, .T. ) ;
#9198 = ORIENTED_EDGE ( 'NONE', *, *, #1683, .F. ) ;
#9199 = LINE ( 'NONE', #6974, #7377 ) ;
#9200 = CARTESIAN_POINT ( 'NONE',  ( -2.726167641305220268, 14.65984596487748703, -54.12636818720896059 ) ) ;
#9201 = CARTESIAN_POINT ( 'NONE',  ( 31.20649282690607862, 7.065850720411353869, 18.40359731999999937 ) ) ;
#9202 = AXIS2_PLACEMENT_3D ( 'NONE', #3751, #1919, #7651 ) ;
#9203 = EDGE_CURVE ( 'NONE', #8407, #2470, #8197, .T. ) ;
#9204 = VECTOR ( 'NONE', #5464, 1000.000000000000000 ) ;
#9205 = CARTESIAN_POINT ( 'NONE',  ( 41.39477099867147558, 9.487847544181342130, 23.19999800000000079 ) ) ;
#9206 = DIRECTION ( 'NONE',  ( -1.000000000000000000, 0.000000000000000000, -0.000000000000000000 ) ) ;
#9207 = CIRCLE ( 'NONE', #314, 0.7500000000000006661 ) ;
#9208 = DIRECTION ( 'NONE',  ( 0.000000000000000000, 0.000000000000000000, -1.000000000000000000 ) ) ;
#9209 = ORIENTED_EDGE ( 'NONE', *, *, #4701, .T. ) ;
#9210 = EDGE_CURVE ( 'NONE', #2910, #6098, #1836, .T. ) ;
#9211 = ORIENTED_EDGE ( 'NONE', *, *, #9991, .T. ) ;
#9212 = CARTESIAN_POINT ( 'NONE',  ( 34.99477099867146990, 9.487847544181342130, 21.99999800000000150 ) ) ;
#9213 = VERTEX_POINT ( 'NONE', #309 ) ;
#9214 = CARTESIAN_POINT ( 'NONE',  ( -8.378578458142193597, 20.34054196238037804, -51.27093131125251091 ) ) ;
#9215 = CARTESIAN_POINT ( 'NONE',  ( 7.030438470952719676, 1.686785556416294352, 31.63375372154084175 ) ) ;
#9216 = CARTESIAN_POINT ( 'NONE',  ( 40.39477099867147558, 9.487847544181342130, 21.99999800000000150 ) ) ;
#9217 = ORIENTED_EDGE ( 'NONE', *, *, #8304, .T. ) ;
#9218 = CIRCLE ( 'NONE', #8210, 3.000000000000002665 ) ;
#9219 = AXIS2_PLACEMENT_3D ( 'NONE', #8958, #4221, #4851 ) ;
#9220 = CARTESIAN_POINT ( 'NONE',  ( 45.04477099867147416, 9.487847544181342130, 21.99999800000000150 ) ) ;
#9221 = DIRECTION ( 'NONE',  ( 0.000000000000000000, 0.000000000000000000, 1.000000000000000000 ) ) ;
#9222 = VECTOR ( 'NONE', #7348, 999.9999999999998863 ) ;
#9223 = CARTESIAN_POINT ( 'NONE',  ( -8.095014646764218114, 20.40987295135361279, -54.37978144727470209 ) ) ;
#9224 = AXIS2_PLACEMENT_3D ( 'NONE', #3662, #1929, #5973 ) ;
#9225 = FACE_BOUND ( 'NONE', #7134, .T. ) ;
#9226 = EDGE_CURVE ( 'NONE', #4821, #3789, #3625, .T. ) ;
#9227 = ORIENTED_EDGE ( 'NONE', *, *, #9755, .F. ) ;
#9228 = CARTESIAN_POINT ( 'NONE',  ( 25.49768321229313273, -27.16015791838364990, 22.96911922891619895 ) ) ;
#9229 = LINE ( 'NONE', #9860, #5689 ) ;
#9230 = CARTESIAN_POINT ( 'NONE',  ( -1.051509888288917116, -1.512152455818657204, 22.99999799999999439 ) ) ;
#9231 = CARTESIAN_POINT ( 'NONE',  ( 24.89744745071424248, -27.26158333640817588, 22.75411469620580363 ) ) ;
#9232 = ORIENTED_EDGE ( 'NONE', *, *, #3910, .F. ) ;
#9233 = FACE_OUTER_BOUND ( 'NONE', #9159, .T. ) ;
#9234 = AXIS2_PLACEMENT_3D ( 'NONE', #5861, #5962, #8439 ) ;
#9235 = ORIENTED_EDGE ( 'NONE', *, *, #4837, .T. ) ;
#9236 = CARTESIAN_POINT ( 'NONE',  ( 7.030438470952641516, -9.573214443583347943, 18.40359731999999937 ) ) ;
#9237 = CARTESIAN_POINT ( 'NONE',  ( 39.20749282690607629, -14.01615056132663995, 18.40359731999999937 ) ) ;
#9238 = AXIS2_PLACEMENT_3D ( 'NONE', #1695, #3168, #6466 ) ;
#9239 = DIRECTION ( 'NONE',  ( 0.000000000000000000, 0.000000000000000000, 1.000000000000000000 ) ) ;
#9240 = FACE_OUTER_BOUND ( 'NONE', #3521, .T. ) ;
#9241 = CARTESIAN_POINT ( 'NONE',  ( 17.87849142309807249, -1.524148547166637613, 22.99999800000000505 ) ) ;
#9242 = CARTESIAN_POINT ( 'NONE',  ( -2.819832504387033811, 14.80069556412059306, -51.02439117895651322 ) ) ;
#9243 = ADVANCED_FACE ( 'NONE', ( #9926 ), #2730, .F. ) ;
#9244 = ORIENTED_EDGE ( 'NONE', *, *, #2305, .T. ) ;
#9245 = DIRECTION ( 'NONE',  ( 0.000000000000000000, 0.000000000000000000, -1.000000000000000000 ) ) ;
#9246 = ORIENTED_EDGE ( 'NONE', *, *, #4837, .F. ) ;
#9247 = EDGE_LOOP ( 'NONE', ( #7251, #9797, #8141, #10172 ) ) ;
#9248 = CARTESIAN_POINT ( 'NONE',  ( 7.630438470952452867, -3.563214443583345492, 8.998998000000000275 ) ) ;
#9249 = CARTESIAN_POINT ( 'NONE',  ( -2.721758708076455591, 14.65313450036175702, -54.12021043415256116 ) ) ;
#9250 = EDGE_CURVE ( 'NONE', #5833, #4917, #2666, .T. ) ;
#9251 = DIRECTION ( 'NONE',  ( 0.000000000000000000, 0.000000000000000000, -1.000000000000000000 ) ) ;
#9252 = FACE_OUTER_BOUND ( 'NONE', #5125, .T. ) ;
#9253 = EDGE_CURVE ( 'NONE', #4096, #9849, #1535, .T. ) ;
#9254 = DIRECTION ( 'NONE',  ( -0.000000000000000000, -0.000000000000000000, -1.000000000000000000 ) ) ;
#9255 = CIRCLE ( 'NONE', #864, 25.54999999999997584 ) ;
#9256 = DIRECTION ( 'NONE',  ( 0.000000000000000000, 0.000000000000000000, 1.000000000000000000 ) ) ;
#9257 = ORIENTED_EDGE ( 'NONE', *, *, #5716, .T. ) ;
#9258 = VERTEX_POINT ( 'NONE', #918 ) ;
#9259 = DIRECTION ( 'NONE',  ( 0.7114425483935358230, 0.7027442638224175031, 0.000000000000000000 ) ) ;
#9260 = ORIENTED_EDGE ( 'NONE', *, *, #5247, .F. ) ;
#9261 = DIRECTION ( 'NONE',  ( 1.000000000000000000, 0.000000000000000000, 0.000000000000000000 ) ) ;
#9262 = DIRECTION ( 'NONE',  ( 1.000000000000000000, 0.000000000000000000, 0.000000000000000000 ) ) ;
#9263 = ORIENTED_EDGE ( 'NONE', *, *, #10236, .T. ) ;
#9264 = AXIS2_PLACEMENT_3D ( 'NONE', #1579, #5457, #838 ) ;
#9265 = DIRECTION ( 'NONE',  ( -1.000000000000000000, 0.000000000000000000, 0.000000000000000000 ) ) ;
#9266 = ADVANCED_FACE ( 'NONE', ( #9401 ), #3388, .F. ) ;
#9267 = CARTESIAN_POINT ( 'NONE',  ( 11.23043847095200753, -9.573214443583347943, 18.40359731999999937 ) ) ;
#9268 = EDGE_CURVE ( 'NONE', #9834, #4162, #1763, .T. ) ;
#9269 = CARTESIAN_POINT ( 'NONE',  ( -8.452827381475609414, 20.38936751708023820, -53.72922604665135538 ) ) ;
#9270 = CIRCLE ( 'NONE', #6417, 2.999999999999999112 ) ;
#9271 = FACE_BOUND ( 'NONE', #8544, .T. ) ;
#9272 = EDGE_LOOP ( 'NONE', ( #7468, #10150, #998, #9405 ) ) ;
#9273 = CARTESIAN_POINT ( 'NONE',  ( 25.57606272222372823, -27.15830248445221073, 22.99476453162845857 ) ) ;
#9274 = DIRECTION ( 'NONE',  ( 1.000000000000000000, 0.000000000000000000, -0.000000000000000000 ) ) ;
#9275 = CARTESIAN_POINT ( 'NONE',  ( -2.411379000526290284, 14.59793644123333323, -54.17999627491407466 ) ) ;
#9276 = CARTESIAN_POINT ( 'NONE',  ( 25.04948337989758045, -27.25981006578267341, 22.77124726850008685 ) ) ;
#9277 = ORIENTED_EDGE ( 'NONE', *, *, #6039, .F. ) ;
#9278 = FACE_OUTER_BOUND ( 'NONE', #4895, .T. ) ;
#9279 = CARTESIAN_POINT ( 'NONE',  ( -2.774648604874373703, 15.08890695564976703, -54.45041577998818383 ) ) ;
#9280 = VECTOR ( 'NONE', #3048, 1000.000000000000000 ) ;
#9281 = ORIENTED_EDGE ( 'NONE', *, *, #6061, .F. ) ;
#9282 = DIRECTION ( 'NONE',  ( -1.462890879734001726E-19, 0.000000000000000000, 1.000000000000000000 ) ) ;
#9283 = LINE ( 'NONE', #2034, #9387 ) ;
#9284 = DIRECTION ( 'NONE',  ( 3.154042683594195121E-16, 1.000000000000000000, 0.000000000000000000 ) ) ;
#9285 = CARTESIAN_POINT ( 'NONE',  ( 24.69849011171107378, -0.9132144435829837592, 31.63375372154084175 ) ) ;
#9286 = DIRECTION ( 'NONE',  ( 1.000000000000000000, 0.000000000000000000, 0.000000000000000000 ) ) ;
#9287 = CARTESIAN_POINT ( 'NONE',  ( -2.934094724924098063, 14.96817197811181188, -50.99041577998818298 ) ) ;
#9288 = ORIENTED_EDGE ( 'NONE', *, *, #1823, .F. ) ;
#9289 = VECTOR ( 'NONE', #4192, 1000.000000000000000 ) ;
#9290 = EDGE_CURVE ( 'NONE', #315, #1653, #6980, .T. ) ;
#9292 = CARTESIAN_POINT ( 'NONE',  ( -8.399679074061729978, -17.81096349346800878, -32.80041777998817309 ) ) ;
#9291 = AXIS2_PLACEMENT_3D ( 'NONE', #659, #10276, #1506 ) ;
#9293 = EDGE_LOOP ( 'NONE', ( #1773, #1178, #5612, #776, #7996 ) ) ;
#9294 = ORIENTED_EDGE ( 'NONE', *, *, #3999, .T. ) ;
#9295 = CARTESIAN_POINT ( 'NONE',  ( 24.53353820720574774, 24.23732483345655453, 22.75364331054276334 ) ) ;
#9296 = CARTESIAN_POINT ( 'NONE',  ( -2.613447941981396294, 14.48588133342193984, -53.84618267136636405 ) ) ;
#9297 = DIRECTION ( 'NONE',  ( -1.000000000000000000, 0.000000000000000000, -0.000000000000000000 ) ) ;
#9298 = EDGE_CURVE ( 'NONE', #5312, #3581, #9750, .T. ) ;
#9299 = VECTOR ( 'NONE', #7448, 1000.000000000000000 ) ;
#9300 = CARTESIAN_POINT ( 'NONE',  ( -2.332019960233977507, 14.48756752609346776, -51.27080506893879175 ) ) ;
#9301 = DIRECTION ( 'NONE',  ( 0.000000000000000000, 0.000000000000000000, 1.000000000000000000 ) ) ;
#9302 = VERTEX_POINT ( 'NONE', #3338 ) ;
#9303 = DIRECTION ( 'NONE',  ( -0.9999999998448927396, -1.761290502795953003E-05, 0.000000000000000000 ) ) ;
#9304 = ORIENTED_EDGE ( 'NONE', *, *, #267, .T. ) ;
#9305 = ORIENTED_EDGE ( 'NONE', *, *, #1948, .T. ) ;
#9306 = DIRECTION ( 'NONE',  ( -0.000000000000000000, -0.000000000000000000, 1.000000000000000000 ) ) ;
#9307 = CIRCLE ( 'NONE', #3112, 2.919999999999999041 ) ;
#9308 = ORIENTED_EDGE ( 'NONE', *, *, #1592, .T. ) ;
#9309 = PLANE ( 'NONE',  #7215 ) ;
#9310 = EDGE_CURVE ( 'NONE', #1278, #5932, #4068, .T. ) ;
#9311 = DIRECTION ( 'NONE',  ( 0.7027442638224199456, -0.7114425483935332695, 0.000000000000000000 ) ) ;
#9312 = ORIENTED_EDGE ( 'NONE', *, *, #5189, .F. ) ;
#9313 = EDGE_CURVE ( 'NONE', #8811, #7364, #1783, .T. ) ;
#9314 = FACE_OUTER_BOUND ( 'NONE', #1346, .T. ) ;
#9315 = LINE ( 'NONE', #6268, #3975 ) ;
#9316 = CIRCLE ( 'NONE', #7812, 25.89999999999999147 ) ;
#9317 = CARTESIAN_POINT ( 'NONE',  ( -8.362186618475496047, 20.60967485691223189, -54.10677526260663228 ) ) ;
#9318 = ORIENTED_EDGE ( 'NONE', *, *, #8429, .F. ) ;
#9319 = DIRECTION ( 'NONE',  ( 1.000000000000000000, 2.555573771327072837E-16, 0.000000000000000000 ) ) ;
#9320 = CARTESIAN_POINT ( 'NONE',  ( 24.69849011171107733, -10.57321444358333729, 21.40359731999999937 ) ) ;
#9321 = ORIENTED_EDGE ( 'NONE', *, *, #5979, .T. ) ;
#9322 = DIRECTION ( 'NONE',  ( 1.000000000000000000, 0.000000000000000000, 0.000000000000000000 ) ) ;
#9323 = CARTESIAN_POINT ( 'NONE',  ( -24.69849011171107378, -1.512152455818657204, -138.7821617105083760 ) ) ;
#9324 = ADVANCED_FACE ( 'NONE', ( #26 ), #9697, .F. ) ;
#9325 = DIRECTION ( 'NONE',  ( -1.000000000000000000, 0.000000000000000000, 0.000000000000000000 ) ) ;
#9326 = DIRECTION ( 'NONE',  ( 1.000000000000000000, 0.000000000000000000, 0.000000000000000000 ) ) ;
#9327 = ORIENTED_EDGE ( 'NONE', *, *, #6301, .T. ) ;
#9328 = CARTESIAN_POINT ( 'NONE',  ( -2.934094724924098063, 14.96817197811181188, -50.99041577998818298 ) ) ;
#9329 = EDGE_CURVE ( 'NONE', #4165, #9093, #10343, .T. ) ;
#9330 = CARTESIAN_POINT ( 'NONE',  ( 28.84477099867147487, -12.51215245581865609, 21.99999800000000150 ) ) ;
#9331 = UNCERTAINTY_MEASURE_WITH_UNIT (LENGTH_MEASURE( 1.000000000000000082E-05 ), #2541, 'distance_accuracy_value', 'NONE');
#9332 = ORIENTED_EDGE ( 'NONE', *, *, #6212, .F. ) ;
#9333 = CYLINDRICAL_SURFACE ( 'NONE', #8640, 1.000000000000000888 ) ;
#9334 = CARTESIAN_POINT ( 'NONE',  ( -8.414178659449207842, 20.36402527128138829, -51.35028028170813741 ) ) ;
#9335 = EDGE_CURVE ( 'NONE', #3197, #6810, #2116, .T. ) ;
#9336 = CARTESIAN_POINT ( 'NONE',  ( 8.882623226170036190, 7.006785556416295080, 18.40359731999999937 ) ) ;
#9337 = CARTESIAN_POINT ( 'NONE',  ( 31.20649282690607862, -4.623571175818640633, 19.20359732000000008 ) ) ;
#9338 = ORIENTED_EDGE ( 'NONE', *, *, #6942, .T. ) ;
#9339 = DIRECTION ( 'NONE',  ( -0.000000000000000000, -0.000000000000000000, -1.000000000000000000 ) ) ;
#9340 = AXIS2_PLACEMENT_3D ( 'NONE', #7246, #6410, #9617 ) ;
#9341 = CARTESIAN_POINT ( 'NONE',  ( -8.070532574803189974, 20.13144025430912620, -54.23321583785376276 ) ) ;
#9342 = AXIS2_PLACEMENT_3D ( 'NONE', #1849, #8317, #9990 ) ;
#9343 = ORIENTED_EDGE ( 'NONE', *, *, #4393, .T. ) ;
#9344 = CARTESIAN_POINT ( 'NONE',  ( 7.030438470952719676, 6.006785556416295080, 21.40359731999999937 ) ) ;
#9345 = ORIENTED_EDGE ( 'NONE', *, *, #2136, .F. ) ;
#9346 = VECTOR ( 'NONE', #2290, 1000.000000000000000 ) ;
#9347 = ORIENTED_EDGE ( 'NONE', *, *, #4, .T. ) ;
#9348 = CARTESIAN_POINT ( 'NONE',  ( 25.87591770421360238, 24.21091431827368012, 22.99999799999998018 ) ) ;
#9349 = VECTOR ( 'NONE', #3096, 1000.000000000000000 ) ;
#9350 = CARTESIAN_POINT ( 'NONE',  ( -2.646697849429044069, 14.53771445130888473, -53.96990024868814118 ) ) ;
#9351 = DIRECTION ( 'NONE',  ( 1.000000000000000000, 0.000000000000000000, 0.000000000000000000 ) ) ;
#9352 = DIRECTION ( 'NONE',  ( 0.000000000000000000, 0.000000000000000000, 1.000000000000000000 ) ) ;
#9353 = EDGE_CURVE ( 'NONE', #6896, #8442, #1452, .T. ) ;
#9354 = CARTESIAN_POINT ( 'NONE',  ( 44.85549337622308030, 7.319848523146363029, 19.20359732000000008 ) ) ;
#9355 = ORIENTED_EDGE ( 'NONE', *, *, #5290, .F. ) ;
#9356 = DIRECTION ( 'NONE',  ( -1.000000000000000000, 0.000000000000000000, 0.000000000000000000 ) ) ;
#9357 = ORIENTED_EDGE ( 'NONE', *, *, #5866, .F. ) ;
#9358 = ORIENTED_EDGE ( 'NONE', *, *, #1863, .T. ) ;
#9359 = CARTESIAN_POINT ( 'NONE',  ( 17.50349142309806538, -1.524148547166637613, 21.40359731999999937 ) ) ;
#9360 = ORIENTED_EDGE ( 'NONE', *, *, #7082, .T. ) ;
#9361 = PLANE ( 'NONE',  #1188 ) ;
#9362 = VECTOR ( 'NONE', #627, 1000.000000000000000 ) ;
#9363 = FACE_OUTER_BOUND ( 'NONE', #6936, .T. ) ;
#9364 = ORIENTED_EDGE ( 'NONE', *, *, #7529, .F. ) ;
#9365 = EDGE_CURVE ( 'NONE', #9982, #7653, #866, .T. ) ;
#9366 = DIRECTION ( 'NONE',  ( -0.000000000000000000, -0.000000000000000000, 1.000000000000000000 ) ) ;
#9367 = AXIS2_PLACEMENT_3D ( 'NONE', #2868, #8440, #444 ) ;
#9368 = CARTESIAN_POINT ( 'NONE',  ( 43.85549282690607242, -14.01615056132663995, 19.20359732000000008 ) ) ;
#9369 = VERTEX_POINT ( 'NONE', #2393 ) ;
#9370 = EDGE_CURVE ( 'NONE', #9443, #2436, #2790, .T. ) ;
#9371 = CARTESIAN_POINT ( 'NONE',  ( -8.114087370194349447, 20.42430424404915712, -54.36869976327437826 ) ) ;
#9372 = ORIENTED_EDGE ( 'NONE', *, *, #10093, .F. ) ;
#9373 = CARTESIAN_POINT ( 'NONE',  ( 45.04477099867147416, -12.51215245581865609, 22.99999800000001215 ) ) ;
#9374 = CARTESIAN_POINT ( 'NONE',  ( -0.9246057082889275192, 12.47584852314636095, 19.20359732000000008 ) ) ;
#9375 = ORIENTED_EDGE ( 'NONE', *, *, #670, .T. ) ;
#9376 = CARTESIAN_POINT ( 'NONE',  ( 24.69849011171107378, -24.56215207581864135, 23.19999800000000079 ) ) ;
#9377 = DIRECTION ( 'NONE',  ( 0.000000000000000000, 0.000000000000000000, 1.000000000000000000 ) ) ;
#9378 = AXIS2_PLACEMENT_3D ( 'NONE', #9215, #1907, #2800 ) ;
#9379 = CARTESIAN_POINT ( 'NONE',  ( 43.85549282690607242, -14.01615056132663995, 19.20359732000000008 ) ) ;
#9380 = FACE_OUTER_BOUND ( 'NONE', #9293, .T. ) ;
#9381 = ORIENTED_EDGE ( 'NONE', *, *, #9310, .T. ) ;
#9382 = CARTESIAN_POINT ( 'NONE',  ( 45.04477099867147416, 9.487847544181342130, 23.19999800000000079 ) ) ;
#9383 = EDGE_CURVE ( 'NONE', #1657, #9, #23, .T. ) ;
#9384 = EDGE_CURVE ( 'NONE', #5303, #6097, #7546, .T. ) ;
#9385 = CARTESIAN_POINT ( 'NONE',  ( 40.39477099867147558, -12.51215245581865609, 22.99999800000001215 ) ) ;
#9386 = CIRCLE ( 'NONE', #1502, 25.89999999999999147 ) ;
#9387 = VECTOR ( 'NONE', #5232, 999.9999999999998863 ) ;
#9388 = EDGE_CURVE ( 'NONE', #7831, #8733, #5218, .T. ) ;
#9389 = EDGE_CURVE ( 'NONE', #5353, #2060, #2707, .T. ) ;
#9390 = EDGE_CURVE ( 'NONE', #3942, #5272, #6692, .T. ) ;
#9391 = ORIENTED_EDGE ( 'NONE', *, *, #9652, .F. ) ;
#9392 = PLANE ( 'NONE',  #6026 ) ;
#9393 = CARTESIAN_POINT ( 'NONE',  ( 20.86549410864506982, -3.967150744431637843, 21.40359731999999937 ) ) ;
#9394 = PLANE ( 'NONE',  #10233 ) ;
#9395 = EDGE_CURVE ( 'NONE', #4934, #5303, #230, .T. ) ;
#9396 = LINE ( 'NONE', #458, #7021 ) ;
#9397 = CARTESIAN_POINT ( 'NONE',  ( 42.34477099867147132, 9.487847544181342130, 21.99999800000000150 ) ) ;
#9398 = ORIENTED_EDGE ( 'NONE', *, *, #7177, .F. ) ;
#9399 = VECTOR ( 'NONE', #3543, 1000.000000000000000 ) ;
#9400 = DIRECTION ( 'NONE',  ( 0.000000000000000000, 0.000000000000000000, -1.000000000000000000 ) ) ;
#9401 = FACE_OUTER_BOUND ( 'NONE', #3613, .T. ) ;
#9402 = ADVANCED_FACE ( 'NONE', ( #438 ), #6648, .F. ) ;
#9403 = EDGE_CURVE ( 'NONE', #6705, #4898, #4130, .T. ) ;
#9404 = AXIS2_PLACEMENT_3D ( 'NONE', #7416, #212, #3421 ) ;
#9405 = ORIENTED_EDGE ( 'NONE', *, *, #3763, .T. ) ;
#9406 = ADVANCED_FACE ( 'NONE', ( #9853 ), #6316, .T. ) ;
#9407 = DIRECTION ( 'NONE',  ( 0.000000000000000000, 0.000000000000000000, 1.000000000000000000 ) ) ;
#9408 = DIRECTION ( 'NONE',  ( -1.000000000000000000, 0.000000000000000000, 0.000000000000000000 ) ) ;
#9409 = VERTEX_POINT ( 'NONE', #3591 ) ;
#9410 = DIRECTION ( 'NONE',  ( 0.9999999998448929617, 1.761289572153559884E-05, 0.000000000000000000 ) ) ;
#9411 = CARTESIAN_POINT ( 'NONE',  ( 6.030438470952644181, -9.573214443583347943, 21.40359731999999937 ) ) ;
#9412 = PLANE ( 'NONE',  #9556 ) ;
#9413 = DIRECTION ( 'NONE',  ( 0.000000000000000000, 0.000000000000000000, -1.000000000000000000 ) ) ;
#9414 = CARTESIAN_POINT ( 'NONE',  ( 32.49477099867146279, -12.51215245581865609, 23.19999800000000079 ) ) ;
#9415 = ORIENTED_EDGE ( 'NONE', *, *, #9127, .T. ) ;
#9416 = DIRECTION ( 'NONE',  ( -0.000000000000000000, -0.000000000000000000, 1.000000000000000000 ) ) ;
#9417 = VERTEX_POINT ( 'NONE', #4225 ) ;
#9418 = ORIENTED_EDGE ( 'NONE', *, *, #5621, .T. ) ;
#9419 = CARTESIAN_POINT ( 'NONE',  ( 36.19477099867147274, -1.512152455818657204, 21.99999800000000150 ) ) ;
#9420 = ORIENTED_EDGE ( 'NONE', *, *, #5475, .F. ) ;
#9421 = CARTESIAN_POINT ( 'NONE',  ( 25.72543640278551891, -27.15438570407246743, 23.04792286562456383 ) ) ;
#9422 = CARTESIAN_POINT ( 'NONE',  ( 1.201509888288921468, -1.512152455818657204, -138.7821617105083760 ) ) ;
#9423 = ORIENTED_EDGE ( 'NONE', *, *, #529, .F. ) ;
#9424 = LINE ( 'NONE', #1436, #9425 ) ;
#9425 = VECTOR ( 'NONE', #1385, 1000.000000000000000 ) ;
#9426 = CARTESIAN_POINT ( 'NONE',  ( 38.89477099867147558, 9.487847544181342130, 22.99999800000001215 ) ) ;
#9427 = DIRECTION ( 'NONE',  ( -0.7071067811865536790, 0.000000000000000000, 0.7071067811865414665 ) ) ;
#9428 = VERTEX_POINT ( 'NONE', #2806 ) ;
#9429 = CARTESIAN_POINT ( 'NONE',  ( 21.66549410864507053, -3.167150744431641129, 21.40359731999999937 ) ) ;
#9430 = CARTESIAN_POINT ( 'NONE',  ( 7.030438470952719676, 6.006785556416295080, 18.40359731999999937 ) ) ;
#9431 = ORIENTED_EDGE ( 'NONE', *, *, #7082, .F. ) ;
#9432 = CARTESIAN_POINT ( 'NONE',  ( 24.72598603653485938, -27.16882316478411852, 22.84184057404963752 ) ) ;
#9433 = CARTESIAN_POINT ( 'NONE',  ( 43.85549337622307320, 7.319848523146356811, 18.40359731999999937 ) ) ;
#9434 = CIRCLE ( 'NONE', #4889, 27.29999999999998295 ) ;
#9435 = CARTESIAN_POINT ( 'NONE',  ( 26.89477099867147203, -1.512152455818657648, 22.99999800000001215 ) ) ;
#9436 = CARTESIAN_POINT ( 'NONE',  ( 8.630438470952407570, 0.8867855564166541305, 21.40359731999999937 ) ) ;
#9437 = ORIENTED_EDGE ( 'NONE', *, *, #4213, .T. ) ;
#9438 = DIRECTION ( 'NONE',  ( -1.577021341797097560E-16, -1.000000000000000000, 0.000000000000000000 ) ) ;
#9439 = PRODUCT_RELATED_PRODUCT_CATEGORY ( 'part', '', ( #3389 ) ) ;
#9440 = DIRECTION ( 'NONE',  ( 0.000000000000000000, 0.000000000000000000, 1.000000000000000000 ) ) ;
#9441 = VECTOR ( 'NONE', #9400, 1000.000000000000000 ) ;
#9442 = UNCERTAINTY_MEASURE_WITH_UNIT (LENGTH_MEASURE( 1.000000000000000082E-05 ), #9978, 'distance_accuracy_value', 'NONE');
#9443 = VERTEX_POINT ( 'NONE', #339 ) ;
#9444 = FACE_OUTER_BOUND ( 'NONE', #2620, .T. ) ;
#9445 = LINE ( 'NONE', #6232, #7285 ) ;
#9446 = CARTESIAN_POINT ( 'NONE',  ( -27.86568728706310694, 22.37882621924635629, -40.80041777998818020 ) ) ;
#9447 = CARTESIAN_POINT ( 'NONE',  ( 24.69852562822423536, -3.528657575220176756, 18.40359731999999937 ) ) ;
#9448 = PLANE ( 'NONE',  #889 ) ;
#9449 = ORIENTED_EDGE ( 'NONE', *, *, #5313, .T. ) ;
#9450 = CIRCLE ( 'NONE', #5572, 0.9499999999999925171 ) ;
#9451 = EDGE_CURVE ( 'NONE', #6973, #8295, #3539, .T. ) ;
#9452 = EDGE_CURVE ( 'NONE', #3431, #10097, #8003, .T. ) ;
#9453 = CIRCLE ( 'NONE', #4596, 1.000000000000000888 ) ;
#9454 = AXIS2_PLACEMENT_3D ( 'NONE', #8507, #5505, #4820 ) ;
#9455 = ORIENTED_EDGE ( 'NONE', *, *, #9499, .T. ) ;
#9456 = LINE ( 'NONE', #6348, #3147 ) ;
#9457 = CARTESIAN_POINT ( 'NONE',  ( 40.20749282690607629, -14.01615056132663995, 18.40359731999999937 ) ) ;
#9458 = EDGE_LOOP ( 'NONE', ( #3797, #8221, #5227, #10361, #9789, #3121, #4652, #802 ) ) ;
#9459 = CARTESIAN_POINT ( 'NONE',  ( 24.05709956073869193, 24.13899729252123905, 22.92443617993384564 ) ) ;
#9460 = CARTESIAN_POINT ( 'NONE',  ( 19.02849441382007711, -5.724148547166639567, 18.40359731999999937 ) ) ;
#9461 = CIRCLE ( 'NONE', #395, 24.09999999999935838 ) ;
#9462 = DIRECTION ( 'NONE',  ( -1.000000000000000000, 0.000000000000000000, 0.000000000000000000 ) ) ;
#9463 = ADVANCED_FACE ( 'NONE', ( #6742 ), #274, .F. ) ;
#9464 = EDGE_CURVE ( 'NONE', #7911, #3060, #9165, .T. ) ;
#9465 = FACE_OUTER_BOUND ( 'NONE', #3685, .T. ) ;
#9466 = CARTESIAN_POINT ( 'NONE',  ( 36.98149227759007118, -1.512152455818657204, 18.40359731999999937 ) ) ;
#9467 = ORIENTED_EDGE ( 'NONE', *, *, #6080, .F. ) ;
#9468 = CARTESIAN_POINT ( 'NONE',  ( -24.69849011171107378, -1.512152455818657204, -40.80041777998818020 ) ) ;
#9469 = ORIENTED_EDGE ( 'NONE', *, *, #8444, .T. ) ;
#9470 = ORIENTED_EDGE ( 'NONE', *, *, #5258, .F. ) ;
#9471 = CARTESIAN_POINT ( 'NONE',  ( 26.14477099867147203, -12.51215245581865609, 21.99999800000000150 ) ) ;
#9472 = ORIENTED_EDGE ( 'NONE', *, *, #3283, .T. ) ;
#9473 = FACE_OUTER_BOUND ( 'NONE', #113, .T. ) ;
#9474 = ADVANCED_FACE ( 'NONE', ( #1965 ), #282, .F. ) ;
#9475 = DIRECTION ( 'NONE',  ( 1.000000000000000000, 0.000000000000000000, 0.000000000000000000 ) ) ;
#9476 = ORIENTED_EDGE ( 'NONE', *, *, #2691, .F. ) ;
#9477 = LINE ( 'NONE', #8896, #10274 ) ;
#9478 = LINE ( 'NONE', #9426, #8007 ) ;
#9479 = CARTESIAN_POINT ( 'NONE',  ( 7.630438470952363161, 5.206785556416654082, 22.99999800000001215 ) ) ;
#9480 = EDGE_LOOP ( 'NONE', ( #3169, #6874, #2219, #1605 ) ) ;
#9481 = CARTESIAN_POINT ( 'NONE',  ( 25.05949410864506532, -3.967150744431636955, 19.20359732000000008 ) ) ;
#9482 = FACE_OUTER_BOUND ( 'NONE', #1229, .T. ) ;
#9483 = EDGE_LOOP ( 'NONE', ( #7622, #3257, #1627, #1551 ) ) ;
#9484 = CARTESIAN_POINT ( 'NONE',  ( -42.29708727004448576, 17.49046257629466083, -32.80041777998817309 ) ) ;
#9485 = CARTESIAN_POINT ( 'NONE',  ( 36.94477099867147274, 9.487847544181342130, 23.19999800000000079 ) ) ;
#9486 = CARTESIAN_POINT ( 'NONE',  ( 34.99477099867146990, -1.512152455818657204, 21.99999800000000150 ) ) ;
#9487 = ORIENTED_EDGE ( 'NONE', *, *, #9651, .T. ) ;
#9488 = CARTESIAN_POINT ( 'NONE',  ( -0.5984901117154148853, -1.512152455818657204, -40.80041777998818020 ) ) ;
#9489 = AXIS2_PLACEMENT_3D ( 'NONE', #6642, #921, #131 ) ;
#9490 = CARTESIAN_POINT ( 'NONE',  ( -2.827797311557613824, 15.04866196313711590, -54.38374911332152095 ) ) ;
#9491 = EDGE_CURVE ( 'NONE', #2162, #1575, #4803, .T. ) ;
#9492 = ORIENTED_EDGE ( 'NONE', *, *, #2368, .T. ) ;
#9493 = LINE ( 'NONE', #2296, #5190 ) ;
#9494 = DIRECTION ( 'NONE',  ( 0.000000000000000000, 0.000000000000000000, -1.000000000000000000 ) ) ;
#9495 = CARTESIAN_POINT ( 'NONE',  ( -8.453633921067897461, 20.38989454861284756, -51.52113228943475320 ) ) ;
#9496 = CARTESIAN_POINT ( 'NONE',  ( -0.5984901117154148853, -1.512152455818657204, -40.80041777998818020 ) ) ;
#9497 = CARTESIAN_POINT ( 'NONE',  ( -6.192582273723351349, 16.76749726338618629, -56.00041577998817388 ) ) ;
#9498 = ORIENTED_EDGE ( 'NONE', *, *, #190, .T. ) ;
#9499 = EDGE_CURVE ( 'NONE', #9588, #5046, #9013, .T. ) ;
#9500 = DIRECTION ( 'NONE',  ( 0.000000000000000000, 0.000000000000000000, -1.000000000000000000 ) ) ;
#9501 = EDGE_CURVE ( 'NONE', #5602, #2594, #5010, .T. ) ;
#9502 = VECTOR ( 'NONE', #5399, 1000.000000000000000 ) ;
#9503 = ORIENTED_EDGE ( 'NONE', *, *, #2691, .T. ) ;
#9504 = DIRECTION ( 'NONE',  ( -0.000000000000000000, -0.000000000000000000, 1.000000000000000000 ) ) ;
#9505 = LINE ( 'NONE', #3830, #3578 ) ;
#9506 = ORIENTED_EDGE ( 'NONE', *, *, #4982, .F. ) ;
#9507 = CARTESIAN_POINT ( 'NONE',  ( 23.80526582298623239, 24.13360632035871944, 23.00011650131759566 ) ) ;
#9508 = DIRECTION ( 'NONE',  ( -1.000000000000000000, 0.000000000000000000, 0.000000000000000000 ) ) ;
#9509 = DIRECTION ( 'NONE',  ( 1.000000000000000000, 0.000000000000000000, 0.000000000000000000 ) ) ;
#9510 = AXIS2_PLACEMENT_3D ( 'NONE', #6838, #379, #527 ) ;
#9511 = AXIS2_PLACEMENT_3D ( 'NONE', #8584, #1281, #1335 ) ;
#9512 = CYLINDRICAL_SURFACE ( 'NONE', #8600, 25.74999999999999289 ) ;
#9513 = CARTESIAN_POINT ( 'NONE',  ( -2.934094724924098063, 14.96817197811181188, -50.99041577998818298 ) ) ;
#9514 = VECTOR ( 'NONE', #5436, 1000.000000000000000 ) ;
#9515 = EDGE_CURVE ( 'NONE', #4529, #9302, #939, .T. ) ;
#9516 = CONICAL_SURFACE ( 'NONE', #9680, 26.09999999999999432, 0.7853981633974657095 ) ;
#9517 = ORIENTED_EDGE ( 'NONE', *, *, #7112, .T. ) ;
#9518 = CARTESIAN_POINT ( 'NONE',  ( 23.26357556909449187, 24.04183573116403494, 23.15622903510280040 ) ) ;
#9519 = ORIENTED_EDGE ( 'NONE', *, *, #9940, .F. ) ;
#9520 = ORIENTED_EDGE ( 'NONE', *, *, #66, .T. ) ;
#9521 = CYLINDRICAL_SURFACE ( 'NONE', #3992, 0.9999999999999991118 ) ;
#9522 = VECTOR ( 'NONE', #6304, 1000.000000000000000 ) ;
#9523 = EDGE_LOOP ( 'NONE', ( #9932, #5682, #2381, #1954 ) ) ;
#9524 = DIRECTION ( 'NONE',  ( 1.000000000000000000, 0.000000000000000000, 0.000000000000000000 ) ) ;
#9525 = CYLINDRICAL_SURFACE ( 'NONE', #8275, 2.999999999999999112 ) ;
#9526 = ORIENTED_EDGE ( 'NONE', *, *, #8950, .T. ) ;
#9527 = ADVANCED_FACE ( 'NONE', ( #4383 ), #6999, .T. ) ;
#9528 = AXIS2_PLACEMENT_3D ( 'NONE', #9000, #9788, #1009 ) ;
#9529 = AXIS2_PLACEMENT_3D ( 'NONE', #5126, #5376, #7006 ) ;
#9530 = CARTESIAN_POINT ( 'NONE',  ( -2.911388238947107521, 14.93527905647017207, -50.99138721852187928 ) ) ;
#9531 = CYLINDRICAL_SURFACE ( 'NONE', #3295, 1.000000000000000888 ) ;
#9532 = EDGE_CURVE ( 'NONE', #329, #7263, #8504, .T. ) ;
#9533 = PLANE ( 'NONE',  #3152 ) ;
#9534 = ORIENTED_EDGE ( 'NONE', *, *, #2780, .T. ) ;
#9535 = AXIS2_PLACEMENT_3D ( 'NONE', #5790, #3482, #8322 ) ;
#9536 = CARTESIAN_POINT ( 'NONE',  ( 26.89477099867147203, 9.487847544181342130, 21.99999800000000150 ) ) ;
#9537 = CARTESIAN_POINT ( 'NONE',  ( 9.827836675256252263, 20.16314882303863243, 21.96359842000000029 ) ) ;
#9538 = ORIENTED_EDGE ( 'NONE', *, *, #7629, .F. ) ;
#9539 = LINE ( 'NONE', #2341, #5360 ) ;
#9540 = CARTESIAN_POINT ( 'NONE',  ( 24.69849011171107378, -1.512152455818657204, 21.96359842000000739 ) ) ;
#9541 = CARTESIAN_POINT ( 'NONE',  ( 37.69477099867146563, -12.51215245581865609, 21.99999800000000150 ) ) ;
#9542 = ORIENTED_EDGE ( 'NONE', *, *, #5824, .T. ) ;
#9543 = CYLINDRICAL_SURFACE ( 'NONE', #1636, 0.2000000000000005107 ) ;
#9544 = VECTOR ( 'NONE', #9284, 1000.000000000000000 ) ;
#9545 = DIRECTION ( 'NONE',  ( 1.000000000000000000, 1.070649645329437522E-14, 0.000000000000000000 ) ) ;
#9546 = EDGE_CURVE ( 'NONE', #9180, #3732, #9315, .T. ) ;
#9547 = EDGE_CURVE ( 'NONE', #8484, #8616, #7499, .T. ) ;
#9548 = AXIS2_PLACEMENT_3D ( 'NONE', #6737, #9998, #334 ) ;
#9549 = VERTEX_POINT ( 'NONE', #6160 ) ;
#9550 = DIRECTION ( 'NONE',  ( -0.000000000000000000, -0.000000000000000000, -1.000000000000000000 ) ) ;
#9551 = DIRECTION ( 'NONE',  ( 0.000000000000000000, 0.000000000000000000, 1.000000000000000000 ) ) ;
#9552 = CARTESIAN_POINT ( 'NONE',  ( -8.453851681811187291, 20.67707325509885408, -51.36860490548601632 ) ) ;
#9553 = CYLINDRICAL_SURFACE ( 'NONE', #2823, 1.520000000000000462 ) ;
#9554 = CARTESIAN_POINT ( 'NONE',  ( 50.48701472144077229, -1.512152455818657204, 8.999997999999999720 ) ) ;
#9555 = EDGE_LOOP ( 'NONE', ( #9046, #3012, #9209, #4145 ) ) ;
#9556 = AXIS2_PLACEMENT_3D ( 'NONE', #6046, #5203, #6926 ) ;
#9557 = AXIS2_PLACEMENT_3D ( 'NONE', #10333, #3138, #2396 ) ;
#9558 = ORIENTED_EDGE ( 'NONE', *, *, #7666, .T. ) ;
#9559 = DIRECTION ( 'NONE',  ( -0.000000000000000000, -0.000000000000000000, -1.000000000000000000 ) ) ;
#9560 = DIRECTION ( 'NONE',  ( 0.000000000000000000, 0.000000000000000000, -1.000000000000000000 ) ) ;
#9561 = ORIENTED_EDGE ( 'NONE', *, *, #8585, .F. ) ;
#9562 = CARTESIAN_POINT ( 'NONE',  ( 24.37713890264167915, 24.14320292320601169, 22.86208157013220799 ) ) ;
#9563 = CARTESIAN_POINT ( 'NONE',  ( 24.69849011171107378, -24.56215207581864135, 18.40359731999999937 ) ) ;
#9564 = CARTESIAN_POINT ( 'NONE',  ( 31.33349227759007505, -9.733150561326645800, 19.20359732000000008 ) ) ;
#9565 = EDGE_CURVE ( 'NONE', #689, #7831, #6990, .T. ) ;
#9566 = PLANE ( 'NONE',  #4061 ) ;
#9567 = CYLINDRICAL_SURFACE ( 'NONE', #6161, 1.520000000000000462 ) ;
#9568 = ORIENTED_EDGE ( 'NONE', *, *, #8674, .T. ) ;
#9569 = DIRECTION ( 'NONE',  ( -1.000000000000000000, 0.000000000000000000, 0.000000000000000000 ) ) ;
#9570 = ORIENTED_EDGE ( 'NONE', *, *, #190, .F. ) ;
#9571 = ADVANCED_FACE ( 'NONE', ( #2114 ), #5473, .T. ) ;
#9572 = ORIENTED_EDGE ( 'NONE', *, *, #5385, .T. ) ;
#9573 = VERTEX_POINT ( 'NONE', #490 ) ;
#9574 = DIRECTION ( 'NONE',  ( -1.462890879734001726E-19, -2.478233546745619579E-35, 1.000000000000000000 ) ) ;
#9575 = EDGE_LOOP ( 'NONE', ( #2684, #4252, #5669, #4718 ) ) ;
#9576 = EDGE_CURVE ( 'NONE', #8901, #7713, #3649, .T. ) ;
#9577 = EDGE_CURVE ( 'NONE', #3136, #8931, #6215, .T. ) ;
#9578 = CARTESIAN_POINT ( 'NONE',  ( -2.726596476540958491, 14.66049514701153811, -51.11388597766859476 ) ) ;
#9579 = DIRECTION ( 'NONE',  ( -1.000000000000000000, 0.000000000000000000, 0.000000000000000000 ) ) ;
#9580 = CARTESIAN_POINT ( 'NONE',  ( -24.69849011171107378, -1.512152455818657204, -138.7821617105083760 ) ) ;
#9581 = ORIENTED_EDGE ( 'NONE', *, *, #8468, .T. ) ;
#9582 = CARTESIAN_POINT ( 'NONE',  ( 25.05949410864506532, 1.426849255568360508, 18.40359731999999937 ) ) ;
#9583 = CARTESIAN_POINT ( 'NONE',  ( 43.29477099867145995, -1.512152455818657204, 23.19999800000000079 ) ) ;
#9584 = VERTEX_POINT ( 'NONE', #2280 ) ;
#9585 = CARTESIAN_POINT ( 'NONE',  ( 2.581637895294357055, -1.512542087102104249, 3.496201133462653043 ) ) ;
#9586 = CARTESIAN_POINT ( 'NONE',  ( 26.05949410864507598, -4.623571175818640633, 19.20359732000000008 ) ) ;
#9587 = CARTESIAN_POINT ( 'NONE',  ( 15.84674818352332970, 14.14423731477149815, 21.96359842000000029 ) ) ;
#9588 = VERTEX_POINT ( 'NONE', #8693 ) ;
#9589 = FACE_OUTER_BOUND ( 'NONE', #7113, .T. ) ;
#9590 = EDGE_CURVE ( 'NONE', #431, #9096, #7798, .T. ) ;
#9591 = EDGE_CURVE ( 'NONE', #848, #8538, #1496, .T. ) ;
#9592 = DIRECTION ( 'NONE',  ( -0.000000000000000000, -0.000000000000000000, 1.000000000000000000 ) ) ;
#9593 = CARTESIAN_POINT ( 'NONE',  ( 20.02849441382007711, -4.967150744431637399, 21.40359731999999937 ) ) ;
#9594 = AXIS2_PLACEMENT_3D ( 'NONE', #9067, #4274, #4172 ) ;
#9595 = LINE ( 'NONE', #2350, #7551 ) ;
#9596 = LINE ( 'NONE', #3285, #6624 ) ;
#9597 = CARTESIAN_POINT ( 'NONE',  ( -8.342646937985627176, 20.59523726402521149, -51.10100529799945690 ) ) ;
#9598 = CARTESIAN_POINT ( 'NONE',  ( 32.20649282690607151, 7.065850720411353869, 19.20359732000000008 ) ) ;
#9599 = DIRECTION ( 'NONE',  ( 0.000000000000000000, 0.000000000000000000, -1.000000000000000000 ) ) ;
#9600 = VERTEX_POINT ( 'NONE', #589 ) ;
#9601 = CIRCLE ( 'NONE', #3392, 1.000000000000000888 ) ;
#9602 = EDGE_LOOP ( 'NONE', ( #2935, #5524 ) ) ;
#9603 = ORIENTED_EDGE ( 'NONE', *, *, #6663, .F. ) ;
#9604 = LINE ( 'NONE', #144, #5651 ) ;
#9605 = DIRECTION ( 'NONE',  ( 0.000000000000000000, 0.000000000000000000, -1.000000000000000000 ) ) ;
#9606 = ORIENTED_EDGE ( 'NONE', *, *, #7712, .F. ) ;
#9607 = CARTESIAN_POINT ( 'NONE',  ( 25.21793792129665235, 24.14096749800069475, 22.89567654730974056 ) ) ;
#9608 = CARTESIAN_POINT ( 'NONE',  ( 20.02849441382007711, 2.426849255568360508, 21.40359731999999937 ) ) ;
#9609 = DIRECTION ( 'NONE',  ( -1.000000000000000000, 0.000000000000000000, 0.000000000000000000 ) ) ;
#9610 = AXIS2_PLACEMENT_3D ( 'NONE', #755, #178, #1759 ) ;
#9611 = CARTESIAN_POINT ( 'NONE',  ( -24.69849011171107378, -1.512152455818657204, -55.80041577998814972 ) ) ;
#9612 = CARTESIAN_POINT ( 'NONE',  ( 8.630438470952363161, 5.206785556416654082, 8.998998000000000275 ) ) ;
#9613 = EDGE_CURVE ( 'NONE', #9409, #7032, #9478, .T. ) ;
#9614 = VECTOR ( 'NONE', #7614, 1000.000000000000000 ) ;
#9615 = VERTEX_POINT ( 'NONE', #10059 ) ;
#9616 = CIRCLE ( 'NONE', #397, 1.056214310941862244 ) ;
#9617 = DIRECTION ( 'NONE',  ( 1.000000000000000000, 0.000000000000000000, 0.000000000000000000 ) ) ;
#9618 = ORIENTED_EDGE ( 'NONE', *, *, #8029, .F. ) ;
#9619 = EDGE_CURVE ( 'NONE', #7219, #5506, #4692, .T. ) ;
#9620 = ORIENTED_EDGE ( 'NONE', *, *, #8996, .T. ) ;
#9621 = EDGE_LOOP ( 'NONE', ( #5516, #481, #1982, #2384, #8633 ) ) ;
#9622 = DIRECTION ( 'NONE',  ( 0.000000000000000000, 0.000000000000000000, -1.000000000000000000 ) ) ;
#9623 = EDGE_LOOP ( 'NONE', ( #3209, #7150, #8509, #4309 ) ) ;
#9624 = CARTESIAN_POINT ( 'NONE',  ( -2.888959852885840451, 14.90258987544846825, -50.99523389103711679 ) ) ;
#9625 = CIRCLE ( 'NONE', #7114, 0.6500000000000116795 ) ;
#9626 = CARTESIAN_POINT ( 'NONE',  ( 35.19477099867146563, -12.51215245581865609, 23.19999800000000079 ) ) ;
#9627 = DIRECTION ( 'NONE',  ( 1.000000000000000000, 0.000000000000000000, 0.000000000000000000 ) ) ;
#9628 = EDGE_CURVE ( 'NONE', #7713, #1842, #6320, .T. ) ;
#9629 = ORIENTED_EDGE ( 'NONE', *, *, #9491, .F. ) ;
#9631 = ADVANCED_FACE ( 'NONE', ( #6849 ), #2862, .T. ) ;
#9630 = LINE ( 'NONE', #5532, #9866 ) ;
#9632 = CARTESIAN_POINT ( 'NONE',  ( 24.80259574124029243, 24.23768604075005939, 22.75014219151350403 ) ) ;
#9633 = CIRCLE ( 'NONE', #9973, 25.89999999999999147 ) ;
#9634 = EDGE_LOOP ( 'NONE', ( #5006, #3072, #2647, #7862, #5375, #1804, #9744, #3095 ) ) ;
#9635 = AXIS2_PLACEMENT_3D ( 'NONE', #3304, #8930, #152 ) ;
#9636 = DIRECTION ( 'NONE',  ( 1.000000000000000000, 0.000000000000000000, 0.000000000000000000 ) ) ;
#9637 = CARTESIAN_POINT ( 'NONE',  ( 11.25055410581079229, 18.74043139248407996, 18.40359731999999937 ) ) ;
#9638 =( NAMED_UNIT ( * ) SI_UNIT ( $, .STERADIAN. ) SOLID_ANGLE_UNIT ( ) );
#9639 = VERTEX_POINT ( 'NONE', #9267 ) ;
#9640 = LINE ( 'NONE', #2544, #6740 ) ;
#9641 = CARTESIAN_POINT ( 'NONE',  ( 24.08461705918854889, 24.13948506085072054, 22.91736645213576651 ) ) ;
#9642 = CIRCLE ( 'NONE', #10141, 1.000000000000000888 ) ;
#9643 = EDGE_CURVE ( 'NONE', #10339, #8538, #9177, .T. ) ;
#9644 = FACE_OUTER_BOUND ( 'NONE', #142, .T. ) ;
#9645 = DIRECTION ( 'NONE',  ( -1.000000000000000000, 0.000000000000000000, 0.000000000000000000 ) ) ;
#9646 = CARTESIAN_POINT ( 'NONE',  ( -8.478507266570627365, 20.69510229765841203, -51.53744646526024553 ) ) ;
#9647 = CARTESIAN_POINT ( 'NONE',  ( 1.931673420650977580, -3.529058565625956323, 8.999997999999999720 ) ) ;
#9648 = CARTESIAN_POINT ( 'NONE',  ( -5.399679074061924489, 14.78665858183135562, -49.28569915422676218 ) ) ;
#9649 = ORIENTED_EDGE ( 'NONE', *, *, #2135, .T. ) ;
#9650 = VECTOR ( 'NONE', #28, 1000.000000000000000 ) ;
#9651 = EDGE_CURVE ( 'NONE', #7774, #2818, #9854, .T. ) ;
#9652 = EDGE_CURVE ( 'NONE', #8697, #7915, #5984, .T. ) ;
#9653 = CONTEXT_DEPENDENT_SHAPE_REPRESENTATION ( #1439, #1967 ) ;
#9654 = VECTOR ( 'NONE', #5627, 999.9999999999998863 ) ;
#9655 = ORIENTED_EDGE ( 'NONE', *, *, #7935, .T. ) ;
#9656 = ADVANCED_FACE ( 'NONE', ( #4788 ), #4890, .F. ) ;
#9657 = ORIENTED_EDGE ( 'NONE', *, *, #2331, .T. ) ;
#9658 = DIRECTION ( 'NONE',  ( 1.000000000000000000, 0.000000000000000000, 0.000000000000000000 ) ) ;
#9659 = LINE ( 'NONE', #2455, #3423 ) ;
#9660 = ORIENTED_EDGE ( 'NONE', *, *, #4886, .T. ) ;
#9661 = CARTESIAN_POINT ( 'NONE',  ( 23.49867694410881214, 24.12439558208068036, 23.12082446084280107 ) ) ;
#9662 = CARTESIAN_POINT ( 'NONE',  ( 28.84477099867147487, -12.51215245581865609, 21.99999800000000150 ) ) ;
#9663 = CARTESIAN_POINT ( 'NONE',  ( 50.40801912756126768, -3.529110395338485251, 8.999997999999999720 ) ) ;
#9664 = CARTESIAN_POINT ( 'NONE',  ( -0.9723957985133604431, -3.529109714721316848, 18.40359731999999937 ) ) ;
#9665 = CARTESIAN_POINT ( 'NONE',  ( -0.9246057082889275192, 6.065850720411352981, 19.20359732000000008 ) ) ;
#9666 = AXIS2_PLACEMENT_3D ( 'NONE', #3512, #5929, #6715 ) ;
#9667 = VERTEX_POINT ( 'NONE', #7960 ) ;
#9668 = DIRECTION ( 'NONE',  ( -1.000000000000000000, 0.000000000000000000, 0.000000000000000000 ) ) ;
#9669 = ORIENTED_EDGE ( 'NONE', *, *, #2087, .T. ) ;
#9670 = VERTEX_POINT ( 'NONE', #8836 ) ;
#9671 = DIRECTION ( 'NONE',  ( -1.000000000000000000, 0.000000000000000000, 0.000000000000000000 ) ) ;
#9672 = ORIENTED_EDGE ( 'NONE', *, *, #1807, .F. ) ;
#9673 = CARTESIAN_POINT ( 'NONE',  ( -0.9246057082889275192, -15.01615056132663817, 19.20359732000000008 ) ) ;
#9674 = ORIENTED_EDGE ( 'NONE', *, *, #2257, .F. ) ;
#9675 = AXIS2_PLACEMENT_3D ( 'NONE', #4120, #1559, #3186 ) ;
#9676 = ADVANCED_FACE ( 'NONE', ( #6469 ), #1648, .T. ) ;
#9677 = DIRECTION ( 'NONE',  ( 0.000000000000000000, 0.000000000000000000, 1.000000000000000000 ) ) ;
#9678 = VECTOR ( 'NONE', #6300, 1000.000000000000000 ) ;
#9679 = DIRECTION ( 'NONE',  ( 0.000000000000000000, 0.000000000000000000, 1.000000000000000000 ) ) ;
#9680 = AXIS2_PLACEMENT_3D ( 'NONE', #3994, #9827, #3258 ) ;
#9681 = VECTOR ( 'NONE', #8946, 1000.000000000000114 ) ;
#9682 = CYLINDRICAL_SURFACE ( 'NONE', #9528, 1.499999999999999556 ) ;
#9683 = VERTEX_POINT ( 'NONE', #10371 ) ;
#9684 = CARTESIAN_POINT ( 'NONE',  ( 43.29477099867145995, -1.512152455818657204, 23.19999800000000079 ) ) ;
#9685 = CARTESIAN_POINT ( 'NONE',  ( 24.19954843922427656, 24.23306142624911885, 22.79473077326228392 ) ) ;
#9686 = ORIENTED_EDGE ( 'NONE', *, *, #4793, .F. ) ;
#9687 = ADVANCED_FACE ( 'NONE', ( #7307 ), #4740, .F. ) ;
#9688 = DIRECTION ( 'NONE',  ( 0.7027442638224207228, -0.7114425483935324923, 0.000000000000000000 ) ) ;
#9689 = VECTOR ( 'NONE', #1508, 1000.000000000000000 ) ;
#9690 = DIRECTION ( 'NONE',  ( 0.000000000000000000, 0.000000000000000000, -1.000000000000000000 ) ) ;
#9691 = CIRCLE ( 'NONE', #8186, 27.30000000000000071 ) ;
#9692 = DIRECTION ( 'NONE',  ( 1.761694111969794543E-05, 0.9999999998448216854, 0.000000000000000000 ) ) ;
#9693 = ORIENTED_EDGE ( 'NONE', *, *, #6702, .F. ) ;
#9694 = VECTOR ( 'NONE', #7945, 1000.000000000000000 ) ;
#9695 = CYLINDRICAL_SURFACE ( 'NONE', #4388, 1.000000000000000888 ) ;
#9696 = EDGE_CURVE ( 'NONE', #2932, #10242, #8107, .T. ) ;
#9697 = CYLINDRICAL_SURFACE ( 'NONE', #10180, 1.000000000000000888 ) ;
#9698 = VECTOR ( 'NONE', #2950, 1000.000000000000000 ) ;
#9699 = CARTESIAN_POINT ( 'NONE',  ( -8.379499818507646580, 20.34115195495891726, -53.96822750877520036 ) ) ;
#9700 = CARTESIAN_POINT ( 'NONE',  ( 11.23043847095200576, 4.406785556417013971, 21.40359731999999937 ) ) ;
#9701 = CARTESIAN_POINT ( 'NONE',  ( 7.030438470952728558, 2.686785556416294796, 18.40359731999999937 ) ) ;
#9702 = EDGE_CURVE ( 'NONE', #2610, #6147, #4944, .T. ) ;
#9703 = CARTESIAN_POINT ( 'NONE',  ( -8.468824143549877448, 20.68802658964480656, -51.44578065887877472 ) ) ;
#9704 = CARTESIAN_POINT ( 'NONE',  ( -2.632962441984454394, 14.51634773972512882, -53.92598372874094537 ) ) ;
#9705 = CARTESIAN_POINT ( 'NONE',  ( 8.630438470952363161, 5.206785556416654082, 22.99999800000001215 ) ) ;
#9706 = ORIENTED_EDGE ( 'NONE', *, *, #7547, .F. ) ;
#9707 = CIRCLE ( 'NONE', #5170, 0.7499999999999972244 ) ;
#9708 = EDGE_CURVE ( 'NONE', #123, #10312, #1128, .T. ) ;
#9709 = VECTOR ( 'NONE', #3089, 1000.000000000000000 ) ;
#9710 = EDGE_CURVE ( 'NONE', #3500, #4203, #10186, .T. ) ;
#9711 = ORIENTED_EDGE ( 'NONE', *, *, #2721, .T. ) ;
#9712 = VERTEX_POINT ( 'NONE', #1698 ) ;
#9713 = DIRECTION ( 'NONE',  ( 1.000000000000000000, 0.000000000000000000, 0.000000000000000000 ) ) ;
#9714 = DIRECTION ( 'NONE',  ( -0.7114425483935333805, -0.7027442638224198346, 0.000000000000000000 ) ) ;
#9715 = ORIENTED_EDGE ( 'NONE', *, *, #2718, .F. ) ;
#9716 = CARTESIAN_POINT ( 'NONE',  ( 7.630438470952453756, -8.063214443583346380, 21.40359731999999937 ) ) ;
#9717 = DIRECTION ( 'NONE',  ( 0.000000000000000000, 0.000000000000000000, 1.000000000000000000 ) ) ;
#9718 = AXIS2_PLACEMENT_3D ( 'NONE', #5123, #1197, #2871 ) ;
#9719 = LINE ( 'NONE', #5714, #3474 ) ;
#9720 = CARTESIAN_POINT ( 'NONE',  ( 40.08049337622307462, 7.319848523146356811, 18.40359731999999937 ) ) ;
#9721 = EDGE_CURVE ( 'NONE', #7623, #2111, #2379, .T. ) ;
#9722 = EDGE_CURVE ( 'NONE', #1196, #6366, #6496, .T. ) ;
#9723 = LINE ( 'NONE', #5036, #5976 ) ;
#9724 = LINE ( 'NONE', #996, #111 ) ;
#9725 = AXIS2_PLACEMENT_3D ( 'NONE', #6196, #10192, #9410 ) ;
#9726 = CIRCLE ( 'NONE', #9557, 1.199999999999999734 ) ;
#9727 = ORIENTED_EDGE ( 'NONE', *, *, #7020, .T. ) ;
#9728 = DIRECTION ( 'NONE',  ( 1.000000000000000000, 0.000000000000000000, 0.000000000000000000 ) ) ;
#9729 = EDGE_LOOP ( 'NONE', ( #261, #2275, #6825, #9470 ) ) ;
#9730 = EDGE_LOOP ( 'NONE', ( #4733, #10148, #3669, #2946 ) ) ;
#9731 = CARTESIAN_POINT ( 'NONE',  ( 40.08049337622307462, 11.47584852314636272, 19.20359732000000008 ) ) ;
#9732 = ORIENTED_EDGE ( 'NONE', *, *, #7253, .T. ) ;
#9733 = DIRECTION ( 'NONE',  ( 1.000000000000000000, 0.000000000000000000, 0.000000000000000000 ) ) ;
#9734 = ORIENTED_EDGE ( 'NONE', *, *, #3544, .F. ) ;
#9735 = AXIS2_PLACEMENT_3D ( 'NONE', #5017, #4387, #10009 ) ;
#9736 = CARTESIAN_POINT ( 'NONE',  ( -2.758507634489263172, 15.06759071962199314, -50.79041646581558922 ) ) ;
#9737 = CARTESIAN_POINT ( 'NONE',  ( 34.24477099867146990, -12.51215245581865609, 21.99999800000000150 ) ) ;
#9738 = DIRECTION ( 'NONE',  ( -1.000000000000000000, 0.000000000000000000, 0.000000000000000000 ) ) ;
#9739 = ORIENTED_EDGE ( 'NONE', *, *, #3606, .F. ) ;
#9740 = AXIS2_PLACEMENT_3D ( 'NONE', #948, #7469, #6725 ) ;
#9741 = ORIENTED_EDGE ( 'NONE', *, *, #3910, .T. ) ;
#9742 = LINE ( 'NONE', #6581, #1139 ) ;
#9743 = CARTESIAN_POINT ( 'NONE',  ( 24.75247006573276209, 24.23783959790435460, 22.74864611834295758 ) ) ;
#9744 = ORIENTED_EDGE ( 'NONE', *, *, #10393, .T. ) ;
#9745 = CARTESIAN_POINT ( 'NONE',  ( 31.20649282690607862, -4.623571175818640633, 19.20359732000000008 ) ) ;
#9746 = CARTESIAN_POINT ( 'NONE',  ( -6.192582273723351349, 16.76749726338618629, -51.00041577998818099 ) ) ;
#9747 = DIRECTION ( 'NONE',  ( -1.000000000000000000, 3.154042683594195121E-16, 0.000000000000000000 ) ) ;
#9748 = ORIENTED_EDGE ( 'NONE', *, *, #9053, .F. ) ;
#9749 = FACE_OUTER_BOUND ( 'NONE', #7442, .T. ) ;
#9750 = LINE ( 'NONE', #1609, #8338 ) ;
#9751 = CARTESIAN_POINT ( 'NONE',  ( -8.312364423932866231, 20.29648645214180291, -54.06863199975596501 ) ) ;
#9752 = DIRECTION ( 'NONE',  ( -0.000000000000000000, -0.000000000000000000, -1.000000000000000000 ) ) ;
#9753 = DIRECTION ( 'NONE',  ( 1.000000000000000000, 0.000000000000000000, 0.000000000000000000 ) ) ;
#9754 = CARTESIAN_POINT ( 'NONE',  ( -8.350324451988875296, 20.32180486965163269, -51.22335791849663167 ) ) ;
#9755 = EDGE_CURVE ( 'NONE', #6195, #7452, #1747, .T. ) ;
#9756 = CARTESIAN_POINT ( 'NONE',  ( -2.603651036656057016, 14.47050736866587961, -53.77839268145232410 ) ) ;
#9757 = LINE ( 'NONE', #9020, #7444 ) ;
#9758 = ORIENTED_EDGE ( 'NONE', *, *, #5009, .T. ) ;
#9759 = CIRCLE ( 'NONE', #5558, 1.520000000000000462 ) ;
#9760 = VERTEX_POINT ( 'NONE', #6419 ) ;
#9761 = ORIENTED_EDGE ( 'NONE', *, *, #8263, .T. ) ;
#9762 = CARTESIAN_POINT ( 'NONE',  ( 36.94477099867147274, -12.51215245581865609, 22.99999800000001215 ) ) ;
#9763 = LINE ( 'NONE', #879, #2921 ) ;
#9764 = ADVANCED_FACE ( 'NONE', ( #2426 ), #5680, .T. ) ;
#9765 = ORIENTED_EDGE ( 'NONE', *, *, #4067, .T. ) ;
#9766 = DIRECTION ( 'NONE',  ( 0.7027442638224199456, -0.7114425483935333805, 0.000000000000000000 ) ) ;
#9767 = PLANE ( 'NONE',  #553 ) ;
#9768 = EDGE_CURVE ( 'NONE', #3060, #2842, #4006, .T. ) ;
#9769 = CARTESIAN_POINT ( 'NONE',  ( -5.565813111895185905, 23.24793400929932830, -53.65041577998819378 ) ) ;
#9770 = CIRCLE ( 'NONE', #7419, 0.2000000000000005107 ) ;
#9771 = CARTESIAN_POINT ( 'NONE',  ( 44.09477099867148553, 9.487847544181342130, 23.19999800000000079 ) ) ;
#9772 = LINE ( 'NONE', #9823, #2960 ) ;
#9773 = DIRECTION ( 'NONE',  ( 1.000000000000000000, 0.000000000000000000, 0.000000000000000000 ) ) ;
#9774 = VERTEX_POINT ( 'NONE', #7257 ) ;
#9775 = CARTESIAN_POINT ( 'NONE',  ( 25.39477099867147203, -12.51215245581865609, 21.99999800000000150 ) ) ;
#9776 = ORIENTED_EDGE ( 'NONE', *, *, #4414, .F. ) ;
#9777 = EDGE_CURVE ( 'NONE', #4096, #2278, #5529, .T. ) ;
#9778 = ORIENTED_EDGE ( 'NONE', *, *, #9565, .F. ) ;
#9780 = EDGE_CURVE ( 'NONE', #519, #2882, #618, .T. ) ;
#9779 = CARTESIAN_POINT ( 'NONE',  ( -0.9246057082889275192, 12.22185072041135889, 19.20359732000000008 ) ) ;
#9781 = ORIENTED_EDGE ( 'NONE', *, *, #174, .F. ) ;
#9782 = CARTESIAN_POINT ( 'NONE',  ( 14.78608801174350873, 13.08357714299167185, 18.40359731999999937 ) ) ;
#9783 = ORIENTED_EDGE ( 'NONE', *, *, #6291, .T. ) ;
#9784 = CARTESIAN_POINT ( 'NONE',  ( -2.377383681537385662, 14.55079444723266668, -51.13405629736973879 ) ) ;
#9785 = ADVANCED_FACE ( 'NONE', ( #697 ), #7668, .F. ) ;
#9786 = DIRECTION ( 'NONE',  ( 1.000000000000000000, 0.000000000000000000, 0.000000000000000000 ) ) ;
#9787 = VECTOR ( 'NONE', #10288, 1000.000000000000000 ) ;
#9788 = DIRECTION ( 'NONE',  ( 0.000000000000000000, 0.000000000000000000, -1.000000000000000000 ) ) ;
#9789 = ORIENTED_EDGE ( 'NONE', *, *, #2841, .T. ) ;
#9790 = ADVANCED_FACE ( 'NONE', ( #3119 ), #9531, .F. ) ;
#9791 = ORIENTED_EDGE ( 'NONE', *, *, #4235, .T. ) ;
#9792 = DIRECTION ( 'NONE',  ( -0.000000000000000000, -0.000000000000000000, 1.000000000000000000 ) ) ;
#9793 = ORIENTED_EDGE ( 'NONE', *, *, #2403, .F. ) ;
#9794 = CARTESIAN_POINT ( 'NONE',  ( 41.39477099867147558, -12.51215245581865609, 23.19999800000000079 ) ) ;
#9795 = CARTESIAN_POINT ( 'NONE',  ( -9.806641169858094642, 17.43627320682738358, -40.80041777998818020 ) ) ;
#9796 = CARTESIAN_POINT ( 'NONE',  ( 1.931661972262772586, -2.879058568955646269, 3.496201133462653043 ) ) ;
#9797 = ORIENTED_EDGE ( 'NONE', *, *, #2261, .T. ) ;
#9798 = AXIS2_PLACEMENT_3D ( 'NONE', #7127, #821, #2401 ) ;
#9799 = CARTESIAN_POINT ( 'NONE',  ( -50.59849011171107236, -1.512152455818654095, -32.80041777998818020 ) ) ;
#9800 = DIRECTION ( 'NONE',  ( 1.000000000000000000, 0.000000000000000000, 0.000000000000000000 ) ) ;
#9801 = VECTOR ( 'NONE', #1604, 1000.000000000000000 ) ;
#9802 = CARTESIAN_POINT ( 'NONE',  ( -7.984299889105506587, 20.07098115744943811, -54.24944434145450600 ) ) ;
#9803 = LINE ( 'NONE', #3284, #6629 ) ;
#9804 = EDGE_CURVE ( 'NONE', #2622, #3431, #7370, .T. ) ;
#9805 = CARTESIAN_POINT ( 'NONE',  ( 3.263770336926316240, 13.58898476165380131, 21.96359842000000029 ) ) ;
#9806 = CARTESIAN_POINT ( 'NONE',  ( -0.9246057082889275192, 12.47584852314636095, 19.20359732000000008 ) ) ;
#9807 = CARTESIAN_POINT ( 'NONE',  ( -2.934094724924095843, 14.96817197811181543, -54.25041577998818099 ) ) ;
#9808 = DIRECTION ( 'NONE',  ( 1.000000000000000000, 0.000000000000000000, 0.000000000000000000 ) ) ;
#9809 = ORIENTED_EDGE ( 'NONE', *, *, #9250, .F. ) ;
#9810 = ADVANCED_FACE ( 'NONE', ( #325 ), #5048, .T. ) ;
#9811 = B_SPLINE_CURVE_WITH_KNOTS ( 'NONE', 3,
 ( #1655, #966, #3436, #3276 ),
 .UNSPECIFIED., .F., .F.,
 ( 4, 4 ),
 ( 0.000000000000000000, 1.000000000000000000 ),
 .UNSPECIFIED. ) ;
#9812 = VERTEX_POINT ( 'NONE', #8998 ) ;
#9813 = VERTEX_POINT ( 'NONE', #2634 ) ;
#9814 = VECTOR ( 'NONE', #3969, 1000.000000000000000 ) ;
#9815 = LINE ( 'NONE', #4191, #8016 ) ;
#9816 = DIRECTION ( 'NONE',  ( 0.000000000000000000, 0.000000000000000000, -1.000000000000000000 ) ) ;
#9817 = VERTEX_POINT ( 'NONE', #5841 ) ;
#9818 = CARTESIAN_POINT ( 'NONE',  ( 9.630438470952455532, -3.563214443583345492, 22.99999800000001215 ) ) ;
#9819 = CARTESIAN_POINT ( 'NONE',  ( 7.030438470952719676, 4.406785556417013083, 21.40359731999999937 ) ) ;
#9820 = EDGE_CURVE ( 'NONE', #1034, #7054, #378, .T. ) ;
#9821 = CYLINDRICAL_SURFACE ( 'NONE', #1388, 1.520000000000000462 ) ;
#9822 = AXIS2_PLACEMENT_3D ( 'NONE', #4745, #7964, #3908 ) ;
#9823 = CARTESIAN_POINT ( 'NONE',  ( 9.630438470952361385, 5.206785556416654082, 8.998998000000000275 ) ) ;
#9824 = ADVANCED_FACE ( 'NONE', ( #5999 ), #8672, .F. ) ;
#9825 = CARTESIAN_POINT ( 'NONE',  ( 24.69849011171107378, 21.53784716418134693, 23.19999800000000079 ) ) ;
#9826 = ORIENTED_EDGE ( 'NONE', *, *, #4301, .T. ) ;
#9827 = DIRECTION ( 'NONE',  ( -0.000000000000000000, -0.000000000000000000, 1.000000000000000000 ) ) ;
#9828 = ORIENTED_EDGE ( 'NONE', *, *, #10285, .T. ) ;
#9829 = ORIENTED_EDGE ( 'NONE', *, *, #7026, .F. ) ;
#9830 = CARTESIAN_POINT ( 'NONE',  ( 35.98149227759006408, -15.01615056132663817, 19.20359732000000008 ) ) ;
#9831 = ORIENTED_EDGE ( 'NONE', *, *, #1323, .F. ) ;
#9832 = EDGE_CURVE ( 'NONE', #1842, #1909, #3576, .T. ) ;
#9833 = DIRECTION ( 'NONE',  ( 0.000000000000000000, 0.000000000000000000, -1.000000000000000000 ) ) ;
#9834 = VERTEX_POINT ( 'NONE', #2792 ) ;
#9835 = CARTESIAN_POINT ( 'NONE',  ( -2.694907559904345717, 14.98309037238623986, -50.80067551387018199 ) ) ;
#9836 = ADVANCED_FACE ( 'NONE', ( #8212 ), #8156, .T. ) ;
#9837 = ADVANCED_FACE ( 'NONE', ( #8262 ), #1058, .T. ) ;
#9838 = DIRECTION ( 'NONE',  ( 0.9998725783246495968, 0.01596330524727181122, 0.000000000000000000 ) ) ;
#9839 = VECTOR ( 'NONE', #9416, 1000.000000000000000 ) ;
#9840 = CYLINDRICAL_SURFACE ( 'NONE', #1619, 24.09999999999566000 ) ;
#9841 = VERTEX_POINT ( 'NONE', #8371 ) ;
#9842 = ORIENTED_EDGE ( 'NONE', *, *, #10203, .T. ) ;
#9843 = DIRECTION ( 'NONE',  ( 0.000000000000000000, -1.000000000000000000, 0.000000000000000000 ) ) ;
#9844 = AXIS2_PLACEMENT_3D ( 'NONE', #8964, #3964, #4958 ) ;
#9845 = ORIENTED_EDGE ( 'NONE', *, *, #6727, .F. ) ;
#9846 = FACE_OUTER_BOUND ( 'NONE', #1441, .T. ) ;
#9847 = DIRECTION ( 'NONE',  ( -1.000000000000000000, 0.000000000000000000, 0.000000000000000000 ) ) ;
#9848 = DIRECTION ( 'NONE',  ( 0.000000000000000000, 0.000000000000000000, 1.000000000000000000 ) ) ;
#9849 = VERTEX_POINT ( 'NONE', #7581 ) ;
#9850 = AXIS2_PLACEMENT_3D ( 'NONE', #4094, #1785, #4146 ) ;
#9851 = FACE_OUTER_BOUND ( 'NONE', #6789, .T. ) ;
#9852 = ADVANCED_FACE ( 'NONE', ( #4156 ), #6151, .F. ) ;
#9853 = FACE_OUTER_BOUND ( 'NONE', #9059, .T. ) ;
#9854 = CIRCLE ( 'NONE', #6484, 0.9999999999999991118 ) ;
#9855 = CARTESIAN_POINT ( 'NONE',  ( -8.064989750155564963, 20.12757758198936742, -54.23480592043482318 ) ) ;
#9856 = AXIS2_PLACEMENT_3D ( 'NONE', #709, #4487, #7119 ) ;
#9857 = AXIS2_PLACEMENT_3D ( 'NONE', #9373, #2178, #2772 ) ;
#9858 = DIRECTION ( 'NONE',  ( -1.000000000000000000, 0.000000000000000000, 0.000000000000000000 ) ) ;
#9859 = CARTESIAN_POINT ( 'NONE',  ( 24.15843095073522306, -27.25657220391816793, 22.80234321397724173 ) ) ;
#9860 = CARTESIAN_POINT ( 'NONE',  ( -5.144166553601733582, 22.82106848026321089, -50.99041577998818298 ) ) ;
#9861 = CARTESIAN_POINT ( 'NONE',  ( -2.824079084569029785, 14.80699968913640241, -54.21895947892995338 ) ) ;
#9862 = CARTESIAN_POINT ( 'NONE',  ( 24.19637454126186782, -27.25730384764353786, 22.79532957558869910 ) ) ;
#9863 = EDGE_LOOP ( 'NONE', ( #4781, #6168, #1961, #7789 ) ) ;
#9864 = AXIS2_PLACEMENT_3D ( 'NONE', #2214, #7783, #7044 ) ;
#9865 = AXIS2_PLACEMENT_3D ( 'NONE', #2479, #3377, #9738 ) ;
#9866 = VECTOR ( 'NONE', #5626, 1000.000000000000000 ) ;
#9867 = ORIENTED_EDGE ( 'NONE', *, *, #9652, .T. ) ;
#9868 = ORIENTED_EDGE ( 'NONE', *, *, #3462, .T. ) ;
#9869 = CARTESIAN_POINT ( 'NONE',  ( 3.490348394677742494, 13.29489716334345850, 21.96359842000000029 ) ) ;
#9870 = DIRECTION ( 'NONE',  ( 1.000000000000000000, 0.000000000000000000, 0.000000000000000000 ) ) ;
#9871 = DIRECTION ( 'NONE',  ( -0.000000000000000000, -0.000000000000000000, 1.000000000000000000 ) ) ;
#9872 = VERTEX_POINT ( 'NONE', #7420 ) ;
#9873 = FACE_OUTER_BOUND ( 'NONE', #5582, .T. ) ;
#9874 = CIRCLE ( 'NONE', #7840, 3.000000000000002665 ) ;
#9875 = PLANE ( 'NONE',  #4416 ) ;
#9876 = CARTESIAN_POINT ( 'NONE',  ( -21.53129293636026986, -25.40313113088010155, -32.80041777998817309 ) ) ;
#9877 = ORIENTED_EDGE ( 'NONE', *, *, #4201, .F. ) ;
#9878 = AXIS2_PLACEMENT_3D ( 'NONE', #1201, #509, #1304 ) ;
#9879 = DIRECTION ( 'NONE',  ( 0.000000000000000000, 0.000000000000000000, -1.000000000000000000 ) ) ;
#9880 = DIRECTION ( 'NONE',  ( 0.000000000000000000, 0.000000000000000000, -1.000000000000000000 ) ) ;
#9881 = VERTEX_POINT ( 'NONE', #6783 ) ;
#9882 = CARTESIAN_POINT ( 'NONE',  ( 41.59477099867147132, -12.51215245581865609, 22.99999800000001215 ) ) ;
#9883 = ORIENTED_EDGE ( 'NONE', *, *, #6702, .T. ) ;
#9884 = AXIS2_PLACEMENT_3D ( 'NONE', #9485, #5484, #8703 ) ;
#9885 = VERTEX_POINT ( 'NONE', #1898 ) ;
#9886 = DIRECTION ( 'NONE',  ( 0.000000000000000000, 0.000000000000000000, -1.000000000000000000 ) ) ;
#9887 = ORIENTED_EDGE ( 'NONE', *, *, #2663, .T. ) ;
#9888 = LINE ( 'NONE', #2527, #1158 ) ;
#9889 = EDGE_CURVE ( 'NONE', #1471, #3672, #3526, .T. ) ;
#9890 = CARTESIAN_POINT ( 'NONE',  ( -2.381897924612284889, 14.55706585144428722, -51.12333107383459918 ) ) ;
#9891 = AXIS2_PLACEMENT_3D ( 'NONE', #3601, #350, #5767 ) ;
#9892 = DIRECTION ( 'NONE',  ( -0.000000000000000000, -0.000000000000000000, 1.000000000000000000 ) ) ;
#9893 = EDGE_CURVE ( 'NONE', #4482, #2470, #9939, .T. ) ;
#9894 = DIRECTION ( 'NONE',  ( -0.7071067811865472397, 0.7071067811865479058, 0.000000000000000000 ) ) ;
#9895 = ORIENTED_EDGE ( 'NONE', *, *, #6374, .T. ) ;
#9896 = ORIENTED_EDGE ( 'NONE', *, *, #5335, .F. ) ;
#9897 = DIRECTION ( 'NONE',  ( 0.7071067811865414665, 0.000000000000000000, -0.7071067811865536790 ) ) ;
#9898 = ORIENTED_EDGE ( 'NONE', *, *, #7874, .T. ) ;
#9899 = CARTESIAN_POINT ( 'NONE',  ( -7.951688768616168801, 20.04787177364163142, -50.99041577998818298 ) ) ;
#9900 = VECTOR ( 'NONE', #8013, 1000.000000000000000 ) ;
#9901 = EDGE_CURVE ( 'NONE', #4990, #8681, #7473, .T. ) ;
#9902 = DIRECTION ( 'NONE',  ( 0.000000000000000000, -1.000000000000000000, 0.000000000000000000 ) ) ;
#9903 = CARTESIAN_POINT ( 'NONE',  ( -28.50470442265406490, -24.56215207581658788, -40.80041777998818020 ) ) ;
#9904 = ORIENTED_EDGE ( 'NONE', *, *, #256, .T. ) ;
#9905 = LINE ( 'NONE', #1761, #2378 ) ;
#9906 = DIRECTION ( 'NONE',  ( 0.000000000000000000, 0.000000000000000000, 1.000000000000000000 ) ) ;
#9907 = AXIS2_PLACEMENT_3D ( 'NONE', #6414, #9622, #7304 ) ;
#9908 = FACE_OUTER_BOUND ( 'NONE', #8309, .T. ) ;
#9909 = CARTESIAN_POINT ( 'NONE',  ( -42.29708727004448576, 17.49046257629466083, -40.80041777998818020 ) ) ;
#9910 = CARTESIAN_POINT ( 'NONE',  ( 24.76109949721661607, -27.26209893229595593, 22.74908998036426055 ) ) ;
#9911 = CARTESIAN_POINT ( 'NONE',  ( -7.912734885812410468, 20.27061857027519665, -50.79680194907813018 ) ) ;
#9912 = EDGE_CURVE ( 'NONE', #10160, #10315, #6577, .T. ) ;
#9913 = CARTESIAN_POINT ( 'NONE',  ( -2.889098410755296609, 14.90279214498212745, -54.24562615317073977 ) ) ;
#9914 = CARTESIAN_POINT ( 'NONE',  ( 25.63750833120414896, -27.24503612783221840, 22.91061057340285956 ) ) ;
#9915 = ORIENTED_EDGE ( 'NONE', *, *, #3449, .F. ) ;
#9916 = ADVANCED_FACE ( 'NONE', ( #3476 ), #6678, .F. ) ;
#9917 = ORIENTED_EDGE ( 'NONE', *, *, #6373, .F. ) ;
#9918 = ORIENTED_EDGE ( 'NONE', *, *, #84, .T. ) ;
#9919 = DIRECTION ( 'NONE',  ( 1.000000000000000000, 0.000000000000000000, 0.000000000000000000 ) ) ;
#9920 = DIRECTION ( 'NONE',  ( 0.9998725783246495968, 0.01596330524727181122, 0.000000000000000000 ) ) ;
#9921 = CARTESIAN_POINT ( 'NONE',  ( -24.69849011171107378, -1.512152455818657204, -55.80041577998814972 ) ) ;
#9922 = ORIENTED_EDGE ( 'NONE', *, *, #7641, .T. ) ;
#9923 = FACE_OUTER_BOUND ( 'NONE', #6565, .T. ) ;
#9924 = CARTESIAN_POINT ( 'NONE',  ( 24.69852680808911671, 0.5713424239320056275, 18.40359731999999937 ) ) ;
#9925 = DIRECTION ( 'NONE',  ( 1.000000000000000000, 0.000000000000000000, 0.000000000000000000 ) ) ;
#9926 = FACE_OUTER_BOUND ( 'NONE', #8114, .T. ) ;
#9927 = LINE ( 'NONE', #5037, #10032 ) ;
#9928 = VERTEX_POINT ( 'NONE', #2692 ) ;
#9929 = LINE ( 'NONE', #7518, #6984 ) ;
#9930 = ORIENTED_EDGE ( 'NONE', *, *, #6163, .T. ) ;
#9931 = AXIS2_PLACEMENT_3D ( 'NONE', #8529, #9366, #7692 ) ;
#9932 = ORIENTED_EDGE ( 'NONE', *, *, #2348, .T. ) ;
#9933 = PLANE ( 'NONE',  #1097 ) ;
#9934 = CARTESIAN_POINT ( 'NONE',  ( -2.828809856560946745, 14.81401527432402077, -54.22162112448155113 ) ) ;
#9935 = ORIENTED_EDGE ( 'NONE', *, *, #6717, .T. ) ;
#9936 = DIRECTION ( 'NONE',  ( 1.000000000000000000, 0.000000000000000000, 0.000000000000000000 ) ) ;
#9937 = CARTESIAN_POINT ( 'NONE',  ( -2.607236995167892424, 14.47613583645086521, -51.43460887064769338 ) ) ;
#9938 = AXIS2_PLACEMENT_3D ( 'NONE', #2315, #1477, #4674 ) ;
#9939 = LINE ( 'NONE', #954, #7858 ) ;
#9940 = EDGE_CURVE ( 'NONE', #275, #7219, #6539, .T. ) ;
#9941 = CARTESIAN_POINT ( 'NONE',  ( 23.11076921640282222, -27.01277288667485266, 23.19999800000000079 ) ) ;
#9942 = VERTEX_POINT ( 'NONE', #3376 ) ;
#9943 = EDGE_LOOP ( 'NONE', ( #7865, #165, #1223, #6638 ) ) ;
#9944 = LINE ( 'NONE', #531, #798 ) ;
#9945 = ORIENTED_EDGE ( 'NONE', *, *, #5084, .T. ) ;
#9946 = DIRECTION ( 'NONE',  ( -0.7071067811865536790, 0.000000000000000000, -0.7071067811865414665 ) ) ;
#9947 = VECTOR ( 'NONE', #2614, 1000.000000000000000 ) ;
#9948 = DIRECTION ( 'NONE',  ( -1.000000000000000000, 0.000000000000000000, 0.000000000000000000 ) ) ;
#9949 = CARTESIAN_POINT ( 'NONE',  ( -8.701379295569404704, 19.30734716115111382, -51.59041577998819861 ) ) ;
#9950 = ORIENTED_EDGE ( 'NONE', *, *, #6356, .T. ) ;
#9951 = CONICAL_SURFACE ( 'NONE', #9136, 1.000000000000000888, 0.7853981633974553844 ) ;
#9952 = DIRECTION ( 'NONE',  ( 0.000000000000000000, 0.000000000000000000, -1.000000000000000000 ) ) ;
#9953 = DIRECTION ( 'NONE',  ( -0.000000000000000000, -0.000000000000000000, -1.000000000000000000 ) ) ;
#9954 = EDGE_CURVE ( 'NONE', #5759, #2469, #5785, .T. ) ;
#9955 = ADVANCED_FACE ( 'NONE', ( #7839 ), #5206, .F. ) ;
#9956 = CARTESIAN_POINT ( 'NONE',  ( -8.380121866414857124, 20.62291199223254878, -54.07416475170423098 ) ) ;
#9957 = FACE_BOUND ( 'NONE', #4093, .T. ) ;
#9958 = CARTESIAN_POINT ( 'NONE',  ( 25.59171440043590096, -27.15791123199603163, 23.00011650131760632 ) ) ;
#9959 = CARTESIAN_POINT ( 'NONE',  ( 43.85549337622306609, 12.47584852314636450, 19.20359732000000008 ) ) ;
#9960 = CARTESIAN_POINT ( 'NONE',  ( -2.742525447676885886, 15.04641957419341836, -54.44912013611450874 ) ) ;
#9961 = CARTESIAN_POINT ( 'NONE',  ( 25.19743178419708940, -27.25736633788645591, 22.79473077325030417 ) ) ;
#9962 = ORIENTED_EDGE ( 'NONE', *, *, #7142, .F. ) ;
#9963 = DIRECTION ( 'NONE',  ( -0.000000000000000000, 1.000000000000000000, 0.000000000000000000 ) ) ;
#9964 = AXIS2_PLACEMENT_3D ( 'NONE', #600, #7013, #8754 ) ;
#9965 = ORIENTED_EDGE ( 'NONE', *, *, #5299, .F. ) ;
#9966 = ADVANCED_FACE ( 'NONE', ( #2157 ), #9181, .F. ) ;
#9967 = ORIENTED_EDGE ( 'NONE', *, *, #6915, .T. ) ;
#9968 = DIRECTION ( 'NONE',  ( 0.000000000000000000, 0.000000000000000000, 1.000000000000000000 ) ) ;
#9969 = LINE ( 'NONE', #298, #3603 ) ;
#9970 = CARTESIAN_POINT ( 'NONE',  ( 3.490348394677742494, 13.29489716334345850, 23.19999800000000079 ) ) ;
#9971 = LINE ( 'NONE', #6963, #10042 ) ;
#9972 = DIRECTION ( 'NONE',  ( 1.000000000000000000, 0.000000000000000000, 0.000000000000000000 ) ) ;
#9973 = AXIS2_PLACEMENT_3D ( 'NONE', #1877, #8240, #1776 ) ;
#9974 = LINE ( 'NONE', #2878, #711 ) ;
#9975 = ORIENTED_EDGE ( 'NONE', *, *, #7337, .F. ) ;
#9976 = CARTESIAN_POINT ( 'NONE',  ( -2.761659717888037324, 14.71360494185476142, -51.07204628077285236 ) ) ;
#9977 = EDGE_CURVE ( 'NONE', #928, #2056, #6929, .T. ) ;
#9978 =( LENGTH_UNIT ( ) NAMED_UNIT ( * ) SI_UNIT ( .MILLI., .METRE. ) );
#9979 = CIRCLE ( 'NONE', #10320, 3.000000000000002665 ) ;
#9980 = ORIENTED_EDGE ( 'NONE', *, *, #1618, .T. ) ;
#9981 = CARTESIAN_POINT ( 'NONE',  ( 24.69849011171107378, -24.56215207581864135, 18.40359731999999937 ) ) ;
#9982 = VERTEX_POINT ( 'NONE', #8572 ) ;
#9983 = ORIENTED_EDGE ( 'NONE', *, *, #8444, .F. ) ;
#9984 = DIRECTION ( 'NONE',  ( -1.000000000000000000, 0.000000000000000000, 0.000000000000000000 ) ) ;
#9985 = LINE ( 'NONE', #8365, #1147 ) ;
#9986 = VERTEX_POINT ( 'NONE', #477 ) ;
#9987 = CARTESIAN_POINT ( 'NONE',  ( -3.157053954667285112, 13.69439640122716284, -56.00041577998817388 ) ) ;
#9988 = CIRCLE ( 'NONE', #5448, 1.000000000000000888 ) ;
#9989 = CARTESIAN_POINT ( 'NONE',  ( 8.630438470952407570, 0.8867855564166541305, 22.99999800000001215 ) ) ;
#9990 = DIRECTION ( 'NONE',  ( 1.000000000000000000, 0.000000000000000000, 0.000000000000000000 ) ) ;
#9991 = EDGE_CURVE ( 'NONE', #5422, #5692, #2636, .T. ) ;
#9992 = CARTESIAN_POINT ( 'NONE',  ( 45.04477099867147416, 9.487847544181342130, 22.99999800000001215 ) ) ;
#9993 = VERTEX_POINT ( 'NONE', #9354 ) ;
#9994 = ORIENTED_EDGE ( 'NONE', *, *, #1885, .T. ) ;
#9995 = DIRECTION ( 'NONE',  ( 1.000000000000000000, 0.000000000000000000, 0.000000000000000000 ) ) ;
#9996 = ORIENTED_EDGE ( 'NONE', *, *, #7913, .T. ) ;
#9997 = CARTESIAN_POINT ( 'NONE',  ( 40.59477099867146421, 9.487847544181342130, 23.19999800000000079 ) ) ;
#9998 = DIRECTION ( 'NONE',  ( -0.000000000000000000, -0.000000000000000000, 1.000000000000000000 ) ) ;
#9999 = DIRECTION ( 'NONE',  ( 0.7071067811865477948, 0.7071067811865473507, 0.000000000000000000 ) ) ;
#10000 = ORIENTED_EDGE ( 'NONE', *, *, #5768, .T. ) ;
#10001 = PLANE ( 'NONE',  #9594 ) ;
#10002 = DIRECTION ( 'NONE',  ( 0.000000000000000000, 1.000000000000000000, 0.000000000000000000 ) ) ;
#10003 = AXIS2_PLACEMENT_3D ( 'NONE', #6589, #2652, #9800 ) ;
#10004 = CARTESIAN_POINT ( 'NONE',  ( -8.222396980628683849, 20.50576001310736629, -54.28578884974763241 ) ) ;
#10005 = EDGE_CURVE ( 'NONE', #6185, #5559, #292, .T. ) ;
#10006 = FACE_BOUND ( 'NONE', #4696, .T. ) ;
#10007 = ORIENTED_EDGE ( 'NONE', *, *, #2631, .T. ) ;
#10008 = CARTESIAN_POINT ( 'NONE',  ( 25.23309700487046925, -27.25668701603295219, 22.80124664255539102 ) ) ;
#10009 = DIRECTION ( 'NONE',  ( -1.000000000000000000, 0.000000000000000000, 0.000000000000000000 ) ) ;
#10010 = DIRECTION ( 'NONE',  ( 0.000000000000000000, 0.000000000000000000, 1.000000000000000000 ) ) ;
#10011 = AXIS2_PLACEMENT_3D ( 'NONE', #1482, #5415, #8627 ) ;
#10012 = VERTEX_POINT ( 'NONE', #10091 ) ;
#10013 = DIRECTION ( 'NONE',  ( 0.000000000000000000, 0.000000000000000000, 1.000000000000000000 ) ) ;
#10014 = ADVANCED_FACE ( 'NONE', ( #2851 ), #2894, .F. ) ;
#10015 = AXIS2_PLACEMENT_3D ( 'NONE', #3017, #7694, #7057 ) ;
#10016 = AXIS2_PLACEMENT_3D ( 'NONE', #5477, #6216, #9627 ) ;
#10017 = AXIS2_PLACEMENT_3D ( 'NONE', #4831, #3311, #9668 ) ;
#10018 = EDGE_CURVE ( 'NONE', #6950, #3828, #10021, .T. ) ;
#10019 = ADVANCED_FACE ( 'NONE', ( #3001 ), #5489, .F. ) ;
#10020 = EDGE_LOOP ( 'NONE', ( #2687, #5781, #4328, #1428 ) ) ;
#10021 = CIRCLE ( 'NONE', #7336, 25.78852460972969851 ) ;
#10022 = CARTESIAN_POINT ( 'NONE',  ( 2.581661969033902437, -2.879058568955646269, 8.999997999999999720 ) ) ;
#10023 = LINE ( 'NONE', #9083, #4507 ) ;
#10024 = PLANE ( 'NONE',  #10213 ) ;
#10025 = FACE_OUTER_BOUND ( 'NONE', #8755, .T. ) ;
#10026 = VECTOR ( 'NONE', #3219, 1000.000000000000000 ) ;
#10027 = CARTESIAN_POINT ( 'NONE',  ( -27.86568728706433618, -25.40313113088341623, -40.80041777998818020 ) ) ;
#10028 = EDGE_CURVE ( 'NONE', #2795, #5683, #4318, .T. ) ;
#10029 = AXIS2_PLACEMENT_3D ( 'NONE', #2608, #5026, #7447 ) ;
#10030 = EDGE_CURVE ( 'NONE', #5675, #7204, #2101, .T. ) ;
#10031 = ORIENTED_EDGE ( 'NONE', *, *, #5302, .F. ) ;
#10032 = VECTOR ( 'NONE', #6564, 1000.000000000000000 ) ;
#10033 = CARTESIAN_POINT ( 'NONE',  ( -2.858722402908834503, 14.85822616932537166, -51.00475594481530806 ) ) ;
#10034 = AXIS2_PLACEMENT_3D ( 'NONE', #6683, #9104, #221 ) ;
#10035 = ORIENTED_EDGE ( 'NONE', *, *, #2270, .F. ) ;
#10036 = CARTESIAN_POINT ( 'NONE',  ( 3.696288695069629426, 13.03810649908737140, 23.19999800000000079 ) ) ;
#10037 = ORIENTED_EDGE ( 'NONE', *, *, #174, .T. ) ;
#10038 = ORIENTED_EDGE ( 'NONE', *, *, #9577, .T. ) ;
#10039 = CARTESIAN_POINT ( 'NONE',  ( 24.73771659692750546, 24.23784000245281689, 22.74864312186090132 ) ) ;
#10040 = CARTESIAN_POINT ( 'NONE',  ( -2.807667825339854151, 14.78258175634699079, -54.20834426831504516 ) ) ;
#10041 = DIRECTION ( 'NONE',  ( 0.000000000000000000, 0.000000000000000000, 1.000000000000000000 ) ) ;
#10042 = VECTOR ( 'NONE', #3663, 1000.000000000000000 ) ;
#10043 = EDGE_CURVE ( 'NONE', #5618, #6817, #7848, .T. ) ;
#10044 = ADVANCED_FACE ( 'NONE', ( #10143 ), #4462, .F. ) ;
#10045 = CARTESIAN_POINT ( 'NONE',  ( 12.05349142309807497, 2.675851452833362565, 18.40359731999999937 ) ) ;
#10046 = DIRECTION ( 'NONE',  ( 1.000000000000000000, 0.000000000000000000, 0.000000000000000000 ) ) ;
#10047 = CIRCLE ( 'NONE', #1998, 2.999999999999999112 ) ;
#10048 = CARTESIAN_POINT ( 'NONE',  ( 9.630438470952455532, -8.063214443583346380, 21.40359731999999937 ) ) ;
#10049 = ORIENTED_EDGE ( 'NONE', *, *, #66, .F. ) ;
#10050 = ORIENTED_EDGE ( 'NONE', *, *, #8366, .F. ) ;
#10051 = DIRECTION ( 'NONE',  ( 0.000000000000000000, 0.000000000000000000, 1.000000000000000000 ) ) ;
#10052 = ORIENTED_EDGE ( 'NONE', *, *, #751, .T. ) ;
#10053 = CARTESIAN_POINT ( 'NONE',  ( 25.49974274242580563, -27.16012902149462249, 22.96958332947804138 ) ) ;
#10054 = CARTESIAN_POINT ( 'NONE',  ( 24.69849011171107378, -1.512152455818657204, 18.40359731999999937 ) ) ;
#10055 = ORIENTED_EDGE ( 'NONE', *, *, #4941, .F. ) ;
#10056 = AXIS2_PLACEMENT_3D ( 'NONE', #8313, #4310, #2050 ) ;
#10057 = CIRCLE ( 'NONE', #8211, 25.54999999999997584 ) ;
#10058 = DIRECTION ( 'NONE',  ( 0.000000000000000000, -1.000000000000000000, 0.000000000000000000 ) ) ;
#10059 = CARTESIAN_POINT ( 'NONE',  ( 47.46530680277118108, -3.529058565625797783, 18.40359731999999937 ) ) ;
#10060 = VECTOR ( 'NONE', #8979, 1000.000000000000000 ) ;
#10061 = CARTESIAN_POINT ( 'NONE',  ( -8.336400353960751630, 20.59060962903796721, -54.14903383726470310 ) ) ;
#10062 = VECTOR ( 'NONE', #1394, 1000.000000000000000 ) ;
#10063 = FACE_BOUND ( 'NONE', #4732, .T. ) ;
#10064 = ORIENTED_EDGE ( 'NONE', *, *, #5824, .F. ) ;
#10065 = CARTESIAN_POINT ( 'NONE',  ( 24.82937181661059256, -27.26182547483052332, 22.75174457679601048 ) ) ;
#10066 = CARTESIAN_POINT ( 'NONE',  ( 18.87849142309807604, -1.524148547166637835, 22.99999800000000505 ) ) ;
#10067 = CARTESIAN_POINT ( 'NONE',  ( -2.559958568749376884, 14.80152173208895050, -54.36891715489745991 ) ) ;
#10068 = CARTESIAN_POINT ( 'NONE',  ( 24.64451015761997255, -27.26214450954164903, 22.74864611834304640 ) ) ;
#10069 = ORIENTED_EDGE ( 'NONE', *, *, #1862, .T. ) ;
#10070 = DIRECTION ( 'NONE',  ( 1.761694112589338835E-05, -0.9999999998448216854, 0.000000000000000000 ) ) ;
#10071 = DIRECTION ( 'NONE',  ( 0.7114425483935334915, 0.7027442638224199456, 0.000000000000000000 ) ) ;
#10072 = AXIS2_PLACEMENT_3D ( 'NONE', #8152, #7526, #9150 ) ;
#10073 = EDGE_CURVE ( 'NONE', #857, #7101, #10196, .T. ) ;
#10074 = ORIENTED_EDGE ( 'NONE', *, *, #3592, .F. ) ;
#10075 = DIRECTION ( 'NONE',  ( 0.000000000000000000, 0.000000000000000000, 1.000000000000000000 ) ) ;
#10076 = FACE_OUTER_BOUND ( 'NONE', #8151, .T. ) ;
#10077 = LINE ( 'NONE', #4496, #3335 ) ;
#10078 = LINE ( 'NONE', #359, #9117 ) ;
#10079 = CARTESIAN_POINT ( 'NONE',  ( 7.030438470952709018, -2.763214443583704938, 18.40359731999999937 ) ) ;
#10080 = CARTESIAN_POINT ( 'NONE',  ( -8.060699103722134495, 20.12459083609877908, -54.23607561522820220 ) ) ;
#10081 = EDGE_CURVE ( 'NONE', #1069, #6147, #4142, .T. ) ;
#10082 = EDGE_CURVE ( 'NONE', #4985, #3732, #576, .T. ) ;
#10083 = ORIENTED_EDGE ( 'NONE', *, *, #508, .T. ) ;
#10084 = CARTESIAN_POINT ( 'NONE',  ( 39.08049337622307462, 7.319848523146356811, 19.20359732000000008 ) ) ;
#10085 = ORIENTED_EDGE ( 'NONE', *, *, #7993, .T. ) ;
#10086 = ORIENTED_EDGE ( 'NONE', *, *, #8455, .F. ) ;
#10087 = CARTESIAN_POINT ( 'NONE',  ( 23.15056794851410515, 24.19127994097775769, 23.17200353645734623 ) ) ;
#10088 = CARTESIAN_POINT ( 'NONE',  ( -2.740967435935497853, 14.68231674710214918, -54.14548381128727783 ) ) ;
#10089 = CARTESIAN_POINT ( 'NONE',  ( 6.030438470952720564, -1.512152455818667418, 31.63375372154084175 ) ) ;
#10090 = FACE_OUTER_BOUND ( 'NONE', #4699, .T. ) ;
#10091 = CARTESIAN_POINT ( 'NONE',  ( -3.378761491862197985, 13.19428054392661132, -51.00041577998818099 ) ) ;
#10092 = VECTOR ( 'NONE', #10058, 1000.000000000000000 ) ;
#10093 = EDGE_CURVE ( 'NONE', #10099, #4541, #1465, .T. ) ;
#10094 = EDGE_CURVE ( 'NONE', #226, #7684, #3816, .T. ) ;
#10095 = CARTESIAN_POINT ( 'NONE',  ( 35.98149282690607720, 7.065850720411353869, 18.40359731999999937 ) ) ;
#10096 = ORIENTED_EDGE ( 'NONE', *, *, #5930, .T. ) ;
#10097 = VERTEX_POINT ( 'NONE', #2266 ) ;
#10098 = CARTESIAN_POINT ( 'NONE',  ( -9.806641169857515550, -20.46057811846424102, -32.80041777998817309 ) ) ;
#10099 = VERTEX_POINT ( 'NONE', #8046 ) ;
#10100 = FACE_OUTER_BOUND ( 'NONE', #7283, .T. ) ;
#10101 = CARTESIAN_POINT ( 'NONE',  ( 20.02849441382008422, -3.967150744431636955, 21.40359731999999937 ) ) ;
#10102 = ORIENTED_EDGE ( 'NONE', *, *, #5709, .T. ) ;
#10103 = VECTOR ( 'NONE', #57, 1000.000000000000000 ) ;
#10104 = CARTESIAN_POINT ( 'NONE',  ( 43.85549282690606532, -8.733150561326636918, 19.20359732000000008 ) ) ;
#10105 = CARTESIAN_POINT ( 'NONE',  ( 2.601509888288906058, -1.512152455818657204, -56.00041577998818099 ) ) ;
#10106 = EDGE_CURVE ( 'NONE', #1575, #3107, #7677, .T. ) ;
#10107 = CARTESIAN_POINT ( 'NONE',  ( -8.391177317052607165, 20.63105661482923026, -54.05177968012981893 ) ) ;
#10108 = CIRCLE ( 'NONE', #3561, 25.89999999999999147 ) ;
#10109 = ORIENTED_EDGE ( 'NONE', *, *, #1807, .T. ) ;
#10110 = CARTESIAN_POINT ( 'NONE',  ( 36.94477099867147274, 9.487847544181342130, 22.99999800000001215 ) ) ;
#10111 = ORIENTED_EDGE ( 'NONE', *, *, #4571, .T. ) ;
#10112 = CARTESIAN_POINT ( 'NONE',  ( 31.54477099867147061, 9.487847544181342130, 22.99999800000001215 ) ) ;
#10113 = DIRECTION ( 'NONE',  ( 0.7027442638224183913, 0.7114425483935349348, -0.000000000000000000 ) ) ;
#10114 = CARTESIAN_POINT ( 'NONE',  ( -2.695224751842755673, 14.98351313306332067, -54.44023436519137249 ) ) ;
#10115 = CARTESIAN_POINT ( 'NONE',  ( 8.630438470952407570, 0.8867855564166541305, 22.99999800000001215 ) ) ;
#10116 = ORIENTED_EDGE ( 'NONE', *, *, #4295, .F. ) ;
#10117 = CARTESIAN_POINT ( 'NONE',  ( 43.85549337622307320, 7.319848523146356811, 19.20359732000000008 ) ) ;
#10118 = DIRECTION ( 'NONE',  ( 0.7114425483935334915, 0.7027442638224199456, -0.000000000000000000 ) ) ;
#10119 = AXIS2_PLACEMENT_3D ( 'NONE', #2776, #3610, #2085 ) ;
#10120 = ORIENTED_EDGE ( 'NONE', *, *, #5978, .T. ) ;
#10121 = LINE ( 'NONE', #506, #9142 ) ;
#10122 = CARTESIAN_POINT ( 'NONE',  ( 19.02849441382007711, -1.512152455818657204, 21.40359731999999937 ) ) ;
#10123 = CARTESIAN_POINT ( 'NONE',  ( 30.79477099867147061, -12.51215245581865609, 22.99999800000001215 ) ) ;
#10124 = LINE ( 'NONE', #9337, #3242 ) ;
#10125 = ADVANCED_FACE ( 'NONE', ( #4828 ), #9567, .F. ) ;
#10126 = DIRECTION ( 'NONE',  ( -0.000000000000000000, 1.000000000000000000, 0.000000000000000000 ) ) ;
#10127 = AXIS2_PLACEMENT_3D ( 'NONE', #3333, #122, #8069 ) ;
#10128 = CARTESIAN_POINT ( 'NONE',  ( -2.661366085822691296, 14.56064127443139000, -51.22325047903743211 ) ) ;
#10129 =( NAMED_UNIT ( * ) PLANE_ANGLE_UNIT ( ) SI_UNIT ( $, .RADIAN. ) );
#10130 = ORIENTED_EDGE ( 'NONE', *, *, #9820, .T. ) ;
#10132 = DIRECTION ( 'NONE',  ( 0.000000000000000000, 0.000000000000000000, 1.000000000000000000 ) ) ;
#10131 = VECTOR ( 'NONE', #2954, 1000.000000000000000 ) ;
#10133 = ORIENTED_EDGE ( 'NONE', *, *, #9702, .T. ) ;
#10134 = EDGE_CURVE ( 'NONE', #5692, #7844, #7995, .T. ) ;
#10135 = ORIENTED_EDGE ( 'NONE', *, *, #1678, .F. ) ;
#10136 = CARTESIAN_POINT ( 'NONE',  ( 24.83898065759093399, 24.23748636972842618, 22.75207651710627843 ) ) ;
#10137 = DIRECTION ( 'NONE',  ( 1.000000000000000000, 0.000000000000000000, 0.000000000000000000 ) ) ;
#10138 = CARTESIAN_POINT ( 'NONE',  ( 14.85349142309807391, -1.524148547166637835, 22.99999800000000505 ) ) ;
#10139 = EDGE_CURVE ( 'NONE', #2622, #7989, #6512, .T. ) ;
#10140 = ADVANCED_FACE ( 'NONE', ( #1478 ), #6832, .F. ) ;
#10141 = AXIS2_PLACEMENT_3D ( 'NONE', #4599, #5495, #6391 ) ;
#10142 = LINE ( 'NONE', #3724, #2046 ) ;
#10143 = FACE_OUTER_BOUND ( 'NONE', #3551, .T. ) ;
#10144 = VERTEX_POINT ( 'NONE', #8094 ) ;
#10145 = CARTESIAN_POINT ( 'NONE',  ( 32.33349227759007505, -14.01615056132663995, 19.20359732000000008 ) ) ;
#10146 = VERTEX_POINT ( 'NONE', #3 ) ;
#10147 = EDGE_CURVE ( 'NONE', #4482, #5422, #2317, .T. ) ;
#10148 = ORIENTED_EDGE ( 'NONE', *, *, #3174, .F. ) ;
#10149 = DIRECTION ( 'NONE',  ( 0.000000000000000000, 0.000000000000000000, -1.000000000000000000 ) ) ;
#10150 = ORIENTED_EDGE ( 'NONE', *, *, #9708, .T. ) ;
#10151 = FACE_OUTER_BOUND ( 'NONE', #5160, .T. ) ;
#10152 = CARTESIAN_POINT ( 'NONE',  ( 23.52106251920852387, -27.23521922991099586, 22.99999799999999439 ) ) ;
#10153 = ORIENTED_EDGE ( 'NONE', *, *, #3606, .T. ) ;
#10154 = EDGE_CURVE ( 'NONE', #5105, #4570, #10356, .T. ) ;
#10155 = CARTESIAN_POINT ( 'NONE',  ( -24.69849011171107378, -1.512152455818657204, -40.80041777998818020 ) ) ;
#10156 = CARTESIAN_POINT ( 'NONE',  ( 7.630438470952363161, 5.206785556416654082, 8.998998000000000275 ) ) ;
#10157 = AXIS2_PLACEMENT_3D ( 'NONE', #2383, #3074, #6949 ) ;
#10158 = EDGE_CURVE ( 'NONE', #530, #4786, #2306, .T. ) ;
#10159 = CARTESIAN_POINT ( 'NONE',  ( -8.474240171948585143, 20.69198501640590848, -53.75549613553909722 ) ) ;
#10160 = VERTEX_POINT ( 'NONE', #10305 ) ;
#10161 = DIRECTION ( 'NONE',  ( -0.000000000000000000, -0.000000000000000000, -1.000000000000000000 ) ) ;
#10162 = CARTESIAN_POINT ( 'NONE',  ( 36.19477099867147274, -12.51215245581865609, 22.99999800000001215 ) ) ;
#10163 = VERTEX_POINT ( 'NONE', #8777 ) ;
#10164 = CARTESIAN_POINT ( 'NONE',  ( 23.89538623668918760, -27.16007033655354874, 22.97034208487306017 ) ) ;
#10165 = CARTESIAN_POINT ( 'NONE',  ( -20.89227580077033508, -24.56215207581315951, -32.80041777998817309 ) ) ;
#10166 = CARTESIAN_POINT ( 'NONE',  ( -2.421854577246280282, 14.61242085193753226, -54.19923385880982636 ) ) ;
#10167 = FACE_OUTER_BOUND ( 'NONE', #635, .T. ) ;
#10168 = ORIENTED_EDGE ( 'NONE', *, *, #8559, .F. ) ;
#10169 = CARTESIAN_POINT ( 'NONE',  ( 40.20749282690608339, -8.733150561326638694, 18.40359731999999937 ) ) ;
#10170 = EDGE_CURVE ( 'NONE', #1311, #8457, #8731, .T. ) ;
#10171 = CYLINDRICAL_SURFACE ( 'NONE', #8944, 0.7499999999999972244 ) ;
#10172 = ORIENTED_EDGE ( 'NONE', *, *, #6179, .F. ) ;
#10173 = AXIS2_PLACEMENT_3D ( 'NONE', #10308, #10360, #7949 ) ;
#10174 = DIRECTION ( 'NONE',  ( 0.000000000000000000, 0.000000000000000000, 1.000000000000000000 ) ) ;
#10175 = CARTESIAN_POINT ( 'NONE',  ( 24.69849011171107023, 7.006785556416298633, 31.63375372154084175 ) ) ;
#10176 = CARTESIAN_POINT ( 'NONE',  ( -8.450071126991801407, 20.38756547252692286, -51.49170800111218682 ) ) ;
#10177 = DIRECTION ( 'NONE',  ( 1.000000000000000000, 0.000000000000000000, 0.000000000000000000 ) ) ;
#10178 = DIRECTION ( 'NONE',  ( 0.000000000000000000, 0.000000000000000000, 1.000000000000000000 ) ) ;
#10179 = ORIENTED_EDGE ( 'NONE', *, *, #3363, .T. ) ;
#10180 = AXIS2_PLACEMENT_3D ( 'NONE', #4854, #7975, #8072 ) ;
#10181 = LINE ( 'NONE', #8610, #8104 ) ;
#10182 = AXIS2_PLACEMENT_3D ( 'NONE', #10300, #5508, #6975 ) ;
#10183 = CIRCLE ( 'NONE', #1463, 0.6499999967711291848 ) ;
#10184 = CARTESIAN_POINT ( 'NONE',  ( -8.094441073816639687, 20.14804803631090735, -54.22535934814502667 ) ) ;
#10185 = SURFACE_STYLE_FILL_AREA ( #617 ) ;
#10186 = CIRCLE ( 'NONE', #8172, 2.999999999999999112 ) ;
#10187 = EDGE_LOOP ( 'NONE', ( #2177, #8101, #6521, #3399 ) ) ;
#10188 = CARTESIAN_POINT ( 'NONE',  ( 24.69849011171107378, -1.512152455818657204, 3.496201133462653043 ) ) ;
#10189 = DIRECTION ( 'NONE',  ( -1.000000000000000000, 0.000000000000000000, 0.000000000000000000 ) ) ;
#10190 = CIRCLE ( 'NONE', #2465, 25.89999999999999147 ) ;
#10191 = VERTEX_POINT ( 'NONE', #5513 ) ;
#10192 = DIRECTION ( 'NONE',  ( 1.761289572153559884E-05, -0.9999999998448929617, 0.000000000000000000 ) ) ;
#10193 = AXIS2_PLACEMENT_3D ( 'NONE', #10188, #9407, #621 ) ;
#10194 = DIRECTION ( 'NONE',  ( -0.000000000000000000, -0.000000000000000000, -1.000000000000000000 ) ) ;
#10195 = DIRECTION ( 'NONE',  ( 1.000000000000000000, 0.000000000000000000, 0.000000000000000000 ) ) ;
#10196 = CIRCLE ( 'NONE', #6333, 1.000000000000000888 ) ;
#10197 = DIRECTION ( 'NONE',  ( -1.000000000000000000, 8.673617379884013384E-15, 0.000000000000000000 ) ) ;
#10198 = CARTESIAN_POINT ( 'NONE',  ( 42.34477099867147132, -12.51215245581865609, 22.99999800000001215 ) ) ;
#10199 = AXIS2_PLACEMENT_3D ( 'NONE', #2012, #10051, #4467 ) ;
#10200 = ORIENTED_EDGE ( 'NONE', *, *, #5862, .F. ) ;
#10201 = DIRECTION ( 'NONE',  ( 0.7027442638224247196, 0.7114425483935286065, -0.000000000000000000 ) ) ;
#10202 = ORIENTED_EDGE ( 'NONE', *, *, #8225, .F. ) ;
#10203 = EDGE_CURVE ( 'NONE', #4208, #5554, #8883, .T. ) ;
#10204 = VERTEX_POINT ( 'NONE', #7295 ) ;
#10205 = DIRECTION ( 'NONE',  ( 0.000000000000000000, 0.000000000000000000, -1.000000000000000000 ) ) ;
#10206 = ORIENTED_EDGE ( 'NONE', *, *, #6875, .F. ) ;
#10207 = DIRECTION ( 'NONE',  ( 0.7114425483935349348, -0.7027442638224183913, 0.000000000000000000 ) ) ;
#10208 = AXIS2_PLACEMENT_3D ( 'NONE', #9608, #1527, #8668 ) ;
#10209 = FACE_OUTER_BOUND ( 'NONE', #2641, .T. ) ;
#10210 = ORIENTED_EDGE ( 'NONE', *, *, #3978, .T. ) ;
#10211 = CARTESIAN_POINT ( 'NONE',  ( 47.46530680277118108, -3.529058565625797783, 8.999997999999999720 ) ) ;
#10212 = AXIS2_PLACEMENT_3D ( 'NONE', #5502, #6239, #4865 ) ;
#10213 = AXIS2_PLACEMENT_3D ( 'NONE', #5342, #1357, #4545 ) ;
#10214 = CARTESIAN_POINT ( 'NONE',  ( 23.52106251920852387, -27.23521922991099586, 22.99999799999999439 ) ) ;
#10215 = FACE_OUTER_BOUND ( 'NONE', #3934, .T. ) ;
#10216 = EDGE_CURVE ( 'NONE', #4096, #241, #5766, .T. ) ;
#10217 = ORIENTED_EDGE ( 'NONE', *, *, #2485, .F. ) ;
#10219 = ADVANCED_FACE ( 'NONE', ( #5667 ), #1686, .F. ) ;
#10218 = DIRECTION ( 'NONE',  ( -1.000000000000000000, 0.000000000000000000, 0.000000000000000000 ) ) ;
#10220 = LINE ( 'NONE', #7007, #3946 ) ;
#10221 = VERTEX_POINT ( 'NONE', #46 ) ;
#10222 = CARTESIAN_POINT ( 'NONE',  ( 23.81716951448300534, -27.15820948763893838, 22.99603838658271471 ) ) ;
#10223 = CIRCLE ( 'NONE', #823, 0.6000000000000033085 ) ;
#10224 = CARTESIAN_POINT ( 'NONE',  ( 42.34477099867147132, -12.51215245581865609, 21.99999800000000150 ) ) ;
#10225 = VECTOR ( 'NONE', #9161, 1000.000000000000000 ) ;
#10226 = DIRECTION ( 'NONE',  ( 1.577021341797097560E-16, 1.000000000000000000, 0.000000000000000000 ) ) ;
#10227 = CARTESIAN_POINT ( 'NONE',  ( 16.43349142309807576, -1.524148547166637835, 22.99999800000000505 ) ) ;
#10228 = VERTEX_POINT ( 'NONE', #888 ) ;
#10229 = CARTESIAN_POINT ( 'NONE',  ( -8.701379295569404704, 19.30734716115111382, -51.59041577998819861 ) ) ;
#10230 = DIRECTION ( 'NONE',  ( -0.7027442638224213889, 0.7114425483935320482, 0.000000000000000000 ) ) ;
#10231 = EDGE_CURVE ( 'NONE', #9942, #226, #4876, .T. ) ;
#10232 = VECTOR ( 'NONE', #4259, 1000.000000000000114 ) ;
#10233 = AXIS2_PLACEMENT_3D ( 'NONE', #10122, #2195, #556 ) ;
#10234 = VERTEX_POINT ( 'NONE', #3308 ) ;
#10235 = EDGE_CURVE ( 'NONE', #8233, #3782, #4477, .T. ) ;
#10236 = EDGE_CURVE ( 'NONE', #5848, #6505, #3306, .T. ) ;
#10237 = CARTESIAN_POINT ( 'NONE',  ( 9.792699462065142413, 20.12757669561894147, 21.96359842000000029 ) ) ;
#10238 = DIRECTION ( 'NONE',  ( 0.000000000000000000, 0.000000000000000000, -1.000000000000000000 ) ) ;
#10239 = DIRECTION ( 'NONE',  ( 0.000000000000000000, 0.000000000000000000, -1.000000000000000000 ) ) ;
#10240 = DIRECTION ( 'NONE',  ( -0.7071067811865230368, 8.659560562354633338E-17, 0.7071067811865721087 ) ) ;
#10241 = CARTESIAN_POINT ( 'NONE',  ( 32.49477099867146279, -1.512152455818657204, 23.19999800000000079 ) ) ;
#10242 = VERTEX_POINT ( 'NONE', #733 ) ;
#10243 = AXIS2_PLACEMENT_3D ( 'NONE', #7220, #861, #8957 ) ;
#10244 = AXIS2_PLACEMENT_3D ( 'NONE', #7578, #8206, #9936 ) ;
#10245 = EDGE_LOOP ( 'NONE', ( #1700, #6765, #6259, #9930 ) ) ;
#10246 = CARTESIAN_POINT ( 'NONE',  ( 33.49477099867146990, -12.51215245581865609, 22.99999800000001215 ) ) ;
#10247 = LINE ( 'NONE', #5553, #8288 ) ;
#10248 = VERTEX_POINT ( 'NONE', #3941 ) ;
#10249 = CARTESIAN_POINT ( 'NONE',  ( 24.43165796346884022, 24.23655425502129290, 22.76111134849213613 ) ) ;
#10250 = CARTESIAN_POINT ( 'NONE',  ( 36.19477099867147274, 9.487847544181342130, 21.99999800000000150 ) ) ;
#10251 = PLANE ( 'NONE',  #4848 ) ;
#10252 = CARTESIAN_POINT ( 'NONE',  ( 45.79477099867147416, -1.512152455818663865, 21.99999800000000150 ) ) ;
#10253 = DIRECTION ( 'NONE',  ( 0.7027442638224199456, -0.7114425483935333805, 0.000000000000000000 ) ) ;
#10254 = EDGE_LOOP ( 'NONE', ( #3220, #2857, #9263, #8523 ) ) ;
#10255 = CARTESIAN_POINT ( 'NONE',  ( -5.695875079598645030, -19.11074961415304685, -40.80041777998818020 ) ) ;
#10256 = ORIENTED_EDGE ( 'NONE', *, *, #850, .F. ) ;
#10257 = EDGE_LOOP ( 'NONE', ( #9572, #1859, #1119, #1417, #10268, #9232, #7846, #4391 ) ) ;
#10258 = CARTESIAN_POINT ( 'NONE',  ( -27.44849011171219999, -24.56215207581349347, -40.80041777998818020 ) ) ;
#10259 = ORIENTED_EDGE ( 'NONE', *, *, #13, .F. ) ;
#10260 = CARTESIAN_POINT ( 'NONE',  ( 24.79095158438343560, -27.16882665919803586, 22.84175824638246155 ) ) ;
#10261 = CARTESIAN_POINT ( 'NONE',  ( 36.98149282690607720, -1.512152455818657204, 18.40359731999999937 ) ) ;
#10262 = VERTEX_POINT ( 'NONE', #3991 ) ;
#10263 = EDGE_CURVE ( 'NONE', #7263, #9670, #5022, .T. ) ;
#10264 = CYLINDRICAL_SURFACE ( 'NONE', #9931, 24.09999999999935838 ) ;
#10265 = VECTOR ( 'NONE', #1911, 999.9999999999998863 ) ;
#10266 = CARTESIAN_POINT ( 'NONE',  ( 41.39477099867147558, -1.512152455818657204, 23.19999800000000079 ) ) ;
#10267 = DIRECTION ( 'NONE',  ( -1.000000000000000000, -1.355252715607184747E-16, 0.000000000000000000 ) ) ;
#10268 = ORIENTED_EDGE ( 'NONE', *, *, #1862, .F. ) ;
#10269 = PLANE ( 'NONE',  #7185 ) ;
#10270 = PLANE ( 'NONE',  #5966 ) ;
#10271 = ORIENTED_EDGE ( 'NONE', *, *, #1601, .T. ) ;
#10272 = EDGE_CURVE ( 'NONE', #4162, #5430, #3979, .T. ) ;
#10273 = FACE_OUTER_BOUND ( 'NONE', #8952, .T. ) ;
#10274 = VECTOR ( 'NONE', #5528, 1000.000000000000000 ) ;
#10275 = CARTESIAN_POINT ( 'NONE',  ( 8.630438470952455532, -8.063214443583346380, 22.99999800000001215 ) ) ;
#10276 = DIRECTION ( 'NONE',  ( -0.000000000000000000, -0.000000000000000000, -1.000000000000000000 ) ) ;
#10277 = EDGE_LOOP ( 'NONE', ( #9758, #3558, #8467, #5465 ) ) ;
#10278 = PLANE ( 'NONE',  #9188 ) ;
#10279 = CARTESIAN_POINT ( 'NONE',  ( -8.701379295569404704, 19.30734716115111382, -53.65041577998819378 ) ) ;
#10280 = EDGE_CURVE ( 'NONE', #2162, #985, #9724, .T. ) ;
#10281 = VECTOR ( 'NONE', #412, 1000.000000000000000 ) ;
#10282 = EDGE_LOOP ( 'NONE', ( #9918, #1084, #9793, #3471 ) ) ;
#10283 = CARTESIAN_POINT ( 'NONE',  ( 14.85349142309807391, -1.524148547166637835, 23.19999800000000079 ) ) ;
#10284 = CARTESIAN_POINT ( 'NONE',  ( 7.030438470952720564, 0.08678555641701307666, 31.63375372154084175 ) ) ;
#10285 = EDGE_CURVE ( 'NONE', #5222, #7422, #5996, .T. ) ;
#10286 = CARTESIAN_POINT ( 'NONE',  ( 44.29477099867147416, -1.512152455818657204, 21.99999800000000150 ) ) ;
#10287 = CARTESIAN_POINT ( 'NONE',  ( -10.23419968109232059, 19.97259334995504076, -138.7821617105083760 ) ) ;
#10288 = DIRECTION ( 'NONE',  ( 0.000000000000000000, 0.000000000000000000, 1.000000000000000000 ) ) ;
#10289 = VERTEX_POINT ( 'NONE', #254 ) ;
#10290 = VECTOR ( 'NONE', #812, 1000.000000000000000 ) ;
#10291 = EDGE_CURVE ( 'NONE', #208, #2623, #2519, .T. ) ;
#10292 = CIRCLE ( 'NONE', #5587, 1.000000000000000000 ) ;
#10293 = ORIENTED_EDGE ( 'NONE', *, *, #407, .F. ) ;
#10294 = LINE ( 'NONE', #7885, #4978 ) ;
#10295 = DIRECTION ( 'NONE',  ( 1.000000000000000000, 0.000000000000000000, 0.000000000000000000 ) ) ;
#10296 = ADVANCED_FACE ( 'NONE', ( #8356 ), #8695, .T. ) ;
#10297 = EDGE_CURVE ( 'NONE', #10248, #9588, #4150, .T. ) ;
#10298 = ORIENTED_EDGE ( 'NONE', *, *, #9532, .T. ) ;
#10299 = CARTESIAN_POINT ( 'NONE',  ( 23.99381105635870171, 24.13782585857426710, 22.94126221087910267 ) ) ;
#10300 = CARTESIAN_POINT ( 'NONE',  ( 28.09477099867147487, -1.512152455818657204, 21.99999800000000150 ) ) ;
#10301 = AXIS2_PLACEMENT_3D ( 'NONE', #9819, #4036, #1681 ) ;
#10302 = DIRECTION ( 'NONE',  ( 1.000000000000000000, 0.000000000000000000, 0.000000000000000000 ) ) ;
#10303 = EDGE_CURVE ( 'NONE', #6973, #10160, #9927, .T. ) ;
#10304 = DIRECTION ( 'NONE',  ( 0.000000000000000000, 0.000000000000000000, 1.000000000000000000 ) ) ;
#10305 = CARTESIAN_POINT ( 'NONE',  ( 7.030438470952728558, -0.9132144435829868678, 21.40359731999999937 ) ) ;
#10306 = MECHANICAL_DESIGN_GEOMETRIC_PRESENTATION_REPRESENTATION (  '', ( #1070 ), #4567 ) ;
#10307 = ORIENTED_EDGE ( 'NONE', *, *, #9058, .T. ) ;
#10308 = CARTESIAN_POINT ( 'NONE',  ( 40.08049337622307462, 7.319848523146356811, 19.20359732000000008 ) ) ;
#10309 = ORIENTED_EDGE ( 'NONE', *, *, #2007, .T. ) ;
#10310 = ORIENTED_EDGE ( 'NONE', *, *, #9991, .F. ) ;
#10311 = DIRECTION ( 'NONE',  ( -1.000000000000000000, 0.000000000000000000, 0.000000000000000000 ) ) ;
#10312 = VERTEX_POINT ( 'NONE', #2731 ) ;
#10313 = CARTESIAN_POINT ( 'NONE',  ( 26.05949410864507598, -4.623571175818640633, 19.20359732000000008 ) ) ;
#10314 = CARTESIAN_POINT ( 'NONE',  ( -7.996718836251314855, 20.33609545702046262, -50.79042146218493059 ) ) ;
#10315 = VERTEX_POINT ( 'NONE', #363 ) ;
#10316 = VECTOR ( 'NONE', #9714, 1000.000000000000114 ) ;
#10317 = FACE_OUTER_BOUND ( 'NONE', #9125, .T. ) ;
#10318 = ADVANCED_FACE ( 'NONE', ( #5827 ), #3315, .F. ) ;
#10319 = DIRECTION ( 'NONE',  ( 1.000000000000000000, 0.000000000000000000, 0.000000000000000000 ) ) ;
#10320 = AXIS2_PLACEMENT_3D ( 'NONE', #922, #6439, #9645 ) ;
#10321 = DIRECTION ( 'NONE',  ( 1.462890879734001004E-19, 0.000000000000000000, -1.000000000000000000 ) ) ;
#10322 = ORIENTED_EDGE ( 'NONE', *, *, #8145, .F. ) ;
#10323 = DIRECTION ( 'NONE',  ( 0.000000000000000000, 1.000000000000000000, 0.000000000000000000 ) ) ;
#10324 = LINE ( 'NONE', #9583, #7815 ) ;
#10325 = VERTEX_POINT ( 'NONE', #2570 ) ;
#10326 = CYLINDRICAL_SURFACE ( 'NONE', #3020, 0.6000000000000089706 ) ;
#10327 = CARTESIAN_POINT ( 'NONE',  ( -24.69849011171107378, -1.512152455818657204, -32.80041777998818020 ) ) ;
#10328 = FACE_OUTER_BOUND ( 'NONE', #3850, .T. ) ;
#10329 = ORIENTED_EDGE ( 'NONE', *, *, #343, .T. ) ;
#10330 = DIRECTION ( 'NONE',  ( -0.000000000000000000, -0.000000000000000000, -1.000000000000000000 ) ) ;
#10331 = DIRECTION ( 'NONE',  ( 0.000000000000000000, 0.000000000000000000, 1.000000000000000000 ) ) ;
#10332 = EDGE_LOOP ( 'NONE', ( #5088, #2573, #2638, #435 ) ) ;
#10333 = CARTESIAN_POINT ( 'NONE',  ( 18.87849142309807604, -1.524148547166637835, 23.19999800000000079 ) ) ;
#10334 = CARTESIAN_POINT ( 'NONE',  ( 34.99477099867146990, -12.51215245581865609, 21.99999800000000150 ) ) ;
#10335 = DIRECTION ( 'NONE',  ( -1.761694111969794543E-05, -0.9999999998448216854, 0.000000000000000000 ) ) ;
#10336 = EDGE_CURVE ( 'NONE', #6411, #4306, #4144, .T. ) ;
#10337 = DIRECTION ( 'NONE',  ( -1.000000000000000000, 0.000000000000000000, 0.000000000000000000 ) ) ;
#10338 = DIRECTION ( 'NONE',  ( 0.000000000000000000, 0.000000000000000000, 1.000000000000000000 ) ) ;
#10339 = VERTEX_POINT ( 'NONE', #1886 ) ;
#10340 = EDGE_CURVE ( 'NONE', #3021, #7413, #2540, .T. ) ;
#10341 = SHAPE_DEFINITION_REPRESENTATION ( #6077, #7709 ) ;
#10342 = AXIS2_PLACEMENT_3D ( 'NONE', #687, #634, #2217 ) ;
#10343 = CIRCLE ( 'NONE', #9166, 0.6500000000000057954 ) ;
#10344 = ORIENTED_EDGE ( 'NONE', *, *, #9167, .T. ) ;
#10345 = DIRECTION ( 'NONE',  ( -0.7071067811865414665, 0.000000000000000000, -0.7071067811865536790 ) ) ;
#10346 = DIRECTION ( 'NONE',  ( 1.000000000000000000, 0.000000000000000000, 0.000000000000000000 ) ) ;
#10347 = EDGE_CURVE ( 'NONE', #2338, #6004, #204, .T. ) ;
#10348 = ORIENTED_EDGE ( 'NONE', *, *, #7328, .T. ) ;
#10349 = CARTESIAN_POINT ( 'NONE',  ( 25.59544207696187712, 24.13351198109113582, 23.00140366378902002 ) ) ;
#10350 = DIRECTION ( 'NONE',  ( 1.000000000000000000, 0.000000000000000000, 0.000000000000000000 ) ) ;
#10351 = DIRECTION ( 'NONE',  ( 1.000000000000000000, 0.000000000000000000, 0.000000000000000000 ) ) ;
#10352 = CIRCLE ( 'NONE', #453, 2.999999999999999112 ) ;
#10353 = ORIENTED_EDGE ( 'NONE', *, *, #5892, .F. ) ;
#10354 = AXIS2_PLACEMENT_3D ( 'NONE', #4314, #1171, #9206 ) ;
#10355 = CARTESIAN_POINT ( 'NONE',  ( 45.79477099867147416, -12.51215245581865609, 21.99999800000000150 ) ) ;
#10356 = LINE ( 'NONE', #5458, #7174 ) ;
#10357 = VECTOR ( 'NONE', #3905, 1000.000000000000000 ) ;
#10358 = VECTOR ( 'NONE', #3208, 1000.000000000000000 ) ;
#10359 = EDGE_LOOP ( 'NONE', ( #4128, #2900, #9227, #2860 ) ) ;
#10360 = DIRECTION ( 'NONE',  ( 0.000000000000000000, 0.000000000000000000, -1.000000000000000000 ) ) ;
#10361 = ORIENTED_EDGE ( 'NONE', *, *, #10340, .F. ) ;
#10362 = EDGE_CURVE ( 'NONE', #9872, #833, #4358, .T. ) ;
#10363 = ORIENTED_EDGE ( 'NONE', *, *, #3932, .T. ) ;
#10364 = ADVANCED_FACE ( 'NONE', ( #7570 ), #5719, .T. ) ;
#10365 = VERTEX_POINT ( 'NONE', #8933 ) ;
#10366 = PLANE ( 'NONE',  #2689 ) ;
#10367 = ORIENTED_EDGE ( 'NONE', *, *, #3082, .T. ) ;
#10368 = CIRCLE ( 'NONE', #2643, 25.89999999999999147 ) ;
#10369 = AXIS2_PLACEMENT_3D ( 'NONE', #5761, #2559, #2510 ) ;
#10370 = DIRECTION ( 'NONE',  ( 0.000000000000000000, 0.000000000000000000, -1.000000000000000000 ) ) ;
#10371 = CARTESIAN_POINT ( 'NONE',  ( -23.17849011171107421, -24.56215207581864135, -32.80041777998817309 ) ) ;
#10372 = EDGE_CURVE ( 'NONE', #6273, #1196, #5087, .T. ) ;
#10373 = FACE_OUTER_BOUND ( 'NONE', #470, .T. ) ;
#10374 = ORIENTED_EDGE ( 'NONE', *, *, #3666, .T. ) ;
#10375 = DIRECTION ( 'NONE',  ( -1.000000000000000000, 0.000000000000000000, 0.000000000000000000 ) ) ;
#10376 = PLANE ( 'NONE',  #1430 ) ;
#10377 = ORIENTED_EDGE ( 'NONE', *, *, #5273, .F. ) ;
#10378 = LINE ( 'NONE', #5688, #5695 ) ;
#10379 = DIRECTION ( 'NONE',  ( 0.000000000000000000, 0.000000000000000000, 1.000000000000000000 ) ) ;
#10380 = DIRECTION ( 'NONE',  ( 0.000000000000000000, 0.000000000000000000, 1.000000000000000000 ) ) ;
#10381 = VERTEX_POINT ( 'NONE', #4981 ) ;
#10382 = CARTESIAN_POINT ( 'NONE',  ( 20.02849441382007711, -4.967150744431637399, 21.40359731999999937 ) ) ;
#10383 = CIRCLE ( 'NONE', #8372, 1.000000000000000888 ) ;
#10384 = CARTESIAN_POINT ( 'NONE',  ( -8.399679074061923600, 14.78665858183135562, -49.28569915422676218 ) ) ;
#10385 = DIRECTION ( 'NONE',  ( -0.000000000000000000, -0.000000000000000000, 1.000000000000000000 ) ) ;
#10386 = CIRCLE ( 'NONE', #6188, 1.000000000000000888 ) ;
#10387 = DIRECTION ( 'NONE',  ( -0.000000000000000000, 0.000000000000000000, 1.000000000000000000 ) ) ;
#10388 = CARTESIAN_POINT ( 'NONE',  ( 35.98149227759006408, -15.01615056132663817, 19.20359732000000008 ) ) ;
#10389 = CARTESIAN_POINT ( 'NONE',  ( -8.475274838053046267, 20.69274087729470324, -51.49803779258359526 ) ) ;
#10390 = CARTESIAN_POINT ( 'NONE',  ( 19.87849142309807604, -1.524148547166637835, 18.57517019525380420 ) ) ;
#10391 = DIRECTION ( 'NONE',  ( 0.000000000000000000, 0.000000000000000000, -1.000000000000000000 ) ) ;
#10392 = ORIENTED_EDGE ( 'NONE', *, *, #6373, .T. ) ;
#10393 = EDGE_CURVE ( 'NONE', #9712, #6058, #6665, .T. ) ;
#10394 = CIRCLE ( 'NONE', #6523, 1.520000000000000462 ) ;
#10395 = EDGE_CURVE ( 'NONE', #9163, #3706, #1099, .T. ) ;
#10396 = APPLICATION_PROTOCOL_DEFINITION ( 'draft international standard', 'automotive_design', 1998, #7209 ) ;
#10397 = EDGE_LOOP ( 'NONE', ( #4521, #7777, #10363, #7896 ) ) ;
#10398 = LINE ( 'NONE', #5656, #6837 ) ;
#10399 = CYLINDRICAL_SURFACE ( 'NONE', #1735, 1.000000000000000000 ) ;
#10400 = VECTOR ( 'NONE', #3331, 1000.000000000000000 ) ;
#10401 = VERTEX_POINT ( 'NONE', #7515 ) ;
#10402 = CARTESIAN_POINT ( 'NONE',  ( 25.66198723834516215, 24.21982050248763585, 22.91900037447373961 ) ) ;
#10403 = CARTESIAN_POINT ( 'NONE',  ( 24.69849011171107378, -3.967150744431636955, 18.40359731999999937 ) ) ;
#10404 = NEXT_ASSEMBLY_USAGE_OCCURRENCE ( 'NAUO1', ' ', ' ', #2492, #886, $ ) ;
#10405 = NEXT_ASSEMBLY_USAGE_OCCURRENCE ( 'NAUO2', ' ', ' ', #2492, #629, $ ) ;
ENDSEC;
END-ISO-10303-21;
