ISO-10303-21;
HEADER;
/* Generated by software containing ST-Developer
 * from STEP Tools, Inc. (www.steptools.com) 
 */
/* OPTION: using custom schema-name function */

FILE_DESCRIPTION(
/* description */ (''),
/* implementation_level */ '2;1');

FILE_NAME(
/* name */ '\X2\524D76D6\X0\.stp',
/* time_stamp */ '2026-07-23T21:18:30+08:00',
/* author */ (''),
/* organization */ (''),
/* preprocessor_version */ 'ST-DEVELOPER v16',
/* originating_system */ 'SIEMENS PLM Software NX 10.0',
/* authorisation */ '');

FILE_SCHEMA (('AUTOMOTIVE_DESIGN { 1 0 10303 214 3 1 1 1 }'));
ENDSEC;

DATA;
#10=SHAPE_REPRESENTATION_RELATIONSHIP('None',
'relationship between \X2\524D76D6\X0\-None and \X2\524D76D6\X0\-None',
#22,#11);
#11=ADVANCED_BREP_SHAPE_REPRESENTATION('\X2\524D76D6\X0\-None',(#32),#2020);
#12=SHAPE_DEFINITION_REPRESENTATION(#13,#22);
#13=PRODUCT_DEFINITION_SHAPE('','',#14);
#14=PRODUCT_DEFINITION(' ','',#16,#15);
#15=PRODUCT_DEFINITION_CONTEXT('part definition',#21,'design');
#16=PRODUCT_DEFINITION_FORMATION_WITH_SPECIFIED_SOURCE(' ',' ',#18,
 .NOT_KNOWN.);
#17=PRODUCT_RELATED_PRODUCT_CATEGORY('part','',(#18));
#18=PRODUCT('\X2\524D76D6\X0\','\X2\524D76D6\X0\',' ',(#19));
#19=PRODUCT_CONTEXT(' ',#21,'mechanical');
#20=APPLICATION_PROTOCOL_DEFINITION('international standard',
'automotive_design',2010,#21);
#21=APPLICATION_CONTEXT(
'core data for automotive mechanical design processes');
#22=SHAPE_REPRESENTATION('\X2\524D76D6\X0\-None',(#485),#2020);
#23=PRESENTATION_LAYER_ASSIGNMENT('1','Layer 1',(#32));
#24=STYLED_ITEM('',(#25),#32);
#25=PRESENTATION_STYLE_ASSIGNMENT((#26));
#26=SURFACE_STYLE_USAGE(.BOTH.,#27);
#27=SURFACE_SIDE_STYLE('',(#28));
#28=SURFACE_STYLE_FILL_AREA(#29);
#29=FILL_AREA_STYLE('',(#30));
#30=FILL_AREA_STYLE_COLOUR('',#31);
#31=COLOUR_RGB('Orange',1.,0.6,0.);
#32=MANIFOLD_SOLID_BREP('',#33);
#33=CLOSED_SHELL('',(#83,#84,#85,#86,#87,#88,#89,#90,#91,#92,#93,#94,#95,
#96,#97,#98,#99,#100,#101,#102,#103,#104,#105,#106,#107,#108,#109,#110,
#111,#112,#113,#114,#115,#116,#117,#118,#119,#120));
#34=B_SPLINE_SURFACE_WITH_KNOTS('',1,3,((#1367,#1368,#1369,#1370,#1371,
#1372,#1373,#1374,#1375,#1376,#1377,#1378,#1379,#1380,#1381,#1382,#1383,
#1384,#1385,#1386,#1387,#1388,#1389,#1390,#1391,#1392,#1393,#1394,#1395,
#1396,#1397,#1398,#1399,#1400,#1401,#1402,#1403,#1404,#1405,#1406,#1407,
#1408,#1409,#1410,#1411,#1412,#1413,#1414,#1415,#1416,#1417,#1418,#1419,
#1420,#1421,#1422,#1423,#1424,#1425,#1426,#1427,#1428,#1429,#1430,#1431,
#1432,#1433,#1434,#1435,#1436,#1437,#1438,#1439,#1440,#1441,#1442,#1443,
#1444,#1445,#1446,#1447,#1448,#1449,#1450,#1451,#1452,#1453,#1454,#1455,
#1456,#1457,#1458,#1459,#1460,#1461,#1462,#1463,#1464,#1465,#1466,#1467,
#1468,#1469,#1470,#1471,#1472,#1473,#1474,#1475,#1476,#1477,#1478,#1479,
#1480,#1481,#1482,#1483,#1484,#1485,#1486,#1487,#1488,#1489,#1490,#1491,
#1492,#1493,#1494,#1495,#1496,#1497,#1498,#1499,#1500,#1501,#1502,#1503,
#1504,#1505,#1506,#1507,#1508,#1509,#1510,#1511,#1512,#1513,#1514,#1515,
#1516,#1517,#1518,#1519,#1520,#1521,#1522,#1523,#1524,#1525,#1526,#1527,
#1528),(#1529,#1530,#1531,#1532,#1533,#1534,#1535,#1536,#1537,#1538,#1539,
#1540,#1541,#1542,#1543,#1544,#1545,#1546,#1547,#1548,#1549,#1550,#1551,
#1552,#1553,#1554,#1555,#1556,#1557,#1558,#1559,#1560,#1561,#1562,#1563,
#1564,#1565,#1566,#1567,#1568,#1569,#1570,#1571,#1572,#1573,#1574,#1575,
#1576,#1577,#1578,#1579,#1580,#1581,#1582,#1583,#1584,#1585,#1586,#1587,
#1588,#1589,#1590,#1591,#1592,#1593,#1594,#1595,#1596,#1597,#1598,#1599,
#1600,#1601,#1602,#1603,#1604,#1605,#1606,#1607,#1608,#1609,#1610,#1611,
#1612,#1613,#1614,#1615,#1616,#1617,#1618,#1619,#1620,#1621,#1622,#1623,
#1624,#1625,#1626,#1627,#1628,#1629,#1630,#1631,#1632,#1633,#1634,#1635,
#1636,#1637,#1638,#1639,#1640,#1641,#1642,#1643,#1644,#1645,#1646,#1647,
#1648,#1649,#1650,#1651,#1652,#1653,#1654,#1655,#1656,#1657,#1658,#1659,
#1660,#1661,#1662,#1663,#1664,#1665,#1666,#1667,#1668,#1669,#1670,#1671,
#1672,#1673,#1674,#1675,#1676,#1677,#1678,#1679,#1680,#1681,#1682,#1683,
#1684,#1685,#1686,#1687,#1688,#1689,#1690)),.UNSPECIFIED.,.F.,.F.,.F.,(2,
2),(4,1,1,1,1,1,1,1,1,1,1,1,1,1,1,1,1,1,1,1,1,1,1,1,1,1,1,1,1,1,1,1,1,1,
1,1,1,1,1,1,1,1,1,1,1,1,1,1,1,1,1,1,1,1,1,1,1,1,1,1,1,1,1,1,1,1,1,1,1,1,
1,1,1,1,1,1,1,1,1,1,1,1,1,1,1,1,1,1,1,1,1,1,1,1,1,1,1,1,1,1,1,1,1,1,1,1,
1,1,1,1,1,1,1,1,1,1,1,1,1,1,1,1,1,1,1,1,1,1,1,1,1,1,1,1,1,1,1,1,1,1,1,1,
1,1,1,1,1,1,1,1,1,1,1,1,1,1,1,1,1,4),(0.,1.),(0.,0.00629701714820298,0.012594034296406,
0.0188910514446089,0.0251880685928119,0.0314850857410149,0.0377821028892179,
0.0440791200374208,0.0503761371856238,0.0566731543338268,0.0629701714820298,
0.0692671886302327,0.0755642057784357,0.0818612229266387,0.0881582400748417,
0.0944552572230446,0.100752274371248,0.107049291519451,0.113346308667654,
0.119643325815857,0.12594034296406,0.132237360112263,0.138534377260465,
0.144831394408668,0.151128411556871,0.157425428705074,0.163722445853277,
0.17001946300148,0.176316480149683,0.182613497297886,0.188910514446089,
0.195207531594292,0.201504548742495,0.207801565890698,0.214098583038901,
0.220395600187104,0.226692617335307,0.23298963448351,0.239286651631713,
0.245583668779916,0.251880685928119,0.258177703076322,0.264474720224525,
0.270771737372728,0.277068754520931,0.283365771669134,0.289662788817337,
0.29595980596554,0.302256823113743,0.308553840261946,0.314850857410149,
0.321147874558352,0.327444891706555,0.333741908854758,0.340038926002961,
0.346335943151164,0.352632960299367,0.35892997744757,0.365226994595773,
0.371524011743976,0.377821028892179,0.384118046040382,0.390415063188585,
0.396712080336788,0.40300909748499,0.409306114633193,0.415603131781396,
0.421900148929599,0.428197166077802,0.434494183226005,0.440791200374208,
0.447088217522411,0.453385234670614,0.459682251818817,0.46597926896702,
0.472276286115223,0.478573303263426,0.484870320411629,0.491167337559832,
0.497464354708035,0.503761371856238,0.510058389004441,0.516355406152644,
0.522652423300847,0.52894944044905,0.535246457597253,0.541543474745456,
0.547840491893659,0.554137509041862,0.560434526190065,0.566731543338268,
0.573028560486471,0.579325577634674,0.585622594782877,0.59191961193108,
0.598216629079283,0.604513646227486,0.610810663375689,0.617107680523892,
0.623404697672095,0.629701714820298,0.635998731968501,0.642295749116704,
0.648592766264907,0.65488978341311,0.661186800561313,0.667483817709515,
0.673780834857718,0.680077852005921,0.686374869154124,0.692671886302327,
0.69896890345053,0.705265920598733,0.711562937746936,0.717859954895139,
0.724156972043342,0.730453989191545,0.736751006339748,0.743048023487951,
0.749345040636154,0.755642057784357,0.76193907493256,0.768236092080763,
0.774533109228966,0.780830126377169,0.787127143525372,0.793424160673575,
0.799721177821778,0.806018194969981,0.812315212118184,0.818612229266387,
0.82490924641459,0.831206263562793,0.837503280710996,0.843800297859199,
0.850097315007402,0.856394332155605,0.862691349303808,0.868988366452011,
0.875285383600214,0.881582400748417,0.88787941789662,0.894176435044823,
0.900473452193026,0.906770469341229,0.913067486489432,0.919364503637635,
0.925661520785838,0.93195853793404,0.938255555082243,0.944552572230446,
0.950849589378649,0.957146606526852,0.963443623675055,0.969740640823258,
0.976037657971461,0.982334675119664,0.988631692267867,0.99492870941607,
1.),.UNSPECIFIED.);
#35=B_SPLINE_SURFACE_WITH_KNOTS('',1,3,((#1693,#1694,#1695,#1696,#1697,
#1698,#1699,#1700,#1701,#1702,#1703,#1704,#1705,#1706,#1707,#1708,#1709,
#1710,#1711,#1712,#1713,#1714,#1715,#1716,#1717,#1718,#1719,#1720,#1721,
#1722,#1723,#1724,#1725,#1726,#1727,#1728,#1729,#1730,#1731,#1732,#1733,
#1734,#1735,#1736,#1737,#1738,#1739,#1740,#1741,#1742,#1743,#1744,#1745,
#1746,#1747,#1748,#1749,#1750,#1751,#1752,#1753,#1754,#1755,#1756,#1757,
#1758,#1759,#1760,#1761,#1762,#1763,#1764,#1765,#1766,#1767,#1768,#1769,
#1770,#1771,#1772,#1773,#1774,#1775,#1776,#1777,#1778,#1779,#1780,#1781,
#1782,#1783,#1784,#1785,#1786,#1787,#1788,#1789,#1790,#1791,#1792,#1793,
#1794,#1795,#1796,#1797,#1798,#1799,#1800,#1801,#1802,#1803,#1804,#1805,
#1806,#1807,#1808,#1809,#1810,#1811,#1812,#1813,#1814,#1815,#1816,#1817,
#1818,#1819,#1820,#1821,#1822,#1823,#1824,#1825,#1826,#1827,#1828,#1829,
#1830,#1831,#1832,#1833,#1834,#1835,#1836,#1837,#1838,#1839,#1840,#1841,
#1842,#1843,#1844,#1845,#1846,#1847,#1848,#1849,#1850,#1851,#1852,#1853,
#1854),(#1855,#1856,#1857,#1858,#1859,#1860,#1861,#1862,#1863,#1864,#1865,
#1866,#1867,#1868,#1869,#1870,#1871,#1872,#1873,#1874,#1875,#1876,#1877,
#1878,#1879,#1880,#1881,#1882,#1883,#1884,#1885,#1886,#1887,#1888,#1889,
#1890,#1891,#1892,#1893,#1894,#1895,#1896,#1897,#1898,#1899,#1900,#1901,
#1902,#1903,#1904,#1905,#1906,#1907,#1908,#1909,#1910,#1911,#1912,#1913,
#1914,#1915,#1916,#1917,#1918,#1919,#1920,#1921,#1922,#1923,#1924,#1925,
#1926,#1927,#1928,#1929,#1930,#1931,#1932,#1933,#1934,#1935,#1936,#1937,
#1938,#1939,#1940,#1941,#1942,#1943,#1944,#1945,#1946,#1947,#1948,#1949,
#1950,#1951,#1952,#1953,#1954,#1955,#1956,#1957,#1958,#1959,#1960,#1961,
#1962,#1963,#1964,#1965,#1966,#1967,#1968,#1969,#1970,#1971,#1972,#1973,
#1974,#1975,#1976,#1977,#1978,#1979,#1980,#1981,#1982,#1983,#1984,#1985,
#1986,#1987,#1988,#1989,#1990,#1991,#1992,#1993,#1994,#1995,#1996,#1997,
#1998,#1999,#2000,#2001,#2002,#2003,#2004,#2005,#2006,#2007,#2008,#2009,
#2010,#2011,#2012,#2013,#2014,#2015,#2016)),.UNSPECIFIED.,.F.,.F.,.F.,(2,
2),(4,1,1,1,1,1,1,1,1,1,1,1,1,1,1,1,1,1,1,1,1,1,1,1,1,1,1,1,1,1,1,1,1,1,
1,1,1,1,1,1,1,1,1,1,1,1,1,1,1,1,1,1,1,1,1,1,1,1,1,1,1,1,1,1,1,1,1,1,1,1,
1,1,1,1,1,1,1,1,1,1,1,1,1,1,1,1,1,1,1,1,1,1,1,1,1,1,1,1,1,1,1,1,1,1,1,1,
1,1,1,1,1,1,1,1,1,1,1,1,1,1,1,1,1,1,1,1,1,1,1,1,1,1,1,1,1,1,1,1,1,1,1,1,
1,1,1,1,1,1,1,1,1,1,1,1,1,1,1,1,1,4),(0.,1.),(0.,0.00629701714820298,0.012594034296406,
0.0188910514446089,0.0251880685928119,0.0314850857410149,0.0377821028892179,
0.0440791200374208,0.0503761371856238,0.0566731543338268,0.0629701714820298,
0.0692671886302327,0.0755642057784357,0.0818612229266387,0.0881582400748417,
0.0944552572230446,0.100752274371248,0.107049291519451,0.113346308667654,
0.119643325815857,0.12594034296406,0.132237360112263,0.138534377260465,
0.144831394408668,0.151128411556871,0.157425428705074,0.163722445853277,
0.17001946300148,0.176316480149683,0.182613497297886,0.188910514446089,
0.195207531594292,0.201504548742495,0.207801565890698,0.214098583038901,
0.220395600187104,0.226692617335307,0.23298963448351,0.239286651631713,
0.245583668779916,0.251880685928119,0.258177703076322,0.264474720224525,
0.270771737372728,0.277068754520931,0.283365771669134,0.289662788817337,
0.29595980596554,0.302256823113743,0.308553840261946,0.314850857410149,
0.321147874558352,0.327444891706555,0.333741908854758,0.340038926002961,
0.346335943151164,0.352632960299367,0.35892997744757,0.365226994595773,
0.371524011743976,0.377821028892179,0.384118046040382,0.390415063188585,
0.396712080336788,0.40300909748499,0.409306114633193,0.415603131781396,
0.421900148929599,0.428197166077802,0.434494183226005,0.440791200374208,
0.447088217522411,0.453385234670614,0.459682251818817,0.46597926896702,
0.472276286115223,0.478573303263426,0.484870320411629,0.491167337559832,
0.497464354708035,0.503761371856238,0.510058389004441,0.516355406152644,
0.522652423300847,0.52894944044905,0.535246457597253,0.541543474745456,
0.547840491893659,0.554137509041862,0.560434526190065,0.566731543338268,
0.573028560486471,0.579325577634674,0.585622594782877,0.59191961193108,
0.598216629079283,0.604513646227486,0.610810663375689,0.617107680523892,
0.623404697672095,0.629701714820298,0.635998731968501,0.642295749116704,
0.648592766264907,0.65488978341311,0.661186800561313,0.667483817709515,
0.673780834857718,0.680077852005921,0.686374869154124,0.692671886302327,
0.69896890345053,0.705265920598733,0.711562937746936,0.717859954895139,
0.724156972043342,0.730453989191545,0.736751006339748,0.743048023487951,
0.749345040636154,0.755642057784357,0.76193907493256,0.768236092080763,
0.774533109228966,0.780830126377169,0.787127143525372,0.793424160673575,
0.799721177821778,0.806018194969981,0.812315212118184,0.818612229266387,
0.82490924641459,0.831206263562793,0.837503280710996,0.843800297859199,
0.850097315007402,0.856394332155605,0.862691349303808,0.868988366452011,
0.875285383600214,0.881582400748417,0.88787941789662,0.894176435044823,
0.900473452193026,0.906770469341229,0.913067486489432,0.919364503637635,
0.925661520785838,0.93195853793404,0.938255555082243,0.944552572230446,
0.950849589378649,0.957146606526852,0.963443623675055,0.969740640823258,
0.976037657971461,0.982334675119664,0.988631692267867,0.99492870941607,
1.),.UNSPECIFIED.);
#36=CONICAL_SURFACE('',#551,33.4,45.);
#37=CONICAL_SURFACE('',#552,32.4,45.);
#38=FACE_OUTER_BOUND('',#201,.T.);
#39=FACE_OUTER_BOUND('',#246,.T.);
#40=FACE_OUTER_BOUND('',#247,.T.);
#41=FACE_OUTER_BOUND('',#260,.T.);
#42=FACE_OUTER_BOUND('',#261,.T.);
#43=FACE_OUTER_BOUND('',#262,.T.);
#44=FACE_OUTER_BOUND('',#263,.T.);
#45=FACE_OUTER_BOUND('',#264,.T.);
#46=PLANE('',#491);
#47=PLANE('',#496);
#48=PLANE('',#500);
#49=PLANE('',#504);
#50=PLANE('',#509);
#51=PLANE('',#513);
#52=PLANE('',#517);
#53=PLANE('',#521);
#54=PLANE('',#525);
#55=PLANE('',#529);
#56=PLANE('',#533);
#57=PLANE('',#537);
#58=PLANE('',#541);
#59=PLANE('',#543);
#60=PLANE('',#547);
#61=PLANE('',#550);
#62=PLANE('',#554);
#63=PLANE('',#555);
#64=B_SPLINE_CURVE_WITH_KNOTS('',3,(#714,#715,#716,#717,#718,#719,#720,
#721,#722,#723),.UNSPECIFIED.,.F.,.F.,(4,2,2,2,4),(0.,0.25,0.5,0.75,1.),
 .UNSPECIFIED.);
#65=B_SPLINE_CURVE_WITH_KNOTS('',3,(#729,#730,#731,#732,#733,#734,#735,
#736,#737,#738,#739,#740,#741,#742,#743,#744,#745,#746,#747,#748,#749,#750,
#751,#752,#753,#754,#755,#756,#757,#758,#759,#760,#761,#762,#763,#764,#765,
#766,#767,#768,#769,#770,#771,#772,#773,#774,#775,#776,#777,#778,#779,#780,
#781,#782,#783,#784,#785,#786,#787,#788,#789,#790,#791,#792,#793,#794,#795,
#796,#797,#798,#799,#800,#801,#802,#803,#804,#805,#806,#807,#808,#809,#810,
#811,#812,#813,#814,#815,#816,#817,#818,#819,#820,#821,#822,#823,#824,#825,
#826,#827,#828,#829,#830,#831,#832,#833,#834,#835,#836,#837,#838,#839,#840,
#841,#842,#843,#844,#845,#846,#847,#848,#849,#850,#851,#852,#853,#854,#855,
#856,#857,#858),.UNSPECIFIED.,.F.,.F.,(4,2,2,2,2,2,2,2,2,2,2,2,2,2,2,2,
2,2,2,2,2,2,2,2,2,2,2,2,2,2,2,2,2,2,2,2,2,2,2,2,2,2,2,2,2,2,2,2,2,2,2,2,
2,2,2,2,2,2,2,2,2,2,2,2,4),(0.,0.015625,0.03125,0.0468750000000001,0.0625000000000001,
0.0781250000000001,0.0937500000000001,0.109375,0.125,0.140625,0.15625,0.171875,
0.1875,0.203125,0.21875,0.234375,0.25,0.265625,0.28125,0.296875,0.3125,
0.328125,0.34375,0.359375,0.375,0.390625,0.40625,0.421875,0.4375,0.453125,
0.46875,0.484375,0.5,0.515625,0.53125,0.546875,0.5625,0.578125,0.59375,
0.609375,0.625,0.640625,0.65625,0.671875,0.6875,0.703125,0.71875,0.734375,
0.75,0.765625,0.78125,0.796875,0.8125,0.828125,0.84375,0.859375,0.875,0.890625,
0.90625,0.921875,0.9375,0.953125,0.96875,0.984375,1.),.UNSPECIFIED.);
#66=B_SPLINE_CURVE_WITH_KNOTS('',3,(#864,#865,#866,#867,#868,#869,#870,
#871,#872,#873,#874,#875,#876,#877,#878,#879,#880,#881,#882,#883,#884,#885,
#886,#887,#888,#889,#890,#891,#892,#893,#894,#895,#896,#897,#898,#899,#900,
#901,#902,#903,#904,#905,#906,#907,#908,#909,#910,#911,#912,#913,#914,#915,
#916,#917,#918,#919,#920,#921,#922,#923,#924,#925,#926,#927,#928,#929,#930,
#931,#932,#933,#934,#935,#936,#937,#938,#939,#940,#941,#942,#943,#944,#945,
#946,#947,#948,#949,#950,#951,#952,#953,#954,#955,#956,#957,#958,#959,#960,
#961,#962,#963,#964,#965,#966,#967,#968,#969,#970,#971,#972,#973,#974,#975,
#976,#977,#978,#979,#980,#981,#982,#983,#984,#985,#986,#987,#988,#989,#990,
#991,#992,#993),.UNSPECIFIED.,.F.,.F.,(4,2,2,2,2,2,2,2,2,2,2,2,2,2,2,2,
2,2,2,2,2,2,2,2,2,2,2,2,2,2,2,2,2,2,2,2,2,2,2,2,2,2,2,2,2,2,2,2,2,2,2,2,
2,2,2,2,2,2,2,2,2,2,2,2,4),(0.,0.015625,0.03125,0.046875,0.0625,0.0781249999999999,
0.0937499999999999,0.109375,0.125,0.140625,0.15625,0.171875,0.1875,0.203125,
0.21875,0.234375,0.25,0.265625,0.28125,0.296875,0.3125,0.328125,0.34375,
0.359375,0.375,0.390625,0.40625,0.421875,0.4375,0.453125,0.46875,0.484375,
0.5,0.515625,0.53125,0.546875,0.5625,0.578125,0.59375,0.609375,0.625,0.640625,
0.65625,0.671875,0.6875,0.703125,0.71875,0.734375,0.75,0.765625,0.78125,
0.796875,0.8125,0.828125,0.84375,0.859375,0.875,0.890625,0.90625,0.921875,
0.9375,0.953125,0.96875,0.984375,1.),.UNSPECIFIED.);
#67=B_SPLINE_CURVE_WITH_KNOTS('',3,(#997,#998,#999,#1000,#1001,#1002),
 .UNSPECIFIED.,.F.,.F.,(4,2,4),(0.,0.5,1.),.UNSPECIFIED.);
#68=B_SPLINE_CURVE_WITH_KNOTS('',3,(#1006,#1007,#1008,#1009,#1010,#1011,
#1012,#1013),.UNSPECIFIED.,.F.,.F.,(4,2,2,4),(0.,0.5,0.75,1.),
 .UNSPECIFIED.);
#69=B_SPLINE_CURVE_WITH_KNOTS('',3,(#1102,#1103,#1104,#1105,#1106,#1107,
#1108,#1109,#1110,#1111,#1112,#1113,#1114,#1115,#1116,#1117,#1118,#1119,
#1120,#1121,#1122,#1123,#1124,#1125,#1126,#1127,#1128,#1129,#1130,#1131,
#1132,#1133,#1134,#1135,#1136,#1137,#1138,#1139,#1140,#1141,#1142,#1143,
#1144,#1145,#1146,#1147,#1148,#1149,#1150,#1151,#1152,#1153,#1154,#1155,
#1156,#1157,#1158,#1159,#1160,#1161,#1162,#1163,#1164,#1165,#1166,#1167,
#1168,#1169,#1170,#1171,#1172,#1173,#1174,#1175,#1176,#1177,#1178,#1179,
#1180,#1181,#1182,#1183,#1184,#1185,#1186,#1187,#1188,#1189,#1190,#1191,
#1192,#1193,#1194,#1195,#1196,#1197,#1198,#1199,#1200,#1201,#1202,#1203,
#1204,#1205,#1206,#1207,#1208,#1209,#1210,#1211,#1212,#1213,#1214,#1215,
#1216,#1217,#1218,#1219,#1220,#1221,#1222,#1223,#1224,#1225,#1226,#1227,
#1228,#1229,#1230,#1231),.UNSPECIFIED.,.F.,.F.,(4,2,2,2,2,2,2,2,2,2,2,2,
2,2,2,2,2,2,2,2,2,2,2,2,2,2,2,2,2,2,2,2,2,2,2,2,2,2,2,2,2,2,2,2,2,2,2,2,
2,2,2,2,2,2,2,2,2,2,2,2,2,2,2,2,4),(0.,0.015625,0.03125,0.046875,0.0625,
0.078125,0.09375,0.109375,0.125,0.140625,0.15625,0.171875,0.1875,0.203125,
0.21875,0.234375,0.25,0.265625,0.28125,0.296875,0.3125,0.328125,0.34375,
0.359375,0.375,0.390625,0.40625,0.421875,0.4375,0.453125,0.46875,0.484375,
0.5,0.515625,0.53125,0.546875,0.5625,0.578125,0.59375,0.609375,0.625,0.640625,
0.65625,0.671875,0.6875,0.703125,0.71875,0.734375,0.75,0.765625,0.78125,
0.796875,0.8125,0.828125,0.84375,0.859375,0.875,0.890625,0.90625,0.921875,
0.9375,0.953125,0.96875,0.984375,1.),.UNSPECIFIED.);
#70=B_SPLINE_CURVE_WITH_KNOTS('',3,(#1232,#1233,#1234,#1235,#1236,#1237,
#1238,#1239,#1240,#1241,#1242,#1243,#1244,#1245,#1246,#1247,#1248,#1249,
#1250,#1251,#1252,#1253,#1254,#1255,#1256,#1257,#1258,#1259,#1260,#1261,
#1262,#1263,#1264,#1265,#1266,#1267,#1268,#1269,#1270,#1271,#1272,#1273,
#1274,#1275,#1276,#1277,#1278,#1279,#1280,#1281,#1282,#1283,#1284,#1285,
#1286,#1287,#1288,#1289,#1290,#1291,#1292,#1293,#1294,#1295,#1296,#1297,
#1298,#1299,#1300,#1301,#1302,#1303,#1304,#1305,#1306,#1307,#1308,#1309,
#1310,#1311,#1312,#1313,#1314,#1315,#1316,#1317,#1318,#1319,#1320,#1321,
#1322,#1323,#1324,#1325,#1326,#1327,#1328,#1329,#1330,#1331,#1332,#1333,
#1334,#1335,#1336,#1337,#1338,#1339,#1340,#1341,#1342,#1343,#1344,#1345,
#1346,#1347,#1348,#1349,#1350,#1351,#1352,#1353,#1354,#1355,#1356,#1357,
#1358,#1359,#1360,#1361,#1362,#1363),.UNSPECIFIED.,.F.,.F.,(4,2,2,2,2,2,
2,2,2,2,2,2,2,2,2,2,2,2,2,2,2,2,2,2,2,2,2,2,2,2,2,2,2,2,2,2,2,2,2,2,2,2,
2,2,2,2,2,2,2,2,2,2,2,2,2,2,2,2,2,2,2,2,2,2,2,4),(0.,0.015625,0.03125,0.046875,
0.0625,0.078125,0.09375,0.109375,0.125,0.140625,0.15625,0.171875,0.1875,
0.203125,0.21875,0.234375,0.25,0.265625,0.28125,0.296875,0.3125,0.328125,
0.34375,0.359375,0.375,0.390625,0.40625,0.421875,0.4375,0.453125,0.46875,
0.484375,0.5,0.515625,0.53125,0.546875,0.5625,0.578125,0.59375,0.609375,
0.6171875,0.625,0.640625,0.65625,0.671875,0.6875,0.703125,0.71875,0.734375,
0.75,0.765625,0.78125,0.796875,0.8125,0.828125,0.84375,0.859375,0.875,0.890625,
0.90625,0.921875,0.9375,0.953125,0.96875,0.984375,1.),.UNSPECIFIED.);
#71=B_SPLINE_CURVE_WITH_KNOTS('',1,(#1365,#1366),.UNSPECIFIED.,.F.,.F.,
(2,2),(0.,1.),.UNSPECIFIED.);
#72=B_SPLINE_CURVE_WITH_KNOTS('',1,(#1691,#1692),.UNSPECIFIED.,.F.,.F.,
(2,2),(0.,1.),.UNSPECIFIED.);
#73=LINE('',#709,#78);
#74=LINE('',#727,#79);
#75=LINE('',#860,#80);
#76=LINE('',#995,#81);
#77=LINE('',#1100,#82);
#78=VECTOR('',#564,1.);
#79=VECTOR('',#571,1.);
#80=VECTOR('',#572,1.);
#81=VECTOR('',#577,1.);
#82=VECTOR('',#696,1.);
#83=ADVANCED_FACE('',(#137,#138),#121,.F.);
#84=ADVANCED_FACE('',(#139,#140),#46,.T.);
#85=ADVANCED_FACE('',(#38),#122,.F.);
#86=ADVANCED_FACE('',(#141,#142),#47,.T.);
#87=ADVANCED_FACE('',(#143,#144),#123,.F.);
#88=ADVANCED_FACE('',(#145,#146),#48,.T.);
#89=ADVANCED_FACE('',(#147,#148),#124,.F.);
#90=ADVANCED_FACE('',(#149,#150),#49,.T.);
#91=ADVANCED_FACE('',(#151,#152),#125,.T.);
#92=ADVANCED_FACE('',(#153,#154),#50,.T.);
#93=ADVANCED_FACE('',(#155,#156),#126,.T.);
#94=ADVANCED_FACE('',(#157,#158),#51,.T.);
#95=ADVANCED_FACE('',(#159,#160),#127,.T.);
#96=ADVANCED_FACE('',(#161,#162),#52,.T.);
#97=ADVANCED_FACE('',(#163,#164),#128,.T.);
#98=ADVANCED_FACE('',(#165,#166),#53,.T.);
#99=ADVANCED_FACE('',(#167,#168),#129,.T.);
#100=ADVANCED_FACE('',(#169,#170),#54,.T.);
#101=ADVANCED_FACE('',(#171,#172),#130,.T.);
#102=ADVANCED_FACE('',(#173,#174),#55,.T.);
#103=ADVANCED_FACE('',(#175,#176),#131,.T.);
#104=ADVANCED_FACE('',(#177,#178),#56,.T.);
#105=ADVANCED_FACE('',(#179,#180),#132,.T.);
#106=ADVANCED_FACE('',(#181,#182),#57,.T.);
#107=ADVANCED_FACE('',(#183,#184),#133,.T.);
#108=ADVANCED_FACE('',(#39),#58,.T.);
#109=ADVANCED_FACE('',(#40),#59,.T.);
#110=ADVANCED_FACE('',(#185,#186),#134,.F.);
#111=ADVANCED_FACE('',(#187,#188),#60,.T.);
#112=ADVANCED_FACE('',(#189,#190),#135,.F.);
#113=ADVANCED_FACE('',(#191,#192),#61,.T.);
#114=ADVANCED_FACE('',(#193,#194),#36,.T.);
#115=ADVANCED_FACE('',(#195,#196),#37,.T.);
#116=ADVANCED_FACE('',(#41),#136,.F.);
#117=ADVANCED_FACE('',(#42),#34,.F.);
#118=ADVANCED_FACE('',(#43),#35,.F.);
#119=ADVANCED_FACE('',(#44),#62,.F.);
#120=ADVANCED_FACE('',(#45),#63,.F.);
#121=CYLINDRICAL_SURFACE('',#488,30.8);
#122=CYLINDRICAL_SURFACE('',#493,30.);
#123=CYLINDRICAL_SURFACE('',#498,30.9);
#124=CYLINDRICAL_SURFACE('',#502,31.5);
#125=CYLINDRICAL_SURFACE('',#507,33.4);
#126=CYLINDRICAL_SURFACE('',#511,33.1);
#127=CYLINDRICAL_SURFACE('',#515,33.4);
#128=CYLINDRICAL_SURFACE('',#519,33.1);
#129=CYLINDRICAL_SURFACE('',#523,33.4);
#130=CYLINDRICAL_SURFACE('',#527,33.1);
#131=CYLINDRICAL_SURFACE('',#531,33.4);
#132=CYLINDRICAL_SURFACE('',#535,33.1);
#133=CYLINDRICAL_SURFACE('',#539,33.4);
#134=CYLINDRICAL_SURFACE('',#545,28.);
#135=CYLINDRICAL_SURFACE('',#549,30.);
#136=CYLINDRICAL_SURFACE('',#553,30.625);
#137=FACE_BOUND('',#197,.T.);
#138=FACE_BOUND('',#198,.T.);
#139=FACE_BOUND('',#199,.T.);
#140=FACE_BOUND('',#200,.T.);
#141=FACE_BOUND('',#202,.T.);
#142=FACE_BOUND('',#203,.T.);
#143=FACE_BOUND('',#204,.T.);
#144=FACE_BOUND('',#205,.T.);
#145=FACE_BOUND('',#206,.T.);
#146=FACE_BOUND('',#207,.T.);
#147=FACE_BOUND('',#208,.T.);
#148=FACE_BOUND('',#209,.T.);
#149=FACE_BOUND('',#210,.T.);
#150=FACE_BOUND('',#211,.T.);
#151=FACE_BOUND('',#212,.T.);
#152=FACE_BOUND('',#213,.T.);
#153=FACE_BOUND('',#214,.T.);
#154=FACE_BOUND('',#215,.T.);
#155=FACE_BOUND('',#216,.T.);
#156=FACE_BOUND('',#217,.T.);
#157=FACE_BOUND('',#218,.T.);
#158=FACE_BOUND('',#219,.T.);
#159=FACE_BOUND('',#220,.T.);
#160=FACE_BOUND('',#221,.T.);
#161=FACE_BOUND('',#222,.T.);
#162=FACE_BOUND('',#223,.T.);
#163=FACE_BOUND('',#224,.T.);
#164=FACE_BOUND('',#225,.T.);
#165=FACE_BOUND('',#226,.T.);
#166=FACE_BOUND('',#227,.T.);
#167=FACE_BOUND('',#228,.T.);
#168=FACE_BOUND('',#229,.T.);
#169=FACE_BOUND('',#230,.T.);
#170=FACE_BOUND('',#231,.T.);
#171=FACE_BOUND('',#232,.T.);
#172=FACE_BOUND('',#233,.T.);
#173=FACE_BOUND('',#234,.T.);
#174=FACE_BOUND('',#235,.T.);
#175=FACE_BOUND('',#236,.T.);
#176=FACE_BOUND('',#237,.T.);
#177=FACE_BOUND('',#238,.T.);
#178=FACE_BOUND('',#239,.T.);
#179=FACE_BOUND('',#240,.T.);
#180=FACE_BOUND('',#241,.T.);
#181=FACE_BOUND('',#242,.T.);
#182=FACE_BOUND('',#243,.T.);
#183=FACE_BOUND('',#244,.T.);
#184=FACE_BOUND('',#245,.T.);
#185=FACE_BOUND('',#248,.T.);
#186=FACE_BOUND('',#249,.T.);
#187=FACE_BOUND('',#250,.T.);
#188=FACE_BOUND('',#251,.T.);
#189=FACE_BOUND('',#252,.T.);
#190=FACE_BOUND('',#253,.T.);
#191=FACE_BOUND('',#254,.T.);
#192=FACE_BOUND('',#255,.T.);
#193=FACE_BOUND('',#256,.T.);
#194=FACE_BOUND('',#257,.T.);
#195=FACE_BOUND('',#258,.T.);
#196=FACE_BOUND('',#259,.T.);
#197=EDGE_LOOP('',(#265));
#198=EDGE_LOOP('',(#266));
#199=EDGE_LOOP('',(#267,#268,#269,#270));
#200=EDGE_LOOP('',(#271));
#201=EDGE_LOOP('',(#272,#273,#274,#275,#276,#277));
#202=EDGE_LOOP('',(#278,#279,#280,#281,#282));
#203=EDGE_LOOP('',(#283));
#204=EDGE_LOOP('',(#284));
#205=EDGE_LOOP('',(#285));
#206=EDGE_LOOP('',(#286));
#207=EDGE_LOOP('',(#287));
#208=EDGE_LOOP('',(#288));
#209=EDGE_LOOP('',(#289));
#210=EDGE_LOOP('',(#290));
#211=EDGE_LOOP('',(#291));
#212=EDGE_LOOP('',(#292));
#213=EDGE_LOOP('',(#293));
#214=EDGE_LOOP('',(#294));
#215=EDGE_LOOP('',(#295));
#216=EDGE_LOOP('',(#296));
#217=EDGE_LOOP('',(#297));
#218=EDGE_LOOP('',(#298));
#219=EDGE_LOOP('',(#299));
#220=EDGE_LOOP('',(#300));
#221=EDGE_LOOP('',(#301));
#222=EDGE_LOOP('',(#302));
#223=EDGE_LOOP('',(#303));
#224=EDGE_LOOP('',(#304));
#225=EDGE_LOOP('',(#305));
#226=EDGE_LOOP('',(#306));
#227=EDGE_LOOP('',(#307));
#228=EDGE_LOOP('',(#308));
#229=EDGE_LOOP('',(#309));
#230=EDGE_LOOP('',(#310));
#231=EDGE_LOOP('',(#311));
#232=EDGE_LOOP('',(#312));
#233=EDGE_LOOP('',(#313));
#234=EDGE_LOOP('',(#314));
#235=EDGE_LOOP('',(#315));
#236=EDGE_LOOP('',(#316));
#237=EDGE_LOOP('',(#317));
#238=EDGE_LOOP('',(#318));
#239=EDGE_LOOP('',(#319));
#240=EDGE_LOOP('',(#320));
#241=EDGE_LOOP('',(#321));
#242=EDGE_LOOP('',(#322));
#243=EDGE_LOOP('',(#323));
#244=EDGE_LOOP('',(#324));
#245=EDGE_LOOP('',(#325));
#246=EDGE_LOOP('',(#326));
#247=EDGE_LOOP('',(#327));
#248=EDGE_LOOP('',(#328));
#249=EDGE_LOOP('',(#329));
#250=EDGE_LOOP('',(#330));
#251=EDGE_LOOP('',(#331));
#252=EDGE_LOOP('',(#332));
#253=EDGE_LOOP('',(#333));
#254=EDGE_LOOP('',(#334));
#255=EDGE_LOOP('',(#335));
#256=EDGE_LOOP('',(#336));
#257=EDGE_LOOP('',(#337));
#258=EDGE_LOOP('',(#338));
#259=EDGE_LOOP('',(#339));
#260=EDGE_LOOP('',(#340,#341,#342,#343,#344));
#261=EDGE_LOOP('',(#345,#346,#347,#348));
#262=EDGE_LOOP('',(#349,#350,#351,#352,#353));
#263=EDGE_LOOP('',(#354,#355,#356,#357));
#264=EDGE_LOOP('',(#358,#359,#360));
#265=ORIENTED_EDGE('',*,*,#403,.T.);
#266=ORIENTED_EDGE('',*,*,#404,.F.);
#267=ORIENTED_EDGE('',*,*,#405,.F.);
#268=ORIENTED_EDGE('',*,*,#406,.F.);
#269=ORIENTED_EDGE('',*,*,#407,.F.);
#270=ORIENTED_EDGE('',*,*,#408,.T.);
#271=ORIENTED_EDGE('',*,*,#403,.F.);
#272=ORIENTED_EDGE('',*,*,#409,.F.);
#273=ORIENTED_EDGE('',*,*,#408,.F.);
#274=ORIENTED_EDGE('',*,*,#410,.F.);
#275=ORIENTED_EDGE('',*,*,#411,.F.);
#276=ORIENTED_EDGE('',*,*,#412,.T.);
#277=ORIENTED_EDGE('',*,*,#413,.F.);
#278=ORIENTED_EDGE('',*,*,#414,.F.);
#279=ORIENTED_EDGE('',*,*,#415,.F.);
#280=ORIENTED_EDGE('',*,*,#416,.F.);
#281=ORIENTED_EDGE('',*,*,#417,.F.);
#282=ORIENTED_EDGE('',*,*,#412,.F.);
#283=ORIENTED_EDGE('',*,*,#418,.T.);
#284=ORIENTED_EDGE('',*,*,#419,.T.);
#285=ORIENTED_EDGE('',*,*,#418,.F.);
#286=ORIENTED_EDGE('',*,*,#420,.T.);
#287=ORIENTED_EDGE('',*,*,#419,.F.);
#288=ORIENTED_EDGE('',*,*,#421,.T.);
#289=ORIENTED_EDGE('',*,*,#420,.F.);
#290=ORIENTED_EDGE('',*,*,#422,.T.);
#291=ORIENTED_EDGE('',*,*,#421,.F.);
#292=ORIENTED_EDGE('',*,*,#423,.T.);
#293=ORIENTED_EDGE('',*,*,#424,.T.);
#294=ORIENTED_EDGE('',*,*,#425,.T.);
#295=ORIENTED_EDGE('',*,*,#424,.F.);
#296=ORIENTED_EDGE('',*,*,#426,.T.);
#297=ORIENTED_EDGE('',*,*,#425,.F.);
#298=ORIENTED_EDGE('',*,*,#427,.T.);
#299=ORIENTED_EDGE('',*,*,#426,.F.);
#300=ORIENTED_EDGE('',*,*,#428,.T.);
#301=ORIENTED_EDGE('',*,*,#427,.F.);
#302=ORIENTED_EDGE('',*,*,#429,.T.);
#303=ORIENTED_EDGE('',*,*,#428,.F.);
#304=ORIENTED_EDGE('',*,*,#430,.T.);
#305=ORIENTED_EDGE('',*,*,#429,.F.);
#306=ORIENTED_EDGE('',*,*,#431,.T.);
#307=ORIENTED_EDGE('',*,*,#430,.F.);
#308=ORIENTED_EDGE('',*,*,#432,.T.);
#309=ORIENTED_EDGE('',*,*,#431,.F.);
#310=ORIENTED_EDGE('',*,*,#433,.T.);
#311=ORIENTED_EDGE('',*,*,#432,.F.);
#312=ORIENTED_EDGE('',*,*,#434,.T.);
#313=ORIENTED_EDGE('',*,*,#433,.F.);
#314=ORIENTED_EDGE('',*,*,#435,.T.);
#315=ORIENTED_EDGE('',*,*,#434,.F.);
#316=ORIENTED_EDGE('',*,*,#436,.T.);
#317=ORIENTED_EDGE('',*,*,#435,.F.);
#318=ORIENTED_EDGE('',*,*,#437,.T.);
#319=ORIENTED_EDGE('',*,*,#436,.F.);
#320=ORIENTED_EDGE('',*,*,#438,.T.);
#321=ORIENTED_EDGE('',*,*,#437,.F.);
#322=ORIENTED_EDGE('',*,*,#439,.T.);
#323=ORIENTED_EDGE('',*,*,#438,.F.);
#324=ORIENTED_EDGE('',*,*,#440,.T.);
#325=ORIENTED_EDGE('',*,*,#439,.F.);
#326=ORIENTED_EDGE('',*,*,#441,.T.);
#327=ORIENTED_EDGE('',*,*,#442,.T.);
#328=ORIENTED_EDGE('',*,*,#443,.T.);
#329=ORIENTED_EDGE('',*,*,#442,.F.);
#330=ORIENTED_EDGE('',*,*,#444,.T.);
#331=ORIENTED_EDGE('',*,*,#443,.F.);
#332=ORIENTED_EDGE('',*,*,#445,.T.);
#333=ORIENTED_EDGE('',*,*,#444,.F.);
#334=ORIENTED_EDGE('',*,*,#404,.T.);
#335=ORIENTED_EDGE('',*,*,#445,.F.);
#336=ORIENTED_EDGE('',*,*,#441,.F.);
#337=ORIENTED_EDGE('',*,*,#440,.F.);
#338=ORIENTED_EDGE('',*,*,#423,.F.);
#339=ORIENTED_EDGE('',*,*,#422,.F.);
#340=ORIENTED_EDGE('',*,*,#406,.T.);
#341=ORIENTED_EDGE('',*,*,#446,.F.);
#342=ORIENTED_EDGE('',*,*,#447,.F.);
#343=ORIENTED_EDGE('',*,*,#416,.T.);
#344=ORIENTED_EDGE('',*,*,#448,.F.);
#345=ORIENTED_EDGE('',*,*,#413,.T.);
#346=ORIENTED_EDGE('',*,*,#417,.T.);
#347=ORIENTED_EDGE('',*,*,#447,.T.);
#348=ORIENTED_EDGE('',*,*,#449,.T.);
#349=ORIENTED_EDGE('',*,*,#410,.T.);
#350=ORIENTED_EDGE('',*,*,#407,.T.);
#351=ORIENTED_EDGE('',*,*,#448,.T.);
#352=ORIENTED_EDGE('',*,*,#415,.T.);
#353=ORIENTED_EDGE('',*,*,#450,.T.);
#354=ORIENTED_EDGE('',*,*,#409,.T.);
#355=ORIENTED_EDGE('',*,*,#449,.F.);
#356=ORIENTED_EDGE('',*,*,#446,.T.);
#357=ORIENTED_EDGE('',*,*,#405,.T.);
#358=ORIENTED_EDGE('',*,*,#411,.T.);
#359=ORIENTED_EDGE('',*,*,#450,.F.);
#360=ORIENTED_EDGE('',*,*,#414,.T.);
#361=VERTEX_POINT('',#705);
#362=VERTEX_POINT('',#707);
#363=VERTEX_POINT('',#710);
#364=VERTEX_POINT('',#711);
#365=VERTEX_POINT('',#713);
#366=VERTEX_POINT('',#724);
#367=VERTEX_POINT('',#728);
#368=VERTEX_POINT('',#859);
#369=VERTEX_POINT('',#861);
#370=VERTEX_POINT('',#863);
#371=VERTEX_POINT('',#996);
#372=VERTEX_POINT('',#1003);
#373=VERTEX_POINT('',#1005);
#374=VERTEX_POINT('',#1015);
#375=VERTEX_POINT('',#1018);
#376=VERTEX_POINT('',#1021);
#377=VERTEX_POINT('',#1024);
#378=VERTEX_POINT('',#1027);
#379=VERTEX_POINT('',#1030);
#380=VERTEX_POINT('',#1032);
#381=VERTEX_POINT('',#1035);
#382=VERTEX_POINT('',#1038);
#383=VERTEX_POINT('',#1041);
#384=VERTEX_POINT('',#1044);
#385=VERTEX_POINT('',#1047);
#386=VERTEX_POINT('',#1050);
#387=VERTEX_POINT('',#1053);
#388=VERTEX_POINT('',#1056);
#389=VERTEX_POINT('',#1059);
#390=VERTEX_POINT('',#1062);
#391=VERTEX_POINT('',#1065);
#392=VERTEX_POINT('',#1068);
#393=VERTEX_POINT('',#1071);
#394=VERTEX_POINT('',#1074);
#395=VERTEX_POINT('',#1077);
#396=VERTEX_POINT('',#1080);
#397=VERTEX_POINT('',#1083);
#398=VERTEX_POINT('',#1086);
#399=VERTEX_POINT('',#1089);
#400=VERTEX_POINT('',#1092);
#401=VERTEX_POINT('',#1095);
#402=VERTEX_POINT('',#1101);
#403=EDGE_CURVE('',#361,#361,#451,.T.);
#404=EDGE_CURVE('',#362,#362,#452,.T.);
#405=EDGE_CURVE('',#363,#364,#73,.T.);
#406=EDGE_CURVE('',#365,#363,#453,.T.);
#407=EDGE_CURVE('',#366,#365,#64,.T.);
#408=EDGE_CURVE('',#366,#364,#454,.T.);
#409=EDGE_CURVE('',#364,#367,#74,.T.);
#410=EDGE_CURVE('',#368,#366,#65,.T.);
#411=EDGE_CURVE('',#369,#368,#75,.T.);
#412=EDGE_CURVE('',#369,#370,#455,.T.);
#413=EDGE_CURVE('',#367,#370,#66,.T.);
#414=EDGE_CURVE('',#371,#369,#76,.T.);
#415=EDGE_CURVE('',#372,#371,#67,.T.);
#416=EDGE_CURVE('',#373,#372,#456,.T.);
#417=EDGE_CURVE('',#370,#373,#68,.T.);
#418=EDGE_CURVE('',#374,#374,#457,.T.);
#419=EDGE_CURVE('',#375,#375,#458,.T.);
#420=EDGE_CURVE('',#376,#376,#459,.T.);
#421=EDGE_CURVE('',#377,#377,#460,.T.);
#422=EDGE_CURVE('',#378,#378,#461,.T.);
#423=EDGE_CURVE('',#379,#379,#462,.T.);
#424=EDGE_CURVE('',#380,#380,#463,.T.);
#425=EDGE_CURVE('',#381,#381,#464,.T.);
#426=EDGE_CURVE('',#382,#382,#465,.T.);
#427=EDGE_CURVE('',#383,#383,#466,.T.);
#428=EDGE_CURVE('',#384,#384,#467,.T.);
#429=EDGE_CURVE('',#385,#385,#468,.T.);
#430=EDGE_CURVE('',#386,#386,#469,.T.);
#431=EDGE_CURVE('',#387,#387,#470,.T.);
#432=EDGE_CURVE('',#388,#388,#471,.T.);
#433=EDGE_CURVE('',#389,#389,#472,.T.);
#434=EDGE_CURVE('',#390,#390,#473,.T.);
#435=EDGE_CURVE('',#391,#391,#474,.T.);
#436=EDGE_CURVE('',#392,#392,#475,.T.);
#437=EDGE_CURVE('',#393,#393,#476,.T.);
#438=EDGE_CURVE('',#394,#394,#477,.T.);
#439=EDGE_CURVE('',#395,#395,#478,.T.);
#440=EDGE_CURVE('',#396,#396,#479,.T.);
#441=EDGE_CURVE('',#397,#397,#480,.T.);
#442=EDGE_CURVE('',#398,#398,#481,.T.);
#443=EDGE_CURVE('',#399,#399,#482,.T.);
#444=EDGE_CURVE('',#400,#400,#483,.T.);
#445=EDGE_CURVE('',#401,#401,#484,.T.);
#446=EDGE_CURVE('',#402,#363,#77,.T.);
#447=EDGE_CURVE('',#373,#402,#69,.T.);
#448=EDGE_CURVE('',#365,#372,#70,.T.);
#449=EDGE_CURVE('',#402,#367,#71,.T.);
#450=EDGE_CURVE('',#371,#368,#72,.T.);
#451=CIRCLE('',#486,30.8);
#452=CIRCLE('',#487,30.8);
#453=CIRCLE('',#489,30.625);
#454=CIRCLE('',#490,30.);
#455=CIRCLE('',#492,30.);
#456=CIRCLE('',#494,30.625);
#457=CIRCLE('',#495,30.9);
#458=CIRCLE('',#497,30.9);
#459=CIRCLE('',#499,31.5);
#460=CIRCLE('',#501,31.5);
#461=CIRCLE('',#503,32.4);
#462=CIRCLE('',#505,33.4);
#463=CIRCLE('',#506,33.4);
#464=CIRCLE('',#508,33.1);
#465=CIRCLE('',#510,33.1);
#466=CIRCLE('',#512,33.4);
#467=CIRCLE('',#514,33.4);
#468=CIRCLE('',#516,33.1);
#469=CIRCLE('',#518,33.1);
#470=CIRCLE('',#520,33.4);
#471=CIRCLE('',#522,33.4);
#472=CIRCLE('',#524,33.1);
#473=CIRCLE('',#526,33.1);
#474=CIRCLE('',#528,33.4);
#475=CIRCLE('',#530,33.4);
#476=CIRCLE('',#532,33.1);
#477=CIRCLE('',#534,33.1);
#478=CIRCLE('',#536,33.4);
#479=CIRCLE('',#538,33.4);
#480=CIRCLE('',#540,32.4);
#481=CIRCLE('',#542,28.);
#482=CIRCLE('',#544,28.);
#483=CIRCLE('',#546,30.);
#484=CIRCLE('',#548,30.);
#485=AXIS2_PLACEMENT_3D('',#703,#556,#557);
#486=AXIS2_PLACEMENT_3D('',#704,#558,#559);
#487=AXIS2_PLACEMENT_3D('',#706,#560,#561);
#488=AXIS2_PLACEMENT_3D('',#708,#562,#563);
#489=AXIS2_PLACEMENT_3D('',#712,#565,#566);
#490=AXIS2_PLACEMENT_3D('',#725,#567,#568);
#491=AXIS2_PLACEMENT_3D('',#726,#569,#570);
#492=AXIS2_PLACEMENT_3D('',#862,#573,#574);
#493=AXIS2_PLACEMENT_3D('',#994,#575,#576);
#494=AXIS2_PLACEMENT_3D('',#1004,#578,#579);
#495=AXIS2_PLACEMENT_3D('',#1014,#580,#581);
#496=AXIS2_PLACEMENT_3D('',#1016,#582,#583);
#497=AXIS2_PLACEMENT_3D('',#1017,#584,#585);
#498=AXIS2_PLACEMENT_3D('',#1019,#586,#587);
#499=AXIS2_PLACEMENT_3D('',#1020,#588,#589);
#500=AXIS2_PLACEMENT_3D('',#1022,#590,#591);
#501=AXIS2_PLACEMENT_3D('',#1023,#592,#593);
#502=AXIS2_PLACEMENT_3D('',#1025,#594,#595);
#503=AXIS2_PLACEMENT_3D('',#1026,#596,#597);
#504=AXIS2_PLACEMENT_3D('',#1028,#598,#599);
#505=AXIS2_PLACEMENT_3D('',#1029,#600,#601);
#506=AXIS2_PLACEMENT_3D('',#1031,#602,#603);
#507=AXIS2_PLACEMENT_3D('',#1033,#604,#605);
#508=AXIS2_PLACEMENT_3D('',#1034,#606,#607);
#509=AXIS2_PLACEMENT_3D('',#1036,#608,#609);
#510=AXIS2_PLACEMENT_3D('',#1037,#610,#611);
#511=AXIS2_PLACEMENT_3D('',#1039,#612,#613);
#512=AXIS2_PLACEMENT_3D('',#1040,#614,#615);
#513=AXIS2_PLACEMENT_3D('',#1042,#616,#617);
#514=AXIS2_PLACEMENT_3D('',#1043,#618,#619);
#515=AXIS2_PLACEMENT_3D('',#1045,#620,#621);
#516=AXIS2_PLACEMENT_3D('',#1046,#622,#623);
#517=AXIS2_PLACEMENT_3D('',#1048,#624,#625);
#518=AXIS2_PLACEMENT_3D('',#1049,#626,#627);
#519=AXIS2_PLACEMENT_3D('',#1051,#628,#629);
#520=AXIS2_PLACEMENT_3D('',#1052,#630,#631);
#521=AXIS2_PLACEMENT_3D('',#1054,#632,#633);
#522=AXIS2_PLACEMENT_3D('',#1055,#634,#635);
#523=AXIS2_PLACEMENT_3D('',#1057,#636,#637);
#524=AXIS2_PLACEMENT_3D('',#1058,#638,#639);
#525=AXIS2_PLACEMENT_3D('',#1060,#640,#641);
#526=AXIS2_PLACEMENT_3D('',#1061,#642,#643);
#527=AXIS2_PLACEMENT_3D('',#1063,#644,#645);
#528=AXIS2_PLACEMENT_3D('',#1064,#646,#647);
#529=AXIS2_PLACEMENT_3D('',#1066,#648,#649);
#530=AXIS2_PLACEMENT_3D('',#1067,#650,#651);
#531=AXIS2_PLACEMENT_3D('',#1069,#652,#653);
#532=AXIS2_PLACEMENT_3D('',#1070,#654,#655);
#533=AXIS2_PLACEMENT_3D('',#1072,#656,#657);
#534=AXIS2_PLACEMENT_3D('',#1073,#658,#659);
#535=AXIS2_PLACEMENT_3D('',#1075,#660,#661);
#536=AXIS2_PLACEMENT_3D('',#1076,#662,#663);
#537=AXIS2_PLACEMENT_3D('',#1078,#664,#665);
#538=AXIS2_PLACEMENT_3D('',#1079,#666,#667);
#539=AXIS2_PLACEMENT_3D('',#1081,#668,#669);
#540=AXIS2_PLACEMENT_3D('',#1082,#670,#671);
#541=AXIS2_PLACEMENT_3D('',#1084,#672,#673);
#542=AXIS2_PLACEMENT_3D('',#1085,#674,#675);
#543=AXIS2_PLACEMENT_3D('',#1087,#676,#677);
#544=AXIS2_PLACEMENT_3D('',#1088,#678,#679);
#545=AXIS2_PLACEMENT_3D('',#1090,#680,#681);
#546=AXIS2_PLACEMENT_3D('',#1091,#682,#683);
#547=AXIS2_PLACEMENT_3D('',#1093,#684,#685);
#548=AXIS2_PLACEMENT_3D('',#1094,#686,#687);
#549=AXIS2_PLACEMENT_3D('',#1096,#688,#689);
#550=AXIS2_PLACEMENT_3D('',#1097,#690,#691);
#551=AXIS2_PLACEMENT_3D('',#1098,#692,#693);
#552=AXIS2_PLACEMENT_3D('',#1099,#694,#695);
#553=AXIS2_PLACEMENT_3D('',#1364,#697,#698);
#554=AXIS2_PLACEMENT_3D('',#2017,#699,#700);
#555=AXIS2_PLACEMENT_3D('',#2018,#701,#702);
#556=DIRECTION('',(0.,0.,1.));
#557=DIRECTION('',(1.,0.,0.));
#558=DIRECTION('',(0.,0.,-1.));
#559=DIRECTION('',(-1.,0.,0.));
#560=DIRECTION('',(0.,0.,-1.));
#561=DIRECTION('',(-1.,0.,0.));
#562=DIRECTION('',(0.,0.,-1.));
#563=DIRECTION('',(-1.,0.,0.));
#564=DIRECTION('',(1.,0.,0.));
#565=DIRECTION('',(0.,0.,1.));
#566=DIRECTION('',(1.,0.,0.));
#567=DIRECTION('',(0.,0.,-1.));
#568=DIRECTION('',(-1.,0.,0.));
#569=DIRECTION('',(0.,0.,1.));
#570=DIRECTION('',(1.,0.,0.));
#571=DIRECTION('',(0.,0.,-1.));
#572=DIRECTION('',(0.,0.,1.));
#573=DIRECTION('',(0.,0.,-1.));
#574=DIRECTION('',(-1.,0.,0.));
#575=DIRECTION('',(0.,0.,-1.));
#576=DIRECTION('',(-1.,0.,0.));
#577=DIRECTION('',(0.972614575397676,0.23242393965338,0.));
#578=DIRECTION('',(0.,0.,-1.));
#579=DIRECTION('',(-1.,0.,0.));
#580=DIRECTION('',(0.,0.,-1.));
#581=DIRECTION('',(-1.,0.,0.));
#582=DIRECTION('',(0.,0.,-1.));
#583=DIRECTION('',(-1.,0.,0.));
#584=DIRECTION('',(0.,0.,-1.));
#585=DIRECTION('',(-1.,0.,0.));
#586=DIRECTION('',(0.,0.,-1.));
#587=DIRECTION('',(-1.,0.,0.));
#588=DIRECTION('',(0.,0.,-1.));
#589=DIRECTION('',(-1.,0.,0.));
#590=DIRECTION('',(0.,0.,-1.));
#591=DIRECTION('',(-1.,0.,0.));
#592=DIRECTION('',(0.,0.,-1.));
#593=DIRECTION('',(-1.,0.,0.));
#594=DIRECTION('',(0.,0.,-1.));
#595=DIRECTION('',(-1.,0.,0.));
#596=DIRECTION('',(0.,0.,-1.));
#597=DIRECTION('',(-1.,0.,0.));
#598=DIRECTION('',(0.,0.,-1.));
#599=DIRECTION('',(-1.,0.,0.));
#600=DIRECTION('',(0.,0.,1.));
#601=DIRECTION('',(-1.,0.,0.));
#602=DIRECTION('',(0.,0.,-1.));
#603=DIRECTION('',(-1.,0.,0.));
#604=DIRECTION('',(0.,0.,-1.));
#605=DIRECTION('',(-1.,0.,0.));
#606=DIRECTION('',(0.,0.,-1.));
#607=DIRECTION('',(-1.,0.,0.));
#608=DIRECTION('',(0.,0.,1.));
#609=DIRECTION('',(1.,0.,0.));
#610=DIRECTION('',(0.,0.,-1.));
#611=DIRECTION('',(-1.,0.,0.));
#612=DIRECTION('',(0.,0.,-1.));
#613=DIRECTION('',(-1.,0.,0.));
#614=DIRECTION('',(0.,0.,-1.));
#615=DIRECTION('',(-1.,0.,0.));
#616=DIRECTION('',(0.,0.,-1.));
#617=DIRECTION('',(-1.,0.,0.));
#618=DIRECTION('',(0.,0.,-1.));
#619=DIRECTION('',(-1.,0.,0.));
#620=DIRECTION('',(0.,0.,-1.));
#621=DIRECTION('',(-1.,0.,0.));
#622=DIRECTION('',(0.,0.,-1.));
#623=DIRECTION('',(-1.,0.,0.));
#624=DIRECTION('',(0.,0.,1.));
#625=DIRECTION('',(1.,0.,0.));
#626=DIRECTION('',(0.,0.,-1.));
#627=DIRECTION('',(-1.,0.,0.));
#628=DIRECTION('',(0.,0.,-1.));
#629=DIRECTION('',(-1.,0.,0.));
#630=DIRECTION('',(0.,0.,-1.));
#631=DIRECTION('',(-1.,0.,0.));
#632=DIRECTION('',(0.,0.,-1.));
#633=DIRECTION('',(-1.,0.,0.));
#634=DIRECTION('',(0.,0.,-1.));
#635=DIRECTION('',(-1.,0.,0.));
#636=DIRECTION('',(0.,0.,-1.));
#637=DIRECTION('',(-1.,0.,0.));
#638=DIRECTION('',(0.,0.,-1.));
#639=DIRECTION('',(-1.,0.,0.));
#640=DIRECTION('',(0.,0.,1.));
#641=DIRECTION('',(1.,0.,0.));
#642=DIRECTION('',(0.,0.,-1.));
#643=DIRECTION('',(-1.,0.,0.));
#644=DIRECTION('',(0.,0.,-1.));
#645=DIRECTION('',(-1.,0.,0.));
#646=DIRECTION('',(0.,0.,-1.));
#647=DIRECTION('',(-1.,0.,0.));
#648=DIRECTION('',(0.,0.,-1.));
#649=DIRECTION('',(-1.,0.,0.));
#650=DIRECTION('',(0.,0.,-1.));
#651=DIRECTION('',(-1.,0.,0.));
#652=DIRECTION('',(0.,0.,-1.));
#653=DIRECTION('',(-1.,0.,0.));
#654=DIRECTION('',(0.,0.,-1.));
#655=DIRECTION('',(-1.,0.,0.));
#656=DIRECTION('',(0.,0.,1.));
#657=DIRECTION('',(1.,0.,0.));
#658=DIRECTION('',(0.,0.,-1.));
#659=DIRECTION('',(-1.,0.,0.));
#660=DIRECTION('',(0.,0.,-1.));
#661=DIRECTION('',(-1.,0.,0.));
#662=DIRECTION('',(0.,0.,-1.));
#663=DIRECTION('',(-1.,0.,0.));
#664=DIRECTION('',(0.,0.,-1.));
#665=DIRECTION('',(-1.,0.,0.));
#666=DIRECTION('',(0.,0.,-1.));
#667=DIRECTION('',(1.,0.,0.));
#668=DIRECTION('',(0.,0.,-1.));
#669=DIRECTION('',(-1.,0.,0.));
#670=DIRECTION('',(0.,0.,1.));
#671=DIRECTION('',(1.,0.,0.));
#672=DIRECTION('',(0.,0.,1.));
#673=DIRECTION('',(1.,0.,0.));
#674=DIRECTION('',(0.,0.,-1.));
#675=DIRECTION('',(-1.,0.,0.));
#676=DIRECTION('',(0.,0.,-1.));
#677=DIRECTION('',(-1.,0.,0.));
#678=DIRECTION('',(0.,0.,-1.));
#679=DIRECTION('',(-1.,0.,0.));
#680=DIRECTION('',(0.,0.,-1.));
#681=DIRECTION('',(-1.,0.,0.));
#682=DIRECTION('',(0.,0.,-1.));
#683=DIRECTION('',(-1.,0.,0.));
#684=DIRECTION('',(0.,0.,-1.));
#685=DIRECTION('',(-1.,0.,0.));
#686=DIRECTION('',(0.,0.,-1.));
#687=DIRECTION('',(-1.,0.,0.));
#688=DIRECTION('',(0.,0.,-1.));
#689=DIRECTION('',(-1.,0.,0.));
#690=DIRECTION('',(0.,0.,-1.));
#691=DIRECTION('',(-1.,0.,0.));
#692=DIRECTION('',(0.,0.,-1.));
#693=DIRECTION('',(-1.,0.,4.02877524902684E-17));
#694=DIRECTION('',(0.,0.,1.));
#695=DIRECTION('',(1.,0.,5.25088227666362E-17));
#696=DIRECTION('',(0.,0.,1.));
#697=DIRECTION('',(0.,0.,-1.));
#698=DIRECTION('',(-1.,0.,0.));
#699=DIRECTION('',(0.,-1.,0.));
#700=DIRECTION('',(0.,0.,-1.));
#701=DIRECTION('',(-0.23242393965338,0.972614575397676,0.));
#702=DIRECTION('',(-0.972614575397676,-0.23242393965338,0.));
#703=CARTESIAN_POINT('',(0.,0.,0.));
#704=CARTESIAN_POINT('',(0.,0.,11.5));
#705=CARTESIAN_POINT('',(-30.8,0.,11.5));
#706=CARTESIAN_POINT('',(0.,0.,12.5));
#707=CARTESIAN_POINT('',(-30.8,0.,12.5));
#708=CARTESIAN_POINT('',(0.,0.,0.));
#709=CARTESIAN_POINT('',(0.,0.,11.5));
#710=CARTESIAN_POINT('',(-30.625,0.,11.5));
#711=CARTESIAN_POINT('',(-30.,0.,11.5));
#712=CARTESIAN_POINT('',(0.,0.,11.5));
#713=CARTESIAN_POINT('',(-15.7148142798701,26.285646979848,11.5));
#714=CARTESIAN_POINT('',(24.794346605193,16.8890608507856,11.5));
#715=CARTESIAN_POINT('',(22.6793255591966,20.0877700686574,11.5));
#716=CARTESIAN_POINT('',(19.9846128798457,22.8379474521012,11.5));
#717=CARTESIAN_POINT('',(13.6906273562272,27.2003784768012,11.5));
#718=CARTESIAN_POINT('',(10.1086263253941,28.7755180126769,11.5));
#719=CARTESIAN_POINT('',(2.70945998363702,30.4823165188551,11.5));
#720=CARTESIAN_POINT('',(-1.1913858651454,30.6343429118957,11.5));
#721=CARTESIAN_POINT('',(-8.75670092640801,29.4882538997775,11.5));
#722=CARTESIAN_POINT('',(-12.3995164560004,28.2071538046431,11.5));
#723=CARTESIAN_POINT('',(-15.7148142798701,26.285646979848,11.5));
#724=CARTESIAN_POINT('',(24.794346605193,16.8890608507856,11.5));
#725=CARTESIAN_POINT('',(0.,0.,11.5));
#726=CARTESIAN_POINT('',(0.,30.8,11.5));
#727=CARTESIAN_POINT('',(-30.,0.,0.));
#728=CARTESIAN_POINT('',(-30.,0.,10.8927526954188));
#729=CARTESIAN_POINT('',(-29.1784372619303,-6.97271818960145,4.66321919294544));
#730=CARTESIAN_POINT('',(-28.1336628249783,-11.3447413421986,4.69883277636638));
#731=CARTESIAN_POINT('',(-26.1029325229456,-15.4447616869224,4.73449358754946));
#732=CARTESIAN_POINT('',(-20.4791129154835,-22.3720737540836,4.80545566809089));
#733=CARTESIAN_POINT('',(-16.8457389917679,-25.2251758539016,4.84122704803116));
#734=CARTESIAN_POINT('',(-8.73741080209591,-29.0473074744364,4.91287365136617));
#735=CARTESIAN_POINT('',(-4.2281785974849,-30.0293086655806,4.94864877139388));
#736=CARTESIAN_POINT('',(4.63432069485184,-29.969316723646,5.01907546562025));
#737=CARTESIAN_POINT('',(9.12831608183283,-28.92669406735,5.05504468593115));
#738=CARTESIAN_POINT('',(17.1827520233923,-24.9966561175393,5.12609443406434));
#739=CARTESIAN_POINT('',(20.7692214164632,-22.1069819313647,5.1619008181808));
#740=CARTESIAN_POINT('',(26.3226579853253,-15.0730516136364,5.233368377725));
#741=CARTESIAN_POINT('',(28.2705754012915,-10.999028036911,5.26824912527643));
#742=CARTESIAN_POINT('',(30.2527510596348,-2.23049425030151,5.34006569208934));
#743=CARTESIAN_POINT('',(30.2411766575519,2.35805288594135,5.37569117926911));
#744=CARTESIAN_POINT('',(28.2313911448582,11.0940404304373,5.44673208301009));
#745=CARTESIAN_POINT('',(26.2340194182895,15.2174119511453,5.48246896187696));
#746=CARTESIAN_POINT('',(20.6886041110034,22.1760019225337,5.55316092560357));
#747=CARTESIAN_POINT('',(17.0816959482854,25.0667329463817,5.58899332607948));
#748=CARTESIAN_POINT('',(9.00157689478038,28.9671719448455,5.66067921455346));
#749=CARTESIAN_POINT('',(4.49925597822346,29.9900848471292,5.69642503655842));
#750=CARTESIAN_POINT('',(-4.36604641843521,30.0097672794651,5.76700924424866));
#751=CARTESIAN_POINT('',(-8.8625661759466,29.0090002159063,5.80288178229003));
#752=CARTESIAN_POINT('',(-16.9503441613882,25.1545821980803,5.8738739720652));
#753=CARTESIAN_POINT('',(-20.5622105212803,22.300334258216,5.9097035404154));
#754=CARTESIAN_POINT('',(-26.1845468859653,15.3127043309239,5.98115221001658));
#755=CARTESIAN_POINT('',(-28.1709203715404,11.2460159953046,6.01613057590514));
#756=CARTESIAN_POINT('',(-30.2274808625872,2.52448629393115,6.08774760569499));
#757=CARTESIAN_POINT('',(-30.2630519049623,-2.07631787484896,6.12344926014203));
#758=CARTESIAN_POINT('',(-28.328810303576,-10.8462856916025,6.194671264003));
#759=CARTESIAN_POINT('',(-26.3878911085658,-14.9607658699369,6.23014423248115));
#760=CARTESIAN_POINT('',(-20.8538342004597,-22.0286838397652,6.30139761212832));
#761=CARTESIAN_POINT('',(-17.2604579951172,-24.9363292806192,6.33727417085983));
#762=CARTESIAN_POINT('',(-9.29114786823543,-28.8689885427816,6.40823574117967));
#763=CARTESIAN_POINT('',(-4.84238365342422,-29.9442747659626,6.44362354671497));
#764=CARTESIAN_POINT('',(4.12542533851297,-30.0514415042402,6.51515842899386));
#765=CARTESIAN_POINT('',(8.61247825337496,-29.0859400481031,6.55083672250808));
#766=CARTESIAN_POINT('',(16.7519410057594,-25.2891115440274,6.62199047499077));
#767=CARTESIAN_POINT('',(20.3460616106724,-22.4914750965311,6.65748087496029));
#768=CARTESIAN_POINT('',(26.0018110613139,-15.6119984824137,6.72834180927858));
#769=CARTESIAN_POINT('',(28.0772045268925,-11.4789190914664,6.76414293180428));
#770=CARTESIAN_POINT('',(30.2063335020146,-2.76991225825979,6.83580335623929));
#771=CARTESIAN_POINT('',(30.2693350946187,1.84534649543624,6.87160321060238));
#772=CARTESIAN_POINT('',(28.443060324624,10.5180925137753,6.94197835816429));
#773=CARTESIAN_POINT('',(26.5315296529522,14.7062993458819,6.97788054775629));
#774=CARTESIAN_POINT('',(21.0574187506836,21.8353479874841,7.0491654282431));
#775=CARTESIAN_POINT('',(17.5558432740742,24.7318032759532,7.08447208251966));
#776=CARTESIAN_POINT('',(9.6066194823067,28.7677351987686,7.15558580384261));
#777=CARTESIAN_POINT('',(5.12304339267126,29.8970961829016,7.19133485217895));
#778=CARTESIAN_POINT('',(-3.83747323171654,30.0891298140827,7.26290815882693));
#779=CARTESIAN_POINT('',(-8.33725927767222,29.1660817611328,7.29858681923907));
#780=CARTESIAN_POINT('',(-16.5129044071891,25.4459074430301,7.36975455353889));
#781=CARTESIAN_POINT('',(-20.1084747641485,22.7098010037456,7.40497831193264));
#782=CARTESIAN_POINT('',(-25.8676641959617,15.8413941310441,7.47621678414764));
#783=CARTESIAN_POINT('',(-27.9673962582038,11.7436563122149,7.51188640740246));
#784=CARTESIAN_POINT('',(-30.1785707821896,3.05656385295429,7.58351798997093));
#785=CARTESIAN_POINT('',(-30.2967073011105,-1.48725576624254,7.61870248240041));
#786=CARTESIAN_POINT('',(-28.538026761868,-10.2802447219069,7.69004396920607));
#787=CARTESIAN_POINT('',(-26.6615148671213,-14.4685882677089,7.72577837535207));
#788=CARTESIAN_POINT('',(-21.2546352769627,-21.6429411290033,7.79698290989189));
#789=CARTESIAN_POINT('',(-17.7737645063463,-24.5750926960555,7.83238985768343));
#790=CARTESIAN_POINT('',(-9.86653408393171,-28.6791455750932,7.90338553857845));
#791=CARTESIAN_POINT('',(-5.39254247254751,-29.849802056893,7.93914902329193));
#792=CARTESIAN_POINT('',(3.56772851061577,-30.1224419731943,8.01078464883933));
#793=CARTESIAN_POINT('',(8.07101547790335,-29.2414126842147,8.04640005363683));
#794=CARTESIAN_POINT('',(16.2862041345679,-25.5922070462923,8.11765812368921));
#795=CARTESIAN_POINT('',(19.904041196627,-22.8890280435662,8.15287742629913));
#796=CARTESIAN_POINT('',(25.7236765109213,-16.073920725749,8.22403292157045));
#797=CARTESIAN_POINT('',(27.8608000457495,-11.9940142863746,8.25975479163752));
#798=CARTESIAN_POINT('',(30.1496061230415,-3.32893504238989,8.3313353241293));
#799=CARTESIAN_POINT('',(30.3117058534427,1.18394396827445,8.36623722863714));
#800=CARTESIAN_POINT('',(28.6338690159085,10.0151275701032,8.43789684421041));
#801=CARTESIAN_POINT('',(26.7981622327189,14.2142838670325,8.47352900910024));
#802=CARTESIAN_POINT('',(21.458070231973,21.4415154973573,8.54472619983649));
#803=CARTESIAN_POINT('',(18.0338209677794,24.389667930611,8.57990919568176));
#804=CARTESIAN_POINT('',(10.1206884491798,28.5945146099393,8.65124018615106));
#805=CARTESIAN_POINT('',(5.67492235477769,29.7973288415301,8.68686913411438));
#806=CARTESIAN_POINT('',(-3.28132331787018,30.1549078444395,8.75851571931986));
#807=CARTESIAN_POINT('',(-7.81610665087031,29.3009407146834,8.79431794327083));
#808=CARTESIAN_POINT('',(-15.953621494467,25.7898935855589,8.86465368732292));
#809=CARTESIAN_POINT('',(-19.6857434333882,23.0771246449878,8.90064790400239));
#810=CARTESIAN_POINT('',(-25.5703108021664,16.3169047887796,8.9717453382254));
#811=CARTESIAN_POINT('',(-27.7457723286024,12.2578144251611,9.00750978732825));
#812=CARTESIAN_POINT('',(-30.1167227954576,3.6145407251665,9.07903770206472));
#813=CARTESIAN_POINT('',(-30.3160013744575,-0.976734055439005,9.1145654186754));
#814=CARTESIAN_POINT('',(-28.7120447984876,-9.77918361831904,9.18597311743667));
#815=CARTESIAN_POINT('',(-26.9331189172058,-13.9531067078849,9.22122853998772));
#816=CARTESIAN_POINT('',(-21.6798565622202,-21.2147566766985,9.29223786989146));
#817=CARTESIAN_POINT('',(-18.2306231279137,-24.2452794660659,9.32801830771701));
#818=CARTESIAN_POINT('',(-10.3273427122398,-28.5225382552747,9.39948842853071));
#819=CARTESIAN_POINT('',(-5.87855150819766,-29.7510502336584,9.43522972782939));
#820=CARTESIAN_POINT('',(2.9840785218816,-30.1790926506322,9.5061476817516));
#821=CARTESIAN_POINT('',(7.5101956788214,-29.3882883957957,9.54175852268162));
#822=CARTESIAN_POINT('',(15.7691549182,-25.9115473705152,9.61297967459254));
#823=CARTESIAN_POINT('',(19.5066209646565,-23.2295309613712,9.64882367721554));
#824=CARTESIAN_POINT('',(25.4480119945923,-16.5081209005497,9.71994473746441));
#825=CARTESIAN_POINT('',(27.6191353551541,-12.541136326089,9.75509764330763));
#826=CARTESIAN_POINT('',(30.0788327562413,-3.91925479369928,9.82657905090364));
#827=CARTESIAN_POINT('',(30.3250475022726,0.678982838970663,9.86217724525127));
#828=CARTESIAN_POINT('',(28.8037221170998,9.50868633995258,9.9337530572983));
#829=CARTESIAN_POINT('',(27.0320219011226,13.7601845621958,9.96952073649851));
#830=CARTESIAN_POINT('',(21.8322292431545,21.0576982009623,10.0405317996551));
#831=CARTESIAN_POINT('',(18.4563389340701,24.0722496055987,10.0758234209265));
#832=CARTESIAN_POINT('',(10.6102683414394,28.4171049483611,10.147074055115));
#833=CARTESIAN_POINT('',(6.18764460101012,29.6947837233135,10.1827526089243));
#834=CARTESIAN_POINT('',(-2.75696724147745,30.2070564225016,10.2543338574218));
#835=CARTESIAN_POINT('',(-7.22042758367156,29.4619901074277,10.2893298453673));
#836=CARTESIAN_POINT('',(-15.5266223818842,26.0589223298199,10.3608225225592));
#837=CARTESIAN_POINT('',(-19.2806329356461,23.4175772321947,10.3965376143439));
#838=CARTESIAN_POINT('',(-25.2876833736168,16.7528743629453,10.4676328123323));
#839=CARTESIAN_POINT('',(-27.5122198742687,12.7612053549558,10.5032130021172));
#840=CARTESIAN_POINT('',(-30.0309243079623,4.23251576853498,10.5740383780711));
#841=CARTESIAN_POINT('',(-30.3227685417943,-0.409708971527172,10.6100401440404));
#842=CARTESIAN_POINT('',(-28.9092737110852,-9.15926017635384,10.68087777158));
#843=CARTESIAN_POINT('',(-27.1927278671891,-13.4398832285979,10.7166755838092));
#844=CARTESIAN_POINT('',(-22.0791989886724,-20.7986509676939,10.7877604562618));
#845=CARTESIAN_POINT('',(-18.6803071049486,-23.8899431491002,10.8236045291471));
#846=CARTESIAN_POINT('',(-10.9659558845356,-28.2742120799299,10.8940158300374));
#847=CARTESIAN_POINT('',(-6.55095558779814,-29.6188393791663,10.929848894262));
#848=CARTESIAN_POINT('',(2.41446699458263,-30.2384029739374,11.0015893463826));
#849=CARTESIAN_POINT('',(6.95002837454779,-29.5259155585651,11.0370811803916));
#850=CARTESIAN_POINT('',(15.2751785373469,-26.2059440705866,11.1085842211754));
#851=CARTESIAN_POINT('',(19.0083091239477,-23.6382843060769,11.1437987695568));
#852=CARTESIAN_POINT('',(25.0867017376204,-17.0511494220815,11.2148067590003));
#853=CARTESIAN_POINT('',(27.3740321959585,-13.0712568140579,11.2505731128083));
#854=CARTESIAN_POINT('',(30.0026249197128,-4.47637032554959,11.322074397289));
#855=CARTESIAN_POINT('',(30.3260594340415,0.127243411450116,11.3578046587985));
#856=CARTESIAN_POINT('',(28.9909561128643,8.90003007549679,11.4287305971179));
#857=CARTESIAN_POINT('',(27.3249598505927,13.1739400110676,11.4642935378255));
#858=CARTESIAN_POINT('',(24.7943466051802,16.8890608508049,11.5));
#859=CARTESIAN_POINT('',(-29.1784372619303,-6.97271818960145,4.66321919294544));
#860=CARTESIAN_POINT('',(-29.1784372619303,-6.97271818960145,0.));
#861=CARTESIAN_POINT('',(-29.1784372619303,-6.97271818960145,4.5));
#862=CARTESIAN_POINT('',(0.,0.,4.5));
#863=CARTESIAN_POINT('',(2.2363792205668,29.916527338276,4.5));
#864=CARTESIAN_POINT('',(-30.,0.,10.8927526954188));
#865=CARTESIAN_POINT('',(-30.,4.20248627431862,10.8593103722271));
#866=CARTESIAN_POINT('',(-29.1189316704938,8.34648016429961,10.8262102659962));
#867=CARTESIAN_POINT('',(-25.7153196614668,16.0093175205101,10.7597438903373));
#868=CARTESIAN_POINT('',(-23.1911481260679,19.4799234622531,10.7260713753401));
#869=CARTESIAN_POINT('',(-17.0173423274763,25.0540781033736,10.6601641242739));
#870=CARTESIAN_POINT('',(-13.2990618892495,27.2162229163047,10.6264582907446));
#871=CARTESIAN_POINT('',(-5.32582678328752,29.8198491954352,10.5598727246035));
#872=CARTESIAN_POINT('',(-1.06423076495882,30.272633682624,10.5264443678589));
#873=CARTESIAN_POINT('',(7.27288119982261,29.4052739530971,10.4597011118086));
#874=CARTESIAN_POINT('',(11.2961226867637,28.1040740543273,10.4268879219138));
#875=CARTESIAN_POINT('',(18.5425800343051,23.9502420003832,10.3602115194688));
#876=CARTESIAN_POINT('',(21.7500818084899,21.083144737437,10.326929366903));
#877=CARTESIAN_POINT('',(26.6953126335585,14.3152133792094,10.2599311249827));
#878=CARTESIAN_POINT('',(28.4502463012145,10.3813049288089,10.2265914987157));
#879=CARTESIAN_POINT('',(30.1994503893636,2.2762255611091,10.1604160733849));
#880=CARTESIAN_POINT('',(30.2248295181124,-2.00620723751964,10.1270879875));
#881=CARTESIAN_POINT('',(28.517811216875,-10.2127190442857,10.0605030293916));
#882=CARTESIAN_POINT('',(26.7921243182215,-14.1337142542804,10.0269589435347));
#883=CARTESIAN_POINT('',(21.8905187139783,-20.9376453914391,9.96051766964072));
#884=CARTESIAN_POINT('',(18.719985552459,-23.8068086467235,9.92696419410985));
#885=CARTESIAN_POINT('',(11.5586316888721,-27.9928567764525,9.8612043222458));
#886=CARTESIAN_POINT('',(7.47245433941298,-29.355443619044,9.82749278544608));
#887=CARTESIAN_POINT('',(-0.862115422467041,-30.2793064802321,9.76085528765861));
#888=CARTESIAN_POINT('',(-5.13014410196807,-29.8536107182475,9.72746064318662));
#889=CARTESIAN_POINT('',(-13.1134551972467,-27.3055625141366,9.66066161726034));
#890=CARTESIAN_POINT('',(-16.7845971168581,-25.2140868453591,9.62792993665085));
#891=CARTESIAN_POINT('',(-23.0378923093297,-19.6654111008207,9.56114533331676));
#892=CARTESIAN_POINT('',(-25.5915878541003,-16.2057760254277,9.52789814511793));
#893=CARTESIAN_POINT('',(-29.052501566563,-8.57372137436925,9.46092404521898));
#894=CARTESIAN_POINT('',(-29.9641207113079,-4.44633818955201,9.42819600195068));
#895=CARTESIAN_POINT('',(-30.0338117446268,3.94824079635706,9.36127675211292));
#896=CARTESIAN_POINT('',(-29.1754826432814,8.14629084790646,9.32786603783685));
#897=CARTESIAN_POINT('',(-25.8252096761727,15.8312787616419,9.26136485305877));
#898=CARTESIAN_POINT('',(-23.3636310098959,19.2792862193305,9.22814647104749));
#899=CARTESIAN_POINT('',(-17.1884282252748,24.9420942632733,9.16176925610959));
#900=CARTESIAN_POINT('',(-13.4991585309732,27.117865155895,9.12818788992911));
#901=CARTESIAN_POINT('',(-5.54103448122149,29.7809138297596,9.06161432073092));
#902=CARTESIAN_POINT('',(-1.2975517716897,30.2642514185481,9.02825589761105));
#903=CARTESIAN_POINT('',(7.05621372028442,29.4587576530134,8.96148902139488));
#904=CARTESIAN_POINT('',(11.0979649521991,28.181184259627,8.92854386062127));
#905=CARTESIAN_POINT('',(18.3546236113756,24.0925665805872,8.86209963249263));
#906=CARTESIAN_POINT('',(21.5874452702973,21.2506694500588,8.82877402654809));
#907=CARTESIAN_POINT('',(26.5897589600611,14.5118387470229,8.76170114231679));
#908=CARTESIAN_POINT('',(28.36975429599,10.6163099260395,8.72858621105964));
#909=CARTESIAN_POINT('',(30.1927401618588,2.43873671786167,8.66167061554358));
#910=CARTESIAN_POINT('',(30.2401170999148,-1.77321023692044,8.62897731748691));
#911=CARTESIAN_POINT('',(28.5929563597364,-10.0025898331927,8.56220889277782));
#912=CARTESIAN_POINT('',(26.8955476182218,-13.9347929622649,8.52872936017017));
#913=CARTESIAN_POINT('',(22.0495186894543,-20.7693924357125,8.4623236344672));
#914=CARTESIAN_POINT('',(18.8884509309898,-23.6798933588361,8.42861452873932));
#915=CARTESIAN_POINT('',(11.687479308309,-27.9448341465129,8.36228824050618));
#916=CARTESIAN_POINT('',(7.68940027532737,-29.29883923744,8.32922890737752));
#917=CARTESIAN_POINT('',(-0.630689693067546,-30.2845024355133,8.2627040842781));
#918=CARTESIAN_POINT('',(-4.90093481069092,-29.8927230966742,8.22926767688214));
#919=CARTESIAN_POINT('',(-12.9117705672206,-27.4021940174968,8.16245420076393));
#920=CARTESIAN_POINT('',(-16.6063414011491,-25.3297993738766,8.12959108643581));
#921=CARTESIAN_POINT('',(-22.8819641407934,-19.8440174388102,8.06304063669471));
#922=CARTESIAN_POINT('',(-25.4682287423413,-16.3992189985363,8.02971969647465));
#923=CARTESIAN_POINT('',(-28.9874490407423,-8.79163563533775,7.96271888211386));
#924=CARTESIAN_POINT('',(-29.9336295816735,-4.64584249572367,7.929825106404));
#925=CARTESIAN_POINT('',(-30.0596092020687,3.74512043155023,7.8628591358968));
#926=CARTESIAN_POINT('',(-29.2293997265743,7.95046329747289,7.82949287300452));
#927=CARTESIAN_POINT('',(-25.9311247975485,15.6570891852315,7.76293665620248));
#928=CARTESIAN_POINT('',(-23.5072959443921,19.1045545257674,7.72992407978537));
#929=CARTESIAN_POINT('',(-17.3692688483845,24.8170398298789,7.66349165303764));
#930=CARTESIAN_POINT('',(-13.694519756618,27.0190243755327,7.6298872814258));
#931=CARTESIAN_POINT('',(-5.76490668271359,29.7377437024001,7.56342531692697));
#932=CARTESIAN_POINT('',(-1.51863361373276,30.2542276181754,7.52997092892815));
#933=CARTESIAN_POINT('',(6.84454013548411,29.5089275840189,7.46323011474025));
#934=CARTESIAN_POINT('',(10.8975577605859,28.258872665597,7.43021611064523));
#935=CARTESIAN_POINT('',(18.1785181644578,24.2252373945068,7.36386663510018));
#936=CARTESIAN_POINT('',(21.431800740384,21.4080047125711,7.3305151967379));
#937=CARTESIAN_POINT('',(26.485091149505,14.7025404454945,7.26343292425981));
#938=CARTESIAN_POINT('',(28.2923879555568,10.8205779985107,7.23033116298494));
#939=CARTESIAN_POINT('',(30.1741884668948,2.65753171456212,7.16339128199933));
#940=CARTESIAN_POINT('',(30.2525292500749,-1.55224103204181,7.13077493219576));
#941=CARTESIAN_POINT('',(28.6643003696411,-9.7970843911434,7.06387176127222));
#942=CARTESIAN_POINT('',(26.9952614327815,-13.7404493170823,7.030464480919));
#943=CARTESIAN_POINT('',(22.1994358757897,-20.6089576169254,6.96402775653227));
#944=CARTESIAN_POINT('',(19.0626460023423,-23.5406311719956,6.93035698329416));
#945=CARTESIAN_POINT('',(11.8855494023075,-27.8617929069874,6.86398152030057));
#946=CARTESIAN_POINT('',(7.90045797960387,-29.2425511241674,6.83092242323302));
#947=CARTESIAN_POINT('',(-0.411145409532482,-30.2881988898193,6.76445378777526));
#948=CARTESIAN_POINT('',(-4.68273445926923,-29.9279191177674,6.73098216970015));
#949=CARTESIAN_POINT('',(-12.7146526989529,-27.4944712893458,6.6641982941484));
#950=CARTESIAN_POINT('',(-16.425987585353,-25.4466350101732,6.63126810481758));
#951=CARTESIAN_POINT('',(-22.7363594363786,-20.0100539998007,6.56480839432228));
#952=CARTESIAN_POINT('',(-25.3478023477204,-16.5854029667352,6.53147287344152));
#953=CARTESIAN_POINT('',(-28.9241755644627,-8.9988189971922,6.46443590108482));
#954=CARTESIAN_POINT('',(-29.8992758326174,-4.85958370946135,6.4315639859766));
#955=CARTESIAN_POINT('',(-30.0858703419659,3.52457868554728,6.36458788974557));
#956=CARTESIAN_POINT('',(-29.2857343149646,7.73980528162101,6.33125192371496));
#957=CARTESIAN_POINT('',(-26.0441070728119,15.4681384446873,6.26462556811391));
#958=CARTESIAN_POINT('',(-23.6459798173374,18.9329494277986,6.23166602596599));
#959=CARTESIAN_POINT('',(-17.5473799470516,24.6916664595834,6.16519048158726));
#960=CARTESIAN_POINT('',(-13.8886036060845,26.9196101432143,6.13158450195502));
#961=CARTESIAN_POINT('',(-5.980851128479,29.6949177498198,6.06516824599712));
#962=CARTESIAN_POINT('',(-1.73994251307415,30.2425992403275,6.03168812975199));
#963=CARTESIAN_POINT('',(6.63260717079428,29.5575833057743,5.96496782619203));
#964=CARTESIAN_POINT('',(10.6965556938811,28.3351841730222,5.93188572937183));
#965=CARTESIAN_POINT('',(18.0017285530201,24.3564516080395,5.86563154453033));
#966=CARTESIAN_POINT('',(21.2748131530088,21.5644329320559,5.8322527682561));
#967=CARTESIAN_POINT('',(26.3791258380289,14.8924196287242,5.76516859073193));
#968=CARTESIAN_POINT('',(28.2135123090599,11.0244551320489,5.73206951075565));
#969=CARTESIAN_POINT('',(30.1540981890551,2.87597812523973,5.66511954755362));
#970=CARTESIAN_POINT('',(30.2633679677073,-1.330883084215,5.63256603833358));
#971=CARTESIAN_POINT('',(28.7341642821995,-9.59116747514482,5.56554761953868));
#972=CARTESIAN_POINT('',(27.0936733225737,-13.5452477540332,5.53221214719172));
#973=CARTESIAN_POINT('',(22.348063197161,-20.4476145837156,5.46572163283795));
#974=CARTESIAN_POINT('',(19.2361610628147,-23.3998409155824,5.43210903962575));
#975=CARTESIAN_POINT('',(12.0830488909091,-27.7773716684825,5.36566805308824));
#976=CARTESIAN_POINT('',(8.11127973500243,-29.1847217254311,5.33261967759217));
#977=CARTESIAN_POINT('',(-0.191791752227998,-30.2903294312572,5.26619720717061));
#978=CARTESIAN_POINT('',(-4.46399636870235,-29.9615929062589,5.23269753339308));
#979=CARTESIAN_POINT('',(-12.5169801855981,-27.5853134855038,5.16594006898886));
#980=CARTESIAN_POINT('',(-16.2447790167054,-25.56223969895,5.13294143206319));
#981=CARTESIAN_POINT('',(-22.5897917906375,-20.1747924545411,5.0665752786899));
#982=CARTESIAN_POINT('',(-25.2258510092088,-16.7710001022853,5.03322197551316));
#983=CARTESIAN_POINT('',(-28.8594671131545,-9.20549626660089,4.96615857618836));
#984=CARTESIAN_POINT('',(-29.8662736368898,-5.05757340241106,4.93316874451159));
#985=CARTESIAN_POINT('',(-30.108649356143,3.32303831202454,4.86617586647388));
#986=CARTESIAN_POINT('',(-29.3387119998248,7.53729386123887,4.83295235781766));
#987=CARTESIAN_POINT('',(-26.1491157889907,15.2903421810399,4.76620155752699));
#988=CARTESIAN_POINT('',(-23.7739633715917,18.771578864571,4.733300637301));
#989=CARTESIAN_POINT('',(-17.7176662386223,24.5694487223335,4.66681845033547));
#990=CARTESIAN_POINT('',(-14.0743878945677,26.8231672479001,4.63321876308916));
#991=CARTESIAN_POINT('',(-6.18318079811581,29.6536502143225,4.56679719386473));
#992=CARTESIAN_POINT('',(-1.95441410295464,30.2298057813399,4.53335371407192));
#993=CARTESIAN_POINT('',(2.23637922056649,29.9165273382761,4.5));
#994=CARTESIAN_POINT('',(0.,0.,0.));
#995=CARTESIAN_POINT('',(6.78176734134683,1.6206266317199,4.5));
#996=CARTESIAN_POINT('',(-29.4533987942804,-7.03842524789411,4.5));
#997=CARTESIAN_POINT('',(-14.9038822928823,-26.7537832390096,4.5));
#998=CARTESIAN_POINT('',(-18.5603150624117,-24.6518252132451,4.5));
#999=CARTESIAN_POINT('',(-21.7780776614106,-21.7749423748643,4.5));
#1000=CARTESIAN_POINT('',(-26.7489643774779,-15.0341828019592,4.5));
#1001=CARTESIAN_POINT('',(-28.5287009392114,-11.1546957622463,4.5));
#1002=CARTESIAN_POINT('',(-29.4533987942804,-7.03842524789411,4.5));
#1003=CARTESIAN_POINT('',(-14.9038822928823,-26.7537832390096,4.5));
#1004=CARTESIAN_POINT('',(0.,0.,4.5));
#1005=CARTESIAN_POINT('',(30.6215139050407,-0.462072681946944,4.5));
#1006=CARTESIAN_POINT('',(2.2363792205668,29.916527338276,4.5));
#1007=CARTESIAN_POINT('',(9.88929232455444,29.4501229253597,4.5));
#1008=CARTESIAN_POINT('',(17.2533209779161,25.951218349929,4.5));
#1009=CARTESIAN_POINT('',(25.0701762526678,17.5559591524651,4.5));
#1010=CARTESIAN_POINT('',(27.1410875391203,14.2600098987098,4.5));
#1011=CARTESIAN_POINT('',(29.9269037346153,7.11881789069278,4.5));
#1012=CARTESIAN_POINT('',(30.6277483863938,3.3727940007916,4.5));
#1013=CARTESIAN_POINT('',(30.6215139050407,-0.462072681946944,4.5));
#1014=CARTESIAN_POINT('',(0.,0.,4.5));
#1015=CARTESIAN_POINT('',(-30.9,0.,4.5));
#1016=CARTESIAN_POINT('',(0.,30.,4.5));
#1017=CARTESIAN_POINT('',(0.,0.,0.));
#1018=CARTESIAN_POINT('',(-30.9,0.,0.));
#1019=CARTESIAN_POINT('',(0.,0.,0.));
#1020=CARTESIAN_POINT('',(0.,0.,0.));
#1021=CARTESIAN_POINT('',(-31.5,0.,0.));
#1022=CARTESIAN_POINT('',(0.,30.9,0.));
#1023=CARTESIAN_POINT('',(0.,0.,-1.5));
#1024=CARTESIAN_POINT('',(-31.5,0.,-1.5));
#1025=CARTESIAN_POINT('',(0.,0.,0.));
#1026=CARTESIAN_POINT('',(0.,0.,-1.5));
#1027=CARTESIAN_POINT('',(-32.4,0.,-1.5));
#1028=CARTESIAN_POINT('',(0.,31.5,-1.5));
#1029=CARTESIAN_POINT('',(0.,0.,-0.5));
#1030=CARTESIAN_POINT('',(-33.4,0.,-0.5));
#1031=CARTESIAN_POINT('',(0.,0.,1.3));
#1032=CARTESIAN_POINT('',(-33.4,0.,1.3));
#1033=CARTESIAN_POINT('',(0.,0.,0.));
#1034=CARTESIAN_POINT('',(0.,0.,1.3));
#1035=CARTESIAN_POINT('',(-33.1,0.,1.3));
#1036=CARTESIAN_POINT('',(0.,33.4,1.3));
#1037=CARTESIAN_POINT('',(0.,0.,2.9));
#1038=CARTESIAN_POINT('',(-33.1,0.,2.9));
#1039=CARTESIAN_POINT('',(0.,0.,0.));
#1040=CARTESIAN_POINT('',(0.,0.,2.9));
#1041=CARTESIAN_POINT('',(-33.4,0.,2.9));
#1042=CARTESIAN_POINT('',(0.,33.1,2.9));
#1043=CARTESIAN_POINT('',(0.,0.,5.4));
#1044=CARTESIAN_POINT('',(-33.4,0.,5.4));
#1045=CARTESIAN_POINT('',(0.,0.,0.));
#1046=CARTESIAN_POINT('',(0.,0.,5.4));
#1047=CARTESIAN_POINT('',(-33.1,0.,5.4));
#1048=CARTESIAN_POINT('',(0.,33.4,5.4));
#1049=CARTESIAN_POINT('',(0.,0.,7.));
#1050=CARTESIAN_POINT('',(-33.1,0.,7.));
#1051=CARTESIAN_POINT('',(0.,0.,0.));
#1052=CARTESIAN_POINT('',(0.,0.,7.));
#1053=CARTESIAN_POINT('',(-33.4,0.,7.));
#1054=CARTESIAN_POINT('',(0.,33.1,7.));
#1055=CARTESIAN_POINT('',(0.,0.,9.5));
#1056=CARTESIAN_POINT('',(-33.4,0.,9.5));
#1057=CARTESIAN_POINT('',(0.,0.,0.));
#1058=CARTESIAN_POINT('',(0.,0.,9.5));
#1059=CARTESIAN_POINT('',(-33.1,0.,9.5));
#1060=CARTESIAN_POINT('',(0.,33.4,9.5));
#1061=CARTESIAN_POINT('',(0.,0.,11.1));
#1062=CARTESIAN_POINT('',(-33.1,0.,11.1));
#1063=CARTESIAN_POINT('',(0.,0.,0.));
#1064=CARTESIAN_POINT('',(0.,0.,11.1));
#1065=CARTESIAN_POINT('',(-33.4,0.,11.1));
#1066=CARTESIAN_POINT('',(0.,33.1,11.1));
#1067=CARTESIAN_POINT('',(0.,0.,13.6));
#1068=CARTESIAN_POINT('',(-33.4,0.,13.6));
#1069=CARTESIAN_POINT('',(0.,0.,0.));
#1070=CARTESIAN_POINT('',(0.,0.,13.6));
#1071=CARTESIAN_POINT('',(-33.1,0.,13.6));
#1072=CARTESIAN_POINT('',(0.,33.4,13.6));
#1073=CARTESIAN_POINT('',(0.,0.,15.2));
#1074=CARTESIAN_POINT('',(-33.1,0.,15.2));
#1075=CARTESIAN_POINT('',(0.,0.,0.));
#1076=CARTESIAN_POINT('',(0.,0.,15.2));
#1077=CARTESIAN_POINT('',(-33.4,0.,15.2));
#1078=CARTESIAN_POINT('',(0.,33.1,15.2));
#1079=CARTESIAN_POINT('',(0.,0.,17.1000000000001));
#1080=CARTESIAN_POINT('',(33.4,0.,17.1000000000001));
#1081=CARTESIAN_POINT('',(0.,0.,0.));
#1082=CARTESIAN_POINT('',(0.,0.,18.1000000000001));
#1083=CARTESIAN_POINT('',(32.4,0.,18.1000000000001));
#1084=CARTESIAN_POINT('',(0.,33.4000000000001,18.1000000000001));
#1085=CARTESIAN_POINT('',(0.,0.,15.6));
#1086=CARTESIAN_POINT('',(-28.,0.,15.6));
#1087=CARTESIAN_POINT('',(0.,1.06581410364015E-14,15.6));
#1088=CARTESIAN_POINT('',(0.,0.,14.1));
#1089=CARTESIAN_POINT('',(-28.,0.,14.1));
#1090=CARTESIAN_POINT('',(0.,0.,0.));
#1091=CARTESIAN_POINT('',(0.,0.,14.1));
#1092=CARTESIAN_POINT('',(-30.,0.,14.1));
#1093=CARTESIAN_POINT('',(0.,28.,14.1));
#1094=CARTESIAN_POINT('',(0.,0.,12.5));
#1095=CARTESIAN_POINT('',(-30.,0.,12.5));
#1096=CARTESIAN_POINT('',(0.,0.,0.));
#1097=CARTESIAN_POINT('',(0.,30.,12.5));
#1098=CARTESIAN_POINT('',(0.,0.,17.1000000000001));
#1099=CARTESIAN_POINT('',(0.,0.,-1.5));
#1100=CARTESIAN_POINT('',(-30.625,0.,11.5));
#1101=CARTESIAN_POINT('',(-30.625,0.,11.2535966136623));
#1102=CARTESIAN_POINT('',(30.6215139050407,-0.462072681946944,4.5));
#1103=CARTESIAN_POINT('',(30.6896656137099,4.05433474961634,4.53511136721242));
#1104=CARTESIAN_POINT('',(29.7384637976482,8.59777321456279,4.57039966086287));
#1105=CARTESIAN_POINT('',(25.9894084889582,16.818102737442,4.64114463739532));
#1106=CARTESIAN_POINT('',(23.2364841402781,20.454635049588,4.67566664135057));
#1107=CARTESIAN_POINT('',(16.3355971908528,26.2959037614499,4.74627310908939));
#1108=CARTESIAN_POINT('',(12.2216366957835,28.441669235106,4.78163646915889));
#1109=CARTESIAN_POINT('',(3.48923566723761,30.7590992530889,4.85180710618322));
#1110=CARTESIAN_POINT('',(-1.1555095221329,30.9276772368457,4.88736687604501));
#1111=CARTESIAN_POINT('',(-9.94416404853719,29.3081903722837,4.95684450274754));
#1112=CARTESIAN_POINT('',(-14.2274929113758,27.4934899006043,4.9922166152037));
#1113=CARTESIAN_POINT('',(-21.5622997470681,22.2121761895468,5.06298572753763));
#1114=CARTESIAN_POINT('',(-24.6486551744327,18.7226864578336,5.09828098781794));
#1115=CARTESIAN_POINT('',(-28.9891604752372,10.8500582969575,5.16846543866009));
#1116=CARTESIAN_POINT('',(-30.2774915074217,6.45720738068722,5.20336335578498));
#1117=CARTESIAN_POINT('',(-30.8501126697511,-2.58699969131438,5.2737458759333));
#1118=CARTESIAN_POINT('',(-30.1124800598412,-7.16520306653456,5.30921158077236));
#1119=CARTESIAN_POINT('',(-26.7827608147921,-15.5172585683377,5.3791214488303));
#1120=CARTESIAN_POINT('',(-24.1674960537371,-19.3483729694433,5.41437753822144));
#1121=CARTESIAN_POINT('',(-17.5283189305949,-25.518335320695,5.48534911330788));
#1122=CARTESIAN_POINT('',(-13.5675849440471,-27.8207147989357,5.52003558862588));
#1123=CARTESIAN_POINT('',(-5.00600693100079,-30.5452357618078,5.59018766568925));
#1124=CARTESIAN_POINT('',(-0.36473300702056,-30.9546185816608,5.62571579170179));
#1125=CARTESIAN_POINT('',(8.59340646713405,-29.7401211664164,5.69592112298778));
#1126=CARTESIAN_POINT('',(12.9509235427007,-28.1092946507468,5.73151311794398));
#1127=CARTESIAN_POINT('',(20.4429677262808,-23.2366937603787,5.80101274614943));
#1128=CARTESIAN_POINT('',(23.6960382777606,-19.919637220127,5.83633231571052));
#1129=CARTESIAN_POINT('',(28.4379643630317,-12.2301414517374,5.90707047416821));
#1130=CARTESIAN_POINT('',(29.9469102124099,-7.84338421366922,5.94221251382756));
#1131=CARTESIAN_POINT('',(30.9357952492108,1.14572225791596,6.01280116682023));
#1132=CARTESIAN_POINT('',(30.4300449319992,5.68132987236588,6.04759483362338));
#1133=CARTESIAN_POINT('',(27.4969123956955,14.2191755170817,6.11770063381722));
#1134=CARTESIAN_POINT('',(25.0598131022777,18.1741061787966,6.153223270596));
#1135=CARTESIAN_POINT('',(18.7459789762398,24.6349475408746,6.22348236132333));
#1136=CARTESIAN_POINT('',(14.8470448534429,27.1628251838429,6.25879349027707));
#1137=CARTESIAN_POINT('',(6.38131850347483,30.2908003691775,6.32946707032261));
#1138=CARTESIAN_POINT('',(1.85767468592748,30.9012771952797,6.36402741206959));
#1139=CARTESIAN_POINT('',(-7.15263908036185,30.1194229978652,6.43462864538111));
#1140=CARTESIAN_POINT('',(-11.5725424688651,28.711840401162,6.47000002887643));
#1141=CARTESIAN_POINT('',(-19.3689987351873,24.148196752797,6.54014733165983));
#1142=CARTESIAN_POINT('',(-22.7595900140842,20.9728653289238,6.57567882776121));
#1143=CARTESIAN_POINT('',(-27.8036091563771,13.5948275308587,6.64520044155142));
#1144=CARTESIAN_POINT('',(-29.5344509990064,9.27581365189593,6.68056453284555));
#1145=CARTESIAN_POINT('',(-30.9548684786395,0.347321446983618,6.75135782123764));
#1146=CARTESIAN_POINT('',(-30.6579582882404,-4.27874537050616,6.78647961647815));
#1147=CARTESIAN_POINT('',(-28.124111314352,-12.9326111488382,6.85685025548394));
#1148=CARTESIAN_POINT('',(-25.8840159072159,-16.9798038815958,6.89213760924495));
#1149=CARTESIAN_POINT('',(-19.8792657901388,-23.7299559836818,6.96228081796759));
#1150=CARTESIAN_POINT('',(-16.0987211688874,-26.432710638168,6.99782557530295));
#1151=CARTESIAN_POINT('',(-7.87496320381806,-29.9306192634435,7.06735492393594));
#1152=CARTESIAN_POINT('',(-3.30104283905645,-30.780169567147,7.10270706525719));
#1153=CARTESIAN_POINT('',(5.73066984375542,-30.4216229933494,7.17348864946733));
#1154=CARTESIAN_POINT('',(10.2301302805478,-29.2135681712449,7.20879558231431));
#1155=CARTESIAN_POINT('',(18.1921328101831,-25.042652309003,7.27893399547019));
#1156=CARTESIAN_POINT('',(21.6907504467236,-22.0893349917829,7.3138578525088));
#1157=CARTESIAN_POINT('',(27.1584715674763,-14.860847803535,7.38423077584588));
#1158=CARTESIAN_POINT('',(29.0678035775706,-10.6474512008982,7.41958452659146));
#1159=CARTESIAN_POINT('',(30.9041642729919,-1.79945894303306,7.48990567456173));
#1160=CARTESIAN_POINT('',(30.8204450963783,2.82878112126134,7.52507467142777));
#1161=CARTESIAN_POINT('',(28.7235901555191,11.5263700768558,7.59513294399751));
#1162=CARTESIAN_POINT('',(26.6786749783342,15.7050500155251,7.63039493358583));
#1163=CARTESIAN_POINT('',(20.9913733879932,22.7543960121026,7.70106929136656));
#1164=CARTESIAN_POINT('',(17.3618160739993,25.6293862146917,7.73639336642741));
#1165=CARTESIAN_POINT('',(9.22224635222405,29.5507743950661,7.8065316311658));
#1166=CARTESIAN_POINT('',(4.77808725878578,30.5860430064836,7.84141221472226));
#1167=CARTESIAN_POINT('',(-4.26493979770852,30.6618074021894,7.91178446152071));
#1168=CARTESIAN_POINT('',(-8.78714621767455,29.6843788130454,7.9469206967019));
#1169=CARTESIAN_POINT('',(-16.9981233917426,25.8735402549837,8.0178076776607));
#1170=CARTESIAN_POINT('',(-20.6832204488922,23.0256441502472,8.05310990963707));
#1171=CARTESIAN_POINT('',(-26.4137622774695,16.1334763464237,8.12303731046413));
#1172=CARTESIAN_POINT('',(-28.5213456876832,12.0368884688272,8.15819622094243));
#1173=CARTESIAN_POINT('',(-30.783360896767,3.27697051355459,8.22843408355868));
#1174=CARTESIAN_POINT('',(-30.926549274827,-1.34671917224301,8.2637853995426));
#1175=CARTESIAN_POINT('',(-29.2228942554553,-10.2121277857101,8.33406072622799));
#1176=CARTESIAN_POINT('',(-27.3830719035198,-14.4405322179487,8.36907147990187));
#1177=CARTESIAN_POINT('',(-22.0375475388609,-21.7418512570434,8.43992985627196));
#1178=CARTESIAN_POINT('',(-18.5216439213333,-24.7980531043376,8.47524840956372));
#1179=CARTESIAN_POINT('',(-10.6353590077121,-29.066886143708,8.54519484480896));
#1180=CARTESIAN_POINT('',(-6.20988588888151,-30.328287647911,8.58032128746647));
#1181=CARTESIAN_POINT('',(2.8266203497625,-30.8282002686773,8.65057543144783));
#1182=CARTESIAN_POINT('',(7.38953789745242,-30.0622264943802,8.68592519164516));
#1183=CARTESIAN_POINT('',(15.763248195763,-26.6432493974754,8.75635392536975));
#1184=CARTESIAN_POINT('',(19.5077019638972,-24.0363385985671,8.7909767748704));
#1185=CARTESIAN_POINT('',(25.6167337545078,-17.3804188927617,8.86172451331078));
#1186=CARTESIAN_POINT('',(27.9245424245034,-13.3645215415206,8.89682506840434));
#1187=CARTESIAN_POINT('',(30.5971006048354,-4.71253013032688,8.96745931005043));
#1188=CARTESIAN_POINT('',(30.9498026110304,-0.0732426536037949,9.00297857863563));
#1189=CARTESIAN_POINT('',(29.6780170120437,8.78128421023354,9.07241628661811));
#1190=CARTESIAN_POINT('',(28.041672843256,13.1136101371325,9.10781497410666));
#1191=CARTESIAN_POINT('',(23.0603866459542,20.6523789045234,9.17817298506379));
#1192=CARTESIAN_POINT('',(19.7253287715308,23.8605901540604,9.21330153941227));
#1193=CARTESIAN_POINT('',(11.9719634519083,28.5497539175244,9.28425295344497));
#1194=CARTESIAN_POINT('',(7.62993413794098,29.9981171374712,9.31893695200371));
#1195=CARTESIAN_POINT('',(-1.31374824656519,30.9253454675515,9.38907023249048));
#1196=CARTESIAN_POINT('',(-5.9401103018622,30.381350004614,9.42463392745531));
#1197=CARTESIAN_POINT('',(-14.461850226466,27.3709010909107,9.49478416439131));
#1198=CARTESIAN_POINT('',(-18.3794082475644,24.9122556951888,9.53010978088627));
#1199=CARTESIAN_POINT('',(-24.8060275189168,18.5225303369666,9.60070944053794));
#1200=CARTESIAN_POINT('',(-27.2521433786726,14.6839621718321,9.63523338717733));
#1201=CARTESIAN_POINT('',(-30.3312239720487,6.18990437348941,9.7059832667456));
#1202=CARTESIAN_POINT('',(-30.9143602971153,1.57134004702137,9.7412789220977));
#1203=CARTESIAN_POINT('',(-30.0582790402098,-7.39368942167027,9.81150902325827));
#1204=CARTESIAN_POINT('',(-28.6316432678768,-11.772143729515,9.84666434816492));
#1205=CARTESIAN_POINT('',(-24.0053826490786,-19.5472752085459,9.91688938017165));
#1206=CARTESIAN_POINT('',(-20.8239250108368,-22.9067450040677,9.95222322471839));
#1207=CARTESIAN_POINT('',(-13.3118169999583,-27.9490670273259,10.022717653911));
#1208=CARTESIAN_POINT('',(-9.0601035625459,-29.6008125015377,10.0573141906288));
#1209=CARTESIAN_POINT('',(-0.12841065952241,-30.9560509112155,10.1280523234128));
#1210=CARTESIAN_POINT('',(4.49415621285816,-30.6296868096862,10.1631849208595));
#1211=CARTESIAN_POINT('',(13.1618823941756,-28.0203498544706,10.2337634000567));
#1212=CARTESIAN_POINT('',(17.2091375743592,-25.724148381444,10.2693043145659));
#1213=CARTESIAN_POINT('',(23.8459661080624,-19.7295749162751,10.3387141459234));
#1214=CARTESIAN_POINT('',(26.5300245142341,-15.9516642836369,10.3741241425548));
#1215=CARTESIAN_POINT('',(30.0058765787627,-7.61217215279433,10.4445185847815));
#1216=CARTESIAN_POINT('',(30.8072528121541,-3.05158377135648,10.4796520979004));
#1217=CARTESIAN_POINT('',(30.3719734293375,5.99518301248608,10.5505722780688));
#1218=CARTESIAN_POINT('',(29.1525394471992,10.4047214665268,10.5852477816038));
#1219=CARTESIAN_POINT('',(24.928733187343,18.3490339443463,10.6554056039705));
#1220=CARTESIAN_POINT('',(21.8960050382083,21.8830973172691,10.6909685134749));
#1221=CARTESIAN_POINT('',(14.6436764495289,27.2739385654478,10.761103093264));
#1222=CARTESIAN_POINT('',(10.3898473175981,29.1531486670887,10.7966313270316));
#1223=CARTESIAN_POINT('',(1.62722567342487,30.9064255632405,10.8662749983291));
#1224=CARTESIAN_POINT('',(-3.02158497029634,30.8086445291623,10.9015658832493));
#1225=CARTESIAN_POINT('',(-11.7893418678312,28.6236610478186,10.972316313973));
#1226=CARTESIAN_POINT('',(-15.9444716883103,26.5323310560514,11.0075986609596));
#1227=CARTESIAN_POINT('',(-22.9103834279299,20.8159818378204,11.0778412328561));
#1228=CARTESIAN_POINT('',(-25.7512969974054,17.1814664846955,11.1130748341868));
#1229=CARTESIAN_POINT('',(-29.6175854600573,9.00725924626898,11.1832503685114));
#1230=CARTESIAN_POINT('',(-30.625,4.53248011738168,11.2182643712878));
#1231=CARTESIAN_POINT('',(-30.625,0.,11.2535966136623));
#1232=CARTESIAN_POINT('',(-15.7148142798701,26.285646979848,11.5));
#1233=CARTESIAN_POINT('',(-11.6957042676261,28.6884627622102,11.4633381865193));
#1234=CARTESIAN_POINT('',(-7.10424488986897,30.1556380210301,11.4267745138882));
#1235=CARTESIAN_POINT('',(2.23459426271421,30.9004755366592,11.3539038907887));
#1236=CARTESIAN_POINT('',(7.00429847213903,30.1709664604761,11.3171129867542));
#1237=CARTESIAN_POINT('',(15.613794461701,26.7498941447202,11.245092607755));
#1238=CARTESIAN_POINT('',(19.5867772475905,24.004794507031,11.2084175693688));
#1239=CARTESIAN_POINT('',(25.8712406415449,17.0455539639753,11.1350010861106));
#1240=CARTESIAN_POINT('',(28.2047333393761,12.8045792985419,11.0982735046242));
#1241=CARTESIAN_POINT('',(30.7330434103609,3.86578277905458,11.026015505246));
#1242=CARTESIAN_POINT('',(30.9676336912232,-0.920842135622226,10.9894800745127));
#1243=CARTESIAN_POINT('',(29.2758577290137,-10.1373784038611,10.9166362117109));
#1244=CARTESIAN_POINT('',(27.3577823975962,-14.5427090648092,10.8801599920004));
#1245=CARTESIAN_POINT('',(21.7440149813944,-22.0711680059485,10.8066378845417));
#1246=CARTESIAN_POINT('',(18.1174852166862,-25.1290211187633,10.770669360278));
#1247=CARTESIAN_POINT('',(9.80207719699453,-29.3875867601995,10.6979933349197));
#1248=CARTESIAN_POINT('',(5.11470690700391,-30.5557696430837,10.6611748384244));
#1249=CARTESIAN_POINT('',(-4.24911314426353,-30.6881137040548,10.5883699433812));
#1250=CARTESIAN_POINT('',(-8.97178120558463,-29.650742430299,10.5516507587767));
#1251=CARTESIAN_POINT('',(-17.3943596992537,-25.6338767126979,10.4785941690102));
#1252=CARTESIAN_POINT('',(-21.1106950853794,-22.6781978579142,10.4425870951897));
#1253=CARTESIAN_POINT('',(-26.9378629913741,-15.3073068345978,10.3694952333521));
#1254=CARTESIAN_POINT('',(-28.9803784932902,-10.9324884005875,10.3326911877944));
#1255=CARTESIAN_POINT('',(-30.9176599809166,-1.86546014370875,10.2606088908965));
#1256=CARTESIAN_POINT('',(-30.837006198624,2.96571763059789,10.2239089969929));
#1257=CARTESIAN_POINT('',(-28.550163692213,12.0251646768871,10.1507561897251));
#1258=CARTESIAN_POINT('',(-26.382893988556,16.2443344289142,10.114792561838));
#1259=CARTESIAN_POINT('',(-20.3045964402373,23.4021122903232,10.0417374388627));
#1260=CARTESIAN_POINT('',(-16.4408157914236,26.2591011367988,10.0051211670466));
#1261=CARTESIAN_POINT('',(-7.83820477714885,29.9733775586209,9.93228170772575));
#1262=CARTESIAN_POINT('',(-3.12004393808795,30.8176329517683,9.89588569802921));
#1263=CARTESIAN_POINT('',(6.15734948457272,30.3570127359453,9.82315532386959));
#1264=CARTESIAN_POINT('',(10.8132829089487,29.0335514629479,9.7864316295567));
#1265=CARTESIAN_POINT('',(19.0044043183447,24.4684861469909,9.71348000125251));
#1266=CARTESIAN_POINT('',(22.570131598697,21.2117195375636,9.67666161823022));
#1267=CARTESIAN_POINT('',(27.8337572843162,13.5878564004972,9.60464675294559));
#1268=CARTESIAN_POINT('',(29.6135653237693,9.10320532743226,9.56800100009058));
#1269=CARTESIAN_POINT('',(30.9807110833495,-0.164739760139581,9.49465283315845));
#1270=CARTESIAN_POINT('',(30.5799570208468,-4.96831171680309,9.4580897249555));
#1271=CARTESIAN_POINT('',(27.6981138668535,-13.8792067832056,9.38524134921862));
#1272=CARTESIAN_POINT('',(25.2589991752025,-17.9408368438929,9.34913368588827));
#1273=CARTESIAN_POINT('',(18.7316002006837,-24.6782864055391,9.27622107040703));
#1274=CARTESIAN_POINT('',(14.6944453281272,-27.2761666020109,9.23977520330902));
#1275=CARTESIAN_POINT('',(5.85207664179591,-30.4248120286802,9.16628453102408));
#1276=CARTESIAN_POINT('',(1.04581902978442,-30.9567929433164,9.12959707213439));
#1277=CARTESIAN_POINT('',(-8.17044562252723,-29.8774260120872,9.05741497722605));
#1278=CARTESIAN_POINT('',(-12.6943518576541,-28.2608534368557,9.02078760347794));
#1279=CARTESIAN_POINT('',(-20.5599588906942,-23.1756444673785,8.947979942396));
#1280=CARTESIAN_POINT('',(-23.9066769065862,-19.7045002692006,8.91136677927777));
#1281=CARTESIAN_POINT('',(-28.7007682760879,-11.6645802297867,8.8380811102021));
#1282=CARTESIAN_POINT('',(-30.1458474444768,-7.1512272089964,8.8021499526138));
#1283=CARTESIAN_POINT('',(-30.9039907647837,2.20352525524973,8.72913755696218));
#1284=CARTESIAN_POINT('',(-30.1780817879234,6.97348067631961,8.69235089795495));
#1285=CARTESIAN_POINT('',(-26.7659515004057,15.5862084362916,8.62034312298084));
#1286=CARTESIAN_POINT('',(-24.0250870250873,19.5616908523029,8.58366849340127));
#1287=CARTESIAN_POINT('',(-17.0737324377106,25.8525088958413,8.51026176267976));
#1288=CARTESIAN_POINT('',(-12.834938983934,28.1911295135059,8.47353361175614));
#1289=CARTESIAN_POINT('',(-3.89644430645345,30.72935345456,8.4012487713648));
#1290=CARTESIAN_POINT('',(0.887276011014234,30.9687039542145,8.36473293330686));
#1291=CARTESIAN_POINT('',(10.1067837084777,29.2865294357927,8.29189036811307));
#1292=CARTESIAN_POINT('',(14.5123588627036,27.3741073068815,8.25542838419027));
#1293=CARTESIAN_POINT('',(22.0488281191716,21.7669356864897,8.18188386294056));
#1294=CARTESIAN_POINT('',(25.1108586518551,18.1421201472556,8.14590855537443));
#1295=CARTESIAN_POINT('',(29.3763026140897,9.8348660588911,8.07325618374878));
#1296=CARTESIAN_POINT('',(30.5503188324629,5.14712121474581,8.0364219347371));
#1297=CARTESIAN_POINT('',(30.6926102676188,-4.21645734289867,7.96362874098763));
#1298=CARTESIAN_POINT('',(29.6609966365385,-8.93884487873334,7.92691959843185));
#1299=CARTESIAN_POINT('',(25.6513021666288,-17.3691786332892,7.85382931805889));
#1300=CARTESIAN_POINT('',(22.7006345327987,-21.0865031265658,7.81784502464769));
#1301=CARTESIAN_POINT('',(15.3364539193179,-26.9212296056291,7.74474907036318));
#1302=CARTESIAN_POINT('',(10.9924161362563,-28.9658282284245,7.7081685540512));
#1303=CARTESIAN_POINT('',(1.8273290353215,-30.9275489825478,7.63530480866752));
#1304=CARTESIAN_POINT('',(-2.91455739533249,-30.843488628284,7.59931149255038));
#1305=CARTESIAN_POINT('',(-11.9975597182257,-28.5635081245525,7.52598961234791));
#1306=CARTESIAN_POINT('',(-16.2808040632182,-26.3589596050708,7.48945124429599));
#1307=CARTESIAN_POINT('',(-23.4192332857706,-20.2829693268345,7.41653155651628));
#1308=CARTESIAN_POINT('',(-26.2795747236971,-16.392965191274,7.37971639763876));
#1309=CARTESIAN_POINT('',(-29.9520067404751,-7.88813334314504,7.30770407164339));
#1310=CARTESIAN_POINT('',(-30.8216920014861,-3.14072405333488,7.27104822996821));
#1311=CARTESIAN_POINT('',(-30.4686529777646,3.87806212224244,7.21602365204374));
#1312=CARTESIAN_POINT('',(-30.0763300003402,6.22186469514839,7.1977028362641));
#1313=CARTESIAN_POINT('',(-28.7921812903077,10.6914696426709,7.1613896408959));
#1314=CARTESIAN_POINT('',(-27.9053438297383,12.8315815026256,7.14344605038809));
#1315=CARTESIAN_POINT('',(-24.4981924141358,18.9630558164477,7.08886849301186));
#1316=CARTESIAN_POINT('',(-21.2566833719604,22.5382307746113,7.05208938191624));
#1317=CARTESIAN_POINT('',(-13.5504807901125,27.860418244926,6.97929067046545));
#1318=CARTESIAN_POINT('',(-9.0745751215843,29.6151199826861,6.94277813490734));
#1319=CARTESIAN_POINT('',(0.101684489176429,30.9740682747815,6.87014815837972));
#1320=CARTESIAN_POINT('',(4.9194482774895,30.58975384806,6.83347967160899));
#1321=CARTESIAN_POINT('',(13.8574031443944,27.711123938475,6.76042904510437));
#1322=CARTESIAN_POINT('',(17.9713198831069,25.2370393348282,6.72385061545573));
#1323=CARTESIAN_POINT('',(24.6989963321317,18.7039052850994,6.65094977409847));
#1324=CARTESIAN_POINT('',(27.262145272425,14.7170323821171,6.61498011198889));
#1325=CARTESIAN_POINT('',(30.4141751297097,5.89860646004093,6.54165420062));
#1326=CARTESIAN_POINT('',(30.9613776047315,1.11015276851378,6.50510074065622));
#1327=CARTESIAN_POINT('',(29.8772759072671,-8.19681198474431,6.43220866965612));
#1328=CARTESIAN_POINT('',(28.23418532368,-12.7348509585413,6.39541024348683));
#1329=CARTESIAN_POINT('',(23.2052353816447,-20.5149384768914,6.32339915228812));
#1330=CARTESIAN_POINT('',(19.7406236586493,-23.878222632174,6.28672548683999));
#1331=CARTESIAN_POINT('',(11.694810857729,-28.6895998143236,6.21332747621113));
#1332=CARTESIAN_POINT('',(7.08070948983039,-30.1553245775039,6.17659405505609));
#1333=CARTESIAN_POINT('',(-2.18241003663905,-30.898497272294,6.10430790520267));
#1334=CARTESIAN_POINT('',(-6.91963642120305,-30.1988226362717,6.06779879703864));
#1335=CARTESIAN_POINT('',(-15.6333806842222,-26.7478534690323,5.99495100429806));
#1336=CARTESIAN_POINT('',(-19.579834575375,-24.0121881964237,5.95849702009382));
#1337=CARTESIAN_POINT('',(-25.8764589916139,-17.0400696605045,5.88494177884288));
#1338=CARTESIAN_POINT('',(-28.1713917898909,-12.8863078346113,5.84896420477026));
#1339=CARTESIAN_POINT('',(-30.7313614843034,-3.90738612232965,5.77632218420983));
#1340=CARTESIAN_POINT('',(-30.9687381367594,0.916483558441306,5.73951527585809));
#1341=CARTESIAN_POINT('',(-29.2740473625646,10.1455820390154,5.66657062023211));
#1342=CARTESIAN_POINT('',(-27.3844991656246,14.4882658447874,5.63062989991157));
#1343=CARTESIAN_POINT('',(-21.8034940330208,22.0097317042565,5.55729869936567));
#1344=CARTESIAN_POINT('',(-18.1253714988199,25.1256351442313,5.52073548018868));
#1345=CARTESIAN_POINT('',(-9.7874245046138,29.3944374829278,5.44786807938277));
#1346=CARTESIAN_POINT('',(-5.19629910418569,30.5437627929411,5.41179888502051));
#1347=CARTESIAN_POINT('',(4.19015917303973,30.697972832684,5.33883850403107));
#1348=CARTESIAN_POINT('',(8.88204739466067,29.6815445900522,5.30239192102155));
#1349=CARTESIAN_POINT('',(17.3573605106295,25.6633374929353,5.2289517249933));
#1350=CARTESIAN_POINT('',(21.1375466478825,22.6418127745405,5.19223678558848));
#1351=CARTESIAN_POINT('',(26.8987430472268,15.3592052687638,5.11999940010044));
#1352=CARTESIAN_POINT('',(28.9531160509688,11.0250433336345,5.08343128789747));
#1353=CARTESIAN_POINT('',(30.92494817175,1.86603594391078,5.01060921655709));
#1354=CARTESIAN_POINT('',(30.842694408178,-2.94100313235334,4.97410765896688));
#1355=CARTESIAN_POINT('',(28.5461788297289,-12.0431296597646,4.90061202775997));
#1356=CARTESIAN_POINT('',(26.3717370508187,-16.2565058744539,4.8646647353085));
#1357=CARTESIAN_POINT('',(20.3210588388381,-23.3836923087899,4.79192903727648));
#1358=CARTESIAN_POINT('',(16.4422027321013,-26.2577803041426,4.75513441491311));
#1359=CARTESIAN_POINT('',(7.84477412342258,-29.9712625048832,4.68233582819691));
#1360=CARTESIAN_POINT('',(3.11067906507734,-30.8175436709852,4.64581233478232));
#1361=CARTESIAN_POINT('',(-6.15293553771934,-30.3568560036718,4.57318987416995));
#1362=CARTESIAN_POINT('',(-10.8014845764207,-29.0391292829135,4.53653366935501));
#1363=CARTESIAN_POINT('',(-14.9038822928823,-26.7537832390096,4.5));
#1364=CARTESIAN_POINT('',(0.,0.,11.5));
#1365=CARTESIAN_POINT('',(-30.9283171475545,0.,11.4287168504527));
#1366=CARTESIAN_POINT('',(-29.99,0.,10.8869791927269));
#1367=CARTESIAN_POINT('',(-29.99,0.,10.8869791927269));
#1368=CARTESIAN_POINT('',(-29.99,1.96284091002412,10.8713541927269));
#1369=CARTESIAN_POINT('',(-29.6033541802617,5.88847326237435,10.8401041927269));
#1370=CARTESIAN_POINT('',(-27.8857542596071,11.5506576113326,10.7932291927269));
#1371=CARTESIAN_POINT('',(-25.0965118613907,16.7689531120696,10.7463541927269));
#1372=CARTESIAN_POINT('',(-21.3428323083118,21.3428323083117,10.6994791927269));
#1373=CARTESIAN_POINT('',(-16.7689531120696,25.0965118613907,10.6526041927269));
#1374=CARTESIAN_POINT('',(-11.5506576113326,27.8857542596071,10.6057291927269));
#1375=CARTESIAN_POINT('',(-5.88847326237435,29.6033541802617,10.5588541927269));
#1376=CARTESIAN_POINT('',(-1.33226762955019E-15,30.1833229098692,10.5119791927269));
#1377=CARTESIAN_POINT('',(5.88847326237435,29.6033541802617,10.4651041927269));
#1378=CARTESIAN_POINT('',(11.5506576113326,27.8857542596071,10.4182291927269));
#1379=CARTESIAN_POINT('',(16.7689531120696,25.0965118613907,10.3713541927269));
#1380=CARTESIAN_POINT('',(21.3428323083118,21.3428323083118,10.3244791927269));
#1381=CARTESIAN_POINT('',(25.0965118613908,16.7689531120696,10.2776041927269));
#1382=CARTESIAN_POINT('',(27.8857542596071,11.5506576113326,10.2307291927269));
#1383=CARTESIAN_POINT('',(29.6033541802617,5.88847326237436,10.1838541927269));
#1384=CARTESIAN_POINT('',(30.1833229098692,3.10862446895044E-15,10.1369791927269));
#1385=CARTESIAN_POINT('',(29.6033541802617,-5.88847326237436,10.0901041927269));
#1386=CARTESIAN_POINT('',(27.8857542596071,-11.5506576113326,10.0432291927269));
#1387=CARTESIAN_POINT('',(25.0965118613908,-16.7689531120696,9.9963541927269));
#1388=CARTESIAN_POINT('',(21.3428323083118,-21.3428323083118,9.9494791927269));
#1389=CARTESIAN_POINT('',(16.7689531120696,-25.0965118613907,9.9026041927269));
#1390=CARTESIAN_POINT('',(11.5506576113326,-27.8857542596071,9.8557291927269));
#1391=CARTESIAN_POINT('',(5.88847326237436,-29.6033541802617,9.8088541927269));
#1392=CARTESIAN_POINT('',(4.88498130835069E-15,-30.1833229098691,9.7619791927269));
#1393=CARTESIAN_POINT('',(-5.88847326237435,-29.6033541802617,9.7151041927269));
#1394=CARTESIAN_POINT('',(-11.5506576113326,-27.8857542596071,9.6682291927269));
#1395=CARTESIAN_POINT('',(-16.7689531120696,-25.0965118613908,9.6213541927269));
#1396=CARTESIAN_POINT('',(-21.3428323083117,-21.3428323083118,9.5744791927269));
#1397=CARTESIAN_POINT('',(-25.0965118613908,-16.7689531120696,9.5276041927269));
#1398=CARTESIAN_POINT('',(-27.8857542596071,-11.5506576113326,9.4807291927269));
#1399=CARTESIAN_POINT('',(-29.6033541802617,-5.88847326237436,9.4338541927269));
#1400=CARTESIAN_POINT('',(-30.1833229098692,-6.66133814775094E-15,9.3869791927269));
#1401=CARTESIAN_POINT('',(-29.6033541802617,5.88847326237435,9.3401041927269));
#1402=CARTESIAN_POINT('',(-27.8857542596071,11.5506576113326,9.2932291927269));
#1403=CARTESIAN_POINT('',(-25.0965118613908,16.7689531120696,9.2463541927269));
#1404=CARTESIAN_POINT('',(-21.3428323083118,21.3428323083117,9.1994791927269));
#1405=CARTESIAN_POINT('',(-16.7689531120696,25.0965118613908,9.1526041927269));
#1406=CARTESIAN_POINT('',(-11.5506576113326,27.8857542596071,9.1057291927269));
#1407=CARTESIAN_POINT('',(-5.88847326237436,29.6033541802617,9.0588541927269));
#1408=CARTESIAN_POINT('',(3.99680288865056E-15,30.1833229098691,9.0119791927269));
#1409=CARTESIAN_POINT('',(5.88847326237429,29.6033541802617,8.9651041927269));
#1410=CARTESIAN_POINT('',(11.5506576113326,27.8857542596071,8.9182291927269));
#1411=CARTESIAN_POINT('',(16.7689531120696,25.0965118613907,8.8713541927269));
#1412=CARTESIAN_POINT('',(21.3428323083117,21.3428323083118,8.8244791927269));
#1413=CARTESIAN_POINT('',(25.0965118613908,16.7689531120696,8.7776041927269));
#1414=CARTESIAN_POINT('',(27.8857542596071,11.5506576113326,8.7307291927269));
#1415=CARTESIAN_POINT('',(29.6033541802617,5.88847326237431,8.6838541927269));
#1416=CARTESIAN_POINT('',(30.1833229098692,1.11022302462516E-14,8.6369791927269));
#1417=CARTESIAN_POINT('',(29.6033541802617,-5.88847326237429,8.5901041927269));
#1418=CARTESIAN_POINT('',(27.8857542596071,-11.5506576113326,8.5432291927269));
#1419=CARTESIAN_POINT('',(25.0965118613908,-16.7689531120696,8.4963541927269));
#1420=CARTESIAN_POINT('',(21.3428323083117,-21.3428323083118,8.4494791927269));
#1421=CARTESIAN_POINT('',(16.7689531120696,-25.0965118613907,8.4026041927269));
#1422=CARTESIAN_POINT('',(11.5506576113326,-27.8857542596071,8.3557291927269));
#1423=CARTESIAN_POINT('',(5.88847326237432,-29.6033541802617,8.3088541927269));
#1424=CARTESIAN_POINT('',(1.19904086659517E-14,-30.1833229098691,8.2619791927269));
#1425=CARTESIAN_POINT('',(-5.88847326237429,-29.6033541802617,8.2151041927269));
#1426=CARTESIAN_POINT('',(-11.5506576113326,-27.8857542596071,8.1682291927269));
#1427=CARTESIAN_POINT('',(-16.7689531120696,-25.0965118613907,8.1213541927269));
#1428=CARTESIAN_POINT('',(-21.3428323083117,-21.3428323083118,8.0744791927269));
#1429=CARTESIAN_POINT('',(-25.0965118613908,-16.7689531120696,8.0276041927269));
#1430=CARTESIAN_POINT('',(-27.8857542596071,-11.5506576113326,7.9807291927269));
#1431=CARTESIAN_POINT('',(-29.6033541802617,-5.88847326237432,7.9338541927269));
#1432=CARTESIAN_POINT('',(-30.1833229098691,-1.46549439250521E-14,7.8869791927269));
#1433=CARTESIAN_POINT('',(-29.6033541802617,5.88847326237429,7.8401041927269));
#1434=CARTESIAN_POINT('',(-27.8857542596071,11.5506576113326,7.7932291927269));
#1435=CARTESIAN_POINT('',(-25.0965118613908,16.7689531120696,7.7463541927269));
#1436=CARTESIAN_POINT('',(-21.3428323083117,21.3428323083118,7.6994791927269));
#1437=CARTESIAN_POINT('',(-16.7689531120696,25.0965118613907,7.6526041927269));
#1438=CARTESIAN_POINT('',(-11.5506576113326,27.8857542596071,7.6057291927269));
#1439=CARTESIAN_POINT('',(-5.88847326237432,29.6033541802617,7.5588541927269));
#1440=CARTESIAN_POINT('',(-1.64313007644523E-14,30.1833229098691,7.5119791927269));
#1441=CARTESIAN_POINT('',(5.88847326237429,29.6033541802617,7.4651041927269));
#1442=CARTESIAN_POINT('',(11.5506576113326,27.8857542596071,7.4182291927269));
#1443=CARTESIAN_POINT('',(16.7689531120696,25.0965118613907,7.3713541927269));
#1444=CARTESIAN_POINT('',(21.3428323083117,21.3428323083118,7.3244791927269));
#1445=CARTESIAN_POINT('',(25.0965118613908,16.7689531120696,7.2776041927269));
#1446=CARTESIAN_POINT('',(27.8857542596071,11.5506576113326,7.2307291927269));
#1447=CARTESIAN_POINT('',(29.6033541802617,5.88847326237432,7.1838541927269));
#1448=CARTESIAN_POINT('',(30.1833229098691,2.44249065417534E-14,7.1369791927269));
#1449=CARTESIAN_POINT('',(29.6033541802617,-5.88847326237431,7.0901041927269));
#1450=CARTESIAN_POINT('',(27.8857542596072,-11.5506576113325,7.0432291927269));
#1451=CARTESIAN_POINT('',(25.0965118613907,-16.7689531120697,6.9963541927269));
#1452=CARTESIAN_POINT('',(21.3428323083118,-21.3428323083117,6.9494791927269));
#1453=CARTESIAN_POINT('',(16.7689531120696,-25.0965118613907,6.9026041927269));
#1454=CARTESIAN_POINT('',(11.5506576113326,-27.8857542596071,6.8557291927269));
#1455=CARTESIAN_POINT('',(5.8884732623744,-29.6033541802617,6.8088541927269));
#1456=CARTESIAN_POINT('',(1.13686837721616E-13,-30.1833229098692,6.7619791927269));
#1457=CARTESIAN_POINT('',(-5.88847326237441,-29.6033541802617,6.7151041927269));
#1458=CARTESIAN_POINT('',(-11.5506576113326,-27.8857542596071,6.6682291927269));
#1459=CARTESIAN_POINT('',(-16.7689531120696,-25.0965118613908,6.6213541927269));
#1460=CARTESIAN_POINT('',(-21.3428323083117,-21.3428323083118,6.5744791927269));
#1461=CARTESIAN_POINT('',(-25.0965118613907,-16.7689531120697,6.5276041927269));
#1462=CARTESIAN_POINT('',(-27.8857542596072,-11.5506576113325,6.4807291927269));
#1463=CARTESIAN_POINT('',(-29.6033541802617,-5.88847326237435,6.4338541927269));
#1464=CARTESIAN_POINT('',(-30.1833229098692,-2.30926389122033E-14,6.3869791927269));
#1465=CARTESIAN_POINT('',(-29.6033541802617,5.88847326237431,6.3401041927269));
#1466=CARTESIAN_POINT('',(-27.8857542596072,11.5506576113325,6.2932291927269));
#1467=CARTESIAN_POINT('',(-25.0965118613907,16.7689531120697,6.2463541927269));
#1468=CARTESIAN_POINT('',(-21.3428323083118,21.3428323083117,6.1994791927269));
#1469=CARTESIAN_POINT('',(-16.7689531120696,25.0965118613907,6.1526041927269));
#1470=CARTESIAN_POINT('',(-11.5506576113326,27.8857542596071,6.1057291927269));
#1471=CARTESIAN_POINT('',(-5.88847326237446,29.6033541802617,6.0588541927269));
#1472=CARTESIAN_POINT('',(6.88338275267597E-14,30.1833229098692,6.0119791927269));
#1473=CARTESIAN_POINT('',(5.88847326237436,29.6033541802617,5.9651041927269));
#1474=CARTESIAN_POINT('',(11.5506576113326,27.8857542596071,5.9182291927269));
#1475=CARTESIAN_POINT('',(16.7689531120696,25.0965118613908,5.8713541927269));
#1476=CARTESIAN_POINT('',(21.3428323083117,21.3428323083118,5.8244791927269));
#1477=CARTESIAN_POINT('',(25.0965118613907,16.7689531120697,5.7776041927269));
#1478=CARTESIAN_POINT('',(27.8857542596071,11.5506576113325,5.7307291927269));
#1479=CARTESIAN_POINT('',(29.6033541802617,5.88847326237435,5.6838541927269));
#1480=CARTESIAN_POINT('',(30.1833229098691,2.57571741713036E-14,5.6369791927269));
#1481=CARTESIAN_POINT('',(29.6033541802617,-5.8884732623743,5.5901041927269));
#1482=CARTESIAN_POINT('',(27.8857542596072,-11.5506576113325,5.5432291927269));
#1483=CARTESIAN_POINT('',(25.0965118613907,-16.7689531120697,5.4963541927269));
#1484=CARTESIAN_POINT('',(21.3428323083118,-21.3428323083117,5.4494791927269));
#1485=CARTESIAN_POINT('',(16.7689531120696,-25.0965118613907,5.4026041927269));
#1486=CARTESIAN_POINT('',(11.5506576113326,-27.8857542596071,5.3557291927269));
#1487=CARTESIAN_POINT('',(5.88847326237441,-29.6033541802617,5.3088541927269));
#1488=CARTESIAN_POINT('',(1.19459997449667E-13,-30.1833229098692,5.2619791927269));
#1489=CARTESIAN_POINT('',(-5.8884732623744,-29.6033541802617,5.2151041927269));
#1490=CARTESIAN_POINT('',(-11.5506576113326,-27.8857542596071,5.1682291927269));
#1491=CARTESIAN_POINT('',(-16.7689531120696,-25.0965118613908,5.1213541927269));
#1492=CARTESIAN_POINT('',(-21.3428323083117,-21.3428323083118,5.0744791927269));
#1493=CARTESIAN_POINT('',(-25.0965118613907,-16.7689531120697,5.0276041927269));
#1494=CARTESIAN_POINT('',(-27.8857542596071,-11.5506576113325,4.9807291927269));
#1495=CARTESIAN_POINT('',(-29.6033541802617,-5.88847326237436,4.9338541927269));
#1496=CARTESIAN_POINT('',(-30.1833229098691,-2.8421709430404E-14,4.8869791927269));
#1497=CARTESIAN_POINT('',(-29.6033541802617,5.8884732623743,4.8401041927269));
#1498=CARTESIAN_POINT('',(-27.8857542596072,11.5506576113325,4.7932291927269));
#1499=CARTESIAN_POINT('',(-25.0965118613907,16.7689531120697,4.7463541927269));
#1500=CARTESIAN_POINT('',(-21.3428323083118,21.3428323083117,4.6994791927269));
#1501=CARTESIAN_POINT('',(-16.7689531120696,25.0965118613907,4.6526041927269));
#1502=CARTESIAN_POINT('',(-11.5506576113326,27.8857542596071,4.6057291927269));
#1503=CARTESIAN_POINT('',(-5.88847326237446,29.6033541802617,4.5588541927269));
#1504=CARTESIAN_POINT('',(6.17284001691587E-14,30.1833229098692,4.5119791927269));
#1505=CARTESIAN_POINT('',(5.88847326237435,29.6033541802617,4.4651041927269));
#1506=CARTESIAN_POINT('',(11.5506576113326,27.8857542596071,4.4182291927269));
#1507=CARTESIAN_POINT('',(16.7689531120696,25.0965118613908,4.3713541927269));
#1508=CARTESIAN_POINT('',(21.3428323083117,21.3428323083118,4.3244791927269));
#1509=CARTESIAN_POINT('',(25.0965118613907,16.7689531120697,4.2776041927269));
#1510=CARTESIAN_POINT('',(27.8857542596071,11.5506576113325,4.2307291927269));
#1511=CARTESIAN_POINT('',(29.6033541802617,5.88847326237436,4.1838541927269));
#1512=CARTESIAN_POINT('',(30.1833229098691,3.37507799486048E-14,4.1369791927269));
#1513=CARTESIAN_POINT('',(29.6033541802617,-5.8884732623743,4.0901041927269));
#1514=CARTESIAN_POINT('',(27.8857542596072,-11.5506576113325,4.0432291927269));
#1515=CARTESIAN_POINT('',(25.0965118613907,-16.7689531120697,3.9963541927269));
#1516=CARTESIAN_POINT('',(21.3428323083118,-21.3428323083117,3.9494791927269));
#1517=CARTESIAN_POINT('',(16.7689531120696,-25.0965118613907,3.9026041927269));
#1518=CARTESIAN_POINT('',(11.5506576113326,-27.8857542596071,3.8557291927269));
#1519=CARTESIAN_POINT('',(5.88847326237441,-29.6033541802617,3.8088541927269));
#1520=CARTESIAN_POINT('',(1.27453603226968E-13,-30.1833229098692,3.7619791927269));
#1521=CARTESIAN_POINT('',(-5.8884732623744,-29.6033541802617,3.7151041927269));
#1522=CARTESIAN_POINT('',(-11.5506576113325,-27.8857542596071,3.6682291927269));
#1523=CARTESIAN_POINT('',(-16.7689531120696,-25.0965118613908,3.6213541927269));
#1524=CARTESIAN_POINT('',(-21.3428323083117,-21.3428323083118,3.5744791927269));
#1525=CARTESIAN_POINT('',(-25.0965118613907,-16.7689531120697,3.5276041927269));
#1526=CARTESIAN_POINT('',(-27.7047771175081,-11.889241381232,3.48377062919055));
#1527=CARTESIAN_POINT('',(-28.8011641321546,-8.50783502172863,3.4555620656542));
#1528=CARTESIAN_POINT('',(-29.168664937696,-6.97038291501731,3.44297850211785));
#1529=CARTESIAN_POINT('',(-30.9283171475545,0.,11.4287168504527));
#1530=CARTESIAN_POINT('',(-30.9283171475545,2.02425362372193,11.4130918504527));
#1531=CARTESIAN_POINT('',(-30.5295740819779,6.07270985573887,11.3818418504527));
#1532=CARTESIAN_POINT('',(-28.758234466152,11.9120507457855,11.3349668504527));
#1533=CARTESIAN_POINT('',(-25.881723179275,17.2936145409323,11.2880918504527));
#1534=CARTESIAN_POINT('',(-22.0105997485341,22.0105997485341,11.2412168504527));
#1535=CARTESIAN_POINT('',(-17.2936145409323,25.881723179275,11.1943418504527));
#1536=CARTESIAN_POINT('',(-11.9120507457855,28.758234466152,11.1474668504527));
#1537=CARTESIAN_POINT('',(-6.07270985573887,30.5295740819779,11.1005918504527));
#1538=CARTESIAN_POINT('',(-1.33226762955019E-15,31.1276886803428,11.0537168504527));
#1539=CARTESIAN_POINT('',(6.07270985573887,30.5295740819779,11.0068418504527));
#1540=CARTESIAN_POINT('',(11.9120507457855,28.758234466152,10.9599668504527));
#1541=CARTESIAN_POINT('',(17.2936145409323,25.881723179275,10.9130918504527));
#1542=CARTESIAN_POINT('',(22.0105997485341,22.0105997485341,10.8662168504527));
#1543=CARTESIAN_POINT('',(25.881723179275,17.2936145409323,10.8193418504527));
#1544=CARTESIAN_POINT('',(28.758234466152,11.9120507457855,10.7724668504527));
#1545=CARTESIAN_POINT('',(30.5295740819779,6.07270985573889,10.7255918504527));
#1546=CARTESIAN_POINT('',(31.1276886803428,3.10862446895044E-15,10.6787168504527));
#1547=CARTESIAN_POINT('',(30.5295740819779,-6.07270985573888,10.6318418504527));
#1548=CARTESIAN_POINT('',(28.758234466152,-11.9120507457855,10.5849668504527));
#1549=CARTESIAN_POINT('',(25.881723179275,-17.2936145409323,10.5380918504527));
#1550=CARTESIAN_POINT('',(22.0105997485341,-22.0105997485341,10.4912168504527));
#1551=CARTESIAN_POINT('',(17.2936145409323,-25.881723179275,10.4443418504527));
#1552=CARTESIAN_POINT('',(11.9120507457856,-28.758234466152,10.3974668504527));
#1553=CARTESIAN_POINT('',(6.07270985573889,-30.5295740819779,10.3505918504527));
#1554=CARTESIAN_POINT('',(4.44089209850063E-15,-31.1276886803428,10.3037168504527));
#1555=CARTESIAN_POINT('',(-6.07270985573887,-30.5295740819779,10.2568418504527));
#1556=CARTESIAN_POINT('',(-11.9120507457856,-28.758234466152,10.2099668504527));
#1557=CARTESIAN_POINT('',(-17.2936145409323,-25.881723179275,10.1630918504527));
#1558=CARTESIAN_POINT('',(-22.0105997485341,-22.0105997485341,10.1162168504527));
#1559=CARTESIAN_POINT('',(-25.881723179275,-17.2936145409323,10.0693418504527));
#1560=CARTESIAN_POINT('',(-28.758234466152,-11.9120507457856,10.0224668504527));
#1561=CARTESIAN_POINT('',(-30.5295740819779,-6.07270985573889,9.97559185045273));
#1562=CARTESIAN_POINT('',(-31.1276886803428,-6.66133814775094E-15,9.92871685045273));
#1563=CARTESIAN_POINT('',(-30.5295740819779,6.07270985573887,9.88184185045273));
#1564=CARTESIAN_POINT('',(-28.758234466152,11.9120507457855,9.83496685045273));
#1565=CARTESIAN_POINT('',(-25.881723179275,17.2936145409323,9.78809185045273));
#1566=CARTESIAN_POINT('',(-22.0105997485341,22.0105997485341,9.74121685045273));
#1567=CARTESIAN_POINT('',(-17.2936145409323,25.881723179275,9.69434185045273));
#1568=CARTESIAN_POINT('',(-11.9120507457856,28.758234466152,9.64746685045273));
#1569=CARTESIAN_POINT('',(-6.07270985573889,30.5295740819779,9.60059185045273));
#1570=CARTESIAN_POINT('',(4.44089209850063E-15,31.1276886803428,9.55371685045273));
#1571=CARTESIAN_POINT('',(6.07270985573881,30.5295740819779,9.50684185045273));
#1572=CARTESIAN_POINT('',(11.9120507457856,28.758234466152,9.45996685045273));
#1573=CARTESIAN_POINT('',(17.2936145409323,25.881723179275,9.41309185045273));
#1574=CARTESIAN_POINT('',(22.0105997485341,22.0105997485342,9.36621685045273));
#1575=CARTESIAN_POINT('',(25.881723179275,17.2936145409323,9.31934185045273));
#1576=CARTESIAN_POINT('',(28.758234466152,11.9120507457856,9.27246685045273));
#1577=CARTESIAN_POINT('',(30.5295740819779,6.07270985573884,9.22559185045273));
#1578=CARTESIAN_POINT('',(31.1276886803428,1.11022302462516E-14,9.17871685045273));
#1579=CARTESIAN_POINT('',(30.5295740819779,-6.07270985573881,9.13184185045273));
#1580=CARTESIAN_POINT('',(28.758234466152,-11.9120507457856,9.08496685045273));
#1581=CARTESIAN_POINT('',(25.881723179275,-17.2936145409323,9.03809185045273));
#1582=CARTESIAN_POINT('',(22.0105997485341,-22.0105997485342,8.99121685045273));
#1583=CARTESIAN_POINT('',(17.2936145409323,-25.881723179275,8.94434185045273));
#1584=CARTESIAN_POINT('',(11.9120507457856,-28.758234466152,8.89746685045273));
#1585=CARTESIAN_POINT('',(6.07270985573884,-30.5295740819779,8.85059185045273));
#1586=CARTESIAN_POINT('',(1.24344978758018E-14,-31.1276886803428,8.80371685045273));
#1587=CARTESIAN_POINT('',(-6.07270985573881,-30.5295740819779,8.75684185045273));
#1588=CARTESIAN_POINT('',(-11.9120507457856,-28.758234466152,8.70996685045273));
#1589=CARTESIAN_POINT('',(-17.2936145409323,-25.881723179275,8.66309185045273));
#1590=CARTESIAN_POINT('',(-22.0105997485341,-22.0105997485342,8.61621685045273));
#1591=CARTESIAN_POINT('',(-25.881723179275,-17.2936145409323,8.56934185045273));
#1592=CARTESIAN_POINT('',(-28.758234466152,-11.9120507457856,8.52246685045273));
#1593=CARTESIAN_POINT('',(-30.5295740819779,-6.07270985573884,8.47559185045273));
#1594=CARTESIAN_POINT('',(-31.1276886803428,-1.46549439250521E-14,8.42871685045273));
#1595=CARTESIAN_POINT('',(-30.5295740819779,6.07270985573881,8.38184185045273));
#1596=CARTESIAN_POINT('',(-28.758234466152,11.9120507457856,8.33496685045273));
#1597=CARTESIAN_POINT('',(-25.881723179275,17.2936145409323,8.28809185045273));
#1598=CARTESIAN_POINT('',(-22.0105997485341,22.0105997485341,8.24121685045273));
#1599=CARTESIAN_POINT('',(-17.2936145409323,25.881723179275,8.19434185045273));
#1600=CARTESIAN_POINT('',(-11.9120507457856,28.758234466152,8.14746685045273));
#1601=CARTESIAN_POINT('',(-6.07270985573884,30.5295740819779,8.10059185045273));
#1602=CARTESIAN_POINT('',(-1.59872115546023E-14,31.1276886803428,8.05371685045273));
#1603=CARTESIAN_POINT('',(6.07270985573881,30.5295740819779,8.00684185045273));
#1604=CARTESIAN_POINT('',(11.9120507457856,28.758234466152,7.95996685045273));
#1605=CARTESIAN_POINT('',(17.2936145409323,25.881723179275,7.91309185045273));
#1606=CARTESIAN_POINT('',(22.0105997485341,22.0105997485342,7.86621685045273));
#1607=CARTESIAN_POINT('',(25.881723179275,17.2936145409323,7.81934185045273));
#1608=CARTESIAN_POINT('',(28.758234466152,11.9120507457856,7.77246685045273));
#1609=CARTESIAN_POINT('',(30.5295740819779,6.07270985573884,7.72559185045273));
#1610=CARTESIAN_POINT('',(31.1276886803428,2.44249065417534E-14,7.67871685045273));
#1611=CARTESIAN_POINT('',(30.5295740819779,-6.07270985573883,7.63184185045273));
#1612=CARTESIAN_POINT('',(28.758234466152,-11.9120507457854,7.58496685045273));
#1613=CARTESIAN_POINT('',(25.8817231792749,-17.2936145409324,7.53809185045273));
#1614=CARTESIAN_POINT('',(22.0105997485341,-22.0105997485341,7.49121685045273));
#1615=CARTESIAN_POINT('',(17.2936145409323,-25.881723179275,7.44434185045273));
#1616=CARTESIAN_POINT('',(11.9120507457856,-28.758234466152,7.39746685045273));
#1617=CARTESIAN_POINT('',(6.07270985573892,-30.5295740819779,7.35059185045273));
#1618=CARTESIAN_POINT('',(1.16795462190566E-13,-31.1276886803428,7.30371685045273));
#1619=CARTESIAN_POINT('',(-6.07270985573894,-30.5295740819779,7.25684185045273));
#1620=CARTESIAN_POINT('',(-11.9120507457855,-28.758234466152,7.20996685045273));
#1621=CARTESIAN_POINT('',(-17.2936145409323,-25.881723179275,7.16309185045273));
#1622=CARTESIAN_POINT('',(-22.0105997485341,-22.0105997485341,7.11621685045273));
#1623=CARTESIAN_POINT('',(-25.8817231792749,-17.2936145409324,7.06934185045273));
#1624=CARTESIAN_POINT('',(-28.758234466152,-11.9120507457855,7.02246685045273));
#1625=CARTESIAN_POINT('',(-30.5295740819779,-6.07270985573887,6.97559185045273));
#1626=CARTESIAN_POINT('',(-31.1276886803428,-2.30926389122033E-14,6.92871685045273));
#1627=CARTESIAN_POINT('',(-30.5295740819779,6.07270985573883,6.88184185045273));
#1628=CARTESIAN_POINT('',(-28.758234466152,11.9120507457854,6.83496685045273));
#1629=CARTESIAN_POINT('',(-25.8817231792749,17.2936145409323,6.78809185045273));
#1630=CARTESIAN_POINT('',(-22.0105997485341,22.0105997485341,6.74121685045273));
#1631=CARTESIAN_POINT('',(-17.2936145409323,25.881723179275,6.69434185045273));
#1632=CARTESIAN_POINT('',(-11.9120507457856,28.758234466152,6.64746685045273));
#1633=CARTESIAN_POINT('',(-6.07270985573898,30.5295740819779,6.60059185045273));
#1634=CARTESIAN_POINT('',(7.105427357601E-14,31.1276886803428,6.55371685045273));
#1635=CARTESIAN_POINT('',(6.07270985573888,30.5295740819779,6.50684185045273));
#1636=CARTESIAN_POINT('',(11.9120507457855,28.758234466152,6.45996685045273));
#1637=CARTESIAN_POINT('',(17.2936145409323,25.881723179275,6.41309185045273));
#1638=CARTESIAN_POINT('',(22.0105997485341,22.0105997485341,6.36621685045273));
#1639=CARTESIAN_POINT('',(25.8817231792749,17.2936145409324,6.31934185045273));
#1640=CARTESIAN_POINT('',(28.758234466152,11.9120507457855,6.27246685045273));
#1641=CARTESIAN_POINT('',(30.5295740819779,6.07270985573888,6.22559185045273));
#1642=CARTESIAN_POINT('',(31.1276886803428,2.57571741713036E-14,6.17871685045273));
#1643=CARTESIAN_POINT('',(30.5295740819779,-6.07270985573882,6.13184185045273));
#1644=CARTESIAN_POINT('',(28.758234466152,-11.9120507457854,6.08496685045273));
#1645=CARTESIAN_POINT('',(25.8817231792749,-17.2936145409324,6.03809185045273));
#1646=CARTESIAN_POINT('',(22.0105997485341,-22.0105997485341,5.99121685045273));
#1647=CARTESIAN_POINT('',(17.2936145409323,-25.881723179275,5.94434185045273));
#1648=CARTESIAN_POINT('',(11.9120507457856,-28.758234466152,5.89746685045273));
#1649=CARTESIAN_POINT('',(6.07270985573893,-30.5295740819779,5.85059185045273));
#1650=CARTESIAN_POINT('',(1.24344978758018E-13,-31.1276886803428,5.80371685045273));
#1651=CARTESIAN_POINT('',(-6.07270985573893,-30.5295740819779,5.75684185045273));
#1652=CARTESIAN_POINT('',(-11.9120507457855,-28.758234466152,5.70996685045273));
#1653=CARTESIAN_POINT('',(-17.2936145409323,-25.881723179275,5.66309185045273));
#1654=CARTESIAN_POINT('',(-22.0105997485341,-22.0105997485342,5.61621685045273));
#1655=CARTESIAN_POINT('',(-25.8817231792749,-17.2936145409324,5.56934185045273));
#1656=CARTESIAN_POINT('',(-28.758234466152,-11.9120507457855,5.52246685045273));
#1657=CARTESIAN_POINT('',(-30.5295740819779,-6.07270985573888,5.47559185045273));
#1658=CARTESIAN_POINT('',(-31.1276886803428,-2.8421709430404E-14,5.42871685045273));
#1659=CARTESIAN_POINT('',(-30.5295740819779,6.07270985573882,5.38184185045273));
#1660=CARTESIAN_POINT('',(-28.758234466152,11.9120507457854,5.33496685045273));
#1661=CARTESIAN_POINT('',(-25.8817231792749,17.2936145409324,5.28809185045273));
#1662=CARTESIAN_POINT('',(-22.0105997485341,22.0105997485341,5.24121685045273));
#1663=CARTESIAN_POINT('',(-17.2936145409323,25.881723179275,5.19434185045273));
#1664=CARTESIAN_POINT('',(-11.9120507457856,28.758234466152,5.14746685045273));
#1665=CARTESIAN_POINT('',(-6.07270985573899,30.5295740819779,5.10059185045273));
#1666=CARTESIAN_POINT('',(6.3948846218409E-14,31.1276886803428,5.05371685045273));
#1667=CARTESIAN_POINT('',(6.07270985573887,30.5295740819779,5.00684185045273));
#1668=CARTESIAN_POINT('',(11.9120507457855,28.758234466152,4.95996685045273));
#1669=CARTESIAN_POINT('',(17.2936145409323,25.881723179275,4.91309185045273));
#1670=CARTESIAN_POINT('',(22.0105997485341,22.0105997485341,4.86621685045273));
#1671=CARTESIAN_POINT('',(25.8817231792749,17.2936145409324,4.81934185045273));
#1672=CARTESIAN_POINT('',(28.758234466152,11.9120507457855,4.77246685045273));
#1673=CARTESIAN_POINT('',(30.5295740819779,6.07270985573888,4.72559185045273));
#1674=CARTESIAN_POINT('',(31.1276886803428,3.37507799486048E-14,4.67871685045273));
#1675=CARTESIAN_POINT('',(30.5295740819779,-6.07270985573882,4.63184185045273));
#1676=CARTESIAN_POINT('',(28.758234466152,-11.9120507457854,4.58496685045273));
#1677=CARTESIAN_POINT('',(25.8817231792749,-17.2936145409324,4.53809185045273));
#1678=CARTESIAN_POINT('',(22.0105997485341,-22.0105997485341,4.49121685045273));
#1679=CARTESIAN_POINT('',(17.2936145409323,-25.881723179275,4.44434185045273));
#1680=CARTESIAN_POINT('',(11.9120507457856,-28.758234466152,4.39746685045273));
#1681=CARTESIAN_POINT('',(6.07270985573894,-30.5295740819779,4.35059185045273));
#1682=CARTESIAN_POINT('',(1.31450406115619E-13,-31.1276886803428,4.30371685045273));
#1683=CARTESIAN_POINT('',(-6.07270985573892,-30.5295740819779,4.25684185045273));
#1684=CARTESIAN_POINT('',(-11.9120507457855,-28.758234466152,4.20996685045273));
#1685=CARTESIAN_POINT('',(-17.2936145409323,-25.881723179275,4.16309185045273));
#1686=CARTESIAN_POINT('',(-22.0105997485341,-22.0105997485342,4.11621685045273));
#1687=CARTESIAN_POINT('',(-25.8817231792749,-17.2936145409324,4.06934185045273));
#1688=CARTESIAN_POINT('',(-28.5715949714105,-12.2612280120898,4.02550828691638));
#1689=CARTESIAN_POINT('',(-29.7022853783945,-8.77402533481475,3.99729972338003));
#1690=CARTESIAN_POINT('',(-30.0812844269362,-7.18846993783097,3.98471615984368));
#1691=CARTESIAN_POINT('',(-30.0812844269362,-7.18846993783097,4.12728245893822));
#1692=CARTESIAN_POINT('',(-29.168664937696,-6.97038291501731,4.66902011666405));
#1693=CARTESIAN_POINT('',(-30.9283171475545,0.,11.5712831495473));
#1694=CARTESIAN_POINT('',(-30.9283171475545,2.02425362372193,11.5556581495473));
#1695=CARTESIAN_POINT('',(-30.5295740819779,6.07270985573887,11.5244081495473));
#1696=CARTESIAN_POINT('',(-28.758234466152,11.9120507457855,11.4775331495473));
#1697=CARTESIAN_POINT('',(-25.881723179275,17.2936145409323,11.4306581495473));
#1698=CARTESIAN_POINT('',(-22.0105997485341,22.0105997485341,11.3837831495473));
#1699=CARTESIAN_POINT('',(-17.2936145409323,25.881723179275,11.3369081495473));
#1700=CARTESIAN_POINT('',(-11.9120507457855,28.758234466152,11.2900331495473));
#1701=CARTESIAN_POINT('',(-6.07270985573887,30.5295740819779,11.2431581495473));
#1702=CARTESIAN_POINT('',(-1.33226762955019E-15,31.1276886803428,11.1962831495473));
#1703=CARTESIAN_POINT('',(6.07270985573887,30.5295740819779,11.1494081495473));
#1704=CARTESIAN_POINT('',(11.9120507457855,28.758234466152,11.1025331495473));
#1705=CARTESIAN_POINT('',(17.2936145409323,25.881723179275,11.0556581495473));
#1706=CARTESIAN_POINT('',(22.0105997485341,22.0105997485341,11.0087831495473));
#1707=CARTESIAN_POINT('',(25.881723179275,17.2936145409323,10.9619081495473));
#1708=CARTESIAN_POINT('',(28.758234466152,11.9120507457855,10.9150331495473));
#1709=CARTESIAN_POINT('',(30.5295740819779,6.07270985573889,10.8681581495473));
#1710=CARTESIAN_POINT('',(31.1276886803428,3.10862446895044E-15,10.8212831495473));
#1711=CARTESIAN_POINT('',(30.5295740819779,-6.07270985573888,10.7744081495473));
#1712=CARTESIAN_POINT('',(28.758234466152,-11.9120507457855,10.7275331495473));
#1713=CARTESIAN_POINT('',(25.881723179275,-17.2936145409323,10.6806581495473));
#1714=CARTESIAN_POINT('',(22.0105997485341,-22.0105997485341,10.6337831495473));
#1715=CARTESIAN_POINT('',(17.2936145409323,-25.881723179275,10.5869081495473));
#1716=CARTESIAN_POINT('',(11.9120507457856,-28.758234466152,10.5400331495473));
#1717=CARTESIAN_POINT('',(6.07270985573889,-30.5295740819779,10.4931581495473));
#1718=CARTESIAN_POINT('',(4.44089209850063E-15,-31.1276886803428,10.4462831495473));
#1719=CARTESIAN_POINT('',(-6.07270985573887,-30.5295740819779,10.3994081495473));
#1720=CARTESIAN_POINT('',(-11.9120507457856,-28.758234466152,10.3525331495473));
#1721=CARTESIAN_POINT('',(-17.2936145409323,-25.881723179275,10.3056581495473));
#1722=CARTESIAN_POINT('',(-22.0105997485341,-22.0105997485341,10.2587831495473));
#1723=CARTESIAN_POINT('',(-25.881723179275,-17.2936145409323,10.2119081495473));
#1724=CARTESIAN_POINT('',(-28.758234466152,-11.9120507457856,10.1650331495473));
#1725=CARTESIAN_POINT('',(-30.5295740819779,-6.07270985573889,10.1181581495473));
#1726=CARTESIAN_POINT('',(-31.1276886803428,-6.66133814775094E-15,10.0712831495473));
#1727=CARTESIAN_POINT('',(-30.5295740819779,6.07270985573887,10.0244081495473));
#1728=CARTESIAN_POINT('',(-28.758234466152,11.9120507457855,9.97753314954727));
#1729=CARTESIAN_POINT('',(-25.881723179275,17.2936145409323,9.93065814954727));
#1730=CARTESIAN_POINT('',(-22.0105997485341,22.0105997485341,9.88378314954727));
#1731=CARTESIAN_POINT('',(-17.2936145409323,25.881723179275,9.83690814954727));
#1732=CARTESIAN_POINT('',(-11.9120507457856,28.758234466152,9.79003314954727));
#1733=CARTESIAN_POINT('',(-6.07270985573889,30.5295740819779,9.74315814954727));
#1734=CARTESIAN_POINT('',(4.44089209850063E-15,31.1276886803428,9.69628314954727));
#1735=CARTESIAN_POINT('',(6.07270985573881,30.5295740819779,9.64940814954727));
#1736=CARTESIAN_POINT('',(11.9120507457856,28.758234466152,9.60253314954727));
#1737=CARTESIAN_POINT('',(17.2936145409323,25.881723179275,9.55565814954727));
#1738=CARTESIAN_POINT('',(22.0105997485341,22.0105997485342,9.50878314954727));
#1739=CARTESIAN_POINT('',(25.881723179275,17.2936145409323,9.46190814954727));
#1740=CARTESIAN_POINT('',(28.758234466152,11.9120507457856,9.41503314954727));
#1741=CARTESIAN_POINT('',(30.5295740819779,6.07270985573884,9.36815814954727));
#1742=CARTESIAN_POINT('',(31.1276886803428,1.11022302462516E-14,9.32128314954727));
#1743=CARTESIAN_POINT('',(30.5295740819779,-6.07270985573881,9.27440814954727));
#1744=CARTESIAN_POINT('',(28.758234466152,-11.9120507457856,9.22753314954727));
#1745=CARTESIAN_POINT('',(25.881723179275,-17.2936145409323,9.18065814954727));
#1746=CARTESIAN_POINT('',(22.0105997485341,-22.0105997485342,9.13378314954727));
#1747=CARTESIAN_POINT('',(17.2936145409323,-25.881723179275,9.08690814954727));
#1748=CARTESIAN_POINT('',(11.9120507457856,-28.758234466152,9.04003314954727));
#1749=CARTESIAN_POINT('',(6.07270985573884,-30.5295740819779,8.99315814954727));
#1750=CARTESIAN_POINT('',(1.24344978758018E-14,-31.1276886803428,8.94628314954727));
#1751=CARTESIAN_POINT('',(-6.07270985573881,-30.5295740819779,8.89940814954727));
#1752=CARTESIAN_POINT('',(-11.9120507457856,-28.758234466152,8.85253314954727));
#1753=CARTESIAN_POINT('',(-17.2936145409323,-25.881723179275,8.80565814954727));
#1754=CARTESIAN_POINT('',(-22.0105997485341,-22.0105997485342,8.75878314954727));
#1755=CARTESIAN_POINT('',(-25.881723179275,-17.2936145409323,8.71190814954727));
#1756=CARTESIAN_POINT('',(-28.758234466152,-11.9120507457856,8.66503314954727));
#1757=CARTESIAN_POINT('',(-30.5295740819779,-6.07270985573884,8.61815814954727));
#1758=CARTESIAN_POINT('',(-31.1276886803428,-1.46549439250521E-14,8.57128314954727));
#1759=CARTESIAN_POINT('',(-30.5295740819779,6.07270985573881,8.52440814954727));
#1760=CARTESIAN_POINT('',(-28.758234466152,11.9120507457856,8.47753314954727));
#1761=CARTESIAN_POINT('',(-25.881723179275,17.2936145409323,8.43065814954727));
#1762=CARTESIAN_POINT('',(-22.0105997485341,22.0105997485341,8.38378314954727));
#1763=CARTESIAN_POINT('',(-17.2936145409323,25.881723179275,8.33690814954727));
#1764=CARTESIAN_POINT('',(-11.9120507457856,28.758234466152,8.29003314954727));
#1765=CARTESIAN_POINT('',(-6.07270985573884,30.5295740819779,8.24315814954727));
#1766=CARTESIAN_POINT('',(-1.59872115546023E-14,31.1276886803428,8.19628314954727));
#1767=CARTESIAN_POINT('',(6.07270985573881,30.5295740819779,8.14940814954727));
#1768=CARTESIAN_POINT('',(11.9120507457856,28.758234466152,8.10253314954727));
#1769=CARTESIAN_POINT('',(17.2936145409323,25.881723179275,8.05565814954727));
#1770=CARTESIAN_POINT('',(22.0105997485341,22.0105997485342,8.00878314954727));
#1771=CARTESIAN_POINT('',(25.881723179275,17.2936145409323,7.96190814954727));
#1772=CARTESIAN_POINT('',(28.758234466152,11.9120507457856,7.91503314954727));
#1773=CARTESIAN_POINT('',(30.5295740819779,6.07270985573884,7.86815814954727));
#1774=CARTESIAN_POINT('',(31.1276886803428,2.44249065417534E-14,7.82128314954727));
#1775=CARTESIAN_POINT('',(30.5295740819779,-6.07270985573883,7.77440814954727));
#1776=CARTESIAN_POINT('',(28.758234466152,-11.9120507457854,7.72753314954727));
#1777=CARTESIAN_POINT('',(25.8817231792749,-17.2936145409324,7.68065814954727));
#1778=CARTESIAN_POINT('',(22.0105997485341,-22.0105997485341,7.63378314954727));
#1779=CARTESIAN_POINT('',(17.2936145409323,-25.881723179275,7.58690814954727));
#1780=CARTESIAN_POINT('',(11.9120507457856,-28.758234466152,7.54003314954727));
#1781=CARTESIAN_POINT('',(6.07270985573892,-30.5295740819779,7.49315814954727));
#1782=CARTESIAN_POINT('',(1.16795462190566E-13,-31.1276886803428,7.44628314954727));
#1783=CARTESIAN_POINT('',(-6.07270985573894,-30.5295740819779,7.39940814954727));
#1784=CARTESIAN_POINT('',(-11.9120507457855,-28.758234466152,7.35253314954727));
#1785=CARTESIAN_POINT('',(-17.2936145409323,-25.881723179275,7.30565814954727));
#1786=CARTESIAN_POINT('',(-22.0105997485341,-22.0105997485341,7.25878314954727));
#1787=CARTESIAN_POINT('',(-25.8817231792749,-17.2936145409324,7.21190814954727));
#1788=CARTESIAN_POINT('',(-28.758234466152,-11.9120507457855,7.16503314954727));
#1789=CARTESIAN_POINT('',(-30.5295740819779,-6.07270985573887,7.11815814954727));
#1790=CARTESIAN_POINT('',(-31.1276886803428,-2.30926389122033E-14,7.07128314954727));
#1791=CARTESIAN_POINT('',(-30.5295740819779,6.07270985573883,7.02440814954727));
#1792=CARTESIAN_POINT('',(-28.758234466152,11.9120507457854,6.97753314954727));
#1793=CARTESIAN_POINT('',(-25.8817231792749,17.2936145409323,6.93065814954727));
#1794=CARTESIAN_POINT('',(-22.0105997485341,22.0105997485341,6.88378314954727));
#1795=CARTESIAN_POINT('',(-17.2936145409323,25.881723179275,6.83690814954727));
#1796=CARTESIAN_POINT('',(-11.9120507457856,28.758234466152,6.79003314954727));
#1797=CARTESIAN_POINT('',(-6.07270985573898,30.5295740819779,6.74315814954727));
#1798=CARTESIAN_POINT('',(7.105427357601E-14,31.1276886803428,6.69628314954727));
#1799=CARTESIAN_POINT('',(6.07270985573888,30.5295740819779,6.64940814954727));
#1800=CARTESIAN_POINT('',(11.9120507457855,28.758234466152,6.60253314954727));
#1801=CARTESIAN_POINT('',(17.2936145409323,25.881723179275,6.55565814954727));
#1802=CARTESIAN_POINT('',(22.0105997485341,22.0105997485341,6.50878314954727));
#1803=CARTESIAN_POINT('',(25.8817231792749,17.2936145409324,6.46190814954727));
#1804=CARTESIAN_POINT('',(28.758234466152,11.9120507457855,6.41503314954727));
#1805=CARTESIAN_POINT('',(30.5295740819779,6.07270985573888,6.36815814954727));
#1806=CARTESIAN_POINT('',(31.1276886803428,2.57571741713036E-14,6.32128314954727));
#1807=CARTESIAN_POINT('',(30.5295740819779,-6.07270985573882,6.27440814954727));
#1808=CARTESIAN_POINT('',(28.758234466152,-11.9120507457854,6.22753314954727));
#1809=CARTESIAN_POINT('',(25.8817231792749,-17.2936145409324,6.18065814954727));
#1810=CARTESIAN_POINT('',(22.0105997485341,-22.0105997485341,6.13378314954727));
#1811=CARTESIAN_POINT('',(17.2936145409323,-25.881723179275,6.08690814954727));
#1812=CARTESIAN_POINT('',(11.9120507457856,-28.758234466152,6.04003314954727));
#1813=CARTESIAN_POINT('',(6.07270985573893,-30.5295740819779,5.99315814954727));
#1814=CARTESIAN_POINT('',(1.24344978758018E-13,-31.1276886803428,5.94628314954727));
#1815=CARTESIAN_POINT('',(-6.07270985573893,-30.5295740819779,5.89940814954727));
#1816=CARTESIAN_POINT('',(-11.9120507457855,-28.758234466152,5.85253314954727));
#1817=CARTESIAN_POINT('',(-17.2936145409323,-25.881723179275,5.80565814954727));
#1818=CARTESIAN_POINT('',(-22.0105997485341,-22.0105997485342,5.75878314954727));
#1819=CARTESIAN_POINT('',(-25.8817231792749,-17.2936145409324,5.71190814954727));
#1820=CARTESIAN_POINT('',(-28.758234466152,-11.9120507457855,5.66503314954727));
#1821=CARTESIAN_POINT('',(-30.5295740819779,-6.07270985573888,5.61815814954727));
#1822=CARTESIAN_POINT('',(-31.1276886803428,-2.8421709430404E-14,5.57128314954727));
#1823=CARTESIAN_POINT('',(-30.5295740819779,6.07270985573882,5.52440814954727));
#1824=CARTESIAN_POINT('',(-28.758234466152,11.9120507457854,5.47753314954727));
#1825=CARTESIAN_POINT('',(-25.8817231792749,17.2936145409324,5.43065814954727));
#1826=CARTESIAN_POINT('',(-22.0105997485341,22.0105997485341,5.38378314954727));
#1827=CARTESIAN_POINT('',(-17.2936145409323,25.881723179275,5.33690814954727));
#1828=CARTESIAN_POINT('',(-11.9120507457856,28.758234466152,5.29003314954727));
#1829=CARTESIAN_POINT('',(-6.07270985573899,30.5295740819779,5.24315814954727));
#1830=CARTESIAN_POINT('',(6.3948846218409E-14,31.1276886803428,5.19628314954727));
#1831=CARTESIAN_POINT('',(6.07270985573887,30.5295740819779,5.14940814954727));
#1832=CARTESIAN_POINT('',(11.9120507457855,28.758234466152,5.10253314954727));
#1833=CARTESIAN_POINT('',(17.2936145409323,25.881723179275,5.05565814954727));
#1834=CARTESIAN_POINT('',(22.0105997485341,22.0105997485341,5.00878314954727));
#1835=CARTESIAN_POINT('',(25.8817231792749,17.2936145409324,4.96190814954727));
#1836=CARTESIAN_POINT('',(28.758234466152,11.9120507457855,4.91503314954727));
#1837=CARTESIAN_POINT('',(30.5295740819779,6.07270985573888,4.86815814954727));
#1838=CARTESIAN_POINT('',(31.1276886803428,3.37507799486048E-14,4.82128314954727));
#1839=CARTESIAN_POINT('',(30.5295740819779,-6.07270985573882,4.77440814954727));
#1840=CARTESIAN_POINT('',(28.758234466152,-11.9120507457854,4.72753314954727));
#1841=CARTESIAN_POINT('',(25.8817231792749,-17.2936145409324,4.68065814954727));
#1842=CARTESIAN_POINT('',(22.0105997485341,-22.0105997485341,4.63378314954727));
#1843=CARTESIAN_POINT('',(17.2936145409323,-25.881723179275,4.58690814954727));
#1844=CARTESIAN_POINT('',(11.9120507457856,-28.758234466152,4.54003314954727));
#1845=CARTESIAN_POINT('',(6.07270985573894,-30.5295740819779,4.49315814954727));
#1846=CARTESIAN_POINT('',(1.31450406115619E-13,-31.1276886803428,4.44628314954727));
#1847=CARTESIAN_POINT('',(-6.07270985573892,-30.5295740819779,4.39940814954727));
#1848=CARTESIAN_POINT('',(-11.9120507457855,-28.758234466152,4.35253314954727));
#1849=CARTESIAN_POINT('',(-17.2936145409323,-25.881723179275,4.30565814954727));
#1850=CARTESIAN_POINT('',(-22.0105997485341,-22.0105997485342,4.25878314954727));
#1851=CARTESIAN_POINT('',(-25.8817231792749,-17.2936145409324,4.21190814954727));
#1852=CARTESIAN_POINT('',(-28.5715949714105,-12.2612280120898,4.16807458601092));
#1853=CARTESIAN_POINT('',(-29.7022853783945,-8.77402533481475,4.13986602247457));
#1854=CARTESIAN_POINT('',(-30.0812844269362,-7.18846993783097,4.12728245893822));
#1855=CARTESIAN_POINT('',(-29.99,0.,12.1130208072731));
#1856=CARTESIAN_POINT('',(-29.99,1.96284091002412,12.0973958072731));
#1857=CARTESIAN_POINT('',(-29.6033541802617,5.88847326237435,12.0661458072731));
#1858=CARTESIAN_POINT('',(-27.8857542596071,11.5506576113326,12.0192708072731));
#1859=CARTESIAN_POINT('',(-25.0965118613907,16.7689531120696,11.9723958072731));
#1860=CARTESIAN_POINT('',(-21.3428323083118,21.3428323083117,11.9255208072731));
#1861=CARTESIAN_POINT('',(-16.7689531120696,25.0965118613907,11.8786458072731));
#1862=CARTESIAN_POINT('',(-11.5506576113326,27.8857542596071,11.8317708072731));
#1863=CARTESIAN_POINT('',(-5.88847326237435,29.6033541802617,11.7848958072731));
#1864=CARTESIAN_POINT('',(-1.33226762955019E-15,30.1833229098692,11.7380208072731));
#1865=CARTESIAN_POINT('',(5.88847326237435,29.6033541802617,11.6911458072731));
#1866=CARTESIAN_POINT('',(11.5506576113326,27.8857542596071,11.6442708072731));
#1867=CARTESIAN_POINT('',(16.7689531120696,25.0965118613907,11.5973958072731));
#1868=CARTESIAN_POINT('',(21.3428323083118,21.3428323083118,11.5505208072731));
#1869=CARTESIAN_POINT('',(25.0965118613908,16.7689531120696,11.5036458072731));
#1870=CARTESIAN_POINT('',(27.8857542596071,11.5506576113326,11.4567708072731));
#1871=CARTESIAN_POINT('',(29.6033541802617,5.88847326237436,11.4098958072731));
#1872=CARTESIAN_POINT('',(30.1833229098692,3.10862446895044E-15,11.3630208072731));
#1873=CARTESIAN_POINT('',(29.6033541802617,-5.88847326237436,11.3161458072731));
#1874=CARTESIAN_POINT('',(27.8857542596071,-11.5506576113326,11.2692708072731));
#1875=CARTESIAN_POINT('',(25.0965118613908,-16.7689531120696,11.2223958072731));
#1876=CARTESIAN_POINT('',(21.3428323083118,-21.3428323083118,11.1755208072731));
#1877=CARTESIAN_POINT('',(16.7689531120696,-25.0965118613907,11.1286458072731));
#1878=CARTESIAN_POINT('',(11.5506576113326,-27.8857542596071,11.0817708072731));
#1879=CARTESIAN_POINT('',(5.88847326237436,-29.6033541802617,11.0348958072731));
#1880=CARTESIAN_POINT('',(4.88498130835069E-15,-30.1833229098691,10.9880208072731));
#1881=CARTESIAN_POINT('',(-5.88847326237435,-29.6033541802617,10.9411458072731));
#1882=CARTESIAN_POINT('',(-11.5506576113326,-27.8857542596071,10.8942708072731));
#1883=CARTESIAN_POINT('',(-16.7689531120696,-25.0965118613908,10.8473958072731));
#1884=CARTESIAN_POINT('',(-21.3428323083117,-21.3428323083118,10.8005208072731));
#1885=CARTESIAN_POINT('',(-25.0965118613908,-16.7689531120696,10.7536458072731));
#1886=CARTESIAN_POINT('',(-27.8857542596071,-11.5506576113326,10.7067708072731));
#1887=CARTESIAN_POINT('',(-29.6033541802617,-5.88847326237436,10.6598958072731));
#1888=CARTESIAN_POINT('',(-30.1833229098692,-6.66133814775094E-15,10.6130208072731));
#1889=CARTESIAN_POINT('',(-29.6033541802617,5.88847326237435,10.5661458072731));
#1890=CARTESIAN_POINT('',(-27.8857542596071,11.5506576113326,10.5192708072731));
#1891=CARTESIAN_POINT('',(-25.0965118613908,16.7689531120696,10.4723958072731));
#1892=CARTESIAN_POINT('',(-21.3428323083118,21.3428323083117,10.4255208072731));
#1893=CARTESIAN_POINT('',(-16.7689531120696,25.0965118613908,10.3786458072731));
#1894=CARTESIAN_POINT('',(-11.5506576113326,27.8857542596071,10.3317708072731));
#1895=CARTESIAN_POINT('',(-5.88847326237436,29.6033541802617,10.2848958072731));
#1896=CARTESIAN_POINT('',(3.99680288865056E-15,30.1833229098691,10.2380208072731));
#1897=CARTESIAN_POINT('',(5.88847326237429,29.6033541802617,10.1911458072731));
#1898=CARTESIAN_POINT('',(11.5506576113326,27.8857542596071,10.1442708072731));
#1899=CARTESIAN_POINT('',(16.7689531120696,25.0965118613907,10.0973958072731));
#1900=CARTESIAN_POINT('',(21.3428323083117,21.3428323083118,10.0505208072731));
#1901=CARTESIAN_POINT('',(25.0965118613908,16.7689531120696,10.0036458072731));
#1902=CARTESIAN_POINT('',(27.8857542596071,11.5506576113326,9.9567708072731));
#1903=CARTESIAN_POINT('',(29.6033541802617,5.88847326237431,9.9098958072731));
#1904=CARTESIAN_POINT('',(30.1833229098692,1.11022302462516E-14,9.8630208072731));
#1905=CARTESIAN_POINT('',(29.6033541802617,-5.88847326237429,9.8161458072731));
#1906=CARTESIAN_POINT('',(27.8857542596071,-11.5506576113326,9.7692708072731));
#1907=CARTESIAN_POINT('',(25.0965118613908,-16.7689531120696,9.7223958072731));
#1908=CARTESIAN_POINT('',(21.3428323083117,-21.3428323083118,9.6755208072731));
#1909=CARTESIAN_POINT('',(16.7689531120696,-25.0965118613907,9.6286458072731));
#1910=CARTESIAN_POINT('',(11.5506576113326,-27.8857542596071,9.5817708072731));
#1911=CARTESIAN_POINT('',(5.88847326237432,-29.6033541802617,9.5348958072731));
#1912=CARTESIAN_POINT('',(1.19904086659517E-14,-30.1833229098691,9.4880208072731));
#1913=CARTESIAN_POINT('',(-5.88847326237429,-29.6033541802617,9.4411458072731));
#1914=CARTESIAN_POINT('',(-11.5506576113326,-27.8857542596071,9.3942708072731));
#1915=CARTESIAN_POINT('',(-16.7689531120696,-25.0965118613907,9.3473958072731));
#1916=CARTESIAN_POINT('',(-21.3428323083117,-21.3428323083118,9.3005208072731));
#1917=CARTESIAN_POINT('',(-25.0965118613908,-16.7689531120696,9.2536458072731));
#1918=CARTESIAN_POINT('',(-27.8857542596071,-11.5506576113326,9.2067708072731));
#1919=CARTESIAN_POINT('',(-29.6033541802617,-5.88847326237432,9.1598958072731));
#1920=CARTESIAN_POINT('',(-30.1833229098691,-1.46549439250521E-14,9.1130208072731));
#1921=CARTESIAN_POINT('',(-29.6033541802617,5.88847326237429,9.0661458072731));
#1922=CARTESIAN_POINT('',(-27.8857542596071,11.5506576113326,9.0192708072731));
#1923=CARTESIAN_POINT('',(-25.0965118613908,16.7689531120696,8.9723958072731));
#1924=CARTESIAN_POINT('',(-21.3428323083117,21.3428323083118,8.9255208072731));
#1925=CARTESIAN_POINT('',(-16.7689531120696,25.0965118613907,8.8786458072731));
#1926=CARTESIAN_POINT('',(-11.5506576113326,27.8857542596071,8.8317708072731));
#1927=CARTESIAN_POINT('',(-5.88847326237432,29.6033541802617,8.7848958072731));
#1928=CARTESIAN_POINT('',(-1.64313007644523E-14,30.1833229098691,8.7380208072731));
#1929=CARTESIAN_POINT('',(5.88847326237429,29.6033541802617,8.6911458072731));
#1930=CARTESIAN_POINT('',(11.5506576113326,27.8857542596071,8.6442708072731));
#1931=CARTESIAN_POINT('',(16.7689531120696,25.0965118613907,8.5973958072731));
#1932=CARTESIAN_POINT('',(21.3428323083117,21.3428323083118,8.5505208072731));
#1933=CARTESIAN_POINT('',(25.0965118613908,16.7689531120696,8.5036458072731));
#1934=CARTESIAN_POINT('',(27.8857542596071,11.5506576113326,8.4567708072731));
#1935=CARTESIAN_POINT('',(29.6033541802617,5.88847326237432,8.4098958072731));
#1936=CARTESIAN_POINT('',(30.1833229098691,2.44249065417534E-14,8.3630208072731));
#1937=CARTESIAN_POINT('',(29.6033541802617,-5.88847326237431,8.3161458072731));
#1938=CARTESIAN_POINT('',(27.8857542596072,-11.5506576113325,8.2692708072731));
#1939=CARTESIAN_POINT('',(25.0965118613907,-16.7689531120697,8.2223958072731));
#1940=CARTESIAN_POINT('',(21.3428323083118,-21.3428323083117,8.1755208072731));
#1941=CARTESIAN_POINT('',(16.7689531120696,-25.0965118613907,8.1286458072731));
#1942=CARTESIAN_POINT('',(11.5506576113326,-27.8857542596071,8.0817708072731));
#1943=CARTESIAN_POINT('',(5.8884732623744,-29.6033541802617,8.0348958072731));
#1944=CARTESIAN_POINT('',(1.13686837721616E-13,-30.1833229098692,7.9880208072731));
#1945=CARTESIAN_POINT('',(-5.88847326237441,-29.6033541802617,7.9411458072731));
#1946=CARTESIAN_POINT('',(-11.5506576113326,-27.8857542596071,7.8942708072731));
#1947=CARTESIAN_POINT('',(-16.7689531120696,-25.0965118613908,7.8473958072731));
#1948=CARTESIAN_POINT('',(-21.3428323083117,-21.3428323083118,7.8005208072731));
#1949=CARTESIAN_POINT('',(-25.0965118613907,-16.7689531120697,7.7536458072731));
#1950=CARTESIAN_POINT('',(-27.8857542596072,-11.5506576113325,7.7067708072731));
#1951=CARTESIAN_POINT('',(-29.6033541802617,-5.88847326237435,7.6598958072731));
#1952=CARTESIAN_POINT('',(-30.1833229098692,-2.30926389122033E-14,7.6130208072731));
#1953=CARTESIAN_POINT('',(-29.6033541802617,5.88847326237431,7.5661458072731));
#1954=CARTESIAN_POINT('',(-27.8857542596072,11.5506576113325,7.5192708072731));
#1955=CARTESIAN_POINT('',(-25.0965118613907,16.7689531120697,7.4723958072731));
#1956=CARTESIAN_POINT('',(-21.3428323083118,21.3428323083117,7.4255208072731));
#1957=CARTESIAN_POINT('',(-16.7689531120696,25.0965118613907,7.3786458072731));
#1958=CARTESIAN_POINT('',(-11.5506576113326,27.8857542596071,7.3317708072731));
#1959=CARTESIAN_POINT('',(-5.88847326237446,29.6033541802617,7.2848958072731));
#1960=CARTESIAN_POINT('',(6.88338275267597E-14,30.1833229098692,7.2380208072731));
#1961=CARTESIAN_POINT('',(5.88847326237436,29.6033541802617,7.1911458072731));
#1962=CARTESIAN_POINT('',(11.5506576113326,27.8857542596071,7.1442708072731));
#1963=CARTESIAN_POINT('',(16.7689531120696,25.0965118613908,7.0973958072731));
#1964=CARTESIAN_POINT('',(21.3428323083117,21.3428323083118,7.0505208072731));
#1965=CARTESIAN_POINT('',(25.0965118613907,16.7689531120697,7.0036458072731));
#1966=CARTESIAN_POINT('',(27.8857542596071,11.5506576113325,6.9567708072731));
#1967=CARTESIAN_POINT('',(29.6033541802617,5.88847326237435,6.9098958072731));
#1968=CARTESIAN_POINT('',(30.1833229098691,2.57571741713036E-14,6.8630208072731));
#1969=CARTESIAN_POINT('',(29.6033541802617,-5.8884732623743,6.8161458072731));
#1970=CARTESIAN_POINT('',(27.8857542596072,-11.5506576113325,6.7692708072731));
#1971=CARTESIAN_POINT('',(25.0965118613907,-16.7689531120697,6.7223958072731));
#1972=CARTESIAN_POINT('',(21.3428323083118,-21.3428323083117,6.6755208072731));
#1973=CARTESIAN_POINT('',(16.7689531120696,-25.0965118613907,6.6286458072731));
#1974=CARTESIAN_POINT('',(11.5506576113326,-27.8857542596071,6.5817708072731));
#1975=CARTESIAN_POINT('',(5.88847326237441,-29.6033541802617,6.5348958072731));
#1976=CARTESIAN_POINT('',(1.19459997449667E-13,-30.1833229098692,6.4880208072731));
#1977=CARTESIAN_POINT('',(-5.8884732623744,-29.6033541802617,6.4411458072731));
#1978=CARTESIAN_POINT('',(-11.5506576113326,-27.8857542596071,6.3942708072731));
#1979=CARTESIAN_POINT('',(-16.7689531120696,-25.0965118613908,6.3473958072731));
#1980=CARTESIAN_POINT('',(-21.3428323083117,-21.3428323083118,6.3005208072731));
#1981=CARTESIAN_POINT('',(-25.0965118613907,-16.7689531120697,6.2536458072731));
#1982=CARTESIAN_POINT('',(-27.8857542596071,-11.5506576113325,6.2067708072731));
#1983=CARTESIAN_POINT('',(-29.6033541802617,-5.88847326237436,6.1598958072731));
#1984=CARTESIAN_POINT('',(-30.1833229098691,-2.8421709430404E-14,6.1130208072731));
#1985=CARTESIAN_POINT('',(-29.6033541802617,5.8884732623743,6.0661458072731));
#1986=CARTESIAN_POINT('',(-27.8857542596072,11.5506576113325,6.0192708072731));
#1987=CARTESIAN_POINT('',(-25.0965118613907,16.7689531120697,5.9723958072731));
#1988=CARTESIAN_POINT('',(-21.3428323083118,21.3428323083117,5.9255208072731));
#1989=CARTESIAN_POINT('',(-16.7689531120696,25.0965118613907,5.8786458072731));
#1990=CARTESIAN_POINT('',(-11.5506576113326,27.8857542596071,5.8317708072731));
#1991=CARTESIAN_POINT('',(-5.88847326237446,29.6033541802617,5.7848958072731));
#1992=CARTESIAN_POINT('',(6.17284001691587E-14,30.1833229098692,5.7380208072731));
#1993=CARTESIAN_POINT('',(5.88847326237435,29.6033541802617,5.6911458072731));
#1994=CARTESIAN_POINT('',(11.5506576113326,27.8857542596071,5.6442708072731));
#1995=CARTESIAN_POINT('',(16.7689531120696,25.0965118613908,5.5973958072731));
#1996=CARTESIAN_POINT('',(21.3428323083117,21.3428323083118,5.5505208072731));
#1997=CARTESIAN_POINT('',(25.0965118613907,16.7689531120697,5.5036458072731));
#1998=CARTESIAN_POINT('',(27.8857542596071,11.5506576113325,5.4567708072731));
#1999=CARTESIAN_POINT('',(29.6033541802617,5.88847326237436,5.4098958072731));
#2000=CARTESIAN_POINT('',(30.1833229098691,3.37507799486048E-14,5.3630208072731));
#2001=CARTESIAN_POINT('',(29.6033541802617,-5.8884732623743,5.3161458072731));
#2002=CARTESIAN_POINT('',(27.8857542596072,-11.5506576113325,5.2692708072731));
#2003=CARTESIAN_POINT('',(25.0965118613907,-16.7689531120697,5.2223958072731));
#2004=CARTESIAN_POINT('',(21.3428323083118,-21.3428323083117,5.1755208072731));
#2005=CARTESIAN_POINT('',(16.7689531120696,-25.0965118613907,5.1286458072731));
#2006=CARTESIAN_POINT('',(11.5506576113326,-27.8857542596071,5.0817708072731));
#2007=CARTESIAN_POINT('',(5.88847326237441,-29.6033541802617,5.0348958072731));
#2008=CARTESIAN_POINT('',(1.27453603226968E-13,-30.1833229098692,4.9880208072731));
#2009=CARTESIAN_POINT('',(-5.8884732623744,-29.6033541802617,4.9411458072731));
#2010=CARTESIAN_POINT('',(-11.5506576113325,-27.8857542596071,4.8942708072731));
#2011=CARTESIAN_POINT('',(-16.7689531120696,-25.0965118613908,4.8473958072731));
#2012=CARTESIAN_POINT('',(-21.3428323083117,-21.3428323083118,4.8005208072731));
#2013=CARTESIAN_POINT('',(-25.0965118613907,-16.7689531120697,4.7536458072731));
#2014=CARTESIAN_POINT('',(-27.7047771175081,-11.889241381232,4.70981224373675));
#2015=CARTESIAN_POINT('',(-28.8011641321546,-8.50783502172863,4.6816036802004));
#2016=CARTESIAN_POINT('',(-29.168664937696,-6.97038291501731,4.66902011666405));
#2017=CARTESIAN_POINT('',(-29.99,0.,11.5));
#2018=CARTESIAN_POINT('',(-29.168664937696,-6.97038291501731,4.05599930939095));
#2019=MECHANICAL_DESIGN_GEOMETRIC_PRESENTATION_REPRESENTATION('',(#24),
#2020);
#2020=(
GEOMETRIC_REPRESENTATION_CONTEXT(3)
GLOBAL_UNCERTAINTY_ASSIGNED_CONTEXT((#2021))
GLOBAL_UNIT_ASSIGNED_CONTEXT((#2027,#2023,#2022))
REPRESENTATION_CONTEXT('\X2\524D76D6\X0\','TOP_LEVEL_ASSEMBLY_PART')
);
#2021=UNCERTAINTY_MEASURE_WITH_UNIT(LENGTH_MEASURE(0.0508),#2027,
'DISTANCE_ACCURACY_VALUE','Maximum Tolerance applied to model');
#2022=(
NAMED_UNIT(*)
SI_UNIT($,.STERADIAN.)
SOLID_ANGLE_UNIT()
);
#2023=(
CONVERSION_BASED_UNIT('DEGREE',#2025)
NAMED_UNIT(#2024)
PLANE_ANGLE_UNIT()
);
#2024=DIMENSIONAL_EXPONENTS(0.,0.,0.,0.,0.,0.,0.);
#2025=PLANE_ANGLE_MEASURE_WITH_UNIT(PLANE_ANGLE_MEASURE(0.0174532925),#2026);
#2026=(
NAMED_UNIT(*)
PLANE_ANGLE_UNIT()
SI_UNIT($,.RADIAN.)
);
#2027=(
LENGTH_UNIT()
NAMED_UNIT(*)
SI_UNIT(.MILLI.,.METRE.)
);
ENDSEC;
END-ISO-10303-21;
