ISO-10303-21;
HEADER;
/* Generated by software containing ST-Developer
 * from STEP Tools, Inc. (www.steptools.com) 
 */
/* OPTION: using custom schema-name function */

FILE_DESCRIPTION(
/* description */ (''),
/* implementation_level */ '2;1');

FILE_NAME(
/* name */ '\X2\5C3E76D6\X0\.stp',
/* time_stamp */ '2026-06-24T09:27:00+08:00',
/* author */ (''),
/* organization */ (''),
/* preprocessor_version */ 'ST-DEVELOPER v16.7',
/* originating_system */ 'SIEMENS PLM Software NX 12.0',
/* authorisation */ '');

FILE_SCHEMA (('AUTOMOTIVE_DESIGN { 1 0 10303 214 3 1 1 1 }'));
ENDSEC;

DATA;
#10=SHAPE_REPRESENTATION_RELATIONSHIP('None',
'relationship between 35  \X2\4E8C4EE35C3E76D6\X0\-None and 35  \X2\4E8C4EE35C3E76D6\X0\-
None',#22,#11);
#11=ADVANCED_BREP_SHAPE_REPRESENTATION('35  \X2\4E8C4EE35C3E76D6\X0\-N
one',(#32),#4014);
#12=SHAPE_DEFINITION_REPRESENTATION(#13,#22);
#13=PRODUCT_DEFINITION_SHAPE('','',#14);
#14=PRODUCT_DEFINITION(' ','',#16,#15);
#15=PRODUCT_DEFINITION_CONTEXT('part definition',#21,'design');
#16=PRODUCT_DEFINITION_FORMATION_WITH_SPECIFIED_SOURCE(' ',' ',#18,
 .NOT_KNOWN.);
#17=PRODUCT_RELATED_PRODUCT_CATEGORY('part','',(#18));
#18=PRODUCT('35  \X2\4E8C4EE35C3E76D6\X0\','35  \X2\4E8C4EE35C3E76D6\X0\',
' ',(#19));
#19=PRODUCT_CONTEXT(' ',#21,'mechanical');
#20=APPLICATION_PROTOCOL_DEFINITION('international standard',
'automotive_design',2010,#21);
#21=APPLICATION_CONTEXT(
'core data for automotive mechanical design processes');
#22=SHAPE_REPRESENTATION('35  \X2\4E8C4EE35C3E76D6\X0\-None',(#1212),#4014);
#23=PRESENTATION_LAYER_ASSIGNMENT('1','Layer 1',(#32));
#24=STYLED_ITEM('',(#25),#32);
#25=PRESENTATION_STYLE_ASSIGNMENT((#26));
#26=SURFACE_STYLE_USAGE(.BOTH.,#27);
#27=SURFACE_SIDE_STYLE('',(#28));
#28=SURFACE_STYLE_FILL_AREA(#29);
#29=FILL_AREA_STYLE('',(#30));
#30=FILL_AREA_STYLE_COLOUR('',#31);
#31=COLOUR_RGB('\X2\6A598272\X0\',1.,0.6,0.);
#32=MANIFOLD_SOLID_BREP('',#33);
#33=CLOSED_SHELL('',(#104,#105,#106,#107,#108,#109,#110,#111,#112,#113,
#114,#115,#116,#117,#118,#119,#120,#121,#122,#123,#124,#125,#126,#127,#128,
#129,#130,#131,#132,#133,#134,#135,#136,#137,#138,#139,#140,#141,#142,#143,
#144,#145,#146,#147,#148,#149,#150,#151,#152,#153,#154,#155,#156,#157,#158,
#159,#160,#161,#162,#163,#164,#165,#166,#167,#168,#169,#170,#171,#172,#173));
#34=SPHERICAL_SURFACE('',#1319,2.);
#35=SPHERICAL_SURFACE('',#1322,2.);
#36=SPHERICAL_SURFACE('',#1325,2.);
#37=SPHERICAL_SURFACE('',#1328,2.);
#38=SPHERICAL_SURFACE('',#1331,2.);
#39=SPHERICAL_SURFACE('',#1334,2.);
#40=SPHERICAL_SURFACE('',#1337,2.);
#41=SPHERICAL_SURFACE('',#1340,2.);
#42=SPHERICAL_SURFACE('',#1343,2.);
#43=SPHERICAL_SURFACE('',#1346,2.);
#44=B_SPLINE_SURFACE_WITH_KNOTS('',1,3,((#2906,#2907,#2908,#2909,#2910,
#2911,#2912,#2913,#2914,#2915,#2916,#2917,#2918,#2919,#2920,#2921,#2922,
#2923,#2924,#2925,#2926,#2927,#2928,#2929,#2930,#2931,#2932,#2933,#2934,
#2935,#2936,#2937,#2938,#2939,#2940,#2941,#2942,#2943,#2944,#2945,#2946,
#2947,#2948,#2949,#2950,#2951,#2952,#2953,#2954,#2955,#2956,#2957,#2958,
#2959,#2960,#2961,#2962,#2963,#2964,#2965,#2966,#2967,#2968,#2969,#2970,
#2971,#2972,#2973,#2974,#2975,#2976,#2977,#2978,#2979,#2980,#2981,#2982,
#2983,#2984,#2985,#2986,#2987,#2988,#2989,#2990,#2991,#2992,#2993,#2994,
#2995,#2996,#2997,#2998,#2999,#3000,#3001,#3002,#3003,#3004,#3005,#3006,
#3007,#3008,#3009,#3010,#3011,#3012,#3013,#3014,#3015,#3016,#3017,#3018,
#3019,#3020,#3021,#3022,#3023,#3024,#3025,#3026,#3027,#3028,#3029,#3030,
#3031,#3032,#3033,#3034,#3035,#3036,#3037,#3038,#3039,#3040,#3041,#3042,
#3043,#3044,#3045,#3046,#3047,#3048,#3049,#3050,#3051,#3052,#3053,#3054,
#3055,#3056,#3057,#3058,#3059,#3060,#3061,#3062,#3063,#3064,#3065,#3066,
#3067,#3068,#3069,#3070,#3071,#3072,#3073,#3074,#3075,#3076,#3077,#3078,
#3079,#3080,#3081,#3082,#3083,#3084,#3085,#3086,#3087,#3088,#3089,#3090,
#3091,#3092,#3093,#3094,#3095,#3096,#3097,#3098,#3099,#3100,#3101,#3102,
#3103,#3104,#3105,#3106,#3107,#3108,#3109,#3110,#3111,#3112,#3113,#3114,
#3115,#3116,#3117,#3118,#3119,#3120,#3121,#3122,#3123,#3124,#3125,#3126,
#3127,#3128,#3129,#3130,#3131,#3132,#3133,#3134,#3135),(#3136,#3137,#3138,
#3139,#3140,#3141,#3142,#3143,#3144,#3145,#3146,#3147,#3148,#3149,#3150,
#3151,#3152,#3153,#3154,#3155,#3156,#3157,#3158,#3159,#3160,#3161,#3162,
#3163,#3164,#3165,#3166,#3167,#3168,#3169,#3170,#3171,#3172,#3173,#3174,
#3175,#3176,#3177,#3178,#3179,#3180,#3181,#3182,#3183,#3184,#3185,#3186,
#3187,#3188,#3189,#3190,#3191,#3192,#3193,#3194,#3195,#3196,#3197,#3198,
#3199,#3200,#3201,#3202,#3203,#3204,#3205,#3206,#3207,#3208,#3209,#3210,
#3211,#3212,#3213,#3214,#3215,#3216,#3217,#3218,#3219,#3220,#3221,#3222,
#3223,#3224,#3225,#3226,#3227,#3228,#3229,#3230,#3231,#3232,#3233,#3234,
#3235,#3236,#3237,#3238,#3239,#3240,#3241,#3242,#3243,#3244,#3245,#3246,
#3247,#3248,#3249,#3250,#3251,#3252,#3253,#3254,#3255,#3256,#3257,#3258,
#3259,#3260,#3261,#3262,#3263,#3264,#3265,#3266,#3267,#3268,#3269,#3270,
#3271,#3272,#3273,#3274,#3275,#3276,#3277,#3278,#3279,#3280,#3281,#3282,
#3283,#3284,#3285,#3286,#3287,#3288,#3289,#3290,#3291,#3292,#3293,#3294,
#3295,#3296,#3297,#3298,#3299,#3300,#3301,#3302,#3303,#3304,#3305,#3306,
#3307,#3308,#3309,#3310,#3311,#3312,#3313,#3314,#3315,#3316,#3317,#3318,
#3319,#3320,#3321,#3322,#3323,#3324,#3325,#3326,#3327,#3328,#3329,#3330,
#3331,#3332,#3333,#3334,#3335,#3336,#3337,#3338,#3339,#3340,#3341,#3342,
#3343,#3344,#3345,#3346,#3347,#3348,#3349,#3350,#3351,#3352,#3353,#3354,
#3355,#3356,#3357,#3358,#3359,#3360,#3361,#3362,#3363,#3364,#3365)),
 .UNSPECIFIED.,.F.,.F.,.F.,(2,2),(4,1,1,1,1,1,1,1,1,1,1,1,1,1,1,1,1,1,1,
1,1,1,1,1,1,1,1,1,1,1,1,1,1,1,1,1,1,1,1,1,1,1,1,1,1,1,1,1,1,1,1,1,1,1,1,
1,1,1,1,1,1,1,1,1,1,1,1,1,1,1,1,1,1,1,1,1,1,1,1,1,1,1,1,1,1,1,1,1,1,1,1,
1,1,1,1,1,1,1,1,1,1,1,1,1,1,1,1,1,1,1,1,1,1,1,1,1,1,1,1,1,1,1,1,1,1,1,1,
1,1,1,1,1,1,1,1,1,1,1,1,1,1,1,1,1,1,1,1,1,1,1,1,1,1,1,1,1,1,1,1,1,1,1,1,
1,1,1,1,1,1,1,1,1,1,1,1,1,1,1,1,1,1,1,1,1,1,1,1,1,1,1,1,1,1,1,1,1,1,1,1,
1,1,1,1,1,1,1,1,1,1,1,1,1,1,1,1,1,1,1,1,1,1,1,1,1,1,1,1,4),(0.,1.),(0.,
0.00442308746479938,0.00884617492959877,0.0132692623943982,0.0176923498591975,
0.0221154373239969,0.0265385247887963,0.0309616122535957,0.0353846997183951,
0.0398077871831945,0.0442308746479938,0.0486539621127932,0.0530770495775926,
0.057500137042392,0.0619232245071914,0.0663463119719908,0.0707693994367902,
0.0751924869015895,0.0796155743663889,0.0840386618311883,0.0884617492959877,
0.0928848367607871,0.0973079242255865,0.101731011690386,0.106154099155185,
0.110577186619985,0.115000274084784,0.119423361549583,0.123846449014383,
0.128269536479182,0.132692623943982,0.137115711408781,0.14153879887358,
0.14596188633838,0.150384973803179,0.154808061267978,0.159231148732778,
0.163654236197577,0.168077323662377,0.172500411127176,0.176923498591975,
0.181346586056775,0.185769673521574,0.190192760986374,0.194615848451173,
0.199038935915972,0.203462023380772,0.207885110845571,0.21230819831037,
0.21673128577517,0.221154373239969,0.225577460704769,0.230000548169568,
0.234423635634367,0.238846723099167,0.243269810563966,0.247692898028766,
0.252115985493565,0.256539072958364,0.260962160423164,0.265385247887963,
0.269808335352762,0.274231422817562,0.278654510282361,0.283077597747161,
0.28750068521196,0.291923772676759,0.296346860141559,0.300769947606358,
0.305193035071158,0.309616122535957,0.314039210000756,0.318462297465556,
0.322885384930355,0.327308472395154,0.331731559859954,0.336154647324753,
0.340577734789553,0.345000822254352,0.349423909719151,0.353846997183951,
0.35827008464875,0.36269317211355,0.367116259578349,0.371539347043148,0.375962434507948,
0.380385521972747,0.384808609437546,0.389231696902346,0.393654784367145,
0.398077871831945,0.402500959296744,0.406924046761543,0.411347134226343,
0.415770221691142,0.420193309155941,0.424616396620741,0.42903948408554,
0.43346257155034,0.437885659015139,0.442308746479938,0.446731833944738,
0.451154921409537,0.455578008874337,0.460001096339136,0.464424183803935,
0.468847271268735,0.473270358733534,0.477693446198334,0.482116533663133,
0.486539621127932,0.490962708592732,0.495385796057531,0.49980888352233,
0.50423197098713,0.508655058451929,0.513078145916729,0.517501233381528,
0.521924320846327,0.526347408311127,0.530770495775926,0.535193583240726,
0.539616670705525,0.544039758170324,0.548462845635124,0.552885933099923,
0.557309020564722,0.561732108029522,0.566155195494321,0.570578282959121,
0.57500137042392,0.579424457888719,0.583847545353519,0.588270632818318,
0.592693720283118,0.597116807747917,0.601539895212716,0.605962982677516,
0.610386070142315,0.614809157607114,0.619232245071914,0.623655332536713,
0.628078420001513,0.632501507466312,0.636924594931111,0.641347682395911,
0.64577076986071,0.650193857325509,0.654616944790309,0.659040032255108,
0.663463119719908,0.667886207184707,0.672309294649506,0.676732382114306,
0.681155469579105,0.685578557043905,0.690001644508704,0.694424731973503,
0.698847819438303,0.703270906903102,0.707693994367901,0.712117081832701,
0.7165401692975,0.7209632567623,0.725386344227099,0.729809431691898,0.734232519156698,
0.738655606621497,0.743078694086297,0.747501781551096,0.751924869015895,
0.756347956480695,0.760771043945494,0.765194131410293,0.769617218875093,
0.774040306339892,0.778463393804692,0.782886481269491,0.78730956873429,
0.79173265619909,0.796155743663889,0.800578831128689,0.805001918593488,
0.809425006058287,0.813848093523087,0.818271180987886,0.822694268452685,
0.827117355917485,0.831540443382284,0.835963530847084,0.840386618311883,
0.844809705776682,0.849232793241482,0.853655880706281,0.858078968171081,
0.86250205563588,0.866925143100679,0.871348230565479,0.875771318030278,
0.880194405495078,0.884617492959877,0.889040580424676,0.893463667889476,
0.897886755354275,0.902309842819074,0.906732930283874,0.911156017748673,
0.915579105213473,0.920002192678272,0.924425280143071,0.928848367607871,
0.93327145507267,0.93769454253747,0.942117630002269,0.946540717467068,0.950963804931868,
0.955386892396667,0.959809979861466,0.964233067326266,0.968656154791065,
0.973079242255865,0.977502329720664,0.981925417185463,0.986348504650263,
0.990771592115062,0.995194679579862,0.999617767044661,1.),.UNSPECIFIED.);
#45=B_SPLINE_SURFACE_WITH_KNOTS('',1,3,((#3498,#3499,#3500,#3501,#3502,
#3503,#3504,#3505,#3506,#3507,#3508,#3509,#3510,#3511,#3512,#3513,#3514,
#3515,#3516,#3517,#3518,#3519,#3520,#3521,#3522,#3523,#3524,#3525,#3526,
#3527,#3528,#3529,#3530,#3531,#3532,#3533,#3534,#3535,#3536,#3537,#3538,
#3539,#3540,#3541,#3542,#3543,#3544,#3545,#3546,#3547,#3548,#3549,#3550,
#3551,#3552,#3553,#3554,#3555,#3556,#3557,#3558,#3559,#3560,#3561,#3562,
#3563,#3564,#3565,#3566,#3567,#3568,#3569,#3570,#3571,#3572,#3573,#3574,
#3575,#3576,#3577,#3578,#3579,#3580,#3581,#3582,#3583,#3584,#3585,#3586,
#3587,#3588,#3589,#3590,#3591,#3592,#3593,#3594,#3595,#3596,#3597,#3598,
#3599,#3600,#3601,#3602,#3603,#3604,#3605,#3606,#3607,#3608,#3609,#3610,
#3611,#3612,#3613,#3614,#3615,#3616,#3617,#3618,#3619,#3620,#3621,#3622,
#3623,#3624,#3625,#3626,#3627,#3628,#3629,#3630,#3631,#3632,#3633,#3634,
#3635,#3636,#3637,#3638,#3639,#3640,#3641,#3642,#3643,#3644,#3645,#3646,
#3647,#3648,#3649,#3650,#3651,#3652,#3653,#3654,#3655,#3656,#3657,#3658,
#3659,#3660,#3661,#3662,#3663,#3664,#3665,#3666,#3667,#3668,#3669,#3670,
#3671,#3672,#3673,#3674,#3675,#3676,#3677,#3678,#3679,#3680,#3681,#3682,
#3683,#3684,#3685,#3686,#3687,#3688,#3689,#3690,#3691,#3692,#3693,#3694,
#3695,#3696,#3697,#3698,#3699,#3700,#3701,#3702,#3703,#3704,#3705,#3706,
#3707,#3708,#3709,#3710,#3711,#3712,#3713,#3714,#3715,#3716,#3717,#3718,
#3719,#3720,#3721,#3722,#3723,#3724,#3725,#3726,#3727),(#3728,#3729,#3730,
#3731,#3732,#3733,#3734,#3735,#3736,#3737,#3738,#3739,#3740,#3741,#3742,
#3743,#3744,#3745,#3746,#3747,#3748,#3749,#3750,#3751,#3752,#3753,#3754,
#3755,#3756,#3757,#3758,#3759,#3760,#3761,#3762,#3763,#3764,#3765,#3766,
#3767,#3768,#3769,#3770,#3771,#3772,#3773,#3774,#3775,#3776,#3777,#3778,
#3779,#3780,#3781,#3782,#3783,#3784,#3785,#3786,#3787,#3788,#3789,#3790,
#3791,#3792,#3793,#3794,#3795,#3796,#3797,#3798,#3799,#3800,#3801,#3802,
#3803,#3804,#3805,#3806,#3807,#3808,#3809,#3810,#3811,#3812,#3813,#3814,
#3815,#3816,#3817,#3818,#3819,#3820,#3821,#3822,#3823,#3824,#3825,#3826,
#3827,#3828,#3829,#3830,#3831,#3832,#3833,#3834,#3835,#3836,#3837,#3838,
#3839,#3840,#3841,#3842,#3843,#3844,#3845,#3846,#3847,#3848,#3849,#3850,
#3851,#3852,#3853,#3854,#3855,#3856,#3857,#3858,#3859,#3860,#3861,#3862,
#3863,#3864,#3865,#3866,#3867,#3868,#3869,#3870,#3871,#3872,#3873,#3874,
#3875,#3876,#3877,#3878,#3879,#3880,#3881,#3882,#3883,#3884,#3885,#3886,
#3887,#3888,#3889,#3890,#3891,#3892,#3893,#3894,#3895,#3896,#3897,#3898,
#3899,#3900,#3901,#3902,#3903,#3904,#3905,#3906,#3907,#3908,#3909,#3910,
#3911,#3912,#3913,#3914,#3915,#3916,#3917,#3918,#3919,#3920,#3921,#3922,
#3923,#3924,#3925,#3926,#3927,#3928,#3929,#3930,#3931,#3932,#3933,#3934,
#3935,#3936,#3937,#3938,#3939,#3940,#3941,#3942,#3943,#3944,#3945,#3946,
#3947,#3948,#3949,#3950,#3951,#3952,#3953,#3954,#3955,#3956,#3957)),
 .UNSPECIFIED.,.F.,.F.,.F.,(2,2),(4,1,1,1,1,1,1,1,1,1,1,1,1,1,1,1,1,1,1,
1,1,1,1,1,1,1,1,1,1,1,1,1,1,1,1,1,1,1,1,1,1,1,1,1,1,1,1,1,1,1,1,1,1,1,1,
1,1,1,1,1,1,1,1,1,1,1,1,1,1,1,1,1,1,1,1,1,1,1,1,1,1,1,1,1,1,1,1,1,1,1,1,
1,1,1,1,1,1,1,1,1,1,1,1,1,1,1,1,1,1,1,1,1,1,1,1,1,1,1,1,1,1,1,1,1,1,1,1,
1,1,1,1,1,1,1,1,1,1,1,1,1,1,1,1,1,1,1,1,1,1,1,1,1,1,1,1,1,1,1,1,1,1,1,1,
1,1,1,1,1,1,1,1,1,1,1,1,1,1,1,1,1,1,1,1,1,1,1,1,1,1,1,1,1,1,1,1,1,1,1,1,
1,1,1,1,1,1,1,1,1,1,1,1,1,1,1,1,1,1,1,1,1,1,1,1,1,1,1,1,4),(0.,1.),(0.,
0.00442308746479938,0.00884617492959877,0.0132692623943982,0.0176923498591975,
0.0221154373239969,0.0265385247887963,0.0309616122535957,0.0353846997183951,
0.0398077871831945,0.0442308746479938,0.0486539621127932,0.0530770495775926,
0.057500137042392,0.0619232245071914,0.0663463119719908,0.0707693994367902,
0.0751924869015895,0.0796155743663889,0.0840386618311883,0.0884617492959877,
0.0928848367607871,0.0973079242255865,0.101731011690386,0.106154099155185,
0.110577186619985,0.115000274084784,0.119423361549583,0.123846449014383,
0.128269536479182,0.132692623943982,0.137115711408781,0.14153879887358,
0.14596188633838,0.150384973803179,0.154808061267978,0.159231148732778,
0.163654236197577,0.168077323662377,0.172500411127176,0.176923498591975,
0.181346586056775,0.185769673521574,0.190192760986374,0.194615848451173,
0.199038935915972,0.203462023380772,0.207885110845571,0.21230819831037,
0.21673128577517,0.221154373239969,0.225577460704769,0.230000548169568,
0.234423635634367,0.238846723099167,0.243269810563966,0.247692898028766,
0.252115985493565,0.256539072958364,0.260962160423164,0.265385247887963,
0.269808335352762,0.274231422817562,0.278654510282361,0.283077597747161,
0.28750068521196,0.291923772676759,0.296346860141559,0.300769947606358,
0.305193035071158,0.309616122535957,0.314039210000756,0.318462297465556,
0.322885384930355,0.327308472395154,0.331731559859954,0.336154647324753,
0.340577734789553,0.345000822254352,0.349423909719151,0.353846997183951,
0.35827008464875,0.36269317211355,0.367116259578349,0.371539347043148,0.375962434507948,
0.380385521972747,0.384808609437546,0.389231696902346,0.393654784367145,
0.398077871831945,0.402500959296744,0.406924046761543,0.411347134226343,
0.415770221691142,0.420193309155941,0.424616396620741,0.42903948408554,
0.43346257155034,0.437885659015139,0.442308746479938,0.446731833944738,
0.451154921409537,0.455578008874337,0.460001096339136,0.464424183803935,
0.468847271268735,0.473270358733534,0.477693446198334,0.482116533663133,
0.486539621127932,0.490962708592732,0.495385796057531,0.49980888352233,
0.50423197098713,0.508655058451929,0.513078145916729,0.517501233381528,
0.521924320846327,0.526347408311127,0.530770495775926,0.535193583240726,
0.539616670705525,0.544039758170324,0.548462845635124,0.552885933099923,
0.557309020564722,0.561732108029522,0.566155195494321,0.570578282959121,
0.57500137042392,0.579424457888719,0.583847545353519,0.588270632818318,
0.592693720283118,0.597116807747917,0.601539895212716,0.605962982677516,
0.610386070142315,0.614809157607114,0.619232245071914,0.623655332536713,
0.628078420001513,0.632501507466312,0.636924594931111,0.641347682395911,
0.64577076986071,0.650193857325509,0.654616944790309,0.659040032255108,
0.663463119719908,0.667886207184707,0.672309294649506,0.676732382114306,
0.681155469579105,0.685578557043905,0.690001644508704,0.694424731973503,
0.698847819438303,0.703270906903102,0.707693994367901,0.712117081832701,
0.7165401692975,0.7209632567623,0.725386344227099,0.729809431691898,0.734232519156698,
0.738655606621497,0.743078694086297,0.747501781551096,0.751924869015895,
0.756347956480695,0.760771043945494,0.765194131410293,0.769617218875093,
0.774040306339892,0.778463393804692,0.782886481269491,0.78730956873429,
0.79173265619909,0.796155743663889,0.800578831128689,0.805001918593488,
0.809425006058287,0.813848093523087,0.818271180987886,0.822694268452685,
0.827117355917485,0.831540443382284,0.835963530847084,0.840386618311883,
0.844809705776682,0.849232793241482,0.853655880706281,0.858078968171081,
0.86250205563588,0.866925143100679,0.871348230565479,0.875771318030278,
0.880194405495078,0.884617492959877,0.889040580424676,0.893463667889476,
0.897886755354275,0.902309842819074,0.906732930283874,0.911156017748673,
0.915579105213473,0.920002192678272,0.924425280143071,0.928848367607871,
0.93327145507267,0.93769454253747,0.942117630002269,0.946540717467068,0.950963804931868,
0.955386892396667,0.959809979861466,0.964233067326266,0.968656154791065,
0.973079242255865,0.977502329720664,0.981925417185463,0.986348504650263,
0.990771592115062,0.995194679579862,0.999617767044661,1.),.UNSPECIFIED.);
#46=PLANE('',#1273);
#47=PLANE('',#1277);
#48=PLANE('',#1282);
#49=PLANE('',#1287);
#50=PLANE('',#1292);
#51=PLANE('',#1308);
#52=PLANE('',#1311);
#53=PLANE('',#1312);
#54=PLANE('',#1313);
#55=PLANE('',#1347);
#56=PLANE('',#1348);
#57=PLANE('',#1349);
#58=PLANE('',#1350);
#59=PLANE('',#1351);
#60=PLANE('',#1352);
#61=PLANE('',#1353);
#62=PLANE('',#1354);
#63=PLANE('',#1355);
#64=PLANE('',#1356);
#65=FACE_BOUND('',#275,.T.);
#66=FACE_BOUND('',#276,.T.);
#67=FACE_BOUND('',#277,.T.);
#68=FACE_BOUND('',#278,.T.);
#69=FACE_BOUND('',#279,.T.);
#70=FACE_BOUND('',#280,.T.);
#71=FACE_BOUND('',#281,.T.);
#72=FACE_BOUND('',#282,.T.);
#73=FACE_BOUND('',#283,.T.);
#74=FACE_BOUND('',#284,.T.);
#75=FACE_BOUND('',#285,.T.);
#76=FACE_BOUND('',#286,.T.);
#77=FACE_BOUND('',#288,.T.);
#78=FACE_BOUND('',#289,.T.);
#79=FACE_BOUND('',#290,.T.);
#80=FACE_BOUND('',#291,.T.);
#81=FACE_BOUND('',#292,.T.);
#82=FACE_BOUND('',#293,.T.);
#83=FACE_BOUND('',#294,.T.);
#84=FACE_BOUND('',#295,.T.);
#85=FACE_BOUND('',#297,.T.);
#86=FACE_BOUND('',#298,.T.);
#87=FACE_BOUND('',#299,.T.);
#88=FACE_BOUND('',#300,.T.);
#89=FACE_BOUND('',#308,.T.);
#90=FACE_BOUND('',#309,.T.);
#91=CONICAL_SURFACE('',#1250,32.5,45.);
#92=CONICAL_SURFACE('',#1252,32.5,45.);
#93=CONICAL_SURFACE('',#1254,32.5,45.);
#94=CONICAL_SURFACE('',#1256,32.5,45.);
#95=CONICAL_SURFACE('',#1258,32.5,45.);
#96=CONICAL_SURFACE('',#1261,32.5,45.);
#97=CONICAL_SURFACE('',#1264,32.5,45.);
#98=CONICAL_SURFACE('',#1266,32.5,45.);
#99=CONICAL_SURFACE('',#1268,32.5,45.);
#100=CONICAL_SURFACE('',#1294,32.245,19.362932300612);
#101=CONICAL_SURFACE('',#1310,30.,26.5650511770798);
#102=CONICAL_SURFACE('',#1315,32.5,45.);
#103=CONICAL_SURFACE('',#1316,31.545,45.0000000000002);
#104=ADVANCED_FACE('',(#200),#174,.T.);
#105=ADVANCED_FACE('',(#201),#175,.T.);
#106=ADVANCED_FACE('',(#202),#176,.T.);
#107=ADVANCED_FACE('',(#203),#177,.T.);
#108=ADVANCED_FACE('',(#204),#178,.T.);
#109=ADVANCED_FACE('',(#205),#179,.T.);
#110=ADVANCED_FACE('',(#206),#180,.T.);
#111=ADVANCED_FACE('',(#207),#181,.T.);
#112=ADVANCED_FACE('',(#208),#182,.T.);
#113=ADVANCED_FACE('',(#209),#91,.T.);
#114=ADVANCED_FACE('',(#210),#92,.T.);
#115=ADVANCED_FACE('',(#211),#93,.T.);
#116=ADVANCED_FACE('',(#212),#94,.T.);
#117=ADVANCED_FACE('',(#213),#95,.T.);
#118=ADVANCED_FACE('',(#214),#96,.T.);
#119=ADVANCED_FACE('',(#215),#97,.T.);
#120=ADVANCED_FACE('',(#216),#98,.T.);
#121=ADVANCED_FACE('',(#217),#99,.T.);
#122=ADVANCED_FACE('',(#65,#66),#183,.F.);
#123=ADVANCED_FACE('',(#67,#68),#46,.F.);
#124=ADVANCED_FACE('',(#69,#70),#184,.F.);
#125=ADVANCED_FACE('',(#71,#72),#47,.F.);
#126=ADVANCED_FACE('',(#73,#74),#185,.F.);
#127=ADVANCED_FACE('',(#75,#76),#48,.F.);
#128=ADVANCED_FACE('',(#218),#186,.F.);
#129=ADVANCED_FACE('',(#77,#78),#49,.F.);
#130=ADVANCED_FACE('',(#79,#80),#187,.F.);
#131=ADVANCED_FACE('',(#81,#82),#50,.F.);
#132=ADVANCED_FACE('',(#83,#84),#100,.T.);
#133=ADVANCED_FACE('',(#219),#188,.T.);
#134=ADVANCED_FACE('',(#85,#86),#51,.F.);
#135=ADVANCED_FACE('',(#87,#88),#101,.F.);
#136=ADVANCED_FACE('',(#220),#52,.F.);
#137=ADVANCED_FACE('',(#221),#53,.F.);
#138=ADVANCED_FACE('',(#222),#54,.F.);
#139=ADVANCED_FACE('',(#223),#44,.F.);
#140=ADVANCED_FACE('',(#224),#45,.F.);
#141=ADVANCED_FACE('',(#225),#189,.F.);
#142=ADVANCED_FACE('',(#226),#102,.T.);
#143=ADVANCED_FACE('',(#89,#90),#103,.F.);
#144=ADVANCED_FACE('',(#227),#190,.F.);
#145=ADVANCED_FACE('',(#228),#34,.F.);
#146=ADVANCED_FACE('',(#229),#191,.F.);
#147=ADVANCED_FACE('',(#230),#35,.F.);
#148=ADVANCED_FACE('',(#231),#192,.F.);
#149=ADVANCED_FACE('',(#232),#36,.F.);
#150=ADVANCED_FACE('',(#233),#193,.F.);
#151=ADVANCED_FACE('',(#234),#37,.F.);
#152=ADVANCED_FACE('',(#235),#194,.F.);
#153=ADVANCED_FACE('',(#236),#38,.F.);
#154=ADVANCED_FACE('',(#237),#195,.F.);
#155=ADVANCED_FACE('',(#238),#39,.F.);
#156=ADVANCED_FACE('',(#239),#196,.F.);
#157=ADVANCED_FACE('',(#240),#40,.F.);
#158=ADVANCED_FACE('',(#241),#197,.F.);
#159=ADVANCED_FACE('',(#242),#41,.F.);
#160=ADVANCED_FACE('',(#243),#198,.F.);
#161=ADVANCED_FACE('',(#244),#42,.F.);
#162=ADVANCED_FACE('',(#245),#199,.F.);
#163=ADVANCED_FACE('',(#246),#43,.F.);
#164=ADVANCED_FACE('',(#247),#55,.F.);
#165=ADVANCED_FACE('',(#248),#56,.F.);
#166=ADVANCED_FACE('',(#249),#57,.F.);
#167=ADVANCED_FACE('',(#250),#58,.F.);
#168=ADVANCED_FACE('',(#251),#59,.F.);
#169=ADVANCED_FACE('',(#252),#60,.F.);
#170=ADVANCED_FACE('',(#253),#61,.F.);
#171=ADVANCED_FACE('',(#254),#62,.F.);
#172=ADVANCED_FACE('',(#255),#63,.F.);
#173=ADVANCED_FACE('',(#256),#64,.F.);
#174=CYLINDRICAL_SURFACE('',#1216,33.);
#175=CYLINDRICAL_SURFACE('',#1220,33.);
#176=CYLINDRICAL_SURFACE('',#1224,33.);
#177=CYLINDRICAL_SURFACE('',#1228,33.);
#178=CYLINDRICAL_SURFACE('',#1232,33.);
#179=CYLINDRICAL_SURFACE('',#1236,33.);
#180=CYLINDRICAL_SURFACE('',#1240,33.);
#181=CYLINDRICAL_SURFACE('',#1244,33.);
#182=CYLINDRICAL_SURFACE('',#1248,33.);
#183=CYLINDRICAL_SURFACE('',#1271,23.375);
#184=CYLINDRICAL_SURFACE('',#1275,29.375);
#185=CYLINDRICAL_SURFACE('',#1279,30.175);
#186=CYLINDRICAL_SURFACE('',#1284,29.375);
#187=CYLINDRICAL_SURFACE('',#1289,31.245);
#188=CYLINDRICAL_SURFACE('',#1295,33.);
#189=CYLINDRICAL_SURFACE('',#1314,30.);
#190=CYLINDRICAL_SURFACE('',#1318,2.);
#191=CYLINDRICAL_SURFACE('',#1321,2.);
#192=CYLINDRICAL_SURFACE('',#1324,2.);
#193=CYLINDRICAL_SURFACE('',#1327,2.);
#194=CYLINDRICAL_SURFACE('',#1330,2.);
#195=CYLINDRICAL_SURFACE('',#1333,2.);
#196=CYLINDRICAL_SURFACE('',#1336,2.);
#197=CYLINDRICAL_SURFACE('',#1339,2.);
#198=CYLINDRICAL_SURFACE('',#1342,2.);
#199=CYLINDRICAL_SURFACE('',#1345,2.);
#200=FACE_OUTER_BOUND('',#257,.T.);
#201=FACE_OUTER_BOUND('',#258,.T.);
#202=FACE_OUTER_BOUND('',#259,.T.);
#203=FACE_OUTER_BOUND('',#260,.T.);
#204=FACE_OUTER_BOUND('',#261,.T.);
#205=FACE_OUTER_BOUND('',#262,.T.);
#206=FACE_OUTER_BOUND('',#263,.T.);
#207=FACE_OUTER_BOUND('',#264,.T.);
#208=FACE_OUTER_BOUND('',#265,.T.);
#209=FACE_OUTER_BOUND('',#266,.T.);
#210=FACE_OUTER_BOUND('',#267,.T.);
#211=FACE_OUTER_BOUND('',#268,.T.);
#212=FACE_OUTER_BOUND('',#269,.T.);
#213=FACE_OUTER_BOUND('',#270,.T.);
#214=FACE_OUTER_BOUND('',#271,.T.);
#215=FACE_OUTER_BOUND('',#272,.T.);
#216=FACE_OUTER_BOUND('',#273,.T.);
#217=FACE_OUTER_BOUND('',#274,.T.);
#218=FACE_OUTER_BOUND('',#287,.T.);
#219=FACE_OUTER_BOUND('',#296,.T.);
#220=FACE_OUTER_BOUND('',#301,.T.);
#221=FACE_OUTER_BOUND('',#302,.T.);
#222=FACE_OUTER_BOUND('',#303,.T.);
#223=FACE_OUTER_BOUND('',#304,.T.);
#224=FACE_OUTER_BOUND('',#305,.T.);
#225=FACE_OUTER_BOUND('',#306,.T.);
#226=FACE_OUTER_BOUND('',#307,.T.);
#227=FACE_OUTER_BOUND('',#310,.T.);
#228=FACE_OUTER_BOUND('',#311,.T.);
#229=FACE_OUTER_BOUND('',#312,.T.);
#230=FACE_OUTER_BOUND('',#313,.T.);
#231=FACE_OUTER_BOUND('',#314,.T.);
#232=FACE_OUTER_BOUND('',#315,.T.);
#233=FACE_OUTER_BOUND('',#316,.T.);
#234=FACE_OUTER_BOUND('',#317,.T.);
#235=FACE_OUTER_BOUND('',#318,.T.);
#236=FACE_OUTER_BOUND('',#319,.T.);
#237=FACE_OUTER_BOUND('',#320,.T.);
#238=FACE_OUTER_BOUND('',#321,.T.);
#239=FACE_OUTER_BOUND('',#322,.T.);
#240=FACE_OUTER_BOUND('',#323,.T.);
#241=FACE_OUTER_BOUND('',#324,.T.);
#242=FACE_OUTER_BOUND('',#325,.T.);
#243=FACE_OUTER_BOUND('',#326,.T.);
#244=FACE_OUTER_BOUND('',#327,.T.);
#245=FACE_OUTER_BOUND('',#328,.T.);
#246=FACE_OUTER_BOUND('',#329,.T.);
#247=FACE_OUTER_BOUND('',#330,.T.);
#248=FACE_OUTER_BOUND('',#331,.T.);
#249=FACE_OUTER_BOUND('',#332,.T.);
#250=FACE_OUTER_BOUND('',#333,.T.);
#251=FACE_OUTER_BOUND('',#334,.T.);
#252=FACE_OUTER_BOUND('',#335,.T.);
#253=FACE_OUTER_BOUND('',#336,.T.);
#254=FACE_OUTER_BOUND('',#337,.T.);
#255=FACE_OUTER_BOUND('',#338,.T.);
#256=FACE_OUTER_BOUND('',#339,.T.);
#257=EDGE_LOOP('',(#483,#484,#485,#486,#487,#488,#489,#490));
#258=EDGE_LOOP('',(#491,#492,#493,#494,#495,#496,#497,#498));
#259=EDGE_LOOP('',(#499,#500,#501,#502,#503,#504,#505,#506));
#260=EDGE_LOOP('',(#507,#508,#509,#510,#511,#512,#513,#514));
#261=EDGE_LOOP('',(#515,#516,#517,#518,#519,#520,#521,#522));
#262=EDGE_LOOP('',(#523,#524,#525,#526,#527,#528,#529,#530));
#263=EDGE_LOOP('',(#531,#532,#533,#534,#535,#536,#537,#538));
#264=EDGE_LOOP('',(#539,#540,#541,#542,#543,#544,#545,#546));
#265=EDGE_LOOP('',(#547,#548,#549,#550,#551,#552,#553,#554));
#266=EDGE_LOOP('',(#555,#556,#557,#558,#559,#560));
#267=EDGE_LOOP('',(#561,#562,#563,#564,#565,#566));
#268=EDGE_LOOP('',(#567,#568,#569,#570,#571,#572));
#269=EDGE_LOOP('',(#573,#574,#575,#576,#577,#578));
#270=EDGE_LOOP('',(#579,#580,#581,#582,#583,#584));
#271=EDGE_LOOP('',(#585,#586,#587,#588,#589,#590));
#272=EDGE_LOOP('',(#591,#592,#593,#594,#595,#596));
#273=EDGE_LOOP('',(#597,#598,#599,#600,#601,#602));
#274=EDGE_LOOP('',(#603,#604,#605,#606,#607,#608));
#275=EDGE_LOOP('',(#609));
#276=EDGE_LOOP('',(#610));
#277=EDGE_LOOP('',(#611));
#278=EDGE_LOOP('',(#612));
#279=EDGE_LOOP('',(#613));
#280=EDGE_LOOP('',(#614));
#281=EDGE_LOOP('',(#615));
#282=EDGE_LOOP('',(#616));
#283=EDGE_LOOP('',(#617));
#284=EDGE_LOOP('',(#618));
#285=EDGE_LOOP('',(#619,#620,#621,#622,#623));
#286=EDGE_LOOP('',(#624));
#287=EDGE_LOOP('',(#625,#626,#627,#628,#629));
#288=EDGE_LOOP('',(#630));
#289=EDGE_LOOP('',(#631,#632,#633,#634));
#290=EDGE_LOOP('',(#635));
#291=EDGE_LOOP('',(#636));
#292=EDGE_LOOP('',(#637));
#293=EDGE_LOOP('',(#638));
#294=EDGE_LOOP('',(#639,#640,#641,#642,#643,#644,#645,#646,#647,#648,#649,
#650,#651,#652,#653,#654,#655,#656,#657,#658));
#295=EDGE_LOOP('',(#659));
#296=EDGE_LOOP('',(#660,#661,#662,#663,#664,#665,#666,#667));
#297=EDGE_LOOP('',(#668,#669,#670,#671,#672,#673,#674,#675,#676,#677,#678,
#679,#680,#681,#682,#683,#684,#685,#686,#687));
#298=EDGE_LOOP('',(#688));
#299=EDGE_LOOP('',(#689));
#300=EDGE_LOOP('',(#690));
#301=EDGE_LOOP('',(#691));
#302=EDGE_LOOP('',(#692));
#303=EDGE_LOOP('',(#693,#694,#695));
#304=EDGE_LOOP('',(#696,#697,#698,#699,#700));
#305=EDGE_LOOP('',(#701,#702,#703,#704));
#306=EDGE_LOOP('',(#705,#706,#707,#708));
#307=EDGE_LOOP('',(#709,#710,#711,#712,#713,#714));
#308=EDGE_LOOP('',(#715));
#309=EDGE_LOOP('',(#716));
#310=EDGE_LOOP('',(#717,#718,#719,#720,#721,#722));
#311=EDGE_LOOP('',(#723,#724));
#312=EDGE_LOOP('',(#725,#726,#727,#728,#729,#730));
#313=EDGE_LOOP('',(#731,#732));
#314=EDGE_LOOP('',(#733,#734,#735,#736,#737,#738));
#315=EDGE_LOOP('',(#739,#740));
#316=EDGE_LOOP('',(#741,#742,#743,#744,#745,#746));
#317=EDGE_LOOP('',(#747,#748));
#318=EDGE_LOOP('',(#749,#750,#751,#752,#753,#754));
#319=EDGE_LOOP('',(#755,#756));
#320=EDGE_LOOP('',(#757,#758,#759,#760,#761,#762));
#321=EDGE_LOOP('',(#763,#764));
#322=EDGE_LOOP('',(#765,#766,#767,#768,#769,#770));
#323=EDGE_LOOP('',(#771,#772));
#324=EDGE_LOOP('',(#773,#774,#775,#776,#777,#778));
#325=EDGE_LOOP('',(#779,#780));
#326=EDGE_LOOP('',(#781,#782,#783,#784,#785,#786));
#327=EDGE_LOOP('',(#787,#788));
#328=EDGE_LOOP('',(#789,#790,#791,#792,#793,#794));
#329=EDGE_LOOP('',(#795,#796));
#330=EDGE_LOOP('',(#797,#798,#799,#800));
#331=EDGE_LOOP('',(#801,#802,#803,#804));
#332=EDGE_LOOP('',(#805,#806,#807,#808));
#333=EDGE_LOOP('',(#809,#810,#811,#812));
#334=EDGE_LOOP('',(#813,#814,#815,#816));
#335=EDGE_LOOP('',(#817,#818,#819,#820));
#336=EDGE_LOOP('',(#821,#822,#823,#824));
#337=EDGE_LOOP('',(#825,#826,#827,#828));
#338=EDGE_LOOP('',(#829,#830,#831,#832));
#339=EDGE_LOOP('',(#833,#834,#835,#836));
#340=B_SPLINE_CURVE_WITH_KNOTS('',3,(#1699,#1700,#1701,#1702,#1703,#1704,
#1705,#1706,#1707,#1708,#1709,#1710,#1711,#1712,#1713,#1714,#1715,#1716,
#1717,#1718,#1719,#1720,#1721,#1722,#1723,#1724,#1725,#1726,#1727,#1728,
#1729),.UNSPECIFIED.,.F.,.F.,(4,3,3,3,3,3,3,3,3,3,4),(0.,0.108562139165491,
0.217150301143223,0.32534356796749,0.432582354866895,0.538863127289448,
0.644655785445203,0.750681743718985,0.857527967375059,0.965369968910043,
1.),.UNSPECIFIED.);
#341=B_SPLINE_CURVE_WITH_KNOTS('',3,(#1750,#1751,#1752,#1753,#1754,#1755,
#1756,#1757,#1758,#1759,#1760,#1761,#1762,#1763,#1764,#1765,#1766,#1767,
#1768,#1769,#1770,#1771,#1772,#1773,#1774,#1775,#1776,#1777,#1778,#1779,
#1780),.UNSPECIFIED.,.F.,.F.,(4,3,3,3,3,3,3,3,3,3,4),(0.,0.10856213916549,
0.217150301143222,0.325343567967489,0.432582354866895,0.538863127289448,
0.644655785445202,0.750681743718984,0.857527967375058,0.965369968910042,
1.),.UNSPECIFIED.);
#342=B_SPLINE_CURVE_WITH_KNOTS('',3,(#1797,#1798,#1799,#1800,#1801,#1802,
#1803,#1804,#1805,#1806,#1807,#1808,#1809,#1810,#1811,#1812,#1813,#1814,
#1815,#1816,#1817,#1818,#1819,#1820,#1821,#1822,#1823,#1824,#1825,#1826,
#1827),.UNSPECIFIED.,.F.,.F.,(4,3,3,3,3,3,3,3,3,3,4),(0.,0.108562139165491,
0.217150301143222,0.32534356796749,0.432582354866895,0.538863127289449,
0.644655785445203,0.750681743718985,0.857527967375059,0.965369968910043,
1.),.UNSPECIFIED.);
#343=B_SPLINE_CURVE_WITH_KNOTS('',3,(#1844,#1845,#1846,#1847,#1848,#1849,
#1850,#1851,#1852,#1853,#1854,#1855,#1856,#1857,#1858,#1859,#1860,#1861,
#1862,#1863,#1864,#1865,#1866,#1867,#1868,#1869,#1870,#1871,#1872,#1873,
#1874),.UNSPECIFIED.,.F.,.F.,(4,3,3,3,3,3,3,3,3,3,4),(0.,0.108562139165491,
0.217150301143222,0.32534356796749,0.432582354866896,0.538863127289449,
0.644655785445203,0.750681743718984,0.857527967375059,0.965369968910043,
1.),.UNSPECIFIED.);
#344=B_SPLINE_CURVE_WITH_KNOTS('',3,(#1891,#1892,#1893,#1894,#1895,#1896,
#1897,#1898,#1899,#1900,#1901,#1902,#1903,#1904,#1905,#1906,#1907,#1908,
#1909,#1910,#1911,#1912,#1913,#1914,#1915,#1916,#1917,#1918,#1919,#1920,
#1921),.UNSPECIFIED.,.F.,.F.,(4,3,3,3,3,3,3,3,3,3,4),(0.,0.10856213916549,
0.217150301143222,0.325343567967489,0.432582354866895,0.538863127289449,
0.644655785445202,0.750681743718984,0.857527967375058,0.965369968910042,
1.),.UNSPECIFIED.);
#345=B_SPLINE_CURVE_WITH_KNOTS('',3,(#1938,#1939,#1940,#1941,#1942,#1943,
#1944,#1945,#1946,#1947,#1948,#1949,#1950,#1951,#1952,#1953,#1954,#1955,
#1956,#1957,#1958,#1959,#1960,#1961,#1962,#1963,#1964,#1965,#1966,#1967,
#1968),.UNSPECIFIED.,.F.,.F.,(4,3,3,3,3,3,3,3,3,3,4),(0.,0.10856213916549,
0.217150301143222,0.325343567967489,0.432582354866895,0.538863127289448,
0.644655785445203,0.750681743718984,0.857527967375059,0.965369968910043,
1.),.UNSPECIFIED.);
#346=B_SPLINE_CURVE_WITH_KNOTS('',3,(#1985,#1986,#1987,#1988,#1989,#1990,
#1991,#1992,#1993,#1994,#1995,#1996,#1997,#1998,#1999,#2000,#2001,#2002,
#2003,#2004,#2005,#2006,#2007,#2008,#2009,#2010,#2011,#2012,#2013,#2014,
#2015),.UNSPECIFIED.,.F.,.F.,(4,3,3,3,3,3,3,3,3,3,4),(0.,0.108562139165491,
0.217150301143222,0.32534356796749,0.432582354866895,0.538863127289449,
0.644655785445203,0.750681743718984,0.857527967375059,0.965369968910043,
1.),.UNSPECIFIED.);
#347=B_SPLINE_CURVE_WITH_KNOTS('',3,(#2032,#2033,#2034,#2035,#2036,#2037,
#2038,#2039,#2040,#2041,#2042,#2043,#2044,#2045,#2046,#2047,#2048,#2049,
#2050,#2051,#2052,#2053,#2054,#2055,#2056,#2057,#2058,#2059,#2060,#2061,
#2062),.UNSPECIFIED.,.F.,.F.,(4,3,3,3,3,3,3,3,3,3,4),(0.,0.108562139165491,
0.217150301143222,0.32534356796749,0.432582354866895,0.538863127289449,
0.644655785445203,0.750681743718985,0.857527967375059,0.965369968910043,
1.),.UNSPECIFIED.);
#348=B_SPLINE_CURVE_WITH_KNOTS('',3,(#2079,#2080,#2081,#2082,#2083,#2084,
#2085,#2086,#2087,#2088,#2089,#2090,#2091,#2092,#2093,#2094,#2095,#2096,
#2097,#2098,#2099,#2100,#2101,#2102,#2103,#2104,#2105,#2106,#2107,#2108,
#2109),.UNSPECIFIED.,.F.,.F.,(4,3,3,3,3,3,3,3,3,3,4),(0.,0.108562139165491,
0.217150301143223,0.32534356796749,0.432582354866896,0.53886312728945,0.644655785445205,
0.750681743718986,0.85752796737506,0.965369968910044,1.),.UNSPECIFIED.);
#349=B_SPLINE_CURVE_WITH_KNOTS('',3,(#2113,#2114,#2115,#2116),
 .UNSPECIFIED.,.F.,.F.,(4,4),(0.,1.),.UNSPECIFIED.);
#350=B_SPLINE_CURVE_WITH_KNOTS('',3,(#2117,#2118,#2119,#2120),
 .UNSPECIFIED.,.F.,.F.,(4,4),(0.,1.),.UNSPECIFIED.);
#351=B_SPLINE_CURVE_WITH_KNOTS('',3,(#2124,#2125,#2126,#2127),
 .UNSPECIFIED.,.F.,.F.,(4,4),(0.,1.),.UNSPECIFIED.);
#352=B_SPLINE_CURVE_WITH_KNOTS('',3,(#2129,#2130,#2131,#2132),
 .UNSPECIFIED.,.F.,.F.,(4,4),(0.,1.),.UNSPECIFIED.);
#353=B_SPLINE_CURVE_WITH_KNOTS('',3,(#2133,#2134,#2135,#2136),
 .UNSPECIFIED.,.F.,.F.,(4,4),(0.,1.),.UNSPECIFIED.);
#354=B_SPLINE_CURVE_WITH_KNOTS('',3,(#2140,#2141,#2142,#2143),
 .UNSPECIFIED.,.F.,.F.,(4,4),(0.,1.),.UNSPECIFIED.);
#355=B_SPLINE_CURVE_WITH_KNOTS('',3,(#2145,#2146,#2147,#2148),
 .UNSPECIFIED.,.F.,.F.,(4,4),(0.,1.),.UNSPECIFIED.);
#356=B_SPLINE_CURVE_WITH_KNOTS('',3,(#2149,#2150,#2151,#2152),
 .UNSPECIFIED.,.F.,.F.,(4,4),(0.,1.),.UNSPECIFIED.);
#357=B_SPLINE_CURVE_WITH_KNOTS('',3,(#2156,#2157,#2158,#2159),
 .UNSPECIFIED.,.F.,.F.,(4,4),(0.,1.),.UNSPECIFIED.);
#358=B_SPLINE_CURVE_WITH_KNOTS('',3,(#2161,#2162,#2163,#2164),
 .UNSPECIFIED.,.F.,.F.,(4,4),(0.,1.),.UNSPECIFIED.);
#359=B_SPLINE_CURVE_WITH_KNOTS('',3,(#2165,#2166,#2167,#2168),
 .UNSPECIFIED.,.F.,.F.,(4,4),(0.,1.),.UNSPECIFIED.);
#360=B_SPLINE_CURVE_WITH_KNOTS('',3,(#2172,#2173,#2174,#2175),
 .UNSPECIFIED.,.F.,.F.,(4,4),(0.,1.),.UNSPECIFIED.);
#361=B_SPLINE_CURVE_WITH_KNOTS('',3,(#2177,#2178,#2179,#2180),
 .UNSPECIFIED.,.F.,.F.,(4,4),(0.,1.),.UNSPECIFIED.);
#362=B_SPLINE_CURVE_WITH_KNOTS('',3,(#2181,#2182,#2183,#2184),
 .UNSPECIFIED.,.F.,.F.,(4,4),(0.,1.),.UNSPECIFIED.);
#363=B_SPLINE_CURVE_WITH_KNOTS('',3,(#2188,#2189,#2190,#2191),
 .UNSPECIFIED.,.F.,.F.,(4,4),(0.,1.),.UNSPECIFIED.);
#364=B_SPLINE_CURVE_WITH_KNOTS('',3,(#2193,#2194,#2195,#2196),
 .UNSPECIFIED.,.F.,.F.,(4,4),(0.,1.),.UNSPECIFIED.);
#365=B_SPLINE_CURVE_WITH_KNOTS('',3,(#2200,#2201,#2202,#2203),
 .UNSPECIFIED.,.F.,.F.,(4,4),(0.,1.),.UNSPECIFIED.);
#366=B_SPLINE_CURVE_WITH_KNOTS('',3,(#2207,#2208,#2209,#2210),
 .UNSPECIFIED.,.F.,.F.,(4,4),(0.,1.),.UNSPECIFIED.);
#367=B_SPLINE_CURVE_WITH_KNOTS('',3,(#2212,#2213,#2214,#2215),
 .UNSPECIFIED.,.F.,.F.,(4,4),(0.,1.),.UNSPECIFIED.);
#368=B_SPLINE_CURVE_WITH_KNOTS('',3,(#2217,#2218,#2219,#2220),
 .UNSPECIFIED.,.F.,.F.,(4,4),(0.,1.),.UNSPECIFIED.);
#369=B_SPLINE_CURVE_WITH_KNOTS('',3,(#2224,#2225,#2226,#2227),
 .UNSPECIFIED.,.F.,.F.,(4,4),(0.,1.),.UNSPECIFIED.);
#370=B_SPLINE_CURVE_WITH_KNOTS('',3,(#2231,#2232,#2233,#2234),
 .UNSPECIFIED.,.F.,.F.,(4,4),(0.,1.),.UNSPECIFIED.);
#371=B_SPLINE_CURVE_WITH_KNOTS('',3,(#2235,#2236,#2237,#2238),
 .UNSPECIFIED.,.F.,.F.,(4,4),(0.,1.),.UNSPECIFIED.);
#372=B_SPLINE_CURVE_WITH_KNOTS('',3,(#2242,#2243,#2244,#2245),
 .UNSPECIFIED.,.F.,.F.,(4,4),(0.,1.),.UNSPECIFIED.);
#373=B_SPLINE_CURVE_WITH_KNOTS('',3,(#2247,#2248,#2249,#2250),
 .UNSPECIFIED.,.F.,.F.,(4,4),(0.,1.),.UNSPECIFIED.);
#374=B_SPLINE_CURVE_WITH_KNOTS('',3,(#2251,#2252,#2253,#2254),
 .UNSPECIFIED.,.F.,.F.,(4,4),(0.,1.),.UNSPECIFIED.);
#375=B_SPLINE_CURVE_WITH_KNOTS('',3,(#2258,#2259,#2260,#2261),
 .UNSPECIFIED.,.F.,.F.,(4,4),(0.,1.),.UNSPECIFIED.);
#376=B_SPLINE_CURVE_WITH_KNOTS('',3,(#2285,#2286,#2287,#2288,#2289,#2290,
#2291),.UNSPECIFIED.,.F.,.F.,(4,3,4),(0.,0.384733336286867,1.),
 .UNSPECIFIED.);
#377=B_SPLINE_CURVE_WITH_KNOTS('',3,(#2295,#2296,#2297,#2298,#2299,#2300,
#2301,#2302,#2303,#2304),.UNSPECIFIED.,.F.,.F.,(4,2,2,2,4),(0.,0.25,0.5,
0.75,1.),.UNSPECIFIED.);
#378=B_SPLINE_CURVE_WITH_KNOTS('',3,(#2306,#2307,#2308,#2309,#2310,#2311,
#2312,#2313,#2314,#2315,#2316,#2317,#2318,#2319,#2320,#2321,#2322,#2323,
#2324,#2325,#2326,#2327,#2328,#2329,#2330,#2331,#2332,#2333,#2334,#2335,
#2336,#2337,#2338,#2339,#2340,#2341,#2342,#2343,#2344,#2345,#2346,#2347,
#2348,#2349,#2350,#2351,#2352,#2353,#2354,#2355,#2356,#2357,#2358,#2359,
#2360,#2361,#2362,#2363,#2364,#2365,#2366,#2367,#2368,#2369,#2370,#2371,
#2372,#2373,#2374,#2375,#2376,#2377,#2378,#2379,#2380,#2381,#2382,#2383,
#2384,#2385,#2386,#2387,#2388,#2389,#2390,#2391,#2392,#2393,#2394,#2395,
#2396,#2397,#2398,#2399,#2400,#2401,#2402,#2403,#2404,#2405,#2406,#2407,
#2408,#2409,#2410,#2411,#2412,#2413,#2414,#2415,#2416,#2417,#2418,#2419,
#2420,#2421,#2422,#2423,#2424,#2425,#2426,#2427,#2428,#2429,#2430,#2431,
#2432,#2433,#2434,#2435,#2436,#2437,#2438,#2439,#2440,#2441,#2442,#2443,
#2444,#2445),.UNSPECIFIED.,.F.,.F.,(4,2,2,2,2,2,2,2,2,2,2,2,2,2,2,2,2,2,
2,2,2,2,2,2,2,2,2,2,2,2,2,2,2,2,2,2,2,2,2,2,2,2,2,2,2,2,2,2,2,2,2,2,2,2,
2,2,2,2,2,2,2,2,2,2,2,2,2,2,2,4),(0.,0.0078125,0.015625,0.03125,0.046875,
0.0546875,0.0625,0.078125,0.09375,0.109375,0.125,0.140625,0.15625,0.1640625,
0.171875,0.1796875,0.1875,0.203125,0.21875,0.234375,0.25,0.265625,0.28125,
0.296875,0.3125,0.328125,0.34375,0.359375,0.375,0.390625,0.40625,0.421875,
0.4375,0.453125,0.46875,0.484375,0.5,0.515625,0.53125,0.546875,0.5625,0.578125,
0.59375,0.609375,0.625,0.640625,0.65625,0.671875,0.6875,0.703125,0.71875,
0.734375,0.75,0.765625,0.78125,0.796875,0.8125,0.828125,0.8359375,0.84375,
0.859375,0.875,0.890625,0.90625,0.921875,0.9375,0.953125,0.96875,0.984375,
1.),.UNSPECIFIED.);
#379=B_SPLINE_CURVE_WITH_KNOTS('',3,(#2449,#2450,#2451,#2452,#2453,#2454,
#2455,#2456,#2457,#2458,#2459,#2460,#2461,#2462,#2463,#2464,#2465,#2466,
#2467,#2468,#2469,#2470,#2471,#2472,#2473,#2474,#2475,#2476,#2477,#2478,
#2479,#2480,#2481,#2482,#2483,#2484,#2485,#2486,#2487,#2488,#2489,#2490,
#2491,#2492,#2493,#2494,#2495,#2496,#2497,#2498,#2499,#2500,#2501,#2502,
#2503,#2504,#2505,#2506,#2507,#2508,#2509,#2510,#2511,#2512,#2513,#2514,
#2515,#2516,#2517,#2518,#2519,#2520,#2521,#2522,#2523,#2524,#2525,#2526,
#2527,#2528,#2529,#2530,#2531,#2532,#2533,#2534,#2535,#2536,#2537,#2538,
#2539,#2540,#2541,#2542,#2543,#2544,#2545,#2546,#2547,#2548,#2549,#2550,
#2551,#2552,#2553,#2554,#2555,#2556,#2557,#2558,#2559,#2560,#2561,#2562,
#2563,#2564,#2565,#2566,#2567,#2568,#2569,#2570,#2571,#2572,#2573,#2574,
#2575,#2576,#2577,#2578,#2579,#2580,#2581,#2582,#2583,#2584,#2585,#2586,
#2587,#2588,#2589,#2590,#2591,#2592,#2593,#2594,#2595,#2596,#2597,#2598,
#2599,#2600,#2601,#2602,#2603,#2604),.UNSPECIFIED.,.F.,.F.,(4,2,2,2,2,2,
2,2,2,2,2,2,2,2,2,2,2,2,2,2,2,2,2,2,2,2,2,2,2,2,2,2,2,2,2,2,2,2,2,2,2,2,
2,2,2,2,2,2,2,2,2,2,2,2,2,2,2,2,2,2,2,2,2,2,2,2,2,2,2,2,2,2,2,2,2,2,2,4),
(0.,0.015625,0.03125,0.046875,0.0546875,0.0625,0.078125,0.09375,0.109375,
0.125,0.140625,0.1484375,0.15625,0.1640625,0.171875,0.1875,0.203125,0.2109375,
0.21875,0.234375,0.25,0.265625,0.28125,0.296875,0.3046875,0.3125,0.3203125,
0.328125,0.34375,0.359375,0.3671875,0.375,0.390625,0.40625,0.421875,0.4375,
0.453125,0.4609375,0.46875,0.4765625,0.484375,0.5,0.515625,0.53125,0.546875,
0.5625,0.578125,0.59375,0.609375,0.625,0.640625,0.65625,0.671875,0.6796875,
0.6875,0.6953125,0.703125,0.71875,0.734375,0.75,0.765625,0.78125,0.796875,
0.8125,0.828125,0.8359375,0.84375,0.8515625,0.859375,0.875,0.890625,0.90625,
0.921875,0.9375,0.953125,0.96875,0.984375,1.),.UNSPECIFIED.);
#380=B_SPLINE_CURVE_WITH_KNOTS('',3,(#2613,#2614,#2615,#2616,#2617,#2618,
#2619,#2620,#2621,#2622),.UNSPECIFIED.,.F.,.F.,(4,2,2,2,4),(0.,0.25,0.5,
0.75,1.),.UNSPECIFIED.);
#381=B_SPLINE_CURVE_WITH_KNOTS('',3,(#2623,#2624,#2625,#2626,#2627,#2628,
#2629,#2630,#2631,#2632),.UNSPECIFIED.,.F.,.F.,(4,2,2,2,4),(0.,0.25,0.5,
0.75,1.),.UNSPECIFIED.);
#382=B_SPLINE_CURVE_WITH_KNOTS('',3,(#2642,#2643,#2644,#2645,#2646,#2647),
 .UNSPECIFIED.,.F.,.F.,(4,2,4),(0.,0.5,1.),.UNSPECIFIED.);
#383=B_SPLINE_CURVE_WITH_KNOTS('',3,(#2648,#2649,#2650,#2651,#2652,#2653),
 .UNSPECIFIED.,.F.,.F.,(4,2,4),(0.,0.5,1.),.UNSPECIFIED.);
#384=B_SPLINE_CURVE_WITH_KNOTS('',3,(#2657,#2658,#2659,#2660,#2661,#2662),
 .UNSPECIFIED.,.F.,.F.,(4,2,4),(0.,0.5,1.),.UNSPECIFIED.);
#385=B_SPLINE_CURVE_WITH_KNOTS('',3,(#2663,#2664,#2665,#2666,#2667,#2668),
 .UNSPECIFIED.,.F.,.F.,(4,2,4),(0.,0.5,1.),.UNSPECIFIED.);
#386=B_SPLINE_CURVE_WITH_KNOTS('',3,(#2669,#2670,#2671,#2672,#2673,#2674),
 .UNSPECIFIED.,.F.,.F.,(4,2,4),(0.,0.5,1.),.UNSPECIFIED.);
#387=B_SPLINE_CURVE_WITH_KNOTS('',3,(#2675,#2676,#2677,#2678,#2679,#2680),
 .UNSPECIFIED.,.F.,.F.,(4,2,4),(0.,0.5,1.),.UNSPECIFIED.);
#388=B_SPLINE_CURVE_WITH_KNOTS('',3,(#2681,#2682,#2683,#2684,#2685,#2686),
 .UNSPECIFIED.,.F.,.F.,(4,2,4),(0.,0.5,1.),.UNSPECIFIED.);
#389=B_SPLINE_CURVE_WITH_KNOTS('',3,(#2687,#2688,#2689,#2690,#2691,#2692),
 .UNSPECIFIED.,.F.,.F.,(4,2,4),(0.,0.5,1.),.UNSPECIFIED.);
#390=B_SPLINE_CURVE_WITH_KNOTS('',3,(#2693,#2694,#2695,#2696,#2697,#2698),
 .UNSPECIFIED.,.F.,.F.,(4,2,4),(0.,0.5,1.),.UNSPECIFIED.);
#391=B_SPLINE_CURVE_WITH_KNOTS('',3,(#2699,#2700,#2701,#2702,#2703,#2704),
 .UNSPECIFIED.,.F.,.F.,(4,2,4),(0.,0.5,1.),.UNSPECIFIED.);
#392=B_SPLINE_CURVE_WITH_KNOTS('',3,(#2710,#2711,#2712,#2713,#2714,#2715,
#2716,#2717,#2718,#2719,#2720,#2721,#2722,#2723,#2724,#2725,#2726,#2727,
#2728,#2729,#2730,#2731,#2732,#2733,#2734,#2735,#2736,#2737,#2738,#2739,
#2740),.UNSPECIFIED.,.F.,.F.,(4,3,3,3,3,3,3,3,3,3,4),(0.,0.10856213916549,
0.217150301143222,0.325343567967489,0.432582354866895,0.538863127289449,
0.644655785445203,0.750681743718984,0.857527967375058,0.965369968910042,
1.),.UNSPECIFIED.);
#393=B_SPLINE_CURVE_WITH_KNOTS('',1,(#2765,#2766),.UNSPECIFIED.,.F.,.F.,
(2,2),(0.,1.),.UNSPECIFIED.);
#394=B_SPLINE_CURVE_WITH_KNOTS('',3,(#2768,#2769,#2770,#2771,#2772,#2773,
#2774,#2775,#2776,#2777,#2778,#2779,#2780,#2781,#2782,#2783,#2784,#2785,
#2786,#2787,#2788,#2789,#2790,#2791,#2792,#2793,#2794,#2795,#2796,#2797,
#2798,#2799,#2800,#2801,#2802,#2803,#2804,#2805,#2806,#2807,#2808,#2809,
#2810,#2811,#2812,#2813,#2814,#2815,#2816,#2817,#2818,#2819,#2820,#2821,
#2822,#2823,#2824,#2825,#2826,#2827,#2828,#2829,#2830,#2831,#2832,#2833,
#2834,#2835,#2836,#2837,#2838,#2839,#2840,#2841,#2842,#2843,#2844,#2845,
#2846,#2847,#2848,#2849,#2850,#2851,#2852,#2853,#2854,#2855,#2856,#2857,
#2858,#2859,#2860,#2861,#2862,#2863,#2864,#2865,#2866,#2867,#2868,#2869,
#2870,#2871,#2872,#2873,#2874,#2875,#2876,#2877,#2878,#2879,#2880,#2881,
#2882,#2883,#2884,#2885,#2886,#2887,#2888,#2889,#2890,#2891,#2892,#2893,
#2894,#2895,#2896,#2897,#2898,#2899,#2900,#2901,#2902,#2903,#2904,#2905),
 .UNSPECIFIED.,.F.,.F.,(4,2,2,2,2,2,2,2,2,2,2,2,2,2,2,2,2,2,2,2,2,2,2,2,
2,2,2,2,2,2,2,2,2,2,2,2,2,2,2,2,2,2,2,2,2,2,2,2,2,2,2,2,2,2,2,2,2,2,2,2,
2,2,2,2,2,2,2,2,4),(0.,0.015625,0.03125,0.046875,0.0625,0.078125,0.09375,
0.109375,0.125,0.140625,0.15625,0.171875,0.1875,0.203125,0.21875,0.234375,
0.25,0.265625,0.28125,0.296875,0.3125,0.328125,0.34375,0.359375,0.375,0.390625,
0.40625,0.421875,0.4375,0.453125,0.46875,0.484375,0.5,0.515625,0.53125,
0.5390625,0.546875,0.5625,0.578125,0.59375,0.609375,0.625,0.640625,0.65625,
0.671875,0.6875,0.6953125,0.703125,0.71875,0.734375,0.75,0.765625,0.78125,
0.796875,0.8125,0.828125,0.84375,0.8515625,0.859375,0.875,0.890625,0.90625,
0.921875,0.9375,0.953125,0.96875,0.984375,0.9921875,1.),.UNSPECIFIED.);
#395=B_SPLINE_CURVE_WITH_KNOTS('',3,(#3366,#3367,#3368,#3369,#3370,#3371,
#3372,#3373,#3374,#3375,#3376,#3377,#3378,#3379,#3380,#3381,#3382,#3383,
#3384,#3385,#3386,#3387,#3388,#3389,#3390,#3391,#3392,#3393,#3394,#3395,
#3396,#3397,#3398,#3399,#3400,#3401,#3402,#3403,#3404,#3405,#3406,#3407,
#3408,#3409,#3410,#3411,#3412,#3413,#3414,#3415,#3416,#3417,#3418,#3419,
#3420,#3421,#3422,#3423,#3424,#3425,#3426,#3427,#3428,#3429,#3430,#3431,
#3432,#3433,#3434,#3435,#3436,#3437,#3438,#3439,#3440,#3441,#3442,#3443,
#3444,#3445,#3446,#3447,#3448,#3449,#3450,#3451,#3452,#3453,#3454,#3455,
#3456,#3457,#3458,#3459,#3460,#3461,#3462,#3463,#3464,#3465,#3466,#3467,
#3468,#3469,#3470,#3471,#3472,#3473,#3474,#3475,#3476,#3477,#3478,#3479,
#3480,#3481,#3482,#3483,#3484,#3485,#3486,#3487,#3488,#3489,#3490,#3491,
#3492,#3493,#3494,#3495,#3496,#3497),.UNSPECIFIED.,.F.,.F.,(4,2,2,2,2,2,
2,2,2,2,2,2,2,2,2,2,2,2,2,2,2,2,2,2,2,2,2,2,2,2,2,2,2,2,2,2,2,2,2,2,2,2,
2,2,2,2,2,2,2,2,2,2,2,2,2,2,2,2,2,2,2,2,2,2,2,4),(0.,0.015625,0.03125,0.046875,
0.0625,0.078125,0.09375,0.109375,0.125,0.140625,0.15625,0.171875,0.1875,
0.203125,0.21875,0.234375,0.25,0.265625,0.28125,0.296875,0.3125,0.328125,
0.34375,0.359375,0.375,0.390625,0.40625,0.4140625,0.421875,0.4375,0.453125,
0.46875,0.484375,0.5,0.515625,0.53125,0.546875,0.5625,0.578125,0.59375,
0.609375,0.625,0.640625,0.65625,0.671875,0.6875,0.703125,0.71875,0.734375,
0.75,0.765625,0.78125,0.796875,0.8125,0.828125,0.84375,0.859375,0.875,0.890625,
0.90625,0.921875,0.9375,0.953125,0.96875,0.984375,1.),.UNSPECIFIED.);
#396=B_SPLINE_CURVE_WITH_KNOTS('',3,(#3959,#3960,#3961,#3962),
 .UNSPECIFIED.,.F.,.F.,(4,4),(0.,1.),.UNSPECIFIED.);
#397=B_SPLINE_CURVE_WITH_KNOTS('',3,(#3963,#3964,#3965,#3966),
 .UNSPECIFIED.,.F.,.F.,(4,4),(0.,1.),.UNSPECIFIED.);
#398=B_SPLINE_CURVE_WITH_KNOTS('',3,(#3967,#3968,#3969,#3970),
 .UNSPECIFIED.,.F.,.F.,(4,4),(0.,1.),.UNSPECIFIED.);
#399=LINE('',#1693,#441);
#400=LINE('',#1697,#442);
#401=LINE('',#1731,#443);
#402=LINE('',#1735,#444);
#403=LINE('',#1740,#445);
#404=LINE('',#1744,#446);
#405=LINE('',#1748,#447);
#406=LINE('',#1782,#448);
#407=LINE('',#1787,#449);
#408=LINE('',#1791,#450);
#409=LINE('',#1795,#451);
#410=LINE('',#1829,#452);
#411=LINE('',#1834,#453);
#412=LINE('',#1838,#454);
#413=LINE('',#1842,#455);
#414=LINE('',#1876,#456);
#415=LINE('',#1881,#457);
#416=LINE('',#1885,#458);
#417=LINE('',#1889,#459);
#418=LINE('',#1923,#460);
#419=LINE('',#1928,#461);
#420=LINE('',#1932,#462);
#421=LINE('',#1936,#463);
#422=LINE('',#1970,#464);
#423=LINE('',#1975,#465);
#424=LINE('',#1979,#466);
#425=LINE('',#1983,#467);
#426=LINE('',#2017,#468);
#427=LINE('',#2022,#469);
#428=LINE('',#2026,#470);
#429=LINE('',#2030,#471);
#430=LINE('',#2064,#472);
#431=LINE('',#2069,#473);
#432=LINE('',#2073,#474);
#433=LINE('',#2077,#475);
#434=LINE('',#2111,#476);
#435=LINE('',#2283,#477);
#436=LINE('',#2448,#478);
#437=LINE('',#2706,#479);
#438=LINE('',#2707,#480);
#439=LINE('',#2708,#481);
#440=LINE('',#2742,#482);
#441=VECTOR('',#1361,1.);
#442=VECTOR('',#1364,1.);
#443=VECTOR('',#1365,1.);
#444=VECTOR('',#1368,1.);
#445=VECTOR('',#1373,1.);
#446=VECTOR('',#1376,1.);
#447=VECTOR('',#1379,1.);
#448=VECTOR('',#1380,1.);
#449=VECTOR('',#1385,1.);
#450=VECTOR('',#1388,1.);
#451=VECTOR('',#1391,1.);
#452=VECTOR('',#1392,1.);
#453=VECTOR('',#1397,1.);
#454=VECTOR('',#1400,1.);
#455=VECTOR('',#1403,1.);
#456=VECTOR('',#1404,1.);
#457=VECTOR('',#1409,1.);
#458=VECTOR('',#1412,1.);
#459=VECTOR('',#1415,1.);
#460=VECTOR('',#1416,1.);
#461=VECTOR('',#1421,1.);
#462=VECTOR('',#1424,1.);
#463=VECTOR('',#1427,1.);
#464=VECTOR('',#1428,1.);
#465=VECTOR('',#1433,1.);
#466=VECTOR('',#1436,1.);
#467=VECTOR('',#1439,1.);
#468=VECTOR('',#1440,1.);
#469=VECTOR('',#1445,1.);
#470=VECTOR('',#1448,1.);
#471=VECTOR('',#1451,1.);
#472=VECTOR('',#1452,1.);
#473=VECTOR('',#1457,1.);
#474=VECTOR('',#1460,1.);
#475=VECTOR('',#1463,1.);
#476=VECTOR('',#1464,1.);
#477=VECTOR('',#1531,1.);
#478=VECTOR('',#1536,1.);
#479=VECTOR('',#1561,1.);
#480=VECTOR('',#1562,1.);
#481=VECTOR('',#1563,1.);
#482=VECTOR('',#1564,1.);
#483=ORIENTED_EDGE('',*,*,#959,.T.);
#484=ORIENTED_EDGE('',*,*,#960,.T.);
#485=ORIENTED_EDGE('',*,*,#961,.T.);
#486=ORIENTED_EDGE('',*,*,#962,.T.);
#487=ORIENTED_EDGE('',*,*,#963,.T.);
#488=ORIENTED_EDGE('',*,*,#964,.T.);
#489=ORIENTED_EDGE('',*,*,#965,.T.);
#490=ORIENTED_EDGE('',*,*,#966,.T.);
#491=ORIENTED_EDGE('',*,*,#967,.T.);
#492=ORIENTED_EDGE('',*,*,#968,.T.);
#493=ORIENTED_EDGE('',*,*,#969,.T.);
#494=ORIENTED_EDGE('',*,*,#970,.T.);
#495=ORIENTED_EDGE('',*,*,#971,.T.);
#496=ORIENTED_EDGE('',*,*,#972,.T.);
#497=ORIENTED_EDGE('',*,*,#973,.T.);
#498=ORIENTED_EDGE('',*,*,#974,.T.);
#499=ORIENTED_EDGE('',*,*,#975,.T.);
#500=ORIENTED_EDGE('',*,*,#976,.T.);
#501=ORIENTED_EDGE('',*,*,#977,.T.);
#502=ORIENTED_EDGE('',*,*,#978,.T.);
#503=ORIENTED_EDGE('',*,*,#979,.T.);
#504=ORIENTED_EDGE('',*,*,#980,.T.);
#505=ORIENTED_EDGE('',*,*,#981,.T.);
#506=ORIENTED_EDGE('',*,*,#982,.T.);
#507=ORIENTED_EDGE('',*,*,#983,.T.);
#508=ORIENTED_EDGE('',*,*,#984,.T.);
#509=ORIENTED_EDGE('',*,*,#985,.T.);
#510=ORIENTED_EDGE('',*,*,#986,.T.);
#511=ORIENTED_EDGE('',*,*,#987,.T.);
#512=ORIENTED_EDGE('',*,*,#988,.T.);
#513=ORIENTED_EDGE('',*,*,#989,.T.);
#514=ORIENTED_EDGE('',*,*,#990,.T.);
#515=ORIENTED_EDGE('',*,*,#991,.T.);
#516=ORIENTED_EDGE('',*,*,#992,.T.);
#517=ORIENTED_EDGE('',*,*,#993,.T.);
#518=ORIENTED_EDGE('',*,*,#994,.T.);
#519=ORIENTED_EDGE('',*,*,#995,.T.);
#520=ORIENTED_EDGE('',*,*,#996,.T.);
#521=ORIENTED_EDGE('',*,*,#997,.T.);
#522=ORIENTED_EDGE('',*,*,#998,.T.);
#523=ORIENTED_EDGE('',*,*,#999,.T.);
#524=ORIENTED_EDGE('',*,*,#1000,.T.);
#525=ORIENTED_EDGE('',*,*,#1001,.T.);
#526=ORIENTED_EDGE('',*,*,#1002,.T.);
#527=ORIENTED_EDGE('',*,*,#1003,.T.);
#528=ORIENTED_EDGE('',*,*,#1004,.T.);
#529=ORIENTED_EDGE('',*,*,#1005,.T.);
#530=ORIENTED_EDGE('',*,*,#1006,.T.);
#531=ORIENTED_EDGE('',*,*,#1007,.T.);
#532=ORIENTED_EDGE('',*,*,#1008,.T.);
#533=ORIENTED_EDGE('',*,*,#1009,.T.);
#534=ORIENTED_EDGE('',*,*,#1010,.T.);
#535=ORIENTED_EDGE('',*,*,#1011,.T.);
#536=ORIENTED_EDGE('',*,*,#1012,.T.);
#537=ORIENTED_EDGE('',*,*,#1013,.T.);
#538=ORIENTED_EDGE('',*,*,#1014,.T.);
#539=ORIENTED_EDGE('',*,*,#1015,.T.);
#540=ORIENTED_EDGE('',*,*,#1016,.T.);
#541=ORIENTED_EDGE('',*,*,#1017,.T.);
#542=ORIENTED_EDGE('',*,*,#1018,.T.);
#543=ORIENTED_EDGE('',*,*,#1019,.T.);
#544=ORIENTED_EDGE('',*,*,#1020,.T.);
#545=ORIENTED_EDGE('',*,*,#1021,.T.);
#546=ORIENTED_EDGE('',*,*,#1022,.T.);
#547=ORIENTED_EDGE('',*,*,#1023,.T.);
#548=ORIENTED_EDGE('',*,*,#1024,.T.);
#549=ORIENTED_EDGE('',*,*,#1025,.T.);
#550=ORIENTED_EDGE('',*,*,#1026,.T.);
#551=ORIENTED_EDGE('',*,*,#1027,.T.);
#552=ORIENTED_EDGE('',*,*,#1028,.T.);
#553=ORIENTED_EDGE('',*,*,#1029,.T.);
#554=ORIENTED_EDGE('',*,*,#1030,.T.);
#555=ORIENTED_EDGE('',*,*,#1031,.F.);
#556=ORIENTED_EDGE('',*,*,#991,.F.);
#557=ORIENTED_EDGE('',*,*,#1032,.F.);
#558=ORIENTED_EDGE('',*,*,#1033,.F.);
#559=ORIENTED_EDGE('',*,*,#1034,.F.);
#560=ORIENTED_EDGE('',*,*,#987,.F.);
#561=ORIENTED_EDGE('',*,*,#1035,.F.);
#562=ORIENTED_EDGE('',*,*,#999,.F.);
#563=ORIENTED_EDGE('',*,*,#1036,.F.);
#564=ORIENTED_EDGE('',*,*,#1037,.F.);
#565=ORIENTED_EDGE('',*,*,#1038,.F.);
#566=ORIENTED_EDGE('',*,*,#995,.F.);
#567=ORIENTED_EDGE('',*,*,#1039,.F.);
#568=ORIENTED_EDGE('',*,*,#983,.F.);
#569=ORIENTED_EDGE('',*,*,#1040,.F.);
#570=ORIENTED_EDGE('',*,*,#1041,.F.);
#571=ORIENTED_EDGE('',*,*,#1042,.F.);
#572=ORIENTED_EDGE('',*,*,#979,.F.);
#573=ORIENTED_EDGE('',*,*,#1043,.F.);
#574=ORIENTED_EDGE('',*,*,#1015,.F.);
#575=ORIENTED_EDGE('',*,*,#1044,.F.);
#576=ORIENTED_EDGE('',*,*,#1045,.F.);
#577=ORIENTED_EDGE('',*,*,#1046,.F.);
#578=ORIENTED_EDGE('',*,*,#1011,.F.);
#579=ORIENTED_EDGE('',*,*,#1047,.F.);
#580=ORIENTED_EDGE('',*,*,#1023,.F.);
#581=ORIENTED_EDGE('',*,*,#1048,.F.);
#582=ORIENTED_EDGE('',*,*,#1049,.F.);
#583=ORIENTED_EDGE('',*,*,#1050,.F.);
#584=ORIENTED_EDGE('',*,*,#1019,.F.);
#585=ORIENTED_EDGE('',*,*,#1051,.F.);
#586=ORIENTED_EDGE('',*,*,#1052,.F.);
#587=ORIENTED_EDGE('',*,*,#1053,.F.);
#588=ORIENTED_EDGE('',*,*,#1054,.F.);
#589=ORIENTED_EDGE('',*,*,#1055,.F.);
#590=ORIENTED_EDGE('',*,*,#1027,.F.);
#591=ORIENTED_EDGE('',*,*,#1056,.F.);
#592=ORIENTED_EDGE('',*,*,#965,.F.);
#593=ORIENTED_EDGE('',*,*,#1057,.F.);
#594=ORIENTED_EDGE('',*,*,#1058,.F.);
#595=ORIENTED_EDGE('',*,*,#1059,.F.);
#596=ORIENTED_EDGE('',*,*,#1060,.F.);
#597=ORIENTED_EDGE('',*,*,#1061,.F.);
#598=ORIENTED_EDGE('',*,*,#1007,.F.);
#599=ORIENTED_EDGE('',*,*,#1062,.F.);
#600=ORIENTED_EDGE('',*,*,#1063,.F.);
#601=ORIENTED_EDGE('',*,*,#1064,.F.);
#602=ORIENTED_EDGE('',*,*,#1003,.F.);
#603=ORIENTED_EDGE('',*,*,#1065,.F.);
#604=ORIENTED_EDGE('',*,*,#975,.F.);
#605=ORIENTED_EDGE('',*,*,#1066,.F.);
#606=ORIENTED_EDGE('',*,*,#1067,.F.);
#607=ORIENTED_EDGE('',*,*,#1068,.F.);
#608=ORIENTED_EDGE('',*,*,#971,.F.);
#609=ORIENTED_EDGE('',*,*,#1069,.F.);
#610=ORIENTED_EDGE('',*,*,#1070,.T.);
#611=ORIENTED_EDGE('',*,*,#1071,.F.);
#612=ORIENTED_EDGE('',*,*,#1069,.T.);
#613=ORIENTED_EDGE('',*,*,#1072,.F.);
#614=ORIENTED_EDGE('',*,*,#1071,.T.);
#615=ORIENTED_EDGE('',*,*,#1073,.F.);
#616=ORIENTED_EDGE('',*,*,#1072,.T.);
#617=ORIENTED_EDGE('',*,*,#1074,.F.);
#618=ORIENTED_EDGE('',*,*,#1073,.T.);
#619=ORIENTED_EDGE('',*,*,#1075,.F.);
#620=ORIENTED_EDGE('',*,*,#1076,.T.);
#621=ORIENTED_EDGE('',*,*,#1077,.T.);
#622=ORIENTED_EDGE('',*,*,#1078,.T.);
#623=ORIENTED_EDGE('',*,*,#1079,.T.);
#624=ORIENTED_EDGE('',*,*,#1074,.T.);
#625=ORIENTED_EDGE('',*,*,#1080,.T.);
#626=ORIENTED_EDGE('',*,*,#1081,.T.);
#627=ORIENTED_EDGE('',*,*,#1075,.T.);
#628=ORIENTED_EDGE('',*,*,#1082,.T.);
#629=ORIENTED_EDGE('',*,*,#1083,.F.);
#630=ORIENTED_EDGE('',*,*,#1084,.F.);
#631=ORIENTED_EDGE('',*,*,#1085,.T.);
#632=ORIENTED_EDGE('',*,*,#1086,.T.);
#633=ORIENTED_EDGE('',*,*,#1083,.T.);
#634=ORIENTED_EDGE('',*,*,#1087,.T.);
#635=ORIENTED_EDGE('',*,*,#1088,.T.);
#636=ORIENTED_EDGE('',*,*,#1084,.T.);
#637=ORIENTED_EDGE('',*,*,#1089,.T.);
#638=ORIENTED_EDGE('',*,*,#1090,.F.);
#639=ORIENTED_EDGE('',*,*,#969,.F.);
#640=ORIENTED_EDGE('',*,*,#1091,.T.);
#641=ORIENTED_EDGE('',*,*,#959,.F.);
#642=ORIENTED_EDGE('',*,*,#1092,.T.);
#643=ORIENTED_EDGE('',*,*,#1093,.F.);
#644=ORIENTED_EDGE('',*,*,#1094,.T.);
#645=ORIENTED_EDGE('',*,*,#1025,.F.);
#646=ORIENTED_EDGE('',*,*,#1095,.T.);
#647=ORIENTED_EDGE('',*,*,#1017,.F.);
#648=ORIENTED_EDGE('',*,*,#1096,.T.);
#649=ORIENTED_EDGE('',*,*,#1009,.F.);
#650=ORIENTED_EDGE('',*,*,#1097,.T.);
#651=ORIENTED_EDGE('',*,*,#1001,.F.);
#652=ORIENTED_EDGE('',*,*,#1098,.T.);
#653=ORIENTED_EDGE('',*,*,#993,.F.);
#654=ORIENTED_EDGE('',*,*,#1099,.T.);
#655=ORIENTED_EDGE('',*,*,#985,.F.);
#656=ORIENTED_EDGE('',*,*,#1100,.T.);
#657=ORIENTED_EDGE('',*,*,#977,.F.);
#658=ORIENTED_EDGE('',*,*,#1101,.T.);
#659=ORIENTED_EDGE('',*,*,#1090,.T.);
#660=ORIENTED_EDGE('',*,*,#1052,.T.);
#661=ORIENTED_EDGE('',*,*,#1102,.T.);
#662=ORIENTED_EDGE('',*,*,#1093,.T.);
#663=ORIENTED_EDGE('',*,*,#1103,.T.);
#664=ORIENTED_EDGE('',*,*,#1060,.T.);
#665=ORIENTED_EDGE('',*,*,#1104,.T.);
#666=ORIENTED_EDGE('',*,*,#1105,.T.);
#667=ORIENTED_EDGE('',*,*,#1106,.T.);
#668=ORIENTED_EDGE('',*,*,#1041,.T.);
#669=ORIENTED_EDGE('',*,*,#1107,.T.);
#670=ORIENTED_EDGE('',*,*,#1033,.T.);
#671=ORIENTED_EDGE('',*,*,#1108,.T.);
#672=ORIENTED_EDGE('',*,*,#1037,.T.);
#673=ORIENTED_EDGE('',*,*,#1109,.T.);
#674=ORIENTED_EDGE('',*,*,#1063,.T.);
#675=ORIENTED_EDGE('',*,*,#1110,.T.);
#676=ORIENTED_EDGE('',*,*,#1045,.T.);
#677=ORIENTED_EDGE('',*,*,#1111,.T.);
#678=ORIENTED_EDGE('',*,*,#1049,.T.);
#679=ORIENTED_EDGE('',*,*,#1112,.T.);
#680=ORIENTED_EDGE('',*,*,#1054,.T.);
#681=ORIENTED_EDGE('',*,*,#1113,.T.);
#682=ORIENTED_EDGE('',*,*,#1058,.T.);
#683=ORIENTED_EDGE('',*,*,#1114,.T.);
#684=ORIENTED_EDGE('',*,*,#1115,.T.);
#685=ORIENTED_EDGE('',*,*,#1116,.T.);
#686=ORIENTED_EDGE('',*,*,#1067,.T.);
#687=ORIENTED_EDGE('',*,*,#1117,.T.);
#688=ORIENTED_EDGE('',*,*,#1118,.F.);
#689=ORIENTED_EDGE('',*,*,#1119,.F.);
#690=ORIENTED_EDGE('',*,*,#1118,.T.);
#691=ORIENTED_EDGE('',*,*,#1119,.T.);
#692=ORIENTED_EDGE('',*,*,#1070,.F.);
#693=ORIENTED_EDGE('',*,*,#1120,.F.);
#694=ORIENTED_EDGE('',*,*,#1076,.F.);
#695=ORIENTED_EDGE('',*,*,#1081,.F.);
#696=ORIENTED_EDGE('',*,*,#1086,.F.);
#697=ORIENTED_EDGE('',*,*,#1121,.T.);
#698=ORIENTED_EDGE('',*,*,#1077,.F.);
#699=ORIENTED_EDGE('',*,*,#1120,.T.);
#700=ORIENTED_EDGE('',*,*,#1080,.F.);
#701=ORIENTED_EDGE('',*,*,#1082,.F.);
#702=ORIENTED_EDGE('',*,*,#1079,.F.);
#703=ORIENTED_EDGE('',*,*,#1122,.T.);
#704=ORIENTED_EDGE('',*,*,#1087,.F.);
#705=ORIENTED_EDGE('',*,*,#1122,.F.);
#706=ORIENTED_EDGE('',*,*,#1078,.F.);
#707=ORIENTED_EDGE('',*,*,#1121,.F.);
#708=ORIENTED_EDGE('',*,*,#1085,.F.);
#709=ORIENTED_EDGE('',*,*,#1123,.F.);
#710=ORIENTED_EDGE('',*,*,#967,.F.);
#711=ORIENTED_EDGE('',*,*,#1124,.F.);
#712=ORIENTED_EDGE('',*,*,#1115,.F.);
#713=ORIENTED_EDGE('',*,*,#1125,.F.);
#714=ORIENTED_EDGE('',*,*,#961,.F.);
#715=ORIENTED_EDGE('',*,*,#1088,.F.);
#716=ORIENTED_EDGE('',*,*,#1089,.F.);
#717=ORIENTED_EDGE('',*,*,#982,.F.);
#718=ORIENTED_EDGE('',*,*,#1126,.T.);
#719=ORIENTED_EDGE('',*,*,#980,.F.);
#720=ORIENTED_EDGE('',*,*,#1042,.T.);
#721=ORIENTED_EDGE('',*,*,#1117,.F.);
#722=ORIENTED_EDGE('',*,*,#1066,.T.);
#723=ORIENTED_EDGE('',*,*,#981,.F.);
#724=ORIENTED_EDGE('',*,*,#1126,.F.);
#725=ORIENTED_EDGE('',*,*,#974,.F.);
#726=ORIENTED_EDGE('',*,*,#1127,.T.);
#727=ORIENTED_EDGE('',*,*,#972,.F.);
#728=ORIENTED_EDGE('',*,*,#1068,.T.);
#729=ORIENTED_EDGE('',*,*,#1116,.F.);
#730=ORIENTED_EDGE('',*,*,#1124,.T.);
#731=ORIENTED_EDGE('',*,*,#973,.F.);
#732=ORIENTED_EDGE('',*,*,#1127,.F.);
#733=ORIENTED_EDGE('',*,*,#964,.F.);
#734=ORIENTED_EDGE('',*,*,#1128,.T.);
#735=ORIENTED_EDGE('',*,*,#962,.F.);
#736=ORIENTED_EDGE('',*,*,#1125,.T.);
#737=ORIENTED_EDGE('',*,*,#1114,.F.);
#738=ORIENTED_EDGE('',*,*,#1057,.T.);
#739=ORIENTED_EDGE('',*,*,#963,.F.);
#740=ORIENTED_EDGE('',*,*,#1128,.F.);
#741=ORIENTED_EDGE('',*,*,#1106,.F.);
#742=ORIENTED_EDGE('',*,*,#1129,.T.);
#743=ORIENTED_EDGE('',*,*,#1104,.F.);
#744=ORIENTED_EDGE('',*,*,#1059,.T.);
#745=ORIENTED_EDGE('',*,*,#1113,.F.);
#746=ORIENTED_EDGE('',*,*,#1053,.T.);
#747=ORIENTED_EDGE('',*,*,#1105,.F.);
#748=ORIENTED_EDGE('',*,*,#1129,.F.);
#749=ORIENTED_EDGE('',*,*,#1030,.F.);
#750=ORIENTED_EDGE('',*,*,#1130,.T.);
#751=ORIENTED_EDGE('',*,*,#1028,.F.);
#752=ORIENTED_EDGE('',*,*,#1055,.T.);
#753=ORIENTED_EDGE('',*,*,#1112,.F.);
#754=ORIENTED_EDGE('',*,*,#1048,.T.);
#755=ORIENTED_EDGE('',*,*,#1029,.F.);
#756=ORIENTED_EDGE('',*,*,#1130,.F.);
#757=ORIENTED_EDGE('',*,*,#1022,.F.);
#758=ORIENTED_EDGE('',*,*,#1131,.T.);
#759=ORIENTED_EDGE('',*,*,#1020,.F.);
#760=ORIENTED_EDGE('',*,*,#1050,.T.);
#761=ORIENTED_EDGE('',*,*,#1111,.F.);
#762=ORIENTED_EDGE('',*,*,#1044,.T.);
#763=ORIENTED_EDGE('',*,*,#1021,.F.);
#764=ORIENTED_EDGE('',*,*,#1131,.F.);
#765=ORIENTED_EDGE('',*,*,#1014,.F.);
#766=ORIENTED_EDGE('',*,*,#1132,.T.);
#767=ORIENTED_EDGE('',*,*,#1012,.F.);
#768=ORIENTED_EDGE('',*,*,#1046,.T.);
#769=ORIENTED_EDGE('',*,*,#1110,.F.);
#770=ORIENTED_EDGE('',*,*,#1062,.T.);
#771=ORIENTED_EDGE('',*,*,#1013,.F.);
#772=ORIENTED_EDGE('',*,*,#1132,.F.);
#773=ORIENTED_EDGE('',*,*,#1006,.F.);
#774=ORIENTED_EDGE('',*,*,#1133,.T.);
#775=ORIENTED_EDGE('',*,*,#1004,.F.);
#776=ORIENTED_EDGE('',*,*,#1064,.T.);
#777=ORIENTED_EDGE('',*,*,#1109,.F.);
#778=ORIENTED_EDGE('',*,*,#1036,.T.);
#779=ORIENTED_EDGE('',*,*,#1005,.F.);
#780=ORIENTED_EDGE('',*,*,#1133,.F.);
#781=ORIENTED_EDGE('',*,*,#998,.F.);
#782=ORIENTED_EDGE('',*,*,#1134,.T.);
#783=ORIENTED_EDGE('',*,*,#996,.F.);
#784=ORIENTED_EDGE('',*,*,#1038,.T.);
#785=ORIENTED_EDGE('',*,*,#1108,.F.);
#786=ORIENTED_EDGE('',*,*,#1032,.T.);
#787=ORIENTED_EDGE('',*,*,#997,.F.);
#788=ORIENTED_EDGE('',*,*,#1134,.F.);
#789=ORIENTED_EDGE('',*,*,#990,.F.);
#790=ORIENTED_EDGE('',*,*,#1135,.T.);
#791=ORIENTED_EDGE('',*,*,#988,.F.);
#792=ORIENTED_EDGE('',*,*,#1034,.T.);
#793=ORIENTED_EDGE('',*,*,#1107,.F.);
#794=ORIENTED_EDGE('',*,*,#1040,.T.);
#795=ORIENTED_EDGE('',*,*,#989,.F.);
#796=ORIENTED_EDGE('',*,*,#1135,.F.);
#797=ORIENTED_EDGE('',*,*,#1092,.F.);
#798=ORIENTED_EDGE('',*,*,#966,.F.);
#799=ORIENTED_EDGE('',*,*,#1056,.T.);
#800=ORIENTED_EDGE('',*,*,#1103,.F.);
#801=ORIENTED_EDGE('',*,*,#1094,.F.);
#802=ORIENTED_EDGE('',*,*,#1102,.F.);
#803=ORIENTED_EDGE('',*,*,#1051,.T.);
#804=ORIENTED_EDGE('',*,*,#1026,.F.);
#805=ORIENTED_EDGE('',*,*,#1047,.T.);
#806=ORIENTED_EDGE('',*,*,#1018,.F.);
#807=ORIENTED_EDGE('',*,*,#1095,.F.);
#808=ORIENTED_EDGE('',*,*,#1024,.F.);
#809=ORIENTED_EDGE('',*,*,#1043,.T.);
#810=ORIENTED_EDGE('',*,*,#1010,.F.);
#811=ORIENTED_EDGE('',*,*,#1096,.F.);
#812=ORIENTED_EDGE('',*,*,#1016,.F.);
#813=ORIENTED_EDGE('',*,*,#1061,.T.);
#814=ORIENTED_EDGE('',*,*,#1002,.F.);
#815=ORIENTED_EDGE('',*,*,#1097,.F.);
#816=ORIENTED_EDGE('',*,*,#1008,.F.);
#817=ORIENTED_EDGE('',*,*,#1035,.T.);
#818=ORIENTED_EDGE('',*,*,#994,.F.);
#819=ORIENTED_EDGE('',*,*,#1098,.F.);
#820=ORIENTED_EDGE('',*,*,#1000,.F.);
#821=ORIENTED_EDGE('',*,*,#1031,.T.);
#822=ORIENTED_EDGE('',*,*,#986,.F.);
#823=ORIENTED_EDGE('',*,*,#1099,.F.);
#824=ORIENTED_EDGE('',*,*,#992,.F.);
#825=ORIENTED_EDGE('',*,*,#1039,.T.);
#826=ORIENTED_EDGE('',*,*,#978,.F.);
#827=ORIENTED_EDGE('',*,*,#1100,.F.);
#828=ORIENTED_EDGE('',*,*,#984,.F.);
#829=ORIENTED_EDGE('',*,*,#1065,.T.);
#830=ORIENTED_EDGE('',*,*,#970,.F.);
#831=ORIENTED_EDGE('',*,*,#1101,.F.);
#832=ORIENTED_EDGE('',*,*,#976,.F.);
#833=ORIENTED_EDGE('',*,*,#968,.F.);
#834=ORIENTED_EDGE('',*,*,#1123,.T.);
#835=ORIENTED_EDGE('',*,*,#960,.F.);
#836=ORIENTED_EDGE('',*,*,#1091,.F.);
#837=VERTEX_POINT('',#1691);
#838=VERTEX_POINT('',#1692);
#839=VERTEX_POINT('',#1694);
#840=VERTEX_POINT('',#1696);
#841=VERTEX_POINT('',#1698);
#842=VERTEX_POINT('',#1730);
#843=VERTEX_POINT('',#1732);
#844=VERTEX_POINT('',#1734);
#845=VERTEX_POINT('',#1738);
#846=VERTEX_POINT('',#1739);
#847=VERTEX_POINT('',#1741);
#848=VERTEX_POINT('',#1743);
#849=VERTEX_POINT('',#1745);
#850=VERTEX_POINT('',#1747);
#851=VERTEX_POINT('',#1749);
#852=VERTEX_POINT('',#1781);
#853=VERTEX_POINT('',#1785);
#854=VERTEX_POINT('',#1786);
#855=VERTEX_POINT('',#1788);
#856=VERTEX_POINT('',#1790);
#857=VERTEX_POINT('',#1792);
#858=VERTEX_POINT('',#1794);
#859=VERTEX_POINT('',#1796);
#860=VERTEX_POINT('',#1828);
#861=VERTEX_POINT('',#1832);
#862=VERTEX_POINT('',#1833);
#863=VERTEX_POINT('',#1835);
#864=VERTEX_POINT('',#1837);
#865=VERTEX_POINT('',#1839);
#866=VERTEX_POINT('',#1841);
#867=VERTEX_POINT('',#1843);
#868=VERTEX_POINT('',#1875);
#869=VERTEX_POINT('',#1879);
#870=VERTEX_POINT('',#1880);
#871=VERTEX_POINT('',#1882);
#872=VERTEX_POINT('',#1884);
#873=VERTEX_POINT('',#1886);
#874=VERTEX_POINT('',#1888);
#875=VERTEX_POINT('',#1890);
#876=VERTEX_POINT('',#1922);
#877=VERTEX_POINT('',#1926);
#878=VERTEX_POINT('',#1927);
#879=VERTEX_POINT('',#1929);
#880=VERTEX_POINT('',#1931);
#881=VERTEX_POINT('',#1933);
#882=VERTEX_POINT('',#1935);
#883=VERTEX_POINT('',#1937);
#884=VERTEX_POINT('',#1969);
#885=VERTEX_POINT('',#1973);
#886=VERTEX_POINT('',#1974);
#887=VERTEX_POINT('',#1976);
#888=VERTEX_POINT('',#1978);
#889=VERTEX_POINT('',#1980);
#890=VERTEX_POINT('',#1982);
#891=VERTEX_POINT('',#1984);
#892=VERTEX_POINT('',#2016);
#893=VERTEX_POINT('',#2020);
#894=VERTEX_POINT('',#2021);
#895=VERTEX_POINT('',#2023);
#896=VERTEX_POINT('',#2025);
#897=VERTEX_POINT('',#2027);
#898=VERTEX_POINT('',#2029);
#899=VERTEX_POINT('',#2031);
#900=VERTEX_POINT('',#2063);
#901=VERTEX_POINT('',#2067);
#902=VERTEX_POINT('',#2068);
#903=VERTEX_POINT('',#2070);
#904=VERTEX_POINT('',#2072);
#905=VERTEX_POINT('',#2074);
#906=VERTEX_POINT('',#2076);
#907=VERTEX_POINT('',#2078);
#908=VERTEX_POINT('',#2110);
#909=VERTEX_POINT('',#2121);
#910=VERTEX_POINT('',#2123);
#911=VERTEX_POINT('',#2137);
#912=VERTEX_POINT('',#2139);
#913=VERTEX_POINT('',#2153);
#914=VERTEX_POINT('',#2155);
#915=VERTEX_POINT('',#2169);
#916=VERTEX_POINT('',#2171);
#917=VERTEX_POINT('',#2185);
#918=VERTEX_POINT('',#2187);
#919=VERTEX_POINT('',#2197);
#920=VERTEX_POINT('',#2199);
#921=VERTEX_POINT('',#2204);
#922=VERTEX_POINT('',#2206);
#923=VERTEX_POINT('',#2216);
#924=VERTEX_POINT('',#2221);
#925=VERTEX_POINT('',#2223);
#926=VERTEX_POINT('',#2228);
#927=VERTEX_POINT('',#2239);
#928=VERTEX_POINT('',#2241);
#929=VERTEX_POINT('',#2255);
#930=VERTEX_POINT('',#2257);
#931=VERTEX_POINT('',#2264);
#932=VERTEX_POINT('',#2266);
#933=VERTEX_POINT('',#2269);
#934=VERTEX_POINT('',#2272);
#935=VERTEX_POINT('',#2275);
#936=VERTEX_POINT('',#2278);
#937=VERTEX_POINT('',#2281);
#938=VERTEX_POINT('',#2282);
#939=VERTEX_POINT('',#2284);
#940=VERTEX_POINT('',#2292);
#941=VERTEX_POINT('',#2294);
#942=VERTEX_POINT('',#2446);
#943=VERTEX_POINT('',#2447);
#944=VERTEX_POINT('',#2605);
#945=VERTEX_POINT('',#2609);
#946=VERTEX_POINT('',#2611);
#947=VERTEX_POINT('',#2612);
#948=VERTEX_POINT('',#2635);
#949=VERTEX_POINT('',#2638);
#950=VERTEX_POINT('',#2640);
#951=VERTEX_POINT('',#2654);
#952=VERTEX_POINT('',#2656);
#953=VERTEX_POINT('',#2709);
#954=VERTEX_POINT('',#2741);
#955=VERTEX_POINT('',#2752);
#956=VERTEX_POINT('',#2754);
#957=VERTEX_POINT('',#2758);
#958=VERTEX_POINT('',#2761);
#959=EDGE_CURVE('',#837,#838,#1136,.T.);
#960=EDGE_CURVE('',#838,#839,#399,.T.);
#961=EDGE_CURVE('',#839,#840,#1137,.T.);
#962=EDGE_CURVE('',#840,#841,#400,.T.);
#963=EDGE_CURVE('',#841,#842,#340,.T.);
#964=EDGE_CURVE('',#842,#843,#401,.T.);
#965=EDGE_CURVE('',#843,#844,#1138,.T.);
#966=EDGE_CURVE('',#844,#837,#402,.T.);
#967=EDGE_CURVE('',#845,#846,#1139,.T.);
#968=EDGE_CURVE('',#846,#847,#403,.T.);
#969=EDGE_CURVE('',#847,#848,#1140,.T.);
#970=EDGE_CURVE('',#848,#849,#404,.T.);
#971=EDGE_CURVE('',#849,#850,#1141,.T.);
#972=EDGE_CURVE('',#850,#851,#405,.T.);
#973=EDGE_CURVE('',#851,#852,#341,.T.);
#974=EDGE_CURVE('',#852,#845,#406,.T.);
#975=EDGE_CURVE('',#853,#854,#1142,.T.);
#976=EDGE_CURVE('',#854,#855,#407,.T.);
#977=EDGE_CURVE('',#855,#856,#1143,.T.);
#978=EDGE_CURVE('',#856,#857,#408,.T.);
#979=EDGE_CURVE('',#857,#858,#1144,.T.);
#980=EDGE_CURVE('',#858,#859,#409,.T.);
#981=EDGE_CURVE('',#859,#860,#342,.T.);
#982=EDGE_CURVE('',#860,#853,#410,.T.);
#983=EDGE_CURVE('',#861,#862,#1145,.T.);
#984=EDGE_CURVE('',#862,#863,#411,.T.);
#985=EDGE_CURVE('',#863,#864,#1146,.T.);
#986=EDGE_CURVE('',#864,#865,#412,.T.);
#987=EDGE_CURVE('',#865,#866,#1147,.T.);
#988=EDGE_CURVE('',#866,#867,#413,.T.);
#989=EDGE_CURVE('',#867,#868,#343,.T.);
#990=EDGE_CURVE('',#868,#861,#414,.T.);
#991=EDGE_CURVE('',#869,#870,#1148,.T.);
#992=EDGE_CURVE('',#870,#871,#415,.T.);
#993=EDGE_CURVE('',#871,#872,#1149,.T.);
#994=EDGE_CURVE('',#872,#873,#416,.T.);
#995=EDGE_CURVE('',#873,#874,#1150,.T.);
#996=EDGE_CURVE('',#874,#875,#417,.T.);
#997=EDGE_CURVE('',#875,#876,#344,.T.);
#998=EDGE_CURVE('',#876,#869,#418,.T.);
#999=EDGE_CURVE('',#877,#878,#1151,.T.);
#1000=EDGE_CURVE('',#878,#879,#419,.T.);
#1001=EDGE_CURVE('',#879,#880,#1152,.T.);
#1002=EDGE_CURVE('',#880,#881,#420,.T.);
#1003=EDGE_CURVE('',#881,#882,#1153,.T.);
#1004=EDGE_CURVE('',#882,#883,#421,.T.);
#1005=EDGE_CURVE('',#883,#884,#345,.T.);
#1006=EDGE_CURVE('',#884,#877,#422,.T.);
#1007=EDGE_CURVE('',#885,#886,#1154,.T.);
#1008=EDGE_CURVE('',#886,#887,#423,.T.);
#1009=EDGE_CURVE('',#887,#888,#1155,.T.);
#1010=EDGE_CURVE('',#888,#889,#424,.T.);
#1011=EDGE_CURVE('',#889,#890,#1156,.T.);
#1012=EDGE_CURVE('',#890,#891,#425,.T.);
#1013=EDGE_CURVE('',#891,#892,#346,.T.);
#1014=EDGE_CURVE('',#892,#885,#426,.T.);
#1015=EDGE_CURVE('',#893,#894,#1157,.T.);
#1016=EDGE_CURVE('',#894,#895,#427,.T.);
#1017=EDGE_CURVE('',#895,#896,#1158,.T.);
#1018=EDGE_CURVE('',#896,#897,#428,.T.);
#1019=EDGE_CURVE('',#897,#898,#1159,.T.);
#1020=EDGE_CURVE('',#898,#899,#429,.T.);
#1021=EDGE_CURVE('',#899,#900,#347,.T.);
#1022=EDGE_CURVE('',#900,#893,#430,.T.);
#1023=EDGE_CURVE('',#901,#902,#1160,.T.);
#1024=EDGE_CURVE('',#902,#903,#431,.T.);
#1025=EDGE_CURVE('',#903,#904,#1161,.T.);
#1026=EDGE_CURVE('',#904,#905,#432,.T.);
#1027=EDGE_CURVE('',#905,#906,#1162,.T.);
#1028=EDGE_CURVE('',#906,#907,#433,.T.);
#1029=EDGE_CURVE('',#907,#908,#348,.T.);
#1030=EDGE_CURVE('',#908,#901,#434,.T.);
#1031=EDGE_CURVE('',#870,#865,#349,.T.);
#1032=EDGE_CURVE('',#909,#869,#350,.T.);
#1033=EDGE_CURVE('',#910,#909,#1163,.T.);
#1034=EDGE_CURVE('',#866,#910,#351,.T.);
#1035=EDGE_CURVE('',#878,#873,#352,.T.);
#1036=EDGE_CURVE('',#911,#877,#353,.T.);
#1037=EDGE_CURVE('',#912,#911,#1164,.T.);
#1038=EDGE_CURVE('',#874,#912,#354,.T.);
#1039=EDGE_CURVE('',#862,#857,#355,.T.);
#1040=EDGE_CURVE('',#913,#861,#356,.T.);
#1041=EDGE_CURVE('',#914,#913,#1165,.T.);
#1042=EDGE_CURVE('',#858,#914,#357,.T.);
#1043=EDGE_CURVE('',#894,#889,#358,.T.);
#1044=EDGE_CURVE('',#915,#893,#359,.T.);
#1045=EDGE_CURVE('',#916,#915,#1166,.T.);
#1046=EDGE_CURVE('',#890,#916,#360,.T.);
#1047=EDGE_CURVE('',#902,#897,#361,.T.);
#1048=EDGE_CURVE('',#917,#901,#362,.T.);
#1049=EDGE_CURVE('',#918,#917,#1167,.T.);
#1050=EDGE_CURVE('',#898,#918,#363,.T.);
#1051=EDGE_CURVE('',#919,#905,#364,.T.);
#1052=EDGE_CURVE('',#920,#919,#1168,.T.);
#1053=EDGE_CURVE('',#921,#920,#365,.T.);
#1054=EDGE_CURVE('',#922,#921,#1169,.T.);
#1055=EDGE_CURVE('',#906,#922,#366,.T.);
#1056=EDGE_CURVE('',#844,#923,#367,.T.);
#1057=EDGE_CURVE('',#924,#843,#368,.T.);
#1058=EDGE_CURVE('',#925,#924,#1170,.T.);
#1059=EDGE_CURVE('',#926,#925,#369,.T.);
#1060=EDGE_CURVE('',#923,#926,#1171,.T.);
#1061=EDGE_CURVE('',#886,#881,#370,.T.);
#1062=EDGE_CURVE('',#927,#885,#371,.T.);
#1063=EDGE_CURVE('',#928,#927,#1172,.T.);
#1064=EDGE_CURVE('',#882,#928,#372,.T.);
#1065=EDGE_CURVE('',#854,#849,#373,.T.);
#1066=EDGE_CURVE('',#929,#853,#374,.T.);
#1067=EDGE_CURVE('',#930,#929,#1173,.T.);
#1068=EDGE_CURVE('',#850,#930,#375,.T.);
#1069=EDGE_CURVE('',#931,#931,#1174,.T.);
#1070=EDGE_CURVE('',#932,#932,#1175,.T.);
#1071=EDGE_CURVE('',#933,#933,#1176,.T.);
#1072=EDGE_CURVE('',#934,#934,#1177,.T.);
#1073=EDGE_CURVE('',#935,#935,#1178,.T.);
#1074=EDGE_CURVE('',#936,#936,#1179,.T.);
#1075=EDGE_CURVE('',#937,#938,#1180,.T.);
#1076=EDGE_CURVE('',#937,#939,#435,.T.);
#1077=EDGE_CURVE('',#939,#940,#376,.T.);
#1078=EDGE_CURVE('',#940,#941,#1181,.T.);
#1079=EDGE_CURVE('',#941,#938,#377,.T.);
#1080=EDGE_CURVE('',#942,#943,#378,.T.);
#1081=EDGE_CURVE('',#943,#937,#436,.T.);
#1082=EDGE_CURVE('',#938,#944,#379,.T.);
#1083=EDGE_CURVE('',#942,#944,#1182,.T.);
#1084=EDGE_CURVE('',#945,#945,#1183,.T.);
#1085=EDGE_CURVE('',#946,#947,#1184,.T.);
#1086=EDGE_CURVE('',#947,#942,#380,.T.);
#1087=EDGE_CURVE('',#944,#946,#381,.T.);
#1088=EDGE_CURVE('',#948,#948,#1185,.T.);
#1089=EDGE_CURVE('',#949,#949,#1186,.T.);
#1090=EDGE_CURVE('',#950,#950,#1187,.T.);
#1091=EDGE_CURVE('',#847,#838,#382,.T.);
#1092=EDGE_CURVE('',#837,#951,#383,.T.);
#1093=EDGE_CURVE('',#952,#951,#1188,.T.);
#1094=EDGE_CURVE('',#952,#904,#384,.T.);
#1095=EDGE_CURVE('',#903,#896,#385,.T.);
#1096=EDGE_CURVE('',#895,#888,#386,.T.);
#1097=EDGE_CURVE('',#887,#880,#387,.T.);
#1098=EDGE_CURVE('',#879,#872,#388,.T.);
#1099=EDGE_CURVE('',#871,#864,#389,.T.);
#1100=EDGE_CURVE('',#863,#856,#390,.T.);
#1101=EDGE_CURVE('',#855,#848,#391,.T.);
#1102=EDGE_CURVE('',#919,#952,#437,.T.);
#1103=EDGE_CURVE('',#951,#923,#438,.T.);
#1104=EDGE_CURVE('',#926,#953,#439,.T.);
#1105=EDGE_CURVE('',#953,#954,#392,.T.);
#1106=EDGE_CURVE('',#954,#920,#440,.T.);
#1107=EDGE_CURVE('',#913,#910,#1189,.T.);
#1108=EDGE_CURVE('',#909,#912,#1190,.T.);
#1109=EDGE_CURVE('',#911,#928,#1191,.T.);
#1110=EDGE_CURVE('',#927,#916,#1192,.T.);
#1111=EDGE_CURVE('',#915,#918,#1193,.T.);
#1112=EDGE_CURVE('',#917,#922,#1194,.T.);
#1113=EDGE_CURVE('',#921,#925,#1195,.T.);
#1114=EDGE_CURVE('',#924,#955,#1196,.T.);
#1115=EDGE_CURVE('',#955,#956,#1197,.T.);
#1116=EDGE_CURVE('',#956,#930,#1198,.T.);
#1117=EDGE_CURVE('',#929,#914,#1199,.T.);
#1118=EDGE_CURVE('',#957,#957,#1200,.T.);
#1119=EDGE_CURVE('',#958,#958,#1201,.T.);
#1120=EDGE_CURVE('',#939,#943,#393,.T.);
#1121=EDGE_CURVE('',#947,#940,#394,.T.);
#1122=EDGE_CURVE('',#941,#946,#395,.T.);
#1123=EDGE_CURVE('',#846,#839,#396,.T.);
#1124=EDGE_CURVE('',#956,#845,#397,.T.);
#1125=EDGE_CURVE('',#840,#955,#398,.T.);
#1126=EDGE_CURVE('',#860,#859,#1202,.T.);
#1127=EDGE_CURVE('',#852,#851,#1203,.T.);
#1128=EDGE_CURVE('',#842,#841,#1204,.T.);
#1129=EDGE_CURVE('',#954,#953,#1205,.T.);
#1130=EDGE_CURVE('',#908,#907,#1206,.T.);
#1131=EDGE_CURVE('',#900,#899,#1207,.T.);
#1132=EDGE_CURVE('',#892,#891,#1208,.T.);
#1133=EDGE_CURVE('',#884,#883,#1209,.T.);
#1134=EDGE_CURVE('',#876,#875,#1210,.T.);
#1135=EDGE_CURVE('',#868,#867,#1211,.T.);
#1136=CIRCLE('',#1213,33.);
#1137=CIRCLE('',#1214,33.);
#1138=CIRCLE('',#1215,33.);
#1139=CIRCLE('',#1217,33.);
#1140=CIRCLE('',#1218,33.);
#1141=CIRCLE('',#1219,33.);
#1142=CIRCLE('',#1221,33.);
#1143=CIRCLE('',#1222,33.);
#1144=CIRCLE('',#1223,33.);
#1145=CIRCLE('',#1225,33.);
#1146=CIRCLE('',#1226,33.);
#1147=CIRCLE('',#1227,33.);
#1148=CIRCLE('',#1229,33.);
#1149=CIRCLE('',#1230,33.);
#1150=CIRCLE('',#1231,33.);
#1151=CIRCLE('',#1233,33.);
#1152=CIRCLE('',#1234,33.);
#1153=CIRCLE('',#1235,33.);
#1154=CIRCLE('',#1237,33.);
#1155=CIRCLE('',#1238,33.);
#1156=CIRCLE('',#1239,33.);
#1157=CIRCLE('',#1241,33.);
#1158=CIRCLE('',#1242,33.);
#1159=CIRCLE('',#1243,33.);
#1160=CIRCLE('',#1245,33.);
#1161=CIRCLE('',#1246,33.);
#1162=CIRCLE('',#1247,33.);
#1163=CIRCLE('',#1249,32.5);
#1164=CIRCLE('',#1251,32.5);
#1165=CIRCLE('',#1253,32.5);
#1166=CIRCLE('',#1255,32.5);
#1167=CIRCLE('',#1257,32.5);
#1168=CIRCLE('',#1259,33.);
#1169=CIRCLE('',#1260,32.5);
#1170=CIRCLE('',#1262,32.5);
#1171=CIRCLE('',#1263,33.);
#1172=CIRCLE('',#1265,32.5);
#1173=CIRCLE('',#1267,32.5);
#1174=CIRCLE('',#1269,23.375);
#1175=CIRCLE('',#1270,23.375);
#1176=CIRCLE('',#1272,29.375);
#1177=CIRCLE('',#1274,29.375);
#1178=CIRCLE('',#1276,30.175);
#1179=CIRCLE('',#1278,30.175);
#1180=CIRCLE('',#1280,29.375);
#1181=CIRCLE('',#1281,30.);
#1182=CIRCLE('',#1283,29.375);
#1183=CIRCLE('',#1285,31.245);
#1184=CIRCLE('',#1286,30.);
#1185=CIRCLE('',#1288,31.245);
#1186=CIRCLE('',#1290,31.545);
#1187=CIRCLE('',#1291,32.245);
#1188=CIRCLE('',#1293,33.);
#1189=CIRCLE('',#1296,2.);
#1190=CIRCLE('',#1297,2.);
#1191=CIRCLE('',#1298,2.);
#1192=CIRCLE('',#1299,2.);
#1193=CIRCLE('',#1300,2.);
#1194=CIRCLE('',#1301,2.);
#1195=CIRCLE('',#1302,2.);
#1196=CIRCLE('',#1303,2.);
#1197=CIRCLE('',#1304,32.5);
#1198=CIRCLE('',#1305,2.);
#1199=CIRCLE('',#1306,2.);
#1200=CIRCLE('',#1307,30.);
#1201=CIRCLE('',#1309,29.);
#1202=CIRCLE('',#1317,2.);
#1203=CIRCLE('',#1320,2.);
#1204=CIRCLE('',#1323,2.);
#1205=CIRCLE('',#1326,2.);
#1206=CIRCLE('',#1329,2.);
#1207=CIRCLE('',#1332,2.);
#1208=CIRCLE('',#1335,2.);
#1209=CIRCLE('',#1338,2.);
#1210=CIRCLE('',#1341,2.);
#1211=CIRCLE('',#1344,2.);
#1212=AXIS2_PLACEMENT_3D('',#1689,#1357,#1358);
#1213=AXIS2_PLACEMENT_3D('',#1690,#1359,#1360);
#1214=AXIS2_PLACEMENT_3D('',#1695,#1362,#1363);
#1215=AXIS2_PLACEMENT_3D('',#1733,#1366,#1367);
#1216=AXIS2_PLACEMENT_3D('',#1736,#1369,#1370);
#1217=AXIS2_PLACEMENT_3D('',#1737,#1371,#1372);
#1218=AXIS2_PLACEMENT_3D('',#1742,#1374,#1375);
#1219=AXIS2_PLACEMENT_3D('',#1746,#1377,#1378);
#1220=AXIS2_PLACEMENT_3D('',#1783,#1381,#1382);
#1221=AXIS2_PLACEMENT_3D('',#1784,#1383,#1384);
#1222=AXIS2_PLACEMENT_3D('',#1789,#1386,#1387);
#1223=AXIS2_PLACEMENT_3D('',#1793,#1389,#1390);
#1224=AXIS2_PLACEMENT_3D('',#1830,#1393,#1394);
#1225=AXIS2_PLACEMENT_3D('',#1831,#1395,#1396);
#1226=AXIS2_PLACEMENT_3D('',#1836,#1398,#1399);
#1227=AXIS2_PLACEMENT_3D('',#1840,#1401,#1402);
#1228=AXIS2_PLACEMENT_3D('',#1877,#1405,#1406);
#1229=AXIS2_PLACEMENT_3D('',#1878,#1407,#1408);
#1230=AXIS2_PLACEMENT_3D('',#1883,#1410,#1411);
#1231=AXIS2_PLACEMENT_3D('',#1887,#1413,#1414);
#1232=AXIS2_PLACEMENT_3D('',#1924,#1417,#1418);
#1233=AXIS2_PLACEMENT_3D('',#1925,#1419,#1420);
#1234=AXIS2_PLACEMENT_3D('',#1930,#1422,#1423);
#1235=AXIS2_PLACEMENT_3D('',#1934,#1425,#1426);
#1236=AXIS2_PLACEMENT_3D('',#1971,#1429,#1430);
#1237=AXIS2_PLACEMENT_3D('',#1972,#1431,#1432);
#1238=AXIS2_PLACEMENT_3D('',#1977,#1434,#1435);
#1239=AXIS2_PLACEMENT_3D('',#1981,#1437,#1438);
#1240=AXIS2_PLACEMENT_3D('',#2018,#1441,#1442);
#1241=AXIS2_PLACEMENT_3D('',#2019,#1443,#1444);
#1242=AXIS2_PLACEMENT_3D('',#2024,#1446,#1447);
#1243=AXIS2_PLACEMENT_3D('',#2028,#1449,#1450);
#1244=AXIS2_PLACEMENT_3D('',#2065,#1453,#1454);
#1245=AXIS2_PLACEMENT_3D('',#2066,#1455,#1456);
#1246=AXIS2_PLACEMENT_3D('',#2071,#1458,#1459);
#1247=AXIS2_PLACEMENT_3D('',#2075,#1461,#1462);
#1248=AXIS2_PLACEMENT_3D('',#2112,#1465,#1466);
#1249=AXIS2_PLACEMENT_3D('',#2122,#1467,#1468);
#1250=AXIS2_PLACEMENT_3D('',#2128,#1469,#1470);
#1251=AXIS2_PLACEMENT_3D('',#2138,#1471,#1472);
#1252=AXIS2_PLACEMENT_3D('',#2144,#1473,#1474);
#1253=AXIS2_PLACEMENT_3D('',#2154,#1475,#1476);
#1254=AXIS2_PLACEMENT_3D('',#2160,#1477,#1478);
#1255=AXIS2_PLACEMENT_3D('',#2170,#1479,#1480);
#1256=AXIS2_PLACEMENT_3D('',#2176,#1481,#1482);
#1257=AXIS2_PLACEMENT_3D('',#2186,#1483,#1484);
#1258=AXIS2_PLACEMENT_3D('',#2192,#1485,#1486);
#1259=AXIS2_PLACEMENT_3D('',#2198,#1487,#1488);
#1260=AXIS2_PLACEMENT_3D('',#2205,#1489,#1490);
#1261=AXIS2_PLACEMENT_3D('',#2211,#1491,#1492);
#1262=AXIS2_PLACEMENT_3D('',#2222,#1493,#1494);
#1263=AXIS2_PLACEMENT_3D('',#2229,#1495,#1496);
#1264=AXIS2_PLACEMENT_3D('',#2230,#1497,#1498);
#1265=AXIS2_PLACEMENT_3D('',#2240,#1499,#1500);
#1266=AXIS2_PLACEMENT_3D('',#2246,#1501,#1502);
#1267=AXIS2_PLACEMENT_3D('',#2256,#1503,#1504);
#1268=AXIS2_PLACEMENT_3D('',#2262,#1505,#1506);
#1269=AXIS2_PLACEMENT_3D('',#2263,#1507,#1508);
#1270=AXIS2_PLACEMENT_3D('',#2265,#1509,#1510);
#1271=AXIS2_PLACEMENT_3D('',#2267,#1511,#1512);
#1272=AXIS2_PLACEMENT_3D('',#2268,#1513,#1514);
#1273=AXIS2_PLACEMENT_3D('',#2270,#1515,#1516);
#1274=AXIS2_PLACEMENT_3D('',#2271,#1517,#1518);
#1275=AXIS2_PLACEMENT_3D('',#2273,#1519,#1520);
#1276=AXIS2_PLACEMENT_3D('',#2274,#1521,#1522);
#1277=AXIS2_PLACEMENT_3D('',#2276,#1523,#1524);
#1278=AXIS2_PLACEMENT_3D('',#2277,#1525,#1526);
#1279=AXIS2_PLACEMENT_3D('',#2279,#1527,#1528);
#1280=AXIS2_PLACEMENT_3D('',#2280,#1529,#1530);
#1281=AXIS2_PLACEMENT_3D('',#2293,#1532,#1533);
#1282=AXIS2_PLACEMENT_3D('',#2305,#1534,#1535);
#1283=AXIS2_PLACEMENT_3D('',#2606,#1537,#1538);
#1284=AXIS2_PLACEMENT_3D('',#2607,#1539,#1540);
#1285=AXIS2_PLACEMENT_3D('',#2608,#1541,#1542);
#1286=AXIS2_PLACEMENT_3D('',#2610,#1543,#1544);
#1287=AXIS2_PLACEMENT_3D('',#2633,#1545,#1546);
#1288=AXIS2_PLACEMENT_3D('',#2634,#1547,#1548);
#1289=AXIS2_PLACEMENT_3D('',#2636,#1549,#1550);
#1290=AXIS2_PLACEMENT_3D('',#2637,#1551,#1552);
#1291=AXIS2_PLACEMENT_3D('',#2639,#1553,#1554);
#1292=AXIS2_PLACEMENT_3D('',#2641,#1555,#1556);
#1293=AXIS2_PLACEMENT_3D('',#2655,#1557,#1558);
#1294=AXIS2_PLACEMENT_3D('',#2705,#1559,#1560);
#1295=AXIS2_PLACEMENT_3D('',#2743,#1565,#1566);
#1296=AXIS2_PLACEMENT_3D('',#2744,#1567,#1568);
#1297=AXIS2_PLACEMENT_3D('',#2745,#1569,#1570);
#1298=AXIS2_PLACEMENT_3D('',#2746,#1571,#1572);
#1299=AXIS2_PLACEMENT_3D('',#2747,#1573,#1574);
#1300=AXIS2_PLACEMENT_3D('',#2748,#1575,#1576);
#1301=AXIS2_PLACEMENT_3D('',#2749,#1577,#1578);
#1302=AXIS2_PLACEMENT_3D('',#2750,#1579,#1580);
#1303=AXIS2_PLACEMENT_3D('',#2751,#1581,#1582);
#1304=AXIS2_PLACEMENT_3D('',#2753,#1583,#1584);
#1305=AXIS2_PLACEMENT_3D('',#2755,#1585,#1586);
#1306=AXIS2_PLACEMENT_3D('',#2756,#1587,#1588);
#1307=AXIS2_PLACEMENT_3D('',#2757,#1589,#1590);
#1308=AXIS2_PLACEMENT_3D('',#2759,#1591,#1592);
#1309=AXIS2_PLACEMENT_3D('',#2760,#1593,#1594);
#1310=AXIS2_PLACEMENT_3D('',#2762,#1595,#1596);
#1311=AXIS2_PLACEMENT_3D('',#2763,#1597,#1598);
#1312=AXIS2_PLACEMENT_3D('',#2764,#1599,#1600);
#1313=AXIS2_PLACEMENT_3D('',#2767,#1601,#1602);
#1314=AXIS2_PLACEMENT_3D('',#3958,#1603,#1604);
#1315=AXIS2_PLACEMENT_3D('',#3971,#1605,#1606);
#1316=AXIS2_PLACEMENT_3D('',#3972,#1607,#1608);
#1317=AXIS2_PLACEMENT_3D('',#3973,#1609,#1610);
#1318=AXIS2_PLACEMENT_3D('',#3974,#1611,#1612);
#1319=AXIS2_PLACEMENT_3D('',#3975,#1613,#1614);
#1320=AXIS2_PLACEMENT_3D('',#3976,#1615,#1616);
#1321=AXIS2_PLACEMENT_3D('',#3977,#1617,#1618);
#1322=AXIS2_PLACEMENT_3D('',#3978,#1619,#1620);
#1323=AXIS2_PLACEMENT_3D('',#3979,#1621,#1622);
#1324=AXIS2_PLACEMENT_3D('',#3980,#1623,#1624);
#1325=AXIS2_PLACEMENT_3D('',#3981,#1625,#1626);
#1326=AXIS2_PLACEMENT_3D('',#3982,#1627,#1628);
#1327=AXIS2_PLACEMENT_3D('',#3983,#1629,#1630);
#1328=AXIS2_PLACEMENT_3D('',#3984,#1631,#1632);
#1329=AXIS2_PLACEMENT_3D('',#3985,#1633,#1634);
#1330=AXIS2_PLACEMENT_3D('',#3986,#1635,#1636);
#1331=AXIS2_PLACEMENT_3D('',#3987,#1637,#1638);
#1332=AXIS2_PLACEMENT_3D('',#3988,#1639,#1640);
#1333=AXIS2_PLACEMENT_3D('',#3989,#1641,#1642);
#1334=AXIS2_PLACEMENT_3D('',#3990,#1643,#1644);
#1335=AXIS2_PLACEMENT_3D('',#3991,#1645,#1646);
#1336=AXIS2_PLACEMENT_3D('',#3992,#1647,#1648);
#1337=AXIS2_PLACEMENT_3D('',#3993,#1649,#1650);
#1338=AXIS2_PLACEMENT_3D('',#3994,#1651,#1652);
#1339=AXIS2_PLACEMENT_3D('',#3995,#1653,#1654);
#1340=AXIS2_PLACEMENT_3D('',#3996,#1655,#1656);
#1341=AXIS2_PLACEMENT_3D('',#3997,#1657,#1658);
#1342=AXIS2_PLACEMENT_3D('',#3998,#1659,#1660);
#1343=AXIS2_PLACEMENT_3D('',#3999,#1661,#1662);
#1344=AXIS2_PLACEMENT_3D('',#4000,#1663,#1664);
#1345=AXIS2_PLACEMENT_3D('',#4001,#1665,#1666);
#1346=AXIS2_PLACEMENT_3D('',#4002,#1667,#1668);
#1347=AXIS2_PLACEMENT_3D('',#4003,#1669,#1670);
#1348=AXIS2_PLACEMENT_3D('',#4004,#1671,#1672);
#1349=AXIS2_PLACEMENT_3D('',#4005,#1673,#1674);
#1350=AXIS2_PLACEMENT_3D('',#4006,#1675,#1676);
#1351=AXIS2_PLACEMENT_3D('',#4007,#1677,#1678);
#1352=AXIS2_PLACEMENT_3D('',#4008,#1679,#1680);
#1353=AXIS2_PLACEMENT_3D('',#4009,#1681,#1682);
#1354=AXIS2_PLACEMENT_3D('',#4010,#1683,#1684);
#1355=AXIS2_PLACEMENT_3D('',#4011,#1685,#1686);
#1356=AXIS2_PLACEMENT_3D('',#4012,#1687,#1688);
#1357=DIRECTION('',(0.,0.,1.));
#1358=DIRECTION('',(1.,0.,0.));
#1359=DIRECTION('',(-1.,0.,0.));
#1360=DIRECTION('',(0.,0.,1.));
#1361=DIRECTION('',(-1.,0.,0.));
#1362=DIRECTION('',(1.,0.,0.));
#1363=DIRECTION('',(0.,0.,-1.));
#1364=DIRECTION('',(1.,0.,0.));
#1365=DIRECTION('',(-1.,0.,0.));
#1366=DIRECTION('',(1.,0.,0.));
#1367=DIRECTION('',(0.,0.,-1.));
#1368=DIRECTION('',(1.,0.,0.));
#1369=DIRECTION('',(-1.,0.,0.));
#1370=DIRECTION('',(0.,0.,1.));
#1371=DIRECTION('',(1.,0.,0.));
#1372=DIRECTION('',(0.,0.,-1.));
#1373=DIRECTION('',(1.,0.,0.));
#1374=DIRECTION('',(-1.,0.,0.));
#1375=DIRECTION('',(0.,0.,1.));
#1376=DIRECTION('',(-1.,0.,0.));
#1377=DIRECTION('',(1.,0.,0.));
#1378=DIRECTION('',(0.,0.,-1.));
#1379=DIRECTION('',(1.,0.,0.));
#1380=DIRECTION('',(-1.,0.,0.));
#1381=DIRECTION('',(-1.,0.,0.));
#1382=DIRECTION('',(0.,0.,1.));
#1383=DIRECTION('',(1.,0.,0.));
#1384=DIRECTION('',(0.,0.,-1.));
#1385=DIRECTION('',(1.,0.,0.));
#1386=DIRECTION('',(-1.,0.,0.));
#1387=DIRECTION('',(0.,0.,1.));
#1388=DIRECTION('',(-1.,0.,0.));
#1389=DIRECTION('',(1.,0.,0.));
#1390=DIRECTION('',(0.,0.,-1.));
#1391=DIRECTION('',(1.,0.,0.));
#1392=DIRECTION('',(-1.,0.,0.));
#1393=DIRECTION('',(-1.,0.,0.));
#1394=DIRECTION('',(0.,0.,1.));
#1395=DIRECTION('',(1.,0.,0.));
#1396=DIRECTION('',(0.,0.,-1.));
#1397=DIRECTION('',(1.,0.,0.));
#1398=DIRECTION('',(-1.,0.,0.));
#1399=DIRECTION('',(0.,0.,1.));
#1400=DIRECTION('',(-1.,0.,0.));
#1401=DIRECTION('',(1.,0.,0.));
#1402=DIRECTION('',(0.,0.,-1.));
#1403=DIRECTION('',(1.,0.,0.));
#1404=DIRECTION('',(-1.,0.,0.));
#1405=DIRECTION('',(-1.,0.,0.));
#1406=DIRECTION('',(0.,0.,1.));
#1407=DIRECTION('',(1.,0.,0.));
#1408=DIRECTION('',(0.,0.,-1.));
#1409=DIRECTION('',(1.,0.,0.));
#1410=DIRECTION('',(-1.,0.,0.));
#1411=DIRECTION('',(0.,0.,1.));
#1412=DIRECTION('',(-1.,0.,0.));
#1413=DIRECTION('',(1.,0.,0.));
#1414=DIRECTION('',(0.,0.,-1.));
#1415=DIRECTION('',(1.,0.,0.));
#1416=DIRECTION('',(-1.,0.,0.));
#1417=DIRECTION('',(-1.,0.,0.));
#1418=DIRECTION('',(0.,0.,1.));
#1419=DIRECTION('',(1.,0.,0.));
#1420=DIRECTION('',(0.,0.,-1.));
#1421=DIRECTION('',(1.,0.,0.));
#1422=DIRECTION('',(-1.,0.,0.));
#1423=DIRECTION('',(0.,0.,1.));
#1424=DIRECTION('',(-1.,0.,0.));
#1425=DIRECTION('',(1.,0.,0.));
#1426=DIRECTION('',(0.,0.,-1.));
#1427=DIRECTION('',(1.,0.,0.));
#1428=DIRECTION('',(-1.,0.,0.));
#1429=DIRECTION('',(-1.,0.,0.));
#1430=DIRECTION('',(0.,0.,1.));
#1431=DIRECTION('',(1.,0.,0.));
#1432=DIRECTION('',(0.,0.,-1.));
#1433=DIRECTION('',(1.,0.,0.));
#1434=DIRECTION('',(-1.,0.,0.));
#1435=DIRECTION('',(0.,0.,1.));
#1436=DIRECTION('',(-1.,0.,0.));
#1437=DIRECTION('',(1.,0.,0.));
#1438=DIRECTION('',(0.,0.,-1.));
#1439=DIRECTION('',(1.,0.,0.));
#1440=DIRECTION('',(-1.,0.,0.));
#1441=DIRECTION('',(-1.,0.,0.));
#1442=DIRECTION('',(0.,0.,1.));
#1443=DIRECTION('',(1.,0.,0.));
#1444=DIRECTION('',(0.,0.,-1.));
#1445=DIRECTION('',(1.,0.,0.));
#1446=DIRECTION('',(-1.,0.,0.));
#1447=DIRECTION('',(0.,0.,1.));
#1448=DIRECTION('',(-1.,0.,0.));
#1449=DIRECTION('',(1.,0.,0.));
#1450=DIRECTION('',(0.,0.,-1.));
#1451=DIRECTION('',(1.,0.,0.));
#1452=DIRECTION('',(-1.,0.,0.));
#1453=DIRECTION('',(-1.,0.,0.));
#1454=DIRECTION('',(0.,0.,1.));
#1455=DIRECTION('',(1.,0.,0.));
#1456=DIRECTION('',(0.,0.,-1.));
#1457=DIRECTION('',(1.,0.,0.));
#1458=DIRECTION('',(-1.,0.,0.));
#1459=DIRECTION('',(0.,0.,1.));
#1460=DIRECTION('',(-1.,0.,0.));
#1461=DIRECTION('',(1.,0.,0.));
#1462=DIRECTION('',(0.,0.,-1.));
#1463=DIRECTION('',(1.,0.,0.));
#1464=DIRECTION('',(-1.,0.,0.));
#1465=DIRECTION('',(-1.,0.,0.));
#1466=DIRECTION('',(0.,0.,1.));
#1467=DIRECTION('',(-1.,0.,0.));
#1468=DIRECTION('',(0.,0.,-1.));
#1469=DIRECTION('',(1.,0.,0.));
#1470=DIRECTION('',(1.51210763039141E-17,0.,-1.));
#1471=DIRECTION('',(-1.,0.,0.));
#1472=DIRECTION('',(0.,0.,-1.));
#1473=DIRECTION('',(1.,0.,0.));
#1474=DIRECTION('',(1.51210763039141E-17,0.,-1.));
#1475=DIRECTION('',(-1.,0.,0.));
#1476=DIRECTION('',(0.,0.,-1.));
#1477=DIRECTION('',(1.,0.,0.));
#1478=DIRECTION('',(1.51210763039141E-17,0.,-1.));
#1479=DIRECTION('',(-1.,0.,0.));
#1480=DIRECTION('',(0.,0.,-1.));
#1481=DIRECTION('',(1.,0.,0.));
#1482=DIRECTION('',(1.51210763039141E-17,0.,-1.));
#1483=DIRECTION('',(-1.,0.,0.));
#1484=DIRECTION('',(0.,0.,-1.));
#1485=DIRECTION('',(1.,0.,0.));
#1486=DIRECTION('',(1.51210763039141E-17,0.,-1.));
#1487=DIRECTION('',(1.,0.,0.));
#1488=DIRECTION('',(0.,0.,-1.));
#1489=DIRECTION('',(-1.,0.,0.));
#1490=DIRECTION('',(0.,0.,-1.));
#1491=DIRECTION('',(1.,0.,0.));
#1492=DIRECTION('',(1.51210763039141E-17,0.,-1.));
#1493=DIRECTION('',(-1.,0.,0.));
#1494=DIRECTION('',(0.,0.,-1.));
#1495=DIRECTION('',(1.,0.,0.));
#1496=DIRECTION('',(0.,0.,-1.));
#1497=DIRECTION('',(1.,0.,0.));
#1498=DIRECTION('',(1.51210763039141E-17,0.,-1.));
#1499=DIRECTION('',(-1.,0.,0.));
#1500=DIRECTION('',(0.,0.,-1.));
#1501=DIRECTION('',(1.,0.,0.));
#1502=DIRECTION('',(1.51210763039141E-17,0.,-1.));
#1503=DIRECTION('',(-1.,0.,0.));
#1504=DIRECTION('',(0.,0.,-1.));
#1505=DIRECTION('',(1.,0.,0.));
#1506=DIRECTION('',(1.51210763039141E-17,0.,-1.));
#1507=DIRECTION('',(-1.,0.,0.));
#1508=DIRECTION('',(0.,0.,1.));
#1509=DIRECTION('',(-1.,0.,0.));
#1510=DIRECTION('',(0.,0.,1.));
#1511=DIRECTION('',(-1.,0.,0.));
#1512=DIRECTION('',(0.,0.,1.));
#1513=DIRECTION('',(-1.,0.,0.));
#1514=DIRECTION('',(0.,0.,1.));
#1515=DIRECTION('',(-1.,0.,0.));
#1516=DIRECTION('',(0.,0.,1.));
#1517=DIRECTION('',(-1.,0.,0.));
#1518=DIRECTION('',(0.,0.,1.));
#1519=DIRECTION('',(-1.,0.,0.));
#1520=DIRECTION('',(0.,0.,1.));
#1521=DIRECTION('',(-1.,0.,0.));
#1522=DIRECTION('',(0.,0.,1.));
#1523=DIRECTION('',(-1.,0.,0.));
#1524=DIRECTION('',(0.,0.,1.));
#1525=DIRECTION('',(-1.,0.,0.));
#1526=DIRECTION('',(0.,0.,1.));
#1527=DIRECTION('',(-1.,0.,0.));
#1528=DIRECTION('',(0.,0.,1.));
#1529=DIRECTION('',(-1.,0.,0.));
#1530=DIRECTION('',(0.,0.,1.));
#1531=DIRECTION('',(0.,0.398303923070873,0.917253500874405));
#1532=DIRECTION('',(1.,0.,0.));
#1533=DIRECTION('',(0.,0.,-1.));
#1534=DIRECTION('',(1.,0.,0.));
#1535=DIRECTION('',(0.,0.,-1.));
#1536=DIRECTION('',(-1.,0.,0.));
#1537=DIRECTION('',(-1.,0.,0.));
#1538=DIRECTION('',(0.,0.,1.));
#1539=DIRECTION('',(-1.,0.,0.));
#1540=DIRECTION('',(0.,0.,1.));
#1541=DIRECTION('',(-1.,0.,0.));
#1542=DIRECTION('',(0.,0.,1.));
#1543=DIRECTION('',(-1.,0.,0.));
#1544=DIRECTION('',(0.,0.,1.));
#1545=DIRECTION('',(-1.,0.,0.));
#1546=DIRECTION('',(0.,0.,1.));
#1547=DIRECTION('',(1.,0.,0.));
#1548=DIRECTION('',(0.,0.,1.));
#1549=DIRECTION('',(-1.,0.,0.));
#1550=DIRECTION('',(0.,0.,1.));
#1551=DIRECTION('',(-1.,0.,0.));
#1552=DIRECTION('',(0.,0.,1.));
#1553=DIRECTION('',(-1.,0.,0.));
#1554=DIRECTION('',(0.,0.,1.));
#1555=DIRECTION('',(-1.,0.,0.));
#1556=DIRECTION('',(0.,0.,1.));
#1557=DIRECTION('',(-1.,0.,0.));
#1558=DIRECTION('',(0.,0.,1.));
#1559=DIRECTION('',(-1.,0.,0.));
#1560=DIRECTION('',(3.16494677666335E-17,0.,1.));
#1561=DIRECTION('',(1.,0.,0.));
#1562=DIRECTION('',(-1.,0.,0.));
#1563=DIRECTION('',(1.,0.,0.));
#1564=DIRECTION('',(-1.,0.,0.));
#1565=DIRECTION('',(-1.,0.,0.));
#1566=DIRECTION('',(0.,0.,1.));
#1567=DIRECTION('',(1.,0.,0.));
#1568=DIRECTION('',(0.,0.,-1.));
#1569=DIRECTION('',(1.,0.,0.));
#1570=DIRECTION('',(0.,0.,-1.));
#1571=DIRECTION('',(1.,0.,0.));
#1572=DIRECTION('',(0.,0.,-1.));
#1573=DIRECTION('',(1.,0.,0.));
#1574=DIRECTION('',(0.,0.,-1.));
#1575=DIRECTION('',(1.,0.,0.));
#1576=DIRECTION('',(0.,0.,-1.));
#1577=DIRECTION('',(1.,0.,0.));
#1578=DIRECTION('',(0.,0.,-0.999999999999999));
#1579=DIRECTION('',(1.,0.,0.));
#1580=DIRECTION('',(0.,0.,-1.));
#1581=DIRECTION('',(1.,0.,0.));
#1582=DIRECTION('',(0.,0.,-1.));
#1583=DIRECTION('',(-1.,0.,0.));
#1584=DIRECTION('',(0.,0.,-1.));
#1585=DIRECTION('',(1.,0.,0.));
#1586=DIRECTION('',(0.,0.,-1.));
#1587=DIRECTION('',(1.,0.,0.));
#1588=DIRECTION('',(0.,0.,-1.));
#1589=DIRECTION('',(-1.,0.,0.));
#1590=DIRECTION('',(0.,0.,1.));
#1591=DIRECTION('',(1.,0.,0.));
#1592=DIRECTION('',(0.,0.,-1.));
#1593=DIRECTION('',(-1.,0.,0.));
#1594=DIRECTION('',(0.,0.,1.));
#1595=DIRECTION('',(-1.,0.,0.));
#1596=DIRECTION('',(-1.80018473922108E-16,0.,1.));
#1597=DIRECTION('',(1.,0.,0.));
#1598=DIRECTION('',(0.,0.,-1.));
#1599=DIRECTION('',(-1.,0.,0.));
#1600=DIRECTION('',(0.,0.,1.));
#1601=DIRECTION('',(0.,0.917253500874405,-0.398303923070873));
#1602=DIRECTION('',(0.,0.398303923070873,0.917253500874405));
#1603=DIRECTION('',(-1.,0.,0.));
#1604=DIRECTION('',(0.,0.,1.));
#1605=DIRECTION('',(1.,0.,0.));
#1606=DIRECTION('',(1.51210763039141E-17,0.,-1.));
#1607=DIRECTION('',(1.,0.,0.));
#1608=DIRECTION('',(1.34534002954931E-17,0.,-1.));
#1609=DIRECTION('',(1.,0.,0.));
#1610=DIRECTION('',(0.,0.,1.));
#1611=DIRECTION('',(-1.,0.,0.));
#1612=DIRECTION('',(0.,0.,1.));
#1613=DIRECTION('',(-0.953939201416951,0.,-0.299999999999984));
#1614=DIRECTION('',(-0.299999999999984,0.,0.95393920141695));
#1615=DIRECTION('',(1.,0.,0.));
#1616=DIRECTION('',(0.,0.,1.));
#1617=DIRECTION('',(-1.,0.,0.));
#1618=DIRECTION('',(0.,0.,1.));
#1619=DIRECTION('',(-0.95393920141695,0.176335575687735,-0.242705098312474));
#1620=DIRECTION('',(-0.246568804443933,0.,0.969125288430288));
#1621=DIRECTION('',(1.,0.,0.));
#1622=DIRECTION('',(0.,0.,1.));
#1623=DIRECTION('',(-1.,0.,0.));
#1624=DIRECTION('',(0.,0.,1.));
#1625=DIRECTION('',(-0.95393920141695,0.285316954888534,-0.0927050983124808));
#1626=DIRECTION('',(-0.286550955091711,-0.958065003084879,0.));
#1627=DIRECTION('',(1.,0.,0.));
#1628=DIRECTION('',(0.,0.,1.));
#1629=DIRECTION('',(-1.,0.,0.));
#1630=DIRECTION('',(0.,0.,1.));
#1631=DIRECTION('',(-0.95393920141695,0.285316954888534,0.0927050983124799));
#1632=DIRECTION('',(-0.286550955091711,-0.958065003084879,0.));
#1633=DIRECTION('',(1.,0.,0.));
#1634=DIRECTION('',(0.,0.,0.999999999999999));
#1635=DIRECTION('',(-1.,0.,0.));
#1636=DIRECTION('',(0.,0.,0.999999999999999));
#1637=DIRECTION('',(-0.953939201416948,0.176335575687737,0.242705098312477));
#1638=DIRECTION('',(0.246568804443937,0.,0.969125288430288));
#1639=DIRECTION('',(1.,0.,0.));
#1640=DIRECTION('',(0.,0.,1.));
#1641=DIRECTION('',(-1.,0.,0.));
#1642=DIRECTION('',(0.,0.,1.));
#1643=DIRECTION('',(-0.95393920141695,0.,0.299999999999988));
#1644=DIRECTION('',(0.299999999999988,0.,0.95393920141695));
#1645=DIRECTION('',(1.,0.,0.));
#1646=DIRECTION('',(0.,0.,1.));
#1647=DIRECTION('',(-1.,0.,0.));
#1648=DIRECTION('',(0.,0.,1.));
#1649=DIRECTION('',(-0.953939201416948,-0.176335575687737,0.242705098312477));
#1650=DIRECTION('',(0.246568804443937,0.,0.969125288430288));
#1651=DIRECTION('',(1.,0.,0.));
#1652=DIRECTION('',(0.,0.,1.));
#1653=DIRECTION('',(-1.,0.,0.));
#1654=DIRECTION('',(0.,0.,1.));
#1655=DIRECTION('',(-0.953939201416952,-0.285316954888527,0.092705098312479));
#1656=DIRECTION('',(0.286550955091704,-0.958065003084881,0.));
#1657=DIRECTION('',(1.,0.,0.));
#1658=DIRECTION('',(0.,0.,1.));
#1659=DIRECTION('',(-1.,0.,0.));
#1660=DIRECTION('',(0.,0.,1.));
#1661=DIRECTION('',(-0.953939201416951,-0.28531695488853,-0.0927050983124782));
#1662=DIRECTION('',(0.286550955091708,-0.958065003084881,0.));
#1663=DIRECTION('',(1.,0.,0.));
#1664=DIRECTION('',(0.,0.,1.));
#1665=DIRECTION('',(-1.,0.,0.));
#1666=DIRECTION('',(0.,0.,1.));
#1667=DIRECTION('',(-0.953939201416952,-0.176335575687732,-0.242705098312467));
#1668=DIRECTION('',(-0.246568804443926,0.,0.96912528843029));
#1669=DIRECTION('',(0.,-1.,3.76772519669171E-15));
#1670=DIRECTION('',(0.,-3.76781938982163E-15,-1.));
#1671=DIRECTION('',(0.,-0.80901699437495,-0.58778525229247));
#1672=DIRECTION('',(0.,0.58778525229247,-0.80901699437495));
#1673=DIRECTION('',(0.,-0.309016994374952,-0.951056516295152));
#1674=DIRECTION('',(0.,0.951056516295152,-0.309016994374952));
#1675=DIRECTION('',(0.,0.309016994374942,-0.951056516295155));
#1676=DIRECTION('',(0.,0.951056516295155,0.309016994374942));
#1677=DIRECTION('',(0.,0.809016994374944,-0.587785252292477));
#1678=DIRECTION('',(0.,0.587785252292478,0.809016994374944));
#1679=DIRECTION('',(0.,1.,-5.96556489476187E-15));
#1680=DIRECTION('',(0.,5.96744875736022E-15,1.));
#1681=DIRECTION('',(0.,0.809016994374951,0.587785252292468));
#1682=DIRECTION('',(0.,-0.587785252292468,0.809016994374951));
#1683=DIRECTION('',(0.,0.309016994374954,0.951056516295151));
#1684=DIRECTION('',(0.,-0.951056516295152,0.309016994374954));
#1685=DIRECTION('',(0.,-0.30901699437494,0.951056516295156));
#1686=DIRECTION('',(0.,-0.951056516295156,-0.30901699437494));
#1687=DIRECTION('',(0.,-0.809016994374943,0.58778525229248));
#1688=DIRECTION('',(0.,-0.58778525229248,-0.809016994374943));
#1689=CARTESIAN_POINT('',(0.,0.,0.));
#1690=CARTESIAN_POINT('',(11.8516260162601,0.,0.));
#1691=CARTESIAN_POINT('',(11.8516260162601,32.7,-4.43959457608489));
#1692=CARTESIAN_POINT('',(11.8516260162601,29.0643839340409,-15.6288702897767));
#1693=CARTESIAN_POINT('',(0.,29.0643839340409,-15.6288702897767));
#1694=CARTESIAN_POINT('',(-13.9999999999999,29.0643839340409,-15.6288702897767));
#1695=CARTESIAN_POINT('',(-13.9999999999999,0.,0.));
#1696=CARTESIAN_POINT('',(-13.9999999999999,30.7493101388675,-11.9783106481566));
#1697=CARTESIAN_POINT('',(-6.99999999999999,30.7493101388675,-11.9783106481566));
#1698=CARTESIAN_POINT('',(1.5921215971661,30.7493101388675,-11.9783106481566));
#1699=CARTESIAN_POINT('',(1.5921215971661,30.7493101388675,-11.9783106481566));
#1700=CARTESIAN_POINT('',(1.80700203751745,30.7493101388675,-11.9783106481566));
#1701=CARTESIAN_POINT('',(2.02484601581349,30.7627906262322,-11.9438585923088));
#1702=CARTESIAN_POINT('',(2.22764743882437,30.7883560491869,-11.8775894771835));
#1703=CARTESIAN_POINT('',(2.43047583971251,30.8139248730094,-11.8113115465378));
#1704=CARTESIAN_POINT('',(2.62387236529317,30.8522703803321,-11.7113395479883));
#1705=CARTESIAN_POINT('',(2.79157525632511,30.89945270394,-11.5855005328632));
#1706=CARTESIAN_POINT('',(2.95865717940016,30.9464603214895,-11.4601274727114));
#1707=CARTESIAN_POINT('',(3.10487968034601,31.0035142380816,-11.3055394822311));
#1708=CARTESIAN_POINT('',(3.21769100124797,31.0649157136535,-11.1342270366472));
#1709=CARTESIAN_POINT('',(3.32951655130802,31.1257806492417,-10.9644115579668));
#1710=CARTESIAN_POINT('',(3.41161728291366,31.1925775621049,-10.7733979568621));
#1711=CARTESIAN_POINT('',(3.45687527647829,31.2590396969396,-10.5769767526055));
#1712=CARTESIAN_POINT('',(3.50173676846254,31.3249195624463,-10.382276378456));
#1713=CARTESIAN_POINT('',(3.51164265565506,31.392278779545,-10.1768572214473));
#1714=CARTESIAN_POINT('',(3.48573768615939,31.4554058670841,-9.97784755029923));
#1715=CARTESIAN_POINT('',(3.45994710777724,31.5182541981539,-9.77971666566687));
#1716=CARTESIAN_POINT('',(3.39797171516547,31.5786479051993,-9.58249642843968));
#1717=CARTESIAN_POINT('',(3.30507611519364,31.6321360892925,-9.40255105960508));
#1718=CARTESIAN_POINT('',(3.21196769611847,31.6857468121,-9.22219344506606));
#1719=CARTESIAN_POINT('',(3.08528138950668,31.7339231632811,-9.05426857523529));
#1720=CARTESIAN_POINT('',(2.93557036485425,31.7736702943848,-8.91256843024112));
#1721=CARTESIAN_POINT('',(2.78470753197558,31.8137232217562,-8.76977810906892));
#1722=CARTESIAN_POINT('',(2.60637164082599,31.8463569377441,-8.64972614145609));
#1723=CARTESIAN_POINT('',(2.41521626222941,31.8698700548765,-8.56220664813045));
#1724=CARTESIAN_POINT('',(2.2223052885062,31.8935991194447,-8.47388336473049));
#1725=CARTESIAN_POINT('',(2.01107023535232,31.9087253669468,-8.41628013915256));
#1726=CARTESIAN_POINT('',(1.7988138084754,31.9145587666847,-8.39410142468108));
#1727=CARTESIAN_POINT('',(1.73021576298596,31.9164440326644,-8.38693360184247));
#1728=CARTESIAN_POINT('',(1.66111887071391,31.917388814014,-8.38333413953275));
#1729=CARTESIAN_POINT('',(1.5921215971661,31.917388814014,-8.38333413953275));
#1730=CARTESIAN_POINT('',(1.5921215971661,31.917388814014,-8.38333413953275));
#1731=CARTESIAN_POINT('',(-6.99999999999999,31.917388814014,-8.38333413953275));
#1732=CARTESIAN_POINT('',(-13.9999999999999,31.917388814014,-8.38333413953275));
#1733=CARTESIAN_POINT('',(-13.9999999999999,0.,0.));
#1734=CARTESIAN_POINT('',(-13.9999999999999,32.7,-4.4395945760849));
#1735=CARTESIAN_POINT('',(0.,32.7,-4.4395945760849));
#1736=CARTESIAN_POINT('',(0.,0.,0.));
#1737=CARTESIAN_POINT('',(-13.9999999999999,0.,0.));
#1738=CARTESIAN_POINT('',(-13.9999999999999,20.8941097943528,-25.5428302249678));
#1739=CARTESIAN_POINT('',(-13.9999999999999,23.8453274980803,-22.8122852101515));
#1740=CARTESIAN_POINT('',(0.,23.8453274980803,-22.8122852101515));
#1741=CARTESIAN_POINT('',(11.8516260162601,23.8453274980803,-22.8122852101515));
#1742=CARTESIAN_POINT('',(11.8516260162601,0.,0.));
#1743=CARTESIAN_POINT('',(11.8516260162601,14.3271610673793,-29.7276379106947));
#1744=CARTESIAN_POINT('',(0.,14.3271610673547,-29.7276379107065));
#1745=CARTESIAN_POINT('',(-13.9999999999999,14.3271610673547,-29.7276379107065));
#1746=CARTESIAN_POINT('',(-13.9999999999999,0.,0.));
#1747=CARTESIAN_POINT('',(-13.9999999999999,17.8360401212854,-27.7646478960548));
#1748=CARTESIAN_POINT('',(-6.99999999999999,17.8360401212854,-27.7646478960548));
#1749=CARTESIAN_POINT('',(1.5921215971661,17.8360401212854,-27.7646478960548));
#1750=CARTESIAN_POINT('',(1.5921215971661,17.8360401212854,-27.7646478960548));
#1751=CARTESIAN_POINT('',(1.80700203751745,17.8360401212854,-27.7646478960548));
#1752=CARTESIAN_POINT('',(2.02484601581349,17.8671964749944,-27.7446992290495));
#1753=CARTESIAN_POINT('',(2.22764743882437,17.9268313451862,-27.7061133672923));
#1754=CARTESIAN_POINT('',(2.43047583971251,17.9864741483708,-27.6675223726093));
#1755=CARTESIAN_POINT('',(2.62387236529316,18.0762583818423,-27.609182250517));
#1756=CARTESIAN_POINT('',(2.7915752563251,18.1883960007288,-27.5351094227111));
#1757=CARTESIAN_POINT('',(2.95865717940016,18.3001183979834,-27.4613108707525));
#1758=CARTESIAN_POINT('',(3.10487968034601,18.437140527088,-27.369782010086));
#1759=CARTESIAN_POINT('',(3.21769100124797,18.5875102933537,-27.2672782120708));
#1760=CARTESIAN_POINT('',(3.32951655130802,18.7365660945855,-27.1656701154309));
#1761=CARTESIAN_POINT('',(3.41161728291366,18.9028809099801,-27.0503991062601));
#1762=CARTESIAN_POINT('',(3.45687527647829,19.0721033936434,-26.9305564766527));
#1763=CARTESIAN_POINT('',(3.50173676846254,19.2398433329664,-26.8117637785224));
#1764=CARTESIAN_POINT('',(3.51164265565506,19.415080435355,-26.6851689439488));
#1765=CARTESIAN_POINT('',(3.48573768615939,19.583126271744,-26.5612719090207));
#1766=CARTESIAN_POINT('',(3.45994710777724,19.7504300516581,-26.4379219783765));
#1767=CARTESIAN_POINT('',(3.39797171516547,19.9152127339069,-26.3138659851576));
#1768=CARTESIAN_POINT('',(3.30507611519365,20.0642548178559,-26.1997266894933));
#1769=CARTESIAN_POINT('',(3.21196769611848,20.2136383496526,-26.0853259064973));
#1770=CARTESIAN_POINT('',(3.08528138950669,20.3513175984647,-25.9777891817595));
#1771=CARTESIAN_POINT('',(2.93557036485426,20.4667629584805,-25.8865141338375));
#1772=CARTESIAN_POINT('',(2.78470753197558,20.5830965023536,-25.794536857397));
#1773=CARTESIAN_POINT('',(2.60637164082599,20.6800625092489,-25.7165943923753));
#1774=CARTESIAN_POINT('',(2.41521626222941,20.7505276880647,-25.6596102984216));
#1775=CARTESIAN_POINT('',(2.2223052885062,20.8216400279775,-25.6021028553559));
#1776=CARTESIAN_POINT('',(2.01107023535232,20.8677357457471,-25.5643918521368));
#1777=CARTESIAN_POINT('',(1.7988138084754,20.8854913865511,-25.5498776815527));
#1778=CARTESIAN_POINT('',(1.73021576298596,20.8912297393232,-25.5451869226031));
#1779=CARTESIAN_POINT('',(1.66111887071391,20.8941097943528,-25.5428302249678));
#1780=CARTESIAN_POINT('',(1.5921215971661,20.8941097943528,-25.5428302249678));
#1781=CARTESIAN_POINT('',(1.5921215971661,20.8941097943528,-25.5428302249678));
#1782=CARTESIAN_POINT('',(-6.99999999999999,20.8941097943528,-25.5428302249678));
#1783=CARTESIAN_POINT('',(0.,0.,0.));
#1784=CARTESIAN_POINT('',(-13.9999999999999,0.,0.));
#1785=CARTESIAN_POINT('',(-13.9999999999999,1.88999099792096,-32.9458333333334));
#1786=CARTESIAN_POINT('',(-13.9999999999999,5.88255036476638,-32.4714582549966));
#1787=CARTESIAN_POINT('',(0.,5.88255036476638,-32.4714582549966));
#1788=CARTESIAN_POINT('',(11.8516260162601,5.88255036476659,-32.4714582549966));
#1789=CARTESIAN_POINT('',(11.8516260162601,0.,0.));
#1790=CARTESIAN_POINT('',(11.8516260162601,-5.88255036476705,-32.4714582549965));
#1791=CARTESIAN_POINT('',(0.,-5.88255036476692,-32.4714582549965));
#1792=CARTESIAN_POINT('',(-13.9999999999999,-5.88255036476692,-32.4714582549965));
#1793=CARTESIAN_POINT('',(-13.9999999999999,0.,0.));
#1794=CARTESIAN_POINT('',(-13.9999999999999,-1.88999099792096,-32.9458333333334));
#1795=CARTESIAN_POINT('',(-6.99999999999999,-1.88999099792095,-32.9458333333333));
#1796=CARTESIAN_POINT('',(1.5921215971661,-1.88999099792095,-32.9458333333333));
#1797=CARTESIAN_POINT('',(1.5921215971661,-1.88999099792095,-32.9458333333333));
#1798=CARTESIAN_POINT('',(1.80700203751745,-1.88999099792095,-32.9458333333333));
#1799=CARTESIAN_POINT('',(2.02484601581349,-1.85305944601907,-32.9480077679363));
#1800=CARTESIAN_POINT('',(2.22764743882437,-1.78213362208858,-32.9518436472532));
#1801=CARTESIAN_POINT('',(2.43047583971251,-1.71119836317414,-32.9556800368421));
#1802=CARTESIAN_POINT('',(2.62387236529316,-1.60426992908598,-32.9612557349386));
#1803=CARTESIAN_POINT('',(2.79157525632511,-1.47000977391812,-32.9672423970308));
#1804=CARTESIAN_POINT('',(2.95865717940016,-1.33624675540504,-32.9732068917931));
#1805=CARTESIAN_POINT('',(3.10487968034601,-1.17159420989507,-32.9796980747635));
#1806=CARTESIAN_POINT('',(3.21769100124797,-0.989692292768713,-32.9851558911829));
#1807=CARTESIAN_POINT('',(3.32951655130802,-0.809379875743566,-32.9905660159678));
#1808=CARTESIAN_POINT('',(3.41161728291366,-0.607073764465476,-32.9950672063166));
#1809=CARTESIAN_POINT('',(3.45687527647829,-0.39972816907239,-32.9975789625671));
#1810=CARTESIAN_POINT('',(3.50173676846254,-0.194199111483607,-33.0000687135266));
#1811=CARTESIAN_POINT('',(3.51164265565506,0.0219812591725765,-33.0006531253949));
#1812=CARTESIAN_POINT('',(3.48573768615939,0.230758046578736,-32.999193182924));
#1813=CARTESIAN_POINT('',(3.45994710777724,0.438612917856318,-32.9977396872643));
#1814=CARTESIAN_POINT('',(3.39797171516546,0.644843191446849,-32.9942331109551));
#1815=CARTESIAN_POINT('',(3.30507611519364,0.832510164937202,-32.9894972199529));
#1816=CARTESIAN_POINT('',(3.21196769611847,1.02060707393622,-32.9847504792647));
#1817=CARTESIAN_POINT('',(3.08528138950668,1.19520042687873,-32.978677273431));
#1818=CARTESIAN_POINT('',(2.93557036485425,1.34224781212409,-32.9726912885626));
#1819=CARTESIAN_POINT('',(2.78470753197557,1.49042651277102,-32.9666592502614));
#1820=CARTESIAN_POINT('',(2.60637164082599,1.61468709169313,-32.9605976603021));
#1821=CARTESIAN_POINT('',(2.41521626222941,1.70518902890796,-32.9559149527925));
#1822=CARTESIAN_POINT('',(2.2223052885062,1.79652214733826,-32.9511892387061));
#1823=CARTESIAN_POINT('',(2.01107023535232,1.85598033792306,-32.9477747793257));
#1824=CARTESIAN_POINT('',(1.7988138084754,1.87887616849818,-32.9464690724735));
#1825=CARTESIAN_POINT('',(1.73021576298596,1.88627575234316,-32.9460470878987));
#1826=CARTESIAN_POINT('',(1.66111887071391,1.88999099792096,-32.9458333333333));
#1827=CARTESIAN_POINT('',(1.5921215971661,1.88999099792095,-32.9458333333333));
#1828=CARTESIAN_POINT('',(1.5921215971661,1.88999099792095,-32.9458333333333));
#1829=CARTESIAN_POINT('',(-6.99999999999999,1.88999099792095,-32.9458333333333));
#1830=CARTESIAN_POINT('',(0.,0.,0.));
#1831=CARTESIAN_POINT('',(-13.9999999999999,0.,0.));
#1832=CARTESIAN_POINT('',(-13.9999999999999,-17.8360401212855,-27.7646478960547));
#1833=CARTESIAN_POINT('',(-13.9999999999999,-14.3271610673551,-29.7276379107064));
#1834=CARTESIAN_POINT('',(0.,-14.3271610673551,-29.7276379107064));
#1835=CARTESIAN_POINT('',(11.8516260162601,-14.3271610673549,-29.7276379107064));
#1836=CARTESIAN_POINT('',(11.8516260162601,0.,0.));
#1837=CARTESIAN_POINT('',(11.8516260162601,-23.8453274980649,-22.8122852101676));
#1838=CARTESIAN_POINT('',(0.,-23.8453274980807,-22.8122852101511));
#1839=CARTESIAN_POINT('',(-13.9999999999999,-23.8453274980807,-22.8122852101511));
#1840=CARTESIAN_POINT('',(-13.9999999999999,0.,0.));
#1841=CARTESIAN_POINT('',(-13.9999999999999,-20.894109794353,-25.5428302249677));
#1842=CARTESIAN_POINT('',(-6.99999999999999,-20.894109794353,-25.5428302249677));
#1843=CARTESIAN_POINT('',(1.59212159716609,-20.894109794353,-25.5428302249677));
#1844=CARTESIAN_POINT('',(1.59212159716609,-20.894109794353,-25.5428302249677));
#1845=CARTESIAN_POINT('',(1.80700203751745,-20.894109794353,-25.5428302249677));
#1846=CARTESIAN_POINT('',(2.02484601581349,-20.8655096418274,-25.5662972010669));
#1847=CARTESIAN_POINT('',(2.22764743882437,-20.8103841182196,-25.6110896459357));
#1848=CARTESIAN_POINT('',(2.43047583971251,-20.7552512614799,-25.6558880493676));
#1849=CARTESIAN_POINT('',(2.62387236529316,-20.672021654233,-25.7232498404909));
#1850=CARTESIAN_POINT('',(2.7915752563251,-20.566921778723,-25.8070092910413));
#1851=CARTESIAN_POINT('',(2.95865717940016,-20.4622110655857,-25.8904585982509));
#1852=CARTESIAN_POINT('',(3.10487968034601,-20.332819779721,-25.9924904135907));
#1853=CARTESIAN_POINT('',(3.21769100124797,-20.1888660614574,-26.1038251440768));
#1854=CARTESIAN_POINT('',(3.32951655130802,-20.0461702433489,-26.214187006502));
#1855=CARTESIAN_POINT('',(3.41161728291366,-19.8851468945638,-26.3367410946471));
#1856=CARTESIAN_POINT('',(3.45687527647829,-19.7188771574634,-26.4606478312393));
#1857=CARTESIAN_POINT('',(3.50173676846254,-19.554064095932,-26.5834690310455));
#1858=CARTESIAN_POINT('',(3.51164265565506,-19.3795140108984,-26.7110094638856));
#1859=CARTESIAN_POINT('',(3.48573768615939,-19.2097519092022,-26.8325442622742));
#1860=CARTESIAN_POINT('',(3.45994710777724,-19.040739442662,-26.9535423875383));
#1861=CARTESIAN_POINT('',(3.39797171516546,-18.8718345327321,-27.0719246211049));
#1862=CARTESIAN_POINT('',(3.30507611519364,-18.7172250750079,-27.1784010841605));
#1863=CARTESIAN_POINT('',(3.21196769611847,-18.5622614148653,-27.2851214793874));
#1864=CARTESIAN_POINT('',(3.08528138950668,-18.4174426844067,-27.3828315506654));
#1865=CARTESIAN_POINT('',(2.93557036485426,-18.2949603771387,-27.4644210716142));
#1866=CARTESIAN_POINT('',(2.78470753197557,-18.1715357469563,-27.5466383050619));
#1867=CARTESIAN_POINT('',(2.60637164082599,-18.0674439136939,-27.6147729115037));
#1868=CARTESIAN_POINT('',(2.4152162622294,-17.9914738820483,-27.6641802255475));
#1869=CARTESIAN_POINT('',(2.2223052885062,-17.9148061320424,-27.7140413026003));
#1870=CARTESIAN_POINT('',(2.01107023535232,-17.8646964765362,-27.7462275944887));
#1871=CARTESIAN_POINT('',(1.7988138084754,-17.845405885269,-27.7586290870066));
#1872=CARTESIAN_POINT('',(1.73021576298596,-17.8391714598773,-27.7626370605714));
#1873=CARTESIAN_POINT('',(1.6611188707139,-17.8360401212855,-27.7646478960547));
#1874=CARTESIAN_POINT('',(1.59212159716609,-17.8360401212855,-27.7646478960547));
#1875=CARTESIAN_POINT('',(1.59212159716609,-17.8360401212855,-27.7646478960547));
#1876=CARTESIAN_POINT('',(-6.99999999999999,-17.8360401212855,-27.7646478960547));
#1877=CARTESIAN_POINT('',(0.,0.,0.));
#1878=CARTESIAN_POINT('',(-13.9999999999999,0.,0.));
#1879=CARTESIAN_POINT('',(-13.9999999999999,-30.7493101388676,-11.9783106481564));
#1880=CARTESIAN_POINT('',(-13.9999999999999,-29.0643839340412,-15.6288702897763));
#1881=CARTESIAN_POINT('',(0.,-29.0643839340412,-15.6288702897763));
#1882=CARTESIAN_POINT('',(11.8516260162601,-29.0643839340411,-15.6288702897764));
#1883=CARTESIAN_POINT('',(11.8516260162601,0.,0.));
#1884=CARTESIAN_POINT('',(11.8516260162601,-32.7,-4.43959457608438));
#1885=CARTESIAN_POINT('',(0.,-32.7,-4.43959457608458));
#1886=CARTESIAN_POINT('',(-13.9999999999999,-32.7,-4.43959457608458));
#1887=CARTESIAN_POINT('',(-13.9999999999999,0.,0.));
#1888=CARTESIAN_POINT('',(-13.9999999999999,-31.917388814014,-8.3833341395326));
#1889=CARTESIAN_POINT('',(-6.99999999999999,-31.917388814014,-8.3833341395326));
#1890=CARTESIAN_POINT('',(1.5921215971661,-31.917388814014,-8.3833341395326));
#1891=CARTESIAN_POINT('',(1.5921215971661,-31.917388814014,-8.3833341395326));
#1892=CARTESIAN_POINT('',(1.80700203751745,-31.917388814014,-8.3833341395326));
#1893=CARTESIAN_POINT('',(2.02484601581349,-31.9080443470461,-8.41913006987126));
#1894=CARTESIAN_POINT('',(2.22764743882437,-31.8897752001316,-8.48776988879125));
#1895=CARTESIAN_POINT('',(2.43047583971251,-31.8715036229442,-8.55641883859692));
#1896=CARTESIAN_POINT('',(2.62387236529316,-31.8437637236366,-8.65983680808101));
#1897=CARTESIAN_POINT('',(2.7915752563251,-31.807968708016,-8.78937578385829));
#1898=CARTESIAN_POINT('',(2.95865717940016,-31.7723062336867,-8.91843510449886));
#1899=CARTESIAN_POINT('',(3.10487968034601,-31.7275992808194,-9.07703486668214));
#1900=CARTESIAN_POINT('',(3.21769100124797,-31.6765791889884,-9.25172042831752));
#1901=CARTESIAN_POINT('',(3.32951655130802,-31.6260049222615,-9.42487954799844));
#1902=CARTESIAN_POINT('',(3.41161728291365,-31.567769782223,-9.6186750377285));
#1903=CARTESIAN_POINT('',(3.45687527647828,-31.5060852916871,-9.81664859271933));
#1904=CARTESIAN_POINT('',(3.50173676846254,-31.4449412139282,-10.0128877175854));
#1905=CARTESIAN_POINT('',(3.51164265565506,-31.3786936142608,-10.2186680609921));
#1906=CARTESIAN_POINT('',(3.48573768615939,-31.312789551121,-10.4167754380716));
#1907=CARTESIAN_POINT('',(3.45994710777724,-31.2471765070139,-10.6140080129837));
#1908=CARTESIAN_POINT('',(3.39797171516546,-31.1801128954712,-10.8090610668677));
#1909=CARTESIAN_POINT('',(3.30507611519364,-31.1176165113816,-10.9860794940959));
#1910=CARTESIAN_POINT('',(3.21196769611847,-31.0549769512489,-11.1635034615538));
#1911=CARTESIAN_POINT('',(3.08528138950669,-30.9952486761018,-11.3276748837587));
#1912=CARTESIAN_POINT('',(2.93557036485426,-30.944115525167,-11.465675486648));
#1913=CARTESIAN_POINT('',(2.78470753197558,-30.8925889791298,-11.6047378031286));
#1914=CARTESIAN_POINT('',(2.60637164082599,-30.8484254338821,-11.7210435021208));
#1915=CARTESIAN_POINT('',(2.41521626222941,-30.816005277768,-11.8056689230461));
#1916=CARTESIAN_POINT('',(2.2223052885062,-30.7832873708477,-11.8910715545196));
#1917=CARTESIAN_POINT('',(2.01107023535232,-30.7616664356589,-11.9465645281472));
#1918=CARTESIAN_POINT('',(1.7988138084754,-30.7533494339007,-11.9679362714047));
#1919=CARTESIAN_POINT('',(1.73021576298596,-30.7506615055616,-11.9748432934333));
#1920=CARTESIAN_POINT('',(1.66111887071391,-30.7493101388676,-11.9783106481564));
#1921=CARTESIAN_POINT('',(1.5921215971661,-30.7493101388676,-11.9783106481564));
#1922=CARTESIAN_POINT('',(1.5921215971661,-30.7493101388676,-11.9783106481564));
#1923=CARTESIAN_POINT('',(-6.99999999999999,-30.7493101388676,-11.9783106481564));
#1924=CARTESIAN_POINT('',(0.,0.,0.));
#1925=CARTESIAN_POINT('',(-13.9999999999999,0.,0.));
#1926=CARTESIAN_POINT('',(-13.9999999999999,-31.917388814014,8.38333413953284));
#1927=CARTESIAN_POINT('',(-13.9999999999999,-32.7,4.43959457608497));
#1928=CARTESIAN_POINT('',(0.,-32.7,4.43959457608497));
#1929=CARTESIAN_POINT('',(11.8516260162602,-32.7,4.43959457608478));
#1930=CARTESIAN_POINT('',(11.8516260162601,0.,0.));
#1931=CARTESIAN_POINT('',(11.8516260162601,-29.0643839340409,15.6288702897767));
#1932=CARTESIAN_POINT('',(0.,-29.064383934041,15.6288702897766));
#1933=CARTESIAN_POINT('',(-13.9999999999999,-29.064383934041,15.6288702897766));
#1934=CARTESIAN_POINT('',(-13.9999999999999,0.,0.));
#1935=CARTESIAN_POINT('',(-13.9999999999999,-30.7493101388675,11.9783106481567));
#1936=CARTESIAN_POINT('',(-6.99999999999999,-30.7493101388675,11.9783106481566));
#1937=CARTESIAN_POINT('',(1.5921215971661,-30.7493101388675,11.9783106481566));
#1938=CARTESIAN_POINT('',(1.5921215971661,-30.7493101388675,11.9783106481566));
#1939=CARTESIAN_POINT('',(1.80700203751745,-30.7493101388675,11.9783106481566));
#1940=CARTESIAN_POINT('',(2.02484601581349,-30.7627906262322,11.9438585923089));
#1941=CARTESIAN_POINT('',(2.22764743882437,-30.7883560491869,11.8775894771835));
#1942=CARTESIAN_POINT('',(2.43047583971251,-30.8139248730094,11.8113115465379));
#1943=CARTESIAN_POINT('',(2.62387236529316,-30.852270380332,11.7113395479884));
#1944=CARTESIAN_POINT('',(2.79157525632511,-30.89945270394,11.5855005328633));
#1945=CARTESIAN_POINT('',(2.95865717940016,-30.9464603214895,11.4601274727115));
#1946=CARTESIAN_POINT('',(3.10487968034601,-31.0035142380816,11.3055394822311));
#1947=CARTESIAN_POINT('',(3.21769100124797,-31.0649157136535,11.1342270366473));
#1948=CARTESIAN_POINT('',(3.32951655130802,-31.1257806492417,10.9644115579668));
#1949=CARTESIAN_POINT('',(3.41161728291366,-31.1925775621049,10.7733979568622));
#1950=CARTESIAN_POINT('',(3.45687527647829,-31.2590396969395,10.5769767526056));
#1951=CARTESIAN_POINT('',(3.50173676846254,-31.3249195624463,10.382276378456));
#1952=CARTESIAN_POINT('',(3.51164265565506,-31.3922787795449,10.1768572214474));
#1953=CARTESIAN_POINT('',(3.48573768615939,-31.4554058670841,9.97784755029932));
#1954=CARTESIAN_POINT('',(3.45994710777724,-31.5182541981538,9.77971666566696));
#1955=CARTESIAN_POINT('',(3.39797171516547,-31.5786479051992,9.58249642843976));
#1956=CARTESIAN_POINT('',(3.30507611519364,-31.6321360892925,9.40255105960516));
#1957=CARTESIAN_POINT('',(3.21196769611847,-31.6857468121,9.22219344506615));
#1958=CARTESIAN_POINT('',(3.08528138950669,-31.7339231632811,9.05426857523538));
#1959=CARTESIAN_POINT('',(2.93557036485426,-31.7736702943848,8.91256843024121));
#1960=CARTESIAN_POINT('',(2.78470753197558,-31.8137232217562,8.769778109069));
#1961=CARTESIAN_POINT('',(2.60637164082599,-31.8463569377441,8.64972614145617));
#1962=CARTESIAN_POINT('',(2.41521626222941,-31.8698700548765,8.56220664813053));
#1963=CARTESIAN_POINT('',(2.2223052885062,-31.8935991194446,8.47388336473057));
#1964=CARTESIAN_POINT('',(2.01107023535232,-31.9087253669468,8.41628013915265));
#1965=CARTESIAN_POINT('',(1.7988138084754,-31.9145587666846,8.39410142468117));
#1966=CARTESIAN_POINT('',(1.73021576298596,-31.9164440326644,8.38693360184255));
#1967=CARTESIAN_POINT('',(1.66111887071391,-31.917388814014,8.38333413953284));
#1968=CARTESIAN_POINT('',(1.5921215971661,-31.917388814014,8.38333413953284));
#1969=CARTESIAN_POINT('',(1.5921215971661,-31.917388814014,8.38333413953284));
#1970=CARTESIAN_POINT('',(-6.99999999999999,-31.917388814014,8.38333413953284));
#1971=CARTESIAN_POINT('',(0.,0.,0.));
#1972=CARTESIAN_POINT('',(-13.9999999999999,0.,0.));
#1973=CARTESIAN_POINT('',(-13.9999999999999,-20.8941097943528,25.5428302249679));
#1974=CARTESIAN_POINT('',(-13.9999999999999,-23.8453274980804,22.8122852101514));
#1975=CARTESIAN_POINT('',(0.,-23.8453274980804,22.8122852101514));
#1976=CARTESIAN_POINT('',(11.8516260162601,-23.8453274980805,22.8122852101513));
#1977=CARTESIAN_POINT('',(11.8516260162601,0.,0.));
#1978=CARTESIAN_POINT('',(11.8516260162601,-14.3271610673546,29.7276379107066));
#1979=CARTESIAN_POINT('',(0.,-14.3271610673547,29.7276379107066));
#1980=CARTESIAN_POINT('',(-13.9999999999999,-14.3271610673547,29.7276379107066));
#1981=CARTESIAN_POINT('',(-13.9999999999999,0.,0.));
#1982=CARTESIAN_POINT('',(-13.9999999999999,-17.8360401212853,27.7646478960548));
#1983=CARTESIAN_POINT('',(-6.99999999999999,-17.8360401212853,27.7646478960548));
#1984=CARTESIAN_POINT('',(1.5921215971661,-17.8360401212853,27.7646478960548));
#1985=CARTESIAN_POINT('',(1.5921215971661,-17.8360401212853,27.7646478960548));
#1986=CARTESIAN_POINT('',(1.80700203751745,-17.8360401212853,27.7646478960548));
#1987=CARTESIAN_POINT('',(2.02484601581349,-17.8671964749943,27.7446992290496));
#1988=CARTESIAN_POINT('',(2.22764743882437,-17.9268313451861,27.7061133672923));
#1989=CARTESIAN_POINT('',(2.43047583971251,-17.9864741483707,27.6675223726093));
#1990=CARTESIAN_POINT('',(2.62387236529316,-18.0762583818423,27.6091822505171));
#1991=CARTESIAN_POINT('',(2.79157525632511,-18.1883960007288,27.5351094227111));
#1992=CARTESIAN_POINT('',(2.95865717940016,-18.3001183979834,27.4613108707526));
#1993=CARTESIAN_POINT('',(3.10487968034601,-18.4371405270879,27.369782010086));
#1994=CARTESIAN_POINT('',(3.21769100124797,-18.5875102933536,27.2672782120709));
#1995=CARTESIAN_POINT('',(3.32951655130802,-18.7365660945854,27.165670115431));
#1996=CARTESIAN_POINT('',(3.41161728291366,-18.9028809099801,27.0503991062602));
#1997=CARTESIAN_POINT('',(3.45687527647829,-19.0721033936433,26.9305564766527));
#1998=CARTESIAN_POINT('',(3.50173676846254,-19.2398433329663,26.8117637785224));
#1999=CARTESIAN_POINT('',(3.51164265565506,-19.4150804353549,26.6851689439488));
#2000=CARTESIAN_POINT('',(3.48573768615939,-19.5831262717439,26.5612719090207));
#2001=CARTESIAN_POINT('',(3.45994710777724,-19.750430051658,26.4379219783766));
#2002=CARTESIAN_POINT('',(3.39797171516547,-19.9152127339068,26.3138659851577));
#2003=CARTESIAN_POINT('',(3.30507611519364,-20.0642548178558,26.1997266894934));
#2004=CARTESIAN_POINT('',(3.21196769611847,-20.2136383496525,26.0853259064974));
#2005=CARTESIAN_POINT('',(3.08528138950669,-20.3513175984647,25.9777891817596));
#2006=CARTESIAN_POINT('',(2.93557036485426,-20.4667629584805,25.8865141338376));
#2007=CARTESIAN_POINT('',(2.78470753197558,-20.5830965023535,25.7945368573971));
#2008=CARTESIAN_POINT('',(2.60637164082599,-20.6800625092489,25.7165943923753));
#2009=CARTESIAN_POINT('',(2.41521626222941,-20.7505276880646,25.6596102984216));
#2010=CARTESIAN_POINT('',(2.2223052885062,-20.8216400279774,25.602102855356));
#2011=CARTESIAN_POINT('',(2.01107023535232,-20.867735745747,25.5643918521369));
#2012=CARTESIAN_POINT('',(1.7988138084754,-20.885491386551,25.5498776815527));
#2013=CARTESIAN_POINT('',(1.73021576298597,-20.8912297393231,25.5451869226031));
#2014=CARTESIAN_POINT('',(1.66111887071391,-20.8941097943528,25.5428302249679));
#2015=CARTESIAN_POINT('',(1.5921215971661,-20.8941097943528,25.5428302249679));
#2016=CARTESIAN_POINT('',(1.5921215971661,-20.8941097943528,25.5428302249679));
#2017=CARTESIAN_POINT('',(-6.99999999999999,-20.8941097943528,25.5428302249679));
#2018=CARTESIAN_POINT('',(0.,0.,0.));
#2019=CARTESIAN_POINT('',(-13.9999999999999,0.,0.));
#2020=CARTESIAN_POINT('',(-13.9999999999999,-1.88999099792096,32.9458333333334));
#2021=CARTESIAN_POINT('',(-13.9999999999999,-5.88255036476656,32.4714582549966));
#2022=CARTESIAN_POINT('',(0.,-5.88255036476656,32.4714582549966));
#2023=CARTESIAN_POINT('',(11.8516260162601,-5.88255036476667,32.4714582549966));
#2024=CARTESIAN_POINT('',(11.8516260162601,0.,0.));
#2025=CARTESIAN_POINT('',(11.8516260162601,5.88255036474894,32.4714582549998));
#2026=CARTESIAN_POINT('',(0.,5.88255036476693,32.4714582549965));
#2027=CARTESIAN_POINT('',(-13.9999999999999,5.88255036476693,32.4714582549965));
#2028=CARTESIAN_POINT('',(-13.9999999999999,0.,0.));
#2029=CARTESIAN_POINT('',(-13.9999999999999,1.88999099792096,32.9458333333334));
#2030=CARTESIAN_POINT('',(-6.99999999999999,1.88999099792095,32.9458333333333));
#2031=CARTESIAN_POINT('',(1.5921215971661,1.88999099792095,32.9458333333333));
#2032=CARTESIAN_POINT('',(1.5921215971661,1.88999099792095,32.9458333333333));
#2033=CARTESIAN_POINT('',(1.80700203751745,1.88999099792095,32.9458333333333));
#2034=CARTESIAN_POINT('',(2.02484601581349,1.85305944601906,32.9480077679363));
#2035=CARTESIAN_POINT('',(2.22764743882437,1.78213362208858,32.9518436472532));
#2036=CARTESIAN_POINT('',(2.43047583971251,1.71119836317414,32.9556800368421));
#2037=CARTESIAN_POINT('',(2.62387236529317,1.60426992908598,32.9612557349386));
#2038=CARTESIAN_POINT('',(2.79157525632511,1.47000977391812,32.9672423970308));
#2039=CARTESIAN_POINT('',(2.95865717940016,1.33624675540504,32.9732068917931));
#2040=CARTESIAN_POINT('',(3.10487968034601,1.17159420989507,32.9796980747635));
#2041=CARTESIAN_POINT('',(3.21769100124797,0.989692292768712,32.9851558911829));
#2042=CARTESIAN_POINT('',(3.32951655130802,0.809379875743565,32.9905660159678));
#2043=CARTESIAN_POINT('',(3.41161728291366,0.607073764465475,32.9950672063166));
#2044=CARTESIAN_POINT('',(3.45687527647829,0.39972816907239,32.9975789625671));
#2045=CARTESIAN_POINT('',(3.50173676846254,0.194199111483607,33.0000687135266));
#2046=CARTESIAN_POINT('',(3.51164265565506,-0.021981259172576,33.0006531253949));
#2047=CARTESIAN_POINT('',(3.48573768615939,-0.230758046578735,32.999193182924));
#2048=CARTESIAN_POINT('',(3.45994710777724,-0.438612917856317,32.9977396872643));
#2049=CARTESIAN_POINT('',(3.39797171516546,-0.644843191446848,32.9942331109551));
#2050=CARTESIAN_POINT('',(3.30507611519364,-0.832510164937201,32.9894972199529));
#2051=CARTESIAN_POINT('',(3.21196769611847,-1.02060707393621,32.9847504792647));
#2052=CARTESIAN_POINT('',(3.08528138950668,-1.19520042687873,32.978677273431));
#2053=CARTESIAN_POINT('',(2.93557036485426,-1.34224781212409,32.9726912885626));
#2054=CARTESIAN_POINT('',(2.78470753197558,-1.49042651277101,32.9666592502614));
#2055=CARTESIAN_POINT('',(2.60637164082599,-1.61468709169312,32.9605976603021));
#2056=CARTESIAN_POINT('',(2.41521626222941,-1.70518902890796,32.9559149527925));
#2057=CARTESIAN_POINT('',(2.2223052885062,-1.79652214733826,32.9511892387061));
#2058=CARTESIAN_POINT('',(2.01107023535232,-1.85598033792306,32.9477747793257));
#2059=CARTESIAN_POINT('',(1.7988138084754,-1.87887616849818,32.9464690724735));
#2060=CARTESIAN_POINT('',(1.73021576298596,-1.88627575234315,32.9460470878987));
#2061=CARTESIAN_POINT('',(1.66111887071391,-1.88999099792095,32.9458333333333));
#2062=CARTESIAN_POINT('',(1.5921215971661,-1.88999099792095,32.9458333333333));
#2063=CARTESIAN_POINT('',(1.5921215971661,-1.88999099792095,32.9458333333333));
#2064=CARTESIAN_POINT('',(-6.99999999999999,-1.88999099792095,32.9458333333333));
#2065=CARTESIAN_POINT('',(0.,0.,0.));
#2066=CARTESIAN_POINT('',(-13.9999999999999,0.,0.));
#2067=CARTESIAN_POINT('',(-13.9999999999999,17.8360401212855,27.7646478960547));
#2068=CARTESIAN_POINT('',(-13.9999999999999,14.3271610673549,29.7276379107064));
#2069=CARTESIAN_POINT('',(0.,14.3271610673549,29.7276379107064));
#2070=CARTESIAN_POINT('',(11.8516260162601,14.3271610673548,29.7276379107065));
#2071=CARTESIAN_POINT('',(11.8516260162601,0.,0.));
#2072=CARTESIAN_POINT('',(11.851626016253,23.8453274980698,22.8122852101661));
#2073=CARTESIAN_POINT('',(0.,23.8453274980806,22.8122852101512));
#2074=CARTESIAN_POINT('',(-13.9999999999999,23.8453274980806,22.8122852101512));
#2075=CARTESIAN_POINT('',(-13.9999999999999,0.,0.));
#2076=CARTESIAN_POINT('',(-13.9999999999999,20.8941097943529,25.5428302249678));
#2077=CARTESIAN_POINT('',(-6.99999999999999,20.8941097943529,25.5428302249678));
#2078=CARTESIAN_POINT('',(1.59212159716611,20.8941097943529,25.5428302249678));
#2079=CARTESIAN_POINT('',(1.59212159716611,20.8941097943529,25.5428302249678));
#2080=CARTESIAN_POINT('',(1.80700203751746,20.8941097943529,25.5428302249678));
#2081=CARTESIAN_POINT('',(2.0248460158135,20.8655096418273,25.566297201067));
#2082=CARTESIAN_POINT('',(2.22764743882438,20.8103841182196,25.6110896459357));
#2083=CARTESIAN_POINT('',(2.43047583971252,20.7552512614798,25.6558880493677));
#2084=CARTESIAN_POINT('',(2.62387236529317,20.6720216542329,25.7232498404909));
#2085=CARTESIAN_POINT('',(2.79157525632511,20.566921778723,25.8070092910413));
#2086=CARTESIAN_POINT('',(2.95865717940016,20.4622110655856,25.890458598251));
#2087=CARTESIAN_POINT('',(3.10487968034601,20.3328197797209,25.9924904135908));
#2088=CARTESIAN_POINT('',(3.21769100124797,20.1888660614573,26.1038251440768));
#2089=CARTESIAN_POINT('',(3.32951655130802,20.0461702433488,26.2141870065021));
#2090=CARTESIAN_POINT('',(3.41161728291366,19.8851468945637,26.3367410946471));
#2091=CARTESIAN_POINT('',(3.45687527647829,19.7188771574633,26.4606478312394));
#2092=CARTESIAN_POINT('',(3.50173676846254,19.554064095932,26.5834690310456));
#2093=CARTESIAN_POINT('',(3.51164265565506,19.3795140108983,26.7110094638857));
#2094=CARTESIAN_POINT('',(3.48573768615939,19.2097519092022,26.8325442622742));
#2095=CARTESIAN_POINT('',(3.45994710777724,19.0407394426619,26.9535423875383));
#2096=CARTESIAN_POINT('',(3.39797171516546,18.871834532732,27.0719246211049));
#2097=CARTESIAN_POINT('',(3.30507611519364,18.7172250750078,27.1784010841606));
#2098=CARTESIAN_POINT('',(3.21196769611847,18.5622614148653,27.2851214793874));
#2099=CARTESIAN_POINT('',(3.08528138950668,18.4174426844066,27.3828315506655));
#2100=CARTESIAN_POINT('',(2.93557036485425,18.2949603771387,27.4644210716143));
#2101=CARTESIAN_POINT('',(2.78470753197557,18.1715357469562,27.546638305062));
#2102=CARTESIAN_POINT('',(2.60637164082598,18.0674439136938,27.6147729115037));
#2103=CARTESIAN_POINT('',(2.4152162622294,17.9914738820482,27.6641802255476));
#2104=CARTESIAN_POINT('',(2.22230528850619,17.9148061320423,27.7140413026003));
#2105=CARTESIAN_POINT('',(2.01107023535232,17.8646964765361,27.7462275944887));
#2106=CARTESIAN_POINT('',(1.7988138084754,17.8454058852689,27.7586290870066));
#2107=CARTESIAN_POINT('',(1.73021576298596,17.8391714598773,27.7626370605714));
#2108=CARTESIAN_POINT('',(1.66111887071391,17.8360401212855,27.7646478960547));
#2109=CARTESIAN_POINT('',(1.59212159716611,17.8360401212855,27.7646478960547));
#2110=CARTESIAN_POINT('',(1.59212159716611,17.8360401212855,27.7646478960547));
#2111=CARTESIAN_POINT('',(-6.99999999999999,17.8360401212855,27.7646478960547));
#2112=CARTESIAN_POINT('',(0.,0.,0.));
#2113=CARTESIAN_POINT('',(-13.9999999999999,-29.0643839340412,-15.6288702897763));
#2114=CARTESIAN_POINT('',(-14.3981818181817,-27.3246984553877,-18.0233419299012));
#2115=CARTESIAN_POINT('',(-14.3981818181817,-25.5850129767342,-20.4178135700262));
#2116=CARTESIAN_POINT('',(-13.9999999999999,-23.8453274980807,-22.8122852101511));
#2117=CARTESIAN_POINT('',(-14.4999999999999,-30.3623723156166,-11.5920812353901));
#2118=CARTESIAN_POINT('',(-14.3401773160995,-30.4761908522082,-11.7420488216284));
#2119=CARTESIAN_POINT('',(-14.171227760372,-30.6073578960374,-11.8709847830701));
#2120=CARTESIAN_POINT('',(-13.9999999999999,-30.7493101388676,-11.9783106481564));
#2121=CARTESIAN_POINT('',(-14.4999999999999,-30.3623723156166,-11.5920812353901));
#2122=CARTESIAN_POINT('',(-14.4999999999999,0.,0.));
#2123=CARTESIAN_POINT('',(-14.4999999999999,-20.4072134314057,-25.2941819390361));
#2124=CARTESIAN_POINT('',(-13.9999999999999,-20.894109794353,-25.5428302249677));
#2125=CARTESIAN_POINT('',(-14.171227760372,-20.7481711755714,-25.440991135669));
#2126=CARTESIAN_POINT('',(-14.3401773160995,-20.5850129436123,-25.3560872671837));
#2127=CARTESIAN_POINT('',(-14.4999999999999,-20.4072134314057,-25.2941819390361));
#2128=CARTESIAN_POINT('',(-14.4999999999999,0.,0.));
#2129=CARTESIAN_POINT('',(-13.9999999999999,-32.7,4.43959457608497));
#2130=CARTESIAN_POINT('',(-14.3974287953922,-32.7,1.48546216079755));
#2131=CARTESIAN_POINT('',(-14.396117602561,-32.7,-1.49520840286677));
#2132=CARTESIAN_POINT('',(-13.9999999999999,-32.7,-4.43959457608458));
#2133=CARTESIAN_POINT('',(-14.4999999999999,-31.3773295864118,8.46836395212716));
#2134=CARTESIAN_POINT('',(-14.3401773160995,-31.5575594523021,8.41393848350108));
#2135=CARTESIAN_POINT('',(-14.171227760372,-31.7394624764874,8.38672515345823));
#2136=CARTESIAN_POINT('',(-13.9999999999999,-31.917388814014,8.38333413953284));
#2137=CARTESIAN_POINT('',(-14.4999999999999,-31.3773295864118,8.46836395212716));
#2138=CARTESIAN_POINT('',(-14.4999999999999,0.,0.));
#2139=CARTESIAN_POINT('',(-14.4999999999999,-31.3773295864119,-8.46836395212692));
#2140=CARTESIAN_POINT('',(-13.9999999999999,-31.917388814014,-8.3833341395326));
#2141=CARTESIAN_POINT('',(-14.171227760372,-31.7394624764875,-8.38672515345799));
#2142=CARTESIAN_POINT('',(-14.3401773160995,-31.5575594523022,-8.41393848350084));
#2143=CARTESIAN_POINT('',(-14.4999999999999,-31.3773295864119,-8.46836395212692));
#2144=CARTESIAN_POINT('',(-14.4999999999999,0.,0.));
#2145=CARTESIAN_POINT('',(-13.9999999999999,-14.3271610673551,-29.7276379107064));
#2146=CARTESIAN_POINT('',(-14.3981818181817,-11.512290833159,-30.6422446921364));
#2147=CARTESIAN_POINT('',(-14.3981818181817,-8.69742059896298,-31.5568514735665));
#2148=CARTESIAN_POINT('',(-13.9999999999999,-5.88255036476692,-32.4714582549965));
#2149=CARTESIAN_POINT('',(-14.4999999999999,-17.7500207993346,-27.2247453913382));
#2150=CARTESIAN_POINT('',(-14.3401773160995,-17.7539531941994,-27.4129725744564));
#2151=CARTESIAN_POINT('',(-14.171227760372,-17.7842829051335,-27.5943820123984));
#2152=CARTESIAN_POINT('',(-13.9999999999999,-17.8360401212855,-27.7646478960547));
#2153=CARTESIAN_POINT('',(-14.4999999999999,-17.7500207993346,-27.2247453913382));
#2154=CARTESIAN_POINT('',(-14.4999999999999,0.,0.));
#2155=CARTESIAN_POINT('',(-14.4999999999999,-1.6422353612757,-32.4584821428572));
#2156=CARTESIAN_POINT('',(-13.9999999999999,-1.88999099792096,-32.9458333333334));
#2157=CARTESIAN_POINT('',(-14.171227760372,-1.83178368998777,-32.7776632115393));
#2158=CARTESIAN_POINT('',(-14.3401773160995,-1.74969114931896,-32.6130725365108));
#2159=CARTESIAN_POINT('',(-14.4999999999999,-1.6422353612757,-32.4584821428572));
#2160=CARTESIAN_POINT('',(-14.4999999999999,0.,0.));
#2161=CARTESIAN_POINT('',(-13.9999999999999,-5.88255036476656,32.4714582549966));
#2162=CARTESIAN_POINT('',(-14.3981818181817,-8.6974205989626,31.5568514735666));
#2163=CARTESIAN_POINT('',(-14.3981818181817,-11.5122908331586,30.6422446921366));
#2164=CARTESIAN_POINT('',(-13.9999999999999,-14.3271610673547,29.7276379107066));
#2165=CARTESIAN_POINT('',(-14.4999999999999,-1.6422353612757,32.4584821428572));
#2166=CARTESIAN_POINT('',(-14.3401773160995,-1.74969114931896,32.6130725365108));
#2167=CARTESIAN_POINT('',(-14.171227760372,-1.83178368998776,32.7776632115393));
#2168=CARTESIAN_POINT('',(-13.9999999999999,-1.88999099792096,32.9458333333334));
#2169=CARTESIAN_POINT('',(-14.4999999999999,-1.6422353612757,32.4584821428572));
#2170=CARTESIAN_POINT('',(-14.4999999999999,0.,0.));
#2171=CARTESIAN_POINT('',(-14.4999999999999,-17.7500207993344,27.2247453913383));
#2172=CARTESIAN_POINT('',(-13.9999999999999,-17.8360401212853,27.7646478960548));
#2173=CARTESIAN_POINT('',(-14.171227760372,-17.7842829051333,27.5943820123986));
#2174=CARTESIAN_POINT('',(-14.3401773160995,-17.7539531941992,27.4129725744565));
#2175=CARTESIAN_POINT('',(-14.4999999999999,-17.7500207993344,27.2247453913383));
#2176=CARTESIAN_POINT('',(-14.4999999999999,0.,0.));
#2177=CARTESIAN_POINT('',(-13.9999999999999,14.3271610673549,29.7276379107064));
#2178=CARTESIAN_POINT('',(-14.3981818181817,11.5122908331589,30.6422446921365));
#2179=CARTESIAN_POINT('',(-14.3981818181817,8.69742059896292,31.5568514735665));
#2180=CARTESIAN_POINT('',(-13.9999999999999,5.88255036476693,32.4714582549965));
#2181=CARTESIAN_POINT('',(-14.4999999999999,17.7500207993346,27.2247453913382));
#2182=CARTESIAN_POINT('',(-14.3401773160995,17.7539531941993,27.4129725744565));
#2183=CARTESIAN_POINT('',(-14.171227760372,17.7842829051334,27.5943820123985));
#2184=CARTESIAN_POINT('',(-13.9999999999999,17.8360401212855,27.7646478960547));
#2185=CARTESIAN_POINT('',(-14.4999999999999,17.7500207993346,27.2247453913382));
#2186=CARTESIAN_POINT('',(-14.4999999999999,0.,0.));
#2187=CARTESIAN_POINT('',(-14.4999999999999,1.6422353612757,32.4584821428572));
#2188=CARTESIAN_POINT('',(-13.9999999999999,1.88999099792096,32.9458333333334));
#2189=CARTESIAN_POINT('',(-14.171227760372,1.83178368998776,32.7776632115393));
#2190=CARTESIAN_POINT('',(-14.3401773160995,1.74969114931896,32.6130725365108));
#2191=CARTESIAN_POINT('',(-14.4999999999999,1.6422353612757,32.4584821428572));
#2192=CARTESIAN_POINT('',(-14.4999999999999,0.,0.));
#2193=CARTESIAN_POINT('',(-13.9999999999999,29.0643839340411,15.6288702897763));
#2194=CARTESIAN_POINT('',(-14.3981818181817,27.3246984553876,18.0233419299013));
#2195=CARTESIAN_POINT('',(-14.3981818181817,25.5850129767341,20.4178135700262));
#2196=CARTESIAN_POINT('',(-13.9999999999999,23.8453274980806,22.8122852101512));
#2197=CARTESIAN_POINT('',(-13.9999999999999,29.0643839340411,15.6288702897763));
#2198=CARTESIAN_POINT('',(-13.9999999999999,0.,0.));
#2199=CARTESIAN_POINT('',(-13.9999999999999,30.7493101388676,11.9783106481565));
#2200=CARTESIAN_POINT('',(-14.4999999999999,30.3623723156165,11.5920812353902));
#2201=CARTESIAN_POINT('',(-14.3401773160995,30.4761908522082,11.7420488216284));
#2202=CARTESIAN_POINT('',(-14.171227760372,30.6073578960373,11.8709847830702));
#2203=CARTESIAN_POINT('',(-13.9999999999999,30.7493101388676,11.9783106481565));
#2204=CARTESIAN_POINT('',(-14.4999999999999,30.3623723156165,11.5920812353902));
#2205=CARTESIAN_POINT('',(-14.4999999999999,0.,0.));
#2206=CARTESIAN_POINT('',(-14.4999999999999,20.4072134314056,25.2941819390361));
#2207=CARTESIAN_POINT('',(-13.9999999999999,20.8941097943529,25.5428302249678));
#2208=CARTESIAN_POINT('',(-14.171227760372,20.7481711755713,25.4409911356691));
#2209=CARTESIAN_POINT('',(-14.3401773160995,20.5850129436123,25.3560872671837));
#2210=CARTESIAN_POINT('',(-14.4999999999999,20.4072134314056,25.2941819390361));
#2211=CARTESIAN_POINT('',(-14.4999999999999,0.,0.));
#2212=CARTESIAN_POINT('',(-13.9999999999999,32.7,-4.4395945760849));
#2213=CARTESIAN_POINT('',(-14.396117602561,32.7,-1.49520840286708));
#2214=CARTESIAN_POINT('',(-14.3974287953922,32.7,1.48546216079723));
#2215=CARTESIAN_POINT('',(-13.9999999999999,32.7,4.43959457608466));
#2216=CARTESIAN_POINT('',(-13.9999999999999,32.7,4.43959457608465));
#2217=CARTESIAN_POINT('',(-14.4999999999999,31.3773295864119,-8.46836395212707));
#2218=CARTESIAN_POINT('',(-14.3401773160995,31.5575594523021,-8.41393848350099));
#2219=CARTESIAN_POINT('',(-14.171227760372,31.7394624764874,-8.38672515345814));
#2220=CARTESIAN_POINT('',(-13.9999999999999,31.917388814014,-8.38333413953275));
#2221=CARTESIAN_POINT('',(-14.4999999999999,31.3773295864119,-8.46836395212707));
#2222=CARTESIAN_POINT('',(-14.4999999999999,0.,0.));
#2223=CARTESIAN_POINT('',(-14.4999999999999,31.3773295864119,8.46836395212699));
#2224=CARTESIAN_POINT('',(-13.9999999999999,31.917388814014,8.38333413953267));
#2225=CARTESIAN_POINT('',(-14.171227760372,31.7394624764875,8.38672515345807));
#2226=CARTESIAN_POINT('',(-14.3401773160995,31.5575594523021,8.41393848350091));
#2227=CARTESIAN_POINT('',(-14.4999999999999,31.3773295864119,8.46836395212699));
#2228=CARTESIAN_POINT('',(-13.9999999999999,31.917388814014,8.38333413953267));
#2229=CARTESIAN_POINT('',(-13.9999999999999,0.,0.));
#2230=CARTESIAN_POINT('',(-14.4999999999999,0.,0.));
#2231=CARTESIAN_POINT('',(-13.9999999999999,-23.8453274980804,22.8122852101514));
#2232=CARTESIAN_POINT('',(-14.3981818181817,-25.5850129767339,20.4178135700265));
#2233=CARTESIAN_POINT('',(-14.3981818181817,-27.3246984553874,18.0233419299015));
#2234=CARTESIAN_POINT('',(-13.9999999999999,-29.064383934041,15.6288702897766));
#2235=CARTESIAN_POINT('',(-14.4999999999999,-20.4072134314055,25.2941819390362));
#2236=CARTESIAN_POINT('',(-14.3401773160995,-20.5850129436121,25.3560872671838));
#2237=CARTESIAN_POINT('',(-14.171227760372,-20.7481711755712,25.4409911356692));
#2238=CARTESIAN_POINT('',(-13.9999999999999,-20.8941097943528,25.5428302249679));
#2239=CARTESIAN_POINT('',(-14.4999999999999,-20.4072134314055,25.2941819390362));
#2240=CARTESIAN_POINT('',(-14.4999999999999,0.,0.));
#2241=CARTESIAN_POINT('',(-14.4999999999999,-30.3623723156165,11.5920812353903));
#2242=CARTESIAN_POINT('',(-13.9999999999999,-30.7493101388675,11.9783106481567));
#2243=CARTESIAN_POINT('',(-14.171227760372,-30.6073578960373,11.8709847830703));
#2244=CARTESIAN_POINT('',(-14.3401773160995,-30.4761908522081,11.7420488216286));
#2245=CARTESIAN_POINT('',(-14.4999999999999,-30.3623723156165,11.5920812353903));
#2246=CARTESIAN_POINT('',(-14.4999999999999,0.,0.));
#2247=CARTESIAN_POINT('',(-13.9999999999998,5.88255036476638,-32.4714582549966));
#2248=CARTESIAN_POINT('',(-14.3981818181817,8.69742059896249,-31.5568514735666));
#2249=CARTESIAN_POINT('',(-14.3981818181817,11.5122908331586,-30.6422446921366));
#2250=CARTESIAN_POINT('',(-13.9999999999998,14.3271610673547,-29.7276379107066));
#2251=CARTESIAN_POINT('',(-14.4999999999999,1.64223536127561,-32.4584821428572));
#2252=CARTESIAN_POINT('',(-14.3401773160995,1.74969114931888,-32.6130725365108));
#2253=CARTESIAN_POINT('',(-14.171227760372,1.83178368998776,-32.7776632115393));
#2254=CARTESIAN_POINT('',(-13.9999999999999,1.88999099792096,-32.9458333333334));
#2255=CARTESIAN_POINT('',(-14.4999999999999,1.64223536127561,-32.4584821428572));
#2256=CARTESIAN_POINT('',(-14.4999999999999,0.,0.));
#2257=CARTESIAN_POINT('',(-14.4999999999999,17.7500207993345,-27.2247453913383));
#2258=CARTESIAN_POINT('',(-13.9999999999999,17.8360401212854,-27.7646478960548));
#2259=CARTESIAN_POINT('',(-14.171227760372,17.7842829051334,-27.5943820123985));
#2260=CARTESIAN_POINT('',(-14.3401773160995,17.7539531941993,-27.4129725744565));
#2261=CARTESIAN_POINT('',(-14.4999999999999,17.7500207993345,-27.2247453913383));
#2262=CARTESIAN_POINT('',(-14.4999999999999,0.,0.));
#2263=CARTESIAN_POINT('',(-8.5,0.,0.));
#2264=CARTESIAN_POINT('',(-8.5,0.,23.375));
#2265=CARTESIAN_POINT('',(-10.5,0.,0.));
#2266=CARTESIAN_POINT('',(-10.5,0.,23.375));
#2267=CARTESIAN_POINT('',(0.,0.,0.));
#2268=CARTESIAN_POINT('',(-8.5,0.,0.));
#2269=CARTESIAN_POINT('',(-8.5,0.,29.375));
#2270=CARTESIAN_POINT('',(-8.5,23.375,0.));
#2271=CARTESIAN_POINT('',(0.,0.,0.));
#2272=CARTESIAN_POINT('',(0.,0.,29.375));
#2273=CARTESIAN_POINT('',(0.,0.,0.));
#2274=CARTESIAN_POINT('',(9.37164291666019E-16,0.,0.));
#2275=CARTESIAN_POINT('',(9.37164291666019E-16,0.,30.175));
#2276=CARTESIAN_POINT('',(4.6858214583301E-16,29.375,0.));
#2277=CARTESIAN_POINT('',(1.,0.,0.));
#2278=CARTESIAN_POINT('',(1.,0.,30.175));
#2279=CARTESIAN_POINT('',(0.,0.,0.));
#2280=CARTESIAN_POINT('',(0.999999999999998,0.,0.));
#2281=CARTESIAN_POINT('',(0.999999999999998,11.7001777402069,26.9443215881857));
#2282=CARTESIAN_POINT('',(0.999999999999999,4.95090585826282,-28.9547777781595));
#2283=CARTESIAN_POINT('',(0.999999999999999,4.78714350665779,11.0243055273366));
#2284=CARTESIAN_POINT('',(0.999999999999999,11.9259068921416,27.46415291012));
#2285=CARTESIAN_POINT('',(0.999999999999999,11.9259068921416,27.46415291012));
#2286=CARTESIAN_POINT('',(0.999999999999999,11.3319953048254,27.7302446460826));
#2287=CARTESIAN_POINT('',(1.,10.7290558661146,27.9770304125495));
#2288=CARTESIAN_POINT('',(1.,10.119046661704,28.2038002430616));
#2289=CARTESIAN_POINT('',(1.,9.14460416848784,28.5660474967632));
#2290=CARTESIAN_POINT('',(1.,8.14997022480283,28.8779942493211));
#2291=CARTESIAN_POINT('',(1.,7.14319872529645,29.13717062398));
#2292=CARTESIAN_POINT('',(1.,7.14319872529645,29.13717062398));
#2293=CARTESIAN_POINT('',(0.999999999999999,0.,0.));
#2294=CARTESIAN_POINT('',(0.999999999999999,-29.9181737352509,2.21424487068244));
#2295=CARTESIAN_POINT('',(1.,-29.9181737352509,2.21424487068244));
#2296=CARTESIAN_POINT('',(1.,-30.2003831302167,-2.30048587691791));
#2297=CARTESIAN_POINT('',(1.,-29.4390433760816,-6.85843673626378));
#2298=CARTESIAN_POINT('',(0.999999999999999,-26.0566357613936,-15.1200580865571));
#2299=CARTESIAN_POINT('',(1.,-23.4049931656413,-18.8883364450735));
#2300=CARTESIAN_POINT('',(1.,-16.7421149912811,-24.8609273371977));
#2301=CARTESIAN_POINT('',(1.,-12.7242962059402,-27.0867011299821));
#2302=CARTESIAN_POINT('',(0.999999999999999,-4.04959708375659,-29.5464015036965));
#2303=CARTESIAN_POINT('',(0.999999999999999,0.50837165707336,-29.7678897425929));
#2304=CARTESIAN_POINT('',(0.999999999999999,4.95090585826282,-28.9547777781595));
#2305=CARTESIAN_POINT('',(0.999999999999999,30.175,0.));
#2306=CARTESIAN_POINT('',(9.,-13.0188059256392,26.3325144502104));
#2307=CARTESIAN_POINT('',(8.97991217446696,-10.3493575934101,27.6522907986303));
#2308=CARTESIAN_POINT('',(8.96003144480428,-7.51202691506495,28.5527397279841));
#2309=CARTESIAN_POINT('',(8.91964400429961,-1.65206705279034,29.4781303477637));
#2310=CARTESIAN_POINT('',(8.89941292127176,1.36776683408572,29.4896929993972));
#2311=CARTESIAN_POINT('',(8.84005260515386,10.0831264979171,28.2083285976231));
#2312=CARTESIAN_POINT('',(8.79947752889985,15.6734905629832,25.5345507494316));
#2313=CARTESIAN_POINT('',(8.7200089972895,24.3146721558836,17.5062362132789));
#2314=CARTESIAN_POINT('',(8.68010612115927,27.367945014306,12.2203908259741));
#2315=CARTESIAN_POINT('',(8.6198815187811,29.3167656625752,3.50439886386509));
#2316=CARTESIAN_POINT('',(8.60013565941678,29.5183635921676,0.575347771911309));
#2317=CARTESIAN_POINT('',(8.55991981162833,29.0389653471377,-5.32947518858896));
#2318=CARTESIAN_POINT('',(8.54010150396103,28.3558491233869,-8.21809116047838));
#2319=CARTESIAN_POINT('',(8.48031810874062,25.0557383240619,-16.4287220853297));
#2320=CARTESIAN_POINT('',(8.44008902384054,21.1379428998781,-21.2266776332294));
#2321=CARTESIAN_POINT('',(8.36047177104521,11.3512047551498,-27.7224570337879));
#2322=CARTESIAN_POINT('',(8.32030040834911,5.38259820293007,-29.469709132465));
#2323=CARTESIAN_POINT('',(8.24040698095282,-6.37082180251311,-29.2719789103316));
#2324=CARTESIAN_POINT('',(8.20070789651596,-12.2384350202099,-27.3509021068015));
#2325=CARTESIAN_POINT('',(8.12022816527943,-21.8672656020883,-20.485942323639));
#2326=CARTESIAN_POINT('',(8.08109150236189,-25.5682889442743,-15.6323493511749));
#2327=CARTESIAN_POINT('',(8.00028802450115,-29.631581346661,-4.48075135120125));
#2328=CARTESIAN_POINT('',(7.96089885980753,-29.9135895359474,1.65128051778615));
#2329=CARTESIAN_POINT('',(7.88078230183672,-26.9670352422344,13.0509990620507));
#2330=CARTESIAN_POINT('',(7.840823134116,-23.6941607979831,18.3289039899101));
#2331=CARTESIAN_POINT('',(7.78096499461017,-17.0448234702981,24.1035776590195));
#2332=CARTESIAN_POINT('',(7.76077490660947,-14.4939777729329,25.7208613073551));
#2333=CARTESIAN_POINT('',(7.72087278708551,-9.07564905279222,28.0939618485009));
#2334=CARTESIAN_POINT('',(7.70106865267236,-6.23366863007748,28.85982652494));
#2335=CARTESIAN_POINT('',(7.6606834099091,-0.318462372163196,29.523664971625));
#2336=CARTESIAN_POINT('',(7.64070576404415,2.67256355451542,29.4001715531074));
#2337=CARTESIAN_POINT('',(7.60099284303513,8.43923439344556,28.2894327648604));
#2338=CARTESIAN_POINT('',(7.58070406145554,11.2802089514076,27.2812567363412));
#2339=CARTESIAN_POINT('',(7.52105869494622,19.0445103052572,23.1230422877108));
#2340=CARTESIAN_POINT('',(7.48075121094967,23.4016382684457,18.7077659016385));
#2341=CARTESIAN_POINT('',(7.40109065298363,28.806487813538,8.23428433600487));
#2342=CARTESIAN_POINT('',(7.36123923844657,29.8889604574444,2.21153058240832));
#2343=CARTESIAN_POINT('',(7.28098725108456,28.3964158214572,-9.58563473320858));
#2344=CARTESIAN_POINT('',(7.24114710871524,25.8585958356683,-15.1356454256919));
#2345=CARTESIAN_POINT('',(7.16154441234182,18.0017242266162,-23.9518823041858));
#2346=CARTESIAN_POINT('',(7.12105209641946,12.6958093659078,-27.1333506374466));
#2347=CARTESIAN_POINT('',(7.04189188816515,1.28396454053632,-29.9291451152341));
#2348=CARTESIAN_POINT('',(7.00116116012927,-4.9242233419497,-29.549333187066));
#2349=CARTESIAN_POINT('',(6.92196819196536,-15.911246317881,-25.3819484660528));
#2350=CARTESIAN_POINT('',(6.88155806370253,-20.7870994704401,-21.5795763567217));
#2351=CARTESIAN_POINT('',(6.80182671540749,-27.512735708442,-11.8672235155057));
#2352=CARTESIAN_POINT('',(6.76213168271124,-29.3533410265038,-6.04833290294203));
#2353=CARTESIAN_POINT('',(6.68171864493864,-29.396275591605,5.83608958682499));
#2354=CARTESIAN_POINT('',(6.64209051986656,-27.5861706589903,11.687584328211));
#2355=CARTESIAN_POINT('',(6.56211226525455,-20.9462793643787,21.4207800942306));
#2356=CARTESIAN_POINT('',(6.52212425916159,-16.0816444182321,25.2734292736837));
#2357=CARTESIAN_POINT('',(6.44224817971393,-5.13074583117171,29.5134030850775));
#2358=CARTESIAN_POINT('',(6.40217008594998,1.08953731383872,29.9387137811701));
#2359=CARTESIAN_POINT('',(6.32205692375609,12.5368907259604,27.2091904575347));
#2360=CARTESIAN_POINT('',(6.28214820813274,17.8789504803072,24.035518296287));
#2361=CARTESIAN_POINT('',(6.20222086004144,25.7443862635234,15.3163176371781));
#2362=CARTESIAN_POINT('',(6.1623059748996,28.3517984807881,9.68228401316498));
#2363=CARTESIAN_POINT('',(6.0822178834538,29.893029334571,-1.99446684837953));
#2364=CARTESIAN_POINT('',(6.04274737843317,28.8703251251402,-8.04086357100471));
#2365=CARTESIAN_POINT('',(5.96210219889176,23.4802421795697,-18.6233559539511));
#2366=CARTESIAN_POINT('',(5.92271171504294,19.2162452890258,-22.9902901589043));
#2367=CARTESIAN_POINT('',(5.8425898188259,8.83027438269933,-28.6329142583298));
#2368=CARTESIAN_POINT('',(5.80253575431156,2.76858388143982,-29.8288208662632));
#2369=CARTESIAN_POINT('',(5.72300977911267,-8.91977345932199,-28.5982735915049));
#2370=CARTESIAN_POINT('',(5.68252747926884,-14.6326994880113,-26.1395558105351));
#2371=CARTESIAN_POINT('',(5.60318487558945,-23.559341484615,-18.5026944278347));
#2372=CARTESIAN_POINT('',(5.56277947954265,-26.8642192497998,-13.2678276464696));
#2373=CARTESIAN_POINT('',(5.48316867461063,-29.9040609288543,-1.86243558844542));
#2374=CARTESIAN_POINT('',(5.44329476020301,-29.670788540083,4.23530892198686));
#2375=CARTESIAN_POINT('',(5.36310746469768,-25.683920034158,15.4476466147423));
#2376=CARTESIAN_POINT('',(5.32312742929637,-22.0077348009289,20.3298982719464));
#2377=CARTESIAN_POINT('',(5.24368767190599,-12.459450570093,27.2471511594719));
#2378=CARTESIAN_POINT('',(5.2031143130949,-6.58304483416605,29.2239117985712));
#2379=CARTESIAN_POINT('',(5.12392708366151,5.15792355235998,29.508800801241));
#2380=CARTESIAN_POINT('',(5.08327564612053,11.1500441913481,27.8091739081463));
#2381=CARTESIAN_POINT('',(5.00357074275062,21.0199491430023,21.3503015657423));
#2382=CARTESIAN_POINT('',(4.96328530656251,24.9636376708331,16.558705013948));
#2383=CARTESIAN_POINT('',(4.8836554843152,29.4110659517867,5.6888590314088));
#2384=CARTESIAN_POINT('',(4.84363624335855,29.9568073704197,-0.486805543691123));
#2385=CARTESIAN_POINT('',(4.7634878062762,27.4491331834889,-12.0080129472319));
#2386=CARTESIAN_POINT('',(4.72424481720823,24.4512295677124,-17.3330580138899));
#2387=CARTESIAN_POINT('',(4.64324620209879,15.7783253492729,-25.4821894008018));
#2388=CARTESIAN_POINT('',(4.60412114032816,10.2858908051591,-28.1410645306447));
#2389=CARTESIAN_POINT('',(4.52376945445967,-1.3808575922921,-29.9301235360527));
#2390=CARTESIAN_POINT('',(4.48400701862248,-7.50199159397975,-29.0019253866238));
#2391=CARTESIAN_POINT('',(4.40407494390218,-18.0775459556882,-23.8871071129892));
#2392=CARTESIAN_POINT('',(4.36404145421213,-22.620916534875,-19.6397233650766));
#2393=CARTESIAN_POINT('',(4.28417377785555,-28.4355494088818,-9.42571634145455));
#2394=CARTESIAN_POINT('',(4.24432246189762,-29.7708575169757,-3.39357108565619));
#2395=CARTESIAN_POINT('',(4.16412397370009,-28.7668090019043,8.38397172332001));
#2396=CARTESIAN_POINT('',(4.12466476950158,-26.4762104485135,14.0412881996942));
#2397=CARTESIAN_POINT('',(4.04423903421652,-18.9438856800714,23.2223316951859));
#2398=CARTESIAN_POINT('',(4.00443752536661,-13.8146897267147,26.5842739853838));
#2399=CARTESIAN_POINT('',(3.92481251620215,-2.50021824780109,29.8549524248275));
#2400=CARTESIAN_POINT('',(3.88449286492963,3.68716720658043,29.7358640166387));
#2401=CARTESIAN_POINT('',(3.80472628698215,14.8997255735161,25.99644184613));
#2402=CARTESIAN_POINT('',(3.764262260164,19.9207757961081,22.3724621195477));
#2403=CARTESIAN_POINT('',(3.68510451441969,26.9901687981272,12.995966984338));
#2404=CARTESIAN_POINT('',(3.64441580336068,29.0931204599979,7.14785236333119));
#2405=CARTESIAN_POINT('',(3.56514627714859,29.6019242235698,-4.60733477945309));
#2406=CARTESIAN_POINT('',(3.52488173589078,28.0445191070468,-10.5598766285722));
#2407=CARTESIAN_POINT('',(3.44500486842936,21.7573341495315,-20.606417860992));
#2408=CARTESIAN_POINT('',(3.40514717548884,17.1296793258487,-24.5868613985826));
#2409=CARTESIAN_POINT('',(3.32524094426195,6.26882663669913,-29.3025848661603));
#2410=CARTESIAN_POINT('',(3.2851296381384,0.141615908357985,-29.9575038546407));
#2411=CARTESIAN_POINT('',(3.20554823117177,-11.4015529564342,-27.7033695143377));
#2412=CARTESIAN_POINT('',(3.16528230797496,-16.8733390740593,-24.7519815781108));
#2413=CARTESIAN_POINT('',(3.08555461258348,-25.0920924129183,-16.3632839580838));
#2414=CARTESIAN_POINT('',(3.04559566968292,-27.9277516256684,-10.8474942105622));
#2415=CARTESIAN_POINT('',(2.965414332404,-29.9506574340892,0.76521943195344));
#2416=CARTESIAN_POINT('',(2.9261687536599,-29.1816586248972,6.8330893314783));
#2417=CARTESIAN_POINT('',(2.84519399631943,-24.2256602187384,17.6458974517658));
#2418=CARTESIAN_POINT('',(2.8060435908075,-20.1386392482319,22.1819608665694));
#2419=CARTESIAN_POINT('',(2.72583620757332,-10.0269096442575,28.2323442463133));
#2420=CARTESIAN_POINT('',(2.68600809498936,-4.00321992105186,29.6873132873672));
#2421=CARTESIAN_POINT('',(2.62610946268085,4.78607040285284,29.1307755447497));
#2422=CARTESIAN_POINT('',(2.60601559592973,7.72266386543426,28.4967491935197));
#2423=CARTESIAN_POINT('',(2.56599232827682,13.2682910508007,26.3753048203824));
#2424=CARTESIAN_POINT('',(2.54603304338936,15.8480674797014,24.9081165546381));
#2425=CARTESIAN_POINT('',(2.48599590648074,22.7962436781992,19.4412307153271));
#2426=CARTESIAN_POINT('',(2.4459203662992,26.3069199563347,14.3288734012009));
#2427=CARTESIAN_POINT('',(2.36630579533892,29.7937985446165,3.11451742962764));
#2428=CARTESIAN_POINT('',(2.3259805203234,29.7967144453767,-3.10260615349591));
#2429=CARTESIAN_POINT('',(2.24640718534212,26.3062340182992,-14.3336111450503));
#2430=CARTESIAN_POINT('',(2.20632371649356,22.8231141682038,-19.4175451506377));
#2431=CARTESIAN_POINT('',(2.1263513051924,13.5207144904217,-26.7418376272166));
#2432=CARTESIAN_POINT('',(2.08655623421597,7.82163594663929,-28.9280551320806));
#2433=CARTESIAN_POINT('',(2.00661468645067,-4.0057182351836,-29.6978885449247));
#2434=CARTESIAN_POINT('',(1.96639397656366,-9.98417790695002,-28.2457007857353));
#2435=CARTESIAN_POINT('',(1.88710033407401,-20.0919201533861,-22.2220198430493));
#2436=CARTESIAN_POINT('',(1.84640266114187,-24.2427628148,-17.5969477460438));
#2437=CARTESIAN_POINT('',(1.76728818341448,-29.1443661930787,-6.92604057708095));
#2438=CARTESIAN_POINT('',(1.7266651397046,-29.9497598788964,-0.771697084942993));
#2439=CARTESIAN_POINT('',(1.64723430967795,-27.9320594246034,10.8343753624694));
#2440=CARTESIAN_POINT('',(1.60726307829902,-25.151768816743,16.2961479936875));
#2441=CARTESIAN_POINT('',(1.52700738901924,-16.84375352534,24.788381980691));
#2442=CARTESIAN_POINT('',(1.487402199516,-11.4696097233189,27.6811740253585));
#2443=CARTESIAN_POINT('',(1.40732903805232,0.124697332950101,29.9630404532416));
#2444=CARTESIAN_POINT('',(1.36767864612007,6.23723958586456,29.3165226169021));
#2445=CARTESIAN_POINT('',(1.32719948239245,11.7001777402069,26.9443215881857));
#2446=CARTESIAN_POINT('',(9.00000000000002,-13.0188059256255,26.332514450217));
#2447=CARTESIAN_POINT('',(1.32719948239245,11.7001777402069,26.9443215881857));
#2448=CARTESIAN_POINT('',(0.,11.7001777402069,26.9443215881857));
#2449=CARTESIAN_POINT('',(0.999999999999997,4.95090585823421,-28.9547777781647));
#2450=CARTESIAN_POINT('',(1.04185702769645,11.0713036826128,-27.9082660875694));
#2451=CARTESIAN_POINT('',(1.08329352529508,16.7425644875773,-24.9126307152569));
#2452=CARTESIAN_POINT('',(1.1671083544588,25.3503295920913,-16.0721319166994));
#2453=CARTESIAN_POINT('',(1.20840210691368,28.1900689194382,-10.2913003115004));
#2454=CARTESIAN_POINT('',(1.29197962639254,29.9520413120123,1.86173817376958));
#2455=CARTESIAN_POINT('',(1.33368687665454,28.8485044878771,8.25595690463183));
#2456=CARTESIAN_POINT('',(1.3959603756062,24.5716434482562,16.386017389876));
#2457=CARTESIAN_POINT('',(1.41685119889361,22.691006243911,18.9044052673361));
#2458=CARTESIAN_POINT('',(1.45842964580468,18.3065211957151,23.1760562776268));
#2459=CARTESIAN_POINT('',(1.47948866972701,15.7473862923251,24.989562522846));
#2460=CARTESIAN_POINT('',(1.54207532419683,7.42168519104393,29.0874604325782));
#2461=CARTESIAN_POINT('',(1.58390184962751,1.05630306543443,29.9908716356816));
#2462=CARTESIAN_POINT('',(1.66666846052021,-11.0414911137645,27.9043658164567));
#2463=CARTESIAN_POINT('',(1.7086663154554,-16.7824668538314,24.8744241526777));
#2464=CARTESIAN_POINT('',(1.79186181060285,-25.3233902382182,16.0970207637992));
#2465=CARTESIAN_POINT('',(1.83363694787083,-28.1983728461776,10.2578067919821));
#2466=CARTESIAN_POINT('',(1.91696794552392,-29.9484330308833,-1.86069619991566));
#2467=CARTESIAN_POINT('',(1.95874197239424,-28.8481448718381,-8.2643950831119));
#2468=CARTESIAN_POINT('',(2.04189783995212,-23.1302522934227,-19.1182404388829));
#2469=CARTESIAN_POINT('',(2.08372834474449,-18.5077677528413,-23.6281410620468));
#2470=CARTESIAN_POINT('',(2.1460425417427,-10.2202555045348,-27.7113871085931));
#2471=CARTESIAN_POINT('',(2.1667088768171,-7.26588244267798,-28.6292407243385));
#2472=CARTESIAN_POINT('',(2.20874217914379,-1.15359929294067,-29.5143300922495));
#2473=CARTESIAN_POINT('',(2.22917002838886,1.90549190304239,-29.4770361943832));
#2474=CARTESIAN_POINT('',(2.27102290653811,8.0245293167596,-28.4276888163988));
#2475=CARTESIAN_POINT('',(2.29160235432767,10.9204233570582,-27.4440355411642));
#2476=CARTESIAN_POINT('',(2.33348300226583,16.3898226883705,-24.5724326293887));
#2477=CARTESIAN_POINT('',(2.35402661241182,18.8685075097736,-22.723498503978));
#2478=CARTESIAN_POINT('',(2.41678042562737,25.3232716197799,-16.1112345615581));
#2479=CARTESIAN_POINT('',(2.45819129733058,28.1781874593489,-10.3205221034574));
#2480=CARTESIAN_POINT('',(2.54169873805109,29.9535131891248,1.81947042050417));
#2481=CARTESIAN_POINT('',(2.58345408155153,28.8574943302436,8.22302258244508));
#2482=CARTESIAN_POINT('',(2.64571786952506,24.5917673819981,16.355617250124));
#2483=CARTESIAN_POINT('',(2.66661744664506,22.7135518179258,18.8772941737698));
#2484=CARTESIAN_POINT('',(2.70818563344266,18.3343322571022,23.1540478576604));
#2485=CARTESIAN_POINT('',(2.72923065641873,15.7796419502124,24.9692935943196));
#2486=CARTESIAN_POINT('',(2.79183868515631,7.4572615616185,29.0786565320089));
#2487=CARTESIAN_POINT('',(2.83366126992965,1.09341960452891,29.9894517660606));
#2488=CARTESIAN_POINT('',(2.91641316083689,-11.0061144429078,27.918241859581));
#2489=CARTESIAN_POINT('',(2.95842708814042,-16.7514806889344,24.8952621239407));
#2490=CARTESIAN_POINT('',(3.04160232788699,-25.3031400148669,16.1287720201974));
#2491=CARTESIAN_POINT('',(3.08338389766704,-28.1855175227907,10.2931421738037));
#2492=CARTESIAN_POINT('',(3.16672136895316,-29.9507504652449,-1.82338158549276));
#2493=CARTESIAN_POINT('',(3.20848307618474,-28.858642893975,-8.22794801831748));
#2494=CARTESIAN_POINT('',(3.29165834829971,-23.1539803541276,-19.0896200076057));
#2495=CARTESIAN_POINT('',(3.33347026959175,-18.5380122975093,-23.60459317007));
#2496=CARTESIAN_POINT('',(3.39579846642221,-10.2547373632783,-27.6986824601273));
#2497=CARTESIAN_POINT('',(3.41645327547611,-7.30230908638468,-28.6200166397681));
#2498=CARTESIAN_POINT('',(3.45849475274614,-1.19031170317324,-29.5129162995287));
#2499=CARTESIAN_POINT('',(3.47891977935947,1.86793272651955,-29.479476346229));
#2500=CARTESIAN_POINT('',(3.52077311054092,7.98896854757127,-28.4377404141854));
#2501=CARTESIAN_POINT('',(3.54135112449438,10.8862691050828,-27.45755561012));
#2502=CARTESIAN_POINT('',(3.58323338154628,16.3585524172859,-24.5932099962982));
#2503=CARTESIAN_POINT('',(3.60378339264095,18.8402065638161,-22.7469246313781));
#2504=CARTESIAN_POINT('',(3.6665160032925,25.3025824399477,-16.1434600095848));
#2505=CARTESIAN_POINT('',(3.7079416228877,28.1653102910134,-10.3553907175624));
#2506=CARTESIAN_POINT('',(3.79144820285056,29.9557109532188,1.78162902694431));
#2507=CARTESIAN_POINT('',(3.83319902620469,28.867692003041,8.18706870452251));
#2508=CARTESIAN_POINT('',(3.89547221640764,24.6122027629689,16.3248392884359));
#2509=CARTESIAN_POINT('',(3.9163731212745,22.7371176912813,18.8489049549831));
#2510=CARTESIAN_POINT('',(3.95793174859622,18.3632270169593,23.131139886153));
#2511=CARTESIAN_POINT('',(3.97897961162265,15.8109410735925,24.9494686470931));
#2512=CARTESIAN_POINT('',(4.04159227378139,7.49412341059314,29.0691178560064));
#2513=CARTESIAN_POINT('',(4.083420412719,1.13051907789773,29.9879877881425));
#2514=CARTESIAN_POINT('',(4.1661584688284,-10.9707460804204,27.9320642883088));
#2515=CARTESIAN_POINT('',(4.20818847996754,-16.7204811083283,24.9160545512772));
#2516=CARTESIAN_POINT('',(4.2913426009557,-25.2828646953629,16.1604769636345));
#2517=CARTESIAN_POINT('',(4.33313117965032,-28.1726235107042,10.3284494674382));
#2518=CARTESIAN_POINT('',(4.41647467933843,-29.9530211040225,-1.78608807713749));
#2519=CARTESIAN_POINT('',(4.45822425944248,-28.8690926377238,-8.19149952807746));
#2520=CARTESIAN_POINT('',(4.54141892241513,-23.1776594997585,-19.0609882838542));
#2521=CARTESIAN_POINT('',(4.58321205454647,-18.5682190249563,-23.5810141689697));
#2522=CARTESIAN_POINT('',(4.64555457634856,-10.2891861654906,-27.6859416229763));
#2523=CARTESIAN_POINT('',(4.66619787832653,-7.33871199968764,-28.6107495818686));
#2524=CARTESIAN_POINT('',(4.70824729897279,-1.22700467667279,-29.5114578591803));
#2525=CARTESIAN_POINT('',(4.72867529112478,1.83123976117229,-29.4817239993108));
#2526=CARTESIAN_POINT('',(4.77051787519243,7.95256591743067,-28.447885411105));
#2527=CARTESIAN_POINT('',(4.79110000998505,10.8521161884063,-27.4710263886792));
#2528=CARTESIAN_POINT('',(4.83298386239172,16.3272772099746,-24.6139337677427));
#2529=CARTESIAN_POINT('',(4.85354060032958,18.81189113153,-22.7703038535131));
#2530=CARTESIAN_POINT('',(4.91625134271773,25.281868211673,-16.1756362110117));
#2531=CARTESIAN_POINT('',(4.95769230786791,28.1523963155498,-10.3902293708346));
#2532=CARTESIAN_POINT('',(5.04119755962651,29.9578605310275,1.74381108203874));
#2533=CARTESIAN_POINT('',(5.08294407650506,28.8778420612622,8.15111615941528));
#2534=CARTESIAN_POINT('',(5.16598749590373,23.2175031142319,19.0083667341547));
#2535=CARTESIAN_POINT('',(5.20813810536673,18.5727868098426,23.5677828839665));
#2536=CARTESIAN_POINT('',(5.29077580942431,7.60903648675122,29.0257017777854));
#2537=CARTESIAN_POINT('',(5.33328966569099,1.15142360617057,29.9838767361954));
#2538=CARTESIAN_POINT('',(5.41580194490422,-10.9203718248335,27.9482400100541));
#2539=CARTESIAN_POINT('',(5.4579253361209,-16.6871837478321,24.9396524706137));
#2540=CARTESIAN_POINT('',(5.54113152354165,-25.2672962688582,16.1867880090721));
#2541=CARTESIAN_POINT('',(5.5826848284564,-28.1551379562378,10.3918485178937));
#2542=CARTESIAN_POINT('',(5.66639711682503,-29.9592651280609,-1.7733420257193));
#2543=CARTESIAN_POINT('',(5.70756582311439,-28.9047354361787,-8.10206530171238));
#2544=CARTESIAN_POINT('',(5.7914412698455,-23.1854611671578,-19.0672909259526));
#2545=CARTESIAN_POINT('',(5.83262021655673,-18.6402203764135,-23.5315624639093));
#2546=CARTESIAN_POINT('',(5.9161418229265,-7.5617502786876,-29.0518877251874));
#2547=CARTESIAN_POINT('',(5.95766924346229,-1.2424416341467,-29.9981345137749));
#2548=CARTESIAN_POINT('',(6.04135381717122,11.0013605830092,-27.9356725504042));
#2549=CARTESIAN_POINT('',(6.08254880292253,16.64496836775,-24.9770448997731));
#2550=CARTESIAN_POINT('',(6.16625159575786,25.2830553726067,-16.176367172959));
#2551=CARTESIAN_POINT('',(6.20761239155865,28.1490878086207,-10.4015540590957));
#2552=CARTESIAN_POINT('',(6.29117291582221,29.9589063706888,1.73994263527055));
#2553=CARTESIAN_POINT('',(6.33287755596391,28.8807395850237,8.14182607836928));
#2554=CARTESIAN_POINT('',(6.39517575120313,24.6368732052986,16.2876965877049));
#2555=CARTESIAN_POINT('',(6.41607388135965,22.7659707228914,18.8140453216465));
#2556=CARTESIAN_POINT('',(6.45761990053953,18.3986500814019,23.1029738237882));
#2557=CARTESIAN_POINT('',(6.47866556602868,15.8506228075347,24.9255546585959));
#2558=CARTESIAN_POINT('',(6.52055100650212,10.2910369483969,27.6879048855655));
#2559=CARTESIAN_POINT('',(6.54104151180297,7.36129148899051,28.6066088803428));
#2560=CARTESIAN_POINT('',(6.58330017018613,1.21946743597595,29.5133797317655));
#2561=CARTESIAN_POINT('',(6.60420911561566,-1.91046057510474,29.4731254678596));
#2562=CARTESIAN_POINT('',(6.66629052073622,-10.9892070882344,27.9253538990071));
#2563=CARTESIAN_POINT('',(6.70835153572175,-16.7413336211316,24.9016141246784));
#2564=CARTESIAN_POINT('',(6.7914937551985,-25.2943510056677,16.1418228410081));
#2565=CARTESIAN_POINT('',(6.83322508642084,-28.179210006382,10.3156679969723));
#2566=CARTESIAN_POINT('',(6.91668513066211,-29.9529196212288,-1.81755026663586));
#2567=CARTESIAN_POINT('',(6.95822639324293,-28.8727604464998,-8.19316218762614));
#2568=CARTESIAN_POINT('',(7.04167744009245,-23.1561483228995,-19.0933757434769));
#2569=CARTESIAN_POINT('',(7.08310013563499,-18.5846098114308,-23.5760977016721));
#2570=CARTESIAN_POINT('',(7.16663167568092,-7.4886342134279,-29.071299632101));
#2571=CARTESIAN_POINT('',(7.20800590877668,-1.19064566576565,-30.0003000547013));
#2572=CARTESIAN_POINT('',(7.29170495661365,11.0501758346506,-27.9164692340708));
#2573=CARTESIAN_POINT('',(7.33281646746454,16.6848727395711,-24.9570333945495));
#2574=CARTESIAN_POINT('',(7.4169205748741,25.3396743023611,-16.0978073178492));
#2575=CARTESIAN_POINT('',(7.45793382675158,28.1691906317631,-10.3572837203146));
#2576=CARTESIAN_POINT('',(7.54172377215684,29.9575587760096,1.82244316609194));
#2577=CARTESIAN_POINT('',(7.58324839176256,28.8675386589111,8.1946876119201));
#2578=CARTESIAN_POINT('',(7.64561317005801,24.6009541119419,16.3426726349242));
#2579=CARTESIAN_POINT('',(7.66646372899197,22.72849308296,18.8596113648167));
#2580=CARTESIAN_POINT('',(7.70805225628445,18.3496278797022,23.1421800038488));
#2581=CARTESIAN_POINT('',(7.72912197685492,15.7937906804588,24.9616768706495));
#2582=CARTESIAN_POINT('',(7.7710059235525,10.2268230156532,27.7117525115135));
#2583=CARTESIAN_POINT('',(7.79144221331629,7.30397713935891,28.620094525955));
#2584=CARTESIAN_POINT('',(7.83354697025619,1.18266041962224,29.5137121870282));
#2585=CARTESIAN_POINT('',(7.85454987775294,-1.96136387958169,29.468807852182));
#2586=CARTESIAN_POINT('',(7.91644906386902,-11.0102296259209,27.9129594735545));
#2587=CARTESIAN_POINT('',(7.95855080039445,-16.7682203896755,24.8849679068884));
#2588=CARTESIAN_POINT('',(8.0417914341004,-25.3185475858562,16.1060855239977));
#2589=CARTESIAN_POINT('',(8.08335221377389,-28.1889204162154,10.2985364989666));
#2590=CARTESIAN_POINT('',(8.16702312173823,-29.9530549302282,-1.8680440570295));
#2591=CARTESIAN_POINT('',(8.20825556180619,-28.8766377849311,-8.19910589142603));
#2592=CARTESIAN_POINT('',(8.29204843876257,-23.1248303706786,-19.1396908937493));
#2593=CARTESIAN_POINT('',(8.33325558884778,-18.5666237940582,-23.5906226520629));
#2594=CARTESIAN_POINT('',(8.41679902366539,-7.46373036774641,-29.0779938307252));
#2595=CARTESIAN_POINT('',(8.45842378402305,-1.12908628938107,-29.9916787674269));
#2596=CARTESIAN_POINT('',(8.54140503666673,11.0058665558973,-27.9221512869474));
#2597=CARTESIAN_POINT('',(8.58323352795308,16.7278728556053,-24.9131570089349));
#2598=CARTESIAN_POINT('',(8.66650985215592,25.2973263734836,-16.1410161011813));
#2599=CARTESIAN_POINT('',(8.70823810652088,28.177934400678,-10.3134795954893));
#2600=CARTESIAN_POINT('',(8.79156904755126,29.952002992464,1.80037918087043));
#2601=CARTESIAN_POINT('',(8.83340352207601,28.8599869451015,8.216066224627));
#2602=CARTESIAN_POINT('',(8.91645646364862,23.1719251611689,19.0647442942221));
#2603=CARTESIAN_POINT('',(8.95811455448114,18.5849152340449,23.580627729173));
#2604=CARTESIAN_POINT('',(8.99999999999999,13.0188059256445,26.3325144502078));
#2605=CARTESIAN_POINT('',(9.,13.0188059256441,26.332514450208));
#2606=CARTESIAN_POINT('',(9.,0.,0.));
#2607=CARTESIAN_POINT('',(0.,0.,0.));
#2608=CARTESIAN_POINT('',(9.00000000000004,0.,0.));
#2609=CARTESIAN_POINT('',(9.00000000000004,0.,31.245));
#2610=CARTESIAN_POINT('',(9.00000000000002,0.,0.));
#2611=CARTESIAN_POINT('',(8.99999999999991,22.9023192626595,-19.377403654546));
#2612=CARTESIAN_POINT('',(9.00000000000022,-22.90231926265,-19.3774036545573));
#2613=CARTESIAN_POINT('',(9.00000000000001,-22.9023192626503,-19.3774036545575));
#2614=CARTESIAN_POINT('',(9.00000000000001,-25.7839586006142,-15.8909725482254));
#2615=CARTESIAN_POINT('',(9.00000000000002,-27.8471971470951,-11.7566259499432));
#2616=CARTESIAN_POINT('',(9.00000000000002,-29.9673553424797,-3.08559043839719));
#2617=CARTESIAN_POINT('',(9.00000000000002,-30.0372488262831,1.52108424831927));
#2618=CARTESIAN_POINT('',(9.00000000000002,-28.1590670207186,10.2686759426714));
#2619=CARTESIAN_POINT('',(9.00000000000002,-26.2174694920662,14.431106456446));
#2620=CARTESIAN_POINT('',(9.00000000000002,-20.6464414708425,21.5197371362301));
#2621=CARTESIAN_POINT('',(9.00000000000002,-17.0900073939675,24.3785649593586));
#2622=CARTESIAN_POINT('',(9.00000000000001,-13.0188059256255,26.332514450217));
#2623=CARTESIAN_POINT('',(9.00000000000002,13.0188059256441,26.3325144502081));
#2624=CARTESIAN_POINT('',(9.00000000000002,17.0960789797253,24.3756509370468));
#2625=CARTESIAN_POINT('',(9.00000000000002,20.6876127695969,21.4714365421575));
#2626=CARTESIAN_POINT('',(9.00000000000002,26.1970066770815,14.4530419904652));
#2627=CARTESIAN_POINT('',(9.00000000000002,28.1541377487783,10.2859879030502));
#2628=CARTESIAN_POINT('',(9.00000000000001,30.0388935029837,1.51906038328508));
#2629=CARTESIAN_POINT('',(9.00000000000001,29.9720378065727,-3.08163735088531));
#2630=CARTESIAN_POINT('',(9.00000000000002,27.8310666872326,-11.8073175039228));
#2631=CARTESIAN_POINT('',(9.00000000000002,25.7819405888329,-15.8934140956268));
#2632=CARTESIAN_POINT('',(9.00000000000002,22.9023192626597,-19.3774036545461));
#2633=CARTESIAN_POINT('',(9.00000000000002,29.375,0.));
#2634=CARTESIAN_POINT('',(13.7,0.,0.));
#2635=CARTESIAN_POINT('',(13.7,0.,31.245));
#2636=CARTESIAN_POINT('',(0.,0.,0.));
#2637=CARTESIAN_POINT('',(14.,0.,0.));
#2638=CARTESIAN_POINT('',(14.,0.,31.545));
#2639=CARTESIAN_POINT('',(14.,0.,0.));
#2640=CARTESIAN_POINT('',(14.,0.,32.245));
#2641=CARTESIAN_POINT('',(14.,31.245,0.));
#2642=CARTESIAN_POINT('',(11.8516260162601,23.8453274980803,-22.8122852101515));
#2643=CARTESIAN_POINT('',(12.3976818094663,24.683750914172,-21.6582943785432));
#2644=CARTESIAN_POINT('',(12.7053885033021,25.5602444882746,-20.4519044697393));
#2645=CARTESIAN_POINT('',(12.7051805488115,27.3503893714862,-17.9879814174629));
#2646=CARTESIAN_POINT('',(12.397927189531,28.2255837571956,-16.7833796880746));
#2647=CARTESIAN_POINT('',(11.8516260162601,29.0643839340409,-15.6288702897767));
#2648=CARTESIAN_POINT('',(11.8516260162601,32.7,-4.43959457608488));
#2649=CARTESIAN_POINT('',(12.3925090884076,32.7,-3.02669568425935));
#2650=CARTESIAN_POINT('',(12.705827439931,32.7,-1.50521941305586));
#2651=CARTESIAN_POINT('',(12.7047401749894,32.7,1.51349745879034));
#2652=CARTESIAN_POINT('',(12.3935336464621,32.7,3.02401932588504));
#2653=CARTESIAN_POINT('',(11.8516260162603,32.7,4.43959457608458));
#2654=CARTESIAN_POINT('',(11.8516260162601,32.7,4.4395945760845));
#2655=CARTESIAN_POINT('',(11.8516260162601,0.,0.));
#2656=CARTESIAN_POINT('',(11.8516260162601,29.0643839340411,15.6288702897763));
#2657=CARTESIAN_POINT('',(11.8516260162601,29.0643839340411,15.6288702897763));
#2658=CARTESIAN_POINT('',(12.3976818094674,28.2259605179476,16.7828611213872));
#2659=CARTESIAN_POINT('',(12.7053885033034,27.3494669438429,17.989251030194));
#2660=CARTESIAN_POINT('',(12.7051805488102,25.5593220606277,20.4531740824754));
#2661=CARTESIAN_POINT('',(12.3979271895271,24.6841276749164,21.6577758118663));
#2662=CARTESIAN_POINT('',(11.851626016253,23.8453274980698,22.8122852101661));
#2663=CARTESIAN_POINT('',(11.8516260162601,14.3271610673548,29.7276379107065));
#2664=CARTESIAN_POINT('',(12.3976818094673,12.9705634831522,30.1684231856759));
#2665=CARTESIAN_POINT('',(12.7053885033032,11.5523670893304,30.6292231271551));
#2666=CARTESIAN_POINT('',(12.7051805488104,8.6558518235023,31.5703579874619));
#2667=CARTESIAN_POINT('',(12.3979271895276,7.23975756065879,32.0304749051822));
#2668=CARTESIAN_POINT('',(11.851626016254,5.88255036475176,32.4714582550015));
#2669=CARTESIAN_POINT('',(11.8516260162601,-5.88255036476667,32.4714582549966));
#2670=CARTESIAN_POINT('',(12.3976818094662,-7.23914794896681,32.030672980028));
#2671=CARTESIAN_POINT('',(12.7053885033021,-8.65734434278558,31.5698730385498));
#2672=CARTESIAN_POINT('',(12.7051805488115,-11.5538596086086,30.6287381782446));
#2673=CARTESIAN_POINT('',(12.397927189531,-12.9699538714495,30.1686212605252));
#2674=CARTESIAN_POINT('',(11.8516260162601,-14.3271610673546,29.7276379107066));
#2675=CARTESIAN_POINT('',(11.8516260162601,-23.8453274980805,22.8122852101513));
#2676=CARTESIAN_POINT('',(12.3976818094663,-24.6837509141722,21.658294378543));
#2677=CARTESIAN_POINT('',(12.7053885033021,-25.5602444882747,20.4519044697392));
#2678=CARTESIAN_POINT('',(12.7051805488115,-27.3503893714862,17.9879814174628));
#2679=CARTESIAN_POINT('',(12.397927189531,-28.2255837571956,16.7833796880746));
#2680=CARTESIAN_POINT('',(11.8516260162601,-29.0643839340409,15.6288702897767));
#2681=CARTESIAN_POINT('',(11.8516260162601,-32.7,4.43959457608478));
#2682=CARTESIAN_POINT('',(12.3969841622266,-32.7,3.01500586225285));
#2683=CARTESIAN_POINT('',(12.7057929160868,-32.7,1.51389992602051));
#2684=CARTESIAN_POINT('',(12.7047748970944,-32.7,-1.52160788410232));
#2685=CARTESIAN_POINT('',(12.3905767732504,-32.7,-3.03174329266986));
#2686=CARTESIAN_POINT('',(11.8516260162602,-32.7,-4.43959457608439));
#2687=CARTESIAN_POINT('',(11.8516260162601,-29.0643839340411,-15.6288702897764));
#2688=CARTESIAN_POINT('',(12.3976818094675,-28.2259605179475,-16.7828611213873));
#2689=CARTESIAN_POINT('',(12.7053885033035,-27.3494669438426,-17.9892510301944));
#2690=CARTESIAN_POINT('',(12.7051805488101,-25.5593220606271,-20.4531740824762));
#2691=CARTESIAN_POINT('',(12.3979271895268,-24.6841276749157,-21.6577758118673));
#2692=CARTESIAN_POINT('',(11.8516260162525,-23.845327498069,-22.8122852101672));
#2693=CARTESIAN_POINT('',(11.8516260162601,-14.3271610673549,-29.7276379107064));
#2694=CARTESIAN_POINT('',(12.3976818094663,-12.9705634831548,-30.168423185675));
#2695=CARTESIAN_POINT('',(12.7053885033021,-11.5523670893361,-30.6292231271532));
#2696=CARTESIAN_POINT('',(12.7051805488115,-8.65585182351303,-31.5703579874584));
#2697=CARTESIAN_POINT('',(12.397927189531,-7.23975756067212,-32.0304749051779));
#2698=CARTESIAN_POINT('',(11.8516260162601,-5.88255036476705,-32.4714582549965));
#2699=CARTESIAN_POINT('',(11.8516260162601,5.88255036476659,-32.4714582549966));
#2700=CARTESIAN_POINT('',(12.3976818094678,7.23914794897054,-32.0306729800268));
#2701=CARTESIAN_POINT('',(12.7053885033038,8.65734434279388,-31.5698730385471));
#2702=CARTESIAN_POINT('',(12.7051805488098,11.5538596086245,-30.6287381782394));
#2703=CARTESIAN_POINT('',(12.3979271895259,12.9699538714694,-30.1686212605187));
#2704=CARTESIAN_POINT('',(11.8516260162509,14.3271610673774,-29.7276379106992));
#2705=CARTESIAN_POINT('',(14.,0.,0.));
#2706=CARTESIAN_POINT('',(0.,29.0643839340411,15.6288702897763));
#2707=CARTESIAN_POINT('',(0.,32.7,4.43959457608465));
#2708=CARTESIAN_POINT('',(-6.99999999999999,31.917388814014,8.38333413953267));
#2709=CARTESIAN_POINT('',(1.5921215971661,31.917388814014,8.38333413953267));
#2710=CARTESIAN_POINT('',(1.5921215971661,31.917388814014,8.38333413953267));
#2711=CARTESIAN_POINT('',(1.80700203751745,31.917388814014,8.38333413953267));
#2712=CARTESIAN_POINT('',(2.02484601581349,31.9080443470461,8.41913006987133));
#2713=CARTESIAN_POINT('',(2.22764743882437,31.8897752001316,8.48776988879132));
#2714=CARTESIAN_POINT('',(2.43047583971251,31.8715036229442,8.556418838597));
#2715=CARTESIAN_POINT('',(2.62387236529316,31.8437637236366,8.65983680808108));
#2716=CARTESIAN_POINT('',(2.7915752563251,31.807968708016,8.78937578385836));
#2717=CARTESIAN_POINT('',(2.95865717940016,31.7723062336866,8.91843510449893));
#2718=CARTESIAN_POINT('',(3.10487968034601,31.7275992808194,9.07703486668222));
#2719=CARTESIAN_POINT('',(3.21769100124797,31.6765791889884,9.2517204283176));
#2720=CARTESIAN_POINT('',(3.32951655130802,31.6260049222614,9.42487954799851));
#2721=CARTESIAN_POINT('',(3.41161728291366,31.5677697822229,9.61867503772857));
#2722=CARTESIAN_POINT('',(3.45687527647829,31.5060852916871,9.81664859271941));
#2723=CARTESIAN_POINT('',(3.50173676846254,31.4449412139282,10.0128877175854));
#2724=CARTESIAN_POINT('',(3.51164265565506,31.3786936142608,10.2186680609922));
#2725=CARTESIAN_POINT('',(3.48573768615939,31.3127895511209,10.4167754380716));
#2726=CARTESIAN_POINT('',(3.45994710777724,31.2471765070139,10.6140080129837));
#2727=CARTESIAN_POINT('',(3.39797171516546,31.1801128954712,10.8090610668678));
#2728=CARTESIAN_POINT('',(3.30507611519364,31.1176165113816,10.9860794940959));
#2729=CARTESIAN_POINT('',(3.21196769611847,31.0549769512489,11.1635034615539));
#2730=CARTESIAN_POINT('',(3.08528138950669,30.9952486761017,11.3276748837587));
#2731=CARTESIAN_POINT('',(2.93557036485426,30.944115525167,11.4656754866481));
#2732=CARTESIAN_POINT('',(2.78470753197558,30.8925889791298,11.6047378031287));
#2733=CARTESIAN_POINT('',(2.60637164082599,30.8484254338821,11.7210435021208));
#2734=CARTESIAN_POINT('',(2.41521626222941,30.816005277768,11.8056689230462));
#2735=CARTESIAN_POINT('',(2.2223052885062,30.7832873708477,11.8910715545196));
#2736=CARTESIAN_POINT('',(2.01107023535232,30.7616664356589,11.9465645281473));
#2737=CARTESIAN_POINT('',(1.7988138084754,30.7533494339006,11.9679362714047));
#2738=CARTESIAN_POINT('',(1.73021576298596,30.7506615055616,11.9748432934334));
#2739=CARTESIAN_POINT('',(1.66111887071391,30.7493101388675,11.9783106481565));
#2740=CARTESIAN_POINT('',(1.5921215971661,30.7493101388675,11.9783106481565));
#2741=CARTESIAN_POINT('',(1.5921215971661,30.7493101388675,11.9783106481565));
#2742=CARTESIAN_POINT('',(-6.99999999999999,30.7493101388675,11.9783106481565));
#2743=CARTESIAN_POINT('',(0.,0.,0.));
#2744=CARTESIAN_POINT('',(-14.4999999999999,-19.7495844770272,-27.1829710109981));
#2745=CARTESIAN_POINT('',(-14.4999999999999,-31.9554989475172,-10.3829710109981));
#2746=CARTESIAN_POINT('',(-14.4999999999999,-31.9554989475171,10.3829710109984));
#2747=CARTESIAN_POINT('',(-14.4999999999999,-19.749584477027,27.1829710109983));
#2748=CARTESIAN_POINT('',(-14.4999999999999,0.,33.6));
#2749=CARTESIAN_POINT('',(-14.4999999999999,19.7495844770272,27.1829710109982));
#2750=CARTESIAN_POINT('',(-14.4999999999999,31.9554989475172,10.3829710109982));
#2751=CARTESIAN_POINT('',(-14.4999999999999,31.9554989475172,-10.3829710109983));
#2752=CARTESIAN_POINT('',(-14.4999999999999,30.3623723156165,-11.5920812353901));
#2753=CARTESIAN_POINT('',(-14.4999999999999,0.,0.));
#2754=CARTESIAN_POINT('',(-14.4999999999999,20.4072134314055,-25.2941819390362));
#2755=CARTESIAN_POINT('',(-14.4999999999999,19.7495844770271,-27.1829710109982));
#2756=CARTESIAN_POINT('',(-14.4999999999999,0.,-33.6));
#2757=CARTESIAN_POINT('',(-14.4999999999999,0.,0.));
#2758=CARTESIAN_POINT('',(-14.4999999999999,0.,30.));
#2759=CARTESIAN_POINT('',(-14.4999999999999,33.,0.));
#2760=CARTESIAN_POINT('',(-12.5,0.,0.));
#2761=CARTESIAN_POINT('',(-12.5,0.,29.));
#2762=CARTESIAN_POINT('',(-14.4999999999999,0.,0.));
#2763=CARTESIAN_POINT('',(-12.5,29.,0.));
#2764=CARTESIAN_POINT('',(-10.5,2.1316282072803E-14,0.));
#2765=CARTESIAN_POINT('',(0.847491942085741,12.0311195114419,27.7064468916738));
#2766=CARTESIAN_POINT('',(1.33297959981157,11.696190139146,26.9351385477452));
#2767=CARTESIAN_POINT('',(0.793499309390965,11.696190139146,26.9351385477452));
#2768=CARTESIAN_POINT('',(9.00000000000023,-22.90231926265,-19.3774036545573));
#2769=CARTESIAN_POINT('',(8.95831877758425,-26.9536250302134,-14.5891306860303));
#2770=CARTESIAN_POINT('',(8.91669373674405,-29.4515183840888,-8.50468967642048));
#2771=CARTESIAN_POINT('',(8.83337522421209,-30.3840581399678,4.06579544094244));
#2772=CARTESIAN_POINT('',(8.791961990733,-28.848490391057,10.3888340474018));
#2773=CARTESIAN_POINT('',(8.70834669208145,-22.1819649638569,21.168932449455));
#2774=CARTESIAN_POINT('',(8.6670409165267,-17.2029871656877,25.3710719071032));
#2775=CARTESIAN_POINT('',(8.58346033689217,-5.55254479298959,30.1463646806718));
#2776=CARTESIAN_POINT('',(8.54197358491975,1.02890270333256,30.6395404862238));
#2777=CARTESIAN_POINT('',(8.45781665775795,13.2880519717822,27.6273009317792));
#2778=CARTESIAN_POINT('',(8.41699486291848,18.8214533058137,24.2027239142484));
#2779=CARTESIAN_POINT('',(8.33291920011384,26.991537122149,14.54221005198));
#2780=CARTESIAN_POINT('',(8.29158108017133,29.4532225362046,8.48777774549779));
#2781=CARTESIAN_POINT('',(8.20845959871782,30.3826703831324,-4.05315052941376));
#2782=CARTESIAN_POINT('',(8.16638849355716,28.8050203985848,-10.464276824762));
#2783=CARTESIAN_POINT('',(8.08374884494437,22.2117692450313,-21.1155771087038));
#2784=CARTESIAN_POINT('',(8.04159379443509,17.1414718330924,-25.4021183567152));
#2785=CARTESIAN_POINT('',(7.95856295188498,5.56603533618464,-30.1349784179384));
#2786=CARTESIAN_POINT('',(7.91673023404505,-1.0634276148413,-30.6268272164831));
#2787=CARTESIAN_POINT('',(7.83332225567594,-13.2153226075927,-27.6493882756484));
#2788=CARTESIAN_POINT('',(7.79166953340987,-18.8523688424501,-24.1645747892099));
#2789=CARTESIAN_POINT('',(7.70830993072192,-26.9542656615481,-14.5878733323877));
#2790=CARTESIAN_POINT('',(7.66668111984604,-29.4519907852647,-8.5028495511214));
#2791=CARTESIAN_POINT('',(7.58336675894265,-30.3838216164542,4.06713605425382));
#2792=CARTESIAN_POINT('',(7.54195356652043,-28.8481094743206,10.390113691586));
#2793=CARTESIAN_POINT('',(7.45833331281397,-22.1806074452102,21.1704637674274));
#2794=CARTESIAN_POINT('',(7.41703265296622,-17.2018842600883,25.3718831426391));
#2795=CARTESIAN_POINT('',(7.33344757317422,-5.55071665736066,30.1467547323241));
#2796=CARTESIAN_POINT('',(7.29218082539751,0.997876564814197,30.6433285565003));
#2797=CARTESIAN_POINT('',(7.20784462749933,13.2848126820435,27.6319216607034));
#2798=CARTESIAN_POINT('',(7.16678780299042,18.84000497933,24.1772068327825));
#2799=CARTESIAN_POINT('',(7.08327287023674,26.9587357956302,14.5845700024968));
#2800=CARTESIAN_POINT('',(7.0414288992651,29.4542272200292,8.46468400697297));
#2801=CARTESIAN_POINT('',(6.95865641946295,30.3811661697365,-4.02332184070266));
#2802=CARTESIAN_POINT('',(6.91631085335869,28.7989615167137,-10.4743744978171));
#2803=CARTESIAN_POINT('',(6.83381616722027,22.2170049136306,-21.1068092858535));
#2804=CARTESIAN_POINT('',(6.79161259860579,17.1441420849064,-25.4013705671694));
#2805=CARTESIAN_POINT('',(6.70852387288495,5.56053853246073,-30.1368818185814));
#2806=CARTESIAN_POINT('',(6.66686869709423,-1.04320125865157,-30.6315401480797));
#2807=CARTESIAN_POINT('',(6.58319882915997,-13.2333582480287,-27.6452120662657));
#2808=CARTESIAN_POINT('',(6.54195405512636,-18.8236827973369,-24.1961265468865));
#2809=CARTESIAN_POINT('',(6.45812155018726,-26.9736063572817,-14.56736537642));
#2810=CARTESIAN_POINT('',(6.41698360019461,-29.4451935720752,-8.54782955575243));
#2811=CARTESIAN_POINT('',(6.33328032398953,-30.3881936651485,4.07952207747401));
#2812=CARTESIAN_POINT('',(6.29173464400185,-28.8282948995327,10.4167713657361));
#2813=CARTESIAN_POINT('',(6.20873007389426,-22.2145970186186,21.1208757347044));
#2814=CARTESIAN_POINT('',(6.16686205426499,-17.1779523472939,25.3805755996426));
#2815=CARTESIAN_POINT('',(6.08368374799852,-5.5837892971843,30.1343153514349));
#2816=CARTESIAN_POINT('',(6.04201610861317,1.02228753877991,30.6392343587558));
#2817=CARTESIAN_POINT('',(5.95789296805133,13.2773559823505,27.6318579183639));
#2818=CARTESIAN_POINT('',(5.91662535977997,18.8575646909042,24.1604921869141));
#2819=CARTESIAN_POINT('',(5.83326951857357,26.9572899682202,14.5822373576509));
#2820=CARTESIAN_POINT('',(5.79129486645179,29.4586897540692,8.44502774202797));
#2821=CARTESIAN_POINT('',(5.70860034219422,30.3788257935298,-4.03234906679627));
#2822=CARTESIAN_POINT('',(5.66621574150805,28.7939577415939,-10.4883707158673));
#2823=CARTESIAN_POINT('',(5.58371401722053,22.2062636796679,-21.1182332615022));
#2824=CARTESIAN_POINT('',(5.54156554428334,17.1380403800229,-25.4070631227204));
#2825=CARTESIAN_POINT('',(5.45838242097575,5.54035908387918,-30.1419260468018));
#2826=CARTESIAN_POINT('',(5.4168711177712,-1.04341994610662,-30.6340948700769));
#2827=CARTESIAN_POINT('',(5.3330350937978,-13.2566409621078,-27.6368949792586));
#2828=CARTESIAN_POINT('',(5.29202041300216,-18.8184646478954,-24.2051035773645));
#2829=CARTESIAN_POINT('',(5.20794061117434,-26.9899620309697,-14.5452260368083));
#2830=CARTESIAN_POINT('',(5.1667991122906,-29.4489688672349,-8.52032499986448));
#2831=CARTESIAN_POINT('',(5.08335688143783,-30.3856321169877,4.06830017301712));
#2832=CARTESIAN_POINT('',(5.041570550106,-28.8172756270195,10.4392966681421));
#2833=CARTESIAN_POINT('',(4.95873856985587,-22.2132145809886,21.1184134694832));
#2834=CARTESIAN_POINT('',(4.91672701729796,-17.1595624316789,25.3912765488194));
#2835=CARTESIAN_POINT('',(4.83363244964696,-5.57620510130807,30.1342569892383));
#2836=CARTESIAN_POINT('',(4.79181120403472,1.05089603995427,30.6265656412065));
#2837=CARTESIAN_POINT('',(4.7292888581898,10.1610174492205,28.3994093382612));
#2838=CARTESIAN_POINT('',(4.70831846098711,13.1161486369315,27.1648187212379));
#2839=CARTESIAN_POINT('',(4.66667670352369,18.4820277314244,23.8406246176281));
#2840=CARTESIAN_POINT('',(4.64577654524438,20.8835631543926,21.7649166594282));
#2841=CARTESIAN_POINT('',(4.58325841933462,26.958149197862,14.5807208562282));
#2842=CARTESIAN_POINT('',(4.54128504181656,29.4591122808559,8.44360488310381));
#2843=CARTESIAN_POINT('',(4.45859008496161,30.3786266401768,-4.03395627824485));
#2844=CARTESIAN_POINT('',(4.41620564617764,28.7934134728306,-10.4898481422216));
#2845=CARTESIAN_POINT('',(4.33370412855944,22.2052121798997,-21.1193306122587));
#2846=CARTESIAN_POINT('',(4.29155504844861,17.1366270566134,-25.4079854765529));
#2847=CARTESIAN_POINT('',(4.20837257571737,5.53893636888036,-30.142161447973));
#2848=CARTESIAN_POINT('',(4.16685911349538,-1.04524268718114,-30.6339864548321));
#2849=CARTESIAN_POINT('',(4.08302615734012,-13.2578688458717,-27.6362546676573));
#2850=CARTESIAN_POINT('',(4.04200707318933,-18.8199946575174,-24.2038277369632));
#2851=CARTESIAN_POINT('',(3.95793225777517,-26.9905402679638,-14.5440094909553));
#2852=CARTESIAN_POINT('',(3.91679016380517,-29.4494040370681,-8.51903930676406));
#2853=CARTESIAN_POINT('',(3.8333445535961,-30.3854356947447,4.07022437823876));
#2854=CARTESIAN_POINT('',(3.79156162925641,-28.8168354473821,10.4406272412886));
#2855=CARTESIAN_POINT('',(3.70872696980024,-22.2120185945761,21.1197285102635));
#2856=CARTESIAN_POINT('',(3.66671804335185,-17.1583590444718,25.3921127317642));
#2857=CARTESIAN_POINT('',(3.58362119308503,-5.57458835029737,30.1345754708169));
#2858=CARTESIAN_POINT('',(3.54180106502617,1.05244529222491,30.6265116337503));
#2859=CARTESIAN_POINT('',(3.47927878988105,10.1624485384356,28.3988970505897));
#2860=CARTESIAN_POINT('',(3.45830815816371,13.117570868737,27.1641368120362));
#2861=CARTESIAN_POINT('',(3.41666576618271,18.4833424192556,23.8396108871748));
#2862=CARTESIAN_POINT('',(3.39576668970577,20.8846304024808,21.7639046678772));
#2863=CARTESIAN_POINT('',(3.3332473153435,26.9590087728083,14.5792036733945));
#2864=CARTESIAN_POINT('',(3.29127521931482,29.4595347753573,8.44218229263013));
#2865=CARTESIAN_POINT('',(3.20857982207032,30.3784274061385,-4.03556431895978));
#2866=CARTESIAN_POINT('',(3.16619555554591,28.7928694802034,-10.491325023949));
#2867=CARTESIAN_POINT('',(3.08369423344836,22.2041601372827,-21.1204286476405));
#2868=CARTESIAN_POINT('',(3.04154455835265,17.1352146247216,-25.4089073546213));
#2869=CARTESIAN_POINT('',(2.95836272527337,5.53751281498219,-30.1423971345165));
#2870=CARTESIAN_POINT('',(2.91684711860059,-1.04706396183311,-30.6338782262301));
#2871=CARTESIAN_POINT('',(2.83301721549681,-13.2590975770886,-27.6356141520486));
#2872=CARTESIAN_POINT('',(2.79199374690535,-18.8215231796969,-24.202553269695));
#2873=CARTESIAN_POINT('',(2.70792389883759,-26.9911190953828,-14.5427923575617));
#2874=CARTESIAN_POINT('',(2.66678121361619,-29.4498392711271,-8.51775330765559));
#2875=CARTESIAN_POINT('',(2.58333222155461,-30.3852391037342,4.07214920087706));
#2876=CARTESIAN_POINT('',(2.54155270860548,-28.8163952447119,10.4419578958771));
#2877=CARTESIAN_POINT('',(2.45871536421681,-22.2108220719359,21.1210440671745));
#2878=CARTESIAN_POINT('',(2.41670906990708,-17.1571558343083,25.3929488380181));
#2879=CARTESIAN_POINT('',(2.33360993169319,-5.57297079563763,30.1348941183459));
#2880=CARTESIAN_POINT('',(2.2917909290936,1.05399402857093,30.6264577107444));
#2881=CARTESIAN_POINT('',(2.22926871830278,10.1638801118038,28.3983845474166));
#2882=CARTESIAN_POINT('',(2.20829351925656,13.1194674587235,27.1629834257865));
#2883=CARTESIAN_POINT('',(2.16667808968874,18.4817441764325,23.8405794222154));
#2884=CARTESIAN_POINT('',(2.14574270075368,20.8870684543279,21.761265837224));
#2885=CARTESIAN_POINT('',(2.08326511771835,26.9570644438481,14.5810134896948));
#2886=CARTESIAN_POINT('',(2.04125015260768,29.460256648937,8.43848413105589));
#2887=CARTESIAN_POINT('',(1.95857645657506,30.3780213122959,-4.03615626568331));
#2888=CARTESIAN_POINT('',(1.91618720806053,28.7925870017624,-10.4926601551775));
#2889=CARTESIAN_POINT('',(1.83367324860063,22.2020999443377,-21.1228724715117));
#2890=CARTESIAN_POINT('',(1.79155678962856,17.1369768440753,-25.408578799253));
#2891=CARTESIAN_POINT('',(1.70832749364811,5.53254373554564,-30.1440344308206));
#2892=CARTESIAN_POINT('',(1.66688334847561,-1.04181754186888,-30.635310475113));
#2893=CARTESIAN_POINT('',(1.58297208688337,-13.2656403293802,-27.6338636160172));
#2894=CARTESIAN_POINT('',(1.54205927902235,-18.8150129669419,-24.2099268451611));
#2895=CARTESIAN_POINT('',(1.45787154010711,-26.9963491450887,-14.5369324009818));
#2896=CARTESIAN_POINT('',(1.41673249114799,-29.4503661459963,-8.51039887810292));
#2897=CARTESIAN_POINT('',(1.33338216989763,-30.3846984874557,4.06460982433302));
#2898=CARTESIAN_POINT('',(1.29151277221711,-28.8134313779253,10.4472534916825));
#2899=CARTESIAN_POINT('',(1.20873857221125,-22.2124519470714,21.1179050047329));
#2900=CARTESIAN_POINT('',(1.16668145408962,-17.1533703178389,25.3949594535156));
#2901=CARTESIAN_POINT('',(1.10437814705437,-8.46806918941652,28.9495651768711));
#2902=CARTESIAN_POINT('',(1.08324334237481,-5.34371918364759,29.6853334321805));
#2903=CARTESIAN_POINT('',(1.04191169680092,0.891838366717947,30.1492782670012));
#2904=CARTESIAN_POINT('',(1.02096574392116,4.08874580639296,29.8859929608624));
#2905=CARTESIAN_POINT('',(1.,7.14319872529645,29.13717062398));
#2906=CARTESIAN_POINT('',(9.67899263269479,0.,30.2058892896287));
#2907=CARTESIAN_POINT('',(9.66597179936146,1.97697083098842,30.2058892896287));
#2908=CARTESIAN_POINT('',(9.63993013269479,5.93086266916367,29.8164601190615));
#2909=CARTESIAN_POINT('',(9.60086763269479,11.6338074368229,28.0864956960149));
#2910=CARTESIAN_POINT('',(9.56180513269479,16.8896679295148,25.2771743528184));
#2911=CARTESIAN_POINT('',(9.52274263269479,21.4964731521166,21.4964731521166));
#2912=CARTESIAN_POINT('',(9.48368013269479,25.2771743528184,16.8896679295148));
#2913=CARTESIAN_POINT('',(9.44461763269479,28.0864956960149,11.6338074368229));
#2914=CARTESIAN_POINT('',(9.40555513269479,29.8164601190615,5.93086266916367));
#2915=CARTESIAN_POINT('',(9.36649263269479,30.4006038749124,8.88178419700125E-16));
#2916=CARTESIAN_POINT('',(9.32743013269479,29.8164601190615,-5.93086266916367));
#2917=CARTESIAN_POINT('',(9.28836763269479,28.0864956960149,-11.6338074368229));
#2918=CARTESIAN_POINT('',(9.24930513269479,25.2771743528184,-16.8896679295148));
#2919=CARTESIAN_POINT('',(9.21024263269479,21.4964731521166,-21.4964731521166));
#2920=CARTESIAN_POINT('',(9.17118013269479,16.8896679295148,-25.2771743528184));
#2921=CARTESIAN_POINT('',(9.13211763269479,11.6338074368229,-28.0864956960149));
#2922=CARTESIAN_POINT('',(9.09305513269479,5.93086266916369,-29.8164601190615));
#2923=CARTESIAN_POINT('',(9.05399263269479,3.5527136788005E-15,-30.4006038749124));
#2924=CARTESIAN_POINT('',(9.01493013269479,-5.93086266916368,-29.8164601190615));
#2925=CARTESIAN_POINT('',(8.97586763269479,-11.6338074368229,-28.0864956960149));
#2926=CARTESIAN_POINT('',(8.93680513269479,-16.8896679295148,-25.2771743528184));
#2927=CARTESIAN_POINT('',(8.89774263269479,-21.4964731521166,-21.4964731521166));
#2928=CARTESIAN_POINT('',(8.85868013269479,-25.2771743528184,-16.8896679295148));
#2929=CARTESIAN_POINT('',(8.81961763269479,-28.0864956960149,-11.6338074368229));
#2930=CARTESIAN_POINT('',(8.78055513269479,-29.8164601190615,-5.93086266916369));
#2931=CARTESIAN_POINT('',(8.74149263269479,-30.4006038749124,-3.99680288865056E-15));
#2932=CARTESIAN_POINT('',(8.70243013269479,-29.8164601190615,5.93086266916367));
#2933=CARTESIAN_POINT('',(8.66336763269479,-28.0864956960149,11.6338074368229));
#2934=CARTESIAN_POINT('',(8.62430513269479,-25.2771743528184,16.8896679295148));
#2935=CARTESIAN_POINT('',(8.58524263269479,-21.4964731521166,21.4964731521166));
#2936=CARTESIAN_POINT('',(8.54618013269479,-16.8896679295148,25.2771743528184));
#2937=CARTESIAN_POINT('',(8.50711763269479,-11.6338074368229,28.0864956960149));
#2938=CARTESIAN_POINT('',(8.46805513269479,-5.93086266916369,29.8164601190615));
#2939=CARTESIAN_POINT('',(8.42899263269479,-6.66133814775094E-15,30.4006038749124));
#2940=CARTESIAN_POINT('',(8.38993013269479,5.93086266916367,29.8164601190615));
#2941=CARTESIAN_POINT('',(8.35086763269479,11.6338074368229,28.0864956960149));
#2942=CARTESIAN_POINT('',(8.31180513269479,16.8896679295148,25.2771743528184));
#2943=CARTESIAN_POINT('',(8.27274263269479,21.4964731521166,21.4964731521166));
#2944=CARTESIAN_POINT('',(8.23368013269479,25.2771743528184,16.8896679295148));
#2945=CARTESIAN_POINT('',(8.19461763269479,28.0864956960149,11.633807436823));
#2946=CARTESIAN_POINT('',(8.15555513269479,29.8164601190615,5.93086266916369));
#2947=CARTESIAN_POINT('',(8.11649263269479,30.4006038749124,-3.99680288865056E-15));
#2948=CARTESIAN_POINT('',(8.07743013269479,29.8164601190615,-5.93086266916362));
#2949=CARTESIAN_POINT('',(8.03836763269479,28.0864956960149,-11.6338074368229));
#2950=CARTESIAN_POINT('',(7.99930513269479,25.2771743528184,-16.8896679295148));
#2951=CARTESIAN_POINT('',(7.96024263269479,21.4964731521166,-21.4964731521166));
#2952=CARTESIAN_POINT('',(7.92118013269479,16.8896679295148,-25.2771743528184));
#2953=CARTESIAN_POINT('',(7.88211763269479,11.633807436823,-28.0864956960148));
#2954=CARTESIAN_POINT('',(7.84305513269479,5.93086266916364,-29.8164601190615));
#2955=CARTESIAN_POINT('',(7.80399263269479,1.02140518265514E-14,-30.4006038749124));
#2956=CARTESIAN_POINT('',(7.76493013269479,-5.93086266916361,-29.8164601190615));
#2957=CARTESIAN_POINT('',(7.72586763269479,-11.633807436823,-28.0864956960149));
#2958=CARTESIAN_POINT('',(7.68680513269479,-16.8896679295148,-25.2771743528184));
#2959=CARTESIAN_POINT('',(7.64774263269479,-21.4964731521166,-21.4964731521166));
#2960=CARTESIAN_POINT('',(7.60868013269479,-25.2771743528184,-16.8896679295148));
#2961=CARTESIAN_POINT('',(7.56961763269479,-28.0864956960148,-11.633807436823));
#2962=CARTESIAN_POINT('',(7.53055513269479,-29.8164601190615,-5.93086266916364));
#2963=CARTESIAN_POINT('',(7.49149263269479,-30.4006038749124,-1.24344978758018E-14));
#2964=CARTESIAN_POINT('',(7.45243013269479,-29.8164601190615,5.93086266916361));
#2965=CARTESIAN_POINT('',(7.41336763269479,-28.0864956960149,11.6338074368229));
#2966=CARTESIAN_POINT('',(7.37430513269479,-25.2771743528184,16.8896679295148));
#2967=CARTESIAN_POINT('',(7.33524263269479,-21.4964731521166,21.4964731521165));
#2968=CARTESIAN_POINT('',(7.29618013269479,-16.8896679295148,25.2771743528184));
#2969=CARTESIAN_POINT('',(7.25711763269479,-11.633807436823,28.0864956960148));
#2970=CARTESIAN_POINT('',(7.21805513269479,-5.93086266916364,29.8164601190615));
#2971=CARTESIAN_POINT('',(7.17899263269479,-1.50990331349021E-14,30.4006038749124));
#2972=CARTESIAN_POINT('',(7.13993013269479,5.93086266916361,29.8164601190615));
#2973=CARTESIAN_POINT('',(7.10086763269479,11.6338074368229,28.0864956960149));
#2974=CARTESIAN_POINT('',(7.06180513269479,16.8896679295148,25.2771743528184));
#2975=CARTESIAN_POINT('',(7.02274263269479,21.4964731521166,21.4964731521166));
#2976=CARTESIAN_POINT('',(6.98368013269479,25.2771743528184,16.8896679295148));
#2977=CARTESIAN_POINT('',(6.94461763269479,28.0864956960149,11.633807436823));
#2978=CARTESIAN_POINT('',(6.90555513269479,29.8164601190615,5.93086266916365));
#2979=CARTESIAN_POINT('',(6.86649263269479,30.4006038749124,1.68753899743024E-14));
#2980=CARTESIAN_POINT('',(6.82743013269479,29.8164601190615,-5.93086266916361));
#2981=CARTESIAN_POINT('',(6.78836763269479,28.0864956960149,-11.6338074368229));
#2982=CARTESIAN_POINT('',(6.74930513269479,25.2771743528184,-16.8896679295148));
#2983=CARTESIAN_POINT('',(6.71024263269479,21.4964731521166,-21.4964731521165));
#2984=CARTESIAN_POINT('',(6.67118013269479,16.8896679295148,-25.2771743528184));
#2985=CARTESIAN_POINT('',(6.63211763269479,11.633807436823,-28.0864956960148));
#2986=CARTESIAN_POINT('',(6.59305513269479,5.93086266916365,-29.8164601190615));
#2987=CARTESIAN_POINT('',(6.55399263269479,2.48689957516035E-14,-30.4006038749124));
#2988=CARTESIAN_POINT('',(6.51493013269479,-5.93086266916364,-29.8164601190615));
#2989=CARTESIAN_POINT('',(6.47586763269479,-11.6338074368228,-28.0864956960149));
#2990=CARTESIAN_POINT('',(6.43680513269479,-16.8896679295149,-25.2771743528183));
#2991=CARTESIAN_POINT('',(6.39774263269479,-21.4964731521166,-21.4964731521166));
#2992=CARTESIAN_POINT('',(6.35868013269479,-25.2771743528184,-16.8896679295148));
#2993=CARTESIAN_POINT('',(6.31961763269479,-28.0864956960149,-11.633807436823));
#2994=CARTESIAN_POINT('',(6.28055513269479,-29.8164601190614,-5.93086266916372));
#2995=CARTESIAN_POINT('',(6.24149263269479,-30.4006038749124,-1.14130926931466E-13));
#2996=CARTESIAN_POINT('',(6.20243013269479,-29.8164601190614,5.93086266916374));
#2997=CARTESIAN_POINT('',(6.16336763269479,-28.0864956960149,11.6338074368229));
#2998=CARTESIAN_POINT('',(6.12430513269479,-25.2771743528184,16.8896679295148));
#2999=CARTESIAN_POINT('',(6.08524263269479,-21.4964731521166,21.4964731521166));
#3000=CARTESIAN_POINT('',(6.04618013269479,-16.8896679295149,25.2771743528183));
#3001=CARTESIAN_POINT('',(6.00711763269479,-11.6338074368229,28.0864956960149));
#3002=CARTESIAN_POINT('',(5.96805513269479,-5.93086266916367,29.8164601190614));
#3003=CARTESIAN_POINT('',(5.92899263269479,-2.22044604925031E-14,30.4006038749124));
#3004=CARTESIAN_POINT('',(5.88993013269479,5.93086266916363,29.8164601190615));
#3005=CARTESIAN_POINT('',(5.85086763269479,11.6338074368228,28.0864956960149));
#3006=CARTESIAN_POINT('',(5.81180513269479,16.8896679295149,25.2771743528183));
#3007=CARTESIAN_POINT('',(5.77274263269479,21.4964731521166,21.4964731521166));
#3008=CARTESIAN_POINT('',(5.73368013269479,25.2771743528184,16.8896679295148));
#3009=CARTESIAN_POINT('',(5.69461763269479,28.0864956960149,11.6338074368229));
#3010=CARTESIAN_POINT('',(5.65555513269479,29.8164601190614,5.93086266916378));
#3011=CARTESIAN_POINT('',(5.61649263269479,30.4006038749124,-6.92779167366098E-14));
#3012=CARTESIAN_POINT('',(5.57743013269479,29.8164601190615,-5.93086266916368));
#3013=CARTESIAN_POINT('',(5.53836763269479,28.0864956960149,-11.6338074368229));
#3014=CARTESIAN_POINT('',(5.49930513269479,25.2771743528184,-16.8896679295148));
#3015=CARTESIAN_POINT('',(5.46024263269479,21.4964731521166,-21.4964731521166));
#3016=CARTESIAN_POINT('',(5.42118013269479,16.8896679295149,-25.2771743528183));
#3017=CARTESIAN_POINT('',(5.38211763269479,11.6338074368229,-28.0864956960149));
#3018=CARTESIAN_POINT('',(5.34305513269479,5.93086266916368,-29.8164601190615));
#3019=CARTESIAN_POINT('',(5.30399263269479,2.53130849614536E-14,-30.4006038749124));
#3020=CARTESIAN_POINT('',(5.26493013269479,-5.93086266916363,-29.8164601190615));
#3021=CARTESIAN_POINT('',(5.22586763269479,-11.6338074368228,-28.0864956960149));
#3022=CARTESIAN_POINT('',(5.18680513269479,-16.8896679295149,-25.2771743528184));
#3023=CARTESIAN_POINT('',(5.14774263269479,-21.4964731521166,-21.4964731521166));
#3024=CARTESIAN_POINT('',(5.10868013269479,-25.2771743528184,-16.8896679295148));
#3025=CARTESIAN_POINT('',(5.06961763269479,-28.0864956960149,-11.633807436823));
#3026=CARTESIAN_POINT('',(5.03055513269479,-29.8164601190614,-5.93086266916373));
#3027=CARTESIAN_POINT('',(4.99149263269479,-30.4006038749124,-1.22124532708767E-13));
#3028=CARTESIAN_POINT('',(4.95243013269479,-29.8164601190615,5.93086266916373));
#3029=CARTESIAN_POINT('',(4.91336763269479,-28.0864956960149,11.6338074368229));
#3030=CARTESIAN_POINT('',(4.87430513269479,-25.2771743528184,16.8896679295148));
#3031=CARTESIAN_POINT('',(4.83524263269479,-21.4964731521166,21.4964731521166));
#3032=CARTESIAN_POINT('',(4.79618013269479,-16.8896679295149,25.2771743528183));
#3033=CARTESIAN_POINT('',(4.75711763269479,-11.6338074368229,28.0864956960149));
#3034=CARTESIAN_POINT('',(4.71805513269479,-5.93086266916368,29.8164601190615));
#3035=CARTESIAN_POINT('',(4.67899263269479,-2.88657986402541E-14,30.4006038749124));
#3036=CARTESIAN_POINT('',(4.63993013269479,5.93086266916362,29.8164601190615));
#3037=CARTESIAN_POINT('',(4.60086763269479,11.6338074368228,28.0864956960149));
#3038=CARTESIAN_POINT('',(4.56180513269479,16.8896679295149,25.2771743528184));
#3039=CARTESIAN_POINT('',(4.52274263269479,21.4964731521166,21.4964731521166));
#3040=CARTESIAN_POINT('',(4.48368013269479,25.2771743528184,16.8896679295148));
#3041=CARTESIAN_POINT('',(4.44461763269479,28.0864956960149,11.6338074368229));
#3042=CARTESIAN_POINT('',(4.40555513269479,29.8164601190614,5.93086266916379));
#3043=CARTESIAN_POINT('',(4.36649263269479,30.4006038749124,-6.26165785888588E-14));
#3044=CARTESIAN_POINT('',(4.32743013269479,29.8164601190615,-5.93086266916368));
#3045=CARTESIAN_POINT('',(4.28836763269479,28.0864956960149,-11.6338074368229));
#3046=CARTESIAN_POINT('',(4.24930513269479,25.2771743528184,-16.8896679295148));
#3047=CARTESIAN_POINT('',(4.21024263269479,21.4964731521166,-21.4964731521165));
#3048=CARTESIAN_POINT('',(4.17118013269479,16.889667929515,-25.2771743528183));
#3049=CARTESIAN_POINT('',(4.13211763269479,11.6338074368229,-28.0864956960149));
#3050=CARTESIAN_POINT('',(4.09305513269479,5.93086266916369,-29.8164601190615));
#3051=CARTESIAN_POINT('',(4.05399263269479,3.24185123190546E-14,-30.4006038749124));
#3052=CARTESIAN_POINT('',(4.01493013269479,-5.93086266916362,-29.8164601190615));
#3053=CARTESIAN_POINT('',(3.97586763269479,-11.6338074368228,-28.0864956960149));
#3054=CARTESIAN_POINT('',(3.93680513269479,-16.8896679295149,-25.2771743528184));
#3055=CARTESIAN_POINT('',(3.89774263269479,-21.4964731521166,-21.4964731521166));
#3056=CARTESIAN_POINT('',(3.85868013269479,-25.2771743528184,-16.8896679295149));
#3057=CARTESIAN_POINT('',(3.81961763269479,-28.0864956960149,-11.633807436823));
#3058=CARTESIAN_POINT('',(3.78055513269479,-29.8164601190614,-5.93086266916374));
#3059=CARTESIAN_POINT('',(3.74149263269479,-30.4006038749124,-1.28785870856518E-13));
#3060=CARTESIAN_POINT('',(3.70243013269479,-29.8164601190614,5.93086266916372));
#3061=CARTESIAN_POINT('',(3.66336763269479,-28.0864956960149,11.6338074368229));
#3062=CARTESIAN_POINT('',(3.62430513269479,-25.2771743528184,16.8896679295148));
#3063=CARTESIAN_POINT('',(3.58524263269479,-21.4964731521166,21.4964731521166));
#3064=CARTESIAN_POINT('',(3.54618013269479,-16.8896679295149,25.2771743528183));
#3065=CARTESIAN_POINT('',(3.50711763269479,-11.6338074368229,28.0864956960149));
#3066=CARTESIAN_POINT('',(3.46805513269479,-5.93086266916369,29.8164601190615));
#3067=CARTESIAN_POINT('',(3.42899263269479,-3.5527136788005E-14,30.4006038749124));
#3068=CARTESIAN_POINT('',(3.38993013269479,5.93086266916361,29.8164601190615));
#3069=CARTESIAN_POINT('',(3.35086763269479,11.6338074368229,28.0864956960149));
#3070=CARTESIAN_POINT('',(3.31180513269479,16.8896679295147,25.2771743528184));
#3071=CARTESIAN_POINT('',(3.27274263269479,21.4964731521165,21.4964731521167));
#3072=CARTESIAN_POINT('',(3.23368013269479,25.2771743528182,16.889667929515));
#3073=CARTESIAN_POINT('',(3.19461763269479,28.086495696015,11.6338074368228));
#3074=CARTESIAN_POINT('',(3.15555513269479,29.8164601190615,5.93086266916364));
#3075=CARTESIAN_POINT('',(3.11649263269479,30.4006038749124,-1.64313007644523E-14));
#3076=CARTESIAN_POINT('',(3.07743013269479,29.8164601190615,-5.93086266916367));
#3077=CARTESIAN_POINT('',(3.03836763269479,28.0864956960149,-11.6338074368229));
#3078=CARTESIAN_POINT('',(2.99930513269479,25.2771743528184,-16.8896679295148));
#3079=CARTESIAN_POINT('',(2.96024263269479,21.4964731521166,-21.4964731521165));
#3080=CARTESIAN_POINT('',(2.92118013269479,16.8896679295149,-25.2771743528183));
#3081=CARTESIAN_POINT('',(2.88211763269479,11.633807436823,-28.0864956960148));
#3082=CARTESIAN_POINT('',(2.84305513269479,5.9308626691638,-29.8164601190614));
#3083=CARTESIAN_POINT('',(2.80399263269479,2.21600515715181E-13,-30.4006038749124));
#3084=CARTESIAN_POINT('',(2.76493013269479,-5.93086266916383,-29.8164601190614));
#3085=CARTESIAN_POINT('',(2.72586763269479,-11.6338074368229,-28.0864956960149));
#3086=CARTESIAN_POINT('',(2.68680513269479,-16.8896679295148,-25.2771743528184));
#3087=CARTESIAN_POINT('',(2.64774263269479,-21.4964731521166,-21.4964731521166));
#3088=CARTESIAN_POINT('',(2.60868013269479,-25.2771743528184,-16.8896679295149));
#3089=CARTESIAN_POINT('',(2.56961763269479,-28.0864956960148,-11.633807436823));
#3090=CARTESIAN_POINT('',(2.53055513269479,-29.8164601190615,-5.93086266916375));
#3091=CARTESIAN_POINT('',(2.49149263269479,-30.4006038749124,-9.45910016980633E-14));
#3092=CARTESIAN_POINT('',(2.45243013269479,-29.8164601190615,5.93086266916356));
#3093=CARTESIAN_POINT('',(2.41336763269479,-28.086495696015,11.6338074368227));
#3094=CARTESIAN_POINT('',(2.37430513269479,-25.2771743528183,16.889667929515));
#3095=CARTESIAN_POINT('',(2.33524263269479,-21.4964731521166,21.4964731521166));
#3096=CARTESIAN_POINT('',(2.29618013269479,-16.8896679295148,25.2771743528184));
#3097=CARTESIAN_POINT('',(2.25711763269479,-11.6338074368229,28.0864956960149));
#3098=CARTESIAN_POINT('',(2.21805513269479,-5.9308626691637,29.8164601190615));
#3099=CARTESIAN_POINT('',(2.17899263269479,-4.17443857259059E-14,30.4006038749124));
#3100=CARTESIAN_POINT('',(2.13993013269479,5.93086266916361,29.8164601190615));
#3101=CARTESIAN_POINT('',(2.10086763269479,11.6338074368228,28.0864956960149));
#3102=CARTESIAN_POINT('',(2.06180513269479,16.8896679295147,25.2771743528184));
#3103=CARTESIAN_POINT('',(2.02274263269479,21.4964731521165,21.4964731521166));
#3104=CARTESIAN_POINT('',(1.98368013269479,25.2771743528183,16.889667929515));
#3105=CARTESIAN_POINT('',(1.94461763269479,28.0864956960149,11.6338074368228));
#3106=CARTESIAN_POINT('',(1.90555513269479,29.8164601190614,5.93086266916364));
#3107=CARTESIAN_POINT('',(1.86649263269479,30.4006038749124,-6.66133814775094E-15));
#3108=CARTESIAN_POINT('',(1.82743013269479,29.8164601190615,-5.93086266916366));
#3109=CARTESIAN_POINT('',(1.78836763269479,28.0864956960149,-11.6338074368229));
#3110=CARTESIAN_POINT('',(1.74930513269479,25.2771743528184,-16.8896679295148));
#3111=CARTESIAN_POINT('',(1.71024263269479,21.4964731521166,-21.4964731521165));
#3112=CARTESIAN_POINT('',(1.67118013269479,16.8896679295149,-25.2771743528183));
#3113=CARTESIAN_POINT('',(1.63211763269479,11.633807436823,-28.0864956960148));
#3114=CARTESIAN_POINT('',(1.59305513269479,5.93086266916391,-29.8164601190614));
#3115=CARTESIAN_POINT('',(1.55399263269479,-1.36779476633819E-13,-30.4006038749124));
#3116=CARTESIAN_POINT('',(1.51493013269479,-5.93086266916371,-29.8164601190614));
#3117=CARTESIAN_POINT('',(1.47586763269479,-11.6338074368229,-28.0864956960149));
#3118=CARTESIAN_POINT('',(1.43680513269479,-16.8896679295148,-25.2771743528184));
#3119=CARTESIAN_POINT('',(1.39774263269479,-21.4964731521166,-21.4964731521166));
#3120=CARTESIAN_POINT('',(1.35868013269479,-25.2771743528184,-16.8896679295149));
#3121=CARTESIAN_POINT('',(1.31961763269479,-28.0864956960148,-11.633807436823));
#3122=CARTESIAN_POINT('',(1.28055513269479,-29.8164601190614,-5.93086266916376));
#3123=CARTESIAN_POINT('',(1.24149263269479,-30.4006038749124,-1.03472785895065E-13));
#3124=CARTESIAN_POINT('',(1.20243013269479,-29.8164601190615,5.93086266916355));
#3125=CARTESIAN_POINT('',(1.16336763269479,-28.086495696015,11.6338074368227));
#3126=CARTESIAN_POINT('',(1.12430513269479,-25.2771743528183,16.889667929515));
#3127=CARTESIAN_POINT('',(1.08524263269479,-21.4964731521166,21.4964731521166));
#3128=CARTESIAN_POINT('',(1.04618013269479,-16.8896679295148,25.2771743528184));
#3129=CARTESIAN_POINT('',(1.00711763269479,-11.6338074368229,28.0864956960149));
#3130=CARTESIAN_POINT('',(0.968055132694792,-5.9308626691637,29.8164601190614));
#3131=CARTESIAN_POINT('',(0.928992632694792,-5.01820807130571E-14,30.4006038749124));
#3132=CARTESIAN_POINT('',(0.889930132694792,5.9308626691636,29.8164601190615));
#3133=CARTESIAN_POINT('',(0.862763235825108,9.89710426549001,28.6133173332918));
#3134=CARTESIAN_POINT('',(0.848617172288758,11.8744150928562,27.7745012526752));
#3135=CARTESIAN_POINT('',(0.847491942085741,12.0311195114419,27.7064468916738));
#3136=CARTESIAN_POINT('',(10.1644802904206,0.,29.365));
#3137=CARTESIAN_POINT('',(10.1514594570873,1.92193475568051,29.365));
#3138=CARTESIAN_POINT('',(10.1254177904206,5.76575583026418,28.986411987442));
#3139=CARTESIAN_POINT('',(10.0863552904206,11.3099386714499,27.3046073302222));
#3140=CARTESIAN_POINT('',(10.0472927904206,16.4194834323416,24.5734935248329));
#3141=CARTESIAN_POINT('',(10.0082302904206,20.8980417050208,20.8980417050208));
#3142=CARTESIAN_POINT('',(9.96916779042062,24.5734935248329,16.4194834323416));
#3143=CARTESIAN_POINT('',(9.93010529042062,27.3046073302222,11.3099386714499));
#3144=CARTESIAN_POINT('',(9.89104279042062,28.986411987442,5.76575583026418));
#3145=CARTESIAN_POINT('',(9.85198029042062,29.554294006279,8.88178419700125E-16));
#3146=CARTESIAN_POINT('',(9.81291779042062,28.986411987442,-5.76575583026418));
#3147=CARTESIAN_POINT('',(9.77385529042062,27.3046073302222,-11.3099386714499));
#3148=CARTESIAN_POINT('',(9.73479279042062,24.5734935248329,-16.4194834323416));
#3149=CARTESIAN_POINT('',(9.69573029042062,20.8980417050208,-20.8980417050208));
#3150=CARTESIAN_POINT('',(9.65666779042062,16.4194834323416,-24.5734935248329));
#3151=CARTESIAN_POINT('',(9.61760529042062,11.3099386714499,-27.3046073302222));
#3152=CARTESIAN_POINT('',(9.57854279042062,5.7657558302642,-28.986411987442));
#3153=CARTESIAN_POINT('',(9.53948029042062,3.5527136788005E-15,-29.554294006279));
#3154=CARTESIAN_POINT('',(9.50041779042062,-5.76575583026419,-28.986411987442));
#3155=CARTESIAN_POINT('',(9.46135529042062,-11.3099386714498,-27.3046073302222));
#3156=CARTESIAN_POINT('',(9.42229279042062,-16.4194834323416,-24.5734935248329));
#3157=CARTESIAN_POINT('',(9.38323029042062,-20.8980417050208,-20.8980417050208));
#3158=CARTESIAN_POINT('',(9.34416779042062,-24.5734935248329,-16.4194834323416));
#3159=CARTESIAN_POINT('',(9.30510529042062,-27.3046073302222,-11.3099386714499));
#3160=CARTESIAN_POINT('',(9.26604279042062,-28.986411987442,-5.76575583026419));
#3161=CARTESIAN_POINT('',(9.22698029042062,-29.554294006279,-4.44089209850063E-15));
#3162=CARTESIAN_POINT('',(9.18791779042062,-28.986411987442,5.76575583026418));
#3163=CARTESIAN_POINT('',(9.14885529042062,-27.3046073302222,11.3099386714499));
#3164=CARTESIAN_POINT('',(9.10979279042062,-24.5734935248329,16.4194834323415));
#3165=CARTESIAN_POINT('',(9.07073029042062,-20.8980417050208,20.8980417050208));
#3166=CARTESIAN_POINT('',(9.03166779042062,-16.4194834323416,24.5734935248329));
#3167=CARTESIAN_POINT('',(8.99260529042062,-11.3099386714499,27.3046073302222));
#3168=CARTESIAN_POINT('',(8.95354279042062,-5.76575583026419,28.986411987442));
#3169=CARTESIAN_POINT('',(8.91448029042062,-6.66133814775094E-15,29.554294006279));
#3170=CARTESIAN_POINT('',(8.87541779042062,5.76575583026418,28.986411987442));
#3171=CARTESIAN_POINT('',(8.83635529042062,11.3099386714499,27.3046073302222));
#3172=CARTESIAN_POINT('',(8.79729279042062,16.4194834323416,24.5734935248329));
#3173=CARTESIAN_POINT('',(8.75823029042062,20.8980417050208,20.8980417050208));
#3174=CARTESIAN_POINT('',(8.71916779042062,24.5734935248329,16.4194834323416));
#3175=CARTESIAN_POINT('',(8.68010529042062,27.3046073302222,11.3099386714499));
#3176=CARTESIAN_POINT('',(8.64104279042062,28.986411987442,5.7657558302642));
#3177=CARTESIAN_POINT('',(8.60198029042062,29.554294006279,-4.44089209850063E-15));
#3178=CARTESIAN_POINT('',(8.56291779042062,28.986411987442,-5.76575583026413));
#3179=CARTESIAN_POINT('',(8.52385529042062,27.3046073302222,-11.3099386714499));
#3180=CARTESIAN_POINT('',(8.48479279042062,24.5734935248329,-16.4194834323416));
#3181=CARTESIAN_POINT('',(8.44573029042062,20.8980417050209,-20.8980417050208));
#3182=CARTESIAN_POINT('',(8.40666779042062,16.4194834323416,-24.5734935248329));
#3183=CARTESIAN_POINT('',(8.36760529042062,11.3099386714499,-27.3046073302222));
#3184=CARTESIAN_POINT('',(8.32854279042062,5.76575583026415,-28.986411987442));
#3185=CARTESIAN_POINT('',(8.28948029042062,1.02140518265514E-14,-29.554294006279));
#3186=CARTESIAN_POINT('',(8.25041779042062,-5.76575583026412,-28.986411987442));
#3187=CARTESIAN_POINT('',(8.21135529042062,-11.3099386714499,-27.3046073302222));
#3188=CARTESIAN_POINT('',(8.17229279042062,-16.4194834323415,-24.5734935248329));
#3189=CARTESIAN_POINT('',(8.13323029042062,-20.8980417050209,-20.8980417050208));
#3190=CARTESIAN_POINT('',(8.09416779042062,-24.5734935248329,-16.4194834323416));
#3191=CARTESIAN_POINT('',(8.05510529042062,-27.3046073302222,-11.3099386714499));
#3192=CARTESIAN_POINT('',(8.01604279042062,-28.986411987442,-5.76575583026415));
#3193=CARTESIAN_POINT('',(7.97698029042062,-29.554294006279,-1.28785870856518E-14));
#3194=CARTESIAN_POINT('',(7.93791779042062,-28.986411987442,5.76575583026412));
#3195=CARTESIAN_POINT('',(7.89885529042062,-27.3046073302222,11.3099386714499));
#3196=CARTESIAN_POINT('',(7.85979279042062,-24.5734935248329,16.4194834323416));
#3197=CARTESIAN_POINT('',(7.82073029042062,-20.8980417050209,20.8980417050208));
#3198=CARTESIAN_POINT('',(7.78166779042062,-16.4194834323416,24.5734935248329));
#3199=CARTESIAN_POINT('',(7.74260529042062,-11.3099386714499,27.3046073302222));
#3200=CARTESIAN_POINT('',(7.70354279042062,-5.76575583026415,28.986411987442));
#3201=CARTESIAN_POINT('',(7.66448029042062,-1.50990331349021E-14,29.554294006279));
#3202=CARTESIAN_POINT('',(7.62541779042062,5.76575583026412,28.986411987442));
#3203=CARTESIAN_POINT('',(7.58635529042062,11.3099386714499,27.3046073302222));
#3204=CARTESIAN_POINT('',(7.54729279042062,16.4194834323415,24.573493524833));
#3205=CARTESIAN_POINT('',(7.50823029042062,20.8980417050209,20.8980417050208));
#3206=CARTESIAN_POINT('',(7.46916779042062,24.5734935248329,16.4194834323416));
#3207=CARTESIAN_POINT('',(7.43010529042062,27.3046073302222,11.3099386714499));
#3208=CARTESIAN_POINT('',(7.39104279042062,28.986411987442,5.76575583026415));
#3209=CARTESIAN_POINT('',(7.35198029042062,29.554294006279,1.68753899743024E-14));
#3210=CARTESIAN_POINT('',(7.31291779042062,28.986411987442,-5.76575583026412));
#3211=CARTESIAN_POINT('',(7.27385529042062,27.3046073302222,-11.3099386714499));
#3212=CARTESIAN_POINT('',(7.23479279042062,24.5734935248329,-16.4194834323416));
#3213=CARTESIAN_POINT('',(7.19573029042062,20.8980417050209,-20.8980417050208));
#3214=CARTESIAN_POINT('',(7.15666779042062,16.4194834323416,-24.5734935248329));
#3215=CARTESIAN_POINT('',(7.11760529042062,11.3099386714499,-27.3046073302222));
#3216=CARTESIAN_POINT('',(7.07854279042062,5.76575583026415,-28.986411987442));
#3217=CARTESIAN_POINT('',(7.03948029042062,2.48689957516035E-14,-29.554294006279));
#3218=CARTESIAN_POINT('',(7.00041779042062,-5.76575583026414,-28.986411987442));
#3219=CARTESIAN_POINT('',(6.96135529042062,-11.3099386714498,-27.3046073302222));
#3220=CARTESIAN_POINT('',(6.92229279042062,-16.4194834323416,-24.5734935248329));
#3221=CARTESIAN_POINT('',(6.88323029042062,-20.8980417050208,-20.8980417050208));
#3222=CARTESIAN_POINT('',(6.84416779042062,-24.5734935248329,-16.4194834323416));
#3223=CARTESIAN_POINT('',(6.80510529042062,-27.3046073302222,-11.3099386714499));
#3224=CARTESIAN_POINT('',(6.76604279042062,-28.9864119874419,-5.76575583026423));
#3225=CARTESIAN_POINT('',(6.72698029042062,-29.554294006279,-1.11022302462516E-13));
#3226=CARTESIAN_POINT('',(6.68791779042062,-28.986411987442,5.76575583026424));
#3227=CARTESIAN_POINT('',(6.64885529042062,-27.3046073302222,11.3099386714498));
#3228=CARTESIAN_POINT('',(6.60979279042062,-24.5734935248329,16.4194834323415));
#3229=CARTESIAN_POINT('',(6.57073029042062,-20.8980417050209,20.8980417050208));
#3230=CARTESIAN_POINT('',(6.53166779042062,-16.4194834323417,24.5734935248329));
#3231=CARTESIAN_POINT('',(6.49260529042062,-11.3099386714498,27.3046073302222));
#3232=CARTESIAN_POINT('',(6.45354279042062,-5.76575583026418,28.986411987442));
#3233=CARTESIAN_POINT('',(6.41448029042062,-2.22044604925031E-14,29.554294006279));
#3234=CARTESIAN_POINT('',(6.37541779042062,5.76575583026414,28.986411987442));
#3235=CARTESIAN_POINT('',(6.33635529042062,11.3099386714498,27.3046073302222));
#3236=CARTESIAN_POINT('',(6.29729279042062,16.4194834323416,24.5734935248329));
#3237=CARTESIAN_POINT('',(6.25823029042062,20.8980417050208,20.8980417050208));
#3238=CARTESIAN_POINT('',(6.21916779042062,24.5734935248329,16.4194834323416));
#3239=CARTESIAN_POINT('',(6.18010529042062,27.3046073302222,11.3099386714499));
#3240=CARTESIAN_POINT('',(6.14104279042062,28.9864119874419,5.76575583026429));
#3241=CARTESIAN_POINT('',(6.10198029042062,29.554294006279,-6.83897383169096E-14));
#3242=CARTESIAN_POINT('',(6.06291779042062,28.986411987442,-5.76575583026419));
#3243=CARTESIAN_POINT('',(6.02385529042062,27.3046073302222,-11.3099386714498));
#3244=CARTESIAN_POINT('',(5.98479279042062,24.5734935248329,-16.4194834323416));
#3245=CARTESIAN_POINT('',(5.94573029042062,20.8980417050209,-20.8980417050208));
#3246=CARTESIAN_POINT('',(5.90666779042062,16.4194834323417,-24.5734935248328));
#3247=CARTESIAN_POINT('',(5.86760529042062,11.3099386714498,-27.3046073302222));
#3248=CARTESIAN_POINT('',(5.82854279042062,5.76575583026418,-28.986411987442));
#3249=CARTESIAN_POINT('',(5.78948029042062,2.53130849614536E-14,-29.554294006279));
#3250=CARTESIAN_POINT('',(5.75041779042062,-5.76575583026414,-28.986411987442));
#3251=CARTESIAN_POINT('',(5.71135529042062,-11.3099386714498,-27.3046073302222));
#3252=CARTESIAN_POINT('',(5.67229279042062,-16.4194834323416,-24.5734935248329));
#3253=CARTESIAN_POINT('',(5.63323029042062,-20.8980417050208,-20.8980417050208));
#3254=CARTESIAN_POINT('',(5.59416779042062,-24.5734935248329,-16.4194834323416));
#3255=CARTESIAN_POINT('',(5.55510529042062,-27.3046073302222,-11.3099386714499));
#3256=CARTESIAN_POINT('',(5.51604279042062,-28.986411987442,-5.76575583026424));
#3257=CARTESIAN_POINT('',(5.47698029042062,-29.554294006279,-1.17239551400417E-13));
#3258=CARTESIAN_POINT('',(5.43791779042062,-28.986411987442,5.76575583026424));
#3259=CARTESIAN_POINT('',(5.39885529042062,-27.3046073302222,11.3099386714498));
#3260=CARTESIAN_POINT('',(5.35979279042062,-24.5734935248329,16.4194834323415));
#3261=CARTESIAN_POINT('',(5.32073029042062,-20.8980417050209,20.8980417050208));
#3262=CARTESIAN_POINT('',(5.28166779042062,-16.4194834323417,24.5734935248329));
#3263=CARTESIAN_POINT('',(5.24260529042062,-11.3099386714498,27.3046073302222));
#3264=CARTESIAN_POINT('',(5.20354279042062,-5.76575583026419,28.986411987442));
#3265=CARTESIAN_POINT('',(5.16448029042062,-2.88657986402541E-14,29.554294006279));
#3266=CARTESIAN_POINT('',(5.12541779042062,5.76575583026413,28.986411987442));
#3267=CARTESIAN_POINT('',(5.08635529042062,11.3099386714498,27.3046073302222));
#3268=CARTESIAN_POINT('',(5.04729279042062,16.4194834323416,24.5734935248329));
#3269=CARTESIAN_POINT('',(5.00823029042062,20.8980417050208,20.8980417050208));
#3270=CARTESIAN_POINT('',(4.96916779042062,24.5734935248329,16.4194834323416));
#3271=CARTESIAN_POINT('',(4.93010529042062,27.3046073302222,11.3099386714499));
#3272=CARTESIAN_POINT('',(4.89104279042062,28.9864119874419,5.76575583026429));
#3273=CARTESIAN_POINT('',(4.85198029042062,29.554294006279,-6.12843109593086E-14));
#3274=CARTESIAN_POINT('',(4.81291779042062,28.986411987442,-5.76575583026418));
#3275=CARTESIAN_POINT('',(4.77385529042062,27.3046073302222,-11.3099386714498));
#3276=CARTESIAN_POINT('',(4.73479279042062,24.5734935248329,-16.4194834323415));
#3277=CARTESIAN_POINT('',(4.69573029042062,20.8980417050209,-20.8980417050208));
#3278=CARTESIAN_POINT('',(4.65666779042062,16.4194834323417,-24.5734935248329));
#3279=CARTESIAN_POINT('',(4.61760529042062,11.3099386714498,-27.3046073302222));
#3280=CARTESIAN_POINT('',(4.57854279042062,5.76575583026419,-28.986411987442));
#3281=CARTESIAN_POINT('',(4.53948029042062,3.24185123190546E-14,-29.554294006279));
#3282=CARTESIAN_POINT('',(4.50041779042062,-5.76575583026413,-28.986411987442));
#3283=CARTESIAN_POINT('',(4.46135529042062,-11.3099386714498,-27.3046073302222));
#3284=CARTESIAN_POINT('',(4.42229279042062,-16.4194834323416,-24.5734935248329));
#3285=CARTESIAN_POINT('',(4.38323029042062,-20.8980417050208,-20.8980417050208));
#3286=CARTESIAN_POINT('',(4.34416779042062,-24.5734935248329,-16.4194834323416));
#3287=CARTESIAN_POINT('',(4.30510529042062,-27.3046073302222,-11.3099386714499));
#3288=CARTESIAN_POINT('',(4.26604279042062,-28.9864119874419,-5.76575583026425));
#3289=CARTESIAN_POINT('',(4.22698029042062,-29.554294006279,-1.25677246387568E-13));
#3290=CARTESIAN_POINT('',(4.18791779042062,-28.986411987442,5.76575583026423));
#3291=CARTESIAN_POINT('',(4.14885529042062,-27.3046073302222,11.3099386714498));
#3292=CARTESIAN_POINT('',(4.10979279042062,-24.5734935248329,16.4194834323415));
#3293=CARTESIAN_POINT('',(4.07073029042062,-20.8980417050209,20.8980417050208));
#3294=CARTESIAN_POINT('',(4.03166779042062,-16.4194834323417,24.5734935248328));
#3295=CARTESIAN_POINT('',(3.99260529042062,-11.3099386714498,27.3046073302222));
#3296=CARTESIAN_POINT('',(3.95354279042062,-5.76575583026419,28.986411987442));
#3297=CARTESIAN_POINT('',(3.91448029042062,-3.5527136788005E-14,29.554294006279));
#3298=CARTESIAN_POINT('',(3.87541779042062,5.76575583026412,28.986411987442));
#3299=CARTESIAN_POINT('',(3.83635529042062,11.3099386714498,27.3046073302222));
#3300=CARTESIAN_POINT('',(3.79729279042062,16.4194834323415,24.573493524833));
#3301=CARTESIAN_POINT('',(3.75823029042062,20.8980417050208,20.8980417050209));
#3302=CARTESIAN_POINT('',(3.71916779042062,24.5734935248328,16.4194834323418));
#3303=CARTESIAN_POINT('',(3.68010529042062,27.3046073302223,11.3099386714497));
#3304=CARTESIAN_POINT('',(3.64104279042062,28.986411987442,5.76575583026415));
#3305=CARTESIAN_POINT('',(3.60198029042062,29.554294006279,-1.59872115546023E-14));
#3306=CARTESIAN_POINT('',(3.56291779042062,28.986411987442,-5.76575583026417));
#3307=CARTESIAN_POINT('',(3.52385529042062,27.3046073302222,-11.3099386714498));
#3308=CARTESIAN_POINT('',(3.48479279042062,24.573493524833,-16.4194834323415));
#3309=CARTESIAN_POINT('',(3.44573029042062,20.8980417050209,-20.8980417050208));
#3310=CARTESIAN_POINT('',(3.40666779042062,16.4194834323416,-24.5734935248329));
#3311=CARTESIAN_POINT('',(3.36760529042062,11.30993867145,-27.3046073302221));
#3312=CARTESIAN_POINT('',(3.32854279042062,5.7657558302643,-28.986411987442));
#3313=CARTESIAN_POINT('',(3.28948029042062,2.21600515715181E-13,-29.554294006279));
#3314=CARTESIAN_POINT('',(3.25041779042062,-5.76575583026433,-28.9864119874419));
#3315=CARTESIAN_POINT('',(3.21135529042062,-11.3099386714498,-27.3046073302222));
#3316=CARTESIAN_POINT('',(3.17229279042062,-16.4194834323416,-24.5734935248329));
#3317=CARTESIAN_POINT('',(3.13323029042062,-20.8980417050208,-20.8980417050208));
#3318=CARTESIAN_POINT('',(3.09416779042062,-24.5734935248329,-16.4194834323416));
#3319=CARTESIAN_POINT('',(3.05510529042062,-27.3046073302222,-11.3099386714499));
#3320=CARTESIAN_POINT('',(3.01604279042062,-28.986411987442,-5.76575583026425));
#3321=CARTESIAN_POINT('',(2.97698029042062,-29.554294006279,-9.37028232783632E-14));
#3322=CARTESIAN_POINT('',(2.93791779042062,-28.986411987442,5.76575583026407));
#3323=CARTESIAN_POINT('',(2.89885529042062,-27.3046073302223,11.3099386714497));
#3324=CARTESIAN_POINT('',(2.85979279042062,-24.5734935248328,16.4194834323417));
#3325=CARTESIAN_POINT('',(2.82073029042062,-20.8980417050208,20.8980417050208));
#3326=CARTESIAN_POINT('',(2.78166779042062,-16.4194834323416,24.5734935248329));
#3327=CARTESIAN_POINT('',(2.74260529042062,-11.3099386714499,27.3046073302222));
#3328=CARTESIAN_POINT('',(2.70354279042062,-5.7657558302642,28.986411987442));
#3329=CARTESIAN_POINT('',(2.66448029042062,-4.17443857259059E-14,29.554294006279));
#3330=CARTESIAN_POINT('',(2.62541779042062,5.76575583026412,28.986411987442));
#3331=CARTESIAN_POINT('',(2.58635529042062,11.3099386714498,27.3046073302222));
#3332=CARTESIAN_POINT('',(2.54729279042062,16.4194834323415,24.573493524833));
#3333=CARTESIAN_POINT('',(2.50823029042062,20.8980417050208,20.8980417050209));
#3334=CARTESIAN_POINT('',(2.46916779042062,24.5734935248328,16.4194834323418));
#3335=CARTESIAN_POINT('',(2.43010529042062,27.3046073302222,11.3099386714497));
#3336=CARTESIAN_POINT('',(2.39104279042062,28.986411987442,5.76575583026415));
#3337=CARTESIAN_POINT('',(2.35198029042062,29.554294006279,-7.105427357601E-15));
#3338=CARTESIAN_POINT('',(2.31291779042062,28.986411987442,-5.76575583026417));
#3339=CARTESIAN_POINT('',(2.27385529042062,27.3046073302222,-11.3099386714498));
#3340=CARTESIAN_POINT('',(2.23479279042062,24.573493524833,-16.4194834323415));
#3341=CARTESIAN_POINT('',(2.19573029042062,20.8980417050209,-20.8980417050208));
#3342=CARTESIAN_POINT('',(2.15666779042062,16.4194834323416,-24.5734935248329));
#3343=CARTESIAN_POINT('',(2.11760529042062,11.3099386714499,-27.3046073302221));
#3344=CARTESIAN_POINT('',(2.07854279042062,5.76575583026441,-28.9864119874419));
#3345=CARTESIAN_POINT('',(2.03948029042062,-1.36779476633819E-13,-29.554294006279));
#3346=CARTESIAN_POINT('',(2.00041779042062,-5.76575583026422,-28.986411987442));
#3347=CARTESIAN_POINT('',(1.96135529042062,-11.3099386714499,-27.3046073302222));
#3348=CARTESIAN_POINT('',(1.92229279042062,-16.4194834323416,-24.5734935248329));
#3349=CARTESIAN_POINT('',(1.88323029042062,-20.8980417050208,-20.8980417050209));
#3350=CARTESIAN_POINT('',(1.84416779042062,-24.5734935248329,-16.4194834323416));
#3351=CARTESIAN_POINT('',(1.80510529042062,-27.3046073302222,-11.3099386714499));
#3352=CARTESIAN_POINT('',(1.76604279042062,-28.9864119874419,-5.76575583026426));
#3353=CARTESIAN_POINT('',(1.72698029042062,-29.554294006279,-1.01252339845814E-13));
#3354=CARTESIAN_POINT('',(1.68791779042062,-28.986411987442,5.76575583026406));
#3355=CARTESIAN_POINT('',(1.64885529042062,-27.3046073302223,11.3099386714497));
#3356=CARTESIAN_POINT('',(1.60979279042062,-24.5734935248328,16.4194834323417));
#3357=CARTESIAN_POINT('',(1.57073029042062,-20.8980417050208,20.8980417050208));
#3358=CARTESIAN_POINT('',(1.53166779042062,-16.4194834323416,24.5734935248329));
#3359=CARTESIAN_POINT('',(1.49260529042062,-11.3099386714499,27.3046073302222));
#3360=CARTESIAN_POINT('',(1.45354279042062,-5.76575583026421,28.986411987442));
#3361=CARTESIAN_POINT('',(1.41448029042062,-5.01820807130571E-14,29.554294006279));
#3362=CARTESIAN_POINT('',(1.37541779042062,5.76575583026411,28.986411987442));
#3363=CARTESIAN_POINT('',(1.34825089355094,9.62158286317702,27.8167629972943));
#3364=CARTESIAN_POINT('',(1.33410483001459,11.5438481502164,27.0012983714684));
#3365=CARTESIAN_POINT('',(1.33297959981157,11.696190139146,26.9351385477452));
#3366=CARTESIAN_POINT('',(1.,-29.9181737352509,2.21424487068244));
#3367=CARTESIAN_POINT('',(1.041854722227,-30.3855427151972,-4.10069641049252));
#3368=CARTESIAN_POINT('',(1.08327050692321,-28.8307252119655,-10.4193227632866));
#3369=CARTESIAN_POINT('',(1.16647898055868,-22.1950917707275,-21.145942976902));
#3370=CARTESIAN_POINT('',(1.20816035885749,-17.1752425213773,-25.3847141044473));
#3371=CARTESIAN_POINT('',(1.29147183305922,-5.56168776179219,-30.1403433137876));
#3372=CARTESIAN_POINT('',(1.33313809566384,1.04336374442481,-30.6277540310315));
#3373=CARTESIAN_POINT('',(1.41656207984503,13.1993491195171,-27.6572794705056));
#3374=CARTESIAN_POINT('',(1.45834749444414,18.8516735584565,-24.1600352775388));
#3375=CARTESIAN_POINT('',(1.54145250423888,26.9335202394521,-14.6177422359799));
#3376=CARTESIAN_POINT('',(1.58352069187125,29.4521861322748,-8.4720056256153));
#3377=CARTESIAN_POINT('',(1.66629944329021,30.3821467843695,4.01637947206757));
#3378=CARTESIAN_POINT('',(1.70840906045338,28.8194252067778,10.4370168876427));
#3379=CARTESIAN_POINT('',(1.7913214573938,22.2079044916732,21.1258033894742));
#3380=CARTESIAN_POINT('',(1.83277384989846,17.2290073186126,25.361869316435));
#3381=CARTESIAN_POINT('',(1.91681009812095,5.51464806071846,30.1604337696783));
#3382=CARTESIAN_POINT('',(1.95829240215412,-1.06735328622988,30.6287337818415));
#3383=CARTESIAN_POINT('',(2.04183315461661,-13.2373355870306,27.6411201414284));
#3384=CARTESIAN_POINT('',(2.0832681667353,-18.8477325106188,24.1732918905942));
#3385=CARTESIAN_POINT('',(2.16688495654824,-26.9717861944711,14.5639215563474));
#3386=CARTESIAN_POINT('',(2.20815280762353,-29.451054851001,8.52808176997539));
#3387=CARTESIAN_POINT('',(2.29185770926498,-30.3854100350303,-4.10117879580227));
#3388=CARTESIAN_POINT('',(2.33327371474896,-28.8306019027585,-10.4198246723448));
#3389=CARTESIAN_POINT('',(2.41648576360178,-22.1944183213304,-21.1467290060554));
#3390=CARTESIAN_POINT('',(2.45816369884111,-17.1747990956747,-25.3850559286354));
#3391=CARTESIAN_POINT('',(2.54147790699166,-5.56081889240744,-30.140538842605));
#3392=CARTESIAN_POINT('',(2.58314214270185,1.04398592275777,-30.6277483764271));
#3393=CARTESIAN_POINT('',(2.66656712393414,13.2000516359235,-27.6569614026126));
#3394=CARTESIAN_POINT('',(2.70835220603237,18.852227252064,-24.159599230287));
#3395=CARTESIAN_POINT('',(2.7914567663161,26.9338392120222,-14.6171478966483));
#3396=CARTESIAN_POINT('',(2.83352606476452,29.4523886062385,-8.47122239424499));
#3397=CARTESIAN_POINT('',(2.91630317644674,30.3820465947924,4.01697002447201));
#3398=CARTESIAN_POINT('',(2.95841512431977,28.8190677617343,10.4378826663586));
#3399=CARTESIAN_POINT('',(3.04132493363229,22.2075011843269,21.1261674792241));
#3400=CARTESIAN_POINT('',(3.08280294211734,17.2249709687879,25.3636608805579));
#3401=CARTESIAN_POINT('',(3.16678905587173,5.51756227108883,30.1591018553966));
#3402=CARTESIAN_POINT('',(3.20804899773692,-1.03161736096365,30.636236156059));
#3403=CARTESIAN_POINT('',(3.2919982130231,-13.2616580267138,27.636418483077));
#3404=CARTESIAN_POINT('',(3.3328581412746,-18.8058177815537,24.218128723171));
#3405=CARTESIAN_POINT('',(3.41710265444975,-26.9950099939259,14.5411820947583));
#3406=CARTESIAN_POINT('',(3.45823678293535,-29.4484372248617,8.51472969052271));
#3407=CARTESIAN_POINT('',(3.54154774674188,-30.3854954503572,-4.05373197505907));
#3408=CARTESIAN_POINT('',(3.58345356878538,-28.8148710153329,-10.442085882603));
#3409=CARTESIAN_POINT('',(3.66620083321795,-22.2185273156698,-21.1109211815298));
#3410=CARTESIAN_POINT('',(3.70828067878116,-17.1584328036192,-25.3913280861599));
#3411=CARTESIAN_POINT('',(3.79133563888567,-5.58071033053172,-30.1328231412528));
#3412=CARTESIAN_POINT('',(3.83317393050235,1.04865122755916,-30.6267589703874));
#3413=CARTESIAN_POINT('',(3.91654470358543,13.1967512825373,-27.6576172150479));
#3414=CARTESIAN_POINT('',(3.95827701815497,18.8449025404984,-24.1682184003324));
#3415=CARTESIAN_POINT('',(4.041530737907,26.9410456440222,-14.6086683860562));
#3416=CARTESIAN_POINT('',(4.08332029371966,29.4491858247278,-8.50209431322263));
#3417=CARTESIAN_POINT('',(4.16645206915471,30.3846099738151,4.03926109448442));
#3418=CARTESIAN_POINT('',(4.20805438511462,28.8457217214551,10.389973586281));
#3419=CARTESIAN_POINT('',(4.27065898211377,23.8565419264168,18.46272489374));
#3420=CARTESIAN_POINT('',(4.29123216531572,21.8179898490084,20.8327489066409));
#3421=CARTESIAN_POINT('',(4.33332633765223,16.9875085071423,24.9289523000537));
#3422=CARTESIAN_POINT('',(4.35391803402561,14.2818643575414,26.5711371357819));
#3423=CARTESIAN_POINT('',(4.41689528135221,5.5022066332485,30.1614594313339));
#3424=CARTESIAN_POINT('',(4.45799605127711,-1.02432753445081,30.6399654611277));
#3425=CARTESIAN_POINT('',(4.5421706964727,-13.2863618536215,27.6284150658623));
#3426=CARTESIAN_POINT('',(4.58299199565743,-18.8196892472359,24.2036984398553));
#3427=CARTESIAN_POINT('',(4.66704871116328,-26.9889056623583,14.5464323006815));
#3428=CARTESIAN_POINT('',(4.70840411428535,-29.4523919518383,8.48988416047409));
#3429=CARTESIAN_POINT('',(4.79151278450938,-30.383026270232,-4.04885655529718));
#3430=CARTESIAN_POINT('',(4.83359500386599,-28.8057957001278,-10.4617876345866));
#3431=CARTESIAN_POINT('',(4.9162265289942,-22.2142750462963,-21.1127651101458));
#3432=CARTESIAN_POINT('',(4.95838749445709,-17.1439809882258,-25.4003886044656));
#3433=CARTESIAN_POINT('',(5.04141426318236,-5.56931114770985,-30.1343425135262));
#3434=CARTESIAN_POINT('',(5.08324619526169,1.05984100161908,-30.6270120518768));
#3435=CARTESIAN_POINT('',(5.16665823086351,13.2126321152894,-27.6507410888125));
#3436=CARTESIAN_POINT('',(5.2083020260827,18.8491167436779,-24.1673057951193));
#3437=CARTESIAN_POINT('',(5.29167282562892,26.9530773528301,-14.5903904205461));
#3438=CARTESIAN_POINT('',(5.33328547428029,29.4508387821786,-8.50774049250996));
#3439=CARTESIAN_POINT('',(5.41661712864126,30.3844193190156,4.06455605300297));
#3440=CARTESIAN_POINT('',(5.45803065768119,28.848648896202,10.3876018314255));
#3441=CARTESIAN_POINT('',(5.54162860081305,22.1843622873243,21.1660313911066));
#3442=CARTESIAN_POINT('',(5.58295089634766,17.204058268497,25.3701170711467));
#3443=CARTESIAN_POINT('',(5.66651765709838,5.55568233846486,30.1455942861241));
#3444=CARTESIAN_POINT('',(5.70800299058781,-1.02537451685542,30.6398742274277));
#3445=CARTESIAN_POINT('',(5.79217396623657,-13.2868020607813,27.6281410263163));
#3446=CARTESIAN_POINT('',(5.8329953547093,-18.8201276925695,24.2034356391062));
#3447=CARTESIAN_POINT('',(5.91705575538864,-26.9894782660236,14.5454998548971));
#3448=CARTESIAN_POINT('',(5.95840769159249,-29.4525826343788,8.48937331402437));
#3449=CARTESIAN_POINT('',(6.0415188184861,-30.382943195512,-4.04979578226751));
#3450=CARTESIAN_POINT('',(6.08359879643298,-28.8056133309248,-10.4623568408475));
#3451=CARTESIAN_POINT('',(6.16623186722901,-22.2137290377312,-21.1133728303708));
#3452=CARTESIAN_POINT('',(6.20839160929108,-17.1434288335616,-25.4007668936985));
#3453=CARTESIAN_POINT('',(6.29141913933594,-5.56860987643275,-30.1344768496733));
#3454=CARTESIAN_POINT('',(6.33325119203032,1.06060121378575,-30.6269722665225));
#3455=CARTESIAN_POINT('',(6.41666232618376,13.2131965796282,-27.6504564392186));
#3456=CARTESIAN_POINT('',(6.45830788700658,18.8497867070649,-24.1667427555654));
#3457=CARTESIAN_POINT('',(6.54167635569216,26.9533202180179,-14.5898746924194));
#3458=CARTESIAN_POINT('',(6.58329220992987,29.4510703548644,-8.50675421833023));
#3459=CARTESIAN_POINT('',(6.66662032870434,30.3842990394127,4.06506878930687));
#3460=CARTESIAN_POINT('',(6.70803376526461,28.8485419499743,10.3880960973519));
#3461=CARTESIAN_POINT('',(6.79163604867144,22.1836277538093,21.1668980450058));
#3462=CARTESIAN_POINT('',(6.8329540391225,17.203642950014,25.3704549236534));
#3463=CARTESIAN_POINT('',(6.91652432555423,5.55473006622549,30.1458170842336));
#3464=CARTESIAN_POINT('',(6.95800991807088,-1.02641973965451,30.6397833252977));
#3465=CARTESIAN_POINT('',(7.04217724374948,-13.2872434246544,27.627866763055));
#3466=CARTESIAN_POINT('',(7.08299871896052,-18.820566707337,24.2031723134947));
#3467=CARTESIAN_POINT('',(7.16706280072286,-26.9900508855759,14.5445671787118));
#3468=CARTESIAN_POINT('',(7.20841127245538,-29.4527734559925,8.48886193835432));
#3469=CARTESIAN_POINT('',(7.29152485564899,-30.3828600223246,-4.05073550386723));
#3470=CARTESIAN_POINT('',(7.3336025904758,-28.8054309081812,-10.4629263066759));
#3471=CARTESIAN_POINT('',(7.41623721043376,-22.2131825419333,-21.1139811040855));
#3472=CARTESIAN_POINT('',(7.45839572347051,-17.1428768019964,-25.4011452083016));
#3473=CARTESIAN_POINT('',(7.54142402156626,-5.56790772149342,-30.1346114384536));
#3474=CARTESIAN_POINT('',(7.58325618536071,1.06136092134433,-30.6269326416029));
#3475=CARTESIAN_POINT('',(7.66666642840979,13.21376204676,-27.6501714752413));
#3476=CARTESIAN_POINT('',(7.70831374107322,18.8504559943078,-24.1661804948561));
#3477=CARTESIAN_POINT('',(7.79167989327633,26.9535638012713,-14.5893580843742));
#3478=CARTESIAN_POINT('',(7.83329893470339,29.4513017292345,-8.50576955777372));
#3479=CARTESIAN_POINT('',(7.91662353665432,30.3841788874291,4.06558269539109));
#3480=CARTESIAN_POINT('',(7.95803687803727,28.8484346524376,10.3885911092533));
#3481=CARTESIAN_POINT('',(8.04164349744804,22.1828930491378,21.1677647167039));
#3482=CARTESIAN_POINT('',(8.08295718591435,17.2032271119619,25.370793097507));
#3483=CARTESIAN_POINT('',(8.16653099684337,5.55377735334067,30.1460399152487));
#3484=CARTESIAN_POINT('',(8.20794777339054,-1.01730657569444,30.6417442966012));
#3485=CARTESIAN_POINT('',(8.29222232324828,-13.2938706570505,27.6265164137801));
#3486=CARTESIAN_POINT('',(8.33304399550594,-18.8247581552406,24.1977408950971));
#3487=CARTESIAN_POINT('',(8.41699812512463,-26.983974157976,14.5522274127103));
#3488=CARTESIAN_POINT('',(8.45844881958499,-29.4532109901244,8.4832004146643));
#3489=CARTESIAN_POINT('',(8.54148841720036,-30.3824348947091,-4.04524125027273));
#3490=CARTESIAN_POINT('',(8.58362908311596,-28.8034972511037,-10.4664613659444));
#3491=CARTESIAN_POINT('',(8.66622439099039,-22.2140253781261,-21.1122084093331));
#3492=CARTESIAN_POINT('',(8.70840756089821,-17.1412716117209,-25.4021205499415));
#3493=CARTESIAN_POINT('',(8.79143099417397,-5.5668905958725,-30.1347083940451));
#3494=CARTESIAN_POINT('',(8.83325040605612,1.0605770538605,-30.6273892063577));
#3495=CARTESIAN_POINT('',(8.91668863358469,13.2169390592885,-27.6491286515135));
#3496=CARTESIAN_POINT('',(8.95828588930685,18.8478168406122,-24.1694547763778));
#3497=CARTESIAN_POINT('',(8.99999999999991,22.9023192626596,-19.377403654546));
#3498=CARTESIAN_POINT('',(9.08551970957941,0.,29.365));
#3499=CARTESIAN_POINT('',(9.07249887624608,1.92193475568051,29.365));
#3500=CARTESIAN_POINT('',(9.04645720957941,5.76575583026418,28.986411987442));
#3501=CARTESIAN_POINT('',(9.00739470957941,11.3099386714499,27.3046073302222));
#3502=CARTESIAN_POINT('',(8.96833220957941,16.4194834323416,24.5734935248329));
#3503=CARTESIAN_POINT('',(8.92926970957941,20.8980417050208,20.8980417050208));
#3504=CARTESIAN_POINT('',(8.89020720957941,24.5734935248329,16.4194834323416));
#3505=CARTESIAN_POINT('',(8.85114470957941,27.3046073302222,11.3099386714499));
#3506=CARTESIAN_POINT('',(8.81208220957941,28.986411987442,5.76575583026418));
#3507=CARTESIAN_POINT('',(8.77301970957941,29.554294006279,8.88178419700125E-16));
#3508=CARTESIAN_POINT('',(8.73395720957941,28.986411987442,-5.76575583026418));
#3509=CARTESIAN_POINT('',(8.69489470957941,27.3046073302222,-11.3099386714499));
#3510=CARTESIAN_POINT('',(8.65583220957941,24.5734935248329,-16.4194834323416));
#3511=CARTESIAN_POINT('',(8.61676970957941,20.8980417050208,-20.8980417050208));
#3512=CARTESIAN_POINT('',(8.57770720957941,16.4194834323416,-24.5734935248329));
#3513=CARTESIAN_POINT('',(8.53864470957941,11.3099386714499,-27.3046073302222));
#3514=CARTESIAN_POINT('',(8.49958220957941,5.7657558302642,-28.986411987442));
#3515=CARTESIAN_POINT('',(8.46051970957941,3.5527136788005E-15,-29.554294006279));
#3516=CARTESIAN_POINT('',(8.42145720957941,-5.76575583026419,-28.986411987442));
#3517=CARTESIAN_POINT('',(8.38239470957941,-11.3099386714498,-27.3046073302222));
#3518=CARTESIAN_POINT('',(8.34333220957941,-16.4194834323416,-24.5734935248329));
#3519=CARTESIAN_POINT('',(8.30426970957941,-20.8980417050208,-20.8980417050208));
#3520=CARTESIAN_POINT('',(8.26520720957941,-24.5734935248329,-16.4194834323416));
#3521=CARTESIAN_POINT('',(8.22614470957941,-27.3046073302222,-11.3099386714499));
#3522=CARTESIAN_POINT('',(8.18708220957941,-28.986411987442,-5.76575583026419));
#3523=CARTESIAN_POINT('',(8.14801970957941,-29.554294006279,-4.44089209850063E-15));
#3524=CARTESIAN_POINT('',(8.10895720957941,-28.986411987442,5.76575583026418));
#3525=CARTESIAN_POINT('',(8.06989470957941,-27.3046073302222,11.3099386714499));
#3526=CARTESIAN_POINT('',(8.03083220957941,-24.5734935248329,16.4194834323415));
#3527=CARTESIAN_POINT('',(7.99176970957941,-20.8980417050208,20.8980417050208));
#3528=CARTESIAN_POINT('',(7.95270720957941,-16.4194834323416,24.5734935248329));
#3529=CARTESIAN_POINT('',(7.91364470957941,-11.3099386714499,27.3046073302222));
#3530=CARTESIAN_POINT('',(7.87458220957941,-5.76575583026419,28.986411987442));
#3531=CARTESIAN_POINT('',(7.83551970957941,-6.66133814775094E-15,29.554294006279));
#3532=CARTESIAN_POINT('',(7.79645720957941,5.76575583026418,28.986411987442));
#3533=CARTESIAN_POINT('',(7.75739470957941,11.3099386714499,27.3046073302222));
#3534=CARTESIAN_POINT('',(7.71833220957941,16.4194834323416,24.5734935248329));
#3535=CARTESIAN_POINT('',(7.67926970957941,20.8980417050208,20.8980417050208));
#3536=CARTESIAN_POINT('',(7.64020720957941,24.5734935248329,16.4194834323416));
#3537=CARTESIAN_POINT('',(7.60114470957941,27.3046073302222,11.3099386714499));
#3538=CARTESIAN_POINT('',(7.56208220957941,28.986411987442,5.7657558302642));
#3539=CARTESIAN_POINT('',(7.52301970957941,29.554294006279,-4.44089209850063E-15));
#3540=CARTESIAN_POINT('',(7.48395720957941,28.986411987442,-5.76575583026413));
#3541=CARTESIAN_POINT('',(7.44489470957941,27.3046073302222,-11.3099386714499));
#3542=CARTESIAN_POINT('',(7.40583220957941,24.5734935248329,-16.4194834323416));
#3543=CARTESIAN_POINT('',(7.36676970957941,20.8980417050209,-20.8980417050208));
#3544=CARTESIAN_POINT('',(7.32770720957941,16.4194834323416,-24.5734935248329));
#3545=CARTESIAN_POINT('',(7.28864470957941,11.3099386714499,-27.3046073302222));
#3546=CARTESIAN_POINT('',(7.24958220957941,5.76575583026415,-28.986411987442));
#3547=CARTESIAN_POINT('',(7.21051970957941,1.02140518265514E-14,-29.554294006279));
#3548=CARTESIAN_POINT('',(7.17145720957941,-5.76575583026412,-28.986411987442));
#3549=CARTESIAN_POINT('',(7.13239470957941,-11.3099386714499,-27.3046073302222));
#3550=CARTESIAN_POINT('',(7.09333220957941,-16.4194834323415,-24.5734935248329));
#3551=CARTESIAN_POINT('',(7.05426970957941,-20.8980417050209,-20.8980417050208));
#3552=CARTESIAN_POINT('',(7.01520720957941,-24.5734935248329,-16.4194834323416));
#3553=CARTESIAN_POINT('',(6.97614470957941,-27.3046073302222,-11.3099386714499));
#3554=CARTESIAN_POINT('',(6.93708220957941,-28.986411987442,-5.76575583026415));
#3555=CARTESIAN_POINT('',(6.89801970957941,-29.554294006279,-1.28785870856518E-14));
#3556=CARTESIAN_POINT('',(6.85895720957941,-28.986411987442,5.76575583026412));
#3557=CARTESIAN_POINT('',(6.81989470957941,-27.3046073302222,11.3099386714499));
#3558=CARTESIAN_POINT('',(6.78083220957941,-24.5734935248329,16.4194834323416));
#3559=CARTESIAN_POINT('',(6.74176970957941,-20.8980417050209,20.8980417050208));
#3560=CARTESIAN_POINT('',(6.70270720957941,-16.4194834323416,24.5734935248329));
#3561=CARTESIAN_POINT('',(6.66364470957941,-11.3099386714499,27.3046073302222));
#3562=CARTESIAN_POINT('',(6.62458220957941,-5.76575583026415,28.986411987442));
#3563=CARTESIAN_POINT('',(6.58551970957941,-1.50990331349021E-14,29.554294006279));
#3564=CARTESIAN_POINT('',(6.54645720957941,5.76575583026412,28.986411987442));
#3565=CARTESIAN_POINT('',(6.50739470957941,11.3099386714499,27.3046073302222));
#3566=CARTESIAN_POINT('',(6.46833220957941,16.4194834323415,24.573493524833));
#3567=CARTESIAN_POINT('',(6.42926970957941,20.8980417050209,20.8980417050208));
#3568=CARTESIAN_POINT('',(6.39020720957941,24.5734935248329,16.4194834323416));
#3569=CARTESIAN_POINT('',(6.35114470957941,27.3046073302222,11.3099386714499));
#3570=CARTESIAN_POINT('',(6.31208220957941,28.986411987442,5.76575583026415));
#3571=CARTESIAN_POINT('',(6.27301970957941,29.554294006279,1.68753899743024E-14));
#3572=CARTESIAN_POINT('',(6.23395720957941,28.986411987442,-5.76575583026412));
#3573=CARTESIAN_POINT('',(6.19489470957941,27.3046073302222,-11.3099386714499));
#3574=CARTESIAN_POINT('',(6.15583220957941,24.5734935248329,-16.4194834323416));
#3575=CARTESIAN_POINT('',(6.11676970957941,20.8980417050209,-20.8980417050208));
#3576=CARTESIAN_POINT('',(6.07770720957941,16.4194834323416,-24.5734935248329));
#3577=CARTESIAN_POINT('',(6.03864470957941,11.3099386714499,-27.3046073302222));
#3578=CARTESIAN_POINT('',(5.99958220957941,5.76575583026415,-28.986411987442));
#3579=CARTESIAN_POINT('',(5.96051970957941,2.48689957516035E-14,-29.554294006279));
#3580=CARTESIAN_POINT('',(5.92145720957941,-5.76575583026414,-28.986411987442));
#3581=CARTESIAN_POINT('',(5.88239470957941,-11.3099386714498,-27.3046073302222));
#3582=CARTESIAN_POINT('',(5.84333220957941,-16.4194834323416,-24.5734935248329));
#3583=CARTESIAN_POINT('',(5.80426970957941,-20.8980417050208,-20.8980417050208));
#3584=CARTESIAN_POINT('',(5.76520720957941,-24.5734935248329,-16.4194834323416));
#3585=CARTESIAN_POINT('',(5.72614470957941,-27.3046073302222,-11.3099386714499));
#3586=CARTESIAN_POINT('',(5.68708220957941,-28.9864119874419,-5.76575583026423));
#3587=CARTESIAN_POINT('',(5.64801970957941,-29.554294006279,-1.11022302462516E-13));
#3588=CARTESIAN_POINT('',(5.60895720957941,-28.986411987442,5.76575583026424));
#3589=CARTESIAN_POINT('',(5.56989470957941,-27.3046073302222,11.3099386714498));
#3590=CARTESIAN_POINT('',(5.53083220957941,-24.5734935248329,16.4194834323415));
#3591=CARTESIAN_POINT('',(5.49176970957941,-20.8980417050209,20.8980417050208));
#3592=CARTESIAN_POINT('',(5.45270720957941,-16.4194834323417,24.5734935248329));
#3593=CARTESIAN_POINT('',(5.41364470957941,-11.3099386714498,27.3046073302222));
#3594=CARTESIAN_POINT('',(5.37458220957941,-5.76575583026418,28.986411987442));
#3595=CARTESIAN_POINT('',(5.33551970957941,-2.22044604925031E-14,29.554294006279));
#3596=CARTESIAN_POINT('',(5.29645720957941,5.76575583026414,28.986411987442));
#3597=CARTESIAN_POINT('',(5.25739470957941,11.3099386714498,27.3046073302222));
#3598=CARTESIAN_POINT('',(5.21833220957941,16.4194834323416,24.5734935248329));
#3599=CARTESIAN_POINT('',(5.17926970957941,20.8980417050208,20.8980417050208));
#3600=CARTESIAN_POINT('',(5.14020720957941,24.5734935248329,16.4194834323416));
#3601=CARTESIAN_POINT('',(5.10114470957941,27.3046073302222,11.3099386714499));
#3602=CARTESIAN_POINT('',(5.06208220957941,28.9864119874419,5.76575583026429));
#3603=CARTESIAN_POINT('',(5.02301970957941,29.554294006279,-6.83897383169096E-14));
#3604=CARTESIAN_POINT('',(4.98395720957941,28.986411987442,-5.76575583026419));
#3605=CARTESIAN_POINT('',(4.94489470957941,27.3046073302222,-11.3099386714498));
#3606=CARTESIAN_POINT('',(4.90583220957941,24.5734935248329,-16.4194834323416));
#3607=CARTESIAN_POINT('',(4.86676970957941,20.8980417050209,-20.8980417050208));
#3608=CARTESIAN_POINT('',(4.82770720957941,16.4194834323417,-24.5734935248328));
#3609=CARTESIAN_POINT('',(4.78864470957941,11.3099386714498,-27.3046073302222));
#3610=CARTESIAN_POINT('',(4.74958220957941,5.76575583026418,-28.986411987442));
#3611=CARTESIAN_POINT('',(4.71051970957941,2.53130849614536E-14,-29.554294006279));
#3612=CARTESIAN_POINT('',(4.67145720957941,-5.76575583026414,-28.986411987442));
#3613=CARTESIAN_POINT('',(4.63239470957941,-11.3099386714498,-27.3046073302222));
#3614=CARTESIAN_POINT('',(4.59333220957941,-16.4194834323416,-24.5734935248329));
#3615=CARTESIAN_POINT('',(4.55426970957941,-20.8980417050208,-20.8980417050208));
#3616=CARTESIAN_POINT('',(4.51520720957941,-24.5734935248329,-16.4194834323416));
#3617=CARTESIAN_POINT('',(4.47614470957941,-27.3046073302222,-11.3099386714499));
#3618=CARTESIAN_POINT('',(4.43708220957941,-28.986411987442,-5.76575583026424));
#3619=CARTESIAN_POINT('',(4.39801970957941,-29.554294006279,-1.17239551400417E-13));
#3620=CARTESIAN_POINT('',(4.35895720957941,-28.986411987442,5.76575583026424));
#3621=CARTESIAN_POINT('',(4.31989470957941,-27.3046073302222,11.3099386714498));
#3622=CARTESIAN_POINT('',(4.28083220957941,-24.5734935248329,16.4194834323415));
#3623=CARTESIAN_POINT('',(4.24176970957941,-20.8980417050209,20.8980417050208));
#3624=CARTESIAN_POINT('',(4.20270720957941,-16.4194834323417,24.5734935248329));
#3625=CARTESIAN_POINT('',(4.16364470957941,-11.3099386714498,27.3046073302222));
#3626=CARTESIAN_POINT('',(4.12458220957941,-5.76575583026419,28.986411987442));
#3627=CARTESIAN_POINT('',(4.08551970957941,-2.88657986402541E-14,29.554294006279));
#3628=CARTESIAN_POINT('',(4.04645720957941,5.76575583026413,28.986411987442));
#3629=CARTESIAN_POINT('',(4.00739470957941,11.3099386714498,27.3046073302222));
#3630=CARTESIAN_POINT('',(3.96833220957941,16.4194834323416,24.5734935248329));
#3631=CARTESIAN_POINT('',(3.92926970957941,20.8980417050208,20.8980417050208));
#3632=CARTESIAN_POINT('',(3.89020720957941,24.5734935248329,16.4194834323416));
#3633=CARTESIAN_POINT('',(3.85114470957941,27.3046073302222,11.3099386714499));
#3634=CARTESIAN_POINT('',(3.81208220957941,28.9864119874419,5.76575583026429));
#3635=CARTESIAN_POINT('',(3.77301970957941,29.554294006279,-6.12843109593086E-14));
#3636=CARTESIAN_POINT('',(3.73395720957941,28.986411987442,-5.76575583026418));
#3637=CARTESIAN_POINT('',(3.69489470957941,27.3046073302222,-11.3099386714498));
#3638=CARTESIAN_POINT('',(3.65583220957941,24.5734935248329,-16.4194834323415));
#3639=CARTESIAN_POINT('',(3.61676970957941,20.8980417050209,-20.8980417050208));
#3640=CARTESIAN_POINT('',(3.57770720957941,16.4194834323417,-24.5734935248329));
#3641=CARTESIAN_POINT('',(3.53864470957941,11.3099386714498,-27.3046073302222));
#3642=CARTESIAN_POINT('',(3.49958220957941,5.76575583026419,-28.986411987442));
#3643=CARTESIAN_POINT('',(3.46051970957941,3.24185123190546E-14,-29.554294006279));
#3644=CARTESIAN_POINT('',(3.42145720957941,-5.76575583026413,-28.986411987442));
#3645=CARTESIAN_POINT('',(3.38239470957941,-11.3099386714498,-27.3046073302222));
#3646=CARTESIAN_POINT('',(3.34333220957941,-16.4194834323416,-24.5734935248329));
#3647=CARTESIAN_POINT('',(3.30426970957941,-20.8980417050208,-20.8980417050208));
#3648=CARTESIAN_POINT('',(3.26520720957941,-24.5734935248329,-16.4194834323416));
#3649=CARTESIAN_POINT('',(3.22614470957941,-27.3046073302222,-11.3099386714499));
#3650=CARTESIAN_POINT('',(3.18708220957941,-28.9864119874419,-5.76575583026425));
#3651=CARTESIAN_POINT('',(3.14801970957941,-29.554294006279,-1.25677246387568E-13));
#3652=CARTESIAN_POINT('',(3.10895720957941,-28.986411987442,5.76575583026423));
#3653=CARTESIAN_POINT('',(3.06989470957941,-27.3046073302222,11.3099386714498));
#3654=CARTESIAN_POINT('',(3.03083220957941,-24.5734935248329,16.4194834323415));
#3655=CARTESIAN_POINT('',(2.99176970957941,-20.8980417050209,20.8980417050208));
#3656=CARTESIAN_POINT('',(2.95270720957941,-16.4194834323417,24.5734935248328));
#3657=CARTESIAN_POINT('',(2.91364470957941,-11.3099386714498,27.3046073302222));
#3658=CARTESIAN_POINT('',(2.87458220957941,-5.76575583026419,28.986411987442));
#3659=CARTESIAN_POINT('',(2.83551970957941,-3.5527136788005E-14,29.554294006279));
#3660=CARTESIAN_POINT('',(2.79645720957941,5.76575583026412,28.986411987442));
#3661=CARTESIAN_POINT('',(2.75739470957941,11.3099386714498,27.3046073302222));
#3662=CARTESIAN_POINT('',(2.71833220957941,16.4194834323415,24.573493524833));
#3663=CARTESIAN_POINT('',(2.67926970957941,20.8980417050208,20.8980417050209));
#3664=CARTESIAN_POINT('',(2.64020720957941,24.5734935248328,16.4194834323418));
#3665=CARTESIAN_POINT('',(2.60114470957941,27.3046073302223,11.3099386714497));
#3666=CARTESIAN_POINT('',(2.56208220957941,28.986411987442,5.76575583026415));
#3667=CARTESIAN_POINT('',(2.52301970957941,29.554294006279,-1.59872115546023E-14));
#3668=CARTESIAN_POINT('',(2.48395720957941,28.986411987442,-5.76575583026417));
#3669=CARTESIAN_POINT('',(2.44489470957941,27.3046073302222,-11.3099386714498));
#3670=CARTESIAN_POINT('',(2.40583220957941,24.573493524833,-16.4194834323415));
#3671=CARTESIAN_POINT('',(2.36676970957941,20.8980417050209,-20.8980417050208));
#3672=CARTESIAN_POINT('',(2.32770720957941,16.4194834323416,-24.5734935248329));
#3673=CARTESIAN_POINT('',(2.28864470957941,11.30993867145,-27.3046073302221));
#3674=CARTESIAN_POINT('',(2.24958220957941,5.7657558302643,-28.986411987442));
#3675=CARTESIAN_POINT('',(2.21051970957941,2.21600515715181E-13,-29.554294006279));
#3676=CARTESIAN_POINT('',(2.17145720957941,-5.76575583026433,-28.9864119874419));
#3677=CARTESIAN_POINT('',(2.13239470957941,-11.3099386714498,-27.3046073302222));
#3678=CARTESIAN_POINT('',(2.09333220957941,-16.4194834323416,-24.5734935248329));
#3679=CARTESIAN_POINT('',(2.05426970957941,-20.8980417050208,-20.8980417050208));
#3680=CARTESIAN_POINT('',(2.01520720957941,-24.5734935248329,-16.4194834323416));
#3681=CARTESIAN_POINT('',(1.97614470957941,-27.3046073302222,-11.3099386714499));
#3682=CARTESIAN_POINT('',(1.93708220957941,-28.986411987442,-5.76575583026425));
#3683=CARTESIAN_POINT('',(1.89801970957941,-29.554294006279,-9.37028232783632E-14));
#3684=CARTESIAN_POINT('',(1.85895720957941,-28.986411987442,5.76575583026407));
#3685=CARTESIAN_POINT('',(1.81989470957941,-27.3046073302223,11.3099386714497));
#3686=CARTESIAN_POINT('',(1.78083220957941,-24.5734935248328,16.4194834323417));
#3687=CARTESIAN_POINT('',(1.74176970957941,-20.8980417050208,20.8980417050208));
#3688=CARTESIAN_POINT('',(1.70270720957941,-16.4194834323416,24.5734935248329));
#3689=CARTESIAN_POINT('',(1.66364470957941,-11.3099386714499,27.3046073302222));
#3690=CARTESIAN_POINT('',(1.62458220957941,-5.7657558302642,28.986411987442));
#3691=CARTESIAN_POINT('',(1.58551970957941,-4.17443857259059E-14,29.554294006279));
#3692=CARTESIAN_POINT('',(1.54645720957941,5.76575583026412,28.986411987442));
#3693=CARTESIAN_POINT('',(1.50739470957941,11.3099386714498,27.3046073302222));
#3694=CARTESIAN_POINT('',(1.46833220957941,16.4194834323415,24.573493524833));
#3695=CARTESIAN_POINT('',(1.42926970957941,20.8980417050208,20.8980417050209));
#3696=CARTESIAN_POINT('',(1.39020720957941,24.5734935248328,16.4194834323418));
#3697=CARTESIAN_POINT('',(1.35114470957941,27.3046073302222,11.3099386714497));
#3698=CARTESIAN_POINT('',(1.31208220957941,28.986411987442,5.76575583026415));
#3699=CARTESIAN_POINT('',(1.27301970957941,29.554294006279,-7.105427357601E-15));
#3700=CARTESIAN_POINT('',(1.23395720957941,28.986411987442,-5.76575583026417));
#3701=CARTESIAN_POINT('',(1.19489470957941,27.3046073302222,-11.3099386714498));
#3702=CARTESIAN_POINT('',(1.15583220957941,24.573493524833,-16.4194834323415));
#3703=CARTESIAN_POINT('',(1.11676970957941,20.8980417050209,-20.8980417050208));
#3704=CARTESIAN_POINT('',(1.07770720957941,16.4194834323416,-24.5734935248329));
#3705=CARTESIAN_POINT('',(1.03864470957941,11.3099386714499,-27.3046073302221));
#3706=CARTESIAN_POINT('',(0.99958220957941,5.76575583026441,-28.9864119874419));
#3707=CARTESIAN_POINT('',(0.96051970957941,-1.36779476633819E-13,-29.554294006279));
#3708=CARTESIAN_POINT('',(0.92145720957941,-5.76575583026422,-28.986411987442));
#3709=CARTESIAN_POINT('',(0.88239470957941,-11.3099386714499,-27.3046073302222));
#3710=CARTESIAN_POINT('',(0.84333220957941,-16.4194834323416,-24.5734935248329));
#3711=CARTESIAN_POINT('',(0.80426970957941,-20.8980417050208,-20.8980417050209));
#3712=CARTESIAN_POINT('',(0.76520720957941,-24.5734935248329,-16.4194834323416));
#3713=CARTESIAN_POINT('',(0.72614470957941,-27.3046073302222,-11.3099386714499));
#3714=CARTESIAN_POINT('',(0.68708220957941,-28.9864119874419,-5.76575583026426));
#3715=CARTESIAN_POINT('',(0.64801970957941,-29.554294006279,-1.01252339845814E-13));
#3716=CARTESIAN_POINT('',(0.60895720957941,-28.986411987442,5.76575583026406));
#3717=CARTESIAN_POINT('',(0.56989470957941,-27.3046073302223,11.3099386714497));
#3718=CARTESIAN_POINT('',(0.53083220957941,-24.5734935248328,16.4194834323417));
#3719=CARTESIAN_POINT('',(0.49176970957941,-20.8980417050208,20.8980417050208));
#3720=CARTESIAN_POINT('',(0.45270720957941,-16.4194834323416,24.5734935248329));
#3721=CARTESIAN_POINT('',(0.41364470957941,-11.3099386714499,27.3046073302222));
#3722=CARTESIAN_POINT('',(0.37458220957941,-5.76575583026421,28.986411987442));
#3723=CARTESIAN_POINT('',(0.33551970957941,-5.01820807130571E-14,29.554294006279));
#3724=CARTESIAN_POINT('',(0.29645720957941,5.76575583026411,28.986411987442));
#3725=CARTESIAN_POINT('',(0.269290312709726,9.62158286317702,27.8167629972943));
#3726=CARTESIAN_POINT('',(0.255144249173377,11.5438481502164,27.0012983714684));
#3727=CARTESIAN_POINT('',(0.254019018970359,11.696190139146,26.9351385477452));
#3728=CARTESIAN_POINT('',(9.57100736730524,0.,30.2058892896287));
#3729=CARTESIAN_POINT('',(9.55798653397191,1.97697083098842,30.2058892896287));
#3730=CARTESIAN_POINT('',(9.53194486730524,5.93086266916367,29.8164601190615));
#3731=CARTESIAN_POINT('',(9.49288236730524,11.6338074368229,28.0864956960149));
#3732=CARTESIAN_POINT('',(9.45381986730524,16.8896679295148,25.2771743528184));
#3733=CARTESIAN_POINT('',(9.41475736730524,21.4964731521166,21.4964731521166));
#3734=CARTESIAN_POINT('',(9.37569486730524,25.2771743528184,16.8896679295148));
#3735=CARTESIAN_POINT('',(9.33663236730524,28.0864956960149,11.6338074368229));
#3736=CARTESIAN_POINT('',(9.29756986730524,29.8164601190615,5.93086266916367));
#3737=CARTESIAN_POINT('',(9.25850736730524,30.4006038749124,8.88178419700125E-16));
#3738=CARTESIAN_POINT('',(9.21944486730524,29.8164601190615,-5.93086266916367));
#3739=CARTESIAN_POINT('',(9.18038236730524,28.0864956960149,-11.6338074368229));
#3740=CARTESIAN_POINT('',(9.14131986730524,25.2771743528184,-16.8896679295148));
#3741=CARTESIAN_POINT('',(9.10225736730524,21.4964731521166,-21.4964731521166));
#3742=CARTESIAN_POINT('',(9.06319486730524,16.8896679295148,-25.2771743528184));
#3743=CARTESIAN_POINT('',(9.02413236730524,11.6338074368229,-28.0864956960149));
#3744=CARTESIAN_POINT('',(8.98506986730524,5.93086266916369,-29.8164601190615));
#3745=CARTESIAN_POINT('',(8.94600736730524,3.5527136788005E-15,-30.4006038749124));
#3746=CARTESIAN_POINT('',(8.90694486730524,-5.93086266916368,-29.8164601190615));
#3747=CARTESIAN_POINT('',(8.86788236730524,-11.6338074368229,-28.0864956960149));
#3748=CARTESIAN_POINT('',(8.82881986730524,-16.8896679295148,-25.2771743528184));
#3749=CARTESIAN_POINT('',(8.78975736730524,-21.4964731521166,-21.4964731521166));
#3750=CARTESIAN_POINT('',(8.75069486730524,-25.2771743528184,-16.8896679295148));
#3751=CARTESIAN_POINT('',(8.71163236730524,-28.0864956960149,-11.6338074368229));
#3752=CARTESIAN_POINT('',(8.67256986730524,-29.8164601190615,-5.93086266916369));
#3753=CARTESIAN_POINT('',(8.63350736730524,-30.4006038749124,-3.99680288865056E-15));
#3754=CARTESIAN_POINT('',(8.59444486730524,-29.8164601190615,5.93086266916367));
#3755=CARTESIAN_POINT('',(8.55538236730524,-28.0864956960149,11.6338074368229));
#3756=CARTESIAN_POINT('',(8.51631986730524,-25.2771743528184,16.8896679295148));
#3757=CARTESIAN_POINT('',(8.47725736730524,-21.4964731521166,21.4964731521166));
#3758=CARTESIAN_POINT('',(8.43819486730524,-16.8896679295148,25.2771743528184));
#3759=CARTESIAN_POINT('',(8.39913236730524,-11.6338074368229,28.0864956960149));
#3760=CARTESIAN_POINT('',(8.36006986730524,-5.93086266916369,29.8164601190615));
#3761=CARTESIAN_POINT('',(8.32100736730524,-6.66133814775094E-15,30.4006038749124));
#3762=CARTESIAN_POINT('',(8.28194486730524,5.93086266916367,29.8164601190615));
#3763=CARTESIAN_POINT('',(8.24288236730524,11.6338074368229,28.0864956960149));
#3764=CARTESIAN_POINT('',(8.20381986730524,16.8896679295148,25.2771743528184));
#3765=CARTESIAN_POINT('',(8.16475736730524,21.4964731521166,21.4964731521166));
#3766=CARTESIAN_POINT('',(8.12569486730524,25.2771743528184,16.8896679295148));
#3767=CARTESIAN_POINT('',(8.08663236730524,28.0864956960149,11.633807436823));
#3768=CARTESIAN_POINT('',(8.04756986730524,29.8164601190615,5.93086266916369));
#3769=CARTESIAN_POINT('',(8.00850736730524,30.4006038749124,-3.99680288865056E-15));
#3770=CARTESIAN_POINT('',(7.96944486730524,29.8164601190615,-5.93086266916362));
#3771=CARTESIAN_POINT('',(7.93038236730524,28.0864956960149,-11.6338074368229));
#3772=CARTESIAN_POINT('',(7.89131986730524,25.2771743528184,-16.8896679295148));
#3773=CARTESIAN_POINT('',(7.85225736730524,21.4964731521166,-21.4964731521166));
#3774=CARTESIAN_POINT('',(7.81319486730524,16.8896679295148,-25.2771743528184));
#3775=CARTESIAN_POINT('',(7.77413236730524,11.633807436823,-28.0864956960148));
#3776=CARTESIAN_POINT('',(7.73506986730524,5.93086266916364,-29.8164601190615));
#3777=CARTESIAN_POINT('',(7.69600736730524,1.02140518265514E-14,-30.4006038749124));
#3778=CARTESIAN_POINT('',(7.65694486730524,-5.93086266916361,-29.8164601190615));
#3779=CARTESIAN_POINT('',(7.61788236730524,-11.633807436823,-28.0864956960149));
#3780=CARTESIAN_POINT('',(7.57881986730524,-16.8896679295148,-25.2771743528184));
#3781=CARTESIAN_POINT('',(7.53975736730524,-21.4964731521166,-21.4964731521166));
#3782=CARTESIAN_POINT('',(7.50069486730524,-25.2771743528184,-16.8896679295148));
#3783=CARTESIAN_POINT('',(7.46163236730524,-28.0864956960148,-11.633807436823));
#3784=CARTESIAN_POINT('',(7.42256986730524,-29.8164601190615,-5.93086266916364));
#3785=CARTESIAN_POINT('',(7.38350736730524,-30.4006038749124,-1.24344978758018E-14));
#3786=CARTESIAN_POINT('',(7.34444486730524,-29.8164601190615,5.93086266916361));
#3787=CARTESIAN_POINT('',(7.30538236730524,-28.0864956960149,11.6338074368229));
#3788=CARTESIAN_POINT('',(7.26631986730524,-25.2771743528184,16.8896679295148));
#3789=CARTESIAN_POINT('',(7.22725736730524,-21.4964731521166,21.4964731521165));
#3790=CARTESIAN_POINT('',(7.18819486730524,-16.8896679295148,25.2771743528184));
#3791=CARTESIAN_POINT('',(7.14913236730524,-11.633807436823,28.0864956960148));
#3792=CARTESIAN_POINT('',(7.11006986730524,-5.93086266916364,29.8164601190615));
#3793=CARTESIAN_POINT('',(7.07100736730524,-1.50990331349021E-14,30.4006038749124));
#3794=CARTESIAN_POINT('',(7.03194486730524,5.93086266916361,29.8164601190615));
#3795=CARTESIAN_POINT('',(6.99288236730524,11.6338074368229,28.0864956960149));
#3796=CARTESIAN_POINT('',(6.95381986730524,16.8896679295148,25.2771743528184));
#3797=CARTESIAN_POINT('',(6.91475736730524,21.4964731521166,21.4964731521166));
#3798=CARTESIAN_POINT('',(6.87569486730524,25.2771743528184,16.8896679295148));
#3799=CARTESIAN_POINT('',(6.83663236730524,28.0864956960149,11.633807436823));
#3800=CARTESIAN_POINT('',(6.79756986730524,29.8164601190615,5.93086266916365));
#3801=CARTESIAN_POINT('',(6.75850736730524,30.4006038749124,1.68753899743024E-14));
#3802=CARTESIAN_POINT('',(6.71944486730524,29.8164601190615,-5.93086266916361));
#3803=CARTESIAN_POINT('',(6.68038236730524,28.0864956960149,-11.6338074368229));
#3804=CARTESIAN_POINT('',(6.64131986730524,25.2771743528184,-16.8896679295148));
#3805=CARTESIAN_POINT('',(6.60225736730524,21.4964731521166,-21.4964731521165));
#3806=CARTESIAN_POINT('',(6.56319486730524,16.8896679295148,-25.2771743528184));
#3807=CARTESIAN_POINT('',(6.52413236730524,11.633807436823,-28.0864956960148));
#3808=CARTESIAN_POINT('',(6.48506986730524,5.93086266916365,-29.8164601190615));
#3809=CARTESIAN_POINT('',(6.44600736730524,2.48689957516035E-14,-30.4006038749124));
#3810=CARTESIAN_POINT('',(6.40694486730524,-5.93086266916364,-29.8164601190615));
#3811=CARTESIAN_POINT('',(6.36788236730524,-11.6338074368228,-28.0864956960149));
#3812=CARTESIAN_POINT('',(6.32881986730524,-16.8896679295149,-25.2771743528183));
#3813=CARTESIAN_POINT('',(6.28975736730524,-21.4964731521166,-21.4964731521166));
#3814=CARTESIAN_POINT('',(6.25069486730524,-25.2771743528184,-16.8896679295148));
#3815=CARTESIAN_POINT('',(6.21163236730524,-28.0864956960149,-11.633807436823));
#3816=CARTESIAN_POINT('',(6.17256986730524,-29.8164601190614,-5.93086266916372));
#3817=CARTESIAN_POINT('',(6.13350736730524,-30.4006038749124,-1.14130926931466E-13));
#3818=CARTESIAN_POINT('',(6.09444486730524,-29.8164601190614,5.93086266916374));
#3819=CARTESIAN_POINT('',(6.05538236730524,-28.0864956960149,11.6338074368229));
#3820=CARTESIAN_POINT('',(6.01631986730524,-25.2771743528184,16.8896679295148));
#3821=CARTESIAN_POINT('',(5.97725736730524,-21.4964731521166,21.4964731521166));
#3822=CARTESIAN_POINT('',(5.93819486730524,-16.8896679295149,25.2771743528183));
#3823=CARTESIAN_POINT('',(5.89913236730524,-11.6338074368229,28.0864956960149));
#3824=CARTESIAN_POINT('',(5.86006986730524,-5.93086266916367,29.8164601190614));
#3825=CARTESIAN_POINT('',(5.82100736730524,-2.22044604925031E-14,30.4006038749124));
#3826=CARTESIAN_POINT('',(5.78194486730524,5.93086266916363,29.8164601190615));
#3827=CARTESIAN_POINT('',(5.74288236730524,11.6338074368228,28.0864956960149));
#3828=CARTESIAN_POINT('',(5.70381986730524,16.8896679295149,25.2771743528183));
#3829=CARTESIAN_POINT('',(5.66475736730524,21.4964731521166,21.4964731521166));
#3830=CARTESIAN_POINT('',(5.62569486730524,25.2771743528184,16.8896679295148));
#3831=CARTESIAN_POINT('',(5.58663236730524,28.0864956960149,11.6338074368229));
#3832=CARTESIAN_POINT('',(5.54756986730524,29.8164601190614,5.93086266916378));
#3833=CARTESIAN_POINT('',(5.50850736730524,30.4006038749124,-6.92779167366098E-14));
#3834=CARTESIAN_POINT('',(5.46944486730524,29.8164601190615,-5.93086266916368));
#3835=CARTESIAN_POINT('',(5.43038236730524,28.0864956960149,-11.6338074368229));
#3836=CARTESIAN_POINT('',(5.39131986730524,25.2771743528184,-16.8896679295148));
#3837=CARTESIAN_POINT('',(5.35225736730524,21.4964731521166,-21.4964731521166));
#3838=CARTESIAN_POINT('',(5.31319486730524,16.8896679295149,-25.2771743528183));
#3839=CARTESIAN_POINT('',(5.27413236730524,11.6338074368229,-28.0864956960149));
#3840=CARTESIAN_POINT('',(5.23506986730524,5.93086266916368,-29.8164601190615));
#3841=CARTESIAN_POINT('',(5.19600736730524,2.53130849614536E-14,-30.4006038749124));
#3842=CARTESIAN_POINT('',(5.15694486730524,-5.93086266916363,-29.8164601190615));
#3843=CARTESIAN_POINT('',(5.11788236730524,-11.6338074368228,-28.0864956960149));
#3844=CARTESIAN_POINT('',(5.07881986730524,-16.8896679295149,-25.2771743528184));
#3845=CARTESIAN_POINT('',(5.03975736730524,-21.4964731521166,-21.4964731521166));
#3846=CARTESIAN_POINT('',(5.00069486730524,-25.2771743528184,-16.8896679295148));
#3847=CARTESIAN_POINT('',(4.96163236730524,-28.0864956960149,-11.633807436823));
#3848=CARTESIAN_POINT('',(4.92256986730524,-29.8164601190614,-5.93086266916373));
#3849=CARTESIAN_POINT('',(4.88350736730524,-30.4006038749124,-1.22124532708767E-13));
#3850=CARTESIAN_POINT('',(4.84444486730524,-29.8164601190615,5.93086266916373));
#3851=CARTESIAN_POINT('',(4.80538236730524,-28.0864956960149,11.6338074368229));
#3852=CARTESIAN_POINT('',(4.76631986730524,-25.2771743528184,16.8896679295148));
#3853=CARTESIAN_POINT('',(4.72725736730524,-21.4964731521166,21.4964731521166));
#3854=CARTESIAN_POINT('',(4.68819486730524,-16.8896679295149,25.2771743528183));
#3855=CARTESIAN_POINT('',(4.64913236730524,-11.6338074368229,28.0864956960149));
#3856=CARTESIAN_POINT('',(4.61006986730524,-5.93086266916368,29.8164601190615));
#3857=CARTESIAN_POINT('',(4.57100736730524,-2.88657986402541E-14,30.4006038749124));
#3858=CARTESIAN_POINT('',(4.53194486730524,5.93086266916362,29.8164601190615));
#3859=CARTESIAN_POINT('',(4.49288236730524,11.6338074368228,28.0864956960149));
#3860=CARTESIAN_POINT('',(4.45381986730524,16.8896679295149,25.2771743528184));
#3861=CARTESIAN_POINT('',(4.41475736730524,21.4964731521166,21.4964731521166));
#3862=CARTESIAN_POINT('',(4.37569486730524,25.2771743528184,16.8896679295148));
#3863=CARTESIAN_POINT('',(4.33663236730524,28.0864956960149,11.6338074368229));
#3864=CARTESIAN_POINT('',(4.29756986730524,29.8164601190614,5.93086266916379));
#3865=CARTESIAN_POINT('',(4.25850736730524,30.4006038749124,-6.26165785888588E-14));
#3866=CARTESIAN_POINT('',(4.21944486730524,29.8164601190615,-5.93086266916368));
#3867=CARTESIAN_POINT('',(4.18038236730524,28.0864956960149,-11.6338074368229));
#3868=CARTESIAN_POINT('',(4.14131986730524,25.2771743528184,-16.8896679295148));
#3869=CARTESIAN_POINT('',(4.10225736730524,21.4964731521166,-21.4964731521165));
#3870=CARTESIAN_POINT('',(4.06319486730524,16.889667929515,-25.2771743528183));
#3871=CARTESIAN_POINT('',(4.02413236730524,11.6338074368229,-28.0864956960149));
#3872=CARTESIAN_POINT('',(3.98506986730524,5.93086266916369,-29.8164601190615));
#3873=CARTESIAN_POINT('',(3.94600736730524,3.24185123190546E-14,-30.4006038749124));
#3874=CARTESIAN_POINT('',(3.90694486730524,-5.93086266916362,-29.8164601190615));
#3875=CARTESIAN_POINT('',(3.86788236730524,-11.6338074368228,-28.0864956960149));
#3876=CARTESIAN_POINT('',(3.82881986730524,-16.8896679295149,-25.2771743528184));
#3877=CARTESIAN_POINT('',(3.78975736730524,-21.4964731521166,-21.4964731521166));
#3878=CARTESIAN_POINT('',(3.75069486730524,-25.2771743528184,-16.8896679295149));
#3879=CARTESIAN_POINT('',(3.71163236730524,-28.0864956960149,-11.633807436823));
#3880=CARTESIAN_POINT('',(3.67256986730524,-29.8164601190614,-5.93086266916374));
#3881=CARTESIAN_POINT('',(3.63350736730524,-30.4006038749124,-1.28785870856518E-13));
#3882=CARTESIAN_POINT('',(3.59444486730524,-29.8164601190614,5.93086266916372));
#3883=CARTESIAN_POINT('',(3.55538236730524,-28.0864956960149,11.6338074368229));
#3884=CARTESIAN_POINT('',(3.51631986730524,-25.2771743528184,16.8896679295148));
#3885=CARTESIAN_POINT('',(3.47725736730524,-21.4964731521166,21.4964731521166));
#3886=CARTESIAN_POINT('',(3.43819486730524,-16.8896679295149,25.2771743528183));
#3887=CARTESIAN_POINT('',(3.39913236730524,-11.6338074368229,28.0864956960149));
#3888=CARTESIAN_POINT('',(3.36006986730524,-5.93086266916369,29.8164601190615));
#3889=CARTESIAN_POINT('',(3.32100736730524,-3.5527136788005E-14,30.4006038749124));
#3890=CARTESIAN_POINT('',(3.28194486730524,5.93086266916361,29.8164601190615));
#3891=CARTESIAN_POINT('',(3.24288236730524,11.6338074368229,28.0864956960149));
#3892=CARTESIAN_POINT('',(3.20381986730524,16.8896679295147,25.2771743528184));
#3893=CARTESIAN_POINT('',(3.16475736730524,21.4964731521165,21.4964731521167));
#3894=CARTESIAN_POINT('',(3.12569486730524,25.2771743528182,16.889667929515));
#3895=CARTESIAN_POINT('',(3.08663236730524,28.086495696015,11.6338074368228));
#3896=CARTESIAN_POINT('',(3.04756986730524,29.8164601190615,5.93086266916364));
#3897=CARTESIAN_POINT('',(3.00850736730524,30.4006038749124,-1.64313007644523E-14));
#3898=CARTESIAN_POINT('',(2.96944486730524,29.8164601190615,-5.93086266916367));
#3899=CARTESIAN_POINT('',(2.93038236730524,28.0864956960149,-11.6338074368229));
#3900=CARTESIAN_POINT('',(2.89131986730524,25.2771743528184,-16.8896679295148));
#3901=CARTESIAN_POINT('',(2.85225736730524,21.4964731521166,-21.4964731521165));
#3902=CARTESIAN_POINT('',(2.81319486730524,16.8896679295149,-25.2771743528183));
#3903=CARTESIAN_POINT('',(2.77413236730524,11.633807436823,-28.0864956960148));
#3904=CARTESIAN_POINT('',(2.73506986730524,5.9308626691638,-29.8164601190614));
#3905=CARTESIAN_POINT('',(2.69600736730524,2.21600515715181E-13,-30.4006038749124));
#3906=CARTESIAN_POINT('',(2.65694486730524,-5.93086266916383,-29.8164601190614));
#3907=CARTESIAN_POINT('',(2.61788236730524,-11.6338074368229,-28.0864956960149));
#3908=CARTESIAN_POINT('',(2.57881986730524,-16.8896679295148,-25.2771743528184));
#3909=CARTESIAN_POINT('',(2.53975736730524,-21.4964731521166,-21.4964731521166));
#3910=CARTESIAN_POINT('',(2.50069486730524,-25.2771743528184,-16.8896679295149));
#3911=CARTESIAN_POINT('',(2.46163236730524,-28.0864956960148,-11.633807436823));
#3912=CARTESIAN_POINT('',(2.42256986730524,-29.8164601190615,-5.93086266916375));
#3913=CARTESIAN_POINT('',(2.38350736730524,-30.4006038749124,-9.45910016980633E-14));
#3914=CARTESIAN_POINT('',(2.34444486730524,-29.8164601190615,5.93086266916356));
#3915=CARTESIAN_POINT('',(2.30538236730524,-28.086495696015,11.6338074368227));
#3916=CARTESIAN_POINT('',(2.26631986730524,-25.2771743528183,16.889667929515));
#3917=CARTESIAN_POINT('',(2.22725736730524,-21.4964731521166,21.4964731521166));
#3918=CARTESIAN_POINT('',(2.18819486730524,-16.8896679295148,25.2771743528184));
#3919=CARTESIAN_POINT('',(2.14913236730524,-11.6338074368229,28.0864956960149));
#3920=CARTESIAN_POINT('',(2.11006986730524,-5.9308626691637,29.8164601190615));
#3921=CARTESIAN_POINT('',(2.07100736730524,-4.17443857259059E-14,30.4006038749124));
#3922=CARTESIAN_POINT('',(2.03194486730524,5.93086266916361,29.8164601190615));
#3923=CARTESIAN_POINT('',(1.99288236730524,11.6338074368228,28.0864956960149));
#3924=CARTESIAN_POINT('',(1.95381986730524,16.8896679295147,25.2771743528184));
#3925=CARTESIAN_POINT('',(1.91475736730524,21.4964731521165,21.4964731521166));
#3926=CARTESIAN_POINT('',(1.87569486730524,25.2771743528183,16.889667929515));
#3927=CARTESIAN_POINT('',(1.83663236730524,28.0864956960149,11.6338074368228));
#3928=CARTESIAN_POINT('',(1.79756986730524,29.8164601190614,5.93086266916364));
#3929=CARTESIAN_POINT('',(1.75850736730524,30.4006038749124,-6.66133814775094E-15));
#3930=CARTESIAN_POINT('',(1.71944486730524,29.8164601190615,-5.93086266916366));
#3931=CARTESIAN_POINT('',(1.68038236730524,28.0864956960149,-11.6338074368229));
#3932=CARTESIAN_POINT('',(1.64131986730524,25.2771743528184,-16.8896679295148));
#3933=CARTESIAN_POINT('',(1.60225736730524,21.4964731521166,-21.4964731521165));
#3934=CARTESIAN_POINT('',(1.56319486730524,16.8896679295149,-25.2771743528183));
#3935=CARTESIAN_POINT('',(1.52413236730524,11.633807436823,-28.0864956960148));
#3936=CARTESIAN_POINT('',(1.48506986730524,5.93086266916391,-29.8164601190614));
#3937=CARTESIAN_POINT('',(1.44600736730524,-1.36779476633819E-13,-30.4006038749124));
#3938=CARTESIAN_POINT('',(1.40694486730524,-5.93086266916371,-29.8164601190614));
#3939=CARTESIAN_POINT('',(1.36788236730524,-11.6338074368229,-28.0864956960149));
#3940=CARTESIAN_POINT('',(1.32881986730524,-16.8896679295148,-25.2771743528184));
#3941=CARTESIAN_POINT('',(1.28975736730524,-21.4964731521166,-21.4964731521166));
#3942=CARTESIAN_POINT('',(1.25069486730524,-25.2771743528184,-16.8896679295149));
#3943=CARTESIAN_POINT('',(1.21163236730524,-28.0864956960148,-11.633807436823));
#3944=CARTESIAN_POINT('',(1.17256986730524,-29.8164601190614,-5.93086266916376));
#3945=CARTESIAN_POINT('',(1.13350736730524,-30.4006038749124,-1.03472785895065E-13));
#3946=CARTESIAN_POINT('',(1.09444486730524,-29.8164601190615,5.93086266916355));
#3947=CARTESIAN_POINT('',(1.05538236730524,-28.086495696015,11.6338074368227));
#3948=CARTESIAN_POINT('',(1.01631986730524,-25.2771743528183,16.889667929515));
#3949=CARTESIAN_POINT('',(0.97725736730524,-21.4964731521166,21.4964731521166));
#3950=CARTESIAN_POINT('',(0.93819486730524,-16.8896679295148,25.2771743528184));
#3951=CARTESIAN_POINT('',(0.89913236730524,-11.6338074368229,28.0864956960149));
#3952=CARTESIAN_POINT('',(0.86006986730524,-5.9308626691637,29.8164601190614));
#3953=CARTESIAN_POINT('',(0.82100736730524,-5.01820807130571E-14,30.4006038749124));
#3954=CARTESIAN_POINT('',(0.78194486730524,5.9308626691636,29.8164601190615));
#3955=CARTESIAN_POINT('',(0.754777970435557,9.89710426549001,28.6133173332918));
#3956=CARTESIAN_POINT('',(0.740631906899207,11.8744150928562,27.7745012526752));
#3957=CARTESIAN_POINT('',(0.739506676696189,12.0311195114419,27.7064468916738));
#3958=CARTESIAN_POINT('',(9.62500000000002,0.,0.));
#3959=CARTESIAN_POINT('',(-13.9999999999999,23.8453274980803,-22.8122852101515));
#3960=CARTESIAN_POINT('',(-14.3981818181817,25.5850129767339,-20.4178135700266));
#3961=CARTESIAN_POINT('',(-14.3981818181817,27.3246984553874,-18.0233419299016));
#3962=CARTESIAN_POINT('',(-13.9999999999999,29.0643839340409,-15.6288702897767));
#3963=CARTESIAN_POINT('',(-14.4999999999999,20.4072134314055,-25.2941819390362));
#3964=CARTESIAN_POINT('',(-14.3401773160995,20.5850129436121,-25.3560872671838));
#3965=CARTESIAN_POINT('',(-14.171227760372,20.7481711755713,-25.4409911356691));
#3966=CARTESIAN_POINT('',(-13.9999999999999,20.8941097943528,-25.5428302249678));
#3967=CARTESIAN_POINT('',(-13.9999999999999,30.7493101388675,-11.9783106481566));
#3968=CARTESIAN_POINT('',(-14.171227760372,30.6073578960373,-11.8709847830702));
#3969=CARTESIAN_POINT('',(-14.3401773160995,30.4761908522082,-11.7420488216284));
#3970=CARTESIAN_POINT('',(-14.4999999999999,30.3623723156165,-11.5920812353901));
#3971=CARTESIAN_POINT('',(-14.4999999999999,0.,0.));
#3972=CARTESIAN_POINT('',(14.,0.,0.));
#3973=CARTESIAN_POINT('',(1.5921215971661,0.,-33.6));
#3974=CARTESIAN_POINT('',(3.5,0.,-33.6));
#3975=CARTESIAN_POINT('',(1.5921215971661,0.,-33.6));
#3976=CARTESIAN_POINT('',(1.5921215971661,19.7495844770271,-27.1829710109982));
#3977=CARTESIAN_POINT('',(3.5,19.7495844770271,-27.1829710109982));
#3978=CARTESIAN_POINT('',(1.5921215971661,19.7495844770271,-27.1829710109982));
#3979=CARTESIAN_POINT('',(1.5921215971661,31.9554989475172,-10.3829710109983));
#3980=CARTESIAN_POINT('',(3.5,31.9554989475172,-10.3829710109983));
#3981=CARTESIAN_POINT('',(1.5921215971661,31.9554989475172,-10.3829710109983));
#3982=CARTESIAN_POINT('',(1.5921215971661,31.9554989475172,10.3829710109982));
#3983=CARTESIAN_POINT('',(3.5,31.9554989475172,10.3829710109982));
#3984=CARTESIAN_POINT('',(1.5921215971661,31.9554989475172,10.3829710109982));
#3985=CARTESIAN_POINT('',(1.59212159716611,19.7495844770272,27.1829710109982));
#3986=CARTESIAN_POINT('',(3.5,19.7495844770272,27.1829710109982));
#3987=CARTESIAN_POINT('',(1.59212159716611,19.7495844770272,27.1829710109982));
#3988=CARTESIAN_POINT('',(1.5921215971661,0.,33.6));
#3989=CARTESIAN_POINT('',(3.5,0.,33.6));
#3990=CARTESIAN_POINT('',(1.5921215971661,0.,33.6));
#3991=CARTESIAN_POINT('',(1.59212159716611,-19.749584477027,27.1829710109983));
#3992=CARTESIAN_POINT('',(3.5,-19.749584477027,27.1829710109983));
#3993=CARTESIAN_POINT('',(1.59212159716611,-19.749584477027,27.1829710109983));
#3994=CARTESIAN_POINT('',(1.5921215971661,-31.9554989475171,10.3829710109984));
#3995=CARTESIAN_POINT('',(3.5,-31.9554989475171,10.3829710109984));
#3996=CARTESIAN_POINT('',(1.5921215971661,-31.9554989475171,10.3829710109984));
#3997=CARTESIAN_POINT('',(1.5921215971661,-31.9554989475172,-10.3829710109981));
#3998=CARTESIAN_POINT('',(3.5,-31.9554989475172,-10.3829710109981));
#3999=CARTESIAN_POINT('',(1.5921215971661,-31.9554989475172,-10.3829710109981));
#4000=CARTESIAN_POINT('',(1.5921215971661,-19.7495844770272,-27.1829710109981));
#4001=CARTESIAN_POINT('',(3.5,-19.7495844770272,-27.1829710109981));
#4002=CARTESIAN_POINT('',(1.5921215971661,-19.7495844770272,-27.1829710109981));
#4003=CARTESIAN_POINT('',(-18.,32.7,0.));
#4004=CARTESIAN_POINT('',(-18.,26.4548557160608,19.2205777499639));
#4005=CARTESIAN_POINT('',(-18.,10.1048557160608,31.0995480828515));
#4006=CARTESIAN_POINT('',(-18.,-10.1048557160607,31.0995480828515));
#4007=CARTESIAN_POINT('',(-18.,-26.4548557160607,19.2205777499639));
#4008=CARTESIAN_POINT('',(-18.,-32.7,7.66131808436971E-14));
#4009=CARTESIAN_POINT('',(-18.,-26.4548557160608,-19.2205777499638));
#4010=CARTESIAN_POINT('',(-18.,-10.1048557160609,-31.0995480828515));
#4011=CARTESIAN_POINT('',(-18.,10.1048557160607,-31.0995480828516));
#4012=CARTESIAN_POINT('',(-18.,26.4548557160607,-19.220577749964));
#4013=MECHANICAL_DESIGN_GEOMETRIC_PRESENTATION_REPRESENTATION('',(#24),
#4014);
#4014=(
GEOMETRIC_REPRESENTATION_CONTEXT(3)
GLOBAL_UNCERTAINTY_ASSIGNED_CONTEXT((#4015))
GLOBAL_UNIT_ASSIGNED_CONTEXT((#4021,#4017,#4016))
REPRESENTATION_CONTEXT('\X2\5C3E76D6\X0\','TOP_LEVEL_ASSEMBLY_PART')
);
#4015=UNCERTAINTY_MEASURE_WITH_UNIT(LENGTH_MEASURE(0.0508),#4021,
'DISTANCE_ACCURACY_VALUE','Maximum Tolerance applied to model');
#4016=(
NAMED_UNIT(*)
SI_UNIT($,.STERADIAN.)
SOLID_ANGLE_UNIT()
);
#4017=(
CONVERSION_BASED_UNIT('DEGREE',#4019)
NAMED_UNIT(#4018)
PLANE_ANGLE_UNIT()
);
#4018=DIMENSIONAL_EXPONENTS(0.,0.,0.,0.,0.,0.,0.);
#4019=PLANE_ANGLE_MEASURE_WITH_UNIT(PLANE_ANGLE_MEASURE(0.0174532925),#4020);
#4020=(
NAMED_UNIT(*)
PLANE_ANGLE_UNIT()
SI_UNIT($,.RADIAN.)
);
#4021=(
LENGTH_UNIT()
NAMED_UNIT(*)
SI_UNIT(.MILLI.,.METRE.)
);
ENDSEC;
END-ISO-10303-21;
