ISO-10303-21;
HEADER;
/* Generated by software containing ST-Developer
 * from STEP Tools, Inc. (www.steptools.com) 
 */
/* OPTION: using custom schema-name function */

FILE_DESCRIPTION(
/* description */ (''),
/* implementation_level */ '2;1');

FILE_NAME(
/* name */ '\X2\73BB7483538B73AF\X0\.stp',
/* time_stamp */ '2026-06-24T09:23:05+08:00',
/* author */ (''),
/* organization */ (''),
/* preprocessor_version */ 'ST-DEVELOPER v16.7',
/* originating_system */ 'SIEMENS PLM Software NX 12.0',
/* authorisation */ '');

FILE_SCHEMA (('AUTOMOTIVE_DESIGN { 1 0 10303 214 3 1 1 1 }'));
ENDSEC;

DATA;
#10=SHAPE_REPRESENTATION_RELATIONSHIP('None',
'relationship between \X2\4E094EE373BB7483538B73AF\X0\-None and \X2\4E094EE373BB7483538B73AF\X0\-
None',#22,#11);
#11=ADVANCED_BREP_SHAPE_REPRESENTATION('\X2\4E094EE373BB7483538B73AF\X0\-
None',(#32),#5641);
#12=SHAPE_DEFINITION_REPRESENTATION(#13,#22);
#13=PRODUCT_DEFINITION_SHAPE('','',#14);
#14=PRODUCT_DEFINITION(' ','',#16,#15);
#15=PRODUCT_DEFINITION_CONTEXT('part definition',#21,'design');
#16=PRODUCT_DEFINITION_FORMATION_WITH_SPECIFIED_SOURCE(' ',' ',#18,
 .NOT_KNOWN.);
#17=PRODUCT_RELATED_PRODUCT_CATEGORY('part','',(#18));
#18=PRODUCT('\X2\4E094EE373BB7483538B73AF\X0\','\X2\4E094EE373BB7483538B73AF\X0\',
' ',(#19));
#19=PRODUCT_CONTEXT(' ',#21,'mechanical');
#20=APPLICATION_PROTOCOL_DEFINITION('international standard',
'automotive_design',2010,#21);
#21=APPLICATION_CONTEXT(
'core data for automotive mechanical design processes');
#22=SHAPE_REPRESENTATION('\X2\4E094EE373BB7483538B73AF\X0\-None',(#1166),
#5641);
#23=PRESENTATION_LAYER_ASSIGNMENT('1','Layer 1',(#32));
#24=STYLED_ITEM('',(#25),#32);
#25=PRESENTATION_STYLE_ASSIGNMENT((#26));
#26=SURFACE_STYLE_USAGE(.BOTH.,#27);
#27=SURFACE_SIDE_STYLE('',(#28));
#28=SURFACE_STYLE_FILL_AREA(#29);
#29=FILL_AREA_STYLE('',(#30));
#30=FILL_AREA_STYLE_COLOUR('',#31);
#31=COLOUR_RGB('\X2\6A598272\X0\',1.,0.6,0.);
#32=MANIFOLD_SOLID_BREP('',#33);
#33=CLOSED_SHELL('',(#132,#133,#134,#135,#136,#137,#138,#139,#140,#141,
#142,#143,#144,#145,#146,#147,#148,#149,#150,#151,#152,#153,#154,#155,#156,
#157,#158,#159,#160,#161,#162,#163,#164,#165,#166,#167,#168,#169,#170,#171,
#172,#173,#174,#175,#176,#177,#178,#179,#180,#181,#182,#183,#184,#185,#186,
#187,#188,#189,#190,#191,#192,#193,#194,#195,#196,#197,#198));
#34=B_SPLINE_SURFACE_WITH_KNOTS('',1,3,((#3516,#3517,#3518,#3519,#3520,
#3521,#3522,#3523,#3524,#3525,#3526,#3527,#3528,#3529,#3530,#3531,#3532,
#3533,#3534,#3535,#3536,#3537,#3538,#3539,#3540,#3541,#3542,#3543,#3544,
#3545,#3546,#3547,#3548,#3549,#3550,#3551,#3552,#3553,#3554,#3555,#3556,
#3557,#3558,#3559,#3560,#3561,#3562,#3563,#3564,#3565,#3566,#3567,#3568,
#3569,#3570,#3571,#3572,#3573,#3574,#3575,#3576,#3577,#3578,#3579,#3580,
#3581,#3582,#3583,#3584,#3585,#3586,#3587,#3588,#3589,#3590,#3591,#3592,
#3593,#3594,#3595,#3596,#3597,#3598,#3599,#3600,#3601,#3602,#3603,#3604,
#3605,#3606,#3607,#3608,#3609,#3610,#3611,#3612,#3613,#3614,#3615,#3616,
#3617,#3618,#3619,#3620,#3621,#3622,#3623,#3624,#3625,#3626,#3627,#3628,
#3629,#3630,#3631,#3632,#3633,#3634,#3635,#3636,#3637,#3638,#3639,#3640,
#3641,#3642,#3643,#3644,#3645,#3646,#3647,#3648,#3649,#3650,#3651,#3652,
#3653,#3654,#3655,#3656,#3657,#3658,#3659,#3660,#3661,#3662,#3663,#3664,
#3665,#3666,#3667,#3668,#3669,#3670,#3671,#3672,#3673,#3674,#3675,#3676,
#3677,#3678,#3679,#3680,#3681,#3682,#3683,#3684,#3685,#3686,#3687,#3688,
#3689,#3690,#3691,#3692,#3693,#3694,#3695,#3696,#3697,#3698,#3699,#3700,
#3701,#3702,#3703,#3704,#3705,#3706,#3707,#3708,#3709,#3710,#3711,#3712,
#3713,#3714,#3715,#3716,#3717,#3718,#3719,#3720,#3721,#3722,#3723,#3724,
#3725,#3726,#3727,#3728,#3729,#3730,#3731,#3732,#3733,#3734,#3735,#3736,
#3737,#3738,#3739,#3740,#3741,#3742,#3743,#3744,#3745,#3746,#3747,#3748,
#3749,#3750,#3751,#3752,#3753,#3754,#3755,#3756,#3757,#3758,#3759,#3760,
#3761,#3762,#3763,#3764,#3765,#3766,#3767,#3768,#3769,#3770,#3771,#3772,
#3773,#3774,#3775,#3776,#3777,#3778),(#3779,#3780,#3781,#3782,#3783,#3784,
#3785,#3786,#3787,#3788,#3789,#3790,#3791,#3792,#3793,#3794,#3795,#3796,
#3797,#3798,#3799,#3800,#3801,#3802,#3803,#3804,#3805,#3806,#3807,#3808,
#3809,#3810,#3811,#3812,#3813,#3814,#3815,#3816,#3817,#3818,#3819,#3820,
#3821,#3822,#3823,#3824,#3825,#3826,#3827,#3828,#3829,#3830,#3831,#3832,
#3833,#3834,#3835,#3836,#3837,#3838,#3839,#3840,#3841,#3842,#3843,#3844,
#3845,#3846,#3847,#3848,#3849,#3850,#3851,#3852,#3853,#3854,#3855,#3856,
#3857,#3858,#3859,#3860,#3861,#3862,#3863,#3864,#3865,#3866,#3867,#3868,
#3869,#3870,#3871,#3872,#3873,#3874,#3875,#3876,#3877,#3878,#3879,#3880,
#3881,#3882,#3883,#3884,#3885,#3886,#3887,#3888,#3889,#3890,#3891,#3892,
#3893,#3894,#3895,#3896,#3897,#3898,#3899,#3900,#3901,#3902,#3903,#3904,
#3905,#3906,#3907,#3908,#3909,#3910,#3911,#3912,#3913,#3914,#3915,#3916,
#3917,#3918,#3919,#3920,#3921,#3922,#3923,#3924,#3925,#3926,#3927,#3928,
#3929,#3930,#3931,#3932,#3933,#3934,#3935,#3936,#3937,#3938,#3939,#3940,
#3941,#3942,#3943,#3944,#3945,#3946,#3947,#3948,#3949,#3950,#3951,#3952,
#3953,#3954,#3955,#3956,#3957,#3958,#3959,#3960,#3961,#3962,#3963,#3964,
#3965,#3966,#3967,#3968,#3969,#3970,#3971,#3972,#3973,#3974,#3975,#3976,
#3977,#3978,#3979,#3980,#3981,#3982,#3983,#3984,#3985,#3986,#3987,#3988,
#3989,#3990,#3991,#3992,#3993,#3994,#3995,#3996,#3997,#3998,#3999,#4000,
#4001,#4002,#4003,#4004,#4005,#4006,#4007,#4008,#4009,#4010,#4011,#4012,
#4013,#4014,#4015,#4016,#4017,#4018,#4019,#4020,#4021,#4022,#4023,#4024,
#4025,#4026,#4027,#4028,#4029,#4030,#4031,#4032,#4033,#4034,#4035,#4036,
#4037,#4038,#4039,#4040,#4041)),.UNSPECIFIED.,.F.,.F.,.F.,(2,2),(4,1,1,
1,1,1,1,1,1,1,1,1,1,1,1,1,1,1,1,1,1,1,1,1,1,1,1,1,1,1,1,1,1,1,1,1,1,1,1,
1,1,1,1,1,1,1,1,1,1,1,1,1,1,1,1,1,1,1,1,1,1,1,1,1,1,1,1,1,1,1,1,1,1,1,1,
1,1,1,1,1,1,1,1,1,1,1,1,1,1,1,1,1,1,1,1,1,1,1,1,1,1,1,1,1,1,1,1,1,1,1,1,
1,1,1,1,1,1,1,1,1,1,1,1,1,1,1,1,1,1,1,1,1,1,1,1,1,1,1,1,1,1,1,1,1,1,1,1,
1,1,1,1,1,1,1,1,1,1,1,1,1,1,1,1,1,1,1,1,1,1,1,1,1,1,1,1,1,1,1,1,1,1,1,1,
1,1,1,1,1,1,1,1,1,1,1,1,1,1,1,1,1,1,1,1,1,1,1,1,1,1,1,1,1,1,1,1,1,1,1,1,
1,1,1,1,1,1,1,1,1,1,1,1,1,1,1,1,1,1,1,1,1,1,1,1,1,1,1,1,1,1,1,1,1,1,1,1,
1,1,1,1,1,4),(0.,1.),(0.,0.00385554926095078,0.00771109852190155,0.0115666477828523,
0.0154221970438031,0.0192777463047539,0.0231332955657047,0.0269888448266554,
0.0308443940876062,0.034699943348557,0.0385554926095078,0.0424110418704585,
0.0462665911314093,0.0501221403923601,0.0539776896533109,0.0578332389142616,
0.0616887881752124,0.0655443374361632,0.069399886697114,0.0732554359580647,
0.0771109852190155,0.0809665344799663,0.0848220837409171,0.0886776330018678,
0.0925331822628186,0.0963887315237694,0.10024428078472,0.104099830045671,
0.107955379306622,0.111810928567572,0.115666477828523,0.119522027089474,
0.123377576350425,0.127233125611376,0.131088674872326,0.134944224133277,
0.138799773394228,0.142655322655179,0.146510871916129,0.15036642117708,
0.154221970438031,0.158077519698982,0.161933068959933,0.165788618220883,
0.169644167481834,0.173499716742785,0.177355266003736,0.181210815264686,
0.185066364525637,0.188921913786588,0.192777463047539,0.19663301230849,
0.20048856156944,0.204344110830391,0.208199660091342,0.212055209352293,
0.215910758613243,0.219766307874194,0.223621857135145,0.227477406396096,
0.231332955657047,0.235188504917997,0.239044054178948,0.242899603439899,
0.24675515270085,0.2506107019618,0.254466251222751,0.258321800483702,0.262177349744653,
0.266032899005604,0.269888448266554,0.273743997527505,0.277599546788456,
0.281455096049407,0.285310645310357,0.289166194571308,0.293021743832259,
0.29687729309321,0.30073284235416,0.304588391615111,0.308443940876062,0.312299490137013,
0.316155039397964,0.320010588658914,0.323866137919865,0.327721687180816,
0.331577236441767,0.335432785702717,0.339288334963668,0.343143884224619,
0.34699943348557,0.350854982746521,0.354710532007471,0.358566081268422,
0.362421630529373,0.366277179790324,0.370132729051274,0.373988278312225,
0.377843827573176,0.381699376834127,0.385554926095078,0.389410475356028,
0.393266024616979,0.39712157387793,0.400977123138881,0.404832672399831,
0.408688221660782,0.412543770921733,0.416399320182684,0.420254869443634,
0.424110418704585,0.427965967965536,0.431821517226487,0.435677066487438,
0.439532615748388,0.443388165009339,0.44724371427029,0.451099263531241,
0.454954812792191,0.458810362053142,0.462665911314093,0.466521460575044,
0.470377009835995,0.474232559096945,0.478088108357896,0.481943657618847,
0.485799206879798,0.489654756140748,0.493510305401699,0.49736585466265,
0.501221403923601,0.505076953184552,0.508932502445502,0.512788051706453,
0.516643600967404,0.520499150228355,0.524354699489305,0.528210248750256,
0.532065798011207,0.535921347272158,0.539776896533109,0.543632445794059,
0.54748799505501,0.551343544315961,0.555199093576912,0.559054642837862,
0.562910192098813,0.566765741359764,0.570621290620715,0.574476839881666,
0.578332389142616,0.582187938403567,0.586043487664518,0.589899036925469,
0.593754586186419,0.59761013544737,0.601465684708321,0.605321233969272,
0.609176783230223,0.613032332491173,0.616887881752124,0.620743431013075,
0.624598980274026,0.628454529534976,0.632310078795927,0.636165628056878,
0.640021177317829,0.643876726578779,0.64773227583973,0.651587825100681,
0.655443374361632,0.659298923622583,0.663154472883533,0.667010022144484,
0.670865571405435,0.674721120666386,0.678576669927336,0.682432219188287,
0.686287768449238,0.690143317710189,0.69399886697114,0.69785441623209,0.701709965493041,
0.705565514753992,0.709421064014943,0.713276613275893,0.717132162536844,
0.720987711797795,0.724843261058746,0.728698810319697,0.732554359580647,
0.736409908841598,0.740265458102549,0.7441210073635,0.74797655662445,0.751832105885401,
0.755687655146352,0.759543204407303,0.763398753668253,0.767254302929204,
0.771109852190155,0.774965401451106,0.778820950712057,0.782676499973007,
0.786532049233958,0.790387598494909,0.79424314775586,0.79809869701681,0.801954246277761,
0.805809795538712,0.809665344799663,0.813520894060614,0.817376443321564,
0.821231992582515,0.825087541843466,0.828943091104417,0.832798640365367,
0.836654189626318,0.840509738887269,0.84436528814822,0.848220837409171,
0.852076386670121,0.855931935931072,0.859787485192023,0.863643034452974,
0.867498583713924,0.871354132974875,0.875209682235826,0.879065231496777,
0.882920780757728,0.886776330018678,0.890631879279629,0.89448742854058,
0.898342977801531,0.902198527062481,0.906054076323432,0.909909625584383,
0.913765174845334,0.917620724106284,0.921476273367235,0.925331822628186,
0.929187371889137,0.933042921150088,0.936898470411038,0.940754019671989,
0.94460956893294,0.948465118193891,0.952320667454841,0.956176216715792,
0.960031765976743,0.963887315237694,0.967742864498645,0.971598413759595,
0.975453963020546,0.979309512281497,0.983165061542448,0.987020610803398,
0.990876160064349,0.9947317093253,0.998587258586251,1.),.UNSPECIFIED.);
#35=B_SPLINE_SURFACE_WITH_KNOTS('',1,3,((#4433,#4434,#4435,#4436,#4437,
#4438,#4439,#4440,#4441,#4442,#4443,#4444,#4445,#4446,#4447,#4448,#4449,
#4450,#4451,#4452,#4453,#4454,#4455,#4456,#4457,#4458,#4459,#4460,#4461,
#4462,#4463,#4464,#4465,#4466,#4467,#4468,#4469,#4470,#4471,#4472,#4473,
#4474,#4475,#4476,#4477,#4478,#4479,#4480,#4481,#4482,#4483,#4484,#4485,
#4486,#4487,#4488,#4489,#4490,#4491,#4492,#4493,#4494,#4495,#4496,#4497,
#4498,#4499,#4500,#4501,#4502,#4503,#4504,#4505,#4506,#4507,#4508,#4509,
#4510,#4511,#4512,#4513,#4514,#4515,#4516,#4517,#4518,#4519,#4520,#4521,
#4522,#4523,#4524,#4525,#4526,#4527,#4528,#4529,#4530,#4531,#4532,#4533,
#4534,#4535,#4536,#4537,#4538,#4539,#4540,#4541,#4542,#4543,#4544,#4545,
#4546,#4547,#4548,#4549,#4550,#4551,#4552,#4553,#4554,#4555,#4556,#4557,
#4558,#4559,#4560,#4561,#4562,#4563,#4564,#4565,#4566,#4567,#4568,#4569,
#4570,#4571,#4572,#4573,#4574,#4575,#4576,#4577,#4578,#4579,#4580,#4581,
#4582,#4583,#4584,#4585,#4586,#4587,#4588,#4589,#4590,#4591,#4592,#4593,
#4594,#4595,#4596,#4597,#4598,#4599,#4600,#4601,#4602,#4603,#4604,#4605,
#4606,#4607,#4608,#4609,#4610,#4611,#4612,#4613,#4614,#4615,#4616,#4617,
#4618,#4619,#4620,#4621,#4622,#4623,#4624,#4625,#4626,#4627,#4628,#4629,
#4630,#4631,#4632,#4633,#4634,#4635,#4636,#4637,#4638,#4639,#4640,#4641,
#4642,#4643,#4644,#4645,#4646,#4647,#4648,#4649,#4650,#4651,#4652,#4653,
#4654,#4655,#4656,#4657,#4658,#4659,#4660,#4661,#4662,#4663,#4664,#4665,
#4666,#4667,#4668,#4669,#4670,#4671,#4672,#4673,#4674,#4675,#4676,#4677,
#4678,#4679,#4680,#4681,#4682,#4683,#4684,#4685,#4686,#4687,#4688,#4689,
#4690,#4691,#4692,#4693,#4694,#4695),(#4696,#4697,#4698,#4699,#4700,#4701,
#4702,#4703,#4704,#4705,#4706,#4707,#4708,#4709,#4710,#4711,#4712,#4713,
#4714,#4715,#4716,#4717,#4718,#4719,#4720,#4721,#4722,#4723,#4724,#4725,
#4726,#4727,#4728,#4729,#4730,#4731,#4732,#4733,#4734,#4735,#4736,#4737,
#4738,#4739,#4740,#4741,#4742,#4743,#4744,#4745,#4746,#4747,#4748,#4749,
#4750,#4751,#4752,#4753,#4754,#4755,#4756,#4757,#4758,#4759,#4760,#4761,
#4762,#4763,#4764,#4765,#4766,#4767,#4768,#4769,#4770,#4771,#4772,#4773,
#4774,#4775,#4776,#4777,#4778,#4779,#4780,#4781,#4782,#4783,#4784,#4785,
#4786,#4787,#4788,#4789,#4790,#4791,#4792,#4793,#4794,#4795,#4796,#4797,
#4798,#4799,#4800,#4801,#4802,#4803,#4804,#4805,#4806,#4807,#4808,#4809,
#4810,#4811,#4812,#4813,#4814,#4815,#4816,#4817,#4818,#4819,#4820,#4821,
#4822,#4823,#4824,#4825,#4826,#4827,#4828,#4829,#4830,#4831,#4832,#4833,
#4834,#4835,#4836,#4837,#4838,#4839,#4840,#4841,#4842,#4843,#4844,#4845,
#4846,#4847,#4848,#4849,#4850,#4851,#4852,#4853,#4854,#4855,#4856,#4857,
#4858,#4859,#4860,#4861,#4862,#4863,#4864,#4865,#4866,#4867,#4868,#4869,
#4870,#4871,#4872,#4873,#4874,#4875,#4876,#4877,#4878,#4879,#4880,#4881,
#4882,#4883,#4884,#4885,#4886,#4887,#4888,#4889,#4890,#4891,#4892,#4893,
#4894,#4895,#4896,#4897,#4898,#4899,#4900,#4901,#4902,#4903,#4904,#4905,
#4906,#4907,#4908,#4909,#4910,#4911,#4912,#4913,#4914,#4915,#4916,#4917,
#4918,#4919,#4920,#4921,#4922,#4923,#4924,#4925,#4926,#4927,#4928,#4929,
#4930,#4931,#4932,#4933,#4934,#4935,#4936,#4937,#4938,#4939,#4940,#4941,
#4942,#4943,#4944,#4945,#4946,#4947,#4948,#4949,#4950,#4951,#4952,#4953,
#4954,#4955,#4956,#4957,#4958)),.UNSPECIFIED.,.F.,.F.,.F.,(2,2),(4,1,1,
1,1,1,1,1,1,1,1,1,1,1,1,1,1,1,1,1,1,1,1,1,1,1,1,1,1,1,1,1,1,1,1,1,1,1,1,
1,1,1,1,1,1,1,1,1,1,1,1,1,1,1,1,1,1,1,1,1,1,1,1,1,1,1,1,1,1,1,1,1,1,1,1,
1,1,1,1,1,1,1,1,1,1,1,1,1,1,1,1,1,1,1,1,1,1,1,1,1,1,1,1,1,1,1,1,1,1,1,1,
1,1,1,1,1,1,1,1,1,1,1,1,1,1,1,1,1,1,1,1,1,1,1,1,1,1,1,1,1,1,1,1,1,1,1,1,
1,1,1,1,1,1,1,1,1,1,1,1,1,1,1,1,1,1,1,1,1,1,1,1,1,1,1,1,1,1,1,1,1,1,1,1,
1,1,1,1,1,1,1,1,1,1,1,1,1,1,1,1,1,1,1,1,1,1,1,1,1,1,1,1,1,1,1,1,1,1,1,1,
1,1,1,1,1,1,1,1,1,1,1,1,1,1,1,1,1,1,1,1,1,1,1,1,1,1,1,1,1,1,1,1,1,1,1,1,
1,1,1,1,1,4),(0.,1.),(0.,0.00385554926095078,0.00771109852190155,0.0115666477828523,
0.0154221970438031,0.0192777463047539,0.0231332955657047,0.0269888448266554,
0.0308443940876062,0.034699943348557,0.0385554926095078,0.0424110418704585,
0.0462665911314093,0.0501221403923601,0.0539776896533109,0.0578332389142616,
0.0616887881752124,0.0655443374361632,0.069399886697114,0.0732554359580647,
0.0771109852190155,0.0809665344799663,0.0848220837409171,0.0886776330018678,
0.0925331822628186,0.0963887315237694,0.10024428078472,0.104099830045671,
0.107955379306622,0.111810928567572,0.115666477828523,0.119522027089474,
0.123377576350425,0.127233125611376,0.131088674872326,0.134944224133277,
0.138799773394228,0.142655322655179,0.146510871916129,0.15036642117708,
0.154221970438031,0.158077519698982,0.161933068959933,0.165788618220883,
0.169644167481834,0.173499716742785,0.177355266003736,0.181210815264686,
0.185066364525637,0.188921913786588,0.192777463047539,0.19663301230849,
0.20048856156944,0.204344110830391,0.208199660091342,0.212055209352293,
0.215910758613243,0.219766307874194,0.223621857135145,0.227477406396096,
0.231332955657047,0.235188504917997,0.239044054178948,0.242899603439899,
0.24675515270085,0.2506107019618,0.254466251222751,0.258321800483702,0.262177349744653,
0.266032899005604,0.269888448266554,0.273743997527505,0.277599546788456,
0.281455096049407,0.285310645310357,0.289166194571308,0.293021743832259,
0.29687729309321,0.30073284235416,0.304588391615111,0.308443940876062,0.312299490137013,
0.316155039397964,0.320010588658914,0.323866137919865,0.327721687180816,
0.331577236441767,0.335432785702717,0.339288334963668,0.343143884224619,
0.34699943348557,0.350854982746521,0.354710532007471,0.358566081268422,
0.362421630529373,0.366277179790324,0.370132729051274,0.373988278312225,
0.377843827573176,0.381699376834127,0.385554926095078,0.389410475356028,
0.393266024616979,0.39712157387793,0.400977123138881,0.404832672399831,
0.408688221660782,0.412543770921733,0.416399320182684,0.420254869443634,
0.424110418704585,0.427965967965536,0.431821517226487,0.435677066487438,
0.439532615748388,0.443388165009339,0.44724371427029,0.451099263531241,
0.454954812792191,0.458810362053142,0.462665911314093,0.466521460575044,
0.470377009835995,0.474232559096945,0.478088108357896,0.481943657618847,
0.485799206879798,0.489654756140748,0.493510305401699,0.49736585466265,
0.501221403923601,0.505076953184552,0.508932502445502,0.512788051706453,
0.516643600967404,0.520499150228355,0.524354699489305,0.528210248750256,
0.532065798011207,0.535921347272158,0.539776896533109,0.543632445794059,
0.54748799505501,0.551343544315961,0.555199093576912,0.559054642837862,
0.562910192098813,0.566765741359764,0.570621290620715,0.574476839881666,
0.578332389142616,0.582187938403567,0.586043487664518,0.589899036925469,
0.593754586186419,0.59761013544737,0.601465684708321,0.605321233969272,
0.609176783230223,0.613032332491173,0.616887881752124,0.620743431013075,
0.624598980274026,0.628454529534976,0.632310078795927,0.636165628056878,
0.640021177317829,0.643876726578779,0.64773227583973,0.651587825100681,
0.655443374361632,0.659298923622583,0.663154472883533,0.667010022144484,
0.670865571405435,0.674721120666386,0.678576669927336,0.682432219188287,
0.686287768449238,0.690143317710189,0.69399886697114,0.69785441623209,0.701709965493041,
0.705565514753992,0.709421064014943,0.713276613275893,0.717132162536844,
0.720987711797795,0.724843261058746,0.728698810319697,0.732554359580647,
0.736409908841598,0.740265458102549,0.7441210073635,0.74797655662445,0.751832105885401,
0.755687655146352,0.759543204407303,0.763398753668253,0.767254302929204,
0.771109852190155,0.774965401451106,0.778820950712057,0.782676499973007,
0.786532049233958,0.790387598494909,0.79424314775586,0.79809869701681,0.801954246277761,
0.805809795538712,0.809665344799663,0.813520894060614,0.817376443321564,
0.821231992582515,0.825087541843466,0.828943091104417,0.832798640365367,
0.836654189626318,0.840509738887269,0.84436528814822,0.848220837409171,
0.852076386670121,0.855931935931072,0.859787485192023,0.863643034452974,
0.867498583713924,0.871354132974875,0.875209682235826,0.879065231496777,
0.882920780757728,0.886776330018678,0.890631879279629,0.89448742854058,
0.898342977801531,0.902198527062481,0.906054076323432,0.909909625584383,
0.913765174845334,0.917620724106284,0.921476273367235,0.925331822628186,
0.929187371889137,0.933042921150088,0.936898470411038,0.940754019671989,
0.94460956893294,0.948465118193891,0.952320667454841,0.956176216715792,
0.960031765976743,0.963887315237694,0.967742864498645,0.971598413759595,
0.975453963020546,0.979309512281497,0.983165061542448,0.987020610803398,
0.990876160064349,0.9947317093253,0.998587258586251,1.),.UNSPECIFIED.);
#36=B_SPLINE_SURFACE_WITH_KNOTS('',1,3,((#4963,#4964,#4965,#4966,#4967,
#4968,#4969,#4970,#4971,#4972,#4973,#4974,#4975,#4976,#4977,#4978,#4979,
#4980,#4981,#4982,#4983,#4984,#4985,#4986,#4987,#4988,#4989,#4990,#4991,
#4992,#4993,#4994,#4995,#4996,#4997,#4998,#4999,#5000,#5001,#5002,#5003,
#5004,#5005,#5006,#5007,#5008,#5009,#5010,#5011,#5012,#5013,#5014,#5015,
#5016,#5017,#5018,#5019,#5020,#5021,#5022,#5023,#5024,#5025,#5026,#5027,
#5028,#5029,#5030,#5031,#5032,#5033,#5034,#5035,#5036,#5037,#5038,#5039,
#5040,#5041,#5042,#5043,#5044,#5045,#5046,#5047,#5048,#5049,#5050,#5051,
#5052,#5053,#5054,#5055,#5056,#5057,#5058,#5059,#5060,#5061,#5062,#5063,
#5064,#5065,#5066,#5067,#5068,#5069,#5070,#5071,#5072,#5073,#5074,#5075,
#5076,#5077,#5078,#5079,#5080,#5081,#5082,#5083,#5084,#5085,#5086,#5087,
#5088,#5089,#5090,#5091,#5092,#5093,#5094,#5095,#5096,#5097,#5098,#5099,
#5100,#5101,#5102,#5103,#5104,#5105,#5106,#5107,#5108,#5109,#5110,#5111,
#5112,#5113,#5114,#5115,#5116,#5117,#5118,#5119,#5120,#5121,#5122,#5123,
#5124,#5125,#5126,#5127,#5128,#5129,#5130,#5131,#5132,#5133,#5134,#5135,
#5136,#5137,#5138,#5139,#5140,#5141,#5142,#5143,#5144,#5145,#5146,#5147,
#5148,#5149,#5150,#5151,#5152,#5153,#5154,#5155,#5156,#5157,#5158,#5159,
#5160,#5161,#5162,#5163,#5164,#5165,#5166,#5167,#5168,#5169,#5170,#5171,
#5172,#5173,#5174,#5175,#5176,#5177,#5178,#5179,#5180,#5181,#5182,#5183,
#5184,#5185,#5186,#5187,#5188,#5189,#5190,#5191,#5192,#5193,#5194,#5195,
#5196,#5197,#5198,#5199,#5200,#5201,#5202,#5203,#5204,#5205,#5206,#5207,
#5208,#5209,#5210,#5211,#5212,#5213,#5214,#5215,#5216,#5217,#5218,#5219,
#5220,#5221,#5222,#5223,#5224,#5225),(#5226,#5227,#5228,#5229,#5230,#5231,
#5232,#5233,#5234,#5235,#5236,#5237,#5238,#5239,#5240,#5241,#5242,#5243,
#5244,#5245,#5246,#5247,#5248,#5249,#5250,#5251,#5252,#5253,#5254,#5255,
#5256,#5257,#5258,#5259,#5260,#5261,#5262,#5263,#5264,#5265,#5266,#5267,
#5268,#5269,#5270,#5271,#5272,#5273,#5274,#5275,#5276,#5277,#5278,#5279,
#5280,#5281,#5282,#5283,#5284,#5285,#5286,#5287,#5288,#5289,#5290,#5291,
#5292,#5293,#5294,#5295,#5296,#5297,#5298,#5299,#5300,#5301,#5302,#5303,
#5304,#5305,#5306,#5307,#5308,#5309,#5310,#5311,#5312,#5313,#5314,#5315,
#5316,#5317,#5318,#5319,#5320,#5321,#5322,#5323,#5324,#5325,#5326,#5327,
#5328,#5329,#5330,#5331,#5332,#5333,#5334,#5335,#5336,#5337,#5338,#5339,
#5340,#5341,#5342,#5343,#5344,#5345,#5346,#5347,#5348,#5349,#5350,#5351,
#5352,#5353,#5354,#5355,#5356,#5357,#5358,#5359,#5360,#5361,#5362,#5363,
#5364,#5365,#5366,#5367,#5368,#5369,#5370,#5371,#5372,#5373,#5374,#5375,
#5376,#5377,#5378,#5379,#5380,#5381,#5382,#5383,#5384,#5385,#5386,#5387,
#5388,#5389,#5390,#5391,#5392,#5393,#5394,#5395,#5396,#5397,#5398,#5399,
#5400,#5401,#5402,#5403,#5404,#5405,#5406,#5407,#5408,#5409,#5410,#5411,
#5412,#5413,#5414,#5415,#5416,#5417,#5418,#5419,#5420,#5421,#5422,#5423,
#5424,#5425,#5426,#5427,#5428,#5429,#5430,#5431,#5432,#5433,#5434,#5435,
#5436,#5437,#5438,#5439,#5440,#5441,#5442,#5443,#5444,#5445,#5446,#5447,
#5448,#5449,#5450,#5451,#5452,#5453,#5454,#5455,#5456,#5457,#5458,#5459,
#5460,#5461,#5462,#5463,#5464,#5465,#5466,#5467,#5468,#5469,#5470,#5471,
#5472,#5473,#5474,#5475,#5476,#5477,#5478,#5479,#5480,#5481,#5482,#5483,
#5484,#5485,#5486,#5487,#5488)),.UNSPECIFIED.,.F.,.F.,.F.,(2,2),(4,1,1,
1,1,1,1,1,1,1,1,1,1,1,1,1,1,1,1,1,1,1,1,1,1,1,1,1,1,1,1,1,1,1,1,1,1,1,1,
1,1,1,1,1,1,1,1,1,1,1,1,1,1,1,1,1,1,1,1,1,1,1,1,1,1,1,1,1,1,1,1,1,1,1,1,
1,1,1,1,1,1,1,1,1,1,1,1,1,1,1,1,1,1,1,1,1,1,1,1,1,1,1,1,1,1,1,1,1,1,1,1,
1,1,1,1,1,1,1,1,1,1,1,1,1,1,1,1,1,1,1,1,1,1,1,1,1,1,1,1,1,1,1,1,1,1,1,1,
1,1,1,1,1,1,1,1,1,1,1,1,1,1,1,1,1,1,1,1,1,1,1,1,1,1,1,1,1,1,1,1,1,1,1,1,
1,1,1,1,1,1,1,1,1,1,1,1,1,1,1,1,1,1,1,1,1,1,1,1,1,1,1,1,1,1,1,1,1,1,1,1,
1,1,1,1,1,1,1,1,1,1,1,1,1,1,1,1,1,1,1,1,1,1,1,1,1,1,1,1,1,1,1,1,1,1,1,1,
1,1,1,1,1,4),(0.,1.),(0.,0.00385554926095078,0.00771109852190155,0.0115666477828523,
0.0154221970438031,0.0192777463047539,0.0231332955657047,0.0269888448266554,
0.0308443940876062,0.034699943348557,0.0385554926095078,0.0424110418704585,
0.0462665911314093,0.0501221403923601,0.0539776896533109,0.0578332389142616,
0.0616887881752124,0.0655443374361632,0.069399886697114,0.0732554359580647,
0.0771109852190155,0.0809665344799663,0.0848220837409171,0.0886776330018678,
0.0925331822628186,0.0963887315237694,0.10024428078472,0.104099830045671,
0.107955379306622,0.111810928567572,0.115666477828523,0.119522027089474,
0.123377576350425,0.127233125611376,0.131088674872326,0.134944224133277,
0.138799773394228,0.142655322655179,0.146510871916129,0.15036642117708,
0.154221970438031,0.158077519698982,0.161933068959933,0.165788618220883,
0.169644167481834,0.173499716742785,0.177355266003736,0.181210815264686,
0.185066364525637,0.188921913786588,0.192777463047539,0.19663301230849,
0.20048856156944,0.204344110830391,0.208199660091342,0.212055209352293,
0.215910758613243,0.219766307874194,0.223621857135145,0.227477406396096,
0.231332955657047,0.235188504917997,0.239044054178948,0.242899603439899,
0.24675515270085,0.2506107019618,0.254466251222751,0.258321800483702,0.262177349744653,
0.266032899005604,0.269888448266554,0.273743997527505,0.277599546788456,
0.281455096049407,0.285310645310357,0.289166194571308,0.293021743832259,
0.29687729309321,0.30073284235416,0.304588391615111,0.308443940876062,0.312299490137013,
0.316155039397964,0.320010588658914,0.323866137919865,0.327721687180816,
0.331577236441767,0.335432785702717,0.339288334963668,0.343143884224619,
0.34699943348557,0.350854982746521,0.354710532007471,0.358566081268422,
0.362421630529373,0.366277179790324,0.370132729051274,0.373988278312225,
0.377843827573176,0.381699376834127,0.385554926095078,0.389410475356028,
0.393266024616979,0.39712157387793,0.400977123138881,0.404832672399831,
0.408688221660782,0.412543770921733,0.416399320182684,0.420254869443634,
0.424110418704585,0.427965967965536,0.431821517226487,0.435677066487438,
0.439532615748388,0.443388165009339,0.44724371427029,0.451099263531241,
0.454954812792191,0.458810362053142,0.462665911314093,0.466521460575044,
0.470377009835995,0.474232559096945,0.478088108357896,0.481943657618847,
0.485799206879798,0.489654756140748,0.493510305401699,0.49736585466265,
0.501221403923601,0.505076953184552,0.508932502445502,0.512788051706453,
0.516643600967404,0.520499150228355,0.524354699489305,0.528210248750256,
0.532065798011207,0.535921347272158,0.539776896533109,0.543632445794059,
0.54748799505501,0.551343544315961,0.555199093576912,0.559054642837862,
0.562910192098813,0.566765741359764,0.570621290620715,0.574476839881666,
0.578332389142616,0.582187938403567,0.586043487664518,0.589899036925469,
0.593754586186419,0.59761013544737,0.601465684708321,0.605321233969272,
0.609176783230223,0.613032332491173,0.616887881752124,0.620743431013075,
0.624598980274026,0.628454529534976,0.632310078795927,0.636165628056878,
0.640021177317829,0.643876726578779,0.64773227583973,0.651587825100681,
0.655443374361632,0.659298923622583,0.663154472883533,0.667010022144484,
0.670865571405435,0.674721120666386,0.678576669927336,0.682432219188287,
0.686287768449238,0.690143317710189,0.69399886697114,0.69785441623209,0.701709965493041,
0.705565514753992,0.709421064014943,0.713276613275893,0.717132162536844,
0.720987711797795,0.724843261058746,0.728698810319697,0.732554359580647,
0.736409908841598,0.740265458102549,0.7441210073635,0.74797655662445,0.751832105885401,
0.755687655146352,0.759543204407303,0.763398753668253,0.767254302929204,
0.771109852190155,0.774965401451106,0.778820950712057,0.782676499973007,
0.786532049233958,0.790387598494909,0.79424314775586,0.79809869701681,0.801954246277761,
0.805809795538712,0.809665344799663,0.813520894060614,0.817376443321564,
0.821231992582515,0.825087541843466,0.828943091104417,0.832798640365367,
0.836654189626318,0.840509738887269,0.84436528814822,0.848220837409171,
0.852076386670121,0.855931935931072,0.859787485192023,0.863643034452974,
0.867498583713924,0.871354132974875,0.875209682235826,0.879065231496777,
0.882920780757728,0.886776330018678,0.890631879279629,0.89448742854058,
0.898342977801531,0.902198527062481,0.906054076323432,0.909909625584383,
0.913765174845334,0.917620724106284,0.921476273367235,0.925331822628186,
0.929187371889137,0.933042921150088,0.936898470411038,0.940754019671989,
0.94460956893294,0.948465118193891,0.952320667454841,0.956176216715792,
0.960031765976743,0.963887315237694,0.967742864498645,0.971598413759595,
0.975453963020546,0.979309512281497,0.983165061542448,0.987020610803398,
0.990876160064349,0.9947317093253,0.998587258586251,1.),.UNSPECIFIED.);
#37=B_SPLINE_SURFACE_WITH_KNOTS('',1,3,((#5494,#5495,#5496,#5497),(#5498,
#5499,#5500,#5501)),.UNSPECIFIED.,.F.,.F.,.F.,(2,2),(4,4),(0.,1.),(0.,1.),
 .UNSPECIFIED.);
#38=B_SPLINE_SURFACE_WITH_KNOTS('',1,3,((#5507,#5508,#5509,#5510),(#5511,
#5512,#5513,#5514)),.UNSPECIFIED.,.F.,.F.,.F.,(2,2),(4,4),(0.,1.),(0.,1.),
 .UNSPECIFIED.);
#39=B_SPLINE_SURFACE_WITH_KNOTS('',1,3,((#5519,#5520,#5521,#5522),(#5523,
#5524,#5525,#5526)),.UNSPECIFIED.,.F.,.F.,.F.,(2,2),(4,4),(0.,1.),(0.,1.),
 .UNSPECIFIED.);
#40=B_SPLINE_SURFACE_WITH_KNOTS('',1,3,((#5532,#5533,#5534,#5535),(#5536,
#5537,#5538,#5539)),.UNSPECIFIED.,.F.,.F.,.F.,(2,2),(4,4),(0.,1.),(0.,1.),
 .UNSPECIFIED.);
#41=B_SPLINE_SURFACE_WITH_KNOTS('',1,3,((#5544,#5545,#5546,#5547),(#5548,
#5549,#5550,#5551)),.UNSPECIFIED.,.F.,.F.,.F.,(2,2),(4,4),(0.,1.),(0.,1.),
 .UNSPECIFIED.);
#42=B_SPLINE_SURFACE_WITH_KNOTS('',1,3,((#5557,#5558,#5559,#5560),(#5561,
#5562,#5563,#5564)),.UNSPECIFIED.,.F.,.F.,.F.,(2,2),(4,4),(0.,1.),(0.,1.),
 .UNSPECIFIED.);
#43=B_SPLINE_SURFACE_WITH_KNOTS('',1,3,((#5569,#5570,#5571,#5572),(#5573,
#5574,#5575,#5576)),.UNSPECIFIED.,.F.,.F.,.F.,(2,2),(4,4),(0.,1.),(0.,1.),
 .UNSPECIFIED.);
#44=B_SPLINE_SURFACE_WITH_KNOTS('',1,3,((#5582,#5583,#5584,#5585),(#5586,
#5587,#5588,#5589)),.UNSPECIFIED.,.F.,.F.,.F.,(2,2),(4,4),(0.,1.),(0.,1.),
 .UNSPECIFIED.);
#45=B_SPLINE_SURFACE_WITH_KNOTS('',1,3,((#5594,#5595,#5596,#5597),(#5598,
#5599,#5600,#5601)),.UNSPECIFIED.,.F.,.F.,.F.,(2,2),(4,4),(0.,1.),(0.,1.),
 .UNSPECIFIED.);
#46=B_SPLINE_SURFACE_WITH_KNOTS('',1,3,((#5607,#5608,#5609,#5610),(#5611,
#5612,#5613,#5614)),.UNSPECIFIED.,.F.,.F.,.F.,(2,2),(4,4),(0.,1.),(0.,1.),
 .UNSPECIFIED.);
#47=B_SPLINE_SURFACE_WITH_KNOTS('',1,3,((#5619,#5620,#5621,#5622),(#5623,
#5624,#5625,#5626)),.UNSPECIFIED.,.F.,.F.,.F.,(2,2),(4,4),(0.,1.),(0.,1.),
 .UNSPECIFIED.);
#48=B_SPLINE_SURFACE_WITH_KNOTS('',1,3,((#5632,#5633,#5634,#5635),(#5636,
#5637,#5638,#5639)),.UNSPECIFIED.,.F.,.F.,.F.,(2,2),(4,4),(0.,1.),(0.,1.),
 .UNSPECIFIED.);
#49=ELLIPSE('',#1216,125.718722772562,55.6012958529213);
#50=ELLIPSE('',#1217,125.718722772567,55.6012958529221);
#51=ELLIPSE('',#1219,125.718722772562,55.6012958529213);
#52=ELLIPSE('',#1220,125.718722772567,55.6012958529221);
#53=ELLIPSE('',#1222,125.718722772562,55.6012958529213);
#54=ELLIPSE('',#1223,125.718722772567,55.6012958529221);
#55=ELLIPSE('',#1225,125.718722772562,55.6012958529213);
#56=ELLIPSE('',#1226,125.718722772567,55.6012958529221);
#57=ELLIPSE('',#1228,125.718722772562,55.6012958529213);
#58=ELLIPSE('',#1229,125.718722772567,55.6012958529221);
#59=ELLIPSE('',#1231,125.718722772562,55.6012958529213);
#60=ELLIPSE('',#1232,125.718722772567,55.6012958529221);
#61=CONICAL_SURFACE('',#1194,48.7,45.0000000000016);
#62=CONICAL_SURFACE('',#1196,48.4171572875254,44.9999999999986);
#63=CONICAL_SURFACE('',#1200,48.7,45.0000000000019);
#64=CONICAL_SURFACE('',#1202,48.4171572875254,44.9999999999974);
#65=CONICAL_SURFACE('',#1235,45.7,37.9633405916769);
#66=CONICAL_SURFACE('',#1267,48.7,45.);
#67=CONICAL_SURFACE('',#1268,48.7,45.);
#68=CONICAL_SURFACE('',#1269,48.7,45.);
#69=CONICAL_SURFACE('',#1270,48.7,45.);
#70=CONICAL_SURFACE('',#1271,48.7,45.);
#71=CONICAL_SURFACE('',#1272,48.7,45.);
#72=CONICAL_SURFACE('',#1275,48.2,45.);
#73=CONICAL_SURFACE('',#1276,48.2,45.);
#74=CONICAL_SURFACE('',#1277,48.2,45.);
#75=CONICAL_SURFACE('',#1278,48.2,45.);
#76=CONICAL_SURFACE('',#1279,48.2,45.);
#77=CONICAL_SURFACE('',#1280,48.2,45.);
#78=PLANE('',#1171);
#79=PLANE('',#1174);
#80=PLANE('',#1177);
#81=PLANE('',#1180);
#82=PLANE('',#1183);
#83=PLANE('',#1186);
#84=PLANE('',#1189);
#85=PLANE('',#1239);
#86=PLANE('',#1242);
#87=PLANE('',#1243);
#88=PLANE('',#1245);
#89=PLANE('',#1246);
#90=PLANE('',#1247);
#91=PLANE('',#1249);
#92=PLANE('',#1250);
#93=PLANE('',#1251);
#94=PLANE('',#1253);
#95=PLANE('',#1254);
#96=PLANE('',#1255);
#97=PLANE('',#1257);
#98=PLANE('',#1258);
#99=PLANE('',#1259);
#100=PLANE('',#1261);
#101=PLANE('',#1262);
#102=PLANE('',#1263);
#103=PLANE('',#1265);
#104=PLANE('',#1266);
#105=PLANE('',#1273);
#106=FACE_BOUND('',#261,.T.);
#107=FACE_BOUND('',#262,.T.);
#108=FACE_BOUND('',#269,.T.);
#109=FACE_BOUND('',#270,.T.);
#110=FACE_BOUND('',#271,.T.);
#111=FACE_BOUND('',#272,.T.);
#112=FACE_BOUND('',#273,.T.);
#113=FACE_BOUND('',#274,.T.);
#114=FACE_BOUND('',#275,.T.);
#115=FACE_BOUND('',#276,.T.);
#116=FACE_BOUND('',#277,.T.);
#117=FACE_BOUND('',#278,.T.);
#118=FACE_BOUND('',#279,.T.);
#119=FACE_BOUND('',#280,.T.);
#120=FACE_BOUND('',#281,.T.);
#121=FACE_BOUND('',#282,.T.);
#122=FACE_BOUND('',#283,.T.);
#123=FACE_BOUND('',#284,.T.);
#124=FACE_BOUND('',#285,.T.);
#125=FACE_BOUND('',#286,.T.);
#126=FACE_BOUND('',#287,.T.);
#127=FACE_BOUND('',#288,.T.);
#128=FACE_BOUND('',#289,.T.);
#129=FACE_BOUND('',#290,.T.);
#130=FACE_BOUND('',#291,.T.);
#131=FACE_BOUND('',#292,.T.);
#132=ADVANCED_FACE('',(#206),#199,.F.);
#133=ADVANCED_FACE('',(#106,#107),#78,.T.);
#134=ADVANCED_FACE('',(#207),#79,.T.);
#135=ADVANCED_FACE('',(#208),#80,.T.);
#136=ADVANCED_FACE('',(#209),#81,.T.);
#137=ADVANCED_FACE('',(#210),#82,.T.);
#138=ADVANCED_FACE('',(#211),#83,.T.);
#139=ADVANCED_FACE('',(#212),#84,.T.);
#140=ADVANCED_FACE('',(#108,#109),#200,.T.);
#141=ADVANCED_FACE('',(#110,#111),#61,.T.);
#142=ADVANCED_FACE('',(#112,#113),#62,.T.);
#143=ADVANCED_FACE('',(#114,#115),#201,.T.);
#144=ADVANCED_FACE('',(#116,#117),#63,.T.);
#145=ADVANCED_FACE('',(#118,#119),#64,.T.);
#146=ADVANCED_FACE('',(#120,#121),#202,.T.);
#147=ADVANCED_FACE('',(#122,#123),#65,.F.);
#148=ADVANCED_FACE('',(#124,#125),#203,.F.);
#149=ADVANCED_FACE('',(#126,#127),#85,.T.);
#150=ADVANCED_FACE('',(#128,#129),#204,.F.);
#151=ADVANCED_FACE('',(#130,#131),#86,.T.);
#152=ADVANCED_FACE('',(#213),#87,.F.);
#153=ADVANCED_FACE('',(#214),#88,.F.);
#154=ADVANCED_FACE('',(#215),#89,.F.);
#155=ADVANCED_FACE('',(#216),#90,.F.);
#156=ADVANCED_FACE('',(#217),#91,.F.);
#157=ADVANCED_FACE('',(#218),#92,.F.);
#158=ADVANCED_FACE('',(#219),#93,.F.);
#159=ADVANCED_FACE('',(#220),#94,.F.);
#160=ADVANCED_FACE('',(#221),#95,.F.);
#161=ADVANCED_FACE('',(#222),#96,.F.);
#162=ADVANCED_FACE('',(#223),#97,.F.);
#163=ADVANCED_FACE('',(#224),#98,.F.);
#164=ADVANCED_FACE('',(#225),#99,.F.);
#165=ADVANCED_FACE('',(#226),#100,.F.);
#166=ADVANCED_FACE('',(#227),#101,.F.);
#167=ADVANCED_FACE('',(#228),#102,.F.);
#168=ADVANCED_FACE('',(#229),#103,.F.);
#169=ADVANCED_FACE('',(#230),#104,.F.);
#170=ADVANCED_FACE('',(#231),#66,.T.);
#171=ADVANCED_FACE('',(#232),#67,.T.);
#172=ADVANCED_FACE('',(#233),#68,.T.);
#173=ADVANCED_FACE('',(#234),#69,.T.);
#174=ADVANCED_FACE('',(#235),#70,.T.);
#175=ADVANCED_FACE('',(#236),#71,.T.);
#176=ADVANCED_FACE('',(#237),#34,.F.);
#177=ADVANCED_FACE('',(#238),#35,.F.);
#178=ADVANCED_FACE('',(#239),#105,.T.);
#179=ADVANCED_FACE('',(#240),#36,.F.);
#180=ADVANCED_FACE('',(#241),#205,.F.);
#181=ADVANCED_FACE('',(#242),#37,.T.);
#182=ADVANCED_FACE('',(#243),#72,.T.);
#183=ADVANCED_FACE('',(#244),#38,.T.);
#184=ADVANCED_FACE('',(#245),#39,.T.);
#185=ADVANCED_FACE('',(#246),#73,.T.);
#186=ADVANCED_FACE('',(#247),#40,.T.);
#187=ADVANCED_FACE('',(#248),#41,.T.);
#188=ADVANCED_FACE('',(#249),#74,.T.);
#189=ADVANCED_FACE('',(#250),#42,.T.);
#190=ADVANCED_FACE('',(#251),#43,.T.);
#191=ADVANCED_FACE('',(#252),#75,.T.);
#192=ADVANCED_FACE('',(#253),#44,.T.);
#193=ADVANCED_FACE('',(#254),#45,.T.);
#194=ADVANCED_FACE('',(#255),#76,.T.);
#195=ADVANCED_FACE('',(#256),#46,.T.);
#196=ADVANCED_FACE('',(#257),#47,.T.);
#197=ADVANCED_FACE('',(#258),#77,.T.);
#198=ADVANCED_FACE('',(#259),#48,.T.);
#199=CYLINDRICAL_SURFACE('',#1169,46.375);
#200=CYLINDRICAL_SURFACE('',#1192,48.7);
#201=CYLINDRICAL_SURFACE('',#1198,48.7);
#202=CYLINDRICAL_SURFACE('',#1215,48.7);
#203=CYLINDRICAL_SURFACE('',#1237,42.5);
#204=CYLINDRICAL_SURFACE('',#1240,46.2);
#205=CYLINDRICAL_SURFACE('',#1274,47.);
#206=FACE_OUTER_BOUND('',#260,.T.);
#207=FACE_OUTER_BOUND('',#263,.T.);
#208=FACE_OUTER_BOUND('',#264,.T.);
#209=FACE_OUTER_BOUND('',#265,.T.);
#210=FACE_OUTER_BOUND('',#266,.T.);
#211=FACE_OUTER_BOUND('',#267,.T.);
#212=FACE_OUTER_BOUND('',#268,.T.);
#213=FACE_OUTER_BOUND('',#293,.T.);
#214=FACE_OUTER_BOUND('',#294,.T.);
#215=FACE_OUTER_BOUND('',#295,.T.);
#216=FACE_OUTER_BOUND('',#296,.T.);
#217=FACE_OUTER_BOUND('',#297,.T.);
#218=FACE_OUTER_BOUND('',#298,.T.);
#219=FACE_OUTER_BOUND('',#299,.T.);
#220=FACE_OUTER_BOUND('',#300,.T.);
#221=FACE_OUTER_BOUND('',#301,.T.);
#222=FACE_OUTER_BOUND('',#302,.T.);
#223=FACE_OUTER_BOUND('',#303,.T.);
#224=FACE_OUTER_BOUND('',#304,.T.);
#225=FACE_OUTER_BOUND('',#305,.T.);
#226=FACE_OUTER_BOUND('',#306,.T.);
#227=FACE_OUTER_BOUND('',#307,.T.);
#228=FACE_OUTER_BOUND('',#308,.T.);
#229=FACE_OUTER_BOUND('',#309,.T.);
#230=FACE_OUTER_BOUND('',#310,.T.);
#231=FACE_OUTER_BOUND('',#311,.T.);
#232=FACE_OUTER_BOUND('',#312,.T.);
#233=FACE_OUTER_BOUND('',#313,.T.);
#234=FACE_OUTER_BOUND('',#314,.T.);
#235=FACE_OUTER_BOUND('',#315,.T.);
#236=FACE_OUTER_BOUND('',#316,.T.);
#237=FACE_OUTER_BOUND('',#317,.T.);
#238=FACE_OUTER_BOUND('',#318,.T.);
#239=FACE_OUTER_BOUND('',#319,.T.);
#240=FACE_OUTER_BOUND('',#320,.T.);
#241=FACE_OUTER_BOUND('',#321,.T.);
#242=FACE_OUTER_BOUND('',#322,.T.);
#243=FACE_OUTER_BOUND('',#323,.T.);
#244=FACE_OUTER_BOUND('',#324,.T.);
#245=FACE_OUTER_BOUND('',#325,.T.);
#246=FACE_OUTER_BOUND('',#326,.T.);
#247=FACE_OUTER_BOUND('',#327,.T.);
#248=FACE_OUTER_BOUND('',#328,.T.);
#249=FACE_OUTER_BOUND('',#329,.T.);
#250=FACE_OUTER_BOUND('',#330,.T.);
#251=FACE_OUTER_BOUND('',#331,.T.);
#252=FACE_OUTER_BOUND('',#332,.T.);
#253=FACE_OUTER_BOUND('',#333,.T.);
#254=FACE_OUTER_BOUND('',#334,.T.);
#255=FACE_OUTER_BOUND('',#335,.T.);
#256=FACE_OUTER_BOUND('',#336,.T.);
#257=FACE_OUTER_BOUND('',#337,.T.);
#258=FACE_OUTER_BOUND('',#338,.T.);
#259=FACE_OUTER_BOUND('',#339,.T.);
#260=EDGE_LOOP('',(#444,#445,#446,#447,#448));
#261=EDGE_LOOP('',(#449));
#262=EDGE_LOOP('',(#450,#451,#452,#453));
#263=EDGE_LOOP('',(#454,#455,#456,#457));
#264=EDGE_LOOP('',(#458,#459,#460,#461));
#265=EDGE_LOOP('',(#462,#463,#464,#465));
#266=EDGE_LOOP('',(#466,#467,#468,#469));
#267=EDGE_LOOP('',(#470,#471,#472,#473));
#268=EDGE_LOOP('',(#474,#475,#476,#477));
#269=EDGE_LOOP('',(#478));
#270=EDGE_LOOP('',(#479));
#271=EDGE_LOOP('',(#480));
#272=EDGE_LOOP('',(#481));
#273=EDGE_LOOP('',(#482));
#274=EDGE_LOOP('',(#483));
#275=EDGE_LOOP('',(#484));
#276=EDGE_LOOP('',(#485));
#277=EDGE_LOOP('',(#486));
#278=EDGE_LOOP('',(#487));
#279=EDGE_LOOP('',(#488));
#280=EDGE_LOOP('',(#489));
#281=EDGE_LOOP('',(#490,#491,#492,#493,#494,#495,#496,#497,#498,#499,#500,
#501,#502,#503,#504,#505,#506,#507,#508,#509,#510,#511,#512,#513));
#282=EDGE_LOOP('',(#514));
#283=EDGE_LOOP('',(#515,#516,#517,#518,#519,#520,#521,#522,#523,#524,#525,
#526,#527,#528,#529,#530,#531,#532,#533,#534,#535,#536,#537,#538));
#284=EDGE_LOOP('',(#539));
#285=EDGE_LOOP('',(#540));
#286=EDGE_LOOP('',(#541));
#287=EDGE_LOOP('',(#542));
#288=EDGE_LOOP('',(#543));
#289=EDGE_LOOP('',(#544));
#290=EDGE_LOOP('',(#545));
#291=EDGE_LOOP('',(#546,#547,#548,#549));
#292=EDGE_LOOP('',(#550));
#293=EDGE_LOOP('',(#551,#552,#553,#554,#555,#556));
#294=EDGE_LOOP('',(#557,#558,#559,#560));
#295=EDGE_LOOP('',(#561,#562,#563,#564,#565,#566));
#296=EDGE_LOOP('',(#567,#568,#569,#570,#571,#572));
#297=EDGE_LOOP('',(#573,#574,#575,#576));
#298=EDGE_LOOP('',(#577,#578,#579,#580,#581,#582));
#299=EDGE_LOOP('',(#583,#584,#585,#586,#587,#588));
#300=EDGE_LOOP('',(#589,#590,#591,#592));
#301=EDGE_LOOP('',(#593,#594,#595,#596,#597,#598));
#302=EDGE_LOOP('',(#599,#600,#601,#602,#603,#604));
#303=EDGE_LOOP('',(#605,#606,#607,#608));
#304=EDGE_LOOP('',(#609,#610,#611,#612,#613,#614));
#305=EDGE_LOOP('',(#615,#616,#617,#618,#619,#620));
#306=EDGE_LOOP('',(#621,#622,#623,#624));
#307=EDGE_LOOP('',(#625,#626,#627,#628,#629,#630));
#308=EDGE_LOOP('',(#631,#632,#633,#634,#635,#636));
#309=EDGE_LOOP('',(#637,#638,#639,#640));
#310=EDGE_LOOP('',(#641,#642,#643,#644,#645,#646));
#311=EDGE_LOOP('',(#647,#648,#649,#650));
#312=EDGE_LOOP('',(#651,#652,#653,#654));
#313=EDGE_LOOP('',(#655,#656,#657,#658));
#314=EDGE_LOOP('',(#659,#660,#661,#662));
#315=EDGE_LOOP('',(#663,#664,#665,#666));
#316=EDGE_LOOP('',(#667,#668,#669,#670));
#317=EDGE_LOOP('',(#671,#672,#673,#674,#675,#676));
#318=EDGE_LOOP('',(#677,#678,#679,#680));
#319=EDGE_LOOP('',(#681,#682,#683,#684,#685,#686));
#320=EDGE_LOOP('',(#687,#688,#689));
#321=EDGE_LOOP('',(#690,#691,#692,#693));
#322=EDGE_LOOP('',(#694,#695,#696,#697,#698));
#323=EDGE_LOOP('',(#699,#700,#701,#702,#703,#704));
#324=EDGE_LOOP('',(#705,#706,#707,#708,#709));
#325=EDGE_LOOP('',(#710,#711,#712,#713,#714));
#326=EDGE_LOOP('',(#715,#716,#717,#718,#719,#720));
#327=EDGE_LOOP('',(#721,#722,#723,#724,#725));
#328=EDGE_LOOP('',(#726,#727,#728,#729,#730));
#329=EDGE_LOOP('',(#731,#732,#733,#734,#735,#736));
#330=EDGE_LOOP('',(#737,#738,#739,#740,#741));
#331=EDGE_LOOP('',(#742,#743,#744,#745,#746));
#332=EDGE_LOOP('',(#747,#748,#749,#750,#751,#752));
#333=EDGE_LOOP('',(#753,#754,#755,#756,#757));
#334=EDGE_LOOP('',(#758,#759,#760,#761,#762));
#335=EDGE_LOOP('',(#763,#764,#765,#766,#767,#768));
#336=EDGE_LOOP('',(#769,#770,#771,#772,#773));
#337=EDGE_LOOP('',(#774,#775,#776,#777,#778));
#338=EDGE_LOOP('',(#779,#780,#781,#782,#783,#784));
#339=EDGE_LOOP('',(#785,#786,#787,#788,#789));
#340=CIRCLE('',#1167,46.375);
#341=CIRCLE('',#1168,46.375);
#342=CIRCLE('',#1170,46.2);
#343=CIRCLE('',#1172,48.2);
#344=CIRCLE('',#1173,45.7);
#345=CIRCLE('',#1175,48.2);
#346=CIRCLE('',#1176,45.7);
#347=CIRCLE('',#1178,48.2);
#348=CIRCLE('',#1179,45.7);
#349=CIRCLE('',#1181,48.2);
#350=CIRCLE('',#1182,45.7);
#351=CIRCLE('',#1184,48.2);
#352=CIRCLE('',#1185,45.7);
#353=CIRCLE('',#1187,48.2);
#354=CIRCLE('',#1188,45.7);
#355=CIRCLE('',#1190,48.7);
#356=CIRCLE('',#1191,48.7);
#357=CIRCLE('',#1193,48.4171572875254);
#358=CIRCLE('',#1195,48.7);
#359=CIRCLE('',#1197,48.7);
#360=CIRCLE('',#1199,48.4171572875254);
#361=CIRCLE('',#1201,48.7);
#362=CIRCLE('',#1203,48.7);
#363=CIRCLE('',#1204,48.7);
#364=CIRCLE('',#1205,48.7);
#365=CIRCLE('',#1206,48.7);
#366=CIRCLE('',#1207,48.7);
#367=CIRCLE('',#1208,48.7);
#368=CIRCLE('',#1209,48.7);
#369=CIRCLE('',#1210,48.7);
#370=CIRCLE('',#1211,48.7);
#371=CIRCLE('',#1212,48.7);
#372=CIRCLE('',#1213,48.7);
#373=CIRCLE('',#1214,48.7);
#374=CIRCLE('',#1218,44.1394884828987);
#375=CIRCLE('',#1221,44.1394884828987);
#376=CIRCLE('',#1224,44.1394884828987);
#377=CIRCLE('',#1227,44.1394884828987);
#378=CIRCLE('',#1230,44.1394884828987);
#379=CIRCLE('',#1233,44.1394884828987);
#380=CIRCLE('',#1234,42.5);
#381=CIRCLE('',#1236,42.5);
#382=CIRCLE('',#1238,46.2);
#383=CIRCLE('',#1241,47.);
#384=CIRCLE('',#1244,48.2);
#385=CIRCLE('',#1248,48.2);
#386=CIRCLE('',#1252,48.2);
#387=CIRCLE('',#1256,48.2);
#388=CIRCLE('',#1260,48.2);
#389=CIRCLE('',#1264,48.2);
#390=LINE('',#1913,#417);
#391=LINE('',#2324,#418);
#392=LINE('',#2336,#419);
#393=LINE('',#2341,#420);
#394=LINE('',#2345,#421);
#395=LINE('',#2350,#422);
#396=LINE('',#2354,#423);
#397=LINE('',#2359,#424);
#398=LINE('',#2363,#425);
#399=LINE('',#2368,#426);
#400=LINE('',#2372,#427);
#401=LINE('',#2377,#428);
#402=LINE('',#2381,#429);
#403=LINE('',#2386,#430);
#404=LINE('',#2586,#431);
#405=LINE('',#2588,#432);
#406=LINE('',#2607,#433);
#407=LINE('',#2624,#434);
#408=LINE('',#2643,#435);
#409=LINE('',#2660,#436);
#410=LINE('',#2679,#437);
#411=LINE('',#2696,#438);
#412=LINE('',#2715,#439);
#413=LINE('',#2732,#440);
#414=LINE('',#2751,#441);
#415=LINE('',#2768,#442);
#416=LINE('',#4959,#443);
#417=VECTOR('',#1283,1.);
#418=VECTOR('',#1292,1.);
#419=VECTOR('',#1295,1.);
#420=VECTOR('',#1298,1.);
#421=VECTOR('',#1303,1.);
#422=VECTOR('',#1306,1.);
#423=VECTOR('',#1311,1.);
#424=VECTOR('',#1314,1.);
#425=VECTOR('',#1319,1.);
#426=VECTOR('',#1322,1.);
#427=VECTOR('',#1327,1.);
#428=VECTOR('',#1330,1.);
#429=VECTOR('',#1335,1.);
#430=VECTOR('',#1338,1.);
#431=VECTOR('',#1449,1.);
#432=VECTOR('',#1452,1.);
#433=VECTOR('',#1459,1.);
#434=VECTOR('',#1462,1.);
#435=VECTOR('',#1469,1.);
#436=VECTOR('',#1472,1.);
#437=VECTOR('',#1479,1.);
#438=VECTOR('',#1482,1.);
#439=VECTOR('',#1489,1.);
#440=VECTOR('',#1492,1.);
#441=VECTOR('',#1499,1.);
#442=VECTOR('',#1502,1.);
#443=VECTOR('',#1521,1.);
#444=ORIENTED_EDGE('',*,*,#909,.F.);
#445=ORIENTED_EDGE('',*,*,#910,.T.);
#446=ORIENTED_EDGE('',*,*,#911,.F.);
#447=ORIENTED_EDGE('',*,*,#912,.F.);
#448=ORIENTED_EDGE('',*,*,#913,.T.);
#449=ORIENTED_EDGE('',*,*,#914,.F.);
#450=ORIENTED_EDGE('',*,*,#911,.T.);
#451=ORIENTED_EDGE('',*,*,#915,.T.);
#452=ORIENTED_EDGE('',*,*,#916,.F.);
#453=ORIENTED_EDGE('',*,*,#917,.F.);
#454=ORIENTED_EDGE('',*,*,#918,.F.);
#455=ORIENTED_EDGE('',*,*,#919,.T.);
#456=ORIENTED_EDGE('',*,*,#920,.T.);
#457=ORIENTED_EDGE('',*,*,#921,.T.);
#458=ORIENTED_EDGE('',*,*,#922,.F.);
#459=ORIENTED_EDGE('',*,*,#923,.T.);
#460=ORIENTED_EDGE('',*,*,#924,.T.);
#461=ORIENTED_EDGE('',*,*,#925,.T.);
#462=ORIENTED_EDGE('',*,*,#926,.F.);
#463=ORIENTED_EDGE('',*,*,#927,.T.);
#464=ORIENTED_EDGE('',*,*,#928,.T.);
#465=ORIENTED_EDGE('',*,*,#929,.T.);
#466=ORIENTED_EDGE('',*,*,#930,.F.);
#467=ORIENTED_EDGE('',*,*,#931,.T.);
#468=ORIENTED_EDGE('',*,*,#932,.T.);
#469=ORIENTED_EDGE('',*,*,#933,.T.);
#470=ORIENTED_EDGE('',*,*,#934,.F.);
#471=ORIENTED_EDGE('',*,*,#935,.T.);
#472=ORIENTED_EDGE('',*,*,#936,.T.);
#473=ORIENTED_EDGE('',*,*,#937,.T.);
#474=ORIENTED_EDGE('',*,*,#938,.F.);
#475=ORIENTED_EDGE('',*,*,#939,.T.);
#476=ORIENTED_EDGE('',*,*,#940,.T.);
#477=ORIENTED_EDGE('',*,*,#941,.T.);
#478=ORIENTED_EDGE('',*,*,#942,.T.);
#479=ORIENTED_EDGE('',*,*,#943,.F.);
#480=ORIENTED_EDGE('',*,*,#944,.T.);
#481=ORIENTED_EDGE('',*,*,#942,.F.);
#482=ORIENTED_EDGE('',*,*,#945,.T.);
#483=ORIENTED_EDGE('',*,*,#944,.F.);
#484=ORIENTED_EDGE('',*,*,#946,.T.);
#485=ORIENTED_EDGE('',*,*,#945,.F.);
#486=ORIENTED_EDGE('',*,*,#947,.T.);
#487=ORIENTED_EDGE('',*,*,#946,.F.);
#488=ORIENTED_EDGE('',*,*,#948,.T.);
#489=ORIENTED_EDGE('',*,*,#947,.F.);
#490=ORIENTED_EDGE('',*,*,#949,.T.);
#491=ORIENTED_EDGE('',*,*,#950,.T.);
#492=ORIENTED_EDGE('',*,*,#951,.T.);
#493=ORIENTED_EDGE('',*,*,#952,.T.);
#494=ORIENTED_EDGE('',*,*,#953,.T.);
#495=ORIENTED_EDGE('',*,*,#954,.T.);
#496=ORIENTED_EDGE('',*,*,#955,.T.);
#497=ORIENTED_EDGE('',*,*,#956,.T.);
#498=ORIENTED_EDGE('',*,*,#957,.T.);
#499=ORIENTED_EDGE('',*,*,#958,.T.);
#500=ORIENTED_EDGE('',*,*,#959,.T.);
#501=ORIENTED_EDGE('',*,*,#960,.T.);
#502=ORIENTED_EDGE('',*,*,#961,.T.);
#503=ORIENTED_EDGE('',*,*,#962,.T.);
#504=ORIENTED_EDGE('',*,*,#963,.T.);
#505=ORIENTED_EDGE('',*,*,#964,.T.);
#506=ORIENTED_EDGE('',*,*,#965,.T.);
#507=ORIENTED_EDGE('',*,*,#966,.T.);
#508=ORIENTED_EDGE('',*,*,#967,.T.);
#509=ORIENTED_EDGE('',*,*,#968,.T.);
#510=ORIENTED_EDGE('',*,*,#969,.T.);
#511=ORIENTED_EDGE('',*,*,#970,.T.);
#512=ORIENTED_EDGE('',*,*,#971,.T.);
#513=ORIENTED_EDGE('',*,*,#972,.T.);
#514=ORIENTED_EDGE('',*,*,#948,.F.);
#515=ORIENTED_EDGE('',*,*,#973,.F.);
#516=ORIENTED_EDGE('',*,*,#941,.F.);
#517=ORIENTED_EDGE('',*,*,#974,.F.);
#518=ORIENTED_EDGE('',*,*,#975,.F.);
#519=ORIENTED_EDGE('',*,*,#976,.F.);
#520=ORIENTED_EDGE('',*,*,#937,.F.);
#521=ORIENTED_EDGE('',*,*,#977,.F.);
#522=ORIENTED_EDGE('',*,*,#978,.F.);
#523=ORIENTED_EDGE('',*,*,#979,.F.);
#524=ORIENTED_EDGE('',*,*,#933,.F.);
#525=ORIENTED_EDGE('',*,*,#980,.F.);
#526=ORIENTED_EDGE('',*,*,#981,.F.);
#527=ORIENTED_EDGE('',*,*,#982,.F.);
#528=ORIENTED_EDGE('',*,*,#929,.F.);
#529=ORIENTED_EDGE('',*,*,#983,.F.);
#530=ORIENTED_EDGE('',*,*,#984,.F.);
#531=ORIENTED_EDGE('',*,*,#985,.F.);
#532=ORIENTED_EDGE('',*,*,#925,.F.);
#533=ORIENTED_EDGE('',*,*,#986,.F.);
#534=ORIENTED_EDGE('',*,*,#987,.F.);
#535=ORIENTED_EDGE('',*,*,#988,.F.);
#536=ORIENTED_EDGE('',*,*,#921,.F.);
#537=ORIENTED_EDGE('',*,*,#989,.F.);
#538=ORIENTED_EDGE('',*,*,#990,.F.);
#539=ORIENTED_EDGE('',*,*,#991,.T.);
#540=ORIENTED_EDGE('',*,*,#992,.T.);
#541=ORIENTED_EDGE('',*,*,#991,.F.);
#542=ORIENTED_EDGE('',*,*,#993,.T.);
#543=ORIENTED_EDGE('',*,*,#992,.F.);
#544=ORIENTED_EDGE('',*,*,#914,.T.);
#545=ORIENTED_EDGE('',*,*,#993,.F.);
#546=ORIENTED_EDGE('',*,*,#994,.F.);
#547=ORIENTED_EDGE('',*,*,#913,.F.);
#548=ORIENTED_EDGE('',*,*,#995,.F.);
#549=ORIENTED_EDGE('',*,*,#996,.F.);
#550=ORIENTED_EDGE('',*,*,#943,.T.);
#551=ORIENTED_EDGE('',*,*,#997,.T.);
#552=ORIENTED_EDGE('',*,*,#998,.T.);
#553=ORIENTED_EDGE('',*,*,#999,.T.);
#554=ORIENTED_EDGE('',*,*,#934,.T.);
#555=ORIENTED_EDGE('',*,*,#976,.T.);
#556=ORIENTED_EDGE('',*,*,#1000,.T.);
#557=ORIENTED_EDGE('',*,*,#1001,.T.);
#558=ORIENTED_EDGE('',*,*,#1002,.T.);
#559=ORIENTED_EDGE('',*,*,#1000,.F.);
#560=ORIENTED_EDGE('',*,*,#975,.T.);
#561=ORIENTED_EDGE('',*,*,#940,.F.);
#562=ORIENTED_EDGE('',*,*,#1003,.T.);
#563=ORIENTED_EDGE('',*,*,#1004,.T.);
#564=ORIENTED_EDGE('',*,*,#1005,.T.);
#565=ORIENTED_EDGE('',*,*,#1001,.F.);
#566=ORIENTED_EDGE('',*,*,#974,.T.);
#567=ORIENTED_EDGE('',*,*,#1006,.T.);
#568=ORIENTED_EDGE('',*,*,#1007,.T.);
#569=ORIENTED_EDGE('',*,*,#1008,.T.);
#570=ORIENTED_EDGE('',*,*,#1009,.T.);
#571=ORIENTED_EDGE('',*,*,#930,.T.);
#572=ORIENTED_EDGE('',*,*,#979,.T.);
#573=ORIENTED_EDGE('',*,*,#1010,.T.);
#574=ORIENTED_EDGE('',*,*,#1011,.T.);
#575=ORIENTED_EDGE('',*,*,#1006,.F.);
#576=ORIENTED_EDGE('',*,*,#978,.T.);
#577=ORIENTED_EDGE('',*,*,#936,.F.);
#578=ORIENTED_EDGE('',*,*,#1012,.T.);
#579=ORIENTED_EDGE('',*,*,#1013,.T.);
#580=ORIENTED_EDGE('',*,*,#1014,.T.);
#581=ORIENTED_EDGE('',*,*,#1010,.F.);
#582=ORIENTED_EDGE('',*,*,#977,.T.);
#583=ORIENTED_EDGE('',*,*,#1015,.T.);
#584=ORIENTED_EDGE('',*,*,#1016,.T.);
#585=ORIENTED_EDGE('',*,*,#1017,.T.);
#586=ORIENTED_EDGE('',*,*,#1018,.T.);
#587=ORIENTED_EDGE('',*,*,#926,.T.);
#588=ORIENTED_EDGE('',*,*,#982,.T.);
#589=ORIENTED_EDGE('',*,*,#1019,.T.);
#590=ORIENTED_EDGE('',*,*,#1020,.T.);
#591=ORIENTED_EDGE('',*,*,#1015,.F.);
#592=ORIENTED_EDGE('',*,*,#981,.T.);
#593=ORIENTED_EDGE('',*,*,#932,.F.);
#594=ORIENTED_EDGE('',*,*,#1021,.T.);
#595=ORIENTED_EDGE('',*,*,#1022,.T.);
#596=ORIENTED_EDGE('',*,*,#1023,.T.);
#597=ORIENTED_EDGE('',*,*,#1019,.F.);
#598=ORIENTED_EDGE('',*,*,#980,.T.);
#599=ORIENTED_EDGE('',*,*,#1024,.T.);
#600=ORIENTED_EDGE('',*,*,#1025,.T.);
#601=ORIENTED_EDGE('',*,*,#1026,.T.);
#602=ORIENTED_EDGE('',*,*,#1027,.T.);
#603=ORIENTED_EDGE('',*,*,#922,.T.);
#604=ORIENTED_EDGE('',*,*,#985,.T.);
#605=ORIENTED_EDGE('',*,*,#1028,.T.);
#606=ORIENTED_EDGE('',*,*,#1029,.T.);
#607=ORIENTED_EDGE('',*,*,#1024,.F.);
#608=ORIENTED_EDGE('',*,*,#984,.T.);
#609=ORIENTED_EDGE('',*,*,#928,.F.);
#610=ORIENTED_EDGE('',*,*,#1030,.T.);
#611=ORIENTED_EDGE('',*,*,#1031,.T.);
#612=ORIENTED_EDGE('',*,*,#1032,.T.);
#613=ORIENTED_EDGE('',*,*,#1028,.F.);
#614=ORIENTED_EDGE('',*,*,#983,.T.);
#615=ORIENTED_EDGE('',*,*,#1033,.T.);
#616=ORIENTED_EDGE('',*,*,#1034,.T.);
#617=ORIENTED_EDGE('',*,*,#1035,.T.);
#618=ORIENTED_EDGE('',*,*,#1036,.T.);
#619=ORIENTED_EDGE('',*,*,#918,.T.);
#620=ORIENTED_EDGE('',*,*,#988,.T.);
#621=ORIENTED_EDGE('',*,*,#1037,.T.);
#622=ORIENTED_EDGE('',*,*,#1038,.T.);
#623=ORIENTED_EDGE('',*,*,#1033,.F.);
#624=ORIENTED_EDGE('',*,*,#987,.T.);
#625=ORIENTED_EDGE('',*,*,#924,.F.);
#626=ORIENTED_EDGE('',*,*,#1039,.T.);
#627=ORIENTED_EDGE('',*,*,#1040,.T.);
#628=ORIENTED_EDGE('',*,*,#1041,.T.);
#629=ORIENTED_EDGE('',*,*,#1037,.F.);
#630=ORIENTED_EDGE('',*,*,#986,.T.);
#631=ORIENTED_EDGE('',*,*,#1042,.T.);
#632=ORIENTED_EDGE('',*,*,#1043,.T.);
#633=ORIENTED_EDGE('',*,*,#1044,.T.);
#634=ORIENTED_EDGE('',*,*,#1045,.T.);
#635=ORIENTED_EDGE('',*,*,#938,.T.);
#636=ORIENTED_EDGE('',*,*,#973,.T.);
#637=ORIENTED_EDGE('',*,*,#1046,.T.);
#638=ORIENTED_EDGE('',*,*,#1047,.T.);
#639=ORIENTED_EDGE('',*,*,#1042,.F.);
#640=ORIENTED_EDGE('',*,*,#990,.T.);
#641=ORIENTED_EDGE('',*,*,#920,.F.);
#642=ORIENTED_EDGE('',*,*,#1048,.T.);
#643=ORIENTED_EDGE('',*,*,#1049,.T.);
#644=ORIENTED_EDGE('',*,*,#1050,.T.);
#645=ORIENTED_EDGE('',*,*,#1046,.F.);
#646=ORIENTED_EDGE('',*,*,#989,.T.);
#647=ORIENTED_EDGE('',*,*,#951,.F.);
#648=ORIENTED_EDGE('',*,*,#1051,.T.);
#649=ORIENTED_EDGE('',*,*,#939,.F.);
#650=ORIENTED_EDGE('',*,*,#1052,.T.);
#651=ORIENTED_EDGE('',*,*,#935,.F.);
#652=ORIENTED_EDGE('',*,*,#1053,.T.);
#653=ORIENTED_EDGE('',*,*,#971,.F.);
#654=ORIENTED_EDGE('',*,*,#1054,.T.);
#655=ORIENTED_EDGE('',*,*,#967,.F.);
#656=ORIENTED_EDGE('',*,*,#1055,.T.);
#657=ORIENTED_EDGE('',*,*,#931,.F.);
#658=ORIENTED_EDGE('',*,*,#1056,.T.);
#659=ORIENTED_EDGE('',*,*,#963,.F.);
#660=ORIENTED_EDGE('',*,*,#1057,.T.);
#661=ORIENTED_EDGE('',*,*,#927,.F.);
#662=ORIENTED_EDGE('',*,*,#1058,.T.);
#663=ORIENTED_EDGE('',*,*,#955,.F.);
#664=ORIENTED_EDGE('',*,*,#1059,.T.);
#665=ORIENTED_EDGE('',*,*,#919,.F.);
#666=ORIENTED_EDGE('',*,*,#1060,.T.);
#667=ORIENTED_EDGE('',*,*,#959,.F.);
#668=ORIENTED_EDGE('',*,*,#1061,.T.);
#669=ORIENTED_EDGE('',*,*,#923,.F.);
#670=ORIENTED_EDGE('',*,*,#1062,.T.);
#671=ORIENTED_EDGE('',*,*,#995,.T.);
#672=ORIENTED_EDGE('',*,*,#912,.T.);
#673=ORIENTED_EDGE('',*,*,#917,.T.);
#674=ORIENTED_EDGE('',*,*,#1063,.T.);
#675=ORIENTED_EDGE('',*,*,#1064,.T.);
#676=ORIENTED_EDGE('',*,*,#1065,.T.);
#677=ORIENTED_EDGE('',*,*,#909,.T.);
#678=ORIENTED_EDGE('',*,*,#994,.T.);
#679=ORIENTED_EDGE('',*,*,#1066,.T.);
#680=ORIENTED_EDGE('',*,*,#1067,.T.);
#681=ORIENTED_EDGE('',*,*,#1067,.F.);
#682=ORIENTED_EDGE('',*,*,#1068,.F.);
#683=ORIENTED_EDGE('',*,*,#1064,.F.);
#684=ORIENTED_EDGE('',*,*,#1069,.F.);
#685=ORIENTED_EDGE('',*,*,#915,.F.);
#686=ORIENTED_EDGE('',*,*,#910,.F.);
#687=ORIENTED_EDGE('',*,*,#916,.T.);
#688=ORIENTED_EDGE('',*,*,#1069,.T.);
#689=ORIENTED_EDGE('',*,*,#1063,.F.);
#690=ORIENTED_EDGE('',*,*,#996,.T.);
#691=ORIENTED_EDGE('',*,*,#1065,.F.);
#692=ORIENTED_EDGE('',*,*,#1068,.T.);
#693=ORIENTED_EDGE('',*,*,#1066,.F.);
#694=ORIENTED_EDGE('',*,*,#999,.F.);
#695=ORIENTED_EDGE('',*,*,#998,.F.);
#696=ORIENTED_EDGE('',*,*,#1070,.F.);
#697=ORIENTED_EDGE('',*,*,#972,.F.);
#698=ORIENTED_EDGE('',*,*,#1053,.F.);
#699=ORIENTED_EDGE('',*,*,#1002,.F.);
#700=ORIENTED_EDGE('',*,*,#1005,.F.);
#701=ORIENTED_EDGE('',*,*,#1071,.F.);
#702=ORIENTED_EDGE('',*,*,#949,.F.);
#703=ORIENTED_EDGE('',*,*,#1070,.T.);
#704=ORIENTED_EDGE('',*,*,#997,.F.);
#705=ORIENTED_EDGE('',*,*,#1051,.F.);
#706=ORIENTED_EDGE('',*,*,#950,.F.);
#707=ORIENTED_EDGE('',*,*,#1071,.T.);
#708=ORIENTED_EDGE('',*,*,#1004,.F.);
#709=ORIENTED_EDGE('',*,*,#1003,.F.);
#710=ORIENTED_EDGE('',*,*,#1059,.F.);
#711=ORIENTED_EDGE('',*,*,#954,.F.);
#712=ORIENTED_EDGE('',*,*,#1072,.F.);
#713=ORIENTED_EDGE('',*,*,#1049,.F.);
#714=ORIENTED_EDGE('',*,*,#1048,.F.);
#715=ORIENTED_EDGE('',*,*,#1072,.T.);
#716=ORIENTED_EDGE('',*,*,#953,.F.);
#717=ORIENTED_EDGE('',*,*,#1073,.F.);
#718=ORIENTED_EDGE('',*,*,#1043,.F.);
#719=ORIENTED_EDGE('',*,*,#1047,.F.);
#720=ORIENTED_EDGE('',*,*,#1050,.F.);
#721=ORIENTED_EDGE('',*,*,#1073,.T.);
#722=ORIENTED_EDGE('',*,*,#952,.F.);
#723=ORIENTED_EDGE('',*,*,#1052,.F.);
#724=ORIENTED_EDGE('',*,*,#1045,.F.);
#725=ORIENTED_EDGE('',*,*,#1044,.F.);
#726=ORIENTED_EDGE('',*,*,#1061,.F.);
#727=ORIENTED_EDGE('',*,*,#958,.F.);
#728=ORIENTED_EDGE('',*,*,#1074,.F.);
#729=ORIENTED_EDGE('',*,*,#1040,.F.);
#730=ORIENTED_EDGE('',*,*,#1039,.F.);
#731=ORIENTED_EDGE('',*,*,#1074,.T.);
#732=ORIENTED_EDGE('',*,*,#957,.F.);
#733=ORIENTED_EDGE('',*,*,#1075,.F.);
#734=ORIENTED_EDGE('',*,*,#1034,.F.);
#735=ORIENTED_EDGE('',*,*,#1038,.F.);
#736=ORIENTED_EDGE('',*,*,#1041,.F.);
#737=ORIENTED_EDGE('',*,*,#1075,.T.);
#738=ORIENTED_EDGE('',*,*,#956,.F.);
#739=ORIENTED_EDGE('',*,*,#1060,.F.);
#740=ORIENTED_EDGE('',*,*,#1036,.F.);
#741=ORIENTED_EDGE('',*,*,#1035,.F.);
#742=ORIENTED_EDGE('',*,*,#1057,.F.);
#743=ORIENTED_EDGE('',*,*,#962,.F.);
#744=ORIENTED_EDGE('',*,*,#1076,.F.);
#745=ORIENTED_EDGE('',*,*,#1031,.F.);
#746=ORIENTED_EDGE('',*,*,#1030,.F.);
#747=ORIENTED_EDGE('',*,*,#1076,.T.);
#748=ORIENTED_EDGE('',*,*,#961,.F.);
#749=ORIENTED_EDGE('',*,*,#1077,.F.);
#750=ORIENTED_EDGE('',*,*,#1025,.F.);
#751=ORIENTED_EDGE('',*,*,#1029,.F.);
#752=ORIENTED_EDGE('',*,*,#1032,.F.);
#753=ORIENTED_EDGE('',*,*,#1077,.T.);
#754=ORIENTED_EDGE('',*,*,#960,.F.);
#755=ORIENTED_EDGE('',*,*,#1062,.F.);
#756=ORIENTED_EDGE('',*,*,#1027,.F.);
#757=ORIENTED_EDGE('',*,*,#1026,.F.);
#758=ORIENTED_EDGE('',*,*,#1055,.F.);
#759=ORIENTED_EDGE('',*,*,#966,.F.);
#760=ORIENTED_EDGE('',*,*,#1078,.F.);
#761=ORIENTED_EDGE('',*,*,#1022,.F.);
#762=ORIENTED_EDGE('',*,*,#1021,.F.);
#763=ORIENTED_EDGE('',*,*,#1078,.T.);
#764=ORIENTED_EDGE('',*,*,#965,.F.);
#765=ORIENTED_EDGE('',*,*,#1079,.F.);
#766=ORIENTED_EDGE('',*,*,#1016,.F.);
#767=ORIENTED_EDGE('',*,*,#1020,.F.);
#768=ORIENTED_EDGE('',*,*,#1023,.F.);
#769=ORIENTED_EDGE('',*,*,#1079,.T.);
#770=ORIENTED_EDGE('',*,*,#964,.F.);
#771=ORIENTED_EDGE('',*,*,#1058,.F.);
#772=ORIENTED_EDGE('',*,*,#1018,.F.);
#773=ORIENTED_EDGE('',*,*,#1017,.F.);
#774=ORIENTED_EDGE('',*,*,#1009,.F.);
#775=ORIENTED_EDGE('',*,*,#1008,.F.);
#776=ORIENTED_EDGE('',*,*,#1080,.F.);
#777=ORIENTED_EDGE('',*,*,#968,.F.);
#778=ORIENTED_EDGE('',*,*,#1056,.F.);
#779=ORIENTED_EDGE('',*,*,#1011,.F.);
#780=ORIENTED_EDGE('',*,*,#1014,.F.);
#781=ORIENTED_EDGE('',*,*,#1081,.F.);
#782=ORIENTED_EDGE('',*,*,#969,.F.);
#783=ORIENTED_EDGE('',*,*,#1080,.T.);
#784=ORIENTED_EDGE('',*,*,#1007,.F.);
#785=ORIENTED_EDGE('',*,*,#1054,.F.);
#786=ORIENTED_EDGE('',*,*,#970,.F.);
#787=ORIENTED_EDGE('',*,*,#1081,.T.);
#788=ORIENTED_EDGE('',*,*,#1013,.F.);
#789=ORIENTED_EDGE('',*,*,#1012,.F.);
#790=VERTEX_POINT('',#1911);
#791=VERTEX_POINT('',#1912);
#792=VERTEX_POINT('',#1914);
#793=VERTEX_POINT('',#1916);
#794=VERTEX_POINT('',#2319);
#795=VERTEX_POINT('',#2323);
#796=VERTEX_POINT('',#2325);
#797=VERTEX_POINT('',#2330);
#798=VERTEX_POINT('',#2337);
#799=VERTEX_POINT('',#2338);
#800=VERTEX_POINT('',#2340);
#801=VERTEX_POINT('',#2342);
#802=VERTEX_POINT('',#2346);
#803=VERTEX_POINT('',#2347);
#804=VERTEX_POINT('',#2349);
#805=VERTEX_POINT('',#2351);
#806=VERTEX_POINT('',#2355);
#807=VERTEX_POINT('',#2356);
#808=VERTEX_POINT('',#2358);
#809=VERTEX_POINT('',#2360);
#810=VERTEX_POINT('',#2364);
#811=VERTEX_POINT('',#2365);
#812=VERTEX_POINT('',#2367);
#813=VERTEX_POINT('',#2369);
#814=VERTEX_POINT('',#2373);
#815=VERTEX_POINT('',#2374);
#816=VERTEX_POINT('',#2376);
#817=VERTEX_POINT('',#2378);
#818=VERTEX_POINT('',#2382);
#819=VERTEX_POINT('',#2383);
#820=VERTEX_POINT('',#2385);
#821=VERTEX_POINT('',#2387);
#822=VERTEX_POINT('',#2391);
#823=VERTEX_POINT('',#2393);
#824=VERTEX_POINT('',#2396);
#825=VERTEX_POINT('',#2399);
#826=VERTEX_POINT('',#2402);
#827=VERTEX_POINT('',#2405);
#828=VERTEX_POINT('',#2408);
#829=VERTEX_POINT('',#2411);
#830=VERTEX_POINT('',#2412);
#831=VERTEX_POINT('',#2417);
#832=VERTEX_POINT('',#2419);
#833=VERTEX_POINT('',#2424);
#834=VERTEX_POINT('',#2426);
#835=VERTEX_POINT('',#2431);
#836=VERTEX_POINT('',#2433);
#837=VERTEX_POINT('',#2438);
#838=VERTEX_POINT('',#2440);
#839=VERTEX_POINT('',#2445);
#840=VERTEX_POINT('',#2447);
#841=VERTEX_POINT('',#2452);
#842=VERTEX_POINT('',#2454);
#843=VERTEX_POINT('',#2459);
#844=VERTEX_POINT('',#2461);
#845=VERTEX_POINT('',#2466);
#846=VERTEX_POINT('',#2468);
#847=VERTEX_POINT('',#2473);
#848=VERTEX_POINT('',#2475);
#849=VERTEX_POINT('',#2480);
#850=VERTEX_POINT('',#2482);
#851=VERTEX_POINT('',#2487);
#852=VERTEX_POINT('',#2489);
#853=VERTEX_POINT('',#2496);
#854=VERTEX_POINT('',#2498);
#855=VERTEX_POINT('',#2500);
#856=VERTEX_POINT('',#2503);
#857=VERTEX_POINT('',#2505);
#858=VERTEX_POINT('',#2508);
#859=VERTEX_POINT('',#2510);
#860=VERTEX_POINT('',#2513);
#861=VERTEX_POINT('',#2515);
#862=VERTEX_POINT('',#2518);
#863=VERTEX_POINT('',#2520);
#864=VERTEX_POINT('',#2523);
#865=VERTEX_POINT('',#2526);
#866=VERTEX_POINT('',#2529);
#867=VERTEX_POINT('',#2532);
#868=VERTEX_POINT('',#2551);
#869=VERTEX_POINT('',#2568);
#870=VERTEX_POINT('',#2575);
#871=VERTEX_POINT('',#2576);
#872=VERTEX_POINT('',#2581);
#873=VERTEX_POINT('',#2589);
#874=VERTEX_POINT('',#2596);
#875=VERTEX_POINT('',#2601);
#876=VERTEX_POINT('',#2608);
#877=VERTEX_POINT('',#2613);
#878=VERTEX_POINT('',#2618);
#879=VERTEX_POINT('',#2625);
#880=VERTEX_POINT('',#2632);
#881=VERTEX_POINT('',#2637);
#882=VERTEX_POINT('',#2644);
#883=VERTEX_POINT('',#2649);
#884=VERTEX_POINT('',#2654);
#885=VERTEX_POINT('',#2661);
#886=VERTEX_POINT('',#2668);
#887=VERTEX_POINT('',#2673);
#888=VERTEX_POINT('',#2680);
#889=VERTEX_POINT('',#2685);
#890=VERTEX_POINT('',#2690);
#891=VERTEX_POINT('',#2697);
#892=VERTEX_POINT('',#2704);
#893=VERTEX_POINT('',#2709);
#894=VERTEX_POINT('',#2716);
#895=VERTEX_POINT('',#2721);
#896=VERTEX_POINT('',#2726);
#897=VERTEX_POINT('',#2733);
#898=VERTEX_POINT('',#2740);
#899=VERTEX_POINT('',#2745);
#900=VERTEX_POINT('',#2752);
#901=VERTEX_POINT('',#2757);
#902=VERTEX_POINT('',#2762);
#903=VERTEX_POINT('',#2769);
#904=VERTEX_POINT('',#2776);
#905=VERTEX_POINT('',#2781);
#906=VERTEX_POINT('',#3104);
#907=VERTEX_POINT('',#3107);
#908=VERTEX_POINT('',#4430);
#909=EDGE_CURVE('',#790,#791,#1082,.T.);
#910=EDGE_CURVE('',#790,#792,#390,.T.);
#911=EDGE_CURVE('',#793,#792,#340,.T.);
#912=EDGE_CURVE('',#794,#793,#1083,.T.);
#913=EDGE_CURVE('',#794,#791,#341,.T.);
#914=EDGE_CURVE('',#795,#795,#342,.T.);
#915=EDGE_CURVE('',#792,#796,#391,.T.);
#916=EDGE_CURVE('',#797,#796,#1084,.T.);
#917=EDGE_CURVE('',#793,#797,#1085,.T.);
#918=EDGE_CURVE('',#798,#799,#392,.T.);
#919=EDGE_CURVE('',#798,#800,#343,.T.);
#920=EDGE_CURVE('',#800,#801,#393,.T.);
#921=EDGE_CURVE('',#801,#799,#344,.T.);
#922=EDGE_CURVE('',#802,#803,#394,.T.);
#923=EDGE_CURVE('',#802,#804,#345,.T.);
#924=EDGE_CURVE('',#804,#805,#395,.T.);
#925=EDGE_CURVE('',#805,#803,#346,.T.);
#926=EDGE_CURVE('',#806,#807,#396,.T.);
#927=EDGE_CURVE('',#806,#808,#347,.T.);
#928=EDGE_CURVE('',#808,#809,#397,.T.);
#929=EDGE_CURVE('',#809,#807,#348,.T.);
#930=EDGE_CURVE('',#810,#811,#398,.T.);
#931=EDGE_CURVE('',#810,#812,#349,.T.);
#932=EDGE_CURVE('',#812,#813,#399,.T.);
#933=EDGE_CURVE('',#813,#811,#350,.T.);
#934=EDGE_CURVE('',#814,#815,#400,.T.);
#935=EDGE_CURVE('',#814,#816,#351,.T.);
#936=EDGE_CURVE('',#816,#817,#401,.T.);
#937=EDGE_CURVE('',#817,#815,#352,.T.);
#938=EDGE_CURVE('',#818,#819,#402,.T.);
#939=EDGE_CURVE('',#818,#820,#353,.T.);
#940=EDGE_CURVE('',#820,#821,#403,.T.);
#941=EDGE_CURVE('',#821,#819,#354,.T.);
#942=EDGE_CURVE('',#822,#822,#355,.T.);
#943=EDGE_CURVE('',#823,#823,#356,.T.);
#944=EDGE_CURVE('',#824,#824,#357,.T.);
#945=EDGE_CURVE('',#825,#825,#358,.T.);
#946=EDGE_CURVE('',#826,#826,#359,.T.);
#947=EDGE_CURVE('',#827,#827,#360,.T.);
#948=EDGE_CURVE('',#828,#828,#361,.T.);
#949=EDGE_CURVE('',#829,#830,#362,.T.);
#950=EDGE_CURVE('',#830,#831,#1086,.T.);
#951=EDGE_CURVE('',#831,#832,#363,.T.);
#952=EDGE_CURVE('',#832,#833,#1087,.T.);
#953=EDGE_CURVE('',#833,#834,#364,.T.);
#954=EDGE_CURVE('',#834,#835,#1088,.T.);
#955=EDGE_CURVE('',#835,#836,#365,.T.);
#956=EDGE_CURVE('',#836,#837,#1089,.T.);
#957=EDGE_CURVE('',#837,#838,#366,.T.);
#958=EDGE_CURVE('',#838,#839,#1090,.T.);
#959=EDGE_CURVE('',#839,#840,#367,.T.);
#960=EDGE_CURVE('',#840,#841,#1091,.T.);
#961=EDGE_CURVE('',#841,#842,#368,.T.);
#962=EDGE_CURVE('',#842,#843,#1092,.T.);
#963=EDGE_CURVE('',#843,#844,#369,.T.);
#964=EDGE_CURVE('',#844,#845,#1093,.T.);
#965=EDGE_CURVE('',#845,#846,#370,.T.);
#966=EDGE_CURVE('',#846,#847,#1094,.T.);
#967=EDGE_CURVE('',#847,#848,#371,.T.);
#968=EDGE_CURVE('',#848,#849,#1095,.T.);
#969=EDGE_CURVE('',#849,#850,#372,.T.);
#970=EDGE_CURVE('',#850,#851,#1096,.T.);
#971=EDGE_CURVE('',#851,#852,#373,.T.);
#972=EDGE_CURVE('',#852,#829,#1097,.T.);
#973=EDGE_CURVE('',#819,#853,#49,.T.);
#974=EDGE_CURVE('',#854,#821,#50,.T.);
#975=EDGE_CURVE('',#855,#854,#374,.T.);
#976=EDGE_CURVE('',#815,#855,#51,.T.);
#977=EDGE_CURVE('',#856,#817,#52,.T.);
#978=EDGE_CURVE('',#857,#856,#375,.T.);
#979=EDGE_CURVE('',#811,#857,#53,.T.);
#980=EDGE_CURVE('',#858,#813,#54,.T.);
#981=EDGE_CURVE('',#859,#858,#376,.T.);
#982=EDGE_CURVE('',#807,#859,#55,.T.);
#983=EDGE_CURVE('',#860,#809,#56,.T.);
#984=EDGE_CURVE('',#861,#860,#377,.T.);
#985=EDGE_CURVE('',#803,#861,#57,.T.);
#986=EDGE_CURVE('',#862,#805,#58,.T.);
#987=EDGE_CURVE('',#863,#862,#378,.T.);
#988=EDGE_CURVE('',#799,#863,#59,.T.);
#989=EDGE_CURVE('',#864,#801,#60,.T.);
#990=EDGE_CURVE('',#853,#864,#379,.T.);
#991=EDGE_CURVE('',#865,#865,#380,.T.);
#992=EDGE_CURVE('',#866,#866,#381,.T.);
#993=EDGE_CURVE('',#867,#867,#382,.T.);
#994=EDGE_CURVE('',#791,#868,#1098,.T.);
#995=EDGE_CURVE('',#869,#794,#1099,.T.);
#996=EDGE_CURVE('',#868,#869,#383,.T.);
#997=EDGE_CURVE('',#870,#871,#1100,.T.);
#998=EDGE_CURVE('',#871,#872,#1101,.T.);
#999=EDGE_CURVE('',#872,#814,#1102,.T.);
#1000=EDGE_CURVE('',#855,#870,#404,.T.);
#1001=EDGE_CURVE('',#854,#873,#405,.T.);
#1002=EDGE_CURVE('',#873,#870,#384,.T.);
#1003=EDGE_CURVE('',#820,#874,#1103,.T.);
#1004=EDGE_CURVE('',#874,#875,#1104,.T.);
#1005=EDGE_CURVE('',#875,#873,#1105,.T.);
#1006=EDGE_CURVE('',#857,#876,#406,.T.);
#1007=EDGE_CURVE('',#876,#877,#1106,.T.);
#1008=EDGE_CURVE('',#877,#878,#1107,.T.);
#1009=EDGE_CURVE('',#878,#810,#1108,.T.);
#1010=EDGE_CURVE('',#856,#879,#407,.T.);
#1011=EDGE_CURVE('',#879,#876,#385,.T.);
#1012=EDGE_CURVE('',#816,#880,#1109,.T.);
#1013=EDGE_CURVE('',#880,#881,#1110,.T.);
#1014=EDGE_CURVE('',#881,#879,#1111,.T.);
#1015=EDGE_CURVE('',#859,#882,#408,.T.);
#1016=EDGE_CURVE('',#882,#883,#1112,.T.);
#1017=EDGE_CURVE('',#883,#884,#1113,.T.);
#1018=EDGE_CURVE('',#884,#806,#1114,.T.);
#1019=EDGE_CURVE('',#858,#885,#409,.T.);
#1020=EDGE_CURVE('',#885,#882,#386,.T.);
#1021=EDGE_CURVE('',#812,#886,#1115,.T.);
#1022=EDGE_CURVE('',#886,#887,#1116,.T.);
#1023=EDGE_CURVE('',#887,#885,#1117,.T.);
#1024=EDGE_CURVE('',#861,#888,#410,.T.);
#1025=EDGE_CURVE('',#888,#889,#1118,.T.);
#1026=EDGE_CURVE('',#889,#890,#1119,.T.);
#1027=EDGE_CURVE('',#890,#802,#1120,.T.);
#1028=EDGE_CURVE('',#860,#891,#411,.T.);
#1029=EDGE_CURVE('',#891,#888,#387,.T.);
#1030=EDGE_CURVE('',#808,#892,#1121,.T.);
#1031=EDGE_CURVE('',#892,#893,#1122,.T.);
#1032=EDGE_CURVE('',#893,#891,#1123,.T.);
#1033=EDGE_CURVE('',#863,#894,#412,.T.);
#1034=EDGE_CURVE('',#894,#895,#1124,.T.);
#1035=EDGE_CURVE('',#895,#896,#1125,.T.);
#1036=EDGE_CURVE('',#896,#798,#1126,.T.);
#1037=EDGE_CURVE('',#862,#897,#413,.T.);
#1038=EDGE_CURVE('',#897,#894,#388,.T.);
#1039=EDGE_CURVE('',#804,#898,#1127,.T.);
#1040=EDGE_CURVE('',#898,#899,#1128,.T.);
#1041=EDGE_CURVE('',#899,#897,#1129,.T.);
#1042=EDGE_CURVE('',#853,#900,#414,.T.);
#1043=EDGE_CURVE('',#900,#901,#1130,.T.);
#1044=EDGE_CURVE('',#901,#902,#1131,.T.);
#1045=EDGE_CURVE('',#902,#818,#1132,.T.);
#1046=EDGE_CURVE('',#864,#903,#415,.T.);
#1047=EDGE_CURVE('',#903,#900,#389,.T.);
#1048=EDGE_CURVE('',#800,#904,#1133,.T.);
#1049=EDGE_CURVE('',#904,#905,#1134,.T.);
#1050=EDGE_CURVE('',#905,#903,#1135,.T.);
#1051=EDGE_CURVE('',#831,#820,#1136,.T.);
#1052=EDGE_CURVE('',#818,#832,#1137,.T.);
#1053=EDGE_CURVE('',#814,#852,#1138,.T.);
#1054=EDGE_CURVE('',#851,#816,#1139,.T.);
#1055=EDGE_CURVE('',#847,#812,#1140,.T.);
#1056=EDGE_CURVE('',#810,#848,#1141,.T.);
#1057=EDGE_CURVE('',#843,#808,#1142,.T.);
#1058=EDGE_CURVE('',#806,#844,#1143,.T.);
#1059=EDGE_CURVE('',#835,#800,#1144,.T.);
#1060=EDGE_CURVE('',#798,#836,#1145,.T.);
#1061=EDGE_CURVE('',#839,#804,#1146,.T.);
#1062=EDGE_CURVE('',#802,#840,#1147,.T.);
#1063=EDGE_CURVE('',#797,#906,#1148,.T.);
#1064=EDGE_CURVE('',#906,#907,#1149,.T.);
#1065=EDGE_CURVE('',#907,#869,#1150,.T.);
#1066=EDGE_CURVE('',#868,#908,#1151,.T.);
#1067=EDGE_CURVE('',#908,#790,#1152,.T.);
#1068=EDGE_CURVE('',#907,#908,#416,.T.);
#1069=EDGE_CURVE('',#796,#906,#1153,.T.);
#1070=EDGE_CURVE('',#829,#871,#1154,.T.);
#1071=EDGE_CURVE('',#830,#875,#1155,.T.);
#1072=EDGE_CURVE('',#905,#834,#1156,.T.);
#1073=EDGE_CURVE('',#901,#833,#1157,.T.);
#1074=EDGE_CURVE('',#899,#838,#1158,.T.);
#1075=EDGE_CURVE('',#895,#837,#1159,.T.);
#1076=EDGE_CURVE('',#893,#842,#1160,.T.);
#1077=EDGE_CURVE('',#889,#841,#1161,.T.);
#1078=EDGE_CURVE('',#887,#846,#1162,.T.);
#1079=EDGE_CURVE('',#883,#845,#1163,.T.);
#1080=EDGE_CURVE('',#849,#877,#1164,.T.);
#1081=EDGE_CURVE('',#850,#881,#1165,.T.);
#1082=B_SPLINE_CURVE_WITH_KNOTS('',3,(#1539,#1540,#1541,#1542,#1543,#1544,
#1545,#1546,#1547,#1548,#1549,#1550,#1551,#1552,#1553,#1554,#1555,#1556,
#1557,#1558,#1559,#1560,#1561,#1562,#1563,#1564,#1565,#1566,#1567,#1568,
#1569,#1570,#1571,#1572,#1573,#1574,#1575,#1576,#1577,#1578,#1579,#1580,
#1581,#1582,#1583,#1584,#1585,#1586,#1587,#1588,#1589,#1590,#1591,#1592,
#1593,#1594,#1595,#1596,#1597,#1598,#1599,#1600,#1601,#1602,#1603,#1604,
#1605,#1606,#1607,#1608,#1609,#1610,#1611,#1612,#1613,#1614,#1615,#1616,
#1617,#1618,#1619,#1620,#1621,#1622,#1623,#1624,#1625,#1626,#1627,#1628,
#1629,#1630,#1631,#1632,#1633,#1634,#1635,#1636,#1637,#1638,#1639,#1640,
#1641,#1642,#1643,#1644,#1645,#1646,#1647,#1648,#1649,#1650,#1651,#1652,
#1653,#1654,#1655,#1656,#1657,#1658,#1659,#1660,#1661,#1662,#1663,#1664,
#1665,#1666,#1667,#1668,#1669,#1670,#1671,#1672,#1673,#1674,#1675,#1676,
#1677,#1678,#1679,#1680,#1681,#1682,#1683,#1684,#1685,#1686,#1687,#1688,
#1689,#1690,#1691,#1692,#1693,#1694,#1695,#1696,#1697,#1698,#1699,#1700,
#1701,#1702,#1703,#1704,#1705,#1706,#1707,#1708,#1709,#1710,#1711,#1712,
#1713,#1714,#1715,#1716,#1717,#1718,#1719,#1720,#1721,#1722,#1723,#1724,
#1725,#1726,#1727,#1728,#1729,#1730,#1731,#1732,#1733,#1734,#1735,#1736,
#1737,#1738,#1739,#1740,#1741,#1742,#1743,#1744,#1745,#1746,#1747,#1748,
#1749,#1750,#1751,#1752,#1753,#1754,#1755,#1756,#1757,#1758,#1759,#1760,
#1761,#1762,#1763,#1764,#1765,#1766,#1767,#1768,#1769,#1770,#1771,#1772,
#1773,#1774,#1775,#1776,#1777,#1778,#1779,#1780,#1781,#1782,#1783,#1784,
#1785,#1786,#1787,#1788,#1789,#1790,#1791,#1792,#1793,#1794,#1795,#1796,
#1797,#1798,#1799,#1800,#1801,#1802,#1803,#1804,#1805,#1806,#1807,#1808,
#1809,#1810,#1811,#1812,#1813,#1814,#1815,#1816,#1817,#1818,#1819,#1820,
#1821,#1822,#1823,#1824,#1825,#1826,#1827,#1828,#1829,#1830,#1831,#1832,
#1833,#1834,#1835,#1836,#1837,#1838,#1839,#1840,#1841,#1842,#1843,#1844,
#1845,#1846,#1847,#1848,#1849,#1850,#1851,#1852,#1853,#1854,#1855,#1856,
#1857,#1858,#1859,#1860,#1861,#1862,#1863,#1864,#1865,#1866,#1867,#1868,
#1869,#1870,#1871,#1872,#1873,#1874,#1875,#1876,#1877,#1878,#1879,#1880,
#1881,#1882,#1883,#1884,#1885,#1886,#1887,#1888,#1889,#1890,#1891,#1892,
#1893,#1894,#1895,#1896,#1897,#1898,#1899,#1900,#1901,#1902,#1903,#1904,
#1905,#1906,#1907,#1908,#1909,#1910),.UNSPECIFIED.,.F.,.F.,(4,2,2,2,2,2,
2,2,2,2,2,2,2,2,2,2,2,2,2,2,2,2,2,2,2,2,2,2,2,2,2,2,2,2,2,2,2,2,2,2,2,2,
2,2,2,2,2,2,2,2,2,2,2,2,2,2,2,2,2,2,2,2,2,2,2,2,2,2,2,2,2,2,2,2,2,2,2,2,
2,2,2,2,2,2,2,2,2,2,2,2,2,2,2,2,2,2,2,2,2,2,2,2,2,2,2,2,2,2,2,2,2,2,2,2,
2,2,2,2,2,2,2,2,2,2,2,2,2,2,2,2,2,2,2,2,2,2,2,2,2,2,2,2,2,2,2,2,2,2,2,2,
2,2,2,2,2,2,2,2,2,2,2,2,2,2,2,2,2,2,2,2,2,2,2,2,2,2,2,2,2,2,2,2,2,2,2,4),
(0.,0.0078125,0.015625,0.0234375,0.03125,0.0390625,0.046875,0.05078125,
0.0546875,0.05859375,0.0625,0.06640625,0.0703125,0.07421875,0.078125,0.08203125,
0.0859375,0.08984375,0.09375,0.1015625,0.109375,0.1171875,0.125,0.1328125,
0.13671875,0.140625,0.14453125,0.1484375,0.15234375,0.15625,0.1640625,0.171875,
0.1796875,0.1875,0.1953125,0.203125,0.20703125,0.2109375,0.21484375,0.21875,
0.22265625,0.2265625,0.23046875,0.234375,0.23828125,0.2421875,0.25,0.2578125,
0.265625,0.2734375,0.28125,0.2890625,0.296875,0.30078125,0.3046875,0.30859375,
0.3125,0.31640625,0.3203125,0.32421875,0.328125,0.33203125,0.3359375,0.33984375,
0.34375,0.3515625,0.359375,0.3671875,0.375,0.3828125,0.38671875,0.390625,
0.39453125,0.3984375,0.40234375,0.40625,0.41015625,0.4140625,0.421875,0.42578125,
0.4296875,0.43359375,0.4375,0.4453125,0.453125,0.4609375,0.46875,0.4765625,
0.484375,0.4921875,0.5,0.50390625,0.5078125,0.51171875,0.515625,0.51953125,
0.5234375,0.52734375,0.53125,0.53515625,0.5390625,0.546875,0.5546875,0.5625,
0.5703125,0.57421875,0.578125,0.5859375,0.59375,0.6015625,0.609375,0.61328125,
0.6171875,0.62109375,0.625,0.62890625,0.6328125,0.63671875,0.640625,0.64453125,
0.6484375,0.65625,0.6640625,0.671875,0.6796875,0.6875,0.6953125,0.69921875,
0.703125,0.70703125,0.7109375,0.71875,0.7265625,0.73046875,0.734375,0.73828125,
0.7421875,0.74609375,0.75,0.75390625,0.7578125,0.765625,0.7734375,0.78125,
0.7890625,0.796875,0.8046875,0.80859375,0.8125,0.81640625,0.8203125,0.82421875,
0.828125,0.83203125,0.8359375,0.83984375,0.84375,0.84765625,0.8515625,0.859375,
0.8671875,0.87109375,0.875,0.8828125,0.890625,0.8984375,0.90625,0.9140625,
0.91796875,0.921875,0.92578125,0.9296875,0.93359375,0.9375,0.94140625,0.9453125,
0.94921875,0.953125,0.9609375,0.96875,0.9765625,0.98046875,0.984375,0.98828125,
0.9921875,1.),.UNSPECIFIED.);
#1083=B_SPLINE_CURVE_WITH_KNOTS('',3,(#1917,#1918,#1919,#1920,#1921,#1922,
#1923,#1924,#1925,#1926,#1927,#1928,#1929,#1930,#1931,#1932,#1933,#1934,
#1935,#1936,#1937,#1938,#1939,#1940,#1941,#1942,#1943,#1944,#1945,#1946,
#1947,#1948,#1949,#1950,#1951,#1952,#1953,#1954,#1955,#1956,#1957,#1958,
#1959,#1960,#1961,#1962,#1963,#1964,#1965,#1966,#1967,#1968,#1969,#1970,
#1971,#1972,#1973,#1974,#1975,#1976,#1977,#1978,#1979,#1980,#1981,#1982,
#1983,#1984,#1985,#1986,#1987,#1988,#1989,#1990,#1991,#1992,#1993,#1994,
#1995,#1996,#1997,#1998,#1999,#2000,#2001,#2002,#2003,#2004,#2005,#2006,
#2007,#2008,#2009,#2010,#2011,#2012,#2013,#2014,#2015,#2016,#2017,#2018,
#2019,#2020,#2021,#2022,#2023,#2024,#2025,#2026,#2027,#2028,#2029,#2030,
#2031,#2032,#2033,#2034,#2035,#2036,#2037,#2038,#2039,#2040,#2041,#2042,
#2043,#2044,#2045,#2046,#2047,#2048,#2049,#2050,#2051,#2052,#2053,#2054,
#2055,#2056,#2057,#2058,#2059,#2060,#2061,#2062,#2063,#2064,#2065,#2066,
#2067,#2068,#2069,#2070,#2071,#2072,#2073,#2074,#2075,#2076,#2077,#2078,
#2079,#2080,#2081,#2082,#2083,#2084,#2085,#2086,#2087,#2088,#2089,#2090,
#2091,#2092,#2093,#2094,#2095,#2096,#2097,#2098,#2099,#2100,#2101,#2102,
#2103,#2104,#2105,#2106,#2107,#2108,#2109,#2110,#2111,#2112,#2113,#2114,
#2115,#2116,#2117,#2118,#2119,#2120,#2121,#2122,#2123,#2124,#2125,#2126,
#2127,#2128,#2129,#2130,#2131,#2132,#2133,#2134,#2135,#2136,#2137,#2138,
#2139,#2140,#2141,#2142,#2143,#2144,#2145,#2146,#2147,#2148,#2149,#2150,
#2151,#2152,#2153,#2154,#2155,#2156,#2157,#2158,#2159,#2160,#2161,#2162,
#2163,#2164,#2165,#2166,#2167,#2168,#2169,#2170,#2171,#2172,#2173,#2174,
#2175,#2176,#2177,#2178,#2179,#2180,#2181,#2182,#2183,#2184,#2185,#2186,
#2187,#2188,#2189,#2190,#2191,#2192,#2193,#2194,#2195,#2196,#2197,#2198,
#2199,#2200,#2201,#2202,#2203,#2204,#2205,#2206,#2207,#2208,#2209,#2210,
#2211,#2212,#2213,#2214,#2215,#2216,#2217,#2218,#2219,#2220,#2221,#2222,
#2223,#2224,#2225,#2226,#2227,#2228,#2229,#2230,#2231,#2232,#2233,#2234,
#2235,#2236,#2237,#2238,#2239,#2240,#2241,#2242,#2243,#2244,#2245,#2246,
#2247,#2248,#2249,#2250,#2251,#2252,#2253,#2254,#2255,#2256,#2257,#2258,
#2259,#2260,#2261,#2262,#2263,#2264,#2265,#2266,#2267,#2268,#2269,#2270,
#2271,#2272,#2273,#2274,#2275,#2276,#2277,#2278,#2279,#2280,#2281,#2282,
#2283,#2284,#2285,#2286,#2287,#2288,#2289,#2290,#2291,#2292,#2293,#2294,
#2295,#2296,#2297,#2298,#2299,#2300,#2301,#2302,#2303,#2304,#2305,#2306,
#2307,#2308,#2309,#2310,#2311,#2312,#2313,#2314,#2315,#2316,#2317,#2318),
 .UNSPECIFIED.,.F.,.F.,(4,2,2,2,2,2,2,2,2,2,2,2,2,2,2,2,2,2,2,2,2,2,2,2,
2,2,2,2,2,2,2,2,2,2,2,2,2,2,2,2,2,2,2,2,2,2,2,2,2,2,2,2,2,2,2,2,2,2,2,2,
2,2,2,2,2,2,2,2,2,2,2,2,2,2,2,2,2,2,2,2,2,2,2,2,2,2,2,2,2,2,2,2,2,2,2,2,
2,2,2,2,2,2,2,2,2,2,2,2,2,2,2,2,2,2,2,2,2,2,2,2,2,2,2,2,2,2,2,2,2,2,2,2,
2,2,2,2,2,2,2,2,2,2,2,2,2,2,2,2,2,2,2,2,2,2,2,2,2,2,2,2,2,2,2,2,2,2,2,2,
2,2,2,2,2,2,2,2,2,2,2,2,2,2,2,2,2,2,2,2,2,2,2,2,2,2,2,2,2,2,2,2,4),(0.,
0.0078125,0.01171875,0.015625,0.01953125,0.0234375,0.03125,0.03515625,0.0390625,
0.04296875,0.046875,0.0546875,0.0625,0.06640625,0.0703125,0.07421875,0.078125,
0.08203125,0.0859375,0.08984375,0.09375,0.1015625,0.109375,0.1171875,0.125,
0.12890625,0.1328125,0.13671875,0.140625,0.1484375,0.15625,0.16015625,0.1640625,
0.16796875,0.171875,0.17578125,0.1796875,0.18359375,0.1875,0.1953125,0.203125,
0.20703125,0.2109375,0.21484375,0.21875,0.2265625,0.23046875,0.234375,0.23828125,
0.2421875,0.25,0.2578125,0.26171875,0.265625,0.26953125,0.2734375,0.27734375,
0.28125,0.28515625,0.2890625,0.296875,0.3046875,0.30859375,0.3125,0.31640625,
0.3203125,0.32421875,0.328125,0.33203125,0.3359375,0.34375,0.3515625,0.35546875,
0.359375,0.3671875,0.375,0.3828125,0.38671875,0.390625,0.39453125,0.3984375,
0.40625,0.41015625,0.4140625,0.41796875,0.421875,0.4296875,0.43359375,0.4375,
0.44140625,0.4453125,0.453125,0.45703125,0.4609375,0.46484375,0.46875,0.4765625,
0.484375,0.4921875,0.5,0.5078125,0.51171875,0.515625,0.51953125,0.5234375,
0.53125,0.53515625,0.5390625,0.54296875,0.546875,0.5546875,0.55859375,0.5625,
0.56640625,0.5703125,0.578125,0.58203125,0.5859375,0.58984375,0.59375,0.6015625,
0.609375,0.6171875,0.625,0.6328125,0.63671875,0.640625,0.64453125,0.6484375,
0.65625,0.66015625,0.6640625,0.66796875,0.671875,0.6796875,0.68359375,0.6875,
0.69140625,0.6953125,0.703125,0.70703125,0.7109375,0.71484375,0.71875,0.7265625,
0.734375,0.7421875,0.75,0.7578125,0.76171875,0.765625,0.76953125,0.7734375,
0.78125,0.78515625,0.7890625,0.79296875,0.796875,0.8046875,0.80859375,0.8125,
0.81640625,0.8203125,0.828125,0.83203125,0.8359375,0.83984375,0.84375,0.8515625,
0.85546875,0.859375,0.86328125,0.8671875,0.87109375,0.875,0.8828125,0.88671875,
0.890625,0.89453125,0.8984375,0.90625,0.91015625,0.9140625,0.91796875,0.921875,
0.9296875,0.93359375,0.9375,0.94140625,0.9453125,0.953125,0.95703125,0.9609375,
0.96484375,0.96875,0.9765625,0.984375,0.98828125,0.9921875,0.99609375,1.),
 .UNSPECIFIED.);
#1084=B_SPLINE_CURVE_WITH_KNOTS('',3,(#2326,#2327,#2328,#2329),
 .UNSPECIFIED.,.F.,.F.,(4,4),(0.,1.),.UNSPECIFIED.);
#1085=B_SPLINE_CURVE_WITH_KNOTS('',3,(#2331,#2332,#2333,#2334),
 .UNSPECIFIED.,.F.,.F.,(4,4),(0.,1.),.UNSPECIFIED.);
#1086=B_SPLINE_CURVE_WITH_KNOTS('',3,(#2413,#2414,#2415,#2416),
 .UNSPECIFIED.,.F.,.F.,(4,4),(0.,1.),.UNSPECIFIED.);
#1087=B_SPLINE_CURVE_WITH_KNOTS('',3,(#2420,#2421,#2422,#2423),
 .UNSPECIFIED.,.F.,.F.,(4,4),(0.,1.),.UNSPECIFIED.);
#1088=B_SPLINE_CURVE_WITH_KNOTS('',3,(#2427,#2428,#2429,#2430),
 .UNSPECIFIED.,.F.,.F.,(4,4),(0.,1.),.UNSPECIFIED.);
#1089=B_SPLINE_CURVE_WITH_KNOTS('',3,(#2434,#2435,#2436,#2437),
 .UNSPECIFIED.,.F.,.F.,(4,4),(0.,1.),.UNSPECIFIED.);
#1090=B_SPLINE_CURVE_WITH_KNOTS('',3,(#2441,#2442,#2443,#2444),
 .UNSPECIFIED.,.F.,.F.,(4,4),(0.,1.),.UNSPECIFIED.);
#1091=B_SPLINE_CURVE_WITH_KNOTS('',3,(#2448,#2449,#2450,#2451),
 .UNSPECIFIED.,.F.,.F.,(4,4),(0.,1.),.UNSPECIFIED.);
#1092=B_SPLINE_CURVE_WITH_KNOTS('',3,(#2455,#2456,#2457,#2458),
 .UNSPECIFIED.,.F.,.F.,(4,4),(0.,1.),.UNSPECIFIED.);
#1093=B_SPLINE_CURVE_WITH_KNOTS('',3,(#2462,#2463,#2464,#2465),
 .UNSPECIFIED.,.F.,.F.,(4,4),(0.,1.),.UNSPECIFIED.);
#1094=B_SPLINE_CURVE_WITH_KNOTS('',3,(#2469,#2470,#2471,#2472),
 .UNSPECIFIED.,.F.,.F.,(4,4),(0.,1.),.UNSPECIFIED.);
#1095=B_SPLINE_CURVE_WITH_KNOTS('',3,(#2476,#2477,#2478,#2479),
 .UNSPECIFIED.,.F.,.F.,(4,4),(0.,1.),.UNSPECIFIED.);
#1096=B_SPLINE_CURVE_WITH_KNOTS('',3,(#2483,#2484,#2485,#2486),
 .UNSPECIFIED.,.F.,.F.,(4,4),(0.,1.),.UNSPECIFIED.);
#1097=B_SPLINE_CURVE_WITH_KNOTS('',3,(#2490,#2491,#2492,#2493),
 .UNSPECIFIED.,.F.,.F.,(4,4),(0.,1.),.UNSPECIFIED.);
#1098=B_SPLINE_CURVE_WITH_KNOTS('',3,(#2535,#2536,#2537,#2538,#2539,#2540,
#2541,#2542,#2543,#2544,#2545,#2546,#2547,#2548,#2549,#2550),
 .UNSPECIFIED.,.F.,.F.,(4,2,2,2,2,2,2,4),(0.,0.125,0.25,0.5,0.625,0.75,
0.875,1.),.UNSPECIFIED.);
#1099=B_SPLINE_CURVE_WITH_KNOTS('',3,(#2552,#2553,#2554,#2555,#2556,#2557,
#2558,#2559,#2560,#2561,#2562,#2563,#2564,#2565,#2566,#2567),
 .UNSPECIFIED.,.F.,.F.,(4,2,2,2,2,2,2,4),(0.,0.25,0.375,0.5,0.625,0.75,
0.875,1.),.UNSPECIFIED.);
#1100=B_SPLINE_CURVE_WITH_KNOTS('',3,(#2571,#2572,#2573,#2574),
 .UNSPECIFIED.,.F.,.F.,(4,4),(0.,1.),.UNSPECIFIED.);
#1101=B_SPLINE_CURVE_WITH_KNOTS('',3,(#2577,#2578,#2579,#2580),
 .UNSPECIFIED.,.F.,.F.,(4,4),(0.,1.),.UNSPECIFIED.);
#1102=B_SPLINE_CURVE_WITH_KNOTS('',3,(#2582,#2583,#2584,#2585),
 .UNSPECIFIED.,.F.,.F.,(4,4),(0.,1.),.UNSPECIFIED.);
#1103=B_SPLINE_CURVE_WITH_KNOTS('',3,(#2592,#2593,#2594,#2595),
 .UNSPECIFIED.,.F.,.F.,(4,4),(0.,1.),.UNSPECIFIED.);
#1104=B_SPLINE_CURVE_WITH_KNOTS('',3,(#2597,#2598,#2599,#2600),
 .UNSPECIFIED.,.F.,.F.,(4,4),(0.,1.),.UNSPECIFIED.);
#1105=B_SPLINE_CURVE_WITH_KNOTS('',3,(#2602,#2603,#2604,#2605),
 .UNSPECIFIED.,.F.,.F.,(4,4),(0.,1.),.UNSPECIFIED.);
#1106=B_SPLINE_CURVE_WITH_KNOTS('',3,(#2609,#2610,#2611,#2612),
 .UNSPECIFIED.,.F.,.F.,(4,4),(0.,1.),.UNSPECIFIED.);
#1107=B_SPLINE_CURVE_WITH_KNOTS('',3,(#2614,#2615,#2616,#2617),
 .UNSPECIFIED.,.F.,.F.,(4,4),(0.,1.),.UNSPECIFIED.);
#1108=B_SPLINE_CURVE_WITH_KNOTS('',3,(#2619,#2620,#2621,#2622),
 .UNSPECIFIED.,.F.,.F.,(4,4),(0.,1.),.UNSPECIFIED.);
#1109=B_SPLINE_CURVE_WITH_KNOTS('',3,(#2628,#2629,#2630,#2631),
 .UNSPECIFIED.,.F.,.F.,(4,4),(0.,1.),.UNSPECIFIED.);
#1110=B_SPLINE_CURVE_WITH_KNOTS('',3,(#2633,#2634,#2635,#2636),
 .UNSPECIFIED.,.F.,.F.,(4,4),(0.,1.),.UNSPECIFIED.);
#1111=B_SPLINE_CURVE_WITH_KNOTS('',3,(#2638,#2639,#2640,#2641),
 .UNSPECIFIED.,.F.,.F.,(4,4),(0.,1.),.UNSPECIFIED.);
#1112=B_SPLINE_CURVE_WITH_KNOTS('',3,(#2645,#2646,#2647,#2648),
 .UNSPECIFIED.,.F.,.F.,(4,4),(0.,1.),.UNSPECIFIED.);
#1113=B_SPLINE_CURVE_WITH_KNOTS('',3,(#2650,#2651,#2652,#2653),
 .UNSPECIFIED.,.F.,.F.,(4,4),(0.,1.),.UNSPECIFIED.);
#1114=B_SPLINE_CURVE_WITH_KNOTS('',3,(#2655,#2656,#2657,#2658),
 .UNSPECIFIED.,.F.,.F.,(4,4),(0.,1.),.UNSPECIFIED.);
#1115=B_SPLINE_CURVE_WITH_KNOTS('',3,(#2664,#2665,#2666,#2667),
 .UNSPECIFIED.,.F.,.F.,(4,4),(0.,1.),.UNSPECIFIED.);
#1116=B_SPLINE_CURVE_WITH_KNOTS('',3,(#2669,#2670,#2671,#2672),
 .UNSPECIFIED.,.F.,.F.,(4,4),(0.,1.),.UNSPECIFIED.);
#1117=B_SPLINE_CURVE_WITH_KNOTS('',3,(#2674,#2675,#2676,#2677),
 .UNSPECIFIED.,.F.,.F.,(4,4),(0.,1.),.UNSPECIFIED.);
#1118=B_SPLINE_CURVE_WITH_KNOTS('',3,(#2681,#2682,#2683,#2684),
 .UNSPECIFIED.,.F.,.F.,(4,4),(0.,1.),.UNSPECIFIED.);
#1119=B_SPLINE_CURVE_WITH_KNOTS('',3,(#2686,#2687,#2688,#2689),
 .UNSPECIFIED.,.F.,.F.,(4,4),(0.,1.),.UNSPECIFIED.);
#1120=B_SPLINE_CURVE_WITH_KNOTS('',3,(#2691,#2692,#2693,#2694),
 .UNSPECIFIED.,.F.,.F.,(4,4),(0.,1.),.UNSPECIFIED.);
#1121=B_SPLINE_CURVE_WITH_KNOTS('',3,(#2700,#2701,#2702,#2703),
 .UNSPECIFIED.,.F.,.F.,(4,4),(0.,1.),.UNSPECIFIED.);
#1122=B_SPLINE_CURVE_WITH_KNOTS('',3,(#2705,#2706,#2707,#2708),
 .UNSPECIFIED.,.F.,.F.,(4,4),(0.,1.),.UNSPECIFIED.);
#1123=B_SPLINE_CURVE_WITH_KNOTS('',3,(#2710,#2711,#2712,#2713),
 .UNSPECIFIED.,.F.,.F.,(4,4),(0.,1.),.UNSPECIFIED.);
#1124=B_SPLINE_CURVE_WITH_KNOTS('',3,(#2717,#2718,#2719,#2720),
 .UNSPECIFIED.,.F.,.F.,(4,4),(0.,1.),.UNSPECIFIED.);
#1125=B_SPLINE_CURVE_WITH_KNOTS('',3,(#2722,#2723,#2724,#2725),
 .UNSPECIFIED.,.F.,.F.,(4,4),(0.,1.),.UNSPECIFIED.);
#1126=B_SPLINE_CURVE_WITH_KNOTS('',3,(#2727,#2728,#2729,#2730),
 .UNSPECIFIED.,.F.,.F.,(4,4),(0.,1.),.UNSPECIFIED.);
#1127=B_SPLINE_CURVE_WITH_KNOTS('',3,(#2736,#2737,#2738,#2739),
 .UNSPECIFIED.,.F.,.F.,(4,4),(0.,1.),.UNSPECIFIED.);
#1128=B_SPLINE_CURVE_WITH_KNOTS('',3,(#2741,#2742,#2743,#2744),
 .UNSPECIFIED.,.F.,.F.,(4,4),(0.,1.),.UNSPECIFIED.);
#1129=B_SPLINE_CURVE_WITH_KNOTS('',3,(#2746,#2747,#2748,#2749),
 .UNSPECIFIED.,.F.,.F.,(4,4),(0.,1.),.UNSPECIFIED.);
#1130=B_SPLINE_CURVE_WITH_KNOTS('',3,(#2753,#2754,#2755,#2756),
 .UNSPECIFIED.,.F.,.F.,(4,4),(0.,1.),.UNSPECIFIED.);
#1131=B_SPLINE_CURVE_WITH_KNOTS('',3,(#2758,#2759,#2760,#2761),
 .UNSPECIFIED.,.F.,.F.,(4,4),(0.,1.),.UNSPECIFIED.);
#1132=B_SPLINE_CURVE_WITH_KNOTS('',3,(#2763,#2764,#2765,#2766),
 .UNSPECIFIED.,.F.,.F.,(4,4),(0.,1.),.UNSPECIFIED.);
#1133=B_SPLINE_CURVE_WITH_KNOTS('',3,(#2772,#2773,#2774,#2775),
 .UNSPECIFIED.,.F.,.F.,(4,4),(0.,1.),.UNSPECIFIED.);
#1134=B_SPLINE_CURVE_WITH_KNOTS('',3,(#2777,#2778,#2779,#2780),
 .UNSPECIFIED.,.F.,.F.,(4,4),(0.,1.),.UNSPECIFIED.);
#1135=B_SPLINE_CURVE_WITH_KNOTS('',3,(#2782,#2783,#2784,#2785),
 .UNSPECIFIED.,.F.,.F.,(4,4),(0.,1.),.UNSPECIFIED.);
#1136=B_SPLINE_CURVE_WITH_KNOTS('',3,(#2787,#2788,#2789,#2790),
 .UNSPECIFIED.,.F.,.F.,(4,4),(0.,1.),.UNSPECIFIED.);
#1137=B_SPLINE_CURVE_WITH_KNOTS('',3,(#2791,#2792,#2793,#2794),
 .UNSPECIFIED.,.F.,.F.,(4,4),(0.,1.),.UNSPECIFIED.);
#1138=B_SPLINE_CURVE_WITH_KNOTS('',3,(#2796,#2797,#2798,#2799),
 .UNSPECIFIED.,.F.,.F.,(4,4),(0.,1.),.UNSPECIFIED.);
#1139=B_SPLINE_CURVE_WITH_KNOTS('',3,(#2800,#2801,#2802,#2803),
 .UNSPECIFIED.,.F.,.F.,(4,4),(0.,1.),.UNSPECIFIED.);
#1140=B_SPLINE_CURVE_WITH_KNOTS('',3,(#2805,#2806,#2807,#2808),
 .UNSPECIFIED.,.F.,.F.,(4,4),(0.,1.),.UNSPECIFIED.);
#1141=B_SPLINE_CURVE_WITH_KNOTS('',3,(#2809,#2810,#2811,#2812),
 .UNSPECIFIED.,.F.,.F.,(4,4),(0.,1.),.UNSPECIFIED.);
#1142=B_SPLINE_CURVE_WITH_KNOTS('',3,(#2814,#2815,#2816,#2817),
 .UNSPECIFIED.,.F.,.F.,(4,4),(0.,1.),.UNSPECIFIED.);
#1143=B_SPLINE_CURVE_WITH_KNOTS('',3,(#2818,#2819,#2820,#2821),
 .UNSPECIFIED.,.F.,.F.,(4,4),(0.,1.),.UNSPECIFIED.);
#1144=B_SPLINE_CURVE_WITH_KNOTS('',3,(#2823,#2824,#2825,#2826),
 .UNSPECIFIED.,.F.,.F.,(4,4),(0.,1.),.UNSPECIFIED.);
#1145=B_SPLINE_CURVE_WITH_KNOTS('',3,(#2827,#2828,#2829,#2830),
 .UNSPECIFIED.,.F.,.F.,(4,4),(0.,1.),.UNSPECIFIED.);
#1146=B_SPLINE_CURVE_WITH_KNOTS('',3,(#2832,#2833,#2834,#2835),
 .UNSPECIFIED.,.F.,.F.,(4,4),(0.,1.),.UNSPECIFIED.);
#1147=B_SPLINE_CURVE_WITH_KNOTS('',3,(#2836,#2837,#2838,#2839),
 .UNSPECIFIED.,.F.,.F.,(4,4),(0.,1.),.UNSPECIFIED.);
#1148=B_SPLINE_CURVE_WITH_KNOTS('',3,(#2841,#2842,#2843,#2844,#2845,#2846,
#2847,#2848,#2849,#2850,#2851,#2852,#2853,#2854,#2855,#2856,#2857,#2858,
#2859,#2860,#2861,#2862,#2863,#2864,#2865,#2866,#2867,#2868,#2869,#2870,
#2871,#2872,#2873,#2874,#2875,#2876,#2877,#2878,#2879,#2880,#2881,#2882,
#2883,#2884,#2885,#2886,#2887,#2888,#2889,#2890,#2891,#2892,#2893,#2894,
#2895,#2896,#2897,#2898,#2899,#2900,#2901,#2902,#2903,#2904,#2905,#2906,
#2907,#2908,#2909,#2910,#2911,#2912,#2913,#2914,#2915,#2916,#2917,#2918,
#2919,#2920,#2921,#2922,#2923,#2924,#2925,#2926,#2927,#2928,#2929,#2930,
#2931,#2932,#2933,#2934,#2935,#2936,#2937,#2938,#2939,#2940,#2941,#2942,
#2943,#2944,#2945,#2946,#2947,#2948,#2949,#2950,#2951,#2952,#2953,#2954,
#2955,#2956,#2957,#2958,#2959,#2960,#2961,#2962,#2963,#2964,#2965,#2966,
#2967,#2968,#2969,#2970,#2971,#2972,#2973,#2974,#2975,#2976,#2977,#2978,
#2979,#2980,#2981,#2982,#2983,#2984,#2985,#2986,#2987,#2988,#2989,#2990,
#2991,#2992,#2993,#2994,#2995,#2996,#2997,#2998,#2999,#3000,#3001,#3002,
#3003,#3004,#3005,#3006,#3007,#3008,#3009,#3010,#3011,#3012,#3013,#3014,
#3015,#3016,#3017,#3018,#3019,#3020,#3021,#3022,#3023,#3024,#3025,#3026,
#3027,#3028,#3029,#3030,#3031,#3032,#3033,#3034,#3035,#3036,#3037,#3038,
#3039,#3040,#3041,#3042,#3043,#3044,#3045,#3046,#3047,#3048,#3049,#3050,
#3051,#3052,#3053,#3054,#3055,#3056,#3057,#3058,#3059,#3060,#3061,#3062,
#3063,#3064,#3065,#3066,#3067,#3068,#3069,#3070,#3071,#3072,#3073,#3074,
#3075,#3076,#3077,#3078,#3079,#3080,#3081,#3082,#3083,#3084,#3085,#3086,
#3087,#3088,#3089,#3090,#3091,#3092,#3093,#3094,#3095,#3096,#3097,#3098,
#3099,#3100,#3101,#3102,#3103),.UNSPECIFIED.,.F.,.F.,(4,1,1,1,1,1,1,1,1,
1,1,1,1,1,1,1,1,1,1,1,1,1,1,1,1,1,1,1,1,1,1,1,1,1,1,1,1,1,1,1,1,1,1,1,1,
1,1,1,1,1,1,1,1,1,1,1,1,1,1,1,1,1,1,1,1,1,1,1,1,1,1,1,1,1,1,1,1,1,1,1,1,
1,1,1,1,1,1,1,1,1,1,1,1,1,1,1,1,1,1,1,1,1,1,1,1,1,1,1,1,1,1,1,1,1,1,1,1,
1,1,1,1,1,1,1,1,1,1,1,1,1,1,1,1,1,1,1,1,1,1,1,1,1,1,1,1,1,1,1,1,1,1,1,1,
1,1,1,1,1,1,1,1,1,1,1,1,1,1,1,1,1,1,1,1,1,1,1,1,1,1,1,1,1,1,1,1,1,1,1,1,
1,1,1,1,1,1,1,1,1,1,1,1,1,1,1,1,1,1,1,1,1,1,1,1,1,1,1,1,1,1,1,1,1,1,1,1,
1,1,1,1,1,1,1,1,1,1,1,1,1,1,1,1,1,1,1,1,1,1,1,1,1,1,1,1,1,1,1,1,1,1,1,4),
(0.,0.00385554926095078,0.00771109852190155,0.0115666477828523,0.0154221970438031,
0.0192777463047539,0.0231332955657047,0.0269888448266554,0.0308443940876062,
0.034699943348557,0.0385554926095078,0.0424110418704585,0.0462665911314093,
0.0501221403923601,0.0539776896533109,0.0578332389142616,0.0616887881752124,
0.0655443374361632,0.069399886697114,0.0732554359580647,0.0771109852190155,
0.0809665344799663,0.0848220837409171,0.0886776330018678,0.0925331822628186,
0.0963887315237694,0.10024428078472,0.104099830045671,0.107955379306622,
0.111810928567572,0.115666477828523,0.119522027089474,0.123377576350425,
0.127233125611376,0.131088674872326,0.134944224133277,0.138799773394228,
0.142655322655179,0.146510871916129,0.15036642117708,0.154221970438031,
0.158077519698982,0.161933068959933,0.165788618220883,0.169644167481834,
0.173499716742785,0.177355266003736,0.181210815264686,0.185066364525637,
0.188921913786588,0.192777463047539,0.19663301230849,0.20048856156944,0.204344110830391,
0.208199660091342,0.212055209352293,0.215910758613243,0.219766307874194,
0.223621857135145,0.227477406396096,0.231332955657047,0.235188504917997,
0.239044054178948,0.242899603439899,0.24675515270085,0.2506107019618,0.254466251222751,
0.258321800483702,0.262177349744653,0.266032899005604,0.269888448266554,
0.273743997527505,0.277599546788456,0.281455096049407,0.285310645310357,
0.289166194571308,0.293021743832259,0.29687729309321,0.30073284235416,0.304588391615111,
0.308443940876062,0.312299490137013,0.316155039397964,0.320010588658914,
0.323866137919865,0.327721687180816,0.331577236441767,0.335432785702717,
0.339288334963668,0.343143884224619,0.34699943348557,0.350854982746521,
0.354710532007471,0.358566081268422,0.362421630529373,0.366277179790324,
0.370132729051274,0.373988278312225,0.377843827573176,0.381699376834127,
0.385554926095078,0.389410475356028,0.393266024616979,0.39712157387793,
0.400977123138881,0.404832672399831,0.408688221660782,0.412543770921733,
0.416399320182684,0.420254869443634,0.424110418704585,0.427965967965536,
0.431821517226487,0.435677066487438,0.439532615748388,0.443388165009339,
0.44724371427029,0.451099263531241,0.454954812792191,0.458810362053142,
0.462665911314093,0.466521460575044,0.470377009835995,0.474232559096945,
0.478088108357896,0.481943657618847,0.485799206879798,0.489654756140748,
0.493510305401699,0.49736585466265,0.501221403923601,0.505076953184552,
0.508932502445502,0.512788051706453,0.516643600967404,0.520499150228355,
0.524354699489305,0.528210248750256,0.532065798011207,0.535921347272158,
0.539776896533109,0.543632445794059,0.54748799505501,0.551343544315961,
0.555199093576912,0.559054642837862,0.562910192098813,0.566765741359764,
0.570621290620715,0.574476839881666,0.578332389142616,0.582187938403567,
0.586043487664518,0.589899036925469,0.593754586186419,0.59761013544737,
0.601465684708321,0.605321233969272,0.609176783230223,0.613032332491173,
0.616887881752124,0.620743431013075,0.624598980274026,0.628454529534976,
0.632310078795927,0.636165628056878,0.640021177317829,0.643876726578779,
0.64773227583973,0.651587825100681,0.655443374361632,0.659298923622583,
0.663154472883533,0.667010022144484,0.670865571405435,0.674721120666386,
0.678576669927336,0.682432219188287,0.686287768449238,0.690143317710189,
0.69399886697114,0.69785441623209,0.701709965493041,0.705565514753992,0.709421064014943,
0.713276613275893,0.717132162536844,0.720987711797795,0.724843261058746,
0.728698810319697,0.732554359580647,0.736409908841598,0.740265458102549,
0.7441210073635,0.74797655662445,0.751832105885401,0.755687655146352,0.759543204407303,
0.763398753668253,0.767254302929204,0.771109852190155,0.774965401451106,
0.778820950712057,0.782676499973007,0.786532049233958,0.790387598494909,
0.79424314775586,0.79809869701681,0.801954246277761,0.805809795538712,0.809665344799663,
0.813520894060614,0.817376443321564,0.821231992582515,0.825087541843466,
0.828943091104417,0.832798640365367,0.836654189626318,0.840509738887269,
0.84436528814822,0.848220837409171,0.852076386670121,0.855931935931072,
0.859787485192023,0.863643034452974,0.867498583713924,0.871354132974875,
0.875209682235826,0.879065231496777,0.882920780757728,0.886776330018678,
0.890631879279629,0.89448742854058,0.898342977801531,0.902198527062481,
0.906054076323432,0.909909625584383,0.913765174845334,0.917620724106284,
0.921476273367235,0.925331822628186,0.929187371889137,0.933042921150088,
0.936898470411038,0.940754019671989,0.94460956893294,0.948465118193891,
0.952320667454841,0.956176216715792,0.960031765976743,0.963887315237694,
0.967742864498645,0.971598413759595,0.975453963020546,0.979309512281497,
0.983165061542448,0.987020610803398,0.990876160064349,0.9947317093253,0.998587258586251,
1.),.UNSPECIFIED.);
#1149=B_SPLINE_CURVE_WITH_KNOTS('',1,(#3105,#3106),.UNSPECIFIED.,.F.,.F.,
(2,2),(0.,1.),.UNSPECIFIED.);
#1150=B_SPLINE_CURVE_WITH_KNOTS('',3,(#3108,#3109,#3110,#3111,#3112,#3113,
#3114,#3115,#3116,#3117,#3118,#3119,#3120,#3121,#3122,#3123,#3124,#3125,
#3126,#3127,#3128,#3129,#3130,#3131,#3132,#3133,#3134,#3135,#3136,#3137,
#3138,#3139,#3140,#3141,#3142,#3143,#3144,#3145,#3146,#3147,#3148,#3149,
#3150,#3151,#3152,#3153,#3154,#3155,#3156,#3157,#3158,#3159,#3160,#3161,
#3162,#3163,#3164,#3165,#3166,#3167,#3168,#3169,#3170,#3171,#3172,#3173,
#3174,#3175,#3176,#3177,#3178,#3179,#3180,#3181,#3182,#3183,#3184,#3185,
#3186,#3187,#3188,#3189,#3190,#3191,#3192,#3193,#3194,#3195,#3196,#3197,
#3198,#3199,#3200,#3201,#3202,#3203,#3204,#3205,#3206,#3207,#3208,#3209,
#3210,#3211,#3212,#3213,#3214,#3215,#3216,#3217,#3218,#3219,#3220,#3221,
#3222,#3223,#3224,#3225,#3226,#3227,#3228,#3229,#3230,#3231,#3232,#3233,
#3234,#3235,#3236,#3237,#3238,#3239,#3240,#3241,#3242,#3243,#3244,#3245,
#3246,#3247,#3248,#3249,#3250,#3251,#3252,#3253,#3254,#3255,#3256,#3257,
#3258,#3259,#3260,#3261,#3262,#3263,#3264,#3265,#3266,#3267,#3268,#3269,
#3270,#3271,#3272,#3273,#3274,#3275,#3276,#3277,#3278,#3279,#3280,#3281,
#3282,#3283,#3284,#3285,#3286,#3287,#3288,#3289,#3290,#3291,#3292,#3293,
#3294,#3295,#3296,#3297,#3298,#3299,#3300,#3301,#3302,#3303,#3304,#3305,
#3306,#3307,#3308,#3309,#3310,#3311,#3312,#3313,#3314,#3315,#3316,#3317,
#3318,#3319,#3320,#3321,#3322,#3323,#3324,#3325,#3326,#3327,#3328,#3329,
#3330,#3331,#3332,#3333,#3334,#3335,#3336,#3337,#3338,#3339,#3340,#3341,
#3342,#3343,#3344,#3345,#3346,#3347,#3348,#3349,#3350,#3351,#3352,#3353,
#3354,#3355,#3356,#3357,#3358,#3359,#3360,#3361,#3362,#3363,#3364,#3365,
#3366,#3367,#3368,#3369,#3370,#3371,#3372,#3373,#3374,#3375,#3376,#3377,
#3378,#3379,#3380,#3381,#3382,#3383,#3384,#3385,#3386,#3387,#3388,#3389,
#3390,#3391,#3392,#3393,#3394,#3395,#3396,#3397,#3398,#3399,#3400,#3401,
#3402,#3403,#3404,#3405,#3406,#3407,#3408,#3409,#3410,#3411,#3412,#3413,
#3414,#3415,#3416,#3417,#3418,#3419,#3420,#3421,#3422,#3423,#3424,#3425,
#3426,#3427,#3428,#3429,#3430,#3431,#3432,#3433,#3434,#3435,#3436,#3437,
#3438,#3439,#3440,#3441,#3442,#3443,#3444,#3445,#3446,#3447,#3448,#3449,
#3450,#3451,#3452,#3453,#3454,#3455,#3456,#3457,#3458,#3459,#3460,#3461,
#3462,#3463,#3464,#3465,#3466,#3467,#3468,#3469,#3470,#3471,#3472,#3473,
#3474,#3475,#3476,#3477,#3478,#3479,#3480,#3481,#3482,#3483,#3484,#3485,
#3486,#3487,#3488,#3489,#3490,#3491,#3492,#3493,#3494,#3495,#3496,#3497,
#3498,#3499,#3500,#3501,#3502,#3503,#3504,#3505,#3506,#3507,#3508,#3509,
#3510,#3511,#3512,#3513,#3514,#3515),.UNSPECIFIED.,.F.,.F.,(4,2,2,2,2,2,
2,2,2,2,2,2,2,2,2,2,2,2,2,2,2,2,2,2,2,2,2,2,2,2,2,2,2,2,2,2,2,2,2,2,2,2,
2,2,2,2,2,2,2,2,2,2,2,2,2,2,2,2,2,2,2,2,2,2,2,2,2,2,2,2,2,2,2,2,2,2,2,2,
2,2,2,2,2,2,2,2,2,2,2,2,2,2,2,2,2,2,2,2,2,2,2,2,2,2,2,2,2,2,2,2,2,2,2,2,
2,2,2,2,2,2,2,2,2,2,2,2,2,2,2,2,2,2,2,2,2,2,2,2,2,2,2,2,2,2,2,2,2,2,2,2,
2,2,2,2,2,2,2,2,2,2,2,2,2,2,2,2,2,2,2,2,2,2,2,2,2,2,2,2,2,2,2,2,2,2,2,2,
2,2,2,2,2,2,2,2,2,2,2,2,2,2,2,2,2,4),(0.,0.00781249999999989,0.0156249999999999,
0.0195312499999999,0.0234374999999999,0.0273437499999999,0.0312499999999999,
0.0390624999999999,0.0429687499999999,0.0468749999999999,0.0507812499999999,
0.0546874999999999,0.0585937499999999,0.0624999999999999,0.0703124999999999,
0.0781249999999999,0.0820312499999999,0.0859374999999999,0.0898437499999999,
0.0937499999999999,0.1015625,0.10546875,0.109375,0.11328125,0.1171875,0.12109375,
0.125,0.1328125,0.140625,0.14453125,0.1484375,0.15234375,0.15625,0.16015625,
0.1640625,0.171875,0.1796875,0.18359375,0.1875,0.19140625,0.1953125,0.19921875,
0.203125,0.20703125,0.2109375,0.21484375,0.21875,0.22265625,0.2265625,0.234375,
0.2421875,0.24609375,0.25,0.25390625,0.2578125,0.265625,0.26953125,0.2734375,
0.28125,0.28515625,0.2890625,0.29296875,0.296875,0.3046875,0.30859375,0.3125,
0.31640625,0.3203125,0.328125,0.3359375,0.33984375,0.34375,0.34765625,0.3515625,
0.35546875,0.359375,0.3671875,0.37109375,0.375,0.37890625,0.3828125,0.390625,
0.3984375,0.40625,0.4140625,0.41796875,0.421875,0.42578125,0.4296875,0.4375,
0.4453125,0.44921875,0.453125,0.45703125,0.4609375,0.46484375,0.46875,0.4765625,
0.48046875,0.484375,0.48828125,0.4921875,0.5,0.5078125,0.51171875,0.515625,
0.51953125,0.5234375,0.53125,0.5390625,0.54296875,0.546875,0.55078125,0.5546875,
0.5625,0.5703125,0.57421875,0.578125,0.58203125,0.5859375,0.58984375,0.59375,
0.6015625,0.60546875,0.609375,0.61328125,0.6171875,0.625,0.6328125,0.63671875,
0.640625,0.64453125,0.6484375,0.65625,0.6640625,0.66796875,0.671875,0.67578125,
0.6796875,0.68359375,0.6875,0.6953125,0.703125,0.70703125,0.7109375,0.71484375,
0.71875,0.7265625,0.73046875,0.734375,0.73828125,0.7421875,0.74609375,0.75,
0.7578125,0.765625,0.76953125,0.7734375,0.77734375,0.78125,0.7890625,0.796875,
0.8046875,0.80859375,0.8125,0.81640625,0.8203125,0.828125,0.8359375,0.83984375,
0.84375,0.84765625,0.8515625,0.85546875,0.859375,0.86328125,0.8671875,0.87109375,
0.875,0.87890625,0.8828125,0.890625,0.8984375,0.90625,0.9140625,0.921875,
0.92578125,0.9296875,0.93359375,0.9375,0.94140625,0.9453125,0.94921875,
0.953125,0.95703125,0.9609375,0.96484375,0.96875,0.9765625,0.984375,0.98828125,
0.9921875,0.99609375,1.),.UNSPECIFIED.);
#1151=B_SPLINE_CURVE_WITH_KNOTS('',3,(#4042,#4043,#4044,#4045,#4046,#4047,
#4048,#4049,#4050,#4051,#4052,#4053,#4054,#4055,#4056,#4057,#4058,#4059,
#4060,#4061,#4062,#4063,#4064,#4065,#4066,#4067,#4068,#4069,#4070,#4071,
#4072,#4073,#4074,#4075,#4076,#4077,#4078,#4079,#4080,#4081,#4082,#4083,
#4084,#4085,#4086,#4087,#4088,#4089,#4090,#4091,#4092,#4093,#4094,#4095,
#4096,#4097,#4098,#4099,#4100,#4101,#4102,#4103,#4104,#4105,#4106,#4107,
#4108,#4109,#4110,#4111,#4112,#4113,#4114,#4115,#4116,#4117,#4118,#4119,
#4120,#4121,#4122,#4123,#4124,#4125,#4126,#4127,#4128,#4129,#4130,#4131,
#4132,#4133,#4134,#4135,#4136,#4137,#4138,#4139,#4140,#4141,#4142,#4143,
#4144,#4145,#4146,#4147,#4148,#4149,#4150,#4151,#4152,#4153,#4154,#4155,
#4156,#4157,#4158,#4159,#4160,#4161,#4162,#4163,#4164,#4165,#4166,#4167,
#4168,#4169,#4170,#4171,#4172,#4173,#4174,#4175,#4176,#4177,#4178,#4179,
#4180,#4181,#4182,#4183,#4184,#4185,#4186,#4187,#4188,#4189,#4190,#4191,
#4192,#4193,#4194,#4195,#4196,#4197,#4198,#4199,#4200,#4201,#4202,#4203,
#4204,#4205,#4206,#4207,#4208,#4209,#4210,#4211,#4212,#4213,#4214,#4215,
#4216,#4217,#4218,#4219,#4220,#4221,#4222,#4223,#4224,#4225,#4226,#4227,
#4228,#4229,#4230,#4231,#4232,#4233,#4234,#4235,#4236,#4237,#4238,#4239,
#4240,#4241,#4242,#4243,#4244,#4245,#4246,#4247,#4248,#4249,#4250,#4251,
#4252,#4253,#4254,#4255,#4256,#4257,#4258,#4259,#4260,#4261,#4262,#4263,
#4264,#4265,#4266,#4267,#4268,#4269,#4270,#4271,#4272,#4273,#4274,#4275,
#4276,#4277,#4278,#4279,#4280,#4281,#4282,#4283,#4284,#4285,#4286,#4287,
#4288,#4289,#4290,#4291,#4292,#4293,#4294,#4295,#4296,#4297,#4298,#4299,
#4300,#4301,#4302,#4303,#4304,#4305,#4306,#4307,#4308,#4309,#4310,#4311,
#4312,#4313,#4314,#4315,#4316,#4317,#4318,#4319,#4320,#4321,#4322,#4323,
#4324,#4325,#4326,#4327,#4328,#4329,#4330,#4331,#4332,#4333,#4334,#4335,
#4336,#4337,#4338,#4339,#4340,#4341,#4342,#4343,#4344,#4345,#4346,#4347,
#4348,#4349,#4350,#4351,#4352,#4353,#4354,#4355,#4356,#4357,#4358,#4359,
#4360,#4361,#4362,#4363,#4364,#4365,#4366,#4367,#4368,#4369,#4370,#4371,
#4372,#4373,#4374,#4375,#4376,#4377,#4378,#4379,#4380,#4381,#4382,#4383,
#4384,#4385,#4386,#4387,#4388,#4389,#4390,#4391,#4392,#4393,#4394,#4395,
#4396,#4397,#4398,#4399,#4400,#4401,#4402,#4403,#4404,#4405,#4406,#4407,
#4408,#4409,#4410,#4411,#4412,#4413,#4414,#4415,#4416,#4417,#4418,#4419,
#4420,#4421,#4422,#4423,#4424,#4425,#4426,#4427,#4428,#4429),
 .UNSPECIFIED.,.F.,.F.,(4,2,2,2,2,2,2,2,2,2,2,2,2,2,2,2,2,2,2,2,2,2,2,2,
2,2,2,2,2,2,2,2,2,2,2,2,2,2,2,2,2,2,2,2,2,2,2,2,2,2,2,2,2,2,2,2,2,2,2,2,
2,2,2,2,2,2,2,2,2,2,2,2,2,2,2,2,2,2,2,2,2,2,2,2,2,2,2,2,2,2,2,2,2,2,2,2,
2,2,2,2,2,2,2,2,2,2,2,2,2,2,2,2,2,2,2,2,2,2,2,2,2,2,2,2,2,2,2,2,2,2,2,2,
2,2,2,2,2,2,2,2,2,2,2,2,2,2,2,2,2,2,2,2,2,2,2,2,2,2,2,2,2,2,2,2,2,2,2,2,
2,2,2,2,2,2,2,2,2,2,2,2,2,2,2,2,2,2,2,2,2,2,2,2,2,4),(0.,0.00390625,0.0078125,
0.015625,0.0234375,0.03125,0.03515625,0.0390625,0.04296875,0.046875,0.0546875,
0.05859375,0.0625,0.06640625,0.0703125,0.078125,0.0859375,0.09375,0.09765625,
0.1015625,0.10546875,0.109375,0.11328125,0.1171875,0.125,0.1328125,0.13671875,
0.140625,0.14453125,0.1484375,0.15234375,0.15625,0.1640625,0.171875,0.1796875,
0.18359375,0.1875,0.19140625,0.1953125,0.203125,0.20703125,0.2109375,0.21875,
0.2265625,0.234375,0.23828125,0.2421875,0.24609375,0.25,0.25390625,0.2578125,
0.26171875,0.265625,0.2734375,0.28125,0.28515625,0.2890625,0.29296875,0.296875,
0.30078125,0.3046875,0.3125,0.3203125,0.328125,0.3359375,0.34375,0.34765625,
0.3515625,0.35546875,0.359375,0.36328125,0.3671875,0.375,0.3828125,0.390625,
0.3984375,0.40234375,0.40625,0.41015625,0.4140625,0.421875,0.42578125,0.4296875,
0.43359375,0.4375,0.44140625,0.4453125,0.453125,0.4609375,0.46875,0.4765625,
0.48046875,0.484375,0.48828125,0.4921875,0.49609375,0.5,0.50390625,0.5078125,
0.515625,0.5234375,0.53125,0.53515625,0.5390625,0.54296875,0.546875,0.55078125,
0.5546875,0.5625,0.5703125,0.57421875,0.578125,0.58203125,0.5859375,0.59375,
0.6015625,0.609375,0.61328125,0.6171875,0.62109375,0.625,0.62890625,0.6328125,
0.640625,0.6484375,0.65234375,0.65625,0.66015625,0.6640625,0.66796875,0.671875,
0.6796875,0.6875,0.6953125,0.69921875,0.703125,0.70703125,0.7109375,0.71484375,
0.71875,0.7265625,0.73046875,0.734375,0.73828125,0.7421875,0.74609375,0.75,
0.75390625,0.7578125,0.765625,0.7734375,0.78125,0.78515625,0.7890625,0.79296875,
0.796875,0.80078125,0.8046875,0.80859375,0.8125,0.8203125,0.82421875,0.828125,
0.83203125,0.8359375,0.84375,0.859375,0.86328125,0.8671875,0.87109375,0.875,
0.87890625,0.8828125,0.890625,0.8984375,0.90625,0.9140625,0.91796875,0.921875,
0.92578125,0.9296875,0.93359375,0.9375,0.9453125,0.953125,0.95703125,0.9609375,
0.96484375,0.96875,0.97265625,0.9765625,0.984375,0.9921875,1.),
 .UNSPECIFIED.);
#1152=B_SPLINE_CURVE_WITH_KNOTS('',1,(#4431,#4432),.UNSPECIFIED.,.F.,.F.,
(2,2),(0.,1.),.UNSPECIFIED.);
#1153=B_SPLINE_CURVE_WITH_KNOTS('',1,(#4960,#4961),.UNSPECIFIED.,.F.,.F.,
(2,2),(0.,1.),.UNSPECIFIED.);
#1154=B_SPLINE_CURVE_WITH_KNOTS('',3,(#5490,#5491,#5492,#5493),
 .UNSPECIFIED.,.F.,.F.,(4,4),(0.,1.),.UNSPECIFIED.);
#1155=B_SPLINE_CURVE_WITH_KNOTS('',3,(#5502,#5503,#5504,#5505),
 .UNSPECIFIED.,.F.,.F.,(4,4),(0.,1.),.UNSPECIFIED.);
#1156=B_SPLINE_CURVE_WITH_KNOTS('',3,(#5515,#5516,#5517,#5518),
 .UNSPECIFIED.,.F.,.F.,(4,4),(0.,1.),.UNSPECIFIED.);
#1157=B_SPLINE_CURVE_WITH_KNOTS('',3,(#5527,#5528,#5529,#5530),
 .UNSPECIFIED.,.F.,.F.,(4,4),(0.,1.),.UNSPECIFIED.);
#1158=B_SPLINE_CURVE_WITH_KNOTS('',3,(#5540,#5541,#5542,#5543),
 .UNSPECIFIED.,.F.,.F.,(4,4),(0.,1.),.UNSPECIFIED.);
#1159=B_SPLINE_CURVE_WITH_KNOTS('',3,(#5552,#5553,#5554,#5555),
 .UNSPECIFIED.,.F.,.F.,(4,4),(0.,1.),.UNSPECIFIED.);
#1160=B_SPLINE_CURVE_WITH_KNOTS('',3,(#5565,#5566,#5567,#5568),
 .UNSPECIFIED.,.F.,.F.,(4,4),(0.,1.),.UNSPECIFIED.);
#1161=B_SPLINE_CURVE_WITH_KNOTS('',3,(#5577,#5578,#5579,#5580),
 .UNSPECIFIED.,.F.,.F.,(4,4),(0.,1.),.UNSPECIFIED.);
#1162=B_SPLINE_CURVE_WITH_KNOTS('',3,(#5590,#5591,#5592,#5593),
 .UNSPECIFIED.,.F.,.F.,(4,4),(0.,1.),.UNSPECIFIED.);
#1163=B_SPLINE_CURVE_WITH_KNOTS('',3,(#5602,#5603,#5604,#5605),
 .UNSPECIFIED.,.F.,.F.,(4,4),(0.,1.),.UNSPECIFIED.);
#1164=B_SPLINE_CURVE_WITH_KNOTS('',3,(#5615,#5616,#5617,#5618),
 .UNSPECIFIED.,.F.,.F.,(4,4),(0.,1.),.UNSPECIFIED.);
#1165=B_SPLINE_CURVE_WITH_KNOTS('',3,(#5627,#5628,#5629,#5630),
 .UNSPECIFIED.,.F.,.F.,(4,4),(0.,1.),.UNSPECIFIED.);
#1166=AXIS2_PLACEMENT_3D('',#1538,#1281,#1282);
#1167=AXIS2_PLACEMENT_3D('',#1915,#1284,#1285);
#1168=AXIS2_PLACEMENT_3D('',#2320,#1286,#1287);
#1169=AXIS2_PLACEMENT_3D('',#2321,#1288,#1289);
#1170=AXIS2_PLACEMENT_3D('',#2322,#1290,#1291);
#1171=AXIS2_PLACEMENT_3D('',#2335,#1293,#1294);
#1172=AXIS2_PLACEMENT_3D('',#2339,#1296,#1297);
#1173=AXIS2_PLACEMENT_3D('',#2343,#1299,#1300);
#1174=AXIS2_PLACEMENT_3D('',#2344,#1301,#1302);
#1175=AXIS2_PLACEMENT_3D('',#2348,#1304,#1305);
#1176=AXIS2_PLACEMENT_3D('',#2352,#1307,#1308);
#1177=AXIS2_PLACEMENT_3D('',#2353,#1309,#1310);
#1178=AXIS2_PLACEMENT_3D('',#2357,#1312,#1313);
#1179=AXIS2_PLACEMENT_3D('',#2361,#1315,#1316);
#1180=AXIS2_PLACEMENT_3D('',#2362,#1317,#1318);
#1181=AXIS2_PLACEMENT_3D('',#2366,#1320,#1321);
#1182=AXIS2_PLACEMENT_3D('',#2370,#1323,#1324);
#1183=AXIS2_PLACEMENT_3D('',#2371,#1325,#1326);
#1184=AXIS2_PLACEMENT_3D('',#2375,#1328,#1329);
#1185=AXIS2_PLACEMENT_3D('',#2379,#1331,#1332);
#1186=AXIS2_PLACEMENT_3D('',#2380,#1333,#1334);
#1187=AXIS2_PLACEMENT_3D('',#2384,#1336,#1337);
#1188=AXIS2_PLACEMENT_3D('',#2388,#1339,#1340);
#1189=AXIS2_PLACEMENT_3D('',#2389,#1341,#1342);
#1190=AXIS2_PLACEMENT_3D('',#2390,#1343,#1344);
#1191=AXIS2_PLACEMENT_3D('',#2392,#1345,#1346);
#1192=AXIS2_PLACEMENT_3D('',#2394,#1347,#1348);
#1193=AXIS2_PLACEMENT_3D('',#2395,#1349,#1350);
#1194=AXIS2_PLACEMENT_3D('',#2397,#1351,#1352);
#1195=AXIS2_PLACEMENT_3D('',#2398,#1353,#1354);
#1196=AXIS2_PLACEMENT_3D('',#2400,#1355,#1356);
#1197=AXIS2_PLACEMENT_3D('',#2401,#1357,#1358);
#1198=AXIS2_PLACEMENT_3D('',#2403,#1359,#1360);
#1199=AXIS2_PLACEMENT_3D('',#2404,#1361,#1362);
#1200=AXIS2_PLACEMENT_3D('',#2406,#1363,#1364);
#1201=AXIS2_PLACEMENT_3D('',#2407,#1365,#1366);
#1202=AXIS2_PLACEMENT_3D('',#2409,#1367,#1368);
#1203=AXIS2_PLACEMENT_3D('',#2410,#1369,#1370);
#1204=AXIS2_PLACEMENT_3D('',#2418,#1371,#1372);
#1205=AXIS2_PLACEMENT_3D('',#2425,#1373,#1374);
#1206=AXIS2_PLACEMENT_3D('',#2432,#1375,#1376);
#1207=AXIS2_PLACEMENT_3D('',#2439,#1377,#1378);
#1208=AXIS2_PLACEMENT_3D('',#2446,#1379,#1380);
#1209=AXIS2_PLACEMENT_3D('',#2453,#1381,#1382);
#1210=AXIS2_PLACEMENT_3D('',#2460,#1383,#1384);
#1211=AXIS2_PLACEMENT_3D('',#2467,#1385,#1386);
#1212=AXIS2_PLACEMENT_3D('',#2474,#1387,#1388);
#1213=AXIS2_PLACEMENT_3D('',#2481,#1389,#1390);
#1214=AXIS2_PLACEMENT_3D('',#2488,#1391,#1392);
#1215=AXIS2_PLACEMENT_3D('',#2494,#1393,#1394);
#1216=AXIS2_PLACEMENT_3D('',#2495,#1395,#1396);
#1217=AXIS2_PLACEMENT_3D('',#2497,#1397,#1398);
#1218=AXIS2_PLACEMENT_3D('',#2499,#1399,#1400);
#1219=AXIS2_PLACEMENT_3D('',#2501,#1401,#1402);
#1220=AXIS2_PLACEMENT_3D('',#2502,#1403,#1404);
#1221=AXIS2_PLACEMENT_3D('',#2504,#1405,#1406);
#1222=AXIS2_PLACEMENT_3D('',#2506,#1407,#1408);
#1223=AXIS2_PLACEMENT_3D('',#2507,#1409,#1410);
#1224=AXIS2_PLACEMENT_3D('',#2509,#1411,#1412);
#1225=AXIS2_PLACEMENT_3D('',#2511,#1413,#1414);
#1226=AXIS2_PLACEMENT_3D('',#2512,#1415,#1416);
#1227=AXIS2_PLACEMENT_3D('',#2514,#1417,#1418);
#1228=AXIS2_PLACEMENT_3D('',#2516,#1419,#1420);
#1229=AXIS2_PLACEMENT_3D('',#2517,#1421,#1422);
#1230=AXIS2_PLACEMENT_3D('',#2519,#1423,#1424);
#1231=AXIS2_PLACEMENT_3D('',#2521,#1425,#1426);
#1232=AXIS2_PLACEMENT_3D('',#2522,#1427,#1428);
#1233=AXIS2_PLACEMENT_3D('',#2524,#1429,#1430);
#1234=AXIS2_PLACEMENT_3D('',#2525,#1431,#1432);
#1235=AXIS2_PLACEMENT_3D('',#2527,#1433,#1434);
#1236=AXIS2_PLACEMENT_3D('',#2528,#1435,#1436);
#1237=AXIS2_PLACEMENT_3D('',#2530,#1437,#1438);
#1238=AXIS2_PLACEMENT_3D('',#2531,#1439,#1440);
#1239=AXIS2_PLACEMENT_3D('',#2533,#1441,#1442);
#1240=AXIS2_PLACEMENT_3D('',#2534,#1443,#1444);
#1241=AXIS2_PLACEMENT_3D('',#2569,#1445,#1446);
#1242=AXIS2_PLACEMENT_3D('',#2570,#1447,#1448);
#1243=AXIS2_PLACEMENT_3D('',#2587,#1450,#1451);
#1244=AXIS2_PLACEMENT_3D('',#2590,#1453,#1454);
#1245=AXIS2_PLACEMENT_3D('',#2591,#1455,#1456);
#1246=AXIS2_PLACEMENT_3D('',#2606,#1457,#1458);
#1247=AXIS2_PLACEMENT_3D('',#2623,#1460,#1461);
#1248=AXIS2_PLACEMENT_3D('',#2626,#1463,#1464);
#1249=AXIS2_PLACEMENT_3D('',#2627,#1465,#1466);
#1250=AXIS2_PLACEMENT_3D('',#2642,#1467,#1468);
#1251=AXIS2_PLACEMENT_3D('',#2659,#1470,#1471);
#1252=AXIS2_PLACEMENT_3D('',#2662,#1473,#1474);
#1253=AXIS2_PLACEMENT_3D('',#2663,#1475,#1476);
#1254=AXIS2_PLACEMENT_3D('',#2678,#1477,#1478);
#1255=AXIS2_PLACEMENT_3D('',#2695,#1480,#1481);
#1256=AXIS2_PLACEMENT_3D('',#2698,#1483,#1484);
#1257=AXIS2_PLACEMENT_3D('',#2699,#1485,#1486);
#1258=AXIS2_PLACEMENT_3D('',#2714,#1487,#1488);
#1259=AXIS2_PLACEMENT_3D('',#2731,#1490,#1491);
#1260=AXIS2_PLACEMENT_3D('',#2734,#1493,#1494);
#1261=AXIS2_PLACEMENT_3D('',#2735,#1495,#1496);
#1262=AXIS2_PLACEMENT_3D('',#2750,#1497,#1498);
#1263=AXIS2_PLACEMENT_3D('',#2767,#1500,#1501);
#1264=AXIS2_PLACEMENT_3D('',#2770,#1503,#1504);
#1265=AXIS2_PLACEMENT_3D('',#2771,#1505,#1506);
#1266=AXIS2_PLACEMENT_3D('',#2786,#1507,#1508);
#1267=AXIS2_PLACEMENT_3D('',#2795,#1509,#1510);
#1268=AXIS2_PLACEMENT_3D('',#2804,#1511,#1512);
#1269=AXIS2_PLACEMENT_3D('',#2813,#1513,#1514);
#1270=AXIS2_PLACEMENT_3D('',#2822,#1515,#1516);
#1271=AXIS2_PLACEMENT_3D('',#2831,#1517,#1518);
#1272=AXIS2_PLACEMENT_3D('',#2840,#1519,#1520);
#1273=AXIS2_PLACEMENT_3D('',#4962,#1522,#1523);
#1274=AXIS2_PLACEMENT_3D('',#5489,#1524,#1525);
#1275=AXIS2_PLACEMENT_3D('',#5506,#1526,#1527);
#1276=AXIS2_PLACEMENT_3D('',#5531,#1528,#1529);
#1277=AXIS2_PLACEMENT_3D('',#5556,#1530,#1531);
#1278=AXIS2_PLACEMENT_3D('',#5581,#1532,#1533);
#1279=AXIS2_PLACEMENT_3D('',#5606,#1534,#1535);
#1280=AXIS2_PLACEMENT_3D('',#5631,#1536,#1537);
#1281=DIRECTION('',(0.,0.,1.));
#1282=DIRECTION('',(1.,0.,0.));
#1283=DIRECTION('',(0.,0.,1.));
#1284=DIRECTION('',(0.,0.,-1.));
#1285=DIRECTION('',(-1.,0.,0.));
#1286=DIRECTION('',(0.,0.,-1.));
#1287=DIRECTION('',(-1.,0.,0.));
#1288=DIRECTION('',(0.,0.,-1.));
#1289=DIRECTION('',(-1.,0.,0.));
#1290=DIRECTION('',(0.,0.,-1.));
#1291=DIRECTION('',(-1.,0.,0.));
#1292=DIRECTION('',(0.789382157525607,0.61390211710029,0.));
#1293=DIRECTION('',(0.,0.,-1.));
#1294=DIRECTION('',(-1.,0.,0.));
#1295=DIRECTION('',(-0.500000000000003,-0.866025403784437,0.));
#1296=DIRECTION('',(0.,0.,1.));
#1297=DIRECTION('',(1.,0.,0.));
#1298=DIRECTION('',(0.499999999999996,-0.866025403784441,0.));
#1299=DIRECTION('',(0.,0.,-1.));
#1300=DIRECTION('',(-1.,0.,0.));
#1301=DIRECTION('',(0.,0.,1.));
#1302=DIRECTION('',(1.,0.,0.));
#1303=DIRECTION('',(-1.,2.34291072916505E-15,0.));
#1304=DIRECTION('',(0.,0.,1.));
#1305=DIRECTION('',(1.,0.,0.));
#1306=DIRECTION('',(-0.500000000000003,-0.866025403784437,0.));
#1307=DIRECTION('',(0.,0.,-1.));
#1308=DIRECTION('',(-1.,0.,0.));
#1309=DIRECTION('',(0.,0.,1.));
#1310=DIRECTION('',(1.,0.,0.));
#1311=DIRECTION('',(-0.499999999999999,0.866025403784439,0.));
#1312=DIRECTION('',(0.,0.,1.));
#1313=DIRECTION('',(1.,0.,0.));
#1314=DIRECTION('',(-1.,2.34291072916505E-15,0.));
#1315=DIRECTION('',(0.,0.,-1.));
#1316=DIRECTION('',(-1.,0.,0.));
#1317=DIRECTION('',(0.,0.,1.));
#1318=DIRECTION('',(1.,0.,0.));
#1319=DIRECTION('',(0.500000000000001,0.866025403784438,0.));
#1320=DIRECTION('',(0.,0.,1.));
#1321=DIRECTION('',(1.,0.,0.));
#1322=DIRECTION('',(-0.499999999999999,0.866025403784439,0.));
#1323=DIRECTION('',(0.,0.,-1.));
#1324=DIRECTION('',(-1.,0.,0.));
#1325=DIRECTION('',(0.,0.,1.));
#1326=DIRECTION('',(1.,0.,0.));
#1327=DIRECTION('',(1.,0.,0.));
#1328=DIRECTION('',(0.,0.,1.));
#1329=DIRECTION('',(1.,0.,0.));
#1330=DIRECTION('',(0.500000000000001,0.866025403784438,0.));
#1331=DIRECTION('',(0.,0.,-1.));
#1332=DIRECTION('',(-1.,0.,0.));
#1333=DIRECTION('',(0.,0.,1.));
#1334=DIRECTION('',(1.,0.,0.));
#1335=DIRECTION('',(0.499999999999996,-0.866025403784441,0.));
#1336=DIRECTION('',(0.,0.,1.));
#1337=DIRECTION('',(1.,0.,0.));
#1338=DIRECTION('',(1.,0.,0.));
#1339=DIRECTION('',(0.,0.,-1.));
#1340=DIRECTION('',(-1.,0.,0.));
#1341=DIRECTION('',(0.,0.,1.));
#1342=DIRECTION('',(1.,0.,0.));
#1343=DIRECTION('',(0.,0.,-1.));
#1344=DIRECTION('',(-1.,0.,0.));
#1345=DIRECTION('',(0.,0.,-1.));
#1346=DIRECTION('',(-1.,0.,0.));
#1347=DIRECTION('',(0.,0.,-1.));
#1348=DIRECTION('',(-1.,0.,0.));
#1349=DIRECTION('',(0.,0.,-1.));
#1350=DIRECTION('',(-1.,0.,0.));
#1351=DIRECTION('',(0.,0.,-1.));
#1352=DIRECTION('',(-1.,0.,-4.96249683220191E-17));
#1353=DIRECTION('',(0.,0.,-1.));
#1354=DIRECTION('',(-1.,0.,0.));
#1355=DIRECTION('',(0.,0.,1.));
#1356=DIRECTION('',(1.,0.,-7.44575342709234E-17));
#1357=DIRECTION('',(0.,0.,-1.));
#1358=DIRECTION('',(-1.,0.,0.));
#1359=DIRECTION('',(0.,0.,-1.));
#1360=DIRECTION('',(-1.,0.,0.));
#1361=DIRECTION('',(0.,0.,-1.));
#1362=DIRECTION('',(-1.,0.,0.));
#1363=DIRECTION('',(0.,0.,-1.));
#1364=DIRECTION('',(-1.,0.,0.));
#1365=DIRECTION('',(0.,0.,-1.));
#1366=DIRECTION('',(-1.,0.,0.));
#1367=DIRECTION('',(0.,0.,1.));
#1368=DIRECTION('',(1.,0.,-2.15099543449343E-17));
#1369=DIRECTION('',(0.,0.,-1.));
#1370=DIRECTION('',(-1.,0.,0.));
#1371=DIRECTION('',(0.,0.,-1.));
#1372=DIRECTION('',(1.,0.,0.));
#1373=DIRECTION('',(0.,0.,-1.));
#1374=DIRECTION('',(-1.,0.,0.));
#1375=DIRECTION('',(0.,0.,-1.));
#1376=DIRECTION('',(1.,0.,0.));
#1377=DIRECTION('',(0.,0.,-1.));
#1378=DIRECTION('',(-1.,0.,0.));
#1379=DIRECTION('',(0.,0.,-1.));
#1380=DIRECTION('',(1.,0.,0.));
#1381=DIRECTION('',(0.,0.,-1.));
#1382=DIRECTION('',(-1.,0.,0.));
#1383=DIRECTION('',(0.,0.,-1.));
#1384=DIRECTION('',(1.,0.,0.));
#1385=DIRECTION('',(0.,0.,-1.));
#1386=DIRECTION('',(-1.,0.,0.));
#1387=DIRECTION('',(0.,0.,-1.));
#1388=DIRECTION('',(1.,0.,0.));
#1389=DIRECTION('',(0.,0.,-1.));
#1390=DIRECTION('',(-1.,0.,0.));
#1391=DIRECTION('',(0.,0.,-1.));
#1392=DIRECTION('',(1.,0.,0.));
#1393=DIRECTION('',(0.,0.,-1.));
#1394=DIRECTION('',(-1.,0.,0.));
#1395=DIRECTION('',(-0.612372435695794,-0.35355339059327,-0.70710678118655));
#1396=DIRECTION('',(-0.612372435695799,-0.353553390593273,0.707106781186545));
#1397=DIRECTION('',(0.,0.707106781186549,-0.707106781186546));
#1398=DIRECTION('',(0.,0.707106781186546,0.707106781186549));
#1399=DIRECTION('',(0.,0.,-1.));
#1400=DIRECTION('',(-1.,0.,0.));
#1401=DIRECTION('',(0.,-0.707106781186544,-0.70710678118655));
#1402=DIRECTION('',(0.,-0.70710678118655,0.707106781186545));
#1403=DIRECTION('',(-0.612372435695795,0.353553390593275,-0.707106781186547));
#1404=DIRECTION('',(-0.612372435695793,0.353553390593274,0.707106781186549));
#1405=DIRECTION('',(0.,0.,-1.));
#1406=DIRECTION('',(-1.,0.,0.));
#1407=DIRECTION('',(0.612372435695792,-0.353553390593273,-0.70710678118655));
#1408=DIRECTION('',(0.612372435695797,-0.353553390593276,0.707106781186545));
#1409=DIRECTION('',(-0.612372435695796,-0.353553390593273,-0.707106781186546));
#1410=DIRECTION('',(-0.612372435695794,-0.353553390593272,0.707106781186548));
#1411=DIRECTION('',(0.,0.,-1.));
#1412=DIRECTION('',(-1.,0.,0.));
#1413=DIRECTION('',(0.612372435695793,0.353553390593271,-0.707106781186551));
#1414=DIRECTION('',(0.612372435695798,0.353553390593274,0.707106781186545));
#1415=DIRECTION('',(-1.65668806430733E-15,-0.707106781186549,-0.707106781186546));
#1416=DIRECTION('',(-1.65668806430732E-15,-0.707106781186546,0.707106781186549));
#1417=DIRECTION('',(0.,0.,-1.));
#1418=DIRECTION('',(-1.,0.,0.));
#1419=DIRECTION('',(1.65668806430732E-15,0.707106781186544,-0.70710678118655));
#1420=DIRECTION('',(1.65668806430733E-15,0.70710678118655,0.707106781186545));
#1421=DIRECTION('',(0.612372435695794,-0.353553390593276,-0.707106781186546));
#1422=DIRECTION('',(0.612372435695792,-0.353553390593275,0.707106781186549));
#1423=DIRECTION('',(0.,0.,-1.));
#1424=DIRECTION('',(-1.,0.,0.));
#1425=DIRECTION('',(-0.612372435695791,0.353553390593274,-0.70710678118655));
#1426=DIRECTION('',(-0.612372435695796,0.353553390593277,0.707106781186545));
#1427=DIRECTION('',(0.612372435695797,0.353553390593272,-0.707106781186546));
#1428=DIRECTION('',(0.612372435695795,0.353553390593271,0.707106781186549));
#1429=DIRECTION('',(0.,0.,-1.));
#1430=DIRECTION('',(-1.,0.,0.));
#1431=DIRECTION('',(0.,0.,-1.));
#1432=DIRECTION('',(-1.,0.,0.));
#1433=DIRECTION('',(0.,0.,1.));
#1434=DIRECTION('',(1.,0.,4.20052395789537E-17));
#1435=DIRECTION('',(0.,0.,-1.));
#1436=DIRECTION('',(-1.,0.,0.));
#1437=DIRECTION('',(0.,0.,-1.));
#1438=DIRECTION('',(-1.,0.,0.));
#1439=DIRECTION('',(0.,0.,-1.));
#1440=DIRECTION('',(-1.,0.,0.));
#1441=DIRECTION('',(0.,0.,-1.));
#1442=DIRECTION('',(-1.,0.,0.));
#1443=DIRECTION('',(0.,0.,-1.));
#1444=DIRECTION('',(-1.,0.,0.));
#1445=DIRECTION('',(0.,0.,-1.));
#1446=DIRECTION('',(-1.,0.,0.));
#1447=DIRECTION('',(0.,0.,-1.));
#1448=DIRECTION('',(-1.,0.,0.));
#1449=DIRECTION('',(-1.,0.,0.));
#1450=DIRECTION('',(0.,-0.707106781186545,-0.70710678118655));
#1451=DIRECTION('',(0.,0.70710678118655,-0.707106781186545));
#1452=DIRECTION('',(-1.,0.,0.));
#1453=DIRECTION('',(0.,0.,1.));
#1454=DIRECTION('',(-1.,0.,0.));
#1455=DIRECTION('',(0.,0.,-1.));
#1456=DIRECTION('',(-1.,0.,0.));
#1457=DIRECTION('',(0.,0.707106781186549,-0.707106781186546));
#1458=DIRECTION('',(0.,0.707106781186546,0.707106781186549));
#1459=DIRECTION('',(-0.500000000000001,-0.866025403784438,0.));
#1460=DIRECTION('',(0.612372435695792,-0.353553390593273,-0.70710678118655));
#1461=DIRECTION('',(-0.755928946018457,0.,-0.654653670707974));
#1462=DIRECTION('',(-0.500000000000001,-0.866025403784438,0.));
#1463=DIRECTION('',(0.,0.,1.));
#1464=DIRECTION('',(-1.,0.,0.));
#1465=DIRECTION('',(0.,0.,-1.));
#1466=DIRECTION('',(-1.,0.,0.));
#1467=DIRECTION('',(-0.612372435695795,0.353553390593275,-0.707106781186546));
#1468=DIRECTION('',(-0.755928946018454,0.,0.654653670707978));
#1469=DIRECTION('',(0.499999999999999,-0.866025403784439,0.));
#1470=DIRECTION('',(0.612372435695793,0.353553390593271,-0.70710678118655));
#1471=DIRECTION('',(-0.755928946018457,0.,-0.654653670707974));
#1472=DIRECTION('',(0.499999999999999,-0.866025403784439,0.));
#1473=DIRECTION('',(0.,0.,1.));
#1474=DIRECTION('',(-1.,0.,0.));
#1475=DIRECTION('',(0.,0.,-1.));
#1476=DIRECTION('',(-1.,0.,0.));
#1477=DIRECTION('',(-0.612372435695796,-0.353553390593273,-0.707106781186546));
#1478=DIRECTION('',(-0.755928946018453,0.,0.654653670707979));
#1479=DIRECTION('',(1.,-2.34291072916505E-15,0.));
#1480=DIRECTION('',(1.65668806430732E-15,0.707106781186545,-0.70710678118655));
#1481=DIRECTION('',(0.,0.70710678118655,0.707106781186545));
#1482=DIRECTION('',(1.,-2.34291072916505E-15,0.));
#1483=DIRECTION('',(0.,0.,1.));
#1484=DIRECTION('',(-1.,0.,0.));
#1485=DIRECTION('',(0.,0.,-1.));
#1486=DIRECTION('',(-1.,0.,0.));
#1487=DIRECTION('',(-1.65668806430733E-15,-0.707106781186549,-0.707106781186546));
#1488=DIRECTION('',(0.,0.707106781186546,-0.707106781186549));
#1489=DIRECTION('',(0.500000000000003,0.866025403784437,0.));
#1490=DIRECTION('',(-0.612372435695791,0.353553390593274,-0.70710678118655));
#1491=DIRECTION('',(-0.755928946018458,0.,0.654653670707973));
#1492=DIRECTION('',(0.500000000000003,0.866025403784437,0.));
#1493=DIRECTION('',(0.,0.,1.));
#1494=DIRECTION('',(-1.,0.,0.));
#1495=DIRECTION('',(0.,0.,-1.));
#1496=DIRECTION('',(-1.,0.,0.));
#1497=DIRECTION('',(0.612372435695794,-0.353553390593276,-0.707106781186546));
#1498=DIRECTION('',(-0.755928946018454,0.,-0.654653670707978));
#1499=DIRECTION('',(-0.499999999999996,0.866025403784441,0.));
#1500=DIRECTION('',(-0.612372435695794,-0.35355339059327,-0.70710678118655));
#1501=DIRECTION('',(-0.755928946018456,0.,0.654653670707975));
#1502=DIRECTION('',(-0.499999999999996,0.866025403784441,0.));
#1503=DIRECTION('',(0.,0.,1.));
#1504=DIRECTION('',(-1.,0.,0.));
#1505=DIRECTION('',(0.,0.,-1.));
#1506=DIRECTION('',(-1.,0.,0.));
#1507=DIRECTION('',(0.612372435695797,0.353553390593272,-0.707106781186546));
#1508=DIRECTION('',(-0.755928946018452,0.,-0.654653670707979));
#1509=DIRECTION('',(0.,0.,-1.));
#1510=DIRECTION('',(-1.,0.,-1.65416561073406E-17));
#1511=DIRECTION('',(0.,0.,-1.));
#1512=DIRECTION('',(-1.,0.,-1.65416561073406E-17));
#1513=DIRECTION('',(0.,0.,-1.));
#1514=DIRECTION('',(-1.,0.,-1.65416561073406E-17));
#1515=DIRECTION('',(0.,0.,-1.));
#1516=DIRECTION('',(-1.,0.,-1.65416561073406E-17));
#1517=DIRECTION('',(0.,0.,-1.));
#1518=DIRECTION('',(-1.,0.,-1.65416561073406E-17));
#1519=DIRECTION('',(0.,0.,-1.));
#1520=DIRECTION('',(-1.,0.,-1.65416561073406E-17));
#1521=DIRECTION('',(0.,0.,-1.));
#1522=DIRECTION('',(-0.61390211710029,0.789382157525607,0.));
#1523=DIRECTION('',(-0.789382157525607,-0.61390211710029,0.));
#1524=DIRECTION('',(0.,0.,1.));
#1525=DIRECTION('',(1.,0.,0.));
#1526=DIRECTION('',(0.,0.,-1.));
#1527=DIRECTION('',(-1.,0.,3.80639572099471E-17));
#1528=DIRECTION('',(0.,0.,-1.));
#1529=DIRECTION('',(-1.,0.,3.80639572099471E-17));
#1530=DIRECTION('',(0.,0.,-1.));
#1531=DIRECTION('',(-1.,0.,3.80639572099471E-17));
#1532=DIRECTION('',(0.,0.,-1.));
#1533=DIRECTION('',(-1.,0.,3.80639572099471E-17));
#1534=DIRECTION('',(0.,0.,-1.));
#1535=DIRECTION('',(-1.,0.,3.80639572099471E-17));
#1536=DIRECTION('',(0.,0.,-1.));
#1537=DIRECTION('',(-1.,0.,3.80639572099471E-17));
#1538=CARTESIAN_POINT('',(0.,0.,0.));
#1539=CARTESIAN_POINT('',(-36.6075975552499,-28.4697106805261,8.97288511576379));
#1540=CARTESIAN_POINT('',(-39.9823728207335,-24.1302772333593,8.94917829347743));
#1541=CARTESIAN_POINT('',(-42.5677913538003,-19.1836272820553,8.92566949377097));
#1542=CARTESIAN_POINT('',(-45.8446423176628,-8.84856978291169,8.87928605049981));
#1543=CARTESIAN_POINT('',(-46.5723003680695,-3.32161790480725,8.85542424384348));
#1544=CARTESIAN_POINT('',(-46.083241769743,7.5064728781658,8.80930864342649));
#1545=CARTESIAN_POINT('',(-44.8596456844383,12.9468623195718,8.78545792162076));
#1546=CARTESIAN_POINT('',(-40.6658630258292,22.9411560131522,8.73904840850523));
#1547=CARTESIAN_POINT('',(-37.6412551964025,27.6252523459703,8.71566963842066));
#1548=CARTESIAN_POINT('',(-30.2562765992155,35.5608828109061,8.66878654119468));
#1549=CARTESIAN_POINT('',(-25.8038909809017,38.9127276971442,8.64559002640067));
#1550=CARTESIAN_POINT('',(-16.1311581535208,43.8158293680771,8.59885626152787));
#1551=CARTESIAN_POINT('',(-10.8006236697452,45.4249177543223,8.57534574339748));
#1552=CARTESIAN_POINT('',(-2.71799251599508,46.3746929002619,8.54057012070544));
#1553=CARTESIAN_POINT('',(0.0427653776046136,46.4550838437113,8.52861478988658));
#1554=CARTESIAN_POINT('',(5.48687713989332,46.1299341323558,8.50538626779608));
#1555=CARTESIAN_POINT('',(8.16774506427085,45.7307302446849,8.49359296449905));
#1556=CARTESIAN_POINT('',(13.4481845891678,44.4652457476929,8.47048964144616));
#1557=CARTESIAN_POINT('',(16.0715624276094,43.5862155884194,8.45846912449251));
#1558=CARTESIAN_POINT('',(21.0613709540291,41.4061826509219,8.43525182528839));
#1559=CARTESIAN_POINT('',(23.4396317926799,40.1074908374278,8.42359786144022));
#1560=CARTESIAN_POINT('',(27.9641001580068,37.0949627605114,8.40026334056251));
#1561=CARTESIAN_POINT('',(30.1243356997186,35.3632262613921,8.38852939934711));
#1562=CARTESIAN_POINT('',(34.0504209731044,31.6006677859522,8.36504958822822));
#1563=CARTESIAN_POINT('',(35.8350449431935,29.5617228700517,8.35367533780436));
#1564=CARTESIAN_POINT('',(39.0465434698789,25.1677044678551,8.33013576752819));
#1565=CARTESIAN_POINT('',(40.4757815219876,22.7975415586006,8.31851344140589));
#1566=CARTESIAN_POINT('',(42.8601943720112,17.9170457756076,8.29505059112188));
#1567=CARTESIAN_POINT('',(43.8325965400316,15.3873817775077,8.28361030276781));
#1568=CARTESIAN_POINT('',(45.3332012525068,10.147359341606,8.26015119730895));
#1569=CARTESIAN_POINT('',(45.8557540433987,7.43325888790319,8.24837254208998));
#1570=CARTESIAN_POINT('',(46.4097360476258,2.03467849375932,8.22511124022976));
#1571=CARTESIAN_POINT('',(46.4503646036195,-0.676196936130547,8.21344276952955));
#1572=CARTESIAN_POINT('',(46.0501932318722,-6.12154534516047,8.19014009533187));
#1573=CARTESIAN_POINT('',(45.6048416943712,-8.84261987554757,8.17818230180526));
#1574=CARTESIAN_POINT('',(44.263503828215,-14.0973664590833,8.15509606657543));
#1575=CARTESIAN_POINT('',(43.3664378181764,-16.6575740632278,8.143286187757));
#1576=CARTESIAN_POINT('',(39.978067217992,-24.131371228184,8.10836406839347));
#1577=CARTESIAN_POINT('',(36.8825196937927,-28.6422658236553,8.08511018579139));
#1578=CARTESIAN_POINT('',(29.1867113976686,-36.4531964066958,8.03793456287696));
#1579=CARTESIAN_POINT('',(24.7436921260766,-39.6054896784407,8.01524628466883));
#1580=CARTESIAN_POINT('',(14.8010845562502,-44.2919068076536,7.96770889946893));
#1581=CARTESIAN_POINT('',(9.54413661863342,-45.7125461517835,7.94500591168624));
#1582=CARTESIAN_POINT('',(-1.3836053591675,-46.6777576119951,7.89783975569056));
#1583=CARTESIAN_POINT('',(-6.82869365898248,-46.1948345724618,7.87465123851452));
#1584=CARTESIAN_POINT('',(-17.394694979505,-43.3361094796859,7.82797364375712));
#1585=CARTESIAN_POINT('',(-22.3579512154927,-40.9950940902489,7.80442237521054));
#1586=CARTESIAN_POINT('',(-29.0427105444734,-36.2576938522794,7.76953416343571));
#1587=CARTESIAN_POINT('',(-31.1080301768776,-34.5006245757024,7.7578055812622));
#1588=CARTESIAN_POINT('',(-34.9191246200008,-30.6375157832998,7.73458777307664));
#1589=CARTESIAN_POINT('',(-36.679469790419,-28.5076887097168,7.72280785130306));
#1590=CARTESIAN_POINT('',(-39.7668078342097,-24.0140128748491,7.69931247488962));
#1591=CARTESIAN_POINT('',(-41.0990954708669,-21.6536495726907,7.68790336181871));
#1592=CARTESIAN_POINT('',(-43.3456436052571,-16.7084220914589,7.66441516485711));
#1593=CARTESIAN_POINT('',(-44.2639386253374,-14.0981588474577,7.65280634701438));
#1594=CARTESIAN_POINT('',(-45.6096152270637,-8.82141396574185,7.62926520827089));
#1595=CARTESIAN_POINT('',(-46.0467042652029,-6.14454285974491,7.61784935814272));
#1596=CARTESIAN_POINT('',(-46.4493795222777,-0.713808544154262,7.59437116000737));
#1597=CARTESIAN_POINT('',(-46.4091657642852,2.05278615970762,7.58262833622279));
#1598=CARTESIAN_POINT('',(-45.5731652657107,10.1618465094577,7.54762438908896));
#1599=CARTESIAN_POINT('',(-44.0547876350008,15.4884587282526,7.52406539615154));
#1600=CARTESIAN_POINT('',(-39.2268856080073,25.3370896678784,7.47732956876748));
#1601=CARTESIAN_POINT('',(-35.9982038705294,29.7452704247977,7.45387541107968));
#1602=CARTESIAN_POINT('',(-28.0764973709225,37.3143684112317,7.4071908240367));
#1603=CARTESIAN_POINT('',(-23.5332889910827,40.335794317766,7.38412119216013));
#1604=CARTESIAN_POINT('',(-13.4627060576277,44.7163006026756,7.33673825748185));
#1605=CARTESIAN_POINT('',(-8.16521334786908,45.9794242746422,7.31411304457849));
#1606=CARTESIAN_POINT('',(2.79590736642401,46.6150304906277,7.26666544636793));
#1607=CARTESIAN_POINT('',(8.21590072385983,45.9688843290109,7.24382231929496));
#1608=CARTESIAN_POINT('',(18.6987652267929,42.7901335608056,7.19682873476482));
#1609=CARTESIAN_POINT('',(23.5826603222437,40.3035139975323,7.17347983443382));
#1610=CARTESIAN_POINT('',(30.1256485088805,35.3631806795611,7.13856526400305));
#1611=CARTESIAN_POINT('',(32.1370870594247,33.5440788117844,7.1267612949772));
#1612=CARTESIAN_POINT('',(35.8284284396068,29.568924626104,7.103680507848));
#1613=CARTESIAN_POINT('',(37.522284420151,27.3890472830823,7.091694678527));
#1614=CARTESIAN_POINT('',(40.4745411386946,22.8011679260899,7.06842220766992));
#1615=CARTESIAN_POINT('',(41.7348172818746,20.4013253909972,7.05677842127452));
#1616=CARTESIAN_POINT('',(43.8299753257756,15.3929306567238,7.03345477293125));
#1617=CARTESIAN_POINT('',(44.6689038076937,12.7572231723351,7.02174955207105));
#1618=CARTESIAN_POINT('',(45.8550758597285,7.44108381543313,6.99822438208143));
#1619=CARTESIAN_POINT('',(46.2105719052837,4.75466554038806,6.98685146259175));
#1620=CARTESIAN_POINT('',(46.4496381689654,-0.674473265994466,6.96334580503142));
#1621=CARTESIAN_POINT('',(46.3271155072802,-3.44027171367341,6.95171795313983));
#1622=CARTESIAN_POINT('',(45.60742739994,-8.83174199396599,6.92823093348784));
#1623=CARTESIAN_POINT('',(45.0149744065556,-11.4757987040972,6.91678304045076));
#1624=CARTESIAN_POINT('',(43.364400913313,-16.6604504785818,6.8933719407004));
#1625=CARTESIAN_POINT('',(42.2948673085099,-19.2136423458038,6.88156437699838));
#1626=CARTESIAN_POINT('',(39.7623882811501,-24.0202483545857,6.85828932683037));
#1627=CARTESIAN_POINT('',(38.2944694359562,-26.2982306885104,6.84661631484357));
#1628=CARTESIAN_POINT('',(34.9517029121376,-30.6013364131235,6.82336654324043));
#1629=CARTESIAN_POINT('',(33.068798591489,-32.6260705266305,6.81136815442052));
#1630=CARTESIAN_POINT('',(27.0218333365892,-38.0778455443861,6.77671761382816));
#1631=CARTESIAN_POINT('',(22.2998610946376,-41.0216448989988,6.75286748233952));
#1632=CARTESIAN_POINT('',(12.2319570891675,-45.0603859374112,6.70652162209236));
#1633=CARTESIAN_POINT('',(6.77838998514287,-46.1961354000416,6.68308792124957));
#1634=CARTESIAN_POINT('',(-4.05925045520249,-46.5139977042567,6.63621918854076));
#1635=CARTESIAN_POINT('',(-9.57379794493429,-45.6985247159682,6.61303524680594));
#1636=CARTESIAN_POINT('',(-19.8530067627111,-42.2595656720007,6.56627018607761));
#1637=CARTESIAN_POINT('',(-24.7494575082791,-39.591328231908,6.54279303869559));
#1638=CARTESIAN_POINT('',(-33.2110346289616,-32.8182281208889,6.49641698126654));
#1639=CARTESIAN_POINT('',(-36.8864773146858,-28.625263622034,6.4725571554995));
#1640=CARTESIAN_POINT('',(-42.4933273342548,-19.347740389556,6.42643312468738));
#1641=CARTESIAN_POINT('',(-44.4961412459759,-14.1468448805741,6.40259541462425));
#1642=CARTESIAN_POINT('',(-46.5594734812441,-3.50074777814464,6.35616649319028));
#1643=CARTESIAN_POINT('',(-46.6454953430954,2.06697556237649,6.33281481683528));
#1644=CARTESIAN_POINT('',(-45.343008726859,10.1000338757126,6.2976218337921));
#1645=CARTESIAN_POINT('',(-44.6635420096513,12.7767701278656,6.28603382193623));
#1646=CARTESIAN_POINT('',(-42.8581796094819,17.9235677338413,6.26245741774623));
#1647=CARTESIAN_POINT('',(-41.739248898065,20.3923071993432,6.25104303817052));
#1648=CARTESIAN_POINT('',(-39.0747002274978,25.123273943063,6.22764484994937));
#1649=CARTESIAN_POINT('',(-37.5102496087414,27.4050272160117,6.21589104171971));
#1650=CARTESIAN_POINT('',(-34.0455202002498,31.6062793874067,6.19251656095824));
#1651=CARTESIAN_POINT('',(-32.144538595862,33.5373670467132,6.18089027587693));
#1652=CARTESIAN_POINT('',(-28.0072500436589,37.0623838272553,6.15766531479684));
#1653=CARTESIAN_POINT('',(-25.7496617027729,38.6650898579356,6.14568414502922));
#1654=CARTESIAN_POINT('',(-21.054625780887,41.4093828106178,6.12251852847136));
#1655=CARTESIAN_POINT('',(-18.6045338740427,42.5666096561027,6.11072746711387));
#1656=CARTESIAN_POINT('',(-13.4987539323706,44.4502933686464,6.08757400443388));
#1657=CARTESIAN_POINT('',(-10.8274722053379,45.1750302289047,6.07554958913983));
#1658=CARTESIAN_POINT('',(-5.48000874200613,46.1301096327264,6.05238942650199));
#1659=CARTESIAN_POINT('',(-2.78071255565009,46.3716997923119,6.0407283390969));
#1660=CARTESIAN_POINT('',(2.66952350269338,46.3782335607343,6.01733520167836));
#1661=CARTESIAN_POINT('',(5.42314288587837,46.1366838322323,6.00561937234681));
#1662=CARTESIAN_POINT('',(10.7669561952092,45.1893430809351,5.98218872422031));
#1663=CARTESIAN_POINT('',(13.3850359513884,44.4852011673938,5.97080523833778));
#1664=CARTESIAN_POINT('',(18.5115944530315,42.6076657554711,5.94719026329612));
#1665=CARTESIAN_POINT('',(21.0066768301454,41.4332407682498,5.93561383553176));
#1666=CARTESIAN_POINT('',(25.6924751344142,38.7025920769324,5.91218859251192));
#1667=CARTESIAN_POINT('',(27.9085637267142,37.1380303833803,5.90073818289381));
#1668=CARTESIAN_POINT('',(34.1664679841769,31.8310463331947,5.86541627306357));
#1669=CARTESIAN_POINT('',(37.6565459323638,27.6166188293881,5.84226675240165));
#1670=CARTESIAN_POINT('',(43.0578150210441,18.0753327144341,5.79546411876952));
#1671=CARTESIAN_POINT('',(44.8716573321658,12.9372413674612,5.77209417737672));
#1672=CARTESIAN_POINT('',(46.6525562054048,2.09209116359917,5.72532178907024));
#1673=CARTESIAN_POINT('',(46.577799322267,-3.35302481536825,5.70217067321949));
#1674=CARTESIAN_POINT('',(44.5099570250603,-14.127911761656,5.65497977122587));
#1675=CARTESIAN_POINT('',(42.55313401041,-19.230980629317,5.63220531314288));
#1676=CARTESIAN_POINT('',(36.9066815646952,-28.6093810830515,5.58486381021355));
#1677=CARTESIAN_POINT('',(33.2952274767424,-32.7400030017702,5.56197896914982));
#1678=CARTESIAN_POINT('',(26.9062359242874,-37.870238043318,5.52674957162289));
#1679=CARTESIAN_POINT('',(24.6503184176888,-39.3746434482242,5.51516430490427));
#1680=CARTESIAN_POINT('',(19.8910235331397,-41.9803278640402,5.4919372142978));
#1681=CARTESIAN_POINT('',(17.3607630772052,-43.0891858143632,5.48002029321998));
#1682=CARTESIAN_POINT('',(12.1921154257503,-44.8266254609106,5.45676757364223));
#1683=CARTESIAN_POINT('',(9.55700490798997,-45.4607178785111,5.44499288530925));
#1684=CARTESIAN_POINT('',(4.18645139855332,-46.2653956810971,5.42188465444852));
#1685=CARTESIAN_POINT('',(1.42446098383801,-46.4329835928162,5.40984518601894));
#1686=CARTESIAN_POINT('',(-4.01783113546001,-46.2807528827281,5.3866644629279));
#1687=CARTESIAN_POINT('',(-6.70937444773748,-45.9675240610441,5.37494380819407));
#1688=CARTESIAN_POINT('',(-12.0335218993696,-44.8689572475226,5.35168702252677));
#1689=CARTESIAN_POINT('',(-14.6851710873003,-44.0724088742335,5.33987733075527));
#1690=CARTESIAN_POINT('',(-19.7341428725807,-42.0546677424215,5.31644790691787));
#1691=CARTESIAN_POINT('',(-22.1526312146668,-40.8326952522299,5.30504232608542));
#1692=CARTESIAN_POINT('',(-26.7768931050227,-37.9611125618929,5.28150544541386));
#1693=CARTESIAN_POINT('',(-28.9891591129137,-36.2999763498681,5.2698976797466));
#1694=CARTESIAN_POINT('',(-35.0643107618815,-30.8352193456351,5.23456892122582));
#1695=CARTESIAN_POINT('',(-38.4828761065197,-26.4458571040267,5.21131682764683));
#1696=CARTESIAN_POINT('',(-42.2935038153899,-19.2176684750436,5.17621821048161));
#1697=CARTESIAN_POINT('',(-43.3623231428834,-16.6660729915978,5.16437244485072));
#1698=CARTESIAN_POINT('',(-45.0142192987151,-11.4790730564926,5.14109004685593));
#1699=CARTESIAN_POINT('',(-45.6067317145765,-8.83496801053032,5.12937902974604));
#1700=CARTESIAN_POINT('',(-46.3266257103376,-3.44592334893585,5.10620872140957));
#1701=CARTESIAN_POINT('',(-46.4496229716073,-0.679945340785049,5.09417271644687));
#1702=CARTESIAN_POINT('',(-46.2109705017895,4.75142138245674,5.07104301868379));
#1703=CARTESIAN_POINT('',(-45.8555410042515,7.43770228715967,5.05925714636751));
#1704=CARTESIAN_POINT('',(-44.0780274540997,15.4079799187204,5.02446251768687));
#1705=CARTESIAN_POINT('',(-41.9019920602787,20.5990515161681,5.00063312840789));
#1706=CARTESIAN_POINT('',(-36.013211534794,29.7177801481803,4.95382164839015));
#1707=CARTESIAN_POINT('',(-32.2214162354597,33.7910728945108,4.93066311061369));
#1708=CARTESIAN_POINT('',(-23.5547077031852,40.3141664504972,4.88378295457218));
#1709=CARTESIAN_POINT('',(-18.5853603224711,42.8323716279385,4.8604558248892));
#1710=CARTESIAN_POINT('',(-8.20554303860277,45.9640809875663,4.81393265447905));
#1711=CARTESIAN_POINT('',(-2.66885202822114,46.61425987077,4.7901824408525));
#1712=CARTESIAN_POINT('',(8.15126765610427,45.9735666448316,4.74402011187982));
#1713=CARTESIAN_POINT('',(13.5740002145483,44.6738815094132,4.7200870476692));
#1714=CARTESIAN_POINT('',(23.5085840887549,40.3404963415622,4.67386815782708));
#1715=CARTESIAN_POINT('',(28.1498077741071,37.2506042759184,4.65032608781708));
#1716=CARTESIAN_POINT('',(35.9812777475352,29.7551146577354,4.60351400736633));
#1717=CARTESIAN_POINT('',(39.270352139253,25.2563173647676,4.58033977101917));
#1718=CARTESIAN_POINT('',(44.0375468639865,15.5156885175292,4.53350033392552));
#1719=CARTESIAN_POINT('',(45.5717540328442,10.1633283429529,4.51013393383534));
#1720=CARTESIAN_POINT('',(46.4082252345719,2.06799455667147,4.47525572352047));
#1721=CARTESIAN_POINT('',(46.4499131353535,-0.693823004949011,4.46336824319279));
#1722=CARTESIAN_POINT('',(46.0485366987342,-6.13254339971758,4.44009212362609));
#1723=CARTESIAN_POINT('',(45.6118368951563,-8.80752732874417,4.42833375316216));
#1724=CARTESIAN_POINT('',(44.272458955186,-14.0698820413779,4.40521950894253));
#1725=CARTESIAN_POINT('',(43.356707095078,-16.680783822153,4.39317890968795));
#1726=CARTESIAN_POINT('',(41.107084250898,-21.6393212333326,4.37000726212205));
#1727=CARTESIAN_POINT('',(39.775223689621,-23.9991521769856,4.35825730395441));
#1728=CARTESIAN_POINT('',(36.6994857969756,-28.4811423052357,4.33504067298289));
#1729=CARTESIAN_POINT('',(34.9376303481825,-30.6169031906201,4.32318525382917));
#1730=CARTESIAN_POINT('',(31.1205902169319,-34.4897323834188,4.29979200759799));
#1731=CARTESIAN_POINT('',(29.0568506359636,-36.2456343638461,4.28835759040029));
#1732=CARTESIAN_POINT('',(24.6180663516869,-39.3953980614774,4.26483417834767));
#1733=CARTESIAN_POINT('',(22.2281710817819,-40.791233270547,4.25321902745027));
#1734=CARTESIAN_POINT('',(17.3149125326339,-43.1069612169587,4.22972806186183));
#1735=CARTESIAN_POINT('',(14.7718558748278,-44.0438542476974,4.218340510086));
#1736=CARTESIAN_POINT('',(9.51104411344091,-45.470967252207,4.19482022372794));
#1737=CARTESIAN_POINT('',(6.79005619584495,-45.9553943678491,4.18311857499342));
#1738=CARTESIAN_POINT('',(1.38438494202099,-46.433679726892,4.15978712943656));
#1739=CARTESIAN_POINT('',(-1.32683864898508,-46.4363436681101,4.14819843505756));
#1740=CARTESIAN_POINT('',(-9.4861410100299,-45.7216503419431,4.11314605298492));
#1741=CARTESIAN_POINT('',(-14.7881092046456,-44.2931691427199,4.08965867648066));
#1742=CARTESIAN_POINT('',(-24.6895578555153,-39.6358264636085,4.04310220476257));
#1743=CARTESIAN_POINT('',(-29.1560416995099,-36.4777937713851,4.01969450948197));
#1744=CARTESIAN_POINT('',(-36.8589379429129,-28.6726856037547,3.97277301329213));
#1745=CARTESIAN_POINT('',(-39.9482033603496,-24.1865913732695,3.94993443124181));
#1746=CARTESIAN_POINT('',(-44.4951896781475,-14.1784431262054,3.90239816805113));
#1747=CARTESIAN_POINT('',(-45.8656785008447,-8.7581796316823,3.87915418534375));
#1748=CARTESIAN_POINT('',(-46.4511659670501,-0.600993138463868,3.84388058566025));
#1749=CARTESIAN_POINT('',(-46.4065397759127,2.10889643529486,3.83239045046507));
#1750=CARTESIAN_POINT('',(-45.8432783800279,7.51053962904333,3.80906473410847));
#1751=CARTESIAN_POINT('',(-45.3162870520475,10.2240056502526,3.79722855104443));
#1752=CARTESIAN_POINT('',(-43.0469480794216,18.0948346476953,3.76219048416499));
#1753=CARTESIAN_POINT('',(-40.5831311639979,23.0872026592274,3.73836149428167));
#1754=CARTESIAN_POINT('',(-34.1664999476934,31.8223151738958,3.69224522799704));
#1755=CARTESIAN_POINT('',(-30.1296820731218,35.6682304877912,3.66840601427197));
#1756=CARTESIAN_POINT('',(-21.0921349104483,41.6550387453552,3.62197608352575));
#1757=CARTESIAN_POINT('',(-15.9792689016911,43.8714851289556,3.5986168348285));
#1758=CARTESIAN_POINT('',(-5.42704002061341,46.3744701173759,3.55171519293616));
#1759=CARTESIAN_POINT('',(0.131412267056196,46.6911530785985,3.52853585928163));
#1760=CARTESIAN_POINT('',(8.21243087525642,45.7226061059231,3.49346944650267));
#1761=CARTESIAN_POINT('',(10.9159197050278,45.1543658288927,3.48172746250056));
#1762=CARTESIAN_POINT('',(16.1317720156066,43.5642053531633,3.45832701742646));
#1763=CARTESIAN_POINT('',(18.6446573478383,42.548677385546,3.44669281637841));
#1764=CARTESIAN_POINT('',(23.482675811953,40.0821298284946,3.42349287924996));
#1765=CARTESIAN_POINT('',(25.8276747902459,38.6132398866179,3.4115143029324));
#1766=CARTESIAN_POINT('',(30.1679294976167,35.3262948727861,3.38832501947758));
#1767=CARTESIAN_POINT('',(32.1761528168491,33.5070760338212,3.37653236090481));
#1768=CARTESIAN_POINT('',(35.8702431967538,29.5187162226822,3.35340338320285));
#1769=CARTESIAN_POINT('',(37.5650971676242,27.3293792968215,3.34137834352024));
#1770=CARTESIAN_POINT('',(40.5010459400197,22.7529509234956,3.31819161255848));
#1771=CARTESIAN_POINT('',(41.7589051689821,20.3529331405871,3.30654062739658));
#1772=CARTESIAN_POINT('',(43.8529810785409,15.3285387060338,3.28316762230667));
#1773=CARTESIAN_POINT('',(44.6875983305678,12.6899099085568,3.27144561386056));
#1774=CARTESIAN_POINT('',(45.8632873664964,7.38743053974979,3.24799315398743));
#1775=CARTESIAN_POINT('',(46.216633096455,4.70035714823583,3.23661584969514));
#1776=CARTESIAN_POINT('',(46.4490433859137,-0.746257748249257,3.21303550491723));
#1777=CARTESIAN_POINT('',(46.3217582054531,-3.5067135102919,3.20143253833406));
#1778=CARTESIAN_POINT('',(45.5967867045942,-8.8845576762982,3.17799673286693));
#1779=CARTESIAN_POINT('',(45.0017825895002,-11.5297889544644,3.16654781612472));
#1780=CARTESIAN_POINT('',(42.505792483207,-19.3318806287199,3.13129175334473));
#1781=CARTESIAN_POINT('',(39.94440300157,-24.1873212830701,3.10805404066832));
#1782=CARTESIAN_POINT('',(33.2180378762678,-32.8198690072511,3.06134692081861));
#1783=CARTESIAN_POINT('',(29.1543083949232,-36.4793145204924,3.03788820406724));
#1784=CARTESIAN_POINT('',(19.8416837974606,-42.2731790850048,2.99120817439244));
#1785=CARTESIAN_POINT('',(14.7864653483335,-44.2969545475269,2.96807208317127));
#1786=CARTESIAN_POINT('',(4.02047587901126,-46.5262884119227,2.92076520485572));
#1787=CARTESIAN_POINT('',(-1.42281511706206,-46.6764227416252,2.89808739489894));
#1788=CARTESIAN_POINT('',(-12.2702604777879,-45.0572252876216,2.85065895013395));
#1789=CARTESIAN_POINT('',(-17.4532364712658,-43.3124147751834,2.82784546941897));
#1790=CARTESIAN_POINT('',(-27.0544304737504,-38.0609843372509,2.78080401700778));
#1791=CARTESIAN_POINT('',(-31.333505433432,-34.6218786161069,2.75750332074008));
#1792=CARTESIAN_POINT('',(-36.7224998186646,-28.4526665926415,2.7225777413458));
#1793=CARTESIAN_POINT('',(-38.3190384844638,-26.2612588407945,2.71079624485627));
#1794=CARTESIAN_POINT('',(-41.1200496462342,-21.6135129807318,2.68770583782629));
#1795=CARTESIAN_POINT('',(-42.3331083449531,-19.1305583261281,2.67568295882096));
#1796=CARTESIAN_POINT('',(-44.282725414714,-14.0396066134333,2.65246926070622));
#1797=CARTESIAN_POINT('',(-45.0255218932745,-11.4331870831953,2.64075276375126));
#1798=CARTESIAN_POINT('',(-46.0522282483166,-6.09980835814075,2.61750954767421));
#1799=CARTESIAN_POINT('',(-46.3340856713034,-3.34669537535497,2.60571354726342));
#1800=CARTESIAN_POINT('',(-46.4441804388857,4.81743584125862,2.57052104808405));
#1801=CARTESIAN_POINT('',(-45.5539126215749,10.2652533355194,2.54755538593519));
#1802=CARTESIAN_POINT('',(-41.9175601640246,20.5779622672375,2.50028112521909));
#1803=CARTESIAN_POINT('',(-39.1811259441158,25.3961897111988,2.47711669194326));
#1804=CARTESIAN_POINT('',(-33.9860241741595,31.6695816219193,2.44213917413861));
#1805=CARTESIAN_POINT('',(-32.040628988047,33.6370425445378,2.4302833890461));
#1806=CARTESIAN_POINT('',(-27.8847230360726,37.1550098680413,2.40700241018948));
#1807=CARTESIAN_POINT('',(-25.6707843488411,38.7174199132458,2.39528448193041));
#1808=CARTESIAN_POINT('',(-20.9722958956749,41.4510624554735,2.37212315205686));
#1809=CARTESIAN_POINT('',(-18.4656920381588,42.6268805420302,2.36008436311864));
#1810=CARTESIAN_POINT('',(-13.3581087281831,44.4926247640962,2.33695047242252));
#1811=CARTESIAN_POINT('',(-10.741318541294,45.1959148264761,2.32516794796127));
#1812=CARTESIAN_POINT('',(-5.3813818686512,46.1420347426442,2.30197107446745));
#1813=CARTESIAN_POINT('',(-2.624001594476,46.3802854416668,2.29004041300179));
#1814=CARTESIAN_POINT('',(2.80761257207208,46.3695328169633,2.26675866678822));
#1815=CARTESIAN_POINT('',(5.5069302352155,46.12746047357,2.2552515634033));
#1816=CARTESIAN_POINT('',(10.8722297592349,45.1648481722091,2.23172758350273));
#1817=CARTESIAN_POINT('',(13.5386160860929,44.4376976784831,2.22011042241261));
#1818=CARTESIAN_POINT('',(18.6285697163957,42.5556046932982,2.19663809641769));
#1819=CARTESIAN_POINT('',(21.0798939749701,41.3972542410341,2.1852653708109));
#1820=CARTESIAN_POINT('',(28.1476465405549,37.2581061515364,2.14987859096271));
#1821=CARTESIAN_POINT('',(32.3275077874601,33.6972637957985,2.12687411087196));
#1822=CARTESIAN_POINT('',(39.2817019907933,25.24918287348,2.0799516146431));
#1823=CARTESIAN_POINT('',(41.9660582005829,20.4830310456419,2.05662957934793));
#1824=CARTESIAN_POINT('',(45.5857119288322,10.131508755016,2.00994027816438));
#1825=CARTESIAN_POINT('',(46.456887259787,4.75481097426599,1.98657655168029));
#1826=CARTESIAN_POINT('',(46.2812768234469,-6.23650678353168,1.93967195782733));
#1827=CARTESIAN_POINT('',(45.2393125197647,-11.5813207532396,1.91672809097023));
#1828=CARTESIAN_POINT('',(41.2896001352055,-21.8149331496842,1.86934009986933));
#1829=CARTESIAN_POINT('',(38.4557653671954,-26.4904395965387,1.84663196676256));
#1830=CARTESIAN_POINT('',(31.2332430530919,-34.7141730188282,1.79937336630053));
#1831=CARTESIAN_POINT('',(26.9436844037271,-38.1380188729206,1.77633312033777));
#1832=CARTESIAN_POINT('',(19.7455549003706,-42.0501032534544,1.74123956976924));
#1833=CARTESIAN_POINT('',(17.2582616297103,-43.1295034328856,1.72955507602007));
#1834=CARTESIAN_POINT('',(12.1112413668637,-44.8477367701023,1.70640797053409));
#1835=CARTESIAN_POINT('',(9.42367658899037,-45.4891888259847,1.69441590166677));
#1836=CARTESIAN_POINT('',(4.02922956811612,-46.2799880033195,1.67121166017509));
#1837=CARTESIAN_POINT('',(1.32344489160927,-46.435577902448,1.65941306965753));
#1838=CARTESIAN_POINT('',(-4.10505190787936,-46.272701999657,1.63629487754747));
#1839=CARTESIAN_POINT('',(-6.85307997317404,-45.9465405148914,1.62431184161644));
#1840=CARTESIAN_POINT('',(-12.1809878105149,-44.8293745926191,1.60104735512332));
#1841=CARTESIAN_POINT('',(-14.7739671018601,-44.0427103348964,1.58946780623305));
#1842=CARTESIAN_POINT('',(-19.8185164287846,-42.0149597659266,1.56605375816625));
#1843=CARTESIAN_POINT('',(-22.2863111218031,-40.7596654495924,1.5543817883419));
#1844=CARTESIAN_POINT('',(-26.89570257041,-37.8767893864375,1.53087971846363));
#1845=CARTESIAN_POINT('',(-29.0584852899542,-36.244368532598,1.51951562833471));
#1846=CARTESIAN_POINT('',(-33.099076162969,-32.5960269792385,1.49597554083651));
#1847=CARTESIAN_POINT('',(-34.9809054448294,-30.5671439674833,1.48433435642733));
#1848=CARTESIAN_POINT('',(-38.3092376791527,-26.2757748603374,1.46090888161389));
#1849=CARTESIAN_POINT('',(-39.7769156481275,-23.9972826862486,1.44942329397223));
#1850=CARTESIAN_POINT('',(-42.314602370931,-19.1715158762154,1.42599792299984));
#1851=CARTESIAN_POINT('',(-43.3787753610046,-16.6217697355076,1.41417252253597));
#1852=CARTESIAN_POINT('',(-45.0210621555312,-11.4501241630179,1.39096118435958));
#1853=CARTESIAN_POINT('',(-45.6134329464868,-8.80417872735318,1.37924672690624));
#1854=CARTESIAN_POINT('',(-46.3315133972459,-3.38964519494965,1.35596667493606));
#1855=CARTESIAN_POINT('',(-46.4512492104318,-0.613914007027798,1.34389282937883));
#1856=CARTESIAN_POINT('',(-46.0779314050229,7.56862846919195,1.30904315178733));
#1857=CARTESIAN_POINT('',(-44.8761393037126,12.9182260038098,1.28559173169628));
#1858=CARTESIAN_POINT('',(-40.622255811799,23.0343390322468,1.23861486414113));
#1859=CARTESIAN_POINT('',(-37.6392884984526,27.6357937295804,1.21562924005415));
#1860=CARTESIAN_POINT('',(-32.0534184903037,33.6254682535258,1.18020973445624));
#1861=CARTESIAN_POINT('',(-30.0013624716216,35.4670511080326,1.16864291273106));
#1862=CARTESIAN_POINT('',(-25.6634322628299,38.721850536158,1.14520124485227));
#1863=CARTESIAN_POINT('',(-23.3600945677945,40.15505996972,1.13377840288384));
#1864=CARTESIAN_POINT('',(-16.0362828128901,43.8566664954992,1.09840687000093));
#1865=CARTESIAN_POINT('',(-10.7973961782504,45.4325501154825,1.07533432458346));
#1866=CARTESIAN_POINT('',(0.0947089088810318,46.6978736608906,1.0284659423029));
#1867=CARTESIAN_POINT('',(5.5324374389286,46.3706594835019,1.00513093883689));
#1868=CARTESIAN_POINT('',(16.2178007882067,43.7930229893368,0.958363933768519));
#1869=CARTESIAN_POINT('',(21.2049295904459,41.6062212970881,0.935132519166592));
#1870=CARTESIAN_POINT('',(30.3261269654755,35.5113040148048,0.888071884384995));
#1871=CARTESIAN_POINT('',(34.26723694587,31.7230136965487,0.865223534507532));
#1872=CARTESIAN_POINT('',(40.7105072776201,22.8746086981757,0.817881920215982));
#1873=CARTESIAN_POINT('',(43.1118217193961,17.9400347686472,0.795034660994566));
#1874=CARTESIAN_POINT('',(45.3531046974068,10.0595659907558,0.759760015556899));
#1875=CARTESIAN_POINT('',(45.8617151642426,7.3962425726035,0.748214113671373));
#1876=CARTESIAN_POINT('',(46.4113047976052,1.99802627177439,0.724952232404366));
#1877=CARTESIAN_POINT('',(46.4487687179813,-0.764598466587013,0.713069774460118));
#1878=CARTESIAN_POINT('',(46.0392572001275,-6.2015742108054,0.689792147856499));
#1879=CARTESIAN_POINT('',(45.5986206446857,-8.87579625654787,0.67803971420472));
#1880=CARTESIAN_POINT('',(44.2511695152179,-14.1367591908879,0.654919784701066));
#1881=CARTESIAN_POINT('',(43.3312895154282,-16.7466200346866,0.642877991878794));
#1882=CARTESIAN_POINT('',(41.074594451944,-21.7008669012175,0.619712739695449));
#1883=CARTESIAN_POINT('',(39.7392672312427,-24.0586895104851,0.607956042686482));
#1884=CARTESIAN_POINT('',(36.6563297391859,-28.5367025265731,0.584745546508799));
#1885=CARTESIAN_POINT('',(34.8911862408985,-30.6697840630448,0.572876864062254));
#1886=CARTESIAN_POINT('',(31.0688974588477,-34.5362728513438,0.549499569224454));
#1887=CARTESIAN_POINT('',(29.0025410374297,-36.2891414826505,0.538055238754047));
#1888=CARTESIAN_POINT('',(24.5582323139492,-39.4327579784844,0.51453200129862));
#1889=CARTESIAN_POINT('',(22.1664861238042,-40.8247641300199,0.502916581091967));
#1890=CARTESIAN_POINT('',(17.2503593183236,-43.1328132254006,0.479427141192433));
#1891=CARTESIAN_POINT('',(14.7058233406643,-44.0659801576862,0.468043264791473));
#1892=CARTESIAN_POINT('',(9.44178987932381,-45.4854311979025,0.444512674872817));
#1893=CARTESIAN_POINT('',(6.72074076041847,-45.9655671237616,0.432821523026224));
#1894=CARTESIAN_POINT('',(-1.38805432055884,-46.6707435093369,0.397816665727444));
#1895=CARTESIAN_POINT('',(-6.93268891565629,-46.1734215723845,0.37420373724533));
#1896=CARTESIAN_POINT('',(-17.3983952735427,-43.32831495925,0.327945253666896));
#1897=CARTESIAN_POINT('',(-22.4180396539517,-40.9659779327594,0.304136721815354));
#1898=CARTESIAN_POINT('',(-31.3635304367819,-34.5992602298739,0.257393217072284));
#1899=CARTESIAN_POINT('',(-35.2397240992984,-30.6349436120415,0.233854703525096));
#1900=CARTESIAN_POINT('',(-39.8460660621943,-23.8821265655753,0.198662321424753));
#1901=CARTESIAN_POINT('',(-41.1704412371249,-21.5177493657552,0.187237759027928));
#1902=CARTESIAN_POINT('',(-43.4009772757604,-16.5642368051157,0.163751615901403));
#1903=CARTESIAN_POINT('',(-44.310674898151,-13.9504426212097,0.152140423358824));
#1904=CARTESIAN_POINT('',(-45.6384988330038,-8.670535365662,0.128599407122929));
#1905=CARTESIAN_POINT('',(-46.0668610437476,-5.99204325576495,0.117193854460088));
#1906=CARTESIAN_POINT('',(-46.4515778382521,-0.557839707898791,0.0936928659339239));
#1907=CARTESIAN_POINT('',(-46.4020201709561,2.2077759575161,0.0819713953836311));
#1908=CARTESIAN_POINT('',(-45.5391984359298,10.312445554311,0.0469490548925651));
#1909=CARTESIAN_POINT('',(-44.0056609211734,15.6320899078143,0.0234355228167726));
#1910=CARTESIAN_POINT('',(-41.568544045968,20.5595907278918,-2.94386300818232E-15));
#1911=CARTESIAN_POINT('',(-36.6075975552499,-28.4697106805261,8.97288511576378));
#1912=CARTESIAN_POINT('',(-41.5685440463161,20.5595907271748,5.71747239396653E-18));
#1913=CARTESIAN_POINT('',(-36.6075975552499,-28.4697106805261,0.));
#1914=CARTESIAN_POINT('',(-36.6075975552499,-28.4697106805261,10.));
#1915=CARTESIAN_POINT('',(0.,0.,10.));
#1916=CARTESIAN_POINT('',(-41.5685440459557,-20.5595907279169,10.));
#1917=CARTESIAN_POINT('',(-41.5685440459676,-20.5595907278927,2.29842390237454E-15));
#1918=CARTESIAN_POINT('',(-38.8527462695629,-26.0505443651781,0.026115342026545));
#1919=CARTESIAN_POINT('',(-35.0400988064002,-30.9726951836347,0.0526394334383694));
#1920=CARTESIAN_POINT('',(-28.2139706126732,-36.928734392643,0.0912683413178193));
#1921=CARTESIAN_POINT('',(-25.7170156614921,-38.7109880160192,0.104520284255022));
#1922=CARTESIAN_POINT('',(-20.4365956329719,-41.7402808644624,0.130481708476805));
#1923=CARTESIAN_POINT('',(-17.6814684742362,-42.978681615164,0.143534955709018));
#1924=CARTESIAN_POINT('',(-11.945240464925,-44.9122770633839,0.169345003978035));
#1925=CARTESIAN_POINT('',(-8.9364774837617,-45.6064011236219,0.182683586377508));
#1926=CARTESIAN_POINT('',(-2.93188588333267,-46.3811222205068,0.208502385319083));
#1927=CARTESIAN_POINT('',(0.0871317488839005,-46.4746418856626,0.221555556592977));
#1928=CARTESIAN_POINT('',(9.19513910881722,-45.8598654941167,0.260477191508718));
#1929=CARTESIAN_POINT('',(15.1212826097841,-44.2648514674418,0.286618826488048));
#1930=CARTESIAN_POINT('',(23.3387993670112,-40.190651632641,0.325726299422188));
#1931=CARTESIAN_POINT('',(25.9023474834984,-38.5854838615598,0.338796899737086));
#1932=CARTESIAN_POINT('',(30.6903506806807,-34.8980450037453,0.364565479895704));
#1933=CARTESIAN_POINT('',(32.9360885469277,-32.7882267462221,0.377879399819167));
#1934=CARTESIAN_POINT('',(36.92886938069,-28.2154629272084,0.403763205820059));
#1935=CARTESIAN_POINT('',(38.683008700291,-25.7577664917898,0.416812804886265));
#1936=CARTESIAN_POINT('',(41.7080514109333,-20.5006376548464,0.442673828823825));
#1937=CARTESIAN_POINT('',(42.9754628325932,-17.688631510628,0.456002132199412));
#1938=CARTESIAN_POINT('',(45.874325759391,-9.09597288357758,0.494666412693402));
#1939=CARTESIAN_POINT('',(46.6749676862234,-2.92550874091764,0.52118434736409));
#1940=CARTESIAN_POINT('',(45.8675670731572,9.12565069968229,0.57267741918566));
#1941=CARTESIAN_POINT('',(44.2528772593877,15.1306053957364,0.599181393776448));
#1942=CARTESIAN_POINT('',(40.230100231232,23.266555298948,0.637873500384128));
#1943=CARTESIAN_POINT('',(38.5966649965109,25.8864988092123,0.651214800884417));
#1944=CARTESIAN_POINT('',(34.9019984424709,30.6865422322881,0.677041799045255));
#1945=CARTESIAN_POINT('',(32.8358047347718,32.8891346392194,0.690097551472919));
#1946=CARTESIAN_POINT('',(28.2605397612762,36.8948118615355,0.716020337313513));
#1947=CARTESIAN_POINT('',(25.7592621746791,38.6810414832126,0.729303716073616));
#1948=CARTESIAN_POINT('',(20.5246070240471,41.6953602277076,0.755057640802665));
#1949=CARTESIAN_POINT('',(17.7630172682194,42.947446797286,0.768165227975846));
#1950=CARTESIAN_POINT('',(11.9647281228861,44.9093893280925,0.794260072021907));
#1951=CARTESIAN_POINT('',(9.01650542459076,45.5902362443848,0.807340065427701));
#1952=CARTESIAN_POINT('',(3.02566511648159,46.3746952711648,0.833098580699584));
#1953=CARTESIAN_POINT('',(-0.0511675795465414,46.4743353444802,0.846404421883589));
#1954=CARTESIAN_POINT('',(-6.11255185187614,46.0706324429188,0.872301722529883));
#1955=CARTESIAN_POINT('',(-9.09139584337155,45.5760179501206,0.885356246644267));
#1956=CARTESIAN_POINT('',(-14.9460560449228,44.0050258410629,0.911197816738408));
#1957=CARTESIAN_POINT('',(-17.8334449083843,42.9156419241641,0.924537322824663));
#1958=CARTESIAN_POINT('',(-25.9661680237342,38.8969479447555,0.963207959578885));
#1959=CARTESIAN_POINT('',(-30.8981926292831,35.1057089815304,0.989728150136558));
#1960=CARTESIAN_POINT('',(-38.8582040540626,26.0220884739295,1.04121150155657));
#1961=CARTESIAN_POINT('',(-41.968970430163,20.6356404603064,1.06773216809522));
#1962=CARTESIAN_POINT('',(-45.857773115592,9.18089217090683,1.11929351200195));
#1963=CARTESIAN_POINT('',(-46.6773416968751,2.95188875482914,1.14607106263107));
#1964=CARTESIAN_POINT('',(-45.8645741573877,-9.1612615107968,1.19783014637283));
#1965=CARTESIAN_POINT('',(-44.2701360578114,-15.1098881062911,1.22406550630728));
#1966=CARTESIAN_POINT('',(-40.1896575303236,-23.3411720493156,1.26323713803552));
#1967=CARTESIAN_POINT('',(-38.5829658997281,-25.9059812196295,1.27631557992347));
#1968=CARTESIAN_POINT('',(-34.8963964306578,-30.69212662436,1.30207591508507));
#1969=CARTESIAN_POINT('',(-32.7899596229334,-32.9346637908212,1.31536979466231));
#1970=CARTESIAN_POINT('',(-28.2121999039297,-36.9316301788689,1.34128147219518));
#1971=CARTESIAN_POINT('',(-25.7538907684903,-38.6853797171973,1.35433209033625));
#1972=CARTESIAN_POINT('',(-20.5012730970139,-41.7075448208202,1.38017048292509));
#1973=CARTESIAN_POINT('',(-17.6872947718547,-42.9761232335612,1.39350830209062));
#1974=CARTESIAN_POINT('',(-9.08999228713181,-45.8759242233959,1.43219301330722));
#1975=CARTESIAN_POINT('',(-2.92165331197094,-46.6751880555865,1.45870037437586));
#1976=CARTESIAN_POINT('',(9.12911643701992,-45.8668559112029,1.51019267485784));
#1977=CARTESIAN_POINT('',(15.1364837591943,-44.2503933639101,1.53670830766604));
#1978=CARTESIAN_POINT('',(23.2675234939839,-40.229410045018,1.57537862611196));
#1979=CARTESIAN_POINT('',(25.886250586333,-38.5970280362353,1.5887129289832));
#1980=CARTESIAN_POINT('',(30.6900960775618,-34.8990908964458,1.61456145746796));
#1981=CARTESIAN_POINT('',(32.8919147343001,-32.8327023941943,1.62761527783693));
#1982=CARTESIAN_POINT('',(36.8930001615753,-28.2625359879859,1.65350887799373));
#1983=CARTESIAN_POINT('',(38.6825625369608,-25.7570761451546,1.6668148820064));
#1984=CARTESIAN_POINT('',(41.6973227309588,-20.5207429944298,1.69257624001701));
#1985=CARTESIAN_POINT('',(42.9465635564712,-17.7650623914053,1.70565587855791));
#1986=CARTESIAN_POINT('',(44.9085133724477,-11.9678815902077,1.73174602537232));
#1987=CARTESIAN_POINT('',(45.591021935703,-9.01226148833762,1.7448582944647));
#1988=CARTESIAN_POINT('',(46.3748190558549,-3.02296143088984,1.77061022402469));
#1989=CARTESIAN_POINT('',(46.474564758157,0.0483946591988822,1.78389253325029));
#1990=CARTESIAN_POINT('',(46.07031254275,6.11668322839249,1.80981941518456));
#1991=CARTESIAN_POINT('',(45.5749605385844,9.0958716703472,1.82287575592858));
#1992=CARTESIAN_POINT('',(44.0049819511662,14.9456840932254,1.84869642150153));
#1993=CARTESIAN_POINT('',(42.9153162586902,17.8345276296296,1.86204195609757));
#1994=CARTESIAN_POINT('',(38.8937739363433,25.9717434033664,1.90073550093801));
#1995=CARTESIAN_POINT('',(35.1034346336603,30.9008203398358,1.92724252290189));
#1996=CARTESIAN_POINT('',(26.0188472788245,38.860409249462,1.97872838840388));
#1997=CARTESIAN_POINT('',(20.6299553707494,41.9713227210708,2.00525808841315));
#1998=CARTESIAN_POINT('',(12.0430640784021,44.8858755483543,2.0439098311315));
#1999=CARTESIAN_POINT('',(9.03956666385058,45.5864641131701,2.05724096762728));
#2000=CARTESIAN_POINT('',(3.0251828259485,46.3755080261245,2.08310059714578));
#2001=CARTESIAN_POINT('',(0.00732525796093554,46.4742052637348,2.0961581679243));
#2002=CARTESIAN_POINT('',(-6.0497662374061,46.0787601507235,2.1220298864771));
#2003=CARTESIAN_POINT('',(-9.09017343121526,45.5756584579578,2.13535202842515));
#2004=CARTESIAN_POINT('',(-14.9276262893677,44.0106563260647,2.16111529726922));
#2005=CARTESIAN_POINT('',(-17.7594800976848,42.9486418411078,2.17419431457258));
#2006=CARTESIAN_POINT('',(-25.9852508761704,38.8945335393773,2.21328151995365));
#2007=CARTESIAN_POINT('',(-30.8517387276558,35.154766934059,2.2394419971385));
#2008=CARTESIAN_POINT('',(-36.8718306372537,28.2908188178527,2.27835702330065));
#2009=CARTESIAN_POINT('',(-38.6308287805428,25.8352895472991,2.29141946888561));
#2010=CARTESIAN_POINT('',(-41.6613664074857,20.5945057557985,2.31722366875729));
#2011=CARTESIAN_POINT('',(-42.9369881832461,17.7825126437988,2.33057450449489));
#2012=CARTESIAN_POINT('',(-44.8841826610561,12.0504297443715,2.35637730890107));
#2013=CARTESIAN_POINT('',(-45.5732381502986,9.10950225385216,2.36944050717064));
#2014=CARTESIAN_POINT('',(-46.3728902261235,3.07540548426845,2.39538442657572));
#2015=CARTESIAN_POINT('',(-46.4742275903913,-0.0232266595588106,2.40878684762179));
#2016=CARTESIAN_POINT('',(-45.8749216017692,-9.1097294930395,2.44760360155584));
#2017=CARTESIAN_POINT('',(-44.287903899848,-15.0581643651059,2.47383883576197));
#2018=CARTESIAN_POINT('',(-38.8589062571584,-26.0413546188767,2.52606765534327));
#2019=CARTESIAN_POINT('',(-35.0726815429686,-30.9376988817517,2.55243990079012));
#2020=CARTESIAN_POINT('',(-28.2404033308205,-36.9089235706041,2.59112626225997));
#2021=CARTESIAN_POINT('',(-25.7280347151564,-38.7025532467683,2.60446284977893));
#2022=CARTESIAN_POINT('',(-20.4740218302995,-41.720903971698,2.63030092981413));
#2023=CARTESIAN_POINT('',(-17.7215079459221,-42.9630606178679,2.64335322185186));
#2024=CARTESIAN_POINT('',(-11.963120684238,-44.9083529538362,2.66926611356117));
#2025=CARTESIAN_POINT('',(-8.96597740623411,-45.6001718651098,2.68255701415413));
#2026=CARTESIAN_POINT('',(-2.97512760872388,-46.377937003369,2.70831618328025));
#2027=CARTESIAN_POINT('',(0.0504433198882577,-46.47599866797,2.72139982629652));
#2028=CARTESIAN_POINT('',(6.16216499894445,-46.0657000298428,2.74751520821181));
#2029=CARTESIAN_POINT('',(9.14696504179899,-45.5642163852184,2.76059615346445));
#2030=CARTESIAN_POINT('',(14.9802290238644,-43.9926985154067,2.78635410111263));
#2031=CARTESIAN_POINT('',(17.8583707032606,-42.9063340513762,2.79964841581736));
#2032=CARTESIAN_POINT('',(23.3046398147227,-40.2090620259837,2.8255600736615));
#2033=CARTESIAN_POINT('',(25.866429048617,-38.6102102732156,2.8386127384878));
#2034=CARTESIAN_POINT('',(30.6701667552816,-34.9164912365529,2.86444780988125));
#2035=CARTESIAN_POINT('',(32.9201648349328,-32.8032163315294,2.87778799763932));
#2036=CARTESIAN_POINT('',(38.8928113786896,-25.9726849954088,2.91647129574816));
#2037=CARTESIAN_POINT('',(41.9942367984811,-20.5813856534271,2.94298166023016));
#2038=CARTESIAN_POINT('',(45.8646017893398,-9.14044104008602,2.99447027633371));
#2039=CARTESIAN_POINT('',(46.6730668431364,-2.9719981253733,3.02099033360095));
#2040=CARTESIAN_POINT('',(46.0741801212608,6.07884695101773,3.05965652144874));
#2041=CARTESIAN_POINT('',(45.569727389228,9.12302342249165,3.07299206251541));
#2042=CARTESIAN_POINT('',(43.9943836814814,14.9774435462963,3.09884018062286));
#2043=CARTESIAN_POINT('',(42.9292343136561,17.8029192310388,3.11189583644592));
#2044=CARTESIAN_POINT('',(40.2409439725992,23.2492907439736,3.13778572532549));
#2045=CARTESIAN_POINT('',(38.612165304972,25.8624960871772,3.15109490797913));
#2046=CARTESIAN_POINT('',(34.9303597863116,30.6535149468469,3.17685494730037));
#2047=CARTESIAN_POINT('',(32.8636409420709,32.8631073813285,3.18993597268104));
#2048=CARTESIAN_POINT('',(28.2610357144439,36.8960239466669,3.21602136651564));
#2049=CARTESIAN_POINT('',(25.7918297282958,38.6593248630179,3.22913881784835));
#2050=CARTESIAN_POINT('',(20.5599172154109,41.6779520093443,3.25488852795624));
#2051=CARTESIAN_POINT('',(17.76152232608,42.9466796705434,3.2681709829384));
#2052=CARTESIAN_POINT('',(12.0009514997652,44.8983978908423,3.29409801803606));
#2053=CARTESIAN_POINT('',(9.0592615277885,45.5822417822056,3.3071563974177));
#2054=CARTESIAN_POINT('',(3.05462050679007,46.3732711686356,3.33297391648363));
#2055=CARTESIAN_POINT('',(-0.0313232049546294,46.4735896309038,3.34632152977228));
#2056=CARTESIAN_POINT('',(-9.0887787697543,45.8765112314977,3.38501391313484));
#2057=CARTESIAN_POINT('',(-15.0937069075049,44.2638934512684,3.41152364915156));
#2058=CARTESIAN_POINT('',(-25.9265765538968,38.922035916301,3.46300616529264));
#2059=CARTESIAN_POINT('',(-30.8648205808493,35.136130147197,3.48953999662536));
#2060=CARTESIAN_POINT('',(-36.8466967388172,28.3213277582431,3.52818786631809));
#2061=CARTESIAN_POINT('',(-38.6444648927229,25.8156146218123,3.54151995154412));
#2062=CARTESIAN_POINT('',(-41.6777958303413,20.562148717272,3.56737934142043));
#2063=CARTESIAN_POINT('',(-42.9251648718193,17.8123777815871,3.58043873797721));
#2064=CARTESIAN_POINT('',(-45.8580722583927,9.19334867017482,3.61924101938238));
#2065=CARTESIAN_POINT('',(-46.6748587338071,2.99164991818787,3.64590592950106));
#2066=CARTESIAN_POINT('',(-45.8722640917833,-9.12292684107097,3.69766160935937));
#2067=CARTESIAN_POINT('',(-44.2833131989948,-15.0715554031942,3.723897514227));
#2068=CARTESIAN_POINT('',(-38.8512785792838,-26.0526728553273,3.77612648917413));
#2069=CARTESIAN_POINT('',(-35.0515681280393,-30.9599016337325,3.80256811278866));
#2070=CARTESIAN_POINT('',(-28.2264257712004,-36.9192543435557,3.84120105305866));
#2071=CARTESIAN_POINT('',(-25.7251997705029,-38.7052954900038,3.85447851165544));
#2072=CARTESIAN_POINT('',(-20.4512519035637,-41.7328659185752,3.88041117868636));
#2073=CARTESIAN_POINT('',(-17.6972678826355,-42.9723133992417,3.89346309635935));
#2074=CARTESIAN_POINT('',(-11.9580363583052,-44.9090010559783,3.91928819549215));
#2075=CARTESIAN_POINT('',(-8.94975092974606,-45.6036819439951,3.93262663105555));
#2076=CARTESIAN_POINT('',(-2.94888988041092,-46.3799298945866,3.95842915300257));
#2077=CARTESIAN_POINT('',(0.0708534681666814,-46.4748928514673,3.97148679127417));
#2078=CARTESIAN_POINT('',(9.18923344039844,-45.8619543505849,4.0104503649049));
#2079=CARTESIAN_POINT('',(15.1177126127478,-44.264938448481,4.03660601717212));
#2080=CARTESIAN_POINT('',(23.3252086602257,-40.198228970059,4.07565953638773));
#2081=CARTESIAN_POINT('',(25.8883191524758,-38.5949842001252,4.08872546717971));
#2082=CARTESIAN_POINT('',(30.6793364518319,-34.907824177735,4.11450215697565));
#2083=CARTESIAN_POINT('',(32.9277066822129,-32.7964062597931,4.12783023823454));
#2084=CARTESIAN_POINT('',(36.9185067662167,-28.2287440220081,4.1536908777411));
#2085=CARTESIAN_POINT('',(38.6738078037232,-25.7718811034256,4.16674168374057));
#2086=CARTESIAN_POINT('',(41.7030272686953,-20.5112355131252,4.19262337574946));
#2087=CARTESIAN_POINT('',(42.9697914912271,-17.7022135737556,4.20594020639996));
#2088=CARTESIAN_POINT('',(45.870510380903,-9.11371423937778,4.24458819731479));
#2089=CARTESIAN_POINT('',(46.6739881773181,-2.94236981176457,4.27111426043087));
#2090=CARTESIAN_POINT('',(46.0715208762113,6.09713957723053,4.30973600106088));
#2091=CARTESIAN_POINT('',(45.5700789365159,9.12515319775052,4.32299986268069));
#2092=CARTESIAN_POINT('',(43.9869408145664,15.0016516736837,4.34894867333274));
#2093=CARTESIAN_POINT('',(42.9185984798566,17.8268905986464,4.3620068512086));
#2094=CARTESIAN_POINT('',(40.2369874207145,23.2548697523017,4.38781519733933));
#2095=CARTESIAN_POINT('',(38.6039095185185,25.8754688786065,4.40115933313657));
#2096=CARTESIAN_POINT('',(34.9131502830968,30.6736639010014,4.42696864586598));
#2097=CARTESIAN_POINT('',(32.8475801996577,32.8776727715682,4.4400281472903));
#2098=CARTESIAN_POINT('',(25.9791058033353,38.8945208743873,4.47895196508839));
#2099=CARTESIAN_POINT('',(20.6640133735094,41.9643135537752,4.5051083023027));
#2100=CARTESIAN_POINT('',(11.9794664507065,44.9051680488052,4.54419432697303));
#2101=CARTESIAN_POINT('',(9.03307343124664,45.5870187140545,4.55726890765943));
#2102=CARTESIAN_POINT('',(3.04063865410226,46.3737771528806,4.58303412129479));
#2103=CARTESIAN_POINT('',(-0.0398960855316149,46.4741668343311,4.59635711005443));
#2104=CARTESIAN_POINT('',(-6.09591681824732,46.0726553694043,4.62222980744533));
#2105=CARTESIAN_POINT('',(-9.07483050676271,45.5794782861457,4.63528481496877));
#2106=CARTESIAN_POINT('',(-14.9346006730683,44.0090796574944,4.66114557735925));
#2107=CARTESIAN_POINT('',(-17.8200855922995,42.9211003689368,4.67447660690316));
#2108=CARTESIAN_POINT('',(-25.9507094621101,38.9068635718952,4.713128863056));
#2109=CARTESIAN_POINT('',(-30.88576874044,35.1166889518854,4.73965936359479));
#2110=CARTESIAN_POINT('',(-38.8493211257242,26.0354143754574,4.79114251188812));
#2111=CARTESIAN_POINT('',(-41.9610847045577,20.6525931576974,4.81765418440622));
#2112=CARTESIAN_POINT('',(-45.8557271398123,9.19317802500994,4.86923987972129));
#2113=CARTESIAN_POINT('',(-46.6802556995902,3.0017650935177,4.89585834669859));
#2114=CARTESIAN_POINT('',(-45.8620979605257,-9.20460952539167,4.94801496721206));
#2115=CARTESIAN_POINT('',(-44.2384438805508,-15.2020081892251,4.97446888041812));
#2116=CARTESIAN_POINT('',(-38.7761263746491,-26.163963639616,5.02670600646733));
#2117=CARTESIAN_POINT('',(-34.9629472420001,-31.0600312328554,5.05312166280408));
#2118=CARTESIAN_POINT('',(-28.1202435798042,-37.0002118206192,5.0917752544371));
#2119=CARTESIAN_POINT('',(-25.6123857513054,-38.7799561524689,5.1050482257794));
#2120=CARTESIAN_POINT('',(-20.3315735876913,-41.7912241805547,5.1309839791626));
#2121=CARTESIAN_POINT('',(-17.5742478245179,-43.0228216575336,5.1440230625789));
#2122=CARTESIAN_POINT('',(-11.828102902982,-44.9434461483538,5.16986616389922));
#2123=CARTESIAN_POINT('',(-8.81813414940257,-45.6292778342815,5.18319131526673));
#2124=CARTESIAN_POINT('',(-2.81617045456873,-46.3881414752276,5.2090011144364));
#2125=CARTESIAN_POINT('',(0.204147755956928,-46.4745798455794,5.2220479865955));
#2126=CARTESIAN_POINT('',(9.32442903749947,-45.834988171071,5.2610453905322));
#2127=CARTESIAN_POINT('',(15.2484783553603,-44.2196846896247,5.28717919520878));
#2128=CARTESIAN_POINT('',(23.44047350169,-40.1310206986752,5.32623333522226));
#2129=CARTESIAN_POINT('',(25.998675171071,-38.5207659847683,5.33928554975535));
#2130=CARTESIAN_POINT('',(30.779779442758,-34.8193294042163,5.36507772937664));
#2131=CARTESIAN_POINT('',(33.022583712683,-32.7007951344284,5.37839749642608));
#2132=CARTESIAN_POINT('',(36.9991095700704,-28.122925319158,5.40426287810542));
#2133=CARTESIAN_POINT('',(38.7474936962758,-25.6610744769078,5.41730204890583));
#2134=CARTESIAN_POINT('',(41.7624705146378,-20.3900727700111,5.4432035805062));
#2135=CARTESIAN_POINT('',(43.0205196523566,-17.5785155504025,5.4565032679458));
#2136=CARTESIAN_POINT('',(45.8962617123498,-8.98268146433209,5.4951645525473));
#2137=CARTESIAN_POINT('',(46.6822572522683,-2.80881449518807,5.52166845815885));
#2138=CARTESIAN_POINT('',(46.0538334675058,6.22940903746748,5.56030961185088));
#2139=CARTESIAN_POINT('',(45.5432169062676,9.25791693582265,5.57357036328566));
#2140=CARTESIAN_POINT('',(43.9436954499944,15.1276324109251,5.5995214139701));
#2141=CARTESIAN_POINT('',(42.867454317898,17.9496373173465,5.61256685538276));
#2142=CARTESIAN_POINT('',(40.1696583670796,23.3710647210063,5.63839234572272));
#2143=CARTESIAN_POINT('',(38.5289957770656,25.9868135739124,5.65172457722065));
#2144=CARTESIAN_POINT('',(34.8252127506682,30.7734065742667,5.67754034560295));
#2145=CARTESIAN_POINT('',(32.7532444358908,32.9717612929636,5.69058918335555));
#2146=CARTESIAN_POINT('',(25.864732382722,38.9710405188226,5.72954546410353));
#2147=CARTESIAN_POINT('',(20.5393752121518,42.0250414650712,5.7556828511464));
#2148=CARTESIAN_POINT('',(11.8504010668297,44.9393032252049,5.79476817482473));
#2149=CARTESIAN_POINT('',(8.9025687348482,45.61270933187,5.80782914101129));
#2150=CARTESIAN_POINT('',(2.90714831478786,46.3823616404791,5.83360900301204));
#2151=CARTESIAN_POINT('',(-0.174739589607494,46.4737966502499,5.84692505813435));
#2152=CARTESIAN_POINT('',(-6.22778091646141,46.0549568870661,5.87280165711062));
#2153=CARTESIAN_POINT('',(-9.20528291580806,45.5533700957583,5.8858451346558));
#2154=CARTESIAN_POINT('',(-15.0622121851259,43.9656289018073,5.91172485347066));
#2155=CARTESIAN_POINT('',(-17.9435658428515,42.869597270149,5.92504014007605));
#2156=CARTESIAN_POINT('',(-26.0615751503412,38.8325652864856,5.96370445034032));
#2157=CARTESIAN_POINT('',(-30.9862139717707,35.028125181793,5.99021424610341));
#2158=CARTESIAN_POINT('',(-38.9239580811043,25.9237438915784,6.04172160846305));
#2159=CARTESIAN_POINT('',(-42.0198862785994,20.5330446294404,6.06820611893279));
#2160=CARTESIAN_POINT('',(-45.882343014007,9.06020773305,6.11982437278609));
#2161=CARTESIAN_POINT('',(-46.6887996540808,2.86634008589927,6.14641999674035));
#2162=CARTESIAN_POINT('',(-45.83513661784,-9.33810311845342,6.19860275422083));
#2163=CARTESIAN_POINT('',(-44.2348845471263,-15.2122711836423,6.22451385733846));
#2164=CARTESIAN_POINT('',(-38.770275482233,-26.1725800121812,6.27675100237278));
#2165=CARTESIAN_POINT('',(-34.9560764164942,-31.0677740449163,6.30316448994805));
#2166=CARTESIAN_POINT('',(-28.1119911235398,-37.0064844244284,6.3418198590519));
#2167=CARTESIAN_POINT('',(-25.6035705274473,-38.7857673755828,6.35509268660399));
#2168=CARTESIAN_POINT('',(-20.3222903328634,-41.7957305270957,6.38102840173498));
#2169=CARTESIAN_POINT('',(-17.5647121606858,-43.0267215064705,6.39406643430992));
#2170=CARTESIAN_POINT('',(-11.8179794546756,-44.9461148320072,6.41991120672534));
#2171=CARTESIAN_POINT('',(-8.80789900018155,-45.6312505703008,6.43323520871632));
#2172=CARTESIAN_POINT('',(-2.80588831392254,-46.3887605371902,6.45904545037534));
#2173=CARTESIAN_POINT('',(0.214486551772039,-46.4745426623131,6.47209150477549));
#2174=CARTESIAN_POINT('',(9.33505149141163,-45.832863965291,6.51109219356611));
#2175=CARTESIAN_POINT('',(15.2587468503579,-44.2160999682151,6.53722423707792));
#2176=CARTESIAN_POINT('',(23.4494050156864,-40.1257907849917,6.5762778757914));
#2177=CARTESIAN_POINT('',(26.0072157836468,-38.5150043717245,6.58932892903879));
#2178=CARTESIAN_POINT('',(30.7875768486863,-34.8124395347031,6.61512249650622));
#2179=CARTESIAN_POINT('',(33.0299614219729,-32.6933344458224,6.62844167952595));
#2180=CARTESIAN_POINT('',(37.0053398582238,-28.1147166213848,6.65430722150666));
#2181=CARTESIAN_POINT('',(38.7531928903779,-25.6524797365449,6.66734546608208));
#2182=CARTESIAN_POINT('',(41.7670962769058,-20.3806119738434,6.6932488835911));
#2183=CARTESIAN_POINT('',(43.0244427028593,-17.5689052037199,6.70654697820859));
#2184=CARTESIAN_POINT('',(45.898236805395,-8.97253492339505,6.74520921385614));
#2185=CARTESIAN_POINT('',(46.6828836271497,-2.79847079975949,6.77171134868777));
#2186=CARTESIAN_POINT('',(46.0524453531771,6.23967237789077,6.81035415841485));
#2187=CARTESIAN_POINT('',(45.5411004645436,9.26828078259702,6.82361490976843));
#2188=CARTESIAN_POINT('',(43.9403258601909,15.1373915681319,6.84956583922175));
#2189=CARTESIAN_POINT('',(42.8634792629411,17.959140578425,6.86261022736193));
#2190=CARTESIAN_POINT('',(40.1644042538537,23.3801029889356,6.88843730459825));
#2191=CARTESIAN_POINT('',(38.5231551499076,25.9954630537455,6.90176853062066));
#2192=CARTESIAN_POINT('',(34.8183878801959,30.7811216089786,6.92758466098032));
#2193=CARTESIAN_POINT('',(32.7459197523689,32.9790483625224,6.94063267905327));
#2194=CARTESIAN_POINT('',(25.8557491783769,38.9770435606597,6.9795921102));
#2195=CARTESIAN_POINT('',(20.5295572171957,42.0297916651595,7.00572803776496));
#2196=CARTESIAN_POINT('',(11.8403819590554,44.9419330976248,7.04481273079495));
#2197=CARTESIAN_POINT('',(8.89245567439024,45.6146849815425,7.05787253340918));
#2198=CARTESIAN_POINT('',(2.89677500285294,46.3830135768387,7.08365370080861));
#2199=CARTESIAN_POINT('',(-0.185248614394787,46.4737493745103,7.09696931573405));
#2200=CARTESIAN_POINT('',(-6.23799505041572,46.0535678935402,7.12284599278166));
#2201=CARTESIAN_POINT('',(-9.21538875796224,45.5513336004789,7.13588854234399));
#2202=CARTESIAN_POINT('',(-15.072160064072,43.9622266695567,7.16177006042472));
#2203=CARTESIAN_POINT('',(-17.953149443768,42.8655816438065,7.17508390000783));
#2204=CARTESIAN_POINT('',(-26.0701438304096,38.8267998180402,7.21374904011466));
#2205=CARTESIAN_POINT('',(-30.9939857187786,35.0212532629683,7.24025720372706));
#2206=CARTESIAN_POINT('',(-38.9297397905683,25.9150668662742,7.29176661086278));
#2207=CARTESIAN_POINT('',(-42.0244224572908,20.5238002723019,7.31824874336334));
#2208=CARTESIAN_POINT('',(-45.8844082996592,9.04983621268132,7.3698700017721));
#2209=CARTESIAN_POINT('',(-46.6852179933469,2.82017276882607,7.39661774602789));
#2210=CARTESIAN_POINT('',(-45.8390929640199,-9.28657685954778,7.44838209176456));
#2211=CARTESIAN_POINT('',(-44.2271067361449,-15.2349538858305,7.4746130137297));
#2212=CARTESIAN_POINT('',(-38.7566423725053,-26.1928131777299,7.52685641932759));
#2213=CARTESIAN_POINT('',(-34.9400548321705,-31.0858111440279,7.55326429171836));
#2214=CARTESIAN_POINT('',(-28.0927793538458,-37.0210749231495,7.59192368325431));
#2215=CARTESIAN_POINT('',(-25.5831285789476,-38.799236472006,7.60519576654301));
#2216=CARTESIAN_POINT('',(-20.3006657543902,-41.8062218889262,7.63113188376838));
#2217=CARTESIAN_POINT('',(-17.5424897269121,-43.0357977113365,7.64416748983885));
#2218=CARTESIAN_POINT('',(-11.7944613063073,-44.9523026436234,7.67001585131996));
#2219=CARTESIAN_POINT('',(-8.78410653349078,-45.6358290778975,7.68333723229336));
#2220=CARTESIAN_POINT('',(-2.78192998169379,-46.3901960417904,7.70914877022624));
#2221=CARTESIAN_POINT('',(0.238559944226663,-46.4744429337935,7.72219283565248));
#2222=CARTESIAN_POINT('',(9.35959104107483,-45.8279304350251,7.76120036705601));
#2223=CARTESIAN_POINT('',(15.2824504466357,-44.2078337563873,7.78732816418547));
#2224=CARTESIAN_POINT('',(23.4701931459809,-40.1136132343113,7.82638156895109));
#2225=CARTESIAN_POINT('',(26.0271090650926,-38.5015716177223,7.83942999806967));
#2226=CARTESIAN_POINT('',(30.8057032468339,-34.7964088777683,7.86522662169006));
#2227=CARTESIAN_POINT('',(33.0470835418593,-32.6760107793406,7.87854424028516));
#2228=CARTESIAN_POINT('',(37.019850329917,-28.0955884904509,7.90441054680364));
#2229=CARTESIAN_POINT('',(38.7664593588304,-25.6324511807208,7.91744660809991));
#2230=CARTESIAN_POINT('',(41.7778178461212,-20.3586556719299,7.94335401307306));
#2231=CARTESIAN_POINT('',(43.0335618320473,-17.5465452415116,7.95664865912167));
#2232=CARTESIAN_POINT('',(45.9028373688238,-8.94887825101565,7.99531336284297));
#2233=CARTESIAN_POINT('',(46.6843320546828,-2.77436942736401,8.02181127262673));
#2234=CARTESIAN_POINT('',(46.0492049589384,6.26356030365574,8.06045786220228));
#2235=CARTESIAN_POINT('',(45.5361898391285,9.29229991707143,8.07371814797511));
#2236=CARTESIAN_POINT('',(43.9324737836634,15.1601177456405,8.09966931432863));
#2237=CARTESIAN_POINT('',(42.8542071807874,17.9812788063958,8.1127112820572));
#2238=CARTESIAN_POINT('',(40.1521869846021,23.4010970033616,8.13854178000991));
#2239=CARTESIAN_POINT('',(38.5095768781454,26.0155588789703,8.15187066454034));
#2240=CARTESIAN_POINT('',(34.8024809084429,30.7990931317211,8.17768793062012));
#2241=CARTESIAN_POINT('',(32.7288537397875,32.996008509247,8.19073396678745));
#2242=CARTESIAN_POINT('',(25.8349686990444,38.9909001687597,8.22969997169774));
#2243=CARTESIAN_POINT('',(20.5069126937535,42.0407576329878,8.2558322390603));
#2244=CARTESIAN_POINT('',(11.8170634256524,44.9480497173161,8.29491644052326));
#2245=CARTESIAN_POINT('',(8.86889250633102,45.6192778581946,8.30797362564454));
#2246=CARTESIAN_POINT('',(2.87264607734894,46.3845197356436,8.33375768431222));
#2247=CARTESIAN_POINT('',(-0.209636006981644,46.4736335365058,8.34707201415218));
#2248=CARTESIAN_POINT('',(-6.26178904625572,46.0503263754021,8.37294929170538));
#2249=CARTESIAN_POINT('',(-9.23892940840878,45.546577645049,8.38598966552381));
#2250=CARTESIAN_POINT('',(-15.0952439242801,43.9543190443957,8.41187499769859));
#2251=CARTESIAN_POINT('',(-17.975436135288,42.8562350026852,8.42518567232287));
#2252=CARTESIAN_POINT('',(-26.0901220544058,38.8133532128183,8.46385303832084));
#2253=CARTESIAN_POINT('',(-31.0120825073032,35.0052380561307,8.4903572572293));
#2254=CARTESIAN_POINT('',(-36.9604114440997,28.1724589419242,8.52899284739211));
#2255=CARTESIAN_POINT('',(-38.7397053197917,25.6737549404203,8.5422389271415));
#2256=CARTESIAN_POINT('',(-41.7632373103773,20.3896657736749,8.56820638897106));
#2257=CARTESIAN_POINT('',(-42.9985386348779,17.6331096955488,8.58125511835866));
#2258=CARTESIAN_POINT('',(-44.9256363566298,11.8948762171872,8.60706899879245));
#2259=CARTESIAN_POINT('',(-45.616396272295,8.88534654422352,8.62040298836046));
#2260=CARTESIAN_POINT('',(-46.3843966187817,2.87971220672243,8.64622718455106));
#2261=CARTESIAN_POINT('',(-46.4745043277757,-0.139377859423034,8.65927558221425));
#2262=CARTESIAN_POINT('',(-46.0578693860878,-6.21060756401659,8.68522656150869));
#2263=CARTESIAN_POINT('',(-45.5458832655719,-9.23699633071142,8.69848329516051));
#2264=CARTESIAN_POINT('',(-43.964470015288,-15.0623690012402,8.724227527152));
#2265=CARTESIAN_POINT('',(-42.8928175815615,-17.8947821739973,8.7373104001026));
#2266=CARTESIAN_POINT('',(-38.8049055894792,-26.1213618280382,8.77648400715149));
#2267=CARTESIAN_POINT('',(-34.9969544429149,-31.0216862476738,8.80290954903544));
#2268=CARTESIAN_POINT('',(-28.1609087252283,-36.9692662626878,8.84155542180709));
#2269=CARTESIAN_POINT('',(-25.6553778443226,-38.7515483425961,8.85483124471341));
#2270=CARTESIAN_POINT('',(-20.3774312922864,-41.7689023702044,8.88076449339013));
#2271=CARTESIAN_POINT('',(-17.6214115596419,-43.0035128631578,8.89380848432498));
#2272=CARTESIAN_POINT('',(-11.8777299690527,-44.930343808036,8.91964538774831));
#2273=CARTESIAN_POINT('',(-8.86843178944869,-45.619537790964,8.93297557631476));
#2274=CARTESIAN_POINT('',(-2.86703548762396,-46.3850344203602,8.95878184049269));
#2275=CARTESIAN_POINT('',(0.153104791278714,-46.4747555066916,8.97183309654049));
#2276=CARTESIAN_POINT('',(9.27315050564591,-45.8453069205029,9.01081948414818));
#2277=CARTESIAN_POINT('',(15.198947425088,-44.2368272489309,9.03696221532391));
#2278=CARTESIAN_POINT('',(23.3963712552229,-40.1567740587857,9.0760136287751));
#2279=CARTESIAN_POINT('',(25.9564127601404,-38.5492474842969,9.08907093776543));
#2280=CARTESIAN_POINT('',(30.7414047147893,-34.85320474708,9.11485755953373));
#2281=CARTESIAN_POINT('',(32.9864170358838,-32.737296557708,9.12818112289736));
#2282=CARTESIAN_POINT('',(36.9682539671992,-28.1634957593909,9.15404361948566));
#2283=CARTESIAN_POINT('',(38.719305131272,-25.7035594521532,9.16708735930781));
#2284=CARTESIAN_POINT('',(41.7398518727,-20.436299175829,9.19298224663333));
#2285=CARTESIAN_POINT('',(43.0011561169727,-17.6258442017109,9.20628792900839));
#2286=CARTESIAN_POINT('',(45.8864174068558,-9.03294345386769,9.24494336864015));
#2287=CARTESIAN_POINT('',(46.6791385125388,-2.85999654914698,9.27145615514998));
#2288=CARTESIAN_POINT('',(46.0606500350565,6.17878428426907,9.310089958921));
#2289=CARTESIAN_POINT('',(45.5534803924396,9.20737532430009,9.32335317914889));
#2290=CARTESIAN_POINT('',(43.9602915817117,15.079393233078,9.3493019755774));
#2291=CARTESIAN_POINT('',(42.8871012712972,17.9026157120614,9.36235225926718));
#2292=CARTESIAN_POINT('',(40.1954203453824,23.3267076126545,9.38817180778776));
#2293=CARTESIAN_POINT('',(38.5576447390578,25.9443046334203,9.40150869149134));
#2294=CARTESIAN_POINT('',(34.8589433048586,30.7352075379972,9.42732116884316));
#2295=CARTESIAN_POINT('',(32.7894136102576,32.9357648919817,9.44037432395676));
#2296=CARTESIAN_POINT('',(25.9082029413732,38.9420615921445,9.47931999646385));
#2297=CARTESIAN_POINT('',(20.5865545590381,42.0020535178772,9.5054655009097));
#2298=CARTESIAN_POINT('',(11.8998013570335,44.9262715846292,9.5445484896293));
#2299=CARTESIAN_POINT('',(8.95258673572609,45.6029120228857,9.55761448302935));
#2300=CARTESIAN_POINT('',(2.9582087317372,46.3791267201877,9.58338903848589));
#2301=CARTESIAN_POINT('',(-0.123318010645475,46.4739760718466,9.59670850480223));
#2302=CARTESIAN_POINT('',(-6.17726112265162,46.0617748711542,9.62258246851722));
#2303=CARTESIAN_POINT('',(-9.1553060348184,45.563425826445,9.63563044727973));
#2304=CARTESIAN_POINT('',(-15.0135485674901,43.9822550700252,9.66150378584782));
#2305=CARTESIAN_POINT('',(-17.8963639946129,42.8893303877749,9.67482467540562));
#2306=CARTESIAN_POINT('',(-26.0190622188492,38.8610929801158,9.71348351036549));
#2307=CARTESIAN_POINT('',(-30.9477647776976,35.0620904955151,9.74000174282787));
#2308=CARTESIAN_POINT('',(-38.8954287946391,25.9665160068221,9.79149980478639));
#2309=CARTESIAN_POINT('',(-41.9973758841763,20.5789574012291,9.81799433720786));
#2310=CARTESIAN_POINT('',(-44.9035336556198,11.9779548007254,9.85669950362457));
#2311=CARTESIAN_POINT('',(-45.5998957878849,8.96977151720672,9.8700406777619));
#2312=CARTESIAN_POINT('',(-46.3790600638162,2.96480767230887,9.89586057912884));
#2313=CARTESIAN_POINT('',(-46.4746392852039,-0.0539878103344091,9.9089160162941));
#2314=CARTESIAN_POINT('',(-46.0693318686919,-6.12467734218058,9.93485398492328));
#2315=CARTESIAN_POINT('',(-45.5628088413795,-9.15318099739411,9.94812313708964));
#2316=CARTESIAN_POINT('',(-43.9920429302193,-14.9816698239177,9.97386092803852));
#2317=CARTESIAN_POINT('',(-42.9264429062428,-17.8141139657147,9.98694232925527));
#2318=CARTESIAN_POINT('',(-41.5685440459681,-20.5595907278917,10.));
#2319=CARTESIAN_POINT('',(-41.5685440459676,-20.5595907278927,2.29842390237454E-15));
#2320=CARTESIAN_POINT('',(0.,0.,0.));
#2321=CARTESIAN_POINT('',(0.,0.,0.));
#2322=CARTESIAN_POINT('',(0.,0.,10.));
#2323=CARTESIAN_POINT('',(-46.2,0.,10.));
#2324=CARTESIAN_POINT('',(22.3886760500249,17.4116623933659,10.));
#2325=CARTESIAN_POINT('',(-36.599579050176,-28.4634746930593,10.));
#2326=CARTESIAN_POINT('',(-42.1466719071963,-19.3226531937036,10.));
#2327=CARTESIAN_POINT('',(-40.6543846539474,-22.5771140956836,10.));
#2328=CARTESIAN_POINT('',(-38.7976467808371,-25.6373316524052,10.));
#2329=CARTESIAN_POINT('',(-36.599579050176,-28.4634746930593,10.));
#2330=CARTESIAN_POINT('',(-42.1466719071963,-19.3226531937036,10.));
#2331=CARTESIAN_POINT('',(-41.5685440459558,-20.559590727917,10.));
#2332=CARTESIAN_POINT('',(-41.7671854820753,-20.1503904145437,10.));
#2333=CARTESIAN_POINT('',(-41.9600189170379,-19.7378325525992,10.));
#2334=CARTESIAN_POINT('',(-42.1466719071963,-19.3226531937036,10.));
#2335=CARTESIAN_POINT('',(0.,46.2,10.));
#2336=CARTESIAN_POINT('',(12.375644347018,49.4352447854375,17.1012193308821));
#2337=CARTESIAN_POINT('',(10.9358340052781,46.9430243445073,17.1012193308821));
#2338=CARTESIAN_POINT('',(9.62702361363004,44.6744940244723,17.1012193308821));
#2339=CARTESIAN_POINT('',(0.,0.,17.1012193308821));
#2340=CARTESIAN_POINT('',(-10.9363560323001,46.9423243321021,17.1012193481299));
#2341=CARTESIAN_POINT('',(-12.3756443470176,49.4352447854376,17.1012193308821));
#2342=CARTESIAN_POINT('',(-9.62702361362969,44.6744940244723,17.1012193308821));
#2343=CARTESIAN_POINT('',(0.,0.,17.1012193308821));
#2344=CARTESIAN_POINT('',(0.,48.7,17.1012193308821));
#2345=CARTESIAN_POINT('',(49.,13.9999999999999,17.1012193308821));
#2346=CARTESIAN_POINT('',(46.1217686154537,14.0008021121132,17.1012193308821));
#2347=CARTESIAN_POINT('',(43.5027585332241,13.9999999999999,17.1012193308821));
#2348=CARTESIAN_POINT('',(0.,0.,17.1012193308821));
#2349=CARTESIAN_POINT('',(35.1850673681387,32.9423243148542,17.1012193481299));
#2350=CARTESIAN_POINT('',(36.6243556529823,35.4352447854374,17.1012193308821));
#2351=CARTESIAN_POINT('',(33.8757349195943,30.6744940244722,17.1012193308821));
#2352=CARTESIAN_POINT('',(0.,0.,17.1012193308821));
#2353=CARTESIAN_POINT('',(0.,48.7,17.1012193308821));
#2354=CARTESIAN_POINT('',(36.6243556529821,-35.4352447854376,17.1012193308821));
#2355=CARTESIAN_POINT('',(35.1859346101757,-32.9422222323942,17.1012193308821));
#2356=CARTESIAN_POINT('',(33.8757349195942,-30.6744940244724,17.1012193308821));
#2357=CARTESIAN_POINT('',(0.,0.,17.1012193308821));
#2358=CARTESIAN_POINT('',(46.1214234004388,-14.0000000172479,17.1012193481299));
#2359=CARTESIAN_POINT('',(49.,-14.0000000000001,17.1012193308821));
#2360=CARTESIAN_POINT('',(43.5027585332241,-14.0000000000001,17.1012193308821));
#2361=CARTESIAN_POINT('',(0.,0.,17.1012193308821));
#2362=CARTESIAN_POINT('',(0.,48.7,17.1012193308821));
#2363=CARTESIAN_POINT('',(-12.3756443470179,-49.4352447854375,17.1012193308821));
#2364=CARTESIAN_POINT('',(-10.935834005278,-46.9430243445073,17.1012193308821));
#2365=CARTESIAN_POINT('',(-9.62702361362993,-44.6744940244723,17.1012193308821));
#2366=CARTESIAN_POINT('',(0.,0.,17.1012193308821));
#2367=CARTESIAN_POINT('',(10.9363560323002,-46.942324332102,17.1012193481299));
#2368=CARTESIAN_POINT('',(12.3756443470178,-49.4352447854375,17.1012193308821));
#2369=CARTESIAN_POINT('',(9.62702361362982,-44.6744940244723,17.1012193308821));
#2370=CARTESIAN_POINT('',(0.,0.,17.1012193308821));
#2371=CARTESIAN_POINT('',(0.,48.7,17.1012193308821));
#2372=CARTESIAN_POINT('',(-49.,-14.,17.1012193308821));
#2373=CARTESIAN_POINT('',(-46.1214234004389,-14.0000000172478,17.1012193481299));
#2374=CARTESIAN_POINT('',(-43.5027585332241,-14.,17.1012193308821));
#2375=CARTESIAN_POINT('',(0.,0.,17.1012193308821));
#2376=CARTESIAN_POINT('',(-35.1859346101752,-32.9422222323941,17.1012193308821));
#2377=CARTESIAN_POINT('',(-36.6243556529822,-35.4352447854375,17.1012193308821));
#2378=CARTESIAN_POINT('',(-33.8757349195942,-30.6744940244722,17.1012193308821));
#2379=CARTESIAN_POINT('',(0.,0.,17.1012193308821));
#2380=CARTESIAN_POINT('',(0.,48.7,17.1012193308821));
#2381=CARTESIAN_POINT('',(-36.624355652982,35.4352447854377,17.1012193308821));
#2382=CARTESIAN_POINT('',(-35.1859346101756,32.9422222323942,17.1012193308821));
#2383=CARTESIAN_POINT('',(-33.875734919594,30.6744940244724,17.1012193308821));
#2384=CARTESIAN_POINT('',(0.,0.,17.1012193308821));
#2385=CARTESIAN_POINT('',(-46.1214234004389,14.0000000172478,17.1012193481299));
#2386=CARTESIAN_POINT('',(-49.,14.,17.1012193308821));
#2387=CARTESIAN_POINT('',(-43.502758533224,14.,17.1012193308821));
#2388=CARTESIAN_POINT('',(0.,0.,17.1012193308821));
#2389=CARTESIAN_POINT('',(0.,48.7,17.1012193308821));
#2390=CARTESIAN_POINT('',(0.,0.,4.5));
#2391=CARTESIAN_POINT('',(-48.7,0.,4.5));
#2392=CARTESIAN_POINT('',(0.,0.,0.));
#2393=CARTESIAN_POINT('',(-48.7,0.,0.));
#2394=CARTESIAN_POINT('',(0.,0.,0.));
#2395=CARTESIAN_POINT('',(0.,0.,4.78284271247461));
#2396=CARTESIAN_POINT('',(-48.4171572875254,0.,4.78284271247461));
#2397=CARTESIAN_POINT('',(0.,0.,4.5));
#2398=CARTESIAN_POINT('',(0.,0.,5.06568542494924));
#2399=CARTESIAN_POINT('',(-48.7,0.,5.06568542494924));
#2400=CARTESIAN_POINT('',(0.,0.,4.78284271247461));
#2401=CARTESIAN_POINT('',(0.,0.,10.0656854249492));
#2402=CARTESIAN_POINT('',(-48.7,0.,10.0656854249492));
#2403=CARTESIAN_POINT('',(0.,0.,0.));
#2404=CARTESIAN_POINT('',(0.,0.,10.3485281374238));
#2405=CARTESIAN_POINT('',(-48.4171572875254,0.,10.3485281374238));
#2406=CARTESIAN_POINT('',(0.,0.,10.0656854249492));
#2407=CARTESIAN_POINT('',(0.,0.,10.6313708498985));
#2408=CARTESIAN_POINT('',(-48.7,0.,10.6313708498985));
#2409=CARTESIAN_POINT('',(0.,0.,10.3485281374238));
#2410=CARTESIAN_POINT('',(0.,0.,14.6012193308821));
#2411=CARTESIAN_POINT('',(-47.149669502304,-12.1901052425114,14.6012193453791));
#2412=CARTESIAN_POINT('',(-47.1496695023015,12.1901052425209,14.6012193308821));
#2413=CARTESIAN_POINT('',(-47.149669502304,12.1901052425115,14.6012193453791));
#2414=CARTESIAN_POINT('',(-46.970351449204,12.8836830887451,15.2888926992413));
#2415=CARTESIAN_POINT('',(-46.7801920601363,13.5560741175848,15.9555593698784));
#2416=CARTESIAN_POINT('',(-46.5815763232889,14.2072779672115,16.6012193572903));
#2417=CARTESIAN_POINT('',(-46.581576387882,14.2072777554291,16.6012193308821));
#2418=CARTESIAN_POINT('',(0.,0.,16.6012193308821));
#2419=CARTESIAN_POINT('',(-35.5946518169689,33.2371894423814,16.6012193308821));
#2420=CARTESIAN_POINT('',(-35.5946517998764,33.2371894606863,16.6012193572903));
#2421=CARTESIAN_POINT('',(-35.1300005914814,33.7347976592007,15.9555593698786));
#2422=CARTESIAN_POINT('',(-34.6427725737633,34.2356760353212,15.2888926992416));
#2423=CARTESIAN_POINT('',(-34.1317755659726,34.7377589477801,14.6012193453791));
#2424=CARTESIAN_POINT('',(-34.1317755659796,34.7377589477732,14.6012193308821));
#2425=CARTESIAN_POINT('',(0.,0.,14.6012193308821));
#2426=CARTESIAN_POINT('',(-13.0178939363216,46.927864190294,14.6012193308821));
#2427=CARTESIAN_POINT('',(-13.017893936331,46.9278641902914,14.6012193453791));
#2428=CARTESIAN_POINT('',(-12.3275788754397,47.1193591240667,15.2888926992421));
#2429=CARTESIAN_POINT('',(-11.6501914686539,47.2908717767858,15.9555593698792));
#2430=CARTESIAN_POINT('',(-10.9869245234121,47.4444674278977,16.6012193572903));
#2431=CARTESIAN_POINT('',(-10.9869247391176,47.4444673779458,16.6012193308821));
#2432=CARTESIAN_POINT('',(0.,0.,16.6012193308821));
#2433=CARTESIAN_POINT('',(10.9869244990137,47.4444674335477,16.6012193308821));
#2434=CARTESIAN_POINT('',(10.9869245234125,47.4444674278976,16.6012193572903));
#2435=CARTESIAN_POINT('',(11.6501914686543,47.2908717767857,15.9555593698791));
#2436=CARTESIAN_POINT('',(12.3275788754401,47.1193591240666,15.2888926992421));
#2437=CARTESIAN_POINT('',(13.0178939363314,46.9278641902913,14.6012193453791));
#2438=CARTESIAN_POINT('',(13.0178939363219,46.9278641902939,14.6012193308821));
#2439=CARTESIAN_POINT('',(0.,0.,14.6012193308821));
#2440=CARTESIAN_POINT('',(34.1317755659729,34.7377589477798,14.6012193453791));
#2441=CARTESIAN_POINT('',(34.1317755659729,34.7377589477798,14.6012193453791));
#2442=CARTESIAN_POINT('',(34.6427725737614,34.2356760353231,15.2888926992387));
#2443=CARTESIAN_POINT('',(35.1300005914796,33.7347976592026,15.9555593698758));
#2444=CARTESIAN_POINT('',(35.5946517998766,33.237189460686,16.6012193572903));
#2445=CARTESIAN_POINT('',(35.5946516487643,33.2371896225165,16.6012193308821));
#2446=CARTESIAN_POINT('',(0.,0.,16.6012193308821));
#2447=CARTESIAN_POINT('',(46.5815763159827,14.2072779911664,16.6012193308821));
#2448=CARTESIAN_POINT('',(46.5815763232889,14.2072779672114,16.6012193572903));
#2449=CARTESIAN_POINT('',(46.7801920601362,13.556074117585,15.9555593698787));
#2450=CARTESIAN_POINT('',(46.9703514492039,12.8836830887453,15.2888926992416));
#2451=CARTESIAN_POINT('',(47.149669502304,12.1901052425113,14.6012193453791));
#2452=CARTESIAN_POINT('',(47.1496695023016,12.1901052425208,14.6012193308821));
#2453=CARTESIAN_POINT('',(0.,0.,14.6012193308821));
#2454=CARTESIAN_POINT('',(47.149669502304,-12.1901052425116,14.6012193453791));
#2455=CARTESIAN_POINT('',(47.149669502304,-12.1901052425116,14.6012193453791));
#2456=CARTESIAN_POINT('',(46.9703514492038,-12.8836830887458,15.2888926992418));
#2457=CARTESIAN_POINT('',(46.7801920601361,-13.5560741175854,15.9555593698789));
#2458=CARTESIAN_POINT('',(46.5815763232889,-14.2072779672116,16.6012193572903));
#2459=CARTESIAN_POINT('',(46.581576387882,-14.2072777554292,16.6012193308821));
#2460=CARTESIAN_POINT('',(0.,0.,16.6012193308821));
#2461=CARTESIAN_POINT('',(35.594651816969,-33.2371894423813,16.6012193308821));
#2462=CARTESIAN_POINT('',(35.5946517998765,-33.2371894606862,16.6012193572903));
#2463=CARTESIAN_POINT('',(35.1300005914819,-33.7347976592001,15.9555593698792));
#2464=CARTESIAN_POINT('',(34.6427725737638,-34.2356760353207,15.2888926992421));
#2465=CARTESIAN_POINT('',(34.1317755659727,-34.73775894778,14.6012193453791));
#2466=CARTESIAN_POINT('',(34.1317755659797,-34.7377589477731,14.6012193308821));
#2467=CARTESIAN_POINT('',(0.,0.,14.6012193308821));
#2468=CARTESIAN_POINT('',(13.0178939363311,-46.9278641902914,14.6012193453791));
#2469=CARTESIAN_POINT('',(13.0178939363311,-46.9278641902914,14.6012193453791));
#2470=CARTESIAN_POINT('',(12.3275788754385,-47.119359124067,15.2888926992435));
#2471=CARTESIAN_POINT('',(11.6501914686527,-47.2908717767861,15.9555593698805));
#2472=CARTESIAN_POINT('',(10.9869245234123,-47.4444674278976,16.6012193572903));
#2473=CARTESIAN_POINT('',(10.9869247391178,-47.4444673779458,16.6012193308821));
#2474=CARTESIAN_POINT('',(0.,0.,16.6012193308821));
#2475=CARTESIAN_POINT('',(-10.9869244990136,-47.4444674335478,16.6012193308821));
#2476=CARTESIAN_POINT('',(-10.9869245234123,-47.4444674278976,16.6012193572903));
#2477=CARTESIAN_POINT('',(-11.6501914686546,-47.2908717767856,15.9555593698787));
#2478=CARTESIAN_POINT('',(-12.3275788754404,-47.1193591240665,15.2888926992416));
#2479=CARTESIAN_POINT('',(-13.0178939363312,-46.9278641902914,14.6012193453791));
#2480=CARTESIAN_POINT('',(-13.0178939363219,-46.927864190294,14.6012193308821));
#2481=CARTESIAN_POINT('',(0.,0.,14.6012193308821));
#2482=CARTESIAN_POINT('',(-34.1317755659798,-34.737758947773,14.6012193308821));
#2483=CARTESIAN_POINT('',(-34.1317755659728,-34.7377589477799,14.6012193453791));
#2484=CARTESIAN_POINT('',(-34.6427725737649,-34.2356760353197,15.2888926992434));
#2485=CARTESIAN_POINT('',(-35.1300005914829,-33.734797659199,15.9555593698805));
#2486=CARTESIAN_POINT('',(-35.5946517998765,-33.2371894606861,16.6012193572903));
#2487=CARTESIAN_POINT('',(-35.5946516487642,-33.2371896225166,16.6012193308821));
#2488=CARTESIAN_POINT('',(0.,0.,16.6012193308821));
#2489=CARTESIAN_POINT('',(-46.5815763159827,-14.2072779911665,16.6012193308821));
#2490=CARTESIAN_POINT('',(-46.5815763232889,-14.2072779672115,16.6012193572903));
#2491=CARTESIAN_POINT('',(-46.7801920601361,-13.5560741175853,15.9555593698789));
#2492=CARTESIAN_POINT('',(-46.9703514492038,-12.8836830887457,15.2888926992418));
#2493=CARTESIAN_POINT('',(-47.149669502304,-12.1901052425114,14.6012193453791));
#2494=CARTESIAN_POINT('',(0.,0.,0.));
#2495=CARTESIAN_POINT('',(-60.0693007737199,-34.6810269717394,72.4632732743611));
#2496=CARTESIAN_POINT('',(-31.6307984568486,30.7861500112334,15.1012193308821));
#2497=CARTESIAN_POINT('',(0.,69.3620539434825,72.4632732743648));
#2498=CARTESIAN_POINT('',(-42.476987222871,12.,15.1012193308821));
#2499=CARTESIAN_POINT('',(0.,0.,15.1012193308821));
#2500=CARTESIAN_POINT('',(-42.476987222871,-12.,15.1012193308821));
#2501=CARTESIAN_POINT('',(0.,-69.3620539434795,72.4632732743612));
#2502=CARTESIAN_POINT('',(-60.0693007737224,34.6810269717413,72.4632732743648));
#2503=CARTESIAN_POINT('',(-31.6307984568488,-30.7861500112333,15.1012193308821));
#2504=CARTESIAN_POINT('',(0.,0.,15.1012193308821));
#2505=CARTESIAN_POINT('',(-10.8461887660223,-42.7861500112333,15.1012193308821));
#2506=CARTESIAN_POINT('',(60.0693007737198,-34.6810269717398,72.4632732743612));
#2507=CARTESIAN_POINT('',(-60.0693007737223,-34.6810269717411,72.4632732743646));
#2508=CARTESIAN_POINT('',(10.8461887660222,-42.7861500112333,15.1012193308821));
#2509=CARTESIAN_POINT('',(0.,0.,15.1012193308821));
#2510=CARTESIAN_POINT('',(31.6307984568487,-30.7861500112334,15.1012193308821));
#2511=CARTESIAN_POINT('',(60.0693007737198,34.6810269717396,72.4632732743611));
#2512=CARTESIAN_POINT('',(-1.6250910038111E-13,-69.3620539434825,72.4632732743648));
#2513=CARTESIAN_POINT('',(42.476987222871,-12.0000000000001,15.1012193308821));
#2514=CARTESIAN_POINT('',(0.,0.,15.1012193308821));
#2515=CARTESIAN_POINT('',(42.476987222871,11.9999999999999,15.1012193308821));
#2516=CARTESIAN_POINT('',(1.62509100381103E-13,69.3620539434795,72.4632732743612));
#2517=CARTESIAN_POINT('',(60.0693007737222,-34.6810269717414,72.4632732743647));
#2518=CARTESIAN_POINT('',(31.6307984568489,30.7861500112332,15.1012193308821));
#2519=CARTESIAN_POINT('',(0.,0.,15.1012193308821));
#2520=CARTESIAN_POINT('',(10.8461887660224,42.7861500112333,15.1012193308821));
#2521=CARTESIAN_POINT('',(-60.0693007737197,34.6810269717399,72.4632732743611));
#2522=CARTESIAN_POINT('',(60.0693007737226,34.681026971741,72.4632732743648));
#2523=CARTESIAN_POINT('',(-10.8461887660221,42.7861500112334,15.1012193308821));
#2524=CARTESIAN_POINT('',(0.,0.,15.1012193308821));
#2525=CARTESIAN_POINT('',(0.,0.,13.));
#2526=CARTESIAN_POINT('',(-42.5,0.,13.));
#2527=CARTESIAN_POINT('',(0.,0.,17.1012193308821));
#2528=CARTESIAN_POINT('',(0.,0.,12.));
#2529=CARTESIAN_POINT('',(-42.5,0.,12.));
#2530=CARTESIAN_POINT('',(0.,0.,0.));
#2531=CARTESIAN_POINT('',(0.,0.,12.));
#2532=CARTESIAN_POINT('',(-46.2,0.,12.));
#2533=CARTESIAN_POINT('',(0.,42.5,12.));
#2534=CARTESIAN_POINT('',(0.,0.,0.));
#2535=CARTESIAN_POINT('',(-41.5685440463161,20.5595907271748,5.71747239396653E-18));
#2536=CARTESIAN_POINT('',(-40.0146415694823,23.7606216546712,5.71747239396651E-18));
#2537=CARTESIAN_POINT('',(-38.0901654714434,26.7800338533038,-5.71747239396653E-17));
#2538=CARTESIAN_POINT('',(-33.6381858064307,32.2703646633812,-5.71747239396653E-17));
#2539=CARTESIAN_POINT('',(-31.1332725760295,34.7270884485651,4.89161527039358E-17));
#2540=CARTESIAN_POINT('',(-22.7883085475827,41.2387041774299,4.89161527039359E-17));
#2541=CARTESIAN_POINT('',(-16.2216135175692,44.2912133998182,3.08902327951803E-17));
#2542=CARTESIAN_POINT('',(-5.85753271057246,46.4806656991195,3.08902327951803E-17));
#2543=CARTESIAN_POINT('',(-2.36501419028669,46.8143283965712,4.76456032830544E-18));
#2544=CARTESIAN_POINT('',(4.69560856528122,46.6900158828347,4.76456032830544E-18));
#2545=CARTESIAN_POINT('',(8.23623815132546,46.2221438517242,1.41666260428282E-16));
#2546=CARTESIAN_POINT('',(15.0455291260586,44.5281125703232,1.41666260428282E-16));
#2547=CARTESIAN_POINT('',(18.3936274282939,43.283215414048,1.30866590350789E-16));
#2548=CARTESIAN_POINT('',(24.6947596048017,40.0847348639246,1.30866590350789E-16));
#2549=CARTESIAN_POINT('',(27.635922946534,38.149987329297,-5.08219768352579E-18));
#2550=CARTESIAN_POINT('',(30.3645451412518,35.8747041571751,-5.0821976835258E-18));
#2551=CARTESIAN_POINT('',(30.364545141252,35.8747041571755,2.45882229643135E-13));
#2552=CARTESIAN_POINT('',(30.3645451413086,-35.8747041571278,-2.47757137071883E-17));
#2553=CARTESIAN_POINT('',(24.9039402193034,-40.428072708016,-2.47757137071883E-17));
#2554=CARTESIAN_POINT('',(18.4584513030185,-43.6807522188628,-3.36695596533584E-17));
#2555=CARTESIAN_POINT('',(8.21595322172117,-46.2263311635019,-3.36695596533585E-17));
#2556=CARTESIAN_POINT('',(4.66283284143781,-46.6912089883625,-2.22346148654254E-17));
#2557=CARTESIAN_POINT('',(-2.34866754925629,-46.8134231037203,-2.22346148654254E-17));
#2558=CARTESIAN_POINT('',(-5.8804411284543,-46.4782029359117,-1.61200957774334E-17));
#2559=CARTESIAN_POINT('',(-12.8041370526904,-45.010771110854,-1.61200957774334E-17));
#2560=CARTESIAN_POINT('',(-16.1297134313555,-43.90016755666,-2.1916977510205E-17));
#2561=CARTESIAN_POINT('',(-22.5120361415212,-40.9354545762679,-2.1916977510205E-17));
#2562=CARTESIAN_POINT('',(-25.5697846040455,-39.0703234425149,1.71524171818996E-17));
#2563=CARTESIAN_POINT('',(-31.1664612611329,-34.6991607553977,1.71524171818996E-17));
#2564=CARTESIAN_POINT('',(-33.6813474774853,-32.2217478604979,3.81164826264435E-18));
#2565=CARTESIAN_POINT('',(-38.0957752399331,-26.7684528727602,3.81164826264435E-18));
#2566=CARTESIAN_POINT('',(-40.0178818014832,-23.7539467936559,2.5410988417629E-18));
#2567=CARTESIAN_POINT('',(-41.5685440459676,-20.5595907278927,2.5410988417629E-18));
#2568=CARTESIAN_POINT('',(30.3645451413085,-35.8747041571277,5.5888080892786E-14));
#2569=CARTESIAN_POINT('',(0.,0.,0.));
#2570=CARTESIAN_POINT('',(0.,46.375,0.));
#2571=CARTESIAN_POINT('',(-46.6823307044539,-12.,15.1012193308821));
#2572=CARTESIAN_POINT('',(-46.6873470960494,-11.9961100190797,15.0973293499618));
#2573=CARTESIAN_POINT('',(-46.6923630461754,-11.9922197534841,15.0934390843662));
#2574=CARTESIAN_POINT('',(-46.697378554968,-11.9883292034387,15.0895485343208));
#2575=CARTESIAN_POINT('',(-46.6823307044539,-12.,15.1012193308821));
#2576=CARTESIAN_POINT('',(-46.697378554968,-11.9883292034387,15.0895485343208));
#2577=CARTESIAN_POINT('',(-46.697378554968,-11.9883292034387,15.0895485343208));
#2578=CARTESIAN_POINT('',(-46.6963548863307,-11.9922194765056,15.0934388073878));
#2579=CARTESIAN_POINT('',(-46.6953312176934,-11.9961097495726,15.0973290804547));
#2580=CARTESIAN_POINT('',(-46.6943075490561,-12.0000000226395,15.1012193535216));
#2581=CARTESIAN_POINT('',(-46.6943075490561,-12.,15.1012193308821));
#2582=CARTESIAN_POINT('',(-46.6943075490561,-12.0000000226395,15.1012193535216));
#2583=CARTESIAN_POINT('',(-46.5177087241426,-12.670792196101,15.7720115269831));
#2584=CARTESIAN_POINT('',(-46.3267473412701,-13.3374588609704,16.4386781918525));
#2585=CARTESIAN_POINT('',(-46.1214234004389,-14.0000000172478,17.1012193481299));
#2586=CARTESIAN_POINT('',(-49.,-12.,15.1012193308821));
#2587=CARTESIAN_POINT('',(-49.,-14.,17.1012193308821));
#2588=CARTESIAN_POINT('',(-49.,12.,15.1012193308821));
#2589=CARTESIAN_POINT('',(-46.6823307044539,12.,15.1012193308821));
#2590=CARTESIAN_POINT('',(0.,0.,15.1012193308821));
#2591=CARTESIAN_POINT('',(-49.,0.,15.1012193308821));
#2592=CARTESIAN_POINT('',(-46.1214234004389,14.0000000172478,17.1012193481299));
#2593=CARTESIAN_POINT('',(-46.3267473412704,13.3374588609695,16.4386781918517));
#2594=CARTESIAN_POINT('',(-46.5177087241428,12.6707921961001,15.7720115269822));
#2595=CARTESIAN_POINT('',(-46.6943075490561,12.0000000226395,15.1012193535216));
#2596=CARTESIAN_POINT('',(-46.6943075490561,12.,15.1012193308821));
#2597=CARTESIAN_POINT('',(-46.6943075490561,12.0000000226395,15.1012193535216));
#2598=CARTESIAN_POINT('',(-46.6953312176934,11.9961097495725,15.0973290804547));
#2599=CARTESIAN_POINT('',(-46.6963548863307,11.9922194765056,15.0934388073877));
#2600=CARTESIAN_POINT('',(-46.697378554968,11.9883292034387,15.0895485343208));
#2601=CARTESIAN_POINT('',(-46.697378554968,11.9883292034387,15.0895485343208));
#2602=CARTESIAN_POINT('',(-46.697378554968,11.9883292034387,15.0895485343208));
#2603=CARTESIAN_POINT('',(-46.6923630461754,11.9922197534841,15.0934390843662));
#2604=CARTESIAN_POINT('',(-46.6873470960494,11.9961100190797,15.0973293499618));
#2605=CARTESIAN_POINT('',(-46.6823307044539,12.,15.1012193308821));
#2606=CARTESIAN_POINT('',(-49.,12.,15.1012193308821));
#2607=CARTESIAN_POINT('',(-14.1076951545868,-48.4352447854375,15.1012193308821));
#2608=CARTESIAN_POINT('',(-12.9488605068137,-46.4280842979234,15.1012193308821));
#2609=CARTESIAN_POINT('',(-12.9488605068137,-46.4280842979234,15.1012193308821));
#2610=CARTESIAN_POINT('',(-12.9547375249087,-46.4304836300202,15.0973293499618));
#2611=CARTESIAN_POINT('',(-12.960614568805,-46.4328824374557,15.0934390843662));
#2612=CARTESIAN_POINT('',(-12.9664916383753,-46.4352807204602,15.0895485343208));
#2613=CARTESIAN_POINT('',(-12.9664916383753,-46.4352807204603,15.0895485343208));
#2614=CARTESIAN_POINT('',(-12.9664916383753,-46.4352807204603,15.0895485343208));
#2615=CARTESIAN_POINT('',(-12.962610728753,-46.4363393339488,15.0934388073877));
#2616=CARTESIAN_POINT('',(-12.9587298191307,-46.4373979474373,15.0973290804547));
#2617=CARTESIAN_POINT('',(-12.9548489095085,-46.4384565609258,15.1012193535216));
#2618=CARTESIAN_POINT('',(-12.9548489291148,-46.4384565496061,15.1012193308821));
#2619=CARTESIAN_POINT('',(-12.9548489095085,-46.4384565609258,15.1012193535216));
#2620=CARTESIAN_POINT('',(-12.2856264341744,-46.6209135790029,15.772011526983));
#2621=CARTESIAN_POINT('',(-11.612795475105,-46.7888695027283,16.4386781918524));
#2622=CARTESIAN_POINT('',(-10.9363560323003,-46.942324332102,17.1012193481299));
#2623=CARTESIAN_POINT('',(-12.3756443470179,-49.4352447854375,17.1012193308821));
#2624=CARTESIAN_POINT('',(-34.8923048454133,-36.4352447854375,15.1012193308821));
#2625=CARTESIAN_POINT('',(-33.7334701976402,-34.4280842979234,15.1012193308821));
#2626=CARTESIAN_POINT('',(0.,0.,15.1012193308821));
#2627=CARTESIAN_POINT('',(-24.5,-42.4352447854375,15.1012193308821));
#2628=CARTESIAN_POINT('',(-35.1850673681386,-32.9423243148542,17.1012193481299));
#2629=CARTESIAN_POINT('',(-34.7139518661646,-33.4514106417587,16.4386781918515));
#2630=CARTESIAN_POINT('',(-34.2320822899676,-33.9501213829027,15.772011526982));
#2631=CARTESIAN_POINT('',(-33.7394586395477,-34.4384565382863,15.1012193535216));
#2632=CARTESIAN_POINT('',(-33.7394586199414,-34.4384565496061,15.1012193308821));
#2633=CARTESIAN_POINT('',(-33.7394586395477,-34.4384565382863,15.1012193535216));
#2634=CARTESIAN_POINT('',(-33.7366013985627,-34.4412881978647,15.0973290804547));
#2635=CARTESIAN_POINT('',(-33.7337441575778,-34.4441198574432,15.0934388073877));
#2636=CARTESIAN_POINT('',(-33.7308869165928,-34.4469515170216,15.0895485343208));
#2637=CARTESIAN_POINT('',(-33.7308869165928,-34.4469515170216,15.0895485343208));
#2638=CARTESIAN_POINT('',(-33.7308869165928,-34.4469515170216,15.0895485343208));
#2639=CARTESIAN_POINT('',(-33.7317484773705,-34.4406626839716,15.0934390843662));
#2640=CARTESIAN_POINT('',(-33.7326095711407,-34.4343736109406,15.0973293499618));
#2641=CARTESIAN_POINT('',(-33.7334701976402,-34.4280842979234,15.1012193308821));
#2642=CARTESIAN_POINT('',(-34.8923048454133,-36.4352447854375,15.1012193308821));
#2643=CARTESIAN_POINT('',(34.8923048454132,-36.4352447854376,15.1012193308821));
#2644=CARTESIAN_POINT('',(33.7334701976402,-34.4280842979234,15.1012193308821));
#2645=CARTESIAN_POINT('',(33.7334701976402,-34.4280842979234,15.1012193308821));
#2646=CARTESIAN_POINT('',(33.7326095711407,-34.4343736109406,15.0973293499618));
#2647=CARTESIAN_POINT('',(33.7317484773704,-34.4406626839716,15.0934390843662));
#2648=CARTESIAN_POINT('',(33.7308869165927,-34.4469515170217,15.0895485343208));
#2649=CARTESIAN_POINT('',(33.7308869165927,-34.4469515170217,15.0895485343208));
#2650=CARTESIAN_POINT('',(33.7308869165927,-34.4469515170217,15.0895485343208));
#2651=CARTESIAN_POINT('',(33.7337441575777,-34.4441198574432,15.0934388073877));
#2652=CARTESIAN_POINT('',(33.7366013985627,-34.4412881978648,15.0973290804547));
#2653=CARTESIAN_POINT('',(33.7394586395477,-34.4384565382864,15.1012193535216));
#2654=CARTESIAN_POINT('',(33.7394586199413,-34.4384565496061,15.1012193308821));
#2655=CARTESIAN_POINT('',(33.7394586395477,-34.4384565382864,15.1012193535216));
#2656=CARTESIAN_POINT('',(34.2320822899683,-33.950121382902,15.7720115269832));
#2657=CARTESIAN_POINT('',(34.7139518661653,-33.451410641758,16.4386781918526));
#2658=CARTESIAN_POINT('',(35.1850673681385,-32.9423243148543,17.1012193481299));
#2659=CARTESIAN_POINT('',(36.6243556529821,-35.4352447854376,17.1012193308821));
#2660=CARTESIAN_POINT('',(14.1076951545867,-48.4352447854375,15.1012193308821));
#2661=CARTESIAN_POINT('',(12.9488605068136,-46.4280842979234,15.1012193308821));
#2662=CARTESIAN_POINT('',(0.,0.,15.1012193308821));
#2663=CARTESIAN_POINT('',(24.4999999999999,-42.4352447854375,15.1012193308821));
#2664=CARTESIAN_POINT('',(10.9363560323002,-46.942324332102,17.1012193481299));
#2665=CARTESIAN_POINT('',(11.6127954751055,-46.7888695027282,16.4386781918518));
#2666=CARTESIAN_POINT('',(12.2856264341748,-46.6209135790028,15.7720115269824));
#2667=CARTESIAN_POINT('',(12.9548489095083,-46.4384565609259,15.1012193535216));
#2668=CARTESIAN_POINT('',(12.9548489291147,-46.4384565496061,15.1012193308821));
#2669=CARTESIAN_POINT('',(12.9548489095083,-46.4384565609259,15.1012193535216));
#2670=CARTESIAN_POINT('',(12.9587298191306,-46.4373979474373,15.0973290804547));
#2671=CARTESIAN_POINT('',(12.9626107287529,-46.4363393339488,15.0934388073877));
#2672=CARTESIAN_POINT('',(12.9664916383751,-46.4352807204603,15.0895485343208));
#2673=CARTESIAN_POINT('',(12.9664916383751,-46.4352807204603,15.0895485343208));
#2674=CARTESIAN_POINT('',(12.9664916383751,-46.4352807204603,15.0895485343208));
#2675=CARTESIAN_POINT('',(12.9606145688048,-46.4328824374557,15.0934390843662));
#2676=CARTESIAN_POINT('',(12.9547375249086,-46.4304836300203,15.0973293499618));
#2677=CARTESIAN_POINT('',(12.9488605068136,-46.4280842979234,15.1012193308821));
#2678=CARTESIAN_POINT('',(14.1076951545867,-48.4352447854375,15.1012193308821));
#2679=CARTESIAN_POINT('',(49.,11.9999999999999,15.1012193308821));
#2680=CARTESIAN_POINT('',(46.6823307044539,11.9999999999999,15.1012193308821));
#2681=CARTESIAN_POINT('',(46.6823307044539,11.9999999999999,15.1012193308821));
#2682=CARTESIAN_POINT('',(46.6873470960494,11.9961100190796,15.0973293499618));
#2683=CARTESIAN_POINT('',(46.6923630461754,11.992219753484,15.0934390843662));
#2684=CARTESIAN_POINT('',(46.697378554968,11.9883292034386,15.0895485343208));
#2685=CARTESIAN_POINT('',(46.697378554968,11.9883292034386,15.0895485343208));
#2686=CARTESIAN_POINT('',(46.697378554968,11.9883292034386,15.0895485343208));
#2687=CARTESIAN_POINT('',(46.6963548863307,11.9922194765055,15.0934388073878));
#2688=CARTESIAN_POINT('',(46.6953312176934,11.9961097495725,15.0973290804547));
#2689=CARTESIAN_POINT('',(46.6943075490561,12.0000000226394,15.1012193535216));
#2690=CARTESIAN_POINT('',(46.6943075490561,11.9999999999999,15.1012193308821));
#2691=CARTESIAN_POINT('',(46.6943075490561,12.0000000226394,15.1012193535216));
#2692=CARTESIAN_POINT('',(46.5177087241426,12.6707921961007,15.772011526983));
#2693=CARTESIAN_POINT('',(46.3267473412702,13.3374588609701,16.4386781918524));
#2694=CARTESIAN_POINT('',(46.1214234004389,14.0000000172477,17.1012193481299));
#2695=CARTESIAN_POINT('',(49.,13.9999999999999,17.1012193308821));
#2696=CARTESIAN_POINT('',(49.,-12.0000000000001,15.1012193308821));
#2697=CARTESIAN_POINT('',(46.6823307044539,-12.0000000000001,15.1012193308821));
#2698=CARTESIAN_POINT('',(0.,0.,15.1012193308821));
#2699=CARTESIAN_POINT('',(49.,-1.14802625729087E-13,15.1012193308821));
#2700=CARTESIAN_POINT('',(46.1214234004388,-14.0000000172479,17.1012193481299));
#2701=CARTESIAN_POINT('',(46.3267473412703,-13.3374588609696,16.4386781918516));
#2702=CARTESIAN_POINT('',(46.5177087241428,-12.6707921961002,15.7720115269822));
#2703=CARTESIAN_POINT('',(46.6943075490561,-12.0000000226396,15.1012193535216));
#2704=CARTESIAN_POINT('',(46.6943075490561,-12.0000000000001,15.1012193308821));
#2705=CARTESIAN_POINT('',(46.6943075490561,-12.0000000226396,15.1012193535216));
#2706=CARTESIAN_POINT('',(46.6953312176934,-11.9961097495726,15.0973290804547));
#2707=CARTESIAN_POINT('',(46.6963548863307,-11.9922194765057,15.0934388073877));
#2708=CARTESIAN_POINT('',(46.6973785549679,-11.9883292034388,15.0895485343208));
#2709=CARTESIAN_POINT('',(46.697378554968,-11.9883292034388,15.0895485343208));
#2710=CARTESIAN_POINT('',(46.697378554968,-11.9883292034388,15.0895485343208));
#2711=CARTESIAN_POINT('',(46.6923630461753,-11.9922197534842,15.0934390843662));
#2712=CARTESIAN_POINT('',(46.6873470960494,-11.9961100190798,15.0973293499618));
#2713=CARTESIAN_POINT('',(46.6823307044539,-12.0000000000001,15.1012193308821));
#2714=CARTESIAN_POINT('',(49.,-12.0000000000001,15.1012193308821));
#2715=CARTESIAN_POINT('',(14.1076951545869,48.4352447854375,15.1012193308821));
#2716=CARTESIAN_POINT('',(12.9488605068138,46.4280842979233,15.1012193308821));
#2717=CARTESIAN_POINT('',(12.9488605068138,46.4280842979233,15.1012193308821));
#2718=CARTESIAN_POINT('',(12.9547375249088,46.4304836300202,15.0973293499618));
#2719=CARTESIAN_POINT('',(12.960614568805,46.4328824374556,15.0934390843662));
#2720=CARTESIAN_POINT('',(12.9664916383754,46.4352807204602,15.0895485343208));
#2721=CARTESIAN_POINT('',(12.9664916383754,46.4352807204602,15.0895485343208));
#2722=CARTESIAN_POINT('',(12.9664916383754,46.4352807204602,15.0895485343208));
#2723=CARTESIAN_POINT('',(12.9626107287531,46.4363393339487,15.0934388073878));
#2724=CARTESIAN_POINT('',(12.9587298191308,46.4373979474373,15.0973290804547));
#2725=CARTESIAN_POINT('',(12.9548489095086,46.4384565609258,15.1012193535216));
#2726=CARTESIAN_POINT('',(12.9548489291149,46.438456549606,15.1012193308821));
#2727=CARTESIAN_POINT('',(12.9548489095086,46.4384565609258,15.1012193535216));
#2728=CARTESIAN_POINT('',(12.2856264341746,46.6209135790029,15.7720115269829));
#2729=CARTESIAN_POINT('',(11.6127954751052,46.7888695027283,16.4386781918523));
#2730=CARTESIAN_POINT('',(10.9363560323004,46.942324332102,17.1012193481299));
#2731=CARTESIAN_POINT('',(12.375644347018,49.4352447854375,17.1012193308821));
#2732=CARTESIAN_POINT('',(34.8923048454134,36.4352447854374,15.1012193308821));
#2733=CARTESIAN_POINT('',(33.7334701976403,34.4280842979233,15.1012193308821));
#2734=CARTESIAN_POINT('',(0.,0.,15.1012193308821));
#2735=CARTESIAN_POINT('',(24.5000000000001,42.4352447854374,15.1012193308821));
#2736=CARTESIAN_POINT('',(35.1850673681387,32.9423243148542,17.1012193481299));
#2737=CARTESIAN_POINT('',(34.7139518661645,33.4514106417587,16.4386781918513));
#2738=CARTESIAN_POINT('',(34.2320822899676,33.9501213829027,15.7720115269819));
#2739=CARTESIAN_POINT('',(33.7394586395478,34.4384565382863,15.1012193535216));
#2740=CARTESIAN_POINT('',(33.7394586199414,34.438456549606,15.1012193308821));
#2741=CARTESIAN_POINT('',(33.7394586395478,34.4384565382863,15.1012193535216));
#2742=CARTESIAN_POINT('',(33.7366013985628,34.4412881978647,15.0973290804547));
#2743=CARTESIAN_POINT('',(33.7337441575778,34.4441198574431,15.0934388073877));
#2744=CARTESIAN_POINT('',(33.7308869165928,34.4469515170215,15.0895485343208));
#2745=CARTESIAN_POINT('',(33.7308869165928,34.4469515170215,15.0895485343208));
#2746=CARTESIAN_POINT('',(33.7308869165928,34.4469515170215,15.0895485343208));
#2747=CARTESIAN_POINT('',(33.7317484773706,34.4406626839715,15.0934390843662));
#2748=CARTESIAN_POINT('',(33.7326095711408,34.4343736109405,15.0973293499618));
#2749=CARTESIAN_POINT('',(33.7334701976403,34.4280842979233,15.1012193308821));
#2750=CARTESIAN_POINT('',(34.8923048454134,36.4352447854374,15.1012193308821));
#2751=CARTESIAN_POINT('',(-34.8923048454131,36.4352447854377,15.1012193308821));
#2752=CARTESIAN_POINT('',(-33.7334701976401,34.4280842979235,15.1012193308821));
#2753=CARTESIAN_POINT('',(-33.7334701976401,34.4280842979235,15.1012193308821));
#2754=CARTESIAN_POINT('',(-33.7326095711406,34.4343736109407,15.0973293499618));
#2755=CARTESIAN_POINT('',(-33.7317484773703,34.4406626839717,15.0934390843662));
#2756=CARTESIAN_POINT('',(-33.7308869165926,34.4469515170218,15.0895485343208));
#2757=CARTESIAN_POINT('',(-33.7308869165926,34.4469515170218,15.0895485343208));
#2758=CARTESIAN_POINT('',(-33.7308869165926,34.4469515170218,15.0895485343208));
#2759=CARTESIAN_POINT('',(-33.7337441575776,34.4441198574433,15.0934388073877));
#2760=CARTESIAN_POINT('',(-33.7366013985626,34.4412881978649,15.0973290804547));
#2761=CARTESIAN_POINT('',(-33.7394586395476,34.4384565382865,15.1012193535216));
#2762=CARTESIAN_POINT('',(-33.7394586199412,34.4384565496062,15.1012193308821));
#2763=CARTESIAN_POINT('',(-33.7394586395476,34.4384565382865,15.1012193535216));
#2764=CARTESIAN_POINT('',(-34.2320822899681,33.9501213829022,15.772011526983));
#2765=CARTESIAN_POINT('',(-34.713951866165,33.4514106417582,16.4386781918524));
#2766=CARTESIAN_POINT('',(-35.1850673681384,32.9423243148544,17.1012193481299));
#2767=CARTESIAN_POINT('',(-36.624355652982,35.4352447854377,17.1012193308821));
#2768=CARTESIAN_POINT('',(-14.1076951545865,48.4352447854376,15.1012193308821));
#2769=CARTESIAN_POINT('',(-12.9488605068135,46.4280842979234,15.1012193308821));
#2770=CARTESIAN_POINT('',(0.,0.,15.1012193308821));
#2771=CARTESIAN_POINT('',(-24.4999999999998,42.4352447854376,15.1012193308821));
#2772=CARTESIAN_POINT('',(-10.9363560323001,46.9423243321021,17.1012193481299));
#2773=CARTESIAN_POINT('',(-11.6127954751056,46.7888695027281,16.4386781918515));
#2774=CARTESIAN_POINT('',(-12.285626434175,46.6209135790027,15.7720115269821));
#2775=CARTESIAN_POINT('',(-12.9548489095082,46.4384565609259,15.1012193535216));
#2776=CARTESIAN_POINT('',(-12.9548489291146,46.4384565496062,15.1012193308821));
#2777=CARTESIAN_POINT('',(-12.9548489095082,46.4384565609259,15.1012193535216));
#2778=CARTESIAN_POINT('',(-12.9587298191305,46.4373979474374,15.0973290804547));
#2779=CARTESIAN_POINT('',(-12.9626107287528,46.4363393339489,15.0934388073877));
#2780=CARTESIAN_POINT('',(-12.9664916383751,46.4352807204603,15.0895485343208));
#2781=CARTESIAN_POINT('',(-12.9664916383751,46.4352807204603,15.0895485343208));
#2782=CARTESIAN_POINT('',(-12.9664916383751,46.4352807204603,15.0895485343208));
#2783=CARTESIAN_POINT('',(-12.9606145688047,46.4328824374557,15.0934390843662));
#2784=CARTESIAN_POINT('',(-12.9547375249085,46.4304836300203,15.0973293499618));
#2785=CARTESIAN_POINT('',(-12.9488605068135,46.4280842979234,15.1012193308821));
#2786=CARTESIAN_POINT('',(-14.1076951545865,48.4352447854376,15.1012193308821));
#2787=CARTESIAN_POINT('',(-46.5815764713536,14.2072777808877,16.6012192436145));
#2788=CARTESIAN_POINT('',(-46.4271472170837,14.1383622072473,16.7690356871603));
#2789=CARTESIAN_POINT('',(-46.2738793530417,14.0695339348539,16.9357023829161));
#2790=CARTESIAN_POINT('',(-46.1217686154537,14.0008021121132,17.1012193308821));
#2791=CARTESIAN_POINT('',(-35.1859346101756,32.9422222323942,17.1012193308821));
#2792=CARTESIAN_POINT('',(-35.3215134835127,33.0395880839644,16.9357023829146));
#2793=CARTESIAN_POINT('',(-35.4577544479249,33.1379078116119,16.7690356871587));
#2794=CARTESIAN_POINT('',(-35.5946517125476,33.2371896820759,16.6012192436145));
#2795=CARTESIAN_POINT('',(0.,0.,16.6012193308821));
#2796=CARTESIAN_POINT('',(-46.1217686154536,-14.0008021121132,17.1012193308821));
#2797=CARTESIAN_POINT('',(-46.2738793530381,-14.0695339348523,16.9357023829201));
#2798=CARTESIAN_POINT('',(-46.4271472170801,-14.1383622072456,16.7690356871642));
#2799=CARTESIAN_POINT('',(-46.5815764713536,-14.2072777808877,16.6012192436145));
#2800=CARTESIAN_POINT('',(-35.5946517125478,-33.2371896820758,16.6012192436145));
#2801=CARTESIAN_POINT('',(-35.4577544479235,-33.1379078116107,16.7690356871606));
#2802=CARTESIAN_POINT('',(-35.3215134835113,-33.0395880839631,16.9357023829165));
#2803=CARTESIAN_POINT('',(-35.1859346101757,-32.942222232394,17.1012193308822));
#2804=CARTESIAN_POINT('',(0.,0.,16.6012193308821));
#2805=CARTESIAN_POINT('',(10.9869247588057,-47.4444674629636,16.6012192436145));
#2806=CARTESIAN_POINT('',(10.9693927691596,-47.276270018856,16.7690356871624));
#2807=CARTESIAN_POINT('',(10.9523658695298,-47.1091220188152,16.9357023829183));
#2808=CARTESIAN_POINT('',(10.9358340052778,-46.9430243445073,17.1012193308821));
#2809=CARTESIAN_POINT('',(-10.935834005278,-46.9430243445073,17.1012193308821));
#2810=CARTESIAN_POINT('',(-10.95236586953,-47.1091220188154,16.935702382918));
#2811=CARTESIAN_POINT('',(-10.9693927691598,-47.2762700188563,16.7690356871621));
#2812=CARTESIAN_POINT('',(-10.9869247588058,-47.4444674629635,16.6012192436145));
#2813=CARTESIAN_POINT('',(0.,0.,16.6012193308821));
#2814=CARTESIAN_POINT('',(46.5815764713535,-14.2072777808878,16.6012192436145));
#2815=CARTESIAN_POINT('',(46.4271472170824,-14.1383622072468,16.7690356871617));
#2816=CARTESIAN_POINT('',(46.2738793530404,-14.0695339348535,16.9357023829176));
#2817=CARTESIAN_POINT('',(46.1217686154536,-14.0008021121133,17.1012193308821));
#2818=CARTESIAN_POINT('',(35.1859346101757,-32.9422222323942,17.1012193308821));
#2819=CARTESIAN_POINT('',(35.3215134835155,-33.0395880839663,16.9357023829113));
#2820=CARTESIAN_POINT('',(35.4577544479277,-33.1379078116137,16.7690356871555));
#2821=CARTESIAN_POINT('',(35.5946517125478,-33.2371896820758,16.6012192436145));
#2822=CARTESIAN_POINT('',(0.,0.,16.6012193308821));
#2823=CARTESIAN_POINT('',(-10.9869247588056,47.4444674629636,16.6012192436145));
#2824=CARTESIAN_POINT('',(-10.9693927691597,47.2762700188578,16.7690356871607));
#2825=CARTESIAN_POINT('',(-10.9523658695299,47.1091220188169,16.9357023829166));
#2826=CARTESIAN_POINT('',(-10.9358340052778,46.9430243445073,17.1012193308822));
#2827=CARTESIAN_POINT('',(10.9358340052781,46.9430243445073,17.1012193308821));
#2828=CARTESIAN_POINT('',(10.9523658695301,47.1091220188164,16.935702382917));
#2829=CARTESIAN_POINT('',(10.9693927691599,47.2762700188572,16.7690356871611));
#2830=CARTESIAN_POINT('',(10.9869247588059,47.4444674629635,16.6012192436145));
#2831=CARTESIAN_POINT('',(0.,0.,16.6012193308821));
#2832=CARTESIAN_POINT('',(35.5946517125479,33.2371896820757,16.6012192436145));
#2833=CARTESIAN_POINT('',(35.4577544479241,33.1379078116109,16.7690356871601));
#2834=CARTESIAN_POINT('',(35.3215134835118,33.0395880839634,16.935702382916));
#2835=CARTESIAN_POINT('',(35.1859346101758,32.942222232394,17.1012193308821));
#2836=CARTESIAN_POINT('',(46.1217686154537,14.0008021121132,17.1012193308821));
#2837=CARTESIAN_POINT('',(46.2738793530395,14.0695339348529,16.9357023829185));
#2838=CARTESIAN_POINT('',(46.4271472170815,14.1383622072462,16.7690356871627));
#2839=CARTESIAN_POINT('',(46.5815764713536,14.2072777808876,16.6012192436145));
#2840=CARTESIAN_POINT('',(0.,0.,16.6012193308821));
#2841=CARTESIAN_POINT('',(-46.365,0.,-0.0855197095793943));
#2842=CARTESIAN_POINT('',(-46.365,-3.03458215382689,-0.0724988762460609));
#2843=CARTESIAN_POINT('',(-45.7672396321385,-9.10366998366077,-0.0464572095793943));
#2844=CARTESIAN_POINT('',(-43.1118038094926,-17.8574938362599,-0.00739470957939425));
#2845=CARTESIAN_POINT('',(-38.7995922792058,-25.9250587209439,0.0316677904206057));
#2846=CARTESIAN_POINT('',(-32.996346114534,-32.996346114534,0.0707302904206057));
#2847=CARTESIAN_POINT('',(-25.9250587209439,-38.7995922792058,0.109792790420606));
#2848=CARTESIAN_POINT('',(-17.8574938362599,-43.1118038094926,0.148855290420606));
#2849=CARTESIAN_POINT('',(-9.10366998366078,-45.7672396321385,0.187917790420606));
#2850=CARTESIAN_POINT('',(-2.66453525910038E-15,-46.6638801839308,0.226980290420606));
#2851=CARTESIAN_POINT('',(9.10366998366077,-45.7672396321385,0.266042790420606));
#2852=CARTESIAN_POINT('',(17.8574938362599,-43.1118038094926,0.305105290420606));
#2853=CARTESIAN_POINT('',(25.9250587209439,-38.7995922792058,0.344167790420606));
#2854=CARTESIAN_POINT('',(32.996346114534,-32.996346114534,0.383230290420606));
#2855=CARTESIAN_POINT('',(38.7995922792058,-25.9250587209439,0.422292790420606));
#2856=CARTESIAN_POINT('',(43.1118038094926,-17.8574938362599,0.461355290420606));
#2857=CARTESIAN_POINT('',(45.7672396321385,-9.1036699836608,0.500417790420606));
#2858=CARTESIAN_POINT('',(46.6638801839308,-4.44089209850063E-15,0.539480290420606));
#2859=CARTESIAN_POINT('',(45.7672396321385,9.10366998366079,0.578542790420606));
#2860=CARTESIAN_POINT('',(43.1118038094926,17.8574938362599,0.617605290420606));
#2861=CARTESIAN_POINT('',(38.7995922792058,25.9250587209439,0.656667790420606));
#2862=CARTESIAN_POINT('',(32.996346114534,32.996346114534,0.695730290420606));
#2863=CARTESIAN_POINT('',(25.9250587209439,38.7995922792058,0.734792790420606));
#2864=CARTESIAN_POINT('',(17.85749383626,43.1118038094926,0.773855290420606));
#2865=CARTESIAN_POINT('',(9.10366998366079,45.7672396321385,0.812917790420606));
#2866=CARTESIAN_POINT('',(8.88178419700125E-15,46.6638801839308,0.851980290420606));
#2867=CARTESIAN_POINT('',(-9.10366998366078,45.7672396321385,0.891042790420606));
#2868=CARTESIAN_POINT('',(-17.8574938362599,43.1118038094926,0.930105290420606));
#2869=CARTESIAN_POINT('',(-25.9250587209438,38.7995922792058,0.969167790420606));
#2870=CARTESIAN_POINT('',(-32.996346114534,32.996346114534,1.00823029042061));
#2871=CARTESIAN_POINT('',(-38.7995922792058,25.9250587209439,1.04729279042061));
#2872=CARTESIAN_POINT('',(-43.1118038094926,17.85749383626,1.08635529042061));
#2873=CARTESIAN_POINT('',(-45.7672396321385,9.10366998366079,1.12541779042061));
#2874=CARTESIAN_POINT('',(-46.6638801839308,1.24344978758018E-14,1.16448029042061));
#2875=CARTESIAN_POINT('',(-45.7672396321385,-9.10366998366078,1.20354279042061));
#2876=CARTESIAN_POINT('',(-43.1118038094926,-17.8574938362599,1.24260529042061));
#2877=CARTESIAN_POINT('',(-38.7995922792058,-25.9250587209438,1.28166779042061));
#2878=CARTESIAN_POINT('',(-32.996346114534,-32.996346114534,1.32073029042061));
#2879=CARTESIAN_POINT('',(-25.9250587209439,-38.7995922792058,1.35979279042061));
#2880=CARTESIAN_POINT('',(-17.85749383626,-43.1118038094926,1.39885529042061));
#2881=CARTESIAN_POINT('',(-9.1036699836608,-45.7672396321385,1.43791779042061));
#2882=CARTESIAN_POINT('',(6.21724893790088E-15,-46.6638801839307,1.47698029042061));
#2883=CARTESIAN_POINT('',(9.10366998366069,-45.7672396321385,1.51604279042061));
#2884=CARTESIAN_POINT('',(17.85749383626,-43.1118038094926,1.55510529042061));
#2885=CARTESIAN_POINT('',(25.9250587209439,-38.7995922792058,1.59416779042061));
#2886=CARTESIAN_POINT('',(32.9963461145339,-32.996346114534,1.63323029042061));
#2887=CARTESIAN_POINT('',(38.7995922792058,-25.9250587209438,1.67229279042061));
#2888=CARTESIAN_POINT('',(43.1118038094926,-17.85749383626,1.71135529042061));
#2889=CARTESIAN_POINT('',(45.7672396321385,-9.10366998366072,1.75041779042061));
#2890=CARTESIAN_POINT('',(46.6638801839307,-1.68753899743024E-14,1.78948029042061));
#2891=CARTESIAN_POINT('',(45.7672396321385,9.10366998366069,1.82854279042061));
#2892=CARTESIAN_POINT('',(43.1118038094926,17.85749383626,1.86760529042061));
#2893=CARTESIAN_POINT('',(38.7995922792058,25.9250587209438,1.90666779042061));
#2894=CARTESIAN_POINT('',(32.996346114534,32.996346114534,1.94573029042061));
#2895=CARTESIAN_POINT('',(25.9250587209439,38.7995922792058,1.98479279042061));
#2896=CARTESIAN_POINT('',(17.85749383626,43.1118038094926,2.02385529042061));
#2897=CARTESIAN_POINT('',(9.10366998366072,45.7672396321385,2.06291779042061));
#2898=CARTESIAN_POINT('',(1.95399252334028E-14,46.6638801839307,2.10198029042061));
#2899=CARTESIAN_POINT('',(-9.10366998366069,45.7672396321385,2.14104279042061));
#2900=CARTESIAN_POINT('',(-17.8574938362599,43.1118038094926,2.18010529042061));
#2901=CARTESIAN_POINT('',(-25.9250587209439,38.7995922792058,2.21916779042061));
#2902=CARTESIAN_POINT('',(-32.9963461145339,32.9963461145341,2.25823029042061));
#2903=CARTESIAN_POINT('',(-38.7995922792058,25.9250587209439,2.29729279042061));
#2904=CARTESIAN_POINT('',(-43.1118038094926,17.85749383626,2.33635529042061));
#2905=CARTESIAN_POINT('',(-45.7672396321385,9.10366998366072,2.37541779042061));
#2906=CARTESIAN_POINT('',(-46.6638801839307,2.30926389122033E-14,2.41448029042061));
#2907=CARTESIAN_POINT('',(-45.7672396321385,-9.10366998366068,2.45354279042061));
#2908=CARTESIAN_POINT('',(-43.1118038094926,-17.85749383626,2.49260529042061));
#2909=CARTESIAN_POINT('',(-38.7995922792058,-25.9250587209438,2.53166779042061));
#2910=CARTESIAN_POINT('',(-32.996346114534,-32.996346114534,2.57073029042061));
#2911=CARTESIAN_POINT('',(-25.9250587209439,-38.7995922792058,2.60979279042061));
#2912=CARTESIAN_POINT('',(-17.85749383626,-43.1118038094926,2.64885529042061));
#2913=CARTESIAN_POINT('',(-9.10366998366073,-45.7672396321385,2.68791779042061));
#2914=CARTESIAN_POINT('',(-2.39808173319034E-14,-46.6638801839307,2.72698029042061));
#2915=CARTESIAN_POINT('',(9.10366998366068,-45.7672396321385,2.76604279042061));
#2916=CARTESIAN_POINT('',(17.85749383626,-43.1118038094926,2.80510529042061));
#2917=CARTESIAN_POINT('',(25.9250587209438,-38.7995922792058,2.84416779042061));
#2918=CARTESIAN_POINT('',(32.9963461145339,-32.9963461145341,2.88323029042061));
#2919=CARTESIAN_POINT('',(38.7995922792058,-25.9250587209439,2.92229279042061));
#2920=CARTESIAN_POINT('',(43.1118038094926,-17.85749383626,2.96135529042061));
#2921=CARTESIAN_POINT('',(45.7672396321385,-9.10366998366073,3.00041779042061));
#2922=CARTESIAN_POINT('',(46.6638801839307,-3.81916720471054E-14,3.03948029042061));
#2923=CARTESIAN_POINT('',(45.7672396321385,9.10366998366072,3.07854279042061));
#2924=CARTESIAN_POINT('',(43.1118038094927,17.8574938362598,3.11760529042061));
#2925=CARTESIAN_POINT('',(38.7995922792057,25.925058720944,3.15666779042061));
#2926=CARTESIAN_POINT('',(32.996346114534,32.996346114534,3.19573029042061));
#2927=CARTESIAN_POINT('',(25.9250587209439,38.7995922792058,3.23479279042061));
#2928=CARTESIAN_POINT('',(17.85749383626,43.1118038094926,3.27385529042061));
#2929=CARTESIAN_POINT('',(9.10366998366086,45.7672396321385,3.31291779042061));
#2930=CARTESIAN_POINT('',(1.74971148680925E-13,46.6638801839308,3.35198029042061));
#2931=CARTESIAN_POINT('',(-9.10366998366088,45.7672396321385,3.39104279042061));
#2932=CARTESIAN_POINT('',(-17.8574938362599,43.1118038094927,3.43010529042061));
#2933=CARTESIAN_POINT('',(-25.9250587209438,38.7995922792058,3.46916779042061));
#2934=CARTESIAN_POINT('',(-32.9963461145339,32.996346114534,3.50823029042061));
#2935=CARTESIAN_POINT('',(-38.7995922792057,25.925058720944,3.54729279042061));
#2936=CARTESIAN_POINT('',(-43.1118038094927,17.8574938362598,3.58635529042061));
#2937=CARTESIAN_POINT('',(-45.7672396321385,9.10366998366077,3.62541779042061));
#2938=CARTESIAN_POINT('',(-46.6638801839308,3.37507799486048E-14,3.66448029042061));
#2939=CARTESIAN_POINT('',(-45.7672396321385,-9.10366998366071,3.70354279042061));
#2940=CARTESIAN_POINT('',(-43.1118038094927,-17.8574938362598,3.74260529042061));
#2941=CARTESIAN_POINT('',(-38.7995922792058,-25.925058720944,3.78166779042061));
#2942=CARTESIAN_POINT('',(-32.996346114534,-32.996346114534,3.82073029042061));
#2943=CARTESIAN_POINT('',(-25.9250587209439,-38.7995922792058,3.85979279042061));
#2944=CARTESIAN_POINT('',(-17.8574938362599,-43.1118038094926,3.89885529042061));
#2945=CARTESIAN_POINT('',(-9.10366998366094,-45.7672396321385,3.93791779042061));
#2946=CARTESIAN_POINT('',(1.07469588783715E-13,-46.6638801839308,3.97698029042061));
#2947=CARTESIAN_POINT('',(9.10366998366079,-45.7672396321385,4.01604279042061));
#2948=CARTESIAN_POINT('',(17.8574938362599,-43.1118038094926,4.05510529042061));
#2949=CARTESIAN_POINT('',(25.9250587209438,-38.7995922792058,4.09416779042061));
#2950=CARTESIAN_POINT('',(32.9963461145339,-32.996346114534,4.13323029042061));
#2951=CARTESIAN_POINT('',(38.7995922792057,-25.925058720944,4.17229279042061));
#2952=CARTESIAN_POINT('',(43.1118038094927,-17.8574938362598,4.21135529042061));
#2953=CARTESIAN_POINT('',(45.7672396321385,-9.10366998366078,4.25041779042061));
#2954=CARTESIAN_POINT('',(46.6638801839308,-3.99680288865056E-14,4.28948029042061));
#2955=CARTESIAN_POINT('',(45.7672396321385,9.10366998366071,4.32854279042061));
#2956=CARTESIAN_POINT('',(43.1118038094927,17.8574938362598,4.36760529042061));
#2957=CARTESIAN_POINT('',(38.7995922792058,25.925058720944,4.40666779042061));
#2958=CARTESIAN_POINT('',(32.996346114534,32.996346114534,4.44573029042061));
#2959=CARTESIAN_POINT('',(25.9250587209439,38.7995922792058,4.48479279042061));
#2960=CARTESIAN_POINT('',(17.85749383626,43.1118038094926,4.52385529042061));
#2961=CARTESIAN_POINT('',(9.10366998366087,45.7672396321385,4.56291779042061));
#2962=CARTESIAN_POINT('',(1.85629289717326E-13,46.6638801839308,4.60198029042061));
#2963=CARTESIAN_POINT('',(-9.10366998366086,45.7672396321385,4.64104279042061));
#2964=CARTESIAN_POINT('',(-17.8574938362599,43.1118038094927,4.68010529042061));
#2965=CARTESIAN_POINT('',(-25.9250587209438,38.7995922792058,4.71916779042061));
#2966=CARTESIAN_POINT('',(-32.9963461145339,32.996346114534,4.75823029042061));
#2967=CARTESIAN_POINT('',(-38.7995922792057,25.925058720944,4.79729279042061));
#2968=CARTESIAN_POINT('',(-43.1118038094927,17.8574938362598,4.83635529042061));
#2969=CARTESIAN_POINT('',(-45.7672396321385,9.10366998366079,4.87541779042061));
#2970=CARTESIAN_POINT('',(-46.6638801839308,4.44089209850063E-14,4.91448029042061));
#2971=CARTESIAN_POINT('',(-45.7672396321385,-9.1036699836607,4.95354279042061));
#2972=CARTESIAN_POINT('',(-43.1118038094927,-17.8574938362598,4.99260529042061));
#2973=CARTESIAN_POINT('',(-38.7995922792058,-25.925058720944,5.03166779042061));
#2974=CARTESIAN_POINT('',(-32.996346114534,-32.996346114534,5.07073029042061));
#2975=CARTESIAN_POINT('',(-25.9250587209439,-38.7995922792058,5.10979279042061));
#2976=CARTESIAN_POINT('',(-17.85749383626,-43.1118038094926,5.14885529042061));
#2977=CARTESIAN_POINT('',(-9.10366998366095,-45.7672396321385,5.18791779042061));
#2978=CARTESIAN_POINT('',(9.59232693276135E-14,-46.6638801839308,5.22698029042061));
#2979=CARTESIAN_POINT('',(9.10366998366078,-45.7672396321385,5.26604279042061));
#2980=CARTESIAN_POINT('',(17.8574938362599,-43.1118038094926,5.30510529042061));
#2981=CARTESIAN_POINT('',(25.9250587209438,-38.7995922792058,5.34416779042061));
#2982=CARTESIAN_POINT('',(32.9963461145339,-32.996346114534,5.38323029042061));
#2983=CARTESIAN_POINT('',(38.7995922792057,-25.9250587209441,5.42229279042061));
#2984=CARTESIAN_POINT('',(43.1118038094927,-17.8574938362598,5.46135529042061));
#2985=CARTESIAN_POINT('',(45.7672396321385,-9.1036699836608,5.50041779042061));
#2986=CARTESIAN_POINT('',(46.6638801839308,-5.06261699229071E-14,5.53948029042061));
#2987=CARTESIAN_POINT('',(45.7672396321385,9.10366998366069,5.57854279042061));
#2988=CARTESIAN_POINT('',(43.1118038094927,17.8574938362598,5.61760529042061));
#2989=CARTESIAN_POINT('',(38.7995922792058,25.925058720944,5.65666779042061));
#2990=CARTESIAN_POINT('',(32.996346114534,32.996346114534,5.69573029042061));
#2991=CARTESIAN_POINT('',(25.9250587209439,38.7995922792057,5.73479279042061));
#2992=CARTESIAN_POINT('',(17.85749383626,43.1118038094926,5.77385529042061));
#2993=CARTESIAN_POINT('',(9.10366998366088,45.7672396321385,5.81291779042061));
#2994=CARTESIAN_POINT('',(1.98063787593128E-13,46.6638801839308,5.85198029042061));
#2995=CARTESIAN_POINT('',(-9.10366998366085,45.7672396321385,5.89104279042061));
#2996=CARTESIAN_POINT('',(-17.8574938362599,43.1118038094926,5.93010529042061));
#2997=CARTESIAN_POINT('',(-25.9250587209438,38.7995922792058,5.96916779042061));
#2998=CARTESIAN_POINT('',(-32.9963461145339,32.996346114534,6.00823029042061));
#2999=CARTESIAN_POINT('',(-38.7995922792057,25.925058720944,6.04729279042061));
#3000=CARTESIAN_POINT('',(-43.1118038094927,17.8574938362599,6.08635529042061));
#3001=CARTESIAN_POINT('',(-45.7672396321385,9.1036699836608,6.12541779042061));
#3002=CARTESIAN_POINT('',(-46.6638801839308,5.59552404411079E-14,6.16448029042061));
#3003=CARTESIAN_POINT('',(-45.7672396321385,-9.10366998366069,6.20354279042061));
#3004=CARTESIAN_POINT('',(-43.1118038094927,-17.8574938362598,6.24260529042061));
#3005=CARTESIAN_POINT('',(-38.7995922792059,-25.9250587209437,6.28166779042061));
#3006=CARTESIAN_POINT('',(-32.9963461145341,-32.9963461145339,6.32073029042061));
#3007=CARTESIAN_POINT('',(-25.9250587209442,-38.7995922792056,6.35979279042061));
#3008=CARTESIAN_POINT('',(-17.8574938362597,-43.1118038094927,6.39885529042061));
#3009=CARTESIAN_POINT('',(-9.10366998366072,-45.7672396321385,6.43791779042061));
#3010=CARTESIAN_POINT('',(2.48689957516035E-14,-46.6638801839308,6.47698029042061));
#3011=CARTESIAN_POINT('',(9.10366998366077,-45.7672396321385,6.51604279042061));
#3012=CARTESIAN_POINT('',(17.8574938362599,-43.1118038094926,6.55510529042061));
#3013=CARTESIAN_POINT('',(25.9250587209438,-38.7995922792058,6.59416779042061));
#3014=CARTESIAN_POINT('',(32.9963461145339,-32.9963461145341,6.63323029042061));
#3015=CARTESIAN_POINT('',(38.7995922792057,-25.925058720944,6.67229279042061));
#3016=CARTESIAN_POINT('',(43.1118038094926,-17.8574938362601,6.71135529042061));
#3017=CARTESIAN_POINT('',(45.7672396321385,-9.10366998366097,6.75041779042061));
#3018=CARTESIAN_POINT('',(46.6638801839308,-3.50830475781549E-13,6.78948029042061));
#3019=CARTESIAN_POINT('',(45.7672396321385,9.10366998366101,6.82854279042061));
#3020=CARTESIAN_POINT('',(43.1118038094926,17.8574938362599,6.86760529042061));
#3021=CARTESIAN_POINT('',(38.7995922792058,25.9250587209439,6.90666779042061));
#3022=CARTESIAN_POINT('',(32.996346114534,32.996346114534,6.94573029042061));
#3023=CARTESIAN_POINT('',(25.9250587209439,38.7995922792058,6.98479279042061));
#3024=CARTESIAN_POINT('',(17.85749383626,43.1118038094926,7.02385529042061));
#3025=CARTESIAN_POINT('',(9.10366998366089,45.7672396321385,7.06291779042061));
#3026=CARTESIAN_POINT('',(1.48325796089921E-13,46.6638801839307,7.10198029042061));
#3027=CARTESIAN_POINT('',(-9.1036699836606,45.7672396321385,7.14104279042061));
#3028=CARTESIAN_POINT('',(-17.8574938362596,43.1118038094928,7.18010529042061));
#3029=CARTESIAN_POINT('',(-25.9250587209441,38.7995922792057,7.21916779042061));
#3030=CARTESIAN_POINT('',(-32.996346114534,32.996346114534,7.25823029042061));
#3031=CARTESIAN_POINT('',(-38.7995922792058,25.9250587209439,7.29729279042061));
#3032=CARTESIAN_POINT('',(-43.1118038094926,17.8574938362599,7.33635529042061));
#3033=CARTESIAN_POINT('',(-45.7672396321385,9.10366998366081,7.37541779042061));
#3034=CARTESIAN_POINT('',(-46.6638801839308,6.75015598972095E-14,7.41448029042061));
#3035=CARTESIAN_POINT('',(-45.7672396321385,-9.10366998366068,7.45354279042061));
#3036=CARTESIAN_POINT('',(-43.1118038094927,-17.8574938362598,7.49260529042061));
#3037=CARTESIAN_POINT('',(-38.7995922792059,-25.9250587209437,7.53166779042061));
#3038=CARTESIAN_POINT('',(-32.9963461145341,-32.9963461145339,7.57073029042061));
#3039=CARTESIAN_POINT('',(-25.9250587209442,-38.7995922792056,7.60979279042061));
#3040=CARTESIAN_POINT('',(-17.8574938362597,-43.1118038094927,7.64885529042061));
#3041=CARTESIAN_POINT('',(-9.10366998366073,-45.7672396321385,7.68791779042061));
#3042=CARTESIAN_POINT('',(1.24344978758018E-14,-46.6638801839308,7.72698029042061));
#3043=CARTESIAN_POINT('',(9.10366998366076,-45.7672396321385,7.76604279042061));
#3044=CARTESIAN_POINT('',(17.8574938362599,-43.1118038094927,7.80510529042061));
#3045=CARTESIAN_POINT('',(25.9250587209438,-38.7995922792058,7.84416779042061));
#3046=CARTESIAN_POINT('',(32.9963461145339,-32.9963461145341,7.88323029042061));
#3047=CARTESIAN_POINT('',(38.7995922792057,-25.925058720944,7.92229279042061));
#3048=CARTESIAN_POINT('',(43.1118038094926,-17.85749383626,7.96135529042061));
#3049=CARTESIAN_POINT('',(45.7672396321384,-9.10366998366114,8.00041779042061));
#3050=CARTESIAN_POINT('',(46.6638801839308,2.1316282072803E-13,8.03948029042061));
#3051=CARTESIAN_POINT('',(45.7672396321385,9.10366998366083,8.07854279042061));
#3052=CARTESIAN_POINT('',(43.1118038094926,17.8574938362599,8.11760529042061));
#3053=CARTESIAN_POINT('',(38.7995922792058,25.9250587209439,8.15666779042061));
#3054=CARTESIAN_POINT('',(32.996346114534,32.996346114534,8.19573029042061));
#3055=CARTESIAN_POINT('',(25.9250587209439,38.7995922792058,8.23479279042061));
#3056=CARTESIAN_POINT('',(17.85749383626,43.1118038094926,8.27385529042061));
#3057=CARTESIAN_POINT('',(9.1036699836609,45.7672396321385,8.31291779042061));
#3058=CARTESIAN_POINT('',(1.59872115546023E-13,46.6638801839307,8.35198029042061));
#3059=CARTESIAN_POINT('',(-9.10366998366059,45.7672396321385,8.39104279042061));
#3060=CARTESIAN_POINT('',(-17.8574938362596,43.1118038094928,8.43010529042061));
#3061=CARTESIAN_POINT('',(-25.9250587209441,38.7995922792057,8.46916779042061));
#3062=CARTESIAN_POINT('',(-32.996346114534,32.996346114534,8.50823029042061));
#3063=CARTESIAN_POINT('',(-38.7995922792058,25.9250587209439,8.54729279042061));
#3064=CARTESIAN_POINT('',(-43.1118038094926,17.8574938362599,8.58635529042061));
#3065=CARTESIAN_POINT('',(-45.7672396321385,9.10366998366082,8.62541779042061));
#3066=CARTESIAN_POINT('',(-46.6638801839308,7.99360577730113E-14,8.66448029042061));
#3067=CARTESIAN_POINT('',(-45.7672396321385,-9.10366998366067,8.70354279042061));
#3068=CARTESIAN_POINT('',(-43.1118038094927,-17.8574938362598,8.74260529042061));
#3069=CARTESIAN_POINT('',(-38.7995922792059,-25.9250587209437,8.78166779042061));
#3070=CARTESIAN_POINT('',(-32.9963461145341,-32.9963461145339,8.82073029042061));
#3071=CARTESIAN_POINT('',(-25.9250587209442,-38.7995922792056,8.85979279042061));
#3072=CARTESIAN_POINT('',(-17.8574938362598,-43.1118038094927,8.89885529042061));
#3073=CARTESIAN_POINT('',(-9.10366998366075,-45.7672396321385,8.93791779042061));
#3074=CARTESIAN_POINT('',(8.88178419700125E-16,-46.6638801839308,8.97698029042061));
#3075=CARTESIAN_POINT('',(9.10366998366075,-45.7672396321385,9.01604279042061));
#3076=CARTESIAN_POINT('',(17.8574938362599,-43.1118038094927,9.05510529042061));
#3077=CARTESIAN_POINT('',(25.9250587209438,-38.7995922792058,9.09416779042061));
#3078=CARTESIAN_POINT('',(32.9963461145339,-32.9963461145341,9.13323029042061));
#3079=CARTESIAN_POINT('',(38.7995922792057,-25.925058720944,9.17229279042061));
#3080=CARTESIAN_POINT('',(43.1118038094926,-17.8574938362601,9.21135529042061));
#3081=CARTESIAN_POINT('',(45.7672396321385,-9.10366998366099,9.25041779042061));
#3082=CARTESIAN_POINT('',(46.6638801839308,-3.74811293113453E-13,9.28948029042061));
#3083=CARTESIAN_POINT('',(45.7672396321385,9.10366998366099,9.32854279042061));
#3084=CARTESIAN_POINT('',(43.1118038094926,17.8574938362599,9.36760529042061));
#3085=CARTESIAN_POINT('',(38.7995922792058,25.9250587209439,9.40666779042061));
#3086=CARTESIAN_POINT('',(32.996346114534,32.996346114534,9.44573029042061));
#3087=CARTESIAN_POINT('',(25.9250587209439,38.7995922792058,9.48479279042061));
#3088=CARTESIAN_POINT('',(17.85749383626,43.1118038094926,9.52385529042061));
#3089=CARTESIAN_POINT('',(9.10366998366091,45.7672396321385,9.56291779042061));
#3090=CARTESIAN_POINT('',(1.71418435002124E-13,46.6638801839307,9.60198029042061));
#3091=CARTESIAN_POINT('',(-9.10366998366058,45.7672396321385,9.64104279042061));
#3092=CARTESIAN_POINT('',(-17.8574938362596,43.1118038094928,9.68010529042061));
#3093=CARTESIAN_POINT('',(-25.9250587209441,38.7995922792057,9.71916779042061));
#3094=CARTESIAN_POINT('',(-32.996346114534,32.996346114534,9.75823029042061));
#3095=CARTESIAN_POINT('',(-38.7995922792058,25.9250587209439,9.79729279042061));
#3096=CARTESIAN_POINT('',(-43.1118038094926,17.8574938362599,9.83635529042061));
#3097=CARTESIAN_POINT('',(-45.7672396321385,9.10366998366083,9.87541779042061));
#3098=CARTESIAN_POINT('',(-46.6638801839308,9.14823772291129E-14,9.91448029042061));
#3099=CARTESIAN_POINT('',(-45.7672396321385,-9.10366998366066,9.95354279042061));
#3100=CARTESIAN_POINT('',(-43.1118038094927,-17.8574938362598,9.99260529042061));
#3101=CARTESIAN_POINT('',(-39.7103059416894,-24.2212365610496,10.0234180206236));
#3102=CARTESIAN_POINT('',(-37.2822274668248,-27.5857664928006,10.0412099174933));
#3103=CARTESIAN_POINT('',(-36.599579050176,-28.4634746930593,10.0459809810297));
#3104=CARTESIAN_POINT('',(-36.599579050176,-28.4634746930593,10.0459809810297));
#3105=CARTESIAN_POINT('',(-36.599579050176,-28.4634746930593,10.0459809810297));
#3106=CARTESIAN_POINT('',(-37.2633597905667,-28.9796966496001,9.56049332330383));
#3107=CARTESIAN_POINT('',(-37.1009614037034,-28.8533995037138,9.67927111792667));
#3108=CARTESIAN_POINT('',(-37.1009614037034,-28.8533995037138,9.67927111792667));
#3109=CARTESIAN_POINT('',(-40.7906414479713,-24.1090477368873,9.65396690162966));
#3110=CARTESIAN_POINT('',(-43.5360952717903,-18.6738598458457,9.62842409149668));
#3111=CARTESIAN_POINT('',(-46.808501511989,-7.28483488205522,9.57842320710156));
#3112=CARTESIAN_POINT('',(-47.3572930879625,-1.20875094566863,9.55295593009054));
#3113=CARTESIAN_POINT('',(-46.4691113359983,7.64298786532834,9.51531318795889));
#3114=CARTESIAN_POINT('',(-45.8837114291848,10.6091301502832,9.50257873436028));
#3115=CARTESIAN_POINT('',(-44.1777008008702,16.3156173346627,9.47734688563409));
#3116=CARTESIAN_POINT('',(-43.0641874361121,19.0609221374102,9.46490726010846));
#3117=CARTESIAN_POINT('',(-40.3184022281896,24.3365863264947,9.4396709456884));
#3118=CARTESIAN_POINT('',(-38.6710473564726,26.8767115021463,9.42699121738089));
#3119=CARTESIAN_POINT('',(-34.9831972025875,31.527502887178,9.40177796822161));
#3120=CARTESIAN_POINT('',(-32.9313582758809,33.6667662341956,9.38940154977266));
#3121=CARTESIAN_POINT('',(-26.139529662413,39.5148961187732,9.35127490965849));
#3122=CARTESIAN_POINT('',(-20.9378088324854,42.5050906429042,9.32665484100888));
#3123=CARTESIAN_POINT('',(-12.4163775768916,45.4296402163264,9.28825456804999));
#3124=CARTESIAN_POINT('',(-9.52816571231583,46.1193636873461,9.27593491826103));
#3125=CARTESIAN_POINT('',(-3.66001764374201,46.9508883793965,9.25065699770879));
#3126=CARTESIAN_POINT('',(-0.649642682013514,47.0901873406947,9.2381665328694));
#3127=CARTESIAN_POINT('',(5.31219040680957,46.7941065998467,9.21269376657881));
#3128=CARTESIAN_POINT('',(8.24466760460493,46.3663860643405,9.20042426638132));
#3129=CARTESIAN_POINT('',(14.0142245708135,44.9601802738456,9.17507865866419));
#3130=CARTESIAN_POINT('',(16.8751295152473,43.9665949052906,9.16253591640762));
#3131=CARTESIAN_POINT('',(22.2785506816489,41.4909344706467,9.13716869721665));
#3132=CARTESIAN_POINT('',(24.8437454485629,40.0083962353365,9.12489683375802));
#3133=CARTESIAN_POINT('',(29.6986823403408,36.5495789918873,9.09946853245867));
#3134=CARTESIAN_POINT('',(31.9795749732452,34.5701427785972,9.08693889629384));
#3135=CARTESIAN_POINT('',(38.1148759378039,28.1319779086693,9.04902827723486));
#3136=CARTESIAN_POINT('',(41.4145327941119,22.9987403750528,9.02394324624451));
#3137=CARTESIAN_POINT('',(45.8267041534154,12.0007821340527,8.9735762630228));
#3138=CARTESIAN_POINT('',(46.9897122983639,6.01271116371661,8.94829523358772));
#3139=CARTESIAN_POINT('',(47.0050392532042,-2.88491319800943,8.91066054631847));
#3140=CARTESIAN_POINT('',(46.7236016749547,-5.89638448731983,8.89786470612269));
#3141=CARTESIAN_POINT('',(45.6062334217743,-11.7445211303301,8.87273690139202));
#3142=CARTESIAN_POINT('',(44.7774320876303,-14.5886986110248,8.86014861889688));
#3143=CARTESIAN_POINT('',(42.5808517678059,-20.1176443515091,8.83509385742896));
#3144=CARTESIAN_POINT('',(41.2001428666944,-22.8112287736899,8.82218666495665));
#3145=CARTESIAN_POINT('',(38.0042983648828,-27.8114587210849,8.79722755561915));
#3146=CARTESIAN_POINT('',(36.1802024440479,-30.1484134161044,8.78455267752443));
#3147=CARTESIAN_POINT('',(30.0143124141439,-36.658922132391,8.74688222471211));
#3148=CARTESIAN_POINT('',(25.1411232809519,-40.1616273303057,8.72151538109318));
#3149=CARTESIAN_POINT('',(16.9653610178728,-43.933866469329,8.68372197183292));
#3150=CARTESIAN_POINT('',(14.1628200413329,-44.9132256760494,8.67099097499709));
#3151=CARTESIAN_POINT('',(8.40891108056328,-46.3365247573672,8.6461082243519));
#3152=CARTESIAN_POINT('',(5.42611425792093,-46.7809519429525,8.6331869640616));
#3153=CARTESIAN_POINT('',(-0.532428692182036,-47.0915778066162,8.60813312798529));
#3154=CARTESIAN_POINT('',(-3.49293036925618,-46.9640293723098,8.59544325291488));
#3155=CARTESIAN_POINT('',(-9.37689953127056,-46.150778678459,8.57048278945076));
#3156=CARTESIAN_POINT('',(-12.3240565253519,-45.4526596477973,8.55753823129117));
#3157=CARTESIAN_POINT('',(-17.9494016829205,-43.5390125924296,8.53255272288247));
#3158=CARTESIAN_POINT('',(-20.6521090949925,-42.3247080533967,8.51990778057185));
#3159=CARTESIAN_POINT('',(-25.8352035072563,-39.3755353184612,8.49480157649911));
#3160=CARTESIAN_POINT('',(-28.3037844795705,-37.6388311711613,8.48195391764613));
#3161=CARTESIAN_POINT('',(-35.060356844859,-31.8577257364646,8.44448025191408));
#3162=CARTESIAN_POINT('',(-38.8610737734333,-27.1044853275652,8.41900641613237));
#3163=CARTESIAN_POINT('',(-44.414638552846,-16.4977592998706,8.36842625694899));
#3164=CARTESIAN_POINT('',(-46.1434371100722,-10.765114017644,8.3435110969918));
#3165=CARTESIAN_POINT('',(-47.0615543656584,-1.79894906103412,8.30533002886356));
#3166=CARTESIAN_POINT('',(-47.0786949359755,1.17303973551802,8.29284804982479));
#3167=CARTESIAN_POINT('',(-46.5586346669573,7.07623325255415,8.26770612288508));
#3168=CARTESIAN_POINT('',(-46.0129409613241,10.0363888816799,8.25509767313441));
#3169=CARTESIAN_POINT('',(-44.3724466207681,15.7799182057984,8.22972667772253));
#3170=CARTESIAN_POINT('',(-43.2908476862354,18.5394891618049,8.21734865688914));
#3171=CARTESIAN_POINT('',(-40.6145599446161,23.838365553844,8.19209785975286));
#3172=CARTESIAN_POINT('',(-38.998950140731,26.3992642872964,8.17947797718626));
#3173=CARTESIAN_POINT('',(-35.3615089134789,31.1031020052935,8.15416264279568));
#3174=CARTESIAN_POINT('',(-33.3361275989718,33.2652330634074,8.14184907789007));
#3175=CARTESIAN_POINT('',(-28.8696701116664,37.207731477494,8.11645669792696));
#3176=CARTESIAN_POINT('',(-26.4230295938995,38.9822423019585,8.10390969506801));
#3177=CARTESIAN_POINT('',(-18.7602408646892,43.4996574001866,8.06597401635977));
#3178=CARTESIAN_POINT('',(-13.0135288569686,45.5494514478564,8.0410146800562));
#3179=CARTESIAN_POINT('',(-1.30194746264964,47.354085286449,7.99043959875139));
#3180=CARTESIAN_POINT('',(4.79513114821779,47.129346669811,7.96548884721502));
#3181=CARTESIAN_POINT('',(13.4625770113831,45.1281638256592,7.92754080832749));
#3182=CARTESIAN_POINT('',(16.3301286636424,44.1723773899314,7.91500199111138));
#3183=CARTESIAN_POINT('',(21.7758750799267,41.7574339603509,7.88960528522318));
#3184=CARTESIAN_POINT('',(24.3581746397997,40.3053283011612,7.87729319234358));
#3185=CARTESIAN_POINT('',(29.2431343556902,36.9144856973846,7.85197599203569));
#3186=CARTESIAN_POINT('',(31.5546278960861,34.9587608830948,7.83935184157026));
#3187=CARTESIAN_POINT('',(35.7017465498792,30.7114766403383,7.81411526417949));
#3188=CARTESIAN_POINT('',(37.5639460790754,28.4054776251327,7.80170970960289));
#3189=CARTESIAN_POINT('',(40.8575575293758,23.4218102818154,7.77637181632836));
#3190=CARTESIAN_POINT('',(42.2688152657145,20.7635881711528,7.76371295840599));
#3191=CARTESIAN_POINT('',(44.5417742139829,15.2908367193854,7.73863930554149));
#3192=CARTESIAN_POINT('',(45.4202684235542,12.4508436985525,7.72606779768699));
#3193=CARTESIAN_POINT('',(46.635810441737,6.56699907993541,7.70070975251629));
#3194=CARTESIAN_POINT('',(46.9544186259013,3.61433807692703,7.68809444140647));
#3195=CARTESIAN_POINT('',(47.0365536540602,-2.31159870639879,7.6631311991585));
#3196=CARTESIAN_POINT('',(46.7939197502037,-5.31422148157366,7.65028841392927));
#3197=CARTESIAN_POINT('',(45.74550177146,-11.1920035391825,7.62517420599805));
#3198=CARTESIAN_POINT('',(44.9499622640261,-14.0468865172877,7.61250534232239));
#3199=CARTESIAN_POINT('',(42.8251251859878,-19.5913955901923,7.58755912893611));
#3200=CARTESIAN_POINT('',(41.4775948776582,-22.3034351846287,7.57459290310577));
#3201=CARTESIAN_POINT('',(38.3375206252163,-27.3508429519308,7.54963206193766));
#3202=CARTESIAN_POINT('',(36.5422294206494,-29.7076642242255,7.53693158815359));
#3203=CARTESIAN_POINT('',(32.4976327861486,-34.084948408166,7.51191594054661));
#3204=CARTESIAN_POINT('',(30.2448592384575,-36.0976135804332,7.49896549586056));
#3205=CARTESIAN_POINT('',(23.0814594911368,-41.3691079669907,7.46162976773546));
#3206=CARTESIAN_POINT('',(17.5721125607441,-43.9923384987986,7.43583818486634));
#3207=CARTESIAN_POINT('',(6.10426778950331,-46.9770465354557,7.38604717100407));
#3208=CARTESIAN_POINT('',(0.0166895769381058,-47.3727700984285,7.36033576008587));
#3209=CARTESIAN_POINT('',(-8.81055572656564,-46.261960768262,7.3228831921745));
#3210=CARTESIAN_POINT('',(-11.7615954463839,-45.6018691180914,7.31000877014545));
#3211=CARTESIAN_POINT('',(-17.4223512773923,-43.7530258436498,7.28491621965086));
#3212=CARTESIAN_POINT('',(-20.138754189156,-42.5708372179891,7.27233211823234));
#3213=CARTESIAN_POINT('',(-25.3443811968459,-39.6926686364213,7.24723013326763));
#3214=CARTESIAN_POINT('',(-27.8418079603522,-37.9822608490716,7.23440936268822));
#3215=CARTESIAN_POINT('',(-32.4009502529239,-34.1759686390246,7.20931795293715));
#3216=CARTESIAN_POINT('',(-34.4907220858286,-32.0679737192321,7.19678034554041));
#3217=CARTESIAN_POINT('',(-40.1763958584392,-25.1140719450848,7.15877276230464));
#3218=CARTESIAN_POINT('',(-43.039367751744,-19.8086431200885,7.13376440668393));
#3219=CARTESIAN_POINT('',(-45.7313787919563,-11.2509276714783,7.09570384333154));
#3220=CARTESIAN_POINT('',(-46.3472512763105,-8.35062212952274,7.08328828929507));
#3221=CARTESIAN_POINT('',(-47.0294022966609,-2.45680899509204,7.05808366123089));
#3222=CARTESIAN_POINT('',(-47.0915427024726,0.563354444996063,7.04546537870328));
#3223=CARTESIAN_POINT('',(-46.4156556607907,9.50315520745139,7.00733407921496));
#3224=CARTESIAN_POINT('',(-44.8132184700493,15.3629786614353,6.98238063619507));
#3225=CARTESIAN_POINT('',(-40.8923899721223,23.3585928111454,6.94442976433745));
#3226=CARTESIAN_POINT('',(-39.3069262054605,25.9384485964837,6.93185533160507));
#3227=CARTESIAN_POINT('',(-35.7254702257178,30.6843337953637,6.90650177358411));
#3228=CARTESIAN_POINT('',(-33.7257075466595,32.8702286933472,6.89422531732244));
#3229=CARTESIAN_POINT('',(-29.3054381606082,36.865520179302,6.86880033903595));
#3230=CARTESIAN_POINT('',(-26.8802128918303,38.668398320111,6.85628052544217));
#3231=CARTESIAN_POINT('',(-21.8077530653864,41.7398224719753,6.83097228854661));
#3232=CARTESIAN_POINT('',(-19.1372780830455,43.0318202503058,6.8186939978224));
#3233=CARTESIAN_POINT('',(-10.7105494579875,46.1538297028296,6.7803382961424));
#3234=CARTESIAN_POINT('',(-4.78770297656237,47.1374467364889,6.75579924443807));
#3235=CARTESIAN_POINT('',(4.19198111522057,46.9083419072388,6.71750003537634));
#3236=CARTESIAN_POINT('',(7.13637042225752,46.549599748025,6.70517757705092));
#3237=CARTESIAN_POINT('',(12.9302666137387,45.2835646212027,6.67992224800452));
#3238=CARTESIAN_POINT('',(15.8092842874994,44.3614296927037,6.66732504174924));
#3239=CARTESIAN_POINT('',(21.2824325834543,42.0110458974113,6.64199492627607));
#3240=CARTESIAN_POINT('',(23.8816536437137,40.5895124501465,6.6296037973126));
#3241=CARTESIAN_POINT('',(28.8066861804475,37.2560965883453,6.60437047005728));
#3242=CARTESIAN_POINT('',(31.1408782076688,35.3278074733918,6.5916456151853));
#3243=CARTESIAN_POINT('',(37.4357161815911,29.0310223667539,6.55395508190905));
#3244=CARTESIAN_POINT('',(40.8527283971696,23.9827115011504,6.52848172695397));
#3245=CARTESIAN_POINT('',(45.5271580213654,13.0917436171787,6.4785449566272));
#3246=CARTESIAN_POINT('',(46.8326200430639,7.12959216727102,6.45284514027335));
#3247=CARTESIAN_POINT('',(47.0605204548013,-1.7574870314266,6.41548983850964));
#3248=CARTESIAN_POINT('',(46.8531590084141,-4.7634896730089,6.40259052193041));
#3249=CARTESIAN_POINT('',(45.8741365172221,-10.6523678931902,6.37752175385541));
#3250=CARTESIAN_POINT('',(45.1123473579541,-13.5163449611342,6.3648190657073));
#3251=CARTESIAN_POINT('',(43.0527967440123,-19.0859151672602,6.33989374209315));
#3252=CARTESIAN_POINT('',(41.737208281497,-21.8137092864976,6.32691136810802));
#3253=CARTESIAN_POINT('',(38.657071019737,-26.897273619159,6.30196038895101));
#3254=CARTESIAN_POINT('',(36.889674567515,-29.2751427034647,6.28925982086753));
#3255=CARTESIAN_POINT('',(32.8963885944228,-33.7002920974005,6.26423297777291));
#3256=CARTESIAN_POINT('',(30.667825237185,-35.7389556175022,6.25129979640313));
#3257=CARTESIAN_POINT('',(25.9341548434136,-39.309134637717,6.22639005325686));
#3258=CARTESIAN_POINT('',(23.4082866850781,-40.8660587207432,6.2136998542948));
#3259=CARTESIAN_POINT('',(15.337678598473,-44.8295235174556,6.17589720203643));
#3260=CARTESIAN_POINT('',(9.54526862170254,-46.4081022910077,6.15063983197506));
#3261=CARTESIAN_POINT('',(0.593324917592875,-47.0914428890264,6.11281546936319));
#3262=CARTESIAN_POINT('',(-2.3717780734318,-47.0337167826887,6.10021320598696));
#3263=CARTESIAN_POINT('',(-8.26523672578458,-46.3625032487518,6.07518730563985));
#3264=CARTESIAN_POINT('',(-11.224220505236,-45.737079370353,6.06237208306902));
#3265=CARTESIAN_POINT('',(-16.905697540891,-43.9552152302323,6.03722178300784));
#3266=CARTESIAN_POINT('',(-19.6358390030154,-42.8051543684296,6.02470380209361));
#3267=CARTESIAN_POINT('',(-24.8755307995637,-39.9881905229205,5.99953518847645));
#3268=CARTESIAN_POINT('',(-27.3928284997212,-38.3071479104026,5.98678176434955));
#3269=CARTESIAN_POINT('',(-34.2931366377978,-32.6833186276995,5.94907597107697));
#3270=CARTESIAN_POINT('',(-38.2009738227108,-28.023218133413,5.92389241854051));
#3271=CARTESIAN_POINT('',(-43.9923102788963,-17.5866936028806,5.87320203375599));
#3272=CARTESIAN_POINT('',(-45.882455869681,-11.8265920271699,5.84823432357905));
#3273=CARTESIAN_POINT('',(-47.3820619843951,0.090761871330424,5.79711403299012));
#3274=CARTESIAN_POINT('',(-46.9829445742012,6.1252167129554,5.77231064445849));
#3275=CARTESIAN_POINT('',(-43.9425726816157,17.7190763518884,5.72121553355548));
#3276=CARTESIAN_POINT('',(-41.3504290988903,23.1306671945325,5.69668268810381));
#3277=CARTESIAN_POINT('',(-36.0073637852629,30.3552498114804,5.65833668139702));
#3278=CARTESIAN_POINT('',(-34.0233962037168,32.5607093605448,5.64605792331913));
#3279=CARTESIAN_POINT('',(-29.6617395872721,36.5783062477448,5.62074630064651));
#3280=CARTESIAN_POINT('',(-27.2550300785521,38.406217630194,5.60822755025756));
#3281=CARTESIAN_POINT('',(-22.1878635363797,41.5400159958033,5.58280267540157));
#3282=CARTESIAN_POINT('',(-19.5318806274712,42.8525850079007,5.5705303600963));
#3283=CARTESIAN_POINT('',(-13.9766024351021,44.9721356739508,5.545169982123));
#3284=CARTESIAN_POINT('',(-11.0575364024786,45.7770868014014,5.53259762007156));
#3285=CARTESIAN_POINT('',(-2.28701563508718,47.3182069477022,5.49465005469762));
#3286=CARTESIAN_POINT('',(3.80729156170916,47.2188891907669,5.46957375364503));
#3287=CARTESIAN_POINT('',(15.4092346054668,44.7959200633213,5.4192237862414));
#3288=CARTESIAN_POINT('',(21.0408872912541,42.4429342693015,5.39389596900806));
#3289=CARTESIAN_POINT('',(28.4489059495626,37.5291906670104,5.35632080273013));
#3290=CARTESIAN_POINT('',(30.7904097159038,35.6351675511454,5.34356564002997));
#3291=CARTESIAN_POINT('',(35.0522089287931,31.452458506191,5.31837957914627));
#3292=CARTESIAN_POINT('',(36.9603489468818,29.1846772787966,5.30576967418426));
#3293=CARTESIAN_POINT('',(40.3387139745273,24.3022825476138,5.2807756408375));
#3294=CARTESIAN_POINT('',(41.8174204782706,21.6596199701976,5.26785527813871));
#3295=CARTESIAN_POINT('',(44.2130239309443,16.2186407442675,5.24286014784185));
#3296=CARTESIAN_POINT('',(45.1457630462893,13.4066277626088,5.23018356867222));
#3297=CARTESIAN_POINT('',(46.4773510023889,7.59825195670641,5.20515323332117));
#3298=CARTESIAN_POINT('',(46.8680039772159,4.60219790113278,5.1922130366632));
#3299=CARTESIAN_POINT('',(47.0748086020621,-1.32378903483115,5.16732001948789));
#3300=CARTESIAN_POINT('',(46.9000154078436,-4.28541899288904,5.15459818491575));
#3301=CARTESIAN_POINT('',(45.5143827464045,-13.1660931189221,5.1168694381721));
#3302=CARTESIAN_POINT('',(43.4833887603098,-18.8160341411825,5.09148699837121));
#3303=CARTESIAN_POINT('',(38.9037505487347,-26.541670123834,5.05376678744985));
#3304=CARTESIAN_POINT('',(37.154431412452,-28.9368656535167,5.04107189713521));
#3305=CARTESIAN_POINT('',(33.2227220121681,-33.3773083027149,5.01614648177337));
#3306=CARTESIAN_POINT('',(31.0129645992286,-35.4409894928154,5.00322831869311));
#3307=CARTESIAN_POINT('',(26.2919157724015,-39.0717656944219,4.97817572344425));
#3308=CARTESIAN_POINT('',(23.7831164331205,-40.6473509824864,4.96554136471959));
#3309=CARTESIAN_POINT('',(18.4701664162078,-43.3208578137875,4.94049601815854));
#3310=CARTESIAN_POINT('',(15.648404038735,-44.4177268042074,4.92761713584593));
#3311=CARTESIAN_POINT('',(7.08156288246271,-46.8410021326672,4.89008205367914));
#3312=CARTESIAN_POINT('',(1.00734545015158,-47.3613729255799,4.86458736053954));
#3313=CARTESIAN_POINT('',(-10.779912031781,-46.1292519648743,4.81448564551395));
#3314=CARTESIAN_POINT('',(-16.6213690036079,-44.3605408351183,4.78910776156411));
#3315=CARTESIAN_POINT('',(-24.4907622768157,-40.2241772542966,4.75141727501355));
#3316=CARTESIAN_POINT('',(-27.0143054223643,-38.5763397771718,4.73877351393569));
#3317=CARTESIAN_POINT('',(-31.6767065501438,-34.8495760403576,4.71343907027774));
#3318=CARTESIAN_POINT('',(-33.8051789470847,-32.7876009545756,4.70104518002258));
#3319=CARTESIAN_POINT('',(-37.6627800822127,-28.2724582673631,4.67580080067531));
#3320=CARTESIAN_POINT('',(-39.4022627556784,-25.7932637640766,4.6631623001954));
#3321=CARTESIAN_POINT('',(-42.3371507786931,-20.6251407222583,4.63787365890043));
#3322=CARTESIAN_POINT('',(-43.5508321286173,-17.9223175440385,4.62554511515239));
#3323=CARTESIAN_POINT('',(-46.4236325768366,-9.45431749775173,4.58745031046842));
#3324=CARTESIAN_POINT('',(-47.2609568423865,-3.38805905245662,4.56236322097837));
#3325=CARTESIAN_POINT('',(-46.5940940374646,8.60624114400461,4.51112318527678));
#3326=CARTESIAN_POINT('',(-45.1301698658998,14.4224671495154,4.48662357303004));
#3327=CARTESIAN_POINT('',(-41.3444171233491,22.5515879802615,4.44834746582243));
#3328=CARTESIAN_POINT('',(-39.8423788915864,25.1075353666126,4.43607492335617));
#3329=CARTESIAN_POINT('',(-36.3686248347239,29.9186666741272,4.41075024029745));
#3330=CARTESIAN_POINT('',(-34.3719723731647,32.1934275804331,4.39820831870196));
#3331=CARTESIAN_POINT('',(-30.0387052869403,36.2701729921782,4.37282626683842));
#3332=CARTESIAN_POINT('',(-27.6988902141422,38.0871763383473,4.36053891475462));
#3333=CARTESIAN_POINT('',(-22.672182597899,41.2775199929816,4.33516311970311));
#3334=CARTESIAN_POINT('',(-19.975325555343,42.6471943198768,4.32258635885112));
#3335=CARTESIAN_POINT('',(-11.6958818120145,45.9063569262088,4.28470281788832));
#3336=CARTESIAN_POINT('',(-5.70000833120319,47.0278181086422,4.25953892521625));
#3337=CARTESIAN_POINT('',(6.14988060525611,46.9711053689011,4.20928063270533));
#3338=CARTESIAN_POINT('',(12.1370897126622,45.7912860307099,4.18386769012744));
#3339=CARTESIAN_POINT('',(20.3807240712638,42.4548441534165,4.14634277454432));
#3340=CARTESIAN_POINT('',(23.0602787466076,41.0622440063693,4.13350945329341));
#3341=CARTESIAN_POINT('',(28.062864080421,37.8201004535111,4.10839987581805));
#3342=CARTESIAN_POINT('',(30.3851424451412,35.9801885168178,4.09576485863172));
#3343=CARTESIAN_POINT('',(34.6749006453831,31.866630075207,4.07077167794621));
#3344=CARTESIAN_POINT('',(36.6513385214981,29.5718822799844,4.05782452498987));
#3345=CARTESIAN_POINT('',(40.0815941769194,24.7241308287156,4.03287325564791));
#3346=CARTESIAN_POINT('',(41.5581124232513,22.154685841502,4.02018077027023));
#3347=CARTESIAN_POINT('',(44.0266076001066,16.7201864865642,3.9951210329802));
#3348=CARTESIAN_POINT('',(45.0046746542416,13.8694307835904,3.98220266868373));
#3349=CARTESIAN_POINT('',(46.3903108964039,8.10684315439332,3.95732369397712));
#3350=CARTESIAN_POINT('',(46.8114724432252,5.16752851452996,3.94459230897893));
#3351=CARTESIAN_POINT('',(47.2269899763256,-3.83153112753694,3.90677734830692));
#3352=CARTESIAN_POINT('',(46.3603055525646,-9.76873993488833,3.88142061334911));
#3353=CARTESIAN_POINT('',(43.4208082894433,-18.2362265889099,3.84376121812367));
#3354=CARTESIAN_POINT('',(42.1863882293735,-20.9312137821785,3.8310866291042));
#3355=CARTESIAN_POINT('',(39.2185614413874,-26.0712773124526,3.80612407514756));
#3356=CARTESIAN_POINT('',(37.4626854947943,-28.5375345559681,3.79320915138346));
#3357=CARTESIAN_POINT('',(33.5670063440169,-33.0317993472301,3.76817399119921));
#3358=CARTESIAN_POINT('',(31.4238755829809,-35.0771699710113,3.75556028474394));
#3359=CARTESIAN_POINT('',(26.745431279476,-38.7627361715437,3.73045618928123));
#3360=CARTESIAN_POINT('',(24.2025422950952,-40.398401809024,3.71761881803103));
#3361=CARTESIAN_POINT('',(16.298176511614,-44.4808400490952,3.6800796528405));
#3362=CARTESIAN_POINT('',(10.4464073988778,-46.2058143055297,3.65461370020887));
#3363=CARTESIAN_POINT('',(-1.34779562022664,-47.3528050926924,3.60447198520615));
#3364=CARTESIAN_POINT('',(-7.42331306881251,-46.7873343363376,3.57914967703859));
#3365=CARTESIAN_POINT('',(-15.9642987036686,-44.3049796829262,3.5414073410753));
#3366=CARTESIAN_POINT('',(-18.7728600188259,-43.1909389307021,3.52875813193937));
#3367=CARTESIAN_POINT('',(-24.0767348440951,-40.4745391357234,3.50343838078893));
#3368=CARTESIAN_POINT('',(-26.5738175268841,-38.8801760818028,3.49107152913424));
#3369=CARTESIAN_POINT('',(-31.2604442213308,-35.2224430894449,3.46578045582643));
#3370=CARTESIAN_POINT('',(-33.4592053311731,-33.1407028532457,3.45316778021917));
#3371=CARTESIAN_POINT('',(-37.3655722494622,-28.6642393492476,3.42786566408537));
#3372=CARTESIAN_POINT('',(-39.0978076257724,-26.2547244557181,3.41553436826562));
#3373=CARTESIAN_POINT('',(-43.6175855580777,-18.5014242596112,3.37728195332687));
#3374=CARTESIAN_POINT('',(-45.6313936813763,-12.7238795061552,3.35223405598437));
#3375=CARTESIAN_POINT('',(-47.3616379826414,-0.998221715414345,3.30165929697242));
#3376=CARTESIAN_POINT('',(-47.1044381227512,5.10986914550584,3.27666869589336));
#3377=CARTESIAN_POINT('',(-45.0113042855226,13.8552228384162,3.23828987812122));
#3378=CARTESIAN_POINT('',(-44.0474621095567,16.6616039210803,3.22600446961883));
#3379=CARTESIAN_POINT('',(-41.6049070874972,22.0639903407456,3.20070730762029));
#3380=CARTESIAN_POINT('',(-40.1060393625288,24.6858083939231,3.18818131933037));
#3381=CARTESIAN_POINT('',(-36.6663757356614,29.5543638033624,3.1627645866687));
#3382=CARTESIAN_POINT('',(-34.734996554753,31.8011230572318,3.15046057563666));
#3383=CARTESIAN_POINT('',(-30.4528653805876,35.9228952545826,3.12514760314485));
#3384=CARTESIAN_POINT('',(-28.0808456983402,37.8058520624989,3.11252673656295));
#3385=CARTESIAN_POINT('',(-23.0997960467644,41.0391979442025,3.08727142233134));
#3386=CARTESIAN_POINT('',(-20.4732811615287,42.4117019206467,3.07488225581036));
#3387=CARTESIAN_POINT('',(-14.944036738825,44.6607598152275,3.04955100373388));
#3388=CARTESIAN_POINT('',(-12.056648799705,45.5238276839901,3.03688663480311));
#3389=CARTESIAN_POINT('',(-3.33658257973589,47.2545647087435,2.9992487683861));
#3390=CARTESIAN_POINT('',(2.76668173125822,47.2912298421865,2.97374896654278));
#3391=CARTESIAN_POINT('',(14.4185108007848,45.1245110120458,2.92380823619148));
#3392=CARTESIAN_POINT('',(20.0945831460498,42.9003227024478,2.89814370424526));
#3393=CARTESIAN_POINT('',(27.6204651659696,38.1433794250376,2.86072952973051));
#3394=CARTESIAN_POINT('',(30.0144995250653,36.2901208361448,2.84777314969808));
#3395=CARTESIAN_POINT('',(34.3490488255214,32.2177885154161,2.82279839443308));
#3396=CARTESIAN_POINT('',(36.3070037627243,29.9945000166332,2.81009825433749));
#3397=CARTESIAN_POINT('',(39.8024643236457,25.1720556816322,2.78509599122753));
#3398=CARTESIAN_POINT('',(41.3349269968306,22.565846168094,2.77213725471072));
#3399=CARTESIAN_POINT('',(43.8433712893334,17.1916374176823,2.74724332921506));
#3400=CARTESIAN_POINT('',(44.8403422921965,14.398159015855,2.73452666780077));
#3401=CARTESIAN_POINT('',(47.0370578577255,5.68931523100599,2.69681324325848));
#3402=CARTESIAN_POINT('',(47.3793948449165,-0.304843623346445,2.67146653794602));
#3403=CARTESIAN_POINT('',(46.1855113730126,-9.21268340873745,2.63367985002328));
#3404=CARTESIAN_POINT('',(45.5119115661987,-12.1019111134874,2.62101309349703));
#3405=CARTESIAN_POINT('',(43.6303603140946,-17.7251799954336,2.59605951861788));
#3406=CARTESIAN_POINT('',(42.4046897484344,-20.4870444558212,2.58318764350569));
#3407=CARTESIAN_POINT('',(39.4782583801007,-25.6776910657828,2.55808303649587));
#3408=CARTESIAN_POINT('',(37.7852321562722,-28.1089434167664,2.54549203768211));
#3409=CARTESIAN_POINT('',(33.9426795426358,-32.6455352931498,2.52041273943644));
#3410=CARTESIAN_POINT('',(31.7742742440362,-34.7592829622263,2.50757894441373));
#3411=CARTESIAN_POINT('',(27.1483882486321,-38.4808688998166,2.48250063661543));
#3412=CARTESIAN_POINT('',(24.6746722761467,-40.1132906714766,2.469975242761));
#3413=CARTESIAN_POINT('',(19.4000255120087,-42.9133376767995,2.44471518197389));
#3414=CARTESIAN_POINT('',(16.6172591420152,-44.0641228490611,2.43202609791736));
#3415=CARTESIAN_POINT('',(8.11874011212938,-46.6712647610053,2.3943705509937));
#3416=CARTESIAN_POINT('',(2.05069735460525,-47.3277326041033,2.36909633512498));
#3417=CARTESIAN_POINT('',(-9.76172041750508,-46.3554575813479,2.31875108365669));
#3418=CARTESIAN_POINT('',(-15.6330503431833,-44.719715408369,2.29364996483156));
#3419=CARTESIAN_POINT('',(-23.6048169560997,-40.7507535976764,2.2557335660456));
#3420=CARTESIAN_POINT('',(-26.1751812112523,-39.1496400798484,2.24313682404542));
#3421=CARTESIAN_POINT('',(-30.8985680544727,-35.5402999706909,2.21780646745788));
#3422=CARTESIAN_POINT('',(-33.0715162612244,-33.5281848255294,2.20551837016645));
#3423=CARTESIAN_POINT('',(-37.0379969809613,-29.0869583344425,2.18012141882312));
#3424=CARTESIAN_POINT('',(-38.8277061768488,-26.6495552950392,2.16758326193246));
#3425=CARTESIAN_POINT('',(-41.8686794394051,-21.5592960548203,2.14228363673604));
#3426=CARTESIAN_POINT('',(-43.1437329025349,-18.8829780167289,2.13001091055267));
#3427=CARTESIAN_POINT('',(-46.212520824304,-10.4497420659762,2.09170598405036));
#3428=CARTESIAN_POINT('',(-47.1671209955466,-4.50904453813249,2.06713276823952));
#3429=CARTESIAN_POINT('',(-46.7853990492015,7.49634720796516,2.01588338884435));
#3430=CARTESIAN_POINT('',(-45.4701071404487,13.3244368870854,1.99143460669911));
#3431=CARTESIAN_POINT('',(-40.6583467716476,24.3304356623192,1.94027319761199));
#3432=CARTESIAN_POINT('',(-37.2543587260591,29.2714425220274,1.91557554408013));
#3433=CARTESIAN_POINT('',(-30.8721640504287,35.5645277586527,1.87753060287454));
#3434=CARTESIAN_POINT('',(-28.5728328167234,37.4352836769966,1.86507713288449));
#3435=CARTESIAN_POINT('',(-23.6371549614587,40.7319548325099,1.83995138943348));
#3436=CARTESIAN_POINT('',(-20.9713225413143,42.1668951611206,1.82716581140321));
#3437=CARTESIAN_POINT('',(-15.4893820681429,44.4738401738355,1.80204787434187));
#3438=CARTESIAN_POINT('',(-12.6624937289045,45.3599975032443,1.78947275959272));
#3439=CARTESIAN_POINT('',(-6.83615994969742,46.595440099553,1.76437634754221));
#3440=CARTESIAN_POINT('',(-3.83208857630492,46.9372867285649,1.75149813387796));
#3441=CARTESIAN_POINT('',(5.06269377777724,47.1014255081213,1.71406779453672));
#3442=CARTESIAN_POINT('',(11.0738120244582,46.0594764465723,1.68832442142327));
#3443=CARTESIAN_POINT('',(22.1584090093185,41.87015158154,1.63856491946622));
#3444=CARTESIAN_POINT('',(27.3567920550974,38.6751425718984,1.612755080242));
#3445=CARTESIAN_POINT('',(33.9182367884831,32.670221827928,1.57542127689797));
#3446=CARTESIAN_POINT('',(35.9441524603188,30.4285237868274,1.56247129938849));
#3447=CARTESIAN_POINT('',(39.4988657404534,25.6459891825953,1.53745107818409));
#3448=CARTESIAN_POINT('',(41.0329012963957,23.1114070334979,1.52476079961172));
#3449=CARTESIAN_POINT('',(43.6177020732228,17.7575952684856,1.49978603965443));
#3450=CARTESIAN_POINT('',(44.6685455461128,14.9175589169928,1.48683578455172));
#3451=CARTESIAN_POINT('',(46.1905052245305,9.1787663849627,1.46187449749792));
#3452=CARTESIAN_POINT('',(46.6774737340856,6.25527407921501,1.4492195270087));
#3453=CARTESIAN_POINT('',(47.0938009016729,0.298202340604831,1.42408977508353));
#3454=CARTESIAN_POINT('',(47.0151462859554,-2.7122565252029,1.41126064809093));
#3455=CARTESIAN_POINT('',(46.3022355030995,-8.59553972498544,1.38629232984168));
#3456=CARTESIAN_POINT('',(45.6708904964348,-11.4977547415727,1.3736696474744));
#3457=CARTESIAN_POINT('',(43.8349341526482,-17.2199637243431,1.34832130775528));
#3458=CARTESIAN_POINT('',(42.6594998277629,-19.9486064373886,1.33572845768462));
#3459=CARTESIAN_POINT('',(39.816406204125,-25.1482329664898,1.31069506259676));
#3460=CARTESIAN_POINT('',(38.1294009384319,-27.6417579763882,1.29797082048446));
#3461=CARTESIAN_POINT('',(34.324273779546,-32.2453443066698,1.27271090807226));
#3462=CARTESIAN_POINT('',(32.2271530783875,-34.3397968104157,1.26022125775015));
#3463=CARTESIAN_POINT('',(27.6507782608584,-38.1214572398183,1.23507222050863));
#3464=CARTESIAN_POINT('',(25.1438975012333,-39.8198755136857,1.2223477138351));
#3465=CARTESIAN_POINT('',(19.926125877909,-42.6706875381178,1.19713102102831));
#3466=CARTESIAN_POINT('',(17.2038184699909,-43.8395172843263,1.18472042213012));
#3467=CARTESIAN_POINT('',(11.5309542077928,-45.6608337717232,1.1594119025708));
#3468=CARTESIAN_POINT('',(8.5784439599522,-46.3055225538415,1.14678284362193));
#3469=CARTESIAN_POINT('',(-0.252344757044956,-47.3719410744065,1.10895982553406));
#3470=CARTESIAN_POINT('',(-6.33895451541184,-46.9459493242304,1.08387926782629));
#3471=CARTESIAN_POINT('',(-17.7916639007292,-43.9039997943828,1.03338477831129));
#3472=CARTESIAN_POINT('',(-23.2864684175151,-41.2555863010593,1.00840366975289));
#3473=CARTESIAN_POINT('',(-32.8182626383116,-34.1649623123879,0.957714713977065));
#3474=CARTESIAN_POINT('',(-36.9797640451587,-29.6103439318547,0.932481550245035));
#3475=CARTESIAN_POINT('',(-43.183263386082,-19.4802766901964,0.881783365628578));
#3476=CARTESIAN_POINT('',(-45.3267293230091,-13.7688089260391,0.856825921346401));
#3477=CARTESIAN_POINT('',(-47.325687839744,-2.0908756199781,0.806304087765619));
#3478=CARTESIAN_POINT('',(-47.2024474242946,4.00984512872977,0.781248716928411));
#3479=CARTESIAN_POINT('',(-45.3466175793281,12.7071534701558,0.743421800972396));
#3480=CARTESIAN_POINT('',(-44.4394203676757,15.5889769011582,0.730796947816895));
#3481=CARTESIAN_POINT('',(-42.1149666923646,21.076239321588,0.705493365602165));
#3482=CARTESIAN_POINT('',(-40.7059864659049,23.682439215754,0.693055625125789));
#3483=CARTESIAN_POINT('',(-37.3981034924395,28.621969124068,0.667880595600205));
#3484=CARTESIAN_POINT('',(-35.4810750630334,30.9662156037567,0.655100900030832));
#3485=CARTESIAN_POINT('',(-31.3027359675454,35.1845408864902,0.630017740229372));
#3486=CARTESIAN_POINT('',(-29.028278569334,37.084669653522,0.617445546645541));
#3487=CARTESIAN_POINT('',(-24.1024321047303,40.4596891565738,0.592277859341857));
#3488=CARTESIAN_POINT('',(-21.4662362959881,41.9163601067427,0.57945449389829));
#3489=CARTESIAN_POINT('',(-16.0318027183093,44.2804905902649,0.554515179546463));
#3490=CARTESIAN_POINT('',(-13.2095477962019,45.2054711944459,0.541828716501479));
#3491=CARTESIAN_POINT('',(-7.34605977616783,46.5194817754561,0.516572501280512));
#3492=CARTESIAN_POINT('',(-4.39716880696701,46.8875732288955,0.503854049524118));
#3493=CARTESIAN_POINT('',(1.52615008064127,47.068572134104,0.478967568248048));
#3494=CARTESIAN_POINT('',(4.53019093083977,46.876398342247,0.466069089320034));
#3495=CARTESIAN_POINT('',(10.4271457669824,45.9259619666804,0.440993965978113));
#3496=CARTESIAN_POINT('',(13.295154624248,45.1779731106849,0.428285190781344));
#3497=CARTESIAN_POINT('',(18.8731787674361,43.1464194816306,0.403367741290571));
#3498=CARTESIAN_POINT('',(21.6070362565542,41.8446524107556,0.390389732258466));
#3499=CARTESIAN_POINT('',(26.7075734878925,38.7884579425094,0.365424760994926));
#3500=CARTESIAN_POINT('',(29.0938543466463,37.0327041741577,0.352732833367496));
#3501=CARTESIAN_POINT('',(33.5365162121378,33.0632064317357,0.327707563527032));
#3502=CARTESIAN_POINT('',(35.5875829620085,30.8434027589125,0.314779413512065));
#3503=CARTESIAN_POINT('',(40.9786119216947,23.768037030358,0.277386259959234));
#3504=CARTESIAN_POINT('',(43.693006285479,18.3037068765988,0.251700638828548));
#3505=CARTESIAN_POINT('',(46.8686351525274,6.88734510726946,0.2017834313057));
#3506=CARTESIAN_POINT('',(47.3657985711623,0.806462767842669,0.176221700703533));
#3507=CARTESIAN_POINT('',(46.4026113559682,-8.03678875340938,0.138651504092521));
#3508=CARTESIAN_POINT('',(45.7922698763332,-10.997256553116,0.125870809732629));
#3509=CARTESIAN_POINT('',(44.0376441084138,-16.690042944902,0.10068194874548));
#3510=CARTESIAN_POINT('',(42.9007970296649,-19.4258101717529,0.0881924778346977));
#3511=CARTESIAN_POINT('',(40.1107661952571,-24.6772551520403,0.0630062675634561));
#3512=CARTESIAN_POINT('',(38.4418324162397,-27.2035805348391,0.0502777752024975));
#3513=CARTESIAN_POINT('',(34.714290054001,-31.823377248187,0.025106887306009));
#3514=CARTESIAN_POINT('',(32.6444368274504,-33.9449914069421,0.0126852847828885));
#3515=CARTESIAN_POINT('',(30.3645451413085,-35.8747041571277,6.05869961676792E-14));
#3516=CARTESIAN_POINT('',(-46.365,0.,-0.0855197095793943));
#3517=CARTESIAN_POINT('',(-46.365,-3.03458215382689,-0.0724988762460609));
#3518=CARTESIAN_POINT('',(-45.7672396321385,-9.10366998366077,-0.0464572095793943));
#3519=CARTESIAN_POINT('',(-43.1118038094926,-17.8574938362599,-0.00739470957939425));
#3520=CARTESIAN_POINT('',(-38.7995922792058,-25.9250587209439,0.0316677904206057));
#3521=CARTESIAN_POINT('',(-32.996346114534,-32.996346114534,0.0707302904206057));
#3522=CARTESIAN_POINT('',(-25.9250587209439,-38.7995922792058,0.109792790420606));
#3523=CARTESIAN_POINT('',(-17.8574938362599,-43.1118038094926,0.148855290420606));
#3524=CARTESIAN_POINT('',(-9.10366998366078,-45.7672396321385,0.187917790420606));
#3525=CARTESIAN_POINT('',(-2.66453525910038E-15,-46.6638801839308,0.226980290420606));
#3526=CARTESIAN_POINT('',(9.10366998366077,-45.7672396321385,0.266042790420606));
#3527=CARTESIAN_POINT('',(17.8574938362599,-43.1118038094926,0.305105290420606));
#3528=CARTESIAN_POINT('',(25.9250587209439,-38.7995922792058,0.344167790420606));
#3529=CARTESIAN_POINT('',(32.996346114534,-32.996346114534,0.383230290420606));
#3530=CARTESIAN_POINT('',(38.7995922792058,-25.9250587209439,0.422292790420606));
#3531=CARTESIAN_POINT('',(43.1118038094926,-17.8574938362599,0.461355290420606));
#3532=CARTESIAN_POINT('',(45.7672396321385,-9.1036699836608,0.500417790420606));
#3533=CARTESIAN_POINT('',(46.6638801839308,-4.44089209850063E-15,0.539480290420606));
#3534=CARTESIAN_POINT('',(45.7672396321385,9.10366998366079,0.578542790420606));
#3535=CARTESIAN_POINT('',(43.1118038094926,17.8574938362599,0.617605290420606));
#3536=CARTESIAN_POINT('',(38.7995922792058,25.9250587209439,0.656667790420606));
#3537=CARTESIAN_POINT('',(32.996346114534,32.996346114534,0.695730290420606));
#3538=CARTESIAN_POINT('',(25.9250587209439,38.7995922792058,0.734792790420606));
#3539=CARTESIAN_POINT('',(17.85749383626,43.1118038094926,0.773855290420606));
#3540=CARTESIAN_POINT('',(9.10366998366079,45.7672396321385,0.812917790420606));
#3541=CARTESIAN_POINT('',(8.88178419700125E-15,46.6638801839308,0.851980290420606));
#3542=CARTESIAN_POINT('',(-9.10366998366078,45.7672396321385,0.891042790420606));
#3543=CARTESIAN_POINT('',(-17.8574938362599,43.1118038094926,0.930105290420606));
#3544=CARTESIAN_POINT('',(-25.9250587209438,38.7995922792058,0.969167790420606));
#3545=CARTESIAN_POINT('',(-32.996346114534,32.996346114534,1.00823029042061));
#3546=CARTESIAN_POINT('',(-38.7995922792058,25.9250587209439,1.04729279042061));
#3547=CARTESIAN_POINT('',(-43.1118038094926,17.85749383626,1.08635529042061));
#3548=CARTESIAN_POINT('',(-45.7672396321385,9.10366998366079,1.12541779042061));
#3549=CARTESIAN_POINT('',(-46.6638801839308,1.24344978758018E-14,1.16448029042061));
#3550=CARTESIAN_POINT('',(-45.7672396321385,-9.10366998366078,1.20354279042061));
#3551=CARTESIAN_POINT('',(-43.1118038094926,-17.8574938362599,1.24260529042061));
#3552=CARTESIAN_POINT('',(-38.7995922792058,-25.9250587209438,1.28166779042061));
#3553=CARTESIAN_POINT('',(-32.996346114534,-32.996346114534,1.32073029042061));
#3554=CARTESIAN_POINT('',(-25.9250587209439,-38.7995922792058,1.35979279042061));
#3555=CARTESIAN_POINT('',(-17.85749383626,-43.1118038094926,1.39885529042061));
#3556=CARTESIAN_POINT('',(-9.1036699836608,-45.7672396321385,1.43791779042061));
#3557=CARTESIAN_POINT('',(6.21724893790088E-15,-46.6638801839307,1.47698029042061));
#3558=CARTESIAN_POINT('',(9.10366998366069,-45.7672396321385,1.51604279042061));
#3559=CARTESIAN_POINT('',(17.85749383626,-43.1118038094926,1.55510529042061));
#3560=CARTESIAN_POINT('',(25.9250587209439,-38.7995922792058,1.59416779042061));
#3561=CARTESIAN_POINT('',(32.9963461145339,-32.996346114534,1.63323029042061));
#3562=CARTESIAN_POINT('',(38.7995922792058,-25.9250587209438,1.67229279042061));
#3563=CARTESIAN_POINT('',(43.1118038094926,-17.85749383626,1.71135529042061));
#3564=CARTESIAN_POINT('',(45.7672396321385,-9.10366998366072,1.75041779042061));
#3565=CARTESIAN_POINT('',(46.6638801839307,-1.68753899743024E-14,1.78948029042061));
#3566=CARTESIAN_POINT('',(45.7672396321385,9.10366998366069,1.82854279042061));
#3567=CARTESIAN_POINT('',(43.1118038094926,17.85749383626,1.86760529042061));
#3568=CARTESIAN_POINT('',(38.7995922792058,25.9250587209438,1.90666779042061));
#3569=CARTESIAN_POINT('',(32.996346114534,32.996346114534,1.94573029042061));
#3570=CARTESIAN_POINT('',(25.9250587209439,38.7995922792058,1.98479279042061));
#3571=CARTESIAN_POINT('',(17.85749383626,43.1118038094926,2.02385529042061));
#3572=CARTESIAN_POINT('',(9.10366998366072,45.7672396321385,2.06291779042061));
#3573=CARTESIAN_POINT('',(1.95399252334028E-14,46.6638801839307,2.10198029042061));
#3574=CARTESIAN_POINT('',(-9.10366998366069,45.7672396321385,2.14104279042061));
#3575=CARTESIAN_POINT('',(-17.8574938362599,43.1118038094926,2.18010529042061));
#3576=CARTESIAN_POINT('',(-25.9250587209439,38.7995922792058,2.21916779042061));
#3577=CARTESIAN_POINT('',(-32.9963461145339,32.9963461145341,2.25823029042061));
#3578=CARTESIAN_POINT('',(-38.7995922792058,25.9250587209439,2.29729279042061));
#3579=CARTESIAN_POINT('',(-43.1118038094926,17.85749383626,2.33635529042061));
#3580=CARTESIAN_POINT('',(-45.7672396321385,9.10366998366072,2.37541779042061));
#3581=CARTESIAN_POINT('',(-46.6638801839307,2.30926389122033E-14,2.41448029042061));
#3582=CARTESIAN_POINT('',(-45.7672396321385,-9.10366998366068,2.45354279042061));
#3583=CARTESIAN_POINT('',(-43.1118038094926,-17.85749383626,2.49260529042061));
#3584=CARTESIAN_POINT('',(-38.7995922792058,-25.9250587209438,2.53166779042061));
#3585=CARTESIAN_POINT('',(-32.996346114534,-32.996346114534,2.57073029042061));
#3586=CARTESIAN_POINT('',(-25.9250587209439,-38.7995922792058,2.60979279042061));
#3587=CARTESIAN_POINT('',(-17.85749383626,-43.1118038094926,2.64885529042061));
#3588=CARTESIAN_POINT('',(-9.10366998366073,-45.7672396321385,2.68791779042061));
#3589=CARTESIAN_POINT('',(-2.39808173319034E-14,-46.6638801839307,2.72698029042061));
#3590=CARTESIAN_POINT('',(9.10366998366068,-45.7672396321385,2.76604279042061));
#3591=CARTESIAN_POINT('',(17.85749383626,-43.1118038094926,2.80510529042061));
#3592=CARTESIAN_POINT('',(25.9250587209438,-38.7995922792058,2.84416779042061));
#3593=CARTESIAN_POINT('',(32.9963461145339,-32.9963461145341,2.88323029042061));
#3594=CARTESIAN_POINT('',(38.7995922792058,-25.9250587209439,2.92229279042061));
#3595=CARTESIAN_POINT('',(43.1118038094926,-17.85749383626,2.96135529042061));
#3596=CARTESIAN_POINT('',(45.7672396321385,-9.10366998366073,3.00041779042061));
#3597=CARTESIAN_POINT('',(46.6638801839307,-3.81916720471054E-14,3.03948029042061));
#3598=CARTESIAN_POINT('',(45.7672396321385,9.10366998366072,3.07854279042061));
#3599=CARTESIAN_POINT('',(43.1118038094927,17.8574938362598,3.11760529042061));
#3600=CARTESIAN_POINT('',(38.7995922792057,25.925058720944,3.15666779042061));
#3601=CARTESIAN_POINT('',(32.996346114534,32.996346114534,3.19573029042061));
#3602=CARTESIAN_POINT('',(25.9250587209439,38.7995922792058,3.23479279042061));
#3603=CARTESIAN_POINT('',(17.85749383626,43.1118038094926,3.27385529042061));
#3604=CARTESIAN_POINT('',(9.10366998366086,45.7672396321385,3.31291779042061));
#3605=CARTESIAN_POINT('',(1.74971148680925E-13,46.6638801839308,3.35198029042061));
#3606=CARTESIAN_POINT('',(-9.10366998366088,45.7672396321385,3.39104279042061));
#3607=CARTESIAN_POINT('',(-17.8574938362599,43.1118038094927,3.43010529042061));
#3608=CARTESIAN_POINT('',(-25.9250587209438,38.7995922792058,3.46916779042061));
#3609=CARTESIAN_POINT('',(-32.9963461145339,32.996346114534,3.50823029042061));
#3610=CARTESIAN_POINT('',(-38.7995922792057,25.925058720944,3.54729279042061));
#3611=CARTESIAN_POINT('',(-43.1118038094927,17.8574938362598,3.58635529042061));
#3612=CARTESIAN_POINT('',(-45.7672396321385,9.10366998366077,3.62541779042061));
#3613=CARTESIAN_POINT('',(-46.6638801839308,3.37507799486048E-14,3.66448029042061));
#3614=CARTESIAN_POINT('',(-45.7672396321385,-9.10366998366071,3.70354279042061));
#3615=CARTESIAN_POINT('',(-43.1118038094927,-17.8574938362598,3.74260529042061));
#3616=CARTESIAN_POINT('',(-38.7995922792058,-25.925058720944,3.78166779042061));
#3617=CARTESIAN_POINT('',(-32.996346114534,-32.996346114534,3.82073029042061));
#3618=CARTESIAN_POINT('',(-25.9250587209439,-38.7995922792058,3.85979279042061));
#3619=CARTESIAN_POINT('',(-17.8574938362599,-43.1118038094926,3.89885529042061));
#3620=CARTESIAN_POINT('',(-9.10366998366094,-45.7672396321385,3.93791779042061));
#3621=CARTESIAN_POINT('',(1.07469588783715E-13,-46.6638801839308,3.97698029042061));
#3622=CARTESIAN_POINT('',(9.10366998366079,-45.7672396321385,4.01604279042061));
#3623=CARTESIAN_POINT('',(17.8574938362599,-43.1118038094926,4.05510529042061));
#3624=CARTESIAN_POINT('',(25.9250587209438,-38.7995922792058,4.09416779042061));
#3625=CARTESIAN_POINT('',(32.9963461145339,-32.996346114534,4.13323029042061));
#3626=CARTESIAN_POINT('',(38.7995922792057,-25.925058720944,4.17229279042061));
#3627=CARTESIAN_POINT('',(43.1118038094927,-17.8574938362598,4.21135529042061));
#3628=CARTESIAN_POINT('',(45.7672396321385,-9.10366998366078,4.25041779042061));
#3629=CARTESIAN_POINT('',(46.6638801839308,-3.99680288865056E-14,4.28948029042061));
#3630=CARTESIAN_POINT('',(45.7672396321385,9.10366998366071,4.32854279042061));
#3631=CARTESIAN_POINT('',(43.1118038094927,17.8574938362598,4.36760529042061));
#3632=CARTESIAN_POINT('',(38.7995922792058,25.925058720944,4.40666779042061));
#3633=CARTESIAN_POINT('',(32.996346114534,32.996346114534,4.44573029042061));
#3634=CARTESIAN_POINT('',(25.9250587209439,38.7995922792058,4.48479279042061));
#3635=CARTESIAN_POINT('',(17.85749383626,43.1118038094926,4.52385529042061));
#3636=CARTESIAN_POINT('',(9.10366998366087,45.7672396321385,4.56291779042061));
#3637=CARTESIAN_POINT('',(1.85629289717326E-13,46.6638801839308,4.60198029042061));
#3638=CARTESIAN_POINT('',(-9.10366998366086,45.7672396321385,4.64104279042061));
#3639=CARTESIAN_POINT('',(-17.8574938362599,43.1118038094927,4.68010529042061));
#3640=CARTESIAN_POINT('',(-25.9250587209438,38.7995922792058,4.71916779042061));
#3641=CARTESIAN_POINT('',(-32.9963461145339,32.996346114534,4.75823029042061));
#3642=CARTESIAN_POINT('',(-38.7995922792057,25.925058720944,4.79729279042061));
#3643=CARTESIAN_POINT('',(-43.1118038094927,17.8574938362598,4.83635529042061));
#3644=CARTESIAN_POINT('',(-45.7672396321385,9.10366998366079,4.87541779042061));
#3645=CARTESIAN_POINT('',(-46.6638801839308,4.44089209850063E-14,4.91448029042061));
#3646=CARTESIAN_POINT('',(-45.7672396321385,-9.1036699836607,4.95354279042061));
#3647=CARTESIAN_POINT('',(-43.1118038094927,-17.8574938362598,4.99260529042061));
#3648=CARTESIAN_POINT('',(-38.7995922792058,-25.925058720944,5.03166779042061));
#3649=CARTESIAN_POINT('',(-32.996346114534,-32.996346114534,5.07073029042061));
#3650=CARTESIAN_POINT('',(-25.9250587209439,-38.7995922792058,5.10979279042061));
#3651=CARTESIAN_POINT('',(-17.85749383626,-43.1118038094926,5.14885529042061));
#3652=CARTESIAN_POINT('',(-9.10366998366095,-45.7672396321385,5.18791779042061));
#3653=CARTESIAN_POINT('',(9.59232693276135E-14,-46.6638801839308,5.22698029042061));
#3654=CARTESIAN_POINT('',(9.10366998366078,-45.7672396321385,5.26604279042061));
#3655=CARTESIAN_POINT('',(17.8574938362599,-43.1118038094926,5.30510529042061));
#3656=CARTESIAN_POINT('',(25.9250587209438,-38.7995922792058,5.34416779042061));
#3657=CARTESIAN_POINT('',(32.9963461145339,-32.996346114534,5.38323029042061));
#3658=CARTESIAN_POINT('',(38.7995922792057,-25.9250587209441,5.42229279042061));
#3659=CARTESIAN_POINT('',(43.1118038094927,-17.8574938362598,5.46135529042061));
#3660=CARTESIAN_POINT('',(45.7672396321385,-9.1036699836608,5.50041779042061));
#3661=CARTESIAN_POINT('',(46.6638801839308,-5.06261699229071E-14,5.53948029042061));
#3662=CARTESIAN_POINT('',(45.7672396321385,9.10366998366069,5.57854279042061));
#3663=CARTESIAN_POINT('',(43.1118038094927,17.8574938362598,5.61760529042061));
#3664=CARTESIAN_POINT('',(38.7995922792058,25.925058720944,5.65666779042061));
#3665=CARTESIAN_POINT('',(32.996346114534,32.996346114534,5.69573029042061));
#3666=CARTESIAN_POINT('',(25.9250587209439,38.7995922792057,5.73479279042061));
#3667=CARTESIAN_POINT('',(17.85749383626,43.1118038094926,5.77385529042061));
#3668=CARTESIAN_POINT('',(9.10366998366088,45.7672396321385,5.81291779042061));
#3669=CARTESIAN_POINT('',(1.98063787593128E-13,46.6638801839308,5.85198029042061));
#3670=CARTESIAN_POINT('',(-9.10366998366085,45.7672396321385,5.89104279042061));
#3671=CARTESIAN_POINT('',(-17.8574938362599,43.1118038094926,5.93010529042061));
#3672=CARTESIAN_POINT('',(-25.9250587209438,38.7995922792058,5.96916779042061));
#3673=CARTESIAN_POINT('',(-32.9963461145339,32.996346114534,6.00823029042061));
#3674=CARTESIAN_POINT('',(-38.7995922792057,25.925058720944,6.04729279042061));
#3675=CARTESIAN_POINT('',(-43.1118038094927,17.8574938362599,6.08635529042061));
#3676=CARTESIAN_POINT('',(-45.7672396321385,9.1036699836608,6.12541779042061));
#3677=CARTESIAN_POINT('',(-46.6638801839308,5.59552404411079E-14,6.16448029042061));
#3678=CARTESIAN_POINT('',(-45.7672396321385,-9.10366998366069,6.20354279042061));
#3679=CARTESIAN_POINT('',(-43.1118038094927,-17.8574938362598,6.24260529042061));
#3680=CARTESIAN_POINT('',(-38.7995922792059,-25.9250587209437,6.28166779042061));
#3681=CARTESIAN_POINT('',(-32.9963461145341,-32.9963461145339,6.32073029042061));
#3682=CARTESIAN_POINT('',(-25.9250587209442,-38.7995922792056,6.35979279042061));
#3683=CARTESIAN_POINT('',(-17.8574938362597,-43.1118038094927,6.39885529042061));
#3684=CARTESIAN_POINT('',(-9.10366998366072,-45.7672396321385,6.43791779042061));
#3685=CARTESIAN_POINT('',(2.48689957516035E-14,-46.6638801839308,6.47698029042061));
#3686=CARTESIAN_POINT('',(9.10366998366077,-45.7672396321385,6.51604279042061));
#3687=CARTESIAN_POINT('',(17.8574938362599,-43.1118038094926,6.55510529042061));
#3688=CARTESIAN_POINT('',(25.9250587209438,-38.7995922792058,6.59416779042061));
#3689=CARTESIAN_POINT('',(32.9963461145339,-32.9963461145341,6.63323029042061));
#3690=CARTESIAN_POINT('',(38.7995922792057,-25.925058720944,6.67229279042061));
#3691=CARTESIAN_POINT('',(43.1118038094926,-17.8574938362601,6.71135529042061));
#3692=CARTESIAN_POINT('',(45.7672396321385,-9.10366998366097,6.75041779042061));
#3693=CARTESIAN_POINT('',(46.6638801839308,-3.50830475781549E-13,6.78948029042061));
#3694=CARTESIAN_POINT('',(45.7672396321385,9.10366998366101,6.82854279042061));
#3695=CARTESIAN_POINT('',(43.1118038094926,17.8574938362599,6.86760529042061));
#3696=CARTESIAN_POINT('',(38.7995922792058,25.9250587209439,6.90666779042061));
#3697=CARTESIAN_POINT('',(32.996346114534,32.996346114534,6.94573029042061));
#3698=CARTESIAN_POINT('',(25.9250587209439,38.7995922792058,6.98479279042061));
#3699=CARTESIAN_POINT('',(17.85749383626,43.1118038094926,7.02385529042061));
#3700=CARTESIAN_POINT('',(9.10366998366089,45.7672396321385,7.06291779042061));
#3701=CARTESIAN_POINT('',(1.48325796089921E-13,46.6638801839307,7.10198029042061));
#3702=CARTESIAN_POINT('',(-9.1036699836606,45.7672396321385,7.14104279042061));
#3703=CARTESIAN_POINT('',(-17.8574938362596,43.1118038094928,7.18010529042061));
#3704=CARTESIAN_POINT('',(-25.9250587209441,38.7995922792057,7.21916779042061));
#3705=CARTESIAN_POINT('',(-32.996346114534,32.996346114534,7.25823029042061));
#3706=CARTESIAN_POINT('',(-38.7995922792058,25.9250587209439,7.29729279042061));
#3707=CARTESIAN_POINT('',(-43.1118038094926,17.8574938362599,7.33635529042061));
#3708=CARTESIAN_POINT('',(-45.7672396321385,9.10366998366081,7.37541779042061));
#3709=CARTESIAN_POINT('',(-46.6638801839308,6.75015598972095E-14,7.41448029042061));
#3710=CARTESIAN_POINT('',(-45.7672396321385,-9.10366998366068,7.45354279042061));
#3711=CARTESIAN_POINT('',(-43.1118038094927,-17.8574938362598,7.49260529042061));
#3712=CARTESIAN_POINT('',(-38.7995922792059,-25.9250587209437,7.53166779042061));
#3713=CARTESIAN_POINT('',(-32.9963461145341,-32.9963461145339,7.57073029042061));
#3714=CARTESIAN_POINT('',(-25.9250587209442,-38.7995922792056,7.60979279042061));
#3715=CARTESIAN_POINT('',(-17.8574938362597,-43.1118038094927,7.64885529042061));
#3716=CARTESIAN_POINT('',(-9.10366998366073,-45.7672396321385,7.68791779042061));
#3717=CARTESIAN_POINT('',(1.24344978758018E-14,-46.6638801839308,7.72698029042061));
#3718=CARTESIAN_POINT('',(9.10366998366076,-45.7672396321385,7.76604279042061));
#3719=CARTESIAN_POINT('',(17.8574938362599,-43.1118038094927,7.80510529042061));
#3720=CARTESIAN_POINT('',(25.9250587209438,-38.7995922792058,7.84416779042061));
#3721=CARTESIAN_POINT('',(32.9963461145339,-32.9963461145341,7.88323029042061));
#3722=CARTESIAN_POINT('',(38.7995922792057,-25.925058720944,7.92229279042061));
#3723=CARTESIAN_POINT('',(43.1118038094926,-17.85749383626,7.96135529042061));
#3724=CARTESIAN_POINT('',(45.7672396321384,-9.10366998366114,8.00041779042061));
#3725=CARTESIAN_POINT('',(46.6638801839308,2.1316282072803E-13,8.03948029042061));
#3726=CARTESIAN_POINT('',(45.7672396321385,9.10366998366083,8.07854279042061));
#3727=CARTESIAN_POINT('',(43.1118038094926,17.8574938362599,8.11760529042061));
#3728=CARTESIAN_POINT('',(38.7995922792058,25.9250587209439,8.15666779042061));
#3729=CARTESIAN_POINT('',(32.996346114534,32.996346114534,8.19573029042061));
#3730=CARTESIAN_POINT('',(25.9250587209439,38.7995922792058,8.23479279042061));
#3731=CARTESIAN_POINT('',(17.85749383626,43.1118038094926,8.27385529042061));
#3732=CARTESIAN_POINT('',(9.1036699836609,45.7672396321385,8.31291779042061));
#3733=CARTESIAN_POINT('',(1.59872115546023E-13,46.6638801839307,8.35198029042061));
#3734=CARTESIAN_POINT('',(-9.10366998366059,45.7672396321385,8.39104279042061));
#3735=CARTESIAN_POINT('',(-17.8574938362596,43.1118038094928,8.43010529042061));
#3736=CARTESIAN_POINT('',(-25.9250587209441,38.7995922792057,8.46916779042061));
#3737=CARTESIAN_POINT('',(-32.996346114534,32.996346114534,8.50823029042061));
#3738=CARTESIAN_POINT('',(-38.7995922792058,25.9250587209439,8.54729279042061));
#3739=CARTESIAN_POINT('',(-43.1118038094926,17.8574938362599,8.58635529042061));
#3740=CARTESIAN_POINT('',(-45.7672396321385,9.10366998366082,8.62541779042061));
#3741=CARTESIAN_POINT('',(-46.6638801839308,7.99360577730113E-14,8.66448029042061));
#3742=CARTESIAN_POINT('',(-45.7672396321385,-9.10366998366067,8.70354279042061));
#3743=CARTESIAN_POINT('',(-43.1118038094927,-17.8574938362598,8.74260529042061));
#3744=CARTESIAN_POINT('',(-38.7995922792059,-25.9250587209437,8.78166779042061));
#3745=CARTESIAN_POINT('',(-32.9963461145341,-32.9963461145339,8.82073029042061));
#3746=CARTESIAN_POINT('',(-25.9250587209442,-38.7995922792056,8.85979279042061));
#3747=CARTESIAN_POINT('',(-17.8574938362598,-43.1118038094927,8.89885529042061));
#3748=CARTESIAN_POINT('',(-9.10366998366075,-45.7672396321385,8.93791779042061));
#3749=CARTESIAN_POINT('',(8.88178419700125E-16,-46.6638801839308,8.97698029042061));
#3750=CARTESIAN_POINT('',(9.10366998366075,-45.7672396321385,9.01604279042061));
#3751=CARTESIAN_POINT('',(17.8574938362599,-43.1118038094927,9.05510529042061));
#3752=CARTESIAN_POINT('',(25.9250587209438,-38.7995922792058,9.09416779042061));
#3753=CARTESIAN_POINT('',(32.9963461145339,-32.9963461145341,9.13323029042061));
#3754=CARTESIAN_POINT('',(38.7995922792057,-25.925058720944,9.17229279042061));
#3755=CARTESIAN_POINT('',(43.1118038094926,-17.8574938362601,9.21135529042061));
#3756=CARTESIAN_POINT('',(45.7672396321385,-9.10366998366099,9.25041779042061));
#3757=CARTESIAN_POINT('',(46.6638801839308,-3.74811293113453E-13,9.28948029042061));
#3758=CARTESIAN_POINT('',(45.7672396321385,9.10366998366099,9.32854279042061));
#3759=CARTESIAN_POINT('',(43.1118038094926,17.8574938362599,9.36760529042061));
#3760=CARTESIAN_POINT('',(38.7995922792058,25.9250587209439,9.40666779042061));
#3761=CARTESIAN_POINT('',(32.996346114534,32.996346114534,9.44573029042061));
#3762=CARTESIAN_POINT('',(25.9250587209439,38.7995922792058,9.48479279042061));
#3763=CARTESIAN_POINT('',(17.85749383626,43.1118038094926,9.52385529042061));
#3764=CARTESIAN_POINT('',(9.10366998366091,45.7672396321385,9.56291779042061));
#3765=CARTESIAN_POINT('',(1.71418435002124E-13,46.6638801839307,9.60198029042061));
#3766=CARTESIAN_POINT('',(-9.10366998366058,45.7672396321385,9.64104279042061));
#3767=CARTESIAN_POINT('',(-17.8574938362596,43.1118038094928,9.68010529042061));
#3768=CARTESIAN_POINT('',(-25.9250587209441,38.7995922792057,9.71916779042061));
#3769=CARTESIAN_POINT('',(-32.996346114534,32.996346114534,9.75823029042061));
#3770=CARTESIAN_POINT('',(-38.7995922792058,25.9250587209439,9.79729279042061));
#3771=CARTESIAN_POINT('',(-43.1118038094926,17.8574938362599,9.83635529042061));
#3772=CARTESIAN_POINT('',(-45.7672396321385,9.10366998366083,9.87541779042061));
#3773=CARTESIAN_POINT('',(-46.6638801839308,9.14823772291129E-14,9.91448029042061));
#3774=CARTESIAN_POINT('',(-45.7672396321385,-9.10366998366066,9.95354279042061));
#3775=CARTESIAN_POINT('',(-43.1118038094927,-17.8574938362598,9.99260529042061));
#3776=CARTESIAN_POINT('',(-39.7103059416894,-24.2212365610496,10.0234180206236));
#3777=CARTESIAN_POINT('',(-37.2822274668248,-27.5857664928006,10.0412099174933));
#3778=CARTESIAN_POINT('',(-36.599579050176,-28.4634746930593,10.0459809810297));
#3779=CARTESIAN_POINT('',(-47.2058892896288,0.,-0.571007367305225));
#3780=CARTESIAN_POINT('',(-47.2058892896288,-3.08961822913481,-0.557986533971891));
#3781=CARTESIAN_POINT('',(-46.597287763758,-9.26877682256027,-0.531944867305225));
#3782=CARTESIAN_POINT('',(-43.8936921752853,-18.181362601633,-0.492882367305225));
#3783=CARTESIAN_POINT('',(-39.5032731071913,-26.3952432181171,-0.453819867305225));
#3784=CARTESIAN_POINT('',(-33.5947775616298,-33.5947775616297,-0.414757367305225));
#3785=CARTESIAN_POINT('',(-26.3952432181171,-39.5032731071913,-0.375694867305225));
#3786=CARTESIAN_POINT('',(-18.181362601633,-43.8936921752853,-0.336632367305225));
#3787=CARTESIAN_POINT('',(-9.26877682256027,-46.597287763758,-0.297569867305225));
#3788=CARTESIAN_POINT('',(-1.77635683940025E-15,-47.5101900525641,-0.258507367305225));
#3789=CARTESIAN_POINT('',(9.26877682256027,-46.597287763758,-0.219444867305225));
#3790=CARTESIAN_POINT('',(18.181362601633,-43.8936921752853,-0.180382367305225));
#3791=CARTESIAN_POINT('',(26.3952432181171,-39.5032731071913,-0.141319867305225));
#3792=CARTESIAN_POINT('',(33.5947775616297,-33.5947775616297,-0.102257367305225));
#3793=CARTESIAN_POINT('',(39.5032731071913,-26.3952432181171,-0.0631948673052246));
#3794=CARTESIAN_POINT('',(43.8936921752853,-18.181362601633,-0.0241323673052246));
#3795=CARTESIAN_POINT('',(46.597287763758,-9.2687768225603,0.0149301326947754));
#3796=CARTESIAN_POINT('',(47.5101900525641,-4.44089209850063E-15,0.0539926326947754));
#3797=CARTESIAN_POINT('',(46.597287763758,9.26877682256028,0.0930551326947754));
#3798=CARTESIAN_POINT('',(43.8936921752853,18.181362601633,0.132117632694775));
#3799=CARTESIAN_POINT('',(39.5032731071913,26.3952432181171,0.171180132694775));
#3800=CARTESIAN_POINT('',(33.5947775616298,33.5947775616297,0.210242632694775));
#3801=CARTESIAN_POINT('',(26.3952432181171,39.5032731071913,0.249305132694775));
#3802=CARTESIAN_POINT('',(18.181362601633,43.8936921752853,0.288367632694775));
#3803=CARTESIAN_POINT('',(9.26877682256029,46.597287763758,0.327430132694775));
#3804=CARTESIAN_POINT('',(8.88178419700125E-15,47.5101900525641,0.366492632694775));
#3805=CARTESIAN_POINT('',(-9.26877682256027,46.597287763758,0.405555132694775));
#3806=CARTESIAN_POINT('',(-18.181362601633,43.8936921752853,0.444617632694775));
#3807=CARTESIAN_POINT('',(-26.3952432181171,39.5032731071913,0.483680132694775));
#3808=CARTESIAN_POINT('',(-33.5947775616298,33.5947775616298,0.522742632694776));
#3809=CARTESIAN_POINT('',(-39.5032731071913,26.3952432181171,0.561805132694775));
#3810=CARTESIAN_POINT('',(-43.8936921752853,18.181362601633,0.600867632694775));
#3811=CARTESIAN_POINT('',(-46.597287763758,9.26877682256029,0.639930132694776));
#3812=CARTESIAN_POINT('',(-47.5101900525641,1.24344978758018E-14,0.678992632694775));
#3813=CARTESIAN_POINT('',(-46.597287763758,-9.26877682256027,0.718055132694775));
#3814=CARTESIAN_POINT('',(-43.8936921752853,-18.181362601633,0.757117632694775));
#3815=CARTESIAN_POINT('',(-39.5032731071913,-26.3952432181171,0.796180132694775));
#3816=CARTESIAN_POINT('',(-33.5947775616298,-33.5947775616297,0.835242632694775));
#3817=CARTESIAN_POINT('',(-26.3952432181171,-39.5032731071913,0.874305132694775));
#3818=CARTESIAN_POINT('',(-18.181362601633,-43.8936921752853,0.913367632694775));
#3819=CARTESIAN_POINT('',(-9.26877682256029,-46.597287763758,0.952430132694775));
#3820=CARTESIAN_POINT('',(5.32907051820075E-15,-47.5101900525641,0.991492632694775));
#3821=CARTESIAN_POINT('',(9.26877682256019,-46.597287763758,1.03055513269478));
#3822=CARTESIAN_POINT('',(18.181362601633,-43.8936921752853,1.06961763269478));
#3823=CARTESIAN_POINT('',(26.3952432181171,-39.5032731071913,1.10868013269478));
#3824=CARTESIAN_POINT('',(33.5947775616297,-33.5947775616298,1.14774263269478));
#3825=CARTESIAN_POINT('',(39.5032731071913,-26.3952432181171,1.18680513269478));
#3826=CARTESIAN_POINT('',(43.8936921752853,-18.1813626016331,1.22586763269478));
#3827=CARTESIAN_POINT('',(46.597287763758,-9.26877682256022,1.26493013269478));
#3828=CARTESIAN_POINT('',(47.5101900525641,-1.68753899743024E-14,1.30399263269478));
#3829=CARTESIAN_POINT('',(46.597287763758,9.26877682256018,1.34305513269478));
#3830=CARTESIAN_POINT('',(43.8936921752853,18.181362601633,1.38211763269478));
#3831=CARTESIAN_POINT('',(39.5032731071913,26.3952432181171,1.42118013269478));
#3832=CARTESIAN_POINT('',(33.5947775616297,33.5947775616298,1.46024263269478));
#3833=CARTESIAN_POINT('',(26.3952432181171,39.5032731071913,1.49930513269478));
#3834=CARTESIAN_POINT('',(18.1813626016331,43.8936921752853,1.53836763269478));
#3835=CARTESIAN_POINT('',(9.26877682256022,46.597287763758,1.57743013269478));
#3836=CARTESIAN_POINT('',(2.04281036531029E-14,47.5101900525641,1.61649263269478));
#3837=CARTESIAN_POINT('',(-9.26877682256018,46.597287763758,1.65555513269478));
#3838=CARTESIAN_POINT('',(-18.181362601633,43.8936921752853,1.69461763269478));
#3839=CARTESIAN_POINT('',(-26.3952432181171,39.5032731071913,1.73368013269478));
#3840=CARTESIAN_POINT('',(-33.5947775616297,33.5947775616298,1.77274263269478));
#3841=CARTESIAN_POINT('',(-39.5032731071913,26.3952432181171,1.81180513269478));
#3842=CARTESIAN_POINT('',(-43.8936921752853,18.1813626016331,1.85086763269478));
#3843=CARTESIAN_POINT('',(-46.597287763758,9.26877682256022,1.88993013269478));
#3844=CARTESIAN_POINT('',(-47.5101900525641,2.30926389122033E-14,1.92899263269478));
#3845=CARTESIAN_POINT('',(-46.597287763758,-9.26877682256017,1.96805513269478));
#3846=CARTESIAN_POINT('',(-43.8936921752853,-18.181362601633,2.00711763269478));
#3847=CARTESIAN_POINT('',(-39.5032731071913,-26.3952432181171,2.04618013269478));
#3848=CARTESIAN_POINT('',(-33.5947775616297,-33.5947775616298,2.08524263269478));
#3849=CARTESIAN_POINT('',(-26.3952432181171,-39.5032731071912,2.12430513269478));
#3850=CARTESIAN_POINT('',(-18.1813626016331,-43.8936921752853,2.16336763269478));
#3851=CARTESIAN_POINT('',(-9.26877682256022,-46.597287763758,2.20243013269478));
#3852=CARTESIAN_POINT('',(-2.39808173319034E-14,-47.5101900525641,2.24149263269478));
#3853=CARTESIAN_POINT('',(9.26877682256017,-46.597287763758,2.28055513269478));
#3854=CARTESIAN_POINT('',(18.181362601633,-43.8936921752853,2.31961763269478));
#3855=CARTESIAN_POINT('',(26.3952432181171,-39.5032731071913,2.35868013269478));
#3856=CARTESIAN_POINT('',(33.5947775616297,-33.5947775616298,2.39774263269478));
#3857=CARTESIAN_POINT('',(39.5032731071913,-26.3952432181171,2.43680513269478));
#3858=CARTESIAN_POINT('',(43.8936921752853,-18.1813626016331,2.47586763269478));
#3859=CARTESIAN_POINT('',(46.597287763758,-9.26877682256023,2.51493013269478));
#3860=CARTESIAN_POINT('',(47.5101900525641,-3.81916720471054E-14,2.55399263269478));
#3861=CARTESIAN_POINT('',(46.597287763758,9.26877682256021,2.59305513269478));
#3862=CARTESIAN_POINT('',(43.8936921752854,18.1813626016328,2.63211763269478));
#3863=CARTESIAN_POINT('',(39.5032731071912,26.3952432181172,2.67118013269478));
#3864=CARTESIAN_POINT('',(33.5947775616298,33.5947775616297,2.71024263269478));
#3865=CARTESIAN_POINT('',(26.3952432181172,39.5032731071912,2.74930513269478));
#3866=CARTESIAN_POINT('',(18.181362601633,43.8936921752853,2.78836763269478));
#3867=CARTESIAN_POINT('',(9.26877682256035,46.597287763758,2.82743013269478));
#3868=CARTESIAN_POINT('',(1.77635683940025E-13,47.5101900525641,2.86649263269478));
#3869=CARTESIAN_POINT('',(-9.26877682256037,46.597287763758,2.90555513269478));
#3870=CARTESIAN_POINT('',(-18.181362601633,43.8936921752853,2.94461763269478));
#3871=CARTESIAN_POINT('',(-26.3952432181171,39.5032731071913,2.98368013269478));
#3872=CARTESIAN_POINT('',(-33.5947775616297,33.5947775616298,3.02274263269478));
#3873=CARTESIAN_POINT('',(-39.5032731071912,26.3952432181173,3.06180513269478));
#3874=CARTESIAN_POINT('',(-43.8936921752854,18.1813626016329,3.10086763269478));
#3875=CARTESIAN_POINT('',(-46.597287763758,9.26877682256027,3.13993013269478));
#3876=CARTESIAN_POINT('',(-47.5101900525641,3.37507799486048E-14,3.17899263269478));
#3877=CARTESIAN_POINT('',(-46.597287763758,-9.2687768225602,3.21805513269478));
#3878=CARTESIAN_POINT('',(-43.8936921752854,-18.1813626016328,3.25711763269478));
#3879=CARTESIAN_POINT('',(-39.5032731071912,-26.3952432181172,3.29618013269478));
#3880=CARTESIAN_POINT('',(-33.5947775616298,-33.5947775616297,3.33524263269478));
#3881=CARTESIAN_POINT('',(-26.3952432181172,-39.5032731071912,3.37430513269478));
#3882=CARTESIAN_POINT('',(-18.181362601633,-43.8936921752853,3.41336763269478));
#3883=CARTESIAN_POINT('',(-9.26877682256044,-46.597287763758,3.45243013269478));
#3884=CARTESIAN_POINT('',(1.10134124042816E-13,-47.5101900525641,3.49149263269478));
#3885=CARTESIAN_POINT('',(9.26877682256028,-46.597287763758,3.53055513269478));
#3886=CARTESIAN_POINT('',(18.181362601633,-43.8936921752853,3.56961763269478));
#3887=CARTESIAN_POINT('',(26.3952432181171,-39.5032731071913,3.60868013269478));
#3888=CARTESIAN_POINT('',(33.5947775616297,-33.5947775616298,3.64774263269478));
#3889=CARTESIAN_POINT('',(39.5032731071912,-26.3952432181173,3.68680513269478));
#3890=CARTESIAN_POINT('',(43.8936921752854,-18.1813626016329,3.72586763269478));
#3891=CARTESIAN_POINT('',(46.597287763758,-9.26877682256027,3.76493013269478));
#3892=CARTESIAN_POINT('',(47.5101900525641,-3.99680288865056E-14,3.80399263269478));
#3893=CARTESIAN_POINT('',(46.597287763758,9.2687768225602,3.84305513269478));
#3894=CARTESIAN_POINT('',(43.8936921752854,18.1813626016328,3.88211763269478));
#3895=CARTESIAN_POINT('',(39.5032731071912,26.3952432181172,3.92118013269478));
#3896=CARTESIAN_POINT('',(33.5947775616298,33.5947775616297,3.96024263269478));
#3897=CARTESIAN_POINT('',(26.3952432181171,39.5032731071912,3.99930513269478));
#3898=CARTESIAN_POINT('',(18.181362601633,43.8936921752853,4.03836763269478));
#3899=CARTESIAN_POINT('',(9.26877682256037,46.597287763758,4.07743013269478));
#3900=CARTESIAN_POINT('',(1.88293824976427E-13,47.5101900525641,4.11649263269478));
#3901=CARTESIAN_POINT('',(-9.26877682256036,46.597287763758,4.15555513269478));
#3902=CARTESIAN_POINT('',(-18.181362601633,43.8936921752854,4.19461763269478));
#3903=CARTESIAN_POINT('',(-26.3952432181171,39.5032731071913,4.23368013269478));
#3904=CARTESIAN_POINT('',(-33.5947775616297,33.5947775616298,4.27274263269478));
#3905=CARTESIAN_POINT('',(-39.5032731071912,26.3952432181173,4.31180513269478));
#3906=CARTESIAN_POINT('',(-43.8936921752854,18.1813626016329,4.35086763269478));
#3907=CARTESIAN_POINT('',(-46.597287763758,9.26877682256028,4.38993013269478));
#3908=CARTESIAN_POINT('',(-47.5101900525641,4.44089209850063E-14,4.42899263269478));
#3909=CARTESIAN_POINT('',(-46.597287763758,-9.26877682256019,4.46805513269478));
#3910=CARTESIAN_POINT('',(-43.8936921752854,-18.1813626016328,4.50711763269478));
#3911=CARTESIAN_POINT('',(-39.5032731071912,-26.3952432181172,4.54618013269478));
#3912=CARTESIAN_POINT('',(-33.5947775616298,-33.5947775616297,4.58524263269478));
#3913=CARTESIAN_POINT('',(-26.3952432181171,-39.5032731071912,4.62430513269478));
#3914=CARTESIAN_POINT('',(-18.181362601633,-43.8936921752853,4.66336763269478));
#3915=CARTESIAN_POINT('',(-9.26877682256045,-46.597287763758,4.70243013269478));
#3916=CARTESIAN_POINT('',(9.76996261670138E-14,-47.5101900525641,4.74149263269478));
#3917=CARTESIAN_POINT('',(9.26877682256027,-46.597287763758,4.78055513269478));
#3918=CARTESIAN_POINT('',(18.181362601633,-43.8936921752853,4.81961763269478));
#3919=CARTESIAN_POINT('',(26.3952432181171,-39.5032731071913,4.85868013269478));
#3920=CARTESIAN_POINT('',(33.5947775616297,-33.5947775616298,4.89774263269478));
#3921=CARTESIAN_POINT('',(39.5032731071912,-26.3952432181173,4.93680513269478));
#3922=CARTESIAN_POINT('',(43.8936921752854,-18.1813626016329,4.97586763269478));
#3923=CARTESIAN_POINT('',(46.597287763758,-9.26877682256029,5.01493013269478));
#3924=CARTESIAN_POINT('',(47.5101900525641,-5.06261699229071E-14,5.05399263269478));
#3925=CARTESIAN_POINT('',(46.597287763758,9.26877682256018,5.09305513269478));
#3926=CARTESIAN_POINT('',(43.8936921752854,18.1813626016328,5.13211763269478));
#3927=CARTESIAN_POINT('',(39.5032731071912,26.3952432181172,5.17118013269478));
#3928=CARTESIAN_POINT('',(33.5947775616298,33.5947775616297,5.21024263269478));
#3929=CARTESIAN_POINT('',(26.3952432181172,39.5032731071912,5.24930513269478));
#3930=CARTESIAN_POINT('',(18.1813626016331,43.8936921752853,5.28836763269478));
#3931=CARTESIAN_POINT('',(9.26877682256038,46.597287763758,5.32743013269478));
#3932=CARTESIAN_POINT('',(1.99840144432528E-13,47.5101900525641,5.36649263269478));
#3933=CARTESIAN_POINT('',(-9.26877682256035,46.597287763758,5.40555513269478));
#3934=CARTESIAN_POINT('',(-18.1813626016329,43.8936921752853,5.44461763269478));
#3935=CARTESIAN_POINT('',(-26.3952432181171,39.5032731071913,5.48368013269478));
#3936=CARTESIAN_POINT('',(-33.5947775616297,33.5947775616298,5.52274263269478));
#3937=CARTESIAN_POINT('',(-39.5032731071911,26.3952432181173,5.56180513269478));
#3938=CARTESIAN_POINT('',(-43.8936921752854,18.1813626016329,5.60086763269478));
#3939=CARTESIAN_POINT('',(-46.597287763758,9.26877682256029,5.63993013269478));
#3940=CARTESIAN_POINT('',(-47.5101900525641,5.59552404411079E-14,5.67899263269478));
#3941=CARTESIAN_POINT('',(-46.597287763758,-9.26877682256018,5.71805513269478));
#3942=CARTESIAN_POINT('',(-43.8936921752854,-18.1813626016329,5.75711763269478));
#3943=CARTESIAN_POINT('',(-39.5032731071914,-26.395243218117,5.79618013269478));
#3944=CARTESIAN_POINT('',(-33.5947775616298,-33.5947775616296,5.83524263269478));
#3945=CARTESIAN_POINT('',(-26.3952432181175,-39.5032731071911,5.87430513269478));
#3946=CARTESIAN_POINT('',(-18.1813626016328,-43.8936921752854,5.91336763269478));
#3947=CARTESIAN_POINT('',(-9.26877682256022,-46.597287763758,5.95243013269478));
#3948=CARTESIAN_POINT('',(2.39808173319034E-14,-47.5101900525641,5.99149263269478));
#3949=CARTESIAN_POINT('',(9.26877682256026,-46.597287763758,6.03055513269478));
#3950=CARTESIAN_POINT('',(18.181362601633,-43.8936921752853,6.06961763269478));
#3951=CARTESIAN_POINT('',(26.3952432181171,-39.5032731071913,6.10868013269478));
#3952=CARTESIAN_POINT('',(33.5947775616297,-33.5947775616298,6.14774263269478));
#3953=CARTESIAN_POINT('',(39.5032731071912,-26.3952432181172,6.18680513269478));
#3954=CARTESIAN_POINT('',(43.8936921752853,-18.1813626016331,6.22586763269478));
#3955=CARTESIAN_POINT('',(46.5972877637579,-9.26877682256046,6.26493013269478));
#3956=CARTESIAN_POINT('',(47.5101900525642,-3.50830475781549E-13,6.30399263269478));
#3957=CARTESIAN_POINT('',(46.5972877637579,9.26877682256051,6.34305513269478));
#3958=CARTESIAN_POINT('',(43.8936921752853,18.181362601633,6.38211763269478));
#3959=CARTESIAN_POINT('',(39.5032731071913,26.3952432181171,6.42118013269478));
#3960=CARTESIAN_POINT('',(33.5947775616298,33.5947775616297,6.46024263269478));
#3961=CARTESIAN_POINT('',(26.3952432181172,39.5032731071912,6.49930513269478));
#3962=CARTESIAN_POINT('',(18.1813626016331,43.8936921752853,6.53836763269478));
#3963=CARTESIAN_POINT('',(9.26877682256039,46.597287763758,6.57743013269478));
#3964=CARTESIAN_POINT('',(1.50102152929321E-13,47.5101900525641,6.61649263269478));
#3965=CARTESIAN_POINT('',(-9.26877682256009,46.597287763758,6.65555513269478));
#3966=CARTESIAN_POINT('',(-18.1813626016327,43.8936921752855,6.69461763269478));
#3967=CARTESIAN_POINT('',(-26.3952432181174,39.5032731071911,6.73368013269478));
#3968=CARTESIAN_POINT('',(-33.5947775616297,33.5947775616297,6.77274263269478));
#3969=CARTESIAN_POINT('',(-39.5032731071913,26.3952432181171,6.81180513269478));
#3970=CARTESIAN_POINT('',(-43.8936921752853,18.181362601633,6.85086763269478));
#3971=CARTESIAN_POINT('',(-46.597287763758,9.2687768225603,6.88993013269478));
#3972=CARTESIAN_POINT('',(-47.5101900525641,6.75015598972095E-14,6.92899263269478));
#3973=CARTESIAN_POINT('',(-46.597287763758,-9.26877682256017,6.96805513269478));
#3974=CARTESIAN_POINT('',(-43.8936921752854,-18.1813626016329,7.00711763269478));
#3975=CARTESIAN_POINT('',(-39.5032731071914,-26.395243218117,7.04618013269478));
#3976=CARTESIAN_POINT('',(-33.5947775616298,-33.5947775616296,7.08524263269478));
#3977=CARTESIAN_POINT('',(-26.3952432181175,-39.5032731071911,7.12430513269478));
#3978=CARTESIAN_POINT('',(-18.1813626016328,-43.8936921752854,7.16336763269478));
#3979=CARTESIAN_POINT('',(-9.26877682256023,-46.597287763758,7.20243013269478));
#3980=CARTESIAN_POINT('',(1.15463194561016E-14,-47.5101900525641,7.24149263269478));
#3981=CARTESIAN_POINT('',(9.26877682256025,-46.597287763758,7.28055513269478));
#3982=CARTESIAN_POINT('',(18.1813626016329,-43.8936921752853,7.31961763269478));
#3983=CARTESIAN_POINT('',(26.3952432181171,-39.5032731071913,7.35868013269478));
#3984=CARTESIAN_POINT('',(33.5947775616297,-33.5947775616298,7.39774263269478));
#3985=CARTESIAN_POINT('',(39.5032731071912,-26.3952432181173,7.43680513269478));
#3986=CARTESIAN_POINT('',(43.8936921752853,-18.1813626016331,7.47586763269478));
#3987=CARTESIAN_POINT('',(46.5972877637579,-9.26877682256064,7.51493013269478));
#3988=CARTESIAN_POINT('',(47.5101900525641,2.1316282072803E-13,7.55399263269478));
#3989=CARTESIAN_POINT('',(46.597287763758,9.26877682256033,7.59305513269478));
#3990=CARTESIAN_POINT('',(43.8936921752853,18.181362601633,7.63211763269478));
#3991=CARTESIAN_POINT('',(39.5032731071913,26.3952432181171,7.67118013269478));
#3992=CARTESIAN_POINT('',(33.5947775616298,33.5947775616297,7.71024263269478));
#3993=CARTESIAN_POINT('',(26.3952432181172,39.5032731071912,7.74930513269478));
#3994=CARTESIAN_POINT('',(18.1813626016331,43.8936921752853,7.78836763269478));
#3995=CARTESIAN_POINT('',(9.2687768225604,46.5972877637579,7.82743013269477));
#3996=CARTESIAN_POINT('',(1.64313007644523E-13,47.5101900525641,7.86649263269478));
#3997=CARTESIAN_POINT('',(-9.26877682256008,46.597287763758,7.90555513269477));
#3998=CARTESIAN_POINT('',(-18.1813626016327,43.8936921752855,7.94461763269478));
#3999=CARTESIAN_POINT('',(-26.3952432181174,39.5032731071912,7.98368013269477));
#4000=CARTESIAN_POINT('',(-33.5947775616297,33.5947775616297,8.02274263269478));
#4001=CARTESIAN_POINT('',(-39.5032731071913,26.3952432181171,8.06180513269478));
#4002=CARTESIAN_POINT('',(-43.8936921752853,18.181362601633,8.10086763269478));
#4003=CARTESIAN_POINT('',(-46.597287763758,9.26877682256031,8.13993013269478));
#4004=CARTESIAN_POINT('',(-47.5101900525641,7.99360577730113E-14,8.17899263269478));
#4005=CARTESIAN_POINT('',(-46.597287763758,-9.26877682256015,8.21805513269478));
#4006=CARTESIAN_POINT('',(-43.8936921752854,-18.1813626016329,8.25711763269478));
#4007=CARTESIAN_POINT('',(-39.5032731071914,-26.395243218117,8.29618013269478));
#4008=CARTESIAN_POINT('',(-33.5947775616299,-33.5947775616296,8.33524263269478));
#4009=CARTESIAN_POINT('',(-26.3952432181175,-39.5032731071911,8.37430513269478));
#4010=CARTESIAN_POINT('',(-18.1813626016328,-43.8936921752854,8.41336763269478));
#4011=CARTESIAN_POINT('',(-9.26877682256024,-46.597287763758,8.45243013269478));
#4012=CARTESIAN_POINT('',(8.88178419700125E-16,-47.5101900525641,8.49149263269478));
#4013=CARTESIAN_POINT('',(9.26877682256024,-46.597287763758,8.53055513269478));
#4014=CARTESIAN_POINT('',(18.1813626016329,-43.8936921752854,8.56961763269478));
#4015=CARTESIAN_POINT('',(26.395243218117,-39.5032731071913,8.60868013269478));
#4016=CARTESIAN_POINT('',(33.5947775616297,-33.5947775616298,8.64774263269478));
#4017=CARTESIAN_POINT('',(39.5032731071912,-26.3952432181173,8.68680513269478));
#4018=CARTESIAN_POINT('',(43.8936921752853,-18.1813626016332,8.72586763269478));
#4019=CARTESIAN_POINT('',(46.5972877637579,-9.26877682256048,8.76493013269478));
#4020=CARTESIAN_POINT('',(47.5101900525641,-3.74811293113453E-13,8.80399263269478));
#4021=CARTESIAN_POINT('',(46.597287763758,9.26877682256048,8.84305513269478));
#4022=CARTESIAN_POINT('',(43.8936921752853,18.181362601633,8.88211763269478));
#4023=CARTESIAN_POINT('',(39.5032731071913,26.3952432181171,8.92118013269478));
#4024=CARTESIAN_POINT('',(33.5947775616298,33.5947775616297,8.96024263269478));
#4025=CARTESIAN_POINT('',(26.3952432181172,39.5032731071912,8.99930513269478));
#4026=CARTESIAN_POINT('',(18.1813626016331,43.8936921752853,9.03836763269478));
#4027=CARTESIAN_POINT('',(9.26877682256041,46.597287763758,9.07743013269478));
#4028=CARTESIAN_POINT('',(1.73194791841524E-13,47.5101900525641,9.11649263269478));
#4029=CARTESIAN_POINT('',(-9.26877682256007,46.597287763758,9.15555513269478));
#4030=CARTESIAN_POINT('',(-18.1813626016327,43.8936921752855,9.19461763269478));
#4031=CARTESIAN_POINT('',(-26.3952432181173,39.5032731071911,9.23368013269478));
#4032=CARTESIAN_POINT('',(-33.5947775616298,33.5947775616297,9.27274263269478));
#4033=CARTESIAN_POINT('',(-39.5032731071912,26.3952432181171,9.31180513269478));
#4034=CARTESIAN_POINT('',(-43.8936921752853,18.181362601633,9.35086763269478));
#4035=CARTESIAN_POINT('',(-46.597287763758,9.26877682256033,9.38993013269478));
#4036=CARTESIAN_POINT('',(-47.5101900525641,9.14823772291129E-14,9.42899263269478));
#4037=CARTESIAN_POINT('',(-46.597287763758,-9.26877682256015,9.46805513269478));
#4038=CARTESIAN_POINT('',(-43.8936921752854,-18.1813626016328,9.50711763269478));
#4039=CARTESIAN_POINT('',(-40.4305037407673,-24.6605200379341,9.53793036289779));
#4040=CARTESIAN_POINT('',(-37.9583889198681,-28.0860700750284,9.55572225976748));
#4041=CARTESIAN_POINT('',(-37.2633597905667,-28.9796966496001,9.56049332330383));
#4042=CARTESIAN_POINT('',(30.364545141252,35.8747041571755,2.5400951077204E-13));
#4043=CARTESIAN_POINT('',(28.1772128048568,37.7260741692153,0.0121702858829026));
#4044=CARTESIAN_POINT('',(25.8379043373827,39.365571689728,0.0240882476590729));
#4045=CARTESIAN_POINT('',(20.8534749389111,42.2182202133043,0.0485384187990056));
#4046=CARTESIAN_POINT('',(18.2006442693323,43.4271496354735,0.0606473942755911));
#4047=CARTESIAN_POINT('',(10.1000964816227,46.2570120109834,0.0972437103749743));
#4048=CARTESIAN_POINT('',(4.29332309542251,47.1510442496751,0.121292870943627));
#4049=CARTESIAN_POINT('',(-7.13013650615984,46.8061400933685,0.170048614957547));
#4050=CARTESIAN_POINT('',(-12.8783528857623,45.5608029763117,0.194286024901593));
#4051=CARTESIAN_POINT('',(-23.4182432139627,41.1488107442755,0.242726643345039));
#4052=CARTESIAN_POINT('',(-28.338131722967,37.9292588453644,0.267356745763698));
#4053=CARTESIAN_POINT('',(-34.5374735150036,32.0051951990165,0.30340415520068));
#4054=CARTESIAN_POINT('',(-36.4483343936671,29.8126397294994,0.315866747849116));
#4055=CARTESIAN_POINT('',(-39.8119388935881,25.1452597768786,0.340019777784217));
#4056=CARTESIAN_POINT('',(-41.263089397141,22.683709649684,0.352284429161968));
#4057=CARTESIAN_POINT('',(-43.710873957591,17.5086472330449,0.376318033954579));
#4058=CARTESIAN_POINT('',(-44.7119310275141,14.7671221589912,0.388824196053211));
#4059=CARTESIAN_POINT('',(-46.1756682289026,9.22129799334473,0.412934751765676));
#4060=CARTESIAN_POINT('',(-46.6499031865661,6.40447954555162,0.425133113649902));
#4061=CARTESIAN_POINT('',(-47.2988402533833,-2.17784594184844,0.461388891154746));
#4062=CARTESIAN_POINT('',(-46.6572400848094,-8.06606594468339,0.486172569622233));
#4063=CARTESIAN_POINT('',(-44.1721907281473,-16.311267097165,0.522636069762841));
#4064=CARTESIAN_POINT('',(-43.1016234579211,-18.959605137764,0.534625904434041));
#4065=CARTESIAN_POINT('',(-40.4781080538533,-24.0570018927737,0.55897511752384));
#4066=CARTESIAN_POINT('',(-38.9094102991868,-26.5189984841995,0.571160158170152));
#4067=CARTESIAN_POINT('',(-35.4022359181821,-31.0464359054114,0.595538732475567));
#4068=CARTESIAN_POINT('',(-33.4546451933854,-33.1368426638318,0.607401050660751));
#4069=CARTESIAN_POINT('',(-29.1668994943024,-36.9669528177819,0.631922551845773));
#4070=CARTESIAN_POINT('',(-26.8261580490865,-38.6979377349268,0.643981876522426));
#4071=CARTESIAN_POINT('',(-19.4938802869267,-43.1472037773286,0.680586836943906));
#4072=CARTESIAN_POINT('',(-13.9967848984292,-45.2297714141308,0.704687812143982));
#4073=CARTESIAN_POINT('',(-2.75298192433762,-47.2658788153959,0.753331180662201));
#4074=CARTESIAN_POINT('',(3.12882268128218,-47.2425323958627,0.777765233607392));
#4075=CARTESIAN_POINT('',(14.356780049296,-45.1168401504491,0.825966161662349));
#4076=CARTESIAN_POINT('',(19.8359834236505,-42.9911493137051,0.850757154038242));
#4077=CARTESIAN_POINT('',(27.1339965632196,-38.4827561374097,0.886770434236967));
#4078=CARTESIAN_POINT('',(29.4623018302311,-36.7318423561276,0.899269550209357));
#4079=CARTESIAN_POINT('',(33.7172158447836,-32.8695121303515,0.923393283551964));
#4080=CARTESIAN_POINT('',(35.6480611138102,-30.7639481872175,0.93564031751864));
#4081=CARTESIAN_POINT('',(39.1201474673245,-26.2072286091936,0.959722850344213));
#4082=CARTESIAN_POINT('',(40.669150566432,-23.7324843497514,0.972187828242137));
#4083=CARTESIAN_POINT('',(43.2509937928522,-18.616179982396,0.996324983789265));
#4084=CARTESIAN_POINT('',(44.3006378265951,-15.9593488877756,1.0084619868019));
#4085=CARTESIAN_POINT('',(45.9141312771854,-10.4470032940684,1.03272294304921));
#4086=CARTESIAN_POINT('',(46.4718614834433,-7.58590801486074,1.04503098974317));
#4087=CARTESIAN_POINT('',(47.0487938586164,-1.89496875850121,1.06925710511017));
#4088=CARTESIAN_POINT('',(47.0783998404354,0.963677604271333,1.08125049437723));
#4089=CARTESIAN_POINT('',(46.372840145403,9.58004807359593,1.11797585539506));
#4090=CARTESIAN_POINT('',(44.8650555813181,15.1536525082557,1.14169779041791));
#4091=CARTESIAN_POINT('',(39.8475083981281,25.586763592077,1.19107844742961));
#4092=CARTESIAN_POINT('',(36.441368326629,30.2386057356215,1.21464947004032));
#4093=CARTESIAN_POINT('',(30.1384526399948,36.1802476920024,1.25159971510675));
#4094=CARTESIAN_POINT('',(27.8848176746691,37.9421553349205,1.26347981114083));
#4095=CARTESIAN_POINT('',(23.0813249904156,41.0417183472573,1.28780902994618));
#4096=CARTESIAN_POINT('',(20.5035050380733,42.3896070356204,1.29997810050859));
#4097=CARTESIAN_POINT('',(15.1817470852771,44.5733895830157,1.32436107790565));
#4098=CARTESIAN_POINT('',(12.4500013320141,45.4113621411479,1.3364403122269));
#4099=CARTESIAN_POINT('',(6.84678102755135,46.586649742629,1.36058020019459));
#4100=CARTESIAN_POINT('',(3.94733273055818,46.9216549291025,1.3730267931004));
#4101=CARTESIAN_POINT('',(-1.78635405578808,47.0535022730389,1.39713582012083));
#4102=CARTESIAN_POINT('',(-4.63617174843814,46.8587064038682,1.40938207209863));
#4103=CARTESIAN_POINT('',(-10.3017011769765,45.9467888669624,1.43347211019216));
#4104=CARTESIAN_POINT('',(-13.1273328486877,45.2201411905432,1.44598952072565));
#4105=CARTESIAN_POINT('',(-21.2107316515434,42.3303320428486,1.4820289942486));
#4106=CARTESIAN_POINT('',(-26.286836979373,39.3785422094635,1.5068297955241));
#4107=CARTESIAN_POINT('',(-34.9585503351704,31.9306614930851,1.55498534786928));
#4108=CARTESIAN_POINT('',(-38.6469375253139,27.3505324585796,1.57958065854222));
#4109=CARTESIAN_POINT('',(-44.0737515685529,17.2957170573184,1.62798464360331));
#4110=CARTESIAN_POINT('',(-45.8787418414785,11.6998339106417,1.65228519317589));
#4111=CARTESIAN_POINT('',(-46.9790202260309,3.18715001617237,1.68883675629554));
#4112=CARTESIAN_POINT('',(-47.0870814429372,0.278637471781702,1.70092016499754));
#4113=CARTESIAN_POINT('',(-46.7697646517735,-5.46442971152488,1.72545505733724));
#4114=CARTESIAN_POINT('',(-46.3512908070191,-8.29349244231523,1.73729336699817));
#4115=CARTESIAN_POINT('',(-44.9991081755188,-13.8673876334206,1.7617731963328));
#4116=CARTESIAN_POINT('',(-44.0531951103513,-16.6287957592322,1.77386118629113));
#4117=CARTESIAN_POINT('',(-41.7084209800995,-21.8542551275428,1.79829217440165));
#4118=CARTESIAN_POINT('',(-40.3068114175406,-24.343836943591,1.81015999041739));
#4119=CARTESIAN_POINT('',(-35.4066838316639,-31.4390285343854,1.84685121550575));
#4120=CARTESIAN_POINT('',(-31.2049436327594,-35.6104450649959,1.87145552701426));
#4121=CARTESIAN_POINT('',(-24.1003920658651,-40.4522456544044,1.90772104519689));
#4122=CARTESIAN_POINT('',(-21.6032532575018,-41.8394981973101,1.91990087036896));
#4123=CARTESIAN_POINT('',(-16.3495986598091,-44.1580659039054,1.94404100253047));
#4124=CARTESIAN_POINT('',(-13.5851746471868,-45.0846370652021,1.95653433122186));
#4125=CARTESIAN_POINT('',(-5.23387430365598,-47.0566938676716,1.99255925462693));
#4126=CARTESIAN_POINT('',(0.63409238700431,-47.3418709730997,2.01743012703516));
#4127=CARTESIAN_POINT('',(11.9599308909361,-45.8106414872452,2.06547385446899));
#4128=CARTESIAN_POINT('',(17.5473677074509,-43.9741777116117,2.09020877529176));
#4129=CARTESIAN_POINT('',(27.5711440853109,-38.4898744178248,2.13847204982177));
#4130=CARTESIAN_POINT('',(32.1295917560651,-34.775937739744,2.16291664722892));
#4131=CARTESIAN_POINT('',(37.6789831302467,-28.2393937309757,2.19934317293746));
#4132=CARTESIAN_POINT('',(39.3512082875665,-25.8603670517858,2.21147396752357));
#4133=CARTESIAN_POINT('',(42.2114152994017,-20.8679801649792,2.23597132952238));
#4134=CARTESIAN_POINT('',(43.3986660346723,-18.268775489173,2.24783117177318));
#4135=CARTESIAN_POINT('',(45.2948183207266,-12.8674707986924,2.27224959561544));
#4136=CARTESIAN_POINT('',(46.0053021235116,-10.0368347011664,2.28433783828934));
#4137=CARTESIAN_POINT('',(46.8843540788679,-4.36843414754792,2.3088200930964));
#4138=CARTESIAN_POINT('',(47.0630062503818,-1.51756823614307,2.32064230465217));
#4139=CARTESIAN_POINT('',(46.8982108189928,4.21751024327497,2.34511506507446));
#4140=CARTESIAN_POINT('',(46.5465125628502,7.11421376435836,2.35724042863302));
#4141=CARTESIAN_POINT('',(45.3394868633042,12.7090833745327,2.38159965378767));
#4142=CARTESIAN_POINT('',(44.4859521851699,15.4363585359272,2.39355547788552));
#4143=CARTESIAN_POINT('',(42.2704610161205,20.7482344346585,2.41794270277114));
#4144=CARTESIAN_POINT('',(40.9087799727239,23.3160784962956,2.4302336040072));
#4145=CARTESIAN_POINT('',(37.7822512347653,28.1010549078719,2.45433526531278));
#4146=CARTESIAN_POINT('',(36.0071712611824,30.3451994722239,2.4665414169015));
#4147=CARTESIAN_POINT('',(30.0253932883841,36.6178346006772,2.5029729297271));
#4148=CARTESIAN_POINT('',(25.3526216774355,39.9963002669214,2.52738081936364));
#4149=CARTESIAN_POINT('',(14.8980468828738,44.9500573974784,2.5759507881747));
#4150=CARTESIAN_POINT('',(9.30975848845517,46.4274515706233,2.60035678525142));
#4151=CARTESIAN_POINT('',(0.694371547907506,47.0830416792229,2.63675681742744));
#4152=CARTESIAN_POINT('',(-2.16359417531723,47.0372454820047,2.64889417449618));
#4153=CARTESIAN_POINT('',(-7.85242139933652,46.4276111862013,2.67306744633849));
#4154=CARTESIAN_POINT('',(-10.7115912653152,45.8530467216927,2.68537431902611));
#4155=CARTESIAN_POINT('',(-16.2121659453134,44.2086615547059,2.70969568237668));
#4156=CARTESIAN_POINT('',(-18.8628992525474,43.1440311582546,2.72167263879474));
#4157=CARTESIAN_POINT('',(-23.9661127217512,40.5319853178265,2.746032593224));
#4158=CARTESIAN_POINT('',(-26.4316343684632,38.9688124584305,2.75820676548551));
#4159=CARTESIAN_POINT('',(-30.9669685674367,35.4717704315959,2.7825944141183));
#4160=CARTESIAN_POINT('',(-33.0617293424007,33.5288746628225,2.79444888188322));
#4161=CARTESIAN_POINT('',(-36.9013931945217,29.2497959577281,2.81897512376786));
#4162=CARTESIAN_POINT('',(-38.6376649502082,26.9128979316974,2.83103166930442));
#4163=CARTESIAN_POINT('',(-43.1033889681198,19.5905786287438,2.86763750368294));
#4164=CARTESIAN_POINT('',(-45.1982644786009,14.0981985509619,2.89175227356346));
#4165=CARTESIAN_POINT('',(-47.259587294887,2.8589723637788,2.94036949448583));
#4166=CARTESIAN_POINT('',(-47.2580710577589,-3.00884083563861,2.96476516373691));
#4167=CARTESIAN_POINT('',(-45.1224693109656,-14.3645802777306,3.01348479106356));
#4168=CARTESIAN_POINT('',(-43.0465135832133,-19.7367848627828,3.03778162504796));
#4169=CARTESIAN_POINT('',(-36.967347859564,-29.5965910303794,3.08640863819566));
#4170=CARTESIAN_POINT('',(-33.0207982426862,-33.930687135525,3.1112195411869));
#4171=CARTESIAN_POINT('',(-23.9266259919478,-40.8556142373911,3.15926914255352));
#4172=CARTESIAN_POINT('',(-18.6852040750686,-43.5041359813711,3.18396776497365));
#4173=CARTESIAN_POINT('',(-10.4465920913012,-45.9135643179781,3.2202233376725));
#4174=CARTESIAN_POINT('',(-7.58347477781653,-46.47284793724,3.23254235239469));
#4175=CARTESIAN_POINT('',(-1.87336466321091,-47.0502411252296,3.25684806424485));
#4176=CARTESIAN_POINT('',(0.982992412582477,-47.0771155695824,3.26883297070328));
#4177=CARTESIAN_POINT('',(6.69830106768737,-46.6085168959669,3.29319289878194));
#4178=CARTESIAN_POINT('',(9.57324892725474,-46.1036743262111,3.30537243064154));
#4179=CARTESIAN_POINT('',(15.0982090436893,-44.6008964604254,3.32974892540734));
#4180=CARTESIAN_POINT('',(17.7758586649747,-43.603768081398,3.34160917878589));
#4181=CARTESIAN_POINT('',(22.9591924901561,-41.1113758268129,3.36614166670472));
#4182=CARTESIAN_POINT('',(25.4539848479689,-39.6139587034063,3.37819309272228));
#4183=CARTESIAN_POINT('',(30.0672007734665,-36.2371978282519,3.40259358071061));
#4184=CARTESIAN_POINT('',(32.2131694864256,-34.3459584806936,3.41443168540389));
#4185=CARTESIAN_POINT('',(38.1547387591147,-28.0454723529227,3.45137345666984));
#4186=CARTESIAN_POINT('',(41.2818187203569,-23.2020173122263,3.47511416420452));
#4187=CARTESIAN_POINT('',(45.6785884354378,-12.4895445378581,3.52419610459134));
#4188=CARTESIAN_POINT('',(46.8557141727407,-6.83903567728913,3.54836740485566));
#4189=CARTESIAN_POINT('',(47.1196505123958,4.68709880656288,3.5968332276466));
#4190=CARTESIAN_POINT('',(46.197172515959,10.4012438800367,3.62133243543822));
#4191=CARTESIAN_POINT('',(42.3038705927973,21.2778559913621,3.66983121376177));
#4192=CARTESIAN_POINT('',(39.3698660711401,26.3049877828581,3.69441571144694));
#4193=CARTESIAN_POINT('',(33.7548161186354,32.8305813682315,3.73067588461465));
#4194=CARTESIAN_POINT('',(31.6566928523311,34.8574306851363,3.743070409767));
#4195=CARTESIAN_POINT('',(27.1945288724136,38.4401388619158,3.76723711853756));
#4196=CARTESIAN_POINT('',(24.8129310012938,40.0200740435092,3.77930671070572));
#4197=CARTESIAN_POINT('',(19.7431055647564,42.7492415603109,3.80369269767052));
#4198=CARTESIAN_POINT('',(17.0693749698303,43.8839674298682,3.81588210043289));
#4199=CARTESIAN_POINT('',(11.6269090692625,45.628731570596,3.84015726604215));
#4200=CARTESIAN_POINT('',(8.83390672465736,46.2527630692429,3.85209522516615));
#4201=CARTESIAN_POINT('',(0.232046584598154,47.3536709518962,3.88901641446558));
#4202=CARTESIAN_POINT('',(-5.52524009492568,47.0308024942967,3.91262775507571));
#4203=CARTESIAN_POINT('',(-13.9501502726404,44.9749871896789,3.94964064610773));
#4204=CARTESIAN_POINT('',(-16.6558741096677,44.0425701533075,3.96148449684289));
#4205=CARTESIAN_POINT('',(-21.8691153387559,41.7002148959248,3.98586496901206));
#4206=CARTESIAN_POINT('',(-24.3991703755084,40.2736699065222,3.99792958553614));
#4207=CARTESIAN_POINT('',(-29.1320881374862,36.9947218330174,4.02243833187546));
#4208=CARTESIAN_POINT('',(-31.3220984670691,35.1583953373512,4.03438896201769));
#4209=CARTESIAN_POINT('',(-35.3556747580723,31.0992423939823,4.05864365860683));
#4210=CARTESIAN_POINT('',(-37.2140064647734,28.8505200549606,4.07097254796656));
#4211=CARTESIAN_POINT('',(-40.4474913350833,24.1088205704933,4.09517926081778));
#4212=CARTESIAN_POINT('',(-41.8347864087812,21.6118403883858,4.10736044978823));
#4213=CARTESIAN_POINT('',(-44.1516345492839,16.3662508067022,4.13146544598847));
#4214=CARTESIAN_POINT('',(-45.080613065627,13.599174923437,4.14397338684107));
#4215=CARTESIAN_POINT('',(-47.0568456811702,5.2392944584755,4.18003697351329));
#4216=CARTESIAN_POINT('',(-47.3508049450441,-0.594582114954101,4.2047624496018));
#4217=CARTESIAN_POINT('',(-45.7939187763834,-12.056917513902,4.25338534448712));
#4218=CARTESIAN_POINT('',(-43.9367620850416,-17.640905358731,4.27814210172584));
#4219=CARTESIAN_POINT('',(-38.4309180137381,-27.6533026059202,4.3263849800529));
#4220=CARTESIAN_POINT('',(-34.7206445856702,-32.2018580097009,4.35081109225722));
#4221=CARTESIAN_POINT('',(-25.8730942825375,-39.6618937012379,4.39994125506351));
#4222=CARTESIAN_POINT('',(-20.8643625905862,-42.5100000068127,4.42363793071714));
#4223=CARTESIAN_POINT('',(-12.6715062221444,-45.3518286487417,4.46061408456302));
#4224=CARTESIAN_POINT('',(-9.89263230721188,-46.0358782518112,4.47246664150739));
#4225=CARTESIAN_POINT('',(-4.24228421781161,-46.895301310436,4.49685867430617));
#4226=CARTESIAN_POINT('',(-1.34278700260846,-47.0689317816687,4.50888237783795));
#4227=CARTESIAN_POINT('',(4.41171815487664,-46.8809573166301,4.53344994290102));
#4228=CARTESIAN_POINT('',(7.24756558922283,-46.5259032423501,4.54530604728161));
#4229=CARTESIAN_POINT('',(12.8379461790669,-45.3031347413177,4.56967640538213));
#4230=CARTESIAN_POINT('',(15.6188778696281,-44.4216725547586,4.58185625049453));
#4231=CARTESIAN_POINT('',(20.9069941506064,-42.1916097589919,4.6062112707548));
#4232=CARTESIAN_POINT('',(23.4267616279708,-40.8461532963914,4.61825746055349));
#4233=CARTESIAN_POINT('',(28.2182995361491,-37.6954767946267,4.64246109536279));
#4234=CARTESIAN_POINT('',(30.4995002860326,-35.8744495168656,4.65488765068221));
#4235=CARTESIAN_POINT('',(34.6281462764031,-31.9074776705378,4.67896991390166));
#4236=CARTESIAN_POINT('',(36.5002800297022,-29.7489449723177,4.69120997938715));
#4237=CARTESIAN_POINT('',(39.854916367506,-25.0769976383092,4.71535901233842));
#4238=CARTESIAN_POINT('',(41.3266953073277,-22.5671264000511,4.72784245137488));
#4239=CARTESIAN_POINT('',(44.9721365494566,-14.8050900064595,4.76383932873124));
#4240=CARTESIAN_POINT('',(46.4598327982258,-9.11722600994734,4.78868939522618));
#4241=CARTESIAN_POINT('',(47.291089271729,2.27876046325853,4.83679864309168));
#4242=CARTESIAN_POINT('',(46.6437456014883,8.12474585918345,4.8614307095932));
#4243=CARTESIAN_POINT('',(43.3382075074685,19.0643717193167,4.90981274724395));
#4244=CARTESIAN_POINT('',(40.6435962526148,24.2860829513715,4.9341276166833));
#4245=CARTESIAN_POINT('',(35.3852417806222,31.0654727872203,4.97064583289273));
#4246=CARTESIAN_POINT('',(33.3960778644561,33.1956530917771,4.98275658177048));
#4247=CARTESIAN_POINT('',(29.1054862160015,37.0151330275682,5.0072526030767));
#4248=CARTESIAN_POINT('',(26.8070778752701,38.7116215247108,5.0190819372324));
#4249=CARTESIAN_POINT('',(21.9062849441727,41.6812157359639,5.04353852256642));
#4250=CARTESIAN_POINT('',(19.2810207133611,42.9586834965748,5.05562644231671));
#4251=CARTESIAN_POINT('',(13.9210055881747,44.9823504379436,5.0800715487499));
#4252=CARTESIAN_POINT('',(11.1676843237663,45.744247158716,5.09192678454777));
#4253=CARTESIAN_POINT('',(5.51315704886885,46.7638580596971,5.11639040108957));
#4254=CARTESIAN_POINT('',(2.61027996799486,47.0145044674283,5.12856299450677));
#4255=CARTESIAN_POINT('',(-3.10879752366885,46.9841736096952,5.15282378453822));
#4256=CARTESIAN_POINT('',(-5.95485775332559,46.7102968164824,5.1648912217176));
#4257=CARTESIAN_POINT('',(-14.4515955677578,45.0932370065719,5.20138535236018));
#4258=CARTESIAN_POINT('',(-19.8288246132391,43.004214803931,5.22570107936312));
#4259=CARTESIAN_POINT('',(-29.6758447991069,36.9037804554568,5.2743345779139));
#4260=CARTESIAN_POINT('',(-33.9383415396434,33.0227500369423,5.29873638879166));
#4261=CARTESIAN_POINT('',(-39.1746036417117,26.1281206964978,5.33512362251299));
#4262=CARTESIAN_POINT('',(-40.6872050870715,23.7007108015984,5.34734294570419));
#4263=CARTESIAN_POINT('',(-43.2597857048625,18.594711373608,5.37142099174425));
#4264=CARTESIAN_POINT('',(-44.3269448925938,15.8867193278894,5.38379200076673));
#4265=CARTESIAN_POINT('',(-45.9328200390025,10.3654202895395,5.40807135615935));
#4266=CARTESIAN_POINT('',(-46.4762113853942,7.56041652352988,5.4201419025223));
#4267=CARTESIAN_POINT('',(-47.0502724238412,1.86279027038239,5.44439166688893));
#4268=CARTESIAN_POINT('',(-47.076783614144,-1.05046885961557,5.45662324116892));
#4269=CARTESIAN_POINT('',(-46.3536409775506,-9.67719635205215,5.49338415717098));
#4270=CARTESIAN_POINT('',(-44.7822509564437,-15.3776840542567,5.51772204780663));
#4271=CARTESIAN_POINT('',(-39.7674255129087,-25.6997088635981,5.56665033202448));
#4272=CARTESIAN_POINT('',(-36.2802765531601,-30.4229863176273,5.59068029232972));
#4273=CARTESIAN_POINT('',(-27.9104839686376,-38.2468488622623,5.63957152007409));
#4274=CARTESIAN_POINT('',(-22.9632366782884,-41.4054931199706,5.66371187037454));
#4275=CARTESIAN_POINT('',(-15.0112804873422,-44.630065347735,5.70014021416682));
#4276=CARTESIAN_POINT('',(-12.2206469029197,-45.4741721062357,5.71242024942721));
#4277=CARTESIAN_POINT('',(-6.59419617551223,-46.623611145773,5.73667722727255));
#4278=CARTESIAN_POINT('',(-3.75486794337687,-46.9373384792885,5.74882796195365));
#4279=CARTESIAN_POINT('',(1.97569384345038,-47.0458224567118,5.77294059668903));
#4280=CARTESIAN_POINT('',(4.88739809103181,-46.8328530699406,5.78543664650612));
#4281=CARTESIAN_POINT('',(10.5378493486714,-45.8928809062536,5.80949105061038));
#4282=CARTESIAN_POINT('',(13.3017841526889,-45.1699123047305,5.82175205917587));
#4283=CARTESIAN_POINT('',(18.7058260621475,-43.2128512203772,5.84587727183384));
#4284=CARTESIAN_POINT('',(21.3412218668264,-41.9729358266793,5.85836626394153));
#4285=CARTESIAN_POINT('',(26.2718030149057,-39.0764309913999,5.882393022524));
#4286=CARTESIAN_POINT('',(28.5962486417606,-37.4108713781721,5.89461994596174));
#4287=CARTESIAN_POINT('',(35.1358682396053,-31.7450105949142,5.93104260532804));
#4288=CARTESIAN_POINT('',(38.7352753290675,-27.2425333414086,5.95518553282657));
#4289=CARTESIAN_POINT('',(44.1921718921473,-17.0184935035782,6.00423096562064));
#4290=CARTESIAN_POINT('',(45.9294021139741,-11.522843887308,6.02807961972871));
#4291=CARTESIAN_POINT('',(46.9968953511416,-2.93484323319793,6.06490183110192));
#4292=CARTESIAN_POINT('',(47.0868177406953,-0.0765309839058755,6.07678576057584));
#4293=CARTESIAN_POINT('',(46.7488956829734,5.63160850551805,6.10116694533481));
#4294=CARTESIAN_POINT('',(46.31229565376,8.51069035643385,6.1132344846418));
#4295=CARTESIAN_POINT('',(44.9302097127242,14.090309941055,6.13776610435835));
#4296=CARTESIAN_POINT('',(43.9923982479678,16.7889931763947,6.14958682210307));
#4297=CARTESIAN_POINT('',(41.6285351867277,22.0060549324999,6.17402669465411));
#4298=CARTESIAN_POINT('',(40.1849195427343,24.5435649241502,6.18614144877986));
#4299=CARTESIAN_POINT('',(36.904914926782,29.2445138801963,6.2105584006125));
#4300=CARTESIAN_POINT('',(35.0639156579211,31.4287192859293,6.22247698441223));
#4301=CARTESIAN_POINT('',(30.9778514938312,35.4628720501552,6.24684426730191));
#4302=CARTESIAN_POINT('',(28.7230843917303,37.3117501625498,6.25913594713564));
#4303=CARTESIAN_POINT('',(21.6177329904287,42.1236599670839,6.29536971039412));
#4304=CARTESIAN_POINT('',(16.2346266605678,44.4757593350966,6.32011723293698));
#4305=CARTESIAN_POINT('',(5.10386779093971,47.070232682812,6.36810795324292));
#4306=CARTESIAN_POINT('',(-0.771372683788143,47.3396565815733,6.39301163866357));
#4307=CARTESIAN_POINT('',(-12.0898724993472,45.7763375995516,6.44102590166365));
#4308=CARTESIAN_POINT('',(-17.6708946074264,43.9250942258792,6.4657805587713));
#4309=CARTESIAN_POINT('',(-25.181015037711,39.7880017896772,6.50197576911681));
#4310=CARTESIAN_POINT('',(-27.589233796812,38.1590387830767,6.51426807414684));
#4311=CARTESIAN_POINT('',(-32.0376903606825,34.5089040494846,6.53862414175737));
#4312=CARTESIAN_POINT('',(-34.0713018748286,32.501350537947,6.55062858315341));
#4313=CARTESIAN_POINT('',(-37.7632606307604,28.126989614416,6.57493157568049));
#4314=CARTESIAN_POINT('',(-39.4334108175061,25.7338958598625,6.58712114801842));
#4315=CARTESIAN_POINT('',(-42.2700967066234,20.747679611011,6.61153369606629));
#4316=CARTESIAN_POINT('',(-43.4503616771479,18.1464654118569,6.6233999885976));
#4317=CARTESIAN_POINT('',(-45.3346592206388,12.7277967522755,6.6478643838941));
#4318=CARTESIAN_POINT('',(-46.0356207160533,9.89507173591848,6.65995619782621));
#4319=CARTESIAN_POINT('',(-46.896113161063,4.23619991927364,6.68438485249892));
#4320=CARTESIAN_POINT('',(-47.0676591246693,1.38371281656929,6.69620889005052));
#4321=CARTESIAN_POINT('',(-46.7936005748351,-7.24401351337746,6.7330393459164));
#4322=CARTESIAN_POINT('',(-45.5463742024326,-12.955987067683,6.75708674368222));
#4323=CARTESIAN_POINT('',(-42.1792071964369,-20.9343481210077,6.79383989181933));
#4324=CARTESIAN_POINT('',(-40.8258736867773,-23.4628362303165,6.8059274260794));
#4325=CARTESIAN_POINT('',(-37.663607280274,-28.2614460510541,6.83019150531362));
#4326=CARTESIAN_POINT('',(-35.8361727509859,-30.5463162381122,6.84263685932195));
#4327=CARTESIAN_POINT('',(-31.8348644725197,-34.6965433029511,6.8668934083517));
#4328=CARTESIAN_POINT('',(-29.66961021959,-36.5635419460559,6.87913386890213));
#4329=CARTESIAN_POINT('',(-25.0176156367853,-39.8910676477011,6.90315172152674));
#4330=CARTESIAN_POINT('',(-22.5023727793066,-41.3629529152381,6.91565379687585));
#4331=CARTESIAN_POINT('',(-17.2979412906932,-43.7953408671609,6.9397671994335));
#4332=CARTESIAN_POINT('',(-14.6101896988355,-44.7632719195702,6.95202193464143));
#4333=CARTESIAN_POINT('',(-9.0649315883616,-46.2064407986556,6.97609817606584));
#4334=CARTESIAN_POINT('',(-6.18391142358772,-46.6794000230586,6.98857844751161));
#4335=CARTESIAN_POINT('',(-0.468654616899152,-47.0848968338846,7.01269419088635));
#4336=CARTESIAN_POINT('',(2.38752263297151,-47.02713888356,7.02485174920311));
#4337=CARTESIAN_POINT('',(8.09695211039946,-46.3863279686858,7.04909994547903));
#4338=CARTESIAN_POINT('',(10.950465477082,-45.7959064702794,7.06142587177709));
#4339=CARTESIAN_POINT('',(19.1577060633953,-43.2977282635698,7.09772959473406));
#4340=CARTESIAN_POINT('',(24.3734289590374,-40.5904489670585,7.1220684470971));
#4341=CARTESIAN_POINT('',(33.3890525038729,-33.568136073697,7.17069232315018));
#4342=CARTESIAN_POINT('',(37.2934548858733,-29.1691450381326,7.19482475103062));
#4343=CARTESIAN_POINT('',(43.1955956266996,-19.3850797789158,7.24358936451097));
#4344=CARTESIAN_POINT('',(45.2654319170616,-13.8826586653379,7.26767942427078));
#4345=CARTESIAN_POINT('',(46.7715547057495,-5.43999586132032,7.3042076202002));
#4346=CARTESIAN_POINT('',(47.019299115677,-2.54022947830828,7.31635211701317));
#4347=CARTESIAN_POINT('',(46.9783133591875,3.21019143634093,7.3407621886942));
#4348=CARTESIAN_POINT('',(46.69639281911,6.05344664736175,7.35280386381394));
#4349=CARTESIAN_POINT('',(45.616317226026,11.6768540867669,7.3769787346923));
#4350=CARTESIAN_POINT('',(44.8053443183939,14.481034716934,7.38940025205923));
#4351=CARTESIAN_POINT('',(42.7130672386124,19.819513945419,7.41352112234563));
#4352=CARTESIAN_POINT('',(41.4328642421752,22.373075721043,7.42575497875567));
#4353=CARTESIAN_POINT('',(38.4028312010492,27.2481065814446,7.44985641169682));
#4354=CARTESIAN_POINT('',(36.6416053945,29.5732686322072,7.46237032683738));
#4355=CARTESIAN_POINT('',(32.7839291503622,33.7994001861419,7.48638891896043));
#4356=CARTESIAN_POINT('',(30.6736472161914,35.7269921472011,7.49864754235745));
#4357=CARTESIAN_POINT('',(26.0831788830894,39.2040607690364,7.52284704179442));
#4358=CARTESIAN_POINT('',(23.6164833723655,40.7360685034118,7.53525658865997));
#4359=CARTESIAN_POINT('',(18.5073619026679,43.297149090853,7.55931587968873));
#4360=CARTESIAN_POINT('',(15.8433950058904,44.3435029023202,7.57149057085113));
#4361=CARTESIAN_POINT('',(7.5115163140068,46.7548369958387,7.60810473529185));
#4362=CARTESIAN_POINT('',(1.77305860876488,47.3208981126375,7.63209526158389));
#4363=CARTESIAN_POINT('',(-6.86605382160376,46.5855137212527,7.66890312330236));
#4364=CARTESIAN_POINT('',(-9.68278941233634,46.0804767942662,7.68085286778149));
#4365=CARTESIAN_POINT('',(-15.1945032211745,44.5678564018091,7.70517675464022));
#4366=CARTESIAN_POINT('',(-17.9146116938282,43.5471237919382,7.71725123093955));
#4367=CARTESIAN_POINT('',(-23.0947093864769,41.035590662804,7.74179852394856));
#4368=CARTESIAN_POINT('',(-25.541047206853,39.5580935002787,7.75363425210347));
#4369=CARTESIAN_POINT('',(-30.1513509300779,36.1674424156696,7.77805874200899));
#4370=CARTESIAN_POINT('',(-32.3336625793398,34.231082382508,7.79013734737162));
#4371=CARTESIAN_POINT('',(-38.219471136575,27.9500084710377,7.82686642854819));
#4372=CARTESIAN_POINT('',(-41.3644430309131,23.0510109463549,7.85080857623243));
#4373=CARTESIAN_POINT('',(-47.8904642485451,6.99774575740827,7.92435303042685));
#4374=CARTESIAN_POINT('',(-48.1196345630861,-5.17040535809357,7.97294462996736));
#4375=CARTESIAN_POINT('',(-43.2012206799917,-18.7345016450106,8.03350694288509));
#4376=CARTESIAN_POINT('',(-41.9827953767749,-21.3216794237102,8.04577382518995));
#4377=CARTESIAN_POINT('',(-39.0897492753273,-26.2518689370427,8.06979311418787));
#4378=CARTESIAN_POINT('',(-37.3944108870079,-28.616888070349,8.08223175707909));
#4379=CARTESIAN_POINT('',(-33.6270210981598,-32.9619735525829,8.1064381766755));
#4380=CARTESIAN_POINT('',(-31.5656752580181,-34.9399550742375,8.11859488229965));
#4381=CARTESIAN_POINT('',(-27.09256420466,-38.5121445767536,8.14275642851226));
#4382=CARTESIAN_POINT('',(-24.6546346622157,-40.116985889685,8.15510117851326));
#4383=CARTESIAN_POINT('',(-19.5944792776576,-42.8168185300818,8.17937246387147));
#4384=CARTESIAN_POINT('',(-16.9622558997728,-43.9262320679801,8.19137673510407));
#4385=CARTESIAN_POINT('',(-11.4932062791939,-45.6633134838386,8.21573601679015));
#4386=CARTESIAN_POINT('',(-8.6430092416944,-46.287003710313,8.22792683851408));
#4387=CARTESIAN_POINT('',(-0.124129570274669,-47.3469943794952,8.26445406521098));
#4388=CARTESIAN_POINT('',(5.73728251586041,-46.9973568132124,8.28854246935221));
#4389=CARTESIAN_POINT('',(16.834020368884,-44.2524995487848,8.33732755508244));
#4390=CARTESIAN_POINT('',(22.18975914352,-41.824060287241,8.36142563923789));
#4391=CARTESIAN_POINT('',(31.5631232910423,-35.2903198890668,8.41009143587983));
#4392=CARTESIAN_POINT('',(35.6949309681803,-31.1051972926539,8.43448432281227));
#4393=CARTESIAN_POINT('',(42.1090906424686,-21.6445346612592,8.48273704965327));
#4394=CARTESIAN_POINT('',(44.4657020304958,-16.2647295145385,8.50748544468733));
#4395=CARTESIAN_POINT('',(46.4183689299771,-7.90696191289803,8.54352329171825));
#4396=CARTESIAN_POINT('',(46.8194216967236,-5.01789626908094,8.55603680316957));
#4397=CARTESIAN_POINT('',(47.0821030844672,0.716310077056873,8.58013183276843));
#4398=CARTESIAN_POINT('',(46.9518345034333,3.5698470194991,8.59238316646366));
#4399=CARTESIAN_POINT('',(46.1698840034927,9.24988551736927,8.61647827365762));
#4400=CARTESIAN_POINT('',(45.5077831952594,12.0929536171058,8.62895178338965));
#4401=CARTESIAN_POINT('',(43.7033303925927,17.5276002672383,8.6530592583713));
#4402=CARTESIAN_POINT('',(42.5604871447024,20.1462471913201,8.66521185123486));
#4403=CARTESIAN_POINT('',(39.7875237154919,25.1837109750991,8.68948749889237));
#4404=CARTESIAN_POINT('',(38.154792769713,27.5931872808624,8.70179168351889));
#4405=CARTESIAN_POINT('',(34.5292687649049,32.0140874331512,8.72599295699903));
#4406=CARTESIAN_POINT('',(32.5230494982494,34.0526075272168,8.73800673034544));
#4407=CARTESIAN_POINT('',(25.9072565886172,39.637474292953,8.7747665199416));
#4408=CARTESIAN_POINT('',(20.8999767284512,42.4939179910283,8.79847030434752));
#4409=CARTESIAN_POINT('',(9.95882039655118,46.2964792374893,8.84786388746621));
#4410=CARTESIAN_POINT('',(4.25481214023042,47.1608210383856,8.8714516543651));
#4411=CARTESIAN_POINT('',(-4.3896961722689,46.8832825680539,8.90835517378859));
#4412=CARTESIAN_POINT('',(-7.22684385688707,46.5290242641525,8.92021823587309));
#4413=CARTESIAN_POINT('',(-12.8145633887254,45.3096494828889,8.94457197006255));
#4414=CARTESIAN_POINT('',(-15.5927201445142,44.4310700117582,8.9567407799382));
#4415=CARTESIAN_POINT('',(-20.887958526183,42.2012570014609,8.98111864066385));
#4416=CARTESIAN_POINT('',(-23.4084300081957,40.8564798906594,8.99317095312418));
#4417=CARTESIAN_POINT('',(-28.1972159593513,37.7110535075083,9.01734855366));
#4418=CARTESIAN_POINT('',(-30.4801282847338,35.8910928720196,9.02978158810102));
#4419=CARTESIAN_POINT('',(-34.6140381599536,31.9229874864969,9.05388074398939));
#4420=CARTESIAN_POINT('',(-36.4864932571199,29.7655106686542,9.06612012584514));
#4421=CARTESIAN_POINT('',(-39.8394844049954,25.1011015278563,9.09023861044437));
#4422=CARTESIAN_POINT('',(-41.3153820400862,22.5880047378407,9.10274272191289));
#4423=CARTESIAN_POINT('',(-44.9662565803475,14.8239931789756,9.13875744035569));
#4424=CARTESIAN_POINT('',(-46.4555114515165,9.1397841524023,9.16359133761606));
#4425=CARTESIAN_POINT('',(-47.2922125671936,-2.25761579411854,9.2117121942977));
#4426=CARTESIAN_POINT('',(-46.6472630919356,-8.10387868507993,9.23633933093726));
#4427=CARTESIAN_POINT('',(-43.3473559740965,-19.0432857922606,9.28471858587922));
#4428=CARTESIAN_POINT('',(-40.658624260468,-24.2788012031141,9.30906930004559));
#4429=CARTESIAN_POINT('',(-37.1009614037034,-28.8533995037138,9.33373026329143));
#4430=CARTESIAN_POINT('',(-37.1009614037034,-28.8533995037138,9.33373026329144));
#4431=CARTESIAN_POINT('',(-37.2633597905667,-28.9796966496001,9.45250805791428));
#4432=CARTESIAN_POINT('',(-36.599579050176,-28.4634746930593,8.96702040018845));
#4433=CARTESIAN_POINT('',(-47.2058892896288,0.,-0.678992632694775));
#4434=CARTESIAN_POINT('',(-47.2058892896288,-3.08961822913481,-0.665971799361442));
#4435=CARTESIAN_POINT('',(-46.597287763758,-9.26877682256027,-0.639930132694776));
#4436=CARTESIAN_POINT('',(-43.8936921752853,-18.181362601633,-0.600867632694775));
#4437=CARTESIAN_POINT('',(-39.5032731071913,-26.3952432181171,-0.561805132694775));
#4438=CARTESIAN_POINT('',(-33.5947775616298,-33.5947775616297,-0.522742632694776));
#4439=CARTESIAN_POINT('',(-26.3952432181171,-39.5032731071913,-0.483680132694775));
#4440=CARTESIAN_POINT('',(-18.181362601633,-43.8936921752853,-0.444617632694775));
#4441=CARTESIAN_POINT('',(-9.26877682256027,-46.597287763758,-0.405555132694775));
#4442=CARTESIAN_POINT('',(-1.77635683940025E-15,-47.5101900525641,-0.366492632694775));
#4443=CARTESIAN_POINT('',(9.26877682256027,-46.597287763758,-0.327430132694775));
#4444=CARTESIAN_POINT('',(18.181362601633,-43.8936921752853,-0.288367632694775));
#4445=CARTESIAN_POINT('',(26.3952432181171,-39.5032731071913,-0.249305132694775));
#4446=CARTESIAN_POINT('',(33.5947775616297,-33.5947775616297,-0.210242632694775));
#4447=CARTESIAN_POINT('',(39.5032731071913,-26.3952432181171,-0.171180132694775));
#4448=CARTESIAN_POINT('',(43.8936921752853,-18.181362601633,-0.132117632694775));
#4449=CARTESIAN_POINT('',(46.597287763758,-9.2687768225603,-0.0930551326947754));
#4450=CARTESIAN_POINT('',(47.5101900525641,-4.44089209850063E-15,-0.0539926326947754));
#4451=CARTESIAN_POINT('',(46.597287763758,9.26877682256028,-0.0149301326947754));
#4452=CARTESIAN_POINT('',(43.8936921752853,18.181362601633,0.0241323673052246));
#4453=CARTESIAN_POINT('',(39.5032731071913,26.3952432181171,0.0631948673052246));
#4454=CARTESIAN_POINT('',(33.5947775616298,33.5947775616297,0.102257367305225));
#4455=CARTESIAN_POINT('',(26.3952432181171,39.5032731071913,0.141319867305225));
#4456=CARTESIAN_POINT('',(18.181362601633,43.8936921752853,0.180382367305225));
#4457=CARTESIAN_POINT('',(9.26877682256029,46.597287763758,0.219444867305225));
#4458=CARTESIAN_POINT('',(8.88178419700125E-15,47.5101900525641,0.258507367305225));
#4459=CARTESIAN_POINT('',(-9.26877682256027,46.597287763758,0.297569867305225));
#4460=CARTESIAN_POINT('',(-18.181362601633,43.8936921752853,0.336632367305225));
#4461=CARTESIAN_POINT('',(-26.3952432181171,39.5032731071913,0.375694867305225));
#4462=CARTESIAN_POINT('',(-33.5947775616298,33.5947775616298,0.414757367305225));
#4463=CARTESIAN_POINT('',(-39.5032731071913,26.3952432181171,0.453819867305225));
#4464=CARTESIAN_POINT('',(-43.8936921752853,18.181362601633,0.492882367305225));
#4465=CARTESIAN_POINT('',(-46.597287763758,9.26877682256029,0.531944867305225));
#4466=CARTESIAN_POINT('',(-47.5101900525641,1.24344978758018E-14,0.571007367305225));
#4467=CARTESIAN_POINT('',(-46.597287763758,-9.26877682256027,0.610069867305225));
#4468=CARTESIAN_POINT('',(-43.8936921752853,-18.181362601633,0.649132367305225));
#4469=CARTESIAN_POINT('',(-39.5032731071913,-26.3952432181171,0.688194867305225));
#4470=CARTESIAN_POINT('',(-33.5947775616298,-33.5947775616297,0.727257367305225));
#4471=CARTESIAN_POINT('',(-26.3952432181171,-39.5032731071913,0.766319867305225));
#4472=CARTESIAN_POINT('',(-18.181362601633,-43.8936921752853,0.805382367305225));
#4473=CARTESIAN_POINT('',(-9.26877682256029,-46.597287763758,0.844444867305225));
#4474=CARTESIAN_POINT('',(5.32907051820075E-15,-47.5101900525641,0.883507367305225));
#4475=CARTESIAN_POINT('',(9.26877682256019,-46.597287763758,0.922569867305225));
#4476=CARTESIAN_POINT('',(18.181362601633,-43.8936921752853,0.961632367305225));
#4477=CARTESIAN_POINT('',(26.3952432181171,-39.5032731071913,1.00069486730522));
#4478=CARTESIAN_POINT('',(33.5947775616297,-33.5947775616298,1.03975736730522));
#4479=CARTESIAN_POINT('',(39.5032731071913,-26.3952432181171,1.07881986730522));
#4480=CARTESIAN_POINT('',(43.8936921752853,-18.1813626016331,1.11788236730522));
#4481=CARTESIAN_POINT('',(46.597287763758,-9.26877682256022,1.15694486730522));
#4482=CARTESIAN_POINT('',(47.5101900525641,-1.68753899743024E-14,1.19600736730522));
#4483=CARTESIAN_POINT('',(46.597287763758,9.26877682256018,1.23506986730522));
#4484=CARTESIAN_POINT('',(43.8936921752853,18.181362601633,1.27413236730522));
#4485=CARTESIAN_POINT('',(39.5032731071913,26.3952432181171,1.31319486730522));
#4486=CARTESIAN_POINT('',(33.5947775616297,33.5947775616298,1.35225736730522));
#4487=CARTESIAN_POINT('',(26.3952432181171,39.5032731071913,1.39131986730522));
#4488=CARTESIAN_POINT('',(18.1813626016331,43.8936921752853,1.43038236730522));
#4489=CARTESIAN_POINT('',(9.26877682256022,46.597287763758,1.46944486730522));
#4490=CARTESIAN_POINT('',(2.04281036531029E-14,47.5101900525641,1.50850736730522));
#4491=CARTESIAN_POINT('',(-9.26877682256018,46.597287763758,1.54756986730522));
#4492=CARTESIAN_POINT('',(-18.181362601633,43.8936921752853,1.58663236730522));
#4493=CARTESIAN_POINT('',(-26.3952432181171,39.5032731071913,1.62569486730522));
#4494=CARTESIAN_POINT('',(-33.5947775616297,33.5947775616298,1.66475736730522));
#4495=CARTESIAN_POINT('',(-39.5032731071913,26.3952432181171,1.70381986730522));
#4496=CARTESIAN_POINT('',(-43.8936921752853,18.1813626016331,1.74288236730522));
#4497=CARTESIAN_POINT('',(-46.597287763758,9.26877682256022,1.78194486730522));
#4498=CARTESIAN_POINT('',(-47.5101900525641,2.30926389122033E-14,1.82100736730522));
#4499=CARTESIAN_POINT('',(-46.597287763758,-9.26877682256017,1.86006986730522));
#4500=CARTESIAN_POINT('',(-43.8936921752853,-18.181362601633,1.89913236730522));
#4501=CARTESIAN_POINT('',(-39.5032731071913,-26.3952432181171,1.93819486730522));
#4502=CARTESIAN_POINT('',(-33.5947775616297,-33.5947775616298,1.97725736730522));
#4503=CARTESIAN_POINT('',(-26.3952432181171,-39.5032731071912,2.01631986730523));
#4504=CARTESIAN_POINT('',(-18.1813626016331,-43.8936921752853,2.05538236730522));
#4505=CARTESIAN_POINT('',(-9.26877682256022,-46.597287763758,2.09444486730522));
#4506=CARTESIAN_POINT('',(-2.39808173319034E-14,-47.5101900525641,2.13350736730522));
#4507=CARTESIAN_POINT('',(9.26877682256017,-46.597287763758,2.17256986730522));
#4508=CARTESIAN_POINT('',(18.181362601633,-43.8936921752853,2.21163236730522));
#4509=CARTESIAN_POINT('',(26.3952432181171,-39.5032731071913,2.25069486730522));
#4510=CARTESIAN_POINT('',(33.5947775616297,-33.5947775616298,2.28975736730522));
#4511=CARTESIAN_POINT('',(39.5032731071913,-26.3952432181171,2.32881986730522));
#4512=CARTESIAN_POINT('',(43.8936921752853,-18.1813626016331,2.36788236730522));
#4513=CARTESIAN_POINT('',(46.597287763758,-9.26877682256023,2.40694486730522));
#4514=CARTESIAN_POINT('',(47.5101900525641,-3.81916720471054E-14,2.44600736730522));
#4515=CARTESIAN_POINT('',(46.597287763758,9.26877682256021,2.48506986730522));
#4516=CARTESIAN_POINT('',(43.8936921752854,18.1813626016328,2.52413236730523));
#4517=CARTESIAN_POINT('',(39.5032731071912,26.3952432181172,2.56319486730522));
#4518=CARTESIAN_POINT('',(33.5947775616298,33.5947775616297,2.60225736730522));
#4519=CARTESIAN_POINT('',(26.3952432181172,39.5032731071912,2.64131986730522));
#4520=CARTESIAN_POINT('',(18.181362601633,43.8936921752853,2.68038236730522));
#4521=CARTESIAN_POINT('',(9.26877682256035,46.597287763758,2.71944486730522));
#4522=CARTESIAN_POINT('',(1.77635683940025E-13,47.5101900525641,2.75850736730522));
#4523=CARTESIAN_POINT('',(-9.26877682256037,46.597287763758,2.79756986730522));
#4524=CARTESIAN_POINT('',(-18.181362601633,43.8936921752853,2.83663236730522));
#4525=CARTESIAN_POINT('',(-26.3952432181171,39.5032731071913,2.87569486730522));
#4526=CARTESIAN_POINT('',(-33.5947775616297,33.5947775616298,2.91475736730522));
#4527=CARTESIAN_POINT('',(-39.5032731071912,26.3952432181173,2.95381986730522));
#4528=CARTESIAN_POINT('',(-43.8936921752854,18.1813626016329,2.99288236730523));
#4529=CARTESIAN_POINT('',(-46.597287763758,9.26877682256027,3.03194486730523));
#4530=CARTESIAN_POINT('',(-47.5101900525641,3.37507799486048E-14,3.07100736730522));
#4531=CARTESIAN_POINT('',(-46.597287763758,-9.2687768225602,3.11006986730522));
#4532=CARTESIAN_POINT('',(-43.8936921752854,-18.1813626016328,3.14913236730522));
#4533=CARTESIAN_POINT('',(-39.5032731071912,-26.3952432181172,3.18819486730522));
#4534=CARTESIAN_POINT('',(-33.5947775616298,-33.5947775616297,3.22725736730522));
#4535=CARTESIAN_POINT('',(-26.3952432181172,-39.5032731071912,3.26631986730522));
#4536=CARTESIAN_POINT('',(-18.181362601633,-43.8936921752853,3.30538236730522));
#4537=CARTESIAN_POINT('',(-9.26877682256044,-46.597287763758,3.34444486730522));
#4538=CARTESIAN_POINT('',(1.10134124042816E-13,-47.5101900525641,3.38350736730522));
#4539=CARTESIAN_POINT('',(9.26877682256028,-46.597287763758,3.42256986730522));
#4540=CARTESIAN_POINT('',(18.181362601633,-43.8936921752853,3.46163236730522));
#4541=CARTESIAN_POINT('',(26.3952432181171,-39.5032731071913,3.50069486730522));
#4542=CARTESIAN_POINT('',(33.5947775616297,-33.5947775616298,3.53975736730522));
#4543=CARTESIAN_POINT('',(39.5032731071912,-26.3952432181173,3.57881986730522));
#4544=CARTESIAN_POINT('',(43.8936921752854,-18.1813626016329,3.61788236730522));
#4545=CARTESIAN_POINT('',(46.597287763758,-9.26877682256027,3.65694486730522));
#4546=CARTESIAN_POINT('',(47.5101900525641,-3.99680288865056E-14,3.69600736730522));
#4547=CARTESIAN_POINT('',(46.597287763758,9.2687768225602,3.73506986730522));
#4548=CARTESIAN_POINT('',(43.8936921752854,18.1813626016328,3.77413236730522));
#4549=CARTESIAN_POINT('',(39.5032731071912,26.3952432181172,3.81319486730522));
#4550=CARTESIAN_POINT('',(33.5947775616298,33.5947775616297,3.85225736730522));
#4551=CARTESIAN_POINT('',(26.3952432181171,39.5032731071912,3.89131986730522));
#4552=CARTESIAN_POINT('',(18.181362601633,43.8936921752853,3.93038236730522));
#4553=CARTESIAN_POINT('',(9.26877682256037,46.597287763758,3.96944486730522));
#4554=CARTESIAN_POINT('',(1.88293824976427E-13,47.5101900525641,4.00850736730522));
#4555=CARTESIAN_POINT('',(-9.26877682256036,46.597287763758,4.04756986730522));
#4556=CARTESIAN_POINT('',(-18.181362601633,43.8936921752854,4.08663236730522));
#4557=CARTESIAN_POINT('',(-26.3952432181171,39.5032731071913,4.12569486730522));
#4558=CARTESIAN_POINT('',(-33.5947775616297,33.5947775616298,4.16475736730522));
#4559=CARTESIAN_POINT('',(-39.5032731071912,26.3952432181173,4.20381986730522));
#4560=CARTESIAN_POINT('',(-43.8936921752854,18.1813626016329,4.24288236730522));
#4561=CARTESIAN_POINT('',(-46.597287763758,9.26877682256028,4.28194486730522));
#4562=CARTESIAN_POINT('',(-47.5101900525641,4.44089209850063E-14,4.32100736730522));
#4563=CARTESIAN_POINT('',(-46.597287763758,-9.26877682256019,4.36006986730522));
#4564=CARTESIAN_POINT('',(-43.8936921752854,-18.1813626016328,4.39913236730522));
#4565=CARTESIAN_POINT('',(-39.5032731071912,-26.3952432181172,4.43819486730522));
#4566=CARTESIAN_POINT('',(-33.5947775616298,-33.5947775616297,4.47725736730522));
#4567=CARTESIAN_POINT('',(-26.3952432181171,-39.5032731071912,4.51631986730522));
#4568=CARTESIAN_POINT('',(-18.181362601633,-43.8936921752853,4.55538236730522));
#4569=CARTESIAN_POINT('',(-9.26877682256045,-46.597287763758,4.59444486730522));
#4570=CARTESIAN_POINT('',(9.76996261670138E-14,-47.5101900525641,4.63350736730522));
#4571=CARTESIAN_POINT('',(9.26877682256027,-46.597287763758,4.67256986730522));
#4572=CARTESIAN_POINT('',(18.181362601633,-43.8936921752853,4.71163236730523));
#4573=CARTESIAN_POINT('',(26.3952432181171,-39.5032731071913,4.75069486730523));
#4574=CARTESIAN_POINT('',(33.5947775616297,-33.5947775616298,4.78975736730522));
#4575=CARTESIAN_POINT('',(39.5032731071912,-26.3952432181173,4.82881986730522));
#4576=CARTESIAN_POINT('',(43.8936921752854,-18.1813626016329,4.86788236730522));
#4577=CARTESIAN_POINT('',(46.597287763758,-9.26877682256029,4.90694486730522));
#4578=CARTESIAN_POINT('',(47.5101900525641,-5.06261699229071E-14,4.94600736730522));
#4579=CARTESIAN_POINT('',(46.597287763758,9.26877682256018,4.98506986730522));
#4580=CARTESIAN_POINT('',(43.8936921752854,18.1813626016328,5.02413236730522));
#4581=CARTESIAN_POINT('',(39.5032731071912,26.3952432181172,5.06319486730522));
#4582=CARTESIAN_POINT('',(33.5947775616298,33.5947775616297,5.10225736730522));
#4583=CARTESIAN_POINT('',(26.3952432181172,39.5032731071912,5.14131986730522));
#4584=CARTESIAN_POINT('',(18.1813626016331,43.8936921752853,5.18038236730522));
#4585=CARTESIAN_POINT('',(9.26877682256038,46.597287763758,5.21944486730522));
#4586=CARTESIAN_POINT('',(1.99840144432528E-13,47.5101900525641,5.25850736730522));
#4587=CARTESIAN_POINT('',(-9.26877682256035,46.597287763758,5.29756986730522));
#4588=CARTESIAN_POINT('',(-18.1813626016329,43.8936921752853,5.33663236730522));
#4589=CARTESIAN_POINT('',(-26.3952432181171,39.5032731071913,5.37569486730522));
#4590=CARTESIAN_POINT('',(-33.5947775616297,33.5947775616298,5.41475736730522));
#4591=CARTESIAN_POINT('',(-39.5032731071911,26.3952432181173,5.45381986730522));
#4592=CARTESIAN_POINT('',(-43.8936921752854,18.1813626016329,5.49288236730522));
#4593=CARTESIAN_POINT('',(-46.597287763758,9.26877682256029,5.53194486730522));
#4594=CARTESIAN_POINT('',(-47.5101900525641,5.59552404411079E-14,5.57100736730522));
#4595=CARTESIAN_POINT('',(-46.597287763758,-9.26877682256018,5.61006986730522));
#4596=CARTESIAN_POINT('',(-43.8936921752854,-18.1813626016329,5.64913236730522));
#4597=CARTESIAN_POINT('',(-39.5032731071914,-26.395243218117,5.68819486730523));
#4598=CARTESIAN_POINT('',(-33.5947775616298,-33.5947775616296,5.72725736730523));
#4599=CARTESIAN_POINT('',(-26.3952432181175,-39.5032731071911,5.76631986730523));
#4600=CARTESIAN_POINT('',(-18.1813626016328,-43.8936921752854,5.80538236730522));
#4601=CARTESIAN_POINT('',(-9.26877682256022,-46.597287763758,5.84444486730522));
#4602=CARTESIAN_POINT('',(2.39808173319034E-14,-47.5101900525641,5.88350736730522));
#4603=CARTESIAN_POINT('',(9.26877682256026,-46.597287763758,5.92256986730522));
#4604=CARTESIAN_POINT('',(18.181362601633,-43.8936921752853,5.96163236730522));
#4605=CARTESIAN_POINT('',(26.3952432181171,-39.5032731071913,6.00069486730522));
#4606=CARTESIAN_POINT('',(33.5947775616297,-33.5947775616298,6.03975736730522));
#4607=CARTESIAN_POINT('',(39.5032731071912,-26.3952432181172,6.07881986730522));
#4608=CARTESIAN_POINT('',(43.8936921752853,-18.1813626016331,6.11788236730522));
#4609=CARTESIAN_POINT('',(46.5972877637579,-9.26877682256046,6.15694486730522));
#4610=CARTESIAN_POINT('',(47.5101900525642,-3.50830475781549E-13,6.19600736730522));
#4611=CARTESIAN_POINT('',(46.5972877637579,9.26877682256051,6.23506986730522));
#4612=CARTESIAN_POINT('',(43.8936921752853,18.181362601633,6.27413236730522));
#4613=CARTESIAN_POINT('',(39.5032731071913,26.3952432181171,6.31319486730522));
#4614=CARTESIAN_POINT('',(33.5947775616298,33.5947775616297,6.35225736730522));
#4615=CARTESIAN_POINT('',(26.3952432181172,39.5032731071912,6.39131986730522));
#4616=CARTESIAN_POINT('',(18.1813626016331,43.8936921752853,6.43038236730522));
#4617=CARTESIAN_POINT('',(9.26877682256039,46.597287763758,6.46944486730522));
#4618=CARTESIAN_POINT('',(1.50102152929321E-13,47.5101900525641,6.50850736730522));
#4619=CARTESIAN_POINT('',(-9.26877682256009,46.597287763758,6.54756986730522));
#4620=CARTESIAN_POINT('',(-18.1813626016327,43.8936921752855,6.58663236730522));
#4621=CARTESIAN_POINT('',(-26.3952432181174,39.5032731071911,6.62569486730522));
#4622=CARTESIAN_POINT('',(-33.5947775616297,33.5947775616297,6.66475736730523));
#4623=CARTESIAN_POINT('',(-39.5032731071913,26.3952432181171,6.70381986730523));
#4624=CARTESIAN_POINT('',(-43.8936921752853,18.181362601633,6.74288236730523));
#4625=CARTESIAN_POINT('',(-46.597287763758,9.2687768225603,6.78194486730522));
#4626=CARTESIAN_POINT('',(-47.5101900525641,6.75015598972095E-14,6.82100736730522));
#4627=CARTESIAN_POINT('',(-46.597287763758,-9.26877682256017,6.86006986730522));
#4628=CARTESIAN_POINT('',(-43.8936921752854,-18.1813626016329,6.89913236730522));
#4629=CARTESIAN_POINT('',(-39.5032731071914,-26.395243218117,6.93819486730522));
#4630=CARTESIAN_POINT('',(-33.5947775616298,-33.5947775616296,6.97725736730522));
#4631=CARTESIAN_POINT('',(-26.3952432181175,-39.5032731071911,7.01631986730522));
#4632=CARTESIAN_POINT('',(-18.1813626016328,-43.8936921752854,7.05538236730522));
#4633=CARTESIAN_POINT('',(-9.26877682256023,-46.597287763758,7.09444486730522));
#4634=CARTESIAN_POINT('',(1.15463194561016E-14,-47.5101900525641,7.13350736730522));
#4635=CARTESIAN_POINT('',(9.26877682256025,-46.597287763758,7.17256986730522));
#4636=CARTESIAN_POINT('',(18.1813626016329,-43.8936921752853,7.21163236730522));
#4637=CARTESIAN_POINT('',(26.3952432181171,-39.5032731071913,7.25069486730522));
#4638=CARTESIAN_POINT('',(33.5947775616297,-33.5947775616298,7.28975736730522));
#4639=CARTESIAN_POINT('',(39.5032731071912,-26.3952432181173,7.32881986730522));
#4640=CARTESIAN_POINT('',(43.8936921752853,-18.1813626016331,7.36788236730522));
#4641=CARTESIAN_POINT('',(46.5972877637579,-9.26877682256064,7.40694486730522));
#4642=CARTESIAN_POINT('',(47.5101900525641,2.1316282072803E-13,7.44600736730522));
#4643=CARTESIAN_POINT('',(46.597287763758,9.26877682256033,7.48506986730522));
#4644=CARTESIAN_POINT('',(43.8936921752853,18.181362601633,7.52413236730522));
#4645=CARTESIAN_POINT('',(39.5032731071913,26.3952432181171,7.56319486730522));
#4646=CARTESIAN_POINT('',(33.5947775616298,33.5947775616297,7.60225736730522));
#4647=CARTESIAN_POINT('',(26.3952432181172,39.5032731071912,7.64131986730523));
#4648=CARTESIAN_POINT('',(18.1813626016331,43.8936921752853,7.68038236730523));
#4649=CARTESIAN_POINT('',(9.2687768225604,46.5972877637579,7.71944486730523));
#4650=CARTESIAN_POINT('',(1.64313007644523E-13,47.5101900525641,7.75850736730523));
#4651=CARTESIAN_POINT('',(-9.26877682256008,46.597287763758,7.79756986730522));
#4652=CARTESIAN_POINT('',(-18.1813626016327,43.8936921752855,7.83663236730522));
#4653=CARTESIAN_POINT('',(-26.3952432181174,39.5032731071912,7.87569486730523));
#4654=CARTESIAN_POINT('',(-33.5947775616297,33.5947775616297,7.91475736730522));
#4655=CARTESIAN_POINT('',(-39.5032731071913,26.3952432181171,7.95381986730523));
#4656=CARTESIAN_POINT('',(-43.8936921752853,18.181362601633,7.99288236730522));
#4657=CARTESIAN_POINT('',(-46.597287763758,9.26877682256031,8.03194486730522));
#4658=CARTESIAN_POINT('',(-47.5101900525641,7.99360577730113E-14,8.07100736730522));
#4659=CARTESIAN_POINT('',(-46.597287763758,-9.26877682256015,8.11006986730522));
#4660=CARTESIAN_POINT('',(-43.8936921752854,-18.1813626016329,8.14913236730522));
#4661=CARTESIAN_POINT('',(-39.5032731071914,-26.395243218117,8.18819486730523));
#4662=CARTESIAN_POINT('',(-33.5947775616299,-33.5947775616296,8.22725736730522));
#4663=CARTESIAN_POINT('',(-26.3952432181175,-39.5032731071911,8.26631986730523));
#4664=CARTESIAN_POINT('',(-18.1813626016328,-43.8936921752854,8.30538236730522));
#4665=CARTESIAN_POINT('',(-9.26877682256024,-46.597287763758,8.34444486730522));
#4666=CARTESIAN_POINT('',(8.88178419700125E-16,-47.5101900525641,8.38350736730522));
#4667=CARTESIAN_POINT('',(9.26877682256024,-46.597287763758,8.42256986730522));
#4668=CARTESIAN_POINT('',(18.1813626016329,-43.8936921752854,8.46163236730522));
#4669=CARTESIAN_POINT('',(26.395243218117,-39.5032731071913,8.50069486730522));
#4670=CARTESIAN_POINT('',(33.5947775616297,-33.5947775616298,8.53975736730522));
#4671=CARTESIAN_POINT('',(39.5032731071912,-26.3952432181173,8.57881986730522));
#4672=CARTESIAN_POINT('',(43.8936921752853,-18.1813626016332,8.61788236730522));
#4673=CARTESIAN_POINT('',(46.5972877637579,-9.26877682256048,8.65694486730522));
#4674=CARTESIAN_POINT('',(47.5101900525641,-3.74811293113453E-13,8.69600736730522));
#4675=CARTESIAN_POINT('',(46.597287763758,9.26877682256048,8.73506986730522));
#4676=CARTESIAN_POINT('',(43.8936921752853,18.181362601633,8.77413236730522));
#4677=CARTESIAN_POINT('',(39.5032731071913,26.3952432181171,8.81319486730522));
#4678=CARTESIAN_POINT('',(33.5947775616298,33.5947775616297,8.85225736730522));
#4679=CARTESIAN_POINT('',(26.3952432181172,39.5032731071912,8.89131986730522));
#4680=CARTESIAN_POINT('',(18.1813626016331,43.8936921752853,8.93038236730522));
#4681=CARTESIAN_POINT('',(9.26877682256041,46.597287763758,8.96944486730522));
#4682=CARTESIAN_POINT('',(1.73194791841524E-13,47.5101900525641,9.00850736730522));
#4683=CARTESIAN_POINT('',(-9.26877682256007,46.597287763758,9.04756986730522));
#4684=CARTESIAN_POINT('',(-18.1813626016327,43.8936921752855,9.08663236730522));
#4685=CARTESIAN_POINT('',(-26.3952432181173,39.5032731071911,9.12569486730522));
#4686=CARTESIAN_POINT('',(-33.5947775616298,33.5947775616297,9.16475736730523));
#4687=CARTESIAN_POINT('',(-39.5032731071912,26.3952432181171,9.20381986730522));
#4688=CARTESIAN_POINT('',(-43.8936921752853,18.181362601633,9.24288236730523));
#4689=CARTESIAN_POINT('',(-46.597287763758,9.26877682256033,9.28194486730522));
#4690=CARTESIAN_POINT('',(-47.5101900525641,9.14823772291129E-14,9.32100736730522));
#4691=CARTESIAN_POINT('',(-46.597287763758,-9.26877682256015,9.36006986730522));
#4692=CARTESIAN_POINT('',(-43.8936921752854,-18.1813626016328,9.39913236730522));
#4693=CARTESIAN_POINT('',(-40.4305037407673,-24.6605200379341,9.42994509750824));
#4694=CARTESIAN_POINT('',(-37.9583889198681,-28.0860700750284,9.44773699437792));
#4695=CARTESIAN_POINT('',(-37.2633597905667,-28.9796966496001,9.45250805791428));
#4696=CARTESIAN_POINT('',(-46.365,0.,-1.16448029042061));
#4697=CARTESIAN_POINT('',(-46.365,-3.03458215382689,-1.15145945708727));
#4698=CARTESIAN_POINT('',(-45.7672396321385,-9.10366998366077,-1.12541779042061));
#4699=CARTESIAN_POINT('',(-43.1118038094926,-17.8574938362599,-1.08635529042061));
#4700=CARTESIAN_POINT('',(-38.7995922792058,-25.9250587209439,-1.04729279042061));
#4701=CARTESIAN_POINT('',(-32.996346114534,-32.996346114534,-1.00823029042061));
#4702=CARTESIAN_POINT('',(-25.9250587209439,-38.7995922792058,-0.969167790420606));
#4703=CARTESIAN_POINT('',(-17.8574938362599,-43.1118038094926,-0.930105290420606));
#4704=CARTESIAN_POINT('',(-9.10366998366078,-45.7672396321385,-0.891042790420606));
#4705=CARTESIAN_POINT('',(-2.66453525910038E-15,-46.6638801839308,-0.851980290420606));
#4706=CARTESIAN_POINT('',(9.10366998366077,-45.7672396321385,-0.812917790420606));
#4707=CARTESIAN_POINT('',(17.8574938362599,-43.1118038094926,-0.773855290420606));
#4708=CARTESIAN_POINT('',(25.9250587209439,-38.7995922792058,-0.734792790420606));
#4709=CARTESIAN_POINT('',(32.996346114534,-32.996346114534,-0.695730290420606));
#4710=CARTESIAN_POINT('',(38.7995922792058,-25.9250587209439,-0.656667790420606));
#4711=CARTESIAN_POINT('',(43.1118038094926,-17.8574938362599,-0.617605290420606));
#4712=CARTESIAN_POINT('',(45.7672396321385,-9.1036699836608,-0.578542790420606));
#4713=CARTESIAN_POINT('',(46.6638801839308,-4.44089209850063E-15,-0.539480290420606));
#4714=CARTESIAN_POINT('',(45.7672396321385,9.10366998366079,-0.500417790420606));
#4715=CARTESIAN_POINT('',(43.1118038094926,17.8574938362599,-0.461355290420606));
#4716=CARTESIAN_POINT('',(38.7995922792058,25.9250587209439,-0.422292790420606));
#4717=CARTESIAN_POINT('',(32.996346114534,32.996346114534,-0.383230290420606));
#4718=CARTESIAN_POINT('',(25.9250587209439,38.7995922792058,-0.344167790420606));
#4719=CARTESIAN_POINT('',(17.85749383626,43.1118038094926,-0.305105290420606));
#4720=CARTESIAN_POINT('',(9.10366998366079,45.7672396321385,-0.266042790420606));
#4721=CARTESIAN_POINT('',(8.88178419700125E-15,46.6638801839308,-0.226980290420606));
#4722=CARTESIAN_POINT('',(-9.10366998366078,45.7672396321385,-0.187917790420606));
#4723=CARTESIAN_POINT('',(-17.8574938362599,43.1118038094926,-0.148855290420606));
#4724=CARTESIAN_POINT('',(-25.9250587209438,38.7995922792058,-0.109792790420606));
#4725=CARTESIAN_POINT('',(-32.996346114534,32.996346114534,-0.0707302904206057));
#4726=CARTESIAN_POINT('',(-38.7995922792058,25.9250587209439,-0.0316677904206057));
#4727=CARTESIAN_POINT('',(-43.1118038094926,17.85749383626,0.00739470957939425));
#4728=CARTESIAN_POINT('',(-45.7672396321385,9.10366998366079,0.0464572095793943));
#4729=CARTESIAN_POINT('',(-46.6638801839308,1.24344978758018E-14,0.0855197095793943));
#4730=CARTESIAN_POINT('',(-45.7672396321385,-9.10366998366078,0.124582209579394));
#4731=CARTESIAN_POINT('',(-43.1118038094926,-17.8574938362599,0.163644709579394));
#4732=CARTESIAN_POINT('',(-38.7995922792058,-25.9250587209438,0.202707209579394));
#4733=CARTESIAN_POINT('',(-32.996346114534,-32.996346114534,0.241769709579394));
#4734=CARTESIAN_POINT('',(-25.9250587209439,-38.7995922792058,0.280832209579394));
#4735=CARTESIAN_POINT('',(-17.85749383626,-43.1118038094926,0.319894709579394));
#4736=CARTESIAN_POINT('',(-9.1036699836608,-45.7672396321385,0.358957209579394));
#4737=CARTESIAN_POINT('',(6.21724893790088E-15,-46.6638801839307,0.398019709579394));
#4738=CARTESIAN_POINT('',(9.10366998366069,-45.7672396321385,0.437082209579394));
#4739=CARTESIAN_POINT('',(17.85749383626,-43.1118038094926,0.476144709579394));
#4740=CARTESIAN_POINT('',(25.9250587209439,-38.7995922792058,0.515207209579394));
#4741=CARTESIAN_POINT('',(32.9963461145339,-32.996346114534,0.554269709579394));
#4742=CARTESIAN_POINT('',(38.7995922792058,-25.9250587209438,0.593332209579394));
#4743=CARTESIAN_POINT('',(43.1118038094926,-17.85749383626,0.632394709579394));
#4744=CARTESIAN_POINT('',(45.7672396321385,-9.10366998366072,0.671457209579394));
#4745=CARTESIAN_POINT('',(46.6638801839307,-1.68753899743024E-14,0.710519709579394));
#4746=CARTESIAN_POINT('',(45.7672396321385,9.10366998366069,0.749582209579394));
#4747=CARTESIAN_POINT('',(43.1118038094926,17.85749383626,0.788644709579394));
#4748=CARTESIAN_POINT('',(38.7995922792058,25.9250587209438,0.827707209579395));
#4749=CARTESIAN_POINT('',(32.996346114534,32.996346114534,0.866769709579394));
#4750=CARTESIAN_POINT('',(25.9250587209439,38.7995922792058,0.905832209579394));
#4751=CARTESIAN_POINT('',(17.85749383626,43.1118038094926,0.944894709579394));
#4752=CARTESIAN_POINT('',(9.10366998366072,45.7672396321385,0.983957209579394));
#4753=CARTESIAN_POINT('',(1.95399252334028E-14,46.6638801839307,1.02301970957939));
#4754=CARTESIAN_POINT('',(-9.10366998366069,45.7672396321385,1.06208220957939));
#4755=CARTESIAN_POINT('',(-17.8574938362599,43.1118038094926,1.10114470957939));
#4756=CARTESIAN_POINT('',(-25.9250587209439,38.7995922792058,1.14020720957939));
#4757=CARTESIAN_POINT('',(-32.9963461145339,32.9963461145341,1.17926970957939));
#4758=CARTESIAN_POINT('',(-38.7995922792058,25.9250587209439,1.21833220957939));
#4759=CARTESIAN_POINT('',(-43.1118038094926,17.85749383626,1.25739470957939));
#4760=CARTESIAN_POINT('',(-45.7672396321385,9.10366998366072,1.29645720957939));
#4761=CARTESIAN_POINT('',(-46.6638801839307,2.30926389122033E-14,1.33551970957939));
#4762=CARTESIAN_POINT('',(-45.7672396321385,-9.10366998366068,1.37458220957939));
#4763=CARTESIAN_POINT('',(-43.1118038094926,-17.85749383626,1.41364470957939));
#4764=CARTESIAN_POINT('',(-38.7995922792058,-25.9250587209438,1.45270720957939));
#4765=CARTESIAN_POINT('',(-32.996346114534,-32.996346114534,1.49176970957939));
#4766=CARTESIAN_POINT('',(-25.9250587209439,-38.7995922792058,1.53083220957939));
#4767=CARTESIAN_POINT('',(-17.85749383626,-43.1118038094926,1.56989470957939));
#4768=CARTESIAN_POINT('',(-9.10366998366073,-45.7672396321385,1.60895720957939));
#4769=CARTESIAN_POINT('',(-2.39808173319034E-14,-46.6638801839307,1.64801970957939));
#4770=CARTESIAN_POINT('',(9.10366998366068,-45.7672396321385,1.68708220957939));
#4771=CARTESIAN_POINT('',(17.85749383626,-43.1118038094926,1.72614470957939));
#4772=CARTESIAN_POINT('',(25.9250587209438,-38.7995922792058,1.76520720957939));
#4773=CARTESIAN_POINT('',(32.9963461145339,-32.9963461145341,1.80426970957939));
#4774=CARTESIAN_POINT('',(38.7995922792058,-25.9250587209439,1.84333220957939));
#4775=CARTESIAN_POINT('',(43.1118038094926,-17.85749383626,1.88239470957939));
#4776=CARTESIAN_POINT('',(45.7672396321385,-9.10366998366073,1.92145720957939));
#4777=CARTESIAN_POINT('',(46.6638801839307,-3.81916720471054E-14,1.96051970957939));
#4778=CARTESIAN_POINT('',(45.7672396321385,9.10366998366072,1.99958220957939));
#4779=CARTESIAN_POINT('',(43.1118038094927,17.8574938362598,2.03864470957939));
#4780=CARTESIAN_POINT('',(38.7995922792057,25.925058720944,2.07770720957939));
#4781=CARTESIAN_POINT('',(32.996346114534,32.996346114534,2.11676970957939));
#4782=CARTESIAN_POINT('',(25.9250587209439,38.7995922792058,2.15583220957939));
#4783=CARTESIAN_POINT('',(17.85749383626,43.1118038094926,2.19489470957939));
#4784=CARTESIAN_POINT('',(9.10366998366086,45.7672396321385,2.23395720957939));
#4785=CARTESIAN_POINT('',(1.74971148680925E-13,46.6638801839308,2.27301970957939));
#4786=CARTESIAN_POINT('',(-9.10366998366088,45.7672396321385,2.31208220957939));
#4787=CARTESIAN_POINT('',(-17.8574938362599,43.1118038094927,2.35114470957939));
#4788=CARTESIAN_POINT('',(-25.9250587209438,38.7995922792058,2.39020720957939));
#4789=CARTESIAN_POINT('',(-32.9963461145339,32.996346114534,2.42926970957939));
#4790=CARTESIAN_POINT('',(-38.7995922792057,25.925058720944,2.46833220957939));
#4791=CARTESIAN_POINT('',(-43.1118038094927,17.8574938362598,2.50739470957939));
#4792=CARTESIAN_POINT('',(-45.7672396321385,9.10366998366077,2.54645720957939));
#4793=CARTESIAN_POINT('',(-46.6638801839308,3.37507799486048E-14,2.58551970957939));
#4794=CARTESIAN_POINT('',(-45.7672396321385,-9.10366998366071,2.62458220957939));
#4795=CARTESIAN_POINT('',(-43.1118038094927,-17.8574938362598,2.66364470957939));
#4796=CARTESIAN_POINT('',(-38.7995922792058,-25.925058720944,2.70270720957939));
#4797=CARTESIAN_POINT('',(-32.996346114534,-32.996346114534,2.74176970957939));
#4798=CARTESIAN_POINT('',(-25.9250587209439,-38.7995922792058,2.78083220957939));
#4799=CARTESIAN_POINT('',(-17.8574938362599,-43.1118038094926,2.81989470957939));
#4800=CARTESIAN_POINT('',(-9.10366998366094,-45.7672396321385,2.85895720957939));
#4801=CARTESIAN_POINT('',(1.07469588783715E-13,-46.6638801839308,2.89801970957939));
#4802=CARTESIAN_POINT('',(9.10366998366079,-45.7672396321385,2.93708220957939));
#4803=CARTESIAN_POINT('',(17.8574938362599,-43.1118038094926,2.97614470957939));
#4804=CARTESIAN_POINT('',(25.9250587209438,-38.7995922792058,3.01520720957939));
#4805=CARTESIAN_POINT('',(32.9963461145339,-32.996346114534,3.05426970957939));
#4806=CARTESIAN_POINT('',(38.7995922792057,-25.925058720944,3.09333220957939));
#4807=CARTESIAN_POINT('',(43.1118038094927,-17.8574938362598,3.13239470957939));
#4808=CARTESIAN_POINT('',(45.7672396321385,-9.10366998366078,3.17145720957939));
#4809=CARTESIAN_POINT('',(46.6638801839308,-3.99680288865056E-14,3.21051970957939));
#4810=CARTESIAN_POINT('',(45.7672396321385,9.10366998366071,3.24958220957939));
#4811=CARTESIAN_POINT('',(43.1118038094927,17.8574938362598,3.28864470957939));
#4812=CARTESIAN_POINT('',(38.7995922792058,25.925058720944,3.32770720957939));
#4813=CARTESIAN_POINT('',(32.996346114534,32.996346114534,3.36676970957939));
#4814=CARTESIAN_POINT('',(25.9250587209439,38.7995922792058,3.40583220957939));
#4815=CARTESIAN_POINT('',(17.85749383626,43.1118038094926,3.44489470957939));
#4816=CARTESIAN_POINT('',(9.10366998366087,45.7672396321385,3.48395720957939));
#4817=CARTESIAN_POINT('',(1.85629289717326E-13,46.6638801839308,3.52301970957939));
#4818=CARTESIAN_POINT('',(-9.10366998366086,45.7672396321385,3.56208220957939));
#4819=CARTESIAN_POINT('',(-17.8574938362599,43.1118038094927,3.60114470957939));
#4820=CARTESIAN_POINT('',(-25.9250587209438,38.7995922792058,3.64020720957939));
#4821=CARTESIAN_POINT('',(-32.9963461145339,32.996346114534,3.67926970957939));
#4822=CARTESIAN_POINT('',(-38.7995922792057,25.925058720944,3.71833220957939));
#4823=CARTESIAN_POINT('',(-43.1118038094927,17.8574938362598,3.75739470957939));
#4824=CARTESIAN_POINT('',(-45.7672396321385,9.10366998366079,3.79645720957939));
#4825=CARTESIAN_POINT('',(-46.6638801839308,4.44089209850063E-14,3.83551970957939));
#4826=CARTESIAN_POINT('',(-45.7672396321385,-9.1036699836607,3.87458220957939));
#4827=CARTESIAN_POINT('',(-43.1118038094927,-17.8574938362598,3.91364470957939));
#4828=CARTESIAN_POINT('',(-38.7995922792058,-25.925058720944,3.95270720957939));
#4829=CARTESIAN_POINT('',(-32.996346114534,-32.996346114534,3.99176970957939));
#4830=CARTESIAN_POINT('',(-25.9250587209439,-38.7995922792058,4.03083220957939));
#4831=CARTESIAN_POINT('',(-17.85749383626,-43.1118038094926,4.06989470957939));
#4832=CARTESIAN_POINT('',(-9.10366998366095,-45.7672396321385,4.10895720957939));
#4833=CARTESIAN_POINT('',(9.59232693276135E-14,-46.6638801839308,4.14801970957939));
#4834=CARTESIAN_POINT('',(9.10366998366078,-45.7672396321385,4.18708220957939));
#4835=CARTESIAN_POINT('',(17.8574938362599,-43.1118038094926,4.22614470957939));
#4836=CARTESIAN_POINT('',(25.9250587209438,-38.7995922792058,4.26520720957939));
#4837=CARTESIAN_POINT('',(32.9963461145339,-32.996346114534,4.30426970957939));
#4838=CARTESIAN_POINT('',(38.7995922792057,-25.9250587209441,4.34333220957939));
#4839=CARTESIAN_POINT('',(43.1118038094927,-17.8574938362598,4.38239470957939));
#4840=CARTESIAN_POINT('',(45.7672396321385,-9.1036699836608,4.42145720957939));
#4841=CARTESIAN_POINT('',(46.6638801839308,-5.06261699229071E-14,4.46051970957939));
#4842=CARTESIAN_POINT('',(45.7672396321385,9.10366998366069,4.49958220957939));
#4843=CARTESIAN_POINT('',(43.1118038094927,17.8574938362598,4.53864470957939));
#4844=CARTESIAN_POINT('',(38.7995922792058,25.925058720944,4.57770720957939));
#4845=CARTESIAN_POINT('',(32.996346114534,32.996346114534,4.61676970957939));
#4846=CARTESIAN_POINT('',(25.9250587209439,38.7995922792057,4.65583220957939));
#4847=CARTESIAN_POINT('',(17.85749383626,43.1118038094926,4.69489470957939));
#4848=CARTESIAN_POINT('',(9.10366998366088,45.7672396321385,4.73395720957939));
#4849=CARTESIAN_POINT('',(1.98063787593128E-13,46.6638801839308,4.77301970957939));
#4850=CARTESIAN_POINT('',(-9.10366998366085,45.7672396321385,4.81208220957939));
#4851=CARTESIAN_POINT('',(-17.8574938362599,43.1118038094926,4.85114470957939));
#4852=CARTESIAN_POINT('',(-25.9250587209438,38.7995922792058,4.89020720957939));
#4853=CARTESIAN_POINT('',(-32.9963461145339,32.996346114534,4.92926970957939));
#4854=CARTESIAN_POINT('',(-38.7995922792057,25.925058720944,4.96833220957939));
#4855=CARTESIAN_POINT('',(-43.1118038094927,17.8574938362599,5.00739470957939));
#4856=CARTESIAN_POINT('',(-45.7672396321385,9.1036699836608,5.04645720957939));
#4857=CARTESIAN_POINT('',(-46.6638801839308,5.59552404411079E-14,5.08551970957939));
#4858=CARTESIAN_POINT('',(-45.7672396321385,-9.10366998366069,5.12458220957939));
#4859=CARTESIAN_POINT('',(-43.1118038094927,-17.8574938362598,5.16364470957939));
#4860=CARTESIAN_POINT('',(-38.7995922792059,-25.9250587209437,5.20270720957939));
#4861=CARTESIAN_POINT('',(-32.9963461145341,-32.9963461145339,5.24176970957939));
#4862=CARTESIAN_POINT('',(-25.9250587209442,-38.7995922792056,5.28083220957939));
#4863=CARTESIAN_POINT('',(-17.8574938362597,-43.1118038094927,5.31989470957939));
#4864=CARTESIAN_POINT('',(-9.10366998366072,-45.7672396321385,5.35895720957939));
#4865=CARTESIAN_POINT('',(2.48689957516035E-14,-46.6638801839308,5.39801970957939));
#4866=CARTESIAN_POINT('',(9.10366998366077,-45.7672396321385,5.43708220957939));
#4867=CARTESIAN_POINT('',(17.8574938362599,-43.1118038094926,5.47614470957939));
#4868=CARTESIAN_POINT('',(25.9250587209438,-38.7995922792058,5.51520720957939));
#4869=CARTESIAN_POINT('',(32.9963461145339,-32.9963461145341,5.55426970957939));
#4870=CARTESIAN_POINT('',(38.7995922792057,-25.925058720944,5.59333220957939));
#4871=CARTESIAN_POINT('',(43.1118038094926,-17.8574938362601,5.63239470957939));
#4872=CARTESIAN_POINT('',(45.7672396321385,-9.10366998366097,5.67145720957939));
#4873=CARTESIAN_POINT('',(46.6638801839308,-3.50830475781549E-13,5.71051970957939));
#4874=CARTESIAN_POINT('',(45.7672396321385,9.10366998366101,5.74958220957939));
#4875=CARTESIAN_POINT('',(43.1118038094926,17.8574938362599,5.78864470957939));
#4876=CARTESIAN_POINT('',(38.7995922792058,25.9250587209439,5.82770720957939));
#4877=CARTESIAN_POINT('',(32.996346114534,32.996346114534,5.86676970957939));
#4878=CARTESIAN_POINT('',(25.9250587209439,38.7995922792058,5.90583220957939));
#4879=CARTESIAN_POINT('',(17.85749383626,43.1118038094926,5.94489470957939));
#4880=CARTESIAN_POINT('',(9.10366998366089,45.7672396321385,5.98395720957939));
#4881=CARTESIAN_POINT('',(1.48325796089921E-13,46.6638801839307,6.02301970957939));
#4882=CARTESIAN_POINT('',(-9.1036699836606,45.7672396321385,6.06208220957939));
#4883=CARTESIAN_POINT('',(-17.8574938362596,43.1118038094928,6.10114470957939));
#4884=CARTESIAN_POINT('',(-25.9250587209441,38.7995922792057,6.14020720957939));
#4885=CARTESIAN_POINT('',(-32.996346114534,32.996346114534,6.17926970957939));
#4886=CARTESIAN_POINT('',(-38.7995922792058,25.9250587209439,6.21833220957939));
#4887=CARTESIAN_POINT('',(-43.1118038094926,17.8574938362599,6.25739470957939));
#4888=CARTESIAN_POINT('',(-45.7672396321385,9.10366998366081,6.29645720957939));
#4889=CARTESIAN_POINT('',(-46.6638801839308,6.75015598972095E-14,6.33551970957939));
#4890=CARTESIAN_POINT('',(-45.7672396321385,-9.10366998366068,6.37458220957939));
#4891=CARTESIAN_POINT('',(-43.1118038094927,-17.8574938362598,6.41364470957939));
#4892=CARTESIAN_POINT('',(-38.7995922792059,-25.9250587209437,6.45270720957939));
#4893=CARTESIAN_POINT('',(-32.9963461145341,-32.9963461145339,6.49176970957939));
#4894=CARTESIAN_POINT('',(-25.9250587209442,-38.7995922792056,6.53083220957939));
#4895=CARTESIAN_POINT('',(-17.8574938362597,-43.1118038094927,6.56989470957939));
#4896=CARTESIAN_POINT('',(-9.10366998366073,-45.7672396321385,6.60895720957939));
#4897=CARTESIAN_POINT('',(1.24344978758018E-14,-46.6638801839308,6.64801970957939));
#4898=CARTESIAN_POINT('',(9.10366998366076,-45.7672396321385,6.68708220957939));
#4899=CARTESIAN_POINT('',(17.8574938362599,-43.1118038094927,6.72614470957939));
#4900=CARTESIAN_POINT('',(25.9250587209438,-38.7995922792058,6.76520720957939));
#4901=CARTESIAN_POINT('',(32.9963461145339,-32.9963461145341,6.80426970957939));
#4902=CARTESIAN_POINT('',(38.7995922792057,-25.925058720944,6.84333220957939));
#4903=CARTESIAN_POINT('',(43.1118038094926,-17.85749383626,6.88239470957939));
#4904=CARTESIAN_POINT('',(45.7672396321384,-9.10366998366114,6.92145720957939));
#4905=CARTESIAN_POINT('',(46.6638801839308,2.1316282072803E-13,6.96051970957939));
#4906=CARTESIAN_POINT('',(45.7672396321385,9.10366998366083,6.99958220957939));
#4907=CARTESIAN_POINT('',(43.1118038094926,17.8574938362599,7.03864470957939));
#4908=CARTESIAN_POINT('',(38.7995922792058,25.9250587209439,7.07770720957939));
#4909=CARTESIAN_POINT('',(32.996346114534,32.996346114534,7.11676970957939));
#4910=CARTESIAN_POINT('',(25.9250587209439,38.7995922792058,7.15583220957939));
#4911=CARTESIAN_POINT('',(17.85749383626,43.1118038094926,7.19489470957939));
#4912=CARTESIAN_POINT('',(9.1036699836609,45.7672396321385,7.23395720957939));
#4913=CARTESIAN_POINT('',(1.59872115546023E-13,46.6638801839307,7.27301970957939));
#4914=CARTESIAN_POINT('',(-9.10366998366059,45.7672396321385,7.31208220957939));
#4915=CARTESIAN_POINT('',(-17.8574938362596,43.1118038094928,7.35114470957939));
#4916=CARTESIAN_POINT('',(-25.9250587209441,38.7995922792057,7.39020720957939));
#4917=CARTESIAN_POINT('',(-32.996346114534,32.996346114534,7.42926970957939));
#4918=CARTESIAN_POINT('',(-38.7995922792058,25.9250587209439,7.46833220957939));
#4919=CARTESIAN_POINT('',(-43.1118038094926,17.8574938362599,7.50739470957939));
#4920=CARTESIAN_POINT('',(-45.7672396321385,9.10366998366082,7.54645720957939));
#4921=CARTESIAN_POINT('',(-46.6638801839308,7.99360577730113E-14,7.58551970957939));
#4922=CARTESIAN_POINT('',(-45.7672396321385,-9.10366998366067,7.62458220957939));
#4923=CARTESIAN_POINT('',(-43.1118038094927,-17.8574938362598,7.66364470957939));
#4924=CARTESIAN_POINT('',(-38.7995922792059,-25.9250587209437,7.70270720957939));
#4925=CARTESIAN_POINT('',(-32.9963461145341,-32.9963461145339,7.74176970957939));
#4926=CARTESIAN_POINT('',(-25.9250587209442,-38.7995922792056,7.78083220957939));
#4927=CARTESIAN_POINT('',(-17.8574938362598,-43.1118038094927,7.81989470957939));
#4928=CARTESIAN_POINT('',(-9.10366998366075,-45.7672396321385,7.85895720957939));
#4929=CARTESIAN_POINT('',(8.88178419700125E-16,-46.6638801839308,7.89801970957939));
#4930=CARTESIAN_POINT('',(9.10366998366075,-45.7672396321385,7.93708220957939));
#4931=CARTESIAN_POINT('',(17.8574938362599,-43.1118038094927,7.97614470957939));
#4932=CARTESIAN_POINT('',(25.9250587209438,-38.7995922792058,8.01520720957939));
#4933=CARTESIAN_POINT('',(32.9963461145339,-32.9963461145341,8.05426970957939));
#4934=CARTESIAN_POINT('',(38.7995922792057,-25.925058720944,8.09333220957939));
#4935=CARTESIAN_POINT('',(43.1118038094926,-17.8574938362601,8.13239470957939));
#4936=CARTESIAN_POINT('',(45.7672396321385,-9.10366998366099,8.17145720957939));
#4937=CARTESIAN_POINT('',(46.6638801839308,-3.74811293113453E-13,8.21051970957939));
#4938=CARTESIAN_POINT('',(45.7672396321385,9.10366998366099,8.24958220957939));
#4939=CARTESIAN_POINT('',(43.1118038094926,17.8574938362599,8.28864470957939));
#4940=CARTESIAN_POINT('',(38.7995922792058,25.9250587209439,8.32770720957939));
#4941=CARTESIAN_POINT('',(32.996346114534,32.996346114534,8.36676970957939));
#4942=CARTESIAN_POINT('',(25.9250587209439,38.7995922792058,8.40583220957939));
#4943=CARTESIAN_POINT('',(17.85749383626,43.1118038094926,8.44489470957939));
#4944=CARTESIAN_POINT('',(9.10366998366091,45.7672396321385,8.48395720957939));
#4945=CARTESIAN_POINT('',(1.71418435002124E-13,46.6638801839307,8.5230197095794));
#4946=CARTESIAN_POINT('',(-9.10366998366058,45.7672396321385,8.56208220957939));
#4947=CARTESIAN_POINT('',(-17.8574938362596,43.1118038094928,8.6011447095794));
#4948=CARTESIAN_POINT('',(-25.9250587209441,38.7995922792057,8.64020720957939));
#4949=CARTESIAN_POINT('',(-32.996346114534,32.996346114534,8.67926970957939));
#4950=CARTESIAN_POINT('',(-38.7995922792058,25.9250587209439,8.71833220957939));
#4951=CARTESIAN_POINT('',(-43.1118038094926,17.8574938362599,8.75739470957939));
#4952=CARTESIAN_POINT('',(-45.7672396321385,9.10366998366083,8.79645720957939));
#4953=CARTESIAN_POINT('',(-46.6638801839308,9.14823772291129E-14,8.83551970957939));
#4954=CARTESIAN_POINT('',(-45.7672396321385,-9.10366998366066,8.87458220957939));
#4955=CARTESIAN_POINT('',(-43.1118038094927,-17.8574938362598,8.91364470957939));
#4956=CARTESIAN_POINT('',(-39.7103059416894,-24.2212365610496,8.94445743978241));
#4957=CARTESIAN_POINT('',(-37.2822274668248,-27.5857664928006,8.96224933665209));
#4958=CARTESIAN_POINT('',(-36.599579050176,-28.4634746930593,8.96702040018845));
#4959=CARTESIAN_POINT('',(-37.1009614037034,-28.8533995037138,-0.625));
#4960=CARTESIAN_POINT('',(-36.599579050176,-28.4634746930593,8.96702040018845));
#4961=CARTESIAN_POINT('',(-36.599579050176,-28.4634746930593,10.0459809810297));
#4962=CARTESIAN_POINT('',(-36.599579050176,-28.4634746930593,9.50650069060905));
#4963=CARTESIAN_POINT('',(-46.365,0.,-1.16448029042061));
#4964=CARTESIAN_POINT('',(-46.365,-3.03458215382689,-1.15145945708727));
#4965=CARTESIAN_POINT('',(-45.7672396321385,-9.10366998366077,-1.12541779042061));
#4966=CARTESIAN_POINT('',(-43.1118038094926,-17.8574938362599,-1.08635529042061));
#4967=CARTESIAN_POINT('',(-38.7995922792058,-25.9250587209439,-1.04729279042061));
#4968=CARTESIAN_POINT('',(-32.996346114534,-32.996346114534,-1.00823029042061));
#4969=CARTESIAN_POINT('',(-25.9250587209439,-38.7995922792058,-0.969167790420606));
#4970=CARTESIAN_POINT('',(-17.8574938362599,-43.1118038094926,-0.930105290420606));
#4971=CARTESIAN_POINT('',(-9.10366998366078,-45.7672396321385,-0.891042790420606));
#4972=CARTESIAN_POINT('',(-2.66453525910038E-15,-46.6638801839308,-0.851980290420606));
#4973=CARTESIAN_POINT('',(9.10366998366077,-45.7672396321385,-0.812917790420606));
#4974=CARTESIAN_POINT('',(17.8574938362599,-43.1118038094926,-0.773855290420606));
#4975=CARTESIAN_POINT('',(25.9250587209439,-38.7995922792058,-0.734792790420606));
#4976=CARTESIAN_POINT('',(32.996346114534,-32.996346114534,-0.695730290420606));
#4977=CARTESIAN_POINT('',(38.7995922792058,-25.9250587209439,-0.656667790420606));
#4978=CARTESIAN_POINT('',(43.1118038094926,-17.8574938362599,-0.617605290420606));
#4979=CARTESIAN_POINT('',(45.7672396321385,-9.1036699836608,-0.578542790420606));
#4980=CARTESIAN_POINT('',(46.6638801839308,-4.44089209850063E-15,-0.539480290420606));
#4981=CARTESIAN_POINT('',(45.7672396321385,9.10366998366079,-0.500417790420606));
#4982=CARTESIAN_POINT('',(43.1118038094926,17.8574938362599,-0.461355290420606));
#4983=CARTESIAN_POINT('',(38.7995922792058,25.9250587209439,-0.422292790420606));
#4984=CARTESIAN_POINT('',(32.996346114534,32.996346114534,-0.383230290420606));
#4985=CARTESIAN_POINT('',(25.9250587209439,38.7995922792058,-0.344167790420606));
#4986=CARTESIAN_POINT('',(17.85749383626,43.1118038094926,-0.305105290420606));
#4987=CARTESIAN_POINT('',(9.10366998366079,45.7672396321385,-0.266042790420606));
#4988=CARTESIAN_POINT('',(8.88178419700125E-15,46.6638801839308,-0.226980290420606));
#4989=CARTESIAN_POINT('',(-9.10366998366078,45.7672396321385,-0.187917790420606));
#4990=CARTESIAN_POINT('',(-17.8574938362599,43.1118038094926,-0.148855290420606));
#4991=CARTESIAN_POINT('',(-25.9250587209438,38.7995922792058,-0.109792790420606));
#4992=CARTESIAN_POINT('',(-32.996346114534,32.996346114534,-0.0707302904206057));
#4993=CARTESIAN_POINT('',(-38.7995922792058,25.9250587209439,-0.0316677904206057));
#4994=CARTESIAN_POINT('',(-43.1118038094926,17.85749383626,0.00739470957939425));
#4995=CARTESIAN_POINT('',(-45.7672396321385,9.10366998366079,0.0464572095793943));
#4996=CARTESIAN_POINT('',(-46.6638801839308,1.24344978758018E-14,0.0855197095793943));
#4997=CARTESIAN_POINT('',(-45.7672396321385,-9.10366998366078,0.124582209579394));
#4998=CARTESIAN_POINT('',(-43.1118038094926,-17.8574938362599,0.163644709579394));
#4999=CARTESIAN_POINT('',(-38.7995922792058,-25.9250587209438,0.202707209579394));
#5000=CARTESIAN_POINT('',(-32.996346114534,-32.996346114534,0.241769709579394));
#5001=CARTESIAN_POINT('',(-25.9250587209439,-38.7995922792058,0.280832209579394));
#5002=CARTESIAN_POINT('',(-17.85749383626,-43.1118038094926,0.319894709579394));
#5003=CARTESIAN_POINT('',(-9.1036699836608,-45.7672396321385,0.358957209579394));
#5004=CARTESIAN_POINT('',(6.21724893790088E-15,-46.6638801839307,0.398019709579394));
#5005=CARTESIAN_POINT('',(9.10366998366069,-45.7672396321385,0.437082209579394));
#5006=CARTESIAN_POINT('',(17.85749383626,-43.1118038094926,0.476144709579394));
#5007=CARTESIAN_POINT('',(25.9250587209439,-38.7995922792058,0.515207209579394));
#5008=CARTESIAN_POINT('',(32.9963461145339,-32.996346114534,0.554269709579394));
#5009=CARTESIAN_POINT('',(38.7995922792058,-25.9250587209438,0.593332209579394));
#5010=CARTESIAN_POINT('',(43.1118038094926,-17.85749383626,0.632394709579394));
#5011=CARTESIAN_POINT('',(45.7672396321385,-9.10366998366072,0.671457209579394));
#5012=CARTESIAN_POINT('',(46.6638801839307,-1.68753899743024E-14,0.710519709579394));
#5013=CARTESIAN_POINT('',(45.7672396321385,9.10366998366069,0.749582209579394));
#5014=CARTESIAN_POINT('',(43.1118038094926,17.85749383626,0.788644709579394));
#5015=CARTESIAN_POINT('',(38.7995922792058,25.9250587209438,0.827707209579395));
#5016=CARTESIAN_POINT('',(32.996346114534,32.996346114534,0.866769709579394));
#5017=CARTESIAN_POINT('',(25.9250587209439,38.7995922792058,0.905832209579394));
#5018=CARTESIAN_POINT('',(17.85749383626,43.1118038094926,0.944894709579394));
#5019=CARTESIAN_POINT('',(9.10366998366072,45.7672396321385,0.983957209579394));
#5020=CARTESIAN_POINT('',(1.95399252334028E-14,46.6638801839307,1.02301970957939));
#5021=CARTESIAN_POINT('',(-9.10366998366069,45.7672396321385,1.06208220957939));
#5022=CARTESIAN_POINT('',(-17.8574938362599,43.1118038094926,1.10114470957939));
#5023=CARTESIAN_POINT('',(-25.9250587209439,38.7995922792058,1.14020720957939));
#5024=CARTESIAN_POINT('',(-32.9963461145339,32.9963461145341,1.17926970957939));
#5025=CARTESIAN_POINT('',(-38.7995922792058,25.9250587209439,1.21833220957939));
#5026=CARTESIAN_POINT('',(-43.1118038094926,17.85749383626,1.25739470957939));
#5027=CARTESIAN_POINT('',(-45.7672396321385,9.10366998366072,1.29645720957939));
#5028=CARTESIAN_POINT('',(-46.6638801839307,2.30926389122033E-14,1.33551970957939));
#5029=CARTESIAN_POINT('',(-45.7672396321385,-9.10366998366068,1.37458220957939));
#5030=CARTESIAN_POINT('',(-43.1118038094926,-17.85749383626,1.41364470957939));
#5031=CARTESIAN_POINT('',(-38.7995922792058,-25.9250587209438,1.45270720957939));
#5032=CARTESIAN_POINT('',(-32.996346114534,-32.996346114534,1.49176970957939));
#5033=CARTESIAN_POINT('',(-25.9250587209439,-38.7995922792058,1.53083220957939));
#5034=CARTESIAN_POINT('',(-17.85749383626,-43.1118038094926,1.56989470957939));
#5035=CARTESIAN_POINT('',(-9.10366998366073,-45.7672396321385,1.60895720957939));
#5036=CARTESIAN_POINT('',(-2.39808173319034E-14,-46.6638801839307,1.64801970957939));
#5037=CARTESIAN_POINT('',(9.10366998366068,-45.7672396321385,1.68708220957939));
#5038=CARTESIAN_POINT('',(17.85749383626,-43.1118038094926,1.72614470957939));
#5039=CARTESIAN_POINT('',(25.9250587209438,-38.7995922792058,1.76520720957939));
#5040=CARTESIAN_POINT('',(32.9963461145339,-32.9963461145341,1.80426970957939));
#5041=CARTESIAN_POINT('',(38.7995922792058,-25.9250587209439,1.84333220957939));
#5042=CARTESIAN_POINT('',(43.1118038094926,-17.85749383626,1.88239470957939));
#5043=CARTESIAN_POINT('',(45.7672396321385,-9.10366998366073,1.92145720957939));
#5044=CARTESIAN_POINT('',(46.6638801839307,-3.81916720471054E-14,1.96051970957939));
#5045=CARTESIAN_POINT('',(45.7672396321385,9.10366998366072,1.99958220957939));
#5046=CARTESIAN_POINT('',(43.1118038094927,17.8574938362598,2.03864470957939));
#5047=CARTESIAN_POINT('',(38.7995922792057,25.925058720944,2.07770720957939));
#5048=CARTESIAN_POINT('',(32.996346114534,32.996346114534,2.11676970957939));
#5049=CARTESIAN_POINT('',(25.9250587209439,38.7995922792058,2.15583220957939));
#5050=CARTESIAN_POINT('',(17.85749383626,43.1118038094926,2.19489470957939));
#5051=CARTESIAN_POINT('',(9.10366998366086,45.7672396321385,2.23395720957939));
#5052=CARTESIAN_POINT('',(1.74971148680925E-13,46.6638801839308,2.27301970957939));
#5053=CARTESIAN_POINT('',(-9.10366998366088,45.7672396321385,2.31208220957939));
#5054=CARTESIAN_POINT('',(-17.8574938362599,43.1118038094927,2.35114470957939));
#5055=CARTESIAN_POINT('',(-25.9250587209438,38.7995922792058,2.39020720957939));
#5056=CARTESIAN_POINT('',(-32.9963461145339,32.996346114534,2.42926970957939));
#5057=CARTESIAN_POINT('',(-38.7995922792057,25.925058720944,2.46833220957939));
#5058=CARTESIAN_POINT('',(-43.1118038094927,17.8574938362598,2.50739470957939));
#5059=CARTESIAN_POINT('',(-45.7672396321385,9.10366998366077,2.54645720957939));
#5060=CARTESIAN_POINT('',(-46.6638801839308,3.37507799486048E-14,2.58551970957939));
#5061=CARTESIAN_POINT('',(-45.7672396321385,-9.10366998366071,2.62458220957939));
#5062=CARTESIAN_POINT('',(-43.1118038094927,-17.8574938362598,2.66364470957939));
#5063=CARTESIAN_POINT('',(-38.7995922792058,-25.925058720944,2.70270720957939));
#5064=CARTESIAN_POINT('',(-32.996346114534,-32.996346114534,2.74176970957939));
#5065=CARTESIAN_POINT('',(-25.9250587209439,-38.7995922792058,2.78083220957939));
#5066=CARTESIAN_POINT('',(-17.8574938362599,-43.1118038094926,2.81989470957939));
#5067=CARTESIAN_POINT('',(-9.10366998366094,-45.7672396321385,2.85895720957939));
#5068=CARTESIAN_POINT('',(1.07469588783715E-13,-46.6638801839308,2.89801970957939));
#5069=CARTESIAN_POINT('',(9.10366998366079,-45.7672396321385,2.93708220957939));
#5070=CARTESIAN_POINT('',(17.8574938362599,-43.1118038094926,2.97614470957939));
#5071=CARTESIAN_POINT('',(25.9250587209438,-38.7995922792058,3.01520720957939));
#5072=CARTESIAN_POINT('',(32.9963461145339,-32.996346114534,3.05426970957939));
#5073=CARTESIAN_POINT('',(38.7995922792057,-25.925058720944,3.09333220957939));
#5074=CARTESIAN_POINT('',(43.1118038094927,-17.8574938362598,3.13239470957939));
#5075=CARTESIAN_POINT('',(45.7672396321385,-9.10366998366078,3.17145720957939));
#5076=CARTESIAN_POINT('',(46.6638801839308,-3.99680288865056E-14,3.21051970957939));
#5077=CARTESIAN_POINT('',(45.7672396321385,9.10366998366071,3.24958220957939));
#5078=CARTESIAN_POINT('',(43.1118038094927,17.8574938362598,3.28864470957939));
#5079=CARTESIAN_POINT('',(38.7995922792058,25.925058720944,3.32770720957939));
#5080=CARTESIAN_POINT('',(32.996346114534,32.996346114534,3.36676970957939));
#5081=CARTESIAN_POINT('',(25.9250587209439,38.7995922792058,3.40583220957939));
#5082=CARTESIAN_POINT('',(17.85749383626,43.1118038094926,3.44489470957939));
#5083=CARTESIAN_POINT('',(9.10366998366087,45.7672396321385,3.48395720957939));
#5084=CARTESIAN_POINT('',(1.85629289717326E-13,46.6638801839308,3.52301970957939));
#5085=CARTESIAN_POINT('',(-9.10366998366086,45.7672396321385,3.56208220957939));
#5086=CARTESIAN_POINT('',(-17.8574938362599,43.1118038094927,3.60114470957939));
#5087=CARTESIAN_POINT('',(-25.9250587209438,38.7995922792058,3.64020720957939));
#5088=CARTESIAN_POINT('',(-32.9963461145339,32.996346114534,3.67926970957939));
#5089=CARTESIAN_POINT('',(-38.7995922792057,25.925058720944,3.71833220957939));
#5090=CARTESIAN_POINT('',(-43.1118038094927,17.8574938362598,3.75739470957939));
#5091=CARTESIAN_POINT('',(-45.7672396321385,9.10366998366079,3.79645720957939));
#5092=CARTESIAN_POINT('',(-46.6638801839308,4.44089209850063E-14,3.83551970957939));
#5093=CARTESIAN_POINT('',(-45.7672396321385,-9.1036699836607,3.87458220957939));
#5094=CARTESIAN_POINT('',(-43.1118038094927,-17.8574938362598,3.91364470957939));
#5095=CARTESIAN_POINT('',(-38.7995922792058,-25.925058720944,3.95270720957939));
#5096=CARTESIAN_POINT('',(-32.996346114534,-32.996346114534,3.99176970957939));
#5097=CARTESIAN_POINT('',(-25.9250587209439,-38.7995922792058,4.03083220957939));
#5098=CARTESIAN_POINT('',(-17.85749383626,-43.1118038094926,4.06989470957939));
#5099=CARTESIAN_POINT('',(-9.10366998366095,-45.7672396321385,4.10895720957939));
#5100=CARTESIAN_POINT('',(9.59232693276135E-14,-46.6638801839308,4.14801970957939));
#5101=CARTESIAN_POINT('',(9.10366998366078,-45.7672396321385,4.18708220957939));
#5102=CARTESIAN_POINT('',(17.8574938362599,-43.1118038094926,4.22614470957939));
#5103=CARTESIAN_POINT('',(25.9250587209438,-38.7995922792058,4.26520720957939));
#5104=CARTESIAN_POINT('',(32.9963461145339,-32.996346114534,4.30426970957939));
#5105=CARTESIAN_POINT('',(38.7995922792057,-25.9250587209441,4.34333220957939));
#5106=CARTESIAN_POINT('',(43.1118038094927,-17.8574938362598,4.38239470957939));
#5107=CARTESIAN_POINT('',(45.7672396321385,-9.1036699836608,4.42145720957939));
#5108=CARTESIAN_POINT('',(46.6638801839308,-5.06261699229071E-14,4.46051970957939));
#5109=CARTESIAN_POINT('',(45.7672396321385,9.10366998366069,4.49958220957939));
#5110=CARTESIAN_POINT('',(43.1118038094927,17.8574938362598,4.53864470957939));
#5111=CARTESIAN_POINT('',(38.7995922792058,25.925058720944,4.57770720957939));
#5112=CARTESIAN_POINT('',(32.996346114534,32.996346114534,4.61676970957939));
#5113=CARTESIAN_POINT('',(25.9250587209439,38.7995922792057,4.65583220957939));
#5114=CARTESIAN_POINT('',(17.85749383626,43.1118038094926,4.69489470957939));
#5115=CARTESIAN_POINT('',(9.10366998366088,45.7672396321385,4.73395720957939));
#5116=CARTESIAN_POINT('',(1.98063787593128E-13,46.6638801839308,4.77301970957939));
#5117=CARTESIAN_POINT('',(-9.10366998366085,45.7672396321385,4.81208220957939));
#5118=CARTESIAN_POINT('',(-17.8574938362599,43.1118038094926,4.85114470957939));
#5119=CARTESIAN_POINT('',(-25.9250587209438,38.7995922792058,4.89020720957939));
#5120=CARTESIAN_POINT('',(-32.9963461145339,32.996346114534,4.92926970957939));
#5121=CARTESIAN_POINT('',(-38.7995922792057,25.925058720944,4.96833220957939));
#5122=CARTESIAN_POINT('',(-43.1118038094927,17.8574938362599,5.00739470957939));
#5123=CARTESIAN_POINT('',(-45.7672396321385,9.1036699836608,5.04645720957939));
#5124=CARTESIAN_POINT('',(-46.6638801839308,5.59552404411079E-14,5.08551970957939));
#5125=CARTESIAN_POINT('',(-45.7672396321385,-9.10366998366069,5.12458220957939));
#5126=CARTESIAN_POINT('',(-43.1118038094927,-17.8574938362598,5.16364470957939));
#5127=CARTESIAN_POINT('',(-38.7995922792059,-25.9250587209437,5.20270720957939));
#5128=CARTESIAN_POINT('',(-32.9963461145341,-32.9963461145339,5.24176970957939));
#5129=CARTESIAN_POINT('',(-25.9250587209442,-38.7995922792056,5.28083220957939));
#5130=CARTESIAN_POINT('',(-17.8574938362597,-43.1118038094927,5.31989470957939));
#5131=CARTESIAN_POINT('',(-9.10366998366072,-45.7672396321385,5.35895720957939));
#5132=CARTESIAN_POINT('',(2.48689957516035E-14,-46.6638801839308,5.39801970957939));
#5133=CARTESIAN_POINT('',(9.10366998366077,-45.7672396321385,5.43708220957939));
#5134=CARTESIAN_POINT('',(17.8574938362599,-43.1118038094926,5.47614470957939));
#5135=CARTESIAN_POINT('',(25.9250587209438,-38.7995922792058,5.51520720957939));
#5136=CARTESIAN_POINT('',(32.9963461145339,-32.9963461145341,5.55426970957939));
#5137=CARTESIAN_POINT('',(38.7995922792057,-25.925058720944,5.59333220957939));
#5138=CARTESIAN_POINT('',(43.1118038094926,-17.8574938362601,5.63239470957939));
#5139=CARTESIAN_POINT('',(45.7672396321385,-9.10366998366097,5.67145720957939));
#5140=CARTESIAN_POINT('',(46.6638801839308,-3.50830475781549E-13,5.71051970957939));
#5141=CARTESIAN_POINT('',(45.7672396321385,9.10366998366101,5.74958220957939));
#5142=CARTESIAN_POINT('',(43.1118038094926,17.8574938362599,5.78864470957939));
#5143=CARTESIAN_POINT('',(38.7995922792058,25.9250587209439,5.82770720957939));
#5144=CARTESIAN_POINT('',(32.996346114534,32.996346114534,5.86676970957939));
#5145=CARTESIAN_POINT('',(25.9250587209439,38.7995922792058,5.90583220957939));
#5146=CARTESIAN_POINT('',(17.85749383626,43.1118038094926,5.94489470957939));
#5147=CARTESIAN_POINT('',(9.10366998366089,45.7672396321385,5.98395720957939));
#5148=CARTESIAN_POINT('',(1.48325796089921E-13,46.6638801839307,6.02301970957939));
#5149=CARTESIAN_POINT('',(-9.1036699836606,45.7672396321385,6.06208220957939));
#5150=CARTESIAN_POINT('',(-17.8574938362596,43.1118038094928,6.10114470957939));
#5151=CARTESIAN_POINT('',(-25.9250587209441,38.7995922792057,6.14020720957939));
#5152=CARTESIAN_POINT('',(-32.996346114534,32.996346114534,6.17926970957939));
#5153=CARTESIAN_POINT('',(-38.7995922792058,25.9250587209439,6.21833220957939));
#5154=CARTESIAN_POINT('',(-43.1118038094926,17.8574938362599,6.25739470957939));
#5155=CARTESIAN_POINT('',(-45.7672396321385,9.10366998366081,6.29645720957939));
#5156=CARTESIAN_POINT('',(-46.6638801839308,6.75015598972095E-14,6.33551970957939));
#5157=CARTESIAN_POINT('',(-45.7672396321385,-9.10366998366068,6.37458220957939));
#5158=CARTESIAN_POINT('',(-43.1118038094927,-17.8574938362598,6.41364470957939));
#5159=CARTESIAN_POINT('',(-38.7995922792059,-25.9250587209437,6.45270720957939));
#5160=CARTESIAN_POINT('',(-32.9963461145341,-32.9963461145339,6.49176970957939));
#5161=CARTESIAN_POINT('',(-25.9250587209442,-38.7995922792056,6.53083220957939));
#5162=CARTESIAN_POINT('',(-17.8574938362597,-43.1118038094927,6.56989470957939));
#5163=CARTESIAN_POINT('',(-9.10366998366073,-45.7672396321385,6.60895720957939));
#5164=CARTESIAN_POINT('',(1.24344978758018E-14,-46.6638801839308,6.64801970957939));
#5165=CARTESIAN_POINT('',(9.10366998366076,-45.7672396321385,6.68708220957939));
#5166=CARTESIAN_POINT('',(17.8574938362599,-43.1118038094927,6.72614470957939));
#5167=CARTESIAN_POINT('',(25.9250587209438,-38.7995922792058,6.76520720957939));
#5168=CARTESIAN_POINT('',(32.9963461145339,-32.9963461145341,6.80426970957939));
#5169=CARTESIAN_POINT('',(38.7995922792057,-25.925058720944,6.84333220957939));
#5170=CARTESIAN_POINT('',(43.1118038094926,-17.85749383626,6.88239470957939));
#5171=CARTESIAN_POINT('',(45.7672396321384,-9.10366998366114,6.92145720957939));
#5172=CARTESIAN_POINT('',(46.6638801839308,2.1316282072803E-13,6.96051970957939));
#5173=CARTESIAN_POINT('',(45.7672396321385,9.10366998366083,6.99958220957939));
#5174=CARTESIAN_POINT('',(43.1118038094926,17.8574938362599,7.03864470957939));
#5175=CARTESIAN_POINT('',(38.7995922792058,25.9250587209439,7.07770720957939));
#5176=CARTESIAN_POINT('',(32.996346114534,32.996346114534,7.11676970957939));
#5177=CARTESIAN_POINT('',(25.9250587209439,38.7995922792058,7.15583220957939));
#5178=CARTESIAN_POINT('',(17.85749383626,43.1118038094926,7.19489470957939));
#5179=CARTESIAN_POINT('',(9.1036699836609,45.7672396321385,7.23395720957939));
#5180=CARTESIAN_POINT('',(1.59872115546023E-13,46.6638801839307,7.27301970957939));
#5181=CARTESIAN_POINT('',(-9.10366998366059,45.7672396321385,7.31208220957939));
#5182=CARTESIAN_POINT('',(-17.8574938362596,43.1118038094928,7.35114470957939));
#5183=CARTESIAN_POINT('',(-25.9250587209441,38.7995922792057,7.39020720957939));
#5184=CARTESIAN_POINT('',(-32.996346114534,32.996346114534,7.42926970957939));
#5185=CARTESIAN_POINT('',(-38.7995922792058,25.9250587209439,7.46833220957939));
#5186=CARTESIAN_POINT('',(-43.1118038094926,17.8574938362599,7.50739470957939));
#5187=CARTESIAN_POINT('',(-45.7672396321385,9.10366998366082,7.54645720957939));
#5188=CARTESIAN_POINT('',(-46.6638801839308,7.99360577730113E-14,7.58551970957939));
#5189=CARTESIAN_POINT('',(-45.7672396321385,-9.10366998366067,7.62458220957939));
#5190=CARTESIAN_POINT('',(-43.1118038094927,-17.8574938362598,7.66364470957939));
#5191=CARTESIAN_POINT('',(-38.7995922792059,-25.9250587209437,7.70270720957939));
#5192=CARTESIAN_POINT('',(-32.9963461145341,-32.9963461145339,7.74176970957939));
#5193=CARTESIAN_POINT('',(-25.9250587209442,-38.7995922792056,7.78083220957939));
#5194=CARTESIAN_POINT('',(-17.8574938362598,-43.1118038094927,7.81989470957939));
#5195=CARTESIAN_POINT('',(-9.10366998366075,-45.7672396321385,7.85895720957939));
#5196=CARTESIAN_POINT('',(8.88178419700125E-16,-46.6638801839308,7.89801970957939));
#5197=CARTESIAN_POINT('',(9.10366998366075,-45.7672396321385,7.93708220957939));
#5198=CARTESIAN_POINT('',(17.8574938362599,-43.1118038094927,7.97614470957939));
#5199=CARTESIAN_POINT('',(25.9250587209438,-38.7995922792058,8.01520720957939));
#5200=CARTESIAN_POINT('',(32.9963461145339,-32.9963461145341,8.05426970957939));
#5201=CARTESIAN_POINT('',(38.7995922792057,-25.925058720944,8.09333220957939));
#5202=CARTESIAN_POINT('',(43.1118038094926,-17.8574938362601,8.13239470957939));
#5203=CARTESIAN_POINT('',(45.7672396321385,-9.10366998366099,8.17145720957939));
#5204=CARTESIAN_POINT('',(46.6638801839308,-3.74811293113453E-13,8.21051970957939));
#5205=CARTESIAN_POINT('',(45.7672396321385,9.10366998366099,8.24958220957939));
#5206=CARTESIAN_POINT('',(43.1118038094926,17.8574938362599,8.28864470957939));
#5207=CARTESIAN_POINT('',(38.7995922792058,25.9250587209439,8.32770720957939));
#5208=CARTESIAN_POINT('',(32.996346114534,32.996346114534,8.36676970957939));
#5209=CARTESIAN_POINT('',(25.9250587209439,38.7995922792058,8.40583220957939));
#5210=CARTESIAN_POINT('',(17.85749383626,43.1118038094926,8.44489470957939));
#5211=CARTESIAN_POINT('',(9.10366998366091,45.7672396321385,8.48395720957939));
#5212=CARTESIAN_POINT('',(1.71418435002124E-13,46.6638801839307,8.5230197095794));
#5213=CARTESIAN_POINT('',(-9.10366998366058,45.7672396321385,8.56208220957939));
#5214=CARTESIAN_POINT('',(-17.8574938362596,43.1118038094928,8.6011447095794));
#5215=CARTESIAN_POINT('',(-25.9250587209441,38.7995922792057,8.64020720957939));
#5216=CARTESIAN_POINT('',(-32.996346114534,32.996346114534,8.67926970957939));
#5217=CARTESIAN_POINT('',(-38.7995922792058,25.9250587209439,8.71833220957939));
#5218=CARTESIAN_POINT('',(-43.1118038094926,17.8574938362599,8.75739470957939));
#5219=CARTESIAN_POINT('',(-45.7672396321385,9.10366998366083,8.79645720957939));
#5220=CARTESIAN_POINT('',(-46.6638801839308,9.14823772291129E-14,8.83551970957939));
#5221=CARTESIAN_POINT('',(-45.7672396321385,-9.10366998366066,8.87458220957939));
#5222=CARTESIAN_POINT('',(-43.1118038094927,-17.8574938362598,8.91364470957939));
#5223=CARTESIAN_POINT('',(-39.7103059416894,-24.2212365610496,8.94445743978241));
#5224=CARTESIAN_POINT('',(-37.2822274668248,-27.5857664928006,8.96224933665209));
#5225=CARTESIAN_POINT('',(-36.599579050176,-28.4634746930593,8.96702040018845));
#5226=CARTESIAN_POINT('',(-46.365,0.,-0.0855197095793943));
#5227=CARTESIAN_POINT('',(-46.365,-3.03458215382689,-0.0724988762460609));
#5228=CARTESIAN_POINT('',(-45.7672396321385,-9.10366998366077,-0.0464572095793943));
#5229=CARTESIAN_POINT('',(-43.1118038094926,-17.8574938362599,-0.00739470957939425));
#5230=CARTESIAN_POINT('',(-38.7995922792058,-25.9250587209439,0.0316677904206057));
#5231=CARTESIAN_POINT('',(-32.996346114534,-32.996346114534,0.0707302904206057));
#5232=CARTESIAN_POINT('',(-25.9250587209439,-38.7995922792058,0.109792790420606));
#5233=CARTESIAN_POINT('',(-17.8574938362599,-43.1118038094926,0.148855290420606));
#5234=CARTESIAN_POINT('',(-9.10366998366078,-45.7672396321385,0.187917790420606));
#5235=CARTESIAN_POINT('',(-2.66453525910038E-15,-46.6638801839308,0.226980290420606));
#5236=CARTESIAN_POINT('',(9.10366998366077,-45.7672396321385,0.266042790420606));
#5237=CARTESIAN_POINT('',(17.8574938362599,-43.1118038094926,0.305105290420606));
#5238=CARTESIAN_POINT('',(25.9250587209439,-38.7995922792058,0.344167790420606));
#5239=CARTESIAN_POINT('',(32.996346114534,-32.996346114534,0.383230290420606));
#5240=CARTESIAN_POINT('',(38.7995922792058,-25.9250587209439,0.422292790420606));
#5241=CARTESIAN_POINT('',(43.1118038094926,-17.8574938362599,0.461355290420606));
#5242=CARTESIAN_POINT('',(45.7672396321385,-9.1036699836608,0.500417790420606));
#5243=CARTESIAN_POINT('',(46.6638801839308,-4.44089209850063E-15,0.539480290420606));
#5244=CARTESIAN_POINT('',(45.7672396321385,9.10366998366079,0.578542790420606));
#5245=CARTESIAN_POINT('',(43.1118038094926,17.8574938362599,0.617605290420606));
#5246=CARTESIAN_POINT('',(38.7995922792058,25.9250587209439,0.656667790420606));
#5247=CARTESIAN_POINT('',(32.996346114534,32.996346114534,0.695730290420606));
#5248=CARTESIAN_POINT('',(25.9250587209439,38.7995922792058,0.734792790420606));
#5249=CARTESIAN_POINT('',(17.85749383626,43.1118038094926,0.773855290420606));
#5250=CARTESIAN_POINT('',(9.10366998366079,45.7672396321385,0.812917790420606));
#5251=CARTESIAN_POINT('',(8.88178419700125E-15,46.6638801839308,0.851980290420606));
#5252=CARTESIAN_POINT('',(-9.10366998366078,45.7672396321385,0.891042790420606));
#5253=CARTESIAN_POINT('',(-17.8574938362599,43.1118038094926,0.930105290420606));
#5254=CARTESIAN_POINT('',(-25.9250587209438,38.7995922792058,0.969167790420606));
#5255=CARTESIAN_POINT('',(-32.996346114534,32.996346114534,1.00823029042061));
#5256=CARTESIAN_POINT('',(-38.7995922792058,25.9250587209439,1.04729279042061));
#5257=CARTESIAN_POINT('',(-43.1118038094926,17.85749383626,1.08635529042061));
#5258=CARTESIAN_POINT('',(-45.7672396321385,9.10366998366079,1.12541779042061));
#5259=CARTESIAN_POINT('',(-46.6638801839308,1.24344978758018E-14,1.16448029042061));
#5260=CARTESIAN_POINT('',(-45.7672396321385,-9.10366998366078,1.20354279042061));
#5261=CARTESIAN_POINT('',(-43.1118038094926,-17.8574938362599,1.24260529042061));
#5262=CARTESIAN_POINT('',(-38.7995922792058,-25.9250587209438,1.28166779042061));
#5263=CARTESIAN_POINT('',(-32.996346114534,-32.996346114534,1.32073029042061));
#5264=CARTESIAN_POINT('',(-25.9250587209439,-38.7995922792058,1.35979279042061));
#5265=CARTESIAN_POINT('',(-17.85749383626,-43.1118038094926,1.39885529042061));
#5266=CARTESIAN_POINT('',(-9.1036699836608,-45.7672396321385,1.43791779042061));
#5267=CARTESIAN_POINT('',(6.21724893790088E-15,-46.6638801839307,1.47698029042061));
#5268=CARTESIAN_POINT('',(9.10366998366069,-45.7672396321385,1.51604279042061));
#5269=CARTESIAN_POINT('',(17.85749383626,-43.1118038094926,1.55510529042061));
#5270=CARTESIAN_POINT('',(25.9250587209439,-38.7995922792058,1.59416779042061));
#5271=CARTESIAN_POINT('',(32.9963461145339,-32.996346114534,1.63323029042061));
#5272=CARTESIAN_POINT('',(38.7995922792058,-25.9250587209438,1.67229279042061));
#5273=CARTESIAN_POINT('',(43.1118038094926,-17.85749383626,1.71135529042061));
#5274=CARTESIAN_POINT('',(45.7672396321385,-9.10366998366072,1.75041779042061));
#5275=CARTESIAN_POINT('',(46.6638801839307,-1.68753899743024E-14,1.78948029042061));
#5276=CARTESIAN_POINT('',(45.7672396321385,9.10366998366069,1.82854279042061));
#5277=CARTESIAN_POINT('',(43.1118038094926,17.85749383626,1.86760529042061));
#5278=CARTESIAN_POINT('',(38.7995922792058,25.9250587209438,1.90666779042061));
#5279=CARTESIAN_POINT('',(32.996346114534,32.996346114534,1.94573029042061));
#5280=CARTESIAN_POINT('',(25.9250587209439,38.7995922792058,1.98479279042061));
#5281=CARTESIAN_POINT('',(17.85749383626,43.1118038094926,2.02385529042061));
#5282=CARTESIAN_POINT('',(9.10366998366072,45.7672396321385,2.06291779042061));
#5283=CARTESIAN_POINT('',(1.95399252334028E-14,46.6638801839307,2.10198029042061));
#5284=CARTESIAN_POINT('',(-9.10366998366069,45.7672396321385,2.14104279042061));
#5285=CARTESIAN_POINT('',(-17.8574938362599,43.1118038094926,2.18010529042061));
#5286=CARTESIAN_POINT('',(-25.9250587209439,38.7995922792058,2.21916779042061));
#5287=CARTESIAN_POINT('',(-32.9963461145339,32.9963461145341,2.25823029042061));
#5288=CARTESIAN_POINT('',(-38.7995922792058,25.9250587209439,2.29729279042061));
#5289=CARTESIAN_POINT('',(-43.1118038094926,17.85749383626,2.33635529042061));
#5290=CARTESIAN_POINT('',(-45.7672396321385,9.10366998366072,2.37541779042061));
#5291=CARTESIAN_POINT('',(-46.6638801839307,2.30926389122033E-14,2.41448029042061));
#5292=CARTESIAN_POINT('',(-45.7672396321385,-9.10366998366068,2.45354279042061));
#5293=CARTESIAN_POINT('',(-43.1118038094926,-17.85749383626,2.49260529042061));
#5294=CARTESIAN_POINT('',(-38.7995922792058,-25.9250587209438,2.53166779042061));
#5295=CARTESIAN_POINT('',(-32.996346114534,-32.996346114534,2.57073029042061));
#5296=CARTESIAN_POINT('',(-25.9250587209439,-38.7995922792058,2.60979279042061));
#5297=CARTESIAN_POINT('',(-17.85749383626,-43.1118038094926,2.64885529042061));
#5298=CARTESIAN_POINT('',(-9.10366998366073,-45.7672396321385,2.68791779042061));
#5299=CARTESIAN_POINT('',(-2.39808173319034E-14,-46.6638801839307,2.72698029042061));
#5300=CARTESIAN_POINT('',(9.10366998366068,-45.7672396321385,2.76604279042061));
#5301=CARTESIAN_POINT('',(17.85749383626,-43.1118038094926,2.80510529042061));
#5302=CARTESIAN_POINT('',(25.9250587209438,-38.7995922792058,2.84416779042061));
#5303=CARTESIAN_POINT('',(32.9963461145339,-32.9963461145341,2.88323029042061));
#5304=CARTESIAN_POINT('',(38.7995922792058,-25.9250587209439,2.92229279042061));
#5305=CARTESIAN_POINT('',(43.1118038094926,-17.85749383626,2.96135529042061));
#5306=CARTESIAN_POINT('',(45.7672396321385,-9.10366998366073,3.00041779042061));
#5307=CARTESIAN_POINT('',(46.6638801839307,-3.81916720471054E-14,3.03948029042061));
#5308=CARTESIAN_POINT('',(45.7672396321385,9.10366998366072,3.07854279042061));
#5309=CARTESIAN_POINT('',(43.1118038094927,17.8574938362598,3.11760529042061));
#5310=CARTESIAN_POINT('',(38.7995922792057,25.925058720944,3.15666779042061));
#5311=CARTESIAN_POINT('',(32.996346114534,32.996346114534,3.19573029042061));
#5312=CARTESIAN_POINT('',(25.9250587209439,38.7995922792058,3.23479279042061));
#5313=CARTESIAN_POINT('',(17.85749383626,43.1118038094926,3.27385529042061));
#5314=CARTESIAN_POINT('',(9.10366998366086,45.7672396321385,3.31291779042061));
#5315=CARTESIAN_POINT('',(1.74971148680925E-13,46.6638801839308,3.35198029042061));
#5316=CARTESIAN_POINT('',(-9.10366998366088,45.7672396321385,3.39104279042061));
#5317=CARTESIAN_POINT('',(-17.8574938362599,43.1118038094927,3.43010529042061));
#5318=CARTESIAN_POINT('',(-25.9250587209438,38.7995922792058,3.46916779042061));
#5319=CARTESIAN_POINT('',(-32.9963461145339,32.996346114534,3.50823029042061));
#5320=CARTESIAN_POINT('',(-38.7995922792057,25.925058720944,3.54729279042061));
#5321=CARTESIAN_POINT('',(-43.1118038094927,17.8574938362598,3.58635529042061));
#5322=CARTESIAN_POINT('',(-45.7672396321385,9.10366998366077,3.62541779042061));
#5323=CARTESIAN_POINT('',(-46.6638801839308,3.37507799486048E-14,3.66448029042061));
#5324=CARTESIAN_POINT('',(-45.7672396321385,-9.10366998366071,3.70354279042061));
#5325=CARTESIAN_POINT('',(-43.1118038094927,-17.8574938362598,3.74260529042061));
#5326=CARTESIAN_POINT('',(-38.7995922792058,-25.925058720944,3.78166779042061));
#5327=CARTESIAN_POINT('',(-32.996346114534,-32.996346114534,3.82073029042061));
#5328=CARTESIAN_POINT('',(-25.9250587209439,-38.7995922792058,3.85979279042061));
#5329=CARTESIAN_POINT('',(-17.8574938362599,-43.1118038094926,3.89885529042061));
#5330=CARTESIAN_POINT('',(-9.10366998366094,-45.7672396321385,3.93791779042061));
#5331=CARTESIAN_POINT('',(1.07469588783715E-13,-46.6638801839308,3.97698029042061));
#5332=CARTESIAN_POINT('',(9.10366998366079,-45.7672396321385,4.01604279042061));
#5333=CARTESIAN_POINT('',(17.8574938362599,-43.1118038094926,4.05510529042061));
#5334=CARTESIAN_POINT('',(25.9250587209438,-38.7995922792058,4.09416779042061));
#5335=CARTESIAN_POINT('',(32.9963461145339,-32.996346114534,4.13323029042061));
#5336=CARTESIAN_POINT('',(38.7995922792057,-25.925058720944,4.17229279042061));
#5337=CARTESIAN_POINT('',(43.1118038094927,-17.8574938362598,4.21135529042061));
#5338=CARTESIAN_POINT('',(45.7672396321385,-9.10366998366078,4.25041779042061));
#5339=CARTESIAN_POINT('',(46.6638801839308,-3.99680288865056E-14,4.28948029042061));
#5340=CARTESIAN_POINT('',(45.7672396321385,9.10366998366071,4.32854279042061));
#5341=CARTESIAN_POINT('',(43.1118038094927,17.8574938362598,4.36760529042061));
#5342=CARTESIAN_POINT('',(38.7995922792058,25.925058720944,4.40666779042061));
#5343=CARTESIAN_POINT('',(32.996346114534,32.996346114534,4.44573029042061));
#5344=CARTESIAN_POINT('',(25.9250587209439,38.7995922792058,4.48479279042061));
#5345=CARTESIAN_POINT('',(17.85749383626,43.1118038094926,4.52385529042061));
#5346=CARTESIAN_POINT('',(9.10366998366087,45.7672396321385,4.56291779042061));
#5347=CARTESIAN_POINT('',(1.85629289717326E-13,46.6638801839308,4.60198029042061));
#5348=CARTESIAN_POINT('',(-9.10366998366086,45.7672396321385,4.64104279042061));
#5349=CARTESIAN_POINT('',(-17.8574938362599,43.1118038094927,4.68010529042061));
#5350=CARTESIAN_POINT('',(-25.9250587209438,38.7995922792058,4.71916779042061));
#5351=CARTESIAN_POINT('',(-32.9963461145339,32.996346114534,4.75823029042061));
#5352=CARTESIAN_POINT('',(-38.7995922792057,25.925058720944,4.79729279042061));
#5353=CARTESIAN_POINT('',(-43.1118038094927,17.8574938362598,4.83635529042061));
#5354=CARTESIAN_POINT('',(-45.7672396321385,9.10366998366079,4.87541779042061));
#5355=CARTESIAN_POINT('',(-46.6638801839308,4.44089209850063E-14,4.91448029042061));
#5356=CARTESIAN_POINT('',(-45.7672396321385,-9.1036699836607,4.95354279042061));
#5357=CARTESIAN_POINT('',(-43.1118038094927,-17.8574938362598,4.99260529042061));
#5358=CARTESIAN_POINT('',(-38.7995922792058,-25.925058720944,5.03166779042061));
#5359=CARTESIAN_POINT('',(-32.996346114534,-32.996346114534,5.07073029042061));
#5360=CARTESIAN_POINT('',(-25.9250587209439,-38.7995922792058,5.10979279042061));
#5361=CARTESIAN_POINT('',(-17.85749383626,-43.1118038094926,5.14885529042061));
#5362=CARTESIAN_POINT('',(-9.10366998366095,-45.7672396321385,5.18791779042061));
#5363=CARTESIAN_POINT('',(9.59232693276135E-14,-46.6638801839308,5.22698029042061));
#5364=CARTESIAN_POINT('',(9.10366998366078,-45.7672396321385,5.26604279042061));
#5365=CARTESIAN_POINT('',(17.8574938362599,-43.1118038094926,5.30510529042061));
#5366=CARTESIAN_POINT('',(25.9250587209438,-38.7995922792058,5.34416779042061));
#5367=CARTESIAN_POINT('',(32.9963461145339,-32.996346114534,5.38323029042061));
#5368=CARTESIAN_POINT('',(38.7995922792057,-25.9250587209441,5.42229279042061));
#5369=CARTESIAN_POINT('',(43.1118038094927,-17.8574938362598,5.46135529042061));
#5370=CARTESIAN_POINT('',(45.7672396321385,-9.1036699836608,5.50041779042061));
#5371=CARTESIAN_POINT('',(46.6638801839308,-5.06261699229071E-14,5.53948029042061));
#5372=CARTESIAN_POINT('',(45.7672396321385,9.10366998366069,5.57854279042061));
#5373=CARTESIAN_POINT('',(43.1118038094927,17.8574938362598,5.61760529042061));
#5374=CARTESIAN_POINT('',(38.7995922792058,25.925058720944,5.65666779042061));
#5375=CARTESIAN_POINT('',(32.996346114534,32.996346114534,5.69573029042061));
#5376=CARTESIAN_POINT('',(25.9250587209439,38.7995922792057,5.73479279042061));
#5377=CARTESIAN_POINT('',(17.85749383626,43.1118038094926,5.77385529042061));
#5378=CARTESIAN_POINT('',(9.10366998366088,45.7672396321385,5.81291779042061));
#5379=CARTESIAN_POINT('',(1.98063787593128E-13,46.6638801839308,5.85198029042061));
#5380=CARTESIAN_POINT('',(-9.10366998366085,45.7672396321385,5.89104279042061));
#5381=CARTESIAN_POINT('',(-17.8574938362599,43.1118038094926,5.93010529042061));
#5382=CARTESIAN_POINT('',(-25.9250587209438,38.7995922792058,5.96916779042061));
#5383=CARTESIAN_POINT('',(-32.9963461145339,32.996346114534,6.00823029042061));
#5384=CARTESIAN_POINT('',(-38.7995922792057,25.925058720944,6.04729279042061));
#5385=CARTESIAN_POINT('',(-43.1118038094927,17.8574938362599,6.08635529042061));
#5386=CARTESIAN_POINT('',(-45.7672396321385,9.1036699836608,6.12541779042061));
#5387=CARTESIAN_POINT('',(-46.6638801839308,5.59552404411079E-14,6.16448029042061));
#5388=CARTESIAN_POINT('',(-45.7672396321385,-9.10366998366069,6.20354279042061));
#5389=CARTESIAN_POINT('',(-43.1118038094927,-17.8574938362598,6.24260529042061));
#5390=CARTESIAN_POINT('',(-38.7995922792059,-25.9250587209437,6.28166779042061));
#5391=CARTESIAN_POINT('',(-32.9963461145341,-32.9963461145339,6.32073029042061));
#5392=CARTESIAN_POINT('',(-25.9250587209442,-38.7995922792056,6.35979279042061));
#5393=CARTESIAN_POINT('',(-17.8574938362597,-43.1118038094927,6.39885529042061));
#5394=CARTESIAN_POINT('',(-9.10366998366072,-45.7672396321385,6.43791779042061));
#5395=CARTESIAN_POINT('',(2.48689957516035E-14,-46.6638801839308,6.47698029042061));
#5396=CARTESIAN_POINT('',(9.10366998366077,-45.7672396321385,6.51604279042061));
#5397=CARTESIAN_POINT('',(17.8574938362599,-43.1118038094926,6.55510529042061));
#5398=CARTESIAN_POINT('',(25.9250587209438,-38.7995922792058,6.59416779042061));
#5399=CARTESIAN_POINT('',(32.9963461145339,-32.9963461145341,6.63323029042061));
#5400=CARTESIAN_POINT('',(38.7995922792057,-25.925058720944,6.67229279042061));
#5401=CARTESIAN_POINT('',(43.1118038094926,-17.8574938362601,6.71135529042061));
#5402=CARTESIAN_POINT('',(45.7672396321385,-9.10366998366097,6.75041779042061));
#5403=CARTESIAN_POINT('',(46.6638801839308,-3.50830475781549E-13,6.78948029042061));
#5404=CARTESIAN_POINT('',(45.7672396321385,9.10366998366101,6.82854279042061));
#5405=CARTESIAN_POINT('',(43.1118038094926,17.8574938362599,6.86760529042061));
#5406=CARTESIAN_POINT('',(38.7995922792058,25.9250587209439,6.90666779042061));
#5407=CARTESIAN_POINT('',(32.996346114534,32.996346114534,6.94573029042061));
#5408=CARTESIAN_POINT('',(25.9250587209439,38.7995922792058,6.98479279042061));
#5409=CARTESIAN_POINT('',(17.85749383626,43.1118038094926,7.02385529042061));
#5410=CARTESIAN_POINT('',(9.10366998366089,45.7672396321385,7.06291779042061));
#5411=CARTESIAN_POINT('',(1.48325796089921E-13,46.6638801839307,7.10198029042061));
#5412=CARTESIAN_POINT('',(-9.1036699836606,45.7672396321385,7.14104279042061));
#5413=CARTESIAN_POINT('',(-17.8574938362596,43.1118038094928,7.18010529042061));
#5414=CARTESIAN_POINT('',(-25.9250587209441,38.7995922792057,7.21916779042061));
#5415=CARTESIAN_POINT('',(-32.996346114534,32.996346114534,7.25823029042061));
#5416=CARTESIAN_POINT('',(-38.7995922792058,25.9250587209439,7.29729279042061));
#5417=CARTESIAN_POINT('',(-43.1118038094926,17.8574938362599,7.33635529042061));
#5418=CARTESIAN_POINT('',(-45.7672396321385,9.10366998366081,7.37541779042061));
#5419=CARTESIAN_POINT('',(-46.6638801839308,6.75015598972095E-14,7.41448029042061));
#5420=CARTESIAN_POINT('',(-45.7672396321385,-9.10366998366068,7.45354279042061));
#5421=CARTESIAN_POINT('',(-43.1118038094927,-17.8574938362598,7.49260529042061));
#5422=CARTESIAN_POINT('',(-38.7995922792059,-25.9250587209437,7.53166779042061));
#5423=CARTESIAN_POINT('',(-32.9963461145341,-32.9963461145339,7.57073029042061));
#5424=CARTESIAN_POINT('',(-25.9250587209442,-38.7995922792056,7.60979279042061));
#5425=CARTESIAN_POINT('',(-17.8574938362597,-43.1118038094927,7.64885529042061));
#5426=CARTESIAN_POINT('',(-9.10366998366073,-45.7672396321385,7.68791779042061));
#5427=CARTESIAN_POINT('',(1.24344978758018E-14,-46.6638801839308,7.72698029042061));
#5428=CARTESIAN_POINT('',(9.10366998366076,-45.7672396321385,7.76604279042061));
#5429=CARTESIAN_POINT('',(17.8574938362599,-43.1118038094927,7.80510529042061));
#5430=CARTESIAN_POINT('',(25.9250587209438,-38.7995922792058,7.84416779042061));
#5431=CARTESIAN_POINT('',(32.9963461145339,-32.9963461145341,7.88323029042061));
#5432=CARTESIAN_POINT('',(38.7995922792057,-25.925058720944,7.92229279042061));
#5433=CARTESIAN_POINT('',(43.1118038094926,-17.85749383626,7.96135529042061));
#5434=CARTESIAN_POINT('',(45.7672396321384,-9.10366998366114,8.00041779042061));
#5435=CARTESIAN_POINT('',(46.6638801839308,2.1316282072803E-13,8.03948029042061));
#5436=CARTESIAN_POINT('',(45.7672396321385,9.10366998366083,8.07854279042061));
#5437=CARTESIAN_POINT('',(43.1118038094926,17.8574938362599,8.11760529042061));
#5438=CARTESIAN_POINT('',(38.7995922792058,25.9250587209439,8.15666779042061));
#5439=CARTESIAN_POINT('',(32.996346114534,32.996346114534,8.19573029042061));
#5440=CARTESIAN_POINT('',(25.9250587209439,38.7995922792058,8.23479279042061));
#5441=CARTESIAN_POINT('',(17.85749383626,43.1118038094926,8.27385529042061));
#5442=CARTESIAN_POINT('',(9.1036699836609,45.7672396321385,8.31291779042061));
#5443=CARTESIAN_POINT('',(1.59872115546023E-13,46.6638801839307,8.35198029042061));
#5444=CARTESIAN_POINT('',(-9.10366998366059,45.7672396321385,8.39104279042061));
#5445=CARTESIAN_POINT('',(-17.8574938362596,43.1118038094928,8.43010529042061));
#5446=CARTESIAN_POINT('',(-25.9250587209441,38.7995922792057,8.46916779042061));
#5447=CARTESIAN_POINT('',(-32.996346114534,32.996346114534,8.50823029042061));
#5448=CARTESIAN_POINT('',(-38.7995922792058,25.9250587209439,8.54729279042061));
#5449=CARTESIAN_POINT('',(-43.1118038094926,17.8574938362599,8.58635529042061));
#5450=CARTESIAN_POINT('',(-45.7672396321385,9.10366998366082,8.62541779042061));
#5451=CARTESIAN_POINT('',(-46.6638801839308,7.99360577730113E-14,8.66448029042061));
#5452=CARTESIAN_POINT('',(-45.7672396321385,-9.10366998366067,8.70354279042061));
#5453=CARTESIAN_POINT('',(-43.1118038094927,-17.8574938362598,8.74260529042061));
#5454=CARTESIAN_POINT('',(-38.7995922792059,-25.9250587209437,8.78166779042061));
#5455=CARTESIAN_POINT('',(-32.9963461145341,-32.9963461145339,8.82073029042061));
#5456=CARTESIAN_POINT('',(-25.9250587209442,-38.7995922792056,8.85979279042061));
#5457=CARTESIAN_POINT('',(-17.8574938362598,-43.1118038094927,8.89885529042061));
#5458=CARTESIAN_POINT('',(-9.10366998366075,-45.7672396321385,8.93791779042061));
#5459=CARTESIAN_POINT('',(8.88178419700125E-16,-46.6638801839308,8.97698029042061));
#5460=CARTESIAN_POINT('',(9.10366998366075,-45.7672396321385,9.01604279042061));
#5461=CARTESIAN_POINT('',(17.8574938362599,-43.1118038094927,9.05510529042061));
#5462=CARTESIAN_POINT('',(25.9250587209438,-38.7995922792058,9.09416779042061));
#5463=CARTESIAN_POINT('',(32.9963461145339,-32.9963461145341,9.13323029042061));
#5464=CARTESIAN_POINT('',(38.7995922792057,-25.925058720944,9.17229279042061));
#5465=CARTESIAN_POINT('',(43.1118038094926,-17.8574938362601,9.21135529042061));
#5466=CARTESIAN_POINT('',(45.7672396321385,-9.10366998366099,9.25041779042061));
#5467=CARTESIAN_POINT('',(46.6638801839308,-3.74811293113453E-13,9.28948029042061));
#5468=CARTESIAN_POINT('',(45.7672396321385,9.10366998366099,9.32854279042061));
#5469=CARTESIAN_POINT('',(43.1118038094926,17.8574938362599,9.36760529042061));
#5470=CARTESIAN_POINT('',(38.7995922792058,25.9250587209439,9.40666779042061));
#5471=CARTESIAN_POINT('',(32.996346114534,32.996346114534,9.44573029042061));
#5472=CARTESIAN_POINT('',(25.9250587209439,38.7995922792058,9.48479279042061));
#5473=CARTESIAN_POINT('',(17.85749383626,43.1118038094926,9.52385529042061));
#5474=CARTESIAN_POINT('',(9.10366998366091,45.7672396321385,9.56291779042061));
#5475=CARTESIAN_POINT('',(1.71418435002124E-13,46.6638801839307,9.60198029042061));
#5476=CARTESIAN_POINT('',(-9.10366998366058,45.7672396321385,9.64104279042061));
#5477=CARTESIAN_POINT('',(-17.8574938362596,43.1118038094928,9.68010529042061));
#5478=CARTESIAN_POINT('',(-25.9250587209441,38.7995922792057,9.71916779042061));
#5479=CARTESIAN_POINT('',(-32.996346114534,32.996346114534,9.75823029042061));
#5480=CARTESIAN_POINT('',(-38.7995922792058,25.9250587209439,9.79729279042061));
#5481=CARTESIAN_POINT('',(-43.1118038094926,17.8574938362599,9.83635529042061));
#5482=CARTESIAN_POINT('',(-45.7672396321385,9.10366998366083,9.87541779042061));
#5483=CARTESIAN_POINT('',(-46.6638801839308,9.14823772291129E-14,9.91448029042061));
#5484=CARTESIAN_POINT('',(-45.7672396321385,-9.10366998366066,9.95354279042061));
#5485=CARTESIAN_POINT('',(-43.1118038094927,-17.8574938362598,9.99260529042061));
#5486=CARTESIAN_POINT('',(-39.7103059416894,-24.2212365610496,10.0234180206236));
#5487=CARTESIAN_POINT('',(-37.2822274668248,-27.5857664928006,10.0412099174933));
#5488=CARTESIAN_POINT('',(-36.599579050176,-28.4634746930593,10.0459809810297));
#5489=CARTESIAN_POINT('',(0.,0.,-0.625));
#5490=CARTESIAN_POINT('',(-47.1496695525343,-12.1901051020392,14.6012193174124));
#5491=CARTESIAN_POINT('',(-46.9989978890109,-12.1225837965442,14.7639957230486));
#5492=CARTESIAN_POINT('',(-46.8482339977029,-12.055325091846,14.9267721286847));
#5493=CARTESIAN_POINT('',(-46.697378554968,-11.9883292034387,15.0895485343208));
#5494=CARTESIAN_POINT('',(-46.4830579049434,-14.5263666415823,16.9175914936189));
#5495=CARTESIAN_POINT('',(-46.7361476617326,-13.7165059654497,16.114625379689));
#5496=CARTESIAN_POINT('',(-46.9680665691097,-12.9000293379189,15.3050996377382));
#5497=CARTESIAN_POINT('',(-47.1784979531702,-12.0780516178195,14.4901196355025));
#5498=CARTESIAN_POINT('',(-46.0873351052788,-14.109535965038,17.2107552959201));
#5499=CARTESIAN_POINT('',(-46.3382702407578,-13.3065698511081,16.4077891819902));
#5500=CARTESIAN_POINT('',(-46.5682147599715,-12.4970441091574,15.5982634400395));
#5501=CARTESIAN_POINT('',(-46.7768546849459,-11.6820641069216,14.7832834378037));
#5502=CARTESIAN_POINT('',(-47.1496695962139,12.1901051214019,14.6012192702767));
#5503=CARTESIAN_POINT('',(-46.9988973404066,12.1234407163938,14.764031034973));
#5504=CARTESIAN_POINT('',(-46.8481324395126,12.0561819616608,14.9268076443801));
#5505=CARTESIAN_POINT('',(-46.697378554968,11.9883292034387,15.0895485343208));
#5506=CARTESIAN_POINT('',(0.,0.,15.1012193308821));
#5507=CARTESIAN_POINT('',(-47.1784979531702,12.0780516178196,14.4901196355026));
#5508=CARTESIAN_POINT('',(-46.9680665691097,12.900029337919,15.3050996377383));
#5509=CARTESIAN_POINT('',(-46.7361476617326,13.7165059654497,16.114625379689));
#5510=CARTESIAN_POINT('',(-46.4830579049435,14.5263666415823,16.9175914936188));
#5511=CARTESIAN_POINT('',(-46.7768546849459,11.6820641069217,14.7832834378038));
#5512=CARTESIAN_POINT('',(-46.5682147599716,12.4970441091574,15.5982634400395));
#5513=CARTESIAN_POINT('',(-46.3382702407578,13.3065698511081,16.4077891819902));
#5514=CARTESIAN_POINT('',(-46.0873351052788,14.109535965038,17.2107552959201));
#5515=CARTESIAN_POINT('',(-12.966491638375,46.4352807204603,15.0895485343208));
#5516=CARTESIAN_POINT('',(-12.9838992201752,46.599423326198,14.9267721129727));
#5517=CARTESIAN_POINT('',(-13.0010334206253,46.7636180542296,14.7639956916247));
#5518=CARTESIAN_POINT('',(-13.0178940881699,46.927864211065,14.6012192702767));
#5519=CARTESIAN_POINT('',(-13.1293494473334,46.8968035487474,14.4901196355026));
#5520=CARTESIAN_POINT('',(-12.3122801683522,47.1255534844472,15.3050996377383));
#5521=CARTESIAN_POINT('',(-11.4892312136258,47.332944132806,16.114625379689));
#5522=CARTESIAN_POINT('',(-10.6613264161745,47.5186923120553,16.9175914936188));
#5523=CARTESIAN_POINT('',(-13.2714630572402,46.3509765197572,14.7832834378038));
#5524=CARTESIAN_POINT('',(-12.4613497092406,46.5777790456036,15.5982634400395));
#5525=CARTESIAN_POINT('',(-11.6453075920869,46.7834041214788,16.4077891819902));
#5526=CARTESIAN_POINT('',(-10.8244509713061,46.9675709764169,17.2107552959201));
#5527=CARTESIAN_POINT('',(-33.7308869165926,34.4469515170218,15.0895485343208));
#5528=CARTESIAN_POINT('',(-33.8650260712021,34.5435818316455,14.9268076443801));
#5529=CARTESIAN_POINT('',(-33.9986563118748,34.6405186884523,14.764031034973));
#5530=CARTESIAN_POINT('',(-34.1317755080436,34.7377590896633,14.6012192702767));
#5531=CARTESIAN_POINT('',(0.,0.,15.1012193308821));
#5532=CARTESIAN_POINT('',(-35.8217314887687,32.9923256704731,16.9175914936189));
#5533=CARTESIAN_POINT('',(-35.2469164481064,33.6164381673564,16.114625379689));
#5534=CARTESIAN_POINT('',(-34.655786400757,34.2255241465283,15.3050996377382));
#5535=CARTESIAN_POINT('',(-34.0491485058364,34.818751930928,14.4901196355025));
#5536=CARTESIAN_POINT('',(-35.2628841339724,32.8580350113789,17.2107552959201));
#5537=CARTESIAN_POINT('',(-34.6929626486705,33.4768342703708,16.4077891819903));
#5538=CARTESIAN_POINT('',(-34.1068650507306,34.0807349364463,15.5982634400395));
#5539=CARTESIAN_POINT('',(-33.5053916277053,34.6689124128357,14.7832834378037));
#5540=CARTESIAN_POINT('',(33.7308869165928,34.4469515170215,15.0895485343208));
#5541=CARTESIAN_POINT('',(33.8643347792702,34.5440982185255,14.9267721286847));
#5542=CARTESIAN_POINT('',(33.9979644718184,34.6410342260224,14.7639957230486));
#5543=CARTESIAN_POINT('',(34.1317754694355,34.7377590615167,14.6012193174125));
#5544=CARTESIAN_POINT('',(34.0491485058367,34.8187519309276,14.4901196355026));
#5545=CARTESIAN_POINT('',(34.6557864007573,34.225524146528,15.3050996377383));
#5546=CARTESIAN_POINT('',(35.2469164481067,33.6164381673561,16.114625379689));
#5547=CARTESIAN_POINT('',(35.8217314887689,32.9923256704728,16.9175914936188));
#5548=CARTESIAN_POINT('',(33.5053916277056,34.6689124128353,14.7832834378038));
#5549=CARTESIAN_POINT('',(34.1068650507309,34.080734936446,15.5982634400395));
#5550=CARTESIAN_POINT('',(34.6929626486707,33.4768342703705,16.4077891819902));
#5551=CARTESIAN_POINT('',(35.2628841339726,32.8580350113787,17.2107552959201));
#5552=CARTESIAN_POINT('',(12.9664916383754,46.4352807204602,15.0895485343208));
#5553=CARTESIAN_POINT('',(12.9831063683105,46.5997637933061,14.9268076443801));
#5554=CARTESIAN_POINT('',(13.0002410285318,46.7639594048459,14.764031034973));
#5555=CARTESIAN_POINT('',(13.0178940881703,46.9278642110649,14.6012192702767));
#5556=CARTESIAN_POINT('',(0.,0.,15.1012193308821));
#5557=CARTESIAN_POINT('',(10.6613264161748,47.5186923120552,16.9175914936189));
#5558=CARTESIAN_POINT('',(11.4892312136262,47.3329441328059,16.114625379689));
#5559=CARTESIAN_POINT('',(12.3122801683527,47.125553484447,15.3050996377382));
#5560=CARTESIAN_POINT('',(13.1293494473339,46.8968035487473,14.4901196355025));
#5561=CARTESIAN_POINT('',(10.8244509713064,46.9675709764168,17.2107552959201));
#5562=CARTESIAN_POINT('',(11.6453075920873,46.7834041214787,16.4077891819903));
#5563=CARTESIAN_POINT('',(12.461349709241,46.5777790456035,15.5982634400395));
#5564=CARTESIAN_POINT('',(13.2714630572406,46.3509765197571,14.7832834378037));
#5565=CARTESIAN_POINT('',(46.6973785549679,-11.9883292034388,15.0895485343208));
#5566=CARTESIAN_POINT('',(46.8482339977029,-12.0553250918461,14.9267721286847));
#5567=CARTESIAN_POINT('',(46.9989978890109,-12.1225837965443,14.7639957230486));
#5568=CARTESIAN_POINT('',(47.1496695525343,-12.1901051020392,14.6012193174125));
#5569=CARTESIAN_POINT('',(47.1784979531702,-12.0780516178197,14.4901196355026));
#5570=CARTESIAN_POINT('',(46.9680665691096,-12.9000293379191,15.3050996377383));
#5571=CARTESIAN_POINT('',(46.7361476617325,-13.7165059654498,16.114625379689));
#5572=CARTESIAN_POINT('',(46.4830579049434,-14.5263666415823,16.9175914936188));
#5573=CARTESIAN_POINT('',(46.7768546849459,-11.6820641069218,14.7832834378038));
#5574=CARTESIAN_POINT('',(46.5682147599715,-12.4970441091575,15.5982634400395));
#5575=CARTESIAN_POINT('',(46.3382702407577,-13.3065698511082,16.4077891819902));
#5576=CARTESIAN_POINT('',(46.0873351052788,-14.1095359650381,17.2107552959201));
#5577=CARTESIAN_POINT('',(46.697378554968,11.9883292034385,15.0895485343208));
#5578=CARTESIAN_POINT('',(46.8481324395126,12.0561819616607,14.9268076443801));
#5579=CARTESIAN_POINT('',(46.9988973404066,12.1234407163937,14.764031034973));
#5580=CARTESIAN_POINT('',(47.149669596214,12.1901051214017,14.6012192702767));
#5581=CARTESIAN_POINT('',(0.,0.,15.1012193308821));
#5582=CARTESIAN_POINT('',(46.4830579049435,14.5263666415822,16.9175914936189));
#5583=CARTESIAN_POINT('',(46.7361476617326,13.7165059654496,16.114625379689));
#5584=CARTESIAN_POINT('',(46.9680665691097,12.9000293379188,15.3050996377382));
#5585=CARTESIAN_POINT('',(47.1784979531703,12.0780516178194,14.4901196355025));
#5586=CARTESIAN_POINT('',(46.0873351052788,14.1095359650379,17.2107552959201));
#5587=CARTESIAN_POINT('',(46.3382702407578,13.306569851108,16.4077891819902));
#5588=CARTESIAN_POINT('',(46.5682147599716,12.4970441091572,15.5982634400395));
#5589=CARTESIAN_POINT('',(46.7768546849459,11.6820641069215,14.7832834378037));
#5590=CARTESIAN_POINT('',(12.9664916383751,-46.4352807204603,15.0895485343208));
#5591=CARTESIAN_POINT('',(12.9838992184328,-46.5994233103715,14.9267721286847));
#5592=CARTESIAN_POINT('',(13.0010334171925,-46.7636180225667,14.7639957230486));
#5593=CARTESIAN_POINT('',(13.0178940830989,-46.927864163556,14.6012193174125));
#5594=CARTESIAN_POINT('',(13.1293494473335,-46.8968035487474,14.4901196355026));
#5595=CARTESIAN_POINT('',(12.3122801683524,-47.1255534844471,15.3050996377383));
#5596=CARTESIAN_POINT('',(11.489231213626,-47.3329441328059,16.114625379689));
#5597=CARTESIAN_POINT('',(10.6613264161746,-47.5186923120552,16.9175914936188));
#5598=CARTESIAN_POINT('',(13.2714630572403,-46.3509765197572,14.7832834378038));
#5599=CARTESIAN_POINT('',(12.4613497092407,-46.5777790456035,15.5982634400395));
#5600=CARTESIAN_POINT('',(11.645307592087,-46.7834041214788,16.4077891819902));
#5601=CARTESIAN_POINT('',(10.8244509713063,-46.9675709764168,17.2107552959201));
#5602=CARTESIAN_POINT('',(33.7308869165927,-34.4469515170217,15.0895485343208));
#5603=CARTESIAN_POINT('',(33.8650260712022,-34.5435818316454,14.9268076443801));
#5604=CARTESIAN_POINT('',(33.9986563118749,-34.6405186884522,14.764031034973));
#5605=CARTESIAN_POINT('',(34.1317755080437,-34.7377590896632,14.6012192702767));
#5606=CARTESIAN_POINT('',(0.,0.,15.1012193308821));
#5607=CARTESIAN_POINT('',(35.8217314887688,-32.992325670473,16.9175914936189));
#5608=CARTESIAN_POINT('',(35.2469164481065,-33.6164381673563,16.114625379689));
#5609=CARTESIAN_POINT('',(34.6557864007571,-34.2255241465282,15.3050996377382));
#5610=CARTESIAN_POINT('',(34.0491485058365,-34.8187519309279,14.4901196355025));
#5611=CARTESIAN_POINT('',(35.2628841339724,-32.8580350113788,17.2107552959201));
#5612=CARTESIAN_POINT('',(34.6929626486706,-33.4768342703707,16.4077891819903));
#5613=CARTESIAN_POINT('',(34.1068650507307,-34.0807349364462,15.5982634400395));
#5614=CARTESIAN_POINT('',(33.5053916277054,-34.6689124128356,14.7832834378037));
#5615=CARTESIAN_POINT('',(-13.0178940881702,-46.927864211065,14.6012192702766));
#5616=CARTESIAN_POINT('',(-13.0010334206255,-46.7636180542296,14.7639956916247));
#5617=CARTESIAN_POINT('',(-12.9838992201755,-46.599423326198,14.9267721129727));
#5618=CARTESIAN_POINT('',(-12.9664916383753,-46.4352807204603,15.0895485343208));
#5619=CARTESIAN_POINT('',(-10.6613264161746,-47.5186923120552,16.9175914936189));
#5620=CARTESIAN_POINT('',(-11.489231213626,-47.3329441328059,16.114625379689));
#5621=CARTESIAN_POINT('',(-12.3122801683525,-47.125553484447,15.3050996377382));
#5622=CARTESIAN_POINT('',(-13.1293494473337,-46.8968035487473,14.4901196355025));
#5623=CARTESIAN_POINT('',(-10.8244509713063,-46.9675709764168,17.2107552959201));
#5624=CARTESIAN_POINT('',(-11.6453075920872,-46.7834041214787,16.4077891819903));
#5625=CARTESIAN_POINT('',(-12.4613497092409,-46.5777790456035,15.5982634400395));
#5626=CARTESIAN_POINT('',(-13.2714630572405,-46.3509765197571,14.7832834378038));
#5627=CARTESIAN_POINT('',(-34.1317755080438,-34.7377590896631,14.6012192702767));
#5628=CARTESIAN_POINT('',(-33.998656311875,-34.6405186884521,14.764031034973));
#5629=CARTESIAN_POINT('',(-33.8650260712023,-34.5435818316453,14.9268076443801));
#5630=CARTESIAN_POINT('',(-33.7308869165928,-34.4469515170216,15.0895485343208));
#5631=CARTESIAN_POINT('',(0.,0.,15.1012193308821));
#5632=CARTESIAN_POINT('',(-34.0491485058366,-34.8187519309277,14.4901196355026));
#5633=CARTESIAN_POINT('',(-34.6557864007573,-34.2255241465281,15.3050996377383));
#5634=CARTESIAN_POINT('',(-35.2469164481065,-33.6164381673562,16.114625379689));
#5635=CARTESIAN_POINT('',(-35.8217314887688,-32.992325670473,16.9175914936188));
#5636=CARTESIAN_POINT('',(-33.5053916277056,-34.6689124128354,14.7832834378038));
#5637=CARTESIAN_POINT('',(-34.1068650507308,-34.0807349364461,15.5982634400395));
#5638=CARTESIAN_POINT('',(-34.6929626486707,-33.4768342703706,16.4077891819903));
#5639=CARTESIAN_POINT('',(-35.2628841339725,-32.8580350113788,17.2107552959201));
#5640=MECHANICAL_DESIGN_GEOMETRIC_PRESENTATION_REPRESENTATION('',(#24),
#5641);
#5641=(
GEOMETRIC_REPRESENTATION_CONTEXT(3)
GLOBAL_UNCERTAINTY_ASSIGNED_CONTEXT((#5642))
GLOBAL_UNIT_ASSIGNED_CONTEXT((#5648,#5644,#5643))
REPRESENTATION_CONTEXT('\X2\73BB7483538B73AF\X0\',
'TOP_LEVEL_ASSEMBLY_PART')
);
#5642=UNCERTAINTY_MEASURE_WITH_UNIT(LENGTH_MEASURE(0.0508),#5648,
'DISTANCE_ACCURACY_VALUE','Maximum Tolerance applied to model');
#5643=(
NAMED_UNIT(*)
SI_UNIT($,.STERADIAN.)
SOLID_ANGLE_UNIT()
);
#5644=(
CONVERSION_BASED_UNIT('DEGREE',#5646)
NAMED_UNIT(#5645)
PLANE_ANGLE_UNIT()
);
#5645=DIMENSIONAL_EXPONENTS(0.,0.,0.,0.,0.,0.,0.);
#5646=PLANE_ANGLE_MEASURE_WITH_UNIT(PLANE_ANGLE_MEASURE(0.0174532925),#5647);
#5647=(
NAMED_UNIT(*)
PLANE_ANGLE_UNIT()
SI_UNIT($,.RADIAN.)
);
#5648=(
LENGTH_UNIT()
NAMED_UNIT(*)
SI_UNIT(.MILLI.,.METRE.)
);
ENDSEC;
END-ISO-10303-21;
