ISO-10303-21;
HEADER;
FILE_DESCRIPTION (( 'STEP AP203' ),
    '1' );
FILE_NAME ('40风扇不锈钢夹片.STEP',
    '2025-08-11T06:04:40',
    ( 'Microsoft' ),
    ( 'Microsoft' ),
    'SwSTEP 2.0',
    'SolidWorks 2020',
    '' );
FILE_SCHEMA (( 'CONFIG_CONTROL_DESIGN' ));
ENDSEC;

DATA;
#1 = DIRECTION ( 'NONE',  ( 1.000000000000000000, 0.000000000000000000, 0.000000000000000000 ) ) ;
#2 = LINE ( 'NONE', #1063, #398 ) ;
#3 = AXIS2_PLACEMENT_3D ( 'NONE', #3232, #1677, #324 ) ;
#4 = CARTESIAN_POINT ( 'NONE',  ( 0.000000000000000000, 0.000000000000000000, -1.000000000000000000 ) ) ;
#5 = DIRECTION ( 'NONE',  ( 0.000000000000000000, 0.000000000000000000, 1.000000000000000000 ) ) ;
#6 = EDGE_CURVE ( 'NONE', #1905, #2757, #1810, .T. ) ;
#7 = VERTEX_POINT ( 'NONE', #1327 ) ;
#8 = CARTESIAN_POINT ( 'NONE',  ( -11.54390249418308478, 13.66522283772208546, -1.000000000000000000 ) ) ;
#9 = CARTESIAN_POINT ( 'NONE',  ( -19.99999999999999645, -18.00000000000000000, 0.000000000000000000 ) ) ;
#10 = ADVANCED_FACE ( 'NONE', ( #1865 ), #224, .F. ) ;
#11 = EDGE_LOOP ( 'NONE', ( #1601, #1982, #1773, #3420 ) ) ;
#12 = DIRECTION ( 'NONE',  ( 0.000000000000000000, 1.000000000000000000, 0.000000000000000000 ) ) ;
#13 = VERTEX_POINT ( 'NONE', #2899 ) ;
#14 = ORIENTED_EDGE ( 'NONE', *, *, #3405, .T. ) ;
#15 = CIRCLE ( 'NONE', #1801, 0.9999999999999991118 ) ;
#16 = CARTESIAN_POINT ( 'NONE',  ( -18.00000000000000355, 15.99999999999999645, -1.000000000000000000 ) ) ;
#17 = DIRECTION ( 'NONE',  ( 1.000000000000000000, 0.000000000000000000, 0.000000000000000000 ) ) ;
#18 = CARTESIAN_POINT ( 'NONE',  ( 0.000000000000000000, 0.000000000000000000, -1.000000000000000000 ) ) ;
#19 = CARTESIAN_POINT ( 'NONE',  ( 0.000000000000000000, 0.000000000000000000, -1.000000000000000000 ) ) ;
#20 = DIRECTION ( 'NONE',  ( -1.000000000000000000, 0.000000000000000000, 0.000000000000000000 ) ) ;
#21 = DIRECTION ( 'NONE',  ( -1.000000000000000000, 0.000000000000000000, 0.000000000000000000 ) ) ;
#22 = DIRECTION ( 'NONE',  ( 0.000000000000000000, 0.000000000000000000, 1.000000000000000000 ) ) ;
#23 = CARTESIAN_POINT ( 'NONE',  ( 20.00000000000000000, 15.25000000000001421, 0.000000000000000000 ) ) ;
#24 = CARTESIAN_POINT ( 'NONE',  ( 10.83679571299646760, -14.37232961890862448, -1.000000000000000000 ) ) ;
#25 = ORIENTED_EDGE ( 'NONE', *, *, #1546, .F. ) ;
#26 = ADVANCED_FACE ( 'NONE', ( #1575 ), #2639, .F. ) ;
#27 = DIRECTION ( 'NONE',  ( -1.000000000000000000, 0.000000000000000000, 0.000000000000000000 ) ) ;
#28 = ORIENTED_EDGE ( 'NONE', *, *, #263, .F. ) ;
#29 = EDGE_CURVE ( 'NONE', #1888, #456, #134, .T. ) ;
#30 = VERTEX_POINT ( 'NONE', #2915 ) ;
#31 = CARTESIAN_POINT ( 'NONE',  ( 7.005579185137650988, -3.862882379858099569, -1.000000000000000000 ) ) ;
#32 = CARTESIAN_POINT ( 'NONE',  ( 0.000000000000000000, 0.000000000000000000, -1.000000000000000000 ) ) ;
#33 = VECTOR ( 'NONE', #1451, 1000.000000000000000 ) ;
#34 = ORIENTED_EDGE ( 'NONE', *, *, #3007, .T. ) ;
#35 = AXIS2_PLACEMENT_3D ( 'NONE', #1154, #2271, #922 ) ;
#36 = CARTESIAN_POINT ( 'NONE',  ( 11.83679571299646760, -14.37232961890862448, 0.000000000000000000 ) ) ;
#37 = CARTESIAN_POINT ( 'NONE',  ( 2.638888888873515359, 18.81585144052603908, -1.000000000000000000 ) ) ;
#38 = DIRECTION ( 'NONE',  ( 0.000000000000000000, 0.000000000000000000, 1.000000000000000000 ) ) ;
#39 = DIRECTION ( 'NONE',  ( 1.000000000000000000, 0.000000000000000000, 0.000000000000000000 ) ) ;
#40 = AXIS2_PLACEMENT_3D ( 'NONE', #325, #1087, #3003 ) ;
#41 = CYLINDRICAL_SURFACE ( 'NONE', #1443, 0.9999999999999974465 ) ;
#42 = CYLINDRICAL_SURFACE ( 'NONE', #3108, 1.000000000000000888 ) ;
#43 = AXIS2_PLACEMENT_3D ( 'NONE', #1190, #1208, #617 ) ;
#44 = ORIENTED_EDGE ( 'NONE', *, *, #327, .F. ) ;
#45 = CARTESIAN_POINT ( 'NONE',  ( 16.00000000000000000, 15.99999999999999645, 0.000000000000000000 ) ) ;
#46 = ORIENTED_EDGE ( 'NONE', *, *, #1417, .T. ) ;
#47 = EDGE_CURVE ( 'NONE', #561, #1183, #1195, .T. ) ;
#48 = VERTEX_POINT ( 'NONE', #3471 ) ;
#49 = COORDINATED_UNIVERSAL_TIME_OFFSET ( 8, 0, .AHEAD. ) ;
#50 = CARTESIAN_POINT ( 'NONE',  ( 1.500000000005085266, -8.645808232884196087, 0.000000000000000000 ) ) ;
#51 = LINE ( 'NONE', #1041, #894 ) ;
#52 = EDGE_CURVE ( 'NONE', #2732, #275, #1061, .T. ) ;
#53 = EDGE_LOOP ( 'NONE', ( #2172, #1000, #3372, #619, #1425, #2503, #812, #453, #374 ) ) ;
#54 = AXIS2_PLACEMENT_3D ( 'NONE', #2152, #3229, #1387 ) ;
#55 = DIRECTION ( 'NONE',  ( 0.000000000000000000, 0.000000000000000000, 1.000000000000000000 ) ) ;
#56 = DIRECTION ( 'NONE',  ( 0.000000000000000000, 0.000000000000000000, 1.000000000000000000 ) ) ;
#57 = LINE ( 'NONE', #2978, #1428 ) ;
#58 = DIRECTION ( 'NONE',  ( 1.000000000000000000, 0.000000000000000000, 0.000000000000000000 ) ) ;
#59 = CIRCLE ( 'NONE', #613, 0.9999999999999991118 ) ;
#60 = ORIENTED_EDGE ( 'NONE', *, *, #2785, .F. ) ;
#61 = CIRCLE ( 'NONE', #390, 7.999999999990755839 ) ;
#62 = DIRECTION ( 'NONE',  ( 0.000000000000000000, 0.000000000000000000, 1.000000000000000000 ) ) ;
#63 = CARTESIAN_POINT ( 'NONE',  ( -7.005579185137631448, 3.862882379858151083, -1.000000000000000000 ) ) ;
#64 = VERTEX_POINT ( 'NONE', #797 ) ;
#65 = LINE ( 'NONE', #3274, #3013 ) ;
#66 = ORIENTED_EDGE ( 'NONE', *, *, #2089, .F. ) ;
#67 = LINE ( 'NONE', #1131, #1275 ) ;
#68 = VERTEX_POINT ( 'NONE', #2936 ) ;
#69 = APPROVAL ( #312, '未指定' ) ;
#70 = EDGE_LOOP ( 'NONE', ( #1097, #2474, #2563, #982 ) ) ;
#71 = EDGE_CURVE ( 'NONE', #1711, #2198, #2514, .T. ) ;
#72 = CYLINDRICAL_SURFACE ( 'NONE', #1665, 2.000000000000001776 ) ;
#73 = LINE ( 'NONE', #1152, #1292 ) ;
#74 = CYLINDRICAL_SURFACE ( 'NONE', #2308, 7.999999999990764721 ) ;
#75 = DIRECTION ( 'NONE',  ( 0.000000000000000000, 0.000000000000000000, 1.000000000000000000 ) ) ;
#76 = ORIENTED_EDGE ( 'NONE', *, *, #2702, .F. ) ;
#77 = VECTOR ( 'NONE', #785, 1000.000000000000000 ) ;
#78 = EDGE_LOOP ( 'NONE', ( #1133, #2529, #1860, #1193 ) ) ;
#79 = CARTESIAN_POINT ( 'NONE',  ( 0.000000000000000000, 0.000000000000000000, 0.000000000000000000 ) ) ;
#80 = CARTESIAN_POINT ( 'NONE',  ( 17.99999999999998579, -20.00000000000000355, 0.000000000000000000 ) ) ;
#81 = ORIENTED_EDGE ( 'NONE', *, *, #405, .F. ) ;
#82 = EDGE_LOOP ( 'NONE', ( #151, #2926, #293, #3014 ) ) ;
#83 = EDGE_LOOP ( 'NONE', ( #2263, #2305 ) ) ;
#84 = VERTEX_POINT ( 'NONE', #2744 ) ;
#85 = VECTOR ( 'NONE', #337, 1000.000000000000000 ) ;
#86 = DIRECTION ( 'NONE',  ( 0.000000000000000000, 0.000000000000000000, 1.000000000000000000 ) ) ;
#87 = DIRECTION ( 'NONE',  ( 0.000000000000000000, 0.000000000000000000, 1.000000000000000000 ) ) ;
#88 = DIRECTION ( 'NONE',  ( 0.000000000000000000, 0.000000000000000000, 1.000000000000000000 ) ) ;
#89 = CARTESIAN_POINT ( 'NONE',  ( 26.25000000000000000, 1.249110811708009910E-14, -1.000000000000000000 ) ) ;
#90 = EDGE_CURVE ( 'NONE', #1761, #1565, #2403, .T. ) ;
#91 = AXIS2_PLACEMENT_3D ( 'NONE', #2353, #3134, #726 ) ;
#92 = ADVANCED_FACE ( 'NONE', ( #2471 ), #2724, .F. ) ;
#93 = CARTESIAN_POINT ( 'NONE',  ( -7.881276583270983238, -4.345742677358855666, 0.000000000000000000 ) ) ;
#94 = CARTESIAN_POINT ( 'NONE',  ( -7.685162873673861306, -2.222222222226468258, -1.000000000000000000 ) ) ;
#95 = EDGE_CURVE ( 'NONE', #1607, #2050, #1512, .T. ) ;
#96 = VECTOR ( 'NONE', #1832, 1000.000000000000000 ) ;
#97 = VECTOR ( 'NONE', #2976, 1000.000000000000000 ) ;
#98 = EDGE_LOOP ( 'NONE', ( #502, #849, #1812, #2143 ) ) ;
#99 = VECTOR ( 'NONE', #183, 1000.000000000000000 ) ;
#100 = ORIENTED_EDGE ( 'NONE', *, *, #1563, .T. ) ;
#101 = CIRCLE ( 'NONE', #1774, 0.9999999999999991118 ) ;
#102 = AXIS2_PLACEMENT_3D ( 'NONE', #328, #126, #1917 ) ;
#103 = EDGE_LOOP ( 'NONE', ( #491, #1551, #803, #1877 ) ) ;
#104 = VERTEX_POINT ( 'NONE', #896 ) ;
#105 = CARTESIAN_POINT ( 'NONE',  ( 11.43883991925753207, 15.17079237552759885, -1.000000000000000000 ) ) ;
#106 = CARTESIAN_POINT ( 'NONE',  ( -7.174169802094286119, 5.052849458527515658, -1.000000000000000000 ) ) ;
#107 = LINE ( 'NONE', #2755, #85 ) ;
#108 = CYLINDRICAL_SURFACE ( 'NONE', #1379, 7.999999999990757615 ) ;
#109 = CARTESIAN_POINT ( 'NONE',  ( 11.54390249416717396, 13.66522283773407942, -1.000000000000000000 ) ) ;
#110 = EDGE_CURVE ( 'NONE', #3390, #1231, #2226, .T. ) ;
#111 = LINE ( 'NONE', #1737, #2495 ) ;
#112 = AXIS2_PLACEMENT_3D ( 'NONE', #2318, #992, #2867 ) ;
#113 = VERTEX_POINT ( 'NONE', #559 ) ;
#114 = AXIS2_PLACEMENT_3D ( 'NONE', #569, #835, #2110 ) ;
#115 = EDGE_CURVE ( 'NONE', #1928, #2446, #2689, .T. ) ;
#116 = ORIENTED_EDGE ( 'NONE', *, *, #2369, .T. ) ;
#117 = VECTOR ( 'NONE', #1949, 1000.000000000000000 ) ;
#118 = ORIENTED_EDGE ( 'NONE', *, *, #3148, .F. ) ;
#119 = VERTEX_POINT ( 'NONE', #3287 ) ;
#120 = DIRECTION ( 'NONE',  ( 0.7071067811865465735, -0.7071067811865484609, 0.000000000000000000 ) ) ;
#121 = CARTESIAN_POINT ( 'NONE',  ( -7.881276583280840242, 4.345742677340973081, -1.000000000000000000 ) ) ;
#122 = DIRECTION ( 'NONE',  ( -1.000000000000000000, 0.000000000000000000, 0.000000000000000000 ) ) ;
#123 = DIRECTION ( 'NONE',  ( 0.000000000000000000, 0.000000000000000000, 1.000000000000000000 ) ) ;
#124 = CARTESIAN_POINT ( 'NONE',  ( -13.99999999999998934, -15.99999999999999645, -1.000000000000000000 ) ) ;
#125 = FACE_OUTER_BOUND ( 'NONE', #2034, .T. ) ;
#126 = DIRECTION ( 'NONE',  ( 0.000000000000000000, 0.000000000000000000, 1.000000000000000000 ) ) ;
#127 = EDGE_LOOP ( 'NONE', ( #2259, #863, #2860, #1113, #2842, #2614, #2792, #1614, #199 ) ) ;
#128 = ORIENTED_EDGE ( 'NONE', *, *, #1545, .T. ) ;
#129 = ADVANCED_FACE ( 'NONE', ( #3252 ), #880, .F. ) ;
#130 = EDGE_CURVE ( 'NONE', #2116, #1565, #3022, .T. ) ;
#131 = ORIENTED_EDGE ( 'NONE', *, *, #211, .T. ) ;
#132 = ORIENTED_EDGE ( 'NONE', *, *, #1952, .F. ) ;
#133 = VERTEX_POINT ( 'NONE', #616 ) ;
#134 = CIRCLE ( 'NONE', #2711, 1.999999999999998224 ) ;
#135 = VECTOR ( 'NONE', #2316, 1000.000000000000000 ) ;
#136 = DIRECTION ( 'NONE',  ( 0.000000000000000000, 0.000000000000000000, 1.000000000000000000 ) ) ;
#137 = DIRECTION ( 'NONE',  ( 0.000000000000000000, 0.000000000000000000, 1.000000000000000000 ) ) ;
#138 = DIRECTION ( 'NONE',  ( 6.992006517994754656E-15, 1.000000000000000000, 0.000000000000000000 ) ) ;
#139 = DIRECTION ( 'NONE',  ( -0.7071067811865510144, -0.7071067811865441310, 0.000000000000000000 ) ) ;
#140 = CARTESIAN_POINT ( 'NONE',  ( 0.000000000000000000, 0.000000000000000000, -1.000000000000000000 ) ) ;
#141 = CARTESIAN_POINT ( 'NONE',  ( 7.685162873678919482, -2.222222222208944498, -1.000000000000000000 ) ) ;
#142 = DIRECTION ( 'NONE',  ( 0.000000000000000000, 0.000000000000000000, 1.000000000000000000 ) ) ;
#143 = AXIS2_PLACEMENT_3D ( 'NONE', #2580, #185, #1485 ) ;
#144 = ORIENTED_EDGE ( 'NONE', *, *, #838, .T. ) ;
#145 = VECTOR ( 'NONE', #1690, 1000.000000000000000 ) ;
#146 = CIRCLE ( 'NONE', #2098, 1.000000000000000888 ) ;
#147 = CIRCLE ( 'NONE', #1035, 0.9999999999999986677 ) ;
#148 = CIRCLE ( 'NONE', #596, 7.999999999990776267 ) ;
#149 = ORIENTED_EDGE ( 'NONE', *, *, #2784, .T. ) ;
#150 = EDGE_CURVE ( 'NONE', #3358, #3314, #1965, .T. ) ;
#151 = ORIENTED_EDGE ( 'NONE', *, *, #2280, .T. ) ;
#152 = ORIENTED_EDGE ( 'NONE', *, *, #699, .T. ) ;
#153 = EDGE_CURVE ( 'NONE', #30, #1364, #997, .T. ) ;
#154 = LINE ( 'NONE', #2281, #1492 ) ;
#155 = DIRECTION ( 'NONE',  ( 0.000000000000000000, 0.000000000000000000, -1.000000000000000000 ) ) ;
#156 = CARTESIAN_POINT ( 'NONE',  ( -2.222222222226478916, 7.685162873673899497, 0.000000000000000000 ) ) ;
#157 = DIRECTION ( 'NONE',  ( -1.000000000000000000, 0.000000000000000000, 0.000000000000000000 ) ) ;
#158 = AXIS2_PLACEMENT_3D ( 'NONE', #2699, #56, #2189 ) ;
#159 = LINE ( 'NONE', #970, #2779 ) ;
#160 = CYLINDRICAL_SURFACE ( 'NONE', #1669, 2.000000000000000000 ) ;
#161 = DIRECTION ( 'NONE',  ( 0.000000000000000000, 0.000000000000000000, 1.000000000000000000 ) ) ;
#162 = ORIENTED_EDGE ( 'NONE', *, *, #1475, .T. ) ;
#163 = AXIS2_PLACEMENT_3D ( 'NONE', #1926, #1596, #58 ) ;
#164 = CIRCLE ( 'NONE', #2333, 1.999999999999998224 ) ;
#165 = VERTEX_POINT ( 'NONE', #2758 ) ;
#166 = ORIENTED_EDGE ( 'NONE', *, *, #1400, .F. ) ;
#167 = ORIENTED_EDGE ( 'NONE', *, *, #2789, .F. ) ;
#168 = EDGE_CURVE ( 'NONE', #2513, #3357, #2062, .T. ) ;
#169 = LINE ( 'NONE', #2876, #1939 ) ;
#170 = CARTESIAN_POINT ( 'NONE',  ( 17.82554346997167016, -1.499999999985416554, -1.000000000000000000 ) ) ;
#171 = DIRECTION ( 'NONE',  ( 0.000000000000000000, 0.000000000000000000, 1.000000000000000000 ) ) ;
#172 = CARTESIAN_POINT ( 'NONE',  ( -2.500000000004933831, 17.82554346996894168, -1.000000000000000000 ) ) ;
#173 = EDGE_CURVE ( 'NONE', #1129, #2266, #439, .T. ) ;
#174 = LINE ( 'NONE', #909, #3237 ) ;
#175 = DIRECTION ( 'NONE',  ( 0.000000000000000000, 0.000000000000000000, 1.000000000000000000 ) ) ;
#176 = DIRECTION ( 'NONE',  ( 0.000000000000000000, 0.000000000000000000, 1.000000000000000000 ) ) ;
#177 = EDGE_CURVE ( 'NONE', #1971, #3344, #1174, .T. ) ;
#178 = EDGE_LOOP ( 'NONE', ( #3442, #361, #2576, #858 ) ) ;
#179 = CIRCLE ( 'NONE', #730, 18.99999999999380051 ) ;
#180 = ORIENTED_EDGE ( 'NONE', *, *, #2790, .T. ) ;
#181 = ORIENTED_EDGE ( 'NONE', *, *, #2288, .F. ) ;
#182 = ORIENTED_EDGE ( 'NONE', *, *, #2821, .F. ) ;
#183 = DIRECTION ( 'NONE',  ( -1.000000000000000000, 0.000000000000000000, 0.000000000000000000 ) ) ;
#184 = CARTESIAN_POINT ( 'NONE',  ( 17.99999999999998579, 20.00000000000000000, -1.000000000000000000 ) ) ;
#185 = DIRECTION ( 'NONE',  ( 0.000000000000000000, 0.000000000000000000, 1.000000000000000000 ) ) ;
#186 = DIRECTION ( 'NONE',  ( 0.000000000000000000, 0.000000000000000000, 1.000000000000000000 ) ) ;
#187 = DIRECTION ( 'NONE',  ( -0.000000000000000000, -0.000000000000000000, -1.000000000000000000 ) ) ;
#188 = CARTESIAN_POINT ( 'NONE',  ( -6.881276583280839354, 4.345742677340973081, 0.000000000000000000 ) ) ;
#189 = FACE_OUTER_BOUND ( 'NONE', #649, .T. ) ;
#190 = PRODUCT_DEFINITION_SHAPE ( 'NONE', 'NONE',  #1954 ) ;
#191 = EDGE_CURVE ( 'NONE', #427, #718, #825, .T. ) ;
#192 = VERTEX_POINT ( 'NONE', #1391 ) ;
#193 = EDGE_CURVE ( 'NONE', #787, #912, #1107, .T. ) ;
#194 = ADVANCED_FACE ( 'NONE', ( #1370 ), #41, .F. ) ;
#195 = EDGE_CURVE ( 'NONE', #2111, #297, #1264, .T. ) ;
#196 = VECTOR ( 'NONE', #1382, 1000.000000000000000 ) ;
#197 = VERTEX_POINT ( 'NONE', #2555 ) ;
#198 = CIRCLE ( 'NONE', #2158, 7.999999999990774491 ) ;
#199 = ORIENTED_EDGE ( 'NONE', *, *, #3307, .T. ) ;
#200 = VERTEX_POINT ( 'NONE', #1224 ) ;
#201 = EDGE_LOOP ( 'NONE', ( #1936, #2523, #1276, #2293 ) ) ;
#202 = DIRECTION ( 'NONE',  ( 0.000000000000000000, 0.000000000000000000, 1.000000000000000000 ) ) ;
#203 = LINE ( 'NONE', #2831, #1984 ) ;
#204 = CARTESIAN_POINT ( 'NONE',  ( 20.00000000000000000, 15.25000000000001421, -1.000000000000000000 ) ) ;
#205 = CIRCLE ( 'NONE', #1549, 0.9999999999999991118 ) ;
#206 = VECTOR ( 'NONE', #2786, 1000.000000000000000 ) ;
#207 = DIRECTION ( 'NONE',  ( 0.000000000000000000, 0.000000000000000000, 1.000000000000000000 ) ) ;
#208 = LINE ( 'NONE', #1290, #3055 ) ;
#209 = LINE ( 'NONE', #435, #994 ) ;
#210 = ORIENTED_EDGE ( 'NONE', *, *, #235, .T. ) ;
#211 = EDGE_CURVE ( 'NONE', #606, #316, #2001, .T. ) ;
#212 = CARTESIAN_POINT ( 'NONE',  ( 16.00000000000000000, 15.99999999999999645, -1.000000000000000000 ) ) ;
#213 = ORIENTED_EDGE ( 'NONE', *, *, #913, .T. ) ;
#214 = EDGE_CURVE ( 'NONE', #133, #1973, #159, .T. ) ;
#215 = CARTESIAN_POINT ( 'NONE',  ( 17.82554346997167016, -1.499999999985416554, -1.000000000000000000 ) ) ;
#216 = VERTEX_POINT ( 'NONE', #2583 ) ;
#217 = ORIENTED_EDGE ( 'NONE', *, *, #388, .T. ) ;
#218 = ORIENTED_EDGE ( 'NONE', *, *, #3307, .F. ) ;
#219 = AXIS2_PLACEMENT_3D ( 'NONE', #988, #478, #2056 ) ;
#220 = DIRECTION ( 'NONE',  ( 0.000000000000000000, 0.000000000000000000, 1.000000000000000000 ) ) ;
#221 = DIRECTION ( 'NONE',  ( 0.000000000000000000, 0.000000000000000000, 1.000000000000000000 ) ) ;
#222 = DIRECTION ( 'NONE',  ( 0.000000000000000000, 0.000000000000000000, 1.000000000000000000 ) ) ;
#223 = FACE_BOUND ( 'NONE', #83, .T. ) ;
#224 = CYLINDRICAL_SURFACE ( 'NONE', #3327, 0.9999999999999991118 ) ;
#225 = FACE_OUTER_BOUND ( 'NONE', #806, .T. ) ;
#226 = DIRECTION ( 'NONE',  ( 0.000000000000000000, 0.000000000000000000, 1.000000000000000000 ) ) ;
#227 = DIRECTION ( 'NONE',  ( -0.000000000000000000, 1.000000000000000000, -0.000000000000000000 ) ) ;
#228 = DIRECTION ( 'NONE',  ( -0.7071067811865510144, -0.7071067811865441310, 0.000000000000000000 ) ) ;
#229 = EDGE_CURVE ( 'NONE', #3221, #1411, #2535, .T. ) ;
#230 = ORIENTED_EDGE ( 'NONE', *, *, #533, .F. ) ;
#231 = FACE_OUTER_BOUND ( 'NONE', #103, .T. ) ;
#232 = AXIS2_PLACEMENT_3D ( 'NONE', #212, #248, #2119 ) ;
#233 = ORIENTED_EDGE ( 'NONE', *, *, #1545, .F. ) ;
#234 = ORIENTED_EDGE ( 'NONE', *, *, #173, .T. ) ;
#235 = EDGE_CURVE ( 'NONE', #888, #3006, #1112, .T. ) ;
#236 = VERTEX_POINT ( 'NONE', #2570 ) ;
#237 = EDGE_CURVE ( 'NONE', #2809, #677, #1769, .T. ) ;
#238 = EDGE_CURVE ( 'NONE', #197, #2309, #2947, .T. ) ;
#239 = DIRECTION ( 'NONE',  ( 0.000000000000000000, 0.000000000000000000, 1.000000000000000000 ) ) ;
#240 = LINE ( 'NONE', #2364, #1642 ) ;
#241 = DIRECTION ( 'NONE',  ( 1.000000000000000000, 0.000000000000000000, 0.000000000000000000 ) ) ;
#242 = CARTESIAN_POINT ( 'NONE',  ( -10.83679571298068822, -14.37232961892053140, -1.000000000000000000 ) ) ;
#243 = ORIENTED_EDGE ( 'NONE', *, *, #191, .T. ) ;
#244 = DIRECTION ( 'NONE',  ( 0.000000000000000000, 1.000000000000000000, 0.000000000000000000 ) ) ;
#245 = CARTESIAN_POINT ( 'NONE',  ( -2.638888888894360463, 18.81585144052311520, -1.000000000000000000 ) ) ;
#246 = DIRECTION ( 'NONE',  ( 0.000000000000000000, 0.000000000000000000, 1.000000000000000000 ) ) ;
#247 = ORIENTED_EDGE ( 'NONE', *, *, #2096, .T. ) ;
#248 = DIRECTION ( 'NONE',  ( 0.000000000000000000, 0.000000000000000000, 1.000000000000000000 ) ) ;
#249 = DIRECTION ( 'NONE',  ( 1.000000000000000000, 0.000000000000000000, 0.000000000000000000 ) ) ;
#250 = VECTOR ( 'NONE', #3067, 1000.000000000000000 ) ;
#251 = EDGE_LOOP ( 'NONE', ( #929, #1745, #3465, #1592 ) ) ;
#252 = CIRCLE ( 'NONE', #2656, 1.000000000000001554 ) ;
#253 = CARTESIAN_POINT ( 'NONE',  ( 2.638888888894268980, -18.81585144052308678, -1.000000000000000000 ) ) ;
#254 = ORIENTED_EDGE ( 'NONE', *, *, #1701, .F. ) ;
#255 = AXIS2_PLACEMENT_3D ( 'NONE', #4, #38, #320 ) ;
#256 = VERTEX_POINT ( 'NONE', #2835 ) ;
#257 = ADVANCED_FACE ( 'NONE', ( #3320 ), #2800, .F. ) ;
#258 = CARTESIAN_POINT ( 'NONE',  ( -10.83679571299636812, 14.37232961890869909, 0.000000000000000000 ) ) ;
#259 = DIRECTION ( 'NONE',  ( 0.000000000000000000, 0.000000000000000000, 1.000000000000000000 ) ) ;
#260 = DIRECTION ( 'NONE',  ( -1.000000000000000000, 0.000000000000000000, 0.000000000000000000 ) ) ;
#261 = VECTOR ( 'NONE', #186, 1000.000000000000000 ) ;
#262 = DIRECTION ( 'NONE',  ( 0.000000000000000000, 0.000000000000000000, 1.000000000000000000 ) ) ;
#263 = EDGE_CURVE ( 'NONE', #2615, #962, #174, .T. ) ;
#264 = AXIS2_PLACEMENT_3D ( 'NONE', #350, #2479, #120 ) ;
#265 = DIRECTION ( 'NONE',  ( -0.000000000000000000, -0.000000000000000000, -1.000000000000000000 ) ) ;
#266 = CARTESIAN_POINT ( 'NONE',  ( 0.000000000000000000, 0.000000000000000000, -1.000000000000000000 ) ) ;
#267 = LINE ( 'NONE', #2113, #691 ) ;
#268 = DIRECTION ( 'NONE',  ( 1.000000000000000000, 0.000000000000000000, 0.000000000000000000 ) ) ;
#269 = VERTEX_POINT ( 'NONE', #1752 ) ;
#270 = DIRECTION ( 'NONE',  ( 0.000000000000000000, 1.000000000000000000, 0.000000000000000000 ) ) ;
#271 = FACE_OUTER_BOUND ( 'NONE', #566, .T. ) ;
#272 = ORIENTED_EDGE ( 'NONE', *, *, #115, .F. ) ;
#273 = CARTESIAN_POINT ( 'NONE',  ( -8.645808232889910627, 1.499999999985406562, -1.000000000000000000 ) ) ;
#274 = ORIENTED_EDGE ( 'NONE', *, *, #1937, .F. ) ;
#275 = VERTEX_POINT ( 'NONE', #399 ) ;
#276 = DIRECTION ( 'NONE',  ( 0.000000000000000000, 0.000000000000000000, 1.000000000000000000 ) ) ;
#277 = DIRECTION ( 'NONE',  ( 0.000000000000000000, -1.000000000000000000, 0.000000000000000000 ) ) ;
#278 = ORIENTED_EDGE ( 'NONE', *, *, #173, .F. ) ;
#279 = AXIS2_PLACEMENT_3D ( 'NONE', #2662, #517, #2682 ) ;
#280 = CIRCLE ( 'NONE', #551, 1.000000000000000000 ) ;
#281 = FACE_OUTER_BOUND ( 'NONE', #1021, .T. ) ;
#282 = DIRECTION ( 'NONE',  ( -0.000000000000000000, -0.000000000000000000, -1.000000000000000000 ) ) ;
#283 = AXIS2_PLACEMENT_3D ( 'NONE', #1409, #843, #3037 ) ;
#284 = CARTESIAN_POINT ( 'NONE',  ( -8.645808232884224509, -1.500000000005102141, -1.000000000000000000 ) ) ;
#285 = DIRECTION ( 'NONE',  ( 0.000000000000000000, 0.000000000000000000, 1.000000000000000000 ) ) ;
#286 = ADVANCED_FACE ( 'NONE', ( #688 ), #3332, .F. ) ;
#287 = DIRECTION ( 'NONE',  ( 0.000000000000000000, 0.000000000000000000, 1.000000000000000000 ) ) ;
#288 = CARTESIAN_POINT ( 'NONE',  ( 0.000000000000000000, 0.000000000000000000, -1.000000000000000000 ) ) ;
#289 = ORIENTED_EDGE ( 'NONE', *, *, #2569, .T. ) ;
#290 = CARTESIAN_POINT ( 'NONE',  ( -1.500000000005100809, 8.645808232884220956, -1.000000000000000000 ) ) ;
#291 = EDGE_LOOP ( 'NONE', ( #391, #780, #1478, #2634 ) ) ;
#292 = CIRCLE ( 'NONE', #2525, 18.99999999999380051 ) ;
#293 = ORIENTED_EDGE ( 'NONE', *, *, #1521, .F. ) ;
#294 = DATE_AND_TIME ( #793, #1205 ) ;
#295 = CARTESIAN_POINT ( 'NONE',  ( -10.83679571298068822, -14.37232961892053140, -1.000000000000000000 ) ) ;
#296 = LINE ( 'NONE', #816, #1957 ) ;
#297 = VERTEX_POINT ( 'NONE', #3051 ) ;
#298 = CARTESIAN_POINT ( 'NONE',  ( -13.99999999999998934, -15.99999999999999645, -1.000000000000000000 ) ) ;
#299 = DIRECTION ( 'NONE',  ( 0.000000000000000000, 0.000000000000000000, 1.000000000000000000 ) ) ;
#300 = CARTESIAN_POINT ( 'NONE',  ( 22.00000000000000000, -13.25000000000000000, -1.000000000000000000 ) ) ;
#301 = DIRECTION ( 'NONE',  ( 0.000000000000000000, 0.000000000000000000, 1.000000000000000000 ) ) ;
#302 = DIRECTION ( 'NONE',  ( 0.000000000000000000, 0.000000000000000000, 1.000000000000000000 ) ) ;
#303 = EDGE_CURVE ( 'NONE', #2515, #2088, #1723, .T. ) ;
#304 = FACE_OUTER_BOUND ( 'NONE', #2794, .T. ) ;
#305 = VERTEX_POINT ( 'NONE', #925 ) ;
#306 = ADVANCED_FACE ( 'NONE', ( #2298 ), #1470, .T. ) ;
#307 = AXIS2_PLACEMENT_3D ( 'NONE', #1489, #2285, #3365 ) ;
#308 = ADVANCED_FACE ( 'NONE', ( #3351 ), #942, .F. ) ;
#309 = DIRECTION ( 'NONE',  ( 1.000000000000000000, 0.000000000000000000, 0.000000000000000000 ) ) ;
#310 = ORIENTED_EDGE ( 'NONE', *, *, #1728, .F. ) ;
#311 = ORIENTED_EDGE ( 'NONE', *, *, #2463, .T. ) ;
#312 = APPROVAL_STATUS ( 'not_yet_approved' ) ;
#313 = CARTESIAN_POINT ( 'NONE',  ( -2.500000000005025313, 8.645808232884213851, -1.000000000000000000 ) ) ;
#314 = CARTESIAN_POINT ( 'NONE',  ( -13.66522283772211743, -11.54390249418297110, -1.000000000000000000 ) ) ;
#315 = VECTOR ( 'NONE', #138, 1000.000000000000000 ) ;
#316 = VERTEX_POINT ( 'NONE', #1455 ) ;
#317 = AXIS2_PLACEMENT_3D ( 'NONE', #537, #285, #1352 ) ;
#318 = DIRECTION ( 'NONE',  ( 0.000000000000000000, 0.000000000000000000, 1.000000000000000000 ) ) ;
#319 = DIRECTION ( 'NONE',  ( 0.000000000000000000, 0.000000000000000000, 1.000000000000000000 ) ) ;
#320 = DIRECTION ( 'NONE',  ( 1.000000000000000000, 0.000000000000000000, 0.000000000000000000 ) ) ;
#321 = LINE ( 'NONE', #2191, #2004 ) ;
#322 = AXIS2_PLACEMENT_3D ( 'NONE', #1101, #2740, #1135 ) ;
#323 = AXIS2_PLACEMENT_3D ( 'NONE', #475, #1284, #1002 ) ;
#324 = DIRECTION ( 'NONE',  ( 1.000000000000000000, 0.000000000000000000, 0.000000000000000000 ) ) ;
#325 = CARTESIAN_POINT ( 'NONE',  ( 0.000000000000000000, 0.000000000000000000, 0.000000000000000000 ) ) ;
#326 = VERTEX_POINT ( 'NONE', #1522 ) ;
#327 = EDGE_CURVE ( 'NONE', #236, #326, #2520, .T. ) ;
#328 = CARTESIAN_POINT ( 'NONE',  ( -18.00000000000000355, 18.00000000000000355, 0.000000000000000000 ) ) ;
#329 = ORIENTED_EDGE ( 'NONE', *, *, #3217, .F. ) ;
#330 = ORIENTED_EDGE ( 'NONE', *, *, #2185, .F. ) ;
#331 = APPROVAL_STATUS ( 'not_yet_approved' ) ;
#332 = FACE_OUTER_BOUND ( 'NONE', #1776, .T. ) ;
#333 = ORIENTED_EDGE ( 'NONE', *, *, #1741, .F. ) ;
#334 = ORIENTED_EDGE ( 'NONE', *, *, #660, .T. ) ;
#335 = DIRECTION ( 'NONE',  ( 1.000000000000000000, 0.000000000000000000, 0.000000000000000000 ) ) ;
#336 = CARTESIAN_POINT ( 'NONE',  ( -8.645808232884224509, -1.500000000005102141, -1.000000000000000000 ) ) ;
#337 = DIRECTION ( 'NONE',  ( 0.000000000000000000, 0.000000000000000000, 1.000000000000000000 ) ) ;
#338 = DIRECTION ( 'NONE',  ( 1.000000000000000000, 0.000000000000000000, 0.000000000000000000 ) ) ;
#339 = AXIS2_PLACEMENT_3D ( 'NONE', #2522, #161, #1226 ) ;
#340 = ORIENTED_EDGE ( 'NONE', *, *, #2047, .T. ) ;
#341 = DIRECTION ( 'NONE',  ( 0.000000000000000000, 0.000000000000000000, 1.000000000000000000 ) ) ;
#342 = DIRECTION ( 'NONE',  ( 0.000000000000000000, 0.000000000000000000, 1.000000000000000000 ) ) ;
#343 = ORIENTED_EDGE ( 'NONE', *, *, #2826, .T. ) ;
#344 = ORIENTED_EDGE ( 'NONE', *, *, #349, .T. ) ;
#345 = ADVANCED_FACE ( 'NONE', ( #3083 ), #673, .F. ) ;
#346 = ORIENTED_EDGE ( 'NONE', *, *, #2392, .T. ) ;
#347 = EDGE_CURVE ( 'NONE', #2163, #2198, #954, .T. ) ;
#348 = ORIENTED_EDGE ( 'NONE', *, *, #2586, .T. ) ;
#349 = EDGE_CURVE ( 'NONE', #326, #454, #1757, .T. ) ;
#350 = CARTESIAN_POINT ( 'NONE',  ( 7.174169802094322534, -5.052849458527467696, -1.000000000000000000 ) ) ;
#351 = CYLINDRICAL_SURFACE ( 'NONE', #3319, 1.000000000000000888 ) ;
#352 = DIRECTION ( 'NONE',  ( 0.000000000000000000, 0.000000000000000000, 1.000000000000000000 ) ) ;
#353 = LINE ( 'NONE', #2009, #3167 ) ;
#354 = ORIENTED_EDGE ( 'NONE', *, *, #191, .F. ) ;
#355 = AXIS2_PLACEMENT_3D ( 'NONE', #3129, #721, #458 ) ;
#356 = CARTESIAN_POINT ( 'NONE',  ( -7.881276583270983238, -4.345742677358855666, -1.000000000000000000 ) ) ;
#357 = CARTESIAN_POINT ( 'NONE',  ( -16.00000000000000000, 15.99999999999999645, -1.000000000000000000 ) ) ;
#358 = EDGE_LOOP ( 'NONE', ( #131, #404, #3200, #1011 ) ) ;
#359 = ORIENTED_EDGE ( 'NONE', *, *, #1221, .T. ) ;
#360 = ORIENTED_EDGE ( 'NONE', *, *, #2402, .T. ) ;
#361 = ORIENTED_EDGE ( 'NONE', *, *, #1074, .F. ) ;
#362 = ADVANCED_FACE ( 'NONE', ( #1006 ), #2132, .T. ) ;
#363 = VECTOR ( 'NONE', #2190, 1000.000000000000000 ) ;
#364 = DIRECTION ( 'NONE',  ( 1.000000000000000000, 0.000000000000000000, 0.000000000000000000 ) ) ;
#365 = CARTESIAN_POINT ( 'NONE',  ( -17.82554346997171635, 2.499999999985401455, -1.000000000000000000 ) ) ;
#366 = CARTESIAN_POINT ( 'NONE',  ( 0.000000000000000000, 0.000000000000000000, 0.000000000000000000 ) ) ;
#367 = CARTESIAN_POINT ( 'NONE',  ( 8.645808232884188982, 2.500000000005115464, -1.000000000000000000 ) ) ;
#368 = LOCAL_TIME ( 14, 4, 40.00000000000000000, #1610 ) ;
#369 = AXIS2_PLACEMENT_3D ( 'NONE', #284, #2431, #2661 ) ;
#370 = DIRECTION ( 'NONE',  ( 0.000000000000000000, 0.000000000000000000, 1.000000000000000000 ) ) ;
#371 = DIRECTION ( 'NONE',  ( 1.000000000000000000, 0.000000000000000000, 0.000000000000000000 ) ) ;
#372 = AXIS2_PLACEMENT_3D ( 'NONE', #3209, #2996, #1 ) ;
#373 = ORIENTED_EDGE ( 'NONE', *, *, #2729, .F. ) ;
#374 = ORIENTED_EDGE ( 'NONE', *, *, #696, .T. ) ;
#375 = CIRCLE ( 'NONE', #2380, 1.999999999999998224 ) ;
#376 = VECTOR ( 'NONE', #1189, 1000.000000000000000 ) ;
#377 = ORIENTED_EDGE ( 'NONE', *, *, #1437, .F. ) ;
#378 = EDGE_LOOP ( 'NONE', ( #1429, #901 ) ) ;
#379 = CARTESIAN_POINT ( 'NONE',  ( 17.82554346997167016, -2.499999999985416999, 0.000000000000000000 ) ) ;
#380 = DIRECTION ( 'NONE',  ( 1.000000000000000000, 0.000000000000000000, 0.000000000000000000 ) ) ;
#381 = LINE ( 'NONE', #1990, #3443 ) ;
#382 = DIRECTION ( 'NONE',  ( 0.000000000000000000, 0.000000000000000000, 1.000000000000000000 ) ) ;
#383 = CARTESIAN_POINT ( 'NONE',  ( 22.00000000000000000, 15.24999999999999822, -1.000000000000000000 ) ) ;
#384 = CARTESIAN_POINT ( 'NONE',  ( 0.000000000000000000, 0.000000000000000000, -1.000000000000000000 ) ) ;
#385 = DIRECTION ( 'NONE',  ( 0.000000000000000000, 0.000000000000000000, 1.000000000000000000 ) ) ;
#386 = ADVANCED_FACE ( 'NONE', ( #781 ), #462, .T. ) ;
#387 = ORIENTED_EDGE ( 'NONE', *, *, #1194, .F. ) ;
#388 = EDGE_CURVE ( 'NONE', #2774, #1905, #2601, .T. ) ;
#389 = EDGE_CURVE ( 'NONE', #3354, #165, #1817, .T. ) ;
#390 = AXIS2_PLACEMENT_3D ( 'NONE', #1887, #2955, #1648 ) ;
#391 = ORIENTED_EDGE ( 'NONE', *, *, #2508, .T. ) ;
#392 = ORIENTED_EDGE ( 'NONE', *, *, #2301, .F. ) ;
#393 = ORIENTED_EDGE ( 'NONE', *, *, #3029, .F. ) ;
#394 = DIRECTION ( 'NONE',  ( -1.000000000000000000, 0.000000000000000000, 0.000000000000000000 ) ) ;
#395 = DIRECTION ( 'NONE',  ( -0.000000000000000000, -0.000000000000000000, -1.000000000000000000 ) ) ;
#396 = FACE_OUTER_BOUND ( 'NONE', #178, .T. ) ;
#397 = LINE ( 'NONE', #1204, #2216 ) ;
#398 = VECTOR ( 'NONE', #244, 1000.000000000000000 ) ;
#399 = CARTESIAN_POINT ( 'NONE',  ( 13.66522283773402435, -11.54390249416718284, 0.000000000000000000 ) ) ;
#400 = CARTESIAN_POINT ( 'NONE',  ( 2.222222222226457156, -7.685162873673856865, -1.000000000000000000 ) ) ;
#401 = DIRECTION ( 'NONE',  ( 0.000000000000000000, 0.000000000000000000, 1.000000000000000000 ) ) ;
#402 = ORIENTED_EDGE ( 'NONE', *, *, #817, .T. ) ;
#403 = EDGE_CURVE ( 'NONE', #1481, #2159, #1023, .T. ) ;
#404 = ORIENTED_EDGE ( 'NONE', *, *, #814, .F. ) ;
#405 = EDGE_CURVE ( 'NONE', #2493, #3057, #2715, .T. ) ;
#406 = EDGE_CURVE ( 'NONE', #1696, #1542, #2918, .T. ) ;
#407 = ORIENTED_EDGE ( 'NONE', *, *, #2094, .T. ) ;
#408 = EDGE_LOOP ( 'NONE', ( #1702, #2032, #2909, #3254 ) ) ;
#409 = ORIENTED_EDGE ( 'NONE', *, *, #2653, .F. ) ;
#410 = DIRECTION ( 'NONE',  ( 0.000000000000000000, 0.000000000000000000, 1.000000000000000000 ) ) ;
#411 = CARTESIAN_POINT ( 'NONE',  ( 23.57404796879308506, -8.544500781088727210E-16, -1.000000000000000000 ) ) ;
#412 = CARTESIAN_POINT ( 'NONE',  ( 17.82554346997167016, -1.499999999985416554, 0.000000000000000000 ) ) ;
#413 = DIRECTION ( 'NONE',  ( 1.000000000000000000, -2.618450529776315219E-16, 0.000000000000000000 ) ) ;
#414 = CIRCLE ( 'NONE', #1311, 1.000000000000000888 ) ;
#415 = DIRECTION ( 'NONE',  ( 0.000000000000000000, 0.000000000000000000, 1.000000000000000000 ) ) ;
#416 = CARTESIAN_POINT ( 'NONE',  ( -11.54390249418308478, 13.66522283772208546, 0.000000000000000000 ) ) ;
#417 = CARTESIAN_POINT ( 'NONE',  ( 2.499999999985406340, 17.82554346997171990, -1.000000000000000000 ) ) ;
#418 = VECTOR ( 'NONE', #1804, 1000.000000000000000 ) ;
#419 = VERTEX_POINT ( 'NONE', #515 ) ;
#420 = CIRCLE ( 'NONE', #1663, 1.999999999999994893 ) ;
#421 = ADVANCED_FACE ( 'NONE', ( #743 ), #2641, .F. ) ;
#422 = AXIS2_PLACEMENT_3D ( 'NONE', #926, #910, #2536 ) ;
#423 = EDGE_LOOP ( 'NONE', ( #877, #330, #3374, #1229 ) ) ;
#424 = VERTEX_POINT ( 'NONE', #480 ) ;
#425 = EDGE_CURVE ( 'NONE', #1129, #3344, #3433, .T. ) ;
#426 = AXIS2_PLACEMENT_3D ( 'NONE', #3085, #401, #846 ) ;
#427 = VERTEX_POINT ( 'NONE', #3399 ) ;
#428 = DIRECTION ( 'NONE',  ( 0.000000000000000000, 0.000000000000000000, 1.000000000000000000 ) ) ;
#429 = FACE_OUTER_BOUND ( 'NONE', #2102, .T. ) ;
#430 = DIRECTION ( 'NONE',  ( -1.000000000000000000, 0.000000000000000000, 0.000000000000000000 ) ) ;
#431 = CARTESIAN_POINT ( 'NONE',  ( 8.645808232884192535, 1.500000000005116130, -1.000000000000000000 ) ) ;
#432 = AXIS2_PLACEMENT_3D ( 'NONE', #966, #2022, #155 ) ;
#433 = CARTESIAN_POINT ( 'NONE',  ( 0.000000000000000000, 0.000000000000000000, -1.000000000000000000 ) ) ;
#434 = DIRECTION ( 'NONE',  ( -1.000000000000000000, 0.000000000000000000, 0.000000000000000000 ) ) ;
#435 = CARTESIAN_POINT ( 'NONE',  ( -8.645808232884224509, -1.500000000005102141, 0.000000000000000000 ) ) ;
#436 = VERTEX_POINT ( 'NONE', #2865 ) ;
#437 = AXIS2_PLACEMENT_3D ( 'NONE', #3455, #1253, #3381 ) ;
#438 = VECTOR ( 'NONE', #2925, 1000.000000000000000 ) ;
#439 = CIRCLE ( 'NONE', #895, 1.000000000000001776 ) ;
#440 = ORIENTED_EDGE ( 'NONE', *, *, #902, .T. ) ;
#441 = ORIENTED_EDGE ( 'NONE', *, *, #3325, .F. ) ;
#442 = ORIENTED_EDGE ( 'NONE', *, *, #3350, .T. ) ;
#443 = DIRECTION ( 'NONE',  ( 0.7071067811865479058, -0.7071067811865472397, 0.000000000000000000 ) ) ;
#444 = CARTESIAN_POINT ( 'NONE',  ( 7.174169802094322534, -5.052849458527467696, -1.000000000000000000 ) ) ;
#445 = FACE_BOUND ( 'NONE', #3059, .T. ) ;
#446 = CARTESIAN_POINT ( 'NONE',  ( 1.499999999985411225, 17.82554346997171990, -1.000000000000000000 ) ) ;
#447 = EDGE_CURVE ( 'NONE', #2526, #662, #725, .T. ) ;
#448 = ADVANCED_FACE ( 'NONE', ( #2058 ), #2330, .F. ) ;
#449 = EDGE_CURVE ( 'NONE', #662, #2031, #2538, .T. ) ;
#450 = DIRECTION ( 'NONE',  ( 0.000000000000000000, 0.000000000000000000, 1.000000000000000000 ) ) ;
#451 = LINE ( 'NONE', #1238, #2554 ) ;
#452 = CARTESIAN_POINT ( 'NONE',  ( -1.500000000005100809, 8.645808232884220956, 0.000000000000000000 ) ) ;
#453 = ORIENTED_EDGE ( 'NONE', *, *, #2506, .T. ) ;
#454 = VERTEX_POINT ( 'NONE', #1330 ) ;
#455 = ORIENTED_EDGE ( 'NONE', *, *, #1980, .T. ) ;
#456 = VERTEX_POINT ( 'NONE', #2622 ) ;
#457 = ORIENTED_EDGE ( 'NONE', *, *, #2048, .T. ) ;
#458 = DIRECTION ( 'NONE',  ( 1.000000000000000000, 0.000000000000000000, 0.000000000000000000 ) ) ;
#459 = DIRECTION ( 'NONE',  ( 0.000000000000000000, 0.000000000000000000, 1.000000000000000000 ) ) ;
#460 = FACE_BOUND ( 'NONE', #521, .T. ) ;
#461 = ADVANCED_FACE ( 'NONE', ( #225 ), #1025, .F. ) ;
#462 = PLANE ( 'NONE',  #2360 ) ;
#463 = DIRECTION ( 'NONE',  ( 1.000000000000000000, 0.000000000000000000, 0.000000000000000000 ) ) ;
#464 = LINE ( 'NONE', #1537, #2510 ) ;
#465 = EDGE_CURVE ( 'NONE', #1828, #3024, #2, .T. ) ;
#466 = EDGE_LOOP ( 'NONE', ( #311, #1372, #3313, #1759 ) ) ;
#467 = PLANE ( 'NONE',  #1130 ) ;
#468 = AXIS2_PLACEMENT_3D ( 'NONE', #3165, #2426, #547 ) ;
#469 = ORIENTED_EDGE ( 'NONE', *, *, #1396, .T. ) ;
#470 = VECTOR ( 'NONE', #739, 1000.000000000000000 ) ;
#471 = ORIENTED_EDGE ( 'NONE', *, *, #1256, .F. ) ;
#472 = ORIENTED_EDGE ( 'NONE', *, *, #2451, .T. ) ;
#473 = AXIS2_PLACEMENT_3D ( 'NONE', #2188, #2411, #820 ) ;
#474 = ORIENTED_EDGE ( 'NONE', *, *, #1355, .F. ) ;
#475 = CARTESIAN_POINT ( 'NONE',  ( 18.00000000000000355, -18.00000000000000711, -1.000000000000000000 ) ) ;
#476 = CARTESIAN_POINT ( 'NONE',  ( -4.345742677340947324, -7.881276583280853565, -1.000000000000000000 ) ) ;
#477 = DIRECTION ( 'NONE',  ( 0.000000000000000000, 0.000000000000000000, 1.000000000000000000 ) ) ;
#478 = DIRECTION ( 'NONE',  ( 0.000000000000000000, 0.000000000000000000, 1.000000000000000000 ) ) ;
#479 = ORIENTED_EDGE ( 'NONE', *, *, #747, .F. ) ;
#480 = CARTESIAN_POINT ( 'NONE',  ( -11.43883991927437727, 15.17079237551497251, 0.000000000000000000 ) ) ;
#481 = CARTESIAN_POINT ( 'NONE',  ( -1.499999999985479393, -17.82554346997166661, 0.000000000000000000 ) ) ;
#482 = CARTESIAN_POINT ( 'NONE',  ( 26.25000000000000000, 1.249110811708009910E-14, -1.000000000000000000 ) ) ;
#483 = LINE ( 'NONE', #2645, #2640 ) ;
#484 = VECTOR ( 'NONE', #2704, 1000.000000000000000 ) ;
#485 = EDGE_CURVE ( 'NONE', #2266, #2165, #2073, .T. ) ;
#486 = VERTEX_POINT ( 'NONE', #2977 ) ;
#487 = EDGE_CURVE ( 'NONE', #305, #542, #1915, .T. ) ;
#488 = VECTOR ( 'NONE', #1560, 1000.000000000000000 ) ;
#489 = DIRECTION ( 'NONE',  ( 1.000000000000000000, -9.637352644315598941E-17, 0.000000000000000000 ) ) ;
#490 = EDGE_LOOP ( 'NONE', ( #1644, #233, #1100, #3105 ) ) ;
#491 = ORIENTED_EDGE ( 'NONE', *, *, #150, .T. ) ;
#492 = ORIENTED_EDGE ( 'NONE', *, *, #327, .T. ) ;
#493 = DIRECTION ( 'NONE',  ( 0.000000000000000000, 0.000000000000000000, 1.000000000000000000 ) ) ;
#494 = FACE_OUTER_BOUND ( 'NONE', #2649, .T. ) ;
#495 = CARTESIAN_POINT ( 'NONE',  ( -18.00000000000000000, -18.00000000000000355, 0.000000000000000000 ) ) ;
#496 = CARTESIAN_POINT ( 'NONE',  ( -18.00000000000000355, 15.99999999999999645, -1.000000000000000000 ) ) ;
#497 = CARTESIAN_POINT ( 'NONE',  ( 7.881276583280869552, -4.345742677340920679, -1.000000000000000000 ) ) ;
#498 = CARTESIAN_POINT ( 'NONE',  ( -15.99999999999998579, -15.99999999999999645, -1.000000000000000000 ) ) ;
#499 = DIRECTION ( 'NONE',  ( 1.000000000000000000, 0.000000000000000000, 0.000000000000000000 ) ) ;
#500 = FACE_OUTER_BOUND ( 'NONE', #466, .T. ) ;
#501 = DIRECTION ( 'NONE',  ( -1.000000000000000000, 3.165300248010120785E-15, 0.000000000000000000 ) ) ;
#502 = ORIENTED_EDGE ( 'NONE', *, *, #1742, .T. ) ;
#503 = EDGE_CURVE ( 'NONE', #3221, #2544, #3421, .T. ) ;
#504 = DIRECTION ( 'NONE',  ( 0.000000000000000000, 0.000000000000000000, 1.000000000000000000 ) ) ;
#505 = CIRCLE ( 'NONE', #232, 2.000000000000001776 ) ;
#506 = VERTEX_POINT ( 'NONE', #854 ) ;
#507 = EDGE_CURVE ( 'NONE', #3192, #1881, #609, .T. ) ;
#508 = ORIENTED_EDGE ( 'NONE', *, *, #1178, .T. ) ;
#509 = SHAPE_DEFINITION_REPRESENTATION ( #190, #2142 ) ;
#510 = DIRECTION ( 'NONE',  ( 0.000000000000000000, 0.000000000000000000, 1.000000000000000000 ) ) ;
#511 = CYLINDRICAL_SURFACE ( 'NONE', #3439, 0.9999999999999991118 ) ;
#512 = DIRECTION ( 'NONE',  ( -4.062922706401048193E-15, 1.000000000000000000, 0.000000000000000000 ) ) ;
#513 = ORIENTED_EDGE ( 'NONE', *, *, #902, .F. ) ;
#514 = CARTESIAN_POINT ( 'NONE',  ( 22.00000000000000000, 15.24999999999999822, -1.000000000000000000 ) ) ;
#515 = CARTESIAN_POINT ( 'NONE',  ( -11.54390249416723080, -13.66522283773398172, -1.000000000000000000 ) ) ;
#516 = CARTESIAN_POINT ( 'NONE',  ( 17.99999999999998934, -15.99999999999999645, -1.000000000000000000 ) ) ;
#517 = DIRECTION ( 'NONE',  ( 0.000000000000000000, 0.000000000000000000, 1.000000000000000000 ) ) ;
#518 = EDGE_LOOP ( 'NONE', ( #2477, #2856, #2967, #1132, #1568, #1048, #1747, #1714, #615 ) ) ;
#519 = DIRECTION ( 'NONE',  ( 0.000000000000000000, 0.000000000000000000, 1.000000000000000000 ) ) ;
#520 = CARTESIAN_POINT ( 'NONE',  ( 17.82554346997167016, -1.499999999985416554, -1.000000000000000000 ) ) ;
#521 = EDGE_LOOP ( 'NONE', ( #346, #1793, #234, #1051, #407, #1916, #162, #3269, #2398 ) ) ;
#522 = CARTESIAN_POINT ( 'NONE',  ( -1.500000000005019540, 17.82554346996894878, 0.000000000000000000 ) ) ;
#523 = VERTEX_POINT ( 'NONE', #1688 ) ;
#524 = CIRCLE ( 'NONE', #255, 18.99999999999382183 ) ;
#525 = ORIENTED_EDGE ( 'NONE', *, *, #1214, .F. ) ;
#526 = PERSON_AND_ORGANIZATION_ROLE ( 'classification_officer' ) ;
#527 = DIRECTION ( 'NONE',  ( 1.000000000000000000, 0.000000000000000000, 0.000000000000000000 ) ) ;
#528 = ADVANCED_FACE ( 'NONE', ( #1908 ), #2997, .F. ) ;
#529 = LINE ( 'NONE', #761, #3384 ) ;
#530 = DIRECTION ( 'NONE',  ( 0.000000000000000000, 0.000000000000000000, 1.000000000000000000 ) ) ;
#531 = VECTOR ( 'NONE', #123, 1000.000000000000000 ) ;
#532 = DIRECTION ( 'NONE',  ( -3.165300248010120785E-15, -1.000000000000000000, 0.000000000000000000 ) ) ;
#533 = EDGE_CURVE ( 'NONE', #2588, #2323, #73, .T. ) ;
#534 = FACE_OUTER_BOUND ( 'NONE', #3295, .T. ) ;
#535 = CARTESIAN_POINT ( 'NONE',  ( 0.000000000000000000, 0.000000000000000000, -1.000000000000000000 ) ) ;
#536 = LINE ( 'NONE', #1331, #1600 ) ;
#537 = CARTESIAN_POINT ( 'NONE',  ( -14.37232961892049588, 10.83679571298073618, 0.000000000000000000 ) ) ;
#538 = AXIS2_PLACEMENT_3D ( 'NONE', #744, #991, #2556 ) ;
#539 = AXIS2_PLACEMENT_3D ( 'NONE', #540, #2335, #1621 ) ;
#540 = CARTESIAN_POINT ( 'NONE',  ( -14.37232961892049588, 10.83679571298073618, -1.000000000000000000 ) ) ;
#541 = CYLINDRICAL_SURFACE ( 'NONE', #2162, 0.9999999999999995559 ) ;
#542 = VERTEX_POINT ( 'NONE', #2202 ) ;
#543 = CARTESIAN_POINT ( 'NONE',  ( -17.82554346997171635, 2.499999999985401455, 0.000000000000000000 ) ) ;
#544 = VERTEX_POINT ( 'NONE', #1122 ) ;
#545 = ORIENTED_EDGE ( 'NONE', *, *, #1022, .F. ) ;
#546 = PERSON_AND_ORGANIZATION_ROLE ( 'creator' ) ;
#547 = DIRECTION ( 'NONE',  ( 1.000000000000000000, 0.000000000000000000, 0.000000000000000000 ) ) ;
#548 = LINE ( 'NONE', #1631, #2962 ) ;
#549 = ORIENTED_EDGE ( 'NONE', *, *, #3031, .F. ) ;
#550 = AXIS2_PLACEMENT_3D ( 'NONE', #45, #2438, #1128 ) ;
#551 = AXIS2_PLACEMENT_3D ( 'NONE', #2691, #829, #1278 ) ;
#552 = CARTESIAN_POINT ( 'NONE',  ( -13.66522283772211743, -11.54390249418297110, 0.000000000000000000 ) ) ;
#553 = FACE_OUTER_BOUND ( 'NONE', #1938, .T. ) ;
#554 = AXIS2_PLACEMENT_3D ( 'NONE', #1159, #1894, #2771 ) ;
#555 = CYLINDRICAL_SURFACE ( 'NONE', #1540, 1.000000000000002665 ) ;
#556 = FACE_OUTER_BOUND ( 'NONE', #1072, .T. ) ;
#557 = EDGE_CURVE ( 'NONE', #680, #84, #1651, .T. ) ;
#558 = ADVANCED_FACE ( 'NONE', ( #626 ), #351, .F. ) ;
#559 = CARTESIAN_POINT ( 'NONE',  ( 13.66522283772204105, 11.54390249418306702, -1.000000000000000000 ) ) ;
#560 = DIRECTION ( 'NONE',  ( 4.724328728373313618E-16, -1.000000000000000000, 0.000000000000000000 ) ) ;
#561 = VERTEX_POINT ( 'NONE', #3280 ) ;
#562 = ORIENTED_EDGE ( 'NONE', *, *, #425, .T. ) ;
#563 = DIRECTION ( 'NONE',  ( -1.000000000000000000, 0.000000000000000000, 0.000000000000000000 ) ) ;
#564 = ORIENTED_EDGE ( 'NONE', *, *, #425, .F. ) ;
#565 = AXIS2_PLACEMENT_3D ( 'NONE', #1891, #1102, #1943 ) ;
#566 = EDGE_LOOP ( 'NONE', ( #2470, #2420, #2825, #1066 ) ) ;
#567 = COORDINATED_UNIVERSAL_TIME_OFFSET ( 8, 0, .AHEAD. ) ;
#568 = CYLINDRICAL_SURFACE ( 'NONE', #468, 18.99999999999380051 ) ;
#569 = CARTESIAN_POINT ( 'NONE',  ( -2.500000000004933831, 17.82554346996894168, 0.000000000000000000 ) ) ;
#570 = ORIENTED_EDGE ( 'NONE', *, *, #1794, .T. ) ;
#571 = APPLICATION_CONTEXT ( 'configuration controlled 3d designs of mechanical parts and assemblies' ) ;
#572 = CARTESIAN_POINT ( 'NONE',  ( 20.00000000000000000, 15.25000000000001421, -1.000000000000000000 ) ) ;
#573 = DIRECTION ( 'NONE',  ( 6.992006517994754656E-15, 1.000000000000000000, 0.000000000000000000 ) ) ;
#574 = CARTESIAN_POINT ( 'NONE',  ( -17.99999999999998579, 20.00000000000000000, 0.000000000000000000 ) ) ;
#575 = DIRECTION ( 'NONE',  ( 0.000000000000000000, 0.000000000000000000, 1.000000000000000000 ) ) ;
#576 = ADVANCED_FACE ( 'NONE', ( #3298 ), #2718, .F. ) ;
#577 = ORIENTED_EDGE ( 'NONE', *, *, #1024, .T. ) ;
#578 = CARTESIAN_POINT ( 'NONE',  ( -17.82554346996894523, -2.500000000005136780, 0.000000000000000000 ) ) ;
#579 = DIRECTION ( 'NONE',  ( 0.000000000000000000, 0.000000000000000000, 1.000000000000000000 ) ) ;
#580 = EDGE_CURVE ( 'NONE', #1294, #680, #1182, .T. ) ;
#581 = ORIENTED_EDGE ( 'NONE', *, *, #2683, .T. ) ;
#582 = AXIS2_PLACEMENT_3D ( 'NONE', #3416, #3172, #2901 ) ;
#583 = DIRECTION ( 'NONE',  ( 0.000000000000000000, 0.000000000000000000, 1.000000000000000000 ) ) ;
#584 = ORIENTED_EDGE ( 'NONE', *, *, #961, .F. ) ;
#585 = ORIENTED_EDGE ( 'NONE', *, *, #2343, .T. ) ;
#586 = PERSON_AND_ORGANIZATION ( #2987, #979 ) ;
#587 = FACE_OUTER_BOUND ( 'NONE', #1241, .T. ) ;
#588 = VECTOR ( 'NONE', #122, 1000.000000000000000 ) ;
#589 = EDGE_LOOP ( 'NONE', ( #1552, #2855, #2324, #2810 ) ) ;
#590 = EDGE_LOOP ( 'NONE', ( #1777, #1695, #646, #1263 ) ) ;
#591 = DIRECTION ( 'NONE',  ( 1.000000000000000000, 0.000000000000000000, 0.000000000000000000 ) ) ;
#592 = CARTESIAN_POINT ( 'NONE',  ( -1.499999999985479393, -17.82554346997166661, -1.000000000000000000 ) ) ;
#593 = CARTESIAN_POINT ( 'NONE',  ( -7.881276583280840242, 4.345742677340973081, 0.000000000000000000 ) ) ;
#594 = CARTESIAN_POINT ( 'NONE',  ( -10.83679571298068822, -14.37232961892053140, 0.000000000000000000 ) ) ;
#595 = VECTOR ( 'NONE', #2829, 1000.000000000000000 ) ;
#596 = AXIS2_PLACEMENT_3D ( 'NONE', #711, #2075, #2059 ) ;
#597 = DIRECTION ( 'NONE',  ( 0.000000000000000000, 0.000000000000000000, 1.000000000000000000 ) ) ;
#598 = DIRECTION ( 'NONE',  ( 1.000000000000000000, 0.000000000000000000, 0.000000000000000000 ) ) ;
#599 = VERTEX_POINT ( 'NONE', #2959 ) ;
#600 = ADVANCED_FACE ( 'NONE', ( #2741 ), #3034, .F. ) ;
#601 = DIRECTION ( 'NONE',  ( 1.000000000000000000, 0.000000000000000000, 0.000000000000000000 ) ) ;
#602 = ORIENTED_EDGE ( 'NONE', *, *, #832, .T. ) ;
#603 = EDGE_CURVE ( 'NONE', #733, #561, #292, .T. ) ;
#604 = AXIS2_PLACEMENT_3D ( 'NONE', #2238, #906, #652 ) ;
#605 = EDGE_CURVE ( 'NONE', #3423, #2838, #1009, .T. ) ;
#606 = VERTEX_POINT ( 'NONE', #1083 ) ;
#607 = ORIENTED_EDGE ( 'NONE', *, *, #620, .T. ) ;
#608 = LINE ( 'NONE', #2497, #2553 ) ;
#609 = LINE ( 'NONE', #336, #728 ) ;
#610 = DIRECTION ( 'NONE',  ( -1.000000000000000000, 0.000000000000000000, 0.000000000000000000 ) ) ;
#611 = FACE_OUTER_BOUND ( 'NONE', #3392, .T. ) ;
#612 = ORIENTED_EDGE ( 'NONE', *, *, #2171, .T. ) ;
#613 = AXIS2_PLACEMENT_3D ( 'NONE', #594, #856, #268 ) ;
#614 = AXIS2_PLACEMENT_3D ( 'NONE', #1603, #2405, #1898 ) ;
#615 = ORIENTED_EDGE ( 'NONE', *, *, #71, .F. ) ;
#616 = CARTESIAN_POINT ( 'NONE',  ( 7.174169802084408687, 5.052849458545458639, -1.000000000000000000 ) ) ;
#617 = DIRECTION ( 'NONE',  ( 1.000000000000000000, 0.000000000000000000, 0.000000000000000000 ) ) ;
#618 = ORIENTED_EDGE ( 'NONE', *, *, #2462, .T. ) ;
#619 = ORIENTED_EDGE ( 'NONE', *, *, #2985, .T. ) ;
#620 = EDGE_CURVE ( 'NONE', #1550, #3032, #1463, .T. ) ;
#621 = VERTEX_POINT ( 'NONE', #37 ) ;
#622 = ADVANCED_FACE ( 'NONE', ( #553 ), #2448, .F. ) ;
#623 = ORIENTED_EDGE ( 'NONE', *, *, #810, .T. ) ;
#624 = VECTOR ( 'NONE', #2127, 1000.000000000000000 ) ;
#625 = CARTESIAN_POINT ( 'NONE',  ( 20.00000000000000000, -15.25000000000001421, -1.000000000000000000 ) ) ;
#626 = FACE_OUTER_BOUND ( 'NONE', #1983, .T. ) ;
#627 = DIRECTION ( 'NONE',  ( 0.000000000000000000, 0.000000000000000000, 1.000000000000000000 ) ) ;
#628 = CYLINDRICAL_SURFACE ( 'NONE', #1820, 0.9999999999999991118 ) ;
#629 = DIRECTION ( 'NONE',  ( 1.000000000000000000, 0.000000000000000000, 0.000000000000000000 ) ) ;
#630 = DIRECTION ( 'NONE',  ( 1.000000000000000000, 0.000000000000000000, 0.000000000000000000 ) ) ;
#631 = ORIENTED_EDGE ( 'NONE', *, *, #2206, .T. ) ;
#632 = VERTEX_POINT ( 'NONE', #3264 ) ;
#633 = EDGE_LOOP ( 'NONE', ( #1826, #1265, #1958, #1360, #1212, #2487, #2291, #903, #3410 ) ) ;
#634 = VERTEX_POINT ( 'NONE', #3329 ) ;
#635 = EDGE_CURVE ( 'NONE', #3236, #2561, #2559, .T. ) ;
#636 = AXIS2_PLACEMENT_3D ( 'NONE', #1248, #2296, #2597 ) ;
#637 = CARTESIAN_POINT ( 'NONE',  ( 7.685162873673847983, 2.222222222226483357, -1.000000000000000000 ) ) ;
#638 = CARTESIAN_POINT ( 'NONE',  ( 13.66522283772204105, 11.54390249418306702, 0.000000000000000000 ) ) ;
#639 = DIRECTION ( 'NONE',  ( 1.000000000000000000, 0.000000000000000000, 0.000000000000000000 ) ) ;
#640 = DIRECTION ( 'NONE',  ( 0.000000000000000000, 0.000000000000000000, 1.000000000000000000 ) ) ;
#641 = EDGE_CURVE ( 'NONE', #1426, #2791, #1338, .T. ) ;
#642 = VECTOR ( 'NONE', #1770, 1000.000000000000000 ) ;
#643 = DIRECTION ( 'NONE',  ( 0.000000000000000000, 0.000000000000000000, 1.000000000000000000 ) ) ;
#644 = CARTESIAN_POINT ( 'NONE',  ( -5.052849458527492565, -7.174169802094302995, -1.000000000000000000 ) ) ;
#645 = VECTOR ( 'NONE', #2379, 1000.000000000000000 ) ;
#646 = ORIENTED_EDGE ( 'NONE', *, *, #798, .F. ) ;
#647 = ORIENTED_EDGE ( 'NONE', *, *, #2653, .T. ) ;
#648 = AXIS2_PLACEMENT_3D ( 'NONE', #140, #415, #1237 ) ;
#649 = EDGE_LOOP ( 'NONE', ( #3324, #545, #1242, #3075 ) ) ;
#650 = VERTEX_POINT ( 'NONE', #936 ) ;
#651 = DIRECTION ( 'NONE',  ( -1.000000000000000000, 0.000000000000000000, 0.000000000000000000 ) ) ;
#652 = DIRECTION ( 'NONE',  ( 1.000000000000000000, 0.000000000000000000, 0.000000000000000000 ) ) ;
#653 = CARTESIAN_POINT ( 'NONE',  ( -18.81585144052603553, 2.638888888873526906, -1.000000000000000000 ) ) ;
#654 = LINE ( 'NONE', #2534, #871 ) ;
#655 = ADVANCED_FACE ( 'NONE', ( #3094 ), #3079, .T. ) ;
#656 = AXIS2_PLACEMENT_3D ( 'NONE', #1620, #2134, #1085 ) ;
#657 = DIRECTION ( 'NONE',  ( -1.000000000000000000, 0.000000000000000000, 0.000000000000000000 ) ) ;
#658 = FACE_OUTER_BOUND ( 'NONE', #1557, .T. ) ;
#659 = CYLINDRICAL_SURFACE ( 'NONE', #2685, 0.9999999999999965583 ) ;
#660 = EDGE_CURVE ( 'NONE', #2808, #1283, #1496, .T. ) ;
#661 = EDGE_CURVE ( 'NONE', #634, #2116, #1948, .T. ) ;
#662 = VERTEX_POINT ( 'NONE', #1717 ) ;
#663 = VECTOR ( 'NONE', #1304, 1000.000000000000000 ) ;
#664 = ORIENTED_EDGE ( 'NONE', *, *, #3194, .T. ) ;
#665 = VERTEX_POINT ( 'NONE', #2295 ) ;
#666 = EDGE_LOOP ( 'NONE', ( #3041, #1844, #866, #2647 ) ) ;
#667 = EDGE_LOOP ( 'NONE', ( #2777, #1755, #2160, #2358 ) ) ;
#668 = CYLINDRICAL_SURFACE ( 'NONE', #878, 1.999999999999998224 ) ;
#669 = DIRECTION ( 'NONE',  ( 1.000000000000000000, 0.000000000000000000, 0.000000000000000000 ) ) ;
#670 = FACE_BOUND ( 'NONE', #2139, .T. ) ;
#671 = DIRECTION ( 'NONE',  ( 1.000000000000000000, 0.000000000000000000, 0.000000000000000000 ) ) ;
#672 = VECTOR ( 'NONE', #270, 1000.000000000000000 ) ;
#673 = CYLINDRICAL_SURFACE ( 'NONE', #307, 1.000000000000000888 ) ;
#674 = ADVANCED_FACE ( 'NONE', ( #429 ), #3048, .T. ) ;
#675 = CARTESIAN_POINT ( 'NONE',  ( -15.17079237552747628, 11.43883991925765820, -1.000000000000000000 ) ) ;
#676 = DIRECTION ( 'NONE',  ( 0.000000000000000000, 0.000000000000000000, 1.000000000000000000 ) ) ;
#677 = VERTEX_POINT ( 'NONE', #1749 ) ;
#678 = ADVANCED_FACE ( 'NONE', ( #1433 ), #3316, .F. ) ;
#679 = EDGE_CURVE ( 'NONE', #1668, #2986, #3111, .T. ) ;
#680 = VERTEX_POINT ( 'NONE', #1705 ) ;
#681 = ORIENTED_EDGE ( 'NONE', *, *, #1141, .F. ) ;
#682 = EDGE_LOOP ( 'NONE', ( #887, #1380, #885, #2122 ) ) ;
#683 = LINE ( 'NONE', #1571, #1606 ) ;
#684 = DIRECTION ( 'NONE',  ( -1.000000000000000000, 0.000000000000000000, 0.000000000000000000 ) ) ;
#685 = DIRECTION ( 'NONE',  ( 1.000000000000000000, 0.000000000000000000, 0.000000000000000000 ) ) ;
#686 = CARTESIAN_POINT ( 'NONE',  ( 17.82554346997167016, -1.499999999985416554, -1.000000000000000000 ) ) ;
#687 = VECTOR ( 'NONE', #3130, 1000.000000000000000 ) ;
#688 = FACE_OUTER_BOUND ( 'NONE', #2590, .T. ) ;
#689 = CARTESIAN_POINT ( 'NONE',  ( 3.862882379858116444, 7.005579185137666975, -1.000000000000000000 ) ) ;
#690 = CARTESIAN_POINT ( 'NONE',  ( 2.638888888873515359, 18.81585144052603908, -1.000000000000000000 ) ) ;
#691 = VECTOR ( 'NONE', #1892, 1000.000000000000000 ) ;
#692 = ORIENTED_EDGE ( 'NONE', *, *, #3170, .F. ) ;
#693 = ADVANCED_FACE ( 'NONE', ( #2036 ), #3063, .F. ) ;
#694 = AXIS2_PLACEMENT_3D ( 'NONE', #3166, #2072, #1533 ) ;
#695 = CIRCLE ( 'NONE', #3010, 0.9999999999999991118 ) ;
#696 = EDGE_CURVE ( 'NONE', #1320, #2515, #2684, .T. ) ;
#697 = CIRCLE ( 'NONE', #2731, 7.999999999990776267 ) ;
#698 = EDGE_CURVE ( 'NONE', #775, #958, #1218, .T. ) ;
#699 = EDGE_CURVE ( 'NONE', #2951, #3407, #1676, .T. ) ;
#700 = AXIS2_PLACEMENT_3D ( 'NONE', #3302, #3068, #598 ) ;
#701 = ORIENTED_EDGE ( 'NONE', *, *, #2164, .F. ) ;
#702 = ORIENTED_EDGE ( 'NONE', *, *, #3409, .T. ) ;
#703 = EDGE_CURVE ( 'NONE', #3260, #1348, #3015, .T. ) ;
#704 = AXIS2_PLACEMENT_3D ( 'NONE', #1191, #1998, #601 ) ;
#705 = ORIENTED_EDGE ( 'NONE', *, *, #3268, .F. ) ;
#706 = CARTESIAN_POINT ( 'NONE',  ( 0.000000000000000000, 0.000000000000000000, -1.000000000000000000 ) ) ;
#707 = CYLINDRICAL_SURFACE ( 'NONE', #1184, 18.99999999999382183 ) ;
#708 = LINE ( 'NONE', #2862, #2090 ) ;
#709 = LINE ( 'NONE', #446, #3473 ) ;
#710 = DIRECTION ( 'NONE',  ( 1.000000000000000000, 0.000000000000000000, 0.000000000000000000 ) ) ;
#711 = CARTESIAN_POINT ( 'NONE',  ( 0.000000000000000000, 0.000000000000000000, 0.000000000000000000 ) ) ;
#712 = CARTESIAN_POINT ( 'NONE',  ( -18.81585144052603553, 2.638888888873526906, -1.000000000000000000 ) ) ;
#713 = ORIENTED_EDGE ( 'NONE', *, *, #388, .F. ) ;
#714 = VECTOR ( 'NONE', #3361, 1000.000000000000000 ) ;
#715 = AXIS2_PLACEMENT_3D ( 'NONE', #2854, #2624, #2903 ) ;
#716 = CIRCLE ( 'NONE', #3251, 1.999999999999994893 ) ;
#717 = ORIENTED_EDGE ( 'NONE', *, *, #1258, .F. ) ;
#718 = VERTEX_POINT ( 'NONE', #1975 ) ;
#719 = ORIENTED_EDGE ( 'NONE', *, *, #1703, .F. ) ;
#720 = VERTEX_POINT ( 'NONE', #638 ) ;
#721 = DIRECTION ( 'NONE',  ( 0.000000000000000000, 0.000000000000000000, 1.000000000000000000 ) ) ;
#722 = EDGE_CURVE ( 'NONE', #1408, #424, #2386, .T. ) ;
#723 = DIRECTION ( 'NONE',  ( 0.000000000000000000, 0.000000000000000000, 1.000000000000000000 ) ) ;
#724 = DIRECTION ( 'NONE',  ( 0.000000000000000000, 1.000000000000000000, 0.000000000000000000 ) ) ;
#725 = LINE ( 'NONE', #990, #2082 ) ;
#726 = DIRECTION ( 'NONE',  ( -1.000000000000000000, 0.000000000000000000, 0.000000000000000000 ) ) ;
#727 = CARTESIAN_POINT ( 'NONE',  ( 13.66522283773402435, -11.54390249416718284, -1.000000000000000000 ) ) ;
#728 = VECTOR ( 'NONE', #1924, 1000.000000000000000 ) ;
#729 = ORIENTED_EDGE ( 'NONE', *, *, #1543, .F. ) ;
#730 = AXIS2_PLACEMENT_3D ( 'NONE', #1247, #1003, #2877 ) ;
#731 = DIRECTION ( 'NONE',  ( -0.7071067811865509034, -0.7071067811865441310, 0.000000000000000000 ) ) ;
#732 = ORIENTED_EDGE ( 'NONE', *, *, #2980, .T. ) ;
#733 = VERTEX_POINT ( 'NONE', #2517 ) ;
#734 = ORIENTED_EDGE ( 'NONE', *, *, #3046, .T. ) ;
#735 = ORIENTED_EDGE ( 'NONE', *, *, #1721, .T. ) ;
#736 = FACE_OUTER_BOUND ( 'NONE', #2573, .T. ) ;
#737 = CYLINDRICAL_SURFACE ( 'NONE', #789, 1.000000000000000000 ) ;
#738 = LINE ( 'NONE', #3395, #687 ) ;
#739 = DIRECTION ( 'NONE',  ( -3.165300248010120390E-15, -1.000000000000000000, 0.000000000000000000 ) ) ;
#740 = AXIS2_PLACEMENT_3D ( 'NONE', #18, #2368, #1081 ) ;
#741 = EDGE_CURVE ( 'NONE', #1565, #1761, #3202, .T. ) ;
#742 = AXIS2_PLACEMENT_3D ( 'NONE', #383, #450, #2011 ) ;
#743 = FACE_OUTER_BOUND ( 'NONE', #682, .T. ) ;
#744 = CARTESIAN_POINT ( 'NONE',  ( 7.881276583270955705, 4.345742677358909845, -1.000000000000000000 ) ) ;
#745 = DIRECTION ( 'NONE',  ( 0.000000000000000000, 0.000000000000000000, 1.000000000000000000 ) ) ;
#746 = EDGE_CURVE ( 'NONE', #876, #3159, #15, .T. ) ;
#747 = EDGE_CURVE ( 'NONE', #1550, #1856, #1780, .T. ) ;
#748 = ADVANCED_FACE ( 'NONE', ( #3468 ), #1796, .F. ) ;
#749 = DIRECTION ( 'NONE',  ( 1.000000000000000000, 0.000000000000000000, 0.000000000000000000 ) ) ;
#750 = VECTOR ( 'NONE', #2313, 1000.000000000000000 ) ;
#751 = ORIENTED_EDGE ( 'NONE', *, *, #1609, .T. ) ;
#752 = AXIS2_PLACEMENT_3D ( 'NONE', #2432, #1869, #2940 ) ;
#753 = CARTESIAN_POINT ( 'NONE',  ( 23.57404796879308506, -8.544500781088727210E-16, -1.000000000000000000 ) ) ;
#754 = CIRCLE ( 'NONE', #2727, 1.999999999999998224 ) ;
#755 = VERTEX_POINT ( 'NONE', #3428 ) ;
#756 = ORIENTED_EDGE ( 'NONE', *, *, #1756, .T. ) ;
#757 = APPROVAL_PERSON_ORGANIZATION ( #586, #69, #850 ) ;
#758 = ORIENTED_EDGE ( 'NONE', *, *, #2552, .F. ) ;
#759 = DIRECTION ( 'NONE',  ( 1.000000000000000000, 0.000000000000000000, 0.000000000000000000 ) ) ;
#760 = CARTESIAN_POINT ( 'NONE',  ( 11.54390249416717396, 13.66522283773407942, -1.000000000000000000 ) ) ;
#761 = CARTESIAN_POINT ( 'NONE',  ( 26.25000000000000000, -13.25000000000000000, -1.000000000000000000 ) ) ;
#762 = LINE ( 'NONE', #686, #96 ) ;
#763 = ORIENTED_EDGE ( 'NONE', *, *, #507, .F. ) ;
#764 = CARTESIAN_POINT ( 'NONE',  ( -17.82554346996894523, -2.500000000005136780, -1.000000000000000000 ) ) ;
#765 = LINE ( 'NONE', #245, #868 ) ;
#766 = LINE ( 'NONE', #2374, #1956 ) ;
#767 = ADVANCED_FACE ( 'NONE', ( #1267 ), #707, .F. ) ;
#768 = CARTESIAN_POINT ( 'NONE',  ( 1.500000000005085266, -8.645808232884196087, -1.000000000000000000 ) ) ;
#769 = ADVANCED_FACE ( 'NONE', ( #2596 ), #1517, .F. ) ;
#770 = EDGE_CURVE ( 'NONE', #3032, #2234, #2246, .T. ) ;
#771 = ORIENTED_EDGE ( 'NONE', *, *, #916, .T. ) ;
#772 = AXIS2_PLACEMENT_3D ( 'NONE', #3120, #3135, #1291 ) ;
#773 = CARTESIAN_POINT ( 'NONE',  ( -1.499999999985415222, -8.645808232889896416, -1.000000000000000000 ) ) ;
#774 = EDGE_LOOP ( 'NONE', ( #2046, #2063, #3296, #2340 ) ) ;
#775 = VERTEX_POINT ( 'NONE', #1058 ) ;
#776 = CALENDAR_DATE ( 2025, 11, 8 ) ;
#777 = LINE ( 'NONE', #444, #2575 ) ;
#778 = DIRECTION ( 'NONE',  ( 1.000000000000000000, 0.000000000000000000, -0.000000000000000000 ) ) ;
#779 = CARTESIAN_POINT ( 'NONE',  ( 18.00000000000000355, 18.00000000000000355, 0.000000000000000000 ) ) ;
#780 = ORIENTED_EDGE ( 'NONE', *, *, #2344, .F. ) ;
#781 = FACE_OUTER_BOUND ( 'NONE', #1255, .T. ) ;
#782 = PLANE ( 'NONE',  #369 ) ;
#783 = CARTESIAN_POINT ( 'NONE',  ( 15.17079237551489435, 11.43883991927430976, -1.000000000000000000 ) ) ;
#784 = ORIENTED_EDGE ( 'NONE', *, *, #3404, .F. ) ;
#785 = DIRECTION ( 'NONE',  ( 0.000000000000000000, 0.000000000000000000, 1.000000000000000000 ) ) ;
#786 = CARTESIAN_POINT ( 'NONE',  ( 8.645808232884192535, 1.500000000005116130, -1.000000000000000000 ) ) ;
#787 = VERTEX_POINT ( 'NONE', #760 ) ;
#788 = CARTESIAN_POINT ( 'NONE',  ( 20.00000000000000000, -17.99999999999998934, -1.000000000000000000 ) ) ;
#789 = AXIS2_PLACEMENT_3D ( 'NONE', #1572, #2636, #527 ) ;
#790 = ORIENTED_EDGE ( 'NONE', *, *, #2451, .F. ) ;
#791 = EDGE_CURVE ( 'NONE', #269, #2124, #240, .T. ) ;
#792 = ORIENTED_EDGE ( 'NONE', *, *, #1889, .F. ) ;
#793 = CALENDAR_DATE ( 2025, 11, 8 ) ;
#794 = LINE ( 'NONE', #23, #672 ) ;
#795 = FACE_OUTER_BOUND ( 'NONE', #1941, .T. ) ;
#796 = LINE ( 'NONE', #2714, #1684 ) ;
#797 = CARTESIAN_POINT ( 'NONE',  ( -18.00000000000000355, 15.99999999999999645, 0.000000000000000000 ) ) ;
#798 = EDGE_CURVE ( 'NONE', #680, #197, #179, .T. ) ;
#799 = FACE_OUTER_BOUND ( 'NONE', #1686, .T. ) ;
#800 = DIRECTION ( 'NONE',  ( 1.000000000000000000, 0.000000000000000000, 0.000000000000000000 ) ) ;
#801 = LINE ( 'NONE', #2176, #3227 ) ;
#802 = CYLINDRICAL_SURFACE ( 'NONE', #752, 1.999999999999996669 ) ;
#803 = ORIENTED_EDGE ( 'NONE', *, *, #3368, .F. ) ;
#804 = CARTESIAN_POINT ( 'NONE',  ( 18.00000000000000355, 18.00000000000000355, -1.000000000000000000 ) ) ;
#805 = PLANE ( 'NONE',  #3391 ) ;
#806 = EDGE_LOOP ( 'NONE', ( #2279, #525, #933, #1899 ) ) ;
#807 = CIRCLE ( 'NONE', #1933, 1.000000000000000888 ) ;
#808 = PLANE ( 'NONE',  #2512 ) ;
#809 = EDGE_LOOP ( 'NONE', ( #334, #1390, #3234, #1743 ) ) ;
#810 = EDGE_CURVE ( 'NONE', #3244, #3358, #2858, .T. ) ;
#811 = VECTOR ( 'NONE', #1577, 1000.000000000000000 ) ;
#812 = ORIENTED_EDGE ( 'NONE', *, *, #1001, .T. ) ;
#813 = EDGE_CURVE ( 'NONE', #2116, #634, #2135, .T. ) ;
#814 = EDGE_CURVE ( 'NONE', #48, #316, #3183, .T. ) ;
#815 = DIRECTION ( 'NONE',  ( 1.000000000000000000, 0.000000000000000000, 0.000000000000000000 ) ) ;
#816 = CARTESIAN_POINT ( 'NONE',  ( -11.54390249418308478, 13.66522283772208546, -1.000000000000000000 ) ) ;
#817 = EDGE_CURVE ( 'NONE', #1681, #1294, #777, .T. ) ;
#818 = VERTEX_POINT ( 'NONE', #1018 ) ;
#819 = CIRCLE ( 'NONE', #1992, 1.000000000000001776 ) ;
#820 = DIRECTION ( 'NONE',  ( 1.000000000000000000, 0.000000000000000000, 0.000000000000000000 ) ) ;
#821 = CARTESIAN_POINT ( 'NONE',  ( 15.17079237552753490, -11.43883991925754806, -1.000000000000000000 ) ) ;
#822 = CARTESIAN_POINT ( 'NONE',  ( -4.000000000000537348, 4.898587196590070541E-16, -1.000000000000000000 ) ) ;
#823 = CARTESIAN_POINT ( 'NONE',  ( -13.99999999999998934, -15.99999999999999645, 0.000000000000000000 ) ) ;
#824 = CIRCLE ( 'NONE', #1158, 18.99999999999380051 ) ;
#825 = LINE ( 'NONE', #1639, #484 ) ;
#826 = CARTESIAN_POINT ( 'NONE',  ( 2.499999999985407229, 8.645808232889910627, -1.000000000000000000 ) ) ;
#827 = ORIENTED_EDGE ( 'NONE', *, *, #798, .T. ) ;
#828 = ORIENTED_EDGE ( 'NONE', *, *, #1180, .T. ) ;
#829 = DIRECTION ( 'NONE',  ( 0.000000000000000000, 0.000000000000000000, 1.000000000000000000 ) ) ;
#830 = ORIENTED_EDGE ( 'NONE', *, *, #838, .F. ) ;
#831 = EDGE_LOOP ( 'NONE', ( #213, #1179, #3180, #3158 ) ) ;
#832 = EDGE_CURVE ( 'NONE', #424, #7, #3039, .T. ) ;
#833 = CALENDAR_DATE ( 2025, 11, 8 ) ;
#834 = CARTESIAN_POINT ( 'NONE',  ( 5.052849458527487236, 7.174169802094340298, -1.000000000000000000 ) ) ;
#835 = DIRECTION ( 'NONE',  ( 0.000000000000000000, 0.000000000000000000, 1.000000000000000000 ) ) ;
#836 = DIRECTION ( 'NONE',  ( 0.000000000000000000, 0.000000000000000000, 1.000000000000000000 ) ) ;
#837 = AXIS2_PLACEMENT_3D ( 'NONE', #753, #2141, #1075 ) ;
#838 = EDGE_CURVE ( 'NONE', #2356, #2674, #3145, .T. ) ;
#839 = CYLINDRICAL_SURFACE ( 'NONE', #2600, 4.000000000000537348 ) ;
#840 = DIRECTION ( 'NONE',  ( -1.000000000000000000, 0.000000000000000000, 0.000000000000000000 ) ) ;
#841 = DIRECTION ( 'NONE',  ( -0.7071067811865487940, -0.7071067811865463515, 0.000000000000000000 ) ) ;
#842 = LINE ( 'NONE', #1910, #3004 ) ;
#843 = DIRECTION ( 'NONE',  ( 0.000000000000000000, 0.000000000000000000, 1.000000000000000000 ) ) ;
#844 = LINE ( 'NONE', #1354, #1257 ) ;
#845 = ORIENTED_EDGE ( 'NONE', *, *, #1563, .F. ) ;
#846 = DIRECTION ( 'NONE',  ( 1.000000000000000000, 0.000000000000000000, 0.000000000000000000 ) ) ;
#847 = ORIENTED_EDGE ( 'NONE', *, *, #2280, .F. ) ;
#848 = AXIS2_PLACEMENT_3D ( 'NONE', #764, #1576, #2394 ) ;
#849 = ORIENTED_EDGE ( 'NONE', *, *, #2262, .F. ) ;
#850 = APPROVAL_ROLE ( '' ) ;
#851 = DIRECTION ( 'NONE',  ( 0.000000000000000000, 0.000000000000000000, 1.000000000000000000 ) ) ;
#852 = ORIENTED_EDGE ( 'NONE', *, *, #920, .T. ) ;
#853 = DIRECTION ( 'NONE',  ( 0.000000000000000000, 0.000000000000000000, 1.000000000000000000 ) ) ;
#854 = CARTESIAN_POINT ( 'NONE',  ( 20.00000000000000000, 15.25000000000001421, 0.000000000000000000 ) ) ;
#855 = DIRECTION ( 'NONE',  ( -1.000000000000000000, 1.417298618512443785E-16, 0.000000000000000000 ) ) ;
#856 = DIRECTION ( 'NONE',  ( 0.000000000000000000, 0.000000000000000000, 1.000000000000000000 ) ) ;
#857 = EDGE_CURVE ( 'NONE', #3024, #3444, #2861, .T. ) ;
#858 = ORIENTED_EDGE ( 'NONE', *, *, #814, .T. ) ;
#859 = EDGE_CURVE ( 'NONE', #2757, #2951, #1698, .T. ) ;
#860 = DIRECTION ( 'NONE',  ( 1.000000000000000000, 0.000000000000000000, 0.000000000000000000 ) ) ;
#861 = PLANE ( 'NONE',  #1381 ) ;
#862 = EDGE_CURVE ( 'NONE', #958, #3216, #1531, .T. ) ;
#863 = ORIENTED_EDGE ( 'NONE', *, *, #2301, .T. ) ;
#864 = AXIS2_PLACEMENT_3D ( 'NONE', #3189, #3150, #2112 ) ;
#865 = LINE ( 'NONE', #3367, #1495 ) ;
#866 = ORIENTED_EDGE ( 'NONE', *, *, #605, .F. ) ;
#867 = AXIS2_PLACEMENT_3D ( 'NONE', #3205, #259, #1612 ) ;
#868 = VECTOR ( 'NONE', #2902, 1000.000000000000000 ) ;
#869 = ORIENTED_EDGE ( 'NONE', *, *, #2886, .T. ) ;
#870 = ORIENTED_EDGE ( 'NONE', *, *, #2371, .T. ) ;
#871 = VECTOR ( 'NONE', #139, 1000.000000000000000 ) ;
#872 = DIRECTION ( 'NONE',  ( 0.000000000000000000, 0.000000000000000000, 1.000000000000000000 ) ) ;
#873 = CARTESIAN_POINT ( 'NONE',  ( 0.000000000000000000, 0.000000000000000000, -1.000000000000000000 ) ) ;
#874 = CARTESIAN_POINT ( 'NONE',  ( 17.82554346996891681, 1.500000000005120571, -1.000000000000000000 ) ) ;
#875 = LINE ( 'NONE', #1945, #145 ) ;
#876 = VERTEX_POINT ( 'NONE', #2896 ) ;
#877 = ORIENTED_EDGE ( 'NONE', *, *, #1739, .F. ) ;
#878 = AXIS2_PLACEMENT_3D ( 'NONE', #2548, #2767, #364 ) ;
#879 = AXIS2_PLACEMENT_3D ( 'NONE', #3023, #1709, #2772 ) ;
#880 = CYLINDRICAL_SURFACE ( 'NONE', #3, 1.000000000000000888 ) ;
#881 = DIRECTION ( 'NONE',  ( 0.000000000000000000, 0.000000000000000000, 1.000000000000000000 ) ) ;
#882 = CIRCLE ( 'NONE', #102, 1.999999999999998224 ) ;
#883 = ORIENTED_EDGE ( 'NONE', *, *, #1802, .F. ) ;
#884 = ADVANCED_FACE ( 'NONE', ( #494 ), #737, .F. ) ;
#885 = ORIENTED_EDGE ( 'NONE', *, *, #229, .T. ) ;
#886 = AXIS2_PLACEMENT_3D ( 'NONE', #2781, #1450, #1202 ) ;
#887 = ORIENTED_EDGE ( 'NONE', *, *, #1090, .F. ) ;
#888 = VERTEX_POINT ( 'NONE', #1862 ) ;
#889 = FACE_OUTER_BOUND ( 'NONE', #2778, .T. ) ;
#890 = DIRECTION ( 'NONE',  ( 0.000000000000000000, 0.000000000000000000, 1.000000000000000000 ) ) ;
#891 = DIRECTION ( 'NONE',  ( 0.000000000000000000, 0.000000000000000000, 1.000000000000000000 ) ) ;
#892 = LINE ( 'NONE', #2500, #2599 ) ;
#893 = AXIS2_PLACEMENT_3D ( 'NONE', #3174, #176, #2572 ) ;
#894 = VECTOR ( 'NONE', #1864, 1000.000000000000000 ) ;
#895 = AXIS2_PLACEMENT_3D ( 'NONE', #356, #1656, #2485 ) ;
#896 = CARTESIAN_POINT ( 'NONE',  ( -17.99999999999998579, 20.00000000000000000, 0.000000000000000000 ) ) ;
#897 = DIRECTION ( 'NONE',  ( 0.000000000000000000, 0.000000000000000000, 1.000000000000000000 ) ) ;
#898 = ORIENTED_EDGE ( 'NONE', *, *, #1638, .T. ) ;
#899 = EDGE_LOOP ( 'NONE', ( #1228, #1808, #3406, #1464 ) ) ;
#900 = EDGE_CURVE ( 'NONE', #3192, #3124, #2931, .T. ) ;
#901 = ORIENTED_EDGE ( 'NONE', *, *, #1333, .T. ) ;
#902 = EDGE_CURVE ( 'NONE', #506, #3444, #794, .T. ) ;
#903 = ORIENTED_EDGE ( 'NONE', *, *, #1721, .F. ) ;
#904 = VECTOR ( 'NONE', #2054, 1000.000000000000000 ) ;
#905 = CARTESIAN_POINT ( 'NONE',  ( 2.500000000005056400, -17.82554346996892392, 0.000000000000000000 ) ) ;
#906 = DIRECTION ( 'NONE',  ( 0.000000000000000000, 0.000000000000000000, 1.000000000000000000 ) ) ;
#907 = CARTESIAN_POINT ( 'NONE',  ( 0.000000000000000000, 0.000000000000000000, -1.000000000000000000 ) ) ;
#908 = CARTESIAN_POINT ( 'NONE',  ( 18.81585144052307967, 2.638888888894338702, -1.000000000000000000 ) ) ;
#909 = CARTESIAN_POINT ( 'NONE',  ( 26.25000000000000000, -13.25000000000000000, 0.000000000000000000 ) ) ;
#910 = DIRECTION ( 'NONE',  ( 0.000000000000000000, 0.000000000000000000, 1.000000000000000000 ) ) ;
#911 = ORIENTED_EDGE ( 'NONE', *, *, #110, .F. ) ;
#912 = VERTEX_POINT ( 'NONE', #2416 ) ;
#913 = EDGE_CURVE ( 'NONE', #1279, #2003, #2870, .T. ) ;
#914 = ORIENTED_EDGE ( 'NONE', *, *, #1934, .T. ) ;
#915 = ORIENTED_EDGE ( 'NONE', *, *, #2089, .T. ) ;
#916 = EDGE_CURVE ( 'NONE', #2031, #3278, #2194, .T. ) ;
#917 = CIRCLE ( 'NONE', #3225, 18.99999999999380407 ) ;
#918 = PLANE ( 'NONE',  #3169 ) ;
#919 = DIRECTION ( 'NONE',  ( 1.000000000000000000, 0.000000000000000000, 0.000000000000000000 ) ) ;
#920 = EDGE_CURVE ( 'NONE', #3322, #1790, #483, .T. ) ;
#921 = CARTESIAN_POINT ( 'NONE',  ( 0.000000000000000000, 0.000000000000000000, 0.000000000000000000 ) ) ;
#922 = DIRECTION ( 'NONE',  ( -1.000000000000000000, 0.000000000000000000, 0.000000000000000000 ) ) ;
#923 = LOCAL_TIME ( 14, 4, 40.00000000000000000, #3467 ) ;
#924 = CIRCLE ( 'NONE', #35, 1.000000000000000000 ) ;
#925 = CARTESIAN_POINT ( 'NONE',  ( 8.645808232889903522, -1.499999999985384580, 0.000000000000000000 ) ) ;
#926 = CARTESIAN_POINT ( 'NONE',  ( 17.82554346996891681, 2.500000000005118572, -1.000000000000000000 ) ) ;
#927 = CARTESIAN_POINT ( 'NONE',  ( 10.83679571299646760, -14.37232961890862448, -1.000000000000000000 ) ) ;
#928 = CIRCLE ( 'NONE', #40, 7.999999999990754063 ) ;
#929 = ORIENTED_EDGE ( 'NONE', *, *, #813, .F. ) ;
#930 = ORIENTED_EDGE ( 'NONE', *, *, #1616, .T. ) ;
#931 = ORIENTED_EDGE ( 'NONE', *, *, #3066, .T. ) ;
#932 = VERTEX_POINT ( 'NONE', #1874 ) ;
#933 = ORIENTED_EDGE ( 'NONE', *, *, #1475, .F. ) ;
#934 = EDGE_CURVE ( 'NONE', #2245, #2809, #2916, .T. ) ;
#935 = DIRECTION ( 'NONE',  ( 0.000000000000000000, 0.000000000000000000, 1.000000000000000000 ) ) ;
#936 = CARTESIAN_POINT ( 'NONE',  ( 26.25000000000000000, -13.25000000000000000, -1.000000000000000000 ) ) ;
#937 = FACE_OUTER_BOUND ( 'NONE', #2857, .T. ) ;
#938 = LINE ( 'NONE', #2799, #1602 ) ;
#939 = AXIS2_PLACEMENT_3D ( 'NONE', #1175, #643, #1785 ) ;
#940 = EDGE_CURVE ( 'NONE', #269, #755, #1746, .T. ) ;
#941 = VECTOR ( 'NONE', #745, 1000.000000000000000 ) ;
#942 = CYLINDRICAL_SURFACE ( 'NONE', #742, 1.999999999999998224 ) ;
#943 = FACE_OUTER_BOUND ( 'NONE', #1514, .T. ) ;
#944 = FACE_OUTER_BOUND ( 'NONE', #3143, .T. ) ;
#945 = ORIENTED_EDGE ( 'NONE', *, *, #3066, .F. ) ;
#946 = ORIENTED_EDGE ( 'NONE', *, *, #1993, .T. ) ;
#947 = ORIENTED_EDGE ( 'NONE', *, *, #2051, .F. ) ;
#948 = ORIENTED_EDGE ( 'NONE', *, *, #1070, .F. ) ;
#949 = LINE ( 'NONE', #2068, #595 ) ;
#950 = DIRECTION ( 'NONE',  ( 0.000000000000000000, 0.000000000000000000, 1.000000000000000000 ) ) ;
#951 = CARTESIAN_POINT ( 'NONE',  ( 8.645808232884192535, 1.500000000005116130, 0.000000000000000000 ) ) ;
#952 = CARTESIAN_POINT ( 'NONE',  ( 7.881276583280869552, -4.345742677340920679, 0.000000000000000000 ) ) ;
#953 = VECTOR ( 'NONE', #287, 1000.000000000000000 ) ;
#954 = LINE ( 'NONE', #2091, #3155 ) ;
#955 = DIRECTION ( 'NONE',  ( 1.000000000000000000, 0.000000000000000000, 0.000000000000000000 ) ) ;
#956 = DIRECTION ( 'NONE',  ( 0.000000000000000000, 0.000000000000000000, 1.000000000000000000 ) ) ;
#957 = EDGE_CURVE ( 'NONE', #256, #3423, #2019, .T. ) ;
#958 = VERTEX_POINT ( 'NONE', #2400 ) ;
#959 = ADVANCED_FACE ( 'NONE', ( #2666 ), #467, .F. ) ;
#960 = ADVANCED_FACE ( 'NONE', ( #1313 ), #1049, .F. ) ;
#961 = EDGE_CURVE ( 'NONE', #2309, #888, #1544, .T. ) ;
#962 = VERTEX_POINT ( 'NONE', #2606 ) ;
#963 = ORIENTED_EDGE ( 'NONE', *, *, #3246, .T. ) ;
#964 = ORIENTED_EDGE ( 'NONE', *, *, #2886, .F. ) ;
#965 = DIRECTION ( 'NONE',  ( 1.000000000000000000, 0.000000000000000000, 0.000000000000000000 ) ) ;
#966 = CARTESIAN_POINT ( 'NONE',  ( 20.00000000000000000, -17.99999999999998934, -1.000000000000000000 ) ) ;
#967 = CARTESIAN_POINT ( 'NONE',  ( 7.881276583270955705, 4.345742677358909845, 0.000000000000000000 ) ) ;
#968 = CARTESIAN_POINT ( 'NONE',  ( 11.54390249418301906, -13.66522283772208013, -1.000000000000000000 ) ) ;
#969 = AXIS2_PLACEMENT_3D ( 'NONE', #2252, #352, #1420 ) ;
#970 = CARTESIAN_POINT ( 'NONE',  ( 7.174169802084408687, 5.052849458545458639, -1.000000000000000000 ) ) ;
#971 = DIRECTION ( 'NONE',  ( 0.000000000000000000, 0.000000000000000000, 1.000000000000000000 ) ) ;
#972 = DIRECTION ( 'NONE',  ( 0.000000000000000000, 0.000000000000000000, 1.000000000000000000 ) ) ;
#973 = VECTOR ( 'NONE', #3281, 1000.000000000000000 ) ;
#974 = ORIENTED_EDGE ( 'NONE', *, *, #3196, .F. ) ;
#975 = EDGE_CURVE ( 'NONE', #2631, #3308, #505, .T. ) ;
#976 = CIRCLE ( 'NONE', #3338, 18.99999999999383959 ) ;
#977 = AXIS2_PLACEMENT_3D ( 'NONE', #1121, #3228, #2917 ) ;
#978 = VERTEX_POINT ( 'NONE', #1335 ) ;
#979 = ORGANIZATION ( '未指定', '未指定', '' ) ;
#980 = AXIS2_PLACEMENT_3D ( 'NONE', #2602, #226, #1559 ) ;
#981 = VERTEX_POINT ( 'NONE', #8 ) ;
#982 = ORIENTED_EDGE ( 'NONE', *, *, #791, .T. ) ;
#983 = CIRCLE ( 'NONE', #1043, 1.000000000000000888 ) ;
#984 = ORIENTED_EDGE ( 'NONE', *, *, #229, .F. ) ;
#985 = CARTESIAN_POINT ( 'NONE',  ( -15.17079237551497073, -11.43883991927420496, -1.000000000000000000 ) ) ;
#986 = DIRECTION ( 'NONE',  ( 0.000000000000000000, 0.000000000000000000, 1.000000000000000000 ) ) ;
#987 = CARTESIAN_POINT ( 'NONE',  ( -1.500000000005100809, 8.645808232884220956, 0.000000000000000000 ) ) ;
#988 = CARTESIAN_POINT ( 'NONE',  ( -2.499999999985479615, -17.82554346997165950, -1.000000000000000000 ) ) ;
#989 = EDGE_CURVE ( 'NONE', #2005, #2809, #3419, .T. ) ;
#990 = CARTESIAN_POINT ( 'NONE',  ( -17.82554346997171635, 1.499999999985406562, 0.000000000000000000 ) ) ;
#991 = DIRECTION ( 'NONE',  ( 0.000000000000000000, 0.000000000000000000, 1.000000000000000000 ) ) ;
#992 = DIRECTION ( 'NONE',  ( 0.000000000000000000, 0.000000000000000000, 1.000000000000000000 ) ) ;
#993 = ORIENTED_EDGE ( 'NONE', *, *, #1281, .F. ) ;
#994 = VECTOR ( 'NONE', #2093, 1000.000000000000000 ) ;
#995 = CIRCLE ( 'NONE', #2118, 2.000000000000003553 ) ;
#996 = ORIENTED_EDGE ( 'NONE', *, *, #2065, .T. ) ;
#997 = CIRCLE ( 'NONE', #1454, 1.999999999999998224 ) ;
#998 = ORIENTED_EDGE ( 'NONE', *, *, #2150, .T. ) ;
#999 = ORIENTED_EDGE ( 'NONE', *, *, #1071, .T. ) ;
#1000 = ORIENTED_EDGE ( 'NONE', *, *, #1444, .T. ) ;
#1001 = EDGE_CURVE ( 'NONE', #958, #3109, #1947, .T. ) ;
#1002 = DIRECTION ( 'NONE',  ( 1.000000000000000000, 0.000000000000000000, 0.000000000000000000 ) ) ;
#1003 = DIRECTION ( 'NONE',  ( 0.000000000000000000, 0.000000000000000000, 1.000000000000000000 ) ) ;
#1004 = CARTESIAN_POINT ( 'NONE',  ( 0.000000000000000000, 0.000000000000000000, 0.000000000000000000 ) ) ;
#1005 = CARTESIAN_POINT ( 'NONE',  ( 1.500000000005085266, -8.645808232884196087, 0.000000000000000000 ) ) ;
#1006 = FACE_OUTER_BOUND ( 'NONE', #1322, .T. ) ;
#1007 = CARTESIAN_POINT ( 'NONE',  ( -7.005579185137623455, 3.862882379858147086, -1.000000000000000000 ) ) ;
#1008 = DIRECTION ( 'NONE',  ( 0.000000000000000000, 0.000000000000000000, 1.000000000000000000 ) ) ;
#1009 = CIRCLE ( 'NONE', #2975, 1.000000000000000000 ) ;
#1010 = DIRECTION ( 'NONE',  ( -0.000000000000000000, -0.000000000000000000, -1.000000000000000000 ) ) ;
#1011 = ORIENTED_EDGE ( 'NONE', *, *, #1302, .T. ) ;
#1012 = DIRECTION ( 'NONE',  ( -1.000000000000000000, 0.000000000000000000, 0.000000000000000000 ) ) ;
#1013 = EDGE_LOOP ( 'NONE', ( #2458, #1144, #393, #1985 ) ) ;
#1014 = ORIENTED_EDGE ( 'NONE', *, *, #832, .F. ) ;
#1015 = EDGE_LOOP ( 'NONE', ( #3290, #2869, #2828, #1111 ) ) ;
#1016 = ADVANCED_FACE ( 'NONE', ( #2137 ), #3154, .T. ) ;
#1017 = CARTESIAN_POINT ( 'NONE',  ( 15.17079237551489435, 11.43883991927430976, 0.000000000000000000 ) ) ;
#1018 = CARTESIAN_POINT ( 'NONE',  ( -7.174169802094286119, 5.052849458527515658, 0.000000000000000000 ) ) ;
#1019 = FACE_OUTER_BOUND ( 'NONE', #82, .T. ) ;
#1020 = PLANE ( 'NONE',  #3449 ) ;
#1021 = EDGE_LOOP ( 'NONE', ( #474, #1262, #898, #2709 ) ) ;
#1022 = EDGE_CURVE ( 'NONE', #2050, #1711, #2887, .T. ) ;
#1023 = CIRCLE ( 'NONE', #2207, 0.9999999999999995559 ) ;
#1024 = EDGE_CURVE ( 'NONE', #677, #2615, #2834, .T. ) ;
#1025 = CYLINDRICAL_SURFACE ( 'NONE', #848, 1.000000000000000888 ) ;
#1026 = CARTESIAN_POINT ( 'NONE',  ( -13.66522283772211743, -11.54390249418297110, -1.000000000000000000 ) ) ;
#1027 = CARTESIAN_POINT ( 'NONE',  ( 8.645808232884188982, 2.500000000005115464, -1.000000000000000000 ) ) ;
#1028 = DIRECTION ( 'NONE',  ( 1.000000000000000000, 0.000000000000000000, 0.000000000000000000 ) ) ;
#1029 = VECTOR ( 'NONE', #3414, 1000.000000000000000 ) ;
#1030 = EDGE_LOOP ( 'NONE', ( #771, #1215, #81, #1445 ) ) ;
#1031 = AXIS2_PLACEMENT_3D ( 'NONE', #1421, #1964, #2482 ) ;
#1032 = DIRECTION ( 'NONE',  ( -1.000000000000000000, 0.000000000000000000, 0.000000000000000000 ) ) ;
#1033 = AXIS2_PLACEMENT_3D ( 'NONE', #3033, #1449, #2780 ) ;
#1034 = ORIENTED_EDGE ( 'NONE', *, *, #3335, .T. ) ;
#1035 = AXIS2_PLACEMENT_3D ( 'NONE', #905, #1151, #2753 ) ;
#1036 = EDGE_LOOP ( 'NONE', ( #3432, #763, #3127, #946 ) ) ;
#1037 = VECTOR ( 'NONE', #175, 1000.000000000000000 ) ;
#1038 = PERSON_AND_ORGANIZATION ( #2987, #979 ) ;
#1039 = CARTESIAN_POINT ( 'NONE',  ( 10.83679571299646760, -14.37232961890862448, 0.000000000000000000 ) ) ;
#1040 = CARTESIAN_POINT ( 'NONE',  ( 11.83679571298062605, 14.37232961892062377, -1.000000000000000000 ) ) ;
#1041 = CARTESIAN_POINT ( 'NONE',  ( -17.99999999999998579, 20.00000000000000000, -1.000000000000000000 ) ) ;
#1042 = EDGE_LOOP ( 'NONE', ( #2989, #3040, #2289, #340 ) ) ;
#1043 = AXIS2_PLACEMENT_3D ( 'NONE', #927, #676, #3353 ) ;
#1044 = DIRECTION ( 'NONE',  ( 0.000000000000000000, 0.000000000000000000, 1.000000000000000000 ) ) ;
#1045 = DIRECTION ( 'NONE',  ( 0.000000000000000000, 0.000000000000000000, 1.000000000000000000 ) ) ;
#1046 = CARTESIAN_POINT ( 'NONE',  ( -7.881276583270983238, -4.345742677358855666, -1.000000000000000000 ) ) ;
#1047 = VECTOR ( 'NONE', #1764, 1000.000000000000000 ) ;
#1048 = ORIENTED_EDGE ( 'NONE', *, *, #3350, .F. ) ;
#1049 = CYLINDRICAL_SURFACE ( 'NONE', #1579, 0.9999999999999991118 ) ;
#1050 = CARTESIAN_POINT ( 'NONE',  ( -11.43883991927437727, 15.17079237551497251, -1.000000000000000000 ) ) ;
#1051 = ORIENTED_EDGE ( 'NONE', *, *, #485, .T. ) ;
#1052 = CIRCLE ( 'NONE', #2057, 1.000000000000016875 ) ;
#1053 = CARTESIAN_POINT ( 'NONE',  ( 3.862882379874063243, -7.005579185128850028, -1.000000000000000000 ) ) ;
#1054 = ORIENTED_EDGE ( 'NONE', *, *, #2150, .F. ) ;
#1055 = CIRCLE ( 'NONE', #3188, 1.000000000000002665 ) ;
#1056 = VERTEX_POINT ( 'NONE', #2905 ) ;
#1057 = PERSON_AND_ORGANIZATION ( #2987, #979 ) ;
#1058 = CARTESIAN_POINT ( 'NONE',  ( -7.174169802094286119, 5.052849458527515658, -1.000000000000000000 ) ) ;
#1059 = DIRECTION ( 'NONE',  ( 0.000000000000000000, 0.000000000000000000, 1.000000000000000000 ) ) ;
#1060 = LINE ( 'NONE', #2677, #2793 ) ;
#1061 = LINE ( 'NONE', #2130, #2851 ) ;
#1062 = DIRECTION ( 'NONE',  ( -0.000000000000000000, -0.000000000000000000, -1.000000000000000000 ) ) ;
#1063 = CARTESIAN_POINT ( 'NONE',  ( 20.00000000000000000, 15.25000000000001421, -1.000000000000000000 ) ) ;
#1064 = CARTESIAN_POINT ( 'NONE',  ( 23.57404796879308506, -8.544500781088727210E-16, -1.000000000000000000 ) ) ;
#1065 = CARTESIAN_POINT ( 'NONE',  ( 18.00000000000000355, 15.99999999999999645, -1.000000000000000000 ) ) ;
#1066 = ORIENTED_EDGE ( 'NONE', *, *, #2417, .T. ) ;
#1067 = CARTESIAN_POINT ( 'NONE',  ( 20.00000000000000000, -17.99999999999998934, -1.000000000000000000 ) ) ;
#1068 = ADVANCED_FACE ( 'NONE', ( #2099 ), #3177, .F. ) ;
#1069 = DIRECTION ( 'NONE',  ( -1.000000000000000000, 0.000000000000000000, 0.000000000000000000 ) ) ;
#1070 = EDGE_CURVE ( 'NONE', #1183, #1792, #983, .T. ) ;
#1071 = EDGE_CURVE ( 'NONE', #1645, #2018, #65, .T. ) ;
#1072 = EDGE_LOOP ( 'NONE', ( #602, #3305, #2762, #931 ) ) ;
#1073 = AXIS2_PLACEMENT_3D ( 'NONE', #476, #2069, #1588 ) ;
#1074 = EDGE_CURVE ( 'NONE', #2423, #1481, #865, .T. ) ;
#1075 = DIRECTION ( 'NONE',  ( 1.000000000000000000, 0.000000000000000000, 0.000000000000000000 ) ) ;
#1076 = ORIENTED_EDGE ( 'NONE', *, *, #696, .F. ) ;
#1077 = ORIENTED_EDGE ( 'NONE', *, *, #1116, .T. ) ;
#1078 = COORDINATED_UNIVERSAL_TIME_OFFSET ( 8, 0, .AHEAD. ) ;
#1079 = FACE_OUTER_BOUND ( 'NONE', #1740, .T. ) ;
#1080 = CARTESIAN_POINT ( 'NONE',  ( -2.222222222208971143, -7.685162873678910600, 0.000000000000000000 ) ) ;
#1081 = DIRECTION ( 'NONE',  ( 1.000000000000000000, 0.000000000000000000, 0.000000000000000000 ) ) ;
#1082 = CYLINDRICAL_SURFACE ( 'NONE', #977, 2.000000000000001776 ) ;
#1083 = CARTESIAN_POINT ( 'NONE',  ( 2.638888888873515359, 18.81585144052603908, 0.000000000000000000 ) ) ;
#1084 = DIRECTION ( 'NONE',  ( 1.000000000000000000, 0.000000000000000000, 0.000000000000000000 ) ) ;
#1085 = DIRECTION ( 'NONE',  ( 1.000000000000000000, 0.000000000000000000, 0.000000000000000000 ) ) ;
#1086 = CARTESIAN_POINT ( 'NONE',  ( -4.345742677358826356, 7.881276583271000113, -1.000000000000000000 ) ) ;
#1087 = DIRECTION ( 'NONE',  ( -0.000000000000000000, -0.000000000000000000, -1.000000000000000000 ) ) ;
#1088 = ORIENTED_EDGE ( 'NONE', *, *, #2014, .F. ) ;
#1089 = VERTEX_POINT ( 'NONE', #2028 ) ;
#1090 = EDGE_CURVE ( 'NONE', #2544, #632, #3334, .T. ) ;
#1091 = VECTOR ( 'NONE', #2676, 1000.000000000000000 ) ;
#1092 = DIRECTION ( 'NONE',  ( 0.000000000000000000, 0.000000000000000000, 1.000000000000000000 ) ) ;
#1093 = ORIENTED_EDGE ( 'NONE', *, *, #2419, .F. ) ;
#1094 = SECURITY_CLASSIFICATION ( '', '', #2443 ) ;
#1095 = ADVANCED_FACE ( 'NONE', ( #944 ), #2730, .F. ) ;
#1096 = AXIS2_PLACEMENT_3D ( 'NONE', #89, #413, #1751 ) ;
#1097 = ORIENTED_EDGE ( 'NONE', *, *, #1194, .T. ) ;
#1098 = DIRECTION ( 'NONE',  ( 1.000000000000000000, 0.000000000000000000, 0.000000000000000000 ) ) ;
#1099 = CARTESIAN_POINT ( 'NONE',  ( -17.99999999999998579, 20.00000000000000000, -1.000000000000000000 ) ) ;
#1100 = ORIENTED_EDGE ( 'NONE', *, *, #2362, .F. ) ;
#1101 = CARTESIAN_POINT ( 'NONE',  ( -10.83679571299636812, 14.37232961890869909, -1.000000000000000000 ) ) ;
#1102 = DIRECTION ( 'NONE',  ( 0.000000000000000000, 0.000000000000000000, 1.000000000000000000 ) ) ;
#1103 = CYLINDRICAL_SURFACE ( 'NONE', #2822, 0.9999999999999146238 ) ;
#1104 = DIRECTION ( 'NONE',  ( 0.000000000000000000, 0.000000000000000000, 1.000000000000000000 ) ) ;
#1105 = VECTOR ( 'NONE', #1457, 1000.000000000000000 ) ;
#1106 = APPROVAL ( #331, '未指定' ) ;
#1107 = LINE ( 'NONE', #109, #2607 ) ;
#1108 = CARTESIAN_POINT ( 'NONE',  ( -7.174169802094286119, 5.052849458527515658, -1.000000000000000000 ) ) ;
#1109 = ORIENTED_EDGE ( 'NONE', *, *, #2392, .F. ) ;
#1110 = LINE ( 'NONE', #2181, #1114 ) ;
#1111 = ORIENTED_EDGE ( 'NONE', *, *, #2267, .T. ) ;
#1112 = CIRCLE ( 'NONE', #939, 1.000000000000000888 ) ;
#1113 = ORIENTED_EDGE ( 'NONE', *, *, #1682, .T. ) ;
#1114 = VECTOR ( 'NONE', #385, 1000.000000000000000 ) ;
#1115 = APPROVAL_ROLE ( '' ) ;
#1116 = EDGE_CURVE ( 'NONE', #2986, #1422, #2045, .T. ) ;
#1117 = DIRECTION ( 'NONE',  ( 1.000000000000000000, 4.062922706401048193E-15, -0.000000000000000000 ) ) ;
#1118 = ORIENTED_EDGE ( 'NONE', *, *, #2208, .F. ) ;
#1119 = EDGE_CURVE ( 'NONE', #104, #1668, #882, .T. ) ;
#1120 = VECTOR ( 'NONE', #724, 1000.000000000000000 ) ;
#1121 = CARTESIAN_POINT ( 'NONE',  ( 15.99999999999998579, -15.99999999999999645, -1.000000000000000000 ) ) ;
#1122 = CARTESIAN_POINT ( 'NONE',  ( 17.99999999999998934, -15.99999999999999645, 0.000000000000000000 ) ) ;
#1123 = DIRECTION ( 'NONE',  ( 0.000000000000000000, 0.000000000000000000, 1.000000000000000000 ) ) ;
#1124 = CARTESIAN_POINT ( 'NONE',  ( -15.17079237552747628, 11.43883991925765820, 0.000000000000000000 ) ) ;
#1125 = DIRECTION ( 'NONE',  ( 1.000000000000000000, 0.000000000000000000, 0.000000000000000000 ) ) ;
#1126 = FACE_OUTER_BOUND ( 'NONE', #2436, .T. ) ;
#1127 = ORIENTED_EDGE ( 'NONE', *, *, #603, .T. ) ;
#1128 = DIRECTION ( 'NONE',  ( 1.000000000000000000, 0.000000000000000000, 0.000000000000000000 ) ) ;
#1129 = VERTEX_POINT ( 'NONE', #1394 ) ;
#1130 = AXIS2_PLACEMENT_3D ( 'NONE', #2687, #1293, #731 ) ;
#1131 = CARTESIAN_POINT ( 'NONE',  ( -7.685162873673873740, -2.222222222226471811, -1.000000000000000000 ) ) ;
#1132 = ORIENTED_EDGE ( 'NONE', *, *, #2805, .F. ) ;
#1133 = ORIENTED_EDGE ( 'NONE', *, *, #3031, .T. ) ;
#1134 = ADVANCED_FACE ( 'NONE', ( #1754 ), #1643, .F. ) ;
#1135 = DIRECTION ( 'NONE',  ( -1.000000000000000000, 0.000000000000000000, 0.000000000000000000 ) ) ;
#1136 = CARTESIAN_POINT ( 'NONE',  ( 14.37232961892057048, -10.83679571298063848, -1.000000000000000000 ) ) ;
#1137 = CARTESIAN_POINT ( 'NONE',  ( 11.54390249418301906, -13.66522283772208013, -1.000000000000000000 ) ) ;
#1138 = DIRECTION ( 'NONE',  ( 1.000000000000000000, 0.000000000000000000, 0.000000000000000000 ) ) ;
#1139 = ORIENTED_EDGE ( 'NONE', *, *, #389, .F. ) ;
#1140 = ORIENTED_EDGE ( 'NONE', *, *, #3284, .T. ) ;
#1141 = EDGE_CURVE ( 'NONE', #3260, #677, #2256, .T. ) ;
#1142 = DIRECTION ( 'NONE',  ( 1.000000000000000000, 0.000000000000000000, 0.000000000000000000 ) ) ;
#1143 = CYLINDRICAL_SURFACE ( 'NONE', #700, 1.000000000000000888 ) ;
#1144 = ORIENTED_EDGE ( 'NONE', *, *, #2047, .F. ) ;
#1145 = ORIENTED_EDGE ( 'NONE', *, *, #679, .F. ) ;
#1146 = VECTOR ( 'NONE', #222, 1000.000000000000000 ) ;
#1147 = CIRCLE ( 'NONE', #3103, 1.000000000000000888 ) ;
#1148 = ORIENTED_EDGE ( 'NONE', *, *, #2985, .F. ) ;
#1149 = ORIENTED_EDGE ( 'NONE', *, *, #47, .F. ) ;
#1150 = CIRCLE ( 'NONE', #1986, 1.000000000000000888 ) ;
#1151 = DIRECTION ( 'NONE',  ( 0.000000000000000000, 0.000000000000000000, 1.000000000000000000 ) ) ;
#1152 = CARTESIAN_POINT ( 'NONE',  ( -6.881276583280839354, 4.345742677340973081, -1.000000000000000000 ) ) ;
#1153 = CARTESIAN_POINT ( 'NONE',  ( 17.99999999999998579, 20.00000000000000000, 0.000000000000000000 ) ) ;
#1154 = CARTESIAN_POINT ( 'NONE',  ( 2.500000000005084377, -8.645808232884199640, -1.000000000000000000 ) ) ;
#1155 = AXIS2_PLACEMENT_3D ( 'NONE', #313, #3272, #1069 ) ;
#1156 = ADVANCED_FACE ( 'NONE', ( #2013 ), #1374, .F. ) ;
#1157 = AXIS2_PLACEMENT_3D ( 'NONE', #1988, #2006, #2516 ) ;
#1158 = AXIS2_PLACEMENT_3D ( 'NONE', #2210, #897, #1724 ) ;
#1159 = CARTESIAN_POINT ( 'NONE',  ( 4.345742677358881423, -7.881276583270970804, -1.000000000000000000 ) ) ;
#1160 = CYLINDRICAL_SURFACE ( 'NONE', #422, 0.9999999999999974465 ) ;
#1161 = ADVANCED_FACE ( 'NONE', ( #1935 ), #659, .F. ) ;
#1162 = ORIENTED_EDGE ( 'NONE', *, *, #580, .T. ) ;
#1163 = EDGE_CURVE ( 'NONE', #68, #200, #1562, .T. ) ;
#1164 = EDGE_LOOP ( 'NONE', ( #442, #1088, #3323, #1843 ) ) ;
#1165 = VERTEX_POINT ( 'NONE', #1738 ) ;
#1166 = ORIENTED_EDGE ( 'NONE', *, *, #2734, .T. ) ;
#1167 = CARTESIAN_POINT ( 'NONE',  ( 0.000000000000000000, 0.000000000000000000, -1.000000000000000000 ) ) ;
#1168 = CARTESIAN_POINT ( 'NONE',  ( -2.500000000005025313, 8.645808232884213851, 0.000000000000000000 ) ) ;
#1169 = AXIS2_PLACEMENT_3D ( 'NONE', #365, #137, #2812 ) ;
#1170 = CARTESIAN_POINT ( 'NONE',  ( 22.00000000000000000, -13.25000000000000000, 0.000000000000000000 ) ) ;
#1171 = CARTESIAN_POINT ( 'NONE',  ( 1.500000000005085266, -8.645808232884196087, -1.000000000000000000 ) ) ;
#1172 = VECTOR ( 'NONE', #2988, 1000.000000000000000 ) ;
#1173 = AXIS2_PLACEMENT_3D ( 'NONE', #543, #2968, #563 ) ;
#1174 = CIRCLE ( 'NONE', #3132, 1.000000000000001776 ) ;
#1175 = CARTESIAN_POINT ( 'NONE',  ( 17.82554346997167016, -2.499999999985416999, 0.000000000000000000 ) ) ;
#1176 = CARTESIAN_POINT ( 'NONE',  ( -8.645808232884215627, -2.500000000005100809, 0.000000000000000000 ) ) ;
#1177 = ORIENTED_EDGE ( 'NONE', *, *, #2528, .T. ) ;
#1178 = EDGE_CURVE ( 'NONE', #1183, #3244, #1680, .T. ) ;
#1179 = ORIENTED_EDGE ( 'NONE', *, *, #2341, .F. ) ;
#1180 = EDGE_CURVE ( 'NONE', #30, #2986, #2537, .T. ) ;
#1181 = ORIENTED_EDGE ( 'NONE', *, *, #857, .F. ) ;
#1182 = CIRCLE ( 'NONE', #1799, 0.9999999999999974465 ) ;
#1183 = VERTEX_POINT ( 'NONE', #2287 ) ;
#1184 = AXIS2_PLACEMENT_3D ( 'NONE', #3413, #510, #3394 ) ;
#1185 = DIRECTION ( 'NONE',  ( 0.000000000000000000, 0.000000000000000000, 1.000000000000000000 ) ) ;
#1186 = DIRECTION ( 'NONE',  ( 1.000000000000000000, 0.000000000000000000, 0.000000000000000000 ) ) ;
#1187 = CARTESIAN_POINT ( 'NONE',  ( 18.00000000000000355, 15.99999999999999645, -1.000000000000000000 ) ) ;
#1188 = DIRECTION ( 'NONE',  ( 0.000000000000000000, 0.000000000000000000, 1.000000000000000000 ) ) ;
#1189 = DIRECTION ( 'NONE',  ( 0.000000000000000000, 1.000000000000000000, 0.000000000000000000 ) ) ;
#1190 = CARTESIAN_POINT ( 'NONE',  ( -16.00000000000000000, 15.99999999999999645, 0.000000000000000000 ) ) ;
#1191 = CARTESIAN_POINT ( 'NONE',  ( 17.82554346997167016, -2.499999999985416999, -1.000000000000000000 ) ) ;
#1192 = ORIENTED_EDGE ( 'NONE', *, *, #2419, .T. ) ;
#1193 = ORIENTED_EDGE ( 'NONE', *, *, #747, .T. ) ;
#1194 = EDGE_CURVE ( 'NONE', #2124, #2213, #1052, .T. ) ;
#1195 = CIRCLE ( 'NONE', #1344, 1.000000000000000888 ) ;
#1196 = AXIS2_PLACEMENT_3D ( 'NONE', #266, #1535, #800 ) ;
#1197 = VERTEX_POINT ( 'NONE', #2197 ) ;
#1198 = ORIENTED_EDGE ( 'NONE', *, *, #303, .F. ) ;
#1199 = ORIENTED_EDGE ( 'NONE', *, *, #3452, .F. ) ;
#1200 = AXIS2_PLACEMENT_3D ( 'NONE', #2897, #2694, #2086 ) ;
#1201 = FACE_OUTER_BOUND ( 'NONE', #590, .T. ) ;
#1202 = DIRECTION ( 'NONE',  ( 1.000000000000000000, 0.000000000000000000, 0.000000000000000000 ) ) ;
#1203 = CARTESIAN_POINT ( 'NONE',  ( 18.82554346996891326, 2.500000000005118572, 0.000000000000000000 ) ) ;
#1204 = CARTESIAN_POINT ( 'NONE',  ( 5.052849458527487236, 7.174169802094340298, -1.000000000000000000 ) ) ;
#1205 = LOCAL_TIME ( 14, 4, 40.00000000000000000, #1078 ) ;
#1206 = CIRCLE ( 'NONE', #1431, 1.000000000000000888 ) ;
#1207 = DIRECTION ( 'NONE',  ( 1.000000000000000000, 0.000000000000000000, 0.000000000000000000 ) ) ;
#1208 = DIRECTION ( 'NONE',  ( 0.000000000000000000, 0.000000000000000000, 1.000000000000000000 ) ) ;
#1209 = DIRECTION ( 'NONE',  ( 0.000000000000000000, 0.000000000000000000, 1.000000000000000000 ) ) ;
#1210 = ORIENTED_EDGE ( 'NONE', *, *, #2801, .T. ) ;
#1211 = MANIFOLD_SOLID_BREP ( '凸台-拉伸1', #1654 ) ;
#1212 = ORIENTED_EDGE ( 'NONE', *, *, #3429, .F. ) ;
#1213 = ORIENTED_EDGE ( 'NONE', *, *, #1439, .F. ) ;
#1214 = EDGE_CURVE ( 'NONE', #523, #297, #1110, .T. ) ;
#1215 = ORIENTED_EDGE ( 'NONE', *, *, #2402, .F. ) ;
#1216 = EDGE_CURVE ( 'NONE', #3357, #2513, #1837, .T. ) ;
#1217 = DIRECTION ( 'NONE',  ( 1.000000000000000000, 0.000000000000000000, 0.000000000000000000 ) ) ;
#1218 = LINE ( 'NONE', #106, #1047 ) ;
#1219 = DIRECTION ( 'NONE',  ( 0.000000000000000000, 0.000000000000000000, 1.000000000000000000 ) ) ;
#1220 = FACE_BOUND ( 'NONE', #2125, .T. ) ;
#1221 = EDGE_CURVE ( 'NONE', #818, #3216, #766, .T. ) ;
#1222 = EDGE_CURVE ( 'NONE', #1056, #2757, #1787, .T. ) ;
#1223 = AXIS2_PLACEMENT_3D ( 'NONE', #1027, #3152, #2114 ) ;
#1224 = CARTESIAN_POINT ( 'NONE',  ( 18.00000000000000355, 15.99999999999999645, 0.000000000000000000 ) ) ;
#1225 = CYLINDRICAL_SURFACE ( 'NONE', #980, 7.999999999990754063 ) ;
#1226 = DIRECTION ( 'NONE',  ( 1.000000000000000000, 0.000000000000000000, 0.000000000000000000 ) ) ;
#1227 = CIRCLE ( 'NONE', #2233, 0.9999999999999991118 ) ;
#1228 = ORIENTED_EDGE ( 'NONE', *, *, #403, .T. ) ;
#1229 = ORIENTED_EDGE ( 'NONE', *, *, #2484, .T. ) ;
#1230 = EDGE_LOOP ( 'NONE', ( #1527, #945, #701, #618 ) ) ;
#1231 = VERTEX_POINT ( 'NONE', #2042 ) ;
#1232 = DIRECTION ( 'NONE',  ( -0.7071067811865439090, 0.7071067811865511255, 0.000000000000000000 ) ) ;
#1233 = CARTESIAN_POINT ( 'NONE',  ( 22.00000000000000000, -15.25000000000000000, -1.000000000000000000 ) ) ;
#1234 = DIRECTION ( 'NONE',  ( -9.637352644315598941E-17, -1.000000000000000000, 0.000000000000000000 ) ) ;
#1235 = LINE ( 'NONE', #431, #261 ) ;
#1236 = AXIS2_PLACEMENT_3D ( 'NONE', #1353, #3193, #1580 ) ;
#1237 = DIRECTION ( 'NONE',  ( 1.000000000000000000, 0.000000000000000000, 0.000000000000000000 ) ) ;
#1238 = CARTESIAN_POINT ( 'NONE',  ( -11.54390249418308478, 13.66522283772208546, -1.000000000000000000 ) ) ;
#1239 = DIRECTION ( 'NONE',  ( 0.000000000000000000, 0.000000000000000000, 1.000000000000000000 ) ) ;
#1240 = EDGE_CURVE ( 'NONE', #650, #2981, #2354, .T. ) ;
#1241 = EDGE_LOOP ( 'NONE', ( #2692, #729, #1198, #647 ) ) ;
#1242 = ORIENTED_EDGE ( 'NONE', *, *, #95, .F. ) ;
#1243 = ORIENTED_EDGE ( 'NONE', *, *, #703, .F. ) ;
#1244 = ORIENTED_EDGE ( 'NONE', *, *, #1178, .F. ) ;
#1245 = ORIENTED_EDGE ( 'NONE', *, *, #1498, .F. ) ;
#1246 = DIRECTION ( 'NONE',  ( 1.000000000000000000, 0.000000000000000000, 0.000000000000000000 ) ) ;
#1247 = CARTESIAN_POINT ( 'NONE',  ( 0.000000000000000000, 0.000000000000000000, -1.000000000000000000 ) ) ;
#1248 = CARTESIAN_POINT ( 'NONE',  ( 2.500000000005056400, -17.82554346996892392, -1.000000000000000000 ) ) ;
#1249 = DIRECTION ( 'NONE',  ( 1.000000000000000000, 0.000000000000000000, 0.000000000000000000 ) ) ;
#1250 = CIRCLE ( 'NONE', #1712, 1.000000000000000000 ) ;
#1251 = DIRECTION ( 'NONE',  ( -3.165300248010120390E-15, -1.000000000000000000, 0.000000000000000000 ) ) ;
#1252 = DIRECTION ( 'NONE',  ( 0.000000000000000000, 0.000000000000000000, 1.000000000000000000 ) ) ;
#1253 = DIRECTION ( 'NONE',  ( 0.000000000000000000, 0.000000000000000000, 1.000000000000000000 ) ) ;
#1254 = CIRCLE ( 'NONE', #91, 1.999999999999998224 ) ;
#1255 = EDGE_LOOP ( 'NONE', ( #28, #790, #3186, #2630 ) ) ;
#1256 = EDGE_CURVE ( 'NONE', #1999, #1645, #2585, .T. ) ;
#1257 = VECTOR ( 'NONE', #1895, 1000.000000000000000 ) ;
#1258 = EDGE_CURVE ( 'NONE', #1744, #544, #3304, .T. ) ;
#1259 = EDGE_LOOP ( 'NONE', ( #3256, #3386, #2721, #2442, #2840, #3021, #1118, #1841, #1473 ) ) ;
#1260 = ADVANCED_FACE ( 'NONE', ( #500 ), #3418, .F. ) ;
#1261 = CIRCLE ( 'NONE', #3235, 18.99999999999382183 ) ;
#1262 = ORIENTED_EDGE ( 'NONE', *, *, #1216, .F. ) ;
#1263 = ORIENTED_EDGE ( 'NONE', *, *, #557, .T. ) ;
#1264 = CIRCLE ( 'NONE', #2169, 1.000000000000000888 ) ;
#1265 = ORIENTED_EDGE ( 'NONE', *, *, #2766, .F. ) ;
#1266 = CARTESIAN_POINT ( 'NONE',  ( -1.499999999985479393, -17.82554346997166661, -1.000000000000000000 ) ) ;
#1267 = FACE_OUTER_BOUND ( 'NONE', #490, .T. ) ;
#1268 = PLANE ( 'NONE',  #2591 ) ;
#1269 = FACE_BOUND ( 'NONE', #378, .T. ) ;
#1270 = DIRECTION ( 'NONE',  ( 1.000000000000000000, 0.000000000000000000, 0.000000000000000000 ) ) ;
#1271 = CARTESIAN_POINT ( 'NONE',  ( 0.000000000000000000, 0.000000000000000000, -1.000000000000000000 ) ) ;
#1272 = CYLINDRICAL_SURFACE ( 'NONE', #1223, 1.000000000000000888 ) ;
#1273 = ORIENTED_EDGE ( 'NONE', *, *, #2121, .T. ) ;
#1274 = DIRECTION ( 'NONE',  ( 0.000000000000000000, 0.000000000000000000, 1.000000000000000000 ) ) ;
#1275 = VECTOR ( 'NONE', #2737, 1000.000000000000000 ) ;
#1276 = ORIENTED_EDGE ( 'NONE', *, *, #1240, .T. ) ;
#1277 = EDGE_CURVE ( 'NONE', #3459, #1951, #2455, .T. ) ;
#1278 = DIRECTION ( 'NONE',  ( -1.000000000000000000, 0.000000000000000000, 0.000000000000000000 ) ) ;
#1279 = VERTEX_POINT ( 'NONE', #1819 ) ;
#1280 = ORIENTED_EDGE ( 'NONE', *, *, #862, .F. ) ;
#1281 = EDGE_CURVE ( 'NONE', #2950, #3354, #2278, .T. ) ;
#1282 = EDGE_CURVE ( 'NONE', #2893, #3226, #2300, .T. ) ;
#1283 = VERTEX_POINT ( 'NONE', #452 ) ;
#1284 = DIRECTION ( 'NONE',  ( 0.000000000000000000, 0.000000000000000000, 1.000000000000000000 ) ) ;
#1285 = DIRECTION ( 'NONE',  ( 0.000000000000000000, 0.000000000000000000, 1.000000000000000000 ) ) ;
#1286 = CYLINDRICAL_SURFACE ( 'NONE', #1870, 18.99999999999383959 ) ;
#1287 = FACE_BOUND ( 'NONE', #1967, .T. ) ;
#1288 = DIRECTION ( 'NONE',  ( 0.000000000000000000, 0.000000000000000000, 1.000000000000000000 ) ) ;
#1289 = DIRECTION ( 'NONE',  ( 1.000000000000000000, 0.000000000000000000, 0.000000000000000000 ) ) ;
#1290 = CARTESIAN_POINT ( 'NONE',  ( 8.645808232884192535, 1.500000000005116130, -1.000000000000000000 ) ) ;
#1291 = DIRECTION ( 'NONE',  ( 1.000000000000000000, 0.000000000000000000, 0.000000000000000000 ) ) ;
#1292 = VECTOR ( 'NONE', #890, 1000.000000000000000 ) ;
#1293 = DIRECTION ( 'NONE',  ( -0.7071067811865441310, 0.7071067811865509034, 0.000000000000000000 ) ) ;
#1294 = VERTEX_POINT ( 'NONE', #727 ) ;
#1295 = PLANE ( 'NONE',  #3115 ) ;
#1296 = ORIENTED_EDGE ( 'NONE', *, *, #3452, .T. ) ;
#1297 = EDGE_CURVE ( 'NONE', #1165, #1129, #3355, .T. ) ;
#1298 = ORIENTED_EDGE ( 'NONE', *, *, #1222, .F. ) ;
#1299 = EDGE_LOOP ( 'NONE', ( #1901, #2560 ) ) ;
#1300 = CYLINDRICAL_SURFACE ( 'NONE', #323, 1.999999999999998224 ) ;
#1301 = DIRECTION ( 'NONE',  ( 0.000000000000000000, 0.000000000000000000, 1.000000000000000000 ) ) ;
#1302 = EDGE_CURVE ( 'NONE', #621, #606, #1805, .T. ) ;
#1303 = DIRECTION ( 'NONE',  ( 0.000000000000000000, 0.000000000000000000, 1.000000000000000000 ) ) ;
#1304 = DIRECTION ( 'NONE',  ( 0.000000000000000000, 0.000000000000000000, 1.000000000000000000 ) ) ;
#1305 = ORIENTED_EDGE ( 'NONE', *, *, #1859, .F. ) ;
#1306 = VECTOR ( 'NONE', #1618, 1000.000000000000000 ) ;
#1307 = ADVANCED_FACE ( 'NONE', ( #189 ), #1771, .F. ) ;
#1308 = CARTESIAN_POINT ( 'NONE',  ( 2.499999999985407229, 8.645808232889910627, 0.000000000000000000 ) ) ;
#1309 = LINE ( 'NONE', #574, #1762 ) ;
#1310 = DIRECTION ( 'NONE',  ( -0.7071067811865416886, 0.7071067811865534569, 0.000000000000000000 ) ) ;
#1311 = AXIS2_PLACEMENT_3D ( 'NONE', #2037, #2550, #430 ) ;
#1312 = ORIENTED_EDGE ( 'NONE', *, *, #3368, .T. ) ;
#1313 = FACE_OUTER_BOUND ( 'NONE', #3181, .T. ) ;
#1314 = CARTESIAN_POINT ( 'NONE',  ( 8.645808232884188982, 2.500000000005115464, 0.000000000000000000 ) ) ;
#1315 = VECTOR ( 'NONE', #3400, 1000.000000000000000 ) ;
#1316 = VERTEX_POINT ( 'NONE', #2643 ) ;
#1317 = CIRCLE ( 'NONE', #1767, 0.9999999999999146238 ) ;
#1318 = CARTESIAN_POINT ( 'NONE',  ( -17.99999999999998579, 20.00000000000000000, -1.000000000000000000 ) ) ;
#1319 = CIRCLE ( 'NONE', #473, 1.000000000000001554 ) ;
#1320 = VERTEX_POINT ( 'NONE', #712 ) ;
#1321 =( GEOMETRIC_REPRESENTATION_CONTEXT ( 3 ) GLOBAL_UNCERTAINTY_ASSIGNED_CONTEXT ( ( #1358 ) ) GLOBAL_UNIT_ASSIGNED_CONTEXT ( ( #1795, #1530, #2326 ) ) REPRESENTATION_CONTEXT ( 'NONE', 'WORKASPACE' ) );
#1322 = EDGE_LOOP ( 'NONE', ( #1858, #2306, #692, #1210 ) ) ;
#1323 = AXIS2_PLACEMENT_3D ( 'NONE', #1176, #342, #1979 ) ;
#1324 = DIRECTION ( 'NONE',  ( 1.000000000000000000, 0.000000000000000000, 0.000000000000000000 ) ) ;
#1325 = LINE ( 'NONE', #2389, #196 ) ;
#1326 = CARTESIAN_POINT ( 'NONE',  ( 15.99999999999998579, -15.99999999999999645, 0.000000000000000000 ) ) ;
#1327 = CARTESIAN_POINT ( 'NONE',  ( -11.54390249418308478, 13.66522283772208546, 0.000000000000000000 ) ) ;
#1328 = AXIS2_PLACEMENT_3D ( 'NONE', #804, #2355, #1028 ) ;
#1329 = DIRECTION ( 'NONE',  ( 1.000000000000000000, 0.000000000000000000, 0.000000000000000000 ) ) ;
#1330 = CARTESIAN_POINT ( 'NONE',  ( 7.685162873673847983, 2.222222222226483357, 0.000000000000000000 ) ) ;
#1331 = CARTESIAN_POINT ( 'NONE',  ( -17.82554346996895234, -1.500000000005136114, -1.000000000000000000 ) ) ;
#1332 = CARTESIAN_POINT ( 'NONE',  ( -17.82554346996894523, -2.500000000005136780, -1.000000000000000000 ) ) ;
#1333 = EDGE_CURVE ( 'NONE', #2824, #1089, #3073, .T. ) ;
#1334 = EDGE_LOOP ( 'NONE', ( #1448, #377, #2243, #631 ) ) ;
#1335 = CARTESIAN_POINT ( 'NONE',  ( 8.645808232889903522, -1.499999999985384580, -1.000000000000000000 ) ) ;
#1336 = CYLINDRICAL_SURFACE ( 'NONE', #1604, 18.99999999999382183 ) ;
#1337 = ORIENTED_EDGE ( 'NONE', *, *, #1141, .T. ) ;
#1338 = CIRCLE ( 'NONE', #1783, 18.99999999999382183 ) ;
#1339 = CIRCLE ( 'NONE', #1784, 0.9999999999999974465 ) ;
#1340 = CARTESIAN_POINT ( 'NONE',  ( -17.82554346996895234, -1.500000000005136114, 0.000000000000000000 ) ) ;
#1341 = ORIENTED_EDGE ( 'NONE', *, *, #934, .F. ) ;
#1342 = VECTOR ( 'NONE', #3464, 1000.000000000000000 ) ;
#1343 = ORIENTED_EDGE ( 'NONE', *, *, #1889, .T. ) ;
#1344 = AXIS2_PLACEMENT_3D ( 'NONE', #2657, #262, #2391 ) ;
#1345 = PERSON_AND_ORGANIZATION_ROLE ( 'creator' ) ;
#1346 = CARTESIAN_POINT ( 'NONE',  ( 0.000000000000000000, 0.000000000000000000, -1.000000000000000000 ) ) ;
#1347 = CARTESIAN_POINT ( 'NONE',  ( 4.000000000000537348, 0.000000000000000000, 0.000000000000000000 ) ) ;
#1348 = VERTEX_POINT ( 'NONE', #3435 ) ;
#1349 = DIRECTION ( 'NONE',  ( 0.000000000000000000, 0.000000000000000000, 1.000000000000000000 ) ) ;
#1350 = CARTESIAN_POINT ( 'NONE',  ( 7.881276583270955705, 4.345742677358909845, -1.000000000000000000 ) ) ;
#1351 = CARTESIAN_POINT ( 'NONE',  ( -16.00000000000000000, 15.99999999999999645, 0.000000000000000000 ) ) ;
#1352 = DIRECTION ( 'NONE',  ( 1.000000000000000000, 0.000000000000000000, 0.000000000000000000 ) ) ;
#1353 = CARTESIAN_POINT ( 'NONE',  ( 0.000000000000000000, 0.000000000000000000, 0.000000000000000000 ) ) ;
#1354 = CARTESIAN_POINT ( 'NONE',  ( 26.25000000000000000, 1.249110811708009910E-14, 0.000000000000000000 ) ) ;
#1355 = EDGE_CURVE ( 'NONE', #2513, #2446, #464, .T. ) ;
#1356 = ORIENTED_EDGE ( 'NONE', *, *, #95, .T. ) ;
#1357 = VECTOR ( 'NONE', #2388, 1000.000000000000000 ) ;
#1358 = UNCERTAINTY_MEASURE_WITH_UNIT (LENGTH_MEASURE( 1.000000000000000082E-05 ), #1795, 'distance_accuracy_value', 'NONE');
#1359 = DIRECTION ( 'NONE',  ( 0.000000000000000000, -0.000000000000000000, 1.000000000000000000 ) ) ;
#1360 = ORIENTED_EDGE ( 'NONE', *, *, #3284, .F. ) ;
#1361 = ORIENTED_EDGE ( 'NONE', *, *, #557, .F. ) ;
#1362 = DIRECTION ( 'NONE',  ( 1.000000000000000000, 0.000000000000000000, 0.000000000000000000 ) ) ;
#1363 = PLANE ( 'NONE',  #2183 ) ;
#1364 = VERTEX_POINT ( 'NONE', #2885 ) ;
#1365 = CARTESIAN_POINT ( 'NONE',  ( 7.005579185137650988, -3.862882379858099569, 0.000000000000000000 ) ) ;
#1366 = DIRECTION ( 'NONE',  ( 0.000000000000000000, 0.000000000000000000, 1.000000000000000000 ) ) ;
#1367 = CARTESIAN_POINT ( 'NONE',  ( -7.685162873678922146, 2.222222222208966702, -1.000000000000000000 ) ) ;
#1368 = LINE ( 'NONE', #3212, #3107 ) ;
#1369 = EDGE_CURVE ( 'NONE', #1881, #2111, #209, .T. ) ;
#1370 = FACE_OUTER_BOUND ( 'NONE', #2881, .T. ) ;
#1371 = DIRECTION ( 'NONE',  ( -0.7071067811865487940, -0.7071067811865463515, 0.000000000000000000 ) ) ;
#1372 = ORIENTED_EDGE ( 'NONE', *, *, #214, .F. ) ;
#1373 = AXIS2_PLACEMENT_3D ( 'NONE', #2742, #855, #3035 ) ;
#1374 = CYLINDRICAL_SURFACE ( 'NONE', #704, 1.000000000000000888 ) ;
#1375 = ORIENTED_EDGE ( 'NONE', *, *, #1637, .F. ) ;
#1376 = ADVANCED_FACE ( 'NONE', ( #2837 ), #1272, .F. ) ;
#1377 = PRODUCT_DEFINITION_FORMATION_WITH_SPECIFIED_SOURCE ( '任何', '', #3356, .NOT_KNOWN. ) ;
#1378 = ADVANCED_FACE ( 'NONE', ( #2332 ), #2076, .T. ) ;
#1379 = AXIS2_PLACEMENT_3D ( 'NONE', #3081, #3020, #3318 ) ;
#1380 = ORIENTED_EDGE ( 'NONE', *, *, #503, .F. ) ;
#1381 = AXIS2_PLACEMENT_3D ( 'NONE', #1108, #1914, #2705 ) ;
#1382 = DIRECTION ( 'NONE',  ( 0.000000000000000000, 0.000000000000000000, 1.000000000000000000 ) ) ;
#1383 = DIRECTION ( 'NONE',  ( 0.000000000000000000, 0.000000000000000000, 1.000000000000000000 ) ) ;
#1384 = ORIENTED_EDGE ( 'NONE', *, *, #2026, .F. ) ;
#1385 = CIRCLE ( 'NONE', #2882, 1.000000000000000888 ) ;
#1386 = DIRECTION ( 'NONE',  ( 1.000000000000000000, 0.000000000000000000, 0.000000000000000000 ) ) ;
#1387 = DIRECTION ( 'NONE',  ( 1.000000000000000000, 0.000000000000000000, 0.000000000000000000 ) ) ;
#1388 = FACE_OUTER_BOUND ( 'NONE', #11, .T. ) ;
#1389 = CARTESIAN_POINT ( 'NONE',  ( 0.000000000000000000, 0.000000000000000000, -1.000000000000000000 ) ) ;
#1390 = ORIENTED_EDGE ( 'NONE', *, *, #2048, .F. ) ;
#1391 = CARTESIAN_POINT ( 'NONE',  ( 18.81585144052599290, -2.638888888873543337, 0.000000000000000000 ) ) ;
#1392 = DIRECTION ( 'NONE',  ( 1.000000000000000000, 4.724328728373313618E-16, 0.000000000000000000 ) ) ;
#1393 = ORIENTED_EDGE ( 'NONE', *, *, #449, .F. ) ;
#1394 = CARTESIAN_POINT ( 'NONE',  ( -6.881276583270981462, -4.345742677358855666, -1.000000000000000000 ) ) ;
#1395 = ORIENTED_EDGE ( 'NONE', *, *, #90, .T. ) ;
#1396 = EDGE_CURVE ( 'NONE', #275, #84, #2900, .T. ) ;
#1397 = CIRCLE ( 'NONE', #3472, 1.000000000000002665 ) ;
#1398 = PERSON_AND_ORGANIZATION_ROLE ( 'design_supplier' ) ;
#1399 = CYLINDRICAL_SURFACE ( 'NONE', #837, 1.500000000000001332 ) ;
#1400 = EDGE_CURVE ( 'NONE', #2631, #200, #1406, .T. ) ;
#1401 = ORIENTED_EDGE ( 'NONE', *, *, #1972, .F. ) ;
#1402 = ORIENTED_EDGE ( 'NONE', *, *, #214, .T. ) ;
#1403 = CARTESIAN_POINT ( 'NONE',  ( 16.00000000000000000, 15.99999999999999645, -1.000000000000000000 ) ) ;
#1404 = DIRECTION ( 'NONE',  ( 1.000000000000000000, 0.000000000000000000, 0.000000000000000000 ) ) ;
#1405 = DIRECTION ( 'NONE',  ( -0.000000000000000000, -0.000000000000000000, -1.000000000000000000 ) ) ;
#1406 = LINE ( 'NONE', #1065, #2621 ) ;
#1407 = ORIENTED_EDGE ( 'NONE', *, *, #168, .F. ) ;
#1408 = VERTEX_POINT ( 'NONE', #3266 ) ;
#1409 = CARTESIAN_POINT ( 'NONE',  ( 0.000000000000000000, 0.000000000000000000, -1.000000000000000000 ) ) ;
#1410 = DIRECTION ( 'NONE',  ( 0.000000000000000000, 0.000000000000000000, 1.000000000000000000 ) ) ;
#1411 = VERTEX_POINT ( 'NONE', #823 ) ;
#1412 = ORIENTED_EDGE ( 'NONE', *, *, #859, .T. ) ;
#1413 = AXIS2_PLACEMENT_3D ( 'NONE', #1086, #3137, #2942 ) ;
#1414 = EDGE_CURVE ( 'NONE', #456, #30, #2999, .T. ) ;
#1415 = ORIENTED_EDGE ( 'NONE', *, *, #3101, .F. ) ;
#1416 = EDGE_LOOP ( 'NONE', ( #3402, #681, #2319, #472 ) ) ;
#1417 = EDGE_CURVE ( 'NONE', #2003, #718, #59, .T. ) ;
#1418 = CARTESIAN_POINT ( 'NONE',  ( -7.005579185137623455, 3.862882379858147086, 0.000000000000000000 ) ) ;
#1419 = CARTESIAN_POINT ( 'NONE',  ( 8.645808232889899969, -2.499999999985384580, 0.000000000000000000 ) ) ;
#1420 = DIRECTION ( 'NONE',  ( 1.000000000000000000, 0.000000000000000000, 0.000000000000000000 ) ) ;
#1421 = CARTESIAN_POINT ( 'NONE',  ( -7.881276583280840242, 4.345742677340973081, -1.000000000000000000 ) ) ;
#1422 = VERTEX_POINT ( 'NONE', #2154 ) ;
#1423 = CARTESIAN_POINT ( 'NONE',  ( 22.07404796879308506, -6.707530582367697029E-16, -1.000000000000000000 ) ) ;
#1424 = CARTESIAN_POINT ( 'NONE',  ( 10.83679571298062783, 14.37232961892062377, 0.000000000000000000 ) ) ;
#1425 = ORIENTED_EDGE ( 'NONE', *, *, #2957, .T. ) ;
#1426 = VERTEX_POINT ( 'NONE', #1124 ) ;
#1427 = CIRCLE ( 'NONE', #867, 18.99999999999380051 ) ;
#1428 = VECTOR ( 'NONE', #1835, 1000.000000000000000 ) ;
#1429 = ORIENTED_EDGE ( 'NONE', *, *, #2185, .T. ) ;
#1430 = ORIENTED_EDGE ( 'NONE', *, *, #2841, .T. ) ;
#1431 = AXIS2_PLACEMENT_3D ( 'NONE', #2720, #2414, #3231 ) ;
#1432 = FACE_OUTER_BOUND ( 'NONE', #667, .T. ) ;
#1433 = FACE_OUTER_BOUND ( 'NONE', #1569, .T. ) ;
#1434 = DIRECTION ( 'NONE',  ( 0.000000000000000000, 0.000000000000000000, 1.000000000000000000 ) ) ;
#1435 = DIRECTION ( 'NONE',  ( 0.000000000000000000, 0.000000000000000000, 1.000000000000000000 ) ) ;
#1436 = VECTOR ( 'NONE', #1371, 1000.000000000000000 ) ;
#1437 = EDGE_CURVE ( 'NONE', #787, #2950, #3187, .T. ) ;
#1438 = ORIENTED_EDGE ( 'NONE', *, *, #2026, .T. ) ;
#1439 = EDGE_CURVE ( 'NONE', #2234, #1279, #321, .T. ) ;
#1440 = AXIS2_PLACEMENT_3D ( 'NONE', #3119, #971, #434 ) ;
#1441 = DIRECTION ( 'NONE',  ( 1.000000000000000000, 0.000000000000000000, 0.000000000000000000 ) ) ;
#1442 = CARTESIAN_POINT ( 'NONE',  ( 2.222222222226457156, -7.685162873673856865, 0.000000000000000000 ) ) ;
#1443 = AXIS2_PLACEMENT_3D ( 'NONE', #1929, #1913, #2983 ) ;
#1444 = EDGE_CURVE ( 'NONE', #2088, #2493, #1397, .T. ) ;
#1445 = ORIENTED_EDGE ( 'NONE', *, *, #3325, .T. ) ;
#1446 = ORIENTED_EDGE ( 'NONE', *, *, #1090, .T. ) ;
#1447 = EDGE_LOOP ( 'NONE', ( #1077, #343, #1729, #2693, #577, #1528, #734, #1525, #870, #440, #2061, #2892, #1853, #1658 ) ) ;
#1448 = ORIENTED_EDGE ( 'NONE', *, *, #3424, .F. ) ;
#1449 = DIRECTION ( 'NONE',  ( 0.000000000000000000, 0.000000000000000000, 1.000000000000000000 ) ) ;
#1450 = DIRECTION ( 'NONE',  ( 0.000000000000000000, 0.000000000000000000, 1.000000000000000000 ) ) ;
#1451 = DIRECTION ( 'NONE',  ( 0.000000000000000000, 0.000000000000000000, 1.000000000000000000 ) ) ;
#1452 = CARTESIAN_POINT ( 'NONE',  ( -2.222222222208971143, -7.685162873678910600, -1.000000000000000000 ) ) ;
#1453 = CIRCLE ( 'NONE', #3026, 7.999999999990757615 ) ;
#1454 = AXIS2_PLACEMENT_3D ( 'NONE', #2504, #341, #860 ) ;
#1455 = CARTESIAN_POINT ( 'NONE',  ( 1.499999999985411225, 17.82554346997171990, 0.000000000000000000 ) ) ;
#1456 = ADVANCED_FACE ( 'NONE', ( #556 ), #2469, .F. ) ;
#1457 = DIRECTION ( 'NONE',  ( 0.000000000000000000, 0.000000000000000000, 1.000000000000000000 ) ) ;
#1458 = DIRECTION ( 'NONE',  ( 0.000000000000000000, 0.000000000000000000, 1.000000000000000000 ) ) ;
#1459 = ORIENTED_EDGE ( 'NONE', *, *, #1355, .T. ) ;
#1460 = EDGE_CURVE ( 'NONE', #119, #1056, #1339, .T. ) ;
#1461 = EDGE_LOOP ( 'NONE', ( #2205, #911, #132, #852 ) ) ;
#1462 = ORIENTED_EDGE ( 'NONE', *, *, #975, .T. ) ;
#1463 = CIRCLE ( 'NONE', #54, 7.999999999990754063 ) ;
#1464 = ORIENTED_EDGE ( 'NONE', *, *, #1074, .T. ) ;
#1465 = EDGE_CURVE ( 'NONE', #1364, #1422, #1368, .T. ) ;
#1466 = PLANE ( 'NONE',  #264 ) ;
#1467 = DIRECTION ( 'NONE',  ( 0.000000000000000000, 0.000000000000000000, 1.000000000000000000 ) ) ;
#1468 = PLANE ( 'NONE',  #1373 ) ;
#1469 = CARTESIAN_POINT ( 'NONE',  ( -14.37232961890865823, -10.83679571299641786, -1.000000000000000000 ) ) ;
#1470 = CYLINDRICAL_SURFACE ( 'NONE', #1561, 7.999999999990764721 ) ;
#1471 = CARTESIAN_POINT ( 'NONE',  ( 11.83679571298062605, 14.37232961892062377, 0.000000000000000000 ) ) ;
#1472 = CARTESIAN_POINT ( 'NONE',  ( -18.00000000000000000, -18.00000000000000355, 0.000000000000000000 ) ) ;
#1473 = ORIENTED_EDGE ( 'NONE', *, *, #3194, .F. ) ;
#1474 = VERTEX_POINT ( 'NONE', #783 ) ;
#1475 = EDGE_CURVE ( 'NONE', #3124, #523, #2264, .T. ) ;
#1476 = ADVANCED_FACE ( 'NONE', ( #2396 ), #802, .F. ) ;
#1477 = EDGE_CURVE ( 'NONE', #3216, #1426, #1541, .T. ) ;
#1478 = ORIENTED_EDGE ( 'NONE', *, *, #957, .F. ) ;
#1479 = ORIENTED_EDGE ( 'NONE', *, *, #1840, .T. ) ;
#1480 = EDGE_CURVE ( 'NONE', #2323, #818, #1206, .T. ) ;
#1481 = VERTEX_POINT ( 'NONE', #1893 ) ;
#1482 = CIRCLE ( 'NONE', #3336, 4.000000000000537348 ) ;
#1483 = CARTESIAN_POINT ( 'NONE',  ( 14.37232961890858718, 10.83679571299651911, -1.000000000000000000 ) ) ;
#1484 = DIRECTION ( 'NONE',  ( 0.000000000000000000, 0.000000000000000000, 1.000000000000000000 ) ) ;
#1485 = DIRECTION ( 'NONE',  ( 1.000000000000000000, 0.000000000000000000, 0.000000000000000000 ) ) ;
#1486 = CARTESIAN_POINT ( 'NONE',  ( 5.052849458545431993, -7.174169802084426451, -1.000000000000000000 ) ) ;
#1487 = AXIS2_PLACEMENT_3D ( 'NONE', #1332, #301, #39 ) ;
#1488 = AXIS2_PLACEMENT_3D ( 'NONE', #379, #3062, #651 ) ;
#1489 = CARTESIAN_POINT ( 'NONE',  ( 10.83679571299646760, -14.37232961890862448, -1.000000000000000000 ) ) ;
#1490 = LINE ( 'NONE', #689, #1883 ) ;
#1491 = DIRECTION ( 'NONE',  ( 1.000000000000000000, 0.000000000000000000, 0.000000000000000000 ) ) ;
#1492 = VECTOR ( 'NONE', #1942, 1000.000000000000000 ) ;
#1493 = ORIENTED_EDGE ( 'NONE', *, *, #2462, .F. ) ;
#1494 = AXIS2_PLACEMENT_3D ( 'NONE', #384, #2745, #371 ) ;
#1495 = VECTOR ( 'NONE', #583, 1000.000000000000000 ) ;
#1496 = CIRCLE ( 'NONE', #3303, 0.9999999999999505951 ) ;
#1497 = ORIENTED_EDGE ( 'NONE', *, *, #1638, .F. ) ;
#1498 = EDGE_CURVE ( 'NONE', #2334, #1809, #2490, .T. ) ;
#1499 = EDGE_LOOP ( 'NONE', ( #116, #2199, #182, #1791 ) ) ;
#1500 = VERTEX_POINT ( 'NONE', #3250 ) ;
#1501 = DIRECTION ( 'NONE',  ( 1.000000000000000000, 0.000000000000000000, 0.000000000000000000 ) ) ;
#1502 = CARTESIAN_POINT ( 'NONE',  ( 0.000000000000000000, 0.000000000000000000, 0.000000000000000000 ) ) ;
#1503 = EDGE_CURVE ( 'NONE', #2266, #599, #842, .T. ) ;
#1504 = DIRECTION ( 'NONE',  ( 0.7071067811865445751, 0.7071067811865503483, 0.000000000000000000 ) ) ;
#1505 = FACE_BOUND ( 'NONE', #2404, .T. ) ;
#1506 = VECTOR ( 'NONE', #1653, 1000.000000000000000 ) ;
#1507 = DIRECTION ( 'NONE',  ( 1.000000000000000000, -0.000000000000000000, -0.000000000000000000 ) ) ;
#1508 = CARTESIAN_POINT ( 'NONE',  ( 0.000000000000000000, 0.000000000000000000, -1.000000000000000000 ) ) ;
#1509 = DIRECTION ( 'NONE',  ( -0.7071067811865489050, -0.7071067811865462405, 0.000000000000000000 ) ) ;
#1510 = CIRCLE ( 'NONE', #2625, 2.000000000000001776 ) ;
#1511 = ORIENTED_EDGE ( 'NONE', *, *, #3144, .T. ) ;
#1512 = CIRCLE ( 'NONE', #554, 1.000000000000001776 ) ;
#1513 = ORIENTED_EDGE ( 'NONE', *, *, #465, .T. ) ;
#1514 = EDGE_LOOP ( 'NONE', ( #963, #1213, #2507, #289 ) ) ;
#1515 = ORIENTED_EDGE ( 'NONE', *, *, #29, .F. ) ;
#1516 = CARTESIAN_POINT ( 'NONE',  ( 16.00000000000000000, 15.99999999999999645, -1.000000000000000000 ) ) ;
#1517 = CYLINDRICAL_SURFACE ( 'NONE', #2415, 0.9999999999999974465 ) ;
#1518 = FACE_BOUND ( 'NONE', #2574, .T. ) ;
#1519 = FACE_OUTER_BOUND ( 'NONE', #1164, .T. ) ;
#1520 = AXIS2_PLACEMENT_3D ( 'NONE', #258, #1554, #1846 ) ;
#1521 = EDGE_CURVE ( 'NONE', #3354, #621, #976, .T. ) ;
#1522 = CARTESIAN_POINT ( 'NONE',  ( 7.005579185128834929, 3.862882379874088556, 0.000000000000000000 ) ) ;
#1523 = CARTESIAN_POINT ( 'NONE',  ( 17.99999999999998934, -15.99999999999999645, -1.000000000000000000 ) ) ;
#1524 = CARTESIAN_POINT ( 'NONE',  ( 18.82554346996891326, 2.500000000005118572, -1.000000000000000000 ) ) ;
#1525 = ORIENTED_EDGE ( 'NONE', *, *, #3458, .T. ) ;
#1526 = ORIENTED_EDGE ( 'NONE', *, *, #2322, .T. ) ;
#1527 = ORIENTED_EDGE ( 'NONE', *, *, #722, .T. ) ;
#1528 = ORIENTED_EDGE ( 'NONE', *, *, #263, .T. ) ;
#1529 = ORIENTED_EDGE ( 'NONE', *, *, #2247, .F. ) ;
#1530 =( NAMED_UNIT ( * ) PLANE_ANGLE_UNIT ( ) SI_UNIT ( $, .RADIAN. ) );
#1531 = LINE ( 'NONE', #3164, #2292 ) ;
#1532 = CARTESIAN_POINT ( 'NONE',  ( -2.499999999985479615, -17.82554346997165950, 0.000000000000000000 ) ) ;
#1533 = DIRECTION ( 'NONE',  ( 1.000000000000000000, 0.000000000000000000, 0.000000000000000000 ) ) ;
#1534 = CIRCLE ( 'NONE', #1200, 7.999999999990764721 ) ;
#1535 = DIRECTION ( 'NONE',  ( 0.000000000000000000, 0.000000000000000000, 1.000000000000000000 ) ) ;
#1536 = DIRECTION ( 'NONE',  ( 0.7071067811865479058, -0.7071067811865472397, 0.000000000000000000 ) ) ;
#1537 = CARTESIAN_POINT ( 'NONE',  ( -4.000000000000537348, 4.898587196590070541E-16, -1.000000000000000000 ) ) ;
#1538 = APPROVAL_PERSON_ORGANIZATION ( #2126, #1106, #3222 ) ;
#1539 = ADVANCED_FACE ( 'NONE', ( #1734 ), #628, .F. ) ;
#1540 = AXIS2_PLACEMENT_3D ( 'NONE', #3190, #2700, #1084 ) ;
#1541 = CIRCLE ( 'NONE', #317, 0.9999999999999991118 ) ;
#1542 = VERTEX_POINT ( 'NONE', #3300 ) ;
#1543 = EDGE_CURVE ( 'NONE', #2088, #662, #938, .T. ) ;
#1544 = LINE ( 'NONE', #2378, #77 ) ;
#1545 = EDGE_CURVE ( 'NONE', #3459, #876, #892, .T. ) ;
#1546 = EDGE_CURVE ( 'NONE', #113, #720, #353, .T. ) ;
#1547 = CIRCLE ( 'NONE', #3341, 1.000000000000000888 ) ;
#1548 = ORIENTED_EDGE ( 'NONE', *, *, #1071, .F. ) ;
#1549 = AXIS2_PLACEMENT_3D ( 'NONE', #2338, #3422, #1012 ) ;
#1550 = VERTEX_POINT ( 'NONE', #1452 ) ;
#1551 = ORIENTED_EDGE ( 'NONE', *, *, #2227, .F. ) ;
#1552 = ORIENTED_EDGE ( 'NONE', *, *, #2288, .T. ) ;
#1553 = DIRECTION ( 'NONE',  ( 0.000000000000000000, 0.000000000000000000, 1.000000000000000000 ) ) ;
#1554 = DIRECTION ( 'NONE',  ( 0.000000000000000000, 0.000000000000000000, 1.000000000000000000 ) ) ;
#1555 = CARTESIAN_POINT ( 'NONE',  ( 5.052849458527487236, 7.174169802094340298, 0.000000000000000000 ) ) ;
#1556 = LINE ( 'NONE', #3131, #1120 ) ;
#1557 = EDGE_LOOP ( 'NONE', ( #3425, #3092, #845, #702 ) ) ;
#1558 = CARTESIAN_POINT ( 'NONE',  ( -8.645808232889908851, 2.499999999985411225, 0.000000000000000000 ) ) ;
#1559 = DIRECTION ( 'NONE',  ( 1.000000000000000000, 0.000000000000000000, 0.000000000000000000 ) ) ;
#1560 = DIRECTION ( 'NONE',  ( -4.062922706401048193E-15, 1.000000000000000000, 0.000000000000000000 ) ) ;
#1561 = AXIS2_PLACEMENT_3D ( 'NONE', #433, #2852, #1207 ) ;
#1562 = CIRCLE ( 'NONE', #550, 2.000000000000001776 ) ;
#1563 = EDGE_CURVE ( 'NONE', #2838, #787, #397, .T. ) ;
#1564 = DIRECTION ( 'NONE',  ( -0.000000000000000000, -0.000000000000000000, -1.000000000000000000 ) ) ;
#1565 = VERTEX_POINT ( 'NONE', #2756 ) ;
#1566 = ADVANCED_FACE ( 'NONE', ( #611 ), #108, .T. ) ;
#1567 = CARTESIAN_POINT ( 'NONE',  ( -1.500000000005100809, 8.645808232884220956, -1.000000000000000000 ) ) ;
#1568 = ORIENTED_EDGE ( 'NONE', *, *, #635, .F. ) ;
#1569 = EDGE_LOOP ( 'NONE', ( #230, #1148, #360, #2747 ) ) ;
#1570 = ORIENTED_EDGE ( 'NONE', *, *, #2609, .T. ) ;
#1571 = CARTESIAN_POINT ( 'NONE',  ( 11.83679571298062605, 14.37232961892062377, -1.000000000000000000 ) ) ;
#1572 = CARTESIAN_POINT ( 'NONE',  ( 2.500000000005084377, -8.645808232884199640, -1.000000000000000000 ) ) ;
#1573 = DIRECTION ( 'NONE',  ( 0.000000000000000000, 0.000000000000000000, 1.000000000000000000 ) ) ;
#1574 = DIRECTION ( 'NONE',  ( 0.000000000000000000, 0.000000000000000000, 1.000000000000000000 ) ) ;
#1575 = FACE_OUTER_BOUND ( 'NONE', #3077, .T. ) ;
#1576 = DIRECTION ( 'NONE',  ( 0.000000000000000000, 0.000000000000000000, 1.000000000000000000 ) ) ;
#1577 = DIRECTION ( 'NONE',  ( 0.000000000000000000, 0.000000000000000000, 1.000000000000000000 ) ) ;
#1578 = DIRECTION ( 'NONE',  ( -0.7071067811865462405, 0.7071067811865489050, 0.000000000000000000 ) ) ;
#1579 = AXIS2_PLACEMENT_3D ( 'NONE', #1598, #1274, #1807 ) ;
#1580 = DIRECTION ( 'NONE',  ( 1.000000000000000000, 0.000000000000000000, 0.000000000000000000 ) ) ;
#1581 = FACE_OUTER_BOUND ( 'NONE', #899, .T. ) ;
#1582 = ORIENTED_EDGE ( 'NONE', *, *, #3424, .T. ) ;
#1583 = EDGE_CURVE ( 'NONE', #2234, #419, #654, .T. ) ;
#1584 = CARTESIAN_POINT ( 'NONE',  ( -5.052849458545432881, 7.174169802084439773, 0.000000000000000000 ) ) ;
#1585 = ORIENTED_EDGE ( 'NONE', *, *, #52, .T. ) ;
#1586 = ORIENTED_EDGE ( 'NONE', *, *, #603, .F. ) ;
#1587 = EDGE_CURVE ( 'NONE', #2163, #1696, #924, .T. ) ;
#1588 = DIRECTION ( 'NONE',  ( -1.000000000000000000, 0.000000000000000000, 0.000000000000000000 ) ) ;
#1589 = FACE_OUTER_BOUND ( 'NONE', #1447, .T. ) ;
#1590 = DIRECTION ( 'NONE',  ( 0.000000000000000000, 0.000000000000000000, 1.000000000000000000 ) ) ;
#1591 = ADVANCED_FACE ( 'NONE', ( #2814 ), #3349, .T. ) ;
#1592 = ORIENTED_EDGE ( 'NONE', *, *, #2907, .F. ) ;
#1593 = CARTESIAN_POINT ( 'NONE',  ( -15.17079237552747628, 11.43883991925765820, -1.000000000000000000 ) ) ;
#1594 = DIRECTION ( 'NONE',  ( 0.000000000000000000, 0.000000000000000000, 1.000000000000000000 ) ) ;
#1595 = CARTESIAN_POINT ( 'NONE',  ( 26.25000000000000355, 13.25000000000000000, 0.000000000000000000 ) ) ;
#1596 = DIRECTION ( 'NONE',  ( 0.000000000000000000, 0.000000000000000000, 1.000000000000000000 ) ) ;
#1597 = ORIENTED_EDGE ( 'NONE', *, *, #347, .F. ) ;
#1598 = CARTESIAN_POINT ( 'NONE',  ( 14.37232961890858718, 10.83679571299651911, -1.000000000000000000 ) ) ;
#1599 = DIRECTION ( 'NONE',  ( 0.000000000000000000, 0.000000000000000000, 1.000000000000000000 ) ) ;
#1600 = VECTOR ( 'NONE', #3249, 1000.000000000000000 ) ;
#1601 = ORIENTED_EDGE ( 'NONE', *, *, #1369, .T. ) ;
#1602 = VECTOR ( 'NONE', #1707, 1000.000000000000000 ) ;
#1603 = CARTESIAN_POINT ( 'NONE',  ( 2.499999999985407229, 8.645808232889910627, -1.000000000000000000 ) ) ;
#1604 = AXIS2_PLACEMENT_3D ( 'NONE', #288, #2725, #249 ) ;
#1605 = ORIENTED_EDGE ( 'NONE', *, *, #1256, .T. ) ;
#1606 = VECTOR ( 'NONE', #2084, 1000.000000000000000 ) ;
#1607 = VERTEX_POINT ( 'NONE', #1486 ) ;
#1608 = CIRCLE ( 'NONE', #879, 18.99999999999383959 ) ;
#1609 = EDGE_CURVE ( 'NONE', #632, #1411, #420, .T. ) ;
#1610 = COORDINATED_UNIVERSAL_TIME_OFFSET ( 8, 0, .AHEAD. ) ;
#1611 = CARTESIAN_POINT ( 'NONE',  ( -8.645808232884224509, -1.500000000005102141, -1.000000000000000000 ) ) ;
#1612 = DIRECTION ( 'NONE',  ( 1.000000000000000000, 0.000000000000000000, 0.000000000000000000 ) ) ;
#1613 = DIRECTION ( 'NONE',  ( 1.000000000000000000, 0.000000000000000000, 0.000000000000000000 ) ) ;
#1614 = ORIENTED_EDGE ( 'NONE', *, *, #2628, .T. ) ;
#1615 = VECTOR ( 'NONE', #956, 1000.000000000000000 ) ;
#1616 = EDGE_CURVE ( 'NONE', #621, #48, #2097, .T. ) ;
#1617 = CARTESIAN_POINT ( 'NONE',  ( -8.645808232884224509, -1.500000000005102141, -1.000000000000000000 ) ) ;
#1618 = DIRECTION ( 'NONE',  ( 1.000000000000000000, 4.724328728373313618E-16, 0.000000000000000000 ) ) ;
#1619 = CYLINDRICAL_SURFACE ( 'NONE', #1876, 1.500000000000001332 ) ;
#1620 = CARTESIAN_POINT ( 'NONE',  ( 14.37232961892057048, -10.83679571298063848, 0.000000000000000000 ) ) ;
#1621 = DIRECTION ( 'NONE',  ( 1.000000000000000000, 0.000000000000000000, 0.000000000000000000 ) ) ;
#1622 = CARTESIAN_POINT ( 'NONE',  ( 10.83679571298062783, 14.37232961892062377, 0.000000000000000000 ) ) ;
#1623 = ORIENTED_EDGE ( 'NONE', *, *, #1498, .T. ) ;
#1624 = VECTOR ( 'NONE', #1008, 1000.000000000000000 ) ;
#1625 = CARTESIAN_POINT ( 'NONE',  ( 8.645808232889903522, -1.499999999985384580, -1.000000000000000000 ) ) ;
#1626 = ORIENTED_EDGE ( 'NONE', *, *, #1587, .F. ) ;
#1627 = AXIS2_PLACEMENT_3D ( 'NONE', #2933, #1117, #512 ) ;
#1628 = ORIENTED_EDGE ( 'NONE', *, *, #3148, .T. ) ;
#1629 = VECTOR ( 'NONE', #1693, 1000.000000000000114 ) ;
#1630 = FACE_BOUND ( 'NONE', #2547, .T. ) ;
#1631 = CARTESIAN_POINT ( 'NONE',  ( -14.00000000000000000, 15.99999999999999645, -1.000000000000000000 ) ) ;
#1632 = ORIENTED_EDGE ( 'NONE', *, *, #989, .T. ) ;
#1633 = CARTESIAN_POINT ( 'NONE',  ( -13.66522283773394264, 11.54390249416727698, 0.000000000000000000 ) ) ;
#1634 = CARTESIAN_POINT ( 'NONE',  ( 14.37232961892057048, -10.83679571298063848, -1.000000000000000000 ) ) ;
#1635 = DIRECTION ( 'NONE',  ( 1.000000000000000000, 0.000000000000000000, 0.000000000000000000 ) ) ;
#1636 = DIRECTION ( 'NONE',  ( 0.000000000000000000, 0.000000000000000000, 1.000000000000000000 ) ) ;
#1637 = EDGE_CURVE ( 'NONE', #2321, #2951, #3282, .T. ) ;
#1638 = EDGE_CURVE ( 'NONE', #3357, #1928, #875, .T. ) ;
#1639 = CARTESIAN_POINT ( 'NONE',  ( -11.43883991925759958, -15.17079237552749582, -1.000000000000000000 ) ) ;
#1640 = CARTESIAN_POINT ( 'NONE',  ( 17.82554346997167016, -1.499999999985416554, 0.000000000000000000 ) ) ;
#1641 = ORIENTED_EDGE ( 'NONE', *, *, #2904, .F. ) ;
#1642 = VECTOR ( 'NONE', #221, 1000.000000000000000 ) ;
#1643 = CYLINDRICAL_SURFACE ( 'NONE', #2672, 1.999999999999998224 ) ;
#1644 = ORIENTED_EDGE ( 'NONE', *, *, #2819, .T. ) ;
#1645 = VERTEX_POINT ( 'NONE', #2253 ) ;
#1646 = PERSON_AND_ORGANIZATION ( #2987, #979 ) ;
#1647 = DIRECTION ( 'NONE',  ( 0.000000000000000000, 0.000000000000000000, 1.000000000000000000 ) ) ;
#1648 = DIRECTION ( 'NONE',  ( 1.000000000000000000, 0.000000000000000000, 0.000000000000000000 ) ) ;
#1649 = ORIENTED_EDGE ( 'NONE', *, *, #2343, .F. ) ;
#1650 = CARTESIAN_POINT ( 'NONE',  ( 11.43883991927425470, -15.17079237551493343, -1.000000000000000000 ) ) ;
#1651 = LINE ( 'NONE', #821, #3139 ) ;
#1652 = CARTESIAN_POINT ( 'NONE',  ( -17.82554346997171635, 1.499999999985406562, -1.000000000000000000 ) ) ;
#1653 = DIRECTION ( 'NONE',  ( -0.000000000000000000, -1.000000000000000000, -0.000000000000000000 ) ) ;
#1654 = CLOSED_SHELL ( 'NONE', ( #1659, #622, #345, #1156, #2173, #1476, #3082, #2848, #2478, #26, #3383, #1095, #3312, #655, #1378, #2015, #1016, #3245, #308, #3309, #1591, #386, #1134, #674, #3388, #2733, #1699, #2823, #2303, #3220, #3104, #1994, #3002, #2608, #1161, #2927, #1839, #2166, #257, #3364, #3176, #421, #558, #1260, #960, #2888, #769, #2982, #1376, #2568, #129, #693, #600, #3294, #576, #3311, #10, #362, #1307, #2115, #3042, #286, #1758, #1068, #884, #1566, #3198, #528, #1800, #2889, #2864, #959, #2211, #2336, #3149, #448, #1539, #767, #461, #2465, #748, #2582, #2421, #1931, #194, #3044, #2706, #3008, #678, #306, #92, #3408, #1456, #2349, #2459, #1912, #3088, #3261 ) ) ;
#1655 = AXIS2_PLACEMENT_3D ( 'NONE', #535, #187, #1289 ) ;
#1656 = DIRECTION ( 'NONE',  ( 0.000000000000000000, 0.000000000000000000, 1.000000000000000000 ) ) ;
#1657 = CARTESIAN_POINT ( 'NONE',  ( 20.00000000000000000, 17.99999999999998579, -1.000000000000000000 ) ) ;
#1658 = ORIENTED_EDGE ( 'NONE', *, *, #679, .T. ) ;
#1659 = ADVANCED_FACE ( 'NONE', ( #2225 ), #1719, .F. ) ;
#1660 = AXIS2_PLACEMENT_3D ( 'NONE', #1903, #1059, #3184 ) ;
#1661 = CARTESIAN_POINT ( 'NONE',  ( -17.99999999999998224, -15.99999999999999645, -1.000000000000000000 ) ) ;
#1662 = ORIENTED_EDGE ( 'NONE', *, *, #1972, .T. ) ;
#1663 = AXIS2_PLACEMENT_3D ( 'NONE', #2551, #1435, #157 ) ;
#1664 = EDGE_LOOP ( 'NONE', ( #1393, #2735, #947, #2871, #2530, #3426, #2081, #2080, #2261 ) ) ;
#1665 = AXIS2_PLACEMENT_3D ( 'NONE', #1403, #2466, #1329 ) ;
#1666 = DIRECTION ( 'NONE',  ( 1.000000000000000000, 0.000000000000000000, 0.000000000000000000 ) ) ;
#1667 = LINE ( 'NONE', #2914, #663 ) ;
#1668 = VERTEX_POINT ( 'NONE', #3036 ) ;
#1669 = AXIS2_PLACEMENT_3D ( 'NONE', #2299, #1786, #463 ) ;
#1670 = ORIENTED_EDGE ( 'NONE', *, *, #1884, .F. ) ;
#1671 = FACE_OUTER_BOUND ( 'NONE', #408, .T. ) ;
#1672 = DIRECTION ( 'NONE',  ( 0.000000000000000000, 0.000000000000000000, 1.000000000000000000 ) ) ;
#1673 = CARTESIAN_POINT ( 'NONE',  ( 11.43883991927425470, -15.17079237551493343, 0.000000000000000000 ) ) ;
#1674 = CARTESIAN_POINT ( 'NONE',  ( -20.00000000000000000, -2.449293598294707302E-15, -1.000000000000000000 ) ) ;
#1675 = ORIENTED_EDGE ( 'NONE', *, *, #1934, .F. ) ;
#1676 = CIRCLE ( 'NONE', #604, 18.99999999999380407 ) ;
#1677 = DIRECTION ( 'NONE',  ( 0.000000000000000000, 0.000000000000000000, 1.000000000000000000 ) ) ;
#1678 = CARTESIAN_POINT ( 'NONE',  ( -3.862882379874067240, 7.005579185128871345, 0.000000000000000000 ) ) ;
#1679 = ORIENTED_EDGE ( 'NONE', *, *, #920, .F. ) ;
#1680 = LINE ( 'NONE', #2803, #1172 ) ;
#1681 = VERTEX_POINT ( 'NONE', #2770 ) ;
#1682 = EDGE_CURVE ( 'NONE', #2894, #665, #2545, .T. ) ;
#1683 = VECTOR ( 'NONE', #972, 1000.000000000000000 ) ;
#1684 = VECTOR ( 'NONE', #1590, 1000.000000000000000 ) ;
#1685 = ORIENTED_EDGE ( 'NONE', *, *, #449, .T. ) ;
#1686 = EDGE_LOOP ( 'NONE', ( #564, #2475, #2052, #2385 ) ) ;
#1687 = DIRECTION ( 'NONE',  ( 0.000000000000000000, 0.000000000000000000, -1.000000000000000000 ) ) ;
#1688 = CARTESIAN_POINT ( 'NONE',  ( -18.81585144052309744, -2.638888888894348028, -1.000000000000000000 ) ) ;
#1689 = LINE ( 'NONE', #2533, #588 ) ;
#1690 = DIRECTION ( 'NONE',  ( 0.000000000000000000, 0.000000000000000000, 1.000000000000000000 ) ) ;
#1691 = ORIENTED_EDGE ( 'NONE', *, *, #1952, .T. ) ;
#1692 = ORIENTED_EDGE ( 'NONE', *, *, #3029, .T. ) ;
#1693 = DIRECTION ( 'NONE',  ( -0.7071067811865439090, 0.7071067811865511255, 0.000000000000000000 ) ) ;
#1694 = DIRECTION ( 'NONE',  ( -1.000000000000000000, 0.000000000000000000, 0.000000000000000000 ) ) ;
#1695 = ORIENTED_EDGE ( 'NONE', *, *, #2611, .F. ) ;
#1696 = VERTEX_POINT ( 'NONE', #1171 ) ;
#1697 = AXIS2_PLACEMENT_3D ( 'NONE', #1732, #1467, #2532 ) ;
#1698 = CIRCLE ( 'NONE', #355, 0.9999999999999974465 ) ;
#1699 = ADVANCED_FACE ( 'NONE', ( #2240, #3050, #460, #1287, #2038, #1505, #3431, #2832, #2297, #2863, #223, #2348, #1220, #1269, #3096 ), #1020, .F. ) ;
#1700 = ORIENTED_EDGE ( 'NONE', *, *, #2632, .F. ) ;
#1701 = EDGE_CURVE ( 'NONE', #1056, #2321, #2880, .T. ) ;
#1702 = ORIENTED_EDGE ( 'NONE', *, *, #2683, .F. ) ;
#1703 = EDGE_CURVE ( 'NONE', #2078, #3006, #762, .T. ) ;
#1704 = PLANE ( 'NONE',  #1157 ) ;
#1705 = CARTESIAN_POINT ( 'NONE',  ( 15.17079237552753490, -11.43883991925754806, -1.000000000000000000 ) ) ;
#1706 = CARTESIAN_POINT ( 'NONE',  ( -3.862882379858124438, -7.005579185137635889, -1.000000000000000000 ) ) ;
#1707 = DIRECTION ( 'NONE',  ( 0.000000000000000000, 0.000000000000000000, 1.000000000000000000 ) ) ;
#1708 = CARTESIAN_POINT ( 'NONE',  ( 23.57404796879308506, -8.544500781088727210E-16, 0.000000000000000000 ) ) ;
#1709 = DIRECTION ( 'NONE',  ( 0.000000000000000000, 0.000000000000000000, 1.000000000000000000 ) ) ;
#1710 = EDGE_LOOP ( 'NONE', ( #1922, #2496, #2000, #2230 ) ) ;
#1711 = VERTEX_POINT ( 'NONE', #3415 ) ;
#1712 = AXIS2_PLACEMENT_3D ( 'NONE', #1831, #2365, #3447 ) ;
#1713 = AXIS2_PLACEMENT_3D ( 'NONE', #1351, #1045, #2413 ) ;
#1714 = ORIENTED_EDGE ( 'NONE', *, *, #2065, .F. ) ;
#1715 = EDGE_LOOP ( 'NONE', ( #1298, #1871, #2195, #3121 ) ) ;
#1716 = CARTESIAN_POINT ( 'NONE',  ( -6.881276583270981462, -4.345742677358855666, 0.000000000000000000 ) ) ;
#1717 = CARTESIAN_POINT ( 'NONE',  ( -8.645808232889910627, 1.499999999985406562, 0.000000000000000000 ) ) ;
#1718 = DIRECTION ( 'NONE',  ( 1.000000000000000000, 0.000000000000000000, 0.000000000000000000 ) ) ;
#1719 = CYLINDRICAL_SURFACE ( 'NONE', #1031, 1.000000000000000888 ) ;
#1720 = CIRCLE ( 'NONE', #322, 1.000000000000103251 ) ;
#1721 = EDGE_CURVE ( 'NONE', #3226, #2732, #2375, .T. ) ;
#1722 = VECTOR ( 'NONE', #1410, 1000.000000000000000 ) ;
#1723 = LINE ( 'NONE', #1736, #206 ) ;
#1724 = DIRECTION ( 'NONE',  ( 1.000000000000000000, 0.000000000000000000, 0.000000000000000000 ) ) ;
#1725 = AXIS2_PLACEMENT_3D ( 'NONE', #3097, #2241, #657 ) ;
#1726 = ORIENTED_EDGE ( 'NONE', *, *, #1521, .T. ) ;
#1727 = EDGE_LOOP ( 'NONE', ( #2696, #3371 ) ) ;
#1728 = EDGE_CURVE ( 'NONE', #1645, #2043, #1317, .T. ) ;
#1729 = ORIENTED_EDGE ( 'NONE', *, *, #934, .T. ) ;
#1730 = ORIENTED_EDGE ( 'NONE', *, *, #2144, .T. ) ;
#1731 = CARTESIAN_POINT ( 'NONE',  ( 20.00000000000000000, 15.25000000000001421, -1.000000000000000000 ) ) ;
#1732 = CARTESIAN_POINT ( 'NONE',  ( 23.57404796879308506, -8.544500781088727210E-16, 0.000000000000000000 ) ) ;
#1733 = FACE_OUTER_BOUND ( 'NONE', #3213, .T. ) ;
#1734 = FACE_OUTER_BOUND ( 'NONE', #2376, .T. ) ;
#1735 = CIRCLE ( 'NONE', #614, 0.9999999999999995559 ) ;
#1736 = CARTESIAN_POINT ( 'NONE',  ( -17.82554346997171635, 1.499999999985406562, -1.000000000000000000 ) ) ;
#1737 = CARTESIAN_POINT ( 'NONE',  ( 13.66522283773402435, -11.54390249416718284, -1.000000000000000000 ) ) ;
#1738 = CARTESIAN_POINT ( 'NONE',  ( -7.174169802084441550, -5.052849458545408901, -1.000000000000000000 ) ) ;
#1739 = EDGE_CURVE ( 'NONE', #2824, #64, #2329, .T. ) ;
#1740 = EDGE_LOOP ( 'NONE', ( #46, #354, #792, #2795 ) ) ;
#1741 = EDGE_CURVE ( 'NONE', #2309, #2078, #1150, .T. ) ;
#1742 = EDGE_CURVE ( 'NONE', #2956, #3027, #2879, .T. ) ;
#1743 = ORIENTED_EDGE ( 'NONE', *, *, #2952, .T. ) ;
#1744 = VERTEX_POINT ( 'NONE', #1766 ) ;
#1745 = ORIENTED_EDGE ( 'NONE', *, *, #130, .T. ) ;
#1746 = CIRCLE ( 'NONE', #1413, 1.000000000000016875 ) ;
#1747 = ORIENTED_EDGE ( 'NONE', *, *, #1742, .F. ) ;
#1748 = FACE_OUTER_BOUND ( 'NONE', #3091, .T. ) ;
#1749 = CARTESIAN_POINT ( 'NONE',  ( 20.00000000000000000, -15.25000000000001421, 0.000000000000000000 ) ) ;
#1750 = CARTESIAN_POINT ( 'NONE',  ( -18.00000000000000000, -20.00000000000000000, -1.000000000000000000 ) ) ;
#1751 = DIRECTION ( 'NONE',  ( 2.618450529776315219E-16, 1.000000000000000000, 0.000000000000000000 ) ) ;
#1752 = CARTESIAN_POINT ( 'NONE',  ( -5.052849458545432881, 7.174169802084439773, -1.000000000000000000 ) ) ;
#1753 = CARTESIAN_POINT ( 'NONE',  ( 18.00000000000000355, -18.00000000000000711, -1.000000000000000000 ) ) ;
#1754 = FACE_OUTER_BOUND ( 'NONE', #1416, .T. ) ;
#1755 = ORIENTED_EDGE ( 'NONE', *, *, #1180, .F. ) ;
#1756 = EDGE_CURVE ( 'NONE', #665, #2774, #1235, .T. ) ;
#1757 = CIRCLE ( 'NONE', #864, 7.999999999990755839 ) ;
#1758 = ADVANCED_FACE ( 'NONE', ( #1519 ), #2567, .F. ) ;
#1759 = ORIENTED_EDGE ( 'NONE', *, *, #1546, .T. ) ;
#1760 = ORIENTED_EDGE ( 'NONE', *, *, #3061, .F. ) ;
#1761 = VERTEX_POINT ( 'NONE', #1782 ) ;
#1762 = VECTOR ( 'NONE', #3230, 1000.000000000000000 ) ;
#1763 = LINE ( 'NONE', #2564, #99 ) ;
#1764 = DIRECTION ( 'NONE',  ( -0.7071067811865416886, 0.7071067811865534569, 0.000000000000000000 ) ) ;
#1765 = FACE_BOUND ( 'NONE', #2965, .T. ) ;
#1766 = CARTESIAN_POINT ( 'NONE',  ( 13.99999999999998224, -15.99999999999999645, 0.000000000000000000 ) ) ;
#1767 = AXIS2_PLACEMENT_3D ( 'NONE', #172, #2581, #1816 ) ;
#1768 = CIRCLE ( 'NONE', #3340, 1.000000000000000000 ) ;
#1769 = LINE ( 'NONE', #2815, #376 ) ;
#1770 = DIRECTION ( 'NONE',  ( 0.000000000000000000, 0.000000000000000000, 1.000000000000000000 ) ) ;
#1771 = CYLINDRICAL_SURFACE ( 'NONE', #437, 1.000000000000001776 ) ;
#1772 = AXIS2_PLACEMENT_3D ( 'NONE', #2953, #2736, #1666 ) ;
#1773 = ORIENTED_EDGE ( 'NONE', *, *, #900, .F. ) ;
#1774 = AXIS2_PLACEMENT_3D ( 'NONE', #2012, #2521, #1694 ) ;
#1775 = VECTOR ( 'NONE', #1458, 1000.000000000000000 ) ;
#1776 = EDGE_LOOP ( 'NONE', ( #3382, #2325, #3142, #1395 ) ) ;
#1777 = ORIENTED_EDGE ( 'NONE', *, *, #3429, .T. ) ;
#1778 = ORIENTED_EDGE ( 'NONE', *, *, #2463, .F. ) ;
#1779 = FACE_OUTER_BOUND ( 'NONE', #291, .T. ) ;
#1780 = LINE ( 'NONE', #1830, #1357 ) ;
#1781 = FACE_BOUND ( 'NONE', #2739, .T. ) ;
#1782 = CARTESIAN_POINT ( 'NONE',  ( 25.07404796879308506, -8.544500781088727210E-16, 0.000000000000000000 ) ) ;
#1783 = AXIS2_PLACEMENT_3D ( 'NONE', #1502, #3376, #919 ) ;
#1784 = AXIS2_PLACEMENT_3D ( 'NONE', #2920, #75, #3191 ) ;
#1785 = DIRECTION ( 'NONE',  ( -1.000000000000000000, 0.000000000000000000, 0.000000000000000000 ) ) ;
#1786 = DIRECTION ( 'NONE',  ( 0.000000000000000000, 0.000000000000000000, 1.000000000000000000 ) ) ;
#1787 = LINE ( 'NONE', #1524, #1683 ) ;
#1788 = VECTOR ( 'NONE', #2629, 1000.000000000000000 ) ;
#1789 = ORIENTED_EDGE ( 'NONE', *, *, #1465, .F. ) ;
#1790 = VERTEX_POINT ( 'NONE', #3147 ) ;
#1791 = ORIENTED_EDGE ( 'NONE', *, *, #110, .T. ) ;
#1792 = VERTEX_POINT ( 'NONE', #968 ) ;
#1793 = ORIENTED_EDGE ( 'NONE', *, *, #1297, .T. ) ;
#1794 = EDGE_CURVE ( 'NONE', #48, #2423, #709, .T. ) ;
#1795 =( LENGTH_UNIT ( ) NAMED_UNIT ( * ) SI_UNIT ( .MILLI., .METRE. ) );
#1796 = CYLINDRICAL_SURFACE ( 'NONE', #1970, 1.000000000000000000 ) ;
#1797 = LINE ( 'NONE', #987, #750 ) ;
#1798 = CARTESIAN_POINT ( 'NONE',  ( 13.99999999999998224, -15.99999999999999645, -1.000000000000000000 ) ) ;
#1799 = AXIS2_PLACEMENT_3D ( 'NONE', #1136, #1672, #2430 ) ;
#1800 = ADVANCED_FACE ( 'NONE', ( #2619 ), #3396, .F. ) ;
#1801 = AXIS2_PLACEMENT_3D ( 'NONE', #2269, #2282, #3446 ) ;
#1802 = EDGE_CURVE ( 'NONE', #2005, #3260, #1556, .T. ) ;
#1803 = DIRECTION ( 'NONE',  ( 0.000000000000000000, -0.000000000000000000, -1.000000000000000000 ) ) ;
#1804 = DIRECTION ( 'NONE',  ( 0.7071067811865536790, 0.7071067811865414665, 0.000000000000000000 ) ) ;
#1805 = LINE ( 'NONE', #690, #1624 ) ;
#1806 = ORIENTED_EDGE ( 'NONE', *, *, #3246, .F. ) ;
#1807 = DIRECTION ( 'NONE',  ( 1.000000000000000000, 0.000000000000000000, 0.000000000000000000 ) ) ;
#1808 = ORIENTED_EDGE ( 'NONE', *, *, #1911, .F. ) ;
#1809 = VERTEX_POINT ( 'NONE', #1798 ) ;
#1810 = CIRCLE ( 'NONE', #3153, 0.9999999999999974465 ) ;
#1811 = EDGE_LOOP ( 'NONE', ( #1623, #585 ) ) ;
#1812 = ORIENTED_EDGE ( 'NONE', *, *, #406, .F. ) ;
#1813 = CARTESIAN_POINT ( 'NONE',  ( -11.54390249418308478, 13.66522283772208546, -1.000000000000000000 ) ) ;
#1814 = CARTESIAN_POINT ( 'NONE',  ( 17.82554346996891681, 2.500000000005118572, -1.000000000000000000 ) ) ;
#1815 = FACE_BOUND ( 'NONE', #633, .T. ) ;
#1816 = DIRECTION ( 'NONE',  ( 1.000000000000000000, 0.000000000000000000, 0.000000000000000000 ) ) ;
#1817 = LINE ( 'NONE', #2883, #3276 ) ;
#1818 = DIRECTION ( 'NONE',  ( 0.7071067811865479058, -0.7071067811865472397, 0.000000000000000000 ) ) ;
#1819 = CARTESIAN_POINT ( 'NONE',  ( -5.052849458527492565, -7.174169802094302995, 0.000000000000000000 ) ) ;
#1820 = AXIS2_PLACEMENT_3D ( 'NONE', #1469, #382, #671 ) ;
#1821 = AXIS2_PLACEMENT_3D ( 'NONE', #2923, #1599, #2401 ) ;
#1822 = DIRECTION ( 'NONE',  ( 1.000000000000000000, 0.000000000000000000, 0.000000000000000000 ) ) ;
#1823 = AXIS2_PLACEMENT_3D ( 'NONE', #2311, #239, #1246 ) ;
#1824 = ORIENTED_EDGE ( 'NONE', *, *, #2140, .T. ) ;
#1825 = LINE ( 'NONE', #3238, #1788 ) ;
#1826 = ORIENTED_EDGE ( 'NONE', *, *, #487, .F. ) ;
#1827 = ORIENTED_EDGE ( 'NONE', *, *, #406, .T. ) ;
#1828 = VERTEX_POINT ( 'NONE', #204 ) ;
#1829 = LINE ( 'NONE', #3163, #2833 ) ;
#1830 = CARTESIAN_POINT ( 'NONE',  ( -2.222222222208971143, -7.685162873678910600, -1.000000000000000000 ) ) ;
#1831 = CARTESIAN_POINT ( 'NONE',  ( 4.345742677340937554, 7.881276583280884651, 0.000000000000000000 ) ) ;
#1832 = DIRECTION ( 'NONE',  ( 0.000000000000000000, 0.000000000000000000, 1.000000000000000000 ) ) ;
#1833 = ORIENTED_EDGE ( 'NONE', *, *, #3456, .T. ) ;
#1834 = DIRECTION ( 'NONE',  ( 0.000000000000000000, 0.000000000000000000, 1.000000000000000000 ) ) ;
#1835 = DIRECTION ( 'NONE',  ( 0.000000000000000000, 0.000000000000000000, 1.000000000000000000 ) ) ;
#1836 = CARTESIAN_POINT ( 'NONE',  ( 7.005579185137650988, -3.862882379858099569, -1.000000000000000000 ) ) ;
#1837 = CIRCLE ( 'NONE', #339, 4.000000000000537348 ) ;
#1838 = CARTESIAN_POINT ( 'NONE',  ( 22.00000000000000000, -15.25000000000000000, 0.000000000000000000 ) ) ;
#1839 = ADVANCED_FACE ( 'NONE', ( #2186 ), #1904, .F. ) ;
#1840 = EDGE_CURVE ( 'NONE', #2356, #1888, #51, .T. ) ;
#1841 = ORIENTED_EDGE ( 'NONE', *, *, #2841, .F. ) ;
#1842 = CARTESIAN_POINT ( 'NONE',  ( -7.685162873678922146, 2.222222222208966702, 0.000000000000000000 ) ) ;
#1843 = ORIENTED_EDGE ( 'NONE', *, *, #2262, .T. ) ;
#1844 = ORIENTED_EDGE ( 'NONE', *, *, #3409, .F. ) ;
#1845 = APPROVAL_DATE_TIME ( #2675, #2196 ) ;
#1846 = DIRECTION ( 'NONE',  ( -1.000000000000000000, 0.000000000000000000, 0.000000000000000000 ) ) ;
#1847 = DIRECTION ( 'NONE',  ( 1.000000000000000000, -0.000000000000000000, -0.000000000000000000 ) ) ;
#1848 = DIRECTION ( 'NONE',  ( 0.000000000000000000, 0.000000000000000000, 1.000000000000000000 ) ) ;
#1849 = DIRECTION ( 'NONE',  ( -1.000000000000000000, 0.000000000000000000, 0.000000000000000000 ) ) ;
#1850 = DIRECTION ( 'NONE',  ( 0.000000000000000000, 0.000000000000000000, 1.000000000000000000 ) ) ;
#1851 = FACE_OUTER_BOUND ( 'NONE', #2410, .T. ) ;
#1852 = DIRECTION ( 'NONE',  ( 0.000000000000000000, 0.000000000000000000, 1.000000000000000000 ) ) ;
#1853 = ORIENTED_EDGE ( 'NONE', *, *, #1119, .T. ) ;
#1854 = CARTESIAN_POINT ( 'NONE',  ( 3.862882379874063243, -7.005579185128850028, -1.000000000000000000 ) ) ;
#1855 = LINE ( 'NONE', #2943, #1436 ) ;
#1856 = VERTEX_POINT ( 'NONE', #1080 ) ;
#1857 = LINE ( 'NONE', #1879, #2845 ) ;
#1858 = ORIENTED_EDGE ( 'NONE', *, *, #2650, .T. ) ;
#1859 = EDGE_CURVE ( 'NONE', #2050, #2163, #1453, .T. ) ;
#1860 = ORIENTED_EDGE ( 'NONE', *, *, #620, .F. ) ;
#1861 = MECHANICAL_CONTEXT ( 'NONE', #2749, 'mechanical' ) ;
#1862 = CARTESIAN_POINT ( 'NONE',  ( 18.82554346997167016, -2.499999999985416999, 0.000000000000000000 ) ) ;
#1863 = LINE ( 'NONE', #2168, #1146 ) ;
#1864 = DIRECTION ( 'NONE',  ( -1.000000000000000000, -0.000000000000000000, -0.000000000000000000 ) ) ;
#1865 = FACE_OUTER_BOUND ( 'NONE', #3043, .T. ) ;
#1866 = LINE ( 'NONE', #1650, #2265 ) ;
#1867 = CARTESIAN_POINT ( 'NONE',  ( 26.25000000000000000, -13.25000000000000000, -1.000000000000000000 ) ) ;
#1868 = FACE_OUTER_BOUND ( 'NONE', #251, .T. ) ;
#1869 = DIRECTION ( 'NONE',  ( 0.000000000000000000, 0.000000000000000000, 1.000000000000000000 ) ) ;
#1870 = AXIS2_PLACEMENT_3D ( 'NONE', #2347, #2932, #3430 ) ;
#1871 = ORIENTED_EDGE ( 'NONE', *, *, #1460, .F. ) ;
#1872 = PRODUCT_RELATED_PRODUCT_CATEGORY ( 'detail', '', ( #3356 ) ) ;
#1873 = CC_DESIGN_SECURITY_CLASSIFICATION ( #1094, ( #1377 ) ) ;
#1874 = CARTESIAN_POINT ( 'NONE',  ( 22.00000000000000000, 13.25000000000000000, -1.000000000000000000 ) ) ;
#1875 = FACE_OUTER_BOUND ( 'NONE', #2946, .T. ) ;
#1876 = AXIS2_PLACEMENT_3D ( 'NONE', #1064, #2919, #1635 ) ;
#1877 = ORIENTED_EDGE ( 'NONE', *, *, #2702, .T. ) ;
#1878 = DESIGN_CONTEXT ( 'detailed design', #571, 'design' ) ;
#1879 = CARTESIAN_POINT ( 'NONE',  ( 17.99999999999998579, -20.00000000000000355, -1.000000000000000000 ) ) ;
#1880 = CIRCLE ( 'NONE', #2217, 7.999999999990755839 ) ;
#1881 = VERTEX_POINT ( 'NONE', #1921 ) ;
#1882 = ORIENTED_EDGE ( 'NONE', *, *, #2751, .T. ) ;
#1883 = VECTOR ( 'NONE', #3151, 1000.000000000000000 ) ;
#1884 = EDGE_CURVE ( 'NONE', #236, #2894, #61, .T. ) ;
#1885 = FACE_OUTER_BOUND ( 'NONE', #2145, .T. ) ;
#1886 = VECTOR ( 'NONE', #1978, 1000.000000000000000 ) ;
#1887 = CARTESIAN_POINT ( 'NONE',  ( 0.000000000000000000, 0.000000000000000000, -1.000000000000000000 ) ) ;
#1888 = VERTEX_POINT ( 'NONE', #1099 ) ;
#1889 = EDGE_CURVE ( 'NONE', #419, #427, #1227, .T. ) ;
#1890 = CARTESIAN_POINT ( 'NONE',  ( -17.82554346996895234, -1.500000000005136114, -1.000000000000000000 ) ) ;
#1891 = CARTESIAN_POINT ( 'NONE',  ( 17.82554346997167016, -2.499999999985416999, -1.000000000000000000 ) ) ;
#1892 = DIRECTION ( 'NONE',  ( 0.000000000000000000, 0.000000000000000000, 1.000000000000000000 ) ) ;
#1893 = CARTESIAN_POINT ( 'NONE',  ( 1.499999999985409893, 8.645808232889908851, 0.000000000000000000 ) ) ;
#1894 = DIRECTION ( 'NONE',  ( 0.000000000000000000, 0.000000000000000000, 1.000000000000000000 ) ) ;
#1895 = DIRECTION ( 'NONE',  ( 2.618450529776315219E-16, 1.000000000000000000, 0.000000000000000000 ) ) ;
#1896 = ORIENTED_EDGE ( 'NONE', *, *, #1216, .T. ) ;
#1897 = ORIENTED_EDGE ( 'NONE', *, *, #71, .T. ) ;
#1898 = DIRECTION ( 'NONE',  ( 1.000000000000000000, 0.000000000000000000, 0.000000000000000000 ) ) ;
#1899 = ORIENTED_EDGE ( 'NONE', *, *, #2437, .T. ) ;
#1900 = AXIS2_PLACEMENT_3D ( 'NONE', #2598, #3378, #1249 ) ;
#1901 = ORIENTED_EDGE ( 'NONE', *, *, #503, .T. ) ;
#1902 = DATE_TIME_ROLE ( 'creation_date' ) ;
#1903 = CARTESIAN_POINT ( 'NONE',  ( 8.645808232889899969, -2.499999999985384580, -1.000000000000000000 ) ) ;
#1904 = CYLINDRICAL_SURFACE ( 'NONE', #3411, 0.9999999999999991118 ) ;
#1905 = VERTEX_POINT ( 'NONE', #3259 ) ;
#1906 = EDGE_CURVE ( 'NONE', #1089, #3466, #548, .T. ) ;
#1907 = CYLINDRICAL_SURFACE ( 'NONE', #372, 0.9999999999999505951 ) ;
#1908 = FACE_OUTER_BOUND ( 'NONE', #1499, .T. ) ;
#1909 = CARTESIAN_POINT ( 'NONE',  ( 0.000000000000000000, 0.000000000000000000, 0.000000000000000000 ) ) ;
#1910 = CARTESIAN_POINT ( 'NONE',  ( -7.005579185128870456, -3.862882379874042371, -1.000000000000000000 ) ) ;
#1911 = EDGE_CURVE ( 'NONE', #256, #2159, #1667, .T. ) ;
#1912 = ADVANCED_FACE ( 'NONE', ( #2170 ), #2148, .F. ) ;
#1913 = DIRECTION ( 'NONE',  ( 0.000000000000000000, 0.000000000000000000, 1.000000000000000000 ) ) ;
#1914 = DIRECTION ( 'NONE',  ( 0.7071067811865534569, 0.7071067811865416886, -0.000000000000000000 ) ) ;
#1915 = CIRCLE ( 'NONE', #2244, 1.000000000000000888 ) ;
#1916 = ORIENTED_EDGE ( 'NONE', *, *, #900, .T. ) ;
#1917 = DIRECTION ( 'NONE',  ( -1.000000000000000000, 0.000000000000000000, 0.000000000000000000 ) ) ;
#1918 = ORIENTED_EDGE ( 'NONE', *, *, #722, .F. ) ;
#1919 = ORIENTED_EDGE ( 'NONE', *, *, #1414, .F. ) ;
#1920 = APPLICATION_PROTOCOL_DEFINITION ( 'international standard', 'config_control_design', 1994, #2749 ) ;
#1921 = CARTESIAN_POINT ( 'NONE',  ( -8.645808232884224509, -1.500000000005102141, 0.000000000000000000 ) ) ;
#1922 = ORIENTED_EDGE ( 'NONE', *, *, #1477, .T. ) ;
#1923 = CARTESIAN_POINT ( 'NONE',  ( 4.345742677358881423, -7.881276583270970804, 0.000000000000000000 ) ) ;
#1924 = DIRECTION ( 'NONE',  ( 0.000000000000000000, 0.000000000000000000, 1.000000000000000000 ) ) ;
#1925 = DIRECTION ( 'NONE',  ( 0.000000000000000000, 0.000000000000000000, 1.000000000000000000 ) ) ;
#1926 = CARTESIAN_POINT ( 'NONE',  ( -18.00000000000000355, 18.00000000000000355, -1.000000000000000000 ) ) ;
#1927 = EDGE_CURVE ( 'NONE', #981, #7, #296, .T. ) ;
#1928 = VERTEX_POINT ( 'NONE', #1347 ) ;
#1929 = CARTESIAN_POINT ( 'NONE',  ( -17.82554346997171635, 2.499999999985401455, -1.000000000000000000 ) ) ;
#1930 = DIRECTION ( 'NONE',  ( -1.000000000000000000, 3.496003258997377328E-15, 0.000000000000000000 ) ) ;
#1931 = ADVANCED_FACE ( 'NONE', ( #587 ), #1363, .F. ) ;
#1932 = EDGE_LOOP ( 'NONE', ( #1145, #3168, #1960, #828 ) ) ;
#1933 = AXIS2_PLACEMENT_3D ( 'NONE', #967, #723, #2283 ) ;
#1934 = EDGE_CURVE ( 'NONE', #3308, #2631, #1510, .T. ) ;
#1935 = FACE_OUTER_BOUND ( 'NONE', #358, .T. ) ;
#1936 = ORIENTED_EDGE ( 'NONE', *, *, #3046, .F. ) ;
#1937 = EDGE_CURVE ( 'NONE', #2018, #1408, #3074, .T. ) ;
#1938 = EDGE_LOOP ( 'NONE', ( #278, #562, #664, #3076 ) ) ;
#1939 = VECTOR ( 'NONE', #1232, 1000.000000000000114 ) ;
#1940 = CIRCLE ( 'NONE', #1323, 0.9999999999999991118 ) ;
#1941 = EDGE_LOOP ( 'NONE', ( #993, #1582, #34, #1139 ) ) ;
#1942 = DIRECTION ( 'NONE',  ( 0.000000000000000000, 0.000000000000000000, 1.000000000000000000 ) ) ;
#1943 = DIRECTION ( 'NONE',  ( 1.000000000000000000, 0.000000000000000000, 0.000000000000000000 ) ) ;
#1944 = CARTESIAN_POINT ( 'NONE',  ( -6.881276583280839354, 4.345742677340973081, -1.000000000000000000 ) ) ;
#1945 = CARTESIAN_POINT ( 'NONE',  ( 4.000000000000537348, 0.000000000000000000, -1.000000000000000000 ) ) ;
#1946 = EDGE_LOOP ( 'NONE', ( #2875, #2236, #2748, #2604 ) ) ;
#1947 = CIRCLE ( 'NONE', #539, 0.9999999999999991118 ) ;
#1948 = CIRCLE ( 'NONE', #2839, 1.500000000000001332 ) ;
#1949 = DIRECTION ( 'NONE',  ( 0.000000000000000000, 0.000000000000000000, 1.000000000000000000 ) ) ;
#1950 = CARTESIAN_POINT ( 'NONE',  ( -7.005579185128870456, -3.862882379874042371, -1.000000000000000000 ) ) ;
#1951 = VERTEX_POINT ( 'NONE', #314 ) ;
#1952 = EDGE_CURVE ( 'NONE', #3322, #3390, #1055, .T. ) ;
#1953 = ORIENTED_EDGE ( 'NONE', *, *, #2441, .F. ) ;
#1954 = PRODUCT_DEFINITION ( '未知', '', #1377, #1878 ) ;
#1955 = EDGE_CURVE ( 'NONE', #1951, #3159, #796, .T. ) ;
#1956 = VECTOR ( 'NONE', #1310, 1000.000000000000000 ) ;
#1957 = VECTOR ( 'NONE', #851, 1000.000000000000000 ) ;
#1958 = ORIENTED_EDGE ( 'NONE', *, *, #235, .F. ) ;
#1959 = VECTOR ( 'NONE', #3301, 1000.000000000000000 ) ;
#1960 = ORIENTED_EDGE ( 'NONE', *, *, #1414, .T. ) ;
#1961 = LINE ( 'NONE', #2268, #3005 ) ;
#1962 = DIRECTION ( 'NONE',  ( 1.000000000000000000, 0.000000000000000000, 0.000000000000000000 ) ) ;
#1963 = FACE_OUTER_BOUND ( 'NONE', #1710, .T. ) ;
#1964 = DIRECTION ( 'NONE',  ( 0.000000000000000000, 0.000000000000000000, 1.000000000000000000 ) ) ;
#1965 = LINE ( 'NONE', #2192, #1629 ) ;
#1966 = LINE ( 'NONE', #3038, #1105 ) ;
#1967 = EDGE_LOOP ( 'NONE', ( #2483, #2187, #607, #2763, #2765, #1343, #3140, #1691 ) ) ;
#1968 = EDGE_LOOP ( 'NONE', ( #344, #705, #1670, #492 ) ) ;
#1969 = EDGE_CURVE ( 'NONE', #3444, #2674, #164, .T. ) ;
#1970 = AXIS2_PLACEMENT_3D ( 'NONE', #2617, #986, #1324 ) ;
#1971 = VERTEX_POINT ( 'NONE', #3224 ) ;
#1972 = EDGE_CURVE ( 'NONE', #544, #1744, #995, .T. ) ;
#1973 = VERTEX_POINT ( 'NONE', #3470 ) ;
#1974 = FACE_OUTER_BOUND ( 'NONE', #2577, .T. ) ;
#1975 = CARTESIAN_POINT ( 'NONE',  ( -11.43883991925759958, -15.17079237552749582, 0.000000000000000000 ) ) ;
#1976 = FACE_OUTER_BOUND ( 'NONE', #1968, .T. ) ;
#1977 = DIRECTION ( 'NONE',  ( -1.000000000000000000, 0.000000000000000000, 0.000000000000000000 ) ) ;
#1978 = DIRECTION ( 'NONE',  ( 0.000000000000000000, 0.000000000000000000, 1.000000000000000000 ) ) ;
#1979 = DIRECTION ( 'NONE',  ( -1.000000000000000000, 0.000000000000000000, 0.000000000000000000 ) ) ;
#1980 = EDGE_CURVE ( 'NONE', #1888, #104, #1060, .T. ) ;
#1981 = CC_DESIGN_PERSON_AND_ORGANIZATION_ASSIGNMENT ( #1646, #546, ( #1377 ) ) ;
#1982 = ORIENTED_EDGE ( 'NONE', *, *, #2437, .F. ) ;
#1983 = EDGE_LOOP ( 'NONE', ( #149, #44, #392, #1402 ) ) ;
#1984 = VECTOR ( 'NONE', #459, 1000.000000000000000 ) ;
#1985 = ORIENTED_EDGE ( 'NONE', *, *, #1703, .T. ) ;
#1986 = AXIS2_PLACEMENT_3D ( 'NONE', #2638, #2850, #2024 ) ;
#1987 = ORIENTED_EDGE ( 'NONE', *, *, #153, .F. ) ;
#1988 = CARTESIAN_POINT ( 'NONE',  ( 26.25000000000000355, 13.25000000000000000, -1.000000000000000000 ) ) ;
#1989 = CARTESIAN_POINT ( 'NONE',  ( -20.00000000000000000, -2.449293598294707302E-15, -1.000000000000000000 ) ) ;
#1990 = CARTESIAN_POINT ( 'NONE',  ( 13.99999999999999645, 15.99999999999999645, -1.000000000000000000 ) ) ;
#1991 = DIRECTION ( 'NONE',  ( 1.000000000000000000, 0.000000000000000000, 0.000000000000000000 ) ) ;
#1992 = AXIS2_PLACEMENT_3D ( 'NONE', #1923, #872, #2393 ) ;
#1993 = EDGE_CURVE ( 'NONE', #2165, #2764, #67, .T. ) ;
#1994 = ADVANCED_FACE ( 'NONE', ( #332 ), #1399, .F. ) ;
#1995 = CIRCLE ( 'NONE', #2669, 2.000000000000000000 ) ;
#1996 = CARTESIAN_POINT ( 'NONE',  ( 7.005579185128834929, 3.862882379874088556, -1.000000000000000000 ) ) ;
#1997 = DIRECTION ( 'NONE',  ( 0.7071067811865445751, 0.7071067811865503483, 0.000000000000000000 ) ) ;
#1998 = DIRECTION ( 'NONE',  ( 0.000000000000000000, 0.000000000000000000, 1.000000000000000000 ) ) ;
#1999 = VERTEX_POINT ( 'NONE', #1567 ) ;
#2000 = ORIENTED_EDGE ( 'NONE', *, *, #1001, .F. ) ;
#2001 = CIRCLE ( 'NONE', #3398, 0.9999999999999965583 ) ;
#2002 = ORIENTED_EDGE ( 'NONE', *, *, #211, .F. ) ;
#2003 = VERTEX_POINT ( 'NONE', #2648 ) ;
#2004 = VECTOR ( 'NONE', #2979, 1000.000000000000000 ) ;
#2005 = VERTEX_POINT ( 'NONE', #788 ) ;
#2006 = DIRECTION ( 'NONE',  ( 0.000000000000000000, 1.000000000000000000, -0.000000000000000000 ) ) ;
#2007 = CARTESIAN_POINT ( 'NONE',  ( 0.000000000000000000, 0.000000000000000000, 0.000000000000000000 ) ) ;
#2008 = CARTESIAN_POINT ( 'NONE',  ( 20.00000000000000000, -17.99999999999998934, 0.000000000000000000 ) ) ;
#2009 = CARTESIAN_POINT ( 'NONE',  ( 13.66522283772204105, 11.54390249418306702, -1.000000000000000000 ) ) ;
#2010 = EDGE_CURVE ( 'NONE', #2544, #3221, #716, .T. ) ;
#2011 = DIRECTION ( 'NONE',  ( 1.000000000000000000, 0.000000000000000000, 0.000000000000000000 ) ) ;
#2012 = CARTESIAN_POINT ( 'NONE',  ( 14.37232961890858718, 10.83679571299651911, 0.000000000000000000 ) ) ;
#2013 = FACE_OUTER_BOUND ( 'NONE', #3337, .T. ) ;
#2014 = EDGE_CURVE ( 'NONE', #733, #3236, #3157, .T. ) ;
#2015 = ADVANCED_FACE ( 'NONE', ( #2382 ), #808, .T. ) ;
#2016 = EDGE_LOOP ( 'NONE', ( #3072, #1446, #751, #984 ) ) ;
#2017 = ORIENTED_EDGE ( 'NONE', *, *, #2611, .T. ) ;
#2018 = VERTEX_POINT ( 'NONE', #522 ) ;
#2019 = CIRCLE ( 'NONE', #3208, 7.999999999990774491 ) ;
#2020 = ORIENTED_EDGE ( 'NONE', *, *, #3270, .T. ) ;
#2021 = DIRECTION ( 'NONE',  ( -0.7071067811865472397, -0.7071067811865479058, 0.000000000000000000 ) ) ;
#2022 = DIRECTION ( 'NONE',  ( 1.000000000000000000, 0.000000000000000000, 0.000000000000000000 ) ) ;
#2023 = FACE_BOUND ( 'NONE', #2229, .T. ) ;
#2024 = DIRECTION ( 'NONE',  ( -1.000000000000000000, 0.000000000000000000, 0.000000000000000000 ) ) ;
#2025 = DIRECTION ( 'NONE',  ( 0.000000000000000000, 0.000000000000000000, 1.000000000000000000 ) ) ;
#2026 = EDGE_CURVE ( 'NONE', #13, #2245, #1857, .T. ) ;
#2027 = FACE_OUTER_BOUND ( 'NONE', #423, .T. ) ;
#2028 = CARTESIAN_POINT ( 'NONE',  ( -14.00000000000000000, 15.99999999999999645, -1.000000000000000000 ) ) ;
#2029 = ORIENTED_EDGE ( 'NONE', *, *, #1163, .F. ) ;
#2030 = EDGE_CURVE ( 'NONE', #2423, #256, #1735, .T. ) ;
#2031 = VERTEX_POINT ( 'NONE', #1842 ) ;
#2032 = ORIENTED_EDGE ( 'NONE', *, *, #975, .F. ) ;
#2033 = AXIS2_PLACEMENT_3D ( 'NONE', #1532, #171, #2849 ) ;
#2034 = EDGE_LOOP ( 'NONE', ( #254, #3438, #1412, #1375 ) ) ;
#2035 = FACE_OUTER_BOUND ( 'NONE', #3369, .T. ) ;
#2036 = FACE_OUTER_BOUND ( 'NONE', #1013, .T. ) ;
#2037 = CARTESIAN_POINT ( 'NONE',  ( 10.83679571299646760, -14.37232961890862448, 0.000000000000000000 ) ) ;
#2038 = FACE_BOUND ( 'NONE', #2994, .T. ) ;
#2039 = VECTOR ( 'NONE', #1574, 1000.000000000000000 ) ;
#2040 = DIRECTION ( 'NONE',  ( 0.000000000000000000, 0.000000000000000000, 1.000000000000000000 ) ) ;
#2041 = DIRECTION ( 'NONE',  ( 1.000000000000000000, 0.000000000000000000, 0.000000000000000000 ) ) ;
#2042 = CARTESIAN_POINT ( 'NONE',  ( -1.499999999985479393, -17.82554346997166661, 0.000000000000000000 ) ) ;
#2043 = VERTEX_POINT ( 'NONE', #2908 ) ;
#2044 = VECTOR ( 'NONE', #1818, 1000.000000000000000 ) ;
#2045 = CIRCLE ( 'NONE', #2383, 1.999999999999998224 ) ;
#2046 = ORIENTED_EDGE ( 'NONE', *, *, #2371, .F. ) ;
#2047 = EDGE_CURVE ( 'NONE', #978, #305, #2948, .T. ) ;
#2048 = EDGE_CURVE ( 'NONE', #1999, #1283, #2671, .T. ) ;
#2049 = ORIENTED_EDGE ( 'NONE', *, *, #1937, .T. ) ;
#2050 = VERTEX_POINT ( 'NONE', #1053 ) ;
#2051 = EDGE_CURVE ( 'NONE', #2791, #2526, #2399, .T. ) ;
#2052 = ORIENTED_EDGE ( 'NONE', *, *, #2511, .T. ) ;
#2053 = CARTESIAN_POINT ( 'NONE',  ( -14.00000000000000000, 15.99999999999999645, 0.000000000000000000 ) ) ;
#2054 = DIRECTION ( 'NONE',  ( 0.000000000000000000, 0.000000000000000000, 1.000000000000000000 ) ) ;
#2055 = LINE ( 'NONE', #1555, #2155 ) ;
#2056 = DIRECTION ( 'NONE',  ( 1.000000000000000000, 0.000000000000000000, 0.000000000000000000 ) ) ;
#2057 = AXIS2_PLACEMENT_3D ( 'NONE', #2457, #2557, #2274 ) ;
#2058 = FACE_OUTER_BOUND ( 'NONE', #2906, .T. ) ;
#2059 = DIRECTION ( 'NONE',  ( 1.000000000000000000, 0.000000000000000000, 0.000000000000000000 ) ) ;
#2060 = CARTESIAN_POINT ( 'NONE',  ( 13.66522283772204105, 11.54390249418306702, -1.000000000000000000 ) ) ;
#2061 = ORIENTED_EDGE ( 'NONE', *, *, #1969, .T. ) ;
#2062 = CIRCLE ( 'NONE', #283, 4.000000000000537348 ) ;
#2063 = ORIENTED_EDGE ( 'NONE', *, *, #2790, .F. ) ;
#2064 = ORIENTED_EDGE ( 'NONE', *, *, #1955, .T. ) ;
#2065 = EDGE_CURVE ( 'NONE', #2198, #2956, #3128, .T. ) ;
#2066 = ORIENTED_EDGE ( 'NONE', *, *, #2633, .F. ) ;
#2067 = ORIENTED_EDGE ( 'NONE', *, *, #580, .F. ) ;
#2068 = CARTESIAN_POINT ( 'NONE',  ( -13.66522283772211743, -11.54390249418297110, 0.000000000000000000 ) ) ;
#2069 = DIRECTION ( 'NONE',  ( 0.000000000000000000, 0.000000000000000000, 1.000000000000000000 ) ) ;
#2070 = EDGE_CURVE ( 'NONE', #755, #2213, #1825, .T. ) ;
#2071 = DIRECTION ( 'NONE',  ( 1.000000000000000000, -9.637352644315598941E-17, 0.000000000000000000 ) ) ;
#2072 = DIRECTION ( 'NONE',  ( 0.000000000000000000, 0.000000000000000000, 1.000000000000000000 ) ) ;
#2073 = CIRCLE ( 'NONE', #2806, 7.999999999990764721 ) ;
#2074 = DIRECTION ( 'NONE',  ( 1.000000000000000000, 0.000000000000000000, 0.000000000000000000 ) ) ;
#2075 = DIRECTION ( 'NONE',  ( -0.000000000000000000, -0.000000000000000000, -1.000000000000000000 ) ) ;
#2076 = CYLINDRICAL_SURFACE ( 'NONE', #163, 1.999999999999998224 ) ;
#2077 = CARTESIAN_POINT ( 'NONE',  ( -5.052849458527492565, -7.174169802094302995, 0.000000000000000000 ) ) ;
#2078 = VERTEX_POINT ( 'NONE', #215 ) ;
#2079 = LINE ( 'NONE', #2891, #3293 ) ;
#2080 = ORIENTED_EDGE ( 'NONE', *, *, #2541, .F. ) ;
#2081 = ORIENTED_EDGE ( 'NONE', *, *, #1480, .F. ) ;
#2082 = VECTOR ( 'NONE', #2352, 1000.000000000000000 ) ;
#2083 = ORIENTED_EDGE ( 'NONE', *, *, #1417, .F. ) ;
#2084 = DIRECTION ( 'NONE',  ( 0.000000000000000000, 0.000000000000000000, 1.000000000000000000 ) ) ;
#2085 = CARTESIAN_POINT ( 'NONE',  ( 20.00000000000000000, 17.99999999999998579, -1.000000000000000000 ) ) ;
#2086 = DIRECTION ( 'NONE',  ( 1.000000000000000000, 0.000000000000000000, 0.000000000000000000 ) ) ;
#2087 = DIRECTION ( 'NONE',  ( 1.000000000000000000, 0.000000000000000000, -0.000000000000000000 ) ) ;
#2088 = VERTEX_POINT ( 'NONE', #273 ) ;
#2089 = EDGE_CURVE ( 'NONE', #2893, #1681, #280, .T. ) ;
#2090 = VECTOR ( 'NONE', #477, 1000.000000000000000 ) ;
#2091 = CARTESIAN_POINT ( 'NONE',  ( 2.222222222226457156, -7.685162873673856865, -1.000000000000000000 ) ) ;
#2092 = CARTESIAN_POINT ( 'NONE',  ( -4.000000000000537348, 4.898587196590070541E-16, 0.000000000000000000 ) ) ;
#2093 = DIRECTION ( 'NONE',  ( -1.000000000000000000, -3.873949557266115609E-15, 0.000000000000000000 ) ) ;
#2094 = EDGE_CURVE ( 'NONE', #2165, #3192, #205, .T. ) ;
#2095 = APPROVAL_PERSON_ORGANIZATION ( #2425, #2196, #1115 ) ;
#2096 = EDGE_CURVE ( 'NONE', #1364, #13, #2079, .T. ) ;
#2097 = CIRCLE ( 'NONE', #3056, 0.9999999999999965583 ) ;
#2098 = AXIS2_PLACEMENT_3D ( 'NONE', #3047, #1185, #3297 ) ;
#2099 = FACE_OUTER_BOUND ( 'NONE', #98, .T. ) ;
#2100 = VECTOR ( 'NONE', #220, 1000.000000000000000 ) ;
#2101 = VECTOR ( 'NONE', #504, 1000.000000000000000 ) ;
#2102 = EDGE_LOOP ( 'NONE', ( #2136, #3060, #3123, #1337 ) ) ;
#2103 = CARTESIAN_POINT ( 'NONE',  ( 22.07404796879308506, -6.707530582367698015E-16, -1.000000000000000000 ) ) ;
#2104 = ORIENTED_EDGE ( 'NONE', *, *, #1070, .T. ) ;
#2105 = ORIENTED_EDGE ( 'NONE', *, *, #1333, .F. ) ;
#2106 = AXIS2_PLACEMENT_3D ( 'NONE', #170, #2498, #2797 ) ;
#2107 = PERSON_AND_ORGANIZATION ( #2987, #979 ) ;
#2108 = CARTESIAN_POINT ( 'NONE',  ( 23.57404796879308506, -8.544500781088727210E-16, -1.000000000000000000 ) ) ;
#2109 = CARTESIAN_POINT ( 'NONE',  ( 18.81585144052307967, 2.638888888894338702, 0.000000000000000000 ) ) ;
#2110 = DIRECTION ( 'NONE',  ( 1.000000000000000000, 0.000000000000000000, 0.000000000000000000 ) ) ;
#2111 = VERTEX_POINT ( 'NONE', #1340 ) ;
#2112 = DIRECTION ( 'NONE',  ( 1.000000000000000000, 0.000000000000000000, 0.000000000000000000 ) ) ;
#2113 = CARTESIAN_POINT ( 'NONE',  ( 26.25000000000000000, -13.25000000000000000, -1.000000000000000000 ) ) ;
#2114 = DIRECTION ( 'NONE',  ( 1.000000000000000000, 0.000000000000000000, 0.000000000000000000 ) ) ;
#2115 = ADVANCED_FACE ( 'NONE', ( #231 ), #1295, .F. ) ;
#2116 = VERTEX_POINT ( 'NONE', #2103 ) ;
#2117 = AXIS2_PLACEMENT_3D ( 'NONE', #2701, #5, #338 ) ;
#2118 = AXIS2_PLACEMENT_3D ( 'NONE', #1326, #530, #2390 ) ;
#2119 = DIRECTION ( 'NONE',  ( 1.000000000000000000, 0.000000000000000000, 0.000000000000000000 ) ) ;
#2120 = CYLINDRICAL_SURFACE ( 'NONE', #1821, 2.000000000000001776 ) ;
#2121 = EDGE_CURVE ( 'NONE', #436, #486, #3179, .T. ) ;
#2122 = ORIENTED_EDGE ( 'NONE', *, *, #2524, .T. ) ;
#2123 = DIRECTION ( 'NONE',  ( 0.000000000000000000, 0.000000000000000000, 1.000000000000000000 ) ) ;
#2124 = VERTEX_POINT ( 'NONE', #1584 ) ;
#2125 = EDGE_LOOP ( 'NONE', ( #1462, #914 ) ) ;
#2126 = PERSON_AND_ORGANIZATION ( #2987, #979 ) ;
#2127 = DIRECTION ( 'NONE',  ( 0.000000000000000000, 0.000000000000000000, 1.000000000000000000 ) ) ;
#2128 = FACE_BOUND ( 'NONE', #1727, .T. ) ;
#2129 = CARTESIAN_POINT ( 'NONE',  ( 16.00000000000000000, 15.99999999999999645, -1.000000000000000000 ) ) ;
#2130 = CARTESIAN_POINT ( 'NONE',  ( 7.174169802094322534, -5.052849458527467696, 0.000000000000000000 ) ) ;
#2131 = CARTESIAN_POINT ( 'NONE',  ( -3.862882379858124438, -7.005579185137635889, 0.000000000000000000 ) ) ;
#2132 = CYLINDRICAL_SURFACE ( 'NONE', #1196, 7.999999999990755839 ) ;
#2133 = CARTESIAN_POINT ( 'NONE',  ( -15.99999999999998579, -15.99999999999999645, 0.000000000000000000 ) ) ;
#2134 = DIRECTION ( 'NONE',  ( 0.000000000000000000, 0.000000000000000000, 1.000000000000000000 ) ) ;
#2135 = CIRCLE ( 'NONE', #3141, 1.500000000000001332 ) ;
#2136 = ORIENTED_EDGE ( 'NONE', *, *, #237, .F. ) ;
#2137 = FACE_OUTER_BOUND ( 'NONE', #2428, .T. ) ;
#2138 = LINE ( 'NONE', #520, #3289 ) ;
#2139 = EDGE_LOOP ( 'NONE', ( #1401, #717 ) ) ;
#2140 = EDGE_CURVE ( 'NONE', #1294, #275, #111, .T. ) ;
#2141 = DIRECTION ( 'NONE',  ( 0.000000000000000000, 0.000000000000000000, 1.000000000000000000 ) ) ;
#2142 = ADVANCED_BREP_SHAPE_REPRESENTATION ( '40风扇不锈钢夹片', ( #1211, #1772 ), #1321 ) ;
#2143 = ORIENTED_EDGE ( 'NONE', *, *, #3345, .T. ) ;
#2144 = EDGE_CURVE ( 'NONE', #64, #3466, #2220, .T. ) ;
#2145 = EDGE_LOOP ( 'NONE', ( #869, #1679, #1529, #243 ) ) ;
#2146 = PERSON_AND_ORGANIZATION ( #2987, #979 ) ;
#2147 = LINE ( 'NONE', #2637, #1091 ) ;
#2148 = PLANE ( 'NONE',  #1627 ) ;
#2149 = DIRECTION ( 'NONE',  ( 0.000000000000000000, 0.000000000000000000, 1.000000000000000000 ) ) ;
#2150 = EDGE_CURVE ( 'NONE', #3407, #720, #101, .T. ) ;
#2151 = LINE ( 'NONE', #572, #97 ) ;
#2152 = CARTESIAN_POINT ( 'NONE',  ( 0.000000000000000000, 0.000000000000000000, -1.000000000000000000 ) ) ;
#2153 = DIRECTION ( 'NONE',  ( 0.000000000000000000, 0.000000000000000000, 1.000000000000000000 ) ) ;
#2154 = CARTESIAN_POINT ( 'NONE',  ( -18.00000000000000000, -20.00000000000000000, 0.000000000000000000 ) ) ;
#2155 = VECTOR ( 'NONE', #1504, 1000.000000000000114 ) ;
#2156 = DIRECTION ( 'NONE',  ( -0.000000000000000000, -0.000000000000000000, -1.000000000000000000 ) ) ;
#2157 = CARTESIAN_POINT ( 'NONE',  ( 3.862882379858116444, 7.005579185137666975, 0.000000000000000000 ) ) ;
#2158 = AXIS2_PLACEMENT_3D ( 'NONE', #1909, #2449, #3173 ) ;
#2159 = VERTEX_POINT ( 'NONE', #2255 ) ;
#2160 = ORIENTED_EDGE ( 'NONE', *, *, #153, .T. ) ;
#2161 = CARTESIAN_POINT ( 'NONE',  ( 2.500000000005084377, -8.645808232884199640, 0.000000000000000000 ) ) ;
#2162 = AXIS2_PLACEMENT_3D ( 'NONE', #826, #3461, #2193 ) ;
#2163 = VERTEX_POINT ( 'NONE', #400 ) ;
#2164 = EDGE_CURVE ( 'NONE', #2043, #1316, #3397, .T. ) ;
#2165 = VERTEX_POINT ( 'NONE', #94 ) ;
#2166 = ADVANCED_FACE ( 'NONE', ( #658 ), #3352, .F. ) ;
#2167 = CIRCLE ( 'NONE', #3457, 0.9999999999999991118 ) ;
#2168 = CARTESIAN_POINT ( 'NONE',  ( 25.07404796879308506, -8.544500781088727210E-16, -1.000000000000000000 ) ) ;
#2169 = AXIS2_PLACEMENT_3D ( 'NONE', #578, #2453, #3001 ) ;
#2170 = FACE_OUTER_BOUND ( 'NONE', #3122, .T. ) ;
#2171 = EDGE_CURVE ( 'NONE', #3024, #2356, #375, .T. ) ;
#2172 = ORIENTED_EDGE ( 'NONE', *, *, #303, .T. ) ;
#2173 = ADVANCED_FACE ( 'NONE', ( #125 ), #1160, .F. ) ;
#2174 = CARTESIAN_POINT ( 'NONE',  ( -7.881276583270983238, -4.345742677358855666, 0.000000000000000000 ) ) ;
#2175 = DIRECTION ( 'NONE',  ( 1.000000000000000000, 0.000000000000000000, 0.000000000000000000 ) ) ;
#2176 = CARTESIAN_POINT ( 'NONE',  ( 13.66522283772204105, 11.54390249418306702, 0.000000000000000000 ) ) ;
#2177 = DIRECTION ( 'NONE',  ( -1.000000000000000000, 0.000000000000000000, 0.000000000000000000 ) ) ;
#2178 = DIRECTION ( 'NONE',  ( 0.000000000000000000, 0.000000000000000000, 1.000000000000000000 ) ) ;
#2179 = DIRECTION ( 'NONE',  ( 1.000000000000000000, 0.000000000000000000, 0.000000000000000000 ) ) ;
#2180 = ORIENTED_EDGE ( 'NONE', *, *, #2030, .T. ) ;
#2181 = CARTESIAN_POINT ( 'NONE',  ( -18.81585144052309744, -2.638888888894348028, -1.000000000000000000 ) ) ;
#2182 = VERTEX_POINT ( 'NONE', #1471 ) ;
#2183 = AXIS2_PLACEMENT_3D ( 'NONE', #3185, #277, #3448 ) ;
#2184 = ORIENTED_EDGE ( 'NONE', *, *, #2140, .F. ) ;
#2185 = EDGE_CURVE ( 'NONE', #1089, #2824, #1995, .T. ) ;
#2186 = FACE_OUTER_BOUND ( 'NONE', #1334, .T. ) ;
#2187 = ORIENTED_EDGE ( 'NONE', *, *, #2904, .T. ) ;
#2188 = CARTESIAN_POINT ( 'NONE',  ( -2.499999999985414778, -8.645808232889889311, 0.000000000000000000 ) ) ;
#2189 = DIRECTION ( 'NONE',  ( 1.000000000000000000, 0.000000000000000000, 0.000000000000000000 ) ) ;
#2190 = DIRECTION ( 'NONE',  ( 0.000000000000000000, 0.000000000000000000, 1.000000000000000000 ) ) ;
#2191 = CARTESIAN_POINT ( 'NONE',  ( -5.052849458527492565, -7.174169802094302995, -1.000000000000000000 ) ) ;
#2192 = CARTESIAN_POINT ( 'NONE',  ( 11.54390249418301906, -13.66522283772208013, 0.000000000000000000 ) ) ;
#2193 = DIRECTION ( 'NONE',  ( 1.000000000000000000, 0.000000000000000000, 0.000000000000000000 ) ) ;
#2194 = CIRCLE ( 'NONE', #1236, 7.999999999990764721 ) ;
#2195 = ORIENTED_EDGE ( 'NONE', *, *, #2552, .T. ) ;
#2196 = APPROVAL ( #2911, '未指定' ) ;
#2197 = CARTESIAN_POINT ( 'NONE',  ( -2.222222222226470922, 7.685162873673873740, -1.000000000000000000 ) ) ;
#2198 = VERTEX_POINT ( 'NONE', #1442 ) ;
#2199 = ORIENTED_EDGE ( 'NONE', *, *, #2121, .F. ) ;
#2200 = VERTEX_POINT ( 'NONE', #141 ) ;
#2201 = CYLINDRICAL_SURFACE ( 'NONE', #2439, 1.000000000000001554 ) ;
#2202 = CARTESIAN_POINT ( 'NONE',  ( 7.685162873678919482, -2.222222222208944498, 0.000000000000000000 ) ) ;
#2203 = CARTESIAN_POINT ( 'NONE',  ( -17.99999999999998224, -15.99999999999999645, -1.000000000000000000 ) ) ;
#2204 = CARTESIAN_POINT ( 'NONE',  ( 2.499999999985406340, 17.82554346997171990, -1.000000000000000000 ) ) ;
#2205 = ORIENTED_EDGE ( 'NONE', *, *, #2729, .T. ) ;
#2206 = EDGE_CURVE ( 'NONE', #912, #2182, #2167, .T. ) ;
#2207 = AXIS2_PLACEMENT_3D ( 'NONE', #1308, #207, #2074 ) ;
#2208 = EDGE_CURVE ( 'NONE', #2764, #1881, #1940, .T. ) ;
#2209 = CARTESIAN_POINT ( 'NONE',  ( -1.499999999985479393, -17.82554346997166661, -1.000000000000000000 ) ) ;
#2210 = CARTESIAN_POINT ( 'NONE',  ( 0.000000000000000000, 0.000000000000000000, -1.000000000000000000 ) ) ;
#2211 = ADVANCED_FACE ( 'NONE', ( #943 ), #1143, .F. ) ;
#2212 = CIRCLE ( 'NONE', #2874, 7.999999999990755839 ) ;
#2213 = VERTEX_POINT ( 'NONE', #1678 ) ;
#2214 = CIRCLE ( 'NONE', #2488, 1.999999999999994893 ) ;
#2215 = EDGE_LOOP ( 'NONE', ( #2540, #2807, #2406, #3030 ) ) ;
#2216 = VECTOR ( 'NONE', #3065, 1000.000000000000114 ) ;
#2217 = AXIS2_PLACEMENT_3D ( 'NONE', #2659, #1062, #2447 ) ;
#2218 = ORIENTED_EDGE ( 'NONE', *, *, #2952, .F. ) ;
#2219 = CIRCLE ( 'NONE', #2668, 18.99999999999380051 ) ;
#2220 = CIRCLE ( 'NONE', #43, 2.000000000000000000 ) ;
#2221 = ORIENTED_EDGE ( 'NONE', *, *, #957, .T. ) ;
#2222 = DIRECTION ( 'NONE',  ( 0.000000000000000000, 0.000000000000000000, 1.000000000000000000 ) ) ;
#2223 = DIRECTION ( 'NONE',  ( 1.000000000000000000, 0.000000000000000000, 0.000000000000000000 ) ) ;
#2224 = LINE ( 'NONE', #874, #973 ) ;
#2225 = FACE_OUTER_BOUND ( 'NONE', #1946, .T. ) ;
#2226 = LINE ( 'NONE', #2209, #117 ) ;
#2227 = EDGE_CURVE ( 'NONE', #1607, #3314, #2228, .T. ) ;
#2228 = LINE ( 'NONE', #3052, #1722 ) ;
#2229 = EDGE_LOOP ( 'NONE', ( #387, #181, #1014, #1918, #274, #3016, #2728, #3343 ) ) ;
#2230 = ORIENTED_EDGE ( 'NONE', *, *, #862, .T. ) ;
#2231 = AXIS2_PLACEMENT_3D ( 'NONE', #121, #950, #669 ) ;
#2232 = VECTOR ( 'NONE', #1209, 1000.000000000000000 ) ;
#2233 = AXIS2_PLACEMENT_3D ( 'NONE', #242, #1383, #2409 ) ;
#2234 = VERTEX_POINT ( 'NONE', #644 ) ;
#2235 = AXIS2_PLACEMENT_3D ( 'NONE', #2434, #370, #1441 ) ;
#2236 = ORIENTED_EDGE ( 'NONE', *, *, #533, .T. ) ;
#2237 = CARTESIAN_POINT ( 'NONE',  ( 5.052849458545431993, -7.174169802084426451, 0.000000000000000000 ) ) ;
#2238 = CARTESIAN_POINT ( 'NONE',  ( 0.000000000000000000, 0.000000000000000000, 0.000000000000000000 ) ) ;
#2239 = CARTESIAN_POINT ( 'NONE',  ( 0.000000000000000000, 0.000000000000000000, -1.000000000000000000 ) ) ;
#2240 = FACE_BOUND ( 'NONE', #2844, .T. ) ;
#2241 = DIRECTION ( 'NONE',  ( 0.000000000000000000, 0.000000000000000000, 1.000000000000000000 ) ) ;
#2242 = CARTESIAN_POINT ( 'NONE',  ( 5.052849458527487236, 7.174169802094340298, -1.000000000000000000 ) ) ;
#2243 = ORIENTED_EDGE ( 'NONE', *, *, #193, .T. ) ;
#2244 = AXIS2_PLACEMENT_3D ( 'NONE', #1419, #299, #3248 ) ;
#2245 = VERTEX_POINT ( 'NONE', #80 ) ;
#2246 = CIRCLE ( 'NONE', #1073, 1.000000000000000888 ) ;
#2247 = EDGE_CURVE ( 'NONE', #427, #3322, #824, .T. ) ;
#2248 = ORIENTED_EDGE ( 'NONE', *, *, #1993, .F. ) ;
#2249 = ORIENTED_EDGE ( 'NONE', *, *, #1739, .T. ) ;
#2250 = DIRECTION ( 'NONE',  ( 0.000000000000000000, 0.000000000000000000, 1.000000000000000000 ) ) ;
#2251 = DIRECTION ( 'NONE',  ( 1.927470528863119542E-16, -1.000000000000000000, 0.000000000000000000 ) ) ;
#2252 = CARTESIAN_POINT ( 'NONE',  ( 0.000000000000000000, 0.000000000000000000, -1.000000000000000000 ) ) ;
#2253 = CARTESIAN_POINT ( 'NONE',  ( -1.500000000005019540, 17.82554346996894878, -1.000000000000000000 ) ) ;
#2254 = DIRECTION ( 'NONE',  ( 0.000000000000000000, 0.000000000000000000, 1.000000000000000000 ) ) ;
#2255 = CARTESIAN_POINT ( 'NONE',  ( 2.222222222208965814, 7.685162873678933693, 0.000000000000000000 ) ) ;
#2256 = LINE ( 'NONE', #3009, #1775 ) ;
#2257 = VECTOR ( 'NONE', #1251, 1000.000000000000000 ) ;
#2258 = ORIENTED_EDGE ( 'NONE', *, *, #3335, .F. ) ;
#2259 = ORIENTED_EDGE ( 'NONE', *, *, #3025, .T. ) ;
#2260 = CIRCLE ( 'NONE', #2033, 1.000000000000002665 ) ;
#2261 = ORIENTED_EDGE ( 'NONE', *, *, #916, .F. ) ;
#2262 = EDGE_CURVE ( 'NONE', #1542, #3027, #3288, .T. ) ;
#2263 = ORIENTED_EDGE ( 'NONE', *, *, #661, .T. ) ;
#2264 = CIRCLE ( 'NONE', #1487, 1.000000000000000888 ) ;
#2265 = VECTOR ( 'NONE', #318, 1000.000000000000000 ) ;
#2266 = VERTEX_POINT ( 'NONE', #1950 ) ;
#2267 = EDGE_CURVE ( 'NONE', #456, #1668, #1966, .T. ) ;
#2268 = CARTESIAN_POINT ( 'NONE',  ( 13.99999999999998224, -15.99999999999999645, -1.000000000000000000 ) ) ;
#2269 = CARTESIAN_POINT ( 'NONE',  ( -14.37232961890865823, -10.83679571299641786, 0.000000000000000000 ) ) ;
#2270 = FACE_BOUND ( 'NONE', #2921, .T. ) ;
#2271 = DIRECTION ( 'NONE',  ( 0.000000000000000000, 0.000000000000000000, 1.000000000000000000 ) ) ;
#2272 = CARTESIAN_POINT ( 'NONE',  ( 2.499999999985406340, 17.82554346997171990, 0.000000000000000000 ) ) ;
#2273 = DIRECTION ( 'NONE',  ( 0.000000000000000000, 0.000000000000000000, 1.000000000000000000 ) ) ;
#2274 = DIRECTION ( 'NONE',  ( 1.000000000000000000, 0.000000000000000000, 0.000000000000000000 ) ) ;
#2275 = ORIENTED_EDGE ( 'NONE', *, *, #1240, .F. ) ;
#2276 = ORIENTED_EDGE ( 'NONE', *, *, #1437, .T. ) ;
#2277 = ORIENTED_EDGE ( 'NONE', *, *, #2609, .F. ) ;
#2278 = CIRCLE ( 'NONE', #772, 0.9999999999999991118 ) ;
#2279 = ORIENTED_EDGE ( 'NONE', *, *, #195, .T. ) ;
#2280 = EDGE_CURVE ( 'NONE', #165, #606, #1608, .T. ) ;
#2281 = CARTESIAN_POINT ( 'NONE',  ( 15.17079237551489435, 11.43883991927430976, -1.000000000000000000 ) ) ;
#2282 = DIRECTION ( 'NONE',  ( 0.000000000000000000, 0.000000000000000000, 1.000000000000000000 ) ) ;
#2283 = DIRECTION ( 'NONE',  ( 1.000000000000000000, 0.000000000000000000, 0.000000000000000000 ) ) ;
#2284 = CARTESIAN_POINT ( 'NONE',  ( -18.00000000000000000, -18.00000000000000355, -1.000000000000000000 ) ) ;
#2285 = DIRECTION ( 'NONE',  ( 0.000000000000000000, 0.000000000000000000, 1.000000000000000000 ) ) ;
#2286 = CARTESIAN_POINT ( 'NONE',  ( 17.99999999999998579, 20.00000000000000000, -1.000000000000000000 ) ) ;
#2287 = CARTESIAN_POINT ( 'NONE',  ( 11.83679571299646760, -14.37232961890862448, -1.000000000000000000 ) ) ;
#2288 = EDGE_CURVE ( 'NONE', #7, #2124, #2853, .T. ) ;
#2289 = ORIENTED_EDGE ( 'NONE', *, *, #2868, .F. ) ;
#2290 = ORIENTED_EDGE ( 'NONE', *, *, #2826, .F. ) ;
#2291 = ORIENTED_EDGE ( 'NONE', *, *, #52, .F. ) ;
#2292 = VECTOR ( 'NONE', #202, 1000.000000000000000 ) ;
#2293 = ORIENTED_EDGE ( 'NONE', *, *, #2632, .T. ) ;
#2294 = CARTESIAN_POINT ( 'NONE',  ( 11.54390249418301906, -13.66522283772208013, 0.000000000000000000 ) ) ;
#2295 = CARTESIAN_POINT ( 'NONE',  ( 8.645808232884192535, 1.500000000005116130, -1.000000000000000000 ) ) ;
#2296 = DIRECTION ( 'NONE',  ( 0.000000000000000000, 0.000000000000000000, 1.000000000000000000 ) ) ;
#2297 = FACE_BOUND ( 'NONE', #1811, .T. ) ;
#2298 = FACE_OUTER_BOUND ( 'NONE', #1030, .T. ) ;
#2299 = CARTESIAN_POINT ( 'NONE',  ( -16.00000000000000000, 15.99999999999999645, -1.000000000000000000 ) ) ;
#2300 = LINE ( 'NONE', #1836, #941 ) ;
#2301 = EDGE_CURVE ( 'NONE', #133, #236, #3175, .T. ) ;
#2302 = ORIENTED_EDGE ( 'NONE', *, *, #699, .F. ) ;
#2303 = ADVANCED_FACE ( 'NONE', ( #2027 ), #160, .F. ) ;
#2304 = EDGE_CURVE ( 'NONE', #2213, #2808, #148, .T. ) ;
#2305 = ORIENTED_EDGE ( 'NONE', *, *, #813, .T. ) ;
#2306 = ORIENTED_EDGE ( 'NONE', *, *, #1282, .F. ) ;
#2307 = ORIENTED_EDGE ( 'NONE', *, *, #2070, .T. ) ;
#2308 = AXIS2_PLACEMENT_3D ( 'NONE', #2239, #3317, #2769 ) ;
#2309 = VERTEX_POINT ( 'NONE', #2836 ) ;
#2310 = AXIS2_PLACEMENT_3D ( 'NONE', #1753, #2571, #499 ) ;
#2311 = CARTESIAN_POINT ( 'NONE',  ( 0.000000000000000000, 0.000000000000000000, -1.000000000000000000 ) ) ;
#2312 = DIRECTION ( 'NONE',  ( 0.000000000000000000, 0.000000000000000000, 1.000000000000000000 ) ) ;
#2313 = DIRECTION ( 'NONE',  ( -4.062922706401048193E-15, 1.000000000000000000, 0.000000000000000000 ) ) ;
#2314 = DIRECTION ( 'NONE',  ( -1.417298618512443785E-16, -1.000000000000000000, 0.000000000000000000 ) ) ;
#2315 = CIRCLE ( 'NONE', #1155, 0.9999999999999505951 ) ;
#2316 = DIRECTION ( 'NONE',  ( 0.000000000000000000, 0.000000000000000000, 1.000000000000000000 ) ) ;
#2317 = LINE ( 'NONE', #481, #1315 ) ;
#2318 = CARTESIAN_POINT ( 'NONE',  ( -16.00000000000000000, 15.99999999999999645, -1.000000000000000000 ) ) ;
#2319 = ORIENTED_EDGE ( 'NONE', *, *, #703, .T. ) ;
#2320 = AXIS2_PLACEMENT_3D ( 'NONE', #2242, #3321, #1997 ) ;
#2321 = VERTEX_POINT ( 'NONE', #2866 ) ;
#2322 = EDGE_CURVE ( 'NONE', #981, #269, #451, .T. ) ;
#2323 = VERTEX_POINT ( 'NONE', #188 ) ;
#2324 = ORIENTED_EDGE ( 'NONE', *, *, #2322, .F. ) ;
#2325 = ORIENTED_EDGE ( 'NONE', *, *, #661, .F. ) ;
#2326 =( NAMED_UNIT ( * ) SI_UNIT ( $, .STERADIAN. ) SOLID_ANGLE_UNIT ( ) );
#2327 = DIRECTION ( 'NONE',  ( 1.000000000000000000, 0.000000000000000000, 0.000000000000000000 ) ) ;
#2328 = CARTESIAN_POINT ( 'NONE',  ( 7.174169802094322534, -5.052849458527467696, 0.000000000000000000 ) ) ;
#2329 = LINE ( 'NONE', #496, #2039 ) ;
#2330 = PLANE ( 'NONE',  #582 ) ;
#2331 = CYLINDRICAL_SURFACE ( 'NONE', #3012, 18.99999999999383959 ) ;
#2332 = FACE_OUTER_BOUND ( 'NONE', #1015, .T. ) ;
#2333 = AXIS2_PLACEMENT_3D ( 'NONE', #779, #1848, #260 ) ;
#2334 = VERTEX_POINT ( 'NONE', #1523 ) ;
#2335 = DIRECTION ( 'NONE',  ( 0.000000000000000000, 0.000000000000000000, 1.000000000000000000 ) ) ;
#2336 = ADVANCED_FACE ( 'NONE', ( #3380 ), #1225, .T. ) ;
#2337 = ORIENTED_EDGE ( 'NONE', *, *, #6, .F. ) ;
#2338 = CARTESIAN_POINT ( 'NONE',  ( -8.645808232884215627, -2.500000000005100809, -1.000000000000000000 ) ) ;
#2339 = ORIENTED_EDGE ( 'NONE', *, *, #698, .F. ) ;
#2340 = ORIENTED_EDGE ( 'NONE', *, *, #3101, .T. ) ;
#2341 = EDGE_CURVE ( 'NONE', #419, #2003, #2816, .T. ) ;
#2342 = ORIENTED_EDGE ( 'NONE', *, *, #485, .F. ) ;
#2343 = EDGE_CURVE ( 'NONE', #1809, #2334, #2945, .T. ) ;
#2344 = EDGE_CURVE ( 'NONE', #3423, #3070, #1490, .T. ) ;
#2345 = CARTESIAN_POINT ( 'NONE',  ( 4.000000000000537348, 0.000000000000000000, -1.000000000000000000 ) ) ;
#2346 = DIRECTION ( 'NONE',  ( 0.000000000000000000, 0.000000000000000000, 1.000000000000000000 ) ) ;
#2347 = CARTESIAN_POINT ( 'NONE',  ( 0.000000000000000000, 0.000000000000000000, -1.000000000000000000 ) ) ;
#2348 = FACE_BOUND ( 'NONE', #2859, .T. ) ;
#2349 = ADVANCED_FACE ( 'NONE', ( #2884 ), #2331, .F. ) ;
#2350 = AXIS2_PLACEMENT_3D ( 'NONE', #3018, #2467, #840 ) ;
#2351 = DIRECTION ( 'NONE',  ( 1.000000000000000000, 0.000000000000000000, 0.000000000000000000 ) ) ;
#2352 = DIRECTION ( 'NONE',  ( 1.000000000000000000, 0.000000000000000000, 0.000000000000000000 ) ) ;
#2353 = CARTESIAN_POINT ( 'NONE',  ( 22.00000000000000000, 15.24999999999999822, 0.000000000000000000 ) ) ;
#2354 = LINE ( 'NONE', #482, #3126 ) ;
#2355 = DIRECTION ( 'NONE',  ( 0.000000000000000000, 0.000000000000000000, 1.000000000000000000 ) ) ;
#2356 = VERTEX_POINT ( 'NONE', #2286 ) ;
#2357 = DIRECTION ( 'NONE',  ( 0.7071067811865511255, 0.7071067811865439090, -0.000000000000000000 ) ) ;
#2358 = ORIENTED_EDGE ( 'NONE', *, *, #1465, .T. ) ;
#2359 = ORIENTED_EDGE ( 'NONE', *, *, #2096, .F. ) ;
#2360 = AXIS2_PLACEMENT_3D ( 'NONE', #1867, #2938, #1803 ) ;
#2361 = ORIENTED_EDGE ( 'NONE', *, *, #3458, .F. ) ;
#2362 = EDGE_CURVE ( 'NONE', #523, #3459, #1261, .T. ) ;
#2363 = LINE ( 'NONE', #2578, #2100 ) ;
#2364 = CARTESIAN_POINT ( 'NONE',  ( -5.052849458545432881, 7.174169802084439773, -1.000000000000000000 ) ) ;
#2365 = DIRECTION ( 'NONE',  ( 0.000000000000000000, 0.000000000000000000, 1.000000000000000000 ) ) ;
#2366 = DIRECTION ( 'NONE',  ( -0.000000000000000000, -0.000000000000000000, -1.000000000000000000 ) ) ;
#2367 = CIRCLE ( 'NONE', #1660, 1.000000000000000888 ) ;
#2368 = DIRECTION ( 'NONE',  ( 0.000000000000000000, 0.000000000000000000, 1.000000000000000000 ) ) ;
#2369 = EDGE_CURVE ( 'NONE', #1231, #486, #2317, .T. ) ;
#2370 = CIRCLE ( 'NONE', #2310, 1.999999999999998224 ) ;
#2371 = EDGE_CURVE ( 'NONE', #216, #506, #1254, .T. ) ;
#2372 = CARTESIAN_POINT ( 'NONE',  ( 1.500000000005085266, -8.645808232884196087, -1.000000000000000000 ) ) ;
#2373 = DIRECTION ( 'NONE',  ( 0.000000000000000000, 0.000000000000000000, 1.000000000000000000 ) ) ;
#2374 = CARTESIAN_POINT ( 'NONE',  ( -7.174169802094286119, 5.052849458527515658, 0.000000000000000000 ) ) ;
#2375 = CIRCLE ( 'NONE', #2663, 1.000000000000000000 ) ;
#2376 = EDGE_LOOP ( 'NONE', ( #2707, #2381, #2990, #128 ) ) ;
#2377 = CIRCLE ( 'NONE', #1488, 1.000000000000000888 ) ;
#2378 = CARTESIAN_POINT ( 'NONE',  ( 18.82554346997167016, -2.499999999985416999, -1.000000000000000000 ) ) ;
#2379 = DIRECTION ( 'NONE',  ( 0.000000000000000000, 0.000000000000000000, 1.000000000000000000 ) ) ;
#2380 = AXIS2_PLACEMENT_3D ( 'NONE', #3333, #2486, #2759 ) ;
#2381 = ORIENTED_EDGE ( 'NONE', *, *, #1955, .F. ) ;
#2382 = FACE_OUTER_BOUND ( 'NONE', #3087, .T. ) ;
#2383 = AXIS2_PLACEMENT_3D ( 'NONE', #1472, #3255, #3099 ) ;
#2384 = ORIENTED_EDGE ( 'NONE', *, *, #2586, .F. ) ;
#2385 = ORIENTED_EDGE ( 'NONE', *, *, #177, .T. ) ;
#2386 = CIRCLE ( 'NONE', #886, 18.99999999999383959 ) ;
#2387 = PERSON_AND_ORGANIZATION_ROLE ( 'design_owner' ) ;
#2388 = DIRECTION ( 'NONE',  ( 0.000000000000000000, 0.000000000000000000, 1.000000000000000000 ) ) ;
#2389 = CARTESIAN_POINT ( 'NONE',  ( -2.222222222226478916, 7.685162873673899497, -1.000000000000000000 ) ) ;
#2390 = DIRECTION ( 'NONE',  ( -1.000000000000000000, 0.000000000000000000, 0.000000000000000000 ) ) ;
#2391 = DIRECTION ( 'NONE',  ( -1.000000000000000000, 0.000000000000000000, 0.000000000000000000 ) ) ;
#2392 = EDGE_CURVE ( 'NONE', #1951, #1165, #3434, .T. ) ;
#2393 = DIRECTION ( 'NONE',  ( 1.000000000000000000, 0.000000000000000000, 0.000000000000000000 ) ) ;
#2394 = DIRECTION ( 'NONE',  ( 1.000000000000000000, 0.000000000000000000, 0.000000000000000000 ) ) ;
#2395 = LINE ( 'NONE', #300, #811 ) ;
#2396 = FACE_OUTER_BOUND ( 'NONE', #2016, .T. ) ;
#2397 = EDGE_CURVE ( 'NONE', #665, #119, #208, .T. ) ;
#2398 = ORIENTED_EDGE ( 'NONE', *, *, #1277, .T. ) ;
#2399 = CIRCLE ( 'NONE', #1173, 0.9999999999999974465 ) ;
#2400 = CARTESIAN_POINT ( 'NONE',  ( -13.66522283773394264, 11.54390249416727698, -1.000000000000000000 ) ) ;
#2401 = DIRECTION ( 'NONE',  ( 1.000000000000000000, 0.000000000000000000, 0.000000000000000000 ) ) ;
#2402 = EDGE_CURVE ( 'NONE', #3057, #3278, #2623, .T. ) ;
#2403 = CIRCLE ( 'NONE', #3310, 1.500000000000001332 ) ;
#2404 = EDGE_LOOP ( 'NONE', ( #1692, #2509, #2558, #915, #402, #1162, #827, #2995, #3463 ) ) ;
#2405 = DIRECTION ( 'NONE',  ( 0.000000000000000000, 0.000000000000000000, 1.000000000000000000 ) ) ;
#2406 = ORIENTED_EDGE ( 'NONE', *, *, #1682, .F. ) ;
#2407 = ORIENTED_EDGE ( 'NONE', *, *, #605, .T. ) ;
#2408 = CARTESIAN_POINT ( 'NONE',  ( -2.499999999985414778, -8.645808232889889311, -1.000000000000000000 ) ) ;
#2409 = DIRECTION ( 'NONE',  ( 1.000000000000000000, 0.000000000000000000, 0.000000000000000000 ) ) ;
#2410 = EDGE_LOOP ( 'NONE', ( #1685, #441, #2673, #2738 ) ) ;
#2411 = DIRECTION ( 'NONE',  ( 0.000000000000000000, 0.000000000000000000, 1.000000000000000000 ) ) ;
#2412 = CARTESIAN_POINT ( 'NONE',  ( 4.345742677340937554, 7.881276583280884651, -1.000000000000000000 ) ) ;
#2413 = DIRECTION ( 'NONE',  ( 1.000000000000000000, 0.000000000000000000, 0.000000000000000000 ) ) ;
#2414 = DIRECTION ( 'NONE',  ( 0.000000000000000000, 0.000000000000000000, 1.000000000000000000 ) ) ;
#2415 = AXIS2_PLACEMENT_3D ( 'NONE', #1814, #1285, #2912 ) ;
#2416 = CARTESIAN_POINT ( 'NONE',  ( 11.54390249416717396, 13.66522283773407942, 0.000000000000000000 ) ) ;
#2417 = EDGE_CURVE ( 'NONE', #3109, #1426, #3084, .T. ) ;
#2418 = DIRECTION ( 'NONE',  ( 0.000000000000000000, 0.000000000000000000, 1.000000000000000000 ) ) ;
#2419 = EDGE_CURVE ( 'NONE', #13, #2005, #2370, .T. ) ;
#2420 = ORIENTED_EDGE ( 'NONE', *, *, #2528, .F. ) ;
#2421 = ADVANCED_FACE ( 'NONE', ( #1851 ), #555, .F. ) ;
#2422 = DIRECTION ( 'NONE',  ( 0.000000000000000000, 0.000000000000000000, 1.000000000000000000 ) ) ;
#2423 = VERTEX_POINT ( 'NONE', #3211 ) ;
#2424 = EDGE_LOOP ( 'NONE', ( #152, #2258, #2924, #3100 ) ) ;
#2425 = PERSON_AND_ORGANIZATION ( #2987, #979 ) ;
#2426 = DIRECTION ( 'NONE',  ( 0.000000000000000000, 0.000000000000000000, 1.000000000000000000 ) ) ;
#2427 = DIRECTION ( 'NONE',  ( -1.000000000000000000, 0.000000000000000000, 0.000000000000000000 ) ) ;
#2428 = EDGE_LOOP ( 'NONE', ( #2587, #1181, #612, #144 ) ) ;
#2429 = CARTESIAN_POINT ( 'NONE',  ( 2.638888888894268980, -18.81585144052308678, 0.000000000000000000 ) ) ;
#2430 = DIRECTION ( 'NONE',  ( 1.000000000000000000, 0.000000000000000000, 0.000000000000000000 ) ) ;
#2431 = DIRECTION ( 'NONE',  ( -3.873949557266115609E-15, 1.000000000000000000, 0.000000000000000000 ) ) ;
#2432 = CARTESIAN_POINT ( 'NONE',  ( -15.99999999999998579, -15.99999999999999645, -1.000000000000000000 ) ) ;
#2433 = CIRCLE ( 'NONE', #3160, 2.000000000000001776 ) ;
#2434 = CARTESIAN_POINT ( 'NONE',  ( 0.000000000000000000, 0.000000000000000000, 0.000000000000000000 ) ) ;
#2435 = DIRECTION ( 'NONE',  ( -1.000000000000000000, 0.000000000000000000, 0.000000000000000000 ) ) ;
#2436 = EDGE_LOOP ( 'NONE', ( #1649, #2020, #2928, #1953 ) ) ;
#2437 = EDGE_CURVE ( 'NONE', #3124, #2111, #536, .T. ) ;
#2438 = DIRECTION ( 'NONE',  ( 0.000000000000000000, 0.000000000000000000, 1.000000000000000000 ) ) ;
#2439 = AXIS2_PLACEMENT_3D ( 'NONE', #3263, #853, #591 ) ;
#2440 = ORIENTED_EDGE ( 'NONE', *, *, #3007, .F. ) ;
#2441 = EDGE_CURVE ( 'NONE', #2334, #544, #2681, .T. ) ;
#2442 = ORIENTED_EDGE ( 'NONE', *, *, #2819, .F. ) ;
#2443 = SECURITY_CLASSIFICATION_LEVEL ( 'unclassified' ) ;
#2444 = CARTESIAN_POINT ( 'NONE',  ( -7.881276583280840242, 4.345742677340973081, -1.000000000000000000 ) ) ;
#2445 = DIRECTION ( 'NONE',  ( 1.000000000000000000, 0.000000000000000000, 0.000000000000000000 ) ) ;
#2446 = VERTEX_POINT ( 'NONE', #2092 ) ;
#2447 = DIRECTION ( 'NONE',  ( 1.000000000000000000, 0.000000000000000000, 0.000000000000000000 ) ) ;
#2448 = CYLINDRICAL_SURFACE ( 'NONE', #158, 1.000000000000001776 ) ;
#2449 = DIRECTION ( 'NONE',  ( -0.000000000000000000, -0.000000000000000000, -1.000000000000000000 ) ) ;
#2450 = DIRECTION ( 'NONE',  ( 0.000000000000000000, 0.000000000000000000, 1.000000000000000000 ) ) ;
#2451 = EDGE_CURVE ( 'NONE', #1348, #2615, #2395, .T. ) ;
#2452 = CC_DESIGN_PERSON_AND_ORGANIZATION_ASSIGNMENT ( #2146, #526, ( #1094 ) ) ;
#2453 = DIRECTION ( 'NONE',  ( 0.000000000000000000, 0.000000000000000000, 1.000000000000000000 ) ) ;
#2454 = CARTESIAN_POINT ( 'NONE',  ( 1.500000000005057510, -17.82554346996892036, 0.000000000000000000 ) ) ;
#2455 = CIRCLE ( 'NONE', #893, 0.9999999999999991118 ) ;
#2456 = ORIENTED_EDGE ( 'NONE', *, *, #349, .F. ) ;
#2457 = CARTESIAN_POINT ( 'NONE',  ( -4.345742677358826356, 7.881276583271000113, 0.000000000000000000 ) ) ;
#2458 = ORIENTED_EDGE ( 'NONE', *, *, #2766, .T. ) ;
#2459 = ADVANCED_FACE ( 'NONE', ( #2939 ), #1103, .F. ) ;
#2460 = DIRECTION ( 'NONE',  ( 0.000000000000000000, 0.000000000000000000, 1.000000000000000000 ) ) ;
#2461 = ORIENTED_EDGE ( 'NONE', *, *, #3404, .T. ) ;
#2462 = EDGE_CURVE ( 'NONE', #2043, #1408, #765, .T. ) ;
#2463 = EDGE_CURVE ( 'NONE', #720, #1973, #801, .T. ) ;
#2464 = ORIENTED_EDGE ( 'NONE', *, *, #1281, .T. ) ;
#2465 = ADVANCED_FACE ( 'NONE', ( #1388 ), #782, .F. ) ;
#2466 = DIRECTION ( 'NONE',  ( 0.000000000000000000, 0.000000000000000000, 1.000000000000000000 ) ) ;
#2467 = DIRECTION ( 'NONE',  ( 0.000000000000000000, 0.000000000000000000, 1.000000000000000000 ) ) ;
#2468 = DIRECTION ( 'NONE',  ( 0.000000000000000000, 0.000000000000000000, 1.000000000000000000 ) ) ;
#2469 = CYLINDRICAL_SURFACE ( 'NONE', #279, 1.000000000000103251 ) ;
#2470 = ORIENTED_EDGE ( 'NONE', *, *, #641, .T. ) ;
#2471 = FACE_OUTER_BOUND ( 'NONE', #70, .T. ) ;
#2472 = DIRECTION ( 'NONE',  ( 1.000000000000000000, 0.000000000000000000, 0.000000000000000000 ) ) ;
#2473 = VECTOR ( 'NONE', #3204, 1000.000000000000000 ) ;
#2474 = ORIENTED_EDGE ( 'NONE', *, *, #2070, .F. ) ;
#2475 = ORIENTED_EDGE ( 'NONE', *, *, #1297, .F. ) ;
#2476 = ORIENTED_EDGE ( 'NONE', *, *, #2397, .F. ) ;
#2477 = ORIENTED_EDGE ( 'NONE', *, *, #3086, .F. ) ;
#2478 = ADVANCED_FACE ( 'NONE', ( #1868 ), #1619, .F. ) ;
#2479 = DIRECTION ( 'NONE',  ( -0.7071067811865484609, -0.7071067811865465735, 0.000000000000000000 ) ) ;
#2480 = DIRECTION ( 'NONE',  ( 0.000000000000000000, 0.000000000000000000, 1.000000000000000000 ) ) ;
#2481 = LINE ( 'NONE', #3049, #363 ) ;
#2482 = DIRECTION ( 'NONE',  ( 1.000000000000000000, 0.000000000000000000, 0.000000000000000000 ) ) ;
#2483 = ORIENTED_EDGE ( 'NONE', *, *, #2821, .T. ) ;
#2484 = EDGE_CURVE ( 'NONE', #3466, #64, #3286, .T. ) ;
#2485 = DIRECTION ( 'NONE',  ( 1.000000000000000000, 0.000000000000000000, 0.000000000000000000 ) ) ;
#2486 = DIRECTION ( 'NONE',  ( 0.000000000000000000, 0.000000000000000000, 1.000000000000000000 ) ) ;
#2487 = ORIENTED_EDGE ( 'NONE', *, *, #1396, .F. ) ;
#2488 = AXIS2_PLACEMENT_3D ( 'NONE', #2133, #2373, #21 ) ;
#2489 = VERTEX_POINT ( 'NONE', #1595 ) ;
#2490 = CIRCLE ( 'NONE', #2726, 2.000000000000003553 ) ;
#2491 = CC_DESIGN_DATE_AND_TIME_ASSIGNMENT ( #2712, #3182, ( #1094 ) ) ;
#2492 = CIRCLE ( 'NONE', #2776, 0.9999999999999991118 ) ;
#2493 = VERTEX_POINT ( 'NONE', #1367 ) ;
#2494 = VECTOR ( 'NONE', #410, 1000.000000000000000 ) ;
#2495 = VECTOR ( 'NONE', #2802, 1000.000000000000000 ) ;
#2496 = ORIENTED_EDGE ( 'NONE', *, *, #2417, .F. ) ;
#2497 = CARTESIAN_POINT ( 'NONE',  ( 1.500000000005085266, -8.645808232884196087, -1.000000000000000000 ) ) ;
#2498 = DIRECTION ( 'NONE',  ( 3.496003258997377328E-15, 1.000000000000000000, -0.000000000000000000 ) ) ;
#2499 = DIRECTION ( 'NONE',  ( 0.000000000000000000, 0.000000000000000000, 1.000000000000000000 ) ) ;
#2500 = CARTESIAN_POINT ( 'NONE',  ( -15.17079237551497073, -11.43883991927420496, -1.000000000000000000 ) ) ;
#2501 = AXIS2_PLACEMENT_3D ( 'NONE', #1838, #1564, #2626 ) ;
#2502 = EDGE_CURVE ( 'NONE', #2674, #104, #1309, .T. ) ;
#2503 = ORIENTED_EDGE ( 'NONE', *, *, #698, .T. ) ;
#2504 = CARTESIAN_POINT ( 'NONE',  ( -18.00000000000000000, -18.00000000000000355, -1.000000000000000000 ) ) ;
#2505 = DIRECTION ( 'NONE',  ( 0.000000000000000000, 0.000000000000000000, 1.000000000000000000 ) ) ;
#2506 = EDGE_CURVE ( 'NONE', #3109, #1320, #524, .T. ) ;
#2507 = ORIENTED_EDGE ( 'NONE', *, *, #770, .F. ) ;
#2508 = EDGE_CURVE ( 'NONE', #2159, #3070, #198, .T. ) ;
#2509 = ORIENTED_EDGE ( 'NONE', *, *, #2868, .T. ) ;
#2510 = VECTOR ( 'NONE', #246, 1000.000000000000000 ) ;
#2511 = EDGE_CURVE ( 'NONE', #1165, #1971, #57, .T. ) ;
#2512 = AXIS2_PLACEMENT_3D ( 'NONE', #1318, #12, #1359 ) ;
#2513 = VERTEX_POINT ( 'NONE', #822 ) ;
#2514 = CIRCLE ( 'NONE', #2966, 7.999999999990757615 ) ;
#2515 = VERTEX_POINT ( 'NONE', #1652 ) ;
#2516 = DIRECTION ( 'NONE',  ( 0.000000000000000000, 0.000000000000000000, 1.000000000000000000 ) ) ;
#2517 = CARTESIAN_POINT ( 'NONE',  ( 2.638888888894268980, -18.81585144052308678, -1.000000000000000000 ) ) ;
#2518 = DIRECTION ( 'NONE',  ( 1.000000000000000000, 0.000000000000000000, 0.000000000000000000 ) ) ;
#2519 = DIRECTION ( 'NONE',  ( 0.000000000000000000, 0.000000000000000000, 1.000000000000000000 ) ) ;
#2520 = LINE ( 'NONE', #1996, #250 ) ;
#2521 = DIRECTION ( 'NONE',  ( 0.000000000000000000, 0.000000000000000000, 1.000000000000000000 ) ) ;
#2522 = CARTESIAN_POINT ( 'NONE',  ( 0.000000000000000000, 0.000000000000000000, -1.000000000000000000 ) ) ;
#2523 = ORIENTED_EDGE ( 'NONE', *, *, #2527, .F. ) ;
#2524 = EDGE_CURVE ( 'NONE', #1411, #632, #2214, .T. ) ;
#2525 = AXIS2_PLACEMENT_3D ( 'NONE', #873, #87, #2223 ) ;
#2526 = VERTEX_POINT ( 'NONE', #3454 ) ;
#2527 = EDGE_CURVE ( 'NONE', #650, #962, #267, .T. ) ;
#2528 = EDGE_CURVE ( 'NONE', #1320, #2791, #3019, .T. ) ;
#2529 = ORIENTED_EDGE ( 'NONE', *, *, #2569, .F. ) ;
#2530 = ORIENTED_EDGE ( 'NONE', *, *, #1477, .F. ) ;
#2531 = CYLINDRICAL_SURFACE ( 'NONE', #1033, 7.999999999990776267 ) ;
#2532 = DIRECTION ( 'NONE',  ( 1.000000000000000000, 0.000000000000000000, 0.000000000000000000 ) ) ;
#2533 = CARTESIAN_POINT ( 'NONE',  ( 26.25000000000000355, 13.25000000000000000, -1.000000000000000000 ) ) ;
#2534 = CARTESIAN_POINT ( 'NONE',  ( -5.052849458527492565, -7.174169802094302995, -1.000000000000000000 ) ) ;
#2535 = LINE ( 'NONE', #124, #1886 ) ;
#2536 = DIRECTION ( 'NONE',  ( 1.000000000000000000, 0.000000000000000000, 0.000000000000000000 ) ) ;
#2537 = LINE ( 'NONE', #2788, #2232 ) ;
#2538 = CIRCLE ( 'NONE', #2993, 1.000000000000002665 ) ;
#2539 = ORIENTED_EDGE ( 'NONE', *, *, #2508, .F. ) ;
#2540 = ORIENTED_EDGE ( 'NONE', *, *, #3061, .T. ) ;
#2541 = EDGE_CURVE ( 'NONE', #3278, #2323, #1147, .T. ) ;
#2542 = VECTOR ( 'NONE', #88, 1000.000000000000000 ) ;
#2543 = ORIENTED_EDGE ( 'NONE', *, *, #1840, .F. ) ;
#2544 = VERTEX_POINT ( 'NONE', #2203 ) ;
#2545 = CIRCLE ( 'NONE', #2827, 1.000000000000000000 ) ;
#2546 = VECTOR ( 'NONE', #2250, 1000.000000000000000 ) ;
#2547 = EDGE_LOOP ( 'NONE', ( #2066, #2029 ) ) ;
#2548 = CARTESIAN_POINT ( 'NONE',  ( -18.00000000000000000, -18.00000000000000355, -1.000000000000000000 ) ) ;
#2549 = CARTESIAN_POINT ( 'NONE',  ( -20.00000000000000000, -2.449293598294707302E-15, 0.000000000000000000 ) ) ;
#2550 = DIRECTION ( 'NONE',  ( 0.000000000000000000, 0.000000000000000000, 1.000000000000000000 ) ) ;
#2551 = CARTESIAN_POINT ( 'NONE',  ( -15.99999999999998579, -15.99999999999999645, 0.000000000000000000 ) ) ;
#2552 = EDGE_CURVE ( 'NONE', #119, #1905, #2224, .T. ) ;
#2553 = VECTOR ( 'NONE', #86, 1000.000000000000000 ) ;
#2554 = VECTOR ( 'NONE', #1536, 1000.000000000000000 ) ;
#2555 = CARTESIAN_POINT ( 'NONE',  ( 18.81585144052599290, -2.638888888873543337, -1.000000000000000000 ) ) ;
#2556 = DIRECTION ( 'NONE',  ( 1.000000000000000000, 0.000000000000000000, 0.000000000000000000 ) ) ;
#2557 = DIRECTION ( 'NONE',  ( 0.000000000000000000, 0.000000000000000000, 1.000000000000000000 ) ) ;
#2558 = ORIENTED_EDGE ( 'NONE', *, *, #3170, .T. ) ;
#2559 = CIRCLE ( 'NONE', #2843, 18.99999999999380051 ) ;
#2560 = ORIENTED_EDGE ( 'NONE', *, *, #2010, .T. ) ;
#2561 = VERTEX_POINT ( 'NONE', #1673 ) ;
#2562 = AXIS2_PLACEMENT_3D ( 'NONE', #2060, #1578, #1509 ) ;
#2563 = ORIENTED_EDGE ( 'NONE', *, *, #940, .F. ) ;
#2564 = CARTESIAN_POINT ( 'NONE',  ( 26.25000000000000355, 13.25000000000000000, 0.000000000000000000 ) ) ;
#2565 = DIRECTION ( 'NONE',  ( -1.000000000000000000, -1.927470528863119542E-16, 0.000000000000000000 ) ) ;
#2566 = LINE ( 'NONE', #3362, #315 ) ;
#2567 = CYLINDRICAL_SURFACE ( 'NONE', #1900, 0.9999999999999986677 ) ;
#2568 = ADVANCED_FACE ( 'NONE', ( #1976 ), #2798, .T. ) ;
#2569 = EDGE_CURVE ( 'NONE', #3032, #3136, #3064, .T. ) ;
#2570 = CARTESIAN_POINT ( 'NONE',  ( 7.005579185128834929, 3.862882379874088556, -1.000000000000000000 ) ) ;
#2571 = DIRECTION ( 'NONE',  ( 0.000000000000000000, 0.000000000000000000, 1.000000000000000000 ) ) ;
#2572 = DIRECTION ( 'NONE',  ( -1.000000000000000000, 0.000000000000000000, 0.000000000000000000 ) ) ;
#2573 = EDGE_LOOP ( 'NONE', ( #1341, #1384, #1192, #1632 ) ) ;
#2574 = EDGE_LOOP ( 'NONE', ( #272, #2384 ) ) ;
#2575 = VECTOR ( 'NONE', #2579, 1000.000000000000000 ) ;
#2576 = ORIENTED_EDGE ( 'NONE', *, *, #1794, .F. ) ;
#2577 = EDGE_LOOP ( 'NONE', ( #2670, #2218, #784, #2307 ) ) ;
#2578 = CARTESIAN_POINT ( 'NONE',  ( 7.174169802094322534, -5.052849458527467696, -1.000000000000000000 ) ) ;
#2579 = DIRECTION ( 'NONE',  ( 0.7071067811865465735, -0.7071067811865484609, 0.000000000000000000 ) ) ;
#2580 = CARTESIAN_POINT ( 'NONE',  ( -14.37232961892049588, 10.83679571298073618, -1.000000000000000000 ) ) ;
#2581 = DIRECTION ( 'NONE',  ( 0.000000000000000000, 0.000000000000000000, 1.000000000000000000 ) ) ;
#2582 = ADVANCED_FACE ( 'NONE', ( #1733 ), #74, .T. ) ;
#2583 = CARTESIAN_POINT ( 'NONE',  ( 22.00000000000000000, 13.25000000000000000, 0.000000000000000000 ) ) ;
#2584 = DIRECTION ( 'NONE',  ( 0.000000000000000000, 0.000000000000000000, 1.000000000000000000 ) ) ;
#2585 = LINE ( 'NONE', #2603, #488 ) ;
#2586 = EDGE_CURVE ( 'NONE', #2446, #1928, #1482, .T. ) ;
#2587 = ORIENTED_EDGE ( 'NONE', *, *, #1969, .F. ) ;
#2588 = VERTEX_POINT ( 'NONE', #1944 ) ;
#2589 = EDGE_LOOP ( 'NONE', ( #948, #508, #623, #76 ) ) ;
#2590 = EDGE_LOOP ( 'NONE', ( #3106, #118, #1586, #2890 ) ) ;
#2591 = AXIS2_PLACEMENT_3D ( 'NONE', #1750, #1234, #2071 ) ;
#2592 = ORIENTED_EDGE ( 'NONE', *, *, #1163, .T. ) ;
#2593 = CC_DESIGN_APPROVAL ( #1106, ( #1377 ) ) ;
#2594 = VECTOR ( 'NONE', #3366, 1000.000000000000000 ) ;
#2595 = DIRECTION ( 'NONE',  ( -0.000000000000000000, -0.000000000000000000, -1.000000000000000000 ) ) ;
#2596 = FACE_OUTER_BOUND ( 'NONE', #1715, .T. ) ;
#2597 = DIRECTION ( 'NONE',  ( 1.000000000000000000, 0.000000000000000000, 0.000000000000000000 ) ) ;
#2598 = CARTESIAN_POINT ( 'NONE',  ( 2.500000000005056400, -17.82554346996892392, -1.000000000000000000 ) ) ;
#2599 = VECTOR ( 'NONE', #1188, 1000.000000000000000 ) ;
#2600 = AXIS2_PLACEMENT_3D ( 'NONE', #19, #55, #335 ) ;
#2601 = LINE ( 'NONE', #3210, #1306 ) ;
#2602 = CARTESIAN_POINT ( 'NONE',  ( 0.000000000000000000, 0.000000000000000000, -1.000000000000000000 ) ) ;
#2603 = CARTESIAN_POINT ( 'NONE',  ( -1.500000000005100809, 8.645808232884220956, -1.000000000000000000 ) ) ;
#2604 = ORIENTED_EDGE ( 'NONE', *, *, #3405, .F. ) ;
#2605 = VECTOR ( 'NONE', #881, 1000.000000000000000 ) ;
#2606 = CARTESIAN_POINT ( 'NONE',  ( 26.25000000000000000, -13.25000000000000000, 0.000000000000000000 ) ) ;
#2607 = VECTOR ( 'NONE', #302, 1000.000000000000000 ) ;
#2608 = ADVANCED_FACE ( 'NONE', ( #396 ), #1468, .F. ) ;
#2609 = EDGE_CURVE ( 'NONE', #2981, #932, #1689, .T. ) ;
#2610 = ORIENTED_EDGE ( 'NONE', *, *, #1022, .T. ) ;
#2611 = EDGE_CURVE ( 'NONE', #197, #192, #107, .T. ) ;
#2612 = CARTESIAN_POINT ( 'NONE',  ( -15.99999999999998579, -15.99999999999999645, -1.000000000000000000 ) ) ;
#2613 = ORIENTED_EDGE ( 'NONE', *, *, #238, .F. ) ;
#2614 = ORIENTED_EDGE ( 'NONE', *, *, #1460, .T. ) ;
#2615 = VERTEX_POINT ( 'NONE', #1170 ) ;
#2616 = CARTESIAN_POINT ( 'NONE',  ( 3.862882379858115556, 7.005579185137665199, -1.000000000000000000 ) ) ;
#2617 = CARTESIAN_POINT ( 'NONE',  ( -8.645808232884215627, -2.500000000005100809, -1.000000000000000000 ) ) ;
#2618 = CYLINDRICAL_SURFACE ( 'NONE', #3000, 0.9999999999999991118 ) ;
#2619 = FACE_OUTER_BOUND ( 'NONE', #1461, .T. ) ;
#2620 = DIRECTION ( 'NONE',  ( 1.000000000000000000, 0.000000000000000000, 0.000000000000000000 ) ) ;
#2621 = VECTOR ( 'NONE', #1636, 1000.000000000000000 ) ;
#2622 = CARTESIAN_POINT ( 'NONE',  ( -20.00000000000000000, 17.99999999999998579, -1.000000000000000000 ) ) ;
#2623 = LINE ( 'NONE', #1007, #642 ) ;
#2624 = DIRECTION ( 'NONE',  ( 0.000000000000000000, 0.000000000000000000, 1.000000000000000000 ) ) ;
#2625 = AXIS2_PLACEMENT_3D ( 'NONE', #2129, #2655, #1613 ) ;
#2626 = DIRECTION ( 'NONE',  ( 1.000000000000000000, 0.000000000000000000, 0.000000000000000000 ) ) ;
#2627 = ORIENTED_EDGE ( 'NONE', *, *, #2929, .F. ) ;
#2628 = EDGE_CURVE ( 'NONE', #2321, #1474, #917, .T. ) ;
#2629 = DIRECTION ( 'NONE',  ( 0.000000000000000000, 0.000000000000000000, 1.000000000000000000 ) ) ;
#2630 = ORIENTED_EDGE ( 'NONE', *, *, #2527, .T. ) ;
#2631 = VERTEX_POINT ( 'NONE', #1187 ) ;
#2632 = EDGE_CURVE ( 'NONE', #2981, #2489, #2481, .T. ) ;
#2633 = EDGE_CURVE ( 'NONE', #200, #68, #2433, .T. ) ;
#2634 = ORIENTED_EDGE ( 'NONE', *, *, #1911, .T. ) ;
#2635 = CYLINDRICAL_SURFACE ( 'NONE', #1823, 7.999999999990774491 ) ;
#2636 = DIRECTION ( 'NONE',  ( 0.000000000000000000, 0.000000000000000000, 1.000000000000000000 ) ) ;
#2637 = CARTESIAN_POINT ( 'NONE',  ( -18.00000000000000000, -20.00000000000000000, 0.000000000000000000 ) ) ;
#2638 = CARTESIAN_POINT ( 'NONE',  ( 17.82554346997167016, -2.499999999985416999, -1.000000000000000000 ) ) ;
#2639 = CYLINDRICAL_SURFACE ( 'NONE', #740, 4.000000000000537348 ) ;
#2640 = VECTOR ( 'NONE', #519, 1000.000000000000000 ) ;
#2641 = CYLINDRICAL_SURFACE ( 'NONE', #3437, 1.999999999999996669 ) ;
#2642 = CARTESIAN_POINT ( 'NONE',  ( -2.500000000004933831, 17.82554346996894168, -1.000000000000000000 ) ) ;
#2643 = CARTESIAN_POINT ( 'NONE',  ( -11.43883991927437727, 15.17079237551497251, -1.000000000000000000 ) ) ;
#2644 = ORIENTED_EDGE ( 'NONE', *, *, #741, .F. ) ;
#2645 = CARTESIAN_POINT ( 'NONE',  ( -2.638888888873609062, -18.81585144052598224, -1.000000000000000000 ) ) ;
#2646 = DIRECTION ( 'NONE',  ( 0.000000000000000000, 0.000000000000000000, 1.000000000000000000 ) ) ;
#2647 = ORIENTED_EDGE ( 'NONE', *, *, #2344, .T. ) ;
#2648 = CARTESIAN_POINT ( 'NONE',  ( -11.54390249416723080, -13.66522283773398172, 0.000000000000000000 ) ) ;
#2649 = EDGE_LOOP ( 'NONE', ( #996, #3359, #1626, #3277 ) ) ;
#2650 = EDGE_CURVE ( 'NONE', #542, #3226, #2212, .T. ) ;
#2651 = ORIENTED_EDGE ( 'NONE', *, *, #2441, .T. ) ;
#2652 = CARTESIAN_POINT ( 'NONE',  ( 1.499999999985411225, 17.82554346997171990, -1.000000000000000000 ) ) ;
#2653 = EDGE_CURVE ( 'NONE', #2515, #2526, #2782, .T. ) ;
#2654 = PLANE ( 'NONE',  #2773 ) ;
#2655 = DIRECTION ( 'NONE',  ( 0.000000000000000000, 0.000000000000000000, 1.000000000000000000 ) ) ;
#2656 = AXIS2_PLACEMENT_3D ( 'NONE', #2408, #1303, #1098 ) ;
#2657 = CARTESIAN_POINT ( 'NONE',  ( 10.83679571299646760, -14.37232961890862448, -1.000000000000000000 ) ) ;
#2658 = VECTOR ( 'NONE', #627, 1000.000000000000000 ) ;
#2659 = CARTESIAN_POINT ( 'NONE',  ( 0.000000000000000000, 0.000000000000000000, -1.000000000000000000 ) ) ;
#2660 = DIRECTION ( 'NONE',  ( 1.000000000000000000, 0.000000000000000000, 0.000000000000000000 ) ) ;
#2661 = DIRECTION ( 'NONE',  ( -1.000000000000000000, -3.873949557266115609E-15, 0.000000000000000000 ) ) ;
#2662 = CARTESIAN_POINT ( 'NONE',  ( -10.83679571299636812, 14.37232961890869909, -1.000000000000000000 ) ) ;
#2663 = AXIS2_PLACEMENT_3D ( 'NONE', #952, #2898, #3113 ) ;
#2664 = ORIENTED_EDGE ( 'NONE', *, *, #961, .T. ) ;
#2665 = AXIS2_PLACEMENT_3D ( 'NONE', #1167, #935, #3078 ) ;
#2666 = FACE_OUTER_BOUND ( 'NONE', #831, .T. ) ;
#2667 = FACE_OUTER_BOUND ( 'NONE', #2872, .T. ) ;
#2668 = AXIS2_PLACEMENT_3D ( 'NONE', #3375, #493, #1501 ) ;
#2669 = AXIS2_PLACEMENT_3D ( 'NONE', #357, #2505, #630 ) ;
#2670 = ORIENTED_EDGE ( 'NONE', *, *, #2304, .T. ) ;
#2671 = LINE ( 'NONE', #290, #438 ) ;
#2672 = AXIS2_PLACEMENT_3D ( 'NONE', #2817, #2708, #309 ) ;
#2673 = ORIENTED_EDGE ( 'NONE', *, *, #1444, .F. ) ;
#2674 = VERTEX_POINT ( 'NONE', #1153 ) ;
#2675 = DATE_AND_TIME ( #776, #3385 ) ;
#2676 = DIRECTION ( 'NONE',  ( 1.000000000000000000, -9.637352644315598941E-17, 0.000000000000000000 ) ) ;
#2677 = CARTESIAN_POINT ( 'NONE',  ( -17.99999999999998579, 20.00000000000000000, -1.000000000000000000 ) ) ;
#2678 = CARTESIAN_POINT ( 'NONE',  ( 17.82554346996891681, 2.500000000005118572, 0.000000000000000000 ) ) ;
#2679 = DIRECTION ( 'NONE',  ( 1.000000000000000000, 0.000000000000000000, 0.000000000000000000 ) ) ;
#2680 = DIRECTION ( 'NONE',  ( 0.000000000000000000, 0.000000000000000000, 1.000000000000000000 ) ) ;
#2681 = LINE ( 'NONE', #516, #3387 ) ;
#2682 = DIRECTION ( 'NONE',  ( 1.000000000000000000, 0.000000000000000000, 0.000000000000000000 ) ) ;
#2683 = EDGE_CURVE ( 'NONE', #3308, #68, #381, .T. ) ;
#2684 = CIRCLE ( 'NONE', #1169, 0.9999999999999974465 ) ;
#2685 = AXIS2_PLACEMENT_3D ( 'NONE', #417, #3069, #1491 ) ;
#2686 = VECTOR ( 'NONE', #3218, 1000.000000000000000 ) ;
#2687 = CARTESIAN_POINT ( 'NONE',  ( -5.052849458527492565, -7.174169802094302995, -1.000000000000000000 ) ) ;
#2688 = DIRECTION ( 'NONE',  ( 0.000000000000000000, 0.000000000000000000, 1.000000000000000000 ) ) ;
#2689 = CIRCLE ( 'NONE', #2235, 4.000000000000537348 ) ;
#2690 = ORIENTED_EDGE ( 'NONE', *, *, #2164, .T. ) ;
#2691 = CARTESIAN_POINT ( 'NONE',  ( 7.881276583280869552, -4.345742677340920679, -1.000000000000000000 ) ) ;
#2692 = ORIENTED_EDGE ( 'NONE', *, *, #447, .T. ) ;
#2693 = ORIENTED_EDGE ( 'NONE', *, *, #237, .T. ) ;
#2694 = DIRECTION ( 'NONE',  ( -0.000000000000000000, -0.000000000000000000, -1.000000000000000000 ) ) ;
#2695 = CARTESIAN_POINT ( 'NONE',  ( 10.83679571298062783, 14.37232961892062377, -1.000000000000000000 ) ) ;
#2696 = ORIENTED_EDGE ( 'NONE', *, *, #2484, .F. ) ;
#2697 = AXIS2_PLACEMENT_3D ( 'NONE', #1634, #2480, #1404 ) ;
#2698 = DIRECTION ( 'NONE',  ( -1.000000000000000000, 0.000000000000000000, 0.000000000000000000 ) ) ;
#2699 = CARTESIAN_POINT ( 'NONE',  ( -7.881276583270983238, -4.345742677358855666, -1.000000000000000000 ) ) ;
#2700 = DIRECTION ( 'NONE',  ( 0.000000000000000000, 0.000000000000000000, 1.000000000000000000 ) ) ;
#2701 = CARTESIAN_POINT ( 'NONE',  ( 10.83679571298062783, 14.37232961892062377, -1.000000000000000000 ) ) ;
#2702 = EDGE_CURVE ( 'NONE', #1792, #3358, #3299, .T. ) ;
#2703 = AXIS2_PLACEMENT_3D ( 'NONE', #1039, #1301, #2847 ) ;
#2704 = DIRECTION ( 'NONE',  ( 0.000000000000000000, 0.000000000000000000, 1.000000000000000000 ) ) ;
#2705 = DIRECTION ( 'NONE',  ( -0.7071067811865416886, 0.7071067811865534569, 0.000000000000000000 ) ) ;
#2706 = ADVANCED_FACE ( 'NONE', ( #1963 ), #3095, .F. ) ;
#2707 = ORIENTED_EDGE ( 'NONE', *, *, #746, .T. ) ;
#2708 = DIRECTION ( 'NONE',  ( 0.000000000000000000, 0.000000000000000000, 1.000000000000000000 ) ) ;
#2709 = ORIENTED_EDGE ( 'NONE', *, *, #115, .T. ) ;
#2710 = EDGE_LOOP ( 'NONE', ( #570, #2180, #2221, #2407, #100, #2276, #2464, #1726, #930 ) ) ;
#2711 = AXIS2_PLACEMENT_3D ( 'NONE', #3450, #2149, #1849 ) ;
#2712 = DATE_AND_TIME ( #3241, #368 ) ;
#2713 = DIRECTION ( 'NONE',  ( -1.000000000000000000, 0.000000000000000000, 0.000000000000000000 ) ) ;
#2714 = CARTESIAN_POINT ( 'NONE',  ( -13.66522283772211743, -11.54390249418297110, -1.000000000000000000 ) ) ;
#2715 = CIRCLE ( 'NONE', #1655, 7.999999999990764721 ) ;
#2716 = ORIENTED_EDGE ( 'NONE', *, *, #1859, .T. ) ;
#2717 = CYLINDRICAL_SURFACE ( 'NONE', #3451, 1.000000000000001776 ) ;
#2718 = CYLINDRICAL_SURFACE ( 'NONE', #2697, 0.9999999999999974465 ) ;
#2719 = DIRECTION ( 'NONE',  ( 1.000000000000000000, 0.000000000000000000, 0.000000000000000000 ) ) ;
#2720 = CARTESIAN_POINT ( 'NONE',  ( -7.881276583280840242, 4.345742677340973081, 0.000000000000000000 ) ) ;
#2721 = ORIENTED_EDGE ( 'NONE', *, *, #746, .F. ) ;
#2722 = AXIS2_PLACEMENT_3D ( 'NONE', #1004, #1219, #685 ) ;
#2723 = CC_DESIGN_APPROVAL ( #2196, ( #1094 ) ) ;
#2724 = CYLINDRICAL_SURFACE ( 'NONE', #3028, 1.000000000000016875 ) ;
#2725 = DIRECTION ( 'NONE',  ( 0.000000000000000000, 0.000000000000000000, 1.000000000000000000 ) ) ;
#2726 = AXIS2_PLACEMENT_3D ( 'NONE', #2961, #1104, #2177 ) ;
#2727 = AXIS2_PLACEMENT_3D ( 'NONE', #514, #265, #2698 ) ;
#2728 = ORIENTED_EDGE ( 'NONE', *, *, #660, .F. ) ;
#2729 = EDGE_CURVE ( 'NONE', #1790, #1231, #2260, .T. ) ;
#2730 = CYLINDRICAL_SURFACE ( 'NONE', #426, 2.000000000000000000 ) ;
#2731 = AXIS2_PLACEMENT_3D ( 'NONE', #706, #2595, #965 ) ;
#2732 = VERTEX_POINT ( 'NONE', #2328 ) ;
#2733 = ADVANCED_FACE ( 'NONE', ( #937 ), #1268, .T. ) ;
#2734 = EDGE_CURVE ( 'NONE', #1542, #733, #2935, .T. ) ;
#2735 = ORIENTED_EDGE ( 'NONE', *, *, #447, .F. ) ;
#2736 = DIRECTION ( 'NONE',  ( 0.000000000000000000, 0.000000000000000000, 1.000000000000000000 ) ) ;
#2737 = DIRECTION ( 'NONE',  ( 0.000000000000000000, 0.000000000000000000, 1.000000000000000000 ) ) ;
#2738 = ORIENTED_EDGE ( 'NONE', *, *, #1543, .T. ) ;
#2739 = EDGE_LOOP ( 'NONE', ( #974, #2752, #373, #964, #2083, #3273, #1806, #549 ) ) ;
#2740 = DIRECTION ( 'NONE',  ( 0.000000000000000000, 0.000000000000000000, 1.000000000000000000 ) ) ;
#2741 = FACE_OUTER_BOUND ( 'NONE', #3090, .T. ) ;
#2742 = CARTESIAN_POINT ( 'NONE',  ( 1.499999999985411225, 17.82554346997171990, -1.000000000000000000 ) ) ;
#2743 = CARTESIAN_POINT ( 'NONE',  ( -8.645808232889908851, 2.499999999985411225, -1.000000000000000000 ) ) ;
#2744 = CARTESIAN_POINT ( 'NONE',  ( 15.17079237552753490, -11.43883991925754806, 0.000000000000000000 ) ) ;
#2745 = DIRECTION ( 'NONE',  ( 0.000000000000000000, 0.000000000000000000, 1.000000000000000000 ) ) ;
#2746 = AXIS2_PLACEMENT_3D ( 'NONE', #1046, #1239, #3401 ) ;
#2747 = ORIENTED_EDGE ( 'NONE', *, *, #2541, .T. ) ;
#2748 = ORIENTED_EDGE ( 'NONE', *, *, #1480, .T. ) ;
#2749 = APPLICATION_CONTEXT ( 'configuration controlled 3d designs of mechanical parts and assemblies' ) ;
#2750 = ORIENTED_EDGE ( 'NONE', *, *, #2171, .F. ) ;
#2751 = EDGE_CURVE ( 'NONE', #1283, #2018, #1797, .T. ) ;
#2752 = ORIENTED_EDGE ( 'NONE', *, *, #2369, .F. ) ;
#2753 = DIRECTION ( 'NONE',  ( 1.000000000000000000, 0.000000000000000000, 0.000000000000000000 ) ) ;
#2754 = DIRECTION ( 'NONE',  ( 1.000000000000000000, -6.992006517994754656E-15, 0.000000000000000000 ) ) ;
#2755 = CARTESIAN_POINT ( 'NONE',  ( 18.81585144052599290, -2.638888888873543337, -1.000000000000000000 ) ) ;
#2756 = CARTESIAN_POINT ( 'NONE',  ( 22.07404796879308506, -6.707530582367698015E-16, 0.000000000000000000 ) ) ;
#2757 = VERTEX_POINT ( 'NONE', #1203 ) ;
#2758 = CARTESIAN_POINT ( 'NONE',  ( 11.43883991925753207, 15.17079237552759885, 0.000000000000000000 ) ) ;
#2759 = DIRECTION ( 'NONE',  ( -1.000000000000000000, 0.000000000000000000, 0.000000000000000000 ) ) ;
#2760 = CC_DESIGN_PERSON_AND_ORGANIZATION_ASSIGNMENT ( #2107, #1398, ( #1377 ) ) ;
#2761 = VECTOR ( 'NONE', #228, 1000.000000000000000 ) ;
#2762 = ORIENTED_EDGE ( 'NONE', *, *, #3144, .F. ) ;
#2763 = ORIENTED_EDGE ( 'NONE', *, *, #770, .T. ) ;
#2764 = VERTEX_POINT ( 'NONE', #2813 ) ;
#2765 = ORIENTED_EDGE ( 'NONE', *, *, #1583, .T. ) ;
#2766 = EDGE_CURVE ( 'NONE', #3006, #305, #3377, .T. ) ;
#2767 = DIRECTION ( 'NONE',  ( 0.000000000000000000, 0.000000000000000000, 1.000000000000000000 ) ) ;
#2768 = DIRECTION ( 'NONE',  ( 0.000000000000000000, 0.000000000000000000, 1.000000000000000000 ) ) ;
#2769 = DIRECTION ( 'NONE',  ( 1.000000000000000000, 0.000000000000000000, 0.000000000000000000 ) ) ;
#2770 = CARTESIAN_POINT ( 'NONE',  ( 7.174169802094322534, -5.052849458527467696, -1.000000000000000000 ) ) ;
#2771 = DIRECTION ( 'NONE',  ( 1.000000000000000000, 0.000000000000000000, 0.000000000000000000 ) ) ;
#2772 = DIRECTION ( 'NONE',  ( 1.000000000000000000, 0.000000000000000000, 0.000000000000000000 ) ) ;
#2773 = AXIS2_PLACEMENT_3D ( 'NONE', #495, #276, #778 ) ;
#2774 = VERTEX_POINT ( 'NONE', #951 ) ;
#2775 = ORIENTED_EDGE ( 'NONE', *, *, #1503, .T. ) ;
#2776 = AXIS2_PLACEMENT_3D ( 'NONE', #1622, #2688, #2179 ) ;
#2777 = ORIENTED_EDGE ( 'NONE', *, *, #1116, .F. ) ;
#2778 = EDGE_LOOP ( 'NONE', ( #1585, #2184, #3342, #1296 ) ) ;
#2779 = VECTOR ( 'NONE', #2040, 1000.000000000000000 ) ;
#2780 = DIRECTION ( 'NONE',  ( 1.000000000000000000, 0.000000000000000000, 0.000000000000000000 ) ) ;
#2781 = CARTESIAN_POINT ( 'NONE',  ( 0.000000000000000000, 0.000000000000000000, 0.000000000000000000 ) ) ;
#2782 = LINE ( 'NONE', #2998, #2542 ) ;
#2783 = DIRECTION ( 'NONE',  ( 0.000000000000000000, 0.000000000000000000, 1.000000000000000000 ) ) ;
#2784 = EDGE_CURVE ( 'NONE', #1973, #326, #807, .T. ) ;
#2785 = EDGE_CURVE ( 'NONE', #1500, #912, #2055, .T. ) ;
#2786 = DIRECTION ( 'NONE',  ( 1.000000000000000000, 0.000000000000000000, 0.000000000000000000 ) ) ;
#2787 = CARTESIAN_POINT ( 'NONE',  ( 1.500000000005057510, -17.82554346996892036, -1.000000000000000000 ) ) ;
#2788 = CARTESIAN_POINT ( 'NONE',  ( -19.99999999999999645, -18.00000000000000000, -1.000000000000000000 ) ) ;
#2789 = EDGE_CURVE ( 'NONE', #316, #1481, #738, .T. ) ;
#2790 = EDGE_CURVE ( 'NONE', #932, #216, #708, .T. ) ;
#2791 = VERTEX_POINT ( 'NONE', #2878 ) ;
#2792 = ORIENTED_EDGE ( 'NONE', *, *, #1701, .T. ) ;
#2793 = VECTOR ( 'NONE', #2460, 1000.000000000000000 ) ;
#2794 = EDGE_LOOP ( 'NONE', ( #1244, #1149, #1628, #3045 ) ) ;
#2795 = ORIENTED_EDGE ( 'NONE', *, *, #2341, .T. ) ;
#2796 = CYLINDRICAL_SURFACE ( 'NONE', #2665, 18.99999999999380051 ) ;
#2797 = DIRECTION ( 'NONE',  ( -1.000000000000000000, 3.496003258997377328E-15, 0.000000000000000000 ) ) ;
#2798 = CYLINDRICAL_SURFACE ( 'NONE', #969, 7.999999999990755839 ) ;
#2799 = CARTESIAN_POINT ( 'NONE',  ( -8.645808232889910627, 1.499999999985406562, -1.000000000000000000 ) ) ;
#2800 = CYLINDRICAL_SURFACE ( 'NONE', #3071, 1.000000000000000000 ) ;
#2801 = EDGE_CURVE ( 'NONE', #2200, #542, #203, .T. ) ;
#2802 = DIRECTION ( 'NONE',  ( 0.000000000000000000, 0.000000000000000000, 1.000000000000000000 ) ) ;
#2803 = CARTESIAN_POINT ( 'NONE',  ( 11.83679571299646760, -14.37232961890862448, -1.000000000000000000 ) ) ;
#2804 = ORIENTED_EDGE ( 'NONE', *, *, #1609, .F. ) ;
#2805 = EDGE_CURVE ( 'NONE', #2561, #3244, #414, .T. ) ;
#2806 = AXIS2_PLACEMENT_3D ( 'NONE', #3453, #282, #2175 ) ;
#2807 = ORIENTED_EDGE ( 'NONE', *, *, #1756, .F. ) ;
#2808 = VERTEX_POINT ( 'NONE', #156 ) ;
#2809 = VERTEX_POINT ( 'NONE', #2008 ) ;
#2810 = ORIENTED_EDGE ( 'NONE', *, *, #1927, .T. ) ;
#2811 = CARTESIAN_POINT ( 'NONE',  ( -2.638888888873609062, -18.81585144052598224, -1.000000000000000000 ) ) ;
#2812 = DIRECTION ( 'NONE',  ( -1.000000000000000000, 0.000000000000000000, 0.000000000000000000 ) ) ;
#2813 = CARTESIAN_POINT ( 'NONE',  ( -7.685162873673873740, -2.222222222226471811, 0.000000000000000000 ) ) ;
#2814 = FACE_OUTER_BOUND ( 'NONE', #201, .T. ) ;
#2815 = CARTESIAN_POINT ( 'NONE',  ( 20.00000000000000000, -17.99999999999998934, 0.000000000000000000 ) ) ;
#2816 = LINE ( 'NONE', #3098, #1037 ) ;
#2817 = CARTESIAN_POINT ( 'NONE',  ( 22.00000000000000000, -15.25000000000000000, -1.000000000000000000 ) ) ;
#2818 = ORIENTED_EDGE ( 'NONE', *, *, #857, .T. ) ;
#2819 = EDGE_CURVE ( 'NONE', #297, #876, #2820, .T. ) ;
#2820 = CIRCLE ( 'NONE', #2722, 18.99999999999382183 ) ;
#2821 = EDGE_CURVE ( 'NONE', #3390, #436, #2566, .T. ) ;
#2822 = AXIS2_PLACEMENT_3D ( 'NONE', #2642, #2960, #2719 ) ;
#2823 = ADVANCED_FACE ( 'NONE', ( #2023, #3146, #3112, #1781, #3080, #1815, #2270, #3348, #670, #1765, #445, #1518, #1630, #2128, #1589 ), #2654, .T. ) ;
#2824 = VERTEX_POINT ( 'NONE', #16 ) ;
#2825 = ORIENTED_EDGE ( 'NONE', *, *, #2506, .F. ) ;
#2826 = EDGE_CURVE ( 'NONE', #1422, #2245, #2147, .T. ) ;
#2827 = AXIS2_PLACEMENT_3D ( 'NONE', #367, #2783, #3331 ) ;
#2828 = ORIENTED_EDGE ( 'NONE', *, *, #29, .T. ) ;
#2829 = DIRECTION ( 'NONE',  ( 0.7071067811865536790, 0.7071067811865414665, 0.000000000000000000 ) ) ;
#2830 = DIRECTION ( 'NONE',  ( 1.000000000000000000, 0.000000000000000000, 0.000000000000000000 ) ) ;
#2831 = CARTESIAN_POINT ( 'NONE',  ( 7.685162873678919482, -2.222222222208944498, -1.000000000000000000 ) ) ;
#2832 = FACE_BOUND ( 'NONE', #1299, .T. ) ;
#2833 = VECTOR ( 'NONE', #428, 1000.000000000000000 ) ;
#2834 = CIRCLE ( 'NONE', #2501, 1.999999999999998224 ) ;
#2835 = CARTESIAN_POINT ( 'NONE',  ( 2.222222222208965814, 7.685162873678933693, -1.000000000000000000 ) ) ;
#2836 = CARTESIAN_POINT ( 'NONE',  ( 18.82554346997167016, -2.499999999985416999, -1.000000000000000000 ) ) ;
#2837 = FACE_OUTER_BOUND ( 'NONE', #2215, .T. ) ;
#2838 = VERTEX_POINT ( 'NONE', #834 ) ;
#2839 = AXIS2_PLACEMENT_3D ( 'NONE', #411, #3347, #1186 ) ;
#2840 = ORIENTED_EDGE ( 'NONE', *, *, #195, .F. ) ;
#2841 = EDGE_CURVE ( 'NONE', #599, #2764, #1534, .T. ) ;
#2842 = ORIENTED_EDGE ( 'NONE', *, *, #2397, .T. ) ;
#2843 = AXIS2_PLACEMENT_3D ( 'NONE', #2007, #1484, #380 ) ;
#2844 = EDGE_LOOP ( 'NONE', ( #1526, #3161, #2461, #732, #1605, #3054, #2690, #1511 ) ) ;
#2845 = VECTOR ( 'NONE', #2422, 1000.000000000000000 ) ;
#2846 = FACE_OUTER_BOUND ( 'NONE', #589, .T. ) ;
#2847 = DIRECTION ( 'NONE',  ( -1.000000000000000000, 0.000000000000000000, 0.000000000000000000 ) ) ;
#2848 = ADVANCED_FACE ( 'NONE', ( #795 ), #511, .F. ) ;
#2849 = DIRECTION ( 'NONE',  ( -1.000000000000000000, 0.000000000000000000, 0.000000000000000000 ) ) ;
#2850 = DIRECTION ( 'NONE',  ( 0.000000000000000000, 0.000000000000000000, 1.000000000000000000 ) ) ;
#2851 = VECTOR ( 'NONE', #3207, 1000.000000000000000 ) ;
#2852 = DIRECTION ( 'NONE',  ( 0.000000000000000000, 0.000000000000000000, 1.000000000000000000 ) ) ;
#2853 = LINE ( 'NONE', #416, #2044 ) ;
#2854 = CARTESIAN_POINT ( 'NONE',  ( 15.99999999999998579, -15.99999999999999645, 0.000000000000000000 ) ) ;
#2855 = ORIENTED_EDGE ( 'NONE', *, *, #791, .F. ) ;
#2856 = ORIENTED_EDGE ( 'NONE', *, *, #150, .F. ) ;
#2857 = EDGE_LOOP ( 'NONE', ( #2290, #1789, #247, #1438 ) ) ;
#2858 = CIRCLE ( 'NONE', #2703, 1.000000000000000888 ) ;
#2859 = EDGE_LOOP ( 'NONE', ( #1896, #3178 ) ) ;
#2860 = ORIENTED_EDGE ( 'NONE', *, *, #1884, .T. ) ;
#2861 = LINE ( 'NONE', #2085, #3370 ) ;
#2862 = CARTESIAN_POINT ( 'NONE',  ( 22.00000000000000000, 13.25000000000000000, -1.000000000000000000 ) ) ;
#2863 = FACE_BOUND ( 'NONE', #2710, .T. ) ;
#2864 = ADVANCED_FACE ( 'NONE', ( #1079 ), #2618, .F. ) ;
#2865 = CARTESIAN_POINT ( 'NONE',  ( -1.499999999985415222, -8.645808232889896416, -1.000000000000000000 ) ) ;
#2866 = CARTESIAN_POINT ( 'NONE',  ( 18.81585144052307967, 2.638888888894338702, -1.000000000000000000 ) ) ;
#2867 = DIRECTION ( 'NONE',  ( 1.000000000000000000, 0.000000000000000000, 0.000000000000000000 ) ) ;
#2868 = EDGE_CURVE ( 'NONE', #978, #2200, #2367, .T. ) ;
#2869 = ORIENTED_EDGE ( 'NONE', *, *, #1980, .F. ) ;
#2870 = LINE ( 'NONE', #2077, #2761 ) ;
#2871 = ORIENTED_EDGE ( 'NONE', *, *, #641, .F. ) ;
#2872 = EDGE_LOOP ( 'NONE', ( #359, #1280, #2339, #14 ) ) ;
#2873 = ORIENTED_EDGE ( 'NONE', *, *, #3270, .F. ) ;
#2874 = AXIS2_PLACEMENT_3D ( 'NONE', #921, #1405, #1718 ) ;
#2875 = ORIENTED_EDGE ( 'NONE', *, *, #2957, .F. ) ;
#2876 = CARTESIAN_POINT ( 'NONE',  ( 11.54390249418301906, -13.66522283772208013, -1.000000000000000000 ) ) ;
#2877 = DIRECTION ( 'NONE',  ( 1.000000000000000000, 0.000000000000000000, 0.000000000000000000 ) ) ;
#2878 = CARTESIAN_POINT ( 'NONE',  ( -18.81585144052603553, 2.638888888873526906, 0.000000000000000000 ) ) ;
#2879 = LINE ( 'NONE', #1005, #470 ) ;
#2880 = CIRCLE ( 'NONE', #694, 0.9999999999999974465 ) ;
#2881 = EDGE_LOOP ( 'NONE', ( #3403, #409, #1076, #1177 ) ) ;
#2882 = AXIS2_PLACEMENT_3D ( 'NONE', #2984, #579, #2435 ) ;
#2883 = CARTESIAN_POINT ( 'NONE',  ( 11.43883991925753207, 15.17079237552759885, -1.000000000000000000 ) ) ;
#2884 = FACE_OUTER_BOUND ( 'NONE', #1230, .T. ) ;
#2885 = CARTESIAN_POINT ( 'NONE',  ( -18.00000000000000000, -20.00000000000000000, -1.000000000000000000 ) ) ;
#2886 = EDGE_CURVE ( 'NONE', #718, #1790, #1427, .T. ) ;
#2887 = LINE ( 'NONE', #1854, #2949 ) ;
#2888 = ADVANCED_FACE ( 'NONE', ( #2913 ), #2954, .F. ) ;
#2889 = ADVANCED_FACE ( 'NONE', ( #1885 ), #568, .F. ) ;
#2890 = ORIENTED_EDGE ( 'NONE', *, *, #2014, .T. ) ;
#2891 = CARTESIAN_POINT ( 'NONE',  ( -18.00000000000000000, -20.00000000000000000, -1.000000000000000000 ) ) ;
#2892 = ORIENTED_EDGE ( 'NONE', *, *, #2502, .T. ) ;
#2893 = VERTEX_POINT ( 'NONE', #31 ) ;
#2894 = VERTEX_POINT ( 'NONE', #2972 ) ;
#2895 = CARTESIAN_POINT ( 'NONE',  ( 5.052849458527487236, 7.174169802094340298, -1.000000000000000000 ) ) ;
#2896 = CARTESIAN_POINT ( 'NONE',  ( -15.17079237551497073, -11.43883991927420496, 0.000000000000000000 ) ) ;
#2897 = CARTESIAN_POINT ( 'NONE',  ( 0.000000000000000000, 0.000000000000000000, 0.000000000000000000 ) ) ;
#2898 = DIRECTION ( 'NONE',  ( 0.000000000000000000, 0.000000000000000000, 1.000000000000000000 ) ) ;
#2899 = CARTESIAN_POINT ( 'NONE',  ( 17.99999999999998579, -20.00000000000000355, -1.000000000000000000 ) ) ;
#2900 = CIRCLE ( 'NONE', #656, 0.9999999999999974465 ) ;
#2901 = DIRECTION ( 'NONE',  ( 0.7071067811865536790, 0.7071067811865414665, 0.000000000000000000 ) ) ;
#2902 = DIRECTION ( 'NONE',  ( 0.000000000000000000, 0.000000000000000000, 1.000000000000000000 ) ) ;
#2903 = DIRECTION ( 'NONE',  ( -1.000000000000000000, 0.000000000000000000, 0.000000000000000000 ) ) ;
#2904 = EDGE_CURVE ( 'NONE', #436, #1550, #252, .T. ) ;
#2905 = CARTESIAN_POINT ( 'NONE',  ( 18.82554346996891326, 2.500000000005118572, -1.000000000000000000 ) ) ;
#2906 = EDGE_LOOP ( 'NONE', ( #1833, #2910, #1109, #2064 ) ) ;
#2907 = EDGE_CURVE ( 'NONE', #634, #1761, #1863, .T. ) ;
#2908 = CARTESIAN_POINT ( 'NONE',  ( -2.638888888894360463, 18.81585144052311520, -1.000000000000000000 ) ) ;
#2909 = ORIENTED_EDGE ( 'NONE', *, *, #1400, .T. ) ;
#2910 = ORIENTED_EDGE ( 'NONE', *, *, #2511, .F. ) ;
#2911 = APPROVAL_STATUS ( 'not_yet_approved' ) ;
#2912 = DIRECTION ( 'NONE',  ( 1.000000000000000000, 0.000000000000000000, 0.000000000000000000 ) ) ;
#2913 = FACE_OUTER_BOUND ( 'NONE', #2424, .T. ) ;
#2914 = CARTESIAN_POINT ( 'NONE',  ( 2.222222222208965814, 7.685162873678933693, -1.000000000000000000 ) ) ;
#2915 = CARTESIAN_POINT ( 'NONE',  ( -19.99999999999999645, -18.00000000000000000, -1.000000000000000000 ) ) ;
#2916 = CIRCLE ( 'NONE', #3267, 1.999999999999998224 ) ;
#2917 = DIRECTION ( 'NONE',  ( 1.000000000000000000, 0.000000000000000000, 0.000000000000000000 ) ) ;
#2918 = LINE ( 'NONE', #2372, #2257 ) ;
#2919 = DIRECTION ( 'NONE',  ( 0.000000000000000000, 0.000000000000000000, 1.000000000000000000 ) ) ;
#2920 = CARTESIAN_POINT ( 'NONE',  ( 17.82554346996891681, 2.500000000005118572, -1.000000000000000000 ) ) ;
#2921 = EDGE_LOOP ( 'NONE', ( #3239, #1778, #1054, #2302, #3285, #2337, #713, #1760, #2456 ) ) ;
#2922 = DIRECTION ( 'NONE',  ( 0.000000000000000000, 0.000000000000000000, 1.000000000000000000 ) ) ;
#2923 = CARTESIAN_POINT ( 'NONE',  ( 15.99999999999998579, -15.99999999999999645, -1.000000000000000000 ) ) ;
#2924 = ORIENTED_EDGE ( 'NONE', *, *, #2628, .F. ) ;
#2925 = DIRECTION ( 'NONE',  ( 0.000000000000000000, 0.000000000000000000, 1.000000000000000000 ) ) ;
#2926 = ORIENTED_EDGE ( 'NONE', *, *, #1302, .F. ) ;
#2927 = ADVANCED_FACE ( 'NONE', ( #1019 ), #1286, .F. ) ;
#2928 = ORIENTED_EDGE ( 'NONE', *, *, #1258, .T. ) ;
#2929 = EDGE_CURVE ( 'NONE', #1348, #650, #529, .T. ) ;
#2930 = APPROVAL_DATE_TIME ( #3258, #69 ) ;
#2931 = LINE ( 'NONE', #1611, #2473 ) ;
#2932 = DIRECTION ( 'NONE',  ( 0.000000000000000000, 0.000000000000000000, 1.000000000000000000 ) ) ;
#2933 = CARTESIAN_POINT ( 'NONE',  ( -1.500000000005100809, 8.645808232884220956, -1.000000000000000000 ) ) ;
#2934 = EDGE_CURVE ( 'NONE', #3070, #1500, #1250, .T. ) ;
#2935 = CIRCLE ( 'NONE', #636, 0.9999999999999986677 ) ;
#2936 = CARTESIAN_POINT ( 'NONE',  ( 13.99999999999999645, 15.99999999999999645, 0.000000000000000000 ) ) ;
#2937 = CARTESIAN_POINT ( 'NONE',  ( -7.881276583270983238, -4.345742677358855666, -1.000000000000000000 ) ) ;
#2938 = DIRECTION ( 'NONE',  ( 0.000000000000000000, -1.000000000000000000, 0.000000000000000000 ) ) ;
#2939 = FACE_OUTER_BOUND ( 'NONE', #3283, .T. ) ;
#2940 = DIRECTION ( 'NONE',  ( 1.000000000000000000, 0.000000000000000000, 0.000000000000000000 ) ) ;
#2941 = CIRCLE ( 'NONE', #3058, 1.000000000000001776 ) ;
#2942 = DIRECTION ( 'NONE',  ( 1.000000000000000000, 0.000000000000000000, 0.000000000000000000 ) ) ;
#2943 = CARTESIAN_POINT ( 'NONE',  ( 13.66522283772204105, 11.54390249418306702, -1.000000000000000000 ) ) ;
#2944 = AXIS2_PLACEMENT_3D ( 'NONE', #1813, #2021, #443 ) ;
#2945 = CIRCLE ( 'NONE', #1440, 2.000000000000003553 ) ;
#2946 = EDGE_LOOP ( 'NONE', ( #217, #758, #2476, #756 ) ) ;
#2947 = CIRCLE ( 'NONE', #1725, 1.000000000000000888 ) ;
#2948 = LINE ( 'NONE', #1625, #1342 ) ;
#2949 = VECTOR ( 'NONE', #3214, 1000.000000000000000 ) ;
#2950 = VERTEX_POINT ( 'NONE', #1040 ) ;
#2951 = VERTEX_POINT ( 'NONE', #2109 ) ;
#2952 = EDGE_CURVE ( 'NONE', #1197, #2808, #1325, .T. ) ;
#2953 = CARTESIAN_POINT ( 'NONE',  ( 0.000000000000000000, 0.000000000000000000, 0.000000000000000000 ) ) ;
#2954 = CYLINDRICAL_SURFACE ( 'NONE', #3053, 18.99999999999380407 ) ;
#2955 = DIRECTION ( 'NONE',  ( -0.000000000000000000, -0.000000000000000000, -1.000000000000000000 ) ) ;
#2956 = VERTEX_POINT ( 'NONE', #50 ) ;
#2957 = EDGE_CURVE ( 'NONE', #2588, #775, #1547, .T. ) ;
#2958 = FACE_OUTER_BOUND ( 'NONE', #2969, .T. ) ;
#2959 = CARTESIAN_POINT ( 'NONE',  ( -7.005579185128870456, -3.862882379874042371, 0.000000000000000000 ) ) ;
#2960 = DIRECTION ( 'NONE',  ( 0.000000000000000000, 0.000000000000000000, 1.000000000000000000 ) ) ;
#2961 = CARTESIAN_POINT ( 'NONE',  ( 15.99999999999998579, -15.99999999999999645, -1.000000000000000000 ) ) ;
#2962 = VECTOR ( 'NONE', #2992, 1000.000000000000000 ) ;
#2963 = CARTESIAN_POINT ( 'NONE',  ( -4.345742677358826356, 7.881276583271000113, -1.000000000000000000 ) ) ;
#2964 = LINE ( 'NONE', #1050, #645 ) ;
#2965 = EDGE_LOOP ( 'NONE', ( #3339, #167, #2002, #847, #2440, #3326, #60, #3197, #2539 ) ) ;
#2966 = AXIS2_PLACEMENT_3D ( 'NONE', #79, #2156, #1125 ) ;
#2967 = ORIENTED_EDGE ( 'NONE', *, *, #810, .F. ) ;
#2968 = DIRECTION ( 'NONE',  ( 0.000000000000000000, 0.000000000000000000, 1.000000000000000000 ) ) ;
#2969 = EDGE_LOOP ( 'NONE', ( #2970, #479, #1641, #1273 ) ) ;
#2970 = ORIENTED_EDGE ( 'NONE', *, *, #3196, .T. ) ;
#2971 = APPROVAL_DATE_TIME ( #294, #1106 ) ;
#2972 = CARTESIAN_POINT ( 'NONE',  ( 7.685162873673847983, 2.222222222226483357, -1.000000000000000000 ) ) ;
#2973 = DIRECTION ( 'NONE',  ( 0.000000000000000000, 0.000000000000000000, 1.000000000000000000 ) ) ;
#2974 = ORIENTED_EDGE ( 'NONE', *, *, #2524, .F. ) ;
#2975 = AXIS2_PLACEMENT_3D ( 'NONE', #2412, #319, #20 ) ;
#2976 = DIRECTION ( 'NONE',  ( 0.000000000000000000, 0.000000000000000000, 1.000000000000000000 ) ) ;
#2977 = CARTESIAN_POINT ( 'NONE',  ( -1.499999999985415222, -8.645808232889896416, 0.000000000000000000 ) ) ;
#2978 = CARTESIAN_POINT ( 'NONE',  ( -7.174169802084441550, -5.052849458545408901, -1.000000000000000000 ) ) ;
#2979 = DIRECTION ( 'NONE',  ( 0.000000000000000000, 0.000000000000000000, 1.000000000000000000 ) ) ;
#2980 = EDGE_CURVE ( 'NONE', #1197, #1999, #2315, .T. ) ;
#2981 = VERTEX_POINT ( 'NONE', #3195 ) ;
#2982 = ADVANCED_FACE ( 'NONE', ( #1875 ), #805, .F. ) ;
#2983 = DIRECTION ( 'NONE',  ( 1.000000000000000000, 0.000000000000000000, 0.000000000000000000 ) ) ;
#2984 = CARTESIAN_POINT ( 'NONE',  ( -7.881276583280840242, 4.345742677340973081, -1.000000000000000000 ) ) ;
#2985 = EDGE_CURVE ( 'NONE', #3057, #2588, #1385, .T. ) ;
#2986 = VERTEX_POINT ( 'NONE', #9 ) ;
#2987 = PERSON ( '未指定', '未指定', '未指定', ('未指定'), ('未指定'), ('未指定') ) ;
#2988 = DIRECTION ( 'NONE',  ( 0.000000000000000000, 0.000000000000000000, 1.000000000000000000 ) ) ;
#2989 = ORIENTED_EDGE ( 'NONE', *, *, #487, .T. ) ;
#2990 = ORIENTED_EDGE ( 'NONE', *, *, #1277, .F. ) ;
#2991 = CALENDAR_DATE ( 2025, 11, 8 ) ;
#2992 = DIRECTION ( 'NONE',  ( 0.000000000000000000, 0.000000000000000000, 1.000000000000000000 ) ) ;
#2993 = AXIS2_PLACEMENT_3D ( 'NONE', #1558, #1594, #2660 ) ;
#2994 = EDGE_LOOP ( 'NONE', ( #1312, #1356, #2716, #3389, #1827, #1166, #1127, #3275, #2104 ) ) ;
#2995 = ORIENTED_EDGE ( 'NONE', *, *, #238, .T. ) ;
#2996 = DIRECTION ( 'NONE',  ( 0.000000000000000000, 0.000000000000000000, 1.000000000000000000 ) ) ;
#2997 = PLANE ( 'NONE',  #3262 ) ;
#2998 = CARTESIAN_POINT ( 'NONE',  ( -17.82554346997171635, 1.499999999985406562, -1.000000000000000000 ) ) ;
#2999 = LINE ( 'NONE', #1674, #1506 ) ;
#3000 = AXIS2_PLACEMENT_3D ( 'NONE', #295, #1573, #815 ) ;
#3001 = DIRECTION ( 'NONE',  ( 1.000000000000000000, 0.000000000000000000, 0.000000000000000000 ) ) ;
#3002 = ADVANCED_FACE ( 'NONE', ( #1581 ), #541, .F. ) ;
#3003 = DIRECTION ( 'NONE',  ( 1.000000000000000000, 0.000000000000000000, 0.000000000000000000 ) ) ;
#3004 = VECTOR ( 'NONE', #575, 1000.000000000000000 ) ;
#3005 = VECTOR ( 'NONE', #136, 1000.000000000000000 ) ;
#3006 = VERTEX_POINT ( 'NONE', #1640 ) ;
#3007 = EDGE_CURVE ( 'NONE', #2182, #165, #2492, .T. ) ;
#3008 = ADVANCED_FACE ( 'NONE', ( #2667 ), #861, .F. ) ;
#3009 = CARTESIAN_POINT ( 'NONE',  ( 20.00000000000000000, -15.25000000000001421, -1.000000000000000000 ) ) ;
#3010 = AXIS2_PLACEMENT_3D ( 'NONE', #1483, #2222, #394 ) ;
#3011 = EDGE_LOOP ( 'NONE', ( #2361, #1700, #1570, #180 ) ) ;
#3012 = AXIS2_PLACEMENT_3D ( 'NONE', #1508, #2584, #955 ) ;
#3013 = VECTOR ( 'NONE', #142, 1000.000000000000000 ) ;
#3014 = ORIENTED_EDGE ( 'NONE', *, *, #389, .T. ) ;
#3015 = CIRCLE ( 'NONE', #3462, 1.999999999999998224 ) ;
#3016 = ORIENTED_EDGE ( 'NONE', *, *, #2751, .F. ) ;
#3017 = LINE ( 'NONE', #3315, #2494 ) ;
#3018 = CARTESIAN_POINT ( 'NONE',  ( -15.99999999999998579, -15.99999999999999645, -1.000000000000000000 ) ) ;
#3019 = LINE ( 'NONE', #653, #2658 ) ;
#3020 = DIRECTION ( 'NONE',  ( 0.000000000000000000, 0.000000000000000000, 1.000000000000000000 ) ) ;
#3021 = ORIENTED_EDGE ( 'NONE', *, *, #1369, .F. ) ;
#3022 = LINE ( 'NONE', #1423, #1959 ) ;
#3023 = CARTESIAN_POINT ( 'NONE',  ( 0.000000000000000000, 0.000000000000000000, 0.000000000000000000 ) ) ;
#3024 = VERTEX_POINT ( 'NONE', #1657 ) ;
#3025 = EDGE_CURVE ( 'NONE', #113, #133, #1855, .T. ) ;
#3026 = AXIS2_PLACEMENT_3D ( 'NONE', #32, #2366, #17 ) ;
#3027 = VERTEX_POINT ( 'NONE', #2454 ) ;
#3028 = AXIS2_PLACEMENT_3D ( 'NONE', #2963, #2178, #3271 ) ;
#3029 = EDGE_CURVE ( 'NONE', #2078, #978, #2138, .T. ) ;
#3030 = ORIENTED_EDGE ( 'NONE', *, *, #3268, .T. ) ;
#3031 = EDGE_CURVE ( 'NONE', #1856, #3136, #928, .T. ) ;
#3032 = VERTEX_POINT ( 'NONE', #3233 ) ;
#3033 = CARTESIAN_POINT ( 'NONE',  ( 0.000000000000000000, 0.000000000000000000, -1.000000000000000000 ) ) ;
#3034 = CYLINDRICAL_SURFACE ( 'NONE', #565, 1.000000000000000888 ) ;
#3035 = DIRECTION ( 'NONE',  ( -1.417298618512443785E-16, -1.000000000000000000, 0.000000000000000000 ) ) ;
#3036 = CARTESIAN_POINT ( 'NONE',  ( -20.00000000000000000, 17.99999999999998579, 0.000000000000000000 ) ) ;
#3037 = DIRECTION ( 'NONE',  ( 1.000000000000000000, 0.000000000000000000, 0.000000000000000000 ) ) ;
#3038 = CARTESIAN_POINT ( 'NONE',  ( -20.00000000000000000, 17.99999999999998579, -1.000000000000000000 ) ) ;
#3039 = CIRCLE ( 'NONE', #1520, 1.000000000000103251 ) ;
#3040 = ORIENTED_EDGE ( 'NONE', *, *, #2801, .F. ) ;
#3041 = ORIENTED_EDGE ( 'NONE', *, *, #2934, .T. ) ;
#3042 = ADVANCED_FACE ( 'NONE', ( #304 ), #42, .F. ) ;
#3043 = EDGE_LOOP ( 'NONE', ( #735, #1199, #66, #3156 ) ) ;
#3044 = ADVANCED_FACE ( 'NONE', ( #271 ), #1336, .F. ) ;
#3045 = ORIENTED_EDGE ( 'NONE', *, *, #2805, .T. ) ;
#3046 = EDGE_CURVE ( 'NONE', #962, #2489, #844, .T. ) ;
#3047 = CARTESIAN_POINT ( 'NONE',  ( -4.345742677340947324, -7.881276583280853565, 0.000000000000000000 ) ) ;
#3048 = PLANE ( 'NONE',  #432 ) ;
#3049 = CARTESIAN_POINT ( 'NONE',  ( 26.25000000000000355, 13.25000000000000000, -1.000000000000000000 ) ) ;
#3050 = FACE_BOUND ( 'NONE', #53, .T. ) ;
#3051 = CARTESIAN_POINT ( 'NONE',  ( -18.81585144052309744, -2.638888888894348028, 0.000000000000000000 ) ) ;
#3052 = CARTESIAN_POINT ( 'NONE',  ( 5.052849458545431993, -7.174169802084426451, -1.000000000000000000 ) ) ;
#3053 = AXIS2_PLACEMENT_3D ( 'NONE', #1346, #3469, #1362 ) ;
#3054 = ORIENTED_EDGE ( 'NONE', *, *, #1728, .T. ) ;
#3055 = VECTOR ( 'NONE', #3417, 1000.000000000000000 ) ;
#3056 = AXIS2_PLACEMENT_3D ( 'NONE', #2204, #2519, #1977 ) ;
#3057 = VERTEX_POINT ( 'NONE', #63 ) ;
#3058 = AXIS2_PLACEMENT_3D ( 'NONE', #2174, #3279, #2679 ) ;
#3059 = EDGE_LOOP ( 'NONE', ( #3257, #2644 ) ) ;
#3060 = ORIENTED_EDGE ( 'NONE', *, *, #989, .F. ) ;
#3061 = EDGE_CURVE ( 'NONE', #454, #2774, #1768, .T. ) ;
#3062 = DIRECTION ( 'NONE',  ( 0.000000000000000000, 0.000000000000000000, 1.000000000000000000 ) ) ;
#3063 = PLANE ( 'NONE',  #2106 ) ;
#3064 = LINE ( 'NONE', #1706, #33 ) ;
#3065 = DIRECTION ( 'NONE',  ( 0.7071067811865445751, 0.7071067811865503483, 0.000000000000000000 ) ) ;
#3066 = EDGE_CURVE ( 'NONE', #1316, #424, #2964, .T. ) ;
#3067 = DIRECTION ( 'NONE',  ( 0.000000000000000000, 0.000000000000000000, 1.000000000000000000 ) ) ;
#3068 = DIRECTION ( 'NONE',  ( 0.000000000000000000, 0.000000000000000000, 1.000000000000000000 ) ) ;
#3069 = DIRECTION ( 'NONE',  ( 0.000000000000000000, 0.000000000000000000, 1.000000000000000000 ) ) ;
#3070 = VERTEX_POINT ( 'NONE', #2157 ) ;
#3071 = AXIS2_PLACEMENT_3D ( 'NONE', #3118, #2254, #710 ) ;
#3072 = ORIENTED_EDGE ( 'NONE', *, *, #2010, .F. ) ;
#3073 = CIRCLE ( 'NONE', #112, 2.000000000000000000 ) ;
#3074 = CIRCLE ( 'NONE', #114, 0.9999999999999146238 ) ;
#3075 = ORIENTED_EDGE ( 'NONE', *, *, #2227, .T. ) ;
#3076 = ORIENTED_EDGE ( 'NONE', *, *, #1503, .F. ) ;
#3077 = EDGE_LOOP ( 'NONE', ( #1407, #1459, #348, #1497 ) ) ;
#3078 = DIRECTION ( 'NONE',  ( 1.000000000000000000, 0.000000000000000000, 0.000000000000000000 ) ) ;
#3079 = PLANE ( 'NONE',  #3125 ) ;
#3080 = FACE_BOUND ( 'NONE', #518, .T. ) ;
#3081 = CARTESIAN_POINT ( 'NONE',  ( 0.000000000000000000, 0.000000000000000000, -1.000000000000000000 ) ) ;
#3082 = ADVANCED_FACE ( 'NONE', ( #1126 ), #2120, .F. ) ;
#3083 = FACE_OUTER_BOUND ( 'NONE', #2589, .T. ) ;
#3084 = LINE ( 'NONE', #675, #2594 ) ;
#3085 = CARTESIAN_POINT ( 'NONE',  ( -16.00000000000000000, 15.99999999999999645, -1.000000000000000000 ) ) ;
#3086 = EDGE_CURVE ( 'NONE', #3314, #1711, #819, .T. ) ;
#3087 = EDGE_LOOP ( 'NONE', ( #3138, #830, #1479, #455 ) ) ;
#3088 = ADVANCED_FACE ( 'NONE', ( #3247 ), #1907, .F. ) ;
#3089 = CC_DESIGN_PERSON_AND_ORGANIZATION_ASSIGNMENT ( #1057, #2387, ( #3356 ) ) ;
#3090 = EDGE_LOOP ( 'NONE', ( #584, #2613, #2017, #1140 ) ) ;
#3091 = EDGE_LOOP ( 'NONE', ( #513, #1415, #1513, #2818 ) ) ;
#3092 = ORIENTED_EDGE ( 'NONE', *, *, #193, .F. ) ;
#3093 = DIRECTION ( 'NONE',  ( 0.000000000000000000, 0.000000000000000000, 1.000000000000000000 ) ) ;
#3094 = FACE_OUTER_BOUND ( 'NONE', #1932, .T. ) ;
#3095 = CYLINDRICAL_SURFACE ( 'NONE', #143, 0.9999999999999991118 ) ;
#3096 = FACE_OUTER_BOUND ( 'NONE', #3441, .T. ) ;
#3097 = CARTESIAN_POINT ( 'NONE',  ( 17.82554346997167016, -2.499999999985416999, -1.000000000000000000 ) ) ;
#3098 = CARTESIAN_POINT ( 'NONE',  ( -11.54390249416723080, -13.66522283773398172, -1.000000000000000000 ) ) ;
#3099 = DIRECTION ( 'NONE',  ( 1.000000000000000000, 0.000000000000000000, 0.000000000000000000 ) ) ;
#3100 = ORIENTED_EDGE ( 'NONE', *, *, #1637, .T. ) ;
#3101 = EDGE_CURVE ( 'NONE', #1828, #506, #2151, .T. ) ;
#3102 = VECTOR ( 'NONE', #891, 1000.000000000000000 ) ;
#3103 = AXIS2_PLACEMENT_3D ( 'NONE', #593, #1434, #610 ) ;
#3104 = ADVANCED_FACE ( 'NONE', ( #281 ), #839, .F. ) ;
#3105 = ORIENTED_EDGE ( 'NONE', *, *, #1214, .T. ) ;
#3106 = ORIENTED_EDGE ( 'NONE', *, *, #635, .T. ) ;
#3107 = VECTOR ( 'NONE', #1852, 1000.000000000000000 ) ;
#3108 = AXIS2_PLACEMENT_3D ( 'NONE', #24, #2646, #3215 ) ;
#3109 = VERTEX_POINT ( 'NONE', #1593 ) ;
#3110 = CYLINDRICAL_SURFACE ( 'NONE', #3114, 2.000000000000001776 ) ;
#3111 = LINE ( 'NONE', #2549, #714 ) ;
#3112 = FACE_BOUND ( 'NONE', #1259, .T. ) ;
#3113 = DIRECTION ( 'NONE',  ( -1.000000000000000000, 0.000000000000000000, 0.000000000000000000 ) ) ;
#3114 = AXIS2_PLACEMENT_3D ( 'NONE', #1516, #3093, #759 ) ;
#3115 = AXIS2_PLACEMENT_3D ( 'NONE', #3199, #2357, #3440 ) ;
#3116 = CC_DESIGN_DATE_AND_TIME_ASSIGNMENT ( #3445, #1902, ( #1954 ) ) ;
#3117 = AXIS2_PLACEMENT_3D ( 'NONE', #768, #501, #532 ) ;
#3118 = CARTESIAN_POINT ( 'NONE',  ( 4.345742677340937554, 7.881276583280884651, -1.000000000000000000 ) ) ;
#3119 = CARTESIAN_POINT ( 'NONE',  ( 15.99999999999998579, -15.99999999999999645, -1.000000000000000000 ) ) ;
#3120 = CARTESIAN_POINT ( 'NONE',  ( 10.83679571298062783, 14.37232961892062377, -1.000000000000000000 ) ) ;
#3121 = ORIENTED_EDGE ( 'NONE', *, *, #6, .T. ) ;
#3122 = EDGE_LOOP ( 'NONE', ( #1882, #1548, #471, #457 ) ) ;
#3123 = ORIENTED_EDGE ( 'NONE', *, *, #1802, .T. ) ;
#3124 = VERTEX_POINT ( 'NONE', #1890 ) ;
#3125 = AXIS2_PLACEMENT_3D ( 'NONE', #1989, #2565, #2251 ) ;
#3126 = VECTOR ( 'NONE', #227, 1000.000000000000000 ) ;
#3127 = ORIENTED_EDGE ( 'NONE', *, *, #2094, .F. ) ;
#3128 = CIRCLE ( 'NONE', #3306, 1.000000000000000000 ) ;
#3129 = CARTESIAN_POINT ( 'NONE',  ( 17.82554346996891681, 2.500000000005118572, 0.000000000000000000 ) ) ;
#3130 = DIRECTION ( 'NONE',  ( -1.417298618512443785E-16, -1.000000000000000000, 0.000000000000000000 ) ) ;
#3131 = CARTESIAN_POINT ( 'NONE',  ( 20.00000000000000000, -17.99999999999998934, -1.000000000000000000 ) ) ;
#3132 = AXIS2_PLACEMENT_3D ( 'NONE', #93, #62, #629 ) ;
#3133 = CARTESIAN_POINT ( 'NONE',  ( -6.881276583270981462, -4.345742677358855666, -1.000000000000000000 ) ) ;
#3134 = DIRECTION ( 'NONE',  ( -0.000000000000000000, -0.000000000000000000, -1.000000000000000000 ) ) ;
#3135 = DIRECTION ( 'NONE',  ( 0.000000000000000000, 0.000000000000000000, 1.000000000000000000 ) ) ;
#3136 = VERTEX_POINT ( 'NONE', #2131 ) ;
#3137 = DIRECTION ( 'NONE',  ( 0.000000000000000000, 0.000000000000000000, 1.000000000000000000 ) ) ;
#3138 = ORIENTED_EDGE ( 'NONE', *, *, #2502, .F. ) ;
#3139 = VECTOR ( 'NONE', #1366, 1000.000000000000000 ) ;
#3140 = ORIENTED_EDGE ( 'NONE', *, *, #2247, .T. ) ;
#3141 = AXIS2_PLACEMENT_3D ( 'NONE', #2108, #2312, #2327 ) ;
#3142 = ORIENTED_EDGE ( 'NONE', *, *, #2907, .T. ) ;
#3143 = EDGE_LOOP ( 'NONE', ( #2105, #2249, #1730, #3240 ) ) ;
#3144 = EDGE_CURVE ( 'NONE', #1316, #981, #1720, .T. ) ;
#3145 = LINE ( 'NONE', #184, #904 ) ;
#3146 = FACE_BOUND ( 'NONE', #1664, .T. ) ;
#3147 = CARTESIAN_POINT ( 'NONE',  ( -2.638888888873609062, -18.81585144052598224, 0.000000000000000000 ) ) ;
#3148 = EDGE_CURVE ( 'NONE', #561, #2561, #1866, .T. ) ;
#3149 = ADVANCED_FACE ( 'NONE', ( #799 ), #2717, .F. ) ;
#3150 = DIRECTION ( 'NONE',  ( -0.000000000000000000, -0.000000000000000000, -1.000000000000000000 ) ) ;
#3151 = DIRECTION ( 'NONE',  ( 0.000000000000000000, 0.000000000000000000, 1.000000000000000000 ) ) ;
#3152 = DIRECTION ( 'NONE',  ( 0.000000000000000000, 0.000000000000000000, 1.000000000000000000 ) ) ;
#3153 = AXIS2_PLACEMENT_3D ( 'NONE', #2678, #836, #2620 ) ;
#3154 = CYLINDRICAL_SURFACE ( 'NONE', #1328, 1.999999999999998224 ) ;
#3155 = VECTOR ( 'NONE', #1044, 1000.000000000000000 ) ;
#3156 = ORIENTED_EDGE ( 'NONE', *, *, #1282, .T. ) ;
#3157 = LINE ( 'NONE', #253, #2686 ) ;
#3158 = ORIENTED_EDGE ( 'NONE', *, *, #1439, .T. ) ;
#3159 = VERTEX_POINT ( 'NONE', #552 ) ;
#3160 = AXIS2_PLACEMENT_3D ( 'NONE', #3265, #1925, #639 ) ;
#3161 = ORIENTED_EDGE ( 'NONE', *, *, #940, .T. ) ;
#3162 = CC_DESIGN_APPROVAL ( #69, ( #1954 ) ) ;
#3163 = CARTESIAN_POINT ( 'NONE',  ( -7.174169802094286119, 5.052849458527515658, -1.000000000000000000 ) ) ;
#3164 = CARTESIAN_POINT ( 'NONE',  ( -13.66522283773394264, 11.54390249416727698, -1.000000000000000000 ) ) ;
#3165 = CARTESIAN_POINT ( 'NONE',  ( 0.000000000000000000, 0.000000000000000000, -1.000000000000000000 ) ) ;
#3166 = CARTESIAN_POINT ( 'NONE',  ( 17.82554346996891681, 2.500000000005118572, -1.000000000000000000 ) ) ;
#3167 = VECTOR ( 'NONE', #640, 1000.000000000000000 ) ;
#3168 = ORIENTED_EDGE ( 'NONE', *, *, #2267, .F. ) ;
#3169 = AXIS2_PLACEMENT_3D ( 'NONE', #1731, #1217, #1687 ) ;
#3170 = EDGE_CURVE ( 'NONE', #2200, #2893, #1880, .T. ) ;
#3171 = LOCAL_TIME ( 14, 4, 40.00000000000000000, #567 ) ;
#3172 = DIRECTION ( 'NONE',  ( 0.7071067811865414665, -0.7071067811865536790, 0.000000000000000000 ) ) ;
#3173 = DIRECTION ( 'NONE',  ( 1.000000000000000000, 0.000000000000000000, 0.000000000000000000 ) ) ;
#3174 = CARTESIAN_POINT ( 'NONE',  ( -14.37232961890865823, -10.83679571299641786, -1.000000000000000000 ) ) ;
#3175 = CIRCLE ( 'NONE', #538, 1.000000000000000888 ) ;
#3176 = ADVANCED_FACE ( 'NONE', ( #534 ), #1082, .F. ) ;
#3177 = PLANE ( 'NONE',  #3117 ) ;
#3178 = ORIENTED_EDGE ( 'NONE', *, *, #168, .T. ) ;
#3179 = LINE ( 'NONE', #773, #2101 ) ;
#3180 = ORIENTED_EDGE ( 'NONE', *, *, #1583, .F. ) ;
#3181 = EDGE_LOOP ( 'NONE', ( #998, #25, #218, #1034 ) ) ;
#3182 = DATE_TIME_ROLE ( 'classification_date' ) ;
#3183 = LINE ( 'NONE', #2652, #624 ) ;
#3184 = DIRECTION ( 'NONE',  ( 1.000000000000000000, 0.000000000000000000, 0.000000000000000000 ) ) ;
#3185 = CARTESIAN_POINT ( 'NONE',  ( -17.82554346997171635, 1.499999999985406562, -1.000000000000000000 ) ) ;
#3186 = ORIENTED_EDGE ( 'NONE', *, *, #2929, .T. ) ;
#3187 = CIRCLE ( 'NONE', #2117, 0.9999999999999991118 ) ;
#3188 = AXIS2_PLACEMENT_3D ( 'NONE', #3206, #2973, #2427 ) ;
#3189 = CARTESIAN_POINT ( 'NONE',  ( 0.000000000000000000, 0.000000000000000000, 0.000000000000000000 ) ) ;
#3190 = CARTESIAN_POINT ( 'NONE',  ( -8.645808232889908851, 2.499999999985411225, -1.000000000000000000 ) ) ;
#3191 = DIRECTION ( 'NONE',  ( 1.000000000000000000, 0.000000000000000000, 0.000000000000000000 ) ) ;
#3192 = VERTEX_POINT ( 'NONE', #1617 ) ;
#3193 = DIRECTION ( 'NONE',  ( -0.000000000000000000, -0.000000000000000000, -1.000000000000000000 ) ) ;
#3194 = EDGE_CURVE ( 'NONE', #3344, #599, #2941, .T. ) ;
#3195 = CARTESIAN_POINT ( 'NONE',  ( 26.25000000000000355, 13.25000000000000000, -1.000000000000000000 ) ) ;
#3196 = EDGE_CURVE ( 'NONE', #486, #1856, #1319, .T. ) ;
#3197 = ORIENTED_EDGE ( 'NONE', *, *, #2934, .F. ) ;
#3198 = ADVANCED_FACE ( 'NONE', ( #2958 ), #2201, .F. ) ;
#3199 = CARTESIAN_POINT ( 'NONE',  ( 11.54390249418301906, -13.66522283772208013, -1.000000000000000000 ) ) ;
#3200 = ORIENTED_EDGE ( 'NONE', *, *, #1616, .F. ) ;
#3201 = ORIENTED_EDGE ( 'NONE', *, *, #465, .F. ) ;
#3202 = CIRCLE ( 'NONE', #1697, 1.500000000000001332 ) ;
#3203 = APPLICATION_PROTOCOL_DEFINITION ( 'international standard', 'config_control_design', 1994, #571 ) ;
#3204 = DIRECTION ( 'NONE',  ( -1.000000000000000000, -3.873949557266115609E-15, 0.000000000000000000 ) ) ;
#3205 = CARTESIAN_POINT ( 'NONE',  ( 0.000000000000000000, 0.000000000000000000, 0.000000000000000000 ) ) ;
#3206 = CARTESIAN_POINT ( 'NONE',  ( -2.499999999985479615, -17.82554346997165950, -1.000000000000000000 ) ) ;
#3207 = DIRECTION ( 'NONE',  ( 0.7071067811865465735, -0.7071067811865484609, 0.000000000000000000 ) ) ;
#3208 = AXIS2_PLACEMENT_3D ( 'NONE', #3436, #1010, #749 ) ;
#3209 = CARTESIAN_POINT ( 'NONE',  ( -2.500000000005025313, 8.645808232884213851, -1.000000000000000000 ) ) ;
#3210 = CARTESIAN_POINT ( 'NONE',  ( 8.645808232884192535, 1.500000000005116130, 0.000000000000000000 ) ) ;
#3211 = CARTESIAN_POINT ( 'NONE',  ( 1.499999999985409893, 8.645808232889908851, -1.000000000000000000 ) ) ;
#3212 = CARTESIAN_POINT ( 'NONE',  ( -18.00000000000000000, -20.00000000000000000, -1.000000000000000000 ) ) ;
#3213 = EDGE_LOOP ( 'NONE', ( #1430, #2248, #2342, #2775 ) ) ;
#3214 = DIRECTION ( 'NONE',  ( 0.000000000000000000, 0.000000000000000000, 1.000000000000000000 ) ) ;
#3215 = DIRECTION ( 'NONE',  ( 1.000000000000000000, 0.000000000000000000, 0.000000000000000000 ) ) ;
#3216 = VERTEX_POINT ( 'NONE', #1633 ) ;
#3217 = EDGE_CURVE ( 'NONE', #932, #1828, #754, .T. ) ;
#3218 = DIRECTION ( 'NONE',  ( 0.000000000000000000, 0.000000000000000000, 1.000000000000000000 ) ) ;
#3219 = EDGE_LOOP ( 'NONE', ( #469, #1361, #2067, #1824 ) ) ;
#3220 = ADVANCED_FACE ( 'NONE', ( #1671 ), #72, .F. ) ;
#3221 = VERTEX_POINT ( 'NONE', #298 ) ;
#3222 = APPROVAL_ROLE ( '' ) ;
#3223 = CARTESIAN_POINT ( 'NONE',  ( 10.83679571298062783, 14.37232961892062377, -1.000000000000000000 ) ) ;
#3224 = CARTESIAN_POINT ( 'NONE',  ( -7.174169802084441550, -5.052849458545408901, 0.000000000000000000 ) ) ;
#3225 = AXIS2_PLACEMENT_3D ( 'NONE', #907, #1123, #3330 ) ;
#3226 = VERTEX_POINT ( 'NONE', #1365 ) ;
#3227 = VECTOR ( 'NONE', #841, 1000.000000000000000 ) ;
#3228 = DIRECTION ( 'NONE',  ( 0.000000000000000000, 0.000000000000000000, 1.000000000000000000 ) ) ;
#3229 = DIRECTION ( 'NONE',  ( -0.000000000000000000, -0.000000000000000000, -1.000000000000000000 ) ) ;
#3230 = DIRECTION ( 'NONE',  ( -1.000000000000000000, -0.000000000000000000, -0.000000000000000000 ) ) ;
#3231 = DIRECTION ( 'NONE',  ( -1.000000000000000000, 0.000000000000000000, 0.000000000000000000 ) ) ;
#3232 = CARTESIAN_POINT ( 'NONE',  ( 8.645808232889899969, -2.499999999985384580, -1.000000000000000000 ) ) ;
#3233 = CARTESIAN_POINT ( 'NONE',  ( -3.862882379858124438, -7.005579185137635889, -1.000000000000000000 ) ) ;
#3234 = ORIENTED_EDGE ( 'NONE', *, *, #2980, .F. ) ;
#3235 = AXIS2_PLACEMENT_3D ( 'NONE', #1271, #1252, #2041 ) ;
#3236 = VERTEX_POINT ( 'NONE', #2429 ) ;
#3237 = VECTOR ( 'NONE', #1507, 1000.000000000000000 ) ;
#3238 = CARTESIAN_POINT ( 'NONE',  ( -3.862882379874067240, 7.005579185128871345, -1.000000000000000000 ) ) ;
#3239 = ORIENTED_EDGE ( 'NONE', *, *, #2784, .F. ) ;
#3240 = ORIENTED_EDGE ( 'NONE', *, *, #1906, .F. ) ;
#3241 = CALENDAR_DATE ( 2025, 11, 8 ) ;
#3242 = DIRECTION ( 'NONE',  ( 0.000000000000000000, 0.000000000000000000, 1.000000000000000000 ) ) ;
#3243 = DIRECTION ( 'NONE',  ( 0.000000000000000000, 0.000000000000000000, 1.000000000000000000 ) ) ;
#3244 = VERTEX_POINT ( 'NONE', #36 ) ;
#3245 = ADVANCED_FACE ( 'NONE', ( #1748 ), #918, .T. ) ;
#3246 = EDGE_CURVE ( 'NONE', #3136, #1279, #146, .T. ) ;
#3247 = FACE_OUTER_BOUND ( 'NONE', #809, .T. ) ;
#3248 = DIRECTION ( 'NONE',  ( 1.000000000000000000, 0.000000000000000000, 0.000000000000000000 ) ) ;
#3249 = DIRECTION ( 'NONE',  ( 0.000000000000000000, 0.000000000000000000, 1.000000000000000000 ) ) ;
#3250 = CARTESIAN_POINT ( 'NONE',  ( 5.052849458527487236, 7.174169802094340298, 0.000000000000000000 ) ) ;
#3251 = AXIS2_PLACEMENT_3D ( 'NONE', #2612, #1092, #1032 ) ;
#3252 = FACE_OUTER_BOUND ( 'NONE', #1042, .T. ) ;
#3253 = DIRECTION ( 'NONE',  ( -1.000000000000000000, 0.000000000000000000, 0.000000000000000000 ) ) ;
#3254 = ORIENTED_EDGE ( 'NONE', *, *, #2633, .T. ) ;
#3255 = DIRECTION ( 'NONE',  ( 0.000000000000000000, 0.000000000000000000, 1.000000000000000000 ) ) ;
#3256 = ORIENTED_EDGE ( 'NONE', *, *, #177, .F. ) ;
#3257 = ORIENTED_EDGE ( 'NONE', *, *, #90, .F. ) ;
#3258 = DATE_AND_TIME ( #2991, #3171 ) ;
#3259 = CARTESIAN_POINT ( 'NONE',  ( 17.82554346996891681, 1.500000000005120571, 0.000000000000000000 ) ) ;
#3260 = VERTEX_POINT ( 'NONE', #625 ) ;
#3261 = ADVANCED_FACE ( 'NONE', ( #1974 ), #2531, .T. ) ;
#3262 = AXIS2_PLACEMENT_3D ( 'NONE', #592, #2754, #573 ) ;
#3263 = CARTESIAN_POINT ( 'NONE',  ( -2.499999999985414778, -8.645808232889889311, -1.000000000000000000 ) ) ;
#3264 = CARTESIAN_POINT ( 'NONE',  ( -17.99999999999998224, -15.99999999999999645, 0.000000000000000000 ) ) ;
#3265 = CARTESIAN_POINT ( 'NONE',  ( 16.00000000000000000, 15.99999999999999645, 0.000000000000000000 ) ) ;
#3266 = CARTESIAN_POINT ( 'NONE',  ( -2.638888888894360463, 18.81585144052311520, 0.000000000000000000 ) ) ;
#3267 = AXIS2_PLACEMENT_3D ( 'NONE', #3460, #2922, #1822 ) ;
#3268 = EDGE_CURVE ( 'NONE', #2894, #454, #3346, .T. ) ;
#3269 = ORIENTED_EDGE ( 'NONE', *, *, #2362, .T. ) ;
#3270 = EDGE_CURVE ( 'NONE', #1809, #1744, #1961, .T. ) ;
#3271 = DIRECTION ( 'NONE',  ( 1.000000000000000000, 0.000000000000000000, 0.000000000000000000 ) ) ;
#3272 = DIRECTION ( 'NONE',  ( 0.000000000000000000, 0.000000000000000000, 1.000000000000000000 ) ) ;
#3273 = ORIENTED_EDGE ( 'NONE', *, *, #913, .F. ) ;
#3274 = CARTESIAN_POINT ( 'NONE',  ( -1.500000000005019540, 17.82554346996894878, -1.000000000000000000 ) ) ;
#3275 = ORIENTED_EDGE ( 'NONE', *, *, #47, .T. ) ;
#3276 = VECTOR ( 'NONE', #1850, 1000.000000000000000 ) ;
#3277 = ORIENTED_EDGE ( 'NONE', *, *, #347, .T. ) ;
#3278 = VERTEX_POINT ( 'NONE', #1418 ) ;
#3279 = DIRECTION ( 'NONE',  ( 0.000000000000000000, 0.000000000000000000, 1.000000000000000000 ) ) ;
#3280 = CARTESIAN_POINT ( 'NONE',  ( 11.43883991927425470, -15.17079237551493343, -1.000000000000000000 ) ) ;
#3281 = DIRECTION ( 'NONE',  ( 0.000000000000000000, 0.000000000000000000, 1.000000000000000000 ) ) ;
#3282 = LINE ( 'NONE', #908, #531 ) ;
#3283 = EDGE_LOOP ( 'NONE', ( #2049, #1493, #310, #999 ) ) ;
#3284 = EDGE_CURVE ( 'NONE', #192, #888, #2377, .T. ) ;
#3285 = ORIENTED_EDGE ( 'NONE', *, *, #859, .F. ) ;
#3286 = CIRCLE ( 'NONE', #1713, 2.000000000000000000 ) ;
#3287 = CARTESIAN_POINT ( 'NONE',  ( 17.82554346996891681, 1.500000000005120571, -1.000000000000000000 ) ) ;
#3288 = LINE ( 'NONE', #2787, #2605 ) ;
#3289 = VECTOR ( 'NONE', #1930, 1000.000000000000000 ) ;
#3290 = ORIENTED_EDGE ( 'NONE', *, *, #1119, .F. ) ;
#3291 = VECTOR ( 'NONE', #1553, 1000.000000000000000 ) ;
#3292 = EDGE_LOOP ( 'NONE', ( #2974, #2804 ) ) ;
#3293 = VECTOR ( 'NONE', #489, 1000.000000000000000 ) ;
#3294 = ADVANCED_FACE ( 'NONE', ( #1201 ), #2796, .F. ) ;
#3295 = EDGE_LOOP ( 'NONE', ( #2873, #1245, #2651, #1662 ) ) ;
#3296 = ORIENTED_EDGE ( 'NONE', *, *, #3217, .T. ) ;
#3297 = DIRECTION ( 'NONE',  ( -1.000000000000000000, 0.000000000000000000, 0.000000000000000000 ) ) ;
#3298 = FACE_OUTER_BOUND ( 'NONE', #3219, .T. ) ;
#3299 = LINE ( 'NONE', #1137, #3102 ) ;
#3300 = CARTESIAN_POINT ( 'NONE',  ( 1.500000000005057510, -17.82554346996892036, -1.000000000000000000 ) ) ;
#3301 = DIRECTION ( 'NONE',  ( 0.000000000000000000, 0.000000000000000000, 1.000000000000000000 ) ) ;
#3302 = CARTESIAN_POINT ( 'NONE',  ( -4.345742677340947324, -7.881276583280853565, -1.000000000000000000 ) ) ;
#3303 = AXIS2_PLACEMENT_3D ( 'NONE', #1168, #2768, #684 ) ;
#3304 = CIRCLE ( 'NONE', #715, 2.000000000000003553 ) ;
#3305 = ORIENTED_EDGE ( 'NONE', *, *, #1927, .F. ) ;
#3306 = AXIS2_PLACEMENT_3D ( 'NONE', #2161, #2123, #27 ) ;
#3307 = EDGE_CURVE ( 'NONE', #1474, #113, #695, .T. ) ;
#3308 = VERTEX_POINT ( 'NONE', #3328 ) ;
#3309 = ADVANCED_FACE ( 'NONE', ( #3360 ), #1704, .T. ) ;
#3310 = AXIS2_PLACEMENT_3D ( 'NONE', #1708, #597, #1142 ) ;
#3311 = ADVANCED_FACE ( 'NONE', ( #889 ), #1466, .F. ) ;
#3312 = ADVANCED_FACE ( 'NONE', ( #1432 ), #668, .T. ) ;
#3313 = ORIENTED_EDGE ( 'NONE', *, *, #3025, .F. ) ;
#3314 = VERTEX_POINT ( 'NONE', #2237 ) ;
#3315 = CARTESIAN_POINT ( 'NONE',  ( -7.685162873678922146, 2.222222222208966702, -1.000000000000000000 ) ) ;
#3316 = CYLINDRICAL_SURFACE ( 'NONE', #2231, 1.000000000000000888 ) ;
#3317 = DIRECTION ( 'NONE',  ( 0.000000000000000000, 0.000000000000000000, 1.000000000000000000 ) ) ;
#3318 = DIRECTION ( 'NONE',  ( 1.000000000000000000, 0.000000000000000000, 0.000000000000000000 ) ) ;
#3319 = AXIS2_PLACEMENT_3D ( 'NONE', #1350, #2680, #1962 ) ;
#3320 = FACE_OUTER_BOUND ( 'NONE', #666, .T. ) ;
#3321 = DIRECTION ( 'NONE',  ( 0.7071067811865504593, -0.7071067811865446862, 0.000000000000000000 ) ) ;
#3322 = VERTEX_POINT ( 'NONE', #2811 ) ;
#3323 = ORIENTED_EDGE ( 'NONE', *, *, #2734, .F. ) ;
#3324 = ORIENTED_EDGE ( 'NONE', *, *, #3086, .T. ) ;
#3325 = EDGE_CURVE ( 'NONE', #2493, #2031, #3017, .T. ) ;
#3326 = ORIENTED_EDGE ( 'NONE', *, *, #2206, .F. ) ;
#3327 = AXIS2_PLACEMENT_3D ( 'NONE', #497, #1288, #2351 ) ;
#3328 = CARTESIAN_POINT ( 'NONE',  ( 13.99999999999999645, 15.99999999999999645, -1.000000000000000000 ) ) ;
#3329 = CARTESIAN_POINT ( 'NONE',  ( 25.07404796879308506, -8.544500781088727210E-16, -1.000000000000000000 ) ) ;
#3330 = DIRECTION ( 'NONE',  ( 1.000000000000000000, 0.000000000000000000, 0.000000000000000000 ) ) ;
#3331 = DIRECTION ( 'NONE',  ( -1.000000000000000000, 0.000000000000000000, 0.000000000000000000 ) ) ;
#3332 = CYLINDRICAL_SURFACE ( 'NONE', #648, 18.99999999999380051 ) ;
#3333 = CARTESIAN_POINT ( 'NONE',  ( 18.00000000000000355, 18.00000000000000355, -1.000000000000000000 ) ) ;
#3334 = LINE ( 'NONE', #1661, #1615 ) ;
#3335 = EDGE_CURVE ( 'NONE', #1474, #3407, #154, .T. ) ;
#3336 = AXIS2_PLACEMENT_3D ( 'NONE', #366, #2499, #2518 ) ;
#3337 = EDGE_LOOP ( 'NONE', ( #333, #2664, #210, #719 ) ) ;
#3338 = AXIS2_PLACEMENT_3D ( 'NONE', #1389, #2450, #1991 ) ;
#3339 = ORIENTED_EDGE ( 'NONE', *, *, #403, .F. ) ;
#3340 = AXIS2_PLACEMENT_3D ( 'NONE', #1314, #2418, #3253 ) ;
#3341 = AXIS2_PLACEMENT_3D ( 'NONE', #2444, #1647, #2713 ) ;
#3342 = ORIENTED_EDGE ( 'NONE', *, *, #817, .F. ) ;
#3343 = ORIENTED_EDGE ( 'NONE', *, *, #2304, .F. ) ;
#3344 = VERTEX_POINT ( 'NONE', #1716 ) ;
#3345 = EDGE_CURVE ( 'NONE', #1696, #2956, #608, .T. ) ;
#3346 = LINE ( 'NONE', #637, #2546 ) ;
#3347 = DIRECTION ( 'NONE',  ( 0.000000000000000000, 0.000000000000000000, 1.000000000000000000 ) ) ;
#3348 = FACE_BOUND ( 'NONE', #3292, .T. ) ;
#3349 = PLANE ( 'NONE',  #1096 ) ;
#3350 = EDGE_CURVE ( 'NONE', #3027, #3236, #147, .T. ) ;
#3351 = FACE_OUTER_BOUND ( 'NONE', #774, .T. ) ;
#3352 = PLANE ( 'NONE',  #2320 ) ;
#3353 = DIRECTION ( 'NONE',  ( -1.000000000000000000, 0.000000000000000000, 0.000000000000000000 ) ) ;
#3354 = VERTEX_POINT ( 'NONE', #105 ) ;
#3355 = CIRCLE ( 'NONE', #2746, 1.000000000000001776 ) ;
#3356 = PRODUCT ( '40风扇不锈钢夹片', '40风扇不锈钢夹片', '', ( #1861 ) ) ;
#3357 = VERTEX_POINT ( 'NONE', #2345 ) ;
#3358 = VERTEX_POINT ( 'NONE', #2294 ) ;
#3359 = ORIENTED_EDGE ( 'NONE', *, *, #3345, .F. ) ;
#3360 = FACE_OUTER_BOUND ( 'NONE', #3011, .T. ) ;
#3361 = DIRECTION ( 'NONE',  ( 1.927470528863119542E-16, -1.000000000000000000, 0.000000000000000000 ) ) ;
#3362 = CARTESIAN_POINT ( 'NONE',  ( -1.499999999985479393, -17.82554346997166661, -1.000000000000000000 ) ) ;
#3363 = DIRECTION ( 'NONE',  ( 0.000000000000000000, 0.000000000000000000, 1.000000000000000000 ) ) ;
#3364 = ADVANCED_FACE ( 'NONE', ( #1779 ), #2635, .T. ) ;
#3365 = DIRECTION ( 'NONE',  ( 1.000000000000000000, 0.000000000000000000, 0.000000000000000000 ) ) ;
#3366 = DIRECTION ( 'NONE',  ( 0.000000000000000000, 0.000000000000000000, 1.000000000000000000 ) ) ;
#3367 = CARTESIAN_POINT ( 'NONE',  ( 1.499999999985409893, 8.645808232889908851, -1.000000000000000000 ) ) ;
#3368 = EDGE_CURVE ( 'NONE', #1792, #1607, #169, .T. ) ;
#3369 = EDGE_LOOP ( 'NONE', ( #1675, #581, #2592, #166 ) ) ;
#3370 = VECTOR ( 'NONE', #2346, 1000.000000000000000 ) ;
#3371 = ORIENTED_EDGE ( 'NONE', *, *, #2144, .F. ) ;
#3372 = ORIENTED_EDGE ( 'NONE', *, *, #405, .T. ) ;
#3373 = CC_DESIGN_PERSON_AND_ORGANIZATION_ASSIGNMENT ( #1038, #1345, ( #1954 ) ) ;
#3374 = ORIENTED_EDGE ( 'NONE', *, *, #1906, .T. ) ;
#3375 = CARTESIAN_POINT ( 'NONE',  ( 0.000000000000000000, 0.000000000000000000, 0.000000000000000000 ) ) ;
#3376 = DIRECTION ( 'NONE',  ( 0.000000000000000000, 0.000000000000000000, 1.000000000000000000 ) ) ;
#3377 = LINE ( 'NONE', #412, #1029 ) ;
#3378 = DIRECTION ( 'NONE',  ( 0.000000000000000000, 0.000000000000000000, 1.000000000000000000 ) ) ;
#3379 = DIRECTION ( 'NONE',  ( -1.000000000000000000, 0.000000000000000000, 0.000000000000000000 ) ) ;
#3380 = FACE_OUTER_BOUND ( 'NONE', #78, .T. ) ;
#3381 = DIRECTION ( 'NONE',  ( 1.000000000000000000, 0.000000000000000000, 0.000000000000000000 ) ) ;
#3382 = ORIENTED_EDGE ( 'NONE', *, *, #130, .F. ) ;
#3383 = ADVANCED_FACE ( 'NONE', ( #2035 ), #3110, .F. ) ;
#3384 = VECTOR ( 'NONE', #1847, 1000.000000000000000 ) ;
#3385 = LOCAL_TIME ( 14, 4, 40.00000000000000000, #49 ) ;
#3386 = ORIENTED_EDGE ( 'NONE', *, *, #3456, .F. ) ;
#3387 = VECTOR ( 'NONE', #2153, 1000.000000000000000 ) ;
#3388 = ADVANCED_FACE ( 'NONE', ( #736 ), #1300, .T. ) ;
#3389 = ORIENTED_EDGE ( 'NONE', *, *, #1587, .T. ) ;
#3390 = VERTEX_POINT ( 'NONE', #1266 ) ;
#3391 = AXIS2_PLACEMENT_3D ( 'NONE', #786, #560, #1392 ) ;
#3392 = EDGE_LOOP ( 'NONE', ( #1897, #1597, #1305, #2610 ) ) ;
#3393 = LINE ( 'NONE', #2895, #3291 ) ;
#3394 = DIRECTION ( 'NONE',  ( 1.000000000000000000, 0.000000000000000000, 0.000000000000000000 ) ) ;
#3395 = CARTESIAN_POINT ( 'NONE',  ( 1.499999999985411225, 17.82554346997171990, 0.000000000000000000 ) ) ;
#3396 = CYLINDRICAL_SURFACE ( 'NONE', #219, 1.000000000000002665 ) ;
#3397 = CIRCLE ( 'NONE', #1494, 18.99999999999383959 ) ;
#3398 = AXIS2_PLACEMENT_3D ( 'NONE', #2272, #2025, #3379 ) ;
#3399 = CARTESIAN_POINT ( 'NONE',  ( -11.43883991925759958, -15.17079237552749582, -1.000000000000000000 ) ) ;
#3400 = DIRECTION ( 'NONE',  ( 6.992006517994754656E-15, 1.000000000000000000, 0.000000000000000000 ) ) ;
#3401 = DIRECTION ( 'NONE',  ( 1.000000000000000000, 0.000000000000000000, 0.000000000000000000 ) ) ;
#3402 = ORIENTED_EDGE ( 'NONE', *, *, #1024, .F. ) ;
#3403 = ORIENTED_EDGE ( 'NONE', *, *, #2051, .T. ) ;
#3404 = EDGE_CURVE ( 'NONE', #755, #1197, #697, .T. ) ;
#3405 = EDGE_CURVE ( 'NONE', #775, #818, #1829, .T. ) ;
#3406 = ORIENTED_EDGE ( 'NONE', *, *, #2030, .F. ) ;
#3407 = VERTEX_POINT ( 'NONE', #1017 ) ;
#3408 = ADVANCED_FACE ( 'NONE', ( #2846 ), #3427, .F. ) ;
#3409 = EDGE_CURVE ( 'NONE', #2838, #1500, #3393, .T. ) ;
#3410 = ORIENTED_EDGE ( 'NONE', *, *, #2650, .F. ) ;
#3411 = AXIS2_PLACEMENT_3D ( 'NONE', #2695, #3243, #2445 ) ;
#3412 = CARTESIAN_POINT ( 'NONE',  ( 20.00000000000000000, 17.99999999999998579, 0.000000000000000000 ) ) ;
#3413 = CARTESIAN_POINT ( 'NONE',  ( 0.000000000000000000, 0.000000000000000000, -1.000000000000000000 ) ) ;
#3414 = DIRECTION ( 'NONE',  ( -1.000000000000000000, 3.496003258997377328E-15, 0.000000000000000000 ) ) ;
#3415 = CARTESIAN_POINT ( 'NONE',  ( 3.862882379874063243, -7.005579185128850028, 0.000000000000000000 ) ) ;
#3416 = CARTESIAN_POINT ( 'NONE',  ( -13.66522283772211743, -11.54390249418297110, -1.000000000000000000 ) ) ;
#3417 = DIRECTION ( 'NONE',  ( 1.000000000000000000, 4.724328728373313618E-16, 0.000000000000000000 ) ) ;
#3418 = PLANE ( 'NONE',  #2562 ) ;
#3419 = LINE ( 'NONE', #1067, #953 ) ;
#3420 = ORIENTED_EDGE ( 'NONE', *, *, #507, .T. ) ;
#3421 = CIRCLE ( 'NONE', #2350, 1.999999999999994893 ) ;
#3422 = DIRECTION ( 'NONE',  ( 0.000000000000000000, 0.000000000000000000, 1.000000000000000000 ) ) ;
#3423 = VERTEX_POINT ( 'NONE', #2616 ) ;
#3424 = EDGE_CURVE ( 'NONE', #2950, #2182, #683, .T. ) ;
#3425 = ORIENTED_EDGE ( 'NONE', *, *, #2785, .T. ) ;
#3426 = ORIENTED_EDGE ( 'NONE', *, *, #1221, .F. ) ;
#3427 = PLANE ( 'NONE',  #2944 ) ;
#3428 = CARTESIAN_POINT ( 'NONE',  ( -3.862882379874067240, 7.005579185128871345, -1.000000000000000000 ) ) ;
#3429 = EDGE_CURVE ( 'NONE', #84, #192, #2219, .T. ) ;
#3430 = DIRECTION ( 'NONE',  ( 1.000000000000000000, 0.000000000000000000, 0.000000000000000000 ) ) ;
#3431 = FACE_BOUND ( 'NONE', #127, .T. ) ;
#3432 = ORIENTED_EDGE ( 'NONE', *, *, #2208, .T. ) ;
#3433 = LINE ( 'NONE', #3133, #135 ) ;
#3434 = LINE ( 'NONE', #1026, #418 ) ;
#3435 = CARTESIAN_POINT ( 'NONE',  ( 22.00000000000000000, -13.25000000000000000, -1.000000000000000000 ) ) ;
#3436 = CARTESIAN_POINT ( 'NONE',  ( 0.000000000000000000, 0.000000000000000000, -1.000000000000000000 ) ) ;
#3437 = AXIS2_PLACEMENT_3D ( 'NONE', #498, #1834, #1270 ) ;
#3438 = ORIENTED_EDGE ( 'NONE', *, *, #1222, .T. ) ;
#3439 = AXIS2_PLACEMENT_3D ( 'NONE', #3223, #3242, #241 ) ;
#3440 = DIRECTION ( 'NONE',  ( -0.7071067811865439090, 0.7071067811865511255, 0.000000000000000000 ) ) ;
#3441 = EDGE_LOOP ( 'NONE', ( #1987, #1919, #1515, #2543, #2750, #3201, #329, #2277, #2275, #2627, #1243, #883, #1093, #2359 ) ) ;
#3442 = ORIENTED_EDGE ( 'NONE', *, *, #2789, .T. ) ;
#3443 = VECTOR ( 'NONE', #2468, 1000.000000000000000 ) ;
#3444 = VERTEX_POINT ( 'NONE', #3412 ) ;
#3445 = DATE_AND_TIME ( #833, #923 ) ;
#3446 = DIRECTION ( 'NONE',  ( -1.000000000000000000, 0.000000000000000000, 0.000000000000000000 ) ) ;
#3447 = DIRECTION ( 'NONE',  ( -1.000000000000000000, 0.000000000000000000, 0.000000000000000000 ) ) ;
#3448 = DIRECTION ( 'NONE',  ( 0.000000000000000000, -0.000000000000000000, -1.000000000000000000 ) ) ;
#3449 = AXIS2_PLACEMENT_3D ( 'NONE', #2284, #3363, #2087 ) ;
#3450 = CARTESIAN_POINT ( 'NONE',  ( -18.00000000000000355, 18.00000000000000355, -1.000000000000000000 ) ) ;
#3451 = AXIS2_PLACEMENT_3D ( 'NONE', #2937, #1349, #1386 ) ;
#3452 = EDGE_CURVE ( 'NONE', #1681, #2732, #2363, .T. ) ;
#3453 = CARTESIAN_POINT ( 'NONE',  ( 0.000000000000000000, 0.000000000000000000, -1.000000000000000000 ) ) ;
#3454 = CARTESIAN_POINT ( 'NONE',  ( -17.82554346997171635, 1.499999999985406562, 0.000000000000000000 ) ) ;
#3455 = CARTESIAN_POINT ( 'NONE',  ( 4.345742677358881423, -7.881276583270970804, -1.000000000000000000 ) ) ;
#3456 = EDGE_CURVE ( 'NONE', #3159, #1971, #949, .T. ) ;
#3457 = AXIS2_PLACEMENT_3D ( 'NONE', #1424, #2273, #2472 ) ;
#3458 = EDGE_CURVE ( 'NONE', #2489, #216, #1763, .T. ) ;
#3459 = VERTEX_POINT ( 'NONE', #985 ) ;
#3460 = CARTESIAN_POINT ( 'NONE',  ( 18.00000000000000355, -18.00000000000000711, 0.000000000000000000 ) ) ;
#3461 = DIRECTION ( 'NONE',  ( 0.000000000000000000, 0.000000000000000000, 1.000000000000000000 ) ) ;
#3462 = AXIS2_PLACEMENT_3D ( 'NONE', #1233, #395, #2830 ) ;
#3463 = ORIENTED_EDGE ( 'NONE', *, *, #1741, .T. ) ;
#3464 = DIRECTION ( 'NONE',  ( 0.000000000000000000, 0.000000000000000000, 1.000000000000000000 ) ) ;
#3465 = ORIENTED_EDGE ( 'NONE', *, *, #741, .T. ) ;
#3466 = VERTEX_POINT ( 'NONE', #2053 ) ;
#3467 = COORDINATED_UNIVERSAL_TIME_OFFSET ( 8, 0, .AHEAD. ) ;
#3468 = FACE_OUTER_BOUND ( 'NONE', #1036, .T. ) ;
#3469 = DIRECTION ( 'NONE',  ( 0.000000000000000000, 0.000000000000000000, 1.000000000000000000 ) ) ;
#3470 = CARTESIAN_POINT ( 'NONE',  ( 7.174169802084408687, 5.052849458545458639, 0.000000000000000000 ) ) ;
#3471 = CARTESIAN_POINT ( 'NONE',  ( 1.499999999985411225, 17.82554346997171990, -1.000000000000000000 ) ) ;
#3472 = AXIS2_PLACEMENT_3D ( 'NONE', #2743, #22, #1138 ) ;
#3473 = VECTOR ( 'NONE', #2314, 1000.000000000000000 ) ;
ENDSEC;
END-ISO-10303-21;
