ISO-10303-21;
HEADER;
FILE_DESCRIPTION (( 'STEP AP214' ),
    '1' );
FILE_NAME ('40·çÉÈ²»Ðâ¸Ö¼ÐÆ¬-¸Ä°æ.STEP',
    '2025-08-11T07:22:59',
    ( '' ),
    ( '' ),
    'SwSTEP 2.0',
    'SolidWorks 2021',
    '' );
FILE_SCHEMA (( 'AUTOMOTIVE_DESIGN' ));
ENDSEC;

DATA;
#1 = CARTESIAN_POINT ( 'NONE',  ( 0.000000000000000000, 0.000000000000000000, 0.000000000000000000 ) ) ;
#2 = DIRECTION ( 'NONE',  ( 0.000000000000000000, 0.000000000000000000, 1.000000000000000000 ) ) ;
#3 = AXIS2_PLACEMENT_3D ( 'NONE', #1385, #1124, #4086 ) ;
#4 = VERTEX_POINT ( 'NONE', #3607 ) ;
#5 = ORIENTED_EDGE ( 'NONE', *, *, #3641, .T. ) ;
#6 = DIRECTION ( 'NONE',  ( -1.000000000000000000, 0.000000000000000000, 0.000000000000000000 ) ) ;
#7 = CIRCLE ( 'NONE', #4620, 1.000000000000000000 ) ;
#8 = ORIENTED_EDGE ( 'NONE', *, *, #5300, .T. ) ;
#9 = DIRECTION ( 'NONE',  ( -4.062922706401050560E-15, 1.000000000000000000, 0.000000000000000000 ) ) ;
#10 = DIRECTION ( 'NONE',  ( 0.000000000000000000, 0.000000000000000000, 1.000000000000000000 ) ) ;
#11 = EDGE_LOOP ( 'NONE', ( #2107, #573, #88, #4316, #5108, #885, #3306, #3085 ) ) ;
#12 = DIRECTION ( 'NONE',  ( -0.000000000000000000, -0.000000000000000000, -1.000000000000000000 ) ) ;
#13 = EDGE_LOOP ( 'NONE', ( #1638, #4334, #8, #3767, #3947, #4035, #2861, #414 ) ) ;
#14 = DIRECTION ( 'NONE',  ( 0.000000000000000000, 0.000000000000000000, 1.000000000000000000 ) ) ;
#15 = CARTESIAN_POINT ( 'NONE',  ( 20.00000000000000000, -18.00000000000000000, -1.000000000000000000 ) ) ;
#16 = ORIENTED_EDGE ( 'NONE', *, *, #1917, .F. ) ;
#17 = FACE_OUTER_BOUND ( 'NONE', #2251, .T. ) ;
#18 = ORIENTED_EDGE ( 'NONE', *, *, #3293, .T. ) ;
#19 = LINE ( 'NONE', #5254, #446 ) ;
#20 = CARTESIAN_POINT ( 'NONE',  ( 10.40218306343872356, -7.629193110330127148, 41.57787873376899768 ) ) ;
#21 = VECTOR ( 'NONE', #2331, 1000.000000000000000 ) ;
#22 = DIRECTION ( 'NONE',  ( -1.000000000000000000, 0.000000000000000000, 0.000000000000000000 ) ) ;
#23 = CARTESIAN_POINT ( 'NONE',  ( 22.00000000000000000, 15.25000000000000000, 0.000000000000000000 ) ) ;
#24 = ADVANCED_FACE ( 'NONE', ( #5326 ), #101, .F. ) ;
#25 = VECTOR ( 'NONE', #350, 1000.000000000000000 ) ;
#26 = LINE ( 'NONE', #4750, #4544 ) ;
#27 = EDGE_LOOP ( 'NONE', ( #3284, #3322, #2045, #2091 ) ) ;
#28 = DIRECTION ( 'NONE',  ( -1.000000000000000000, 3.496003258997380089E-15, 0.000000000000000000 ) ) ;
#29 = CARTESIAN_POINT ( 'NONE',  ( 1.900000000005064749, -14.97998664885856002, 0.000000000000000000 ) ) ;
#30 = EDGE_CURVE ( 'NONE', #1561, #4514, #1951, .T. ) ;
#31 = LINE ( 'NONE', #3874, #5024 ) ;
#32 = EDGE_CURVE ( 'NONE', #5121, #4073, #5207, .T. ) ;
#33 = VERTEX_POINT ( 'NONE', #4800 ) ;
#34 = VERTEX_POINT ( 'NONE', #919 ) ;
#35 = VERTEX_POINT ( 'NONE', #4993 ) ;
#36 = CARTESIAN_POINT ( 'NONE',  ( 8.645808232884188982, 1.500000000005115020, -1.000000000000000000 ) ) ;
#37 = VERTEX_POINT ( 'NONE', #4568 ) ;
#38 = CARTESIAN_POINT ( 'NONE',  ( -14.37232961892049943, 10.83679571298073974, -1.000000000000000000 ) ) ;
#39 = CARTESIAN_POINT ( 'NONE',  ( 8.645808232884188982, 2.500000000005115020, 0.000000000000000000 ) ) ;
#40 = AXIS2_PLACEMENT_3D ( 'NONE', #809, #327, #3776 ) ;
#41 = ORIENTED_EDGE ( 'NONE', *, *, #4524, .F. ) ;
#42 = DIRECTION ( 'NONE',  ( 0.000000000000000000, 0.000000000000000000, -1.000000000000000000 ) ) ;
#43 = ORIENTED_EDGE ( 'NONE', *, *, #1739, .T. ) ;
#44 = CYLINDRICAL_SURFACE ( 'NONE', #1763, 14.69999999999999929 ) ;
#45 = ADVANCED_FACE ( 'NONE', ( #4601 ), #1999, .F. ) ;
#46 = AXIS2_PLACEMENT_3D ( 'NONE', #3572, #936, #5245 ) ;
#47 = VECTOR ( 'NONE', #2960, 1000.000000000000000 ) ;
#48 = ORIENTED_EDGE ( 'NONE', *, *, #4393, .T. ) ;
#49 = CARTESIAN_POINT ( 'NONE',  ( 9.248947257249454879, -11.93595302573773331, 0.000000000000000000 ) ) ;
#50 = ORIENTED_EDGE ( 'NONE', *, *, #1118, .F. ) ;
#51 = EDGE_CURVE ( 'NONE', #3069, #3962, #4103, .T. ) ;
#52 = CARTESIAN_POINT ( 'NONE',  ( 18.00000000000000000, 16.00000000000000000, -1.000000000000000000 ) ) ;
#53 = CARTESIAN_POINT ( 'NONE',  ( 12.35475616918361474, 1.500000000005116796, -1.000000000000000000 ) ) ;
#54 = VECTOR ( 'NONE', #3757, 1000.000000000000000 ) ;
#55 = EDGE_CURVE ( 'NONE', #2089, #2294, #1510, .T. ) ;
#56 = EDGE_CURVE ( 'NONE', #2137, #1760, #507, .T. ) ;
#57 = DIRECTION ( 'NONE',  ( 0.000000000000000000, 0.000000000000000000, 1.000000000000000000 ) ) ;
#58 = CARTESIAN_POINT ( 'NONE',  ( -1.499999999985460075, -14.97998664886104869, -1.000000000000000000 ) ) ;
#59 = ORIENTED_EDGE ( 'NONE', *, *, #676, .T. ) ;
#60 = CARTESIAN_POINT ( 'NONE',  ( 5.052849458527489901, 7.174169802094340298, -1.000000000000000000 ) ) ;
#61 = DIRECTION ( 'NONE',  ( 1.000000000000000000, 0.000000000000000000, 0.000000000000000000 ) ) ;
#62 = VECTOR ( 'NONE', #2262, 1000.000000000000000 ) ;
#63 = CIRCLE ( 'NONE', #5211, 1.000000000000000000 ) ;
#64 = DIRECTION ( 'NONE',  ( 1.000000000000000000, 0.000000000000000000, 0.000000000000000000 ) ) ;
#65 = CIRCLE ( 'NONE', #2051, 12.90000000000000213 ) ;
#66 = ORIENTED_EDGE ( 'NONE', *, *, #3651, .F. ) ;
#67 = VECTOR ( 'NONE', #2707, 1000.000000000000000 ) ;
#68 = CIRCLE ( 'NONE', #963, 0.4000000000000001887 ) ;
#69 = DIRECTION ( 'NONE',  ( 0.000000000000000000, 0.000000000000000000, 1.000000000000000000 ) ) ;
#70 = ORIENTED_EDGE ( 'NONE', *, *, #1465, .T. ) ;
#71 = CARTESIAN_POINT ( 'NONE',  ( -10.07963475139406917, 7.392628982878099997, 0.000000000000000000 ) ) ;
#72 = ORIENTED_EDGE ( 'NONE', *, *, #1564, .T. ) ;
#73 = CARTESIAN_POINT ( 'NONE',  ( 9.796792038919496903, -7.675471695352654500, -1.000000000000000000 ) ) ;
#74 = ORIENTED_EDGE ( 'NONE', *, *, #5492, .F. ) ;
#75 = CARTESIAN_POINT ( 'NONE',  ( 18.81585144052600000, -2.638888888873545557, 0.000000000000000000 ) ) ;
#76 = ORIENTED_EDGE ( 'NONE', *, *, #2102, .T. ) ;
#77 = DIRECTION ( 'NONE',  ( 0.000000000000000000, 0.000000000000000000, 1.000000000000000000 ) ) ;
#78 = VERTEX_POINT ( 'NONE', #5048 ) ;
#79 = FACE_OUTER_BOUND ( 'NONE', #4898, .T. ) ;
#80 = CARTESIAN_POINT ( 'NONE',  ( 0.000000000000000000, 0.000000000000000000, 0.000000000000000000 ) ) ;
#81 = DIRECTION ( 'NONE',  ( 1.000000000000000000, 0.000000000000000000, 0.000000000000000000 ) ) ;
#82 = EDGE_LOOP ( 'NONE', ( #4704, #471, #3799, #652 ) ) ;
#83 = EDGE_CURVE ( 'NONE', #35, #3962, #1938, .T. ) ;
#84 = LINE ( 'NONE', #1865, #5471 ) ;
#85 = DIRECTION ( 'NONE',  ( 0.000000000000000000, 0.000000000000000000, 1.000000000000000000 ) ) ;
#86 = COLOUR_RGB ( '',1.000000000000000000, 1.000000000000000000, 1.000000000000000000 ) ;
#87 = DIRECTION ( 'NONE',  ( 1.000000000000000000, 0.000000000000000000, 0.000000000000000000 ) ) ;
#88 = ORIENTED_EDGE ( 'NONE', *, *, #2441, .F. ) ;
#89 = AXIS2_PLACEMENT_3D ( 'NONE', #260, #3290, #4626 ) ;
#90 = CARTESIAN_POINT ( 'NONE',  ( 8.645808232884188982, 1.500000000005115020, -1.000000000000000000 ) ) ;
#91 = EDGE_LOOP ( 'NONE', ( #3098, #4135, #3420, #681 ) ) ;
#92 = VECTOR ( 'NONE', #5139, 1000.000000000000000 ) ;
#93 = ADVANCED_FACE ( 'NONE', ( #1147 ), #658, .T. ) ;
#94 = CARTESIAN_POINT ( 'NONE',  ( -17.82554346997169858, 1.499999999985406118, -1.000000000000000000 ) ) ;
#95 = ORIENTED_EDGE ( 'NONE', *, *, #5505, .T. ) ;
#96 = CARTESIAN_POINT ( 'NONE',  ( 0.000000000000000000, 0.000000000000000000, -1.000000000000000000 ) ) ;
#97 = ORIENTED_EDGE ( 'NONE', *, *, #2171, .F. ) ;
#98 = DIRECTION ( 'NONE',  ( 1.000000000000000000, 0.000000000000000000, 0.000000000000000000 ) ) ;
#99 = EDGE_CURVE ( 'NONE', #3822, #3636, #2943, .T. ) ;
#100 = ADVANCED_FACE ( 'NONE', ( #1176 ), #4512, .F. ) ;
#101 = CYLINDRICAL_SURFACE ( 'NONE', #4391, 1.000000000000000888 ) ;
#102 = DIRECTION ( 'NONE',  ( 0.000000000000000000, 0.000000000000000000, -1.000000000000000000 ) ) ;
#103 = ORIENTED_EDGE ( 'NONE', *, *, #794, .F. ) ;
#104 = CARTESIAN_POINT ( 'NONE',  ( 0.000000000000000000, 0.000000000000000000, 0.000000000000000000 ) ) ;
#105 = FACE_OUTER_BOUND ( 'NONE', #3025, .T. ) ;
#106 = CARTESIAN_POINT ( 'NONE',  ( -7.005579185137619902, 3.862882379858149751, 0.000000000000000000 ) ) ;
#107 = VERTEX_POINT ( 'NONE', #1968 ) ;
#108 = DIRECTION ( 'NONE',  ( 1.000000000000000000, 0.000000000000000000, 0.000000000000000000 ) ) ;
#109 = DIRECTION ( 'NONE',  ( -1.000000000000000000, 0.000000000000000000, 0.000000000000000000 ) ) ;
#110 = AXIS2_PLACEMENT_3D ( 'NONE', #1074, #1866, #5311 ) ;
#111 = CARTESIAN_POINT ( 'NONE',  ( 11.53595302573770276, 9.248947257249493958, -1.000000000000000888 ) ) ;
#112 = VECTOR ( 'NONE', #3441, 1000.000000000000000 ) ;
#113 = ORIENTED_EDGE ( 'NONE', *, *, #3105, .T. ) ;
#114 = FACE_BOUND ( 'NONE', #1798, .T. ) ;
#115 = EDGE_CURVE ( 'NONE', #3351, #3846, #1496, .T. ) ;
#116 = CARTESIAN_POINT ( 'NONE',  ( -7.881276583280840242, 4.345742677340974858, -1.000000000000000000 ) ) ;
#117 = ORIENTED_EDGE ( 'NONE', *, *, #3316, .F. ) ;
#118 = DIRECTION ( 'NONE',  ( 1.000000000000000000, 0.000000000000000000, 0.000000000000000000 ) ) ;
#119 = ORIENTED_EDGE ( 'NONE', *, *, #1742, .T. ) ;
#120 = LINE ( 'NONE', #1027, #425 ) ;
#121 = ORIENTED_EDGE ( 'NONE', *, *, #3742, .T. ) ;
#122 = DIRECTION ( 'NONE',  ( 0.000000000000000000, 0.000000000000000000, 1.000000000000000000 ) ) ;
#123 = VECTOR ( 'NONE', #5167, 1000.000000000000000 ) ;
#124 = EDGE_CURVE ( 'NONE', #2670, #3655, #1537, .T. ) ;
#125 = ORIENTED_EDGE ( 'NONE', *, *, #3142, .F. ) ;
#126 = DIRECTION ( 'NONE',  ( 0.7071067811865510144, 0.7071067811865441310, 0.000000000000000000 ) ) ;
#127 = ORIENTED_EDGE ( 'NONE', *, *, #2242, .T. ) ;
#128 = CARTESIAN_POINT ( 'NONE',  ( 17.82554346996889905, 1.500000000005120127, -1.000000000000000000 ) ) ;
#129 = CARTESIAN_POINT ( 'NONE',  ( -14.62326912834622483, 1.499999999985406118, 41.57787873376899768 ) ) ;
#130 = AXIS2_PLACEMENT_3D ( 'NONE', #4150, #1578, #2667 ) ;
#131 = CIRCLE ( 'NONE', #4565, 0.9999999999999991118 ) ;
#132 = DIRECTION ( 'NONE',  ( 1.000000000000000000, 0.000000000000000000, 0.000000000000000000 ) ) ;
#133 = EDGE_LOOP ( 'NONE', ( #4979, #4194, #305, #4731 ) ) ;
#134 = EDGE_CURVE ( 'NONE', #5433, #5514, #1065, .T. ) ;
#135 = CIRCLE ( 'NONE', #3567, 2.000000000000001776 ) ;
#136 = CARTESIAN_POINT ( 'NONE',  ( 10.83679571298061894, 14.37232961892061844, -1.000000000000000000 ) ) ;
#137 = CARTESIAN_POINT ( 'NONE',  ( 18.81585144052309744, 2.638888888894340479, -1.000000000000000000 ) ) ;
#138 = CYLINDRICAL_SURFACE ( 'NONE', #141, 18.99999999999380051 ) ;
#139 = ORIENTED_EDGE ( 'NONE', *, *, #4564, .T. ) ;
#140 = DIRECTION ( 'NONE',  ( -1.000000000000000000, 0.000000000000000000, 0.000000000000000000 ) ) ;
#141 = AXIS2_PLACEMENT_3D ( 'NONE', #4389, #3561, #87 ) ;
#142 = DIRECTION ( 'NONE',  ( -0.000000000000000000, -0.000000000000000000, -1.000000000000000000 ) ) ;
#143 = ORIENTED_EDGE ( 'NONE', *, *, #4208, .F. ) ;
#144 = CIRCLE ( 'NONE', #2053, 0.3999999999999993006 ) ;
#145 = EDGE_CURVE ( 'NONE', #4041, #392, #3904, .T. ) ;
#146 = PLANE ( 'NONE',  #4567 ) ;
#147 = AXIS2_PLACEMENT_3D ( 'NONE', #3630, #3603, #1062 ) ;
#148 = ORIENTED_EDGE ( 'NONE', *, *, #3644, .T. ) ;
#149 = EDGE_CURVE ( 'NONE', #1652, #4053, #3632, .T. ) ;
#150 = LINE ( 'NONE', #3147, #1596 ) ;
#151 = EDGE_CURVE ( 'NONE', #1082, #648, #4630, .T. ) ;
#152 = ORIENTED_EDGE ( 'NONE', *, *, #807, .T. ) ;
#153 = VECTOR ( 'NONE', #4004, 1000.000000000000000 ) ;
#154 = CARTESIAN_POINT ( 'NONE',  ( 18.00000000000000000, -16.00000000000000000, -1.000000000000000000 ) ) ;
#155 = ORIENTED_EDGE ( 'NONE', *, *, #2956, .F. ) ;
#156 = LINE ( 'NONE', #1404, #21 ) ;
#157 = EDGE_LOOP ( 'NONE', ( #5586, #4689, #5168, #4724 ) ) ;
#158 = CARTESIAN_POINT ( 'NONE',  ( -1.899999999985459986, -14.97998664886104514, 0.000000000000000000 ) ) ;
#159 = DIRECTION ( 'NONE',  ( 0.7071067811865535679, 0.7071067811865415775, 0.000000000000000000 ) ) ;
#160 = EDGE_CURVE ( 'NONE', #4053, #759, #4962, .T. ) ;
#161 = DIRECTION ( 'NONE',  ( -3.165300248010120390E-15, -1.000000000000000000, 0.000000000000000000 ) ) ;
#162 = ORIENTED_EDGE ( 'NONE', *, *, #5601, .F. ) ;
#163 = DIRECTION ( 'NONE',  ( 1.000000000000000000, 0.000000000000000000, 0.000000000000000000 ) ) ;
#164 = CARTESIAN_POINT ( 'NONE',  ( 1.499999999985410115, 17.82554346997169858, -1.000000000000000000 ) ) ;
#165 = FACE_OUTER_BOUND ( 'NONE', #2522, .T. ) ;
#166 = EDGE_CURVE ( 'NONE', #1652, #3997, #259, .T. ) ;
#167 = DIRECTION ( 'NONE',  ( 6.992006517994760179E-15, 1.000000000000000000, 0.000000000000000000 ) ) ;
#168 = ORIENTED_EDGE ( 'NONE', *, *, #4166, .T. ) ;
#169 = CARTESIAN_POINT ( 'NONE',  ( -16.00000000000000000, -16.00000000000000000, 0.000000000000000000 ) ) ;
#170 = VECTOR ( 'NONE', #980, 1000.000000000000000 ) ;
#171 = LINE ( 'NONE', #1902, #2771 ) ;
#172 = ORIENTED_EDGE ( 'NONE', *, *, #1139, .F. ) ;
#173 = PRESENTATION_LAYER_ASSIGNMENT (  '', '', ( #2978 ) ) ;
#174 = CARTESIAN_POINT ( 'NONE',  ( 7.629193110330107608, 10.40218306343873600, -1.000000000000000000 ) ) ;
#175 = ORIENTED_EDGE ( 'NONE', *, *, #2572, .T. ) ;
#176 = DIRECTION ( 'NONE',  ( 0.000000000000000000, 0.000000000000000000, 1.000000000000000000 ) ) ;
#177 = VERTEX_POINT ( 'NONE', #5020 ) ;
#178 = AXIS2_PLACEMENT_3D ( 'NONE', #3856, #1232, #3916 ) ;
#179 = VECTOR ( 'NONE', #4637, 1000.000000000000000 ) ;
#180 = CARTESIAN_POINT ( 'NONE',  ( 0.000000000000000000, 0.000000000000000000, 0.000000000000000000 ) ) ;
#181 = CARTESIAN_POINT ( 'NONE',  ( -17.82554346997169858, 2.499999999985400123, -1.000000000000000000 ) ) ;
#182 = FACE_OUTER_BOUND ( 'NONE', #1965, .T. ) ;
#183 = ORIENTED_EDGE ( 'NONE', *, *, #2036, .T. ) ;
#184 = DIRECTION ( 'NONE',  ( 1.000000000000000000, 0.000000000000000000, 0.000000000000000000 ) ) ;
#185 = DIRECTION ( 'NONE',  ( 0.000000000000000000, 0.000000000000000000, 1.000000000000000000 ) ) ;
#186 = DIRECTION ( 'NONE',  ( 1.000000000000000000, 0.000000000000000000, 0.000000000000000000 ) ) ;
#187 = ORIENTED_EDGE ( 'NONE', *, *, #2343, .F. ) ;
#188 = CARTESIAN_POINT ( 'NONE',  ( -1.500000000005125900, 14.97998664885855469, 0.000000000000000000 ) ) ;
#189 = CARTESIAN_POINT ( 'NONE',  ( 0.000000000000000000, 0.000000000000000000, 41.57787873376899768 ) ) ;
#190 = CARTESIAN_POINT ( 'NONE',  ( -15.17079237552750115, 11.43883991925765997, -1.000000000000000000 ) ) ;
#191 = DIRECTION ( 'NONE',  ( -0.000000000000000000, -0.000000000000000000, -1.000000000000000000 ) ) ;
#192 = ORIENTED_EDGE ( 'NONE', *, *, #5236, .T. ) ;
#193 = EDGE_CURVE ( 'NONE', #4911, #2229, #4167, .T. ) ;
#194 = DIRECTION ( 'NONE',  ( 0.000000000000000000, 0.000000000000000000, 1.000000000000000000 ) ) ;
#195 = EDGE_CURVE ( 'NONE', #5309, #4698, #5465, .T. ) ;
#196 = DIRECTION ( 'NONE',  ( 0.000000000000000000, 0.000000000000000000, 1.000000000000000000 ) ) ;
#197 = AXIS2_PLACEMENT_3D ( 'NONE', #2202, #1376, #474 ) ;
#198 = VERTEX_POINT ( 'NONE', #4254 ) ;
#199 = CARTESIAN_POINT ( 'NONE',  ( 11.43883991925751964, 15.17079237552759885, -1.000000000000000000 ) ) ;
#200 = VERTEX_POINT ( 'NONE', #2108 ) ;
#201 = CARTESIAN_POINT ( 'NONE',  ( -11.54390249418310077, 13.66522283772210145, -1.000000000000000000 ) ) ;
#202 = ORIENTED_EDGE ( 'NONE', *, *, #258, .T. ) ;
#203 = CARTESIAN_POINT ( 'NONE',  ( -2.500000000005025313, 8.645808232884210298, -1.000000000000000000 ) ) ;
#204 = DIRECTION ( 'NONE',  ( 0.7071067811865480168, -0.7071067811865470176, 0.000000000000000000 ) ) ;
#205 = CYLINDRICAL_SURFACE ( 'NONE', #4897, 7.999999999990759392 ) ;
#206 = ORIENTED_EDGE ( 'NONE', *, *, #3225, .T. ) ;
#207 = FACE_OUTER_BOUND ( 'NONE', #4434, .T. ) ;
#208 = CARTESIAN_POINT ( 'NONE',  ( -8.645808232884228062, -1.500000000005100143, -1.000000000000000000 ) ) ;
#209 = VERTEX_POINT ( 'NONE', #2528 ) ;
#210 = EDGE_CURVE ( 'NONE', #1347, #4535, #1919, .T. ) ;
#211 = AXIS2_PLACEMENT_3D ( 'NONE', #208, #3639, #1944 ) ;
#212 = EDGE_CURVE ( 'NONE', #2378, #3695, #2016, .T. ) ;
#213 = VERTEX_POINT ( 'NONE', #3405 ) ;
#214 = DIRECTION ( 'NONE',  ( 0.000000000000000000, 0.000000000000000000, 1.000000000000000000 ) ) ;
#215 = EDGE_CURVE ( 'NONE', #3901, #1082, #1200, .T. ) ;
#216 = DIRECTION ( 'NONE',  ( 1.000000000000000000, 0.000000000000000000, 0.000000000000000000 ) ) ;
#217 = DIRECTION ( 'NONE',  ( -1.000000000000000000, 0.000000000000000000, 0.000000000000000000 ) ) ;
#218 = FACE_OUTER_BOUND ( 'NONE', #5554, .T. ) ;
#219 = AXIS2_PLACEMENT_3D ( 'NONE', #1316, #2220, #546 ) ;
#220 = ORIENTED_EDGE ( 'NONE', *, *, #701, .F. ) ;
#221 = EDGE_LOOP ( 'NONE', ( #2830, #4430, #1195, #1525 ) ) ;
#222 = FACE_BOUND ( 'NONE', #2682, .T. ) ;
#223 = EDGE_CURVE ( 'NONE', #5454, #4041, #5585, .T. ) ;
#224 = DIRECTION ( 'NONE',  ( 1.000000000000000000, 1.626303258728259412E-15, 0.000000000000000000 ) ) ;
#225 = ORIENTED_EDGE ( 'NONE', *, *, #1029, .T. ) ;
#226 = DIRECTION ( 'NONE',  ( 1.000000000000000000, 0.000000000000000000, 0.000000000000000000 ) ) ;
#227 = VERTEX_POINT ( 'NONE', #5551 ) ;
#228 = LINE ( 'NONE', #1964, #4486 ) ;
#229 = ORIENTED_EDGE ( 'NONE', *, *, #1741, .T. ) ;
#230 = FACE_OUTER_BOUND ( 'NONE', #5103, .T. ) ;
#231 = VECTOR ( 'NONE', #578, 1000.000000000000000 ) ;
#232 = AXIS2_PLACEMENT_3D ( 'NONE', #4237, #696, #5083 ) ;
#233 = CARTESIAN_POINT ( 'NONE',  ( 0.000000000000000000, 0.000000000000000000, -1.000000000000000000 ) ) ;
#234 = DIRECTION ( 'NONE',  ( 1.000000000000000000, 0.000000000000000000, 0.000000000000000000 ) ) ;
#235 = VERTEX_POINT ( 'NONE', #2614 ) ;
#236 = AXIS2_PLACEMENT_3D ( 'NONE', #763, #3253, #5068 ) ;
#237 = CARTESIAN_POINT ( 'NONE',  ( 0.000000000000000000, 0.000000000000000000, 41.57787873376899768 ) ) ;
#238 = PLANE ( 'NONE',  #3926 ) ;
#239 = ORIENTED_EDGE ( 'NONE', *, *, #2416, .F. ) ;
#240 = LINE ( 'NONE', #2845, #3123 ) ;
#241 = VERTEX_POINT ( 'NONE', #2555 ) ;
#242 = CARTESIAN_POINT ( 'NONE',  ( -7.675471695352679369, -9.796792038919463153, -1.000000000000000000 ) ) ;
#243 = DIRECTION ( 'NONE',  ( 0.000000000000000000, 1.000000000000000000, 0.000000000000000000 ) ) ;
#244 = CARTESIAN_POINT ( 'NONE',  ( -11.61976883962551454, -9.003942031891805087, 0.000000000000000000 ) ) ;
#245 = EDGE_LOOP ( 'NONE', ( #4654, #4480, #568, #2750 ) ) ;
#246 = ORIENTED_EDGE ( 'NONE', *, *, #733, .F. ) ;
#247 = CARTESIAN_POINT ( 'NONE',  ( -8.645808232884228062, -1.500000000005100143, -1.000000000000000000 ) ) ;
#248 = DIRECTION ( 'NONE',  ( 1.000000000000000000, 0.000000000000000000, 0.000000000000000000 ) ) ;
#249 = VERTEX_POINT ( 'NONE', #3823 ) ;
#250 = CARTESIAN_POINT ( 'NONE',  ( -12.75010836659749103, -1.960800000005278321, 41.57787873376899768 ) ) ;
#251 = ORIENTED_EDGE ( 'NONE', *, *, #1550, .T. ) ;
#252 = AXIS2_PLACEMENT_3D ( 'NONE', #3262, #1517, #4908 ) ;
#253 = FACE_OUTER_BOUND ( 'NONE', #4823, .T. ) ;
#254 = ORIENTED_EDGE ( 'NONE', *, *, #4393, .F. ) ;
#255 = AXIS2_PLACEMENT_3D ( 'NONE', #1650, #2957, #3039 ) ;
#256 = CYLINDRICAL_SURFACE ( 'NONE', #3395, 1.000000000000000888 ) ;
#257 = VECTOR ( 'NONE', #2685, 1000.000000000000000 ) ;
#258 = EDGE_CURVE ( 'NONE', #1063, #2803, #5526, .T. ) ;
#259 = LINE ( 'NONE', #5438, #476 ) ;
#260 = CARTESIAN_POINT ( 'NONE',  ( 1.499999999985410115, 17.82554346997169858, -1.000000000000000000 ) ) ;
#261 = VERTEX_POINT ( 'NONE', #2057 ) ;
#262 = ADVANCED_FACE ( 'NONE', ( #5131 ), #2585, .F. ) ;
#263 = AXIS2_PLACEMENT_3D ( 'NONE', #3448, #3056, #3870 ) ;
#264 = DIRECTION ( 'NONE',  ( 1.000000000000000000, 0.000000000000000000, 0.000000000000000000 ) ) ;
#265 = EDGE_CURVE ( 'NONE', #5375, #935, #3462, .T. ) ;
#266 = CARTESIAN_POINT ( 'NONE',  ( 2.638888888873515359, 18.81585144052604974, -1.000000000000000000 ) ) ;
#267 = CIRCLE ( 'NONE', #3438, 1.000000000000000000 ) ;
#268 = ORIENTED_EDGE ( 'NONE', *, *, #1154, .F. ) ;
#269 = CARTESIAN_POINT ( 'NONE',  ( 2.638888888873515359, 18.81585144052604974, -1.000000000000000000 ) ) ;
#270 = ORIENTED_EDGE ( 'NONE', *, *, #5334, .T. ) ;
#271 = DIRECTION ( 'NONE',  ( 1.000000000000000000, 0.000000000000000000, 0.000000000000000000 ) ) ;
#272 =( NAMED_UNIT ( * ) PLANE_ANGLE_UNIT ( ) SI_UNIT ( $, .RADIAN. ) );
#273 = DIRECTION ( 'NONE',  ( 1.000000000000000000, 0.000000000000000000, 0.000000000000000000 ) ) ;
#274 = CARTESIAN_POINT ( 'NONE',  ( -13.66522283772212099, -11.54390249418296044, -1.000000000000000000 ) ) ;
#275 = ORIENTED_EDGE ( 'NONE', *, *, #4121, .T. ) ;
#276 = VERTEX_POINT ( 'NONE', #1673 ) ;
#277 = DIRECTION ( 'NONE',  ( -0.7071067811865441310, 0.7071067811865510144, 0.000000000000000000 ) ) ;
#278 = CARTESIAN_POINT ( 'NONE',  ( -2.499999999985414778, -8.645808232889889311, 0.000000000000000000 ) ) ;
#279 = ORIENTED_EDGE ( 'NONE', *, *, #806, .F. ) ;
#280 = VERTEX_POINT ( 'NONE', #3009 ) ;
#281 = EDGE_CURVE ( 'NONE', #1884, #5573, #5176, .T. ) ;
#282 = CARTESIAN_POINT ( 'NONE',  ( 22.00000000000000000, 15.25000000000000000, -1.000000000000000000 ) ) ;
#283 = ORIENTED_EDGE ( 'NONE', *, *, #5423, .T. ) ;
#284 = EDGE_CURVE ( 'NONE', #4570, #1995, #3457, .T. ) ;
#285 = EDGE_CURVE ( 'NONE', #2865, #3393, #3694, .T. ) ;
#286 = AXIS2_PLACEMENT_3D ( 'NONE', #3952, #3530, #894 ) ;
#287 = DIRECTION ( 'NONE',  ( 0.000000000000000000, 0.000000000000000000, 1.000000000000000000 ) ) ;
#288 = AXIS2_PLACEMENT_3D ( 'NONE', #1014, #2715, #3188 ) ;
#289 = AXIS2_PLACEMENT_3D ( 'NONE', #5188, #1257, #2083 ) ;
#290 = CARTESIAN_POINT ( 'NONE',  ( -18.00000000000000000, -20.00000000000000000, -1.000000000000000000 ) ) ;
#291 = CARTESIAN_POINT ( 'NONE',  ( 7.174169802084409575, 5.052849458545460415, 0.000000000000000000 ) ) ;
#292 = ORIENTED_EDGE ( 'NONE', *, *, #4092, .F. ) ;
#293 = CARTESIAN_POINT ( 'NONE',  ( -1.500000000005020206, 17.82554346996894878, -1.000000000000000000 ) ) ;
#294 = LINE ( 'NONE', #2930, #1308 ) ;
#295 = EDGE_LOOP ( 'NONE', ( #4204, #4856, #4705, #1337 ) ) ;
#296 = LINE ( 'NONE', #1544, #420 ) ;
#297 = AXIS2_PLACEMENT_3D ( 'NONE', #247, #3336, #2826 ) ;
#298 = DIRECTION ( 'NONE',  ( 1.000000000000000000, 0.000000000000000000, 0.000000000000000000 ) ) ;
#299 = SURFACE_STYLE_USAGE ( .BOTH. , #1606 ) ;
#300 = DIRECTION ( 'NONE',  ( 0.000000000000000000, 0.000000000000000000, 1.000000000000000000 ) ) ;
#301 = DIRECTION ( 'NONE',  ( -0.000000000000000000, 0.000000000000000000, 1.000000000000000000 ) ) ;
#302 = EDGE_CURVE ( 'NONE', #370, #3307, #2976, .T. ) ;
#303 = AXIS2_PLACEMENT_3D ( 'NONE', #2114, #2533, #4235 ) ;
#304 = ORIENTED_EDGE ( 'NONE', *, *, #2501, .T. ) ;
#305 = ORIENTED_EDGE ( 'NONE', *, *, #2858, .T. ) ;
#306 = LINE ( 'NONE', #5008, #2742 ) ;
#307 = CIRCLE ( 'NONE', #3480, 0.3999999999999993006 ) ;
#308 = LINE ( 'NONE', #5456, #2681 ) ;
#309 = ORIENTED_EDGE ( 'NONE', *, *, #4450, .F. ) ;
#310 = VECTOR ( 'NONE', #1825, 1000.000000000000000 ) ;
#311 =( NAMED_UNIT ( * ) PLANE_ANGLE_UNIT ( ) SI_UNIT ( $, .RADIAN. ) );
#312 = ORIENTED_EDGE ( 'NONE', *, *, #4156, .T. ) ;
#313 = FACE_OUTER_BOUND ( 'NONE', #2451, .T. ) ;
#314 = VERTEX_POINT ( 'NONE', #5159 ) ;
#315 = VECTOR ( 'NONE', #5299, 1000.000000000000000 ) ;
#316 = CYLINDRICAL_SURFACE ( 'NONE', #4111, 1.000000000000000888 ) ;
#317 = VERTEX_POINT ( 'NONE', #406 ) ;
#318 = EDGE_CURVE ( 'NONE', #5129, #1609, #536, .T. ) ;
#319 = EDGE_CURVE ( 'NONE', #2198, #1318, #4733, .T. ) ;
#320 = DIRECTION ( 'NONE',  ( 1.000000000000000000, 0.000000000000000000, 0.000000000000000000 ) ) ;
#321 = CARTESIAN_POINT ( 'NONE',  ( 1.500000000005065059, -14.97998664885855824, -1.000000000000000000 ) ) ;
#322 = ORIENTED_EDGE ( 'NONE', *, *, #4095, .T. ) ;
#323 = CARTESIAN_POINT ( 'NONE',  ( 12.75010836659748925, 1.960800000005280097, 0.000000000000000000 ) ) ;
#324 = VECTOR ( 'NONE', #5237, 1000.000000000000000 ) ;
#325 = CIRCLE ( 'NONE', #2949, 7.999999999990759392 ) ;
#326 = CIRCLE ( 'NONE', #2951, 14.69999999999999929 ) ;
#327 = DIRECTION ( 'NONE',  ( 0.000000000000000000, 0.000000000000000000, 1.000000000000000000 ) ) ;
#328 = EDGE_LOOP ( 'NONE', ( #192, #1953, #2436, #1168 ) ) ;
#329 = VECTOR ( 'NONE', #363, 1000.000000000000000 ) ;
#330 = CIRCLE ( 'NONE', #4942, 0.3999999999999993006 ) ;
#331 = CYLINDRICAL_SURFACE ( 'NONE', #1679, 12.90000000000000213 ) ;
#332 = FACE_OUTER_BOUND ( 'NONE', #5398, .T. ) ;
#333 = DIRECTION ( 'NONE',  ( -1.000000000000000000, 0.000000000000000000, 0.000000000000000000 ) ) ;
#334 = DIRECTION ( 'NONE',  ( 0.000000000000000000, 0.000000000000000000, 1.000000000000000000 ) ) ;
#335 = DIRECTION ( 'NONE',  ( 0.7071067811865535679, 0.7071067811865415775, 0.000000000000000000 ) ) ;
#336 = ADVANCED_FACE ( 'NONE', ( #801 ), #435, .T. ) ;
#337 = VERTEX_POINT ( 'NONE', #1733 ) ;
#338 = ORIENTED_EDGE ( 'NONE', *, *, #3400, .F. ) ;
#339 = CARTESIAN_POINT ( 'NONE',  ( 20.00000000000000000, -18.00000000000000000, -1.000000000000000000 ) ) ;
#340 = ADVANCED_FACE ( 'NONE', ( #1317 ), #4769, .F. ) ;
#341 = EDGE_CURVE ( 'NONE', #4641, #1049, #3425, .T. ) ;
#342 = DIRECTION ( 'NONE',  ( -0.000000000000000000, -0.000000000000000000, -1.000000000000000000 ) ) ;
#343 = ORIENTED_EDGE ( 'NONE', *, *, #4496, .F. ) ;
#344 = SURFACE_SIDE_STYLE ('',( #369 ) ) ;
#345 = ORIENTED_EDGE ( 'NONE', *, *, #2928, .T. ) ;
#346 = DIRECTION ( 'NONE',  ( 0.000000000000000000, 0.000000000000000000, 1.000000000000000000 ) ) ;
#347 = VERTEX_POINT ( 'NONE', #466 ) ;
#348 = CARTESIAN_POINT ( 'NONE',  ( -10.40218306342660703, -7.629193110346642825, -1.000000000000000000 ) ) ;
#349 = ORIENTED_EDGE ( 'NONE', *, *, #2795, .F. ) ;
#350 = DIRECTION ( 'NONE',  ( -0.000000000000000000, -0.000000000000000000, -1.000000000000000000 ) ) ;
#351 = CARTESIAN_POINT ( 'NONE',  ( 0.000000000000000000, 0.000000000000000000, 0.000000000000000000 ) ) ;
#352 = EDGE_LOOP ( 'NONE', ( #268, #2823, #2430, #827 ) ) ;
#353 = CARTESIAN_POINT ( 'NONE',  ( 11.93595302574987649, -9.248947257233798069, -1.000000000000000888 ) ) ;
#354 = CARTESIAN_POINT ( 'NONE',  ( 7.005579185137649212, -3.862882379858100013, 0.000000000000000000 ) ) ;
#355 = ORIENTED_EDGE ( 'NONE', *, *, #1883, .F. ) ;
#356 = LINE ( 'NONE', #1183, #959 ) ;
#357 = VERTEX_POINT ( 'NONE', #2195 ) ;
#358 = ADVANCED_FACE ( 'NONE', ( #818 ), #1336, .F. ) ;
#359 = LINE ( 'NONE', #3835, #92 ) ;
#360 = DIRECTION ( 'NONE',  ( 0.000000000000000000, 0.000000000000000000, 1.000000000000000000 ) ) ;
#361 = DIRECTION ( 'NONE',  ( 1.000000000000000000, 0.000000000000000000, 0.000000000000000000 ) ) ;
#362 = VECTOR ( 'NONE', #3725, 1000.000000000000000 ) ;
#363 = DIRECTION ( 'NONE',  ( -0.000000000000000000, -0.000000000000000000, -1.000000000000000000 ) ) ;
#364 = CARTESIAN_POINT ( 'NONE',  ( -4.345742677358824579, 7.881276583271000113, -1.000000000000000000 ) ) ;
#365 = VERTEX_POINT ( 'NONE', #4697 ) ;
#366 = LINE ( 'NONE', #761, #727 ) ;
#367 = FACE_OUTER_BOUND ( 'NONE', #1908, .T. ) ;
#368 = ADVANCED_FACE ( 'NONE', ( #1663 ), #2970, .T. ) ;
#369 = SURFACE_STYLE_FILL_AREA ( #2076 ) ;
#370 = VERTEX_POINT ( 'NONE', #3024 ) ;
#371 = ORIENTED_EDGE ( 'NONE', *, *, #2537, .T. ) ;
#372 = FACE_OUTER_BOUND ( 'NONE', #1982, .T. ) ;
#373 = ORIENTED_EDGE ( 'NONE', *, *, #3513, .F. ) ;
#374 = EDGE_CURVE ( 'NONE', #4465, #1903, #2824, .T. ) ;
#375 = EDGE_CURVE ( 'NONE', #643, #427, #387, .T. ) ;
#376 = CARTESIAN_POINT ( 'NONE',  ( 17.82554346997164885, -2.499999999985414778, -1.000000000000000000 ) ) ;
#377 = DIRECTION ( 'NONE',  ( -1.000000000000000000, 0.000000000000000000, 0.000000000000000000 ) ) ;
#378 = ORIENTED_EDGE ( 'NONE', *, *, #2211, .F. ) ;
#379 = CARTESIAN_POINT ( 'NONE',  ( 0.000000000000000000, 0.000000000000000000, -1.000000000000000000 ) ) ;
#380 = DIRECTION ( 'NONE',  ( -0.000000000000000000, -0.000000000000000000, -1.000000000000000000 ) ) ;
#381 = CIRCLE ( 'NONE', #1380, 0.3999999999999993006 ) ;
#382 = EDGE_LOOP ( 'NONE', ( #3762, #270, #1712, #2072, #1294, #2132, #744, #2018 ) ) ;
#383 = DIRECTION ( 'NONE',  ( 1.000000000000000000, 0.000000000000000000, 0.000000000000000000 ) ) ;
#384 = ORIENTED_EDGE ( 'NONE', *, *, #5505, .F. ) ;
#385 = DIRECTION ( 'NONE',  ( -1.000000000000000000, 0.000000000000000000, 0.000000000000000000 ) ) ;
#386 = CARTESIAN_POINT ( 'NONE',  ( -10.40218306342660703, -7.629193110346642825, 0.000000000000000000 ) ) ;
#387 = CIRCLE ( 'NONE', #4813, 12.90000000000000213 ) ;
#388 = FACE_OUTER_BOUND ( 'NONE', #3071, .T. ) ;
#389 = LINE ( 'NONE', #5568, #5476 ) ;
#390 = EDGE_CURVE ( 'NONE', #1149, #708, #26, .T. ) ;
#391 = CARTESIAN_POINT ( 'NONE',  ( 16.00000000000000000, 16.00000000000000000, -1.000000000000000000 ) ) ;
#392 = VERTEX_POINT ( 'NONE', #4267 ) ;
#393 = EDGE_CURVE ( 'NONE', #3819, #3426, #5537, .T. ) ;
#394 = EDGE_CURVE ( 'NONE', #5433, #4409, #4782, .T. ) ;
#395 = CARTESIAN_POINT ( 'NONE',  ( -3.862882379874069905, 7.005579185128870456, -1.000000000000000000 ) ) ;
#396 = CARTESIAN_POINT ( 'NONE',  ( 26.25000000000000000, -13.25000000000000000, -1.000000000000000000 ) ) ;
#397 = PRESENTATION_STYLE_ASSIGNMENT (( #766 ) ) ;
#398 = ORIENTED_EDGE ( 'NONE', *, *, #1203, .T. ) ;
#399 = ORIENTED_EDGE ( 'NONE', *, *, #5315, .T. ) ;
#400 = AXIS2_PLACEMENT_3D ( 'NONE', #5591, #2064, #3751 ) ;
#401 = ADVANCED_FACE ( 'NONE', ( #2602 ), #4327, .F. ) ;
#402 = CIRCLE ( 'NONE', #4741, 1.000000000000000888 ) ;
#403 = FACE_BOUND ( 'NONE', #3209, .T. ) ;
#404 = ORIENTED_EDGE ( 'NONE', *, *, #543, .T. ) ;
#405 = VECTOR ( 'NONE', #3890, 1000.000000000000000 ) ;
#406 = CARTESIAN_POINT ( 'NONE',  ( 12.35475616918664876, -1.499999999985397015, 0.000000000000000000 ) ) ;
#407 = AXIS2_PLACEMENT_3D ( 'NONE', #158, #693, #1887 ) ;
#408 = FACE_OUTER_BOUND ( 'NONE', #5018, .T. ) ;
#409 = VERTEX_POINT ( 'NONE', #58 ) ;
#410 = CARTESIAN_POINT ( 'NONE',  ( -6.881276583280840242, 4.345742677340974858, -1.000000000000000000 ) ) ;
#411 = AXIS2_PLACEMENT_3D ( 'NONE', #5490, #5094, #1221 ) ;
#412 = ADVANCED_FACE ( 'NONE', ( #2656 ), #5572, .T. ) ;
#413 = CARTESIAN_POINT ( 'NONE',  ( -18.00000000000000000, 20.00000000000000000, 0.000000000000000000 ) ) ;
#414 = ORIENTED_EDGE ( 'NONE', *, *, #285, .F. ) ;
#415 = CARTESIAN_POINT ( 'NONE',  ( 0.000000000000000000, 0.000000000000000000, -1.000000000000000000 ) ) ;
#416 = ORIENTED_EDGE ( 'NONE', *, *, #215, .T. ) ;
#417 = CIRCLE ( 'NONE', #3579, 1.999999999999998224 ) ;
#418 = CARTESIAN_POINT ( 'NONE',  ( -1.960800000005278321, 12.75010836659749103, -1.000000000000000000 ) ) ;
#419 = CARTESIAN_POINT ( 'NONE',  ( 8.645808232884188982, 1.500000000005115020, -1.000000000000000000 ) ) ;
#420 = VECTOR ( 'NONE', #811, 1000.000000000000000 ) ;
#421 = DIRECTION ( 'NONE',  ( 1.000000000000000000, 0.000000000000000000, 0.000000000000000000 ) ) ;
#422 = CARTESIAN_POINT ( 'NONE',  ( -14.37232961892049943, 10.83679571298073974, 0.000000000000000000 ) ) ;
#423 = CIRCLE ( 'NONE', #4760, 12.90000000000000213 ) ;
#424 = CIRCLE ( 'NONE', #4671, 2.000000000000000000 ) ;
#425 = VECTOR ( 'NONE', #3545, 999.9999999999998863 ) ;
#426 = DIRECTION ( 'NONE',  ( 0.000000000000000000, 0.000000000000000000, 1.000000000000000000 ) ) ;
#427 = VERTEX_POINT ( 'NONE', #3419 ) ;
#428 = DIRECTION ( 'NONE',  ( 0.000000000000000000, 0.000000000000000000, 1.000000000000000000 ) ) ;
#429 = VECTOR ( 'NONE', #360, 1000.000000000000000 ) ;
#430 = DIRECTION ( 'NONE',  ( 1.000000000000000000, 0.000000000000000000, 0.000000000000000000 ) ) ;
#431 = ORIENTED_EDGE ( 'NONE', *, *, #3266, .F. ) ;
#432 = ORIENTED_EDGE ( 'NONE', *, *, #806, .T. ) ;
#433 = FACE_OUTER_BOUND ( 'NONE', #1529, .T. ) ;
#434 = VERTEX_POINT ( 'NONE', #481 ) ;
#435 = PLANE ( 'NONE',  #1984 ) ;
#436 = VERTEX_POINT ( 'NONE', #3929 ) ;
#437 = CARTESIAN_POINT ( 'NONE',  ( -1.500000000005100143, 8.645808232884220956, 0.000000000000000000 ) ) ;
#438 = ORIENTED_EDGE ( 'NONE', *, *, #5091, .F. ) ;
#439 = CARTESIAN_POINT ( 'NONE',  ( 4.345742677358879646, -7.881276583270970804, -1.000000000000000000 ) ) ;
#440 = EDGE_CURVE ( 'NONE', #3049, #1746, #3431, .T. ) ;
#441 = CARTESIAN_POINT ( 'NONE',  ( -8.645808232889910627, 1.499999999985406118, -1.000000000000000000 ) ) ;
#442 = EDGE_CURVE ( 'NONE', #4686, #5121, #2998, .T. ) ;
#443 = ORIENTED_EDGE ( 'NONE', *, *, #5141, .T. ) ;
#444 = DIRECTION ( 'NONE',  ( -1.000000000000000000, 0.000000000000000000, 0.000000000000000000 ) ) ;
#445 = ORIENTED_EDGE ( 'NONE', *, *, #2808, .F. ) ;
#446 = VECTOR ( 'NONE', #5229, 1000.000000000000000 ) ;
#447 = CYLINDRICAL_SURFACE ( 'NONE', #3333, 0.9999999999999499289 ) ;
#448 = CARTESIAN_POINT ( 'NONE',  ( 8.645808232884188982, 1.500000000005115020, 0.000000000000000000 ) ) ;
#449 = EDGE_CURVE ( 'NONE', #4589, #4012, #1991, .T. ) ;
#450 = CARTESIAN_POINT ( 'NONE',  ( 2.499999999985405008, 8.645808232889910627, 0.000000000000000000 ) ) ;
#451 = DIRECTION ( 'NONE',  ( 1.000000000000000000, 0.000000000000000000, 0.000000000000000000 ) ) ;
#452 = DIRECTION ( 'NONE',  ( -9.637352644315598941E-17, -1.000000000000000000, 0.000000000000000000 ) ) ;
#453 = ORIENTED_EDGE ( 'NONE', *, *, #3651, .T. ) ;
#454 = CIRCLE ( 'NONE', #3787, 0.3999999999999993006 ) ;
#455 = DIRECTION ( 'NONE',  ( 1.000000000000000000, -8.673617379884030739E-15, 0.000000000000000000 ) ) ;
#456 = DIRECTION ( 'NONE',  ( -0.000000000000000000, -0.000000000000000000, -1.000000000000000000 ) ) ;
#457 = DIRECTION ( 'NONE',  ( -1.000000000000000000, 0.000000000000000000, 0.000000000000000000 ) ) ;
#458 = ORIENTED_EDGE ( 'NONE', *, *, #1678, .F. ) ;
#459 = AXIS2_PLACEMENT_3D ( 'NONE', #2818, #1467, #1546 ) ;
#460 = ORIENTED_EDGE ( 'NONE', *, *, #1681, .T. ) ;
#461 = EDGE_LOOP ( 'NONE', ( #2203, #3104, #4024, #66 ) ) ;
#462 = DIRECTION ( 'NONE',  ( -0.000000000000000000, -0.000000000000000000, -1.000000000000000000 ) ) ;
#463 = EDGE_LOOP ( 'NONE', ( #2350, #2361, #4594, #2208 ) ) ;
#464 = EDGE_CURVE ( 'NONE', #4744, #741, #1265, .T. ) ;
#465 = DIRECTION ( 'NONE',  ( 1.000000000000000000, 0.000000000000000000, 0.000000000000000000 ) ) ;
#466 = CARTESIAN_POINT ( 'NONE',  ( -9.796792038907751632, -7.675471695368658587, -1.000000000000000000 ) ) ;
#467 = ORIENTED_EDGE ( 'NONE', *, *, #3418, .F. ) ;
#468 = ADVANCED_FACE ( 'NONE', ( #2631 ), #929, .F. ) ;
#469 = DIRECTION ( 'NONE',  ( 0.000000000000000000, 0.000000000000000000, 1.000000000000000000 ) ) ;
#470 = EDGE_CURVE ( 'NONE', #5329, #4570, #1360, .T. ) ;
#471 = ORIENTED_EDGE ( 'NONE', *, *, #1834, .T. ) ;
#472 = CARTESIAN_POINT ( 'NONE',  ( -1.500000000005020206, 17.82554346996894878, 0.000000000000000000 ) ) ;
#473 = ORIENTED_EDGE ( 'NONE', *, *, #3789, .F. ) ;
#474 = DIRECTION ( 'NONE',  ( 1.000000000000000000, 0.000000000000000000, 0.000000000000000000 ) ) ;
#475 = VERTEX_POINT ( 'NONE', #3810 ) ;
#476 = VECTOR ( 'NONE', #3288, 1000.000000000000000 ) ;
#477 = FACE_OUTER_BOUND ( 'NONE', #461, .T. ) ;
#478 = FACE_OUTER_BOUND ( 'NONE', #352, .T. ) ;
#479 = CIRCLE ( 'NONE', #4992, 0.3999999999999993006 ) ;
#480 = DIRECTION ( 'NONE',  ( 0.7071067811865504593, -0.7071067811865445751, 0.000000000000000000 ) ) ;
#481 = CARTESIAN_POINT ( 'NONE',  ( 26.25000000000000000, 13.25000000000000000, 0.000000000000000000 ) ) ;
#482 = VERTEX_POINT ( 'NONE', #5540 ) ;
#483 = DIRECTION ( 'NONE',  ( -1.000000000000000000, 0.000000000000000000, 0.000000000000000000 ) ) ;
#484 = CARTESIAN_POINT ( 'NONE',  ( -1.960800000005278321, 12.75010836659749103, 0.000000000000000000 ) ) ;
#485 = DIRECTION ( 'NONE',  ( 0.000000000000000000, 0.000000000000000000, 1.000000000000000000 ) ) ;
#486 = VERTEX_POINT ( 'NONE', #2886 ) ;
#487 = CARTESIAN_POINT ( 'NONE',  ( 1.499999999985409671, 14.97998664886105402, 0.000000000000000000 ) ) ;
#488 = EDGE_LOOP ( 'NONE', ( #5352, #1478, #4099, #4377 ) ) ;
#489 = CARTESIAN_POINT ( 'NONE',  ( 0.000000000000000000, 0.000000000000000000, -1.000000000000000000 ) ) ;
#490 = AXIS2_PLACEMENT_3D ( 'NONE', #3956, #5231, #81 ) ;
#491 = EDGE_LOOP ( 'NONE', ( #119, #1545, #3657, #4811 ) ) ;
#492 = CARTESIAN_POINT ( 'NONE',  ( 16.00000000000000000, -16.00000000000000000, -1.000000000000000000 ) ) ;
#493 = ORIENTED_EDGE ( 'NONE', *, *, #703, .F. ) ;
#494 = CARTESIAN_POINT ( 'NONE',  ( 7.174169802084409575, 5.052849458545460415, -1.000000000000000000 ) ) ;
#495 = CIRCLE ( 'NONE', #2663, 0.3999999999999993006 ) ;
#496 = EDGE_CURVE ( 'NONE', #3917, #177, #2518, .T. ) ;
#497 = EDGE_CURVE ( 'NONE', #370, #4876, #306, .T. ) ;
#498 = CIRCLE ( 'NONE', #2482, 2.000000000000000000 ) ;
#499 = ORIENTED_EDGE ( 'NONE', *, *, #794, .T. ) ;
#500 = CARTESIAN_POINT ( 'NONE',  ( -2.638888888894360463, 18.81585144052309744, -1.000000000000000000 ) ) ;
#501 = ORIENTED_EDGE ( 'NONE', *, *, #3235, .T. ) ;
#502 = CIRCLE ( 'NONE', #948, 0.3999999999999993006 ) ;
#503 = DIRECTION ( 'NONE',  ( 0.000000000000000000, 0.000000000000000000, 1.000000000000000000 ) ) ;
#504 = CARTESIAN_POINT ( 'NONE',  ( 14.97998664886105402, -1.499999999985406118, 0.000000000000000000 ) ) ;
#505 = DIRECTION ( 'NONE',  ( 0.000000000000000000, 0.000000000000000000, 1.000000000000000000 ) ) ;
#506 = EDGE_LOOP ( 'NONE', ( #1473, #3008, #4528, #2463 ) ) ;
#507 = CIRCLE ( 'NONE', #3665, 0.4000000000000001887 ) ;
#508 = CARTESIAN_POINT ( 'NONE',  ( -1.899999999985441557, -12.35475616918663988, 0.000000000000000000 ) ) ;
#509 = CYLINDRICAL_SURFACE ( 'NONE', #4988, 14.69999999999999929 ) ;
#510 = CIRCLE ( 'NONE', #2675, 7.999999999990748734 ) ;
#511 = CIRCLE ( 'NONE', #5293, 1.000000000000000888 ) ;
#512 = EDGE_CURVE ( 'NONE', #4860, #3730, #1754, .T. ) ;
#513 = LINE ( 'NONE', #3166, #2766 ) ;
#514 = VECTOR ( 'NONE', #3982, 1000.000000000000000 ) ;
#515 = VERTEX_POINT ( 'NONE', #2489 ) ;
#516 = ADVANCED_FACE ( 'NONE', ( #4591 ), #1611, .F. ) ;
#517 = VECTOR ( 'NONE', #1556, 1000.000000000000000 ) ;
#518 = ADVANCED_FACE ( 'NONE', ( #4124 ), #5067, .F. ) ;
#519 = LINE ( 'NONE', #90, #2315 ) ;
#520 = ORIENTED_EDGE ( 'NONE', *, *, #5064, .F. ) ;
#521 = CARTESIAN_POINT ( 'NONE',  ( 3.862882379874065020, -7.005579185128849140, -1.000000000000000000 ) ) ;
#522 = ORIENTED_EDGE ( 'NONE', *, *, #4561, .T. ) ;
#523 = DIRECTION ( 'NONE',  ( -3.165300248010120390E-15, -1.000000000000000000, 0.000000000000000000 ) ) ;
#524 = ORIENTED_EDGE ( 'NONE', *, *, #2956, .T. ) ;
#525 = CARTESIAN_POINT ( 'NONE',  ( 7.005579185137649212, -3.862882379858100013, -1.000000000000000000 ) ) ;
#526 = ORIENTED_EDGE ( 'NONE', *, *, #449, .T. ) ;
#527 = CARTESIAN_POINT ( 'NONE',  ( 13.66522283772204105, 11.54390249418305991, 0.000000000000000000 ) ) ;
#528 = VERTEX_POINT ( 'NONE', #5038 ) ;
#529 = CARTESIAN_POINT ( 'NONE',  ( 18.00000000000000000, 18.00000000000000000, -1.000000000000000000 ) ) ;
#530 = DIRECTION ( 'NONE',  ( 0.000000000000000000, 0.000000000000000000, 1.000000000000000000 ) ) ;
#531 = DIRECTION ( 'NONE',  ( 1.000000000000000000, 0.000000000000000000, 0.000000000000000000 ) ) ;
#532 = ORIENTED_EDGE ( 'NONE', *, *, #4943, .F. ) ;
#533 = EDGE_CURVE ( 'NONE', #4854, #675, #1985, .T. ) ;
#534 = LINE ( 'NONE', #1788, #2852 ) ;
#535 = DIRECTION ( 'NONE',  ( -1.000000000000000000, 0.000000000000000000, 0.000000000000000000 ) ) ;
#536 = CIRCLE ( 'NONE', #255, 1.000000000000000888 ) ;
#537 = AXIS2_PLACEMENT_3D ( 'NONE', #3700, #2035, #1210 ) ;
#538 = CARTESIAN_POINT ( 'NONE',  ( 7.685162873673849759, 2.222222222226484689, -1.000000000000000000 ) ) ;
#539 = ORIENTED_EDGE ( 'NONE', *, *, #3384, .F. ) ;
#540 = VECTOR ( 'NONE', #4806, 1000.000000000000000 ) ;
#541 = DIRECTION ( 'NONE',  ( 1.000000000000000000, 0.000000000000000000, 0.000000000000000000 ) ) ;
#542 = DIRECTION ( 'NONE',  ( 0.000000000000000000, 0.000000000000000000, 1.000000000000000000 ) ) ;
#543 = EDGE_CURVE ( 'NONE', #1903, #1281, #4675, .T. ) ;
#544 = EDGE_LOOP ( 'NONE', ( #1582, #3148, #4403, #1929 ) ) ;
#545 = VECTOR ( 'NONE', #1073, 1000.000000000000000 ) ;
#546 = DIRECTION ( 'NONE',  ( 1.000000000000000000, 0.000000000000000000, 0.000000000000000000 ) ) ;
#547 = ORIENTED_EDGE ( 'NONE', *, *, #83, .F. ) ;
#548 = LINE ( 'NONE', #3199, #5216 ) ;
#549 = VERTEX_POINT ( 'NONE', #4246 ) ;
#550 = DIRECTION ( 'NONE',  ( -0.000000000000000000, -0.000000000000000000, -1.000000000000000000 ) ) ;
#551 = CARTESIAN_POINT ( 'NONE',  ( 11.65311031326308466, 9.531789969724114187, -1.000000000000000000 ) ) ;
#552 = EDGE_CURVE ( 'NONE', #2789, #643, #5455, .T. ) ;
#553 = ADVANCED_FACE ( 'NONE', ( #3707 ), #2942, .F. ) ;
#554 = VERTEX_POINT ( 'NONE', #3308 ) ;
#555 = FACE_OUTER_BOUND ( 'NONE', #663, .T. ) ;
#556 = ORIENTED_EDGE ( 'NONE', *, *, #1706, .T. ) ;
#557 = CARTESIAN_POINT ( 'NONE',  ( 7.174169802094319870, -5.052849458527470361, -1.000000000000000000 ) ) ;
#558 = CARTESIAN_POINT ( 'NONE',  ( 1.960799999984942144, 12.75010836660061919, 0.000000000000000000 ) ) ;
#559 = CARTESIAN_POINT ( 'NONE',  ( 11.93595302573770311, 9.248947257249493958, 0.000000000000000000 ) ) ;
#560 = ORIENTED_EDGE ( 'NONE', *, *, #3558, .T. ) ;
#561 = CYLINDRICAL_SURFACE ( 'NONE', #3669, 1.000000000000000888 ) ;
#562 = DIRECTION ( 'NONE',  ( 0.7071067811865465735, -0.7071067811865485719, 0.000000000000000000 ) ) ;
#563 = CIRCLE ( 'NONE', #1016, 12.90000000000000213 ) ;
#564 = EDGE_CURVE ( 'NONE', #3655, #4495, #3733, .T. ) ;
#565 = DIRECTION ( 'NONE',  ( 1.000000000000000000, 0.000000000000000000, 0.000000000000000000 ) ) ;
#566 = EDGE_CURVE ( 'NONE', #4369, #1736, #1909, .T. ) ;
#567 = EDGE_CURVE ( 'NONE', #5263, #1561, #5336, .T. ) ;
#568 = ORIENTED_EDGE ( 'NONE', *, *, #2546, .F. ) ;
#569 = DIRECTION ( 'NONE',  ( 0.000000000000000000, 0.000000000000000000, 1.000000000000000000 ) ) ;
#570 = DIRECTION ( 'NONE',  ( 1.000000000000000000, 0.000000000000000000, 0.000000000000000000 ) ) ;
#571 = EDGE_LOOP ( 'NONE', ( #3340, #5499, #862, #1189 ) ) ;
#572 = LINE ( 'NONE', #2295, #3112 ) ;
#573 = ORIENTED_EDGE ( 'NONE', *, *, #2390, .T. ) ;
#574 = EDGE_CURVE ( 'NONE', #1728, #5513, #366, .T. ) ;
#575 = AXIS2_PLACEMENT_3D ( 'NONE', #4184, #1191, #2431 ) ;
#576 = DIRECTION ( 'NONE',  ( 0.000000000000000000, 0.000000000000000000, -1.000000000000000000 ) ) ;
#577 = ORIENTED_EDGE ( 'NONE', *, *, #3558, .F. ) ;
#578 = DIRECTION ( 'NONE',  ( -0.000000000000000000, -0.000000000000000000, -1.000000000000000000 ) ) ;
#579 = AXIS2_PLACEMENT_3D ( 'NONE', #4415, #1011, #531 ) ;
#580 = ORIENTED_EDGE ( 'NONE', *, *, #145, .T. ) ;
#581 = LINE ( 'NONE', #2925, #1897 ) ;
#582 = EDGE_LOOP ( 'NONE', ( #1794, #2266, #1808, #595 ) ) ;
#583 = EDGE_CURVE ( 'NONE', #4, #1202, #4217, .T. ) ;
#584 = CARTESIAN_POINT ( 'NONE',  ( 0.000000000000000000, 0.000000000000000000, -1.000000000000000000 ) ) ;
#585 = CARTESIAN_POINT ( 'NONE',  ( 14.97998664885855291, 1.500000000005118128, -1.000000000000000000 ) ) ;
#586 = VECTOR ( 'NONE', #5424, 1000.000000000000000 ) ;
#587 = VECTOR ( 'NONE', #2671, 1000.000000000000000 ) ;
#588 = DIRECTION ( 'NONE',  ( 1.000000000000000000, 0.000000000000000000, 0.000000000000000000 ) ) ;
#589 = AXIS2_PLACEMENT_3D ( 'NONE', #1905, #1962, #2351 ) ;
#590 = ORIENTED_EDGE ( 'NONE', *, *, #5582, .F. ) ;
#591 = VECTOR ( 'NONE', #3149, 1000.000000000000000 ) ;
#592 = FACE_OUTER_BOUND ( 'NONE', #27, .T. ) ;
#593 = FACE_OUTER_BOUND ( 'NONE', #1022, .T. ) ;
#594 = LINE ( 'NONE', #3935, #2584 ) ;
#595 = ORIENTED_EDGE ( 'NONE', *, *, #1374, .T. ) ;
#596 = CARTESIAN_POINT ( 'NONE',  ( 1.960800000005235688, -12.75010836659749813, 0.000000000000000000 ) ) ;
#597 = VECTOR ( 'NONE', #2127, 1000.000000000000000 ) ;
#598 = CIRCLE ( 'NONE', #4113, 0.3999999999999993006 ) ;
#599 = CARTESIAN_POINT ( 'NONE',  ( 2.222222222226454935, -7.685162873673859529, -1.000000000000000000 ) ) ;
#600 = VERTEX_POINT ( 'NONE', #3815 ) ;
#601 = AXIS2_PLACEMENT_3D ( 'NONE', #4613, #4181, #3274 ) ;
#602 = CIRCLE ( 'NONE', #4485, 18.99999999999380051 ) ;
#603 = VECTOR ( 'NONE', #2920, 1000.000000000000000 ) ;
#604 = ORIENTED_EDGE ( 'NONE', *, *, #2340, .F. ) ;
#605 = CARTESIAN_POINT ( 'NONE',  ( 2.500000000005084821, -8.645808232884199640, -1.000000000000000000 ) ) ;
#606 = ORIENTED_EDGE ( 'NONE', *, *, #2788, .T. ) ;
#607 = CARTESIAN_POINT ( 'NONE',  ( 11.93595302573770311, 9.248947257249493958, 0.000000000000000000 ) ) ;
#608 = EDGE_LOOP ( 'NONE', ( #2050, #917, #3583, #2695 ) ) ;
#609 = LINE ( 'NONE', #5328, #5347 ) ;
#610 = ORIENTED_EDGE ( 'NONE', *, *, #2645, .F. ) ;
#611 = DIRECTION ( 'NONE',  ( 1.000000000000000000, 0.000000000000000000, 0.000000000000000000 ) ) ;
#612 = LINE ( 'NONE', #1407, #67 ) ;
#613 = DIRECTION ( 'NONE',  ( 0.000000000000000000, -1.000000000000000000, 0.000000000000000000 ) ) ;
#614 = ADVANCED_FACE ( 'NONE', ( #2073 ), #4980, .F. ) ;
#615 = ORIENTED_EDGE ( 'NONE', *, *, #440, .F. ) ;
#616 = EDGE_CURVE ( 'NONE', #4305, #4520, #5090, .T. ) ;
#617 = DIRECTION ( 'NONE',  ( 0.000000000000000000, 0.000000000000000000, 1.000000000000000000 ) ) ;
#618 = CARTESIAN_POINT ( 'NONE',  ( 0.000000000000000000, 0.000000000000000000, 41.57787873376899768 ) ) ;
#619 = DIRECTION ( 'NONE',  ( 1.000000000000000000, 0.000000000000000000, 0.000000000000000000 ) ) ;
#620 = DIRECTION ( 'NONE',  ( 1.000000000000000000, 0.000000000000000000, 0.000000000000000000 ) ) ;
#621 = ORIENTED_EDGE ( 'NONE', *, *, #1564, .F. ) ;
#622 = DIRECTION ( 'NONE',  ( 1.000000000000000000, 0.000000000000000000, 0.000000000000000000 ) ) ;
#623 = AXIS2_PLACEMENT_3D ( 'NONE', #584, #4883, #611 ) ;
#624 = CYLINDRICAL_SURFACE ( 'NONE', #4406, 18.99999999999380051 ) ;
#625 = ORIENTED_EDGE ( 'NONE', *, *, #3644, .F. ) ;
#626 = CARTESIAN_POINT ( 'NONE',  ( -12.35475616918361830, -1.500000000005114353, -1.000000000000000000 ) ) ;
#627 = ORIENTED_EDGE ( 'NONE', *, *, #2691, .F. ) ;
#628 = CARTESIAN_POINT ( 'NONE',  ( -17.82554346997169858, 2.499999999985400123, 0.000000000000000000 ) ) ;
#629 = ORIENTED_EDGE ( 'NONE', *, *, #1512, .F. ) ;
#630 = CIRCLE ( 'NONE', #1904, 18.99999999999380051 ) ;
#631 = DIRECTION ( 'NONE',  ( 0.000000000000000000, 0.000000000000000000, 1.000000000000000000 ) ) ;
#632 = EDGE_CURVE ( 'NONE', #5136, #4887, #7, .T. ) ;
#633 = EDGE_CURVE ( 'NONE', #213, #3841, #1363, .T. ) ;
#634 = ADVANCED_FACE ( 'NONE', ( #5180 ), #875, .F. ) ;
#635 = DIRECTION ( 'NONE',  ( 0.000000000000000000, 1.000000000000000000, 0.000000000000000000 ) ) ;
#636 = LINE ( 'NONE', #3208, #3362 ) ;
#637 = ORIENTED_EDGE ( 'NONE', *, *, #5279, .F. ) ;
#638 = DIRECTION ( 'NONE',  ( 0.000000000000000000, 0.000000000000000000, 1.000000000000000000 ) ) ;
#639 = FACE_BOUND ( 'NONE', #1368, .T. ) ;
#640 = CARTESIAN_POINT ( 'NONE',  ( 14.37232961890859961, 10.83679571299651911, -1.000000000000000000 ) ) ;
#641 = EDGE_LOOP ( 'NONE', ( #3124, #1284, #1557, #2332 ) ) ;
#642 = EDGE_CURVE ( 'NONE', #4635, #2354, #1789, .T. ) ;
#643 = VERTEX_POINT ( 'NONE', #484 ) ;
#644 = CARTESIAN_POINT ( 'NONE',  ( -5.052849458527489901, -7.174169802094300330, -1.000000000000000000 ) ) ;
#645 = DIRECTION ( 'NONE',  ( 0.000000000000000000, 0.000000000000000000, 1.000000000000000000 ) ) ;
#646 = CARTESIAN_POINT ( 'NONE',  ( 11.65311031327526337, -9.531789969708427179, 0.000000000000000000 ) ) ;
#647 = CARTESIAN_POINT ( 'NONE',  ( 2.638888888894269869, -18.81585144052309744, 0.000000000000000000 ) ) ;
#648 = VERTEX_POINT ( 'NONE', #1694 ) ;
#649 = CARTESIAN_POINT ( 'NONE',  ( -2.222222222226479804, 7.685162873673899497, 0.000000000000000000 ) ) ;
#650 = FACE_OUTER_BOUND ( 'NONE', #328, .T. ) ;
#651 = AXIS2_PLACEMENT_3D ( 'NONE', #2357, #1939, #946 ) ;
#652 = ORIENTED_EDGE ( 'NONE', *, *, #3576, .T. ) ;
#653 = ORIENTED_EDGE ( 'NONE', *, *, #3715, .F. ) ;
#654 = CARTESIAN_POINT ( 'NONE',  ( 0.000000000000000000, 0.000000000000000000, -1.000000000000000000 ) ) ;
#655 = ORIENTED_EDGE ( 'NONE', *, *, #3103, .T. ) ;
#656 = AXIS2_PLACEMENT_3D ( 'NONE', #1721, #2122, #3900 ) ;
#657 = LINE ( 'NONE', #4226, #3585 ) ;
#658 = CYLINDRICAL_SURFACE ( 'NONE', #1230, 7.999999999990759392 ) ;
#659 = LINE ( 'NONE', #5498, #3248 ) ;
#660 = EDGE_LOOP ( 'NONE', ( #1699, #1664, #4268, #796, #1707, #4416, #3689, #2536, #3535 ) ) ;
#661 = DIRECTION ( 'NONE',  ( 0.000000000000000000, 0.000000000000000000, 1.000000000000000000 ) ) ;
#662 = DIRECTION ( 'NONE',  ( -1.000000000000000000, 0.000000000000000000, 0.000000000000000000 ) ) ;
#663 = EDGE_LOOP ( 'NONE', ( #580, #4169, #2466, #4472 ) ) ;
#664 = AXIS2_PLACEMENT_3D ( 'NONE', #2236, #505, #588 ) ;
#665 = ORIENTED_EDGE ( 'NONE', *, *, #2553, .F. ) ;
#666 = CARTESIAN_POINT ( 'NONE',  ( -3.862882379858125326, -7.005579185137640330, 0.000000000000000000 ) ) ;
#667 = DIRECTION ( 'NONE',  ( 1.000000000000000000, 0.000000000000000000, 0.000000000000000000 ) ) ;
#668 = CARTESIAN_POINT ( 'NONE',  ( 0.000000000000000000, 0.000000000000000000, 0.000000000000000000 ) ) ;
#669 = VECTOR ( 'NONE', #5142, 1000.000000000000000 ) ;
#670 = VERTEX_POINT ( 'NONE', #905 ) ;
#671 = VERTEX_POINT ( 'NONE', #2240 ) ;
#672 = CARTESIAN_POINT ( 'NONE',  ( -7.005579185128870456, -3.862882379874040151, -1.000000000000000000 ) ) ;
#673 = EDGE_CURVE ( 'NONE', #5503, #5329, #2186, .T. ) ;
#674 = CARTESIAN_POINT ( 'NONE',  ( 14.58316581048062943, -1.849668874157978760, 41.57787873376899768 ) ) ;
#675 = VERTEX_POINT ( 'NONE', #3450 ) ;
#676 = EDGE_CURVE ( 'NONE', #276, #1085, #4068, .T. ) ;
#677 = DIRECTION ( 'NONE',  ( 1.000000000000000000, 0.000000000000000000, 0.000000000000000000 ) ) ;
#678 = VERTEX_POINT ( 'NONE', #842 ) ;
#679 = AXIS2_PLACEMENT_3D ( 'NONE', #2407, #4125, #248 ) ;
#680 = DIRECTION ( 'NONE',  ( -0.000000000000000000, -0.000000000000000000, 1.000000000000000000 ) ) ;
#681 = ORIENTED_EDGE ( 'NONE', *, *, #2106, .F. ) ;
#682 = CIRCLE ( 'NONE', #5382, 14.69999999999999929 ) ;
#683 = EDGE_CURVE ( 'NONE', #3908, #3404, #2634, .T. ) ;
#684 = DIRECTION ( 'NONE',  ( -1.000000000000000000, 0.000000000000000000, 0.000000000000000000 ) ) ;
#685 = AXIS2_PLACEMENT_3D ( 'NONE', #700, #4151, #1950 ) ;
#686 = AXIS2_PLACEMENT_3D ( 'NONE', #4341, #462, #2191 ) ;
#687 = AXIS2_PLACEMENT_3D ( 'NONE', #3946, #2983, #5587 ) ;
#688 = DIRECTION ( 'NONE',  ( -0.7071067811865489050, -0.7071067811865460184, 0.000000000000000000 ) ) ;
#689 = PLANE ( 'NONE',  #89 ) ;
#690 = ORIENTED_EDGE ( 'NONE', *, *, #4866, .F. ) ;
#691 = AXIS2_PLACEMENT_3D ( 'NONE', #1010, #2734, #5255 ) ;
#692 = AXIS2_PLACEMENT_3D ( 'NONE', #3652, #5373, #1502 ) ;
#693 = DIRECTION ( 'NONE',  ( -0.000000000000000000, -0.000000000000000000, -1.000000000000000000 ) ) ;
#694 = CYLINDRICAL_SURFACE ( 'NONE', #4555, 0.9999999999999991118 ) ;
#695 = ORIENTED_EDGE ( 'NONE', *, *, #394, .F. ) ;
#696 = DIRECTION ( 'NONE',  ( 0.000000000000000000, 0.000000000000000000, 1.000000000000000000 ) ) ;
#697 = VERTEX_POINT ( 'NONE', #5210 ) ;
#698 = CARTESIAN_POINT ( 'NONE',  ( -13.66522283772212099, -11.54390249418296044, 0.000000000000000000 ) ) ;
#699 = CYLINDRICAL_SURFACE ( 'NONE', #130, 12.90000000000000213 ) ;
#700 = CARTESIAN_POINT ( 'NONE',  ( 0.000000000000000000, 0.000000000000000000, 41.57787873376899768 ) ) ;
#701 = EDGE_CURVE ( 'NONE', #935, #5297, #5070, .T. ) ;
#702 = VERTEX_POINT ( 'NONE', #2575 ) ;
#703 = EDGE_CURVE ( 'NONE', #3962, #4686, #1185, .T. ) ;
#704 = EDGE_CURVE ( 'NONE', #3049, #4080, #4449, .T. ) ;
#705 = ORIENTED_EDGE ( 'NONE', *, *, #616, .F. ) ;
#706 = DIRECTION ( 'NONE',  ( 1.000000000000000000, 0.000000000000000000, 0.000000000000000000 ) ) ;
#707 = DIRECTION ( 'NONE',  ( 0.000000000000000000, 0.000000000000000000, 1.000000000000000000 ) ) ;
#708 = VERTEX_POINT ( 'NONE', #2658 ) ;
#709 = DIRECTION ( 'NONE',  ( 0.000000000000000000, 0.000000000000000000, 1.000000000000000000 ) ) ;
#710 = ORIENTED_EDGE ( 'NONE', *, *, #3476, .T. ) ;
#711 = VECTOR ( 'NONE', #4411, 1000.000000000000000 ) ;
#712 = CARTESIAN_POINT ( 'NONE',  ( 0.000000000000000000, 0.000000000000000000, 41.57787873376899768 ) ) ;
#713 = VERTEX_POINT ( 'NONE', #1276 ) ;
#714 = CARTESIAN_POINT ( 'NONE',  ( 0.000000000000000000, 0.000000000000000000, -1.000000000000000000 ) ) ;
#715 = AXIS2_PLACEMENT_3D ( 'NONE', #1651, #4602, #5049 ) ;
#716 = DIRECTION ( 'NONE',  ( 0.000000000000000000, 0.000000000000000000, 1.000000000000000000 ) ) ;
#717 = CARTESIAN_POINT ( 'NONE',  ( -10.83679571299635924, 14.37232961890870087, 0.000000000000000000 ) ) ;
#718 = VERTEX_POINT ( 'NONE', #4785 ) ;
#719 = DIRECTION ( 'NONE',  ( 0.000000000000000000, 0.000000000000000000, 1.000000000000000000 ) ) ;
#720 = EDGE_CURVE ( 'NONE', #5453, #2458, #3059, .T. ) ;
#721 = DIRECTION ( 'NONE',  ( 1.000000000000000000, 0.000000000000000000, 0.000000000000000000 ) ) ;
#722 = VECTOR ( 'NONE', #1244, 1000.000000000000000 ) ;
#723 = EDGE_LOOP ( 'NONE', ( #2731, #3081, #3223, #3723 ) ) ;
#724 = DIRECTION ( 'NONE',  ( 1.000000000000000000, 0.000000000000000000, 0.000000000000000000 ) ) ;
#725 = DIRECTION ( 'NONE',  ( -1.000000000000000000, 0.000000000000000000, 0.000000000000000000 ) ) ;
#726 = DIRECTION ( 'NONE',  ( 0.000000000000000000, 0.000000000000000000, -1.000000000000000000 ) ) ;
#727 = VECTOR ( 'NONE', #4155, 1000.000000000000000 ) ;
#728 = CARTESIAN_POINT ( 'NONE',  ( 0.000000000000000000, 0.000000000000000000, 0.000000000000000000 ) ) ;
#729 = DIRECTION ( 'NONE',  ( -1.000000000000000000, 0.000000000000000000, 0.000000000000000000 ) ) ;
#730 = ORIENTED_EDGE ( 'NONE', *, *, #4647, .T. ) ;
#731 = ORIENTED_EDGE ( 'NONE', *, *, #55, .T. ) ;
#732 = CARTESIAN_POINT ( 'NONE',  ( 2.500000000005055067, -17.82554346996894878, -1.000000000000000000 ) ) ;
#733 = EDGE_CURVE ( 'NONE', #5233, #3434, #4722, .T. ) ;
#734 = EDGE_CURVE ( 'NONE', #3569, #37, #5437, .T. ) ;
#735 = ADVANCED_FACE ( 'NONE', ( #2185 ), #509, .T. ) ;
#736 = DIRECTION ( 'NONE',  ( 1.000000000000000000, 4.724328728373308688E-16, 0.000000000000000000 ) ) ;
#737 = ORIENTED_EDGE ( 'NONE', *, *, #3235, .F. ) ;
#738 = AXIS2_PLACEMENT_3D ( 'NONE', #2417, #4196, #3236 ) ;
#739 = EDGE_LOOP ( 'NONE', ( #2919, #1553, #1599, #4319 ) ) ;
#740 = DIRECTION ( 'NONE',  ( -1.000000000000000000, 0.000000000000000000, 0.000000000000000000 ) ) ;
#741 = VERTEX_POINT ( 'NONE', #395 ) ;
#742 = VECTOR ( 'NONE', #4937, 1000.000000000000000 ) ;
#743 = CARTESIAN_POINT ( 'NONE',  ( 17.82554346996889905, 1.500000000005120127, 0.000000000000000000 ) ) ;
#744 = ORIENTED_EDGE ( 'NONE', *, *, #2546, .T. ) ;
#745 = EDGE_CURVE ( 'NONE', #4770, #4621, #2210, .T. ) ;
#746 = CARTESIAN_POINT ( 'NONE',  ( 17.82554346996889905, 2.500000000005119905, 0.000000000000000000 ) ) ;
#747 = FACE_OUTER_BOUND ( 'NONE', #5184, .T. ) ;
#748 = ORIENTED_EDGE ( 'NONE', *, *, #4888, .F. ) ;
#749 = CARTESIAN_POINT ( 'NONE',  ( 1.499999999985409227, 12.35475616918664699, -1.000000000000000000 ) ) ;
#750 = PLANE ( 'NONE',  #1758 ) ;
#751 = ORIENTED_EDGE ( 'NONE', *, *, #2795, .T. ) ;
#752 = ADVANCED_FACE ( 'NONE', ( #2124 ), #1341, .F. ) ;
#753 = CYLINDRICAL_SURFACE ( 'NONE', #5289, 1.000000000000015987 ) ;
#754 = DIRECTION ( 'NONE',  ( 0.000000000000000000, 0.000000000000000000, 1.000000000000000000 ) ) ;
#755 = CARTESIAN_POINT ( 'NONE',  ( -20.00000000000000000, 18.00000000000000000, -1.000000000000000000 ) ) ;
#756 = FACE_OUTER_BOUND ( 'NONE', #1171, .T. ) ;
#757 = DIRECTION ( 'NONE',  ( 0.000000000000000000, 0.000000000000000000, 1.000000000000000000 ) ) ;
#758 = VECTOR ( 'NONE', #1627, 1000.000000000000000 ) ;
#759 = VERTEX_POINT ( 'NONE', #5284 ) ;
#760 = ORIENTED_EDGE ( 'NONE', *, *, #4727, .T. ) ;
#761 = CARTESIAN_POINT ( 'NONE',  ( -12.35475616918361830, -1.500000000005114353, -1.000000000000000000 ) ) ;
#762 = CIRCLE ( 'NONE', #3928, 7.999999999990759392 ) ;
#763 = CARTESIAN_POINT ( 'NONE',  ( -10.83679571299635924, 14.37232961890870087, -1.000000000000000000 ) ) ;
#764 = ORIENTED_EDGE ( 'NONE', *, *, #3589, .F. ) ;
#765 = CIRCLE ( 'NONE', #407, 0.3999999999999999667 ) ;
#766 = SURFACE_STYLE_USAGE ( .BOTH. , #344 ) ;
#767 = ORIENTED_EDGE ( 'NONE', *, *, #1883, .T. ) ;
#768 = FACE_OUTER_BOUND ( 'NONE', #2562, .T. ) ;
#769 = ORIENTED_EDGE ( 'NONE', *, *, #850, .F. ) ;
#770 = AXIS2_PLACEMENT_3D ( 'NONE', #838, #4264, #361 ) ;
#771 = CARTESIAN_POINT ( 'NONE',  ( 11.53595302574987791, -9.248947257233798069, -1.000000000000000888 ) ) ;
#772 = ORIENTED_EDGE ( 'NONE', *, *, #2406, .F. ) ;
#773 = AXIS2_PLACEMENT_3D ( 'NONE', #2835, #3744, #1513 ) ;
#774 = DIRECTION ( 'NONE',  ( -1.000000000000000000, 0.000000000000000000, 0.000000000000000000 ) ) ;
#775 = DIRECTION ( 'NONE',  ( 0.000000000000000000, 0.000000000000000000, 1.000000000000000000 ) ) ;
#776 = ORIENTED_EDGE ( 'NONE', *, *, #3995, .T. ) ;
#777 = LINE ( 'NONE', #2447, #2128 ) ;
#778 = AXIS2_PLACEMENT_3D ( 'NONE', #2397, #1579, #4120 ) ;
#779 = CIRCLE ( 'NONE', #4577, 1.000000000000000000 ) ;
#780 = AXIS2_PLACEMENT_3D ( 'NONE', #508, #1810, #4442 ) ;
#781 = DIRECTION ( 'NONE',  ( -0.7071067811865415775, 0.7071067811865535679, 0.000000000000000000 ) ) ;
#782 = ORIENTED_EDGE ( 'NONE', *, *, #4233, .F. ) ;
#783 = AXIS2_PLACEMENT_3D ( 'NONE', #1792, #5242, #1367 ) ;
#784 = CARTESIAN_POINT ( 'NONE',  ( 17.82554346996889905, 2.500000000005119905, -1.000000000000000000 ) ) ;
#785 = CARTESIAN_POINT ( 'NONE',  ( 4.345742677340940219, 7.881276583280881098, 0.000000000000000000 ) ) ;
#786 = CARTESIAN_POINT ( 'NONE',  ( 9.003942031891853048, -11.61976883962547547, -1.000000000000000000 ) ) ;
#787 = ADVANCED_FACE ( 'NONE', ( #1469 ), #1838, .F. ) ;
#788 = CARTESIAN_POINT ( 'NONE',  ( 0.000000000000000000, 0.000000000000000000, -1.000000000000000000 ) ) ;
#789 = FACE_OUTER_BOUND ( 'NONE', #3517, .T. ) ;
#790 = ORIENTED_EDGE ( 'NONE', *, *, #4322, .F. ) ;
#791 = ORIENTED_EDGE ( 'NONE', *, *, #880, .T. ) ;
#792 = DIRECTION ( 'NONE',  ( -0.000000000000000000, -0.000000000000000000, -1.000000000000000000 ) ) ;
#793 = EDGE_CURVE ( 'NONE', #357, #2378, #2548, .T. ) ;
#794 = EDGE_CURVE ( 'NONE', #4510, #3351, #3992, .T. ) ;
#795 = DIRECTION ( 'NONE',  ( 1.000000000000000000, 0.000000000000000000, 0.000000000000000000 ) ) ;
#796 = ORIENTED_EDGE ( 'NONE', *, *, #4820, .T. ) ;
#797 = ORIENTED_EDGE ( 'NONE', *, *, #3972, .F. ) ;
#798 = ORIENTED_EDGE ( 'NONE', *, *, #4036, .T. ) ;
#799 = CARTESIAN_POINT ( 'NONE',  ( -1.900000000005115153, 12.35475616918361652, 41.57787873376899768 ) ) ;
#800 = ORIENTED_EDGE ( 'NONE', *, *, #4839, .F. ) ;
#801 = FACE_OUTER_BOUND ( 'NONE', #1314, .T. ) ;
#802 = CARTESIAN_POINT ( 'NONE',  ( 7.392628982878015620, 10.07963475139412957, -1.000000000000000888 ) ) ;
#803 = ORIENTED_EDGE ( 'NONE', *, *, #2883, .T. ) ;
#804 = FACE_OUTER_BOUND ( 'NONE', #2651, .T. ) ;
#805 = VECTOR ( 'NONE', #2094, 1000.000000000000000 ) ;
#806 = EDGE_CURVE ( 'NONE', #2201, #3363, #2339, .T. ) ;
#807 = EDGE_CURVE ( 'NONE', #2854, #235, #563, .T. ) ;
#808 = ADVANCED_FACE ( 'NONE', ( #4949 ), #3960, .F. ) ;
#809 = CARTESIAN_POINT ( 'NONE',  ( -17.82554346996894878, -2.500000000005135448, -1.000000000000000000 ) ) ;
#810 = VERTEX_POINT ( 'NONE', #2792 ) ;
#811 = DIRECTION ( 'NONE',  ( -0.000000000000000000, -0.000000000000000000, -1.000000000000000000 ) ) ;
#812 = ORIENTED_EDGE ( 'NONE', *, *, #5590, .F. ) ;
#813 = CARTESIAN_POINT ( 'NONE',  ( 16.00000000000000000, 16.00000000000000000, -1.000000000000000000 ) ) ;
#814 = DIRECTION ( 'NONE',  ( 0.000000000000000000, 0.000000000000000000, 1.000000000000000000 ) ) ;
#815 = LINE ( 'NONE', #3807, #669 ) ;
#816 = VECTOR ( 'NONE', #1687, 1000.000000000000000 ) ;
#817 = CARTESIAN_POINT ( 'NONE',  ( 9.248947257249454879, -11.93595302573773331, -1.000000000000000888 ) ) ;
#818 = FACE_OUTER_BOUND ( 'NONE', #4164, .T. ) ;
#819 = ADVANCED_FACE ( 'NONE', ( #2260 ), #1438, .T. ) ;
#820 = ORIENTED_EDGE ( 'NONE', *, *, #2862, .T. ) ;
#821 = DIRECTION ( 'NONE',  ( -1.000000000000000000, 0.000000000000000000, 0.000000000000000000 ) ) ;
#822 = FACE_OUTER_BOUND ( 'NONE', #5594, .T. ) ;
#823 = ORIENTED_EDGE ( 'NONE', *, *, #3226, .F. ) ;
#824 = EDGE_CURVE ( 'NONE', #1321, #678, #4862, .T. ) ;
#825 = EDGE_LOOP ( 'NONE', ( #4437, #4894, #1452, #345 ) ) ;
#826 = FACE_BOUND ( 'NONE', #660, .T. ) ;
#827 = ORIENTED_EDGE ( 'NONE', *, *, #4208, .T. ) ;
#828 = DIRECTION ( 'NONE',  ( 0.000000000000000000, 0.000000000000000000, 1.000000000000000000 ) ) ;
#829 = FACE_OUTER_BOUND ( 'NONE', #2160, .T. ) ;
#830 = ORIENTED_EDGE ( 'NONE', *, *, #1444, .T. ) ;
#831 = PLANE ( 'NONE',  #2754 ) ;
#832 = DIRECTION ( 'NONE',  ( 0.000000000000000000, 0.000000000000000000, -1.000000000000000000 ) ) ;
#833 = ORIENTED_EDGE ( 'NONE', *, *, #4475, .F. ) ;
#834 = CARTESIAN_POINT ( 'NONE',  ( 0.000000000000000000, 0.000000000000000000, -1.000000000000000000 ) ) ;
#835 = ORIENTED_EDGE ( 'NONE', *, *, #616, .T. ) ;
#836 = CARTESIAN_POINT ( 'NONE',  ( 11.61976883962544882, 9.003942031891892128, 41.57787873376899768 ) ) ;
#837 = CARTESIAN_POINT ( 'NONE',  ( -8.645808232889910627, 1.499999999985406118, -1.000000000000000000 ) ) ;
#838 = CARTESIAN_POINT ( 'NONE',  ( 0.000000000000000000, 0.000000000000000000, -1.000000000000000000 ) ) ;
#839 = CARTESIAN_POINT ( 'NONE',  ( 22.00000000000000000, -15.25000000000000000, 0.000000000000000000 ) ) ;
#840 = DIRECTION ( 'NONE',  ( -1.000000000000000000, 0.000000000000000000, 0.000000000000000000 ) ) ;
#841 = ORIENTED_EDGE ( 'NONE', *, *, #258, .F. ) ;
#842 = CARTESIAN_POINT ( 'NONE',  ( -14.00000000000000000, -16.00000000000000000, 0.000000000000000000 ) ) ;
#843 = FACE_OUTER_BOUND ( 'NONE', #82, .T. ) ;
#844 = VECTOR ( 'NONE', #2709, 1000.000000000000000 ) ;
#845 = ORIENTED_EDGE ( 'NONE', *, *, #4100, .T. ) ;
#846 = EDGE_CURVE ( 'NONE', #34, #1326, #1262, .T. ) ;
#847 = ORIENTED_EDGE ( 'NONE', *, *, #3122, .F. ) ;
#848 = AXIS2_PLACEMENT_3D ( 'NONE', #2113, #1601, #4687 ) ;
#849 = DIRECTION ( 'NONE',  ( 1.000000000000000000, 0.000000000000000000, 0.000000000000000000 ) ) ;
#850 = EDGE_CURVE ( 'NONE', #107, #1193, #3164, .T. ) ;
#851 = ORIENTED_EDGE ( 'NONE', *, *, #2031, .T. ) ;
#852 = CIRCLE ( 'NONE', #1766, 0.3999999999999999667 ) ;
#853 = CARTESIAN_POINT ( 'NONE',  ( -11.93595302573778127, -9.248947257249410470, 0.000000000000000000 ) ) ;
#854 = ORIENTED_EDGE ( 'NONE', *, *, #2691, .T. ) ;
#855 = EDGE_CURVE ( 'NONE', #227, #4854, #4498, .T. ) ;
#856 = CARTESIAN_POINT ( 'NONE',  ( 1.899999999985409138, 12.35475616918664699, 41.57787873376899768 ) ) ;
#857 = EDGE_LOOP ( 'NONE', ( #5489, #1940, #2945, #2065 ) ) ;
#858 = CARTESIAN_POINT ( 'NONE',  ( 1.500000000005059952, -17.82554346996889905, -1.000000000000000000 ) ) ;
#859 = LINE ( 'NONE', #3324, #4284 ) ;
#860 = ORIENTED_EDGE ( 'NONE', *, *, #2093, .F. ) ;
#861 = DIRECTION ( 'NONE',  ( 1.000000000000000000, 0.000000000000000000, 0.000000000000000000 ) ) ;
#862 = ORIENTED_EDGE ( 'NONE', *, *, #793, .F. ) ;
#863 = VECTOR ( 'NONE', #167, 1000.000000000000000 ) ;
#864 = CARTESIAN_POINT ( 'NONE',  ( -8.645808232884228062, -1.500000000005100143, 0.000000000000000000 ) ) ;
#865 = CARTESIAN_POINT ( 'NONE',  ( -16.00000000000000000, -16.00000000000000000, -1.000000000000000000 ) ) ;
#866 = VECTOR ( 'NONE', #4579, 1000.000000000000000 ) ;
#867 = CARTESIAN_POINT ( 'NONE',  ( -2.222222222208969811, -7.685162873678909712, 0.000000000000000000 ) ) ;
#868 = CARTESIAN_POINT ( 'NONE',  ( -13.66522283772212099, -11.54390249418296044, -1.000000000000000000 ) ) ;
#869 = VECTOR ( 'NONE', #2514, 1000.000000000000000 ) ;
#870 = AXIS2_PLACEMENT_3D ( 'NONE', #4503, #3568, #4447 ) ;
#871 = AXIS2_PLACEMENT_3D ( 'NONE', #856, #3406, #4796 ) ;
#872 = CARTESIAN_POINT ( 'NONE',  ( -11.54390249418310077, 13.66522283772210145, -1.000000000000000000 ) ) ;
#873 = EDGE_LOOP ( 'NONE', ( #2950, #2429, #5043, #4623 ) ) ;
#874 = CARTESIAN_POINT ( 'NONE',  ( -11.93595302573778127, -9.248947257249410470, 41.57787873376899768 ) ) ;
#875 = CYLINDRICAL_SURFACE ( 'NONE', #2635, 1.000000000000000000 ) ;
#876 = CIRCLE ( 'NONE', #1961, 1.000000000000000888 ) ;
#877 = EDGE_CURVE ( 'NONE', #4887, #1746, #2738, .T. ) ;
#878 = DIRECTION ( 'NONE',  ( 0.7071067811865444641, 0.7071067811865505703, 0.000000000000000000 ) ) ;
#879 = ADVANCED_FACE ( 'NONE', ( #593 ), #4523, .F. ) ;
#880 = EDGE_CURVE ( 'NONE', #5528, #4122, #1811, .T. ) ;
#881 = ORIENTED_EDGE ( 'NONE', *, *, #1726, .F. ) ;
#882 = ORIENTED_EDGE ( 'NONE', *, *, #1466, .F. ) ;
#883 = ORIENTED_EDGE ( 'NONE', *, *, #1095, .T. ) ;
#884 = DIRECTION ( 'NONE',  ( -1.000000000000000000, 0.000000000000000000, 0.000000000000000000 ) ) ;
#885 = ORIENTED_EDGE ( 'NONE', *, *, #3987, .F. ) ;
#886 = FACE_OUTER_BOUND ( 'NONE', #5249, .T. ) ;
#887 = CARTESIAN_POINT ( 'NONE',  ( 1.500000000005085043, -8.645808232884199640, -1.000000000000000000 ) ) ;
#888 = VERTEX_POINT ( 'NONE', #3107 ) ;
#889 = LINE ( 'NONE', #2616, #2405 ) ;
#890 = ORIENTED_EDGE ( 'NONE', *, *, #32, .F. ) ;
#891 = CARTESIAN_POINT ( 'NONE',  ( 0.000000000000000000, 0.000000000000000000, 41.57787873376899768 ) ) ;
#892 = LINE ( 'NONE', #441, #405 ) ;
#893 = ORIENTED_EDGE ( 'NONE', *, *, #3041, .T. ) ;
#894 = DIRECTION ( 'NONE',  ( -1.000000000000000000, 0.000000000000000000, 0.000000000000000000 ) ) ;
#895 = ORIENTED_EDGE ( 'NONE', *, *, #4976, .F. ) ;
#896 = EDGE_CURVE ( 'NONE', #2549, #3822, #5260, .T. ) ;
#897 = DIRECTION ( 'NONE',  ( 1.000000000000000000, 0.000000000000000000, 0.000000000000000000 ) ) ;
#898 = LINE ( 'NONE', #53, #2432 ) ;
#899 = PLANE ( 'NONE',  #1122 ) ;
#900 = CIRCLE ( 'NONE', #4872, 1.500000000000001332 ) ;
#901 = DIRECTION ( 'NONE',  ( -0.000000000000000000, -0.000000000000000000, -1.000000000000000000 ) ) ;
#902 = ORIENTED_EDGE ( 'NONE', *, *, #4727, .F. ) ;
#903 = VECTOR ( 'NONE', #4963, 1000.000000000000000 ) ;
#904 = CYLINDRICAL_SURFACE ( 'NONE', #1181, 0.3999999999999993006 ) ;
#905 = CARTESIAN_POINT ( 'NONE',  ( -13.66522283772212099, -11.54390249418296044, -1.000000000000000000 ) ) ;
#906 = AXIS2_PLACEMENT_3D ( 'NONE', #3052, #503, #2652 ) ;
#907 = DIRECTION ( 'NONE',  ( -1.000000000000000000, 0.000000000000000000, 0.000000000000000000 ) ) ;
#908 = ORIENTED_EDGE ( 'NONE', *, *, #1158, .T. ) ;
#909 = EDGE_CURVE ( 'NONE', #317, #5233, #954, .T. ) ;
#910 = EDGE_CURVE ( 'NONE', #4153, #2622, #2523, .T. ) ;
#911 = CARTESIAN_POINT ( 'NONE',  ( -7.392628982878062693, -10.07963475139408516, 41.57787873376899768 ) ) ;
#912 = VECTOR ( 'NONE', #1105, 1000.000000000000000 ) ;
#913 = ORIENTED_EDGE ( 'NONE', *, *, #2464, .T. ) ;
#914 = CARTESIAN_POINT ( 'NONE',  ( 12.35475616918664699, -1.899999999985396926, -1.000000000000000888 ) ) ;
#915 = VERTEX_POINT ( 'NONE', #137 ) ;
#916 = CARTESIAN_POINT ( 'NONE',  ( 0.000000000000000000, 0.000000000000000000, -1.000000000000000000 ) ) ;
#917 = ORIENTED_EDGE ( 'NONE', *, *, #5581, .F. ) ;
#918 = CARTESIAN_POINT ( 'NONE',  ( -16.00000000000000000, 16.00000000000000000, 0.000000000000000000 ) ) ;
#919 = CARTESIAN_POINT ( 'NONE',  ( 2.638888888873515359, 18.81585144052604974, 0.000000000000000000 ) ) ;
#920 = DIRECTION ( 'NONE',  ( 0.000000000000000000, 0.000000000000000000, -1.000000000000000000 ) ) ;
#921 = VERTEX_POINT ( 'NONE', #3617 ) ;
#922 = EDGE_CURVE ( 'NONE', #3631, #697, #5032, .T. ) ;
#923 = CARTESIAN_POINT ( 'NONE',  ( 13.66522283772204105, 11.54390249418305991, -1.000000000000000000 ) ) ;
#924 = LINE ( 'NONE', #4058, #3949 ) ;
#925 = AXIS2_PLACEMENT_3D ( 'NONE', #4079, #3125, #1827 ) ;
#926 = LINE ( 'NONE', #4885, #1213 ) ;
#927 = EDGE_CURVE ( 'NONE', #2283, #1310, #1527, .T. ) ;
#928 = ADVANCED_FACE ( 'NONE', ( #2009 ), #5508, .F. ) ;
#929 = PLANE ( 'NONE',  #994 ) ;
#930 = CARTESIAN_POINT ( 'NONE',  ( 11.54390249416715974, 13.66522283773408120, 0.000000000000000000 ) ) ;
#931 = CARTESIAN_POINT ( 'NONE',  ( 0.000000000000000000, 0.000000000000000000, 0.000000000000000000 ) ) ;
#932 = PLANE ( 'NONE',  #3121 ) ;
#933 = ORIENTED_EDGE ( 'NONE', *, *, #1396, .F. ) ;
#934 = DIRECTION ( 'NONE',  ( 0.000000000000000000, 0.000000000000000000, 1.000000000000000000 ) ) ;
#935 = VERTEX_POINT ( 'NONE', #4207 ) ;
#936 = DIRECTION ( 'NONE',  ( -0.000000000000000000, -0.000000000000000000, -1.000000000000000000 ) ) ;
#937 = CIRCLE ( 'NONE', #3828, 0.3999999999999993006 ) ;
#938 = ORIENTED_EDGE ( 'NONE', *, *, #394, .T. ) ;
#939 = CARTESIAN_POINT ( 'NONE',  ( -2.222222222208969811, -7.685162873678909712, -1.000000000000000000 ) ) ;
#940 = ORIENTED_EDGE ( 'NONE', *, *, #2858, .F. ) ;
#941 = FACE_OUTER_BOUND ( 'NONE', #5224, .T. ) ;
#942 = AXIS2_PLACEMENT_3D ( 'NONE', #5266, #5220, #4846 ) ;
#943 = EDGE_CURVE ( 'NONE', #2890, #997, #1547, .T. ) ;
#944 = AXIS2_PLACEMENT_3D ( 'NONE', #2421, #3094, #2618 ) ;
#945 = ORIENTED_EDGE ( 'NONE', *, *, #896, .T. ) ;
#946 = DIRECTION ( 'NONE',  ( 1.000000000000000000, 0.000000000000000000, 0.000000000000000000 ) ) ;
#947 = EDGE_LOOP ( 'NONE', ( #2583, #2111, #5208, #453 ) ) ;
#948 = AXIS2_PLACEMENT_3D ( 'NONE', #1932, #1109, #2864 ) ;
#949 = DIRECTION ( 'NONE',  ( 1.000000000000000000, 0.000000000000000000, 0.000000000000000000 ) ) ;
#950 = DIRECTION ( 'NONE',  ( 1.000000000000000000, -3.794707603699271830E-15, 0.000000000000000000 ) ) ;
#951 = LINE ( 'NONE', #3161, #2213 ) ;
#952 = ORIENTED_EDGE ( 'NONE', *, *, #4509, .F. ) ;
#953 = CARTESIAN_POINT ( 'NONE',  ( -13.66522283773394086, 11.54390249416728054, -1.000000000000000000 ) ) ;
#954 = LINE ( 'NONE', #1893, #257 ) ;
#955 = ADVANCED_FACE ( 'NONE', ( #3330 ), #1159, .F. ) ;
#956 = AXIS2_PLACEMENT_3D ( 'NONE', #4701, #4221, #907 ) ;
#957 = AXIS2_PLACEMENT_3D ( 'NONE', #4536, #1648, #4102 ) ;
#958 = CARTESIAN_POINT ( 'NONE',  ( 7.685162873678919482, -2.222222222208944498, -1.000000000000000000 ) ) ;
#959 = VECTOR ( 'NONE', #4664, 1000.000000000000000 ) ;
#960 = VERTEX_POINT ( 'NONE', #755 ) ;
#961 = EDGE_CURVE ( 'NONE', #5263, #3250, #2819, .T. ) ;
#962 = VECTOR ( 'NONE', #3989, 1000.000000000000000 ) ;
#963 = AXIS2_PLACEMENT_3D ( 'NONE', #4016, #142, #1021 ) ;
#964 = CARTESIAN_POINT ( 'NONE',  ( -18.00000000000000000, -18.00000000000000000, -1.000000000000000000 ) ) ;
#965 = EDGE_CURVE ( 'NONE', #5228, #209, #1439, .T. ) ;
#966 = EDGE_CURVE ( 'NONE', #549, #3999, #2848, .T. ) ;
#967 = LINE ( 'NONE', #2747, #4761 ) ;
#968 = VERTEX_POINT ( 'NONE', #4585 ) ;
#969 = FACE_OUTER_BOUND ( 'NONE', #3334, .T. ) ;
#970 = MANIFOLD_SOLID_BREP ( 'Ô²½Ç1', #3489 ) ;
#971 = ORIENTED_EDGE ( 'NONE', *, *, #5389, .T. ) ;
#972 = CYLINDRICAL_SURFACE ( 'NONE', #2859, 1.000000000000000000 ) ;
#973 = ORIENTED_EDGE ( 'NONE', *, *, #5452, .F. ) ;
#974 = DIRECTION ( 'NONE',  ( 1.000000000000000000, 0.000000000000000000, 0.000000000000000000 ) ) ;
#975 = LINE ( 'NONE', #5379, #315 ) ;
#976 = ORIENTED_EDGE ( 'NONE', *, *, #3692, .F. ) ;
#977 = DIRECTION ( 'NONE',  ( -1.000000000000000000, 0.000000000000000000, 0.000000000000000000 ) ) ;
#978 = ORIENTED_EDGE ( 'NONE', *, *, #3986, .T. ) ;
#979 = EDGE_CURVE ( 'NONE', #3277, #3318, #2705, .T. ) ;
#980 = DIRECTION ( 'NONE',  ( 0.000000000000000000, 0.000000000000000000, 1.000000000000000000 ) ) ;
#981 = CARTESIAN_POINT ( 'NONE',  ( -14.58316581047819405, -1.849668874177174516, 0.000000000000000000 ) ) ;
#982 = ADVANCED_FACE ( 'NONE', ( #1521 ), #4972, .T. ) ;
#983 = EDGE_CURVE ( 'NONE', #5454, #4123, #4789, .T. ) ;
#984 = CARTESIAN_POINT ( 'NONE',  ( -7.174169802094289672, 5.052849458527520099, -1.000000000000000000 ) ) ;
#985 = ORIENTED_EDGE ( 'NONE', *, *, #1973, .T. ) ;
#986 = CIRCLE ( 'NONE', #2612, 18.99999999999384670 ) ;
#987 = DIRECTION ( 'NONE',  ( 0.000000000000000000, 0.000000000000000000, 1.000000000000000000 ) ) ;
#988 = CARTESIAN_POINT ( 'NONE',  ( -11.65311031327519231, 9.531789969708498234, 0.000000000000000000 ) ) ;
#989 = AXIS2_PLACEMENT_3D ( 'NONE', #3797, #828, #4278 ) ;
#990 = DIRECTION ( 'NONE',  ( 1.000000000000000000, 0.000000000000000000, 0.000000000000000000 ) ) ;
#991 = EDGE_CURVE ( 'NONE', #4222, #968, #3154, .T. ) ;
#992 = CIRCLE ( 'NONE', #5241, 18.99999999999380051 ) ;
#993 = ORIENTED_EDGE ( 'NONE', *, *, #2391, .F. ) ;
#994 = AXIS2_PLACEMENT_3D ( 'NONE', #1751, #4360, #1786 ) ;
#995 = FACE_BOUND ( 'NONE', #2748, .T. ) ;
#996 = CARTESIAN_POINT ( 'NONE',  ( 0.000000000000000000, 0.000000000000000000, -1.000000000000000000 ) ) ;
#997 = VERTEX_POINT ( 'NONE', #4116 ) ;
#998 = CIRCLE ( 'NONE', #1812, 1.999999999999998224 ) ;
#999 = EDGE_CURVE ( 'NONE', #2736, #554, #900, .T. ) ;
#1000 = CARTESIAN_POINT ( 'NONE',  ( 10.07963475138231502, 7.392628982894112077, -1.000000000000000888 ) ) ;
#1001 = ORIENTED_EDGE ( 'NONE', *, *, #5389, .F. ) ;
#1002 = LINE ( 'NONE', #3996, #3588 ) ;
#1003 = ORIENTED_EDGE ( 'NONE', *, *, #3159, .F. ) ;
#1004 = VECTOR ( 'NONE', #4725, 1000.000000000000000 ) ;
#1005 = DIRECTION ( 'NONE',  ( 1.000000000000000000, 0.000000000000000000, 0.000000000000000000 ) ) ;
#1006 = EDGE_LOOP ( 'NONE', ( #5127, #1309, #4582, #4645 ) ) ;
#1007 = DIRECTION ( 'NONE',  ( 0.000000000000000000, 0.000000000000000000, 1.000000000000000000 ) ) ;
#1008 = ORIENTED_EDGE ( 'NONE', *, *, #497, .F. ) ;
#1009 = LINE ( 'NONE', #4996, #2337 ) ;
#1010 = CARTESIAN_POINT ( 'NONE',  ( 13.66522283772204105, 11.54390249418305991, -1.000000000000000000 ) ) ;
#1011 = DIRECTION ( 'NONE',  ( 0.000000000000000000, 0.000000000000000000, 1.000000000000000000 ) ) ;
#1012 = ORIENTED_EDGE ( 'NONE', *, *, #5555, .T. ) ;
#1013 = CARTESIAN_POINT ( 'NONE',  ( 17.82554346996889905, 2.500000000005119905, -1.000000000000000000 ) ) ;
#1014 = CARTESIAN_POINT ( 'NONE',  ( -12.35475616918361652, -1.900000000005114709, -1.000000000000000888 ) ) ;
#1015 = AXIS2_PLACEMENT_3D ( 'NONE', #1325, #3050, #383 ) ;
#1016 = AXIS2_PLACEMENT_3D ( 'NONE', #3218, #1414, #4064 ) ;
#1017 = VECTOR ( 'NONE', #4344, 1000.000000000000000 ) ;
#1018 = CARTESIAN_POINT ( 'NONE',  ( 7.174169802094319870, -5.052849458527470361, -1.000000000000000000 ) ) ;
#1019 = ORIENTED_EDGE ( 'NONE', *, *, #4387, .T. ) ;
#1020 = CYLINDRICAL_SURFACE ( 'NONE', #1600, 2.000000000000000000 ) ;
#1021 = DIRECTION ( 'NONE',  ( 1.000000000000000000, 0.000000000000000000, 0.000000000000000000 ) ) ;
#1022 = EDGE_LOOP ( 'NONE', ( #4673, #113, #3887, #3064 ) ) ;
#1023 = EDGE_CURVE ( 'NONE', #1454, #1621, #898, .T. ) ;
#1024 = DIRECTION ( 'NONE',  ( 0.000000000000000000, 0.000000000000000000, 1.000000000000000000 ) ) ;
#1025 = VERTEX_POINT ( 'NONE', #786 ) ;
#1026 = AXIS2_PLACEMENT_3D ( 'NONE', #732, #1216, #706 ) ;
#1027 = CARTESIAN_POINT ( 'NONE',  ( -5.052849458527489901, -7.174169802094300330, 0.000000000000000000 ) ) ;
#1028 = ORIENTED_EDGE ( 'NONE', *, *, #4131, .F. ) ;
#1029 = EDGE_CURVE ( 'NONE', #1225, #2130, #3053, .T. ) ;
#1030 = DIRECTION ( 'NONE',  ( 1.000000000000000000, 0.000000000000000000, 0.000000000000000000 ) ) ;
#1031 = AXIS2_PLACEMENT_3D ( 'NONE', #4997, #2787, #4083 ) ;
#1032 = EDGE_CURVE ( 'NONE', #1995, #5503, #2995, .T. ) ;
#1033 = VERTEX_POINT ( 'NONE', #4780 ) ;
#1034 = CARTESIAN_POINT ( 'NONE',  ( -10.83679571298070066, -14.37232961892052074, -1.000000000000000000 ) ) ;
#1035 = VERTEX_POINT ( 'NONE', #837 ) ;
#1036 = FACE_OUTER_BOUND ( 'NONE', #2166, .T. ) ;
#1037 = DIRECTION ( 'NONE',  ( 0.000000000000000000, 0.000000000000000000, 1.000000000000000000 ) ) ;
#1038 = VECTOR ( 'NONE', #243, 1000.000000000000000 ) ;
#1039 = VECTOR ( 'NONE', #4317, 1000.000000000000000 ) ;
#1040 = DIRECTION ( 'NONE',  ( -0.000000000000000000, -0.000000000000000000, -1.000000000000000000 ) ) ;
#1041 = AXIS2_PLACEMENT_3D ( 'NONE', #3174, #4127, #226 ) ;
#1042 = ORIENTED_EDGE ( 'NONE', *, *, #4339, .F. ) ;
#1043 = CIRCLE ( 'NONE', #4923, 0.3999999999999993006 ) ;
#1044 = CYLINDRICAL_SURFACE ( 'NONE', #2623, 0.4000000000000001887 ) ;
#1045 = CARTESIAN_POINT ( 'NONE',  ( 0.000000000000000000, 0.000000000000000000, 41.57787873376899768 ) ) ;
#1046 = CARTESIAN_POINT ( 'NONE',  ( 16.00000000000000000, 16.00000000000000000, 0.000000000000000000 ) ) ;
#1047 = ADVANCED_FACE ( 'NONE', ( #5565 ), #4324, .F. ) ;
#1048 = CARTESIAN_POINT ( 'NONE',  ( 1.500000000005073275, -12.35475616918362007, 0.000000000000000000 ) ) ;
#1049 = VERTEX_POINT ( 'NONE', #448 ) ;
#1050 = DIRECTION ( 'NONE',  ( 0.000000000000000000, 0.000000000000000000, 1.000000000000000000 ) ) ;
#1051 = AXIS2_PLACEMENT_3D ( 'NONE', #799, #1698, #884 ) ;
#1052 = ADVANCED_FACE ( 'NONE', ( #4240 ), #4292, .F. ) ;
#1053 = EDGE_CURVE ( 'NONE', #1025, #4162, #3078, .T. ) ;
#1054 = ADVANCED_FACE ( 'NONE', ( #3444 ), #5172, .F. ) ;
#1055 = DIRECTION ( 'NONE',  ( 1.000000000000000000, 0.000000000000000000, 0.000000000000000000 ) ) ;
#1056 = ORIENTED_EDGE ( 'NONE', *, *, #3159, .T. ) ;
#1057 = VECTOR ( 'NONE', #3360, 1000.000000000000000 ) ;
#1058 = CIRCLE ( 'NONE', #5387, 0.9999999999999150679 ) ;
#1059 = CARTESIAN_POINT ( 'NONE',  ( 7.675471695352637624, 9.796792038919511114, -1.000000000000000000 ) ) ;
#1060 = AXIS2_PLACEMENT_3D ( 'NONE', #96, #176, #4402 ) ;
#1061 = EDGE_LOOP ( 'NONE', ( #3970, #2911, #2174, #2425, #5435, #3504, #3000, #4289, #524, #2893 ) ) ;
#1062 = DIRECTION ( 'NONE',  ( -1.000000000000000000, 0.000000000000000000, 0.000000000000000000 ) ) ;
#1063 = VERTEX_POINT ( 'NONE', #3896 ) ;
#1064 = CARTESIAN_POINT ( 'NONE',  ( 1.499999999985410115, 17.82554346997169858, -1.000000000000000000 ) ) ;
#1065 = LINE ( 'NONE', #3259, #1463 ) ;
#1066 = FACE_OUTER_BOUND ( 'NONE', #608, .T. ) ;
#1067 = VERTEX_POINT ( 'NONE', #4263 ) ;
#1068 = LINE ( 'NONE', #1485, #4786 ) ;
#1069 = DIRECTION ( 'NONE',  ( 0.000000000000000000, 0.000000000000000000, 1.000000000000000000 ) ) ;
#1070 = FACE_OUTER_BOUND ( 'NONE', #2773, .T. ) ;
#1071 = VERTEX_POINT ( 'NONE', #3508 ) ;
#1072 = ORIENTED_EDGE ( 'NONE', *, *, #3173, .F. ) ;
#1073 = DIRECTION ( 'NONE',  ( 0.000000000000000000, 0.000000000000000000, -1.000000000000000000 ) ) ;
#1074 = CARTESIAN_POINT ( 'NONE',  ( 17.82554346997164885, -1.499999999985415888, -1.000000000000000000 ) ) ;
#1075 = LINE ( 'NONE', #1494, #4010 ) ;
#1076 = LINE ( 'NONE', #1981, #3942 ) ;
#1077 = ORIENTED_EDGE ( 'NONE', *, *, #1465, .F. ) ;
#1078 = LINE ( 'NONE', #3598, #4405 ) ;
#1079 = CYLINDRICAL_SURFACE ( 'NONE', #2948, 1.000000000000000000 ) ;
#1080 = ORIENTED_EDGE ( 'NONE', *, *, #2816, .T. ) ;
#1081 = DIRECTION ( 'NONE',  ( 0.000000000000000000, 0.000000000000000000, -1.000000000000000000 ) ) ;
#1082 = VERTEX_POINT ( 'NONE', #5597 ) ;
#1083 = CARTESIAN_POINT ( 'NONE',  ( 15.17079237552755089, -11.43883991925753918, -1.000000000000000000 ) ) ;
#1084 = EDGE_CURVE ( 'NONE', #209, #3318, #3806, .T. ) ;
#1085 = VERTEX_POINT ( 'NONE', #386 ) ;
#1086 = CIRCLE ( 'NONE', #2889, 0.9999999999999991118 ) ;
#1087 = CIRCLE ( 'NONE', #5153, 2.000000000000001776 ) ;
#1088 = DIRECTION ( 'NONE',  ( 0.000000000000000000, 0.000000000000000000, -1.000000000000000000 ) ) ;
#1089 = DIRECTION ( 'NONE',  ( 0.000000000000000000, 0.000000000000000000, 1.000000000000000000 ) ) ;
#1090 = DIRECTION ( 'NONE',  ( 0.7071067811865480168, -0.7071067811865470176, 0.000000000000000000 ) ) ;
#1091 = ORIENTED_EDGE ( 'NONE', *, *, #3141, .F. ) ;
#1092 = CARTESIAN_POINT ( 'NONE',  ( 20.00000000000000000, 15.25000000000000000, 0.000000000000000000 ) ) ;
#1093 = DIRECTION ( 'NONE',  ( 0.7071067811865444641, 0.7071067811865505703, 0.000000000000000000 ) ) ;
#1094 = EDGE_LOOP ( 'NONE', ( #3032, #4312, #2372, #4710 ) ) ;
#1095 = EDGE_CURVE ( 'NONE', #4838, #3049, #1717, .T. ) ;
#1096 = VERTEX_POINT ( 'NONE', #1297 ) ;
#1097 = DIRECTION ( 'NONE',  ( 0.000000000000000000, 0.000000000000000000, -1.000000000000000000 ) ) ;
#1098 = CARTESIAN_POINT ( 'NONE',  ( 0.000000000000000000, 0.000000000000000000, 0.000000000000000000 ) ) ;
#1099 = ADVANCED_FACE ( 'NONE', ( #1358 ), #3019, .F. ) ;
#1100 = CARTESIAN_POINT ( 'NONE',  ( 1.960800000005235688, -12.75010836659749813, -1.000000000000000000 ) ) ;
#1101 = DIRECTION ( 'NONE',  ( 1.000000000000000000, 0.000000000000000000, 0.000000000000000000 ) ) ;
#1102 = ADVANCED_FACE ( 'NONE', ( #3385 ), #4693, .F. ) ;
#1103 = ORIENTED_EDGE ( 'NONE', *, *, #3886, .F. ) ;
#1104 = ORIENTED_EDGE ( 'NONE', *, *, #4584, .F. ) ;
#1105 = DIRECTION ( 'NONE',  ( 0.000000000000000000, 0.000000000000000000, 1.000000000000000000 ) ) ;
#1106 = DIRECTION ( 'NONE',  ( -0.7071067811865489050, -0.7071067811865460184, 0.000000000000000000 ) ) ;
#1107 = VECTOR ( 'NONE', #5227, 1000.000000000000000 ) ;
#1108 = ORIENTED_EDGE ( 'NONE', *, *, #4719, .F. ) ;
#1109 = DIRECTION ( 'NONE',  ( 0.000000000000000000, 0.000000000000000000, 1.000000000000000000 ) ) ;
#1110 = ORIENTED_EDGE ( 'NONE', *, *, #3513, .T. ) ;
#1111 = CYLINDRICAL_SURFACE ( 'NONE', #1237, 14.69999999999999929 ) ;
#1112 = ORIENTED_EDGE ( 'NONE', *, *, #281, .F. ) ;
#1113 = CARTESIAN_POINT ( 'NONE',  ( 16.00000000000000000, -16.00000000000000000, -1.000000000000000000 ) ) ;
#1114 = DIRECTION ( 'NONE',  ( 1.000000000000000000, 0.000000000000000000, 0.000000000000000000 ) ) ;
#1115 = DIRECTION ( 'NONE',  ( 0.7071067811865444641, 0.7071067811865505703, 0.000000000000000000 ) ) ;
#1116 = ORIENTED_EDGE ( 'NONE', *, *, #390, .F. ) ;
#1117 = CYLINDRICAL_SURFACE ( 'NONE', #2700, 12.90000000000000213 ) ;
#1118 = EDGE_CURVE ( 'NONE', #4957, #365, #2145, .T. ) ;
#1119 = DIRECTION ( 'NONE',  ( -1.000000000000000000, 0.000000000000000000, 0.000000000000000000 ) ) ;
#1120 = ORIENTED_EDGE ( 'NONE', *, *, #4888, .T. ) ;
#1121 = LINE ( 'NONE', #1208, #866 ) ;
#1122 = AXIS2_PLACEMENT_3D ( 'NONE', #1807, #4859, #3590 ) ;
#1123 = ORIENTED_EDGE ( 'NONE', *, *, #566, .T. ) ;
#1124 = DIRECTION ( 'NONE',  ( -1.000000000000000000, 1.417298618512443785E-16, 0.000000000000000000 ) ) ;
#1125 = DIRECTION ( 'NONE',  ( -1.000000000000000000, 0.000000000000000000, 0.000000000000000000 ) ) ;
#1126 = FACE_OUTER_BOUND ( 'NONE', #1459, .T. ) ;
#1127 = CARTESIAN_POINT ( 'NONE',  ( 16.00000000000000000, 16.00000000000000000, -1.000000000000000000 ) ) ;
#1128 = AXIS2_PLACEMENT_3D ( 'NONE', #5325, #3897, #4511 ) ;
#1129 = ORIENTED_EDGE ( 'NONE', *, *, #1299, .F. ) ;
#1130 = ADVANCED_FACE ( 'NONE', ( #478 ), #3474, .T. ) ;
#1131 = EDGE_LOOP ( 'NONE', ( #3544, #5318, #4501, #5475 ) ) ;
#1132 = DIRECTION ( 'NONE',  ( 1.000000000000000000, 0.000000000000000000, 0.000000000000000000 ) ) ;
#1133 = PRODUCT_DEFINITION_FORMATION_WITH_SPECIFIED_SOURCE ( 'ÈÎºÎ', '', #2902, .NOT_KNOWN. ) ;
#1134 = CARTESIAN_POINT ( 'NONE',  ( 3.862882379858115112, 7.005579185137669640, -1.000000000000000000 ) ) ;
#1135 = VERTEX_POINT ( 'NONE', #981 ) ;
#1136 = DIRECTION ( 'NONE',  ( 1.000000000000000000, 0.000000000000000000, 0.000000000000000000 ) ) ;
#1137 = ORIENTED_EDGE ( 'NONE', *, *, #1636, .F. ) ;
#1138 = CIRCLE ( 'NONE', #1411, 18.99999999999384670 ) ;
#1139 = EDGE_CURVE ( 'NONE', #317, #4080, #5298, .T. ) ;
#1140 = DIRECTION ( 'NONE',  ( -0.000000000000000000, -0.000000000000000000, -1.000000000000000000 ) ) ;
#1141 = ORIENTED_EDGE ( 'NONE', *, *, #1882, .T. ) ;
#1142 = AXIS2_PLACEMENT_3D ( 'NONE', #5445, #5030, #724 ) ;
#1143 = CARTESIAN_POINT ( 'NONE',  ( -7.999141150556607016, 10.12046149409561124, -1.000000000000000888 ) ) ;
#1144 = AXIS2_PLACEMENT_3D ( 'NONE', #839, #3022, #3388 ) ;
#1145 = CIRCLE ( 'NONE', #4307, 14.69999999999999929 ) ;
#1146 = AXIS2_PLACEMENT_3D ( 'NONE', #201, #3737, #3713 ) ;
#1147 = FACE_OUTER_BOUND ( 'NONE', #1649, .T. ) ;
#1148 = CYLINDRICAL_SURFACE ( 'NONE', #715, 18.99999999999380051 ) ;
#1149 = VERTEX_POINT ( 'NONE', #504 ) ;
#1150 = AXIS2_PLACEMENT_3D ( 'NONE', #964, #194, #1926 ) ;
#1151 = LINE ( 'NONE', #1260, #1220 ) ;
#1152 = CARTESIAN_POINT ( 'NONE',  ( 14.37232961890859961, 10.83679571299651911, 0.000000000000000000 ) ) ;
#1153 = EDGE_LOOP ( 'NONE', ( #3241, #3747, #3556, #3909 ) ) ;
#1154 = EDGE_CURVE ( 'NONE', #78, #1657, #5483, .T. ) ;
#1155 = DIRECTION ( 'NONE',  ( 1.000000000000000000, 0.000000000000000000, 0.000000000000000000 ) ) ;
#1156 = EDGE_CURVE ( 'NONE', #3426, #3819, #5386, .T. ) ;
#1157 = DIRECTION ( 'NONE',  ( 0.000000000000000000, 0.000000000000000000, 1.000000000000000000 ) ) ;
#1158 = EDGE_CURVE ( 'NONE', #3051, #600, #612, .T. ) ;
#1159 = CYLINDRICAL_SURFACE ( 'NONE', #2254, 1.000000000000000888 ) ;
#1160 = DIRECTION ( 'NONE',  ( 1.000000000000000000, 0.000000000000000000, 0.000000000000000000 ) ) ;
#1161 = CARTESIAN_POINT ( 'NONE',  ( -12.75475616918361510, -1.900000000005114709, 41.57787873376899768 ) ) ;
#1162 = VERTEX_POINT ( 'NONE', #3129 ) ;
#1163 = ORIENTED_EDGE ( 'NONE', *, *, #2441, .T. ) ;
#1164 = DIRECTION ( 'NONE',  ( 0.000000000000000000, 0.000000000000000000, 1.000000000000000000 ) ) ;
#1165 = EDGE_CURVE ( 'NONE', #3366, #1310, #924, .T. ) ;
#1166 = PLANE ( 'NONE',  #692 ) ;
#1167 = ORIENTED_EDGE ( 'NONE', *, *, #1416, .F. ) ;
#1168 = ORIENTED_EDGE ( 'NONE', *, *, #4719, .T. ) ;
#1169 = VECTOR ( 'NONE', #4826, 1000.000000000000000 ) ;
#1170 = FACE_OUTER_BOUND ( 'NONE', #2875, .T. ) ;
#1171 = EDGE_LOOP ( 'NONE', ( #309, #2846, #2991, #604 ) ) ;
#1172 = DIRECTION ( 'NONE',  ( 0.000000000000000000, 0.000000000000000000, 1.000000000000000000 ) ) ;
#1173 = AXIS2_PLACEMENT_3D ( 'NONE', #419, #2151, #2627 ) ;
#1174 = EDGE_CURVE ( 'NONE', #1063, #515, #2653, .T. ) ;
#1175 = AXIS2_PLACEMENT_3D ( 'NONE', #2443, #2837, #2897 ) ;
#1176 = FACE_OUTER_BOUND ( 'NONE', #1375, .T. ) ;
#1177 = DIRECTION ( 'NONE',  ( 0.000000000000000000, 0.000000000000000000, 1.000000000000000000 ) ) ;
#1178 = ORIENTED_EDGE ( 'NONE', *, *, #5239, .T. ) ;
#1179 = DIRECTION ( 'NONE',  ( 0.000000000000000000, 0.000000000000000000, 1.000000000000000000 ) ) ;
#1180 = CARTESIAN_POINT ( 'NONE',  ( 11.43883991927426003, -15.17079237551494941, -1.000000000000000000 ) ) ;
#1181 = AXIS2_PLACEMENT_3D ( 'NONE', #874, #4362, #483 ) ;
#1182 = ORIENTED_EDGE ( 'NONE', *, *, #3764, .F. ) ;
#1183 = CARTESIAN_POINT ( 'NONE',  ( 1.500000000005073275, -12.35475616918362007, -1.000000000000000000 ) ) ;
#1184 = CYLINDRICAL_SURFACE ( 'NONE', #5244, 7.999999999990748734 ) ;
#1185 = CIRCLE ( 'NONE', #3352, 1.999999999999998224 ) ;
#1186 = CARTESIAN_POINT ( 'NONE',  ( -18.00000000000000000, -20.00000000000000000, -1.000000000000000000 ) ) ;
#1187 = DIRECTION ( 'NONE',  ( 0.000000000000000000, 0.000000000000000000, -1.000000000000000000 ) ) ;
#1188 = UNCERTAINTY_MEASURE_WITH_UNIT (LENGTH_MEASURE( 1.000000000000000082E-05 ), #5394, 'distance_accuracy_value', 'NONE');
#1189 = ORIENTED_EDGE ( 'NONE', *, *, #5590, .T. ) ;
#1190 = ORIENTED_EDGE ( 'NONE', *, *, #1351, .T. ) ;
#1191 = DIRECTION ( 'NONE',  ( -0.000000000000000000, -0.000000000000000000, -1.000000000000000000 ) ) ;
#1192 = CARTESIAN_POINT ( 'NONE',  ( -16.00000000000000000, 16.00000000000000000, -1.000000000000000000 ) ) ;
#1193 = VERTEX_POINT ( 'NONE', #4379 ) ;
#1194 = AXIS2_PLACEMENT_3D ( 'NONE', #2382, #2782, #1566 ) ;
#1195 = ORIENTED_EDGE ( 'NONE', *, *, #567, .F. ) ;
#1196 = CARTESIAN_POINT ( 'NONE',  ( 5.052849458527489901, 7.174169802094340298, -1.000000000000000000 ) ) ;
#1197 = VERTEX_POINT ( 'NONE', #3533 ) ;
#1198 = CARTESIAN_POINT ( 'NONE',  ( -1.899999999985459986, -14.97998664886104514, -1.000000000000000888 ) ) ;
#1199 = ORIENTED_EDGE ( 'NONE', *, *, #5141, .F. ) ;
#1200 = LINE ( 'NONE', #5100, #25 ) ;
#1201 = CARTESIAN_POINT ( 'NONE',  ( -7.792628982878063049, -10.07963475139408516, -1.000000000000000888 ) ) ;
#1202 = VERTEX_POINT ( 'NONE', #4412 ) ;
#1203 = EDGE_CURVE ( 'NONE', #4970, #5214, #3101, .T. ) ;
#1204 = DIRECTION ( 'NONE',  ( 0.000000000000000000, 0.000000000000000000, -1.000000000000000000 ) ) ;
#1205 = ADVANCED_FACE ( 'NONE', ( #1888 ), #2232, .F. ) ;
#1206 = LINE ( 'NONE', #3801, #3109 ) ;
#1207 = ORIENTED_EDGE ( 'NONE', *, *, #3346, .F. ) ;
#1208 = CARTESIAN_POINT ( 'NONE',  ( 20.00000000000000000, 15.25000000000000000, -1.000000000000000000 ) ) ;
#1209 = DIRECTION ( 'NONE',  ( -1.000000000000000000, 0.000000000000000000, 0.000000000000000000 ) ) ;
#1210 = DIRECTION ( 'NONE',  ( -1.000000000000000000, 0.000000000000000000, 0.000000000000000000 ) ) ;
#1211 = DIRECTION ( 'NONE',  ( 0.000000000000000000, 0.000000000000000000, 1.000000000000000000 ) ) ;
#1212 = CARTESIAN_POINT ( 'NONE',  ( 1.499999999985410115, 17.82554346997169858, 0.000000000000000000 ) ) ;
#1213 = VECTOR ( 'NONE', #1359, 1000.000000000000000 ) ;
#1214 = ORIENTED_EDGE ( 'NONE', *, *, #151, .F. ) ;
#1215 = ORIENTED_EDGE ( 'NONE', *, *, #2031, .F. ) ;
#1216 = DIRECTION ( 'NONE',  ( 0.000000000000000000, 0.000000000000000000, 1.000000000000000000 ) ) ;
#1217 = CIRCLE ( 'NONE', #5368, 2.000000000000001776 ) ;
#1218 = PLANE ( 'NONE',  #3759 ) ;
#1219 = ORIENTED_EDGE ( 'NONE', *, *, #4526, .F. ) ;
#1220 = VECTOR ( 'NONE', #4629, 1000.000000000000000 ) ;
#1221 = DIRECTION ( 'NONE',  ( 1.000000000000000000, 0.000000000000000000, 0.000000000000000000 ) ) ;
#1222 = VECTOR ( 'NONE', #1506, 1000.000000000000000 ) ;
#1223 = ORIENTED_EDGE ( 'NONE', *, *, #1084, .T. ) ;
#1224 = ADVANCED_FACE ( 'NONE', ( #105 ), #5276, .F. ) ;
#1225 = VERTEX_POINT ( 'NONE', #558 ) ;
#1226 = EDGE_CURVE ( 'NONE', #280, #314, #876, .T. ) ;
#1227 = EDGE_CURVE ( 'NONE', #4589, #3407, #1832, .T. ) ;
#1228 = FACE_BOUND ( 'NONE', #3719, .T. ) ;
#1229 = ORIENTED_EDGE ( 'NONE', *, *, #2150, .T. ) ;
#1230 = AXIS2_PLACEMENT_3D ( 'NONE', #233, #1089, #3634 ) ;
#1231 = DIRECTION ( 'NONE',  ( 1.000000000000000000, 0.000000000000000000, 0.000000000000000000 ) ) ;
#1232 = DIRECTION ( 'NONE',  ( 0.000000000000000000, 0.000000000000000000, 1.000000000000000000 ) ) ;
#1233 = EDGE_LOOP ( 'NONE', ( #4001, #1120, #1787, #3010, #432, #2101, #4902, #751 ) ) ;
#1234 = DIRECTION ( 'NONE',  ( 0.000000000000000000, 0.000000000000000000, 1.000000000000000000 ) ) ;
#1235 = AXIS2_PLACEMENT_3D ( 'NONE', #5181, #3002, #3786 ) ;
#1236 = CIRCLE ( 'NONE', #5381, 0.3999999999999999667 ) ;
#1237 = AXIS2_PLACEMENT_3D ( 'NONE', #712, #2866, #5376 ) ;
#1238 = EDGE_CURVE ( 'NONE', #3766, #4744, #1859, .T. ) ;
#1239 = CARTESIAN_POINT ( 'NONE',  ( -14.62326912834622483, 1.499999999985406118, 0.000000000000000000 ) ) ;
#1240 = ORIENTED_EDGE ( 'NONE', *, *, #2369, .T. ) ;
#1241 = AXIS2_PLACEMENT_3D ( 'NONE', #278, #4530, #2017 ) ;
#1242 = DIRECTION ( 'NONE',  ( 0.000000000000000000, 0.000000000000000000, 1.000000000000000000 ) ) ;
#1243 = ORIENTED_EDGE ( 'NONE', *, *, #4702, .F. ) ;
#1244 = DIRECTION ( 'NONE',  ( -0.000000000000000000, -0.000000000000000000, 1.000000000000000000 ) ) ;
#1245 = DIRECTION ( 'NONE',  ( 1.000000000000000000, 0.000000000000000000, 0.000000000000000000 ) ) ;
#1246 = CARTESIAN_POINT ( 'NONE',  ( 23.57404796879309927, -8.544500781088730168E-16, -1.000000000000000000 ) ) ;
#1247 = DIRECTION ( 'NONE',  ( 0.000000000000000000, 0.000000000000000000, 1.000000000000000000 ) ) ;
#1248 = CARTESIAN_POINT ( 'NONE',  ( 11.93595302574987649, -9.248947257233798069, 41.57787873376899768 ) ) ;
#1249 = ORIENTED_EDGE ( 'NONE', *, *, #4137, .T. ) ;
#1250 = EDGE_CURVE ( 'NONE', #4465, #200, #1433, .T. ) ;
#1251 = DIRECTION ( 'NONE',  ( -0.000000000000000000, -0.000000000000000000, -1.000000000000000000 ) ) ;
#1252 = CARTESIAN_POINT ( 'NONE',  ( -1.960799999984975894, -12.75010836660061386, 41.57787873376899768 ) ) ;
#1253 = VERTEX_POINT ( 'NONE', #4463 ) ;
#1254 = ORIENTED_EDGE ( 'NONE', *, *, #896, .F. ) ;
#1255 = FACE_BOUND ( 'NONE', #4735, .T. ) ;
#1256 = ORIENTED_EDGE ( 'NONE', *, *, #999, .F. ) ;
#1257 = DIRECTION ( 'NONE',  ( 0.000000000000000000, 0.000000000000000000, -1.000000000000000000 ) ) ;
#1258 = CYLINDRICAL_SURFACE ( 'NONE', #3878, 2.000000000000001776 ) ;
#1259 = VERTEX_POINT ( 'NONE', #585 ) ;
#1260 = CARTESIAN_POINT ( 'NONE',  ( -20.00000000000000000, -2.449293598294709668E-15, -1.000000000000000000 ) ) ;
#1261 = AXIS2_PLACEMENT_3D ( 'NONE', #853, #2982, #4313 ) ;
#1262 = CIRCLE ( 'NONE', #4143, 1.000000000000000000 ) ;
#1263 = DIRECTION ( 'NONE',  ( 0.000000000000000000, 0.000000000000000000, 1.000000000000000000 ) ) ;
#1264 = ORIENTED_EDGE ( 'NONE', *, *, #683, .F. ) ;
#1265 = CIRCLE ( 'NONE', #2710, 1.000000000000015987 ) ;
#1266 = CARTESIAN_POINT ( 'NONE',  ( 0.000000000000000000, 0.000000000000000000, -1.000000000000000000 ) ) ;
#1267 = ORIENTED_EDGE ( 'NONE', *, *, #2502, .F. ) ;
#1268 = LINE ( 'NONE', #2994, #4880 ) ;
#1269 = DIRECTION ( 'NONE',  ( 1.000000000000000000, 0.000000000000000000, 0.000000000000000000 ) ) ;
#1270 = CYLINDRICAL_SURFACE ( 'NONE', #3487, 1.000000000000000000 ) ;
#1271 = AXIS2_PLACEMENT_3D ( 'NONE', #644, #3244, #4913 ) ;
#1272 = CARTESIAN_POINT ( 'NONE',  ( 11.61976883963729179, -9.003942031876606578, -1.000000000000000000 ) ) ;
#1273 = EDGE_CURVE ( 'NONE', #670, #5503, #2306, .T. ) ;
#1274 = DIRECTION ( 'NONE',  ( 1.000000000000000000, 0.000000000000000000, 0.000000000000000000 ) ) ;
#1275 = ORIENTED_EDGE ( 'NONE', *, *, #4413, .T. ) ;
#1276 = CARTESIAN_POINT ( 'NONE',  ( -1.499999999985414112, -8.645808232889899969, 0.000000000000000000 ) ) ;
#1277 = EDGE_CURVE ( 'NONE', #209, #2597, #3402, .T. ) ;
#1278 = CARTESIAN_POINT ( 'NONE',  ( -7.174169802094289672, 5.052849458527520099, -1.000000000000000000 ) ) ;
#1279 = EDGE_CURVE ( 'NONE', #3695, #1326, #1461, .T. ) ;
#1280 = SHAPE_DEFINITION_REPRESENTATION ( #4107, #1306 ) ;
#1281 = VERTEX_POINT ( 'NONE', #2762 ) ;
#1282 = ORIENTED_EDGE ( 'NONE', *, *, #5342, .F. ) ;
#1283 = CARTESIAN_POINT ( 'NONE',  ( 11.54390249418302083, -13.66522283772208013, 0.000000000000000000 ) ) ;
#1284 = ORIENTED_EDGE ( 'NONE', *, *, #265, .T. ) ;
#1285 = DIRECTION ( 'NONE',  ( 0.7071067811865465735, -0.7071067811865485719, 0.000000000000000000 ) ) ;
#1286 = ORIENTED_EDGE ( 'NONE', *, *, #4836, .F. ) ;
#1287 = DIRECTION ( 'NONE',  ( 0.000000000000000000, 0.000000000000000000, 1.000000000000000000 ) ) ;
#1288 = EDGE_LOOP ( 'NONE', ( #2224, #5160, #4947, #835 ) ) ;
#1289 = CARTESIAN_POINT ( 'NONE',  ( -1.849668874158030940, -14.58316581048062233, 41.57787873376899768 ) ) ;
#1290 = VECTOR ( 'NONE', #85, 1000.000000000000000 ) ;
#1291 = DIRECTION ( 'NONE',  ( 0.000000000000000000, 0.000000000000000000, 1.000000000000000000 ) ) ;
#1292 = ORIENTED_EDGE ( 'NONE', *, *, #4157, .T. ) ;
#1293 = LINE ( 'NONE', #5559, #1107 ) ;
#1294 = ORIENTED_EDGE ( 'NONE', *, *, #2450, .T. ) ;
#1295 = ADVANCED_FACE ( 'NONE', ( #5360 ), #1486, .F. ) ;
#1296 = DIRECTION ( 'NONE',  ( 0.000000000000000000, 0.000000000000000000, 1.000000000000000000 ) ) ;
#1297 = CARTESIAN_POINT ( 'NONE',  ( -1.499999999985480059, -17.82554346997164885, 0.000000000000000000 ) ) ;
#1298 = ADVANCED_FACE ( 'NONE', ( #3211, #4516, #639, #4895, #1873, #3192, #2799, #3649, #4840, #114, #2264, #5399, #3224, #995, #3140, #4953, #222, #5314, #4867, #4446, #2348, #4069 ), #3111, .F. ) ;
#1299 = EDGE_CURVE ( 'NONE', #1067, #3393, #1078, .T. ) ;
#1300 = DIRECTION ( 'NONE',  ( -1.000000000000000000, 0.000000000000000000, 0.000000000000000000 ) ) ;
#1301 = CARTESIAN_POINT ( 'NONE',  ( 9.003942031876578156, 11.61976883963730955, 41.57787873376899768 ) ) ;
#1302 = DIRECTION ( 'NONE',  ( -0.000000000000000000, -0.000000000000000000, -1.000000000000000000 ) ) ;
#1303 = ORIENTED_EDGE ( 'NONE', *, *, #3690, .F. ) ;
#1304 = VECTOR ( 'NONE', #2855, 1000.000000000000000 ) ;
#1305 = DIRECTION ( 'NONE',  ( 1.000000000000000000, 0.000000000000000000, 0.000000000000000000 ) ) ;
#1306 = ADVANCED_BREP_SHAPE_REPRESENTATION ( '40·çÉÈ²»Ðâ¸Ö¼ÐÆ¬-¸Ä°æ', ( #970, #411 ), #1580 ) ;
#1307 = DIRECTION ( 'NONE',  ( -0.000000000000000000, -0.000000000000000000, -1.000000000000000000 ) ) ;
#1308 = VECTOR ( 'NONE', #5053, 1000.000000000000000 ) ;
#1309 = ORIENTED_EDGE ( 'NONE', *, *, #2628, .F. ) ;
#1310 = VERTEX_POINT ( 'NONE', #649 ) ;
#1311 = VECTOR ( 'NONE', #1346, 999.9999999999998863 ) ;
#1312 = VECTOR ( 'NONE', #5529, 1000.000000000000114 ) ;
#1313 = CARTESIAN_POINT ( 'NONE',  ( -10.83679571298070066, -14.37232961892052074, 0.000000000000000000 ) ) ;
#1314 = EDGE_LOOP ( 'NONE', ( #3994, #2926, #908, #4407 ) ) ;
#1315 = EDGE_CURVE ( 'NONE', #4459, #3908, #5345, .T. ) ;
#1316 = CARTESIAN_POINT ( 'NONE',  ( 0.000000000000000000, 0.000000000000000000, 0.000000000000000000 ) ) ;
#1317 = FACE_OUTER_BOUND ( 'NONE', #2302, .T. ) ;
#1318 = VERTEX_POINT ( 'NONE', #3170 ) ;
#1319 = VECTOR ( 'NONE', #2152, 1000.000000000000000 ) ;
#1320 = CARTESIAN_POINT ( 'NONE',  ( 18.00000000000000000, -20.00000000000000000, 0.000000000000000000 ) ) ;
#1321 = VERTEX_POINT ( 'NONE', #4091 ) ;
#1322 = CYLINDRICAL_SURFACE ( 'NONE', #4833, 14.69999999999999929 ) ;
#1323 = LINE ( 'NONE', #2172, #4096 ) ;
#1324 = ORIENTED_EDGE ( 'NONE', *, *, #5448, .F. ) ;
#1325 = CARTESIAN_POINT ( 'NONE',  ( -7.392628982878062693, -10.07963475139408516, -1.000000000000000888 ) ) ;
#1326 = VERTEX_POINT ( 'NONE', #2719 ) ;
#1327 = VECTOR ( 'NONE', #1586, 1000.000000000000000 ) ;
#1328 = CARTESIAN_POINT ( 'NONE',  ( 18.81585144052600000, -2.638888888873545557, -1.000000000000000000 ) ) ;
#1329 = DIRECTION ( 'NONE',  ( 0.000000000000000000, 0.000000000000000000, 1.000000000000000000 ) ) ;
#1330 = CIRCLE ( 'NONE', #780, 0.3999999999999999667 ) ;
#1331 = CARTESIAN_POINT ( 'NONE',  ( -15.17079237551494941, -11.43883991927419963, -1.000000000000000000 ) ) ;
#1332 = PLANE ( 'NONE',  #2475 ) ;
#1333 = CIRCLE ( 'NONE', #4306, 0.9999999999999991118 ) ;
#1334 = CIRCLE ( 'NONE', #1957, 0.9999999999999991118 ) ;
#1335 = AXIS2_PLACEMENT_3D ( 'NONE', #3176, #1479, #4901 ) ;
#1336 = CYLINDRICAL_SURFACE ( 'NONE', #3817, 0.3999999999999993006 ) ;
#1337 = ORIENTED_EDGE ( 'NONE', *, *, #3060, .T. ) ;
#1338 = EDGE_CURVE ( 'NONE', #4225, #2283, #1683, .T. ) ;
#1339 = ADVANCED_FACE ( 'NONE', ( #4473 ), #1020, .F. ) ;
#1340 = CARTESIAN_POINT ( 'NONE',  ( -7.999141150556607016, 10.12046149409561124, 41.57787873376899768 ) ) ;
#1341 = CYLINDRICAL_SURFACE ( 'NONE', #1829, 0.3999999999999993006 ) ;
#1342 = FACE_OUTER_BOUND ( 'NONE', #739, .T. ) ;
#1343 = ORIENTED_EDGE ( 'NONE', *, *, #3973, .T. ) ;
#1344 = FACE_BOUND ( 'NONE', #3621, .T. ) ;
#1345 = VERTEX_POINT ( 'NONE', #1955 ) ;
#1346 = DIRECTION ( 'NONE',  ( -0.7071067811865441310, 0.7071067811865510144, 0.000000000000000000 ) ) ;
#1347 = VERTEX_POINT ( 'NONE', #596 ) ;
#1348 = CYLINDRICAL_SURFACE ( 'NONE', #871, 0.3999999999999999667 ) ;
#1349 = ORIENTED_EDGE ( 'NONE', *, *, #4652, .F. ) ;
#1350 = DIRECTION ( 'NONE',  ( -1.000000000000000000, 0.000000000000000000, 0.000000000000000000 ) ) ;
#1351 = EDGE_CURVE ( 'NONE', #1365, #5358, #3314, .T. ) ;
#1352 = EDGE_CURVE ( 'NONE', #5362, #5088, #4851, .T. ) ;
#1353 = DIRECTION ( 'NONE',  ( 0.000000000000000000, 0.000000000000000000, 1.000000000000000000 ) ) ;
#1354 = CARTESIAN_POINT ( 'NONE',  ( 12.35475616918361474, 1.500000000005116796, 0.000000000000000000 ) ) ;
#1355 = ORIENTED_EDGE ( 'NONE', *, *, #1973, .F. ) ;
#1356 = AXIS2_PLACEMENT_3D ( 'NONE', #4779, #5171, #897 ) ;
#1357 = DIRECTION ( 'NONE',  ( 0.000000000000000000, 0.000000000000000000, 1.000000000000000000 ) ) ;
#1358 = FACE_OUTER_BOUND ( 'NONE', #5549, .T. ) ;
#1359 = DIRECTION ( 'NONE',  ( -3.165300248010120390E-15, -1.000000000000000000, 0.000000000000000000 ) ) ;
#1360 = LINE ( 'NONE', #3080, #540 ) ;
#1361 = ORIENTED_EDGE ( 'NONE', *, *, #5419, .T. ) ;
#1362 = FACE_OUTER_BOUND ( 'NONE', #5095, .T. ) ;
#1363 = LINE ( 'NONE', #2156, #4161 ) ;
#1364 = DIRECTION ( 'NONE',  ( 0.000000000000000000, 0.000000000000000000, 1.000000000000000000 ) ) ;
#1365 = VERTEX_POINT ( 'NONE', #5287 ) ;
#1366 = EDGE_CURVE ( 'NONE', #3017, #1318, #3624, .T. ) ;
#1367 = DIRECTION ( 'NONE',  ( 1.000000000000000000, 0.000000000000000000, 0.000000000000000000 ) ) ;
#1368 = EDGE_LOOP ( 'NONE', ( #2384, #3602, #4272, #2918, #1906, #2192, #3991, #4871 ) ) ;
#1369 = CARTESIAN_POINT ( 'NONE',  ( 11.54390249418302083, -13.66522283772208013, 0.000000000000000000 ) ) ;
#1370 = ORIENTED_EDGE ( 'NONE', *, *, #4338, .F. ) ;
#1371 = CARTESIAN_POINT ( 'NONE',  ( -1.500000000005100143, 8.645808232884220956, -1.000000000000000000 ) ) ;
#1372 = ORIENTED_EDGE ( 'NONE', *, *, #4276, .T. ) ;
#1373 = DIRECTION ( 'NONE',  ( 1.000000000000000000, 0.000000000000000000, 0.000000000000000000 ) ) ;
#1374 = EDGE_CURVE ( 'NONE', #741, #2283, #3565, .T. ) ;
#1375 = EDGE_LOOP ( 'NONE', ( #3667, #3681, #183, #731 ) ) ;
#1376 = DIRECTION ( 'NONE',  ( 0.000000000000000000, 0.000000000000000000, 1.000000000000000000 ) ) ;
#1377 = ORIENTED_EDGE ( 'NONE', *, *, #2928, .F. ) ;
#1378 = CYLINDRICAL_SURFACE ( 'NONE', #1356, 1.000000000000000000 ) ;
#1379 = DIRECTION ( 'NONE',  ( -1.000000000000000000, 0.000000000000000000, 0.000000000000000000 ) ) ;
#1380 = AXIS2_PLACEMENT_3D ( 'NONE', #4353, #2175, #5169 ) ;
#1381 = CARTESIAN_POINT ( 'NONE',  ( 14.97998664885855291, 1.500000000005118128, 0.000000000000000000 ) ) ;
#1382 = ORIENTED_EDGE ( 'NONE', *, *, #4943, .T. ) ;
#1383 = EDGE_CURVE ( 'NONE', #337, #678, #2498, .T. ) ;
#1384 = ADVANCED_FACE ( 'NONE', ( #1900 ), #1474, .F. ) ;
#1385 = CARTESIAN_POINT ( 'NONE',  ( 1.499999999985410115, 17.82554346997169858, -1.000000000000000000 ) ) ;
#1386 = DIRECTION ( 'NONE',  ( 0.000000000000000000, 0.000000000000000000, 1.000000000000000000 ) ) ;
#1387 = AXIS2_PLACEMENT_3D ( 'NONE', #3840, #2097, #3389 ) ;
#1388 = CARTESIAN_POINT ( 'NONE',  ( 4.345742677340940219, 7.881276583280881098, -1.000000000000000000 ) ) ;
#1389 = ORIENTED_EDGE ( 'NONE', *, *, #3622, .F. ) ;
#1390 = CARTESIAN_POINT ( 'NONE',  ( -11.43883991927437904, 15.17079237551494941, -1.000000000000000000 ) ) ;
#1391 = ORIENTED_EDGE ( 'NONE', *, *, #5165, .T. ) ;
#1392 = EDGE_CURVE ( 'NONE', #741, #3366, #2728, .T. ) ;
#1393 = DIRECTION ( 'NONE',  ( 0.000000000000000000, 0.000000000000000000, 1.000000000000000000 ) ) ;
#1394 = AXIS2_PLACEMENT_3D ( 'NONE', #3927, #57, #186 ) ;
#1395 = ORIENTED_EDGE ( 'NONE', *, *, #4338, .T. ) ;
#1396 = EDGE_CURVE ( 'NONE', #2354, #4970, #4172, .T. ) ;
#1397 = CARTESIAN_POINT ( 'NONE',  ( 16.00000000000000000, -16.00000000000000000, 0.000000000000000000 ) ) ;
#1398 = ADVANCED_FACE ( 'NONE', ( #17 ), #2146, .F. ) ;
#1399 = ORIENTED_EDGE ( 'NONE', *, *, #134, .F. ) ;
#1400 = CARTESIAN_POINT ( 'NONE',  ( -18.81585144052309744, -2.638888888894350249, 0.000000000000000000 ) ) ;
#1401 = AXIS2_PLACEMENT_3D ( 'NONE', #3673, #2341, #217 ) ;
#1402 = VECTOR ( 'NONE', #1211, 1000.000000000000000 ) ;
#1403 = VERTEX_POINT ( 'NONE', #4824 ) ;
#1404 = CARTESIAN_POINT ( 'NONE',  ( -1.499999999985460075, -14.97998664886104869, -1.000000000000000888 ) ) ;
#1405 = ORIENTED_EDGE ( 'NONE', *, *, #3576, .F. ) ;
#1406 = FACE_OUTER_BOUND ( 'NONE', #4776, .T. ) ;
#1407 = CARTESIAN_POINT ( 'NONE',  ( -18.00000000000000000, 20.00000000000000000, -1.000000000000000000 ) ) ;
#1408 = EDGE_CURVE ( 'NONE', #4123, #5443, #1833, .T. ) ;
#1409 = CARTESIAN_POINT ( 'NONE',  ( 5.052849458527489901, 7.174169802094340298, -1.000000000000000000 ) ) ;
#1410 = ORIENTED_EDGE ( 'NONE', *, *, #1446, .T. ) ;
#1411 = AXIS2_PLACEMENT_3D ( 'NONE', #2316, #4040, #565 ) ;
#1412 = VECTOR ( 'NONE', #5310, 1000.000000000000000 ) ;
#1413 = CARTESIAN_POINT ( 'NONE',  ( -1.499999999985441868, -12.35475616918664343, 0.000000000000000000 ) ) ;
#1414 = DIRECTION ( 'NONE',  ( 0.000000000000000000, 0.000000000000000000, 1.000000000000000000 ) ) ;
#1415 = AXIS2_PLACEMENT_3D ( 'NONE', #817, #1247, #5512 ) ;
#1416 = EDGE_CURVE ( 'NONE', #3846, #347, #381, .T. ) ;
#1417 = LINE ( 'NONE', #4009, #3036 ) ;
#1418 = AXIS2_PLACEMENT_3D ( 'NONE', #4848, #2298, #576 ) ;
#1419 = VERTEX_POINT ( 'NONE', #1685 ) ;
#1420 = AXIS2_PLACEMENT_3D ( 'NONE', #3612, #5332, #4909 ) ;
#1421 = DIRECTION ( 'NONE',  ( 0.7071067811865535679, 0.7071067811865415775, 0.000000000000000000 ) ) ;
#1422 = DIRECTION ( 'NONE',  ( 1.000000000000000000, 0.000000000000000000, 0.000000000000000000 ) ) ;
#1423 = VERTEX_POINT ( 'NONE', #500 ) ;
#1424 = DIRECTION ( 'NONE',  ( 0.000000000000000000, 0.000000000000000000, 1.000000000000000000 ) ) ;
#1425 = ORIENTED_EDGE ( 'NONE', *, *, #4990, .T. ) ;
#1426 = DIRECTION ( 'NONE',  ( -1.000000000000000000, 0.000000000000000000, 0.000000000000000000 ) ) ;
#1427 = ORIENTED_EDGE ( 'NONE', *, *, #909, .T. ) ;
#1428 = LINE ( 'NONE', #4022, #3028 ) ;
#1429 = ORIENTED_EDGE ( 'NONE', *, *, #720, .T. ) ;
#1430 = CARTESIAN_POINT ( 'NONE',  ( 14.58316581048062943, -1.849668874157978538, 0.000000000000000000 ) ) ;
#1431 = ORIENTED_EDGE ( 'NONE', *, *, #1299, .T. ) ;
#1432 = CARTESIAN_POINT ( 'NONE',  ( -12.35475616918361652, -1.900000000005114709, 41.57787873376899768 ) ) ;
#1433 = LINE ( 'NONE', #3157, #1785 ) ;
#1434 = CARTESIAN_POINT ( 'NONE',  ( 1.500000000005085043, -8.645808232884199640, -1.000000000000000000 ) ) ;
#1435 = VERTEX_POINT ( 'NONE', #3097 ) ;
#1436 = CIRCLE ( 'NONE', #2880, 1.000000000000000000 ) ;
#1437 = DIRECTION ( 'NONE',  ( -0.000000000000000000, -0.000000000000000000, -1.000000000000000000 ) ) ;
#1438 = CYLINDRICAL_SURFACE ( 'NONE', #4266, 14.69999999999999929 ) ;
#1439 = CIRCLE ( 'NONE', #537, 1.000000000000000888 ) ;
#1440 = EDGE_CURVE ( 'NONE', #2221, #5228, #2912, .T. ) ;
#1441 = CARTESIAN_POINT ( 'NONE',  ( -7.881276583270981462, -4.345742677358854777, -1.000000000000000000 ) ) ;
#1442 = CIRCLE ( 'NONE', #3613, 0.4000000000000001887 ) ;
#1443 = ORIENTED_EDGE ( 'NONE', *, *, #5256, .T. ) ;
#1444 = EDGE_CURVE ( 'NONE', #671, #549, #479, .T. ) ;
#1445 = CARTESIAN_POINT ( 'NONE',  ( -16.00000000000000000, 16.00000000000000000, -1.000000000000000000 ) ) ;
#1446 = EDGE_CURVE ( 'NONE', #2941, #337, #1293, .T. ) ;
#1447 = CYLINDRICAL_SURFACE ( 'NONE', #4119, 1.000000000000000000 ) ;
#1448 = EDGE_LOOP ( 'NONE', ( #3460, #823, #952, #2560, #445, #532, #2797, #4795, #841, #4223, #1112, #5291, #3381, #1682 ) ) ;
#1449 = PRODUCT_RELATED_PRODUCT_CATEGORY ( 'part', '', ( #2902 ) ) ;
#1450 = VECTOR ( 'NONE', #3616, 1000.000000000000000 ) ;
#1451 = FACE_OUTER_BOUND ( 'NONE', #133, .T. ) ;
#1452 = ORIENTED_EDGE ( 'NONE', *, *, #124, .F. ) ;
#1453 = DIRECTION ( 'NONE',  ( 0.000000000000000000, 1.000000000000000000, 0.000000000000000000 ) ) ;
#1454 = VERTEX_POINT ( 'NONE', #1354 ) ;
#1455 = AXIS2_PLACEMENT_3D ( 'NONE', #2972, #3083, #3515 ) ;
#1456 = DIRECTION ( 'NONE',  ( 0.000000000000000000, 0.000000000000000000, 1.000000000000000000 ) ) ;
#1457 = DIRECTION ( 'NONE',  ( 0.000000000000000000, 0.000000000000000000, 1.000000000000000000 ) ) ;
#1458 = DIRECTION ( 'NONE',  ( 0.000000000000000000, 0.000000000000000000, 1.000000000000000000 ) ) ;
#1459 = EDGE_LOOP ( 'NONE', ( #1001, #4814, #5265, #1844 ) ) ;
#1460 = DIRECTION ( 'NONE',  ( -1.000000000000000000, 0.000000000000000000, 0.000000000000000000 ) ) ;
#1461 = LINE ( 'NONE', #3638, #2237 ) ;
#1462 = DIRECTION ( 'NONE',  ( -0.7071067811865415775, 0.7071067811865535679, 0.000000000000000000 ) ) ;
#1463 = VECTOR ( 'NONE', #204, 1000.000000000000000 ) ;
#1464 = ORIENTED_EDGE ( 'NONE', *, *, #2751, .F. ) ;
#1465 = EDGE_CURVE ( 'NONE', #213, #78, #2550, .T. ) ;
#1466 = EDGE_CURVE ( 'NONE', #2354, #107, #2104, .T. ) ;
#1467 = DIRECTION ( 'NONE',  ( 0.000000000000000000, 0.000000000000000000, 1.000000000000000000 ) ) ;
#1468 = EDGE_CURVE ( 'NONE', #1884, #4998, #4260, .T. ) ;
#1469 = FACE_OUTER_BOUND ( 'NONE', #2959, .T. ) ;
#1470 = AXIS2_PLACEMENT_3D ( 'NONE', #49, #3075, #4801 ) ;
#1471 = LINE ( 'NONE', #4039, #586 ) ;
#1472 = FACE_OUTER_BOUND ( 'NONE', #1509, .T. ) ;
#1473 = ORIENTED_EDGE ( 'NONE', *, *, #374, .F. ) ;
#1474 = CYLINDRICAL_SURFACE ( 'NONE', #2199, 1.000000000000000888 ) ;
#1475 = CYLINDRICAL_SURFACE ( 'NONE', #2054, 0.3999999999999993006 ) ;
#1476 = ORIENTED_EDGE ( 'NONE', *, *, #1532, .F. ) ;
#1477 = CYLINDRICAL_SURFACE ( 'NONE', #3570, 1.000000000000000888 ) ;
#1478 = ORIENTED_EDGE ( 'NONE', *, *, #4280, .F. ) ;
#1479 = DIRECTION ( 'NONE',  ( -0.000000000000000000, -0.000000000000000000, -1.000000000000000000 ) ) ;
#1480 = VERTEX_POINT ( 'NONE', #4743 ) ;
#1481 = DIRECTION ( 'NONE',  ( 0.7071067811865535679, 0.7071067811865414665, 0.000000000000000000 ) ) ;
#1482 = CARTESIAN_POINT ( 'NONE',  ( 13.66522283772204105, 11.54390249418305991, -1.000000000000000000 ) ) ;
#1483 = CARTESIAN_POINT ( 'NONE',  ( -17.82554346997169858, 1.499999999985406118, -1.000000000000000000 ) ) ;
#1484 = ORIENTED_EDGE ( 'NONE', *, *, #4958, .T. ) ;
#1485 = CARTESIAN_POINT ( 'NONE',  ( 17.82554346997164885, -1.499999999985415888, 0.000000000000000000 ) ) ;
#1486 = CYLINDRICAL_SURFACE ( 'NONE', #5034, 18.99999999999384670 ) ;
#1487 = AXIS2_PLACEMENT_3D ( 'NONE', #3944, #2268, #9 ) ;
#1488 = AXIS2_PLACEMENT_3D ( 'NONE', #353, #3748, #1569 ) ;
#1489 = DIRECTION ( 'NONE',  ( -0.000000000000000000, -0.000000000000000000, -1.000000000000000000 ) ) ;
#1490 = ORIENTED_EDGE ( 'NONE', *, *, #2916, .F. ) ;
#1491 = VECTOR ( 'NONE', #3578, 1000.000000000000000 ) ;
#1492 = CARTESIAN_POINT ( 'NONE',  ( 0.000000000000000000, 0.000000000000000000, -1.000000000000000000 ) ) ;
#1493 = DIRECTION ( 'NONE',  ( -1.000000000000000000, 0.000000000000000000, 0.000000000000000000 ) ) ;
#1494 = CARTESIAN_POINT ( 'NONE',  ( -8.645808232884228062, -1.500000000005100143, -1.000000000000000000 ) ) ;
#1495 = DIRECTION ( 'NONE',  ( 0.000000000000000000, 0.000000000000000000, 1.000000000000000000 ) ) ;
#1496 = CIRCLE ( 'NONE', #773, 12.90000000000000213 ) ;
#1497 = EDGE_CURVE ( 'NONE', #2632, #1970, #3470, .T. ) ;
#1498 = EDGE_CURVE ( 'NONE', #1760, #5054, #4269, .T. ) ;
#1499 = ORIENTED_EDGE ( 'NONE', *, *, #5151, .T. ) ;
#1500 = CARTESIAN_POINT ( 'NONE',  ( -1.900000000005125811, 14.97998664885855291, -1.000000000000000888 ) ) ;
#1501 = AXIS2_PLACEMENT_3D ( 'NONE', #1934, #2892, #740 ) ;
#1502 = DIRECTION ( 'NONE',  ( -2.618450529776315219E-16, -1.000000000000000000, 0.000000000000000000 ) ) ;
#1503 = ORIENTED_EDGE ( 'NONE', *, *, #1516, .T. ) ;
#1504 = AXIS2_PLACEMENT_3D ( 'NONE', #80, #2677, #2334 ) ;
#1505 = CIRCLE ( 'NONE', #4677, 0.3999999999999999667 ) ;
#1506 = DIRECTION ( 'NONE',  ( 0.000000000000000000, 0.000000000000000000, 1.000000000000000000 ) ) ;
#1507 = VERTEX_POINT ( 'NONE', #1802 ) ;
#1508 = DIRECTION ( 'NONE',  ( 1.000000000000000000, 0.000000000000000000, 0.000000000000000000 ) ) ;
#1509 = EDGE_LOOP ( 'NONE', ( #4986, #3597, #4085, #4849 ) ) ;
#1510 = CIRCLE ( 'NONE', #2683, 1.000000000000000888 ) ;
#1511 = CARTESIAN_POINT ( 'NONE',  ( 7.174169802094319870, -5.052849458527470361, -1.000000000000000000 ) ) ;
#1512 = EDGE_CURVE ( 'NONE', #4162, #3404, #3179, .T. ) ;
#1513 = DIRECTION ( 'NONE',  ( 1.000000000000000000, 0.000000000000000000, 0.000000000000000000 ) ) ;
#1514 = PLANE ( 'NONE',  #3454 ) ;
#1515 = ORIENTED_EDGE ( 'NONE', *, *, #3396, .T. ) ;
#1516 = EDGE_CURVE ( 'NONE', #365, #241, #2596, .T. ) ;
#1517 = DIRECTION ( 'NONE',  ( 0.000000000000000000, 0.000000000000000000, 1.000000000000000000 ) ) ;
#1518 = FACE_OUTER_BOUND ( 'NONE', #5518, .T. ) ;
#1519 = ORIENTED_EDGE ( 'NONE', *, *, #3409, .T. ) ;
#1520 = DIRECTION ( 'NONE',  ( 0.000000000000000000, 0.000000000000000000, 1.000000000000000000 ) ) ;
#1521 = FACE_OUTER_BOUND ( 'NONE', #4642, .T. ) ;
#1522 = FACE_OUTER_BOUND ( 'NONE', #1933, .T. ) ;
#1523 = LINE ( 'NONE', #1549, #2133 ) ;
#1524 = EDGE_LOOP ( 'NONE', ( #1286, #4371, #3146, #4105, #1264, #1370, #3522, #902, #187 ) ) ;
#1525 = ORIENTED_EDGE ( 'NONE', *, *, #961, .T. ) ;
#1526 = DIRECTION ( 'NONE',  ( 0.000000000000000000, 0.000000000000000000, 1.000000000000000000 ) ) ;
#1527 = CIRCLE ( 'NONE', #2342, 7.999999999990779820 ) ;
#1528 = CARTESIAN_POINT ( 'NONE',  ( -2.499999999985480059, -17.82554346997164885, -1.000000000000000000 ) ) ;
#1529 = EDGE_LOOP ( 'NONE', ( #378, #4383, #384, #3615 ) ) ;
#1530 = LINE ( 'NONE', #199, #3749 ) ;
#1531 = ORIENTED_EDGE ( 'NONE', *, *, #1741, .F. ) ;
#1532 = EDGE_CURVE ( 'NONE', #2491, #670, #5173, .T. ) ;
#1533 = CARTESIAN_POINT ( 'NONE',  ( 9.796792038907694788, 7.675471695368732306, -1.000000000000000000 ) ) ;
#1534 = ORIENTED_EDGE ( 'NONE', *, *, #5218, .F. ) ;
#1535 = AXIS2_PLACEMENT_3D ( 'NONE', #5084, #3383, #3328 ) ;
#1536 = CARTESIAN_POINT ( 'NONE',  ( -18.00000000000000000, 20.00000000000000000, -1.000000000000000000 ) ) ;
#1537 = LINE ( 'NONE', #1482, #3939 ) ;
#1538 = CARTESIAN_POINT ( 'NONE',  ( -13.66522283772212099, -11.54390249418296044, 0.000000000000000000 ) ) ;
#1539 = VERTEX_POINT ( 'NONE', #2624 ) ;
#1540 = DIRECTION ( 'NONE',  ( 0.000000000000000000, 0.000000000000000000, 1.000000000000000000 ) ) ;
#1541 = LINE ( 'NONE', #266, #5277 ) ;
#1542 = ADVANCED_FACE ( 'NONE', ( #2116 ), #3832, .T. ) ;
#1543 = VERTEX_POINT ( 'NONE', #4288 ) ;
#1544 = CARTESIAN_POINT ( 'NONE',  ( -10.40218306342660703, -7.629193110346642825, 41.57787873376899768 ) ) ;
#1545 = ORIENTED_EDGE ( 'NONE', *, *, #1032, .T. ) ;
#1546 = DIRECTION ( 'NONE',  ( 1.000000000000000000, 0.000000000000000000, 0.000000000000000000 ) ) ;
#1547 = LINE ( 'NONE', #3358, #2619 ) ;
#1548 = CARTESIAN_POINT ( 'NONE',  ( 17.82554346997164885, -1.499999999985415888, 0.000000000000000000 ) ) ;
#1549 = CARTESIAN_POINT ( 'NONE',  ( -11.54390249418310077, 13.66522283772210145, 0.000000000000000000 ) ) ;
#1550 = EDGE_CURVE ( 'NONE', #2625, #5233, #1885, .T. ) ;
#1551 = ADVANCED_FACE ( 'NONE', ( #1912 ), #1514, .F. ) ;
#1552 = ORIENTED_EDGE ( 'NONE', *, *, #4213, .F. ) ;
#1553 = ORIENTED_EDGE ( 'NONE', *, *, #5555, .F. ) ;
#1554 = CARTESIAN_POINT ( 'NONE',  ( 0.000000000000000000, 0.000000000000000000, -1.000000000000000000 ) ) ;
#1555 = AXIS2_PLACEMENT_3D ( 'NONE', #931, #3872, #4270 ) ;
#1556 = DIRECTION ( 'NONE',  ( 0.000000000000000000, 0.000000000000000000, 1.000000000000000000 ) ) ;
#1557 = ORIENTED_EDGE ( 'NONE', *, *, #701, .T. ) ;
#1558 = LINE ( 'NONE', #1059, #2039 ) ;
#1559 = ORIENTED_EDGE ( 'NONE', *, *, #4156, .F. ) ;
#1560 = DIRECTION ( 'NONE',  ( 0.000000000000000000, 0.000000000000000000, 1.000000000000000000 ) ) ;
#1561 = VERTEX_POINT ( 'NONE', #2303 ) ;
#1562 = CARTESIAN_POINT ( 'NONE',  ( -16.00000000000000000, 16.00000000000000000, -1.000000000000000000 ) ) ;
#1563 = EDGE_CURVE ( 'NONE', #4514, #4970, #3662, .T. ) ;
#1564 = EDGE_CURVE ( 'NONE', #2276, #2609, #636, .T. ) ;
#1565 = ADVANCED_FACE ( 'NONE', ( #182 ), #205, .T. ) ;
#1566 = DIRECTION ( 'NONE',  ( 1.000000000000000000, 0.000000000000000000, 0.000000000000000000 ) ) ;
#1567 = CARTESIAN_POINT ( 'NONE',  ( 14.97998664886105225, -1.899999999985406252, -1.000000000000000888 ) ) ;
#1568 = ORIENTED_EDGE ( 'NONE', *, *, #3574, .T. ) ;
#1569 = DIRECTION ( 'NONE',  ( 1.000000000000000000, 0.000000000000000000, 0.000000000000000000 ) ) ;
#1570 = AXIS2_PLACEMENT_3D ( 'NONE', #4494, #2360, #5391 ) ;
#1571 = DIRECTION ( 'NONE',  ( 0.000000000000000000, 0.000000000000000000, 1.000000000000000000 ) ) ;
#1572 = ORIENTED_EDGE ( 'NONE', *, *, #4213, .T. ) ;
#1573 = FACE_OUTER_BOUND ( 'NONE', #873, .T. ) ;
#1574 = CIRCLE ( 'NONE', #5010, 1.000000000000000888 ) ;
#1575 = ADVANCED_FACE ( 'NONE', ( #1066 ), #5272, .F. ) ;
#1576 = CARTESIAN_POINT ( 'NONE',  ( 17.82554346997164885, -2.499999999985414778, 0.000000000000000000 ) ) ;
#1577 = VECTOR ( 'NONE', #5306, 1000.000000000000000 ) ;
#1578 = DIRECTION ( 'NONE',  ( -0.000000000000000000, -0.000000000000000000, -1.000000000000000000 ) ) ;
#1579 = DIRECTION ( 'NONE',  ( 0.000000000000000000, 0.000000000000000000, 1.000000000000000000 ) ) ;
#1580 =( GEOMETRIC_REPRESENTATION_CONTEXT ( 3 ) GLOBAL_UNCERTAINTY_ASSIGNED_CONTEXT ( ( #4975 ) ) GLOBAL_UNIT_ASSIGNED_CONTEXT ( ( #4595, #2374, #5320 ) ) REPRESENTATION_CONTEXT ( 'NONE', 'WORKASPACE' ) );
#1581 = CIRCLE ( 'NONE', #1852, 1.500000000000001332 ) ;
#1582 = ORIENTED_EDGE ( 'NONE', *, *, #4716, .F. ) ;
#1583 = EDGE_LOOP ( 'NONE', ( #3910, #767, #971, #2021, #2885, #3678, #5 ) ) ;
#1584 = CARTESIAN_POINT ( 'NONE',  ( 11.93595302573770311, 9.248947257249493958, -1.000000000000000888 ) ) ;
#1585 = EDGE_CURVE ( 'NONE', #2932, #409, #156, .T. ) ;
#1586 = DIRECTION ( 'NONE',  ( 0.000000000000000000, 0.000000000000000000, 1.000000000000000000 ) ) ;
#1587 = ORIENTED_EDGE ( 'NONE', *, *, #4581, .T. ) ;
#1588 = EDGE_LOOP ( 'NONE', ( #41, #3213, #5246, #4062, #1875, #1249, #4817 ) ) ;
#1589 = CIRCLE ( 'NONE', #2493, 1.000000000000000000 ) ;
#1590 = DIRECTION ( 'NONE',  ( -1.000000000000000000, 0.000000000000000000, 0.000000000000000000 ) ) ;
#1591 = ORIENTED_EDGE ( 'NONE', *, *, #2751, .T. ) ;
#1592 = AXIS2_PLACEMENT_3D ( 'NONE', #1994, #5044, #5461 ) ;
#1593 = DIRECTION ( 'NONE',  ( 1.000000000000000000, 0.000000000000000000, 0.000000000000000000 ) ) ;
#1594 = VECTOR ( 'NONE', #301, 1000.000000000000000 ) ;
#1595 = AXIS2_PLACEMENT_3D ( 'NONE', #4924, #4395, #4812 ) ;
#1596 = VECTOR ( 'NONE', #523, 1000.000000000000000 ) ;
#1597 = CARTESIAN_POINT ( 'NONE',  ( 7.174169802094319870, -5.052849458527470361, 0.000000000000000000 ) ) ;
#1598 = CARTESIAN_POINT ( 'NONE',  ( 0.000000000000000000, 0.000000000000000000, 0.000000000000000000 ) ) ;
#1599 = ORIENTED_EDGE ( 'NONE', *, *, #824, .T. ) ;
#1600 = AXIS2_PLACEMENT_3D ( 'NONE', #1445, #569, #2745 ) ;
#1601 = DIRECTION ( 'NONE',  ( 0.000000000000000000, 0.000000000000000000, 1.000000000000000000 ) ) ;
#1602 = DIRECTION ( 'NONE',  ( 0.000000000000000000, 0.000000000000000000, 1.000000000000000000 ) ) ;
#1603 = VERTEX_POINT ( 'NONE', #3551 ) ;
#1604 = DIRECTION ( 'NONE',  ( 1.000000000000000000, 0.000000000000000000, 0.000000000000000000 ) ) ;
#1605 = DIRECTION ( 'NONE',  ( -0.000000000000000000, -0.000000000000000000, -1.000000000000000000 ) ) ;
#1606 = SURFACE_SIDE_STYLE ('',( #3726 ) ) ;
#1607 = CARTESIAN_POINT ( 'NONE',  ( -2.638888888873610394, -18.81585144052600000, 0.000000000000000000 ) ) ;
#1608 = DIRECTION ( 'NONE',  ( 0.000000000000000000, 0.000000000000000000, 1.000000000000000000 ) ) ;
#1609 = VERTEX_POINT ( 'NONE', #4460 ) ;
#1610 = ORIENTED_EDGE ( 'NONE', *, *, #979, .F. ) ;
#1611 = PLANE ( 'NONE',  #297 ) ;
#1612 = CYLINDRICAL_SURFACE ( 'NONE', #1684, 1.000000000000000000 ) ;
#1613 = ORIENTED_EDGE ( 'NONE', *, *, #3399, .T. ) ;
#1614 = EDGE_CURVE ( 'NONE', #1253, #2059, #609, .T. ) ;
#1615 = ORIENTED_EDGE ( 'NONE', *, *, #2621, .F. ) ;
#1616 = DIRECTION ( 'NONE',  ( 1.000000000000000000, 0.000000000000000000, 0.000000000000000000 ) ) ;
#1617 = ORIENTED_EDGE ( 'NONE', *, *, #2289, .T. ) ;
#1618 = ADVANCED_FACE ( 'NONE', ( #2783 ), #5384, .F. ) ;
#1619 = LINE ( 'NONE', #4566, #4028 ) ;
#1620 = AXIS2_PLACEMENT_3D ( 'NONE', #4087, #5003, #1125 ) ;
#1621 = VERTEX_POINT ( 'NONE', #3237 ) ;
#1622 = VECTOR ( 'NONE', #4881, 1000.000000000000000 ) ;
#1623 = DIRECTION ( 'NONE',  ( 1.000000000000000000, 0.000000000000000000, 0.000000000000000000 ) ) ;
#1624 = DIRECTION ( 'NONE',  ( -1.000000000000000000, 0.000000000000000000, 0.000000000000000000 ) ) ;
#1625 = ORIENTED_EDGE ( 'NONE', *, *, #1830, .T. ) ;
#1626 = FACE_OUTER_BOUND ( 'NONE', #1131, .T. ) ;
#1627 = DIRECTION ( 'NONE',  ( 0.000000000000000000, 0.000000000000000000, 1.000000000000000000 ) ) ;
#1628 = ORIENTED_EDGE ( 'NONE', *, *, #497, .T. ) ;
#1629 = DIRECTION ( 'NONE',  ( -0.000000000000000000, -0.000000000000000000, -1.000000000000000000 ) ) ;
#1630 = DIRECTION ( 'NONE',  ( 0.000000000000000000, 0.000000000000000000, 1.000000000000000000 ) ) ;
#1631 = CARTESIAN_POINT ( 'NONE',  ( 9.531789969708391652, 11.65311031327527935, 0.000000000000000000 ) ) ;
#1632 = DIRECTION ( 'NONE',  ( -1.000000000000000000, 0.000000000000000000, 0.000000000000000000 ) ) ;
#1633 = DIRECTION ( 'NONE',  ( -1.000000000000000000, 0.000000000000000000, 0.000000000000000000 ) ) ;
#1634 = EDGE_CURVE ( 'NONE', #3458, #4520, #5081, .T. ) ;
#1635 = ORIENTED_EDGE ( 'NONE', *, *, #3409, .F. ) ;
#1636 = EDGE_CURVE ( 'NONE', #2625, #2557, #4077, .T. ) ;
#1637 = ADVANCED_FACE ( 'NONE', ( #555 ), #4513, .T. ) ;
#1638 = ORIENTED_EDGE ( 'NONE', *, *, #3512, .F. ) ;
#1639 = DIRECTION ( 'NONE',  ( 1.000000000000000000, 0.000000000000000000, 0.000000000000000000 ) ) ;
#1640 = CARTESIAN_POINT ( 'NONE',  ( 18.00000000000000000, 16.00000000000000000, 0.000000000000000000 ) ) ;
#1641 = VERTEX_POINT ( 'NONE', #2673 ) ;
#1642 =( LENGTH_UNIT ( ) NAMED_UNIT ( * ) SI_UNIT ( .MILLI., .METRE. ) );
#1643 = ORIENTED_EDGE ( 'NONE', *, *, #285, .T. ) ;
#1644 = CYLINDRICAL_SURFACE ( 'NONE', #3216, 1.000000000000000000 ) ;
#1645 = ORIENTED_EDGE ( 'NONE', *, *, #3453, .F. ) ;
#1646 = EDGE_CURVE ( 'NONE', #1071, #4783, #3582, .T. ) ;
#1647 = AXIS2_PLACEMENT_3D ( 'NONE', #2702, #1458, #4436 ) ;
#1648 = DIRECTION ( 'NONE',  ( 0.000000000000000000, 0.000000000000000000, 1.000000000000000000 ) ) ;
#1649 = EDGE_LOOP ( 'NONE', ( #2580, #772, #4607, #404 ) ) ;
#1650 = CARTESIAN_POINT ( 'NONE',  ( 10.83679571299646049, -14.37232961890862093, -1.000000000000000000 ) ) ;
#1651 = CARTESIAN_POINT ( 'NONE',  ( 0.000000000000000000, 0.000000000000000000, -1.000000000000000000 ) ) ;
#1652 = VERTEX_POINT ( 'NONE', #1854 ) ;
#1653 = CARTESIAN_POINT ( 'NONE',  ( -7.881276583270981462, -4.345742677358854777, 0.000000000000000000 ) ) ;
#1654 = DIRECTION ( 'NONE',  ( 1.000000000000000000, 0.000000000000000000, 0.000000000000000000 ) ) ;
#1655 = VERTEX_POINT ( 'NONE', #5304 ) ;
#1656 = CARTESIAN_POINT ( 'NONE',  ( -1.499999999985480059, -17.82554346997164885, -1.000000000000000000 ) ) ;
#1657 = VERTEX_POINT ( 'NONE', #1430 ) ;
#1658 = DIRECTION ( 'NONE',  ( 0.000000000000000000, 0.000000000000000000, 1.000000000000000000 ) ) ;
#1659 = DIRECTION ( 'NONE',  ( 0.000000000000000000, 0.000000000000000000, -1.000000000000000000 ) ) ;
#1660 = CARTESIAN_POINT ( 'NONE',  ( 14.00000000000000000, 16.00000000000000000, -1.000000000000000000 ) ) ;
#1661 = LINE ( 'NONE', #5175, #3045 ) ;
#1662 = AXIS2_PLACEMENT_3D ( 'NONE', #2335, #2874, #662 ) ;
#1663 = FACE_OUTER_BOUND ( 'NONE', #1821, .T. ) ;
#1664 = ORIENTED_EDGE ( 'NONE', *, *, #4584, .T. ) ;
#1665 = DIRECTION ( 'NONE',  ( 1.000000000000000000, 0.000000000000000000, 0.000000000000000000 ) ) ;
#1666 = CIRCLE ( 'NONE', #4831, 1.000000000000000888 ) ;
#1667 = CARTESIAN_POINT ( 'NONE',  ( -5.052849458545430217, 7.174169802084439773, 0.000000000000000000 ) ) ;
#1668 = CIRCLE ( 'NONE', #2387, 0.9999999999999991118 ) ;
#1669 = EDGE_LOOP ( 'NONE', ( #1163, #3752, #2019, #978 ) ) ;
#1670 = ORIENTED_EDGE ( 'NONE', *, *, #991, .F. ) ;
#1671 = CARTESIAN_POINT ( 'NONE',  ( 12.35475616918664876, -1.499999999985397015, -1.000000000000000000 ) ) ;
#1672 = ORIENTED_EDGE ( 'NONE', *, *, #1864, .T. ) ;
#1673 = CARTESIAN_POINT ( 'NONE',  ( -12.75010836659749103, -1.960800000005277877, 0.000000000000000000 ) ) ;
#1674 = DIRECTION ( 'NONE',  ( 1.000000000000000000, 0.000000000000000000, 0.000000000000000000 ) ) ;
#1675 = EDGE_LOOP ( 'NONE', ( #2955, #220 ) ) ;
#1676 = DIRECTION ( 'NONE',  ( -0.7071067811865470176, -0.7071067811865480168, 0.000000000000000000 ) ) ;
#1677 = CIRCLE ( 'NONE', #4845, 0.3999999999999993006 ) ;
#1678 = EDGE_CURVE ( 'NONE', #2123, #5309, #3181, .T. ) ;
#1679 = AXIS2_PLACEMENT_3D ( 'NONE', #3778, #4999, #4112 ) ;
#1680 = DIRECTION ( 'NONE',  ( 0.000000000000000000, 0.000000000000000000, 1.000000000000000000 ) ) ;
#1681 = EDGE_CURVE ( 'NONE', #2392, #4236, #3339, .T. ) ;
#1682 = ORIENTED_EDGE ( 'NONE', *, *, #193, .F. ) ;
#1683 = CIRCLE ( 'NONE', #4118, 1.000000000000015987 ) ;
#1684 = AXIS2_PLACEMENT_3D ( 'NONE', #1528, #3708, #3734 ) ;
#1685 = CARTESIAN_POINT ( 'NONE',  ( 11.61976883962544704, 9.003942031891892128, 0.000000000000000000 ) ) ;
#1686 = ORIENTED_EDGE ( 'NONE', *, *, #5419, .F. ) ;
#1687 = DIRECTION ( 'NONE',  ( 1.927470528863119788E-16, -1.000000000000000000, 0.000000000000000000 ) ) ;
#1688 = DIRECTION ( 'NONE',  ( -1.000000000000000000, 0.000000000000000000, 0.000000000000000000 ) ) ;
#1689 = EDGE_CURVE ( 'NONE', #4646, #1539, #581, .T. ) ;
#1690 = FACE_OUTER_BOUND ( 'NONE', #3463, .T. ) ;
#1691 = FACE_OUTER_BOUND ( 'NONE', #825, .T. ) ;
#1692 = CARTESIAN_POINT ( 'NONE',  ( -18.00000000000000000, -20.00000000000000000, -1.000000000000000000 ) ) ;
#1693 = ORIENTED_EDGE ( 'NONE', *, *, #1154, .T. ) ;
#1694 = CARTESIAN_POINT ( 'NONE',  ( 1.849668874157981202, 14.58316581048062766, -1.000000000000000000 ) ) ;
#1695 = CARTESIAN_POINT ( 'NONE',  ( 9.531789969724075107, -11.65311031326311664, -1.000000000000000888 ) ) ;
#1696 = ORIENTED_EDGE ( 'NONE', *, *, #2901, .T. ) ;
#1697 = ORIENTED_EDGE ( 'NONE', *, *, #3137, .F. ) ;
#1698 = DIRECTION ( 'NONE',  ( -0.000000000000000000, -0.000000000000000000, -1.000000000000000000 ) ) ;
#1699 = ORIENTED_EDGE ( 'NONE', *, *, #4350, .F. ) ;
#1700 = AXIS2_PLACEMENT_3D ( 'NONE', #1716, #3443, #5201 ) ;
#1701 = EDGE_CURVE ( 'NONE', #3373, #2890, #4790, .T. ) ;
#1702 = DIRECTION ( 'NONE',  ( -0.000000000000000000, -0.000000000000000000, -1.000000000000000000 ) ) ;
#1703 = ORIENTED_EDGE ( 'NONE', *, *, #2159, .F. ) ;
#1704 = EDGE_CURVE ( 'NONE', #708, #2947, #454, .T. ) ;
#1705 = DIRECTION ( 'NONE',  ( 1.000000000000000000, 0.000000000000000000, 0.000000000000000000 ) ) ;
#1706 = EDGE_CURVE ( 'NONE', #4713, #4409, #5058, .T. ) ;
#1707 = ORIENTED_EDGE ( 'NONE', *, *, #3103, .F. ) ;
#1708 = LINE ( 'NONE', #4738, #1039 ) ;
#1709 = AXIS2_PLACEMENT_3D ( 'NONE', #3672, #726, #216 ) ;
#1710 = DIRECTION ( 'NONE',  ( -1.000000000000000000, 0.000000000000000000, 0.000000000000000000 ) ) ;
#1711 = AXIS2_PLACEMENT_3D ( 'NONE', #2084, #2418, #5439 ) ;
#1712 = ORIENTED_EDGE ( 'NONE', *, *, #3861, .T. ) ;
#1713 = AXIS2_PLACEMENT_3D ( 'NONE', #5146, #901, #1274 ) ;
#1714 = DIRECTION ( 'NONE',  ( 1.000000000000000000, 0.000000000000000000, 0.000000000000000000 ) ) ;
#1715 = ORIENTED_EDGE ( 'NONE', *, *, #2376, .F. ) ;
#1716 = CARTESIAN_POINT ( 'NONE',  ( -8.645808232889910627, 2.499999999985410337, 0.000000000000000000 ) ) ;
#1717 = LINE ( 'NONE', #20, #429 ) ;
#1718 = DIRECTION ( 'NONE',  ( 0.000000000000000000, 0.000000000000000000, 1.000000000000000000 ) ) ;
#1719 = CIRCLE ( 'NONE', #4703, 0.4000000000000001887 ) ;
#1720 = CARTESIAN_POINT ( 'NONE',  ( -14.97998664885855291, -1.900000000005124701, -1.000000000000000888 ) ) ;
#1721 = CARTESIAN_POINT ( 'NONE',  ( -18.00000000000000000, 18.00000000000000000, -1.000000000000000000 ) ) ;
#1722 = ORIENTED_EDGE ( 'NONE', *, *, #2727, .T. ) ;
#1723 = APPLICATION_CONTEXT ( 'automotive_design' ) ;
#1724 = DIRECTION ( 'NONE',  ( -0.000000000000000000, -0.000000000000000000, -1.000000000000000000 ) ) ;
#1725 = VECTOR ( 'NONE', #2099, 1000.000000000000000 ) ;
#1726 = EDGE_CURVE ( 'NONE', #3802, #3367, #5604, .T. ) ;
#1727 = DIRECTION ( 'NONE',  ( -4.062922706401050560E-15, 1.000000000000000000, 0.000000000000000000 ) ) ;
#1728 = VERTEX_POINT ( 'NONE', #2871 ) ;
#1729 = ORIENTED_EDGE ( 'NONE', *, *, #1972, .F. ) ;
#1730 = FACE_BOUND ( 'NONE', #2423, .T. ) ;
#1731 = ORIENTED_EDGE ( 'NONE', *, *, #4414, .F. ) ;
#1732 = DIRECTION ( 'NONE',  ( -1.000000000000000000, 0.000000000000000000, 0.000000000000000000 ) ) ;
#1733 = CARTESIAN_POINT ( 'NONE',  ( -18.00000000000000000, -16.00000000000000000, 0.000000000000000000 ) ) ;
#1734 = ORIENTED_EDGE ( 'NONE', *, *, #2106, .T. ) ;
#1735 = DIRECTION ( 'NONE',  ( 1.000000000000000000, 0.000000000000000000, 0.000000000000000000 ) ) ;
#1736 = VERTEX_POINT ( 'NONE', #321 ) ;
#1737 = DIRECTION ( 'NONE',  ( -1.000000000000000000, 0.000000000000000000, 0.000000000000000000 ) ) ;
#1738 = AXIS2_PLACEMENT_3D ( 'NONE', #1045, #4418, #535 ) ;
#1739 = EDGE_CURVE ( 'NONE', #2059, #1403, #1086, .T. ) ;
#1740 = VECTOR ( 'NONE', #4656, 1000.000000000000000 ) ;
#1741 = EDGE_CURVE ( 'NONE', #1310, #2258, #3527, .T. ) ;
#1742 = EDGE_CURVE ( 'NONE', #2622, #1995, #5413, .T. ) ;
#1743 = DIRECTION ( 'NONE',  ( 1.000000000000000000, 0.000000000000000000, 0.000000000000000000 ) ) ;
#1744 = ORIENTED_EDGE ( 'NONE', *, *, #4918, .F. ) ;
#1745 = DIRECTION ( 'NONE',  ( 0.000000000000000000, 0.000000000000000000, 1.000000000000000000 ) ) ;
#1746 = VERTEX_POINT ( 'NONE', #5021 ) ;
#1747 = DIRECTION ( 'NONE',  ( -1.000000000000000000, 0.000000000000000000, 0.000000000000000000 ) ) ;
#1748 = DIRECTION ( 'NONE',  ( 1.000000000000000000, 0.000000000000000000, 0.000000000000000000 ) ) ;
#1749 = CARTESIAN_POINT ( 'NONE',  ( -17.82554346997169858, 2.499999999985400123, -1.000000000000000000 ) ) ;
#1750 = DIRECTION ( 'NONE',  ( -0.7071067811865461294, 0.7071067811865490160, 0.000000000000000000 ) ) ;
#1751 = CARTESIAN_POINT ( 'NONE',  ( -13.66522283772212099, -11.54390249418296044, -1.000000000000000000 ) ) ;
#1752 = ADVANCED_FACE ( 'NONE', ( #4994 ), #689, .F. ) ;
#1753 = ORIENTED_EDGE ( 'NONE', *, *, #733, .T. ) ;
#1754 = CIRCLE ( 'NONE', #2023, 0.3999999999999993006 ) ;
#1755 = CYLINDRICAL_SURFACE ( 'NONE', #2233, 1.999999999999998224 ) ;
#1756 = DIRECTION ( 'NONE',  ( -0.000000000000000000, -0.000000000000000000, 1.000000000000000000 ) ) ;
#1757 = FACE_OUTER_BOUND ( 'NONE', #488, .T. ) ;
#1758 = AXIS2_PLACEMENT_3D ( 'NONE', #3439, #5106, #832 ) ;
#1759 = ORIENTED_EDGE ( 'NONE', *, *, #3295, .F. ) ;
#1760 = VERTEX_POINT ( 'NONE', #1201 ) ;
#1761 = ADVANCED_FACE ( 'NONE', ( #4569 ), #5466, .F. ) ;
#1762 = CIRCLE ( 'NONE', #4917, 1.000000000000000000 ) ;
#1763 = AXIS2_PLACEMENT_3D ( 'NONE', #891, #1773, #1350 ) ;
#1764 = CARTESIAN_POINT ( 'NONE',  ( -4.345742677340949101, -7.881276583280850012, -1.000000000000000000 ) ) ;
#1765 = ORIENTED_EDGE ( 'NONE', *, *, #999, .T. ) ;
#1766 = AXIS2_PLACEMENT_3D ( 'NONE', #4926, #1024, #3230 ) ;
#1767 = DIRECTION ( 'NONE',  ( 0.000000000000000000, 0.000000000000000000, 1.000000000000000000 ) ) ;
#1768 = DIRECTION ( 'NONE',  ( 0.000000000000000000, 0.000000000000000000, 1.000000000000000000 ) ) ;
#1769 = VERTEX_POINT ( 'NONE', #4134 ) ;
#1770 = AXIS2_PLACEMENT_3D ( 'NONE', #450, #4076, #2301 ) ;
#1771 = DIRECTION ( 'NONE',  ( 0.000000000000000000, 0.000000000000000000, 1.000000000000000000 ) ) ;
#1772 = VERTEX_POINT ( 'NONE', #291 ) ;
#1773 = DIRECTION ( 'NONE',  ( -0.000000000000000000, -0.000000000000000000, -1.000000000000000000 ) ) ;
#1774 = VECTOR ( 'NONE', #635, 1000.000000000000000 ) ;
#1775 = ORIENTED_EDGE ( 'NONE', *, *, #2406, .T. ) ;
#1776 = DIRECTION ( 'NONE',  ( 1.000000000000000000, 0.000000000000000000, 0.000000000000000000 ) ) ;
#1777 = ORIENTED_EDGE ( 'NONE', *, *, #151, .T. ) ;
#1778 = AXIS2_PLACEMENT_3D ( 'NONE', #4444, #4419, #1869 ) ;
#1779 = AXIS2_PLACEMENT_3D ( 'NONE', #911, #2638, #2610 ) ;
#1780 = DIRECTION ( 'NONE',  ( -0.000000000000000000, -0.000000000000000000, -1.000000000000000000 ) ) ;
#1781 = CARTESIAN_POINT ( 'NONE',  ( 11.54390249418302083, -13.66522283772208013, -1.000000000000000000 ) ) ;
#1782 = VECTOR ( 'NONE', #2066, 1000.000000000000000 ) ;
#1783 = DIRECTION ( 'NONE',  ( -3.165300248010120390E-15, -1.000000000000000000, 0.000000000000000000 ) ) ;
#1784 = VECTOR ( 'NONE', #2567, 1000.000000000000000 ) ;
#1785 = VECTOR ( 'NONE', #4884, 1000.000000000000000 ) ;
#1786 = DIRECTION ( 'NONE',  ( 0.000000000000000000, 0.000000000000000000, -1.000000000000000000 ) ) ;
#1787 = ORIENTED_EDGE ( 'NONE', *, *, #4475, .T. ) ;
#1788 = CARTESIAN_POINT ( 'NONE',  ( 1.500000000005085043, -8.645808232884199640, -1.000000000000000000 ) ) ;
#1789 = LINE ( 'NONE', #3001, #1004 ) ;
#1790 = DIRECTION ( 'NONE',  ( 0.000000000000000000, 0.000000000000000000, 1.000000000000000000 ) ) ;
#1791 = ORIENTED_EDGE ( 'NONE', *, *, #4034, .F. ) ;
#1792 = CARTESIAN_POINT ( 'NONE',  ( 0.000000000000000000, 0.000000000000000000, -1.000000000000000000 ) ) ;
#1793 = EDGE_CURVE ( 'NONE', #427, #4225, #659, .T. ) ;
#1794 = ORIENTED_EDGE ( 'NONE', *, *, #927, .T. ) ;
#1795 = DIRECTION ( 'NONE',  ( -0.000000000000000000, -0.000000000000000000, -1.000000000000000000 ) ) ;
#1796 = VERTEX_POINT ( 'NONE', #2000 ) ;
#1797 = DIRECTION ( 'NONE',  ( 1.000000000000000000, 0.000000000000000000, 0.000000000000000000 ) ) ;
#1798 = EDGE_LOOP ( 'NONE', ( #2780, #4090, #4227, #4551, #2723, #2304, #1190, #2077, #2444 ) ) ;
#1799 = PLANE ( 'NONE',  #5101 ) ;
#1800 = ADVANCED_FACE ( 'NONE', ( #747 ), #1148, .F. ) ;
#1801 = ORIENTED_EDGE ( 'NONE', *, *, #4414, .T. ) ;
#1802 = CARTESIAN_POINT ( 'NONE',  ( 15.17079237552755089, -11.43883991925753918, 0.000000000000000000 ) ) ;
#1803 = ORIENTED_EDGE ( 'NONE', *, *, #1351, .F. ) ;
#1804 =( GEOMETRIC_REPRESENTATION_CONTEXT ( 3 ) GLOBAL_UNCERTAINTY_ASSIGNED_CONTEXT ( ( #1188 ) ) GLOBAL_UNIT_ASSIGNED_CONTEXT ( ( #5394, #272, #5085 ) ) REPRESENTATION_CONTEXT ( 'NONE', 'WORKASPACE' ) );
#1805 = DIRECTION ( 'NONE',  ( 0.000000000000000000, 0.000000000000000000, 1.000000000000000000 ) ) ;
#1806 = CARTESIAN_POINT ( 'NONE',  ( 16.00000000000000000, 16.00000000000000000, -1.000000000000000000 ) ) ;
#1807 = CARTESIAN_POINT ( 'NONE',  ( 5.052849458527489901, 7.174169802094340298, -1.000000000000000000 ) ) ;
#1808 = ORIENTED_EDGE ( 'NONE', *, *, #1392, .F. ) ;
#1809 = VECTOR ( 'NONE', #5191, 1000.000000000000000 ) ;
#1810 = DIRECTION ( 'NONE',  ( -0.000000000000000000, -0.000000000000000000, -1.000000000000000000 ) ) ;
#1811 = LINE ( 'NONE', #2285, #3242 ) ;
#1812 = AXIS2_PLACEMENT_3D ( 'NONE', #5535, #1658, #298 ) ;
#1813 = EDGE_CURVE ( 'NONE', #261, #528, #4168, .T. ) ;
#1814 = DIRECTION ( 'NONE',  ( 1.000000000000000000, -6.992006517994760179E-15, 0.000000000000000000 ) ) ;
#1815 = EDGE_CURVE ( 'NONE', #3997, #759, #2082, .T. ) ;
#1816 = EDGE_CURVE ( 'NONE', #4459, #3488, #2058, .T. ) ;
#1817 = ORIENTED_EDGE ( 'NONE', *, *, #1815, .F. ) ;
#1818 = DIRECTION ( 'NONE',  ( 0.000000000000000000, 0.000000000000000000, 1.000000000000000000 ) ) ;
#1819 = EDGE_LOOP ( 'NONE', ( #3172, #1377, #3648, #304 ) ) ;
#1820 = DIRECTION ( 'NONE',  ( 1.000000000000000000, 0.000000000000000000, 0.000000000000000000 ) ) ;
#1821 = EDGE_LOOP ( 'NONE', ( #890, #1182, #1877, #5082 ) ) ;
#1822 = EDGE_CURVE ( 'NONE', #3393, #4153, #992, .T. ) ;
#1823 = LINE ( 'NONE', #1371, #2142 ) ;
#1824 = ORIENTED_EDGE ( 'NONE', *, *, #160, .F. ) ;
#1825 = DIRECTION ( 'NONE',  ( 0.000000000000000000, 0.000000000000000000, 1.000000000000000000 ) ) ;
#1826 = EDGE_LOOP ( 'NONE', ( #615, #2026, #3941, #2923 ) ) ;
#1827 = DIRECTION ( 'NONE',  ( -1.000000000000000000, 0.000000000000000000, 0.000000000000000000 ) ) ;
#1828 = EDGE_LOOP ( 'NONE', ( #338, #1389, #2817, #2470 ) ) ;
#1829 = AXIS2_PLACEMENT_3D ( 'NONE', #3933, #3842, #5574 ) ;
#1830 = EDGE_CURVE ( 'NONE', #810, #515, #2504, .T. ) ;
#1831 = CARTESIAN_POINT ( 'NONE',  ( -2.500000000005025313, 8.645808232884210298, -1.000000000000000000 ) ) ;
#1832 = LINE ( 'NONE', #1915, #153 ) ;
#1833 = CIRCLE ( 'NONE', #2820, 1.000000000000000000 ) ;
#1834 = EDGE_CURVE ( 'NONE', #1746, #997, #4539, .T. ) ;
#1835 = LINE ( 'NONE', #3509, #3562 ) ;
#1836 = EDGE_LOOP ( 'NONE', ( #1753, #3040, #1137, #251 ) ) ;
#1837 = LINE ( 'NONE', #60, #514 ) ;
#1838 = PLANE ( 'NONE',  #110 ) ;
#1839 = CARTESIAN_POINT ( 'NONE',  ( -11.54390249418310077, 13.66522283772210145, 0.000000000000000000 ) ) ;
#1840 = ORIENTED_EDGE ( 'NONE', *, *, #4450, .T. ) ;
#1841 = CARTESIAN_POINT ( 'NONE',  ( -13.66522283772212099, -11.54390249418296044, 0.000000000000000000 ) ) ;
#1842 = AXIS2_PLACEMENT_3D ( 'NONE', #2903, #1291, #3377 ) ;
#1843 = CARTESIAN_POINT ( 'NONE',  ( 2.500000000005084821, -8.645808232884199640, 0.000000000000000000 ) ) ;
#1844 = ORIENTED_EDGE ( 'NONE', *, *, #2445, .F. ) ;
#1845 = FACE_OUTER_BOUND ( 'NONE', #4952, .T. ) ;
#1846 = AXIS2_PLACEMENT_3D ( 'NONE', #1152, #1602, #1710 ) ;
#1847 = ORIENTED_EDGE ( 'NONE', *, *, #2592, .T. ) ;
#1848 = FACE_OUTER_BOUND ( 'NONE', #1669, .T. ) ;
#1849 = ORIENTED_EDGE ( 'NONE', *, *, #1383, .F. ) ;
#1850 = VECTOR ( 'NONE', #1540, 1000.000000000000000 ) ;
#1851 = CARTESIAN_POINT ( 'NONE',  ( -18.81585144052604974, 2.638888888873525573, -1.000000000000000000 ) ) ;
#1852 = AXIS2_PLACEMENT_3D ( 'NONE', #1246, #300, #421 ) ;
#1853 = ORIENTED_EDGE ( 'NONE', *, *, #2138, .F. ) ;
#1854 = CARTESIAN_POINT ( 'NONE',  ( 2.222222222208964926, 7.685162873678930140, -1.000000000000000000 ) ) ;
#1855 = ORIENTED_EDGE ( 'NONE', *, *, #1226, .F. ) ;
#1856 = CIRCLE ( 'NONE', #2843, 14.69999999999999929 ) ;
#1857 = EDGE_CURVE ( 'NONE', #434, #3831, #3372, .T. ) ;
#1858 = LINE ( 'NONE', #3239, #1577 ) ;
#1859 = LINE ( 'NONE', #3587, #3852 ) ;
#1860 = CARTESIAN_POINT ( 'NONE',  ( 7.005579185128829600, 3.862882379874089889, -1.000000000000000000 ) ) ;
#1861 = ADVANCED_FACE ( 'NONE', ( #3042 ), #1258, .F. ) ;
#1862 = ORIENTED_EDGE ( 'NONE', *, *, #1813, .F. ) ;
#1863 = AXIS2_PLACEMENT_3D ( 'NONE', #5285, #1814, #3538 ) ;
#1864 = EDGE_CURVE ( 'NONE', #1197, #5528, #1442, .T. ) ;
#1865 = CARTESIAN_POINT ( 'NONE',  ( -1.500000000005100143, 8.645808232884220956, -1.000000000000000000 ) ) ;
#1866 = DIRECTION ( 'NONE',  ( 3.496003258997380089E-15, 1.000000000000000000, 0.000000000000000000 ) ) ;
#1867 = CIRCLE ( 'NONE', #4940, 0.3999999999999993006 ) ;
#1868 = VECTOR ( 'NONE', #5019, 1000.000000000000000 ) ;
#1869 = DIRECTION ( 'NONE',  ( 1.000000000000000000, -4.336808689942025625E-15, 0.000000000000000000 ) ) ;
#1870 = VECTOR ( 'NONE', #4985, 1000.000000000000000 ) ;
#1871 = VERTEX_POINT ( 'NONE', #4709 ) ;
#1872 = AXIS2_PLACEMENT_3D ( 'NONE', #2599, #2966, #1748 ) ;
#1873 = FACE_BOUND ( 'NONE', #4742, .T. ) ;
#1874 = DIRECTION ( 'NONE',  ( -1.000000000000000000, 0.000000000000000000, 0.000000000000000000 ) ) ;
#1875 = ORIENTED_EDGE ( 'NONE', *, *, #4458, .T. ) ;
#1876 = CYLINDRICAL_SURFACE ( 'NONE', #1041, 1.000000000000000000 ) ;
#1877 = ORIENTED_EDGE ( 'NONE', *, *, #4509, .T. ) ;
#1878 = FACE_OUTER_BOUND ( 'NONE', #2778, .T. ) ;
#1879 = ORIENTED_EDGE ( 'NONE', *, *, #2036, .F. ) ;
#1880 = CARTESIAN_POINT ( 'NONE',  ( -12.75475616918361510, -1.900000000005114709, 0.000000000000000000 ) ) ;
#1881 = ADVANCED_FACE ( 'NONE', ( #3499 ), #4346, .F. ) ;
#1882 = EDGE_CURVE ( 'NONE', #2258, #718, #3464, .T. ) ;
#1883 = EDGE_CURVE ( 'NONE', #2243, #2789, #3429, .T. ) ;
#1884 = VERTEX_POINT ( 'NONE', #2110 ) ;
#1885 = LINE ( 'NONE', #3635, #742 ) ;
#1886 = EDGE_LOOP ( 'NONE', ( #279, #1734, #2196, #3849 ) ) ;
#1887 = DIRECTION ( 'NONE',  ( 1.000000000000000000, 3.035766082959412415E-14, 0.000000000000000000 ) ) ;
#1888 = FACE_OUTER_BOUND ( 'NONE', #1886, .T. ) ;
#1889 = CARTESIAN_POINT ( 'NONE',  ( -10.07963475139406917, 7.392628982878099997, 41.57787873376899768 ) ) ;
#1890 = VERTEX_POINT ( 'NONE', #2136 ) ;
#1891 = AXIS2_PLACEMENT_3D ( 'NONE', #1432, #2305, #4944 ) ;
#1892 = CARTESIAN_POINT ( 'NONE',  ( 8.645808232889899969, -1.499999999985384136, -1.000000000000000000 ) ) ;
#1893 = CARTESIAN_POINT ( 'NONE',  ( 17.82554346997164885, -1.499999999985415888, 0.000000000000000000 ) ) ;
#1894 = CYLINDRICAL_SURFACE ( 'NONE', #2569, 0.4000000000000001887 ) ;
#1895 = VECTOR ( 'NONE', #1329, 1000.000000000000000 ) ;
#1896 = LINE ( 'NONE', #4864, #5288 ) ;
#1897 = VECTOR ( 'NONE', #1115, 1000.000000000000114 ) ;
#1898 = ORIENTED_EDGE ( 'NONE', *, *, #3972, .T. ) ;
#1899 = AXIS2_PLACEMENT_3D ( 'NONE', #2338, #2453, #4178 ) ;
#1900 = FACE_OUTER_BOUND ( 'NONE', #2672, .T. ) ;
#1901 = ADVANCED_FACE ( 'NONE', ( #829 ), #2958, .F. ) ;
#1902 = CARTESIAN_POINT ( 'NONE',  ( 22.00000000000000000, 13.25000000000000000, -1.000000000000000000 ) ) ;
#1903 = VERTEX_POINT ( 'NONE', #4255 ) ;
#1904 = AXIS2_PLACEMENT_3D ( 'NONE', #4583, #4037, #163 ) ;
#1905 = CARTESIAN_POINT ( 'NONE',  ( -16.00000000000000000, -16.00000000000000000, -1.000000000000000000 ) ) ;
#1906 = ORIENTED_EDGE ( 'NONE', *, *, #3809, .T. ) ;
#1907 = DIRECTION ( 'NONE',  ( 0.000000000000000000, 0.000000000000000000, 1.000000000000000000 ) ) ;
#1908 = EDGE_LOOP ( 'NONE', ( #760, #1879, #4277, #2729 ) ) ;
#1909 = CIRCLE ( 'NONE', #2899, 0.4000000000000001887 ) ;
#1910 = FACE_OUTER_BOUND ( 'NONE', #3315, .T. ) ;
#1911 = DIRECTION ( 'NONE',  ( -1.000000000000000000, 0.000000000000000000, 0.000000000000000000 ) ) ;
#1912 = FACE_OUTER_BOUND ( 'NONE', #3977, .T. ) ;
#1913 = ORIENTED_EDGE ( 'NONE', *, *, #2450, .F. ) ;
#1914 = DIRECTION ( 'NONE',  ( -1.000000000000000000, -3.873949557266115609E-15, 0.000000000000000000 ) ) ;
#1915 = CARTESIAN_POINT ( 'NONE',  ( -2.638888888873610394, -18.81585144052600000, -1.000000000000000000 ) ) ;
#1916 = EDGE_CURVE ( 'NONE', #3119, #5329, #4148, .T. ) ;
#1917 = EDGE_CURVE ( 'NONE', #671, #648, #2173, .T. ) ;
#1918 = DIRECTION ( 'NONE',  ( 0.000000000000000000, 0.000000000000000000, 1.000000000000000000 ) ) ;
#1919 = CIRCLE ( 'NONE', #4176, 0.3999999999999999667 ) ;
#1920 = ORIENTED_EDGE ( 'NONE', *, *, #5064, .T. ) ;
#1921 = CARTESIAN_POINT ( 'NONE',  ( 14.97998664885855291, 1.500000000005118128, 0.000000000000000000 ) ) ;
#1922 = CARTESIAN_POINT ( 'NONE',  ( 2.499999999985405008, 17.82554346997169858, 0.000000000000000000 ) ) ;
#1923 = CARTESIAN_POINT ( 'NONE',  ( -11.61976883962551454, -9.003942031891805087, -1.000000000000000000 ) ) ;
#1924 = CYLINDRICAL_SURFACE ( 'NONE', #2590, 2.000000000000001776 ) ;
#1925 = EDGE_LOOP ( 'NONE', ( #3491, #3057, #4674, #812 ) ) ;
#1926 = DIRECTION ( 'NONE',  ( 1.000000000000000000, 0.000000000000000000, 0.000000000000000000 ) ) ;
#1927 = ADVANCED_FACE ( 'NONE', ( #4281 ), #5132, .F. ) ;
#1928 = LINE ( 'NONE', #3228, #3133 ) ;
#1929 = ORIENTED_EDGE ( 'NONE', *, *, #2628, .T. ) ;
#1930 = ADVANCED_FACE ( 'NONE', ( #2197 ), #1348, .F. ) ;
#1931 = ADVANCED_FACE ( 'NONE', ( #408 ), #3885, .F. ) ;
#1932 = CARTESIAN_POINT ( 'NONE',  ( -10.07963475139406917, 7.392628982878099997, -1.000000000000000888 ) ) ;
#1933 = EDGE_LOOP ( 'NONE', ( #1056, #4649, #5323, #1801 ) ) ;
#1934 = CARTESIAN_POINT ( 'NONE',  ( 9.248947257233769648, 11.93595302574989958, 41.57787873376899768 ) ) ;
#1935 = ORIENTED_EDGE ( 'NONE', *, *, #2808, .T. ) ;
#1936 = CARTESIAN_POINT ( 'NONE',  ( -14.97998664885855469, -1.500000000005124567, 0.000000000000000000 ) ) ;
#1937 = VECTOR ( 'NONE', #4805, 1000.000000000000000 ) ;
#1938 = LINE ( 'NONE', #5412, #2226 ) ;
#1939 = DIRECTION ( 'NONE',  ( 0.000000000000000000, 0.000000000000000000, 1.000000000000000000 ) ) ;
#1940 = ORIENTED_EDGE ( 'NONE', *, *, #1032, .F. ) ;
#1941 = LINE ( 'NONE', #5415, #1850 ) ;
#1942 = AXIS2_PLACEMENT_3D ( 'NONE', #489, #1767, #4370 ) ;
#1943 = AXIS2_PLACEMENT_3D ( 'NONE', #2169, #14, #1737 ) ;
#1944 = DIRECTION ( 'NONE',  ( 1.000000000000000000, 3.873949557266115609E-15, 0.000000000000000000 ) ) ;
#1945 = ORIENTED_EDGE ( 'NONE', *, *, #115, .T. ) ;
#1946 = ORIENTED_EDGE ( 'NONE', *, *, #4387, .F. ) ;
#1947 = CYLINDRICAL_SURFACE ( 'NONE', #459, 7.999999999990759392 ) ;
#1948 = CARTESIAN_POINT ( 'NONE',  ( 0.000000000000000000, 0.000000000000000000, 0.000000000000000000 ) ) ;
#1949 = DIRECTION ( 'NONE',  ( 0.000000000000000000, 0.000000000000000000, 1.000000000000000000 ) ) ;
#1950 = DIRECTION ( 'NONE',  ( -1.000000000000000000, 0.000000000000000000, 0.000000000000000000 ) ) ;
#1951 = CIRCLE ( 'NONE', #5111, 1.000000000000000888 ) ;
#1952 = EDGE_CURVE ( 'NONE', #2609, #2617, #4032, .T. ) ;
#1953 = ORIENTED_EDGE ( 'NONE', *, *, #223, .F. ) ;
#1954 = ORIENTED_EDGE ( 'NONE', *, *, #3641, .F. ) ;
#1955 = CARTESIAN_POINT ( 'NONE',  ( -9.279552592000008815, 11.40087293553901127, 0.000000000000000000 ) ) ;
#1956 = AXIS2_PLACEMENT_3D ( 'NONE', #3844, #4247, #5577 ) ;
#1957 = AXIS2_PLACEMENT_3D ( 'NONE', #1313, #3033, #5097 ) ;
#1958 = AXIS2_PLACEMENT_3D ( 'NONE', #5478, #1629, #3135 ) ;
#1959 = CARTESIAN_POINT ( 'NONE',  ( 7.629193110330107608, 10.40218306343873600, 0.000000000000000000 ) ) ;
#1960 = ORIENTED_EDGE ( 'NONE', *, *, #4919, .F. ) ;
#1961 = AXIS2_PLACEMENT_3D ( 'NONE', #4827, #530, #4493 ) ;
#1962 = DIRECTION ( 'NONE',  ( 0.000000000000000000, 0.000000000000000000, 1.000000000000000000 ) ) ;
#1963 = EDGE_LOOP ( 'NONE', ( #254, #913, #3268, #5041, #5280, #860, #4145, #5170, #3144 ) ) ;
#1964 = CARTESIAN_POINT ( 'NONE',  ( 7.005579185137649212, -3.862882379858100013, -1.000000000000000000 ) ) ;
#1965 = EDGE_LOOP ( 'NONE', ( #1361, #4663, #2603, #5073 ) ) ;
#1966 = EDGE_CURVE ( 'NONE', #554, #2736, #4763, .T. ) ;
#1967 = CARTESIAN_POINT ( 'NONE',  ( -17.82554346996894878, -2.500000000005135448, -1.000000000000000000 ) ) ;
#1968 = CARTESIAN_POINT ( 'NONE',  ( -11.65311031327519942, 9.531789969708503563, -1.000000000000000000 ) ) ;
#1969 = DIRECTION ( 'NONE',  ( -1.000000000000000000, 0.000000000000000000, 0.000000000000000000 ) ) ;
#1970 = VERTEX_POINT ( 'NONE', #1320 ) ;
#1971 = DIRECTION ( 'NONE',  ( 0.000000000000000000, 0.000000000000000000, 1.000000000000000000 ) ) ;
#1972 = EDGE_CURVE ( 'NONE', #5453, #1365, #889, .T. ) ;
#1973 = EDGE_CURVE ( 'NONE', #1736, #2362, #150, .T. ) ;
#1974 = CARTESIAN_POINT ( 'NONE',  ( -17.82554346997169858, 1.499999999985406118, -1.000000000000000000 ) ) ;
#1975 = ORIENTED_EDGE ( 'NONE', *, *, #1701, .F. ) ;
#1976 = CARTESIAN_POINT ( 'NONE',  ( 0.000000000000000000, 0.000000000000000000, -1.000000000000000000 ) ) ;
#1977 = ORIENTED_EDGE ( 'NONE', *, *, #4764, .T. ) ;
#1978 = DIRECTION ( 'NONE',  ( -1.000000000000000000, 0.000000000000000000, 0.000000000000000000 ) ) ;
#1979 = CARTESIAN_POINT ( 'NONE',  ( -15.17079237552750115, 11.43883991925765997, -1.000000000000000000 ) ) ;
#1980 = CARTESIAN_POINT ( 'NONE',  ( -2.222222222208969811, -7.685162873678909712, -1.000000000000000000 ) ) ;
#1981 = CARTESIAN_POINT ( 'NONE',  ( -7.174169802094289672, 5.052849458527520099, 0.000000000000000000 ) ) ;
#1982 = EDGE_LOOP ( 'NONE', ( #4214, #4428, #355, #1759 ) ) ;
#1983 = ORIENTED_EDGE ( 'NONE', *, *, #2987, .F. ) ;
#1984 = AXIS2_PLACEMENT_3D ( 'NONE', #2165, #3882, #1623 ) ;
#1985 = LINE ( 'NONE', #5515, #3467 ) ;
#1986 = ADVANCED_FACE ( 'NONE', ( #3969 ), #4875, .F. ) ;
#1987 = ADVANCED_FACE ( 'NONE', ( #5296 ), #3575, .F. ) ;
#1988 = EDGE_CURVE ( 'NONE', #5358, #3573, #4929, .T. ) ;
#1989 = FACE_OUTER_BOUND ( 'NONE', #91, .T. ) ;
#1990 = ORIENTED_EDGE ( 'NONE', *, *, #1023, .T. ) ;
#1991 = CIRCLE ( 'NONE', #5149, 1.000000000000000000 ) ;
#1992 = CARTESIAN_POINT ( 'NONE',  ( 22.00000000000000000, -13.25000000000000000, -1.000000000000000000 ) ) ;
#1993 = ORIENTED_EDGE ( 'NONE', *, *, #574, .F. ) ;
#1994 = CARTESIAN_POINT ( 'NONE',  ( 0.000000000000000000, 0.000000000000000000, -1.000000000000000000 ) ) ;
#1995 = VERTEX_POINT ( 'NONE', #5268 ) ;
#1996 = VECTOR ( 'NONE', #214, 1000.000000000000000 ) ;
#1997 = CYLINDRICAL_SURFACE ( 'NONE', #2857, 2.000000000000000000 ) ;
#1998 = ADVANCED_FACE ( 'NONE', ( #1878 ), #2724, .T. ) ;
#1999 = CYLINDRICAL_SURFACE ( 'NONE', #4928, 2.000000000000001776 ) ;
#2000 = CARTESIAN_POINT ( 'NONE',  ( -11.54390249416722014, -13.66522283773397994, 0.000000000000000000 ) ) ;
#2001 = ORIENTED_EDGE ( 'NONE', *, *, #3526, .F. ) ;
#2002 = LINE ( 'NONE', #749, #3201 ) ;
#2003 = CARTESIAN_POINT ( 'NONE',  ( 7.685162873673849759, 2.222222222226484689, -1.000000000000000000 ) ) ;
#2004 = ORIENTED_EDGE ( 'NONE', *, *, #3690, .T. ) ;
#2005 = EDGE_CURVE ( 'NONE', #4770, #5129, #3047, .T. ) ;
#2006 = CARTESIAN_POINT ( 'NONE',  ( 1.500000000005059952, -17.82554346996889905, -1.000000000000000000 ) ) ;
#2007 = ORIENTED_EDGE ( 'NONE', *, *, #496, .T. ) ;
#2008 = LINE ( 'NONE', #2393, #362 ) ;
#2009 = FACE_OUTER_BOUND ( 'NONE', #1828, .T. ) ;
#2010 = LINE ( 'NONE', #2396, #1038 ) ;
#2011 = DIRECTION ( 'NONE',  ( 0.000000000000000000, 0.000000000000000000, 1.000000000000000000 ) ) ;
#2012 = VERTEX_POINT ( 'NONE', #5353 ) ;
#2013 = ORIENTED_EDGE ( 'NONE', *, *, #1497, .T. ) ;
#2014 = CARTESIAN_POINT ( 'NONE',  ( 11.54390249418302083, -13.66522283772208013, -1.000000000000000000 ) ) ;
#2015 = AXIS2_PLACEMENT_3D ( 'NONE', #29, #456, #4386 ) ;
#2016 = CIRCLE ( 'NONE', #2460, 1.000000000000000000 ) ;
#2017 = DIRECTION ( 'NONE',  ( 1.000000000000000000, 0.000000000000000000, 0.000000000000000000 ) ) ;
#2018 = ORIENTED_EDGE ( 'NONE', *, *, #1701, .T. ) ;
#2019 = ORIENTED_EDGE ( 'NONE', *, *, #4977, .F. ) ;
#2020 = DIRECTION ( 'NONE',  ( 1.000000000000000000, 0.000000000000000000, 0.000000000000000000 ) ) ;
#2021 = ORIENTED_EDGE ( 'NONE', *, *, #1238, .T. ) ;
#2022 = CARTESIAN_POINT ( 'NONE',  ( 10.83679571298061894, 14.37232961892061844, 0.000000000000000000 ) ) ;
#2023 = AXIS2_PLACEMENT_3D ( 'NONE', #2459, #792, #1132 ) ;
#2024 = DIRECTION ( 'NONE',  ( 1.000000000000000000, -9.637352644315598941E-17, 0.000000000000000000 ) ) ;
#2025 = CARTESIAN_POINT ( 'NONE',  ( 14.58316581047819582, 1.849668874177168298, 41.57787873376899768 ) ) ;
#2026 = ORIENTED_EDGE ( 'NONE', *, *, #1095, .F. ) ;
#2027 = DIRECTION ( 'NONE',  ( -1.000000000000000000, 0.000000000000000000, 0.000000000000000000 ) ) ;
#2028 = VECTOR ( 'NONE', #1093, 1000.000000000000114 ) ;
#2029 = CARTESIAN_POINT ( 'NONE',  ( -1.500000000005100143, 8.645808232884220956, -1.000000000000000000 ) ) ;
#2030 = ORIENTED_EDGE ( 'NONE', *, *, #4592, .T. ) ;
#2031 = EDGE_CURVE ( 'NONE', #3325, #3066, #5479, .T. ) ;
#2032 = DIRECTION ( 'NONE',  ( 1.000000000000000000, 0.000000000000000000, 0.000000000000000000 ) ) ;
#2033 = CIRCLE ( 'NONE', #4739, 2.000000000000001776 ) ;
#2034 = CARTESIAN_POINT ( 'NONE',  ( 13.66522283772204105, 11.54390249418305991, -1.000000000000000000 ) ) ;
#2035 = DIRECTION ( 'NONE',  ( 0.000000000000000000, 0.000000000000000000, 1.000000000000000000 ) ) ;
#2036 = EDGE_CURVE ( 'NONE', #5129, #2089, #2779, .T. ) ;
#2037 = DIRECTION ( 'NONE',  ( 0.000000000000000000, 0.000000000000000000, 1.000000000000000000 ) ) ;
#2038 = DIRECTION ( 'NONE',  ( 1.000000000000000000, 0.000000000000000000, 0.000000000000000000 ) ) ;
#2039 = VECTOR ( 'NONE', #4018, 1000.000000000000000 ) ;
#2040 = EDGE_CURVE ( 'NONE', #697, #3313, #3130, .T. ) ;
#2041 = ORIENTED_EDGE ( 'NONE', *, *, #124, .T. ) ;
#2042 = ORIENTED_EDGE ( 'NONE', *, *, #4276, .F. ) ;
#2043 = DIRECTION ( 'NONE',  ( 0.000000000000000000, 0.000000000000000000, 1.000000000000000000 ) ) ;
#2044 = CARTESIAN_POINT ( 'NONE',  ( 7.174169802084409575, 5.052849458545460415, -1.000000000000000000 ) ) ;
#2045 = ORIENTED_EDGE ( 'NONE', *, *, #5342, .T. ) ;
#2046 = EDGE_LOOP ( 'NONE', ( #3542, #4367, #5558, #1591 ) ) ;
#2047 = AXIS2_PLACEMENT_3D ( 'NONE', #3486, #4301, #2157 ) ;
#2048 = CIRCLE ( 'NONE', #5029, 0.3999999999999999667 ) ;
#2049 = CARTESIAN_POINT ( 'NONE',  ( -7.792628982878063049, -10.07963475139408516, 41.57787873376899768 ) ) ;
#2050 = ORIENTED_EDGE ( 'NONE', *, *, #3886, .T. ) ;
#2051 = AXIS2_PLACEMENT_3D ( 'NONE', #5283, #3514, #2633 ) ;
#2052 = CARTESIAN_POINT ( 'NONE',  ( -1.849668874177175626, 14.58316581047819405, 41.57787873376899768 ) ) ;
#2053 = AXIS2_PLACEMENT_3D ( 'NONE', #1720, #4748, #451 ) ;
#2054 = AXIS2_PLACEMENT_3D ( 'NONE', #4423, #2775, #1874 ) ;
#2055 = VERTEX_POINT ( 'NONE', #2248 ) ;
#2056 = ADVANCED_FACE ( 'NONE', ( #2752 ), #972, .F. ) ;
#2057 = CARTESIAN_POINT ( 'NONE',  ( 14.58316581047819582, 1.849668874177168076, 0.000000000000000000 ) ) ;
#2058 = LINE ( 'NONE', #3350, #4340 ) ;
#2059 = VERTEX_POINT ( 'NONE', #3118 ) ;
#2060 = DIRECTION ( 'NONE',  ( 0.000000000000000000, 0.000000000000000000, 1.000000000000000000 ) ) ;
#2061 = ADVANCED_FACE ( 'NONE', ( #4819 ), #2270, .T. ) ;
#2062 = ADVANCED_FACE ( 'NONE', ( #1848 ), #3523, .F. ) ;
#2063 = EDGE_CURVE ( 'NONE', #3168, #2258, #1823, .T. ) ;
#2064 = DIRECTION ( 'NONE',  ( -0.000000000000000000, -0.000000000000000000, -1.000000000000000000 ) ) ;
#2065 = ORIENTED_EDGE ( 'NONE', *, *, #470, .F. ) ;
#2066 = DIRECTION ( 'NONE',  ( 6.992006517994760179E-15, 1.000000000000000000, 0.000000000000000000 ) ) ;
#2067 = DIRECTION ( 'NONE',  ( 0.000000000000000000, 0.000000000000000000, 1.000000000000000000 ) ) ;
#2068 = CARTESIAN_POINT ( 'NONE',  ( 8.645808232884188982, 2.500000000005115020, -1.000000000000000000 ) ) ;
#2069 = DIRECTION ( 'NONE',  ( 1.000000000000000000, 0.000000000000000000, 0.000000000000000000 ) ) ;
#2070 = CARTESIAN_POINT ( 'NONE',  ( 16.00000000000000000, -16.00000000000000000, 0.000000000000000000 ) ) ;
#2071 = EDGE_LOOP ( 'NONE', ( #4245, #3162, #3368, #5491, #1744, #246, #4017, #3195 ) ) ;
#2072 = ORIENTED_EDGE ( 'NONE', *, *, #5448, .T. ) ;
#2073 = FACE_OUTER_BOUND ( 'NONE', #2079, .T. ) ;
#2074 = CARTESIAN_POINT ( 'NONE',  ( 16.00000000000000000, -16.00000000000000000, -1.000000000000000000 ) ) ;
#2075 = ORIENTED_EDGE ( 'NONE', *, *, #3031, .T. ) ;
#2076 = FILL_AREA_STYLE ('',( #4188 ) ) ;
#2077 = ORIENTED_EDGE ( 'NONE', *, *, #4051, .T. ) ;
#2078 = CARTESIAN_POINT ( 'NONE',  ( -8.645808232884210298, -2.500000000005099920, -1.000000000000000000 ) ) ;
#2079 = EDGE_LOOP ( 'NONE', ( #4590, #2500, #2891, #854 ) ) ;
#2080 = DIRECTION ( 'NONE',  ( 1.000000000000000000, 0.000000000000000000, 0.000000000000000000 ) ) ;
#2081 = ORIENTED_EDGE ( 'NONE', *, *, #2416, .T. ) ;
#2082 = CIRCLE ( 'NONE', #2345, 7.999999999990779820 ) ;
#2083 = DIRECTION ( 'NONE',  ( 1.000000000000000000, 0.000000000000000000, 0.000000000000000000 ) ) ;
#2084 = CARTESIAN_POINT ( 'NONE',  ( 8.645808232884188982, 1.500000000005115020, -1.000000000000000000 ) ) ;
#2085 = EDGE_LOOP ( 'NONE', ( #1214, #2524, #4126, #895 ) ) ;
#2086 = CARTESIAN_POINT ( 'NONE',  ( 5.052849458527489901, 7.174169802094340298, -1.000000000000000000 ) ) ;
#2087 = VECTOR ( 'NONE', #1097, 1000.000000000000000 ) ;
#2088 = DIRECTION ( 'NONE',  ( 0.000000000000000000, 0.000000000000000000, 1.000000000000000000 ) ) ;
#2089 = VERTEX_POINT ( 'NONE', #3091 ) ;
#2090 = CARTESIAN_POINT ( 'NONE',  ( -3.862882379858125326, -7.005579185137640330, -1.000000000000000000 ) ) ;
#2091 = ORIENTED_EDGE ( 'NONE', *, *, #2310, .F. ) ;
#2092 = CARTESIAN_POINT ( 'NONE',  ( 18.81585144052309744, 2.638888888894340479, 0.000000000000000000 ) ) ;
#2093 = EDGE_CURVE ( 'NONE', #2617, #5404, #120, .T. ) ;
#2094 = DIRECTION ( 'NONE',  ( -0.000000000000000000, -0.000000000000000000, -1.000000000000000000 ) ) ;
#2095 = FACE_OUTER_BOUND ( 'NONE', #2693, .T. ) ;
#2096 = CARTESIAN_POINT ( 'NONE',  ( -8.645808232884228062, -1.500000000005100143, 0.000000000000000000 ) ) ;
#2097 = DIRECTION ( 'NONE',  ( 0.000000000000000000, 0.000000000000000000, 1.000000000000000000 ) ) ;
#2098 = ORIENTED_EDGE ( 'NONE', *, *, #302, .F. ) ;
#2099 = DIRECTION ( 'NONE',  ( 0.000000000000000000, 0.000000000000000000, 1.000000000000000000 ) ) ;
#2100 = DIRECTION ( 'NONE',  ( 1.000000000000000000, 0.000000000000000000, 0.000000000000000000 ) ) ;
#2101 = ORIENTED_EDGE ( 'NONE', *, *, #2275, .T. ) ;
#2102 = EDGE_CURVE ( 'NONE', #4080, #5179, #548, .T. ) ;
#2103 = ORIENTED_EDGE ( 'NONE', *, *, #3905, .F. ) ;
#2104 = CIRCLE ( 'NONE', #4366, 0.3999999999999993006 ) ;
#2105 = DIRECTION ( 'NONE',  ( 0.000000000000000000, 0.000000000000000000, 1.000000000000000000 ) ) ;
#2106 = EDGE_CURVE ( 'NONE', #2201, #4860, #1002, .T. ) ;
#2107 = ORIENTED_EDGE ( 'NONE', *, *, #5402, .F. ) ;
#2108 = CARTESIAN_POINT ( 'NONE',  ( -6.881276583270979685, -4.345742677358854777, 0.000000000000000000 ) ) ;
#2109 = ADVANCED_FACE ( 'NONE', ( #3683 ), #3256, .F. ) ;
#2110 = CARTESIAN_POINT ( 'NONE',  ( 20.00000000000000000, -15.25000000000000000, -1.000000000000000000 ) ) ;
#2111 = ORIENTED_EDGE ( 'NONE', *, *, #1053, .T. ) ;
#2112 = VECTOR ( 'NONE', #2207, 1000.000000000000000 ) ;
#2113 = CARTESIAN_POINT ( 'NONE',  ( 0.000000000000000000, 0.000000000000000000, 0.000000000000000000 ) ) ;
#2114 = CARTESIAN_POINT ( 'NONE',  ( 16.00000000000000000, -16.00000000000000000, -1.000000000000000000 ) ) ;
#2115 = ORIENTED_EDGE ( 'NONE', *, *, #846, .T. ) ;
#2116 = FACE_OUTER_BOUND ( 'NONE', #2408, .T. ) ;
#2117 = ORIENTED_EDGE ( 'NONE', *, *, #1634, .F. ) ;
#2118 = DIRECTION ( 'NONE',  ( 0.000000000000000000, 0.000000000000000000, 1.000000000000000000 ) ) ;
#2119 = CARTESIAN_POINT ( 'NONE',  ( 1.960799999984942144, 12.75010836660061919, 41.57787873376899768 ) ) ;
#2120 = CYLINDRICAL_SURFACE ( 'NONE', #2756, 1.000000000000000000 ) ;
#2121 = CARTESIAN_POINT ( 'NONE',  ( 18.00000000000000000, 20.00000000000000000, 0.000000000000000000 ) ) ;
#2122 = DIRECTION ( 'NONE',  ( 0.000000000000000000, 0.000000000000000000, 1.000000000000000000 ) ) ;
#2123 = VERTEX_POINT ( 'NONE', #2494 ) ;
#2124 = FACE_OUTER_BOUND ( 'NONE', #4187, .T. ) ;
#2125 = AXIS2_PLACEMENT_3D ( 'NONE', #38, #2722, #1820 ) ;
#2126 = ADVANCED_FACE ( 'NONE', ( #1170 ), #4163, .F. ) ;
#2127 = DIRECTION ( 'NONE',  ( 0.000000000000000000, -0.000000000000000000, -1.000000000000000000 ) ) ;
#2128 = VECTOR ( 'NONE', #4257, 1000.000000000000000 ) ;
#2129 = ORIENTED_EDGE ( 'NONE', *, *, #318, .T. ) ;
#2130 = VERTEX_POINT ( 'NONE', #2831 ) ;
#2131 = FACE_BOUND ( 'NONE', #13, .T. ) ;
#2132 = ORIENTED_EDGE ( 'NONE', *, *, #1636, .T. ) ;
#2133 = VECTOR ( 'NONE', #3758, 1000.000000000000000 ) ;
#2134 = AXIS2_PLACEMENT_3D ( 'NONE', #4648, #3656, #1508 ) ;
#2135 = DIRECTION ( 'NONE',  ( 0.000000000000000000, 0.000000000000000000, 1.000000000000000000 ) ) ;
#2136 = CARTESIAN_POINT ( 'NONE',  ( 12.35475616918664876, -1.499999999985397015, -1.000000000000000000 ) ) ;
#2137 = VERTEX_POINT ( 'NONE', #3343 ) ;
#2138 = EDGE_CURVE ( 'NONE', #1253, #888, #4622, .T. ) ;
#2139 = FACE_OUTER_BOUND ( 'NONE', #947, .T. ) ;
#2140 = AXIS2_PLACEMENT_3D ( 'NONE', #23, #1187, #2601 ) ;
#2141 = AXIS2_PLACEMENT_3D ( 'NONE', #2274, #1456, #3178 ) ;
#2142 = VECTOR ( 'NONE', #5248, 1000.000000000000000 ) ;
#2143 = LINE ( 'NONE', #4688, #758 ) ;
#2144 = VERTEX_POINT ( 'NONE', #2804 ) ;
#2145 = CIRCLE ( 'NONE', #1872, 12.90000000000000213 ) ;
#2146 = CYLINDRICAL_SURFACE ( 'NONE', #197, 1.500000000000001332 ) ;
#2147 = ORIENTED_EDGE ( 'NONE', *, *, #1023, .F. ) ;
#2148 = ADVANCED_FACE ( 'NONE', ( #3283 ), #1111, .T. ) ;
#2149 = CARTESIAN_POINT ( 'NONE',  ( -1.500000000005020206, 17.82554346996894878, -1.000000000000000000 ) ) ;
#2150 = EDGE_CURVE ( 'NONE', #4114, #3313, #5434, .T. ) ;
#2151 = DIRECTION ( 'NONE',  ( 4.724328728373308688E-16, -1.000000000000000000, 0.000000000000000000 ) ) ;
#2152 = DIRECTION ( 'NONE',  ( -1.000000000000000000, -3.873949557266115609E-15, 0.000000000000000000 ) ) ;
#2153 = DIRECTION ( 'NONE',  ( 0.000000000000000000, 0.000000000000000000, 1.000000000000000000 ) ) ;
#2154 = DIRECTION ( 'NONE',  ( 0.000000000000000000, 0.000000000000000000, 1.000000000000000000 ) ) ;
#2155 = ORIENTED_EDGE ( 'NONE', *, *, #1396, .T. ) ;
#2156 = CARTESIAN_POINT ( 'NONE',  ( 11.53595302574987791, -9.248947257233798069, 41.57787873376899768 ) ) ;
#2157 = DIRECTION ( 'NONE',  ( -1.000000000000000000, 0.000000000000000000, 0.000000000000000000 ) ) ;
#2158 = ORIENTED_EDGE ( 'NONE', *, *, #683, .T. ) ;
#2159 = EDGE_CURVE ( 'NONE', #5054, #702, #4400, .T. ) ;
#2160 = EDGE_LOOP ( 'NONE', ( #2516, #790, #4351, #103 ) ) ;
#2161 = EDGE_CURVE ( 'NONE', #3552, #4681, #5213, .T. ) ;
#2162 = ADVANCED_FACE ( 'NONE', ( #768 ), #4562, .T. ) ;
#2163 = FACE_BOUND ( 'NONE', #1963, .T. ) ;
#2164 = VERTEX_POINT ( 'NONE', #1196 ) ;
#2165 = CARTESIAN_POINT ( 'NONE',  ( -18.00000000000000000, 20.00000000000000000, -1.000000000000000000 ) ) ;
#2166 = EDGE_LOOP ( 'NONE', ( #3600, #4345, #1703, #95 ) ) ;
#2167 = DIRECTION ( 'NONE',  ( 0.000000000000000000, 0.000000000000000000, 1.000000000000000000 ) ) ;
#2168 = ORIENTED_EDGE ( 'NONE', *, *, #2292, .F. ) ;
#2169 = CARTESIAN_POINT ( 'NONE',  ( 4.345742677340940219, 7.881276583280881098, -1.000000000000000000 ) ) ;
#2170 = VECTOR ( 'NONE', #5057, 1000.000000000000000 ) ;
#2171 = EDGE_CURVE ( 'NONE', #3367, #4236, #5017, .T. ) ;
#2172 = CARTESIAN_POINT ( 'NONE',  ( 18.00000000000000000, 20.00000000000000000, -1.000000000000000000 ) ) ;
#2173 = CIRCLE ( 'NONE', #5509, 14.69999999999999929 ) ;
#2174 = ORIENTED_EDGE ( 'NONE', *, *, #3934, .T. ) ;
#2175 = DIRECTION ( 'NONE',  ( 0.000000000000000000, 0.000000000000000000, 1.000000000000000000 ) ) ;
#2176 = VERTEX_POINT ( 'NONE', #4129 ) ;
#2177 = DIRECTION ( 'NONE',  ( 0.000000000000000000, 0.000000000000000000, 1.000000000000000000 ) ) ;
#2178 = DIRECTION ( 'NONE',  ( -0.000000000000000000, -0.000000000000000000, -1.000000000000000000 ) ) ;
#2179 = DIRECTION ( 'NONE',  ( -0.000000000000000000, -0.000000000000000000, -1.000000000000000000 ) ) ;
#2180 = CARTESIAN_POINT ( 'NONE',  ( 17.82554346997164885, -1.499999999985415888, -1.000000000000000000 ) ) ;
#2181 = ADVANCED_FACE ( 'NONE', ( #313 ), #2413, .F. ) ;
#2182 = DIRECTION ( 'NONE',  ( -1.000000000000000000, 9.637352644315598941E-17, 0.000000000000000000 ) ) ;
#2183 = ORIENTED_EDGE ( 'NONE', *, *, #5114, .F. ) ;
#2184 = LINE ( 'NONE', #2657, #3038 ) ;
#2185 = FACE_OUTER_BOUND ( 'NONE', #4152, .T. ) ;
#2186 = CIRCLE ( 'NONE', #3169, 0.3999999999999993006 ) ;
#2187 = LINE ( 'NONE', #1695, #597 ) ;
#2188 = ORIENTED_EDGE ( 'NONE', *, *, #5350, .T. ) ;
#2189 = ORIENTED_EDGE ( 'NONE', *, *, #4578, .F. ) ;
#2190 = ORIENTED_EDGE ( 'NONE', *, *, #5402, .T. ) ;
#2191 = DIRECTION ( 'NONE',  ( 1.000000000000000000, 0.000000000000000000, 0.000000000000000000 ) ) ;
#2192 = ORIENTED_EDGE ( 'NONE', *, *, #1532, .T. ) ;
#2193 = VECTOR ( 'NONE', #2024, 1000.000000000000000 ) ;
#2194 = CARTESIAN_POINT ( 'NONE',  ( 0.000000000000000000, 0.000000000000000000, 0.000000000000000000 ) ) ;
#2195 = CARTESIAN_POINT ( 'NONE',  ( 11.43883991925751964, 15.17079237552759885, -1.000000000000000000 ) ) ;
#2196 = ORIENTED_EDGE ( 'NONE', *, *, #4131, .T. ) ;
#2197 = FACE_OUTER_BOUND ( 'NONE', #3231, .T. ) ;
#2198 = VERTEX_POINT ( 'NONE', #2465 ) ;
#2199 = AXIS2_PLACEMENT_3D ( 'NONE', #4922, #1050, #2774 ) ;
#2200 = DIRECTION ( 'NONE',  ( -0.000000000000000000, 1.000000000000000000, 0.000000000000000000 ) ) ;
#2201 = VERTEX_POINT ( 'NONE', #1533 ) ;
#2202 = CARTESIAN_POINT ( 'NONE',  ( 23.57404796879309927, -8.544500781088730168E-16, -1.000000000000000000 ) ) ;
#2203 = ORIENTED_EDGE ( 'NONE', *, *, #734, .F. ) ;
#2204 = CARTESIAN_POINT ( 'NONE',  ( 14.58316581048062943, -1.849668874157978538, -1.000000000000000000 ) ) ;
#2205 = DIRECTION ( 'NONE',  ( -1.000000000000000000, 0.000000000000000000, 0.000000000000000000 ) ) ;
#2206 = FACE_OUTER_BOUND ( 'NONE', #295, .T. ) ;
#2207 = DIRECTION ( 'NONE',  ( 0.000000000000000000, 0.000000000000000000, 1.000000000000000000 ) ) ;
#2208 = ORIENTED_EDGE ( 'NONE', *, *, #319, .F. ) ;
#2209 = LINE ( 'NONE', #3106, #1412 ) ;
#2210 = LINE ( 'NONE', #3903, #3004 ) ;
#2211 = EDGE_CURVE ( 'NONE', #1871, #1760, #4190, .T. ) ;
#2212 = CARTESIAN_POINT ( 'NONE',  ( 0.000000000000000000, 0.000000000000000000, -1.000000000000000000 ) ) ;
#2213 = VECTOR ( 'NONE', #5205, 1000.000000000000000 ) ;
#2214 = ADVANCED_FACE ( 'NONE', ( #253 ), #5072, .F. ) ;
#2215 = EDGE_LOOP ( 'NONE', ( #5343, #5199, #1615, #3291 ) ) ;
#2216 = VECTOR ( 'NONE', #5294, 1000.000000000000000 ) ;
#2217 = CIRCLE ( 'NONE', #5013, 14.69999999999999929 ) ;
#2218 = FACE_BOUND ( 'NONE', #1675, .T. ) ;
#2219 = ORIENTED_EDGE ( 'NONE', *, *, #512, .T. ) ;
#2220 = DIRECTION ( 'NONE',  ( 0.000000000000000000, 0.000000000000000000, 1.000000000000000000 ) ) ;
#2221 = VERTEX_POINT ( 'NONE', #1083 ) ;
#2222 = AXIS2_PLACEMENT_3D ( 'NONE', #4720, #3445, #1300 ) ;
#2223 = DIRECTION ( 'NONE',  ( -1.000000000000000000, 0.000000000000000000, 0.000000000000000000 ) ) ;
#2224 = ORIENTED_EDGE ( 'NONE', *, *, #4526, .T. ) ;
#2225 = CARTESIAN_POINT ( 'NONE',  ( 0.000000000000000000, 0.000000000000000000, 41.57787873376899768 ) ) ;
#2226 = VECTOR ( 'NONE', #2896, 1000.000000000000000 ) ;
#2227 = EDGE_LOOP ( 'NONE', ( #5050, #1391 ) ) ;
#2228 = CARTESIAN_POINT ( 'NONE',  ( -11.93595302574981609, 9.248947257233878005, -1.000000000000000888 ) ) ;
#2229 = VERTEX_POINT ( 'NONE', #3232 ) ;
#2230 = EDGE_CURVE ( 'NONE', #4691, #2947, #326, .T. ) ;
#2231 = DIRECTION ( 'NONE',  ( -1.000000000000000000, 0.000000000000000000, 0.000000000000000000 ) ) ;
#2232 = PLANE ( 'NONE',  #691 ) ;
#2233 = AXIS2_PLACEMENT_3D ( 'NONE', #2684, #4417, #3058 ) ;
#2234 = EDGE_CURVE ( 'NONE', #3373, #5136, #228, .T. ) ;
#2235 = ADVANCED_FACE ( 'NONE', ( #4224 ), #1644, .F. ) ;
#2236 = CARTESIAN_POINT ( 'NONE',  ( -2.499999999985414778, -8.645808232889889311, -1.000000000000000000 ) ) ;
#2237 = VECTOR ( 'NONE', #1037, 1000.000000000000000 ) ;
#2238 = ORIENTED_EDGE ( 'NONE', *, *, #3202, .T. ) ;
#2239 = DIRECTION ( 'NONE',  ( 0.000000000000000000, 0.000000000000000000, 1.000000000000000000 ) ) ;
#2240 = CARTESIAN_POINT ( 'NONE',  ( 9.003942031876578156, 11.61976883963731311, -1.000000000000000000 ) ) ;
#2241 = DIRECTION ( 'NONE',  ( 0.000000000000000000, 0.000000000000000000, 1.000000000000000000 ) ) ;
#2242 = EDGE_CURVE ( 'NONE', #4535, #482, #356, .T. ) ;
#2243 = VERTEX_POINT ( 'NONE', #3356 ) ;
#2244 = LINE ( 'NONE', #5346, #3403 ) ;
#2245 = ORIENTED_EDGE ( 'NONE', *, *, #496, .F. ) ;
#2246 = CARTESIAN_POINT ( 'NONE',  ( -8.645808232884210298, -2.500000000005099920, 0.000000000000000000 ) ) ;
#2247 = ORIENTED_EDGE ( 'NONE', *, *, #99, .T. ) ;
#2248 = CARTESIAN_POINT ( 'NONE',  ( -1.849668874177175626, 14.58316581047819405, 0.000000000000000000 ) ) ;
#2249 = ORIENTED_EDGE ( 'NONE', *, *, #2394, .F. ) ;
#2250 = CARTESIAN_POINT ( 'NONE',  ( 20.00000000000000000, -18.00000000000000000, -1.000000000000000000 ) ) ;
#2251 = EDGE_LOOP ( 'NONE', ( #1243, #4832, #2238, #5485 ) ) ;
#2252 = DIRECTION ( 'NONE',  ( 0.000000000000000000, 0.000000000000000000, 1.000000000000000000 ) ) ;
#2253 = ORIENTED_EDGE ( 'NONE', *, *, #2901, .F. ) ;
#2254 = AXIS2_PLACEMENT_3D ( 'NONE', #2068, #3270, #4638 ) ;
#2255 = LINE ( 'NONE', #1328, #4061 ) ;
#2256 = CARTESIAN_POINT ( 'NONE',  ( 26.25000000000000000, -13.25000000000000000, -1.000000000000000000 ) ) ;
#2257 = FACE_OUTER_BOUND ( 'NONE', #3704, .T. ) ;
#2258 = VERTEX_POINT ( 'NONE', #5055 ) ;
#2259 = CARTESIAN_POINT ( 'NONE',  ( -15.17079237551494941, -11.43883991927419963, -1.000000000000000000 ) ) ;
#2260 = FACE_OUTER_BOUND ( 'NONE', #1153, .T. ) ;
#2261 = CIRCLE ( 'NONE', #4519, 1.000000000000000888 ) ;
#2262 = DIRECTION ( 'NONE',  ( 0.000000000000000000, 0.000000000000000000, 1.000000000000000000 ) ) ;
#2263 = ORIENTED_EDGE ( 'NONE', *, *, #1468, .T. ) ;
#2264 = FACE_BOUND ( 'NONE', #4955, .T. ) ;
#2265 = CARTESIAN_POINT ( 'NONE',  ( 2.222222222208964926, 7.685162873678930140, 0.000000000000000000 ) ) ;
#2266 = ORIENTED_EDGE ( 'NONE', *, *, #1165, .F. ) ;
#2267 = ADVANCED_FACE ( 'NONE', ( #2509 ), #3267, .F. ) ;
#2268 = DIRECTION ( 'NONE',  ( 1.000000000000000000, 4.062922706401050560E-15, 0.000000000000000000 ) ) ;
#2269 = ORIENTED_EDGE ( 'NONE', *, *, #4869, .F. ) ;
#2270 = PLANE ( 'NONE',  #3503 ) ;
#2271 = ORIENTED_EDGE ( 'NONE', *, *, #3155, .T. ) ;
#2272 = CARTESIAN_POINT ( 'NONE',  ( 9.531789969724075107, -11.65311031326311664, 0.000000000000000000 ) ) ;
#2273 = EDGE_CURVE ( 'NONE', #4921, #4421, #5025, .T. ) ;
#2274 = CARTESIAN_POINT ( 'NONE',  ( -18.00000000000000000, -18.00000000000000000, 0.000000000000000000 ) ) ;
#2275 = EDGE_CURVE ( 'NONE', #3363, #4921, #5119, .T. ) ;
#2276 = VERTEX_POINT ( 'NONE', #2090 ) ;
#2277 = DIRECTION ( 'NONE',  ( 1.000000000000000000, 0.000000000000000000, 0.000000000000000000 ) ) ;
#2278 = ORIENTED_EDGE ( 'NONE', *, *, #4702, .T. ) ;
#2279 = AXIS2_PLACEMENT_3D ( 'NONE', #5148, #3026, #4755 ) ;
#2280 = LINE ( 'NONE', #52, #711 ) ;
#2281 = DIRECTION ( 'NONE',  ( 1.000000000000000000, 0.000000000000000000, 0.000000000000000000 ) ) ;
#2282 = CYLINDRICAL_SURFACE ( 'NONE', #664, 1.000000000000000000 ) ;
#2283 = VERTEX_POINT ( 'NONE', #2876 ) ;
#2284 = CARTESIAN_POINT ( 'NONE',  ( 15.17079237551489967, 11.43883991927430088, -1.000000000000000000 ) ) ;
#2285 = CARTESIAN_POINT ( 'NONE',  ( 7.629193110330107608, 10.40218306343873600, 41.57787873376899768 ) ) ;
#2286 = CARTESIAN_POINT ( 'NONE',  ( -6.881276583270979685, -4.345742677358854777, -1.000000000000000000 ) ) ;
#2287 = ORIENTED_EDGE ( 'NONE', *, *, #2063, .F. ) ;
#2288 = DIRECTION ( 'NONE',  ( 0.000000000000000000, 0.000000000000000000, 1.000000000000000000 ) ) ;
#2289 = EDGE_CURVE ( 'NONE', #3257, #1454, #598, .T. ) ;
#2290 = CIRCLE ( 'NONE', #5363, 7.999999999990759392 ) ;
#2291 = EDGE_CURVE ( 'NONE', #1085, #3846, #296, .T. ) ;
#2292 = EDGE_CURVE ( 'NONE', #4012, #409, #3380, .T. ) ;
#2293 = DIRECTION ( 'NONE',  ( 1.000000000000000000, 4.724328728373308688E-16, 0.000000000000000000 ) ) ;
#2294 = VERTEX_POINT ( 'NONE', #5109 ) ;
#2295 = CARTESIAN_POINT ( 'NONE',  ( -7.629193110330160899, -10.40218306343869514, 41.57787873376899768 ) ) ;
#2296 = CIRCLE ( 'NONE', #5194, 0.3999999999999999667 ) ;
#2297 = ORIENTED_EDGE ( 'NONE', *, *, #4634, .T. ) ;
#2298 = DIRECTION ( 'NONE',  ( 0.7071067811865414665, -0.7071067811865535679, 0.000000000000000000 ) ) ;
#2299 = ORIENTED_EDGE ( 'NONE', *, *, #991, .T. ) ;
#2300 = VECTOR ( 'NONE', #5270, 1000.000000000000000 ) ;
#2301 = DIRECTION ( 'NONE',  ( 1.000000000000000000, 0.000000000000000000, 0.000000000000000000 ) ) ;
#2302 = EDGE_LOOP ( 'NONE', ( #1355, #2962, #2595, #5036 ) ) ;
#2303 = CARTESIAN_POINT ( 'NONE',  ( -18.81585144052604974, 2.638888888873525573, -1.000000000000000000 ) ) ;
#2304 = ORIENTED_EDGE ( 'NONE', *, *, #1972, .T. ) ;
#2305 = DIRECTION ( 'NONE',  ( -0.000000000000000000, -0.000000000000000000, -1.000000000000000000 ) ) ;
#2306 = LINE ( 'NONE', #4031, #2863 ) ;
#2307 = DIRECTION ( 'NONE',  ( -0.000000000000000000, -0.000000000000000000, -1.000000000000000000 ) ) ;
#2308 = EDGE_LOOP ( 'NONE', ( #4297, #3640, #3774, #473 ) ) ;
#2309 = VECTOR ( 'NONE', #878, 1000.000000000000114 ) ;
#2310 = EDGE_CURVE ( 'NONE', #2059, #1796, #4609, .T. ) ;
#2311 = AXIS2_PLACEMENT_3D ( 'NONE', #4690, #4205, #2032 ) ;
#2312 = DIRECTION ( 'NONE',  ( 1.000000000000000000, 0.000000000000000000, 0.000000000000000000 ) ) ;
#2313 = DIRECTION ( 'NONE',  ( -1.000000000000000000, 0.000000000000000000, 0.000000000000000000 ) ) ;
#2314 = AXIS2_PLACEMENT_3D ( 'NONE', #4640, #1750, #4210 ) ;
#2315 = VECTOR ( 'NONE', #2293, 1000.000000000000000 ) ;
#2316 = CARTESIAN_POINT ( 'NONE',  ( 0.000000000000000000, 0.000000000000000000, -1.000000000000000000 ) ) ;
#2317 = VECTOR ( 'NONE', #4020, 1000.000000000000000 ) ;
#2318 = ORIENTED_EDGE ( 'NONE', *, *, #4082, .T. ) ;
#2319 = VECTOR ( 'NONE', #2288, 1000.000000000000000 ) ;
#2320 = DIRECTION ( 'NONE',  ( 0.000000000000000000, 0.000000000000000000, 1.000000000000000000 ) ) ;
#2321 = DIRECTION ( 'NONE',  ( 0.000000000000000000, 0.000000000000000000, 1.000000000000000000 ) ) ;
#2322 = ORIENTED_EDGE ( 'NONE', *, *, #1646, .F. ) ;
#2323 = CARTESIAN_POINT ( 'NONE',  ( 8.645808232884188982, 1.500000000005115020, -1.000000000000000000 ) ) ;
#2324 = ORIENTED_EDGE ( 'NONE', *, *, #676, .F. ) ;
#2325 = ADVANCED_FACE ( 'NONE', ( #4636 ), #331, .F. ) ;
#2326 = DIRECTION ( 'NONE',  ( -0.000000000000000000, -0.000000000000000000, -1.000000000000000000 ) ) ;
#2327 = ADVANCED_FACE ( 'NONE', ( #1573 ), #753, .F. ) ;
#2328 = ORIENTED_EDGE ( 'NONE', *, *, #4631, .F. ) ;
#2329 = FACE_OUTER_BOUND ( 'NONE', #4026, .T. ) ;
#2330 = DIRECTION ( 'NONE',  ( 1.000000000000000000, 0.000000000000000000, 0.000000000000000000 ) ) ;
#2331 = DIRECTION ( 'NONE',  ( -0.000000000000000000, -0.000000000000000000, -1.000000000000000000 ) ) ;
#2332 = ORIENTED_EDGE ( 'NONE', *, *, #4420, .F. ) ;
#2333 = FACE_OUTER_BOUND ( 'NONE', #3864, .T. ) ;
#2334 = DIRECTION ( 'NONE',  ( 1.000000000000000000, 0.000000000000000000, 0.000000000000000000 ) ) ;
#2335 = CARTESIAN_POINT ( 'NONE',  ( -1.899999999985459986, -14.97998664886104514, 41.57787873376899768 ) ) ;
#2336 = ORIENTED_EDGE ( 'NONE', *, *, #3384, .T. ) ;
#2337 = VECTOR ( 'NONE', #1914, 1000.000000000000000 ) ;
#2338 = CARTESIAN_POINT ( 'NONE',  ( 23.57404796879309927, -8.544500781088730168E-16, -1.000000000000000000 ) ) ;
#2339 = LINE ( 'NONE', #3560, #4174 ) ;
#2340 = EDGE_CURVE ( 'NONE', #3917, #2725, #240, .T. ) ;
#2341 = DIRECTION ( 'NONE',  ( -0.000000000000000000, -0.000000000000000000, -1.000000000000000000 ) ) ;
#2342 = AXIS2_PLACEMENT_3D ( 'NONE', #1098, #3780, #5481 ) ;
#2343 = EDGE_CURVE ( 'NONE', #3609, #4621, #2399, .T. ) ;
#2344 = LINE ( 'NONE', #1161, #5380 ) ;
#2345 = AXIS2_PLACEMENT_3D ( 'NONE', #1598, #2472, #4198 ) ;
#2346 = EDGE_LOOP ( 'NONE', ( #493, #547, #1935, #2477 ) ) ;
#2347 = AXIS2_PLACEMENT_3D ( 'NONE', #4355, #1357, #4378 ) ;
#2348 = FACE_BOUND ( 'NONE', #2505, .T. ) ;
#2349 = LINE ( 'NONE', #599, #3221 ) ;
#2350 = ORIENTED_EDGE ( 'NONE', *, *, #4749, .F. ) ;
#2351 = DIRECTION ( 'NONE',  ( -1.000000000000000000, 0.000000000000000000, 0.000000000000000000 ) ) ;
#2352 = ORIENTED_EDGE ( 'NONE', *, *, #3986, .F. ) ;
#2353 = DIRECTION ( 'NONE',  ( 0.000000000000000000, 0.000000000000000000, 1.000000000000000000 ) ) ;
#2354 = VERTEX_POINT ( 'NONE', #3753 ) ;
#2355 = LINE ( 'NONE', #1511, #1491 ) ;
#2356 = DIRECTION ( 'NONE',  ( 0.000000000000000000, 0.000000000000000000, 1.000000000000000000 ) ) ;
#2357 = CARTESIAN_POINT ( 'NONE',  ( 0.000000000000000000, 0.000000000000000000, -1.000000000000000000 ) ) ;
#2358 = ORIENTED_EDGE ( 'NONE', *, *, #30, .F. ) ;
#2359 = CARTESIAN_POINT ( 'NONE',  ( 1.499999999985410115, 17.82554346997169858, 0.000000000000000000 ) ) ;
#2360 = DIRECTION ( 'NONE',  ( 0.000000000000000000, 0.000000000000000000, 1.000000000000000000 ) ) ;
#2361 = ORIENTED_EDGE ( 'NONE', *, *, #2807, .T. ) ;
#2362 = VERTEX_POINT ( 'NONE', #2006 ) ;
#2363 = DIRECTION ( 'NONE',  ( -0.000000000000000000, -0.000000000000000000, -1.000000000000000000 ) ) ;
#2364 = DIRECTION ( 'NONE',  ( 0.000000000000000000, 0.000000000000000000, 1.000000000000000000 ) ) ;
#2365 = AXIS2_PLACEMENT_3D ( 'NONE', #5593, #1745, #2535 ) ;
#2366 = CARTESIAN_POINT ( 'NONE',  ( -5.052849458527489901, -7.174169802094300330, 0.000000000000000000 ) ) ;
#2367 = FACE_OUTER_BOUND ( 'NONE', #5110, .T. ) ;
#2368 = ORIENTED_EDGE ( 'NONE', *, *, #2760, .T. ) ;
#2369 = EDGE_CURVE ( 'NONE', #515, #434, #4144, .T. ) ;
#2370 = DIRECTION ( 'NONE',  ( 0.000000000000000000, 0.000000000000000000, 1.000000000000000000 ) ) ;
#2371 = DIRECTION ( 'NONE',  ( -1.417298618512443785E-16, -1.000000000000000000, 0.000000000000000000 ) ) ;
#2372 = ORIENTED_EDGE ( 'NONE', *, *, #4458, .F. ) ;
#2373 = EDGE_CURVE ( 'NONE', #2144, #2176, #682, .T. ) ;
#2374 =( NAMED_UNIT ( * ) PLANE_ANGLE_UNIT ( ) SI_UNIT ( $, .RADIAN. ) );
#2375 = ORIENTED_EDGE ( 'NONE', *, *, #1704, .F. ) ;
#2376 = EDGE_CURVE ( 'NONE', #5517, #3069, #1121, .T. ) ;
#2377 = DIRECTION ( 'NONE',  ( 0.000000000000000000, 0.000000000000000000, 1.000000000000000000 ) ) ;
#2378 = VERTEX_POINT ( 'NONE', #269 ) ;
#2379 = EDGE_CURVE ( 'NONE', #475, #3407, #3398, .T. ) ;
#2380 = FACE_OUTER_BOUND ( 'NONE', #4905, .T. ) ;
#2381 = VECTOR ( 'NONE', #781, 1000.000000000000000 ) ;
#2382 = CARTESIAN_POINT ( 'NONE',  ( 0.000000000000000000, 0.000000000000000000, -1.000000000000000000 ) ) ;
#2383 = DIRECTION ( 'NONE',  ( 1.000000000000000000, 0.000000000000000000, 0.000000000000000000 ) ) ;
#2384 = ORIENTED_EDGE ( 'NONE', *, *, #1916, .F. ) ;
#2385 = CARTESIAN_POINT ( 'NONE',  ( 10.40218306343872001, -7.629193110330126260, 0.000000000000000000 ) ) ;
#2386 = AXIS2_PLACEMENT_3D ( 'NONE', #4915, #2770, #2793 ) ;
#2387 = AXIS2_PLACEMENT_3D ( 'NONE', #5598, #5059, #5482 ) ;
#2388 = LINE ( 'NONE', #4543, #4466 ) ;
#2389 = ORIENTED_EDGE ( 'NONE', *, *, #1279, .T. ) ;
#2390 = EDGE_CURVE ( 'NONE', #2725, #33, #2496, .T. ) ;
#2391 = EDGE_CURVE ( 'NONE', #5088, #3177, #84, .T. ) ;
#2392 = VERTEX_POINT ( 'NONE', #930 ) ;
#2393 = CARTESIAN_POINT ( 'NONE',  ( 7.005579185128829600, 3.862882379874089889, -1.000000000000000000 ) ) ;
#2394 = EDGE_CURVE ( 'NONE', #4122, #1539, #3760, .T. ) ;
#2395 = DIRECTION ( 'NONE',  ( 1.000000000000000000, 0.000000000000000000, 0.000000000000000000 ) ) ;
#2396 = CARTESIAN_POINT ( 'NONE',  ( 20.00000000000000000, -18.00000000000000000, 0.000000000000000000 ) ) ;
#2397 = CARTESIAN_POINT ( 'NONE',  ( 0.000000000000000000, 0.000000000000000000, -1.000000000000000000 ) ) ;
#2398 = CIRCLE ( 'NONE', #4756, 0.3999999999999993006 ) ;
#2399 = CIRCLE ( 'NONE', #2311, 1.000000000000000000 ) ;
#2400 = VERTEX_POINT ( 'NONE', #953 ) ;
#2401 = ORIENTED_EDGE ( 'NONE', *, *, #745, .F. ) ;
#2402 = DIRECTION ( 'NONE',  ( 0.000000000000000000, 0.000000000000000000, 1.000000000000000000 ) ) ;
#2403 = CIRCLE ( 'NONE', #1778, 0.3999999999999993006 ) ;
#2404 = CIRCLE ( 'NONE', #1595, 14.69999999999999929 ) ;
#2405 = VECTOR ( 'NONE', #2644, 1000.000000000000000 ) ;
#2406 = EDGE_CURVE ( 'NONE', #2012, #1480, #2184, .T. ) ;
#2407 = CARTESIAN_POINT ( 'NONE',  ( -8.645808232889910627, 2.499999999985410337, -1.000000000000000000 ) ) ;
#2408 = EDGE_LOOP ( 'NONE', ( #3335, #1008, #2688, #2368 ) ) ;
#2409 = AXIS2_PLACEMENT_3D ( 'NONE', #1806, #185, #2281 ) ;
#2410 = CIRCLE ( 'NONE', #783, 7.999999999990748734 ) ;
#2411 = DIRECTION ( 'NONE',  ( 0.000000000000000000, -1.000000000000000000, 0.000000000000000000 ) ) ;
#2412 = EDGE_LOOP ( 'NONE', ( #4160, #4487, #5545, #4448 ) ) ;
#2413 = CYLINDRICAL_SURFACE ( 'NONE', #1501, 0.3999999999999993006 ) ;
#2414 = ORIENTED_EDGE ( 'NONE', *, *, #210, .F. ) ;
#2415 = FACE_OUTER_BOUND ( 'NONE', #4337, .T. ) ;
#2416 = EDGE_CURVE ( 'NONE', #5443, #5006, #534, .T. ) ;
#2417 = CARTESIAN_POINT ( 'NONE',  ( 1.899999999985409582, 14.97998664886105402, -1.000000000000000888 ) ) ;
#2418 = DIRECTION ( 'NONE',  ( 4.724328728373308688E-16, -1.000000000000000000, 0.000000000000000000 ) ) ;
#2419 = ORIENTED_EDGE ( 'NONE', *, *, #3557, .T. ) ;
#2420 = ADVANCED_FACE ( 'NONE', ( #4784 ), #4385, .T. ) ;
#2421 = CARTESIAN_POINT ( 'NONE',  ( 0.000000000000000000, 0.000000000000000000, -1.000000000000000000 ) ) ;
#2422 = LINE ( 'NONE', #2003, #4828 ) ;
#2423 = EDGE_LOOP ( 'NONE', ( #1042, #139, #2419, #3198, #4259, #4615, #292 ) ) ;
#2424 = DIRECTION ( 'NONE',  ( 1.000000000000000000, 0.000000000000000000, 0.000000000000000000 ) ) ;
#2425 = ORIENTED_EDGE ( 'NONE', *, *, #2686, .T. ) ;
#2426 = FACE_OUTER_BOUND ( 'NONE', #245, .T. ) ;
#2427 = LINE ( 'NONE', #5004, #3654 ) ;
#2428 = CARTESIAN_POINT ( 'NONE',  ( -7.174169802094289672, 5.052849458527520099, 0.000000000000000000 ) ) ;
#2429 = ORIENTED_EDGE ( 'NONE', *, *, #1374, .F. ) ;
#2430 = ORIENTED_EDGE ( 'NONE', *, *, #2230, .T. ) ;
#2431 = DIRECTION ( 'NONE',  ( -1.000000000000000000, 0.000000000000000000, 0.000000000000000000 ) ) ;
#2432 = VECTOR ( 'NONE', #3836, 1000.000000000000000 ) ;
#2433 = DIRECTION ( 'NONE',  ( -0.000000000000000000, -0.000000000000000000, -1.000000000000000000 ) ) ;
#2434 = AXIS2_PLACEMENT_3D ( 'NONE', #717, #3260, #1969 ) ;
#2435 = ORIENTED_EDGE ( 'NONE', *, *, #3158, .T. ) ;
#2436 = ORIENTED_EDGE ( 'NONE', *, *, #3399, .F. ) ;
#2437 = CARTESIAN_POINT ( 'NONE',  ( -9.531789969708452048, -11.65311031327521718, 0.000000000000000000 ) ) ;
#2438 = EDGE_LOOP ( 'NONE', ( #2495, #2473 ) ) ;
#2439 = AXIS2_PLACEMENT_3D ( 'NONE', #1013, #3699, #5393 ) ;
#2440 = DIRECTION ( 'NONE',  ( 1.000000000000000000, 0.000000000000000000, 0.000000000000000000 ) ) ;
#2441 = EDGE_CURVE ( 'NONE', #1347, #33, #65, .T. ) ;
#2442 = CARTESIAN_POINT ( 'NONE',  ( 20.00000000000000000, 15.25000000000000000, 0.000000000000000000 ) ) ;
#2443 = CARTESIAN_POINT ( 'NONE',  ( 10.83679571298061894, 14.37232961892061844, -1.000000000000000000 ) ) ;
#2444 = ORIENTED_EDGE ( 'NONE', *, *, #3867, .T. ) ;
#2445 = EDGE_CURVE ( 'NONE', #3766, #427, #3082, .T. ) ;
#2446 = AXIS2_PLACEMENT_3D ( 'NONE', #1584, #3278, #3763 ) ;
#2447 = CARTESIAN_POINT ( 'NONE',  ( -17.82554346996894878, -1.500000000005135004, -1.000000000000000000 ) ) ;
#2448 = EDGE_CURVE ( 'NONE', #33, #1769, #2209, .T. ) ;
#2449 = CARTESIAN_POINT ( 'NONE',  ( 1.899999999985409138, 12.35475616918664699, 0.000000000000000000 ) ) ;
#2450 = EDGE_CURVE ( 'NONE', #1890, #2625, #4834, .T. ) ;
#2451 = EDGE_LOOP ( 'NONE', ( #1104, #4253, #3854, #4843 ) ) ;
#2452 = DIRECTION ( 'NONE',  ( 0.000000000000000000, 0.000000000000000000, 1.000000000000000000 ) ) ;
#2453 = DIRECTION ( 'NONE',  ( 0.000000000000000000, 0.000000000000000000, 1.000000000000000000 ) ) ;
#2454 = DIRECTION ( 'NONE',  ( 0.000000000000000000, 0.000000000000000000, 1.000000000000000000 ) ) ;
#2455 = DIRECTION ( 'NONE',  ( 1.000000000000000000, 0.000000000000000000, 0.000000000000000000 ) ) ;
#2456 = DIRECTION ( 'NONE',  ( -0.000000000000000000, -0.000000000000000000, -1.000000000000000000 ) ) ;
#2457 = ORIENTED_EDGE ( 'NONE', *, *, #1816, .F. ) ;
#2458 = VERTEX_POINT ( 'NONE', #1413 ) ;
#2459 = CARTESIAN_POINT ( 'NONE',  ( 10.07963475138231502, 7.392628982894112077, 0.000000000000000000 ) ) ;
#2460 = AXIS2_PLACEMENT_3D ( 'NONE', #5076, #4228, #774 ) ;
#2461 = FACE_OUTER_BOUND ( 'NONE', #2517, .T. ) ;
#2462 = EDGE_LOOP ( 'NONE', ( #2701, #1405, #1975, #2668 ) ) ;
#2463 = ORIENTED_EDGE ( 'NONE', *, *, #543, .F. ) ;
#2464 = EDGE_CURVE ( 'NONE', #2458, #3915, #1330, .T. ) ;
#2465 = CARTESIAN_POINT ( 'NONE',  ( -7.174169802084439773, -5.052849458545409789, -1.000000000000000000 ) ) ;
#2466 = ORIENTED_EDGE ( 'NONE', *, *, #983, .F. ) ;
#2467 = ADVANCED_FACE ( 'NONE', ( #5234 ), #1755, .T. ) ;
#2468 = ADVANCED_FACE ( 'NONE', ( #1362 ), #561, .F. ) ;
#2469 = LINE ( 'NONE', #4193, #2591 ) ;
#2470 = ORIENTED_EDGE ( 'NONE', *, *, #2572, .F. ) ;
#2471 = DIRECTION ( 'NONE',  ( 0.000000000000000000, 0.000000000000000000, -1.000000000000000000 ) ) ;
#2472 = DIRECTION ( 'NONE',  ( 0.000000000000000000, 0.000000000000000000, -1.000000000000000000 ) ) ;
#2473 = ORIENTED_EDGE ( 'NONE', *, *, #4774, .F. ) ;
#2474 = CYLINDRICAL_SURFACE ( 'NONE', #4286, 7.999999999990779820 ) ;
#2475 = AXIS2_PLACEMENT_3D ( 'NONE', #1409, #480, #4464 ) ;
#2476 = LINE ( 'NONE', #2961, #123 ) ;
#2477 = ORIENTED_EDGE ( 'NONE', *, *, #5247, .T. ) ;
#2478 = CARTESIAN_POINT ( 'NONE',  ( -11.54390249416722014, -13.66522283773397994, -1.000000000000000000 ) ) ;
#2479 = VECTOR ( 'NONE', #5195, 1000.000000000000000 ) ;
#2480 = CARTESIAN_POINT ( 'NONE',  ( -20.00000000000000000, -2.449293598294709668E-15, 0.000000000000000000 ) ) ;
#2481 = DIRECTION ( 'NONE',  ( 0.000000000000000000, 0.000000000000000000, 1.000000000000000000 ) ) ;
#2482 = AXIS2_PLACEMENT_3D ( 'NONE', #918, #5163, #2648 ) ;
#2483 = CARTESIAN_POINT ( 'NONE',  ( 7.392628982894077438, -10.07963475138233811, 41.57787873376899768 ) ) ;
#2484 = CARTESIAN_POINT ( 'NONE',  ( -11.61976883963723139, 9.003942031876684737, 0.000000000000000000 ) ) ;
#2485 = EDGE_CURVE ( 'NONE', #2164, #4646, #1837, .T. ) ;
#2486 = AXIS2_PLACEMENT_3D ( 'NONE', #2483, #5086, #1632 ) ;
#2487 = ORIENTED_EDGE ( 'NONE', *, *, #1203, .F. ) ;
#2488 = ORIENTED_EDGE ( 'NONE', *, *, #2662, .T. ) ;
#2489 = CARTESIAN_POINT ( 'NONE',  ( 26.25000000000000000, -13.25000000000000000, 0.000000000000000000 ) ) ;
#2490 = CARTESIAN_POINT ( 'NONE',  ( 1.899999999985409138, 12.35475616918664699, -1.000000000000000888 ) ) ;
#2491 = VERTEX_POINT ( 'NONE', #2259 ) ;
#2492 = EDGE_LOOP ( 'NONE', ( #3705, #1292, #1503, #3411 ) ) ;
#2493 = AXIS2_PLACEMENT_3D ( 'NONE', #1441, #3620, #990 ) ;
#2494 = CARTESIAN_POINT ( 'NONE',  ( 11.65311031327526337, -9.531789969708427179, -1.000000000000000000 ) ) ;
#2495 = ORIENTED_EDGE ( 'NONE', *, *, #2040, .F. ) ;
#2496 = CIRCLE ( 'NONE', #1958, 0.4000000000000001887 ) ;
#2497 = CARTESIAN_POINT ( 'NONE',  ( -14.37232961890866001, -10.83679571299641964, -1.000000000000000000 ) ) ;
#2498 = CIRCLE ( 'NONE', #3220, 2.000000000000001776 ) ;
#2499 = VECTOR ( 'NONE', #2371, 1000.000000000000000 ) ;
#2500 = ORIENTED_EDGE ( 'NONE', *, *, #2743, .F. ) ;
#2501 = EDGE_CURVE ( 'NONE', #1033, #921, #3559, .T. ) ;
#2502 = EDGE_CURVE ( 'NONE', #1772, #1162, #3618, .T. ) ;
#2503 = DIRECTION ( 'NONE',  ( 1.000000000000000000, 0.000000000000000000, 0.000000000000000000 ) ) ;
#2504 = LINE ( 'NONE', #5527, #903 ) ;
#2505 = EDGE_LOOP ( 'NONE', ( #1012, #4335 ) ) ;
#2506 = CARTESIAN_POINT ( 'NONE',  ( 22.00000000000000000, 15.25000000000000000, -1.000000000000000000 ) ) ;
#2507 = CARTESIAN_POINT ( 'NONE',  ( -7.174169802094289672, 5.052849458527520099, 0.000000000000000000 ) ) ;
#2508 = ORIENTED_EDGE ( 'NONE', *, *, #5000, .T. ) ;
#2509 = FACE_OUTER_BOUND ( 'NONE', #3988, .T. ) ;
#2510 = ORIENTED_EDGE ( 'NONE', *, *, #5579, .T. ) ;
#2511 = DIRECTION ( 'NONE',  ( 0.000000000000000000, 0.000000000000000000, 1.000000000000000000 ) ) ;
#2512 = DIRECTION ( 'NONE',  ( -0.000000000000000000, -0.000000000000000000, -1.000000000000000000 ) ) ;
#2513 = FACE_OUTER_BOUND ( 'NONE', #3951, .T. ) ;
#2514 = DIRECTION ( 'NONE',  ( -1.417298618512443785E-16, -1.000000000000000000, 0.000000000000000000 ) ) ;
#2515 = ADVANCED_FACE ( 'NONE', ( #4754 ), #904, .F. ) ;
#2516 = ORIENTED_EDGE ( 'NONE', *, *, #4561, .F. ) ;
#2517 = EDGE_LOOP ( 'NONE', ( #2579, #5022, #202, #5062 ) ) ;
#2518 = LINE ( 'NONE', #2014, #4432 ) ;
#2519 = ADVANCED_FACE ( 'NONE', ( #4808 ), #5259, .F. ) ;
#2520 = CARTESIAN_POINT ( 'NONE',  ( 18.82554346996889905, 2.500000000005119905, -1.000000000000000000 ) ) ;
#2521 = ORIENTED_EDGE ( 'NONE', *, *, #1279, .F. ) ;
#2522 = EDGE_LOOP ( 'NONE', ( #2249, #2607, #4821, #3413 ) ) ;
#2523 = CIRCLE ( 'NONE', #4336, 1.000000000000000888 ) ;
#2524 = ORIENTED_EDGE ( 'NONE', *, *, #215, .F. ) ;
#2525 = FACE_BOUND ( 'NONE', #3811, .T. ) ;
#2526 = ORIENTED_EDGE ( 'NONE', *, *, #5039, .T. ) ;
#2527 = VECTOR ( 'NONE', #4330, 1000.000000000000000 ) ;
#2528 = CARTESIAN_POINT ( 'NONE',  ( 18.82554346997164885, -2.499999999985414778, -1.000000000000000000 ) ) ;
#2529 = CARTESIAN_POINT ( 'NONE',  ( -1.900000000005115153, 12.35475616918361652, -1.000000000000000888 ) ) ;
#2530 = EDGE_LOOP ( 'NONE', ( #2611, #3088, #3361, #18 ) ) ;
#2531 = LINE ( 'NONE', #4231, #47 ) ;
#2532 = AXIS2_PLACEMENT_3D ( 'NONE', #4948, #1520, #1978 ) ;
#2533 = DIRECTION ( 'NONE',  ( 0.000000000000000000, 0.000000000000000000, 1.000000000000000000 ) ) ;
#2534 = ORIENTED_EDGE ( 'NONE', *, *, #4732, .F. ) ;
#2535 = DIRECTION ( 'NONE',  ( 1.000000000000000000, 0.000000000000000000, 0.000000000000000000 ) ) ;
#2536 = ORIENTED_EDGE ( 'NONE', *, *, #3813, .F. ) ;
#2537 = EDGE_CURVE ( 'NONE', #2400, #436, #4547, .T. ) ;
#2538 = CYLINDRICAL_SURFACE ( 'NONE', #4154, 2.000000000000001776 ) ;
#2539 = DIRECTION ( 'NONE',  ( -1.000000000000000000, 0.000000000000000000, 0.000000000000000000 ) ) ;
#2540 = CYLINDRICAL_SURFACE ( 'NONE', #2486, 0.4000000000000001887 ) ;
#2541 = LINE ( 'NONE', #1301, #329 ) ;
#2542 = DIRECTION ( 'NONE',  ( 0.000000000000000000, 0.000000000000000000, 1.000000000000000000 ) ) ;
#2543 = VERTEX_POINT ( 'NONE', #4063 ) ;
#2544 = DIRECTION ( 'NONE',  ( -1.000000000000000000, 0.000000000000000000, 0.000000000000000000 ) ) ;
#2545 = LINE ( 'NONE', #396, #3492 ) ;
#2546 = EDGE_CURVE ( 'NONE', #2557, #3373, #3074, .T. ) ;
#2547 = VERTEX_POINT ( 'NONE', #188 ) ;
#2548 = CIRCLE ( 'NONE', #3265, 18.99999999999384670 ) ;
#2549 = VERTEX_POINT ( 'NONE', #1921 ) ;
#2550 = CIRCLE ( 'NONE', #3547, 0.3999999999999993006 ) ;
#2551 = CARTESIAN_POINT ( 'NONE',  ( 13.66522283773402080, -11.54390249416718106, -1.000000000000000000 ) ) ;
#2552 = ORIENTED_EDGE ( 'NONE', *, *, #3476, .F. ) ;
#2553 = EDGE_CURVE ( 'NONE', #2815, #5295, #4522, .T. ) ;
#2554 = ADVANCED_FACE ( 'NONE', ( #2426 ), #1947, .T. ) ;
#2555 = CARTESIAN_POINT ( 'NONE',  ( -8.645808232889910627, 1.499999999985406118, 0.000000000000000000 ) ) ;
#2556 = DIRECTION ( 'NONE',  ( 1.000000000000000000, 0.000000000000000000, 0.000000000000000000 ) ) ;
#2557 = VERTEX_POINT ( 'NONE', #3671 ) ;
#2558 = CARTESIAN_POINT ( 'NONE',  ( -10.07963475138237897, -7.392628982894038359, 0.000000000000000000 ) ) ;
#2559 = DIRECTION ( 'NONE',  ( 1.000000000000000000, -1.734723475976807094E-14, 0.000000000000000000 ) ) ;
#2560 = ORIENTED_EDGE ( 'NONE', *, *, #1158, .F. ) ;
#2561 = DIRECTION ( 'NONE',  ( 1.000000000000000000, 0.000000000000000000, 0.000000000000000000 ) ) ;
#2562 = EDGE_LOOP ( 'NONE', ( #1072, #3875, #2155, #398 ) ) ;
#2563 = LINE ( 'NONE', #2480, #816 ) ;
#2564 = CARTESIAN_POINT ( 'NONE',  ( -11.65311031326315927, -9.531789969724034250, -1.000000000000000888 ) ) ;
#2565 = CIRCLE ( 'NONE', #3285, 0.3999999999999999667 ) ;
#2566 = CARTESIAN_POINT ( 'NONE',  ( -6.881276583280840242, 4.345742677340974858, 0.000000000000000000 ) ) ;
#2567 = DIRECTION ( 'NONE',  ( 0.000000000000000000, 0.000000000000000000, 1.000000000000000000 ) ) ;
#2568 = EDGE_CURVE ( 'NONE', #3177, #1423, #2986, .T. ) ;
#2569 = AXIS2_PLACEMENT_3D ( 'NONE', #5449, #5395, #5340 ) ;
#2570 = CARTESIAN_POINT ( 'NONE',  ( -2.499999999985480059, -17.82554346997164885, -1.000000000000000000 ) ) ;
#2571 = ORIENTED_EDGE ( 'NONE', *, *, #2242, .F. ) ;
#2572 = EDGE_CURVE ( 'NONE', #4495, #4751, #3889, .T. ) ;
#2573 = EDGE_CURVE ( 'NONE', #314, #915, #4249, .T. ) ;
#2574 = AXIS2_PLACEMENT_3D ( 'NONE', #4515, #3691, #638 ) ;
#2575 = CARTESIAN_POINT ( 'NONE',  ( -1.960799999984975894, -12.75010836660061386, -1.000000000000000000 ) ) ;
#2576 = VECTOR ( 'NONE', #3281, 1000.000000000000000 ) ;
#2577 = LINE ( 'NONE', #1252, #4299 ) ;
#2578 = AXIS2_PLACEMENT_3D ( 'NONE', #3359, #4180, #4639 ) ;
#2579 = ORIENTED_EDGE ( 'NONE', *, *, #2369, .F. ) ;
#2580 = ORIENTED_EDGE ( 'NONE', *, *, #5279, .T. ) ;
#2581 = EDGE_CURVE ( 'NONE', #5404, #2137, #5002, .T. ) ;
#2582 = FACE_BOUND ( 'NONE', #2071, .T. ) ;
#2583 = ORIENTED_EDGE ( 'NONE', *, *, #5582, .T. ) ;
#2584 = VECTOR ( 'NONE', #485, 1000.000000000000000 ) ;
#2585 = CYLINDRICAL_SURFACE ( 'NONE', #2733, 1.000000000000000888 ) ;
#2586 = ORIENTED_EDGE ( 'NONE', *, *, #3418, .T. ) ;
#2587 = DIRECTION ( 'NONE',  ( -1.000000000000000000, 0.000000000000000000, 0.000000000000000000 ) ) ;
#2588 = ORIENTED_EDGE ( 'NONE', *, *, #4774, .T. ) ;
#2589 = CARTESIAN_POINT ( 'NONE',  ( 10.83679571298061894, 14.37232961892061844, -1.000000000000000000 ) ) ;
#2590 = AXIS2_PLACEMENT_3D ( 'NONE', #1127, #1495, #1101 ) ;
#2591 = VECTOR ( 'NONE', #5495, 999.9999999999998863 ) ;
#2592 = EDGE_CURVE ( 'NONE', #1609, #4459, #4349, .T. ) ;
#2593 = AXIS2_PLACEMENT_3D ( 'NONE', #5161, #3011, #2587 ) ;
#2594 = LINE ( 'NONE', #4632, #4279 ) ;
#2595 = ORIENTED_EDGE ( 'NONE', *, *, #4836, .T. ) ;
#2596 = LINE ( 'NONE', #4376, #3271 ) ;
#2597 = VERTEX_POINT ( 'NONE', #5421 ) ;
#2598 = DIRECTION ( 'NONE',  ( 1.000000000000000000, 0.000000000000000000, 0.000000000000000000 ) ) ;
#2599 = CARTESIAN_POINT ( 'NONE',  ( 0.000000000000000000, 0.000000000000000000, 0.000000000000000000 ) ) ;
#2600 = LINE ( 'NONE', #1851, #591 ) ;
#2601 = DIRECTION ( 'NONE',  ( -1.000000000000000000, 0.000000000000000000, 0.000000000000000000 ) ) ;
#2602 = FACE_OUTER_BOUND ( 'NONE', #5012, .T. ) ;
#2603 = ORIENTED_EDGE ( 'NONE', *, *, #2273, .F. ) ;
#2604 = CARTESIAN_POINT ( 'NONE',  ( 7.392628982878015620, 10.07963475139412957, 0.000000000000000000 ) ) ;
#2605 = CARTESIAN_POINT ( 'NONE',  ( -11.93595302573778127, -9.248947257249410470, -1.000000000000000888 ) ) ;
#2606 = DIRECTION ( 'NONE',  ( -0.000000000000000000, -0.000000000000000000, -1.000000000000000000 ) ) ;
#2607 = ORIENTED_EDGE ( 'NONE', *, *, #880, .F. ) ;
#2608 = ORIENTED_EDGE ( 'NONE', *, *, #30, .T. ) ;
#2609 = VERTEX_POINT ( 'NONE', #666 ) ;
#2610 = DIRECTION ( 'NONE',  ( -1.000000000000000000, 0.000000000000000000, 0.000000000000000000 ) ) ;
#2611 = ORIENTED_EDGE ( 'NONE', *, *, #265, .F. ) ;
#2612 = AXIS2_PLACEMENT_3D ( 'NONE', #2813, #1971, #184 ) ;
#2613 = DIRECTION ( 'NONE',  ( 1.000000000000000000, 0.000000000000000000, 0.000000000000000000 ) ) ;
#2614 = CARTESIAN_POINT ( 'NONE',  ( -12.81249390243928410, 1.499999999985406118, -1.000000000000000888 ) ) ;
#2615 = EDGE_LOOP ( 'NONE', ( #5337, #3945, #1552, #3370 ) ) ;
#2616 = CARTESIAN_POINT ( 'NONE',  ( -1.499999999985480059, -17.82554346997164885, -1.000000000000000000 ) ) ;
#2617 = VERTEX_POINT ( 'NONE', #5338 ) ;
#2618 = DIRECTION ( 'NONE',  ( 1.000000000000000000, 0.000000000000000000, 0.000000000000000000 ) ) ;
#2619 = VECTOR ( 'NONE', #5422, 1000.000000000000000 ) ;
#2620 = AXIS2_PLACEMENT_3D ( 'NONE', #2529, #1771, #1705 ) ;
#2621 = EDGE_CURVE ( 'NONE', #1403, #4589, #630, .T. ) ;
#2622 = VERTEX_POINT ( 'NONE', #698 ) ;
#2623 = AXIS2_PLACEMENT_3D ( 'NONE', #3217, #2363, #2791 ) ;
#2624 = CARTESIAN_POINT ( 'NONE',  ( 7.675471695352641177, 9.796792038919514667, 0.000000000000000000 ) ) ;
#2625 = VERTEX_POINT ( 'NONE', #1892 ) ;
#2626 = DIRECTION ( 'NONE',  ( 1.000000000000000000, 0.000000000000000000, 0.000000000000000000 ) ) ;
#2627 = DIRECTION ( 'NONE',  ( 0.000000000000000000, 0.000000000000000000, -1.000000000000000000 ) ) ;
#2628 = EDGE_CURVE ( 'NONE', #5573, #810, #3187, .T. ) ;
#2629 = EDGE_CURVE ( 'NONE', #4921, #1162, #2008, .T. ) ;
#2630 = LINE ( 'NONE', #984, #844 ) ;
#2631 = FACE_OUTER_BOUND ( 'NONE', #463, .T. ) ;
#2632 = VERTEX_POINT ( 'NONE', #4467 ) ;
#2633 = DIRECTION ( 'NONE',  ( 1.000000000000000000, 0.000000000000000000, 0.000000000000000000 ) ) ;
#2634 = LINE ( 'NONE', #3391, #3623 ) ;
#2635 = AXIS2_PLACEMENT_3D ( 'NONE', #4809, #3421, #61 ) ;
#2636 = DIRECTION ( 'NONE',  ( 0.000000000000000000, 0.000000000000000000, 1.000000000000000000 ) ) ;
#2637 = ORIENTED_EDGE ( 'NONE', *, *, #3453, .T. ) ;
#2638 = DIRECTION ( 'NONE',  ( -0.000000000000000000, -0.000000000000000000, -1.000000000000000000 ) ) ;
#2639 = ORIENTED_EDGE ( 'NONE', *, *, #1585, .T. ) ;
#2640 = ADVANCED_FACE ( 'NONE', ( #592 ), #3643, .F. ) ;
#2641 = DIRECTION ( 'NONE',  ( 0.000000000000000000, 0.000000000000000000, 1.000000000000000000 ) ) ;
#2642 = ORIENTED_EDGE ( 'NONE', *, *, #2537, .F. ) ;
#2643 = ADVANCED_FACE ( 'NONE', ( #4971 ), #1044, .F. ) ;
#2644 = DIRECTION ( 'NONE',  ( 6.992006517994760179E-15, 1.000000000000000000, 0.000000000000000000 ) ) ;
#2645 = EDGE_CURVE ( 'NONE', #2941, #1321, #1087, .T. ) ;
#2646 = EDGE_LOOP ( 'NONE', ( #1282, #4084, #2299, #5560, #5075, #4596, #3592, #1103 ) ) ;
#2647 = AXIS2_PLACEMENT_3D ( 'NONE', #4054, #4408, #977 ) ;
#2648 = DIRECTION ( 'NONE',  ( 1.000000000000000000, 0.000000000000000000, 0.000000000000000000 ) ) ;
#2649 = ORIENTED_EDGE ( 'NONE', *, *, #3137, .T. ) ;
#2650 = CARTESIAN_POINT ( 'NONE',  ( 9.248947257233769648, 11.93595302574989958, -1.000000000000000888 ) ) ;
#2651 = EDGE_LOOP ( 'NONE', ( #3003, #1824, #5269, #3880 ) ) ;
#2652 = DIRECTION ( 'NONE',  ( -1.000000000000000000, 0.000000000000000000, 0.000000000000000000 ) ) ;
#2653 = LINE ( 'NONE', #2256, #3132 ) ;
#2654 = EDGE_CURVE ( 'NONE', #4792, #198, #3790, .T. ) ;
#2655 = CARTESIAN_POINT ( 'NONE',  ( 1.500000000005085043, -8.645808232884199640, 0.000000000000000000 ) ) ;
#2656 = FACE_OUTER_BOUND ( 'NONE', #4075, .T. ) ;
#2657 = CARTESIAN_POINT ( 'NONE',  ( -7.685162873673870187, -2.222222222226469590, -1.000000000000000000 ) ) ;
#2658 = CARTESIAN_POINT ( 'NONE',  ( 14.97998664886105402, -1.499999999985406118, -1.000000000000000000 ) ) ;
#2659 = FACE_OUTER_BOUND ( 'NONE', #5397, .T. ) ;
#2660 = VECTOR ( 'NONE', #1918, 1000.000000000000000 ) ;
#2661 = ORIENTED_EDGE ( 'NONE', *, *, #4095, .F. ) ;
#2662 = EDGE_CURVE ( 'NONE', #1641, #4911, #998, .T. ) ;
#2663 = AXIS2_PLACEMENT_3D ( 'NONE', #71, #1795, #4816 ) ;
#2664 = VECTOR ( 'NONE', #4081, 1000.000000000000000 ) ;
#2665 = PLANE ( 'NONE',  #870 ) ;
#2666 = ORIENTED_EDGE ( 'NONE', *, *, #2989, .T. ) ;
#2667 = DIRECTION ( 'NONE',  ( -1.000000000000000000, 0.000000000000000000, 0.000000000000000000 ) ) ;
#2668 = ORIENTED_EDGE ( 'NONE', *, *, #2234, .T. ) ;
#2669 = DIRECTION ( 'NONE',  ( 0.000000000000000000, 0.000000000000000000, 1.000000000000000000 ) ) ;
#2670 = VERTEX_POINT ( 'NONE', #2034 ) ;
#2671 = DIRECTION ( 'NONE',  ( 0.000000000000000000, 0.000000000000000000, 1.000000000000000000 ) ) ;
#2672 = EDGE_LOOP ( 'NONE', ( #4021, #3379, #1395, #5186 ) ) ;
#2673 = CARTESIAN_POINT ( 'NONE',  ( -20.00000000000000000, -18.00000000000000000, -1.000000000000000000 ) ) ;
#2674 = EDGE_LOOP ( 'NONE', ( #4230, #1715, #1382, #3139 ) ) ;
#2675 = AXIS2_PLACEMENT_3D ( 'NONE', #668, #4951, #2822 ) ;
#2676 = DIRECTION ( 'NONE',  ( 1.000000000000000000, 0.000000000000000000, 0.000000000000000000 ) ) ;
#2677 = DIRECTION ( 'NONE',  ( 0.000000000000000000, 0.000000000000000000, 1.000000000000000000 ) ) ;
#2678 = VECTOR ( 'NONE', #4959, 1000.000000000000000 ) ;
#2679 = LINE ( 'NONE', #1381, #1937 ) ;
#2680 = AXIS2_PLACEMENT_3D ( 'NONE', #3925, #5202, #2205 ) ;
#2681 = VECTOR ( 'NONE', #736, 1000.000000000000000 ) ;
#2682 = EDGE_LOOP ( 'NONE', ( #4199, #893 ) ) ;
#2683 = AXIS2_PLACEMENT_3D ( 'NONE', #5383, #2356, #4625 ) ;
#2684 = CARTESIAN_POINT ( 'NONE',  ( -18.00000000000000000, -18.00000000000000000, -1.000000000000000000 ) ) ;
#2685 = DIRECTION ( 'NONE',  ( -1.000000000000000000, 3.496003258997380089E-15, 0.000000000000000000 ) ) ;
#2686 = EDGE_CURVE ( 'NONE', #2123, #3883, #359, .T. ) ;
#2687 = CARTESIAN_POINT ( 'NONE',  ( 15.17079237552755089, -11.43883991925753918, -1.000000000000000000 ) ) ;
#2688 = ORIENTED_EDGE ( 'NONE', *, *, #2727, .F. ) ;
#2689 = EDGE_CURVE ( 'NONE', #4073, #2981, #2563, .T. ) ;
#2690 = CARTESIAN_POINT ( 'NONE',  ( 11.54390249418302083, -13.66522283772208013, -1.000000000000000000 ) ) ;
#2691 = EDGE_CURVE ( 'NONE', #3177, #3280, #3300, .T. ) ;
#2692 = CARTESIAN_POINT ( 'NONE',  ( 7.881276583280871328, -4.345742677340919791, -1.000000000000000000 ) ) ;
#2693 = EDGE_LOOP ( 'NONE', ( #4396, #5532, #3539, #4424 ) ) ;
#2694 = CARTESIAN_POINT ( 'NONE',  ( -7.881276583280840242, 4.345742677340974858, -1.000000000000000000 ) ) ;
#2695 = ORIENTED_EDGE ( 'NONE', *, *, #2310, .T. ) ;
#2696 = CARTESIAN_POINT ( 'NONE',  ( 11.43883991927426003, -15.17079237551494941, -1.000000000000000000 ) ) ;
#2697 = ORIENTED_EDGE ( 'NONE', *, *, #3692, .T. ) ;
#2698 = CARTESIAN_POINT ( 'NONE',  ( 11.53595302573770276, 9.248947257249493958, 41.57787873376899768 ) ) ;
#2699 = DIRECTION ( 'NONE',  ( 1.000000000000000000, 0.000000000000000000, 0.000000000000000000 ) ) ;
#2700 = AXIS2_PLACEMENT_3D ( 'NONE', #237, #4965, #1460 ) ;
#2701 = ORIENTED_EDGE ( 'NONE', *, *, #632, .T. ) ;
#2702 = CARTESIAN_POINT ( 'NONE',  ( 8.645808232889899969, -2.499999999985385024, -1.000000000000000000 ) ) ;
#2703 = ORIENTED_EDGE ( 'NONE', *, *, #564, .F. ) ;
#2704 = AXIS2_PLACEMENT_3D ( 'NONE', #39, #1768, #3497 ) ;
#2705 = CIRCLE ( 'NONE', #3427, 1.000000000000000888 ) ;
#2706 = CARTESIAN_POINT ( 'NONE',  ( 1.900000000005064749, -14.97998664885856002, 41.57787873376899768 ) ) ;
#2707 = DIRECTION ( 'NONE',  ( -1.000000000000000000, 0.000000000000000000, 0.000000000000000000 ) ) ;
#2708 = AXIS2_PLACEMENT_3D ( 'NONE', #3798, #4104, #1624 ) ;
#2709 = DIRECTION ( 'NONE',  ( -0.7071067811865415775, 0.7071067811865535679, 0.000000000000000000 ) ) ;
#2710 = AXIS2_PLACEMENT_3D ( 'NONE', #364, #426, #5602 ) ;
#2711 = ORIENTED_EDGE ( 'NONE', *, *, #3859, .F. ) ;
#2712 = ADVANCED_FACE ( 'NONE', ( #332 ), #2538, .F. ) ;
#2713 = EDGE_CURVE ( 'NONE', #3318, #5374, #2261, .T. ) ;
#2714 = DIRECTION ( 'NONE',  ( 1.000000000000000000, 0.000000000000000000, 0.000000000000000000 ) ) ;
#2715 = DIRECTION ( 'NONE',  ( 0.000000000000000000, 0.000000000000000000, 1.000000000000000000 ) ) ;
#2716 = AXIS2_PLACEMENT_3D ( 'NONE', #4610, #4666, #725 ) ;
#2717 = DIRECTION ( 'NONE',  ( -0.7071067811865464625, 0.7071067811865485719, 0.000000000000000000 ) ) ;
#2718 = ORIENTED_EDGE ( 'NONE', *, *, #1226, .T. ) ;
#2719 = CARTESIAN_POINT ( 'NONE',  ( 1.499999999985410115, 17.82554346997169858, 0.000000000000000000 ) ) ;
#2720 = DIRECTION ( 'NONE',  ( 1.000000000000000000, 0.000000000000000000, 0.000000000000000000 ) ) ;
#2721 = ORIENTED_EDGE ( 'NONE', *, *, #1516, .F. ) ;
#2722 = DIRECTION ( 'NONE',  ( 0.000000000000000000, 0.000000000000000000, 1.000000000000000000 ) ) ;
#2723 = ORIENTED_EDGE ( 'NONE', *, *, #5543, .T. ) ;
#2724 = CYLINDRICAL_SURFACE ( 'NONE', #147, 14.69999999999999929 ) ;
#2725 = VERTEX_POINT ( 'NONE', #5506 ) ;
#2726 = CARTESIAN_POINT ( 'NONE',  ( 2.499999999985405008, 8.645808232889910627, -1.000000000000000000 ) ) ;
#2727 = EDGE_CURVE ( 'NONE', #249, #370, #3975, .T. ) ;
#2728 = CIRCLE ( 'NONE', #4537, 7.999999999990779820 ) ;
#2729 = ORIENTED_EDGE ( 'NONE', *, *, #745, .T. ) ;
#2730 = DIRECTION ( 'NONE',  ( 1.000000000000000000, 0.000000000000000000, 0.000000000000000000 ) ) ;
#2731 = ORIENTED_EDGE ( 'NONE', *, *, #1917, .T. ) ;
#2732 = DIRECTION ( 'NONE',  ( 0.000000000000000000, 0.000000000000000000, 1.000000000000000000 ) ) ;
#2733 = AXIS2_PLACEMENT_3D ( 'NONE', #376, #10, #1231 ) ;
#2734 = DIRECTION ( 'NONE',  ( -0.7071067811865461294, 0.7071067811865490160, 0.000000000000000000 ) ) ;
#2735 = DIRECTION ( 'NONE',  ( 0.000000000000000000, 0.000000000000000000, -1.000000000000000000 ) ) ;
#2736 = VERTEX_POINT ( 'NONE', #3755 ) ;
#2737 = CARTESIAN_POINT ( 'NONE',  ( -2.500000000004934719, 17.82554346996894878, -1.000000000000000000 ) ) ;
#2738 = LINE ( 'NONE', #4468, #4056 ) ;
#2739 = EDGE_CURVE ( 'NONE', #1435, #1871, #1719, .T. ) ;
#2740 = DIRECTION ( 'NONE',  ( 0.000000000000000000, 0.000000000000000000, 1.000000000000000000 ) ) ;
#2741 = ADVANCED_FACE ( 'NONE', ( #5031 ), #1184, .T. ) ;
#2742 = VECTOR ( 'NONE', #3732, 1000.000000000000000 ) ;
#2743 = EDGE_CURVE ( 'NONE', #1423, #4481, #2906, .T. ) ;
#2744 = ORIENTED_EDGE ( 'NONE', *, *, #4904, .T. ) ;
#2745 = DIRECTION ( 'NONE',  ( 1.000000000000000000, 0.000000000000000000, 0.000000000000000000 ) ) ;
#2746 = CIRCLE ( 'NONE', #303, 2.000000000000000000 ) ;
#2747 = CARTESIAN_POINT ( 'NONE',  ( 13.66522283773402080, -11.54390249416718106, -1.000000000000000000 ) ) ;
#2748 = EDGE_LOOP ( 'NONE', ( #5369, #1672, #2030, #312, #5065, #5271, #4094, #5521 ) ) ;
#2749 = AXIS2_PLACEMENT_3D ( 'NONE', #4525, #4499, #619 ) ;
#2750 = ORIENTED_EDGE ( 'NONE', *, *, #4478, .T. ) ;
#2751 = EDGE_CURVE ( 'NONE', #5514, #1345, #4239, .T. ) ;
#2752 = FACE_OUTER_BOUND ( 'NONE', #5027, .T. ) ;
#2753 = ORIENTED_EDGE ( 'NONE', *, *, #1466, .T. ) ;
#2754 = AXIS2_PLACEMENT_3D ( 'NONE', #2250, #3971, #5589 ) ;
#2755 = DIRECTION ( 'NONE',  ( 0.000000000000000000, 0.000000000000000000, 1.000000000000000000 ) ) ;
#2756 = AXIS2_PLACEMENT_3D ( 'NONE', #3838, #1718, #5567 ) ;
#2757 = ORIENTED_EDGE ( 'NONE', *, *, #4889, .F. ) ;
#2758 = DIRECTION ( 'NONE',  ( -0.7071067811865510144, -0.7071067811865441310, 0.000000000000000000 ) ) ;
#2759 = ORIENTED_EDGE ( 'NONE', *, *, #704, .T. ) ;
#2760 = EDGE_CURVE ( 'NONE', #249, #4097, #1268, .T. ) ;
#2761 = CARTESIAN_POINT ( 'NONE',  ( -9.796792038907751632, -7.675471695368658587, 0.000000000000000000 ) ) ;
#2762 = CARTESIAN_POINT ( 'NONE',  ( -7.005579185128870456, -3.862882379874040151, 0.000000000000000000 ) ) ;
#2763 = AXIS2_PLACEMENT_3D ( 'NONE', #5226, #1353, #3073 ) ;
#2764 = DIRECTION ( 'NONE',  ( -1.000000000000000000, 0.000000000000000000, 0.000000000000000000 ) ) ;
#2765 = ORIENTED_EDGE ( 'NONE', *, *, #2291, .F. ) ;
#2766 = VECTOR ( 'NONE', #2636, 1000.000000000000000 ) ;
#2767 = DIRECTION ( 'NONE',  ( -1.000000000000000000, 0.000000000000000000, 0.000000000000000000 ) ) ;
#2768 = DIRECTION ( 'NONE',  ( -0.000000000000000000, 0.000000000000000000, 1.000000000000000000 ) ) ;
#2769 = CIRCLE ( 'NONE', #601, 12.90000000000000213 ) ;
#2770 = DIRECTION ( 'NONE',  ( 0.000000000000000000, 0.000000000000000000, 1.000000000000000000 ) ) ;
#2771 = VECTOR ( 'NONE', #3626, 1000.000000000000000 ) ;
#2772 = CYLINDRICAL_SURFACE ( 'NONE', #4110, 0.3999999999999999667 ) ;
#2773 = EDGE_LOOP ( 'NONE', ( #3894, #3506, #3581, #539 ) ) ;
#2774 = DIRECTION ( 'NONE',  ( 1.000000000000000000, 0.000000000000000000, 0.000000000000000000 ) ) ;
#2775 = DIRECTION ( 'NONE',  ( -0.000000000000000000, -0.000000000000000000, -1.000000000000000000 ) ) ;
#2776 = ORIENTED_EDGE ( 'NONE', *, *, #1416, .T. ) ;
#2777 = DIRECTION ( 'NONE',  ( 0.000000000000000000, 0.000000000000000000, 1.000000000000000000 ) ) ;
#2778 = EDGE_LOOP ( 'NONE', ( #3784, #606, #625, #3229 ) ) ;
#2779 = LINE ( 'NONE', #2696, #3311 ) ;
#2780 = ORIENTED_EDGE ( 'NONE', *, *, #3827, .T. ) ;
#2781 = CARTESIAN_POINT ( 'NONE',  ( 1.849668874177116340, -14.58316581047820470, 41.57787873376899768 ) ) ;
#2782 = DIRECTION ( 'NONE',  ( 0.000000000000000000, 0.000000000000000000, -1.000000000000000000 ) ) ;
#2783 = FACE_OUTER_BOUND ( 'NONE', #2085, .T. ) ;
#2784 = ORIENTED_EDGE ( 'NONE', *, *, #4634, .F. ) ;
#2785 = DIRECTION ( 'NONE',  ( -1.000000000000000000, 3.165300248010120390E-15, 0.000000000000000000 ) ) ;
#2786 = DIRECTION ( 'NONE',  ( 1.000000000000000000, 0.000000000000000000, 0.000000000000000000 ) ) ;
#2787 = DIRECTION ( 'NONE',  ( 0.000000000000000000, 0.000000000000000000, 1.000000000000000000 ) ) ;
#2788 = EDGE_CURVE ( 'NONE', #4751, #1419, #4717, .T. ) ;
#2789 = VERTEX_POINT ( 'NONE', #418 ) ;
#2790 = ORIENTED_EDGE ( 'NONE', *, *, #2654, .T. ) ;
#2791 = DIRECTION ( 'NONE',  ( -1.000000000000000000, 0.000000000000000000, 0.000000000000000000 ) ) ;
#2792 = CARTESIAN_POINT ( 'NONE',  ( 22.00000000000000000, -13.25000000000000000, 0.000000000000000000 ) ) ;
#2793 = DIRECTION ( 'NONE',  ( 1.000000000000000000, 0.000000000000000000, 0.000000000000000000 ) ) ;
#2794 = LINE ( 'NONE', #4527, #1594 ) ;
#2795 = EDGE_CURVE ( 'NONE', #4421, #3936, #3165, .T. ) ;
#2796 = AXIS2_PLACEMENT_3D ( 'NONE', #4771, #12, #2223 ) ;
#2797 = ORIENTED_EDGE ( 'NONE', *, *, #3155, .F. ) ;
#2798 = AXIS2_PLACEMENT_3D ( 'NONE', #4146, #3269, #4115 ) ;
#2799 = FACE_BOUND ( 'NONE', #4619, .T. ) ;
#2800 = CARTESIAN_POINT ( 'NONE',  ( 1.499999999985410115, 17.82554346997169858, -1.000000000000000000 ) ) ;
#2801 = VERTEX_POINT ( 'NONE', #2092 ) ;
#2802 = DIRECTION ( 'NONE',  ( 0.000000000000000000, 0.000000000000000000, 1.000000000000000000 ) ) ;
#2803 = VERTEX_POINT ( 'NONE', #2877 ) ;
#2804 = CARTESIAN_POINT ( 'NONE',  ( -9.003942031876647434, -11.61976883963725982, -1.000000000000000000 ) ) ;
#2805 = ORIENTED_EDGE ( 'NONE', *, *, #2373, .F. ) ;
#2806 = CARTESIAN_POINT ( 'NONE',  ( 10.40218306342655019, 7.629193110346723650, 0.000000000000000000 ) ) ;
#2807 = EDGE_CURVE ( 'NONE', #347, #3017, #2936, .T. ) ;
#2808 = EDGE_CURVE ( 'NONE', #35, #3051, #3529, .T. ) ;
#2809 = EDGE_CURVE ( 'NONE', #759, #4646, #267, .T. ) ;
#2810 = DIRECTION ( 'NONE',  ( 1.000000000000000000, 0.000000000000000000, 0.000000000000000000 ) ) ;
#2811 = DIRECTION ( 'NONE',  ( 1.000000000000000000, 0.000000000000000000, 0.000000000000000000 ) ) ;
#2812 = ORIENTED_EDGE ( 'NONE', *, *, #2005, .T. ) ;
#2813 = CARTESIAN_POINT ( 'NONE',  ( 0.000000000000000000, 0.000000000000000000, 0.000000000000000000 ) ) ;
#2814 = FACE_OUTER_BOUND ( 'NONE', #4274, .T. ) ;
#2815 = VERTEX_POINT ( 'NONE', #4692 ) ;
#2816 = EDGE_CURVE ( 'NONE', #4876, #3458, #4616, .T. ) ;
#2817 = ORIENTED_EDGE ( 'NONE', *, *, #2788, .F. ) ;
#2818 = CARTESIAN_POINT ( 'NONE',  ( 0.000000000000000000, 0.000000000000000000, -1.000000000000000000 ) ) ;
#2819 = LINE ( 'NONE', #1979, #2887 ) ;
#2820 = AXIS2_PLACEMENT_3D ( 'NONE', #3863, #5252, #444 ) ;
#2821 = DIRECTION ( 'NONE',  ( 0.000000000000000000, 0.000000000000000000, 1.000000000000000000 ) ) ;
#2822 = DIRECTION ( 'NONE',  ( 1.000000000000000000, 0.000000000000000000, 0.000000000000000000 ) ) ;
#2823 = ORIENTED_EDGE ( 'NONE', *, *, #5105, .T. ) ;
#2824 = CIRCLE ( 'NONE', #1387, 1.000000000000000000 ) ;
#2825 = ORIENTED_EDGE ( 'NONE', *, *, #1952, .T. ) ;
#2826 = DIRECTION ( 'NONE',  ( 1.000000000000000000, 3.873949557266115609E-15, 0.000000000000000000 ) ) ;
#2827 = EDGE_CURVE ( 'NONE', #1435, #3915, #5327, .T. ) ;
#2828 = DIRECTION ( 'NONE',  ( 1.000000000000000000, 0.000000000000000000, 0.000000000000000000 ) ) ;
#2829 = ORIENTED_EDGE ( 'NONE', *, *, #2987, .T. ) ;
#2830 = ORIENTED_EDGE ( 'NONE', *, *, #5564, .T. ) ;
#2831 = CARTESIAN_POINT ( 'NONE',  ( 1.960799999984942144, 12.75010836660061919, -1.000000000000000000 ) ) ;
#2832 = ORIENTED_EDGE ( 'NONE', *, *, #564, .T. ) ;
#2833 = LINE ( 'NONE', #2052, #5477 ) ;
#2834 = CIRCLE ( 'NONE', #1031, 12.90000000000000213 ) ;
#2835 = CARTESIAN_POINT ( 'NONE',  ( 0.000000000000000000, 0.000000000000000000, -1.000000000000000000 ) ) ;
#2836 = CIRCLE ( 'NONE', #5282, 7.999999999990759392 ) ;
#2837 = DIRECTION ( 'NONE',  ( 0.000000000000000000, 0.000000000000000000, 1.000000000000000000 ) ) ;
#2838 = ORIENTED_EDGE ( 'NONE', *, *, #1634, .T. ) ;
#2839 = LINE ( 'NONE', #128, #3873 ) ;
#2840 = AXIS2_PLACEMENT_3D ( 'NONE', #2246, #4768, #1732 ) ;
#2841 = AXIS2_PLACEMENT_3D ( 'NONE', #1653, #2060, #3775 ) ;
#2842 = DIRECTION ( 'NONE',  ( -0.000000000000000000, -0.000000000000000000, -1.000000000000000000 ) ) ;
#2843 = AXIS2_PLACEMENT_3D ( 'NONE', #5351, #2777, #4505 ) ;
#2844 = ORIENTED_EDGE ( 'NONE', *, *, #1550, .F. ) ;
#2845 = CARTESIAN_POINT ( 'NONE',  ( 7.675471695368699443, -9.796792038907721434, -1.000000000000000000 ) ) ;
#2846 = ORIENTED_EDGE ( 'NONE', *, *, #2448, .F. ) ;
#2847 = CARTESIAN_POINT ( 'NONE',  ( -9.796792038919443613, 7.675471695352718449, -1.000000000000000000 ) ) ;
#2848 = LINE ( 'NONE', #1631, #5410 ) ;
#2849 = CYLINDRICAL_SURFACE ( 'NONE', #1401, 0.3999999999999993006 ) ;
#2850 = FACE_OUTER_BOUND ( 'NONE', #4461, .T. ) ;
#2851 = AXIS2_PLACEMENT_3D ( 'NONE', #1388, #1790, #5312 ) ;
#2852 = VECTOR ( 'NONE', #2239, 1000.000000000000000 ) ;
#2853 = EDGE_LOOP ( 'NONE', ( #4109, #5133, #945, #4865 ) ) ;
#2854 = VERTEX_POINT ( 'NONE', #5596 ) ;
#2855 = DIRECTION ( 'NONE',  ( 0.000000000000000000, 0.000000000000000000, 1.000000000000000000 ) ) ;
#2856 = AXIS2_PLACEMENT_3D ( 'NONE', #2070, #757, #1633 ) ;
#2857 = AXIS2_PLACEMENT_3D ( 'NONE', #1562, #1172, #2440 ) ;
#2858 = EDGE_CURVE ( 'NONE', #5228, #3277, #2255, .T. ) ;
#2859 = AXIS2_PLACEMENT_3D ( 'NONE', #605, #4429, #1797 ) ;
#2860 = CARTESIAN_POINT ( 'NONE',  ( 12.75010836660062097, -1.960799999984929487, 0.000000000000000000 ) ) ;
#2861 = ORIENTED_EDGE ( 'NONE', *, *, #1822, .F. ) ;
#2862 = EDGE_CURVE ( 'NONE', #2362, #4770, #4793, .T. ) ;
#2863 = VECTOR ( 'NONE', #159, 1000.000000000000000 ) ;
#2864 = DIRECTION ( 'NONE',  ( 1.000000000000000000, 0.000000000000000000, 0.000000000000000000 ) ) ;
#2865 = VERTEX_POINT ( 'NONE', #3978 ) ;
#2866 = DIRECTION ( 'NONE',  ( -0.000000000000000000, -0.000000000000000000, -1.000000000000000000 ) ) ;
#2867 = EDGE_LOOP ( 'NONE', ( #4130, #621, #4256, #4250 ) ) ;
#2868 = ADVANCED_FACE ( 'NONE', ( #477 ), #4745, .F. ) ;
#2869 = FACE_OUTER_BOUND ( 'NONE', #641, .T. ) ;
#2870 = DIRECTION ( 'NONE',  ( 0.000000000000000000, 0.000000000000000000, 1.000000000000000000 ) ) ;
#2871 = CARTESIAN_POINT ( 'NONE',  ( -12.35475616918361830, -1.500000000005114353, 0.000000000000000000 ) ) ;
#2872 = ORIENTED_EDGE ( 'NONE', *, *, #4426, .F. ) ;
#2873 = CARTESIAN_POINT ( 'NONE',  ( -15.17079237552750115, 11.43883991925765997, 0.000000000000000000 ) ) ;
#2874 = DIRECTION ( 'NONE',  ( -0.000000000000000000, -0.000000000000000000, -1.000000000000000000 ) ) ;
#2875 = EDGE_LOOP ( 'NONE', ( #5016, #3182, #2271, #5534 ) ) ;
#2876 = CARTESIAN_POINT ( 'NONE',  ( -3.862882379874069905, 7.005579185128870456, 0.000000000000000000 ) ) ;
#2877 = CARTESIAN_POINT ( 'NONE',  ( 26.25000000000000000, 13.25000000000000000, -1.000000000000000000 ) ) ;
#2878 = DIRECTION ( 'NONE',  ( 0.000000000000000000, 0.000000000000000000, 1.000000000000000000 ) ) ;
#2879 = CARTESIAN_POINT ( 'NONE',  ( -18.00000000000000000, 18.00000000000000000, -1.000000000000000000 ) ) ;
#2880 = AXIS2_PLACEMENT_3D ( 'NONE', #3507, #1805, #1747 ) ;
#2881 = EDGE_CURVE ( 'NONE', #3407, #1096, #1436, .T. ) ;
#2882 = VERTEX_POINT ( 'NONE', #864 ) ;
#2883 = EDGE_CURVE ( 'NONE', #1507, #3277, #4605, .T. ) ;
#2884 = ADVANCED_FACE ( 'NONE', ( #1406 ), #447, .F. ) ;
#2885 = ORIENTED_EDGE ( 'NONE', *, *, #464, .T. ) ;
#2886 = CARTESIAN_POINT ( 'NONE',  ( -14.00000000000000000, 16.00000000000000000, -1.000000000000000000 ) ) ;
#2887 = VECTOR ( 'NONE', #2454, 1000.000000000000000 ) ;
#2888 = CARTESIAN_POINT ( 'NONE',  ( 14.00000000000000000, -16.00000000000000000, -1.000000000000000000 ) ) ;
#2889 = AXIS2_PLACEMENT_3D ( 'NONE', #3321, #4229, #2383 ) ;
#2890 = VERTEX_POINT ( 'NONE', #557 ) ;
#2891 = ORIENTED_EDGE ( 'NONE', *, *, #2568, .F. ) ;
#2892 = DIRECTION ( 'NONE',  ( -0.000000000000000000, -0.000000000000000000, -1.000000000000000000 ) ) ;
#2893 = ORIENTED_EDGE ( 'NONE', *, *, #1704, .T. ) ;
#2894 = VECTOR ( 'NONE', #5563, 1000.000000000000000 ) ;
#2895 = CARTESIAN_POINT ( 'NONE',  ( 18.00000000000000000, 16.00000000000000000, -1.000000000000000000 ) ) ;
#2896 = DIRECTION ( 'NONE',  ( 0.000000000000000000, 0.000000000000000000, 1.000000000000000000 ) ) ;
#2897 = DIRECTION ( 'NONE',  ( 1.000000000000000000, 0.000000000000000000, 0.000000000000000000 ) ) ;
#2898 = ORIENTED_EDGE ( 'NONE', *, *, #5302, .F. ) ;
#2899 = AXIS2_PLACEMENT_3D ( 'NONE', #5487, #3364, #5429 ) ;
#2900 = CARTESIAN_POINT ( 'NONE',  ( -14.58316581047819405, -1.849668874177174516, -1.000000000000000000 ) ) ;
#2901 = EDGE_CURVE ( 'NONE', #3819, #4251, #2280, .T. ) ;
#2902 = PRODUCT ( '40·çÉÈ²»Ðâ¸Ö¼ÐÆ¬-¸Ä°æ', '40·çÉÈ²»Ðâ¸Ö¼ÐÆ¬-¸Ä°æ', '', ( #5154 ) ) ;
#2903 = CARTESIAN_POINT ( 'NONE',  ( 14.97998664885855291, 1.900000000005118039, -1.000000000000000888 ) ) ;
#2904 = EDGE_LOOP ( 'NONE', ( #2487, #4191, #710, #2921 ) ) ;
#2905 = DIRECTION ( 'NONE',  ( 0.000000000000000000, 0.000000000000000000, 1.000000000000000000 ) ) ;
#2906 = LINE ( 'NONE', #3357, #179 ) ;
#2907 = CARTESIAN_POINT ( 'NONE',  ( 17.82554346997164885, -2.499999999985414778, 0.000000000000000000 ) ) ;
#2908 = CARTESIAN_POINT ( 'NONE',  ( -17.82554346997169858, 1.499999999985406118, -1.000000000000000000 ) ) ;
#2909 = CARTESIAN_POINT ( 'NONE',  ( 2.638888888894269869, -18.81585144052309744, -1.000000000000000000 ) ) ;
#2910 = VECTOR ( 'NONE', #4133, 1000.000000000000000 ) ;
#2911 = ORIENTED_EDGE ( 'NONE', *, *, #3142, .T. ) ;
#2912 = CIRCLE ( 'NONE', #2365, 18.99999999999380051 ) ;
#2913 = ORIENTED_EDGE ( 'NONE', *, *, #3167, .F. ) ;
#2914 = DIRECTION ( 'NONE',  ( 0.000000000000000000, 0.000000000000000000, 1.000000000000000000 ) ) ;
#2915 = ADVANCED_FACE ( 'NONE', ( #3077 ), #3895, .T. ) ;
#2916 = EDGE_CURVE ( 'NONE', #3802, #2392, #19, .T. ) ;
#2917 = CARTESIAN_POINT ( 'NONE',  ( -20.00000000000000000, 18.00000000000000000, 0.000000000000000000 ) ) ;
#2918 = ORIENTED_EDGE ( 'NONE', *, *, #5166, .T. ) ;
#2919 = ORIENTED_EDGE ( 'NONE', *, *, #1446, .F. ) ;
#2920 = DIRECTION ( 'NONE',  ( 0.000000000000000000, 0.000000000000000000, 1.000000000000000000 ) ) ;
#2921 = ORIENTED_EDGE ( 'NONE', *, *, #3122, .T. ) ;
#2922 = DIRECTION ( 'NONE',  ( 0.000000000000000000, 0.000000000000000000, 1.000000000000000000 ) ) ;
#2923 = ORIENTED_EDGE ( 'NONE', *, *, #1834, .F. ) ;
#2924 = CARTESIAN_POINT ( 'NONE',  ( 26.25000000000000000, 1.249110811708009910E-14, -1.000000000000000000 ) ) ;
#2925 = CARTESIAN_POINT ( 'NONE',  ( 5.052849458527489901, 7.174169802094340298, 0.000000000000000000 ) ) ;
#2926 = ORIENTED_EDGE ( 'NONE', *, *, #5247, .F. ) ;
#2927 = CARTESIAN_POINT ( 'NONE',  ( 18.00000000000000000, -18.00000000000000000, 0.000000000000000000 ) ) ;
#2928 = EDGE_CURVE ( 'NONE', #2670, #1071, #3473, .T. ) ;
#2929 = CIRCLE ( 'NONE', #1570, 1.000000000000000888 ) ;
#2930 = CARTESIAN_POINT ( 'NONE',  ( 26.25000000000000000, 13.25000000000000000, -1.000000000000000000 ) ) ;
#2931 = EDGE_CURVE ( 'NONE', #241, #4097, #3606, .T. ) ;
#2932 = VERTEX_POINT ( 'NONE', #3954 ) ;
#2933 = ADVANCED_FACE ( 'NONE', ( #79 ), #1378, .F. ) ;
#2934 = DIRECTION ( 'NONE',  ( 2.618450529776315219E-16, 1.000000000000000000, 0.000000000000000000 ) ) ;
#2935 = AXIS2_PLACEMENT_3D ( 'NONE', #914, #2641, #465 ) ;
#2936 = LINE ( 'NONE', #2965, #722 ) ;
#2937 = VECTOR ( 'NONE', #1234, 1000.000000000000000 ) ;
#2938 = DIRECTION ( 'NONE',  ( 0.000000000000000000, 0.000000000000000000, 1.000000000000000000 ) ) ;
#2939 = CARTESIAN_POINT ( 'NONE',  ( 11.65311031326308466, 9.531789969724114187, 0.000000000000000000 ) ) ;
#2940 = ORIENTED_EDGE ( 'NONE', *, *, #2394, .T. ) ;
#2941 = VERTEX_POINT ( 'NONE', #4803 ) ;
#2942 = CYLINDRICAL_SURFACE ( 'NONE', #575, 0.3999999999999993006 ) ;
#2943 = CIRCLE ( 'NONE', #4392, 1.000000000000000888 ) ;
#2944 = CYLINDRICAL_SURFACE ( 'NONE', #4572, 2.000000000000001776 ) ;
#2945 = ORIENTED_EDGE ( 'NONE', *, *, #284, .F. ) ;
#2946 = APPLICATION_PROTOCOL_DEFINITION ( 'draft international standard', 'automotive_design', 1998, #4329 ) ;
#2947 = VERTEX_POINT ( 'NONE', #2204 ) ;
#2948 = AXIS2_PLACEMENT_3D ( 'NONE', #3680, #4159, #5403 ) ;
#2949 = AXIS2_PLACEMENT_3D ( 'NONE', #5522, #1088, #3879 ) ;
#2950 = ORIENTED_EDGE ( 'NONE', *, *, #1338, .T. ) ;
#2951 = AXIS2_PLACEMENT_3D ( 'NONE', #654, #2377, #4098 ) ;
#2952 = CARTESIAN_POINT ( 'NONE',  ( -17.82554346996894878, -1.500000000005135004, -1.000000000000000000 ) ) ;
#2953 = AXIS2_PLACEMENT_3D ( 'NONE', #865, #814, #1245 ) ;
#2954 = CIRCLE ( 'NONE', #3675, 1.000000000000000000 ) ;
#2955 = ORIENTED_EDGE ( 'NONE', *, *, #3293, .F. ) ;
#2956 = EDGE_CURVE ( 'NONE', #2597, #708, #3553, .T. ) ;
#2957 = DIRECTION ( 'NONE',  ( 0.000000000000000000, 0.000000000000000000, 1.000000000000000000 ) ) ;
#2958 = CYLINDRICAL_SURFACE ( 'NONE', #4966, 0.3999999999999993006 ) ;
#2959 = EDGE_LOOP ( 'NONE', ( #1913, #5541, #1427, #2844 ) ) ;
#2960 = DIRECTION ( 'NONE',  ( 1.000000000000000000, 0.000000000000000000, 0.000000000000000000 ) ) ;
#2961 = CARTESIAN_POINT ( 'NONE',  ( -1.500000000005100143, 8.645808232884220956, -1.000000000000000000 ) ) ;
#2962 = ORIENTED_EDGE ( 'NONE', *, *, #3812, .T. ) ;
#2963 = DIRECTION ( 'NONE',  ( -0.000000000000000000, -0.000000000000000000, 1.000000000000000000 ) ) ;
#2964 = ORIENTED_EDGE ( 'NONE', *, *, #2340, .T. ) ;
#2965 = CARTESIAN_POINT ( 'NONE',  ( -9.796792038907758737, -7.675471695368663916, -1.000000000000000000 ) ) ;
#2966 = DIRECTION ( 'NONE',  ( 0.000000000000000000, 0.000000000000000000, 1.000000000000000000 ) ) ;
#2967 = EDGE_CURVE ( 'NONE', #2229, #4, #4332, .T. ) ;
#2968 = CARTESIAN_POINT ( 'NONE',  ( 2.499999999985405008, 8.645808232889910627, -1.000000000000000000 ) ) ;
#2969 = LINE ( 'NONE', #4695, #1784 ) ;
#2970 = CYLINDRICAL_SURFACE ( 'NONE', #656, 1.999999999999998224 ) ;
#2971 = ORIENTED_EDGE ( 'NONE', *, *, #4752, .T. ) ;
#2972 = CARTESIAN_POINT ( 'NONE',  ( -16.00000000000000000, 16.00000000000000000, 0.000000000000000000 ) ) ;
#2973 = ADVANCED_FACE ( 'NONE', ( #4857 ), #5331, .F. ) ;
#2974 = EDGE_CURVE ( 'NONE', #4540, #34, #986, .T. ) ;
#2975 = CARTESIAN_POINT ( 'NONE',  ( 11.83679571298061894, 14.37232961892061844, 0.000000000000000000 ) ) ;
#2976 = CIRCLE ( 'NONE', #989, 1.000000000000000888 ) ;
#2977 = EDGE_LOOP ( 'NONE', ( #2697, #2013, #4373, #2188, #3783, #1625, #1240, #4938, #1977, #5428, #3186, #4715, #3629, #4614 ) ) ;
#2978 = STYLED_ITEM ( 'NONE', ( #4147 ), #970 ) ;
#2979 = ORIENTED_EDGE ( 'NONE', *, *, #115, .F. ) ;
#2980 = CYLINDRICAL_SURFACE ( 'NONE', #3215, 1.000000000000000000 ) ;
#2981 = VERTEX_POINT ( 'NONE', #3156 ) ;
#2982 = DIRECTION ( 'NONE',  ( -0.000000000000000000, -0.000000000000000000, -1.000000000000000000 ) ) ;
#2983 = DIRECTION ( 'NONE',  ( 0.000000000000000000, 0.000000000000000000, 1.000000000000000000 ) ) ;
#2984 = ORIENTED_EDGE ( 'NONE', *, *, #3830, .F. ) ;
#2985 = FACE_OUTER_BOUND ( 'NONE', #3912, .T. ) ;
#2986 = CIRCLE ( 'NONE', #3251, 0.9999999999999150679 ) ;
#2987 = EDGE_CURVE ( 'NONE', #5374, #1149, #1068, .T. ) ;
#2988 = EDGE_CURVE ( 'NONE', #5098, #3921, #1009, .T. ) ;
#2989 = EDGE_CURVE ( 'NONE', #3367, #357, #4868, .T. ) ;
#2990 = DIRECTION ( 'NONE',  ( 1.000000000000000000, 0.000000000000000000, 0.000000000000000000 ) ) ;
#2991 = ORIENTED_EDGE ( 'NONE', *, *, #2390, .F. ) ;
#2992 = DIRECTION ( 'NONE',  ( 0.000000000000000000, 0.000000000000000000, 1.000000000000000000 ) ) ;
#2993 = ORIENTED_EDGE ( 'NONE', *, *, #850, .T. ) ;
#2994 = CARTESIAN_POINT ( 'NONE',  ( -7.685162873678919482, 2.222222222208964926, -1.000000000000000000 ) ) ;
#2995 = LINE ( 'NONE', #2564, #3610 ) ;
#2996 = CYLINDRICAL_SURFACE ( 'NONE', #2222, 0.3999999999999993006 ) ;
#2997 = DIRECTION ( 'NONE',  ( 0.000000000000000000, 0.000000000000000000, 1.000000000000000000 ) ) ;
#2998 = LINE ( 'NONE', #4723, #3701 ) ;
#2999 = EDGE_CURVE ( 'NONE', #280, #3822, #2839, .T. ) ;
#3000 = ORIENTED_EDGE ( 'NONE', *, *, #965, .T. ) ;
#3001 = CARTESIAN_POINT ( 'NONE',  ( -11.61976883963722962, 9.003942031876682961, 41.57787873376899768 ) ) ;
#3002 = DIRECTION ( 'NONE',  ( -0.000000000000000000, -0.000000000000000000, -1.000000000000000000 ) ) ;
#3003 = ORIENTED_EDGE ( 'NONE', *, *, #1815, .T. ) ;
#3004 = VECTOR ( 'NONE', #3485, 1000.000000000000000 ) ;
#3005 = ADVANCED_FACE ( 'NONE', ( #207 ), #5388, .F. ) ;
#3006 = ORIENTED_EDGE ( 'NONE', *, *, #961, .F. ) ;
#3007 = CARTESIAN_POINT ( 'NONE',  ( -1.960799999984975894, -12.75010836660061386, 0.000000000000000000 ) ) ;
#3008 = ORIENTED_EDGE ( 'NONE', *, *, #1250, .T. ) ;
#3009 = CARTESIAN_POINT ( 'NONE',  ( 17.82554346996889905, 1.500000000005120127, -1.000000000000000000 ) ) ;
#3010 = ORIENTED_EDGE ( 'NONE', *, *, #5400, .T. ) ;
#3011 = DIRECTION ( 'NONE',  ( 0.000000000000000000, 0.000000000000000000, 1.000000000000000000 ) ) ;
#3012 = EDGE_LOOP ( 'NONE', ( #973, #4046, #162, #665 ) ) ;
#3013 = DIRECTION ( 'NONE',  ( 1.000000000000000000, 0.000000000000000000, 0.000000000000000000 ) ) ;
#3014 = LINE ( 'NONE', #2507, #2381 ) ;
#3015 = ORIENTED_EDGE ( 'NONE', *, *, #341, .F. ) ;
#3016 = DIRECTION ( 'NONE',  ( 1.000000000000000000, 0.000000000000000000, 0.000000000000000000 ) ) ;
#3017 = VERTEX_POINT ( 'NONE', #2761 ) ;
#3018 = DIRECTION ( 'NONE',  ( 0.000000000000000000, 0.000000000000000000, 1.000000000000000000 ) ) ;
#3019 = PLANE ( 'NONE',  #5123 ) ;
#3020 = CIRCLE ( 'NONE', #579, 0.3999999999999993006 ) ;
#3021 = CARTESIAN_POINT ( 'NONE',  ( 9.003942031876578156, 11.61976883963731311, 0.000000000000000000 ) ) ;
#3022 = DIRECTION ( 'NONE',  ( 0.000000000000000000, 0.000000000000000000, -1.000000000000000000 ) ) ;
#3023 = CIRCLE ( 'NONE', #2749, 0.3999999999999993006 ) ;
#3024 = CARTESIAN_POINT ( 'NONE',  ( -7.005579185137629672, 3.862882379858149751, -1.000000000000000000 ) ) ;
#3025 = EDGE_LOOP ( 'NONE', ( #1167, #2765, #117, #3442 ) ) ;
#3026 = DIRECTION ( 'NONE',  ( 0.000000000000000000, 0.000000000000000000, 1.000000000000000000 ) ) ;
#3027 = CYLINDRICAL_SURFACE ( 'NONE', #1956, 18.99999999999380051 ) ;
#3028 = VECTOR ( 'NONE', #2755, 1000.000000000000000 ) ;
#3029 = ORIENTED_EDGE ( 'NONE', *, *, #3729, .F. ) ;
#3030 = ORIENTED_EDGE ( 'NONE', *, *, #5000, .F. ) ;
#3031 = EDGE_CURVE ( 'NONE', #915, #1033, #5595, .T. ) ;
#3032 = ORIENTED_EDGE ( 'NONE', *, *, #5401, .T. ) ;
#3033 = DIRECTION ( 'NONE',  ( 0.000000000000000000, 0.000000000000000000, 1.000000000000000000 ) ) ;
#3034 = ADVANCED_FACE ( 'NONE', ( #1036 ), #1117, .F. ) ;
#3035 = ORIENTED_EDGE ( 'NONE', *, *, #1689, .T. ) ;
#3036 = VECTOR ( 'NONE', #3728, 1000.000000000000000 ) ;
#3037 = PLANE ( 'NONE',  #1487 ) ;
#3038 = VECTOR ( 'NONE', #987, 1000.000000000000000 ) ;
#3039 = DIRECTION ( 'NONE',  ( -1.000000000000000000, 0.000000000000000000, 0.000000000000000000 ) ) ;
#3040 = ORIENTED_EDGE ( 'NONE', *, *, #4478, .F. ) ;
#3041 = EDGE_CURVE ( 'NONE', #5375, #486, #5066, .T. ) ;
#3042 = FACE_OUTER_BOUND ( 'NONE', #3735, .T. ) ;
#3043 = ORIENTED_EDGE ( 'NONE', *, *, #3141, .T. ) ;
#3044 = FACE_OUTER_BOUND ( 'NONE', #3627, .T. ) ;
#3045 = VECTOR ( 'NONE', #2997, 1000.000000000000000 ) ;
#3046 = AXIS2_PLACEMENT_3D ( 'NONE', #4275, #5583, #5185 ) ;
#3047 = CIRCLE ( 'NONE', #1060, 18.99999999999380051 ) ;
#3048 = CARTESIAN_POINT ( 'NONE',  ( 4.345742677358879646, -7.881276583270970804, 0.000000000000000000 ) ) ;
#3049 = VERTEX_POINT ( 'NONE', #2385 ) ;
#3050 = DIRECTION ( 'NONE',  ( 0.000000000000000000, 0.000000000000000000, 1.000000000000000000 ) ) ;
#3051 = VERTEX_POINT ( 'NONE', #3183 ) ;
#3052 = CARTESIAN_POINT ( 'NONE',  ( -7.881276583280840242, 4.345742677340974858, 0.000000000000000000 ) ) ;
#3053 = LINE ( 'NONE', #2119, #805 ) ;
#3054 = DIRECTION ( 'NONE',  ( 0.000000000000000000, 0.000000000000000000, 1.000000000000000000 ) ) ;
#3055 = DIRECTION ( 'NONE',  ( 0.000000000000000000, 0.000000000000000000, 1.000000000000000000 ) ) ;
#3056 = DIRECTION ( 'NONE',  ( 3.496003258997380089E-15, 1.000000000000000000, 0.000000000000000000 ) ) ;
#3057 = ORIENTED_EDGE ( 'NONE', *, *, #2171, .T. ) ;
#3058 = DIRECTION ( 'NONE',  ( 1.000000000000000000, 0.000000000000000000, 0.000000000000000000 ) ) ;
#3059 = LINE ( 'NONE', #4363, #3456 ) ;
#3060 = EDGE_CURVE ( 'NONE', #1318, #200, #3150, .T. ) ;
#3061 = CYLINDRICAL_SURFACE ( 'NONE', #5117, 2.000000000000000000 ) ;
#3062 = EDGE_CURVE ( 'NONE', #968, #2932, #765, .T. ) ;
#3063 = EDGE_CURVE ( 'NONE', #1096, #2932, #1858, .T. ) ;
#3064 = ORIENTED_EDGE ( 'NONE', *, *, #4157, .F. ) ;
#3065 = FACE_BOUND ( 'NONE', #1524, .T. ) ;
#3066 = VERTEX_POINT ( 'NONE', #3586 ) ;
#3067 = AXIS2_PLACEMENT_3D ( 'NONE', #104, #2177, #949 ) ;
#3068 = CARTESIAN_POINT ( 'NONE',  ( -7.675471695352679369, -9.796792038919463153, 0.000000000000000000 ) ) ;
#3069 = VERTEX_POINT ( 'NONE', #1092 ) ;
#3070 = DIRECTION ( 'NONE',  ( 0.000000000000000000, 0.000000000000000000, 1.000000000000000000 ) ) ;
#3071 = EDGE_LOOP ( 'NONE', ( #2183, #2098, #1628, #1080 ) ) ;
#3072 = CARTESIAN_POINT ( 'NONE',  ( -12.75010836659749103, -1.960800000005277877, -1.000000000000000000 ) ) ;
#3073 = DIRECTION ( 'NONE',  ( -1.000000000000000000, 0.000000000000000000, 0.000000000000000000 ) ) ;
#3074 = CIRCLE ( 'NONE', #5511, 7.999999999990759392 ) ;
#3075 = DIRECTION ( 'NONE',  ( -0.000000000000000000, -0.000000000000000000, -1.000000000000000000 ) ) ;
#3076 = ORIENTED_EDGE ( 'NONE', *, *, #375, .F. ) ;
#3077 = FACE_OUTER_BOUND ( 'NONE', #2346, .T. ) ;
#3078 = LINE ( 'NONE', #5113, #1895 ) ;
#3079 = DIRECTION ( 'NONE',  ( -0.000000000000000000, -0.000000000000000000, -1.000000000000000000 ) ) ;
#3080 = CARTESIAN_POINT ( 'NONE',  ( -11.61976883962551454, -9.003942031891805087, 41.57787873376899768 ) ) ;
#3081 = ORIENTED_EDGE ( 'NONE', *, *, #4976, .T. ) ;
#3082 = LINE ( 'NONE', #1340, #3845 ) ;
#3083 = DIRECTION ( 'NONE',  ( 0.000000000000000000, 0.000000000000000000, 1.000000000000000000 ) ) ;
#3084 = LINE ( 'NONE', #5341, #863 ) ;
#3085 = ORIENTED_EDGE ( 'NONE', *, *, #5236, .F. ) ;
#3086 = EDGE_CURVE ( 'NONE', #4504, #2617, #4492, .T. ) ;
#3087 = FACE_OUTER_BOUND ( 'NONE', #4982, .T. ) ;
#3088 = ORIENTED_EDGE ( 'NONE', *, *, #4139, .F. ) ;
#3089 = LINE ( 'NONE', #94, #2216 ) ;
#3090 = ORIENTED_EDGE ( 'NONE', *, *, #633, .F. ) ;
#3091 = CARTESIAN_POINT ( 'NONE',  ( 11.43883991927426003, -15.17079237551494941, 0.000000000000000000 ) ) ;
#3092 = EDGE_LOOP ( 'NONE', ( #5457, #769, #882, #4067 ) ) ;
#3093 = VECTOR ( 'NONE', #4000, 1000.000000000000114 ) ;
#3094 = DIRECTION ( 'NONE',  ( 0.000000000000000000, 0.000000000000000000, 1.000000000000000000 ) ) ;
#3095 = ORIENTED_EDGE ( 'NONE', *, *, #1315, .T. ) ;
#3096 = AXIS2_PLACEMENT_3D ( 'NONE', #391, #2154, #5206 ) ;
#3097 = CARTESIAN_POINT ( 'NONE',  ( -7.629193110330160899, -10.40218306343869514, 0.000000000000000000 ) ) ;
#3098 = ORIENTED_EDGE ( 'NONE', *, *, #5400, .F. ) ;
#3099 = ADVANCED_FACE ( 'NONE', ( #2333 ), #4057, .F. ) ;
#3100 = CARTESIAN_POINT ( 'NONE',  ( 17.82554346997164885, -1.499999999985415888, -1.000000000000000000 ) ) ;
#3101 = LINE ( 'NONE', #129, #4941 ) ;
#3102 = CARTESIAN_POINT ( 'NONE',  ( 7.174169802094319870, -5.052849458527470361, 0.000000000000000000 ) ) ;
#3103 = EDGE_CURVE ( 'NONE', #1326, #3901, #5359, .T. ) ;
#3104 = ORIENTED_EDGE ( 'NONE', *, *, #3812, .F. ) ;
#3105 = EDGE_CURVE ( 'NONE', #2854, #4957, #1941, .T. ) ;
#3106 = CARTESIAN_POINT ( 'NONE',  ( 7.629193110346689011, -10.40218306342657328, 41.57787873376899768 ) ) ;
#3107 = CARTESIAN_POINT ( 'NONE',  ( -9.531789969708452048, -11.65311031327521540, 0.000000000000000000 ) ) ;
#3108 = CARTESIAN_POINT ( 'NONE',  ( 7.392628982894077438, -10.07963475138233811, -1.000000000000000888 ) ) ;
#3109 = VECTOR ( 'NONE', #380, 1000.000000000000000 ) ;
#3110 = ORIENTED_EDGE ( 'NONE', *, *, #4647, .F. ) ;
#3111 = PLANE ( 'NONE',  #1150 ) ;
#3112 = VECTOR ( 'NONE', #709, 1000.000000000000000 ) ;
#3113 = AXIS2_PLACEMENT_3D ( 'NONE', #2506, #3720, #4170 ) ;
#3114 = DIRECTION ( 'NONE',  ( 0.000000000000000000, 0.000000000000000000, 1.000000000000000000 ) ) ;
#3115 = ORIENTED_EDGE ( 'NONE', *, *, #5444, .T. ) ;
#3116 = CARTESIAN_POINT ( 'NONE',  ( -1.499999999985480059, -17.82554346997164885, -1.000000000000000000 ) ) ;
#3117 = ORIENTED_EDGE ( 'NONE', *, *, #5222, .T. ) ;
#3118 = CARTESIAN_POINT ( 'NONE',  ( -11.54390249416722014, -13.66522283773397994, -1.000000000000000000 ) ) ;
#3119 = VERTEX_POINT ( 'NONE', #2900 ) ;
#3120 = DIRECTION ( 'NONE',  ( -0.000000000000000000, -0.000000000000000000, -1.000000000000000000 ) ) ;
#3121 = AXIS2_PLACEMENT_3D ( 'NONE', #1018, #4469, #2717 ) ;
#3122 = EDGE_CURVE ( 'NONE', #3066, #5214, #2531, .T. ) ;
#3123 = VECTOR ( 'NONE', #2963, 1000.000000000000000 ) ;
#3124 = ORIENTED_EDGE ( 'NONE', *, *, #3041, .F. ) ;
#3125 = DIRECTION ( 'NONE',  ( -0.000000000000000000, -0.000000000000000000, -1.000000000000000000 ) ) ;
#3126 = EDGE_LOOP ( 'NONE', ( #1791, #4683, #4347, #4659 ) ) ;
#3127 = AXIS2_PLACEMENT_3D ( 'NONE', #2692, #542, #1055 ) ;
#3128 = DIRECTION ( 'NONE',  ( 0.000000000000000000, 0.000000000000000000, 1.000000000000000000 ) ) ;
#3129 = CARTESIAN_POINT ( 'NONE',  ( 7.005579185128829600, 3.862882379874089889, 0.000000000000000000 ) ) ;
#3130 = CIRCLE ( 'NONE', #4580, 2.000000000000000000 ) ;
#3131 = CARTESIAN_POINT ( 'NONE',  ( 10.40218306343872001, -7.629193110330126260, -1.000000000000000000 ) ) ;
#3132 = VECTOR ( 'NONE', #4858, 1000.000000000000000 ) ;
#3133 = VECTOR ( 'NONE', #4093, 1000.000000000000000 ) ;
#3134 = EDGE_LOOP ( 'NONE', ( #373, #5321 ) ) ;
#3135 = DIRECTION ( 'NONE',  ( 1.000000000000000000, 8.673617379884030739E-15, 0.000000000000000000 ) ) ;
#3136 = DIRECTION ( 'NONE',  ( -0.000000000000000000, -0.000000000000000000, -1.000000000000000000 ) ) ;
#3137 = EDGE_CURVE ( 'NONE', #2012, #3498, #402, .T. ) ;
#3138 = DIRECTION ( 'NONE',  ( 0.000000000000000000, 0.000000000000000000, 1.000000000000000000 ) ) ;
#3139 = ORIENTED_EDGE ( 'NONE', *, *, #83, .T. ) ;
#3140 = FACE_BOUND ( 'NONE', #1233, .T. ) ;
#3141 = EDGE_CURVE ( 'NONE', #3921, #2865, #777, .T. ) ;
#3142 = EDGE_CURVE ( 'NONE', #4691, #3841, #3386, .T. ) ;
#3143 = CARTESIAN_POINT ( 'NONE',  ( -1.499999999985480059, -17.82554346997164885, -1.000000000000000000 ) ) ;
#3144 = ORIENTED_EDGE ( 'NONE', *, *, #4082, .F. ) ;
#3145 = CARTESIAN_POINT ( 'NONE',  ( 1.500000000005085043, -8.645808232884199640, -1.000000000000000000 ) ) ;
#3146 = ORIENTED_EDGE ( 'NONE', *, *, #3964, .T. ) ;
#3147 = CARTESIAN_POINT ( 'NONE',  ( 1.500000000005085043, -8.645808232884199640, -1.000000000000000000 ) ) ;
#3148 = ORIENTED_EDGE ( 'NONE', *, *, #1468, .F. ) ;
#3149 = DIRECTION ( 'NONE',  ( 0.000000000000000000, 0.000000000000000000, 1.000000000000000000 ) ) ;
#3150 = CIRCLE ( 'NONE', #3563, 1.000000000000000000 ) ;
#3151 = ORIENTED_EDGE ( 'NONE', *, *, #1822, .T. ) ;
#3152 = CARTESIAN_POINT ( 'NONE',  ( 11.65311031327525626, -9.531789969708420074, 0.000000000000000000 ) ) ;
#3153 = ORIENTED_EDGE ( 'NONE', *, *, #5601, .T. ) ;
#3154 = CIRCLE ( 'NONE', #5319, 14.69999999999999929 ) ;
#3155 = EDGE_CURVE ( 'NONE', #2543, #5517, #3289, .T. ) ;
#3156 = CARTESIAN_POINT ( 'NONE',  ( -20.00000000000000000, -18.00000000000000000, 0.000000000000000000 ) ) ;
#3157 = CARTESIAN_POINT ( 'NONE',  ( -6.881276583270979685, -4.345742677358854777, -1.000000000000000000 ) ) ;
#3158 = EDGE_CURVE ( 'NONE', #1903, #2012, #2836, .T. ) ;
#3159 = EDGE_CURVE ( 'NONE', #2801, #921, #4657, .T. ) ;
#3160 = VECTOR ( 'NONE', #42, 1000.000000000000000 ) ;
#3161 = CARTESIAN_POINT ( 'NONE',  ( 8.645808232884188982, 1.500000000005115020, -1.000000000000000000 ) ) ;
#3162 = ORIENTED_EDGE ( 'NONE', *, *, #440, .T. ) ;
#3163 = CARTESIAN_POINT ( 'NONE',  ( 22.00000000000000000, -13.25000000000000000, -1.000000000000000000 ) ) ;
#3164 = LINE ( 'NONE', #988, #4608 ) ;
#3165 = CIRCLE ( 'NONE', #3706, 1.000000000000000000 ) ;
#3166 = CARTESIAN_POINT ( 'NONE',  ( -14.00000000000000000, 16.00000000000000000, -1.000000000000000000 ) ) ;
#3167 = EDGE_CURVE ( 'NONE', #227, #1603, #2002, .T. ) ;
#3168 = VERTEX_POINT ( 'NONE', #3323 ) ;
#3169 = AXIS2_PLACEMENT_3D ( 'NONE', #2605, #5542, #1665 ) ;
#3170 = CARTESIAN_POINT ( 'NONE',  ( -7.174169802084439773, -5.052849458545409789, 0.000000000000000000 ) ) ;
#3171 = FACE_OUTER_BOUND ( 'NONE', #2462, .T. ) ;
#3172 = ORIENTED_EDGE ( 'NONE', *, *, #5063, .T. ) ;
#3173 = EDGE_CURVE ( 'NONE', #4635, #5214, #2217, .T. ) ;
#3174 = CARTESIAN_POINT ( 'NONE',  ( -8.645808232889910627, 2.499999999985410337, -1.000000000000000000 ) ) ;
#3175 = ORIENTED_EDGE ( 'NONE', *, *, #3934, .F. ) ;
#3176 = CARTESIAN_POINT ( 'NONE',  ( 0.000000000000000000, 0.000000000000000000, 41.57787873376899768 ) ) ;
#3177 = VERTEX_POINT ( 'NONE', #293 ) ;
#3178 = DIRECTION ( 'NONE',  ( 1.000000000000000000, 0.000000000000000000, 0.000000000000000000 ) ) ;
#3179 = CIRCLE ( 'NONE', #1470, 0.3999999999999993006 ) ;
#3180 = DIRECTION ( 'NONE',  ( 0.000000000000000000, 0.000000000000000000, 1.000000000000000000 ) ) ;
#3181 = LINE ( 'NONE', #3152, #1622 ) ;
#3182 = ORIENTED_EDGE ( 'NONE', *, *, #4050, .F. ) ;
#3183 = CARTESIAN_POINT ( 'NONE',  ( 18.00000000000000000, 20.00000000000000000, -1.000000000000000000 ) ) ;
#3184 = DIRECTION ( 'NONE',  ( -0.000000000000000000, -0.000000000000000000, -1.000000000000000000 ) ) ;
#3185 = CYLINDRICAL_SURFACE ( 'NONE', #3475, 0.3999999999999993006 ) ;
#3186 = ORIENTED_EDGE ( 'NONE', *, *, #703, .T. ) ;
#3187 = LINE ( 'NONE', #3163, #1450 ) ;
#3188 = DIRECTION ( 'NONE',  ( 1.000000000000000000, 0.000000000000000000, 0.000000000000000000 ) ) ;
#3189 = DIRECTION ( 'NONE',  ( 0.000000000000000000, 0.000000000000000000, 1.000000000000000000 ) ) ;
#3190 = CARTESIAN_POINT ( 'NONE',  ( 11.54390249418302083, -13.66522283772208013, -1.000000000000000000 ) ) ;
#3191 = ORIENTED_EDGE ( 'NONE', *, *, #3861, .F. ) ;
#3192 = FACE_BOUND ( 'NONE', #1061, .T. ) ;
#3193 = VECTOR ( 'NONE', #3055, 1000.000000000000000 ) ;
#3194 = CARTESIAN_POINT ( 'NONE',  ( 9.531789969708396981, 11.65311031327528468, 0.000000000000000000 ) ) ;
#3195 = ORIENTED_EDGE ( 'NONE', *, *, #1139, .T. ) ;
#3196 = CARTESIAN_POINT ( 'NONE',  ( 17.82554346997164885, -2.499999999985414778, -1.000000000000000000 ) ) ;
#3197 = CIRCLE ( 'NONE', #4470, 0.3999999999999993006 ) ;
#3198 = ORIENTED_EDGE ( 'NONE', *, *, #4507, .F. ) ;
#3199 = CARTESIAN_POINT ( 'NONE',  ( 12.75010836660062274, -1.960799999984929487, 41.57787873376899768 ) ) ;
#3200 = VERTEX_POINT ( 'NONE', #5500 ) ;
#3201 = VECTOR ( 'NONE', #3353, 1000.000000000000000 ) ;
#3202 = EDGE_CURVE ( 'NONE', #4792, #554, #3826, .T. ) ;
#3203 = DIRECTION ( 'NONE',  ( 0.000000000000000000, 0.000000000000000000, -1.000000000000000000 ) ) ;
#3204 = AXIS2_PLACEMENT_3D ( 'NONE', #5432, #4956, #677 ) ;
#3205 = EDGE_CURVE ( 'NONE', #1970, #1202, #3745, .T. ) ;
#3206 = CIRCLE ( 'NONE', #4661, 0.3999999999999993006 ) ;
#3207 = DIRECTION ( 'NONE',  ( 1.000000000000000000, 0.000000000000000000, 0.000000000000000000 ) ) ;
#3208 = CARTESIAN_POINT ( 'NONE',  ( -3.862882379858125326, -7.005579185137640330, -1.000000000000000000 ) ) ;
#3209 = EDGE_LOOP ( 'NONE', ( #3974, #4995, #2324, #4984, #3455, #1349, #5001, #637, #431, #5182 ) ) ;
#3210 = DIRECTION ( 'NONE',  ( 0.000000000000000000, 0.000000000000000000, 1.000000000000000000 ) ) ;
#3211 = FACE_BOUND ( 'NONE', #1588, .T. ) ;
#3212 = DIRECTION ( 'NONE',  ( 1.000000000000000000, 0.000000000000000000, 0.000000000000000000 ) ) ;
#3213 = ORIENTED_EDGE ( 'NONE', *, *, #1352, .T. ) ;
#3214 = AXIS2_PLACEMENT_3D ( 'NONE', #5125, #1307, #457 ) ;
#3215 = AXIS2_PLACEMENT_3D ( 'NONE', #4842, #934, #570 ) ;
#3216 = AXIS2_PLACEMENT_3D ( 'NONE', #2078, #346, #3793 ) ;
#3217 = CARTESIAN_POINT ( 'NONE',  ( -7.392628982878062693, -10.07963475139408516, 41.57787873376899768 ) ) ;
#3218 = CARTESIAN_POINT ( 'NONE',  ( 0.000000000000000000, 0.000000000000000000, -1.000000000000000000 ) ) ;
#3219 = CARTESIAN_POINT ( 'NONE',  ( -14.00000000000000000, 16.00000000000000000, 0.000000000000000000 ) ) ;
#3220 = AXIS2_PLACEMENT_3D ( 'NONE', #169, #4013, #140 ) ;
#3221 = VECTOR ( 'NONE', #2321, 1000.000000000000000 ) ;
#3222 = DIRECTION ( 'NONE',  ( -1.000000000000000000, 0.000000000000000000, 0.000000000000000000 ) ) ;
#3223 = ORIENTED_EDGE ( 'NONE', *, *, #2161, .F. ) ;
#3224 = FACE_BOUND ( 'NONE', #1583, .T. ) ;
#3225 = EDGE_CURVE ( 'NONE', #1033, #2670, #131, .T. ) ;
#3226 = EDGE_CURVE ( 'NONE', #960, #1641, #1151, .T. ) ;
#3227 = ADVANCED_FACE ( 'NONE', ( #804 ), #2474, .T. ) ;
#3228 = CARTESIAN_POINT ( 'NONE',  ( -12.81249390243928410, 1.499999999985406118, 41.57787873376899768 ) ) ;
#3229 = ORIENTED_EDGE ( 'NONE', *, *, #1813, .T. ) ;
#3230 = DIRECTION ( 'NONE',  ( 1.000000000000000000, 0.000000000000000000, 0.000000000000000000 ) ) ;
#3231 = EDGE_LOOP ( 'NONE', ( #1559, #4533, #3030, #2913 ) ) ;
#3232 = CARTESIAN_POINT ( 'NONE',  ( 18.00000000000000000, -20.00000000000000000, -1.000000000000000000 ) ) ;
#3233 = ORIENTED_EDGE ( 'NONE', *, *, #1882, .F. ) ;
#3234 = CARTESIAN_POINT ( 'NONE',  ( 1.500000000005059952, -17.82554346996889905, 0.000000000000000000 ) ) ;
#3235 = EDGE_CURVE ( 'NONE', #549, #3802, #4200, .T. ) ;
#3236 = DIRECTION ( 'NONE',  ( 1.000000000000000000, 0.000000000000000000, 0.000000000000000000 ) ) ;
#3237 = CARTESIAN_POINT ( 'NONE',  ( 12.35475616918361474, 1.500000000005116796, -1.000000000000000000 ) ) ;
#3238 = ORIENTED_EDGE ( 'NONE', *, *, #4958, .F. ) ;
#3239 = CARTESIAN_POINT ( 'NONE',  ( -1.499999999985480059, -17.82554346997164885, 0.000000000000000000 ) ) ;
#3240 = LINE ( 'NONE', #4060, #2028 ) ;
#3241 = ORIENTED_EDGE ( 'NONE', *, *, #1916, .T. ) ;
#3242 = VECTOR ( 'NONE', #3537, 1000.000000000000000 ) ;
#3243 = ORIENTED_EDGE ( 'NONE', *, *, #2040, .T. ) ;
#3244 = DIRECTION ( 'NONE',  ( -0.7071067811865441310, 0.7071067811865510144, 0.000000000000000000 ) ) ;
#3245 = DIRECTION ( 'NONE',  ( 0.000000000000000000, 0.000000000000000000, 1.000000000000000000 ) ) ;
#3246 = CYLINDRICAL_SURFACE ( 'NONE', #3566, 18.99999999999380051 ) ;
#3247 = CARTESIAN_POINT ( 'NONE',  ( 1.900000000005073186, -12.35475616918362185, 41.57787873376899768 ) ) ;
#3248 = VECTOR ( 'NONE', #1090, 1000.000000000000000 ) ;
#3249 = ORIENTED_EDGE ( 'NONE', *, *, #574, .T. ) ;
#3250 = VERTEX_POINT ( 'NONE', #2873 ) ;
#3251 = AXIS2_PLACEMENT_3D ( 'NONE', #2737, #5446, #2312 ) ;
#3252 = CARTESIAN_POINT ( 'NONE',  ( -7.174169802094289672, 5.052849458527520099, -1.000000000000000000 ) ) ;
#3253 = DIRECTION ( 'NONE',  ( 0.000000000000000000, 0.000000000000000000, 1.000000000000000000 ) ) ;
#3254 = ORIENTED_EDGE ( 'NONE', *, *, #922, .F. ) ;
#3255 = ORIENTED_EDGE ( 'NONE', *, *, #1857, .F. ) ;
#3256 = PLANE ( 'NONE',  #1146 ) ;
#3257 = VERTEX_POINT ( 'NONE', #323 ) ;
#3258 = DIRECTION ( 'NONE',  ( 1.000000000000000000, 0.000000000000000000, 0.000000000000000000 ) ) ;
#3259 = CARTESIAN_POINT ( 'NONE',  ( -11.54390249418310077, 13.66522283772210145, -1.000000000000000000 ) ) ;
#3260 = DIRECTION ( 'NONE',  ( 0.000000000000000000, 0.000000000000000000, 1.000000000000000000 ) ) ;
#3261 = ORIENTED_EDGE ( 'NONE', *, *, #2931, .F. ) ;
#3262 = CARTESIAN_POINT ( 'NONE',  ( 10.83679571298061894, 14.37232961892061844, -1.000000000000000000 ) ) ;
#3263 = CARTESIAN_POINT ( 'NONE',  ( 1.500000000005085043, -8.645808232884199640, 0.000000000000000000 ) ) ;
#3264 = EDGE_LOOP ( 'NONE', ( #1028, #2219, #2189, #1617, #2661, #3015, #1686, #1267 ) ) ;
#3265 = AXIS2_PLACEMENT_3D ( 'NONE', #3645, #645, #4892 ) ;
#3266 = EDGE_CURVE ( 'NONE', #200, #1281, #4384, .T. ) ;
#3267 = CYLINDRICAL_SURFACE ( 'NONE', #4212, 1.000000000000000888 ) ;
#3268 = ORIENTED_EDGE ( 'NONE', *, *, #2827, .F. ) ;
#3269 = DIRECTION ( 'NONE',  ( 0.000000000000000000, 0.000000000000000000, 1.000000000000000000 ) ) ;
#3270 = DIRECTION ( 'NONE',  ( 0.000000000000000000, 0.000000000000000000, 1.000000000000000000 ) ) ;
#3271 = VECTOR ( 'NONE', #861, 1000.000000000000000 ) ;
#3272 = ADVANCED_FACE ( 'NONE', ( #1626 ), #3375, .F. ) ;
#3273 = CARTESIAN_POINT ( 'NONE',  ( -18.00000000000000000, 16.00000000000000000, -1.000000000000000000 ) ) ;
#3274 = DIRECTION ( 'NONE',  ( 1.000000000000000000, 0.000000000000000000, 0.000000000000000000 ) ) ;
#3275 = ADVANCED_FACE ( 'NONE', ( #2985 ), #4711, .F. ) ;
#3276 = EDGE_LOOP ( 'NONE', ( #74, #3531, #2838, #705 ) ) ;
#3277 = VERTEX_POINT ( 'NONE', #75 ) ;
#3278 = DIRECTION ( 'NONE',  ( 0.000000000000000000, 0.000000000000000000, 1.000000000000000000 ) ) ;
#3279 = LINE ( 'NONE', #5488, #5576 ) ;
#3280 = VERTEX_POINT ( 'NONE', #472 ) ;
#3281 = DIRECTION ( 'NONE',  ( 0.000000000000000000, 0.000000000000000000, 1.000000000000000000 ) ) ;
#3282 = ORIENTED_EDGE ( 'NONE', *, *, #5562, .T. ) ;
#3283 = FACE_OUTER_BOUND ( 'NONE', #2046, .T. ) ;
#3284 = ORIENTED_EDGE ( 'NONE', *, *, #1614, .F. ) ;
#3285 = AXIS2_PLACEMENT_3D ( 'NONE', #2449, #1489, #3212 ) ;
#3286 = DIRECTION ( 'NONE',  ( -1.000000000000000000, 0.000000000000000000, 0.000000000000000000 ) ) ;
#3287 = CIRCLE ( 'NONE', #4195, 14.69999999999999929 ) ;
#3288 = DIRECTION ( 'NONE',  ( 0.000000000000000000, 0.000000000000000000, 1.000000000000000000 ) ) ;
#3289 = CIRCLE ( 'NONE', #3113, 2.000000000000001776 ) ;
#3290 = DIRECTION ( 'NONE',  ( -1.000000000000000000, 1.417298618512443785E-16, 0.000000000000000000 ) ) ;
#3291 = ORIENTED_EDGE ( 'NONE', *, *, #5581, .T. ) ;
#3292 = DIRECTION ( 'NONE',  ( 1.000000000000000000, 0.000000000000000000, 0.000000000000000000 ) ) ;
#3293 = EDGE_CURVE ( 'NONE', #5297, #935, #498, .T. ) ;
#3294 = CIRCLE ( 'NONE', #4476, 1.000000000000000888 ) ;
#3295 = EDGE_CURVE ( 'NONE', #718, #2243, #5193, .T. ) ;
#3296 = EDGE_CURVE ( 'NONE', #4053, #2164, #5196, .T. ) ;
#3297 = CARTESIAN_POINT ( 'NONE',  ( 1.849668874157981424, 14.58316581048062943, 41.57787873376899768 ) ) ;
#3298 = ORIENTED_EDGE ( 'NONE', *, *, #2102, .F. ) ;
#3299 = DIRECTION ( 'NONE',  ( 0.000000000000000000, 0.000000000000000000, 1.000000000000000000 ) ) ;
#3300 = LINE ( 'NONE', #2149, #2894 ) ;
#3301 = DIRECTION ( 'NONE',  ( 1.000000000000000000, 0.000000000000000000, 0.000000000000000000 ) ) ;
#3302 = DIRECTION ( 'NONE',  ( -1.000000000000000000, 0.000000000000000000, 0.000000000000000000 ) ) ;
#3303 = CARTESIAN_POINT ( 'NONE',  ( 11.43883991925751964, 15.17079237552759885, 0.000000000000000000 ) ) ;
#3304 = AXIS2_PLACEMENT_3D ( 'NONE', #3365, #2606, #430 ) ;
#3305 = VECTOR ( 'NONE', #5493, 1000.000000000000000 ) ;
#3306 = ORIENTED_EDGE ( 'NONE', *, *, #145, .F. ) ;
#3307 = VERTEX_POINT ( 'NONE', #410 ) ;
#3308 = CARTESIAN_POINT ( 'NONE',  ( 25.07404796879309927, -8.544500781088730168E-16, 0.000000000000000000 ) ) ;
#3309 = CIRCLE ( 'NONE', #1144, 2.000000000000001776 ) ;
#3310 = AXIS2_PLACEMENT_3D ( 'NONE', #4765, #69, #849 ) ;
#3311 = VECTOR ( 'NONE', #1907, 1000.000000000000000 ) ;
#3312 = CARTESIAN_POINT ( 'NONE',  ( -7.685162873678919482, 2.222222222208964926, 0.000000000000000000 ) ) ;
#3313 = VERTEX_POINT ( 'NONE', #3466 ) ;
#3314 = CIRCLE ( 'NONE', #4766, 1.000000000000000000 ) ;
#3315 = EDGE_LOOP ( 'NONE', ( #851, #2552, #2358, #1568 ) ) ;
#3316 = EDGE_CURVE ( 'NONE', #3017, #1085, #3483, .T. ) ;
#3317 = CARTESIAN_POINT ( 'NONE',  ( 11.83679571298061894, 14.37232961892061844, -1.000000000000000000 ) ) ;
#3318 = VERTEX_POINT ( 'NONE', #3858 ) ;
#3319 = DIRECTION ( 'NONE',  ( 0.000000000000000000, 0.000000000000000000, 1.000000000000000000 ) ) ;
#3320 = CARTESIAN_POINT ( 'NONE',  ( -7.392628982878062693, -10.07963475139408516, -1.000000000000000888 ) ) ;
#3321 = CARTESIAN_POINT ( 'NONE',  ( -10.83679571298070066, -14.37232961892052074, -1.000000000000000000 ) ) ;
#3322 = ORIENTED_EDGE ( 'NONE', *, *, #2138, .T. ) ;
#3323 = CARTESIAN_POINT ( 'NONE',  ( -1.500000000005100143, 8.645808232884220956, -1.000000000000000000 ) ) ;
#3324 = CARTESIAN_POINT ( 'NONE',  ( -6.881276583280840242, 4.345742677340974858, -1.000000000000000000 ) ) ;
#3325 = VERTEX_POINT ( 'NONE', #3501 ) ;
#3326 = DIRECTION ( 'NONE',  ( 1.000000000000000000, 0.000000000000000000, 0.000000000000000000 ) ) ;
#3327 = ADVANCED_FACE ( 'NONE', ( #2139 ), #1322, .T. ) ;
#3328 = DIRECTION ( 'NONE',  ( 1.000000000000000000, 0.000000000000000000, 0.000000000000000000 ) ) ;
#3329 = EDGE_CURVE ( 'NONE', #2362, #3609, #4798, .T. ) ;
#3330 = FACE_OUTER_BOUND ( 'NONE', #4759, .T. ) ;
#3331 = CYLINDRICAL_SURFACE ( 'NONE', #770, 18.99999999999384670 ) ;
#3332 = CARTESIAN_POINT ( 'NONE',  ( -17.82554346997169858, 1.499999999985406118, -1.000000000000000000 ) ) ;
#3333 = AXIS2_PLACEMENT_3D ( 'NONE', #1831, #3532, #2676 ) ;
#3334 = EDGE_LOOP ( 'NONE', ( #1729, #1429, #48, #3818 ) ) ;
#3335 = ORIENTED_EDGE ( 'NONE', *, *, #3859, .T. ) ;
#3336 = DIRECTION ( 'NONE',  ( -3.873949557266115609E-15, 1.000000000000000000, 0.000000000000000000 ) ) ;
#3337 = ADVANCED_FACE ( 'NONE', ( #3044 ), #1799, .T. ) ;
#3338 = LINE ( 'NONE', #2800, #2499 ) ;
#3339 = CIRCLE ( 'NONE', #4877, 1.000000000000000888 ) ;
#3340 = ORIENTED_EDGE ( 'NONE', *, *, #2974, .T. ) ;
#3341 = AXIS2_PLACEMENT_3D ( 'NONE', #4438, #3128, #2598 ) ;
#3342 = EDGE_LOOP ( 'NONE', ( #5440, #1372, #4879, #1731 ) ) ;
#3343 = CARTESIAN_POINT ( 'NONE',  ( -7.675471695352679369, -9.796792038919463153, -1.000000000000000000 ) ) ;
#3344 = ORIENTED_EDGE ( 'NONE', *, *, #393, .F. ) ;
#3345 = CARTESIAN_POINT ( 'NONE',  ( 1.900000000005073186, -12.35475616918362185, -1.000000000000000888 ) ) ;
#3346 = EDGE_CURVE ( 'NONE', #2549, #261, #4471, .T. ) ;
#3347 = ORIENTED_EDGE ( 'NONE', *, *, #1816, .T. ) ;
#3348 = ADVANCED_FACE ( 'NONE', ( #5225 ), #44, .T. ) ;
#3349 = DIRECTION ( 'NONE',  ( -1.000000000000000000, 3.165300248010120390E-15, 0.000000000000000000 ) ) ;
#3350 = CARTESIAN_POINT ( 'NONE',  ( 11.54390249418302083, -13.66522283772208013, -1.000000000000000000 ) ) ;
#3351 = VERTEX_POINT ( 'NONE', #3072 ) ;
#3352 = AXIS2_PLACEMENT_3D ( 'NONE', #4298, #428, #4699 ) ;
#3353 = DIRECTION ( 'NONE',  ( -0.000000000000000000, -0.000000000000000000, 1.000000000000000000 ) ) ;
#3354 = CARTESIAN_POINT ( 'NONE',  ( 12.75010836660062097, -1.960799999984929487, -1.000000000000000000 ) ) ;
#3355 = ORIENTED_EDGE ( 'NONE', *, *, #4815, .F. ) ;
#3356 = CARTESIAN_POINT ( 'NONE',  ( -1.500000000005115020, 12.35475616918361830, -1.000000000000000000 ) ) ;
#3357 = CARTESIAN_POINT ( 'NONE',  ( -2.638888888894360463, 18.81585144052309744, -1.000000000000000000 ) ) ;
#3358 = CARTESIAN_POINT ( 'NONE',  ( 7.174169802094319870, -5.052849458527470361, -1.000000000000000000 ) ) ;
#3359 = CARTESIAN_POINT ( 'NONE',  ( 0.000000000000000000, 0.000000000000000000, 41.57787873376899768 ) ) ;
#3360 = DIRECTION ( 'NONE',  ( -1.000000000000000000, -3.873949557266115609E-15, 0.000000000000000000 ) ) ;
#3361 = ORIENTED_EDGE ( 'NONE', *, *, #4420, .T. ) ;
#3362 = VECTOR ( 'NONE', #3608, 1000.000000000000000 ) ;
#3363 = VERTEX_POINT ( 'NONE', #494 ) ;
#3364 = DIRECTION ( 'NONE',  ( 0.000000000000000000, 0.000000000000000000, 1.000000000000000000 ) ) ;
#3365 = CARTESIAN_POINT ( 'NONE',  ( -14.97998664885855291, -1.900000000005124701, 0.000000000000000000 ) ) ;
#3366 = VERTEX_POINT ( 'NONE', #4283 ) ;
#3367 = VERTEX_POINT ( 'NONE', #4404 ) ;
#3368 = ORIENTED_EDGE ( 'NONE', *, *, #877, .F. ) ;
#3369 = FACE_BOUND ( 'NONE', #5219, .T. ) ;
#3370 = ORIENTED_EDGE ( 'NONE', *, *, #5238, .T. ) ;
#3371 = CARTESIAN_POINT ( 'NONE',  ( 3.862882379874065020, -7.005579185128849140, -1.000000000000000000 ) ) ;
#3372 = LINE ( 'NONE', #3435, #4059 ) ;
#3373 = VERTEX_POINT ( 'NONE', #525 ) ;
#3374 = ADVANCED_FACE ( 'NONE', ( #3948 ), #3525, .F. ) ;
#3375 = PLANE ( 'NONE',  #4011 ) ;
#3376 = AXIS2_PLACEMENT_3D ( 'NONE', #5416, #2842, #1119 ) ;
#3377 = DIRECTION ( 'NONE',  ( 1.000000000000000000, 0.000000000000000000, 0.000000000000000000 ) ) ;
#3378 = PRODUCT_DEFINITION ( 'Î´Öª', '', #1133, #3899 ) ;
#3379 = ORIENTED_EDGE ( 'NONE', *, *, #4700, .T. ) ;
#3380 = LINE ( 'NONE', #1656, #1782 ) ;
#3381 = ORIENTED_EDGE ( 'NONE', *, *, #2967, .F. ) ;
#3382 = ADVANCED_FACE ( 'NONE', ( #941 ), #831, .T. ) ;
#3383 = DIRECTION ( 'NONE',  ( 0.000000000000000000, 0.000000000000000000, -1.000000000000000000 ) ) ;
#3384 = EDGE_CURVE ( 'NONE', #2176, #968, #3437, .T. ) ;
#3385 = FACE_OUTER_BOUND ( 'NONE', #5045, .T. ) ;
#3386 = CIRCLE ( 'NONE', #1488, 0.3999999999999993006 ) ;
#3387 = CARTESIAN_POINT ( 'NONE',  ( -8.645808232884228062, -1.500000000005100143, -1.000000000000000000 ) ) ;
#3388 = DIRECTION ( 'NONE',  ( 1.000000000000000000, 0.000000000000000000, 0.000000000000000000 ) ) ;
#3389 = DIRECTION ( 'NONE',  ( 1.000000000000000000, 0.000000000000000000, 0.000000000000000000 ) ) ;
#3390 = ORIENTED_EDGE ( 'NONE', *, *, #4753, .F. ) ;
#3391 = CARTESIAN_POINT ( 'NONE',  ( 11.54390249418302083, -13.66522283772208013, 0.000000000000000000 ) ) ;
#3392 = FACE_OUTER_BOUND ( 'NONE', #3564, .T. ) ;
#3393 = VERTEX_POINT ( 'NONE', #1400 ) ;
#3394 = CIRCLE ( 'NONE', #778, 14.69999999999999929 ) ;
#3395 = AXIS2_PLACEMENT_3D ( 'NONE', #2497, #5047, #1593 ) ;
#3396 = EDGE_CURVE ( 'NONE', #2229, #1970, #1708, .T. ) ;
#3397 = ORIENTED_EDGE ( 'NONE', *, *, #1156, .T. ) ;
#3398 = CIRCLE ( 'NONE', #3580, 18.99999999999380051 ) ;
#3399 = EDGE_CURVE ( 'NONE', #177, #5454, #3837, .T. ) ;
#3400 = EDGE_CURVE ( 'NONE', #3788, #4495, #4431, .T. ) ;
#3401 = FACE_OUTER_BOUND ( 'NONE', #2977, .T. ) ;
#3402 = CIRCLE ( 'NONE', #1420, 1.000000000000000888 ) ;
#3403 = VECTOR ( 'NONE', #3599, 1000.000000000000000 ) ;
#3404 = VERTEX_POINT ( 'NONE', #2272 ) ;
#3405 = CARTESIAN_POINT ( 'NONE',  ( 11.53595302574987791, -9.248947257233798069, 0.000000000000000000 ) ) ;
#3406 = DIRECTION ( 'NONE',  ( -0.000000000000000000, -0.000000000000000000, -1.000000000000000000 ) ) ;
#3407 = VERTEX_POINT ( 'NONE', #1607 ) ;
#3408 = DIRECTION ( 'NONE',  ( -0.7071067811865480168, 0.7071067811865470176, 0.000000000000000000 ) ) ;
#3409 = EDGE_CURVE ( 'NONE', #4911, #2632, #5115, .T. ) ;
#3410 = CARTESIAN_POINT ( 'NONE',  ( -1.500000000005125900, 14.97998664885855469, -1.000000000000000000 ) ) ;
#3411 = ORIENTED_EDGE ( 'NONE', *, *, #5238, .F. ) ;
#3412 = CARTESIAN_POINT ( 'NONE',  ( 11.93595302574987649, -9.248947257233798069, 0.000000000000000000 ) ) ;
#3413 = ORIENTED_EDGE ( 'NONE', *, *, #5579, .F. ) ;
#3414 = DIRECTION ( 'NONE',  ( 1.000000000000000000, 0.000000000000000000, 0.000000000000000000 ) ) ;
#3415 = CARTESIAN_POINT ( 'NONE',  ( 23.57404796879309927, -8.544500781088730168E-16, 0.000000000000000000 ) ) ;
#3416 = CARTESIAN_POINT ( 'NONE',  ( 7.685162873678919482, -2.222222222208944498, 0.000000000000000000 ) ) ;
#3417 = CARTESIAN_POINT ( 'NONE',  ( 5.052849458527489901, 7.174169802094340298, 0.000000000000000000 ) ) ;
#3418 = EDGE_CURVE ( 'NONE', #2400, #5263, #1668, .T. ) ;
#3419 = CARTESIAN_POINT ( 'NONE',  ( -7.999141150556607016, 10.12046149409561124, 0.000000000000000000 ) ) ;
#3420 = ORIENTED_EDGE ( 'NONE', *, *, #512, .F. ) ;
#3421 = DIRECTION ( 'NONE',  ( 0.000000000000000000, 0.000000000000000000, 1.000000000000000000 ) ) ;
#3422 = AXIS2_PLACEMENT_3D ( 'NONE', #3664, #661, #3637 ) ;
#3423 = CARTESIAN_POINT ( 'NONE',  ( 14.00000000000000000, 16.00000000000000000, 0.000000000000000000 ) ) ;
#3424 = APPLICATION_PROTOCOL_DEFINITION ( 'draft international standard', 'automotive_design', 1998, #1723 ) ;
#3425 = CIRCLE ( 'NONE', #2704, 1.000000000000000000 ) ;
#3426 = VERTEX_POINT ( 'NONE', #1660 ) ;
#3427 = AXIS2_PLACEMENT_3D ( 'NONE', #2907, #2481, #333 ) ;
#3428 = ORIENTED_EDGE ( 'NONE', *, *, #2289, .F. ) ;
#3429 = CIRCLE ( 'NONE', #2620, 0.3999999999999999667 ) ;
#3430 = LINE ( 'NONE', #1671, #5118 ) ;
#3431 = CIRCLE ( 'NONE', #1713, 0.3999999999999993006 ) ;
#3432 = ORIENTED_EDGE ( 'NONE', *, *, #2485, .T. ) ;
#3433 = DIRECTION ( 'NONE',  ( 0.000000000000000000, 0.000000000000000000, 1.000000000000000000 ) ) ;
#3434 = VERTEX_POINT ( 'NONE', #3416 ) ;
#3435 = CARTESIAN_POINT ( 'NONE',  ( 26.25000000000000000, 13.25000000000000000, 0.000000000000000000 ) ) ;
#3436 = ORIENTED_EDGE ( 'NONE', *, *, #4542, .F. ) ;
#3437 = LINE ( 'NONE', #1289, #310 ) ;
#3438 = AXIS2_PLACEMENT_3D ( 'NONE', #785, #2511, #3805 ) ;
#3439 = CARTESIAN_POINT ( 'NONE',  ( 26.25000000000000000, -13.25000000000000000, -1.000000000000000000 ) ) ;
#3440 = ORIENTED_EDGE ( 'NONE', *, *, #4919, .T. ) ;
#3441 = DIRECTION ( 'NONE',  ( 0.000000000000000000, 0.000000000000000000, 1.000000000000000000 ) ) ;
#3442 = ORIENTED_EDGE ( 'NONE', *, *, #2807, .F. ) ;
#3443 = DIRECTION ( 'NONE',  ( 0.000000000000000000, 0.000000000000000000, 1.000000000000000000 ) ) ;
#3444 = FACE_OUTER_BOUND ( 'NONE', #2308, .T. ) ;
#3445 = DIRECTION ( 'NONE',  ( -0.000000000000000000, -0.000000000000000000, -1.000000000000000000 ) ) ;
#3446 = CARTESIAN_POINT ( 'NONE',  ( -11.43883991927437904, 15.17079237551494941, 0.000000000000000000 ) ) ;
#3447 = EDGE_CURVE ( 'NONE', #1135, #3119, #815, .T. ) ;
#3448 = CARTESIAN_POINT ( 'NONE',  ( 17.82554346997164885, -1.499999999985415888, -1.000000000000000000 ) ) ;
#3449 = ORIENTED_EDGE ( 'NONE', *, *, #4863, .T. ) ;
#3450 = CARTESIAN_POINT ( 'NONE',  ( 1.499999999985410115, 8.645808232889910627, 0.000000000000000000 ) ) ;
#3451 = ADVANCED_FACE ( 'NONE', ( #4747 ), #3331, .F. ) ;
#3452 = LINE ( 'NONE', #4757, #2309 ) ;
#3453 = EDGE_CURVE ( 'NONE', #198, #4792, #1581, .T. ) ;
#3454 = AXIS2_PLACEMENT_3D ( 'NONE', #5357, #126, #102 ) ;
#3455 = ORIENTED_EDGE ( 'NONE', *, *, #3625, .T. ) ;
#3456 = VECTOR ( 'NONE', #1756, 1000.000000000000000 ) ;
#3457 = CIRCLE ( 'NONE', #1261, 0.3999999999999993006 ) ;
#3458 = VERTEX_POINT ( 'NONE', #2566 ) ;
#3459 = FACE_BOUND ( 'NONE', #2646, .T. ) ;
#3460 = ORIENTED_EDGE ( 'NONE', *, *, #2662, .F. ) ;
#3461 = CARTESIAN_POINT ( 'NONE',  ( -1.499999999985441868, -12.35475616918664343, -1.000000000000000000 ) ) ;
#3462 = LINE ( 'NONE', #3855, #4451 ) ;
#3463 = EDGE_LOOP ( 'NONE', ( #1960, #5007, #2703, #3355 ) ) ;
#3464 = LINE ( 'NONE', #437, #1809 ) ;
#3465 = ORIENTED_EDGE ( 'NONE', *, *, #4652, .T. ) ;
#3466 = CARTESIAN_POINT ( 'NONE',  ( 14.00000000000000000, -16.00000000000000000, 0.000000000000000000 ) ) ;
#3467 = VECTOR ( 'NONE', #1164, 1000.000000000000000 ) ;
#3468 = LINE ( 'NONE', #15, #2479 ) ;
#3469 = ORIENTED_EDGE ( 'NONE', *, *, #2967, .T. ) ;
#3470 = LINE ( 'NONE', #3893, #5531 ) ;
#3471 = ORIENTED_EDGE ( 'NONE', *, *, #3820, .T. ) ;
#3472 = ADVANCED_FACE ( 'NONE', ( #2095 ), #1270, .F. ) ;
#3473 = LINE ( 'NONE', #923, #170 ) ;
#3474 = CYLINDRICAL_SURFACE ( 'NONE', #2680, 14.69999999999999929 ) ;
#3475 = AXIS2_PLACEMENT_3D ( 'NONE', #1889, #1040, #2764 ) ;
#3476 = EDGE_CURVE ( 'NONE', #4514, #3066, #5510, .T. ) ;
#3477 = ADVANCED_FACE ( 'NONE', ( #2513 ), #5538, .F. ) ;
#3478 = CYLINDRICAL_SURFACE ( 'NONE', #3668, 1.000000000000000888 ) ;
#3479 = FACE_OUTER_BOUND ( 'NONE', #5162, .T. ) ;
#3480 = AXIS2_PLACEMENT_3D ( 'NONE', #1000, #1393, #118 ) ;
#3481 = DIRECTION ( 'NONE',  ( 0.000000000000000000, -0.000000000000000000, -1.000000000000000000 ) ) ;
#3482 = ORIENTED_EDGE ( 'NONE', *, *, #3205, .F. ) ;
#3483 = CIRCLE ( 'NONE', #5458, 0.3999999999999993006 ) ;
#3484 = DIRECTION ( 'NONE',  ( 0.000000000000000000, 0.000000000000000000, 1.000000000000000000 ) ) ;
#3485 = DIRECTION ( 'NONE',  ( 0.000000000000000000, 0.000000000000000000, 1.000000000000000000 ) ) ;
#3486 = CARTESIAN_POINT ( 'NONE',  ( 10.83679571299646049, -14.37232961890862093, 0.000000000000000000 ) ) ;
#3487 = AXIS2_PLACEMENT_3D ( 'NONE', #2968, #2037, #2455 ) ;
#3488 = VERTEX_POINT ( 'NONE', #4294 ) ;
#3489 = CLOSED_SHELL ( 'NONE', ( #5009, #3549, #2973, #2643, #5411, #2109, #3712, #5523, #4991, #1987, #2640, #4477, #340, #1099, #4410, #401, #1052, #4696, #4829, #2519, #2420, #2884, #5164, #614, #1295, #2214, #3272, #2327, #1542, #3540, #5473, #5472, #4029, #3642, #4939, #5525, #93, #2235, #516, #3754, #1800, #3722, #468, #4934, #2741, #2933, #3099, #1575, #4456, #4052, #5470, #4799, #1637, #2056, #3005, #518, #4300, #100, #1551, #4175, #2554, #3958, #4304, #1986, #3275, #5519, #787, #24, #1565, #955, #1761, #2267, #5349, #4968, #1205, #1931, #4358, #4303, #3227, #4394, #4891, #2468, #3451, #3937, #1752, #3472, #1398, #2712, #1339, #3881, #1298, #412, #982, #3382, #45, #5150, #4158, #3337, #2126, #2061, #2915, #336, #368, #3938, #2467, #3741, #4600, #5333, #3374, #1861, #1102, #1881, #262, #1384, #634, #4002, #2325, #3348, #4628, #1998, #3477, #1130, #2062, #3327, #3034, #735, #808, #819, #879, #2162, #2148, #5378, #3494, #3743, #4273, #5046, #2868, #4552, #2515, #1224, #3919, #553, #1901, #5281, #5042, #1047, #1054, #3884, #1930, #1618, #2181, #5330, #4215, #928, #5390, #4244, #1927, #358, #752, #3984 ) ) ;
#3490 = FACE_BOUND ( 'NONE', #11, .T. ) ;
#3491 = ORIENTED_EDGE ( 'NONE', *, *, #2989, .F. ) ;
#3492 = VECTOR ( 'NONE', #2100, 1000.000000000000000 ) ;
#3493 = CIRCLE ( 'NONE', #2141, 1.999999999999998224 ) ;
#3494 = ADVANCED_FACE ( 'NONE', ( #756 ), #2540, .F. ) ;
#3495 = FACE_OUTER_BOUND ( 'NONE', #1288, .T. ) ;
#3496 = AXIS2_PLACEMENT_3D ( 'NONE', #3768, #1560, #1616 ) ;
#3497 = DIRECTION ( 'NONE',  ( -1.000000000000000000, 0.000000000000000000, 0.000000000000000000 ) ) ;
#3498 = VERTEX_POINT ( 'NONE', #3387 ) ;
#3499 = FACE_OUTER_BOUND ( 'NONE', #3342, .T. ) ;
#3500 = ORIENTED_EDGE ( 'NONE', *, *, #5183, .T. ) ;
#3501 = CARTESIAN_POINT ( 'NONE',  ( -18.81585144052604974, 2.638888888873525573, 0.000000000000000000 ) ) ;
#3502 = VECTOR ( 'NONE', #3808, 1000.000000000000000 ) ;
#3503 = AXIS2_PLACEMENT_3D ( 'NONE', #5322, #4074, #1453 ) ;
#3504 = ORIENTED_EDGE ( 'NONE', *, *, #1440, .T. ) ;
#3505 = DIRECTION ( 'NONE',  ( 1.000000000000000000, 0.000000000000000000, 0.000000000000000000 ) ) ;
#3506 = ORIENTED_EDGE ( 'NONE', *, *, #1585, .F. ) ;
#3507 = CARTESIAN_POINT ( 'NONE',  ( -2.499999999985480059, -17.82554346997164885, 0.000000000000000000 ) ) ;
#3508 = CARTESIAN_POINT ( 'NONE',  ( 13.66522283772204105, 11.54390249418305991, 0.000000000000000000 ) ) ;
#3509 = CARTESIAN_POINT ( 'NONE',  ( 11.65311031326308466, 9.531789969724114187, -1.000000000000000888 ) ) ;
#3510 = DIRECTION ( 'NONE',  ( -1.000000000000000000, 0.000000000000000000, 0.000000000000000000 ) ) ;
#3511 = ORIENTED_EDGE ( 'NONE', *, *, #302, .T. ) ;
#3512 = EDGE_CURVE ( 'NONE', #3714, #2865, #4209, .T. ) ;
#3513 = EDGE_CURVE ( 'NONE', #4251, #4261, #135, .T. ) ;
#3514 = DIRECTION ( 'NONE',  ( 0.000000000000000000, 0.000000000000000000, 1.000000000000000000 ) ) ;
#3515 = DIRECTION ( 'NONE',  ( 1.000000000000000000, 0.000000000000000000, 0.000000000000000000 ) ) ;
#3516 = FACE_OUTER_BOUND ( 'NONE', #2215, .T. ) ;
#3517 = EDGE_LOOP ( 'NONE', ( #2318, #4401, #1803, #4847 ) ) ;
#3518 = CARTESIAN_POINT ( 'NONE',  ( 20.00000000000000000, 18.00000000000000000, 0.000000000000000000 ) ) ;
#3519 = ORIENTED_EDGE ( 'NONE', *, *, #2573, .T. ) ;
#3520 = EDGE_CURVE ( 'NONE', #3883, #2221, #3294, .T. ) ;
#3521 = CYLINDRICAL_SURFACE ( 'NONE', #46, 0.3999999999999993006 ) ;
#3522 = ORIENTED_EDGE ( 'NONE', *, *, #55, .F. ) ;
#3523 = CYLINDRICAL_SURFACE ( 'NONE', #1335, 12.90000000000000213 ) ;
#3524 = ORIENTED_EDGE ( 'NONE', *, *, #3396, .F. ) ;
#3525 = CYLINDRICAL_SURFACE ( 'NONE', #4197, 1.000000000000000888 ) ;
#3526 = EDGE_CURVE ( 'NONE', #528, #4751, #5203, .T. ) ;
#3527 = CIRCLE ( 'NONE', #4248, 0.9999999999999497069 ) ;
#3528 = ORIENTED_EDGE ( 'NONE', *, *, #1165, .T. ) ;
#3529 = CIRCLE ( 'NONE', #2716, 1.999999999999998224 ) ;
#3530 = DIRECTION ( 'NONE',  ( 0.000000000000000000, 0.000000000000000000, 1.000000000000000000 ) ) ;
#3531 = ORIENTED_EDGE ( 'NONE', *, *, #5114, .T. ) ;
#3532 = DIRECTION ( 'NONE',  ( 0.000000000000000000, 0.000000000000000000, 1.000000000000000000 ) ) ;
#3533 = CARTESIAN_POINT ( 'NONE',  ( 7.675471695352641177, 9.796792038919514667, -1.000000000000000000 ) ) ;
#3534 = LINE ( 'NONE', #5257, #4734 ) ;
#3535 = ORIENTED_EDGE ( 'NONE', *, *, #1681, .F. ) ;
#3536 = DIRECTION ( 'NONE',  ( 0.000000000000000000, 0.000000000000000000, 1.000000000000000000 ) ) ;
#3537 = DIRECTION ( 'NONE',  ( 0.000000000000000000, 0.000000000000000000, 1.000000000000000000 ) ) ;
#3538 = DIRECTION ( 'NONE',  ( -6.992006517994760179E-15, -1.000000000000000000, 0.000000000000000000 ) ) ;
#3539 = ORIENTED_EDGE ( 'NONE', *, *, #3686, .F. ) ;
#3540 = ADVANCED_FACE ( 'NONE', ( #388 ), #2120, .F. ) ;
#3541 = LINE ( 'NONE', #1390, #3853 ) ;
#3542 = ORIENTED_EDGE ( 'NONE', *, *, #3557, .F. ) ;
#3543 = PLANE ( 'NONE',  #942 ) ;
#3544 = ORIENTED_EDGE ( 'NONE', *, *, #1238, .F. ) ;
#3545 = DIRECTION ( 'NONE',  ( -0.7071067811865510144, -0.7071067811865441310, 0.000000000000000000 ) ) ;
#3546 = ORIENTED_EDGE ( 'NONE', *, *, #4234, .F. ) ;
#3547 = AXIS2_PLACEMENT_3D ( 'NONE', #3412, #3922, #1714 ) ;
#3548 = DIRECTION ( 'NONE',  ( -0.000000000000000000, -0.000000000000000000, -1.000000000000000000 ) ) ;
#3549 = ADVANCED_FACE ( 'NONE', ( #1690 ), #2996, .F. ) ;
#3550 = CARTESIAN_POINT ( 'NONE',  ( 1.900000000005073186, -12.35475616918362185, 0.000000000000000000 ) ) ;
#3551 = CARTESIAN_POINT ( 'NONE',  ( 1.499999999985409227, 12.35475616918664699, 0.000000000000000000 ) ) ;
#3552 = VERTEX_POINT ( 'NONE', #3021 ) ;
#3553 = LINE ( 'NONE', #3100, #1169 ) ;
#3554 = DIRECTION ( 'NONE',  ( 0.000000000000000000, 0.000000000000000000, 1.000000000000000000 ) ) ;
#3555 = LINE ( 'NONE', #2655, #5547 ) ;
#3556 = ORIENTED_EDGE ( 'NONE', *, *, #5300, .F. ) ;
#3557 = EDGE_CURVE ( 'NONE', #2055, #1345, #3750, .T. ) ;
#3558 = EDGE_CURVE ( 'NONE', #5098, #3714, #975, .T. ) ;
#3559 = LINE ( 'NONE', #2284, #2527 ) ;
#3560 = CARTESIAN_POINT ( 'NONE',  ( 13.66522283772204105, 11.54390249418305991, -1.000000000000000000 ) ) ;
#3561 = DIRECTION ( 'NONE',  ( 0.000000000000000000, 0.000000000000000000, 1.000000000000000000 ) ) ;
#3562 = VECTOR ( 'NONE', #5308, 1000.000000000000000 ) ;
#3563 = AXIS2_PLACEMENT_3D ( 'NONE', #4462, #4030, #4571 ) ;
#3564 = EDGE_LOOP ( 'NONE', ( #3428, #3833, #748, #2147 ) ) ;
#3565 = LINE ( 'NONE', #4042, #2319 ) ;
#3566 = AXIS2_PLACEMENT_3D ( 'NONE', #3727, #2821, #667 ) ;
#3567 = AXIS2_PLACEMENT_3D ( 'NONE', #5174, #334, #2069 ) ;
#3568 = DIRECTION ( 'NONE',  ( -1.000000000000000000, -1.927470528863119788E-16, 0.000000000000000000 ) ) ;
#3569 = VERTEX_POINT ( 'NONE', #3605 ) ;
#3570 = AXIS2_PLACEMENT_3D ( 'NONE', #3196, #4045, #1136 ) ;
#3571 = EDGE_CURVE ( 'NONE', #4744, #4225, #1428, .T. ) ;
#3572 = CARTESIAN_POINT ( 'NONE',  ( 14.97998664885855291, 1.900000000005118039, 41.57787873376899768 ) ) ;
#3573 = VERTEX_POINT ( 'NONE', #867 ) ;
#3574 = EDGE_CURVE ( 'NONE', #1561, #3325, #2600, .T. ) ;
#3575 = PLANE ( 'NONE',  #1418 ) ;
#3576 = EDGE_CURVE ( 'NONE', #2890, #4887, #2355, .T. ) ;
#3577 = ORIENTED_EDGE ( 'NONE', *, *, #5061, .T. ) ;
#3578 = DIRECTION ( 'NONE',  ( 0.000000000000000000, 0.000000000000000000, 1.000000000000000000 ) ) ;
#3579 = AXIS2_PLACEMENT_3D ( 'NONE', #2879, #4550, #729 ) ;
#3580 = AXIS2_PLACEMENT_3D ( 'NONE', #3724, #3299, #3326 ) ;
#3581 = ORIENTED_EDGE ( 'NONE', *, *, #3062, .F. ) ;
#3582 = LINE ( 'NONE', #527, #3093 ) ;
#3583 = ORIENTED_EDGE ( 'NONE', *, *, #1739, .F. ) ;
#3584 = VECTOR ( 'NONE', #2011, 1000.000000000000000 ) ;
#3585 = VECTOR ( 'NONE', #4961, 1000.000000000000000 ) ;
#3586 = CARTESIAN_POINT ( 'NONE',  ( -17.82554346997169858, 1.499999999985406118, 0.000000000000000000 ) ) ;
#3587 = CARTESIAN_POINT ( 'NONE',  ( -11.54390249418310077, 13.66522283772210145, -1.000000000000000000 ) ) ;
#3588 = VECTOR ( 'NONE', #680, 1000.000000000000000 ) ;
#3589 = EDGE_CURVE ( 'NONE', #2144, #1253, #1043, .T. ) ;
#3590 = DIRECTION ( 'NONE',  ( 0.000000000000000000, 0.000000000000000000, -1.000000000000000000 ) ) ;
#3591 = AXIS2_PLACEMENT_3D ( 'NONE', #3955, #4804, #950 ) ;
#3592 = ORIENTED_EDGE ( 'NONE', *, *, #2379, .F. ) ;
#3593 = DIRECTION ( 'NONE',  ( 0.000000000000000000, 0.000000000000000000, 1.000000000000000000 ) ) ;
#3594 = DIRECTION ( 'NONE',  ( -1.000000000000000000, 0.000000000000000000, 0.000000000000000000 ) ) ;
#3595 = EDGE_CURVE ( 'NONE', #675, #3997, #4202, .T. ) ;
#3596 = CARTESIAN_POINT ( 'NONE',  ( 1.849668874177116118, -14.58316581047820293, -1.000000000000000000 ) ) ;
#3597 = ORIENTED_EDGE ( 'NONE', *, *, #2485, .F. ) ;
#3598 = CARTESIAN_POINT ( 'NONE',  ( -18.81585144052309744, -2.638888888894350249, -1.000000000000000000 ) ) ;
#3599 = DIRECTION ( 'NONE',  ( 0.000000000000000000, 0.000000000000000000, 1.000000000000000000 ) ) ;
#3600 = ORIENTED_EDGE ( 'NONE', *, *, #2827, .T. ) ;
#3601 = LINE ( 'NONE', #5014, #5371 ) ;
#3602 = ORIENTED_EDGE ( 'NONE', *, *, #4732, .T. ) ;
#3603 = DIRECTION ( 'NONE',  ( -0.000000000000000000, -0.000000000000000000, -1.000000000000000000 ) ) ;
#3604 = ORIENTED_EDGE ( 'NONE', *, *, #3086, .F. ) ;
#3605 = CARTESIAN_POINT ( 'NONE',  ( 1.500000000005065059, -14.97998664885855824, 0.000000000000000000 ) ) ;
#3606 = CIRCLE ( 'NONE', #1700, 1.000000000000000000 ) ;
#3607 = CARTESIAN_POINT ( 'NONE',  ( 20.00000000000000000, -18.00000000000000000, -1.000000000000000000 ) ) ;
#3608 = DIRECTION ( 'NONE',  ( 0.000000000000000000, 0.000000000000000000, 1.000000000000000000 ) ) ;
#3609 = VERTEX_POINT ( 'NONE', #3234 ) ;
#3610 = VECTOR ( 'NONE', #4718, 1000.000000000000000 ) ;
#3611 = CARTESIAN_POINT ( 'NONE',  ( -5.052849458527489901, -7.174169802094300330, -1.000000000000000000 ) ) ;
#3612 = CARTESIAN_POINT ( 'NONE',  ( 17.82554346997164885, -2.499999999985414778, -1.000000000000000000 ) ) ;
#3613 = AXIS2_PLACEMENT_3D ( 'NONE', #802, #3070, #5102 ) ;
#3614 = CARTESIAN_POINT ( 'NONE',  ( -14.62326912834622483, 1.499999999985406118, -1.000000000000000888 ) ) ;
#3615 = ORIENTED_EDGE ( 'NONE', *, *, #1498, .F. ) ;
#3616 = DIRECTION ( 'NONE',  ( 0.000000000000000000, 0.000000000000000000, 1.000000000000000000 ) ) ;
#3617 = CARTESIAN_POINT ( 'NONE',  ( 15.17079237551489967, 11.43883991927430088, 0.000000000000000000 ) ) ;
#3618 = CIRCLE ( 'NONE', #4969, 0.9999999999999991118 ) ;
#3619 = DIRECTION ( 'NONE',  ( 0.000000000000000000, 0.000000000000000000, 1.000000000000000000 ) ) ;
#3620 = DIRECTION ( 'NONE',  ( 0.000000000000000000, 0.000000000000000000, 1.000000000000000000 ) ) ;
#3621 = EDGE_LOOP ( 'NONE', ( #5156, #3076, #3500, #3233, #1531, #4598, #5240 ) ) ;
#3622 = EDGE_CURVE ( 'NONE', #1419, #3788, #3206, .T. ) ;
#3623 = VECTOR ( 'NONE', #4331, 999.9999999999998863 ) ;
#3624 = LINE ( 'NONE', #1841, #4311 ) ;
#3625 = EDGE_CURVE ( 'NONE', #3684, #1728, #5372, .T. ) ;
#3626 = DIRECTION ( 'NONE',  ( 0.000000000000000000, 0.000000000000000000, 1.000000000000000000 ) ) ;
#3627 = EDGE_LOOP ( 'NONE', ( #3255, #3436, #1499, #5069 ) ) ;
#3628 = LINE ( 'NONE', #2323, #2576 ) ;
#3629 = ORIENTED_EDGE ( 'NONE', *, *, #32, .T. ) ;
#3630 = CARTESIAN_POINT ( 'NONE',  ( 0.000000000000000000, 0.000000000000000000, 41.57787873376899768 ) ) ;
#3631 = VERTEX_POINT ( 'NONE', #154 ) ;
#3632 = CIRCLE ( 'NONE', #1194, 7.999999999990779820 ) ;
#3633 = CARTESIAN_POINT ( 'NONE',  ( 0.000000000000000000, 0.000000000000000000, 0.000000000000000000 ) ) ;
#3634 = DIRECTION ( 'NONE',  ( 1.000000000000000000, 0.000000000000000000, 0.000000000000000000 ) ) ;
#3635 = CARTESIAN_POINT ( 'NONE',  ( 8.645808232889899969, -1.499999999985384136, -1.000000000000000000 ) ) ;
#3636 = VERTEX_POINT ( 'NONE', #4433 ) ;
#3637 = DIRECTION ( 'NONE',  ( 1.000000000000000000, 0.000000000000000000, 0.000000000000000000 ) ) ;
#3638 = CARTESIAN_POINT ( 'NONE',  ( 1.499999999985410115, 17.82554346997169858, -1.000000000000000000 ) ) ;
#3639 = DIRECTION ( 'NONE',  ( -3.873949557266115609E-15, 1.000000000000000000, 0.000000000000000000 ) ) ;
#3640 = ORIENTED_EDGE ( 'NONE', *, *, #4581, .F. ) ;
#3641 = EDGE_CURVE ( 'NONE', #3366, #3168, #4293, .T. ) ;
#3642 = ADVANCED_FACE ( 'NONE', ( #1910 ), #3478, .F. ) ;
#3643 = PLANE ( 'NONE',  #1271 ) ;
#3644 = EDGE_CURVE ( 'NONE', #261, #1419, #1145, .T. ) ;
#3645 = CARTESIAN_POINT ( 'NONE',  ( 0.000000000000000000, 0.000000000000000000, -1.000000000000000000 ) ) ;
#3646 = CARTESIAN_POINT ( 'NONE',  ( -16.00000000000000000, -16.00000000000000000, 0.000000000000000000 ) ) ;
#3647 = CARTESIAN_POINT ( 'NONE',  ( 0.000000000000000000, 0.000000000000000000, -1.000000000000000000 ) ) ;
#3648 = ORIENTED_EDGE ( 'NONE', *, *, #3225, .F. ) ;
#3649 = FACE_BOUND ( 'NONE', #4927, .T. ) ;
#3650 = CIRCLE ( 'NONE', #490, 0.3999999999999999667 ) ;
#3651 = EDGE_CURVE ( 'NONE', #37, #4369, #3659, .T. ) ;
#3652 = CARTESIAN_POINT ( 'NONE',  ( 26.25000000000000000, 1.249110811708009910E-14, -1.000000000000000000 ) ) ;
#3653 = EDGE_LOOP ( 'NONE', ( #3709, #1223, #4603, #2784 ) ) ;
#3654 = VECTOR ( 'NONE', #1949, 1000.000000000000000 ) ;
#3655 = VERTEX_POINT ( 'NONE', #551 ) ;
#3656 = DIRECTION ( 'NONE',  ( 0.000000000000000000, 0.000000000000000000, 1.000000000000000000 ) ) ;
#3657 = ORIENTED_EDGE ( 'NONE', *, *, #1273, .F. ) ;
#3658 = AXIS2_PLACEMENT_3D ( 'NONE', #2927, #5023, #5134 ) ;
#3659 = LINE ( 'NONE', #2781, #231 ) ;
#3660 = STYLED_ITEM ( 'NONE', ( #397 ), #1306 ) ;
#3661 = DIRECTION ( 'NONE',  ( 0.000000000000000000, 0.000000000000000000, 1.000000000000000000 ) ) ;
#3662 = LINE ( 'NONE', #1483, #3907 ) ;
#3663 = ORIENTED_EDGE ( 'NONE', *, *, #2916, .T. ) ;
#3664 = CARTESIAN_POINT ( 'NONE',  ( -16.00000000000000000, 16.00000000000000000, -1.000000000000000000 ) ) ;
#3665 = AXIS2_PLACEMENT_3D ( 'NONE', #3320, #716, #2810 ) ;
#3666 = CYLINDRICAL_SURFACE ( 'NONE', #1662, 0.3999999999999999667 ) ;
#3667 = ORIENTED_EDGE ( 'NONE', *, *, #4700, .F. ) ;
#3668 = AXIS2_PLACEMENT_3D ( 'NONE', #1749, #631, #4878 ) ;
#3669 = AXIS2_PLACEMENT_3D ( 'NONE', #136, #4861, #108 ) ;
#3670 = ORIENTED_EDGE ( 'NONE', *, *, #99, .F. ) ;
#3671 = CARTESIAN_POINT ( 'NONE',  ( 7.685162873678919482, -2.222222222208944498, -1.000000000000000000 ) ) ;
#3672 = CARTESIAN_POINT ( 'NONE',  ( 0.000000000000000000, 0.000000000000000000, -1.000000000000000000 ) ) ;
#3673 = CARTESIAN_POINT ( 'NONE',  ( -14.97998664885855291, -1.900000000005124701, 41.57787873376899768 ) ) ;
#3674 = AXIS2_PLACEMENT_3D ( 'NONE', #4439, #3184, #1379 ) ;
#3675 = AXIS2_PLACEMENT_3D ( 'NONE', #1843, #1818, #3963 ) ;
#3676 = LINE ( 'NONE', #274, #3584 ) ;
#3677 = EDGE_LOOP ( 'NONE', ( #2744, #3153, #152, #3115, #1572, #1722, #3511, #4314 ) ) ;
#3678 = ORIENTED_EDGE ( 'NONE', *, *, #1392, .T. ) ;
#3679 = DIRECTION ( 'NONE',  ( 0.000000000000000000, 0.000000000000000000, 1.000000000000000000 ) ) ;
#3680 = CARTESIAN_POINT ( 'NONE',  ( 4.345742677358879646, -7.881276583270970804, -1.000000000000000000 ) ) ;
#3681 = ORIENTED_EDGE ( 'NONE', *, *, #318, .F. ) ;
#3682 = ORIENTED_EDGE ( 'NONE', *, *, #195, .T. ) ;
#3683 = FACE_OUTER_BOUND ( 'NONE', #5267, .T. ) ;
#3684 = VERTEX_POINT ( 'NONE', #1880 ) ;
#3685 = DIRECTION ( 'NONE',  ( 0.000000000000000000, 0.000000000000000000, 1.000000000000000000 ) ) ;
#3686 = EDGE_CURVE ( 'NONE', #4854, #1652, #779, .T. ) ;
#3687 = CARTESIAN_POINT ( 'NONE',  ( 3.862882379858115112, 7.005579185137669640, -1.000000000000000000 ) ) ;
#3688 = CARTESIAN_POINT ( 'NONE',  ( -2.500000000005025313, 8.645808232884210298, 0.000000000000000000 ) ) ;
#3689 = ORIENTED_EDGE ( 'NONE', *, *, #2974, .F. ) ;
#3690 = EDGE_CURVE ( 'NONE', #2491, #4153, #4457, .T. ) ;
#3691 = DIRECTION ( 'NONE',  ( -0.7071067811865441310, 0.7071067811865510144, 0.000000000000000000 ) ) ;
#3692 = EDGE_CURVE ( 'NONE', #2981, #2632, #3493, .T. ) ;
#3693 = DIRECTION ( 'NONE',  ( 0.000000000000000000, 0.000000000000000000, -1.000000000000000000 ) ) ;
#3694 = CIRCLE ( 'NONE', #4141, 1.000000000000000888 ) ;
#3695 = VERTEX_POINT ( 'NONE', #1064 ) ;
#3696 = AXIS2_PLACEMENT_3D ( 'NONE', #618, #4443, #2313 ) ;
#3697 = CARTESIAN_POINT ( 'NONE',  ( -4.345742677358824579, 7.881276583271000113, -1.000000000000000000 ) ) ;
#3698 = EDGE_LOOP ( 'NONE', ( #2805, #4758, #4546, #43, #5588, #526, #4679, #3471 ) ) ;
#3699 = DIRECTION ( 'NONE',  ( 0.000000000000000000, 0.000000000000000000, 1.000000000000000000 ) ) ;
#3700 = CARTESIAN_POINT ( 'NONE',  ( 17.82554346997164885, -2.499999999985414778, -1.000000000000000000 ) ) ;
#3701 = VECTOR ( 'NONE', #840, 1000.000000000000000 ) ;
#3702 = CARTESIAN_POINT ( 'NONE',  ( -1.849668874177175626, 14.58316581047819405, -1.000000000000000000 ) ) ;
#3703 = DIRECTION ( 'NONE',  ( 0.000000000000000000, 0.000000000000000000, 1.000000000000000000 ) ) ;
#3704 = EDGE_LOOP ( 'NONE', ( #3035, #2510, #3769, #3432 ) ) ;
#3705 = ORIENTED_EDGE ( 'NONE', *, *, #5444, .F. ) ;
#3706 = AXIS2_PLACEMENT_3D ( 'NONE', #3779, #1630, #1209 ) ;
#3707 = FACE_OUTER_BOUND ( 'NONE', #5089, .T. ) ;
#3708 = DIRECTION ( 'NONE',  ( 0.000000000000000000, 0.000000000000000000, 1.000000000000000000 ) ) ;
#3709 = ORIENTED_EDGE ( 'NONE', *, *, #1277, .F. ) ;
#3710 = DIRECTION ( 'NONE',  ( 0.000000000000000000, 0.000000000000000000, 1.000000000000000000 ) ) ;
#3711 = ORIENTED_EDGE ( 'NONE', *, *, #1053, .F. ) ;
#3712 = ADVANCED_FACE ( 'NONE', ( #2329 ), #4931, .F. ) ;
#3713 = DIRECTION ( 'NONE',  ( -0.7071067811865480168, 0.7071067811865470176, 0.000000000000000000 ) ) ;
#3714 = VERTEX_POINT ( 'NONE', #1936 ) ;
#3715 = EDGE_CURVE ( 'NONE', #3631, #4114, #424, .T. ) ;
#3716 = CYLINDRICAL_SURFACE ( 'NONE', #3848, 0.3999999999999993006 ) ;
#3717 = CARTESIAN_POINT ( 'NONE',  ( 22.00000000000000000, -15.25000000000000000, -1.000000000000000000 ) ) ;
#3718 = DIRECTION ( 'NONE',  ( 0.7071067811865535679, 0.7071067811865415775, 0.000000000000000000 ) ) ;
#3719 = EDGE_LOOP ( 'NONE', ( #2898, #1849 ) ) ;
#3720 = DIRECTION ( 'NONE',  ( 0.000000000000000000, 0.000000000000000000, -1.000000000000000000 ) ) ;
#3721 = CARTESIAN_POINT ( 'NONE',  ( 20.00000000000000000, 15.25000000000000000, -1.000000000000000000 ) ) ;
#3722 = ADVANCED_FACE ( 'NONE', ( #2415 ), #256, .F. ) ;
#3723 = ORIENTED_EDGE ( 'NONE', *, *, #4651, .T. ) ;
#3724 = CARTESIAN_POINT ( 'NONE',  ( 0.000000000000000000, 0.000000000000000000, 0.000000000000000000 ) ) ;
#3725 = DIRECTION ( 'NONE',  ( 0.000000000000000000, 0.000000000000000000, 1.000000000000000000 ) ) ;
#3726 = SURFACE_STYLE_FILL_AREA ( #5447 ) ;
#3727 = CARTESIAN_POINT ( 'NONE',  ( 0.000000000000000000, 0.000000000000000000, -1.000000000000000000 ) ) ;
#3728 = DIRECTION ( 'NONE',  ( 0.000000000000000000, 0.000000000000000000, 1.000000000000000000 ) ) ;
#3729 = EDGE_CURVE ( 'NONE', #4122, #1225, #5570, .T. ) ;
#3730 = VERTEX_POINT ( 'NONE', #2806 ) ;
#3731 = ORIENTED_EDGE ( 'NONE', *, *, #4507, .T. ) ;
#3732 = DIRECTION ( 'NONE',  ( 0.000000000000000000, 0.000000000000000000, 1.000000000000000000 ) ) ;
#3733 = CIRCLE ( 'NONE', #2446, 0.3999999999999993006 ) ;
#3734 = DIRECTION ( 'NONE',  ( 1.000000000000000000, 0.000000000000000000, 0.000000000000000000 ) ) ;
#3735 = EDGE_LOOP ( 'NONE', ( #4128, #1229, #2588, #3254 ) ) ;
#3736 = EDGE_LOOP ( 'NONE', ( #655, #416, #4882, #2389 ) ) ;
#3737 = DIRECTION ( 'NONE',  ( -0.7071067811865470176, -0.7071067811865480168, 0.000000000000000000 ) ) ;
#3738 = ORIENTED_EDGE ( 'NONE', *, *, #3202, .F. ) ;
#3739 = CIRCLE ( 'NONE', #1842, 0.3999999999999993006 ) ;
#3740 = DIRECTION ( 'NONE',  ( 0.000000000000000000, 0.000000000000000000, 1.000000000000000000 ) ) ;
#3741 = ADVANCED_FACE ( 'NONE', ( #2869 ), #1997, .F. ) ;
#3742 = EDGE_CURVE ( 'NONE', #4012, #1096, #657, .T. ) ;
#3743 = ADVANCED_FACE ( 'NONE', ( #2380 ), #3716, .F. ) ;
#3744 = DIRECTION ( 'NONE',  ( 0.000000000000000000, 0.000000000000000000, 1.000000000000000000 ) ) ;
#3745 = CIRCLE ( 'NONE', #3658, 1.999999999999998224 ) ;
#3746 = DIRECTION ( 'NONE',  ( -0.000000000000000000, -0.000000000000000000, -1.000000000000000000 ) ) ;
#3747 = ORIENTED_EDGE ( 'NONE', *, *, #470, .T. ) ;
#3748 = DIRECTION ( 'NONE',  ( 0.000000000000000000, 0.000000000000000000, 1.000000000000000000 ) ) ;
#3749 = VECTOR ( 'NONE', #2802, 1000.000000000000000 ) ;
#3750 = CIRCLE ( 'NONE', #5463, 14.69999999999999929 ) ;
#3751 = DIRECTION ( 'NONE',  ( 1.000000000000000000, 8.673617379884051249E-15, 0.000000000000000000 ) ) ;
#3752 = ORIENTED_EDGE ( 'NONE', *, *, #2448, .T. ) ;
#3753 = CARTESIAN_POINT ( 'NONE',  ( -11.61976883963723139, 9.003942031876684737, -1.000000000000000000 ) ) ;
#3754 = ADVANCED_FACE ( 'NONE', ( #230 ), #316, .F. ) ;
#3755 = CARTESIAN_POINT ( 'NONE',  ( 22.07404796879309927, -6.707530582367699987E-16, 0.000000000000000000 ) ) ;
#3756 = FILL_AREA_STYLE_COLOUR ( '', #86 ) ;
#3757 = DIRECTION ( 'NONE',  ( 0.000000000000000000, 0.000000000000000000, 1.000000000000000000 ) ) ;
#3758 = DIRECTION ( 'NONE',  ( 0.7071067811865480168, -0.7071067811865470176, 0.000000000000000000 ) ) ;
#3759 = AXIS2_PLACEMENT_3D ( 'NONE', #3816, #4678, #5212 ) ;
#3760 = CIRCLE ( 'NONE', #4302, 0.4000000000000001887 ) ;
#3761 = ORIENTED_EDGE ( 'NONE', *, *, #3622, .T. ) ;
#3762 = ORIENTED_EDGE ( 'NONE', *, *, #943, .T. ) ;
#3763 = DIRECTION ( 'NONE',  ( 1.000000000000000000, 0.000000000000000000, 0.000000000000000000 ) ) ;
#3764 = EDGE_CURVE ( 'NONE', #600, #5121, #5409, .T. ) ;
#3765 = CARTESIAN_POINT ( 'NONE',  ( -2.500000000004934719, 17.82554346996894878, 0.000000000000000000 ) ) ;
#3766 = VERTEX_POINT ( 'NONE', #1143 ) ;
#3767 = ORIENTED_EDGE ( 'NONE', *, *, #284, .T. ) ;
#3768 = CARTESIAN_POINT ( 'NONE',  ( 0.000000000000000000, 0.000000000000000000, 0.000000000000000000 ) ) ;
#3769 = ORIENTED_EDGE ( 'NONE', *, *, #4989, .F. ) ;
#3770 = DIRECTION ( 'NONE',  ( 1.000000000000000000, 0.000000000000000000, 0.000000000000000000 ) ) ;
#3771 = EDGE_LOOP ( 'NONE', ( #5524, #4048, #70, #1693, #168, #1983, #5273, #1610, #5385, #3238 ) ) ;
#3772 = DIRECTION ( 'NONE',  ( 0.000000000000000000, 0.000000000000000000, 1.000000000000000000 ) ) ;
#3773 = DIRECTION ( 'NONE',  ( 0.000000000000000000, 0.000000000000000000, 1.000000000000000000 ) ) ;
#3774 = ORIENTED_EDGE ( 'NONE', *, *, #1352, .F. ) ;
#3775 = DIRECTION ( 'NONE',  ( 1.000000000000000000, 0.000000000000000000, 0.000000000000000000 ) ) ;
#3776 = DIRECTION ( 'NONE',  ( 1.000000000000000000, 0.000000000000000000, 0.000000000000000000 ) ) ;
#3777 = ORIENTED_EDGE ( 'NONE', *, *, #5507, .F. ) ;
#3778 = CARTESIAN_POINT ( 'NONE',  ( 0.000000000000000000, 0.000000000000000000, 41.57787873376899768 ) ) ;
#3779 = CARTESIAN_POINT ( 'NONE',  ( 8.645808232884188982, 2.500000000005115020, -1.000000000000000000 ) ) ;
#3780 = DIRECTION ( 'NONE',  ( 0.000000000000000000, 0.000000000000000000, -1.000000000000000000 ) ) ;
#3781 = CARTESIAN_POINT ( 'NONE',  ( 14.37232961892055982, -10.83679571298064026, -1.000000000000000000 ) ) ;
#3782 = CARTESIAN_POINT ( 'NONE',  ( 11.61976883962544704, 9.003942031891892128, -1.000000000000000000 ) ) ;
#3783 = ORIENTED_EDGE ( 'NONE', *, *, #4716, .T. ) ;
#3784 = ORIENTED_EDGE ( 'NONE', *, *, #3526, .T. ) ;
#3785 = CARTESIAN_POINT ( 'NONE',  ( -2.500000000004934719, 17.82554346996894878, -1.000000000000000000 ) ) ;
#3786 = DIRECTION ( 'NONE',  ( -1.000000000000000000, 0.000000000000000000, 0.000000000000000000 ) ) ;
#3787 = AXIS2_PLACEMENT_3D ( 'NONE', #1567, #1177, #234 ) ;
#3788 = VERTEX_POINT ( 'NONE', #4987 ) ;
#3789 = EDGE_CURVE ( 'NONE', #2055, #5362, #2833, .T. ) ;
#3790 = CIRCLE ( 'NONE', #1899, 1.500000000000001332 ) ;
#3791 =( NAMED_UNIT ( * ) SI_UNIT ( $, .STERADIAN. ) SOLID_ANGLE_UNIT ( ) );
#3792 = ORIENTED_EDGE ( 'NONE', *, *, #1156, .F. ) ;
#3793 = DIRECTION ( 'NONE',  ( 1.000000000000000000, 0.000000000000000000, 0.000000000000000000 ) ) ;
#3794 = ORIENTED_EDGE ( 'NONE', *, *, #4426, .T. ) ;
#3795 = DIRECTION ( 'NONE',  ( 0.000000000000000000, 0.000000000000000000, 1.000000000000000000 ) ) ;
#3796 = EDGE_LOOP ( 'NONE', ( #59, #3968, #2979, #3282 ) ) ;
#3797 = CARTESIAN_POINT ( 'NONE',  ( -7.881276583280840242, 4.345742677340974858, -1.000000000000000000 ) ) ;
#3798 = CARTESIAN_POINT ( 'NONE',  ( 7.881276583280871328, -4.345742677340919791, -1.000000000000000000 ) ) ;
#3799 = ORIENTED_EDGE ( 'NONE', *, *, #943, .F. ) ;
#3800 = CARTESIAN_POINT ( 'NONE',  ( 0.000000000000000000, 0.000000000000000000, 0.000000000000000000 ) ) ;
#3801 = CARTESIAN_POINT ( 'NONE',  ( 11.61976883963729179, -9.003942031876608354, 41.57787873376899768 ) ) ;
#3802 = VERTEX_POINT ( 'NONE', #4599 ) ;
#3803 = CARTESIAN_POINT ( 'NONE',  ( 12.35475616918361474, 1.900000000005116707, 0.000000000000000000 ) ) ;
#3804 = ORIENTED_EDGE ( 'NONE', *, *, #5222, .F. ) ;
#3805 = DIRECTION ( 'NONE',  ( -1.000000000000000000, 0.000000000000000000, 0.000000000000000000 ) ) ;
#3806 = LINE ( 'NONE', #4356, #5575 ) ;
#3807 = CARTESIAN_POINT ( 'NONE',  ( -14.58316581047819405, -1.849668874177174516, 41.57787873376899768 ) ) ;
#3808 = DIRECTION ( 'NONE',  ( 0.000000000000000000, 0.000000000000000000, 1.000000000000000000 ) ) ;
#3809 = EDGE_CURVE ( 'NONE', #1067, #2491, #602, .T. ) ;
#3810 = CARTESIAN_POINT ( 'NONE',  ( -11.43883991925759958, -15.17079237552750115, 0.000000000000000000 ) ) ;
#3811 = EDGE_LOOP ( 'NONE', ( #2721, #50, #5155, #1219, #2117, #4287, #2711, #3261 ) ) ;
#3812 = EDGE_CURVE ( 'NONE', #1736, #3569, #1619, .T. ) ;
#3813 = EDGE_CURVE ( 'NONE', #4236, #4540, #511, .T. ) ;
#3814 = AXIS2_PLACEMENT_3D ( 'NONE', #1266, #2992, #2561 ) ;
#3815 = CARTESIAN_POINT ( 'NONE',  ( -18.00000000000000000, 20.00000000000000000, -1.000000000000000000 ) ) ;
#3816 = CARTESIAN_POINT ( 'NONE',  ( 7.174169802094319870, -5.052849458527470361, -1.000000000000000000 ) ) ;
#3817 = AXIS2_PLACEMENT_3D ( 'NONE', #1248, #1302, #3510 ) ;
#3818 = ORIENTED_EDGE ( 'NONE', *, *, #5274, .F. ) ;
#3819 = VERTEX_POINT ( 'NONE', #2895 ) ;
#3820 = EDGE_CURVE ( 'NONE', #409, #2176, #2048, .T. ) ;
#3821 = DIRECTION ( 'NONE',  ( 1.000000000000000000, 0.000000000000000000, 0.000000000000000000 ) ) ;
#3822 = VERTEX_POINT ( 'NONE', #743 ) ;
#3823 = CARTESIAN_POINT ( 'NONE',  ( -7.685162873678919482, 2.222222222208964926, -1.000000000000000000 ) ) ;
#3824 = DIRECTION ( 'NONE',  ( 0.000000000000000000, 0.000000000000000000, 1.000000000000000000 ) ) ;
#3825 = EDGE_LOOP ( 'NONE', ( #1254, #5467, #148, #3761, #3440, #2322, #4729, #1003, #1534, #3670 ) ) ;
#3826 = LINE ( 'NONE', #5104, #2937 ) ;
#3827 = EDGE_CURVE ( 'NONE', #4504, #2137, #2469, .T. ) ;
#3828 = AXIS2_PLACEMENT_3D ( 'NONE', #559, #2307, #132 ) ;
#3829 = FACE_OUTER_BOUND ( 'NONE', #5580, .T. ) ;
#3830 = EDGE_CURVE ( 'NONE', #482, #5348, #1236, .T. ) ;
#3831 = VERTEX_POINT ( 'NONE', #4653 ) ;
#3832 = CYLINDRICAL_SURFACE ( 'NONE', #3814, 7.999999999990759392 ) ;
#3833 = ORIENTED_EDGE ( 'NONE', *, *, #5107, .F. ) ;
#3834 = AXIS2_PLACEMENT_3D ( 'NONE', #3116, #3993, #3967 ) ;
#3835 = CARTESIAN_POINT ( 'NONE',  ( 7.174169802094319870, -5.052849458527470361, -1.000000000000000000 ) ) ;
#3836 = DIRECTION ( 'NONE',  ( 0.000000000000000000, 0.000000000000000000, -1.000000000000000000 ) ) ;
#3837 = CIRCLE ( 'NONE', #4920, 1.000000000000000000 ) ;
#3838 = CARTESIAN_POINT ( 'NONE',  ( -7.881276583280840242, 4.345742677340974858, -1.000000000000000000 ) ) ;
#3839 = PLANE ( 'NONE',  #2314 ) ;
#3840 = CARTESIAN_POINT ( 'NONE',  ( -7.881276583270981462, -4.345742677358854777, -1.000000000000000000 ) ) ;
#3841 = VERTEX_POINT ( 'NONE', #771 ) ;
#3842 = DIRECTION ( 'NONE',  ( -0.000000000000000000, -0.000000000000000000, -1.000000000000000000 ) ) ;
#3843 = CIRCLE ( 'NONE', #5469, 0.4000000000000001887 ) ;
#3844 = CARTESIAN_POINT ( 'NONE',  ( 0.000000000000000000, 0.000000000000000000, -1.000000000000000000 ) ) ;
#3845 = VECTOR ( 'NONE', #3593, 1000.000000000000000 ) ;
#3846 = VERTEX_POINT ( 'NONE', #348 ) ;
#3847 = CIRCLE ( 'NONE', #1415, 0.3999999999999993006 ) ;
#3848 = AXIS2_PLACEMENT_3D ( 'NONE', #4132, #5436, #3286 ) ;
#3849 = ORIENTED_EDGE ( 'NONE', *, *, #4121, .F. ) ;
#3850 = AXIS2_PLACEMENT_3D ( 'NONE', #4454, #2353, #4482 ) ;
#3851 = FACE_BOUND ( 'NONE', #3134, .T. ) ;
#3852 = VECTOR ( 'NONE', #5307, 1000.000000000000000 ) ;
#3853 = VECTOR ( 'NONE', #3114, 1000.000000000000000 ) ;
#3854 = ORIENTED_EDGE ( 'NONE', *, *, #1444, .F. ) ;
#3855 = CARTESIAN_POINT ( 'NONE',  ( -18.00000000000000000, 16.00000000000000000, -1.000000000000000000 ) ) ;
#3856 = CARTESIAN_POINT ( 'NONE',  ( 17.82554346996889905, 2.500000000005119905, -1.000000000000000000 ) ) ;
#3857 = ORIENTED_EDGE ( 'NONE', *, *, #4234, .T. ) ;
#3858 = CARTESIAN_POINT ( 'NONE',  ( 18.82554346997164885, -2.499999999985414778, 0.000000000000000000 ) ) ;
#3859 = EDGE_CURVE ( 'NONE', #4097, #4876, #325, .T. ) ;
#3860 = DIRECTION ( 'NONE',  ( -0.000000000000000000, -0.000000000000000000, -1.000000000000000000 ) ) ;
#3861 = EDGE_CURVE ( 'NONE', #4838, #5179, #4398, .T. ) ;
#3862 = ORIENTED_EDGE ( 'NONE', *, *, #2809, .F. ) ;
#3863 = CARTESIAN_POINT ( 'NONE',  ( 2.500000000005084821, -8.645808232884199640, -1.000000000000000000 ) ) ;
#3864 = EDGE_LOOP ( 'NONE', ( #5460, #4707, #5243, #5253 ) ) ;
#3865 = DIRECTION ( 'NONE',  ( 0.000000000000000000, 0.000000000000000000, 1.000000000000000000 ) ) ;
#3866 = CARTESIAN_POINT ( 'NONE',  ( -1.900000000005125811, 14.97998664885855291, 41.57787873376899768 ) ) ;
#3867 = EDGE_CURVE ( 'NONE', #2276, #4504, #63, .T. ) ;
#3868 = CARTESIAN_POINT ( 'NONE',  ( -8.645808232884228062, -1.500000000005100143, 0.000000000000000000 ) ) ;
#3869 = CARTESIAN_POINT ( 'NONE',  ( 1.849668874157981202, 14.58316581048062766, 0.000000000000000000 ) ) ;
#3870 = DIRECTION ( 'NONE',  ( 1.000000000000000000, -3.496003258997380089E-15, 0.000000000000000000 ) ) ;
#3871 = EDGE_LOOP ( 'NONE', ( #933, #2753, #2526, #2586, #5546, #2608, #5138 ) ) ;
#3872 = DIRECTION ( 'NONE',  ( 0.000000000000000000, 0.000000000000000000, 1.000000000000000000 ) ) ;
#3873 = VECTOR ( 'NONE', #2732, 1000.000000000000000 ) ;
#3874 = CARTESIAN_POINT ( 'NONE',  ( -1.500000000005100143, 8.645808232884220956, 0.000000000000000000 ) ) ;
#3875 = ORIENTED_EDGE ( 'NONE', *, *, #642, .T. ) ;
#3876 = AXIS2_PLACEMENT_3D ( 'NONE', #5536, #2512, #2539 ) ;
#3877 = ORIENTED_EDGE ( 'NONE', *, *, #2275, .F. ) ;
#3878 = AXIS2_PLACEMENT_3D ( 'NONE', #492, #1287, #4736 ) ;
#3879 = DIRECTION ( 'NONE',  ( 1.000000000000000000, 0.000000000000000000, 0.000000000000000000 ) ) ;
#3880 = ORIENTED_EDGE ( 'NONE', *, *, #166, .T. ) ;
#3881 = ADVANCED_FACE ( 'NONE', ( #1730, #5157, #2131, #3459, #3065, #4682, #4310, #826, #3490, #2163, #403, #2525, #1344, #1255, #3940, #2218, #3851, #3369, #4252, #1228, #2582, #3401 ), #4706, .T. ) ;
#3882 = DIRECTION ( 'NONE',  ( -0.000000000000000000, 1.000000000000000000, 0.000000000000000000 ) ) ;
#3883 = VERTEX_POINT ( 'NONE', #2551 ) ;
#3884 = ADVANCED_FACE ( 'NONE', ( #372 ), #5548, .F. ) ;
#3885 = CYLINDRICAL_SURFACE ( 'NONE', #687, 0.9999999999999991118 ) ;
#3886 = EDGE_CURVE ( 'NONE', #1796, #475, #1334, .T. ) ;
#3887 = ORIENTED_EDGE ( 'NONE', *, *, #1118, .T. ) ;
#3888 = CARTESIAN_POINT ( 'NONE',  ( -1.500000000005115020, 12.35475616918361830, -1.000000000000000000 ) ) ;
#3889 = CIRCLE ( 'NONE', #2798, 0.3999999999999993006 ) ;
#3890 = DIRECTION ( 'NONE',  ( 0.000000000000000000, 0.000000000000000000, 1.000000000000000000 ) ) ;
#3891 = ORIENTED_EDGE ( 'NONE', *, *, #1726, .T. ) ;
#3892 = AXIS2_PLACEMENT_3D ( 'NONE', #1, #5235, #1305 ) ;
#3893 = CARTESIAN_POINT ( 'NONE',  ( -18.00000000000000000, -20.00000000000000000, 0.000000000000000000 ) ) ;
#3894 = ORIENTED_EDGE ( 'NONE', *, *, #3820, .F. ) ;
#3895 = CYLINDRICAL_SURFACE ( 'NONE', #5316, 1.999999999999998224 ) ;
#3896 = CARTESIAN_POINT ( 'NONE',  ( 26.25000000000000000, -13.25000000000000000, -1.000000000000000000 ) ) ;
#3897 = DIRECTION ( 'NONE',  ( -0.000000000000000000, -0.000000000000000000, -1.000000000000000000 ) ) ;
#3898 = LINE ( 'NONE', #868, #5215 ) ;
#3899 = PRODUCT_DEFINITION_CONTEXT ( 'detailed design', #4329, 'design' ) ;
#3900 = DIRECTION ( 'NONE',  ( 1.000000000000000000, 0.000000000000000000, 0.000000000000000000 ) ) ;
#3901 = VERTEX_POINT ( 'NONE', #487 ) ;
#3902 = DIRECTION ( 'NONE',  ( -4.062922706401050560E-15, 1.000000000000000000, 0.000000000000000000 ) ) ;
#3903 = CARTESIAN_POINT ( 'NONE',  ( 2.638888888894269869, -18.81585144052309744, -1.000000000000000000 ) ) ;
#3904 = CIRCLE ( 'NONE', #5344, 7.999999999990759392 ) ;
#3905 = EDGE_CURVE ( 'NONE', #1890, #317, #3430, .T. ) ;
#3906 = DIRECTION ( 'NONE',  ( 0.000000000000000000, 0.000000000000000000, 1.000000000000000000 ) ) ;
#3907 = VECTOR ( 'NONE', #4025, 1000.000000000000000 ) ;
#3908 = VERTEX_POINT ( 'NONE', #1283 ) ;
#3909 = ORIENTED_EDGE ( 'NONE', *, *, #3447, .T. ) ;
#3910 = ORIENTED_EDGE ( 'NONE', *, *, #5130, .T. ) ;
#3911 = CARTESIAN_POINT ( 'NONE',  ( 11.93595302574987649, -9.248947257233798069, -1.000000000000000888 ) ) ;
#3912 = EDGE_LOOP ( 'NONE', ( #803, #940, #5427, #3794 ) ) ;
#3913 = CYLINDRICAL_SURFACE ( 'NONE', #2125, 0.9999999999999991118 ) ;
#3914 = DIRECTION ( 'NONE',  ( 0.000000000000000000, 0.000000000000000000, 1.000000000000000000 ) ) ;
#3915 = VERTEX_POINT ( 'NONE', #3007 ) ;
#3916 = DIRECTION ( 'NONE',  ( 1.000000000000000000, 0.000000000000000000, 0.000000000000000000 ) ) ;
#3917 = VERTEX_POINT ( 'NONE', #4730 ) ;
#3918 = DIRECTION ( 'NONE',  ( -1.000000000000000000, 0.000000000000000000, 0.000000000000000000 ) ) ;
#3919 = ADVANCED_FACE ( 'NONE', ( #433 ), #5128, .F. ) ;
#3920 = EDGE_CURVE ( 'NONE', #5309, #213, #4211, .T. ) ;
#3921 = VERTEX_POINT ( 'NONE', #2952 ) ;
#3922 = DIRECTION ( 'NONE',  ( -0.000000000000000000, -0.000000000000000000, -1.000000000000000000 ) ) ;
#3923 = ORIENTED_EDGE ( 'NONE', *, *, #3173, .T. ) ;
#3924 = CARTESIAN_POINT ( 'NONE',  ( 18.00000000000000000, -18.00000000000000000, -1.000000000000000000 ) ) ;
#3925 = CARTESIAN_POINT ( 'NONE',  ( 0.000000000000000000, 0.000000000000000000, 41.57787873376899768 ) ) ;
#3926 = AXIS2_PLACEMENT_3D ( 'NONE', #1974, #613, #3693 ) ;
#3927 = CARTESIAN_POINT ( 'NONE',  ( -7.881276583270981462, -4.345742677358854777, -1.000000000000000000 ) ) ;
#3928 = AXIS2_PLACEMENT_3D ( 'NONE', #4065, #4950, #4612 ) ;
#3929 = CARTESIAN_POINT ( 'NONE',  ( -13.66522283773394086, 11.54390249416728054, 0.000000000000000000 ) ) ;
#3930 = ORIENTED_EDGE ( 'NONE', *, *, #3625, .F. ) ;
#3931 = VECTOR ( 'NONE', #3210, 1000.000000000000000 ) ;
#3932 = CARTESIAN_POINT ( 'NONE',  ( 0.000000000000000000, 0.000000000000000000, -1.000000000000000000 ) ) ;
#3933 = CARTESIAN_POINT ( 'NONE',  ( 14.97998664886105225, -1.899999999985406252, 41.57787873376899768 ) ) ;
#3934 = EDGE_CURVE ( 'NONE', #3841, #2123, #1677, .T. ) ;
#3935 = CARTESIAN_POINT ( 'NONE',  ( 18.81585144052309744, 2.638888888894340479, -1.000000000000000000 ) ) ;
#3936 = VERTEX_POINT ( 'NONE', #36 ) ;
#3937 = ADVANCED_FACE ( 'NONE', ( #4368 ), #2980, .F. ) ;
#3938 = ADVANCED_FACE ( 'NONE', ( #5264 ), #2665, .T. ) ;
#3939 = VECTOR ( 'NONE', #688, 1000.000000000000114 ) ;
#3940 = FACE_BOUND ( 'NONE', #3264, .T. ) ;
#3941 = ORIENTED_EDGE ( 'NONE', *, *, #5334, .F. ) ;
#3942 = VECTOR ( 'NONE', #4089, 1000.000000000000000 ) ;
#3943 = AXIS2_PLACEMENT_3D ( 'NONE', #4049, #1481, #3203 ) ;
#3944 = CARTESIAN_POINT ( 'NONE',  ( -1.500000000005100143, 8.645808232884220956, -1.000000000000000000 ) ) ;
#3945 = ORIENTED_EDGE ( 'NONE', *, *, #2760, .F. ) ;
#3946 = CARTESIAN_POINT ( 'NONE',  ( 7.881276583270961034, 4.345742677358909845, -1.000000000000000000 ) ) ;
#3947 = ORIENTED_EDGE ( 'NONE', *, *, #1742, .F. ) ;
#3948 = FACE_OUTER_BOUND ( 'NONE', #1925, .T. ) ;
#3949 = VECTOR ( 'NONE', #3554, 1000.000000000000000 ) ;
#3950 = CIRCLE ( 'NONE', #236, 1.000000000000101474 ) ;
#3951 = EDGE_LOOP ( 'NONE', ( #3191, #883, #2759, #76 ) ) ;
#3952 = CARTESIAN_POINT ( 'NONE',  ( -14.37232961890866001, -10.83679571299641964, -1.000000000000000000 ) ) ;
#3953 = ORIENTED_EDGE ( 'NONE', *, *, #4359, .T. ) ;
#3954 = CARTESIAN_POINT ( 'NONE',  ( -1.499999999985460075, -14.97998664886104869, 0.000000000000000000 ) ) ;
#3955 = CARTESIAN_POINT ( 'NONE',  ( 12.35475616918664699, -1.899999999985396926, 0.000000000000000000 ) ) ;
#3956 = CARTESIAN_POINT ( 'NONE',  ( 1.899999999985409582, 14.97998664886105402, 0.000000000000000000 ) ) ;
#3957 = ORIENTED_EDGE ( 'NONE', *, *, #983, .T. ) ;
#3958 = ADVANCED_FACE ( 'NONE', ( #3171 ), #4896, .F. ) ;
#3959 = CARTESIAN_POINT ( 'NONE',  ( 7.881276583270961034, 4.345742677358909845, 0.000000000000000000 ) ) ;
#3960 = CYLINDRICAL_SURFACE ( 'NONE', #1738, 12.90000000000000213 ) ;
#3961 = FACE_OUTER_BOUND ( 'NONE', #4553, .T. ) ;
#3962 = VERTEX_POINT ( 'NONE', #3518 ) ;
#3963 = DIRECTION ( 'NONE',  ( -1.000000000000000000, 0.000000000000000000, 0.000000000000000000 ) ) ;
#3964 = EDGE_CURVE ( 'NONE', #37, #4162, #2404, .T. ) ;
#3965 = ORIENTED_EDGE ( 'NONE', *, *, #966, .T. ) ;
#3966 = VECTOR ( 'NONE', #5365, 1000.000000000000000 ) ;
#3967 = DIRECTION ( 'NONE',  ( -6.992006517994760179E-15, -1.000000000000000000, 0.000000000000000000 ) ) ;
#3968 = ORIENTED_EDGE ( 'NONE', *, *, #2291, .T. ) ;
#3969 = FACE_OUTER_BOUND ( 'NONE', #5192, .T. ) ;
#3970 = ORIENTED_EDGE ( 'NONE', *, *, #2230, .F. ) ;
#3971 = DIRECTION ( 'NONE',  ( 1.000000000000000000, 0.000000000000000000, 0.000000000000000000 ) ) ;
#3972 = EDGE_CURVE ( 'NONE', #3883, #4698, #967, .T. ) ;
#3973 = EDGE_CURVE ( 'NONE', #1259, #280, #519, .T. ) ;
#3974 = ORIENTED_EDGE ( 'NONE', *, *, #1366, .F. ) ;
#3975 = CIRCLE ( 'NONE', #1535, 7.999999999990759392 ) ;
#3976 = CARTESIAN_POINT ( 'NONE',  ( 0.000000000000000000, 0.000000000000000000, -1.000000000000000000 ) ) ;
#3977 = EDGE_LOOP ( 'NONE', ( #2245, #2964, #2190, #1108 ) ) ;
#3978 = CARTESIAN_POINT ( 'NONE',  ( -17.82554346996894878, -1.500000000005135004, 0.000000000000000000 ) ) ;
#3979 = DIRECTION ( 'NONE',  ( 0.000000000000000000, 0.000000000000000000, 1.000000000000000000 ) ) ;
#3980 = CARTESIAN_POINT ( 'NONE',  ( 9.796792038907694788, 7.675471695368732306, 0.000000000000000000 ) ) ;
#3981 = ORIENTED_EDGE ( 'NONE', *, *, #2150, .F. ) ;
#3982 = DIRECTION ( 'NONE',  ( 0.000000000000000000, 0.000000000000000000, 1.000000000000000000 ) ) ;
#3983 = CARTESIAN_POINT ( 'NONE',  ( -14.37232961890866001, -10.83679571299641964, 0.000000000000000000 ) ) ;
#3984 = ADVANCED_FACE ( 'NONE', ( #4043 ), #1475, .F. ) ;
#3985 = CARTESIAN_POINT ( 'NONE',  ( -2.638888888894360463, 18.81585144052309744, 0.000000000000000000 ) ) ;
#3986 = EDGE_CURVE ( 'NONE', #5348, #1347, #2244, .T. ) ;
#3987 = EDGE_CURVE ( 'NONE', #392, #5006, #2954, .T. ) ;
#3988 = EDGE_LOOP ( 'NONE', ( #2042, #1855, #5418, #2247 ) ) ;
#3989 = DIRECTION ( 'NONE',  ( 0.000000000000000000, 0.000000000000000000, 1.000000000000000000 ) ) ;
#3990 = FACE_OUTER_BOUND ( 'NONE', #3276, .T. ) ;
#3991 = ORIENTED_EDGE ( 'NONE', *, *, #1273, .T. ) ;
#3992 = CIRCLE ( 'NONE', #288, 0.3999999999999993006 ) ;
#3993 = DIRECTION ( 'NONE',  ( 1.000000000000000000, -6.992006517994760179E-15, 0.000000000000000000 ) ) ;
#3994 = ORIENTED_EDGE ( 'NONE', *, *, #442, .F. ) ;
#3995 = EDGE_CURVE ( 'NONE', #5221, #4713, #3541, .T. ) ;
#3996 = CARTESIAN_POINT ( 'NONE',  ( 9.796792038907694788, 7.675471695368732306, -1.000000000000000000 ) ) ;
#3997 = VERTEX_POINT ( 'NONE', #2265 ) ;
#3998 = DIRECTION ( 'NONE',  ( 0.000000000000000000, 0.000000000000000000, 1.000000000000000000 ) ) ;
#3999 = VERTEX_POINT ( 'NONE', #3194 ) ;
#4000 = DIRECTION ( 'NONE',  ( -0.7071067811865489050, -0.7071067811865460184, 0.000000000000000000 ) ) ;
#4001 = ORIENTED_EDGE ( 'NONE', *, *, #4839, .T. ) ;
#4002 = ADVANCED_FACE ( 'NONE', ( #3990 ), #1447, .F. ) ;
#4003 = DIRECTION ( 'NONE',  ( -1.000000000000000000, 3.496003258997380089E-15, 0.000000000000000000 ) ) ;
#4004 = DIRECTION ( 'NONE',  ( 0.000000000000000000, 0.000000000000000000, 1.000000000000000000 ) ) ;
#4005 = CARTESIAN_POINT ( 'NONE',  ( -18.00000000000000000, -20.00000000000000000, -1.000000000000000000 ) ) ;
#4006 = ORIENTED_EDGE ( 'NONE', *, *, #793, .T. ) ;
#4007 = DIRECTION ( 'NONE',  ( 1.000000000000000000, 0.000000000000000000, 0.000000000000000000 ) ) ;
#4008 = DIRECTION ( 'NONE',  ( 0.000000000000000000, 0.000000000000000000, 1.000000000000000000 ) ) ;
#4009 = CARTESIAN_POINT ( 'NONE',  ( -20.00000000000000000, -18.00000000000000000, -1.000000000000000000 ) ) ;
#4010 = VECTOR ( 'NONE', #4586, 1000.000000000000000 ) ;
#4011 = AXIS2_PLACEMENT_3D ( 'NONE', #5556, #1676, #3408 ) ;
#4012 = VERTEX_POINT ( 'NONE', #3143 ) ;
#4013 = DIRECTION ( 'NONE',  ( 0.000000000000000000, 0.000000000000000000, 1.000000000000000000 ) ) ;
#4014 = MECHANICAL_DESIGN_GEOMETRIC_PRESENTATION_REPRESENTATION (  '', ( #3660 ), #5200 ) ;
#4015 = AXIS2_PLACEMENT_3D ( 'NONE', #788, #4241, #4694 ) ;
#4016 = CARTESIAN_POINT ( 'NONE',  ( -7.392628982878062693, -10.07963475139408516, 0.000000000000000000 ) ) ;
#4017 = ORIENTED_EDGE ( 'NONE', *, *, #909, .F. ) ;
#4018 = DIRECTION ( 'NONE',  ( 0.000000000000000000, 0.000000000000000000, -1.000000000000000000 ) ) ;
#4019 = ORIENTED_EDGE ( 'NONE', *, *, #583, .F. ) ;
#4020 = DIRECTION ( 'NONE',  ( 0.000000000000000000, 0.000000000000000000, 1.000000000000000000 ) ) ;
#4021 = ORIENTED_EDGE ( 'NONE', *, *, #2592, .F. ) ;
#4022 = CARTESIAN_POINT ( 'NONE',  ( -5.052849458545430217, 7.174169802084439773, -1.000000000000000000 ) ) ;
#4023 = CIRCLE ( 'NONE', #2047, 1.000000000000000888 ) ;
#4024 = ORIENTED_EDGE ( 'NONE', *, *, #566, .F. ) ;
#4025 = DIRECTION ( 'NONE',  ( 1.000000000000000000, 0.000000000000000000, 0.000000000000000000 ) ) ;
#4026 = EDGE_LOOP ( 'NONE', ( #5584, #2993, #1920, #2642 ) ) ;
#4027 = AXIS2_PLACEMENT_3D ( 'NONE', #4066, #2456, #620 ) ;
#4028 = VECTOR ( 'NONE', #287, 1000.000000000000000 ) ;
#4029 = ADVANCED_FACE ( 'NONE', ( #4479 ), #624, .F. ) ;
#4030 = DIRECTION ( 'NONE',  ( 0.000000000000000000, 0.000000000000000000, 1.000000000000000000 ) ) ;
#4031 = CARTESIAN_POINT ( 'NONE',  ( -13.66522283772212099, -11.54390249418296044, -1.000000000000000000 ) ) ;
#4032 = CIRCLE ( 'NONE', #2593, 1.000000000000000000 ) ;
#4033 = CYLINDRICAL_SURFACE ( 'NONE', #1394, 1.000000000000000000 ) ;
#4034 = EDGE_CURVE ( 'NONE', #1871, #5404, #68, .T. ) ;
#4035 = ORIENTED_EDGE ( 'NONE', *, *, #910, .F. ) ;
#4036 = EDGE_CURVE ( 'NONE', #4123, #392, #2349, .T. ) ;
#4037 = DIRECTION ( 'NONE',  ( 0.000000000000000000, 0.000000000000000000, 1.000000000000000000 ) ) ;
#4038 = DIRECTION ( 'NONE',  ( 1.000000000000000000, 4.724328728373308688E-16, 0.000000000000000000 ) ) ;
#4039 = CARTESIAN_POINT ( 'NONE',  ( 10.40218306342655019, 7.629193110346722762, 41.57787873376899768 ) ) ;
#4040 = DIRECTION ( 'NONE',  ( 0.000000000000000000, 0.000000000000000000, 1.000000000000000000 ) ) ;
#4041 = VERTEX_POINT ( 'NONE', #4070 ) ;
#4042 = CARTESIAN_POINT ( 'NONE',  ( -3.862882379874069905, 7.005579185128870456, -1.000000000000000000 ) ) ;
#4043 = FACE_OUTER_BOUND ( 'NONE', #4489, .T. ) ;
#4044 = ORIENTED_EDGE ( 'NONE', *, *, #4137, .F. ) ;
#4045 = DIRECTION ( 'NONE',  ( 0.000000000000000000, 0.000000000000000000, 1.000000000000000000 ) ) ;
#4046 = ORIENTED_EDGE ( 'NONE', *, *, #3105, .F. ) ;
#4047 = DIRECTION ( 'NONE',  ( -1.000000000000000000, 0.000000000000000000, 0.000000000000000000 ) ) ;
#4048 = ORIENTED_EDGE ( 'NONE', *, *, #3920, .T. ) ;
#4049 = CARTESIAN_POINT ( 'NONE',  ( -7.174169802094289672, 5.052849458527520099, -1.000000000000000000 ) ) ;
#4050 = EDGE_CURVE ( 'NONE', #2543, #3831, #171, .T. ) ;
#4051 = EDGE_CURVE ( 'NONE', #5358, #2276, #2410, .T. ) ;
#4052 = ADVANCED_FACE ( 'NONE', ( #3087 ), #1612, .F. ) ;
#4053 = VERTEX_POINT ( 'NONE', #1134 ) ;
#4054 = CARTESIAN_POINT ( 'NONE',  ( -7.881276583280840242, 4.345742677340974858, 0.000000000000000000 ) ) ;
#4055 = EDGE_LOOP ( 'NONE', ( #3465, #3249, #5486, #4216 ) ) ;
#4056 = VECTOR ( 'NONE', #562, 1000.000000000000000 ) ;
#4057 = PLANE ( 'NONE',  #2574 ) ;
#4058 = CARTESIAN_POINT ( 'NONE',  ( -2.222222222226479804, 7.685162873673899497, -1.000000000000000000 ) ) ;
#4059 = VECTOR ( 'NONE', #377, 1000.000000000000000 ) ;
#4060 = CARTESIAN_POINT ( 'NONE',  ( 5.052849458527489901, 7.174169802094340298, -1.000000000000000000 ) ) ;
#4061 = VECTOR ( 'NONE', #1296, 1000.000000000000000 ) ;
#4062 = ORIENTED_EDGE ( 'NONE', *, *, #2568, .T. ) ;
#4063 = CARTESIAN_POINT ( 'NONE',  ( 22.00000000000000000, 13.25000000000000000, -1.000000000000000000 ) ) ;
#4064 = DIRECTION ( 'NONE',  ( 1.000000000000000000, 0.000000000000000000, 0.000000000000000000 ) ) ;
#4065 = CARTESIAN_POINT ( 'NONE',  ( 0.000000000000000000, 0.000000000000000000, 0.000000000000000000 ) ) ;
#4066 = CARTESIAN_POINT ( 'NONE',  ( -1.900000000005125811, 14.97998664885855291, 0.000000000000000000 ) ) ;
#4067 = ORIENTED_EDGE ( 'NONE', *, *, #642, .F. ) ;
#4068 = CIRCLE ( 'NONE', #3892, 12.90000000000000213 ) ;
#4069 = FACE_OUTER_BOUND ( 'NONE', #1448, .T. ) ;
#4070 = CARTESIAN_POINT ( 'NONE',  ( 3.862882379874065020, -7.005579185128849140, 0.000000000000000000 ) ) ;
#4071 = EDGE_LOOP ( 'NONE', ( #520, #1275, #3923, #847, #1215, #5158, #3110 ) ) ;
#4072 = LINE ( 'NONE', #250, #1222 ) ;
#4073 = VERTEX_POINT ( 'NONE', #2917 ) ;
#4074 = DIRECTION ( 'NONE',  ( 1.000000000000000000, 0.000000000000000000, 0.000000000000000000 ) ) ;
#4075 = EDGE_LOOP ( 'NONE', ( #4342, #1635, #4960, #1515 ) ) ;
#4076 = DIRECTION ( 'NONE',  ( 0.000000000000000000, 0.000000000000000000, 1.000000000000000000 ) ) ;
#4077 = CIRCLE ( 'NONE', #1647, 1.000000000000000888 ) ;
#4078 = DIRECTION ( 'NONE',  ( 0.000000000000000000, 0.000000000000000000, 1.000000000000000000 ) ) ;
#4079 = CARTESIAN_POINT ( 'NONE',  ( 1.899999999985409582, 14.97998664886105402, 41.57787873376899768 ) ) ;
#4080 = VERTEX_POINT ( 'NONE', #2860 ) ;
#4081 = DIRECTION ( 'NONE',  ( -1.417298618512443785E-16, -1.000000000000000000, 0.000000000000000000 ) ) ;
#4082 = EDGE_CURVE ( 'NONE', #713, #3573, #5124, .T. ) ;
#4083 = DIRECTION ( 'NONE',  ( 1.000000000000000000, 0.000000000000000000, 0.000000000000000000 ) ) ;
#4084 = ORIENTED_EDGE ( 'NONE', *, *, #5091, .T. ) ;
#4085 = ORIENTED_EDGE ( 'NONE', *, *, #3296, .F. ) ;
#4086 = DIRECTION ( 'NONE',  ( 0.000000000000000000, 0.000000000000000000, 1.000000000000000000 ) ) ;
#4087 = CARTESIAN_POINT ( 'NONE',  ( 11.93595302573770311, 9.248947257249493958, 41.57787873376899768 ) ) ;
#4088 = DIRECTION ( 'NONE',  ( -0.7071067811865510144, -0.7071067811865441310, 0.000000000000000000 ) ) ;
#4089 = DIRECTION ( 'NONE',  ( -0.7071067811865415775, 0.7071067811865535679, 0.000000000000000000 ) ) ;
#4090 = ORIENTED_EDGE ( 'NONE', *, *, #56, .T. ) ;
#4091 = CARTESIAN_POINT ( 'NONE',  ( -14.00000000000000000, -16.00000000000000000, -1.000000000000000000 ) ) ;
#4092 = EDGE_CURVE ( 'NONE', #3280, #4481, #1058, .T. ) ;
#4093 = DIRECTION ( 'NONE',  ( 0.000000000000000000, 0.000000000000000000, 1.000000000000000000 ) ) ;
#4094 = ORIENTED_EDGE ( 'NONE', *, *, #149, .T. ) ;
#4095 = EDGE_CURVE ( 'NONE', #1049, #1454, #308, .T. ) ;
#4096 = VECTOR ( 'NONE', #4775, 1000.000000000000000 ) ;
#4097 = VERTEX_POINT ( 'NONE', #3312 ) ;
#4098 = DIRECTION ( 'NONE',  ( 1.000000000000000000, 0.000000000000000000, 0.000000000000000000 ) ) ;
#4099 = ORIENTED_EDGE ( 'NONE', *, *, #2464, .F. ) ;
#4100 = EDGE_CURVE ( 'NONE', #3695, #1082, #3338, .T. ) ;
#4101 = VECTOR ( 'NONE', #550, 1000.000000000000000 ) ;
#4102 = DIRECTION ( 'NONE',  ( 1.000000000000000000, 0.000000000000000000, 0.000000000000000000 ) ) ;
#4103 = LINE ( 'NONE', #2442, #1774 ) ;
#4104 = DIRECTION ( 'NONE',  ( 0.000000000000000000, 0.000000000000000000, 1.000000000000000000 ) ) ;
#4105 = ORIENTED_EDGE ( 'NONE', *, *, #1512, .T. ) ;
#4106 = CARTESIAN_POINT ( 'NONE',  ( 1.500000000005085043, -8.645808232884199640, -1.000000000000000000 ) ) ;
#4107 = PRODUCT_DEFINITION_SHAPE ( 'NONE', 'NONE',  #3378 ) ;
#4108 = PLANE ( 'NONE',  #211 ) ;
#4109 = ORIENTED_EDGE ( 'NONE', *, *, #3973, .F. ) ;
#4110 = AXIS2_PLACEMENT_3D ( 'NONE', #3247, #5035, #3222 ) ;
#4111 = AXIS2_PLACEMENT_3D ( 'NONE', #1967, #3685, #3258 ) ;
#4112 = DIRECTION ( 'NONE',  ( -1.000000000000000000, 0.000000000000000000, 0.000000000000000000 ) ) ;
#4113 = AXIS2_PLACEMENT_3D ( 'NONE', #3803, #4177, #5533 ) ;
#4114 = VERTEX_POINT ( 'NONE', #2888 ) ;
#4115 = DIRECTION ( 'NONE',  ( 1.000000000000000000, 0.000000000000000000, 0.000000000000000000 ) ) ;
#4116 = CARTESIAN_POINT ( 'NONE',  ( 9.796792038919500456, -7.675471695352658053, -1.000000000000000000 ) ) ;
#4117 = CARTESIAN_POINT ( 'NONE',  ( -9.796792038919447165, 7.675471695352722890, -1.000000000000000000 ) ) ;
#4118 = AXIS2_PLACEMENT_3D ( 'NONE', #4529, #2370, #4422 ) ;
#4119 = AXIS2_PLACEMENT_3D ( 'NONE', #116, #5290, #1422 ) ;
#4120 = DIRECTION ( 'NONE',  ( 1.000000000000000000, 0.000000000000000000, 0.000000000000000000 ) ) ;
#4121 = EDGE_CURVE ( 'NONE', #3363, #1772, #4644, .T. ) ;
#4122 = VERTEX_POINT ( 'NONE', #1959 ) ;
#4123 = VERTEX_POINT ( 'NONE', #4618 ) ;
#4124 = FACE_OUTER_BOUND ( 'NONE', #4778, .T. ) ;
#4125 = DIRECTION ( 'NONE',  ( 0.000000000000000000, 0.000000000000000000, 1.000000000000000000 ) ) ;
#4126 = ORIENTED_EDGE ( 'NONE', *, *, #4820, .F. ) ;
#4127 = DIRECTION ( 'NONE',  ( 0.000000000000000000, 0.000000000000000000, 1.000000000000000000 ) ) ;
#4128 = ORIENTED_EDGE ( 'NONE', *, *, #5165, .F. ) ;
#4129 = CARTESIAN_POINT ( 'NONE',  ( -1.849668874158030718, -14.58316581048062233, -1.000000000000000000 ) ) ;
#4130 = ORIENTED_EDGE ( 'NONE', *, *, #4521, .T. ) ;
#4131 = EDGE_CURVE ( 'NONE', #4860, #1772, #3279, .T. ) ;
#4132 = CARTESIAN_POINT ( 'NONE',  ( 9.248947257249454879, -11.93595302573773331, 41.57787873376899768 ) ) ;
#4133 = DIRECTION ( 'NONE',  ( 0.000000000000000000, 0.000000000000000000, 1.000000000000000000 ) ) ;
#4134 = CARTESIAN_POINT ( 'NONE',  ( 7.629193110346689011, -10.40218306342657328, -1.000000000000000000 ) ) ;
#4135 = ORIENTED_EDGE ( 'NONE', *, *, #5315, .F. ) ;
#4136 = DIRECTION ( 'NONE',  ( 1.000000000000000000, 0.000000000000000000, 0.000000000000000000 ) ) ;
#4137 = EDGE_CURVE ( 'NONE', #5221, #5433, #3950, .T. ) ;
#4138 = AXIS2_PLACEMENT_3D ( 'NONE', #3924, #3018, #5275 ) ;
#4139 = EDGE_CURVE ( 'NONE', #486, #5375, #4219, .T. ) ;
#4140 = FACE_OUTER_BOUND ( 'NONE', #2492, .T. ) ;
#4141 = AXIS2_PLACEMENT_3D ( 'NONE', #4708, #3772, #5497 ) ;
#4142 = ORIENTED_EDGE ( 'NONE', *, *, #4866, .T. ) ;
#4143 = AXIS2_PLACEMENT_3D ( 'NONE', #1922, #1386, #3594 ) ;
#4144 = LINE ( 'NONE', #5504, #5566 ) ;
#4145 = ORIENTED_EDGE ( 'NONE', *, *, #1952, .F. ) ;
#4146 = CARTESIAN_POINT ( 'NONE',  ( 11.93595302573770311, 9.248947257249493958, -1.000000000000000888 ) ) ;
#4147 = PRESENTATION_STYLE_ASSIGNMENT (( #299 ) ) ;
#4148 = CIRCLE ( 'NONE', #5324, 14.69999999999999929 ) ;
#4149 = AXIS2_PLACEMENT_3D ( 'NONE', #1692, #452, #2182 ) ;
#4150 = CARTESIAN_POINT ( 'NONE',  ( 0.000000000000000000, 0.000000000000000000, 41.57787873376899768 ) ) ;
#4151 = DIRECTION ( 'NONE',  ( -0.000000000000000000, -0.000000000000000000, -1.000000000000000000 ) ) ;
#4152 = EDGE_LOOP ( 'NONE', ( #4354, #2336, #1670, #4142 ) ) ;
#4153 = VERTEX_POINT ( 'NONE', #4981 ) ;
#4154 = AXIS2_PLACEMENT_3D ( 'NONE', #813, #754, #4262 ) ;
#4155 = DIRECTION ( 'NONE',  ( 0.000000000000000000, 0.000000000000000000, -1.000000000000000000 ) ) ;
#4156 = EDGE_CURVE ( 'NONE', #2130, #227, #1505, .T. ) ;
#4157 = EDGE_CURVE ( 'NONE', #235, #365, #1928, .T. ) ;
#4158 = ADVANCED_FACE ( 'NONE', ( #2461 ), #1166, .T. ) ;
#4159 = DIRECTION ( 'NONE',  ( 0.000000000000000000, 0.000000000000000000, 1.000000000000000000 ) ) ;
#4160 = ORIENTED_EDGE ( 'NONE', *, *, #2689, .F. ) ;
#4161 = VECTOR ( 'NONE', #1724, 1000.000000000000000 ) ;
#4162 = VERTEX_POINT ( 'NONE', #4954 ) ;
#4163 = CYLINDRICAL_SURFACE ( 'NONE', #4309, 2.000000000000001776 ) ;
#4164 = EDGE_LOOP ( 'NONE', ( #3090, #5494, #458, #3175 ) ) ;
#4165 = DIRECTION ( 'NONE',  ( 0.000000000000000000, 0.000000000000000000, 1.000000000000000000 ) ) ;
#4166 = EDGE_CURVE ( 'NONE', #1657, #1149, #330, .T. ) ;
#4167 = LINE ( 'NONE', #290, #2193 ) ;
#4168 = LINE ( 'NONE', #2025, #4517 ) ;
#4169 = ORIENTED_EDGE ( 'NONE', *, *, #4036, .F. ) ;
#4170 = DIRECTION ( 'NONE',  ( -1.000000000000000000, 0.000000000000000000, 0.000000000000000000 ) ) ;
#4171 = FACE_OUTER_BOUND ( 'NONE', #3012, .T. ) ;
#4172 = CIRCLE ( 'NONE', #5262, 14.69999999999999929 ) ;
#4173 = ORIENTED_EDGE ( 'NONE', *, *, #3447, .F. ) ;
#4174 = VECTOR ( 'NONE', #4914, 1000.000000000000114 ) ;
#4175 = ADVANCED_FACE ( 'NONE', ( #650 ), #1079, .F. ) ;
#4176 = AXIS2_PLACEMENT_3D ( 'NONE', #3550, #1702, #2503 ) ;
#4177 = DIRECTION ( 'NONE',  ( -0.000000000000000000, -0.000000000000000000, -1.000000000000000000 ) ) ;
#4178 = DIRECTION ( 'NONE',  ( 1.000000000000000000, 0.000000000000000000, 0.000000000000000000 ) ) ;
#4179 = CARTESIAN_POINT ( 'NONE',  ( 18.00000000000000000, -16.00000000000000000, -1.000000000000000000 ) ) ;
#4180 = DIRECTION ( 'NONE',  ( -0.000000000000000000, -0.000000000000000000, -1.000000000000000000 ) ) ;
#4181 = DIRECTION ( 'NONE',  ( 0.000000000000000000, 0.000000000000000000, 1.000000000000000000 ) ) ;
#4182 = ORIENTED_EDGE ( 'NONE', *, *, #3729, .T. ) ;
#4183 = EDGE_LOOP ( 'NONE', ( #3930, #522, #3804, #1993 ) ) ;
#4184 = CARTESIAN_POINT ( 'NONE',  ( -9.248947257233835373, -11.93595302574983741, 41.57787873376899768 ) ) ;
#4185 = VECTOR ( 'NONE', #2043, 1000.000000000000000 ) ;
#4186 = CARTESIAN_POINT ( 'NONE',  ( 14.97998664886105225, -1.899999999985406252, 0.000000000000000000 ) ) ;
#4187 = EDGE_LOOP ( 'NONE', ( #2375, #1116, #4455, #143 ) ) ;
#4188 = FILL_AREA_STYLE_COLOUR ( '', #4201 ) ;
#4189 = ORIENTED_EDGE ( 'NONE', *, *, #4592, .F. ) ;
#4190 = LINE ( 'NONE', #2049, #3305 ) ;
#4191 = ORIENTED_EDGE ( 'NONE', *, *, #1563, .F. ) ;
#4192 = CIRCLE ( 'NONE', #1846, 0.9999999999999991118 ) ;
#4193 = CARTESIAN_POINT ( 'NONE',  ( -5.052849458527489901, -7.174169802094300330, -1.000000000000000000 ) ) ;
#4194 = ORIENTED_EDGE ( 'NONE', *, *, #965, .F. ) ;
#4195 = AXIS2_PLACEMENT_3D ( 'NONE', #728, #3189, #1160 ) ;
#4196 = DIRECTION ( 'NONE',  ( 0.000000000000000000, 0.000000000000000000, 1.000000000000000000 ) ) ;
#4197 = AXIS2_PLACEMENT_3D ( 'NONE', #2589, #5250, #1373 ) ;
#4198 = DIRECTION ( 'NONE',  ( 1.000000000000000000, 0.000000000000000000, 0.000000000000000000 ) ) ;
#4199 = ORIENTED_EDGE ( 'NONE', *, *, #4139, .T. ) ;
#4200 = LINE ( 'NONE', #2086, #1312 ) ;
#4201 = COLOUR_RGB ( '',1.000000000000000000, 1.000000000000000000, 1.000000000000000000 ) ;
#4202 = CIRCLE ( 'NONE', #1770, 1.000000000000000000 ) ;
#4203 = DIRECTION ( 'NONE',  ( -4.062922706401050560E-15, 1.000000000000000000, 0.000000000000000000 ) ) ;
#4204 = ORIENTED_EDGE ( 'NONE', *, *, #1250, .F. ) ;
#4205 = DIRECTION ( 'NONE',  ( 0.000000000000000000, 0.000000000000000000, 1.000000000000000000 ) ) ;
#4206 = CARTESIAN_POINT ( 'NONE',  ( -9.279552592000008815, 11.40087293553901127, 41.57787873376899768 ) ) ;
#4207 = CARTESIAN_POINT ( 'NONE',  ( -18.00000000000000000, 16.00000000000000000, 0.000000000000000000 ) ) ;
#4208 = EDGE_CURVE ( 'NONE', #2947, #1657, #4556, .T. ) ;
#4209 = LINE ( 'NONE', #3868, #1319 ) ;
#4210 = DIRECTION ( 'NONE',  ( 0.000000000000000000, 0.000000000000000000, 1.000000000000000000 ) ) ;
#4211 = CIRCLE ( 'NONE', #686, 0.3999999999999993006 ) ;
#4212 = AXIS2_PLACEMENT_3D ( 'NONE', #784, #2452, #1604 ) ;
#4213 = EDGE_CURVE ( 'NONE', #1035, #249, #5569, .T. ) ;
#4214 = ORIENTED_EDGE ( 'NONE', *, *, #5183, .F. ) ;
#4215 = ADVANCED_FACE ( 'NONE', ( #1989 ), #5040, .F. ) ;
#4216 = ORIENTED_EDGE ( 'NONE', *, *, #4889, .T. ) ;
#4217 = LINE ( 'NONE', #339, #1725 ) ;
#4218 = CIRCLE ( 'NONE', #4027, 0.3999999999999999667 ) ;
#4219 = CIRCLE ( 'NONE', #4852, 2.000000000000000000 ) ;
#4220 = AXIS2_PLACEMENT_3D ( 'NONE', #4315, #2167, #1735 ) ;
#4221 = DIRECTION ( 'NONE',  ( -0.000000000000000000, -0.000000000000000000, -1.000000000000000000 ) ) ;
#4222 = VERTEX_POINT ( 'NONE', #5544 ) ;
#4223 = ORIENTED_EDGE ( 'NONE', *, *, #4232, .F. ) ;
#4224 = FACE_OUTER_BOUND ( 'NONE', #4930, .T. ) ;
#4225 = VERTEX_POINT ( 'NONE', #1667 ) ;
#4226 = CARTESIAN_POINT ( 'NONE',  ( -1.499999999985480059, -17.82554346997164885, -1.000000000000000000 ) ) ;
#4227 = ORIENTED_EDGE ( 'NONE', *, *, #1498, .T. ) ;
#4228 = DIRECTION ( 'NONE',  ( 0.000000000000000000, 0.000000000000000000, 1.000000000000000000 ) ) ;
#4229 = DIRECTION ( 'NONE',  ( 0.000000000000000000, 0.000000000000000000, 1.000000000000000000 ) ) ;
#4230 = ORIENTED_EDGE ( 'NONE', *, *, #51, .F. ) ;
#4231 = CARTESIAN_POINT ( 'NONE',  ( -17.82554346997169858, 1.499999999985406118, 0.000000000000000000 ) ) ;
#4232 = EDGE_CURVE ( 'NONE', #5573, #1063, #2545, .T. ) ;
#4233 = EDGE_CURVE ( 'NONE', #3714, #1135, #5561, .T. ) ;
#4234 = EDGE_CURVE ( 'NONE', #3404, #3488, #2187, .T. ) ;
#4235 = DIRECTION ( 'NONE',  ( -1.000000000000000000, 0.000000000000000000, 0.000000000000000000 ) ) ;
#4236 = VERTEX_POINT ( 'NONE', #2975 ) ;
#4237 = CARTESIAN_POINT ( 'NONE',  ( 7.881276583270961034, 4.345742677358909845, -1.000000000000000000 ) ) ;
#4238 = ORIENTED_EDGE ( 'NONE', *, *, #4339, .T. ) ;
#4239 = LINE ( 'NONE', #4206, #4435 ) ;
#4240 = FACE_OUTER_BOUND ( 'NONE', #2853, .T. ) ;
#4241 = DIRECTION ( 'NONE',  ( 0.000000000000000000, 0.000000000000000000, 1.000000000000000000 ) ) ;
#4242 = DIRECTION ( 'NONE',  ( 1.000000000000000000, 0.000000000000000000, 0.000000000000000000 ) ) ;
#4243 = MECHANICAL_DESIGN_GEOMETRIC_PRESENTATION_REPRESENTATION (  '', ( #2978 ), #1804 ) ;
#4244 = ADVANCED_FACE ( 'NONE', ( #3392 ), #5516, .F. ) ;
#4245 = ORIENTED_EDGE ( 'NONE', *, *, #704, .F. ) ;
#4246 = CARTESIAN_POINT ( 'NONE',  ( 9.531789969708396981, 11.65311031327528468, -1.000000000000000000 ) ) ;
#4247 = DIRECTION ( 'NONE',  ( 0.000000000000000000, 0.000000000000000000, 1.000000000000000000 ) ) ;
#4248 = AXIS2_PLACEMENT_3D ( 'NONE', #3688, #3773, #4658 ) ;
#4249 = CIRCLE ( 'NONE', #2439, 1.000000000000000888 ) ;
#4250 = ORIENTED_EDGE ( 'NONE', *, *, #1988, .T. ) ;
#4251 = VERTEX_POINT ( 'NONE', #1640 ) ;
#4252 = FACE_BOUND ( 'NONE', #2438, .T. ) ;
#4253 = ORIENTED_EDGE ( 'NONE', *, *, #966, .F. ) ;
#4254 = CARTESIAN_POINT ( 'NONE',  ( 22.07404796879309927, -6.707530582367699987E-16, -1.000000000000000000 ) ) ;
#4255 = CARTESIAN_POINT ( 'NONE',  ( -7.005579185128870456, -3.862882379874040151, -1.000000000000000000 ) ) ;
#4256 = ORIENTED_EDGE ( 'NONE', *, *, #4051, .F. ) ;
#4257 = DIRECTION ( 'NONE',  ( 0.000000000000000000, 0.000000000000000000, 1.000000000000000000 ) ) ;
#4258 = CARTESIAN_POINT ( 'NONE',  ( -11.43883991927437904, 15.17079237551494941, -1.000000000000000000 ) ) ;
#4259 = ORIENTED_EDGE ( 'NONE', *, *, #1706, .F. ) ;
#4260 = LINE ( 'NONE', #4777, #112 ) ;
#4261 = VERTEX_POINT ( 'NONE', #3423 ) ;
#4262 = DIRECTION ( 'NONE',  ( 1.000000000000000000, 0.000000000000000000, 0.000000000000000000 ) ) ;
#4263 = CARTESIAN_POINT ( 'NONE',  ( -18.81585144052309744, -2.638888888894350249, -1.000000000000000000 ) ) ;
#4264 = DIRECTION ( 'NONE',  ( 0.000000000000000000, 0.000000000000000000, 1.000000000000000000 ) ) ;
#4265 = CARTESIAN_POINT ( 'NONE',  ( 7.685162873673849759, 2.222222222226484689, 0.000000000000000000 ) ) ;
#4266 = AXIS2_PLACEMENT_3D ( 'NONE', #189, #3136, #1493 ) ;
#4267 = CARTESIAN_POINT ( 'NONE',  ( 2.222222222226454935, -7.685162873673859529, 0.000000000000000000 ) ) ;
#4268 = ORIENTED_EDGE ( 'NONE', *, *, #2161, .T. ) ;
#4269 = CIRCLE ( 'NONE', #1015, 0.4000000000000001887 ) ;
#4270 = DIRECTION ( 'NONE',  ( 1.000000000000000000, 0.000000000000000000, 0.000000000000000000 ) ) ;
#4271 = CARTESIAN_POINT ( 'NONE',  ( -12.35475616918361652, -1.900000000005114709, 0.000000000000000000 ) ) ;
#4272 = ORIENTED_EDGE ( 'NONE', *, *, #2988, .T. ) ;
#4273 = ADVANCED_FACE ( 'NONE', ( #1757 ), #5152, .F. ) ;
#4274 = EDGE_LOOP ( 'NONE', ( #5093, #560, #4767, #1091 ) ) ;
#4275 = CARTESIAN_POINT ( 'NONE',  ( -18.00000000000000000, -18.00000000000000000, 0.000000000000000000 ) ) ;
#4276 = EDGE_CURVE ( 'NONE', #314, #3636, #5092, .T. ) ;
#4277 = ORIENTED_EDGE ( 'NONE', *, *, #2005, .F. ) ;
#4278 = DIRECTION ( 'NONE',  ( -1.000000000000000000, 0.000000000000000000, 0.000000000000000000 ) ) ;
#4279 = VECTOR ( 'NONE', #4740, 1000.000000000000000 ) ;
#4280 = EDGE_CURVE ( 'NONE', #3915, #702, #2577, .T. ) ;
#4281 = FACE_OUTER_BOUND ( 'NONE', #1826, .T. ) ;
#4282 = ORIENTED_EDGE ( 'NONE', *, *, #374, .T. ) ;
#4283 = CARTESIAN_POINT ( 'NONE',  ( -2.222222222226469590, 7.685162873673870187, -1.000000000000000000 ) ) ;
#4284 = VECTOR ( 'NONE', #1680, 1000.000000000000000 ) ;
#4285 = CARTESIAN_POINT ( 'NONE',  ( 8.645808232889899969, -1.499999999985384136, 0.000000000000000000 ) ) ;
#4286 = AXIS2_PLACEMENT_3D ( 'NONE', #379, #4660, #4136 ) ;
#4287 = ORIENTED_EDGE ( 'NONE', *, *, #2816, .F. ) ;
#4288 = CARTESIAN_POINT ( 'NONE',  ( 10.40218306342655019, 7.629193110346723650, -1.000000000000000000 ) ) ;
#4289 = ORIENTED_EDGE ( 'NONE', *, *, #1277, .T. ) ;
#4290 = VECTOR ( 'NONE', #4088, 999.9999999999998863 ) ;
#4291 = DIRECTION ( 'NONE',  ( 0.000000000000000000, 0.000000000000000000, 1.000000000000000000 ) ) ;
#4292 = PLANE ( 'NONE',  #1173 ) ;
#4293 = CIRCLE ( 'NONE', #4933, 0.9999999999999497069 ) ;
#4294 = CARTESIAN_POINT ( 'NONE',  ( 9.531789969724075107, -11.65311031326311664, -1.000000000000000000 ) ) ;
#4295 = DIRECTION ( 'NONE',  ( 0.000000000000000000, 0.000000000000000000, 1.000000000000000000 ) ) ;
#4296 = DIRECTION ( 'NONE',  ( 0.000000000000000000, 0.000000000000000000, 1.000000000000000000 ) ) ;
#4297 = ORIENTED_EDGE ( 'NONE', *, *, #4564, .F. ) ;
#4298 = CARTESIAN_POINT ( 'NONE',  ( 18.00000000000000000, 18.00000000000000000, 0.000000000000000000 ) ) ;
#4299 = VECTOR ( 'NONE', #342, 1000.000000000000000 ) ;
#4300 = ADVANCED_FACE ( 'NONE', ( #367 ), #3027, .F. ) ;
#4301 = DIRECTION ( 'NONE',  ( 0.000000000000000000, 0.000000000000000000, 1.000000000000000000 ) ) ;
#4302 = AXIS2_PLACEMENT_3D ( 'NONE', #2604, #1437, #455 ) ;
#4303 = ADVANCED_FACE ( 'NONE', ( #822 ), #2944, .F. ) ;
#4304 = ADVANCED_FACE ( 'NONE', ( #843 ), #1218, .F. ) ;
#4305 = VERTEX_POINT ( 'NONE', #1278 ) ;
#4306 = AXIS2_PLACEMENT_3D ( 'NONE', #422, #4295, #4242 ) ;
#4307 = AXIS2_PLACEMENT_3D ( 'NONE', #3633, #122, #5355 ) ;
#4308 = ORIENTED_EDGE ( 'NONE', *, *, #4818, .F. ) ;
#4309 = AXIS2_PLACEMENT_3D ( 'NONE', #282, #4534, #2020 ) ;
#4310 = FACE_BOUND ( 'NONE', #3825, .T. ) ;
#4311 = VECTOR ( 'NONE', #1421, 1000.000000000000000 ) ;
#4312 = ORIENTED_EDGE ( 'NONE', *, *, #3995, .F. ) ;
#4313 = DIRECTION ( 'NONE',  ( 1.000000000000000000, -4.336808689942025625E-15, 0.000000000000000000 ) ) ;
#4314 = ORIENTED_EDGE ( 'NONE', *, *, #5492, .T. ) ;
#4315 = CARTESIAN_POINT ( 'NONE',  ( 23.57404796879309927, -8.544500781088730168E-16, 0.000000000000000000 ) ) ;
#4316 = ORIENTED_EDGE ( 'NONE', *, *, #210, .T. ) ;
#4317 = DIRECTION ( 'NONE',  ( 0.000000000000000000, 0.000000000000000000, 1.000000000000000000 ) ) ;
#4318 = DIRECTION ( 'NONE',  ( 0.000000000000000000, 0.000000000000000000, 1.000000000000000000 ) ) ;
#4319 = ORIENTED_EDGE ( 'NONE', *, *, #5302, .T. ) ;
#4320 = DIRECTION ( 'NONE',  ( 0.000000000000000000, 0.000000000000000000, 1.000000000000000000 ) ) ;
#4321 = ORIENTED_EDGE ( 'NONE', *, *, #390, .T. ) ;
#4322 = EDGE_CURVE ( 'NONE', #276, #3684, #2398, .T. ) ;
#4323 = DIRECTION ( 'NONE',  ( 0.000000000000000000, 0.000000000000000000, 1.000000000000000000 ) ) ;
#4324 = CYLINDRICAL_SURFACE ( 'NONE', #3876, 0.3999999999999993006 ) ;
#4325 = CARTESIAN_POINT ( 'NONE',  ( -9.248947257233835373, -11.93595302574983741, -1.000000000000000888 ) ) ;
#4326 = CARTESIAN_POINT ( 'NONE',  ( -5.052849458545430217, 7.174169802084439773, -1.000000000000000000 ) ) ;
#4327 = PLANE ( 'NONE',  #263 ) ;
#4328 = ORIENTED_EDGE ( 'NONE', *, *, #2063, .T. ) ;
#4329 = APPLICATION_CONTEXT ( 'automotive_design' ) ;
#4330 = DIRECTION ( 'NONE',  ( 0.000000000000000000, 0.000000000000000000, 1.000000000000000000 ) ) ;
#4331 = DIRECTION ( 'NONE',  ( -0.7071067811865441310, 0.7071067811865510144, 0.000000000000000000 ) ) ;
#4332 = CIRCLE ( 'NONE', #4138, 1.999999999999998224 ) ;
#4333 = DIRECTION ( 'NONE',  ( -0.000000000000000000, -0.000000000000000000, -1.000000000000000000 ) ) ;
#4334 = ORIENTED_EDGE ( 'NONE', *, *, #4233, .T. ) ;
#4335 = ORIENTED_EDGE ( 'NONE', *, *, #2645, .T. ) ;
#4336 = AXIS2_PLACEMENT_3D ( 'NONE', #3983, #4008, #109 ) ;
#4337 = EDGE_LOOP ( 'NONE', ( #5037, #2328, #1476, #2004 ) ) ;
#4338 = EDGE_CURVE ( 'NONE', #2294, #3908, #4023, .T. ) ;
#4339 = EDGE_CURVE ( 'NONE', #2547, #3280, #31, .T. ) ;
#4340 = VECTOR ( 'NONE', #5077, 999.9999999999998863 ) ;
#4341 = CARTESIAN_POINT ( 'NONE',  ( 11.93595302574987649, -9.248947257233798069, 0.000000000000000000 ) ) ;
#4342 = ORIENTED_EDGE ( 'NONE', *, *, #1497, .F. ) ;
#4343 = CARTESIAN_POINT ( 'NONE',  ( -11.54390249418310077, 13.66522283772210145, -1.000000000000000000 ) ) ;
#4344 = DIRECTION ( 'NONE',  ( 0.000000000000000000, 0.000000000000000000, 1.000000000000000000 ) ) ;
#4345 = ORIENTED_EDGE ( 'NONE', *, *, #4280, .T. ) ;
#4346 = CYLINDRICAL_SURFACE ( 'NONE', #178, 1.000000000000000888 ) ;
#4347 = ORIENTED_EDGE ( 'NONE', *, *, #56, .F. ) ;
#4348 = DIRECTION ( 'NONE',  ( 1.000000000000000000, 0.000000000000000000, 0.000000000000000000 ) ) ;
#4349 = CIRCLE ( 'NONE', #2532, 1.000000000000000888 ) ;
#4350 = EDGE_CURVE ( 'NONE', #3999, #2392, #3452, .T. ) ;
#4351 = ORIENTED_EDGE ( 'NONE', *, *, #5562, .F. ) ;
#4352 = AXIS2_PLACEMENT_3D ( 'NONE', #3785, #1526, #1639 ) ;
#4353 = CARTESIAN_POINT ( 'NONE',  ( -10.07963475138237897, -7.392628982894038359, -1.000000000000000888 ) ) ;
#4354 = ORIENTED_EDGE ( 'NONE', *, *, #2373, .T. ) ;
#4355 = CARTESIAN_POINT ( 'NONE',  ( 2.500000000005055067, -17.82554346996894878, -1.000000000000000000 ) ) ;
#4356 = CARTESIAN_POINT ( 'NONE',  ( 18.82554346997164885, -2.499999999985414778, -1.000000000000000000 ) ) ;
#4357 = DIRECTION ( 'NONE',  ( 1.000000000000000000, 0.000000000000000000, 0.000000000000000000 ) ) ;
#4358 = ADVANCED_FACE ( 'NONE', ( #1342 ), #3061, .F. ) ;
#4359 = EDGE_CURVE ( 'NONE', #2198, #4465, #1589, .T. ) ;
#4360 = DIRECTION ( 'NONE',  ( 0.7071067811865414665, -0.7071067811865535679, 0.000000000000000000 ) ) ;
#4361 = ORIENTED_EDGE ( 'NONE', *, *, #1227, .T. ) ;
#4362 = DIRECTION ( 'NONE',  ( -0.000000000000000000, -0.000000000000000000, -1.000000000000000000 ) ) ;
#4363 = CARTESIAN_POINT ( 'NONE',  ( -1.499999999985441868, -12.35475616918664343, -1.000000000000000000 ) ) ;
#4364 = VECTOR ( 'NONE', #1285, 1000.000000000000000 ) ;
#4365 = LINE ( 'NONE', #2687, #324 ) ;
#4366 = AXIS2_PLACEMENT_3D ( 'NONE', #2228, #4320, #1776 ) ;
#4367 = ORIENTED_EDGE ( 'NONE', *, *, #3789, .T. ) ;
#4368 = FACE_OUTER_BOUND ( 'NONE', #4557, .T. ) ;
#4369 = VERTEX_POINT ( 'NONE', #3596 ) ;
#4370 = DIRECTION ( 'NONE',  ( 1.000000000000000000, 0.000000000000000000, 0.000000000000000000 ) ) ;
#4371 = ORIENTED_EDGE ( 'NONE', *, *, #734, .T. ) ;
#4372 = CARTESIAN_POINT ( 'NONE',  ( -12.35475616918361652, -1.900000000005114709, 41.57787873376899768 ) ) ;
#4373 = ORIENTED_EDGE ( 'NONE', *, *, #3205, .T. ) ;
#4374 = DIRECTION ( 'NONE',  ( -0.000000000000000000, -0.000000000000000000, -1.000000000000000000 ) ) ;
#4375 = ORIENTED_EDGE ( 'NONE', *, *, #3809, .F. ) ;
#4376 = CARTESIAN_POINT ( 'NONE',  ( -17.82554346997169858, 1.499999999985406118, 0.000000000000000000 ) ) ;
#4377 = ORIENTED_EDGE ( 'NONE', *, *, #720, .F. ) ;
#4378 = DIRECTION ( 'NONE',  ( 1.000000000000000000, 0.000000000000000000, 0.000000000000000000 ) ) ;
#4379 = CARTESIAN_POINT ( 'NONE',  ( -11.65311031327519942, 9.531789969708503563, 0.000000000000000000 ) ) ;
#4380 = VECTOR ( 'NONE', #5361, 1000.000000000000000 ) ;
#4381 = CARTESIAN_POINT ( 'NONE',  ( 1.499999999985410115, 8.645808232889910627, -1.000000000000000000 ) ) ;
#4382 = CIRCLE ( 'NONE', #1942, 12.90000000000000213 ) ;
#4383 = ORIENTED_EDGE ( 'NONE', *, *, #2739, .F. ) ;
#4384 = CIRCLE ( 'NONE', #2841, 1.000000000000000000 ) ;
#4385 = CYLINDRICAL_SURFACE ( 'NONE', #4841, 7.999999999990779820 ) ;
#4386 = DIRECTION ( 'NONE',  ( 1.000000000000000000, 0.000000000000000000, 0.000000000000000000 ) ) ;
#4387 = EDGE_CURVE ( 'NONE', #3426, #4261, #1896, .T. ) ;
#4388 = PRESENTATION_LAYER_ASSIGNMENT (  '', '', ( #3660 ) ) ;
#4389 = CARTESIAN_POINT ( 'NONE',  ( 0.000000000000000000, 0.000000000000000000, -1.000000000000000000 ) ) ;
#4390 = ORIENTED_EDGE ( 'NONE', *, *, #3830, .T. ) ;
#4391 = AXIS2_PLACEMENT_3D ( 'NONE', #5303, #1457, #2330 ) ;
#4392 = AXIS2_PLACEMENT_3D ( 'NONE', #746, #4078, #1114 ) ;
#4393 = EDGE_CURVE ( 'NONE', #2458, #713, #3084, .T. ) ;
#4394 = ADVANCED_FACE ( 'NONE', ( #1472 ), #5261, .F. ) ;
#4395 = DIRECTION ( 'NONE',  ( 0.000000000000000000, 0.000000000000000000, 1.000000000000000000 ) ) ;
#4396 = ORIENTED_EDGE ( 'NONE', *, *, #3595, .T. ) ;
#4397 = VECTOR ( 'NONE', #2, 1000.000000000000000 ) ;
#4398 = CIRCLE ( 'NONE', #3310, 12.90000000000000213 ) ;
#4399 = FACE_OUTER_BOUND ( 'NONE', #5147, .T. ) ;
#4400 = CIRCLE ( 'NONE', #1592, 12.90000000000000213 ) ;
#4401 = ORIENTED_EDGE ( 'NONE', *, *, #1988, .F. ) ;
#4402 = DIRECTION ( 'NONE',  ( 1.000000000000000000, 0.000000000000000000, 0.000000000000000000 ) ) ;
#4403 = ORIENTED_EDGE ( 'NONE', *, *, #281, .T. ) ;
#4404 = CARTESIAN_POINT ( 'NONE',  ( 11.83679571298061894, 14.37232961892061844, -1.000000000000000000 ) ) ;
#4405 = VECTOR ( 'NONE', #5370, 1000.000000000000000 ) ;
#4406 = AXIS2_PLACEMENT_3D ( 'NONE', #996, #4870, #2720 ) ;
#4407 = ORIENTED_EDGE ( 'NONE', *, *, #3764, .T. ) ;
#4408 = DIRECTION ( 'NONE',  ( 0.000000000000000000, 0.000000000000000000, 1.000000000000000000 ) ) ;
#4409 = VERTEX_POINT ( 'NONE', #1839 ) ;
#4410 = ADVANCED_FACE ( 'NONE', ( #3961 ), #932, .F. ) ;
#4411 = DIRECTION ( 'NONE',  ( 0.000000000000000000, 0.000000000000000000, 1.000000000000000000 ) ) ;
#4412 = CARTESIAN_POINT ( 'NONE',  ( 20.00000000000000000, -18.00000000000000000, 0.000000000000000000 ) ) ;
#4413 = EDGE_CURVE ( 'NONE', #1193, #4635, #2403, .T. ) ;
#4414 = EDGE_CURVE ( 'NONE', #915, #2801, #594, .T. ) ;
#4415 = CARTESIAN_POINT ( 'NONE',  ( 12.35475616918361474, 1.900000000005116707, -1.000000000000000888 ) ) ;
#4416 = ORIENTED_EDGE ( 'NONE', *, *, #846, .F. ) ;
#4417 = DIRECTION ( 'NONE',  ( 0.000000000000000000, 0.000000000000000000, 1.000000000000000000 ) ) ;
#4418 = DIRECTION ( 'NONE',  ( -0.000000000000000000, -0.000000000000000000, -1.000000000000000000 ) ) ;
#4419 = DIRECTION ( 'NONE',  ( -0.000000000000000000, -0.000000000000000000, -1.000000000000000000 ) ) ;
#4420 = EDGE_CURVE ( 'NONE', #486, #5297, #513, .T. ) ;
#4421 = VERTEX_POINT ( 'NONE', #538 ) ;
#4422 = DIRECTION ( 'NONE',  ( 1.000000000000000000, 0.000000000000000000, 0.000000000000000000 ) ) ;
#4423 = CARTESIAN_POINT ( 'NONE',  ( 12.35475616918664699, -1.899999999985396926, 41.57787873376899768 ) ) ;
#4424 = ORIENTED_EDGE ( 'NONE', *, *, #533, .T. ) ;
#4425 = VECTOR ( 'NONE', #2135, 1000.000000000000000 ) ;
#4426 = EDGE_CURVE ( 'NONE', #2221, #1507, #4365, .T. ) ;
#4427 = LINE ( 'NONE', #1369, #1311 ) ;
#4428 = ORIENTED_EDGE ( 'NONE', *, *, #552, .F. ) ;
#4429 = DIRECTION ( 'NONE',  ( 0.000000000000000000, 0.000000000000000000, 1.000000000000000000 ) ) ;
#4430 = ORIENTED_EDGE ( 'NONE', *, *, #3574, .F. ) ;
#4431 = LINE ( 'NONE', #2698, #4101 ) ;
#4432 = VECTOR ( 'NONE', #277, 999.9999999999998863 ) ;
#4433 = CARTESIAN_POINT ( 'NONE',  ( 18.82554346996889905, 2.500000000005119905, 0.000000000000000000 ) ) ;
#4434 = EDGE_LOOP ( 'NONE', ( #3449, #127, #4308, #2081 ) ) ;
#4435 = VECTOR ( 'NONE', #2067, 1000.000000000000000 ) ;
#4436 = DIRECTION ( 'NONE',  ( 1.000000000000000000, 0.000000000000000000, 0.000000000000000000 ) ) ;
#4437 = ORIENTED_EDGE ( 'NONE', *, *, #1646, .T. ) ;
#4438 = CARTESIAN_POINT ( 'NONE',  ( 0.000000000000000000, 0.000000000000000000, 0.000000000000000000 ) ) ;
#4439 = CARTESIAN_POINT ( 'NONE',  ( -10.07963475138237897, -7.392628982894038359, 41.57787873376899768 ) ) ;
#4440 = LINE ( 'NONE', #5278, #3193 ) ;
#4441 = ORIENTED_EDGE ( 'NONE', *, *, #583, .T. ) ;
#4442 = DIRECTION ( 'NONE',  ( 1.000000000000000000, -8.673617379884035472E-15, 0.000000000000000000 ) ) ;
#4443 = DIRECTION ( 'NONE',  ( -0.000000000000000000, -0.000000000000000000, -1.000000000000000000 ) ) ;
#4444 = CARTESIAN_POINT ( 'NONE',  ( -11.93595302574981609, 9.248947257233878005, 0.000000000000000000 ) ) ;
#4445 = ORIENTED_EDGE ( 'NONE', *, *, #1678, .T. ) ;
#4446 = FACE_BOUND ( 'NONE', #2227, .T. ) ;
#4447 = DIRECTION ( 'NONE',  ( -1.927470528863119788E-16, 1.000000000000000000, 0.000000000000000000 ) ) ;
#4448 = ORIENTED_EDGE ( 'NONE', *, *, #4496, .T. ) ;
#4449 = CIRCLE ( 'NONE', #1555, 12.90000000000000213 ) ;
#4450 = EDGE_CURVE ( 'NONE', #1769, #3917, #3843, .T. ) ;
#4451 = VECTOR ( 'NONE', #3433, 1000.000000000000000 ) ;
#4452 = CARTESIAN_POINT ( 'NONE',  ( -11.65311031326315572, -9.531789969724030698, -1.000000000000000000 ) ) ;
#4453 = ORIENTED_EDGE ( 'NONE', *, *, #4977, .T. ) ;
#4454 = CARTESIAN_POINT ( 'NONE',  ( 14.37232961892055982, -10.83679571298064026, -1.000000000000000000 ) ) ;
#4455 = ORIENTED_EDGE ( 'NONE', *, *, #4166, .F. ) ;
#4456 = ADVANCED_FACE ( 'NONE', ( #3516 ), #138, .F. ) ;
#4457 = LINE ( 'NONE', #1331, #4491 ) ;
#4458 = EDGE_CURVE ( 'NONE', #1423, #5221, #1138, .T. ) ;
#4459 = VERTEX_POINT ( 'NONE', #3190 ) ;
#4460 = CARTESIAN_POINT ( 'NONE',  ( 11.83679571299646049, -14.37232961890862093, -1.000000000000000000 ) ) ;
#4461 = EDGE_LOOP ( 'NONE', ( #2414, #2352, #2984, #2571 ) ) ;
#4462 = CARTESIAN_POINT ( 'NONE',  ( -7.881276583270981462, -4.345742677358854777, 0.000000000000000000 ) ) ;
#4463 = CARTESIAN_POINT ( 'NONE',  ( -9.531789969708452048, -11.65311031327521540, -1.000000000000000000 ) ) ;
#4464 = DIRECTION ( 'NONE',  ( 0.000000000000000000, 0.000000000000000000, -1.000000000000000000 ) ) ;
#4465 = VERTEX_POINT ( 'NONE', #2286 ) ;
#4466 = VECTOR ( 'NONE', #1462, 1000.000000000000000 ) ;
#4467 = CARTESIAN_POINT ( 'NONE',  ( -18.00000000000000000, -20.00000000000000000, 0.000000000000000000 ) ) ;
#4468 = CARTESIAN_POINT ( 'NONE',  ( 7.174169802094319870, -5.052849458527470361, 0.000000000000000000 ) ) ;
#4469 = DIRECTION ( 'NONE',  ( -0.7071067811865485719, -0.7071067811865464625, 0.000000000000000000 ) ) ;
#4470 = AXIS2_PLACEMENT_3D ( 'NONE', #5557, #1263, #2990 ) ;
#4471 = CIRCLE ( 'NONE', #5552, 0.3999999999999993006 ) ;
#4472 = ORIENTED_EDGE ( 'NONE', *, *, #223, .T. ) ;
#4473 = FACE_OUTER_BOUND ( 'NONE', #2530, .T. ) ;
#4474 = CIRCLE ( 'NONE', #589, 2.000000000000001776 ) ;
#4475 = EDGE_CURVE ( 'NONE', #3200, #1543, #4932, .T. ) ;
#4476 = AXIS2_PLACEMENT_3D ( 'NONE', #3781, #2938, #4668 ) ;
#4477 = ADVANCED_FACE ( 'NONE', ( #2659 ), #4893, .F. ) ;
#4478 = EDGE_CURVE ( 'NONE', #2557, #3434, #4837, .T. ) ;
#4479 = FACE_OUTER_BOUND ( 'NONE', #221, .T. ) ;
#4480 = ORIENTED_EDGE ( 'NONE', *, *, #2234, .F. ) ;
#4481 = VERTEX_POINT ( 'NONE', #3985 ) ;
#4482 = DIRECTION ( 'NONE',  ( 1.000000000000000000, 0.000000000000000000, 0.000000000000000000 ) ) ;
#4483 = ORIENTED_EDGE ( 'NONE', *, *, #5105, .F. ) ;
#4484 = DIRECTION ( 'NONE',  ( 0.000000000000000000, 0.000000000000000000, 1.000000000000000000 ) ) ;
#4485 = AXIS2_PLACEMENT_3D ( 'NONE', #714, #2922, #3770 ) ;
#4486 = VECTOR ( 'NONE', #5520, 1000.000000000000000 ) ;
#4487 = ORIENTED_EDGE ( 'NONE', *, *, #5178, .F. ) ;
#4488 = DIRECTION ( 'NONE',  ( 0.000000000000000000, 0.000000000000000000, 1.000000000000000000 ) ) ;
#4489 = EDGE_LOOP ( 'NONE', ( #1324, #3298, #172, #2103 ) ) ;
#4490 = AXIS2_PLACEMENT_3D ( 'NONE', #5116, #2153, #5060 ) ;
#4491 = VECTOR ( 'NONE', #3054, 1000.000000000000000 ) ;
#4492 = LINE ( 'NONE', #3611, #3931 ) ;
#4493 = DIRECTION ( 'NONE',  ( 1.000000000000000000, 0.000000000000000000, 0.000000000000000000 ) ) ;
#4494 = CARTESIAN_POINT ( 'NONE',  ( 14.37232961892055982, -10.83679571298064026, 0.000000000000000000 ) ) ;
#4495 = VERTEX_POINT ( 'NONE', #111 ) ;
#4496 = EDGE_CURVE ( 'NONE', #1641, #2981, #1417, .T. ) ;
#4497 = CARTESIAN_POINT ( 'NONE',  ( -16.00000000000000000, -16.00000000000000000, -1.000000000000000000 ) ) ;
#4498 = LINE ( 'NONE', #164, #3966 ) ;
#4499 = DIRECTION ( 'NONE',  ( 0.000000000000000000, 0.000000000000000000, 1.000000000000000000 ) ) ;
#4500 = DIRECTION ( 'NONE',  ( -0.000000000000000000, -0.000000000000000000, -1.000000000000000000 ) ) ;
#4501 = ORIENTED_EDGE ( 'NONE', *, *, #1793, .T. ) ;
#4502 = CARTESIAN_POINT ( 'NONE',  ( -2.499999999985414778, -8.645808232889889311, -1.000000000000000000 ) ) ;
#4503 = CARTESIAN_POINT ( 'NONE',  ( -20.00000000000000000, -2.449293598294709668E-15, -1.000000000000000000 ) ) ;
#4504 = VERTEX_POINT ( 'NONE', #5396 ) ;
#4505 = DIRECTION ( 'NONE',  ( 1.000000000000000000, 0.000000000000000000, 0.000000000000000000 ) ) ;
#4506 = ORIENTED_EDGE ( 'NONE', *, *, #3595, .F. ) ;
#4507 = EDGE_CURVE ( 'NONE', #4409, #1345, #1523, .T. ) ;
#4508 = DIRECTION ( 'NONE',  ( 0.000000000000000000, 0.000000000000000000, 1.000000000000000000 ) ) ;
#4509 = EDGE_CURVE ( 'NONE', #600, #960, #417, .T. ) ;
#4510 = VERTEX_POINT ( 'NONE', #5450 ) ;
#4511 = DIRECTION ( 'NONE',  ( 1.000000000000000000, 0.000000000000000000, 0.000000000000000000 ) ) ;
#4512 = CYLINDRICAL_SURFACE ( 'NONE', #4665, 1.000000000000000888 ) ;
#4513 = CYLINDRICAL_SURFACE ( 'NONE', #651, 7.999999999990759392 ) ;
#4514 = VERTEX_POINT ( 'NONE', #3332 ) ;
#4515 = CARTESIAN_POINT ( 'NONE',  ( -5.052849458527489901, -7.174169802094300330, -1.000000000000000000 ) ) ;
#4516 = FACE_BOUND ( 'NONE', #3871, .T. ) ;
#4517 = VECTOR ( 'NONE', #3746, 1000.000000000000000 ) ;
#4518 = DIRECTION ( 'NONE',  ( 0.000000000000000000, 0.000000000000000000, 1.000000000000000000 ) ) ;
#4519 = AXIS2_PLACEMENT_3D ( 'NONE', #1576, #3865, #385 ) ;
#4520 = VERTEX_POINT ( 'NONE', #2428 ) ;
#4521 = EDGE_CURVE ( 'NONE', #3573, #2609, #510, .T. ) ;
#4522 = LINE ( 'NONE', #2847, #2087 ) ;
#4523 = CYLINDRICAL_SURFACE ( 'NONE', #3696, 12.90000000000000213 ) ;
#4524 = EDGE_CURVE ( 'NONE', #5362, #5514, #3394, .T. ) ;
#4525 = CARTESIAN_POINT ( 'NONE',  ( 10.07963475139411713, -7.392628982878034272, -1.000000000000000888 ) ) ;
#4526 = EDGE_CURVE ( 'NONE', #4520, #2815, #1076, .T. ) ;
#4527 = CARTESIAN_POINT ( 'NONE',  ( -1.500000000005125900, 14.97998664885855469, 0.000000000000000000 ) ) ;
#4528 = ORIENTED_EDGE ( 'NONE', *, *, #3266, .T. ) ;
#4529 = CARTESIAN_POINT ( 'NONE',  ( -4.345742677358824579, 7.881276583271000113, 0.000000000000000000 ) ) ;
#4530 = DIRECTION ( 'NONE',  ( 0.000000000000000000, 0.000000000000000000, 1.000000000000000000 ) ) ;
#4531 = ORIENTED_EDGE ( 'NONE', *, *, #2862, .F. ) ;
#4532 = CARTESIAN_POINT ( 'NONE',  ( 20.00000000000000000, 15.25000000000000000, -1.000000000000000000 ) ) ;
#4533 = ORIENTED_EDGE ( 'NONE', *, *, #1029, .F. ) ;
#4534 = DIRECTION ( 'NONE',  ( 0.000000000000000000, 0.000000000000000000, 1.000000000000000000 ) ) ;
#4535 = VERTEX_POINT ( 'NONE', #1048 ) ;
#4536 = CARTESIAN_POINT ( 'NONE',  ( 0.000000000000000000, 0.000000000000000000, 0.000000000000000000 ) ) ;
#4537 = AXIS2_PLACEMENT_3D ( 'NONE', #834, #920, #5137 ) ;
#4538 = DIRECTION ( 'NONE',  ( 1.000000000000000000, 0.000000000000000000, 0.000000000000000000 ) ) ;
#4539 = LINE ( 'NONE', #73, #3160 ) ;
#4540 = VERTEX_POINT ( 'NONE', #3303 ) ;
#4541 = DIRECTION ( 'NONE',  ( 0.000000000000000000, 0.000000000000000000, 1.000000000000000000 ) ) ;
#4542 = EDGE_CURVE ( 'NONE', #2803, #434, #5484, .T. ) ;
#4543 = CARTESIAN_POINT ( 'NONE',  ( -7.174169802094289672, 5.052849458527520099, -1.000000000000000000 ) ) ;
#4544 = VECTOR ( 'NONE', #3481, 1000.000000000000000 ) ;
#4545 = EDGE_LOOP ( 'NONE', ( #782, #577, #2534, #4173 ) ) ;
#4546 = ORIENTED_EDGE ( 'NONE', *, *, #1614, .T. ) ;
#4547 = LINE ( 'NONE', #5364, #1996 ) ;
#4548 = DIRECTION ( 'NONE',  ( 0.000000000000000000, 0.000000000000000000, 1.000000000000000000 ) ) ;
#4549 = LINE ( 'NONE', #2366, #4290 ) ;
#4550 = DIRECTION ( 'NONE',  ( 0.000000000000000000, 0.000000000000000000, 1.000000000000000000 ) ) ;
#4551 = ORIENTED_EDGE ( 'NONE', *, *, #2159, .T. ) ;
#4552 = ADVANCED_FACE ( 'NONE', ( #2850 ), #2772, .F. ) ;
#4553 = EDGE_LOOP ( 'NONE', ( #4728, #4445, #3682, #797 ) ) ;
#4554 = CARTESIAN_POINT ( 'NONE',  ( 7.881276583280871328, -4.345742677340919791, 0.000000000000000000 ) ) ;
#4555 = AXIS2_PLACEMENT_3D ( 'NONE', #640, #4518, #721 ) ;
#4556 = LINE ( 'NONE', #674, #1327 ) ;
#4557 = EDGE_LOOP ( 'NONE', ( #2115, #2521, #4627, #1425 ) ) ;
#4558 = CARTESIAN_POINT ( 'NONE',  ( -9.279552592000008815, 11.40087293553901127, -1.000000000000000888 ) ) ;
#4559 = CIRCLE ( 'NONE', #219, 18.99999999999384670 ) ;
#4560 = ORIENTED_EDGE ( 'NONE', *, *, #393, .T. ) ;
#4561 = EDGE_CURVE ( 'NONE', #3684, #4510, #2344, .T. ) ;
#4562 = CYLINDRICAL_SURFACE ( 'NONE', #4672, 14.69999999999999929 ) ;
#4563 = ORIENTED_EDGE ( 'NONE', *, *, #4752, .F. ) ;
#4564 = EDGE_CURVE ( 'NONE', #2547, #2055, #4218, .T. ) ;
#4565 = AXIS2_PLACEMENT_3D ( 'NONE', #5051, #1179, #2027 ) ;
#4566 = CARTESIAN_POINT ( 'NONE',  ( 1.500000000005065059, -14.97998664885855824, 0.000000000000000000 ) ) ;
#4567 = AXIS2_PLACEMENT_3D ( 'NONE', #5405, #2411, #1081 ) ;
#4568 = CARTESIAN_POINT ( 'NONE',  ( 1.849668874177116118, -14.58316581047820293, 0.000000000000000000 ) ) ;
#4569 = FACE_OUTER_BOUND ( 'NONE', #4680, .T. ) ;
#4570 = VERTEX_POINT ( 'NONE', #244 ) ;
#4571 = DIRECTION ( 'NONE',  ( 1.000000000000000000, 0.000000000000000000, 0.000000000000000000 ) ) ;
#4572 = AXIS2_PLACEMENT_3D ( 'NONE', #2074, #3906, #4726 ) ;
#4573 = VECTOR ( 'NONE', #28, 1000.000000000000000 ) ;
#4574 = CARTESIAN_POINT ( 'NONE',  ( -7.629193110330160899, -10.40218306343869514, -1.000000000000000000 ) ) ;
#4575 = ORIENTED_EDGE ( 'NONE', *, *, #2881, .T. ) ;
#4576 = CIRCLE ( 'NONE', #2140, 2.000000000000001776 ) ;
#4577 = AXIS2_PLACEMENT_3D ( 'NONE', #2726, #5204, #1005 ) ;
#4578 = EDGE_CURVE ( 'NONE', #3257, #3730, #2769, .T. ) ;
#4579 = DIRECTION ( 'NONE',  ( 0.000000000000000000, 0.000000000000000000, 1.000000000000000000 ) ) ;
#4580 = AXIS2_PLACEMENT_3D ( 'NONE', #1397, #4508, #1426 ) ;
#4581 = EDGE_CURVE ( 'NONE', #5088, #2547, #2794, .T. ) ;
#4582 = ORIENTED_EDGE ( 'NONE', *, *, #4232, .T. ) ;
#4583 = CARTESIAN_POINT ( 'NONE',  ( 0.000000000000000000, 0.000000000000000000, -1.000000000000000000 ) ) ;
#4584 = EDGE_CURVE ( 'NONE', #3999, #3552, #1867, .T. ) ;
#4585 = CARTESIAN_POINT ( 'NONE',  ( -1.849668874158030718, -14.58316581048062233, 0.000000000000000000 ) ) ;
#4586 = DIRECTION ( 'NONE',  ( -1.000000000000000000, -3.873949557266115609E-15, 0.000000000000000000 ) ) ;
#4587 = AXIS2_PLACEMENT_3D ( 'NONE', #1500, #2320, #622 ) ;
#4588 = CYLINDRICAL_SURFACE ( 'NONE', #685, 12.90000000000000213 ) ;
#4589 = VERTEX_POINT ( 'NONE', #5425 ) ;
#4590 = ORIENTED_EDGE ( 'NONE', *, *, #4092, .T. ) ;
#4591 = FACE_OUTER_BOUND ( 'NONE', #4055, .T. ) ;
#4592 = EDGE_CURVE ( 'NONE', #5528, #2130, #423, .T. ) ;
#4593 = DIRECTION ( 'NONE',  ( 0.000000000000000000, 0.000000000000000000, 1.000000000000000000 ) ) ;
#4594 = ORIENTED_EDGE ( 'NONE', *, *, #1366, .T. ) ;
#4595 =( LENGTH_UNIT ( ) NAMED_UNIT ( * ) SI_UNIT ( .MILLI., .METRE. ) );
#4596 = ORIENTED_EDGE ( 'NONE', *, *, #2881, .F. ) ;
#4597 = CARTESIAN_POINT ( 'NONE',  ( 14.00000000000000000, -16.00000000000000000, -1.000000000000000000 ) ) ;
#4598 = ORIENTED_EDGE ( 'NONE', *, *, #927, .F. ) ;
#4599 = CARTESIAN_POINT ( 'NONE',  ( 11.54390249416715974, 13.66522283773408120, -1.000000000000000000 ) ) ;
#4600 = ADVANCED_FACE ( 'NONE', ( #218 ), #1924, .F. ) ;
#4601 = FACE_OUTER_BOUND ( 'NONE', #544, .T. ) ;
#4602 = DIRECTION ( 'NONE',  ( 0.000000000000000000, 0.000000000000000000, 1.000000000000000000 ) ) ;
#4603 = ORIENTED_EDGE ( 'NONE', *, *, #2713, .T. ) ;
#4604 = CARTESIAN_POINT ( 'NONE',  ( -8.645808232884210298, -2.500000000005099920, -1.000000000000000000 ) ) ;
#4605 = CIRCLE ( 'NONE', #3067, 18.99999999999380051 ) ;
#4606 = LINE ( 'NONE', #3721, #4380 ) ;
#4607 = ORIENTED_EDGE ( 'NONE', *, *, #3158, .F. ) ;
#4608 = VECTOR ( 'NONE', #2768, 1000.000000000000000 ) ;
#4609 = LINE ( 'NONE', #2478, #4935 ) ;
#4610 = CARTESIAN_POINT ( 'NONE',  ( 18.00000000000000000, 18.00000000000000000, -1.000000000000000000 ) ) ;
#4611 = VECTOR ( 'NONE', #3718, 1000.000000000000000 ) ;
#4612 = DIRECTION ( 'NONE',  ( 1.000000000000000000, 0.000000000000000000, 0.000000000000000000 ) ) ;
#4613 = CARTESIAN_POINT ( 'NONE',  ( 0.000000000000000000, 0.000000000000000000, 0.000000000000000000 ) ) ;
#4614 = ORIENTED_EDGE ( 'NONE', *, *, #2689, .T. ) ;
#4615 = ORIENTED_EDGE ( 'NONE', *, *, #5401, .F. ) ;
#4616 = CIRCLE ( 'NONE', #906, 1.000000000000000888 ) ;
#4617 = CARTESIAN_POINT ( 'NONE',  ( -1.960800000005278765, 12.75010836659749103, 41.57787873376899768 ) ) ;
#4618 = CARTESIAN_POINT ( 'NONE',  ( 2.222222222226454935, -7.685162873673859529, -1.000000000000000000 ) ) ;
#4619 = EDGE_LOOP ( 'NONE', ( #2001, #443, #1343, #2718, #3519, #2075, #206, #2041, #2832, #175 ) ) ;
#4620 = AXIS2_PLACEMENT_3D ( 'NONE', #4554, #2402, #2544 ) ;
#4621 = VERTEX_POINT ( 'NONE', #647 ) ;
#4622 = LINE ( 'NONE', #2437, #1870 ) ;
#4623 = ORIENTED_EDGE ( 'NONE', *, *, #3571, .T. ) ;
#4624 = DIRECTION ( 'NONE',  ( 1.000000000000000000, 0.000000000000000000, 0.000000000000000000 ) ) ;
#4625 = DIRECTION ( 'NONE',  ( -1.000000000000000000, 0.000000000000000000, 0.000000000000000000 ) ) ;
#4626 = DIRECTION ( 'NONE',  ( 0.000000000000000000, 0.000000000000000000, 1.000000000000000000 ) ) ;
#4627 = ORIENTED_EDGE ( 'NONE', *, *, #212, .F. ) ;
#4628 = ADVANCED_FACE ( 'NONE', ( #2367 ), #4588, .F. ) ;
#4629 = DIRECTION ( 'NONE',  ( 0.000000000000000000, -1.000000000000000000, 0.000000000000000000 ) ) ;
#4630 = CIRCLE ( 'NONE', #738, 0.3999999999999999667 ) ;
#4631 = EDGE_CURVE ( 'NONE', #670, #2622, #3676, .T. ) ;
#4632 = CARTESIAN_POINT ( 'NONE',  ( 12.75010836659748925, 1.960800000005280541, 41.57787873376899768 ) ) ;
#4633 = AXIS2_PLACEMENT_3D ( 'NONE', #1034, #2252, #4855 ) ;
#4634 = EDGE_CURVE ( 'NONE', #2597, #5374, #5599, .T. ) ;
#4635 = VERTEX_POINT ( 'NONE', #2484 ) ;
#4636 = FACE_OUTER_BOUND ( 'NONE', #5096, .T. ) ;
#4637 = DIRECTION ( 'NONE',  ( 0.000000000000000000, 0.000000000000000000, 1.000000000000000000 ) ) ;
#4638 = DIRECTION ( 'NONE',  ( 1.000000000000000000, 0.000000000000000000, 0.000000000000000000 ) ) ;
#4639 = DIRECTION ( 'NONE',  ( -1.000000000000000000, 0.000000000000000000, 0.000000000000000000 ) ) ;
#4640 = CARTESIAN_POINT ( 'NONE',  ( 13.66522283772204105, 11.54390249418305991, -1.000000000000000000 ) ) ;
#4641 = VERTEX_POINT ( 'NONE', #4265 ) ;
#4642 = EDGE_LOOP ( 'NONE', ( #3482, #3524, #3469, #4441 ) ) ;
#4643 = DIRECTION ( 'NONE',  ( 1.000000000000000000, 0.000000000000000000, 0.000000000000000000 ) ) ;
#4644 = LINE ( 'NONE', #2044, #517 ) ;
#4645 = ORIENTED_EDGE ( 'NONE', *, *, #1174, .T. ) ;
#4646 = VERTEX_POINT ( 'NONE', #3417 ) ;
#4647 = EDGE_CURVE ( 'NONE', #436, #3250, #1333, .T. ) ;
#4648 = CARTESIAN_POINT ( 'NONE',  ( -10.83679571299635924, 14.37232961890870087, -1.000000000000000000 ) ) ;
#4649 = ORIENTED_EDGE ( 'NONE', *, *, #2501, .F. ) ;
#4650 = VECTOR ( 'NONE', #161, 1000.000000000000000 ) ;
#4651 = EDGE_CURVE ( 'NONE', #3552, #671, #2541, .T. ) ;
#4652 = EDGE_CURVE ( 'NONE', #2882, #1728, #5144, .T. ) ;
#4653 = CARTESIAN_POINT ( 'NONE',  ( 22.00000000000000000, 13.25000000000000000, 0.000000000000000000 ) ) ;
#4654 = ORIENTED_EDGE ( 'NONE', *, *, #4918, .T. ) ;
#4655 = AXIS2_PLACEMENT_3D ( 'NONE', #2194, #4794, #2613 ) ;
#4656 = DIRECTION ( 'NONE',  ( 0.000000000000000000, 1.000000000000000000, 0.000000000000000000 ) ) ;
#4657 = CIRCLE ( 'NONE', #848, 18.99999999999380051 ) ;
#4658 = DIRECTION ( 'NONE',  ( -1.000000000000000000, 0.000000000000000000, 0.000000000000000000 ) ) ;
#4659 = ORIENTED_EDGE ( 'NONE', *, *, #2581, .F. ) ;
#4660 = DIRECTION ( 'NONE',  ( 0.000000000000000000, 0.000000000000000000, 1.000000000000000000 ) ) ;
#4661 = AXIS2_PLACEMENT_3D ( 'NONE', #607, #2179, #4853 ) ;
#4662 = CARTESIAN_POINT ( 'NONE',  ( 17.82554346996889905, 2.500000000005119905, 0.000000000000000000 ) ) ;
#4663 = ORIENTED_EDGE ( 'NONE', *, *, #5061, .F. ) ;
#4664 = DIRECTION ( 'NONE',  ( 0.000000000000000000, 0.000000000000000000, -1.000000000000000000 ) ) ;
#4665 = AXIS2_PLACEMENT_3D ( 'NONE', #5356, #3661, #4538 ) ;
#4666 = DIRECTION ( 'NONE',  ( 0.000000000000000000, 0.000000000000000000, 1.000000000000000000 ) ) ;
#4667 = CARTESIAN_POINT ( 'NONE',  ( 18.00000000000000000, -18.00000000000000000, -1.000000000000000000 ) ) ;
#4668 = DIRECTION ( 'NONE',  ( 1.000000000000000000, 0.000000000000000000, 0.000000000000000000 ) ) ;
#4669 = CARTESIAN_POINT ( 'NONE',  ( 25.07404796879309927, -8.544500781088730168E-16, -1.000000000000000000 ) ) ;
#4670 = VECTOR ( 'NONE', #3703, 1000.000000000000000 ) ;
#4671 = AXIS2_PLACEMENT_3D ( 'NONE', #1113, #4165, #684 ) ;
#4672 = AXIS2_PLACEMENT_3D ( 'NONE', #5407, #1140, #1590 ) ;
#4673 = ORIENTED_EDGE ( 'NONE', *, *, #807, .F. ) ;
#4674 = ORIENTED_EDGE ( 'NONE', *, *, #3813, .T. ) ;
#4675 = LINE ( 'NONE', #672, #4185 ) ;
#4676 = AXIS2_PLACEMENT_3D ( 'NONE', #3866, #2178, #1688 ) ;
#4677 = AXIS2_PLACEMENT_3D ( 'NONE', #2490, #196, #2828 ) ;
#4678 = DIRECTION ( 'NONE',  ( -0.7071067811865485719, -0.7071067811865464625, 0.000000000000000000 ) ) ;
#4679 = ORIENTED_EDGE ( 'NONE', *, *, #2292, .T. ) ;
#4680 = EDGE_LOOP ( 'NONE', ( #322, #1990, #800, #5592 ) ) ;
#4681 = VERTEX_POINT ( 'NONE', #3869 ) ;
#4682 = FACE_BOUND ( 'NONE', #3771, .T. ) ;
#4683 = ORIENTED_EDGE ( 'NONE', *, *, #2211, .T. ) ;
#4684 = CARTESIAN_POINT ( 'NONE',  ( -7.174169802084439773, -5.052849458545409789, -1.000000000000000000 ) ) ;
#4685 = DIRECTION ( 'NONE',  ( -1.000000000000000000, 0.000000000000000000, 0.000000000000000000 ) ) ;
#4686 = VERTEX_POINT ( 'NONE', #2121 ) ;
#4687 = DIRECTION ( 'NONE',  ( 1.000000000000000000, 0.000000000000000000, 0.000000000000000000 ) ) ;
#4688 = CARTESIAN_POINT ( 'NONE',  ( -20.00000000000000000, 18.00000000000000000, -1.000000000000000000 ) ) ;
#4689 = ORIENTED_EDGE ( 'NONE', *, *, #3167, .T. ) ;
#4690 = CARTESIAN_POINT ( 'NONE',  ( 2.500000000005055067, -17.82554346996894878, 0.000000000000000000 ) ) ;
#4691 = VERTEX_POINT ( 'NONE', #1272 ) ;
#4692 = CARTESIAN_POINT ( 'NONE',  ( -9.796792038919447165, 7.675471695352722890, 0.000000000000000000 ) ) ;
#4693 = CYLINDRICAL_SURFACE ( 'NONE', #2953, 2.000000000000000000 ) ;
#4694 = DIRECTION ( 'NONE',  ( 1.000000000000000000, 0.000000000000000000, 0.000000000000000000 ) ) ;
#4695 = CARTESIAN_POINT ( 'NONE',  ( 5.052849458545430217, -7.174169802084429115, -1.000000000000000000 ) ) ;
#4696 = ADVANCED_FACE ( 'NONE', ( #1691 ), #3839, .F. ) ;
#4697 = CARTESIAN_POINT ( 'NONE',  ( -12.81249390243928410, 1.499999999985406118, 0.000000000000000000 ) ) ;
#4698 = VERTEX_POINT ( 'NONE', #5539 ) ;
#4699 = DIRECTION ( 'NONE',  ( -1.000000000000000000, 0.000000000000000000, 0.000000000000000000 ) ) ;
#4700 = EDGE_CURVE ( 'NONE', #1609, #2294, #389, .T. ) ;
#4701 = CARTESIAN_POINT ( 'NONE',  ( 12.35475616918361474, 1.900000000005116707, 41.57787873376899768 ) ) ;
#4702 = EDGE_CURVE ( 'NONE', #198, #2736, #1661, .T. ) ;
#4703 = AXIS2_PLACEMENT_3D ( 'NONE', #5480, #1605, #5056 ) ;
#4704 = ORIENTED_EDGE ( 'NONE', *, *, #877, .T. ) ;
#4705 = ORIENTED_EDGE ( 'NONE', *, *, #319, .T. ) ;
#4706 = PLANE ( 'NONE',  #3046 ) ;
#4707 = ORIENTED_EDGE ( 'NONE', *, *, #2581, .T. ) ;
#4708 = CARTESIAN_POINT ( 'NONE',  ( -17.82554346996894878, -2.500000000005135448, 0.000000000000000000 ) ) ;
#4709 = CARTESIAN_POINT ( 'NONE',  ( -7.792628982878063049, -10.07963475139408516, 0.000000000000000000 ) ) ;
#4710 = ORIENTED_EDGE ( 'NONE', *, *, #2743, .T. ) ;
#4711 = CYLINDRICAL_SURFACE ( 'NONE', #944, 18.99999999999380051 ) ;
#4712 = CARTESIAN_POINT ( 'NONE',  ( 18.81585144052600000, -2.638888888873545557, -1.000000000000000000 ) ) ;
#4713 = VERTEX_POINT ( 'NONE', #3446 ) ;
#4714 = DIRECTION ( 'NONE',  ( 0.000000000000000000, 0.000000000000000000, 1.000000000000000000 ) ) ;
#4715 = ORIENTED_EDGE ( 'NONE', *, *, #442, .T. ) ;
#4716 = EDGE_CURVE ( 'NONE', #4998, #810, #3309, .T. ) ;
#4717 = LINE ( 'NONE', #836, #5417 ) ;
#4718 = DIRECTION ( 'NONE',  ( -0.000000000000000000, -0.000000000000000000, -1.000000000000000000 ) ) ;
#4719 = EDGE_CURVE ( 'NONE', #177, #1655, #2969, .T. ) ;
#4720 = CARTESIAN_POINT ( 'NONE',  ( 11.93595302573770311, 9.248947257249493958, 41.57787873376899768 ) ) ;
#4721 = LINE ( 'NONE', #1212, #869 ) ;
#4722 = CIRCLE ( 'NONE', #2279, 1.000000000000000888 ) ;
#4723 = CARTESIAN_POINT ( 'NONE',  ( -18.00000000000000000, 20.00000000000000000, 0.000000000000000000 ) ) ;
#4724 = ORIENTED_EDGE ( 'NONE', *, *, #533, .F. ) ;
#4725 = DIRECTION ( 'NONE',  ( -0.000000000000000000, -0.000000000000000000, -1.000000000000000000 ) ) ;
#4726 = DIRECTION ( 'NONE',  ( 1.000000000000000000, 0.000000000000000000, 0.000000000000000000 ) ) ;
#4727 = EDGE_CURVE ( 'NONE', #4621, #2089, #5028, .T. ) ;
#4728 = ORIENTED_EDGE ( 'NONE', *, *, #2686, .F. ) ;
#4729 = ORIENTED_EDGE ( 'NONE', *, *, #5063, .F. ) ;
#4730 = CARTESIAN_POINT ( 'NONE',  ( 7.675471695368699443, -9.796792038907721434, -1.000000000000000000 ) ) ;
#4731 = ORIENTED_EDGE ( 'NONE', *, *, #979, .T. ) ;
#4732 = EDGE_CURVE ( 'NONE', #3119, #5098, #144, .T. ) ;
#4733 = LINE ( 'NONE', #4684, #4425 ) ;
#4734 = VECTOR ( 'NONE', #3079, 1000.000000000000000 ) ;
#4735 = EDGE_LOOP ( 'NONE', ( #3390, #2508, #3029, #2940, #5414, #3862, #1817, #4506 ) ) ;
#4736 = DIRECTION ( 'NONE',  ( 1.000000000000000000, 0.000000000000000000, 0.000000000000000000 ) ) ;
#4737 = ORIENTED_EDGE ( 'NONE', *, *, #5301, .T. ) ;
#4738 = CARTESIAN_POINT ( 'NONE',  ( 18.00000000000000000, -20.00000000000000000, -1.000000000000000000 ) ) ;
#4739 = AXIS2_PLACEMENT_3D ( 'NONE', #3646, #2878, #3302 ) ;
#4740 = DIRECTION ( 'NONE',  ( 0.000000000000000000, 0.000000000000000000, 1.000000000000000000 ) ) ;
#4741 = AXIS2_PLACEMENT_3D ( 'NONE', #4604, #719, #5441 ) ;
#4742 = EDGE_LOOP ( 'NONE', ( #590, #1123, #985, #820, #2812, #2129, #1847, #3347, #2971 ) ) ;
#4743 = CARTESIAN_POINT ( 'NONE',  ( -7.685162873673870187, -2.222222222226469590, 0.000000000000000000 ) ) ;
#4744 = VERTEX_POINT ( 'NONE', #4326 ) ;
#4745 = CYLINDRICAL_SURFACE ( 'NONE', #5052, 0.3999999999999999667 ) ;
#4746 = DIRECTION ( 'NONE',  ( 0.7071067811865510144, 0.7071067811865441310, 0.000000000000000000 ) ) ;
#4747 = FACE_OUTER_BOUND ( 'NONE', #571, .T. ) ;
#4748 = DIRECTION ( 'NONE',  ( 0.000000000000000000, 0.000000000000000000, 1.000000000000000000 ) ) ;
#4749 = EDGE_CURVE ( 'NONE', #347, #2198, #3898, .T. ) ;
#4750 = CARTESIAN_POINT ( 'NONE',  ( 14.97998664886105402, -1.499999999985406118, -1.000000000000000888 ) ) ;
#4751 = VERTEX_POINT ( 'NONE', #3782 ) ;
#4752 = EDGE_CURVE ( 'NONE', #3488, #1025, #3847, .T. ) ;
#4753 = EDGE_CURVE ( 'NONE', #1603, #675, #4721, .T. ) ;
#4754 = FACE_OUTER_BOUND ( 'NONE', #857, .T. ) ;
#4755 = DIRECTION ( 'NONE',  ( 1.000000000000000000, 0.000000000000000000, 0.000000000000000000 ) ) ;
#4756 = AXIS2_PLACEMENT_3D ( 'NONE', #4271, #4333, #795 ) ;
#4757 = CARTESIAN_POINT ( 'NONE',  ( 5.052849458527489901, 7.174169802094340298, 0.000000000000000000 ) ) ;
#4758 = ORIENTED_EDGE ( 'NONE', *, *, #3589, .T. ) ;
#4759 = EDGE_LOOP ( 'NONE', ( #5190, #3777, #349, #3577 ) ) ;
#4760 = AXIS2_PLACEMENT_3D ( 'NONE', #3647, #1608, #5005 ) ;
#4761 = VECTOR ( 'NONE', #5317, 1000.000000000000000 ) ;
#4762 = ORIENTED_EDGE ( 'NONE', *, *, #5107, .T. ) ;
#4763 = CIRCLE ( 'NONE', #4220, 1.500000000000001332 ) ;
#4764 = EDGE_CURVE ( 'NONE', #3831, #3069, #4576, .T. ) ;
#4765 = CARTESIAN_POINT ( 'NONE',  ( 0.000000000000000000, 0.000000000000000000, -1.000000000000000000 ) ) ;
#4766 = AXIS2_PLACEMENT_3D ( 'NONE', #4502, #3679, #541 ) ;
#4767 = ORIENTED_EDGE ( 'NONE', *, *, #3512, .T. ) ;
#4768 = DIRECTION ( 'NONE',  ( 0.000000000000000000, 0.000000000000000000, 1.000000000000000000 ) ) ;
#4769 = PLANE ( 'NONE',  #5143 ) ;
#4770 = VERTEX_POINT ( 'NONE', #2909 ) ;
#4771 = CARTESIAN_POINT ( 'NONE',  ( 10.07963475139411713, -7.392628982878034272, 41.57787873376899768 ) ) ;
#4772 = ORIENTED_EDGE ( 'NONE', *, *, #4350, .T. ) ;
#4773 = CARTESIAN_POINT ( 'NONE',  ( 26.25000000000000000, 13.25000000000000000, -1.000000000000000000 ) ) ;
#4774 = EDGE_CURVE ( 'NONE', #3313, #697, #5292, .T. ) ;
#4775 = DIRECTION ( 'NONE',  ( 0.000000000000000000, 0.000000000000000000, 1.000000000000000000 ) ) ;
#4776 = EDGE_LOOP ( 'NONE', ( #229, #2287, #1954, #3528 ) ) ;
#4777 = CARTESIAN_POINT ( 'NONE',  ( 20.00000000000000000, -15.25000000000000000, -1.000000000000000000 ) ) ;
#4778 = EDGE_LOOP ( 'NONE', ( #4964, #2401, #4531, #5462 ) ) ;
#4779 = CARTESIAN_POINT ( 'NONE',  ( -4.345742677340949101, -7.881276583280850012, -1.000000000000000000 ) ) ;
#4780 = CARTESIAN_POINT ( 'NONE',  ( 15.17079237551489967, 11.43883991927430088, -1.000000000000000000 ) ) ;
#4781 = CARTESIAN_POINT ( 'NONE',  ( 0.000000000000000000, 0.000000000000000000, 0.000000000000000000 ) ) ;
#4782 = LINE ( 'NONE', #872, #2112 ) ;
#4783 = VERTEX_POINT ( 'NONE', #2939 ) ;
#4784 = FACE_OUTER_BOUND ( 'NONE', #582, .T. ) ;
#4785 = CARTESIAN_POINT ( 'NONE',  ( -1.500000000005115020, 12.35475616918361830, 0.000000000000000000 ) ) ;
#4786 = VECTOR ( 'NONE', #4003, 1000.000000000000000 ) ;
#4787 = CARTESIAN_POINT ( 'NONE',  ( -16.00000000000000000, -16.00000000000000000, -1.000000000000000000 ) ) ;
#4788 = ORIENTED_EDGE ( 'NONE', *, *, #5350, .F. ) ;
#4789 = CIRCLE ( 'NONE', #1709, 7.999999999990759392 ) ;
#4790 = CIRCLE ( 'NONE', #2708, 1.000000000000000000 ) ;
#4791 = DIRECTION ( 'NONE',  ( -0.000000000000000000, -0.000000000000000000, 1.000000000000000000 ) ) ;
#4792 = VERTEX_POINT ( 'NONE', #4669 ) ;
#4793 = CIRCLE ( 'NONE', #2347, 1.000000000000000000 ) ;
#4794 = DIRECTION ( 'NONE',  ( 0.000000000000000000, 0.000000000000000000, -1.000000000000000000 ) ) ;
#4795 = ORIENTED_EDGE ( 'NONE', *, *, #5151, .F. ) ;
#4796 = DIRECTION ( 'NONE',  ( -1.000000000000000000, 0.000000000000000000, 0.000000000000000000 ) ) ;
#4797 = ORIENTED_EDGE ( 'NONE', *, *, #3742, .F. ) ;
#4798 = LINE ( 'NONE', #858, #587 ) ;
#4799 = ADVANCED_FACE ( 'NONE', ( #789 ), #2282, .F. ) ;
#4800 = CARTESIAN_POINT ( 'NONE',  ( 7.629193110346689011, -10.40218306342657328, 0.000000000000000000 ) ) ;
#4801 = DIRECTION ( 'NONE',  ( 1.000000000000000000, 0.000000000000000000, 0.000000000000000000 ) ) ;
#4802 = ORIENTED_EDGE ( 'NONE', *, *, #212, .T. ) ;
#4803 = CARTESIAN_POINT ( 'NONE',  ( -18.00000000000000000, -16.00000000000000000, -1.000000000000000000 ) ) ;
#4804 = DIRECTION ( 'NONE',  ( -0.000000000000000000, -0.000000000000000000, -1.000000000000000000 ) ) ;
#4805 = DIRECTION ( 'NONE',  ( 0.000000000000000000, 0.000000000000000000, 1.000000000000000000 ) ) ;
#4806 = DIRECTION ( 'NONE',  ( 0.000000000000000000, 0.000000000000000000, 1.000000000000000000 ) ) ;
#4807 = ORIENTED_EDGE ( 'NONE', *, *, #3987, .T. ) ;
#4808 = FACE_OUTER_BOUND ( 'NONE', #3736, .T. ) ;
#4809 = CARTESIAN_POINT ( 'NONE',  ( -7.881276583270981462, -4.345742677358854777, -1.000000000000000000 ) ) ;
#4810 = DIRECTION ( 'NONE',  ( 1.000000000000000000, 0.000000000000000000, 0.000000000000000000 ) ) ;
#4811 = ORIENTED_EDGE ( 'NONE', *, *, #4631, .T. ) ;
#4812 = DIRECTION ( 'NONE',  ( 1.000000000000000000, 0.000000000000000000, 0.000000000000000000 ) ) ;
#4813 = AXIS2_PLACEMENT_3D ( 'NONE', #5232, #2542, #5120 ) ;
#4814 = ORIENTED_EDGE ( 'NONE', *, *, #552, .T. ) ;
#4815 = EDGE_CURVE ( 'NONE', #4783, #3655, #1835, .T. ) ;
#4816 = DIRECTION ( 'NONE',  ( 1.000000000000000000, 4.336808689942025625E-15, 0.000000000000000000 ) ) ;
#4817 = ORIENTED_EDGE ( 'NONE', *, *, #134, .T. ) ;
#4818 = EDGE_CURVE ( 'NONE', #5443, #482, #4830, .T. ) ;
#4819 = FACE_OUTER_BOUND ( 'NONE', #2674, .T. ) ;
#4820 = EDGE_CURVE ( 'NONE', #4681, #3901, #3650, .T. ) ;
#4821 = ORIENTED_EDGE ( 'NONE', *, *, #1864, .F. ) ;
#4822 = CARTESIAN_POINT ( 'NONE',  ( 14.97998664885855291, 1.900000000005118039, 0.000000000000000000 ) ) ;
#4823 = EDGE_LOOP ( 'NONE', ( #556, #695, #4044, #776 ) ) ;
#4824 = CARTESIAN_POINT ( 'NONE',  ( -11.43883991925759958, -15.17079237552750115, -1.000000000000000000 ) ) ;
#4825 = ORIENTED_EDGE ( 'NONE', *, *, #3295, .T. ) ;
#4826 = DIRECTION ( 'NONE',  ( -1.000000000000000000, 3.496003258997380089E-15, 0.000000000000000000 ) ) ;
#4827 = CARTESIAN_POINT ( 'NONE',  ( 17.82554346996889905, 2.500000000005119905, -1.000000000000000000 ) ) ;
#4828 = VECTOR ( 'NONE', #5026, 1000.000000000000000 ) ;
#4829 = ADVANCED_FACE ( 'NONE', ( #3479 ), #899, .F. ) ;
#4830 = LINE ( 'NONE', #1434, #4650 ) ;
#4831 = AXIS2_PLACEMENT_3D ( 'NONE', #2694, #1424, #4873 ) ;
#4832 = ORIENTED_EDGE ( 'NONE', *, *, #2654, .F. ) ;
#4833 = AXIS2_PLACEMENT_3D ( 'NONE', #2225, #3120, #3918 ) ;
#4834 = LINE ( 'NONE', #5209, #4573 ) ;
#4835 = CARTESIAN_POINT ( 'NONE',  ( 8.645808232884188982, 1.500000000005115020, 0.000000000000000000 ) ) ;
#4836 = EDGE_CURVE ( 'NONE', #3569, #3609, #926, .T. ) ;
#4837 = LINE ( 'NONE', #958, #62 ) ;
#4838 = VERTEX_POINT ( 'NONE', #3131 ) ;
#4839 = EDGE_CURVE ( 'NONE', #3936, #1621, #951, .T. ) ;
#4840 = FACE_BOUND ( 'NONE', #4925, .T. ) ;
#4841 = AXIS2_PLACEMENT_3D ( 'NONE', #3932, #3484, #2714 ) ;
#4842 = CARTESIAN_POINT ( 'NONE',  ( 2.499999999985405008, 17.82554346997169858, -1.000000000000000000 ) ) ;
#4843 = ORIENTED_EDGE ( 'NONE', *, *, #4651, .F. ) ;
#4844 = AXIS2_PLACEMENT_3D ( 'NONE', #2212, #1364, #4916 ) ;
#4845 = AXIS2_PLACEMENT_3D ( 'NONE', #3911, #2105, #3821 ) ;
#4846 = DIRECTION ( 'NONE',  ( 0.000000000000000000, 0.000000000000000000, -1.000000000000000000 ) ) ;
#4847 = ORIENTED_EDGE ( 'NONE', *, *, #5274, .T. ) ;
#4848 = CARTESIAN_POINT ( 'NONE',  ( -13.66522283772212099, -11.54390249418296044, -1.000000000000000000 ) ) ;
#4849 = ORIENTED_EDGE ( 'NONE', *, *, #160, .T. ) ;
#4850 = DIRECTION ( 'NONE',  ( 0.000000000000000000, 0.000000000000000000, 1.000000000000000000 ) ) ;
#4851 = CIRCLE ( 'NONE', #4587, 0.3999999999999999667 ) ;
#4852 = AXIS2_PLACEMENT_3D ( 'NONE', #1192, #707, #5011 ) ;
#4853 = DIRECTION ( 'NONE',  ( 1.000000000000000000, 0.000000000000000000, 0.000000000000000000 ) ) ;
#4854 = VERTEX_POINT ( 'NONE', #4381 ) ;
#4855 = DIRECTION ( 'NONE',  ( 1.000000000000000000, 0.000000000000000000, 0.000000000000000000 ) ) ;
#4856 = ORIENTED_EDGE ( 'NONE', *, *, #4359, .F. ) ;
#4857 = FACE_OUTER_BOUND ( 'NONE', #4183, .T. ) ;
#4858 = DIRECTION ( 'NONE',  ( 0.000000000000000000, 0.000000000000000000, 1.000000000000000000 ) ) ;
#4859 = DIRECTION ( 'NONE',  ( 0.7071067811865504593, -0.7071067811865445751, 0.000000000000000000 ) ) ;
#4860 = VERTEX_POINT ( 'NONE', #3980 ) ;
#4861 = DIRECTION ( 'NONE',  ( 0.000000000000000000, 0.000000000000000000, 1.000000000000000000 ) ) ;
#4862 = LINE ( 'NONE', #5339, #1290 ) ;
#4863 = EDGE_CURVE ( 'NONE', #5006, #4535, #3555, .T. ) ;
#4864 = CARTESIAN_POINT ( 'NONE',  ( 14.00000000000000000, 16.00000000000000000, -1.000000000000000000 ) ) ;
#4865 = ORIENTED_EDGE ( 'NONE', *, *, #2999, .F. ) ;
#4866 = EDGE_CURVE ( 'NONE', #4222, #2144, #3534, .T. ) ;
#4867 = FACE_BOUND ( 'NONE', #5305, .T. ) ;
#4868 = CIRCLE ( 'NONE', #252, 1.000000000000000888 ) ;
#4869 = EDGE_CURVE ( 'NONE', #1259, #2549, #2679, .T. ) ;
#4870 = DIRECTION ( 'NONE',  ( 0.000000000000000000, 0.000000000000000000, 1.000000000000000000 ) ) ;
#4871 = ORIENTED_EDGE ( 'NONE', *, *, #673, .T. ) ;
#4872 = AXIS2_PLACEMENT_3D ( 'NONE', #3415, #5140, #1269 ) ;
#4873 = DIRECTION ( 'NONE',  ( -1.000000000000000000, 0.000000000000000000, 0.000000000000000000 ) ) ;
#4874 = ORIENTED_EDGE ( 'NONE', *, *, #2629, .F. ) ;
#4875 = CYLINDRICAL_SURFACE ( 'NONE', #3850, 1.000000000000000888 ) ;
#4876 = VERTEX_POINT ( 'NONE', #106 ) ;
#4877 = AXIS2_PLACEMENT_3D ( 'NONE', #4906, #1007, #2730 ) ;
#4878 = DIRECTION ( 'NONE',  ( 1.000000000000000000, 0.000000000000000000, 0.000000000000000000 ) ) ;
#4879 = ORIENTED_EDGE ( 'NONE', *, *, #5218, .T. ) ;
#4880 = VECTOR ( 'NONE', #1157, 1000.000000000000000 ) ;
#4881 = DIRECTION ( 'NONE',  ( 0.000000000000000000, 0.000000000000000000, 1.000000000000000000 ) ) ;
#4882 = ORIENTED_EDGE ( 'NONE', *, *, #4100, .F. ) ;
#4883 = DIRECTION ( 'NONE',  ( 0.000000000000000000, 0.000000000000000000, 1.000000000000000000 ) ) ;
#4884 = DIRECTION ( 'NONE',  ( 0.000000000000000000, 0.000000000000000000, 1.000000000000000000 ) ) ;
#4885 = CARTESIAN_POINT ( 'NONE',  ( 1.500000000005085043, -8.645808232884199640, 0.000000000000000000 ) ) ;
#4886 = AXIS2_PLACEMENT_3D ( 'NONE', #1554, #2914, #4643 ) ;
#4887 = VERTEX_POINT ( 'NONE', #3102 ) ;
#4888 = EDGE_CURVE ( 'NONE', #1621, #3200, #3020, .T. ) ;
#4889 = EDGE_CURVE ( 'NONE', #3498, #2882, #4440, .T. ) ;
#4890 = DIRECTION ( 'NONE',  ( 0.000000000000000000, 0.000000000000000000, -1.000000000000000000 ) ) ;
#4891 = ADVANCED_FACE ( 'NONE', ( #2257 ), #1332, .F. ) ;
#4892 = DIRECTION ( 'NONE',  ( 1.000000000000000000, 0.000000000000000000, 0.000000000000000000 ) ) ;
#4893 = PLANE ( 'NONE',  #1863 ) ;
#4894 = ORIENTED_EDGE ( 'NONE', *, *, #4815, .T. ) ;
#4895 = FACE_BOUND ( 'NONE', #3698, .T. ) ;
#4896 = CYLINDRICAL_SURFACE ( 'NONE', #3127, 1.000000000000000888 ) ;
#4897 = AXIS2_PLACEMENT_3D ( 'NONE', #3976, #4488, #2277 ) ;
#4898 = EDGE_LOOP ( 'NONE', ( #2825, #3604, #5431, #72 ) ) ;
#4899 = FACE_OUTER_BOUND ( 'NONE', #2615, .T. ) ;
#4900 = ORIENTED_EDGE ( 'NONE', *, *, #1966, .F. ) ;
#4901 = DIRECTION ( 'NONE',  ( -1.000000000000000000, 0.000000000000000000, 0.000000000000000000 ) ) ;
#4902 = ORIENTED_EDGE ( 'NONE', *, *, #2273, .T. ) ;
#4903 = DIRECTION ( 'NONE',  ( 0.000000000000000000, 0.000000000000000000, 1.000000000000000000 ) ) ;
#4904 = EDGE_CURVE ( 'NONE', #4305, #5295, #2630, .T. ) ;
#4905 = EDGE_LOOP ( 'NONE', ( #4563, #3546, #629, #3711 ) ) ;
#4906 = CARTESIAN_POINT ( 'NONE',  ( 10.83679571298061894, 14.37232961892061844, 0.000000000000000000 ) ) ;
#4907 = ORIENTED_EDGE ( 'NONE', *, *, #1408, .F. ) ;
#4908 = DIRECTION ( 'NONE',  ( 1.000000000000000000, 0.000000000000000000, 0.000000000000000000 ) ) ;
#4909 = DIRECTION ( 'NONE',  ( -1.000000000000000000, 0.000000000000000000, 0.000000000000000000 ) ) ;
#4910 = FACE_OUTER_BOUND ( 'NONE', #1819, .T. ) ;
#4911 = VERTEX_POINT ( 'NONE', #4005 ) ;
#4912 = CIRCLE ( 'NONE', #40, 1.000000000000000888 ) ;
#4913 = DIRECTION ( 'NONE',  ( 0.000000000000000000, 0.000000000000000000, 1.000000000000000000 ) ) ;
#4914 = DIRECTION ( 'NONE',  ( -0.7071067811865489050, -0.7071067811865460184, 0.000000000000000000 ) ) ;
#4915 = CARTESIAN_POINT ( 'NONE',  ( 23.57404796879309927, -8.544500781088730168E-16, -1.000000000000000000 ) ) ;
#4916 = DIRECTION ( 'NONE',  ( 1.000000000000000000, 0.000000000000000000, 0.000000000000000000 ) ) ;
#4917 = AXIS2_PLACEMENT_3D ( 'NONE', #3048, #4318, #1743 ) ;
#4918 = EDGE_CURVE ( 'NONE', #3434, #5136, #2290, .T. ) ;
#4919 = EDGE_CURVE ( 'NONE', #3788, #4783, #937, .T. ) ;
#4920 = AXIS2_PLACEMENT_3D ( 'NONE', #439, #4850, #974 ) ;
#4921 = VERTEX_POINT ( 'NONE', #1860 ) ;
#4922 = CARTESIAN_POINT ( 'NONE',  ( 10.83679571299646049, -14.37232961890862093, -1.000000000000000000 ) ) ;
#4923 = AXIS2_PLACEMENT_3D ( 'NONE', #4325, #4484, #2699 ) ;
#4924 = CARTESIAN_POINT ( 'NONE',  ( 0.000000000000000000, 0.000000000000000000, 0.000000000000000000 ) ) ;
#4925 = EDGE_LOOP ( 'NONE', ( #5377, #4390, #4453, #1840, #2007, #1613, #3957, #5578 ) ) ;
#4926 = CARTESIAN_POINT ( 'NONE',  ( -1.899999999985441557, -12.35475616918663988, -1.000000000000000888 ) ) ;
#4927 = EDGE_LOOP ( 'NONE', ( #16, #830, #501, #3891, #2666, #4006, #4802, #845, #1777 ) ) ;
#4928 = AXIS2_PLACEMENT_3D ( 'NONE', #3717, #2870, #320 ) ;
#4929 = LINE ( 'NONE', #939, #2317 ) ;
#4930 = EDGE_LOOP ( 'NONE', ( #283, #2757, #1697, #1775 ) ) ;
#4931 = PLANE ( 'NONE',  #3943 ) ;
#4932 = CIRCLE ( 'NONE', #4844, 12.90000000000000213 ) ;
#4933 = AXIS2_PLACEMENT_3D ( 'NONE', #203, #3998, #22 ) ;
#4934 = ADVANCED_FACE ( 'NONE', ( #2206 ), #4033, .F. ) ;
#4935 = VECTOR ( 'NONE', #2905, 1000.000000000000000 ) ;
#4936 = CARTESIAN_POINT ( 'NONE',  ( 0.000000000000000000, 0.000000000000000000, 0.000000000000000000 ) ) ;
#4937 = DIRECTION ( 'NONE',  ( 0.000000000000000000, 0.000000000000000000, 1.000000000000000000 ) ) ;
#4938 = ORIENTED_EDGE ( 'NONE', *, *, #1857, .T. ) ;
#4939 = ADVANCED_FACE ( 'NONE', ( #4140 ), #238, .F. ) ;
#4940 = AXIS2_PLACEMENT_3D ( 'NONE', #5367, #191, #2038 ) ;
#4941 = VECTOR ( 'NONE', #3979, 1000.000000000000000 ) ;
#4942 = AXIS2_PLACEMENT_3D ( 'NONE', #4186, #2433, #224 ) ;
#4943 = EDGE_CURVE ( 'NONE', #5517, #35, #4606, .T. ) ;
#4944 = DIRECTION ( 'NONE',  ( -1.000000000000000000, 0.000000000000000000, 0.000000000000000000 ) ) ;
#4945 = CARTESIAN_POINT ( 'NONE',  ( 0.000000000000000000, 0.000000000000000000, -1.000000000000000000 ) ) ;
#4946 = LINE ( 'NONE', #3297, #2660 ) ;
#4947 = ORIENTED_EDGE ( 'NONE', *, *, #4904, .F. ) ;
#4948 = CARTESIAN_POINT ( 'NONE',  ( 10.83679571299646049, -14.37232961890862093, -1.000000000000000000 ) ) ;
#4949 = FACE_OUTER_BOUND ( 'NONE', #3796, .T. ) ;
#4950 = DIRECTION ( 'NONE',  ( 0.000000000000000000, 0.000000000000000000, -1.000000000000000000 ) ) ;
#4951 = DIRECTION ( 'NONE',  ( 0.000000000000000000, 0.000000000000000000, -1.000000000000000000 ) ) ;
#4952 = EDGE_LOOP ( 'NONE', ( #730, #3006, #467, #371 ) ) ;
#4953 = FACE_BOUND ( 'NONE', #382, .T. ) ;
#4954 = CARTESIAN_POINT ( 'NONE',  ( 9.003942031891853048, -11.61976883962547547, 0.000000000000000000 ) ) ;
#4955 = EDGE_LOOP ( 'NONE', ( #4737, #3117, #499, #1945, #2776, #5496, #3953, #4282, #2435, #2649 ) ) ;
#4956 = DIRECTION ( 'NONE',  ( 0.000000000000000000, 0.000000000000000000, 1.000000000000000000 ) ) ;
#4957 = VERTEX_POINT ( 'NONE', #5335 ) ;
#4958 = EDGE_CURVE ( 'NONE', #4698, #1507, #2929, .T. ) ;
#4959 = DIRECTION ( 'NONE',  ( 0.000000000000000000, 0.000000000000000000, 1.000000000000000000 ) ) ;
#4960 = ORIENTED_EDGE ( 'NONE', *, *, #193, .T. ) ;
#4961 = DIRECTION ( 'NONE',  ( 0.000000000000000000, 0.000000000000000000, 1.000000000000000000 ) ) ;
#4962 = LINE ( 'NONE', #3687, #2910 ) ;
#4963 = DIRECTION ( 'NONE',  ( 1.000000000000000000, 0.000000000000000000, 0.000000000000000000 ) ) ;
#4964 = ORIENTED_EDGE ( 'NONE', *, *, #2343, .T. ) ;
#4965 = DIRECTION ( 'NONE',  ( -0.000000000000000000, -0.000000000000000000, -1.000000000000000000 ) ) ;
#4966 = AXIS2_PLACEMENT_3D ( 'NONE', #4372, #5553, #4685 ) ;
#4967 = CYLINDRICAL_SURFACE ( 'NONE', #3376, 0.3999999999999993006 ) ;
#4968 = ADVANCED_FACE ( 'NONE', ( #4910 ), #694, .F. ) ;
#4969 = AXIS2_PLACEMENT_3D ( 'NONE', #3959, #3536, #4007 ) ;
#4970 = VERTEX_POINT ( 'NONE', #3614 ) ;
#4971 = FACE_OUTER_BOUND ( 'NONE', #3126, .T. ) ;
#4972 = CYLINDRICAL_SURFACE ( 'NONE', #5600, 1.999999999999998224 ) ;
#4973 = CYLINDRICAL_SURFACE ( 'NONE', #2386, 1.500000000000001332 ) ;
#4974 = CARTESIAN_POINT ( 'NONE',  ( 26.25000000000000000, 13.25000000000000000, -1.000000000000000000 ) ) ;
#4975 = UNCERTAINTY_MEASURE_WITH_UNIT (LENGTH_MEASURE( 1.000000000000000082E-05 ), #4595, 'distance_accuracy_value', 'NONE');
#4976 = EDGE_CURVE ( 'NONE', #648, #4681, #4946, .T. ) ;
#4977 = EDGE_CURVE ( 'NONE', #5348, #1769, #2834, .T. ) ;
#4978 = ORIENTED_EDGE ( 'NONE', *, *, #1383, .T. ) ;
#4979 = ORIENTED_EDGE ( 'NONE', *, *, #1084, .F. ) ;
#4980 = CYLINDRICAL_SURFACE ( 'NONE', #4352, 0.9999999999999150679 ) ;
#4981 = CARTESIAN_POINT ( 'NONE',  ( -15.17079237551494941, -11.43883991927419963, 0.000000000000000000 ) ) ;
#4982 = EDGE_LOOP ( 'NONE', ( #4575, #4797, #5078, #4361 ) ) ;
#4983 = FACE_OUTER_BOUND ( 'NONE', #2904, .T. ) ;
#4984 = ORIENTED_EDGE ( 'NONE', *, *, #4322, .T. ) ;
#4985 = DIRECTION ( 'NONE',  ( 0.000000000000000000, 0.000000000000000000, 1.000000000000000000 ) ) ;
#4986 = ORIENTED_EDGE ( 'NONE', *, *, #2809, .T. ) ;
#4987 = CARTESIAN_POINT ( 'NONE',  ( 11.53595302573770276, 9.248947257249493958, 0.000000000000000000 ) ) ;
#4988 = AXIS2_PLACEMENT_3D ( 'NONE', #5122, #1251, #821 ) ;
#4989 = EDGE_CURVE ( 'NONE', #2164, #1197, #3240, .T. ) ;
#4990 = EDGE_CURVE ( 'NONE', #2378, #34, #1541, .T. ) ;
#4991 = ADVANCED_FACE ( 'NONE', ( #2814 ), #4108, .F. ) ;
#4992 = AXIS2_PLACEMENT_3D ( 'NONE', #2650, #4714, #3505 ) ;
#4993 = CARTESIAN_POINT ( 'NONE',  ( 20.00000000000000000, 18.00000000000000000, -1.000000000000000000 ) ) ;
#4994 = FACE_OUTER_BOUND ( 'NONE', #157, .T. ) ;
#4995 = ORIENTED_EDGE ( 'NONE', *, *, #3316, .T. ) ;
#4996 = CARTESIAN_POINT ( 'NONE',  ( -8.645808232884228062, -1.500000000005100143, -1.000000000000000000 ) ) ;
#4997 = CARTESIAN_POINT ( 'NONE',  ( 0.000000000000000000, 0.000000000000000000, -1.000000000000000000 ) ) ;
#4998 = VERTEX_POINT ( 'NONE', #5442 ) ;
#4999 = DIRECTION ( 'NONE',  ( -0.000000000000000000, -0.000000000000000000, -1.000000000000000000 ) ) ;
#5000 = EDGE_CURVE ( 'NONE', #1603, #1225, #2565, .T. ) ;
#5001 = ORIENTED_EDGE ( 'NONE', *, *, #5423, .F. ) ;
#5002 = LINE ( 'NONE', #242, #545 ) ;
#5003 = DIRECTION ( 'NONE',  ( -0.000000000000000000, -0.000000000000000000, -1.000000000000000000 ) ) ;
#5004 = CARTESIAN_POINT ( 'NONE',  ( -1.499999999985414112, -8.645808232889899969, -1.000000000000000000 ) ) ;
#5005 = DIRECTION ( 'NONE',  ( 1.000000000000000000, 0.000000000000000000, 0.000000000000000000 ) ) ;
#5006 = VERTEX_POINT ( 'NONE', #3263 ) ;
#5007 = ORIENTED_EDGE ( 'NONE', *, *, #3400, .T. ) ;
#5008 = CARTESIAN_POINT ( 'NONE',  ( -7.005579185137619902, 3.862882379858149751, -1.000000000000000000 ) ) ;
#5009 = ADVANCED_FACE ( 'NONE', ( #1518 ), #4967, .F. ) ;
#5010 = AXIS2_PLACEMENT_3D ( 'NONE', #4662, #2088, #1654 ) ;
#5011 = DIRECTION ( 'NONE',  ( 1.000000000000000000, 0.000000000000000000, 0.000000000000000000 ) ) ;
#5012 = EDGE_LOOP ( 'NONE', ( #2829, #4321, #155, #2297 ) ) ;
#5013 = AXIS2_PLACEMENT_3D ( 'NONE', #3800, #5079, #3292 ) ;
#5014 = CARTESIAN_POINT ( 'NONE',  ( -11.43883991925759958, -15.17079237552750115, -1.000000000000000000 ) ) ;
#5015 = CIRCLE ( 'NONE', #2840, 1.000000000000000888 ) ;
#5016 = ORIENTED_EDGE ( 'NONE', *, *, #4764, .F. ) ;
#5017 = LINE ( 'NONE', #3317, #2678 ) ;
#5018 = EDGE_LOOP ( 'NONE', ( #5286, #4874, #3877, #275 ) ) ;
#5019 = DIRECTION ( 'NONE',  ( 0.000000000000000000, 0.000000000000000000, 1.000000000000000000 ) ) ;
#5020 = CARTESIAN_POINT ( 'NONE',  ( 5.052849458545430217, -7.174169802084429115, -1.000000000000000000 ) ) ;
#5021 = CARTESIAN_POINT ( 'NONE',  ( 9.796792038919500456, -7.675471695352658053, 0.000000000000000000 ) ) ;
#5022 = ORIENTED_EDGE ( 'NONE', *, *, #1174, .F. ) ;
#5023 = DIRECTION ( 'NONE',  ( 0.000000000000000000, 0.000000000000000000, 1.000000000000000000 ) ) ;
#5024 = VECTOR ( 'NONE', #1727, 1000.000000000000000 ) ;
#5025 = CIRCLE ( 'NONE', #1142, 7.999999999990759392 ) ;
#5026 = DIRECTION ( 'NONE',  ( 0.000000000000000000, 0.000000000000000000, 1.000000000000000000 ) ) ;
#5027 = EDGE_LOOP ( 'NONE', ( #4807, #239, #4907, #798 ) ) ;
#5028 = CIRCLE ( 'NONE', #4490, 18.99999999999380051 ) ;
#5029 = AXIS2_PLACEMENT_3D ( 'NONE', #1198, #3319, #4624 ) ;
#5030 = DIRECTION ( 'NONE',  ( 0.000000000000000000, 0.000000000000000000, -1.000000000000000000 ) ) ;
#5031 = FACE_OUTER_BOUND ( 'NONE', #2867, .T. ) ;
#5032 = LINE ( 'NONE', #4179, #2170 ) ;
#5033 = FACE_OUTER_BOUND ( 'NONE', #5603, .T. ) ;
#5034 = AXIS2_PLACEMENT_3D ( 'NONE', #4945, #1069, #2786 ) ;
#5035 = DIRECTION ( 'NONE',  ( -0.000000000000000000, -0.000000000000000000, -1.000000000000000000 ) ) ;
#5036 = ORIENTED_EDGE ( 'NONE', *, *, #3329, .F. ) ;
#5037 = ORIENTED_EDGE ( 'NONE', *, *, #910, .T. ) ;
#5038 = CARTESIAN_POINT ( 'NONE',  ( 14.58316581047819582, 1.849668874177168076, -1.000000000000000000 ) ) ;
#5039 = EDGE_CURVE ( 'NONE', #107, #2400, #2388, .T. ) ;
#5040 = CYLINDRICAL_SURFACE ( 'NONE', #1235, 0.3999999999999993006 ) ;
#5041 = ORIENTED_EDGE ( 'NONE', *, *, #2739, .T. ) ;
#5042 = ADVANCED_FACE ( 'NONE', ( #4171 ), #3185, .F. ) ;
#5043 = ORIENTED_EDGE ( 'NONE', *, *, #464, .F. ) ;
#5044 = DIRECTION ( 'NONE',  ( 0.000000000000000000, 0.000000000000000000, 1.000000000000000000 ) ) ;
#5045 = EDGE_LOOP ( 'NONE', ( #610, #1410, #4978, #5354 ) ) ;
#5046 = ADVANCED_FACE ( 'NONE', ( #1070 ), #3666, .F. ) ;
#5047 = DIRECTION ( 'NONE',  ( 0.000000000000000000, 0.000000000000000000, 1.000000000000000000 ) ) ;
#5048 = CARTESIAN_POINT ( 'NONE',  ( 11.61976883963729179, -9.003942031876606578, 0.000000000000000000 ) ) ;
#5049 = DIRECTION ( 'NONE',  ( 1.000000000000000000, 0.000000000000000000, 0.000000000000000000 ) ) ;
#5050 = ORIENTED_EDGE ( 'NONE', *, *, #3715, .T. ) ;
#5051 = CARTESIAN_POINT ( 'NONE',  ( 14.37232961890859961, 10.83679571299651911, -1.000000000000000000 ) ) ;
#5052 = AXIS2_PLACEMENT_3D ( 'NONE', #2706, #1780, #2231 ) ;
#5053 = DIRECTION ( 'NONE',  ( -1.000000000000000000, 0.000000000000000000, 0.000000000000000000 ) ) ;
#5054 = VERTEX_POINT ( 'NONE', #4574 ) ;
#5055 = CARTESIAN_POINT ( 'NONE',  ( -1.500000000005100143, 8.645808232884220956, 0.000000000000000000 ) ) ;
#5056 = DIRECTION ( 'NONE',  ( 1.000000000000000000, 0.000000000000000000, 0.000000000000000000 ) ) ;
#5057 = DIRECTION ( 'NONE',  ( 0.000000000000000000, 0.000000000000000000, 1.000000000000000000 ) ) ;
#5058 = CIRCLE ( 'NONE', #2434, 1.000000000000101474 ) ;
#5059 = DIRECTION ( 'NONE',  ( 0.000000000000000000, 0.000000000000000000, 1.000000000000000000 ) ) ;
#5060 = DIRECTION ( 'NONE',  ( 1.000000000000000000, 0.000000000000000000, 0.000000000000000000 ) ) ;
#5061 = EDGE_CURVE ( 'NONE', #4421, #4641, #2422, .T. ) ;
#5062 = ORIENTED_EDGE ( 'NONE', *, *, #4542, .T. ) ;
#5063 = EDGE_CURVE ( 'NONE', #921, #1071, #4192, .T. ) ;
#5064 = EDGE_CURVE ( 'NONE', #1193, #436, #3014, .T. ) ;
#5065 = ORIENTED_EDGE ( 'NONE', *, *, #855, .T. ) ;
#5066 = CIRCLE ( 'NONE', #3422, 2.000000000000000000 ) ;
#5067 = CYLINDRICAL_SURFACE ( 'NONE', #1026, 1.000000000000000000 ) ;
#5068 = DIRECTION ( 'NONE',  ( -1.000000000000000000, 0.000000000000000000, 0.000000000000000000 ) ) ;
#5069 = ORIENTED_EDGE ( 'NONE', *, *, #4050, .T. ) ;
#5070 = CIRCLE ( 'NONE', #1455, 2.000000000000000000 ) ;
#5071 = ORIENTED_EDGE ( 'NONE', *, *, #633, .T. ) ;
#5072 = CYLINDRICAL_SURFACE ( 'NONE', #2134, 1.000000000000101474 ) ;
#5073 = ORIENTED_EDGE ( 'NONE', *, *, #2629, .T. ) ;
#5074 = DIRECTION ( 'NONE',  ( 1.000000000000000000, 0.000000000000000000, 0.000000000000000000 ) ) ;
#5075 = ORIENTED_EDGE ( 'NONE', *, *, #3063, .F. ) ;
#5076 = CARTESIAN_POINT ( 'NONE',  ( 2.499999999985405008, 17.82554346997169858, -1.000000000000000000 ) ) ;
#5077 = DIRECTION ( 'NONE',  ( -0.7071067811865441310, 0.7071067811865510144, 0.000000000000000000 ) ) ;
#5078 = ORIENTED_EDGE ( 'NONE', *, *, #449, .F. ) ;
#5079 = DIRECTION ( 'NONE',  ( 0.000000000000000000, 0.000000000000000000, 1.000000000000000000 ) ) ;
#5080 = CARTESIAN_POINT ( 'NONE',  ( -1.900000000005115153, 12.35475616918361652, 0.000000000000000000 ) ) ;
#5081 = CIRCLE ( 'NONE', #2647, 1.000000000000000888 ) ;
#5082 = ORIENTED_EDGE ( 'NONE', *, *, #5178, .T. ) ;
#5083 = DIRECTION ( 'NONE',  ( 1.000000000000000000, 0.000000000000000000, 0.000000000000000000 ) ) ;
#5084 = CARTESIAN_POINT ( 'NONE',  ( 0.000000000000000000, 0.000000000000000000, -1.000000000000000000 ) ) ;
#5085 =( NAMED_UNIT ( * ) SI_UNIT ( $, .STERADIAN. ) SOLID_ANGLE_UNIT ( ) );
#5086 = DIRECTION ( 'NONE',  ( -0.000000000000000000, -0.000000000000000000, -1.000000000000000000 ) ) ;
#5087 = DIRECTION ( 'NONE',  ( 0.000000000000000000, 0.000000000000000000, 1.000000000000000000 ) ) ;
#5088 = VERTEX_POINT ( 'NONE', #3410 ) ;
#5089 = EDGE_LOOP ( 'NONE', ( #438, #1853, #764, #690 ) ) ;
#5090 = LINE ( 'NONE', #3252, #912 ) ;
#5091 = EDGE_CURVE ( 'NONE', #888, #4222, #5451, .T. ) ;
#5092 = LINE ( 'NONE', #2520, #4397 ) ;
#5093 = ORIENTED_EDGE ( 'NONE', *, *, #2988, .F. ) ;
#5094 = DIRECTION ( 'NONE',  ( 0.000000000000000000, 0.000000000000000000, 1.000000000000000000 ) ) ;
#5095 = EDGE_LOOP ( 'NONE', ( #97, #881, #3663, #460 ) ) ;
#5096 = EDGE_LOOP ( 'NONE', ( #4182, #225, #4189, #791 ) ) ;
#5097 = DIRECTION ( 'NONE',  ( 1.000000000000000000, 0.000000000000000000, 0.000000000000000000 ) ) ;
#5098 = VERTEX_POINT ( 'NONE', #5530 ) ;
#5099 = CIRCLE ( 'NONE', #2935, 0.3999999999999993006 ) ;
#5100 = CARTESIAN_POINT ( 'NONE',  ( 1.499999999985409671, 14.97998664886105402, -1.000000000000000888 ) ) ;
#5101 = AXIS2_PLACEMENT_3D ( 'NONE', #4773, #2200, #98 ) ;
#5102 = DIRECTION ( 'NONE',  ( 1.000000000000000000, 0.000000000000000000, 0.000000000000000000 ) ) ;
#5103 = EDGE_LOOP ( 'NONE', ( #1643, #1129, #5126, #3043 ) ) ;
#5104 = CARTESIAN_POINT ( 'NONE',  ( 25.07404796879309927, -8.544500781088730168E-16, -1.000000000000000000 ) ) ;
#5105 = EDGE_CURVE ( 'NONE', #78, #4691, #1206, .T. ) ;
#5106 = DIRECTION ( 'NONE',  ( 0.000000000000000000, -1.000000000000000000, 0.000000000000000000 ) ) ;
#5107 = EDGE_CURVE ( 'NONE', #3200, #3257, #2594, .T. ) ;
#5108 = ORIENTED_EDGE ( 'NONE', *, *, #4863, .F. ) ;
#5109 = CARTESIAN_POINT ( 'NONE',  ( 11.83679571299646049, -14.37232961890862093, 0.000000000000000000 ) ) ;
#5110 = EDGE_LOOP ( 'NONE', ( #5197, #399, #833, #4762 ) ) ;
#5111 = AXIS2_PLACEMENT_3D ( 'NONE', #181, #3180, #1911 ) ;
#5112 = CARTESIAN_POINT ( 'NONE',  ( 0.000000000000000000, 0.000000000000000000, -1.000000000000000000 ) ) ;
#5113 = CARTESIAN_POINT ( 'NONE',  ( 9.003942031891854825, -11.61976883962547724, 41.57787873376899768 ) ) ;
#5114 = EDGE_CURVE ( 'NONE', #3307, #3458, #859, .T. ) ;
#5115 = LINE ( 'NONE', #1186, #1402 ) ;
#5116 = CARTESIAN_POINT ( 'NONE',  ( 0.000000000000000000, 0.000000000000000000, 0.000000000000000000 ) ) ;
#5117 = AXIS2_PLACEMENT_3D ( 'NONE', #4787, #3138, #64 ) ;
#5118 = VECTOR ( 'NONE', #4791, 1000.000000000000000 ) ;
#5119 = CIRCLE ( 'NONE', #232, 0.9999999999999991118 ) ;
#5120 = DIRECTION ( 'NONE',  ( 1.000000000000000000, 0.000000000000000000, 0.000000000000000000 ) ) ;
#5121 = VERTEX_POINT ( 'NONE', #413 ) ;
#5122 = CARTESIAN_POINT ( 'NONE',  ( 0.000000000000000000, 0.000000000000000000, 41.57787873376899768 ) ) ;
#5123 = AXIS2_PLACEMENT_3D ( 'NONE', #1781, #4746, #1659 ) ;
#5124 = CIRCLE ( 'NONE', #1241, 1.000000000000000000 ) ;
#5125 = CARTESIAN_POINT ( 'NONE',  ( -1.899999999985441557, -12.35475616918663988, 41.57787873376899768 ) ) ;
#5126 = ORIENTED_EDGE ( 'NONE', *, *, #5166, .F. ) ;
#5127 = ORIENTED_EDGE ( 'NONE', *, *, #1830, .F. ) ;
#5128 = CYLINDRICAL_SURFACE ( 'NONE', #1779, 0.4000000000000001887 ) ;
#5129 = VERTEX_POINT ( 'NONE', #1180 ) ;
#5130 = EDGE_CURVE ( 'NONE', #3168, #2243, #2476, .T. ) ;
#5131 = FACE_OUTER_BOUND ( 'NONE', #3653, .T. ) ;
#5132 = CYLINDRICAL_SURFACE ( 'NONE', #2796, 0.3999999999999993006 ) ;
#5133 = ORIENTED_EDGE ( 'NONE', *, *, #4869, .T. ) ;
#5134 = DIRECTION ( 'NONE',  ( 1.000000000000000000, 0.000000000000000000, 0.000000000000000000 ) ) ;
#5135 = DIRECTION ( 'NONE',  ( 1.000000000000000000, 4.062922706401050560E-15, 0.000000000000000000 ) ) ;
#5136 = VERTEX_POINT ( 'NONE', #354 ) ;
#5137 = DIRECTION ( 'NONE',  ( 1.000000000000000000, 0.000000000000000000, 0.000000000000000000 ) ) ;
#5138 = ORIENTED_EDGE ( 'NONE', *, *, #1563, .T. ) ;
#5139 = DIRECTION ( 'NONE',  ( 0.7071067811865465735, -0.7071067811865485719, 0.000000000000000000 ) ) ;
#5140 = DIRECTION ( 'NONE',  ( 0.000000000000000000, 0.000000000000000000, 1.000000000000000000 ) ) ;
#5141 = EDGE_CURVE ( 'NONE', #528, #1259, #3739, .T. ) ;
#5142 = DIRECTION ( 'NONE',  ( -0.000000000000000000, -0.000000000000000000, -1.000000000000000000 ) ) ;
#5143 = AXIS2_PLACEMENT_3D ( 'NONE', #887, #3349, #3914 ) ;
#5144 = LINE ( 'NONE', #2096, #1057 ) ;
#5145 = VECTOR ( 'NONE', #4038, 1000.000000000000000 ) ;
#5146 = CARTESIAN_POINT ( 'NONE',  ( 10.07963475139411713, -7.392628982878034272, 0.000000000000000000 ) ) ;
#5147 = EDGE_LOOP ( 'NONE', ( #1207, #2269, #1199, #1862 ) ) ;
#5148 = CARTESIAN_POINT ( 'NONE',  ( 8.645808232889899969, -2.499999999985385024, 0.000000000000000000 ) ) ;
#5149 = AXIS2_PLACEMENT_3D ( 'NONE', #2570, #4296, #5177 ) ;
#5150 = ADVANCED_FACE ( 'NONE', ( #5502 ), #750, .T. ) ;
#5151 = EDGE_CURVE ( 'NONE', #2803, #2543, #294, .T. ) ;
#5152 = CYLINDRICAL_SURFACE ( 'NONE', #3214, 0.4000000000000001887 ) ;
#5153 = AXIS2_PLACEMENT_3D ( 'NONE', #4497, #617, #2767 ) ;
#5154 = PRODUCT_CONTEXT ( 'NONE', #1723, 'mechanical' ) ;
#5155 = ORIENTED_EDGE ( 'NONE', *, *, #5452, .T. ) ;
#5156 = ORIENTED_EDGE ( 'NONE', *, *, #1793, .F. ) ;
#5157 = FACE_BOUND ( 'NONE', #4071, .T. ) ;
#5158 = ORIENTED_EDGE ( 'NONE', *, *, #5564, .F. ) ;
#5159 = CARTESIAN_POINT ( 'NONE',  ( 18.82554346996889905, 2.500000000005119905, -1.000000000000000000 ) ) ;
#5160 = ORIENTED_EDGE ( 'NONE', *, *, #2553, .T. ) ;
#5161 = CARTESIAN_POINT ( 'NONE',  ( -4.345742677340949101, -7.881276583280850012, 0.000000000000000000 ) ) ;
#5162 = EDGE_LOOP ( 'NONE', ( #737, #3965, #4772, #1490 ) ) ;
#5163 = DIRECTION ( 'NONE',  ( 0.000000000000000000, 0.000000000000000000, 1.000000000000000000 ) ) ;
#5164 = ADVANCED_FACE ( 'NONE', ( #3829 ), #5474, .F. ) ;
#5165 = EDGE_CURVE ( 'NONE', #4114, #3631, #2746, .T. ) ;
#5166 = EDGE_CURVE ( 'NONE', #3921, #1067, #4912, .T. ) ;
#5167 = DIRECTION ( 'NONE',  ( -4.062922706401050560E-15, 1.000000000000000000, 0.000000000000000000 ) ) ;
#5168 = ORIENTED_EDGE ( 'NONE', *, *, #4753, .T. ) ;
#5169 = DIRECTION ( 'NONE',  ( 1.000000000000000000, 0.000000000000000000, 0.000000000000000000 ) ) ;
#5170 = ORIENTED_EDGE ( 'NONE', *, *, #4521, .F. ) ;
#5171 = DIRECTION ( 'NONE',  ( 0.000000000000000000, 0.000000000000000000, 1.000000000000000000 ) ) ;
#5172 = CYLINDRICAL_SURFACE ( 'NONE', #4676, 0.4000000000000001887 ) ;
#5173 = CIRCLE ( 'NONE', #286, 1.000000000000000888 ) ;
#5174 = CARTESIAN_POINT ( 'NONE',  ( 16.00000000000000000, 16.00000000000000000, 0.000000000000000000 ) ) ;
#5175 = CARTESIAN_POINT ( 'NONE',  ( 22.07404796879309927, -6.707530582367699987E-16, -1.000000000000000000 ) ) ;
#5176 = CIRCLE ( 'NONE', #289, 2.000000000000001776 ) ;
#5177 = DIRECTION ( 'NONE',  ( -1.000000000000000000, 0.000000000000000000, 0.000000000000000000 ) ) ;
#5178 = EDGE_CURVE ( 'NONE', #960, #4073, #2143, .T. ) ;
#5179 = VERTEX_POINT ( 'NONE', #3354 ) ;
#5180 = FACE_OUTER_BOUND ( 'NONE', #506, .T. ) ;
#5181 = CARTESIAN_POINT ( 'NONE',  ( 10.07963475138231502, 7.392628982894112077, 41.57787873376899768 ) ) ;
#5182 = ORIENTED_EDGE ( 'NONE', *, *, #3060, .F. ) ;
#5183 = EDGE_CURVE ( 'NONE', #643, #718, #2296, .T. ) ;
#5184 = EDGE_LOOP ( 'NONE', ( #3151, #1303, #4375, #1431 ) ) ;
#5185 = DIRECTION ( 'NONE',  ( 1.000000000000000000, 0.000000000000000000, 0.000000000000000000 ) ) ;
#5186 = ORIENTED_EDGE ( 'NONE', *, *, #1315, .F. ) ;
#5187 = PLANE ( 'NONE',  #3834 ) ;
#5188 = CARTESIAN_POINT ( 'NONE',  ( 22.00000000000000000, -15.25000000000000000, -1.000000000000000000 ) ) ;
#5189 = AXIS2_PLACEMENT_3D ( 'NONE', #2029, #5135, #4203 ) ;
#5190 = ORIENTED_EDGE ( 'NONE', *, *, #341, .T. ) ;
#5191 = DIRECTION ( 'NONE',  ( -4.062922706401050560E-15, 1.000000000000000000, 0.000000000000000000 ) ) ;
#5192 = EDGE_LOOP ( 'NONE', ( #1484, #2872, #5392, #1898 ) ) ;
#5193 = LINE ( 'NONE', #3888, #2300 ) ;
#5194 = AXIS2_PLACEMENT_3D ( 'NONE', #5080, #3860, #2559 ) ;
#5195 = DIRECTION ( 'NONE',  ( 0.000000000000000000, 1.000000000000000000, 0.000000000000000000 ) ) ;
#5196 = CIRCLE ( 'NONE', #1943, 1.000000000000000000 ) ;
#5197 = ORIENTED_EDGE ( 'NONE', *, *, #4578, .T. ) ;
#5198 = DIRECTION ( 'NONE',  ( 1.000000000000000000, -9.637352644315598941E-17, 0.000000000000000000 ) ) ;
#5199 = ORIENTED_EDGE ( 'NONE', *, *, #1227, .F. ) ;
#5200 =( GEOMETRIC_REPRESENTATION_CONTEXT ( 3 ) GLOBAL_UNCERTAINTY_ASSIGNED_CONTEXT ( ( #5426 ) ) GLOBAL_UNIT_ASSIGNED_CONTEXT ( ( #1642, #311, #3791 ) ) REPRESENTATION_CONTEXT ( 'NONE', 'WORKASPACE' ) );
#5201 = DIRECTION ( 'NONE',  ( 1.000000000000000000, 0.000000000000000000, 0.000000000000000000 ) ) ;
#5202 = DIRECTION ( 'NONE',  ( -0.000000000000000000, -0.000000000000000000, -1.000000000000000000 ) ) ;
#5203 = CIRCLE ( 'NONE', #4015, 14.69999999999999929 ) ;
#5204 = DIRECTION ( 'NONE',  ( 0.000000000000000000, 0.000000000000000000, 1.000000000000000000 ) ) ;
#5205 = DIRECTION ( 'NONE',  ( 1.000000000000000000, 4.724328728373308688E-16, 0.000000000000000000 ) ) ;
#5206 = DIRECTION ( 'NONE',  ( 1.000000000000000000, 0.000000000000000000, 0.000000000000000000 ) ) ;
#5207 = CIRCLE ( 'NONE', #2763, 1.999999999999998224 ) ;
#5208 = ORIENTED_EDGE ( 'NONE', *, *, #3964, .F. ) ;
#5209 = CARTESIAN_POINT ( 'NONE',  ( 17.82554346997164885, -1.499999999985415888, -1.000000000000000000 ) ) ;
#5210 = CARTESIAN_POINT ( 'NONE',  ( 18.00000000000000000, -16.00000000000000000, 0.000000000000000000 ) ) ;
#5211 = AXIS2_PLACEMENT_3D ( 'NONE', #1764, #5217, #6 ) ;
#5212 = DIRECTION ( 'NONE',  ( -0.7071067811865464625, 0.7071067811865485719, 0.000000000000000000 ) ) ;
#5213 = CIRCLE ( 'NONE', #3496, 14.69999999999999929 ) ;
#5214 = VERTEX_POINT ( 'NONE', #1239 ) ;
#5215 = VECTOR ( 'NONE', #335, 1000.000000000000000 ) ;
#5216 = VECTOR ( 'NONE', #2326, 1000.000000000000000 ) ;
#5217 = DIRECTION ( 'NONE',  ( 0.000000000000000000, 0.000000000000000000, 1.000000000000000000 ) ) ;
#5218 = EDGE_CURVE ( 'NONE', #3636, #2801, #1574, .T. ) ;
#5219 = EDGE_LOOP ( 'NONE', ( #4900, #1256 ) ) ;
#5220 = DIRECTION ( 'NONE',  ( 0.7071067811865535679, 0.7071067811865414665, 0.000000000000000000 ) ) ;
#5221 = VERTEX_POINT ( 'NONE', #4258 ) ;
#5222 = EDGE_CURVE ( 'NONE', #5513, #4510, #3197, .T. ) ;
#5223 = CARTESIAN_POINT ( 'NONE',  ( 0.000000000000000000, 0.000000000000000000, -1.000000000000000000 ) ) ;
#5224 = EDGE_LOOP ( 'NONE', ( #4788, #4019, #1178, #2263 ) ) ;
#5225 = FACE_OUTER_BOUND ( 'NONE', #723, .T. ) ;
#5226 = CARTESIAN_POINT ( 'NONE',  ( -18.00000000000000000, 18.00000000000000000, 0.000000000000000000 ) ) ;
#5227 = DIRECTION ( 'NONE',  ( 0.000000000000000000, 0.000000000000000000, 1.000000000000000000 ) ) ;
#5228 = VERTEX_POINT ( 'NONE', #4712 ) ;
#5229 = DIRECTION ( 'NONE',  ( 0.000000000000000000, 0.000000000000000000, 1.000000000000000000 ) ) ;
#5230 = DIRECTION ( 'NONE',  ( 0.000000000000000000, 0.000000000000000000, 1.000000000000000000 ) ) ;
#5231 = DIRECTION ( 'NONE',  ( -0.000000000000000000, -0.000000000000000000, -1.000000000000000000 ) ) ;
#5232 = CARTESIAN_POINT ( 'NONE',  ( 0.000000000000000000, 0.000000000000000000, 0.000000000000000000 ) ) ;
#5233 = VERTEX_POINT ( 'NONE', #4285 ) ;
#5234 = FACE_OUTER_BOUND ( 'NONE', #5406, .T. ) ;
#5235 = DIRECTION ( 'NONE',  ( 0.000000000000000000, 0.000000000000000000, 1.000000000000000000 ) ) ;
#5236 = EDGE_CURVE ( 'NONE', #1655, #4041, #1762, .T. ) ;
#5237 = DIRECTION ( 'NONE',  ( 0.000000000000000000, 0.000000000000000000, 1.000000000000000000 ) ) ;
#5238 = EDGE_CURVE ( 'NONE', #1035, #241, #892, .T. ) ;
#5239 = EDGE_CURVE ( 'NONE', #4, #1884, #3468, .T. ) ;
#5240 = ORIENTED_EDGE ( 'NONE', *, *, #1338, .F. ) ;
#5241 = AXIS2_PLACEMENT_3D ( 'NONE', #351, #775, #2811 ) ;
#5242 = DIRECTION ( 'NONE',  ( 0.000000000000000000, 0.000000000000000000, -1.000000000000000000 ) ) ;
#5243 = ORIENTED_EDGE ( 'NONE', *, *, #3827, .F. ) ;
#5244 = AXIS2_PLACEMENT_3D ( 'NONE', #5112, #2118, #3414 ) ;
#5245 = DIRECTION ( 'NONE',  ( -1.000000000000000000, 0.000000000000000000, 0.000000000000000000 ) ) ;
#5246 = ORIENTED_EDGE ( 'NONE', *, *, #2391, .T. ) ;
#5247 = EDGE_CURVE ( 'NONE', #3051, #4686, #1323, .T. ) ;
#5248 = DIRECTION ( 'NONE',  ( 0.000000000000000000, 0.000000000000000000, 1.000000000000000000 ) ) ;
#5249 = EDGE_LOOP ( 'NONE', ( #993, #1587, #4238, #627 ) ) ;
#5250 = DIRECTION ( 'NONE',  ( 0.000000000000000000, 0.000000000000000000, 1.000000000000000000 ) ) ;
#5251 = ORIENTED_EDGE ( 'NONE', *, *, #5130, .F. ) ;
#5252 = DIRECTION ( 'NONE',  ( 0.000000000000000000, 0.000000000000000000, 1.000000000000000000 ) ) ;
#5253 = ORIENTED_EDGE ( 'NONE', *, *, #3086, .T. ) ;
#5254 = CARTESIAN_POINT ( 'NONE',  ( 11.54390249416715974, 13.66522283773408120, -1.000000000000000000 ) ) ;
#5255 = DIRECTION ( 'NONE',  ( 0.000000000000000000, 0.000000000000000000, 1.000000000000000000 ) ) ;
#5256 = EDGE_CURVE ( 'NONE', #4261, #4251, #1217, .T. ) ;
#5257 = CARTESIAN_POINT ( 'NONE',  ( -9.003942031876647434, -11.61976883963725982, 41.57787873376899768 ) ) ;
#5258 = ORIENTED_EDGE ( 'NONE', *, *, #3063, .T. ) ;
#5259 = PLANE ( 'NONE',  #3 ) ;
#5260 = LINE ( 'NONE', #4835, #5145 ) ;
#5261 = CYLINDRICAL_SURFACE ( 'NONE', #2851, 1.000000000000000000 ) ;
#5262 = AXIS2_PLACEMENT_3D ( 'NONE', #415, #77, #3016 ) ;
#5263 = VERTEX_POINT ( 'NONE', #190 ) ;
#5264 = FACE_OUTER_BOUND ( 'NONE', #2412, .T. ) ;
#5265 = ORIENTED_EDGE ( 'NONE', *, *, #375, .T. ) ;
#5266 = CARTESIAN_POINT ( 'NONE',  ( -7.174169802094289672, 5.052849458527520099, -1.000000000000000000 ) ) ;
#5267 = EDGE_LOOP ( 'NONE', ( #1464, #1399, #938, #3731 ) ) ;
#5268 = CARTESIAN_POINT ( 'NONE',  ( -11.65311031326315572, -9.531789969724030698, 0.000000000000000000 ) ) ;
#5269 = ORIENTED_EDGE ( 'NONE', *, *, #149, .F. ) ;
#5270 = DIRECTION ( 'NONE',  ( 0.000000000000000000, 0.000000000000000000, -1.000000000000000000 ) ) ;
#5271 = ORIENTED_EDGE ( 'NONE', *, *, #3686, .T. ) ;
#5272 = CYLINDRICAL_SURFACE ( 'NONE', #4633, 0.9999999999999991118 ) ;
#5273 = ORIENTED_EDGE ( 'NONE', *, *, #2713, .F. ) ;
#5274 = EDGE_CURVE ( 'NONE', #1365, #713, #2427, .T. ) ;
#5275 = DIRECTION ( 'NONE',  ( 1.000000000000000000, 0.000000000000000000, 0.000000000000000000 ) ) ;
#5276 = CYLINDRICAL_SURFACE ( 'NONE', #3674, 0.3999999999999993006 ) ;
#5277 = VECTOR ( 'NONE', #1571, 1000.000000000000000 ) ;
#5278 = CARTESIAN_POINT ( 'NONE',  ( -8.645808232884228062, -1.500000000005100143, -1.000000000000000000 ) ) ;
#5279 = EDGE_CURVE ( 'NONE', #1281, #1480, #762, .T. ) ;
#5280 = ORIENTED_EDGE ( 'NONE', *, *, #4034, .T. ) ;
#5281 = ADVANCED_FACE ( 'NONE', ( #5366 ), #2849, .F. ) ;
#5282 = AXIS2_PLACEMENT_3D ( 'NONE', #5468, #1204, #264 ) ;
#5283 = CARTESIAN_POINT ( 'NONE',  ( 0.000000000000000000, 0.000000000000000000, 0.000000000000000000 ) ) ;
#5284 = CARTESIAN_POINT ( 'NONE',  ( 3.862882379858115112, 7.005579185137669640, 0.000000000000000000 ) ) ;
#5285 = CARTESIAN_POINT ( 'NONE',  ( -1.499999999985480059, -17.82554346997164885, -1.000000000000000000 ) ) ;
#5286 = ORIENTED_EDGE ( 'NONE', *, *, #2502, .T. ) ;
#5287 = CARTESIAN_POINT ( 'NONE',  ( -1.499999999985414112, -8.645808232889899969, -1.000000000000000000 ) ) ;
#5288 = VECTOR ( 'NONE', #2241, 1000.000000000000000 ) ;
#5289 = AXIS2_PLACEMENT_3D ( 'NONE', #3697, #1242, #2424 ) ;
#5290 = DIRECTION ( 'NONE',  ( 0.000000000000000000, 0.000000000000000000, 1.000000000000000000 ) ) ;
#5291 = ORIENTED_EDGE ( 'NONE', *, *, #5239, .F. ) ;
#5292 = CIRCLE ( 'NONE', #2856, 2.000000000000000000 ) ;
#5293 = AXIS2_PLACEMENT_3D ( 'NONE', #2022, #3740, #2080 ) ;
#5294 = DIRECTION ( 'NONE',  ( 1.000000000000000000, 0.000000000000000000, 0.000000000000000000 ) ) ;
#5295 = VERTEX_POINT ( 'NONE', #4117 ) ;
#5296 = FACE_OUTER_BOUND ( 'NONE', #491, .T. ) ;
#5297 = VERTEX_POINT ( 'NONE', #3219 ) ;
#5298 = CIRCLE ( 'NONE', #3591, 0.3999999999999993006 ) ;
#5299 = DIRECTION ( 'NONE',  ( 0.000000000000000000, 0.000000000000000000, 1.000000000000000000 ) ) ;
#5300 = EDGE_CURVE ( 'NONE', #1135, #4570, #3287, .T. ) ;
#5301 = EDGE_CURVE ( 'NONE', #3498, #5513, #1075, .T. ) ;
#5302 = EDGE_CURVE ( 'NONE', #678, #337, #2033, .T. ) ;
#5303 = CARTESIAN_POINT ( 'NONE',  ( 8.645808232889899969, -2.499999999985385024, -1.000000000000000000 ) ) ;
#5304 = CARTESIAN_POINT ( 'NONE',  ( 5.052849458545430217, -7.174169802084429115, 0.000000000000000000 ) ) ;
#5305 = EDGE_LOOP ( 'NONE', ( #2790, #2637 ) ) ;
#5306 = DIRECTION ( 'NONE',  ( 6.992006517994760179E-15, 1.000000000000000000, 0.000000000000000000 ) ) ;
#5307 = DIRECTION ( 'NONE',  ( 0.7071067811865480168, -0.7071067811865470176, 0.000000000000000000 ) ) ;
#5308 = DIRECTION ( 'NONE',  ( -0.000000000000000000, -0.000000000000000000, -1.000000000000000000 ) ) ;
#5309 = VERTEX_POINT ( 'NONE', #646 ) ;
#5310 = DIRECTION ( 'NONE',  ( -0.000000000000000000, -0.000000000000000000, -1.000000000000000000 ) ) ;
#5311 = DIRECTION ( 'NONE',  ( 1.000000000000000000, -3.496003258997380089E-15, 0.000000000000000000 ) ) ;
#5312 = DIRECTION ( 'NONE',  ( 1.000000000000000000, 0.000000000000000000, 0.000000000000000000 ) ) ;
#5313 = EDGE_LOOP ( 'NONE', ( #4560, #3397 ) ) ;
#5314 = FACE_BOUND ( 'NONE', #5313, .T. ) ;
#5315 = EDGE_CURVE ( 'NONE', #3730, #1543, #1471, .T. ) ;
#5316 = AXIS2_PLACEMENT_3D ( 'NONE', #529, #4323, #2626 ) ;
#5317 = DIRECTION ( 'NONE',  ( 0.000000000000000000, 0.000000000000000000, 1.000000000000000000 ) ) ;
#5318 = ORIENTED_EDGE ( 'NONE', *, *, #2445, .T. ) ;
#5319 = AXIS2_PLACEMENT_3D ( 'NONE', #1948, #3245, #2395 ) ;
#5320 =( NAMED_UNIT ( * ) SI_UNIT ( $, .STERADIAN. ) SOLID_ANGLE_UNIT ( ) );
#5321 = ORIENTED_EDGE ( 'NONE', *, *, #5256, .F. ) ;
#5322 = CARTESIAN_POINT ( 'NONE',  ( 20.00000000000000000, 15.25000000000000000, -1.000000000000000000 ) ) ;
#5323 = ORIENTED_EDGE ( 'NONE', *, *, #3031, .F. ) ;
#5324 = AXIS2_PLACEMENT_3D ( 'NONE', #916, #3824, #1674 ) ;
#5325 = CARTESIAN_POINT ( 'NONE',  ( -12.35475616918361652, -1.900000000005114709, 0.000000000000000000 ) ) ;
#5326 = FACE_OUTER_BOUND ( 'NONE', #1836, .T. ) ;
#5327 = CIRCLE ( 'NONE', #3341, 12.90000000000000213 ) ;
#5328 = CARTESIAN_POINT ( 'NONE',  ( -5.052849458527489901, -7.174169802094300330, -1.000000000000000000 ) ) ;
#5329 = VERTEX_POINT ( 'NONE', #1923 ) ;
#5330 = ADVANCED_FACE ( 'NONE', ( #165 ), #1894, .F. ) ;
#5331 = CYLINDRICAL_SURFACE ( 'NONE', #1891, 0.3999999999999993006 ) ;
#5332 = DIRECTION ( 'NONE',  ( 0.000000000000000000, 0.000000000000000000, 1.000000000000000000 ) ) ;
#5333 = ADVANCED_FACE ( 'NONE', ( #5033 ), #4973, .F. ) ;
#5334 = EDGE_CURVE ( 'NONE', #997, #4838, #3023, .T. ) ;
#5335 = CARTESIAN_POINT ( 'NONE',  ( -10.40218306343867205, 7.629193110330194649, 0.000000000000000000 ) ) ;
#5336 = CIRCLE ( 'NONE', #4886, 18.99999999999380051 ) ;
#5337 = ORIENTED_EDGE ( 'NONE', *, *, #2931, .T. ) ;
#5338 = CARTESIAN_POINT ( 'NONE',  ( -5.052849458527489901, -7.174169802094300330, 0.000000000000000000 ) ) ;
#5339 = CARTESIAN_POINT ( 'NONE',  ( -14.00000000000000000, -16.00000000000000000, -1.000000000000000000 ) ) ;
#5340 = DIRECTION ( 'NONE',  ( -1.000000000000000000, 0.000000000000000000, 0.000000000000000000 ) ) ;
#5341 = CARTESIAN_POINT ( 'NONE',  ( -1.499999999985480059, -17.82554346997164885, 0.000000000000000000 ) ) ;
#5342 = EDGE_CURVE ( 'NONE', #888, #1796, #4549, .T. ) ;
#5343 = ORIENTED_EDGE ( 'NONE', *, *, #2379, .T. ) ;
#5344 = AXIS2_PLACEMENT_3D ( 'NONE', #4936, #2471, #3207 ) ;
#5345 = LINE ( 'NONE', #2690, #962 ) ;
#5346 = CARTESIAN_POINT ( 'NONE',  ( 1.960800000005235688, -12.75010836659749813, 41.57787873376899768 ) ) ;
#5347 = VECTOR ( 'NONE', #2758, 999.9999999999998863 ) ;
#5348 = VERTEX_POINT ( 'NONE', #1100 ) ;
#5349 = ADVANCED_FACE ( 'NONE', ( #1522 ), #3246, .F. ) ;
#5350 = EDGE_CURVE ( 'NONE', #1202, #4998, #2010, .T. ) ;
#5351 = CARTESIAN_POINT ( 'NONE',  ( 0.000000000000000000, 0.000000000000000000, -1.000000000000000000 ) ) ;
#5352 = ORIENTED_EDGE ( 'NONE', *, *, #5543, .F. ) ;
#5353 = CARTESIAN_POINT ( 'NONE',  ( -7.685162873673859529, -2.222222222226469590, -1.000000000000000000 ) ) ;
#5354 = ORIENTED_EDGE ( 'NONE', *, *, #824, .F. ) ;
#5355 = DIRECTION ( 'NONE',  ( 1.000000000000000000, 0.000000000000000000, 0.000000000000000000 ) ) ;
#5356 = CARTESIAN_POINT ( 'NONE',  ( 10.83679571299646049, -14.37232961890862093, -1.000000000000000000 ) ) ;
#5357 = CARTESIAN_POINT ( 'NONE',  ( 11.54390249418302083, -13.66522283772208013, -1.000000000000000000 ) ) ;
#5358 = VERTEX_POINT ( 'NONE', #1980 ) ;
#5359 = LINE ( 'NONE', #2359, #2664 ) ;
#5360 = FACE_OUTER_BOUND ( 'NONE', #1094, .T. ) ;
#5361 = DIRECTION ( 'NONE',  ( 0.000000000000000000, 1.000000000000000000, 0.000000000000000000 ) ) ;
#5362 = VERTEX_POINT ( 'NONE', #3702 ) ;
#5363 = AXIS2_PLACEMENT_3D ( 'NONE', #4781, #2735, #4357 ) ;
#5364 = CARTESIAN_POINT ( 'NONE',  ( -13.66522283773394086, 11.54390249416728054, -1.000000000000000000 ) ) ;
#5365 = DIRECTION ( 'NONE',  ( -1.417298618512443785E-16, -1.000000000000000000, 0.000000000000000000 ) ) ;
#5366 = FACE_OUTER_BOUND ( 'NONE', #4545, .T. ) ;
#5367 = CARTESIAN_POINT ( 'NONE',  ( 9.248947257233769648, 11.93595302574989958, 0.000000000000000000 ) ) ;
#5368 = AXIS2_PLACEMENT_3D ( 'NONE', #1046, #3619, #273 ) ;
#5369 = ORIENTED_EDGE ( 'NONE', *, *, #4989, .T. ) ;
#5370 = DIRECTION ( 'NONE',  ( 0.000000000000000000, 0.000000000000000000, 1.000000000000000000 ) ) ;
#5371 = VECTOR ( 'NONE', #3710, 1000.000000000000000 ) ;
#5372 = CIRCLE ( 'NONE', #1128, 0.3999999999999993006 ) ;
#5373 = DIRECTION ( 'NONE',  ( 1.000000000000000000, -2.618450529776315219E-16, 0.000000000000000000 ) ) ;
#5374 = VERTEX_POINT ( 'NONE', #1548 ) ;
#5375 = VERTEX_POINT ( 'NONE', #3273 ) ;
#5376 = DIRECTION ( 'NONE',  ( -1.000000000000000000, 0.000000000000000000, 0.000000000000000000 ) ) ;
#5377 = ORIENTED_EDGE ( 'NONE', *, *, #4818, .T. ) ;
#5378 = ADVANCED_FACE ( 'NONE', ( #1126 ), #699, .F. ) ;
#5379 = CARTESIAN_POINT ( 'NONE',  ( -14.97998664885855469, -1.500000000005124567, 0.000000000000000000 ) ) ;
#5380 = VECTOR ( 'NONE', #4500, 1000.000000000000000 ) ;
#5381 = AXIS2_PLACEMENT_3D ( 'NONE', #3345, #3795, #5074 ) ;
#5382 = AXIS2_PLACEMENT_3D ( 'NONE', #1976, #5420, #1155 ) ;
#5383 = CARTESIAN_POINT ( 'NONE',  ( 10.83679571299646049, -14.37232961890862093, 0.000000000000000000 ) ) ;
#5384 = CYLINDRICAL_SURFACE ( 'NONE', #925, 0.3999999999999999667 ) ;
#5385 = ORIENTED_EDGE ( 'NONE', *, *, #2883, .F. ) ;
#5386 = CIRCLE ( 'NONE', #2409, 2.000000000000001776 ) ;
#5387 = AXIS2_PLACEMENT_3D ( 'NONE', #3765, #4593, #5430 ) ;
#5388 = PLANE ( 'NONE',  #5501 ) ;
#5389 = EDGE_CURVE ( 'NONE', #2789, #3766, #4382, .T. ) ;
#5390 = ADVANCED_FACE ( 'NONE', ( #4399 ), #3521, .F. ) ;
#5391 = DIRECTION ( 'NONE',  ( 1.000000000000000000, 0.000000000000000000, 0.000000000000000000 ) ) ;
#5392 = ORIENTED_EDGE ( 'NONE', *, *, #3520, .F. ) ;
#5393 = DIRECTION ( 'NONE',  ( 1.000000000000000000, 0.000000000000000000, 0.000000000000000000 ) ) ;
#5394 =( LENGTH_UNIT ( ) NAMED_UNIT ( * ) SI_UNIT ( .MILLI., .METRE. ) );
#5395 = DIRECTION ( 'NONE',  ( -0.000000000000000000, -0.000000000000000000, -1.000000000000000000 ) ) ;
#5396 = CARTESIAN_POINT ( 'NONE',  ( -5.052849458527489901, -7.174169802094300330, -1.000000000000000000 ) ) ;
#5397 = EDGE_LOOP ( 'NONE', ( #5258, #2639, #2168, #121 ) ) ;
#5398 = EDGE_LOOP ( 'NONE', ( #1946, #3344, #1696, #1110 ) ) ;
#5399 = FACE_BOUND ( 'NONE', #3677, .T. ) ;
#5400 = EDGE_CURVE ( 'NONE', #1543, #2201, #307, .T. ) ;
#5401 = EDGE_CURVE ( 'NONE', #4481, #4713, #4559, .T. ) ;
#5402 = EDGE_CURVE ( 'NONE', #2725, #1655, #4427, .T. ) ;
#5403 = DIRECTION ( 'NONE',  ( 1.000000000000000000, 0.000000000000000000, 0.000000000000000000 ) ) ;
#5404 = VERTEX_POINT ( 'NONE', #3068 ) ;
#5405 = CARTESIAN_POINT ( 'NONE',  ( -17.82554346997169858, 1.499999999985406118, -1.000000000000000000 ) ) ;
#5406 = EDGE_LOOP ( 'NONE', ( #976, #343, #2488, #1519 ) ) ;
#5407 = CARTESIAN_POINT ( 'NONE',  ( 0.000000000000000000, 0.000000000000000000, 41.57787873376899768 ) ) ;
#5408 = ORIENTED_EDGE ( 'NONE', *, *, #922, .T. ) ;
#5409 = LINE ( 'NONE', #1536, #1868 ) ;
#5410 = VECTOR ( 'NONE', #4548, 1000.000000000000000 ) ;
#5411 = ADVANCED_FACE ( 'NONE', ( #886 ), #3037, .F. ) ;
#5412 = CARTESIAN_POINT ( 'NONE',  ( 20.00000000000000000, 18.00000000000000000, -1.000000000000000000 ) ) ;
#5413 = LINE ( 'NONE', #1538, #4611 ) ;
#5414 = ORIENTED_EDGE ( 'NONE', *, *, #1689, .F. ) ;
#5415 = CARTESIAN_POINT ( 'NONE',  ( -10.40218306343867383, 7.629193110330195537, 41.57787873376899768 ) ) ;
#5416 = CARTESIAN_POINT ( 'NONE',  ( 11.93595302574987649, -9.248947257233798069, 41.57787873376899768 ) ) ;
#5417 = VECTOR ( 'NONE', #4291, 1000.000000000000000 ) ;
#5418 = ORIENTED_EDGE ( 'NONE', *, *, #2999, .T. ) ;
#5419 = EDGE_CURVE ( 'NONE', #1162, #4641, #5550, .T. ) ;
#5420 = DIRECTION ( 'NONE',  ( 0.000000000000000000, 0.000000000000000000, 1.000000000000000000 ) ) ;
#5421 = CARTESIAN_POINT ( 'NONE',  ( 17.82554346997164885, -1.499999999985415888, -1.000000000000000000 ) ) ;
#5422 = DIRECTION ( 'NONE',  ( 0.7071067811865465735, -0.7071067811865485719, 0.000000000000000000 ) ) ;
#5423 = EDGE_CURVE ( 'NONE', #1480, #2882, #5015, .T. ) ;
#5424 = DIRECTION ( 'NONE',  ( -0.000000000000000000, -0.000000000000000000, -1.000000000000000000 ) ) ;
#5425 = CARTESIAN_POINT ( 'NONE',  ( -2.638888888873610394, -18.81585144052600000, -1.000000000000000000 ) ) ;
#5426 = UNCERTAINTY_MEASURE_WITH_UNIT (LENGTH_MEASURE( 1.000000000000000082E-05 ), #1642, 'distance_accuracy_value', 'NONE');
#5427 = ORIENTED_EDGE ( 'NONE', *, *, #1440, .F. ) ;
#5428 = ORIENTED_EDGE ( 'NONE', *, *, #51, .T. ) ;
#5429 = DIRECTION ( 'NONE',  ( 1.000000000000000000, 0.000000000000000000, 0.000000000000000000 ) ) ;
#5430 = DIRECTION ( 'NONE',  ( 1.000000000000000000, 0.000000000000000000, 0.000000000000000000 ) ) ;
#5431 = ORIENTED_EDGE ( 'NONE', *, *, #3867, .F. ) ;
#5432 = CARTESIAN_POINT ( 'NONE',  ( 0.000000000000000000, 0.000000000000000000, 0.000000000000000000 ) ) ;
#5433 = VERTEX_POINT ( 'NONE', #4343 ) ;
#5434 = LINE ( 'NONE', #4597, #603 ) ;
#5435 = ORIENTED_EDGE ( 'NONE', *, *, #3520, .T. ) ;
#5436 = DIRECTION ( 'NONE',  ( -0.000000000000000000, -0.000000000000000000, -1.000000000000000000 ) ) ;
#5437 = CIRCLE ( 'NONE', #2015, 0.4000000000000001887 ) ;
#5438 = CARTESIAN_POINT ( 'NONE',  ( 2.222222222208964926, 7.685162873678930140, -1.000000000000000000 ) ) ;
#5439 = DIRECTION ( 'NONE',  ( 0.000000000000000000, 0.000000000000000000, -1.000000000000000000 ) ) ;
#5440 = ORIENTED_EDGE ( 'NONE', *, *, #2573, .F. ) ;
#5441 = DIRECTION ( 'NONE',  ( -1.000000000000000000, 0.000000000000000000, 0.000000000000000000 ) ) ;
#5442 = CARTESIAN_POINT ( 'NONE',  ( 20.00000000000000000, -15.25000000000000000, 0.000000000000000000 ) ) ;
#5443 = VERTEX_POINT ( 'NONE', #3145 ) ;
#5444 = EDGE_CURVE ( 'NONE', #235, #1035, #3089, .T. ) ;
#5445 = CARTESIAN_POINT ( 'NONE',  ( 0.000000000000000000, 0.000000000000000000, -1.000000000000000000 ) ) ;
#5446 = DIRECTION ( 'NONE',  ( 0.000000000000000000, 0.000000000000000000, 1.000000000000000000 ) ) ;
#5447 = FILL_AREA_STYLE ('',( #3756 ) ) ;
#5448 = EDGE_CURVE ( 'NONE', #5179, #1890, #5099, .T. ) ;
#5449 = CARTESIAN_POINT ( 'NONE',  ( 7.392628982878015620, 10.07963475139412957, 41.57787873376899768 ) ) ;
#5450 = CARTESIAN_POINT ( 'NONE',  ( -12.75475616918361510, -1.900000000005114709, -1.000000000000000888 ) ) ;
#5451 = CIRCLE ( 'NONE', #400, 0.3999999999999993006 ) ;
#5452 = EDGE_CURVE ( 'NONE', #4957, #2815, #495, .T. ) ;
#5453 = VERTEX_POINT ( 'NONE', #3461 ) ;
#5454 = VERTEX_POINT ( 'NONE', #521 ) ;
#5455 = LINE ( 'NONE', #4617, #1304 ) ;
#5456 = CARTESIAN_POINT ( 'NONE',  ( 8.645808232884188982, 1.500000000005115020, 0.000000000000000000 ) ) ;
#5457 = ORIENTED_EDGE ( 'NONE', *, *, #4413, .F. ) ;
#5458 = AXIS2_PLACEMENT_3D ( 'NONE', #2558, #3548, #3013 ) ;
#5459 = CIRCLE ( 'NONE', #3204, 18.99999999999380051 ) ;
#5460 = ORIENTED_EDGE ( 'NONE', *, *, #2093, .T. ) ;
#5461 = DIRECTION ( 'NONE',  ( 1.000000000000000000, 0.000000000000000000, 0.000000000000000000 ) ) ;
#5462 = ORIENTED_EDGE ( 'NONE', *, *, #3329, .T. ) ;
#5463 = AXIS2_PLACEMENT_3D ( 'NONE', #180, #4903, #1030 ) ;
#5464 = DIRECTION ( 'NONE',  ( -0.000000000000000000, -0.000000000000000000, -1.000000000000000000 ) ) ;
#5465 = LINE ( 'NONE', #1597, #4364 ) ;
#5466 = PLANE ( 'NONE',  #1711 ) ;
#5467 = ORIENTED_EDGE ( 'NONE', *, *, #3346, .T. ) ;
#5468 = CARTESIAN_POINT ( 'NONE',  ( 0.000000000000000000, 0.000000000000000000, -1.000000000000000000 ) ) ;
#5469 = AXIS2_PLACEMENT_3D ( 'NONE', #3108, #2740, #4810 ) ;
#5470 = ADVANCED_FACE ( 'NONE', ( #969 ), #5187, .F. ) ;
#5471 = VECTOR ( 'NONE', #3902, 1000.000000000000000 ) ;
#5472 = ADVANCED_FACE ( 'NONE', ( #1845 ), #3913, .F. ) ;
#5473 = ADVANCED_FACE ( 'NONE', ( #3495 ), #3543, .F. ) ;
#5474 = PLANE ( 'NONE',  #5189 ) ;
#5475 = ORIENTED_EDGE ( 'NONE', *, *, #3571, .F. ) ;
#5476 = VECTOR ( 'NONE', #5087, 1000.000000000000000 ) ;
#5477 = VECTOR ( 'NONE', #5464, 1000.000000000000000 ) ;
#5478 = CARTESIAN_POINT ( 'NONE',  ( 7.392628982894077438, -10.07963475138233811, 0.000000000000000000 ) ) ;
#5479 = CIRCLE ( 'NONE', #5571, 1.000000000000000888 ) ;
#5480 = CARTESIAN_POINT ( 'NONE',  ( -7.392628982878062693, -10.07963475139408516, 0.000000000000000000 ) ) ;
#5481 = DIRECTION ( 'NONE',  ( 1.000000000000000000, 0.000000000000000000, 0.000000000000000000 ) ) ;
#5482 = DIRECTION ( 'NONE',  ( 1.000000000000000000, 0.000000000000000000, 0.000000000000000000 ) ) ;
#5483 = CIRCLE ( 'NONE', #1504, 14.69999999999999929 ) ;
#5484 = LINE ( 'NONE', #4974, #4670 ) ;
#5485 = ORIENTED_EDGE ( 'NONE', *, *, #1966, .T. ) ;
#5486 = ORIENTED_EDGE ( 'NONE', *, *, #5301, .F. ) ;
#5487 = CARTESIAN_POINT ( 'NONE',  ( 1.900000000005064749, -14.97998664885856002, -1.000000000000000888 ) ) ;
#5488 = CARTESIAN_POINT ( 'NONE',  ( 13.66522283772204105, 11.54390249418305991, 0.000000000000000000 ) ) ;
#5489 = ORIENTED_EDGE ( 'NONE', *, *, #673, .F. ) ;
#5490 = CARTESIAN_POINT ( 'NONE',  ( 0.000000000000000000, 0.000000000000000000, 0.000000000000000000 ) ) ;
#5491 = ORIENTED_EDGE ( 'NONE', *, *, #632, .F. ) ;
#5492 = EDGE_CURVE ( 'NONE', #3307, #4305, #1666, .T. ) ;
#5493 = DIRECTION ( 'NONE',  ( -0.000000000000000000, -0.000000000000000000, -1.000000000000000000 ) ) ;
#5494 = ORIENTED_EDGE ( 'NONE', *, *, #3920, .F. ) ;
#5495 = DIRECTION ( 'NONE',  ( -0.7071067811865510144, -0.7071067811865441310, 0.000000000000000000 ) ) ;
#5496 = ORIENTED_EDGE ( 'NONE', *, *, #4749, .T. ) ;
#5497 = DIRECTION ( 'NONE',  ( 1.000000000000000000, 0.000000000000000000, 0.000000000000000000 ) ) ;
#5498 = CARTESIAN_POINT ( 'NONE',  ( -11.54390249418310077, 13.66522283772210145, 0.000000000000000000 ) ) ;
#5499 = ORIENTED_EDGE ( 'NONE', *, *, #4990, .F. ) ;
#5500 = CARTESIAN_POINT ( 'NONE',  ( 12.75010836659748925, 1.960800000005280097, -1.000000000000000000 ) ) ;
#5501 = AXIS2_PLACEMENT_3D ( 'NONE', #4106, #2785, #4541 ) ;
#5502 = FACE_OUTER_BOUND ( 'NONE', #1006, .T. ) ;
#5503 = VERTEX_POINT ( 'NONE', #4452 ) ;
#5504 = CARTESIAN_POINT ( 'NONE',  ( 26.25000000000000000, 1.249110811708009910E-14, 0.000000000000000000 ) ) ;
#5505 = EDGE_CURVE ( 'NONE', #5054, #1435, #572, .T. ) ;
#5506 = CARTESIAN_POINT ( 'NONE',  ( 7.675471695368699443, -9.796792038907721434, 0.000000000000000000 ) ) ;
#5507 = EDGE_CURVE ( 'NONE', #3936, #1049, #3628, .T. ) ;
#5508 = CYLINDRICAL_SURFACE ( 'NONE', #1620, 0.3999999999999993006 ) ;
#5509 = AXIS2_PLACEMENT_3D ( 'NONE', #5223, #469, #2556 ) ;
#5510 = LINE ( 'NONE', #2908, #54 ) ;
#5511 = AXIS2_PLACEMENT_3D ( 'NONE', #1492, #4890, #271 ) ;
#5512 = DIRECTION ( 'NONE',  ( 1.000000000000000000, 0.000000000000000000, 0.000000000000000000 ) ) ;
#5513 = VERTEX_POINT ( 'NONE', #626 ) ;
#5514 = VERTEX_POINT ( 'NONE', #4558 ) ;
#5515 = CARTESIAN_POINT ( 'NONE',  ( 1.499999999985410115, 8.645808232889910627, -1.000000000000000000 ) ) ;
#5516 = CYLINDRICAL_SURFACE ( 'NONE', #956, 0.3999999999999993006 ) ;
#5517 = VERTEX_POINT ( 'NONE', #4532 ) ;
#5518 = EDGE_LOOP ( 'NONE', ( #1077, #5071, #125, #4483 ) ) ;
#5519 = ADVANCED_FACE ( 'NONE', ( #1451 ), #1477, .F. ) ;
#5520 = DIRECTION ( 'NONE',  ( 0.000000000000000000, 0.000000000000000000, 1.000000000000000000 ) ) ;
#5521 = ORIENTED_EDGE ( 'NONE', *, *, #3296, .T. ) ;
#5522 = CARTESIAN_POINT ( 'NONE',  ( 0.000000000000000000, 0.000000000000000000, 0.000000000000000000 ) ) ;
#5523 = ADVANCED_FACE ( 'NONE', ( #4983 ), #146, .F. ) ;
#5524 = ORIENTED_EDGE ( 'NONE', *, *, #195, .F. ) ;
#5525 = ADVANCED_FACE ( 'NONE', ( #4899 ), #1876, .F. ) ;
#5526 = LINE ( 'NONE', #2924, #1740 ) ;
#5527 = CARTESIAN_POINT ( 'NONE',  ( 26.25000000000000000, -13.25000000000000000, 0.000000000000000000 ) ) ;
#5528 = VERTEX_POINT ( 'NONE', #174 ) ;
#5529 = DIRECTION ( 'NONE',  ( 0.7071067811865444641, 0.7071067811865505703, 0.000000000000000000 ) ) ;
#5530 = CARTESIAN_POINT ( 'NONE',  ( -14.97998664885855469, -1.500000000005124567, -1.000000000000000000 ) ) ;
#5531 = VECTOR ( 'NONE', #5198, 1000.000000000000000 ) ;
#5532 = ORIENTED_EDGE ( 'NONE', *, *, #166, .F. ) ;
#5533 = DIRECTION ( 'NONE',  ( 1.000000000000000000, 0.000000000000000000, 0.000000000000000000 ) ) ;
#5534 = ORIENTED_EDGE ( 'NONE', *, *, #2376, .T. ) ;
#5535 = CARTESIAN_POINT ( 'NONE',  ( -18.00000000000000000, -18.00000000000000000, -1.000000000000000000 ) ) ;
#5536 = CARTESIAN_POINT ( 'NONE',  ( -11.93595302574981609, 9.248947257233878005, 41.57787873376899768 ) ) ;
#5537 = CIRCLE ( 'NONE', #3096, 2.000000000000001776 ) ;
#5538 = CYLINDRICAL_SURFACE ( 'NONE', #2578, 12.90000000000000213 ) ;
#5539 = CARTESIAN_POINT ( 'NONE',  ( 13.66522283773402080, -11.54390249416718106, 0.000000000000000000 ) ) ;
#5540 = CARTESIAN_POINT ( 'NONE',  ( 1.500000000005073275, -12.35475616918362007, -1.000000000000000000 ) ) ;
#5541 = ORIENTED_EDGE ( 'NONE', *, *, #3905, .T. ) ;
#5542 = DIRECTION ( 'NONE',  ( 0.000000000000000000, 0.000000000000000000, 1.000000000000000000 ) ) ;
#5543 = EDGE_CURVE ( 'NONE', #702, #5453, #852, .T. ) ;
#5544 = CARTESIAN_POINT ( 'NONE',  ( -9.003942031876647434, -11.61976883963725982, 0.000000000000000000 ) ) ;
#5545 = ORIENTED_EDGE ( 'NONE', *, *, #3226, .T. ) ;
#5546 = ORIENTED_EDGE ( 'NONE', *, *, #567, .T. ) ;
#5547 = VECTOR ( 'NONE', #1783, 1000.000000000000000 ) ;
#5548 = CYLINDRICAL_SURFACE ( 'NONE', #1051, 0.4000000000000001887 ) ;
#5549 = EDGE_LOOP ( 'NONE', ( #2158, #3857, #2457, #3095 ) ) ;
#5550 = CIRCLE ( 'NONE', #4655, 7.999999999990759392 ) ;
#5551 = CARTESIAN_POINT ( 'NONE',  ( 1.499999999985409227, 12.35475616918664699, -1.000000000000000000 ) ) ;
#5552 = AXIS2_PLACEMENT_3D ( 'NONE', #4822, #4374, #4348 ) ;
#5553 = DIRECTION ( 'NONE',  ( -0.000000000000000000, -0.000000000000000000, -1.000000000000000000 ) ) ;
#5554 = EDGE_LOOP ( 'NONE', ( #3792, #1019, #1443, #2253 ) ) ;
#5555 = EDGE_CURVE ( 'NONE', #1321, #2941, #4474, .T. ) ;
#5556 = CARTESIAN_POINT ( 'NONE',  ( -11.54390249418310077, 13.66522283772210145, -1.000000000000000000 ) ) ;
#5557 = CARTESIAN_POINT ( 'NONE',  ( -12.35475616918361652, -1.900000000005114709, -1.000000000000000888 ) ) ;
#5558 = ORIENTED_EDGE ( 'NONE', *, *, #4524, .T. ) ;
#5559 = CARTESIAN_POINT ( 'NONE',  ( -18.00000000000000000, -16.00000000000000000, -1.000000000000000000 ) ) ;
#5560 = ORIENTED_EDGE ( 'NONE', *, *, #3062, .T. ) ;
#5561 = CIRCLE ( 'NONE', #3304, 0.3999999999999993006 ) ;
#5562 = EDGE_CURVE ( 'NONE', #3351, #276, #4072, .T. ) ;
#5563 = DIRECTION ( 'NONE',  ( 0.000000000000000000, 0.000000000000000000, 1.000000000000000000 ) ) ;
#5564 = EDGE_CURVE ( 'NONE', #3250, #3325, #5459, .T. ) ;
#5565 = FACE_OUTER_BOUND ( 'NONE', #3092, .T. ) ;
#5566 = VECTOR ( 'NONE', #2934, 1000.000000000000000 ) ;
#5567 = DIRECTION ( 'NONE',  ( 1.000000000000000000, 0.000000000000000000, 0.000000000000000000 ) ) ;
#5568 = CARTESIAN_POINT ( 'NONE',  ( 11.83679571299646049, -14.37232961890862093, -1.000000000000000000 ) ) ;
#5569 = CIRCLE ( 'NONE', #679, 1.000000000000000000 ) ;
#5570 = CIRCLE ( 'NONE', #957, 12.90000000000000213 ) ;
#5571 = AXIS2_PLACEMENT_3D ( 'NONE', #628, #2669, #4047 ) ;
#5572 = PLANE ( 'NONE',  #4149 ) ;
#5573 = VERTEX_POINT ( 'NONE', #1992 ) ;
#5574 = DIRECTION ( 'NONE',  ( -1.000000000000000000, 0.000000000000000000, 0.000000000000000000 ) ) ;
#5575 = VECTOR ( 'NONE', #5230, 1000.000000000000000 ) ;
#5576 = VECTOR ( 'NONE', #1106, 1000.000000000000114 ) ;
#5577 = DIRECTION ( 'NONE',  ( 1.000000000000000000, 0.000000000000000000, 0.000000000000000000 ) ) ;
#5578 = ORIENTED_EDGE ( 'NONE', *, *, #1408, .T. ) ;
#5579 = EDGE_CURVE ( 'NONE', #1539, #1197, #1558, .T. ) ;
#5580 = EDGE_LOOP ( 'NONE', ( #1141, #4825, #5251, #4328 ) ) ;
#5581 = EDGE_CURVE ( 'NONE', #1403, #475, #3601, .T. ) ;
#5582 = EDGE_CURVE ( 'NONE', #4369, #1025, #1856, .T. ) ;
#5583 = DIRECTION ( 'NONE',  ( 0.000000000000000000, 0.000000000000000000, 1.000000000000000000 ) ) ;
#5584 = ORIENTED_EDGE ( 'NONE', *, *, #5039, .F. ) ;
#5585 = LINE ( 'NONE', #3371, #1017 ) ;
#5586 = ORIENTED_EDGE ( 'NONE', *, *, #855, .F. ) ;
#5587 = DIRECTION ( 'NONE',  ( 1.000000000000000000, 0.000000000000000000, 0.000000000000000000 ) ) ;
#5588 = ORIENTED_EDGE ( 'NONE', *, *, #2621, .T. ) ;
#5589 = DIRECTION ( 'NONE',  ( 0.000000000000000000, 1.000000000000000000, 0.000000000000000000 ) ) ;
#5590 = EDGE_CURVE ( 'NONE', #357, #4540, #1530, .T. ) ;
#5591 = CARTESIAN_POINT ( 'NONE',  ( -9.248947257233835373, -11.93595302574983741, 0.000000000000000000 ) ) ;
#5592 = ORIENTED_EDGE ( 'NONE', *, *, #5507, .T. ) ;
#5593 = CARTESIAN_POINT ( 'NONE',  ( 0.000000000000000000, 0.000000000000000000, -1.000000000000000000 ) ) ;
#5594 = EDGE_LOOP ( 'NONE', ( #3981, #653, #5408, #3243 ) ) ;
#5595 = CIRCLE ( 'NONE', #623, 18.99999999999380051 ) ;
#5596 = CARTESIAN_POINT ( 'NONE',  ( -10.40218306343867205, 7.629193110330194649, -1.000000000000000000 ) ) ;
#5597 = CARTESIAN_POINT ( 'NONE',  ( 1.499999999985409671, 14.97998664886105402, -1.000000000000000000 ) ) ;
#5598 = CARTESIAN_POINT ( 'NONE',  ( -14.37232961892049943, 10.83679571298073974, -1.000000000000000000 ) ) ;
#5599 = LINE ( 'NONE', #2180, #3502 ) ;
#5600 = AXIS2_PLACEMENT_3D ( 'NONE', #4667, #2364, #3301 ) ;
#5601 = EDGE_CURVE ( 'NONE', #5295, #2854, #502, .T. ) ;
#5602 = DIRECTION ( 'NONE',  ( 1.000000000000000000, 0.000000000000000000, 0.000000000000000000 ) ) ;
#5603 = EDGE_LOOP ( 'NONE', ( #1645, #2278, #1765, #3738 ) ) ;
#5604 = CIRCLE ( 'NONE', #1175, 1.000000000000000888 ) ;
ENDSEC;
END-ISO-10303-21;
