ISO-10303-21;
HEADER;
FILE_DESCRIPTION (( 'STEP AP214' ),
    '1' );
FILE_NAME ('40∑Á…»ƒ·¡˙.STEP',
    '2026-09-23T00:37:53',
    ( 'luo010121@outlook.com' ),
    ( '' ),
    'SwSTEP 2.0',
    'SolidWorks 2021',
    '' );
FILE_SCHEMA (( 'AUTOMOTIVE_DESIGN' ));
ENDSEC;

DATA;
#1 = VECTOR ( 'NONE', #1350, 1000.000000000000000 ) ;
#2 = AXIS2_PLACEMENT_3D ( 'NONE', #1431, #2357, #499 ) ;
#3 = DIRECTION ( 'NONE',  ( -1.000000000000000000, 0.000000000000000000, 0.000000000000000000 ) ) ;
#4 = AXIS2_PLACEMENT_3D ( 'NONE', #1688, #1488, #2431 ) ;
#5 = DIRECTION ( 'NONE',  ( -0.000000000000000000, 0.000000000000000000, -1.000000000000000000 ) ) ;
#6 = DIRECTION ( 'NONE',  ( -1.000000000000000000, 0.000000000000000000, -0.000000000000000000 ) ) ;
#7 = AXIS2_PLACEMENT_3D ( 'NONE', #1003, #1175, #1932 ) ;
#8 = ORIENTED_EDGE ( 'NONE', *, *, #616, .F. ) ;
#9 = CARTESIAN_POINT ( 'NONE',  ( 21.34149501500213120, 20.26629969068097381, 24.86840611579534510 ) ) ;
#10 = CARTESIAN_POINT ( 'NONE',  ( -19.00000000001303491, 0.000000000000000000, -2.000000000000001776 ) ) ;
#11 = DIRECTION ( 'NONE',  ( -0.000000000000000000, -0.000000000000000000, -1.000000000000000000 ) ) ;
#12 = CARTESIAN_POINT ( 'NONE',  ( 25.07404796879308506, -1.502256922293053821E-15, 28.50000000000000000 ) ) ;
#13 = ORIENTED_EDGE ( 'NONE', *, *, #1147, .T. ) ;
#14 = CIRCLE ( 'NONE', #883, 2.999999999999999112 ) ;
#15 = DIRECTION ( 'NONE',  ( -0.000000000000000000, -0.000000000000000000, 1.000000000000000000 ) ) ;
#16 = EDGE_CURVE ( 'NONE', #1813, #1870, #1428, .T. ) ;
#17 = CARTESIAN_POINT ( 'NONE',  ( 23.25000000000000355, 13.00000000000000000, 23.25000000000000000 ) ) ;
#18 = AXIS2_PLACEMENT_3D ( 'NONE', #571, #152, #1653 ) ;
#19 = ORIENTED_EDGE ( 'NONE', *, *, #820, .T. ) ;
#20 = ORIENTED_EDGE ( 'NONE', *, *, #2354, .F. ) ;
#21 = EDGE_CURVE ( 'NONE', #1809, #1286, #1503, .T. ) ;
#22 = CARTESIAN_POINT ( 'NONE',  ( 20.95550995059448951, 20.78487360359792646, 24.25259109785322664 ) ) ;
#23 = AXIS2_PLACEMENT_3D ( 'NONE', #2207, #1053, #712 ) ;
#24 = ADVANCED_FACE ( 'NONE', ( #2059, #1857 ), #746, .T. ) ;
#25 = DIRECTION ( 'NONE',  ( 0.000000000000000000, 1.000000000000000000, 0.000000000000000000 ) ) ;
#26 = EDGE_CURVE ( 'NONE', #1728, #648, #202, .T. ) ;
#27 = CARTESIAN_POINT ( 'NONE',  ( 23.25000000000000355, 13.00000000000000000, 5.250000000000000888 ) ) ;
#28 = VERTEX_POINT ( 'NONE', #1878 ) ;
#29 = FACE_OUTER_BOUND ( 'NONE', #1706, .T. ) ;
#30 = CARTESIAN_POINT ( 'NONE',  ( 26.25000000000000355, -4.594660265974938744E-19, 30.50000000000000000 ) ) ;
#31 = LINE ( 'NONE', #1489, #847 ) ;
#32 = VERTEX_POINT ( 'NONE', #166 ) ;
#33 = FACE_OUTER_BOUND ( 'NONE', #2278, .T. ) ;
#34 = ORIENTED_EDGE ( 'NONE', *, *, #1193, .T. ) ;
#35 = CARTESIAN_POINT ( 'NONE',  ( 25.07404796879308506, -1.502256922293053821E-15, -2.000000000000000000 ) ) ;
#36 = EDGE_CURVE ( 'NONE', #1472, #2162, #412, .T. ) ;
#37 = VERTEX_POINT ( 'NONE', #2424 ) ;
#38 = LINE ( 'NONE', #2135, #752 ) ;
#39 = ORIENTED_EDGE ( 'NONE', *, *, #896, .F. ) ;
#40 = EDGE_CURVE ( 'NONE', #1114, #1195, #1516, .T. ) ;
#41 = CARTESIAN_POINT ( 'NONE',  ( 23.25000000000002132, 10.00000000000000000, 24.85000000000000142 ) ) ;
#42 = PLANE ( 'NONE',  #834 ) ;
#43 = EDGE_LOOP ( 'NONE', ( #13, #111 ) ) ;
#44 = AXIS2_PLACEMENT_3D ( 'NONE', #2348, #1810, #662 ) ;
#45 = CARTESIAN_POINT ( 'NONE',  ( 23.25000000000000355, 13.00000000000000000, 6.850000000000003197 ) ) ;
#46 = VECTOR ( 'NONE', #1600, 1000.000000000000000 ) ;
#47 = VERTEX_POINT ( 'NONE', #2230 ) ;
#48 = CARTESIAN_POINT ( 'NONE',  ( 23.25000000000000355, 9.000000000000000000, 24.85000000000000142 ) ) ;
#49 = EDGE_CURVE ( 'NONE', #2219, #255, #1467, .T. ) ;
#50 = ORIENTED_EDGE ( 'NONE', *, *, #817, .T. ) ;
#51 = FACE_OUTER_BOUND ( 'NONE', #1498, .T. ) ;
#52 = EDGE_CURVE ( 'NONE', #1448, #1728, #589, .T. ) ;
#53 = ORIENTED_EDGE ( 'NONE', *, *, #1089, .F. ) ;
#54 = CARTESIAN_POINT ( 'NONE',  ( 20.00000000000000000, 17.99999999999998224, 30.50000000000000000 ) ) ;
#55 = ORIENTED_EDGE ( 'NONE', *, *, #2359, .F. ) ;
#56 = CARTESIAN_POINT ( 'NONE',  ( 23.14207400094691991, 10.00000000000000000, 21.64999999999999858 ) ) ;
#57 = LINE ( 'NONE', #999, #555 ) ;
#58 = CARTESIAN_POINT ( 'NONE',  ( 18.75000000000000355, 18.75000000000000000, 31.50000000000000000 ) ) ;
#59 = VERTEX_POINT ( 'NONE', #1690 ) ;
#60 = CARTESIAN_POINT ( 'NONE',  ( -20.25000000000000000, -2.479909768273390300E-15, 28.50000000000000000 ) ) ;
#61 = CYLINDRICAL_SURFACE ( 'NONE', #640, 1.999999999999998224 ) ;
#62 = FACE_OUTER_BOUND ( 'NONE', #849, .T. ) ;
#63 = ADVANCED_FACE ( 'NONE', ( #1306 ), #1317, .T. ) ;
#64 = ADVANCED_FACE ( 'NONE', ( #1144 ), #405, .F. ) ;
#65 = CARTESIAN_POINT ( 'NONE',  ( -16.00000000000000000, 15.99999999999999645, 28.50000000000000000 ) ) ;
#66 = CARTESIAN_POINT ( 'NONE',  ( 23.25000000000000355, 9.000000000000000000, 5.250000000000000888 ) ) ;
#67 = EDGE_CURVE ( 'NONE', #739, #1264, #1679, .T. ) ;
#68 = DIRECTION ( 'NONE',  ( 1.000000000000000000, 0.000000000000000000, 0.000000000000000000 ) ) ;
#69 = FACE_OUTER_BOUND ( 'NONE', #1805, .T. ) ;
#70 = ORIENTED_EDGE ( 'NONE', *, *, #129, .F. ) ;
#71 = CARTESIAN_POINT ( 'NONE',  ( 23.25000000000000355, 9.000000000000000000, 6.850000000000003197 ) ) ;
#72 = EDGE_CURVE ( 'NONE', #811, #1284, #31, .T. ) ;
#73 = CARTESIAN_POINT ( 'NONE',  ( 17.99999999999998579, 19.99999999999999645, -2.000000000000000000 ) ) ;
#74 = DIRECTION ( 'NONE',  ( -1.000000000000000000, 0.000000000000000000, 0.000000000000000000 ) ) ;
#75 = VERTEX_POINT ( 'NONE', #562 ) ;
#76 = PLANE ( 'NONE',  #1817 ) ;
#77 = DIRECTION ( 'NONE',  ( 0.000000000000000000, 0.000000000000000000, 1.000000000000000000 ) ) ;
#78 = CARTESIAN_POINT ( 'NONE',  ( 20.00000000000000000, 17.99999999999998224, -3.000000000000000000 ) ) ;
#79 = ORIENTED_EDGE ( 'NONE', *, *, #389, .F. ) ;
#80 = DIRECTION ( 'NONE',  ( -0.000000000000000000, -0.000000000000000000, -1.000000000000000000 ) ) ;
#81 = ORIENTED_EDGE ( 'NONE', *, *, #1071, .T. ) ;
#82 = CARTESIAN_POINT ( 'NONE',  ( 21.75000000000000355, 18.75000000000000000, 25.24999999999999645 ) ) ;
#83 = VECTOR ( 'NONE', #981, 1000.000000000000000 ) ;
#84 = DIRECTION ( 'NONE',  ( 0.000000000000000000, 1.000000000000000000, 0.000000000000000000 ) ) ;
#85 = CARTESIAN_POINT ( 'NONE',  ( 13.99999999999999645, 15.99999999999999645, -2.000000000000000000 ) ) ;
#86 = AXIS2_PLACEMENT_3D ( 'NONE', #403, #1715, #1157 ) ;
#87 = ORIENTED_EDGE ( 'NONE', *, *, #1261, .F. ) ;
#88 = DIRECTION ( 'NONE',  ( -0.000000000000000000, -0.000000000000000000, -1.000000000000000000 ) ) ;
#89 = VECTOR ( 'NONE', #1824, 1000.000000000000000 ) ;
#90 = CARTESIAN_POINT ( 'NONE',  ( -21.75000000000000355, -1.836970198721034125E-16, 28.50000000000000000 ) ) ;
#91 = VERTEX_POINT ( 'NONE', #2070 ) ;
#92 = CARTESIAN_POINT ( 'NONE',  ( 23.25000000000000355, 9.000000000000000000, 21.64999999999999858 ) ) ;
#93 = ORIENTED_EDGE ( 'NONE', *, *, #896, .T. ) ;
#94 = DIRECTION ( 'NONE',  ( 0.000000000000000000, 0.000000000000000000, 1.000000000000000000 ) ) ;
#95 = VECTOR ( 'NONE', #2336, 1000.000000000000000 ) ;
#96 = CARTESIAN_POINT ( 'NONE',  ( 23.25000000000000355, 15.40192378864668221, 25.75000000000000000 ) ) ;
#97 = CARTESIAN_POINT ( 'NONE',  ( 22.02361416802076022, 16.72210743626575891, 21.06676953572194222 ) ) ;
#98 = ADVANCED_FACE ( 'NONE', ( #187 ), #1097, .F. ) ;
#99 = DIRECTION ( 'NONE',  ( 1.000000000000000000, 0.000000000000000000, 0.000000000000000000 ) ) ;
#100 = ORIENTED_EDGE ( 'NONE', *, *, #1891, .F. ) ;
#101 = VECTOR ( 'NONE', #547, 1000.000000000000000 ) ;
#102 =( LENGTH_UNIT ( ) NAMED_UNIT ( * ) SI_UNIT ( .MILLI., .METRE. ) );
#103 = ORIENTED_EDGE ( 'NONE', *, *, #171, .T. ) ;
#104 = AXIS2_PLACEMENT_3D ( 'NONE', #2171, #2351, #338 ) ;
#105 = EDGE_CURVE ( 'NONE', #333, #724, #252, .T. ) ;
#106 = CARTESIAN_POINT ( 'NONE',  ( 23.25000000000002132, 10.00000000000000000, 3.649999999999999467 ) ) ;
#107 = CARTESIAN_POINT ( 'NONE',  ( 26.25000000000000355, 13.25000000000000000, -2.000000000000000000 ) ) ;
#108 = DIRECTION ( 'NONE',  ( -0.000000000000000000, -0.000000000000000000, 1.000000000000000000 ) ) ;
#109 = VERTEX_POINT ( 'NONE', #989 ) ;
#110 = CARTESIAN_POINT ( 'NONE',  ( 23.13512267844809500, 15.46824824116847275, 2.750000000000003109 ) ) ;
#111 = ORIENTED_EDGE ( 'NONE', *, *, #765, .T. ) ;
#112 = DIRECTION ( 'NONE',  ( -1.000000000000000000, 0.000000000000000000, 0.000000000000000000 ) ) ;
#113 = ORIENTED_EDGE ( 'NONE', *, *, #2178, .F. ) ;
#114 = CARTESIAN_POINT ( 'NONE',  ( 23.25000000000000355, 15.40192378864668221, 25.75000000000000000 ) ) ;
#115 = EDGE_CURVE ( 'NONE', #147, #2214, #821, .T. ) ;
#116 = ORIENTED_EDGE ( 'NONE', *, *, #1013, .F. ) ;
#117 = CARTESIAN_POINT ( 'NONE',  ( -20.00000000000000000, -2.632990618166809630E-15, 30.50000000000000000 ) ) ;
#118 = DIRECTION ( 'NONE',  ( -1.000000000000000000, 0.000000000000000000, -0.000000000000000000 ) ) ;
#119 = ORIENTED_EDGE ( 'NONE', *, *, #742, .F. ) ;
#120 = DIRECTION ( 'NONE',  ( 0.000000000000000000, 0.000000000000000000, -1.000000000000000000 ) ) ;
#121 = ORIENTED_EDGE ( 'NONE', *, *, #2055, .F. ) ;
#122 = LINE ( 'NONE', #1972, #630 ) ;
#123 = ORIENTED_EDGE ( 'NONE', *, *, #969, .T. ) ;
#124 = CARTESIAN_POINT ( 'NONE',  ( 21.82065587054632871, 17.33987651440094169, 25.30149930941143310 ) ) ;
#125 = DIRECTION ( 'NONE',  ( -0.000000000000000000, -0.000000000000000000, -1.000000000000000000 ) ) ;
#126 = EDGE_CURVE ( 'NONE', #558, #2265, #14, .T. ) ;
#127 = CIRCLE ( 'NONE', #1494, 2.999999999999999112 ) ;
#128 = CARTESIAN_POINT ( 'NONE',  ( 21.79451151899889538, 17.46819223634215490, 7.282740963069166185 ) ) ;
#129 = EDGE_CURVE ( 'NONE', #1733, #505, #1150, .T. ) ;
#130 = DIRECTION ( 'NONE',  ( -0.000000000000000000, -0.000000000000000000, -1.000000000000000000 ) ) ;
#131 = ORIENTED_EDGE ( 'NONE', *, *, #1044, .T. ) ;
#132 = CARTESIAN_POINT ( 'NONE',  ( -20.00000000000000000, -4.594660265974896373E-19, -2.000000000000000000 ) ) ;
#133 = ORIENTED_EDGE ( 'NONE', *, *, #371, .T. ) ;
#134 = CIRCLE ( 'NONE', #1787, 2.000000000000001776 ) ;
#135 = CYLINDRICAL_SURFACE ( 'NONE', #572, 2.000000000000000000 ) ;
#136 = UNCERTAINTY_MEASURE_WITH_UNIT (LENGTH_MEASURE( 1.000000000000000082E-05 ), #1046, 'distance_accuracy_value', 'NONE');
#137 = FILL_AREA_STYLE_COLOUR ( '', #1893 ) ;
#138 = AXIS2_PLACEMENT_3D ( 'NONE', #315, #1432, #1407 ) ;
#139 = DIRECTION ( 'NONE',  ( -0.000000000000000000, -1.000000000000000000, -0.000000000000000000 ) ) ;
#140 = AXIS2_PLACEMENT_3D ( 'NONE', #60, #2119, #1146 ) ;
#141 = DIRECTION ( 'NONE',  ( 1.000000000000000000, -0.000000000000000000, 0.000000000000000000 ) ) ;
#142 = EDGE_CURVE ( 'NONE', #1721, #1242, #134, .T. ) ;
#143 = ORIENTED_EDGE ( 'NONE', *, *, #171, .F. ) ;
#144 = DIRECTION ( 'NONE',  ( -0.000000000000000000, 1.000000000000000000, -0.000000000000000000 ) ) ;
#145 = ORIENTED_EDGE ( 'NONE', *, *, #1324, .F. ) ;
#146 = VERTEX_POINT ( 'NONE', #810 ) ;
#147 = VERTEX_POINT ( 'NONE', #1725 ) ;
#148 = EDGE_CURVE ( 'NONE', #861, #1307, #1010, .T. ) ;
#149 = FACE_OUTER_BOUND ( 'NONE', #1740, .T. ) ;
#150 = CARTESIAN_POINT ( 'NONE',  ( 21.69420112886762197, 19.34504201179581528, 3.292888041848081038 ) ) ;
#151 = FACE_OUTER_BOUND ( 'NONE', #2077, .T. ) ;
#152 = DIRECTION ( 'NONE',  ( 0.000000000000000000, 1.000000000000000000, 0.000000000000000000 ) ) ;
#153 = DIRECTION ( 'NONE',  ( 0.000000000000000000, 1.000000000000000000, 0.000000000000000000 ) ) ;
#154 = ORIENTED_EDGE ( 'NONE', *, *, #584, .T. ) ;
#155 = ORIENTED_EDGE ( 'NONE', *, *, #2078, .F. ) ;
#156 = ORIENTED_EDGE ( 'NONE', *, *, #1500, .T. ) ;
#157 = CARTESIAN_POINT ( 'NONE',  ( 23.57404796879308506, -8.544500781088727210E-16, -2.500000000000015987 ) ) ;
#158 = CARTESIAN_POINT ( 'NONE',  ( 21.52280952417157422, 19.90350077287413910, 3.440615528264511447 ) ) ;
#159 = AXIS2_PLACEMENT_3D ( 'NONE', #2235, #925, #1863 ) ;
#160 = AXIS2_PLACEMENT_3D ( 'NONE', #578, #1337, #1729 ) ;
#161 = DIRECTION ( 'NONE',  ( -0.000000000000000000, -0.000000000000000000, -1.000000000000000000 ) ) ;
#162 = AXIS2_PLACEMENT_3D ( 'NONE', #461, #1443, #274 ) ;
#163 = DIRECTION ( 'NONE',  ( 1.000000000000000000, 0.000000000000000000, 0.000000000000000000 ) ) ;
#164 = DIRECTION ( 'NONE',  ( -1.000000000000000000, 0.000000000000000000, 0.000000000000000000 ) ) ;
#165 = PLANE ( 'NONE',  #1692 ) ;
#166 = CARTESIAN_POINT ( 'NONE',  ( -14.00000000000000000, 15.99999999999999645, 28.50000000000000000 ) ) ;
#167 = ORIENTED_EDGE ( 'NONE', *, *, #2001, .T. ) ;
#168 = DIRECTION ( 'NONE',  ( 0.000000000000000000, 0.000000000000000000, 1.000000000000000000 ) ) ;
#169 = CARTESIAN_POINT ( 'NONE',  ( -18.00000000000000355, 15.99999999999999645, 30.50000000000000000 ) ) ;
#170 = CIRCLE ( 'NONE', #1545, 2.000000000000001776 ) ;
#171 = EDGE_CURVE ( 'NONE', #32, #1114, #170, .T. ) ;
#172 = CARTESIAN_POINT ( 'NONE',  ( 26.25000000000000355, 15.00000000000000000, 28.50000000000000000 ) ) ;
#173 = EDGE_CURVE ( 'NONE', #1780, #568, #448, .T. ) ;
#174 = CARTESIAN_POINT ( 'NONE',  ( -17.99999999999998579, 19.99999999999999645, 30.50000000000000000 ) ) ;
#175 = VECTOR ( 'NONE', #130, 1000.000000000000000 ) ;
#176 = CARTESIAN_POINT ( 'NONE',  ( 20.25000000000000000, 17.24999999999997868, 28.50000000000000000 ) ) ;
#177 = VECTOR ( 'NONE', #418, 1000.000000000000000 ) ;
#178 = CARTESIAN_POINT ( 'NONE',  ( -18.00000000000000355, 15.99999999999999645, -2.500000000000015987 ) ) ;
#179 = ORIENTED_EDGE ( 'NONE', *, *, #891, .F. ) ;
#180 = CARTESIAN_POINT ( 'NONE',  ( 21.20921947408204034, 20.47257096894026063, 24.69804850693596876 ) ) ;
#181 = DIRECTION ( 'NONE',  ( -0.000000000000000000, -0.000000000000000000, -1.000000000000000000 ) ) ;
#182 = DIRECTION ( 'NONE',  ( 0.000000000000000000, 0.000000000000000000, -1.000000000000000000 ) ) ;
#183 = EDGE_LOOP ( 'NONE', ( #1777, #677, #1825, #1301, #1188, #2271, #1436, #1905, #93, #697, #2374, #951 ) ) ;
#184 = CARTESIAN_POINT ( 'NONE',  ( 26.25000000000000355, 15.00000000000000000, 31.50000000000000000 ) ) ;
#185 = CARTESIAN_POINT ( 'NONE',  ( -21.75000000000000355, 18.74999999999997868, 31.50000000000000000 ) ) ;
#186 = AXIS2_PLACEMENT_3D ( 'NONE', #66, #818, #77 ) ;
#187 = FACE_OUTER_BOUND ( 'NONE', #1983, .T. ) ;
#188 = VERTEX_POINT ( 'NONE', #1565 ) ;
#189 = CARTESIAN_POINT ( 'NONE',  ( 20.76420931632722500, 20.97357290214060299, 23.55443383130849710 ) ) ;
#190 = DIRECTION ( 'NONE',  ( -0.000000000000000000, 0.000000000000000000, -1.000000000000000000 ) ) ;
#191 = EDGE_CURVE ( 'NONE', #2146, #378, #2260, .T. ) ;
#192 = DIRECTION ( 'NONE',  ( -0.000000000000000000, -0.000000000000000000, -1.000000000000000000 ) ) ;
#193 = CYLINDRICAL_SURFACE ( 'NONE', #868, 1.600000000000000755 ) ;
#194 = ORIENTED_EDGE ( 'NONE', *, *, #584, .F. ) ;
#195 = VERTEX_POINT ( 'NONE', #1967 ) ;
#196 = VECTOR ( 'NONE', #1755, 1000.000000000000000 ) ;
#197 = VECTOR ( 'NONE', #411, 1000.000000000000000 ) ;
#198 = DIRECTION ( 'NONE',  ( 1.530808498934189944E-15, 1.000000000000000000, -0.000000000000000000 ) ) ;
#199 = AXIS2_PLACEMENT_3D ( 'NONE', #1457, #2058, #1128 ) ;
#200 = EDGE_CURVE ( 'NONE', #1504, #359, #1945, .T. ) ;
#201 = CARTESIAN_POINT ( 'NONE',  ( -20.25000000000000000, -2.479909768273390300E-15, 28.50000000000000000 ) ) ;
#202 = LINE ( 'NONE', #542, #1703 ) ;
#203 = AXIS2_PLACEMENT_3D ( 'NONE', #865, #2378, #1947 ) ;
#204 = ORIENTED_EDGE ( 'NONE', *, *, #1922, .F. ) ;
#205 = FACE_OUTER_BOUND ( 'NONE', #689, .T. ) ;
#206 = CARTESIAN_POINT ( 'NONE',  ( -20.25000000000000000, -1.779708463144313546E-16, 0.000000000000000000 ) ) ;
#207 = ORIENTED_EDGE ( 'NONE', *, *, #1220, .F. ) ;
#208 = DIRECTION ( 'NONE',  ( 0.000000000000000000, 0.000000000000000000, 1.000000000000000000 ) ) ;
#209 = ORIENTED_EDGE ( 'NONE', *, *, #1765, .F. ) ;
#210 = VECTOR ( 'NONE', #1528, 1000.000000000000000 ) ;
#211 = CARTESIAN_POINT ( 'NONE',  ( 23.03632494905720307, 10.00580197598196897, 21.66080502296822630 ) ) ;
#212 = CARTESIAN_POINT ( 'NONE',  ( 13.99999999999999645, 15.99999999999999645, 28.50000000000000000 ) ) ;
#213 = VECTOR ( 'NONE', #1701, 1000.000000000000000 ) ;
#214 = EDGE_CURVE ( 'NONE', #1529, #472, #486, .T. ) ;
#215 = DIRECTION ( 'NONE',  ( -0.000000000000000000, -0.000000000000000000, 1.000000000000000000 ) ) ;
#216 = ORIENTED_EDGE ( 'NONE', *, *, #655, .F. ) ;
#217 = DIRECTION ( 'NONE',  ( -1.000000000000000000, 0.000000000000000000, 0.000000000000000000 ) ) ;
#218 = AXIS2_PLACEMENT_3D ( 'NONE', #157, #391, #1319 ) ;
#219 = ORIENTED_EDGE ( 'NONE', *, *, #1320, .T. ) ;
#220 = CARTESIAN_POINT ( 'NONE',  ( 19.00000000001303491, 2.326828918381567230E-15, 30.50000000000000000 ) ) ;
#221 = EDGE_CURVE ( 'NONE', #1249, #983, #1197, .T. ) ;
#222 = ORIENTED_EDGE ( 'NONE', *, *, #200, .T. ) ;
#223 = FACE_OUTER_BOUND ( 'NONE', #893, .T. ) ;
#224 = ORIENTED_EDGE ( 'NONE', *, *, #1268, .T. ) ;
#225 = CARTESIAN_POINT ( 'NONE',  ( 22.43826788862207167, 16.07006748149305508, 7.622251856119251379 ) ) ;
#226 = FACE_OUTER_BOUND ( 'NONE', #244, .T. ) ;
#227 = ORIENTED_EDGE ( 'NONE', *, *, #579, .F. ) ;
#228 = CARTESIAN_POINT ( 'NONE',  ( 26.25000000000000355, 13.25000000000000000, 30.50000000000000000 ) ) ;
#229 = EDGE_CURVE ( 'NONE', #1195, #528, #1502, .T. ) ;
#230 = ORIENTED_EDGE ( 'NONE', *, *, #972, .T. ) ;
#231 = CARTESIAN_POINT ( 'NONE',  ( 20.85526131445120157, 20.88840404482013113, 22.51849452921123529 ) ) ;
#232 = VECTOR ( 'NONE', #523, 1000.000000000000000 ) ;
#233 = LINE ( 'NONE', #1149, #1058 ) ;
#234 = ORIENTED_EDGE ( 'NONE', *, *, #2409, .F. ) ;
#235 = DIRECTION ( 'NONE',  ( 1.000000000000000000, 0.000000000000000000, 0.000000000000000000 ) ) ;
#236 = ORIENTED_EDGE ( 'NONE', *, *, #1163, .T. ) ;
#237 = CARTESIAN_POINT ( 'NONE',  ( 23.02319613115193420, 15.54325712534605763, 7.741925873991591267 ) ) ;
#238 = CYLINDRICAL_SURFACE ( 'NONE', #435, 1.999999999999998224 ) ;
#239 = ORIENTED_EDGE ( 'NONE', *, *, #788, .F. ) ;
#240 = EDGE_CURVE ( 'NONE', #1686, #540, #2103, .T. ) ;
#241 = AXIS2_PLACEMENT_3D ( 'NONE', #988, #955, #424 ) ;
#242 = CARTESIAN_POINT ( 'NONE',  ( 16.00000000000000000, 15.99999999999999645, 30.50000000000000000 ) ) ;
#243 = VECTOR ( 'NONE', #1950, 1000.000000000000000 ) ;
#244 = EDGE_LOOP ( 'NONE', ( #1576, #2201, #1458, #2112 ) ) ;
#245 = DIRECTION ( 'NONE',  ( 1.000000000000000000, 0.000000000000000000, -0.000000000000000000 ) ) ;
#246 = FACE_OUTER_BOUND ( 'NONE', #2022, .T. ) ;
#247 = DIRECTION ( 'NONE',  ( -0.000000000000000000, -0.000000000000000000, -1.000000000000000000 ) ) ;
#248 = ORIENTED_EDGE ( 'NONE', *, *, #1326, .F. ) ;
#249 = ADVANCED_FACE ( 'NONE', ( #69 ), #416, .F. ) ;
#250 = CARTESIAN_POINT ( 'NONE',  ( 26.25000000000000355, -4.594660265974938744E-19, 0.000000000000000000 ) ) ;
#251 = CARTESIAN_POINT ( 'NONE',  ( 21.66054148435015847, 10.45555119484159867, 23.46167818262287952 ) ) ;
#252 = CIRCLE ( 'NONE', #646, 1.500000000000001332 ) ;
#253 = EDGE_CURVE ( 'NONE', #333, #1249, #2127, .T. ) ;
#254 = CARTESIAN_POINT ( 'NONE',  ( 18.74999999999998224, 21.75000000000000000, 28.50000000000000000 ) ) ;
#255 = VERTEX_POINT ( 'NONE', #45 ) ;
#256 = LINE ( 'NONE', #1159, #530 ) ;
#257 = ORIENTED_EDGE ( 'NONE', *, *, #1626, .F. ) ;
#258 = DIRECTION ( 'NONE',  ( -0.000000000000000000, 1.000000000000000000, -0.000000000000000000 ) ) ;
#259 = VECTOR ( 'NONE', #1852, 1000.000000000000000 ) ;
#260 = DIRECTION ( 'NONE',  ( -0.000000000000000000, -0.000000000000000000, -1.000000000000000000 ) ) ;
#261 = DIRECTION ( 'NONE',  ( -1.000000000000000000, -3.817449038448039903E-18, -0.000000000000000000 ) ) ;
#262 = LINE ( 'NONE', #2098, #197 ) ;
#263 = FACE_OUTER_BOUND ( 'NONE', #1229, .T. ) ;
#264 = ORIENTED_EDGE ( 'NONE', *, *, #579, .T. ) ;
#265 = DIRECTION ( 'NONE',  ( -0.000000000000000000, -0.000000000000000000, -1.000000000000000000 ) ) ;
#266 = ORIENTED_EDGE ( 'NONE', *, *, #148, .F. ) ;
#267 = CARTESIAN_POINT ( 'NONE',  ( 21.75000000000000355, 17.99999999999999645, 3.250000000000004441 ) ) ;
#268 = PLANE ( 'NONE',  #1256 ) ;
#269 = LINE ( 'NONE', #1026, #1455 ) ;
#270 = VERTEX_POINT ( 'NONE', #1542 ) ;
#271 = VECTOR ( 'NONE', #161, 1000.000000000000000 ) ;
#272 = EDGE_CURVE ( 'NONE', #407, #1033, #1942, .T. ) ;
#273 = LINE ( 'NONE', #1776, #1607 ) ;
#274 = DIRECTION ( 'NONE',  ( 1.000000000000000000, 0.000000000000000000, 0.000000000000000000 ) ) ;
#275 = EDGE_LOOP ( 'NONE', ( #2082, #346, #337, #294, #570, #1601, #1608, #309, #501, #2299, #39, #266, #2205 ) ) ;
#276 = CARTESIAN_POINT ( 'NONE',  ( -1.174494529410097243E-11, 5.154297127996088079E-12, -2.500000000000015987 ) ) ;
#277 = EDGE_CURVE ( 'NONE', #1524, #1060, #256, .T. ) ;
#278 = ORIENTED_EDGE ( 'NONE', *, *, #191, .F. ) ;
#279 = CARTESIAN_POINT ( 'NONE',  ( 21.75000000000000355, 18.00000000000001776, 28.50000000000000000 ) ) ;
#280 = VECTOR ( 'NONE', #469, 1000.000000000000000 ) ;
#281 = CARTESIAN_POINT ( 'NONE',  ( -20.00000000000000000, -4.594660265974896373E-19, -3.000000000000000000 ) ) ;
#282 = CIRCLE ( 'NONE', #2015, 2.999999999999999112 ) ;
#283 = DIRECTION ( 'NONE',  ( 0.000000000000000000, -1.000000000000000000, 0.000000000000000000 ) ) ;
#284 = EDGE_CURVE ( 'NONE', #472, #1721, #1347, .T. ) ;
#285 = DIRECTION ( 'NONE',  ( -0.000000000000000000, 1.000000000000000000, -0.000000000000000000 ) ) ;
#286 = ORIENTED_EDGE ( 'NONE', *, *, #560, .F. ) ;
#287 = DIRECTION ( 'NONE',  ( -0.000000000000000000, -1.000000000000000000, -0.000000000000000000 ) ) ;
#288 = CARTESIAN_POINT ( 'NONE',  ( 22.43652816070509104, 10.10565661917471658, 3.856387450887120760 ) ) ;
#289 = ORIENTED_EDGE ( 'NONE', *, *, #1111, .F. ) ;
#290 = CARTESIAN_POINT ( 'NONE',  ( 17.99999999999998579, 19.99999999999999645, 30.50000000000000000 ) ) ;
#291 = ORIENTED_EDGE ( 'NONE', *, *, #1922, .T. ) ;
#292 = LINE ( 'NONE', #1075, #1379 ) ;
#293 = EDGE_CURVE ( 'NONE', #2162, #47, #1929, .T. ) ;
#294 = ORIENTED_EDGE ( 'NONE', *, *, #537, .T. ) ;
#295 = PLANE ( 'NONE',  #1133 ) ;
#296 = ORIENTED_EDGE ( 'NONE', *, *, #1331, .F. ) ;
#297 = DIRECTION ( 'NONE',  ( -0.000000000000000000, -0.000000000000000000, -1.000000000000000000 ) ) ;
#298 = CIRCLE ( 'NONE', #18, 1.600000000000000755 ) ;
#299 = VERTEX_POINT ( 'NONE', #1232 ) ;
#300 = VECTOR ( 'NONE', #1199, 1000.000000000000000 ) ;
#301 = CARTESIAN_POINT ( 'NONE',  ( 21.97234550826089361, 10.28118549124475578, 6.234626394396306281 ) ) ;
#302 = SURFACE_STYLE_USAGE ( .BOTH. , #484 ) ;
#303 = CARTESIAN_POINT ( 'NONE',  ( -21.75000000000000355, 18.74999999999997868, 31.50000000000000000 ) ) ;
#304 = ORIENTED_EDGE ( 'NONE', *, *, #1009, .T. ) ;
#305 = FACE_OUTER_BOUND ( 'NONE', #610, .T. ) ;
#306 = EDGE_CURVE ( 'NONE', #1974, #777, #2004, .T. ) ;
#307 = ORIENTED_EDGE ( 'NONE', *, *, #1599, .F. ) ;
#308 = CARTESIAN_POINT ( 'NONE',  ( 23.02315621050246364, 15.54328133396020206, 20.75807544820181150 ) ) ;
#309 = ORIENTED_EDGE ( 'NONE', *, *, #72, .T. ) ;
#310 = CARTESIAN_POINT ( 'NONE',  ( 23.25000000000000355, 15.40192378864668221, 7.750000000000000000 ) ) ;
#311 = EDGE_CURVE ( 'NONE', #695, #1294, #1991, .T. ) ;
#312 = DIRECTION ( 'NONE',  ( -0.000000000000000000, -0.000000000000000000, -1.000000000000000000 ) ) ;
#313 = ORIENTED_EDGE ( 'NONE', *, *, #658, .T. ) ;
#314 = CARTESIAN_POINT ( 'NONE',  ( 22.82889238341386218, 10.02787160275973122, 3.702787642994161743 ) ) ;
#315 = CARTESIAN_POINT ( 'NONE',  ( -1.184816134092159245E-11, 5.105291189799743279E-12, -2.000000000000000000 ) ) ;
#316 = ORIENTED_EDGE ( 'NONE', *, *, #148, .T. ) ;
#317 = FACE_OUTER_BOUND ( 'NONE', #1837, .T. ) ;
#318 = EDGE_LOOP ( 'NONE', ( #613, #2167, #154, #2287, #2337, #55, #2311, #1509 ) ) ;
#319 = FACE_OUTER_BOUND ( 'NONE', #823, .T. ) ;
#320 = VECTOR ( 'NONE', #192, 1000.000000000000000 ) ;
#321 = CYLINDRICAL_SURFACE ( 'NONE', #1551, 2.999999999999999112 ) ;
#322 = B_SPLINE_CURVE_WITH_KNOTS ( 'NONE', 3,
 ( #1849, #2437, #1110, #727, #1280, #2040, #1839, #702, #1485, #749, #1464, #361, #1288, #1091, #545, #924, #2408, #2208, #1495, #2251, #566, #522, #1103, #2073, #1267, #380, #2026, #158, #1081, #914, #150, #1121, #901, #1650 ),
 .UNSPECIFIED., .F., .F.,
 ( 4, 2, 2, 2, 2, 2, 2, 2, 2, 2, 2, 2, 2, 2, 2, 2, 4 ),
 ( 0.000000000000000000, 0.0004481455846849586515, 0.0008962911693699173029, 0.001344436754054875900, 0.001792582338739834606, 0.002240727923424793312, 0.002688873508109751800, 0.003137019092794710723, 0.003585164677479669212, 0.004033310262164627701, 0.004481455846849586623, 0.004929601431534545546, 0.005377747016219503601, 0.005825892600904462523, 0.006274038185589421446, 0.006722183770274379501, 0.007170329354959338423 ),
 .UNSPECIFIED. ) ;
#323 = VECTOR ( 'NONE', #340, 1000.000000000000000 ) ;
#324 =( GEOMETRIC_REPRESENTATION_CONTEXT ( 3 ) GLOBAL_UNCERTAINTY_ASSIGNED_CONTEXT ( ( #339 ) ) GLOBAL_UNIT_ASSIGNED_CONTEXT ( ( #1989, #2372, #1056 ) ) REPRESENTATION_CONTEXT ( 'NONE', 'WORKASPACE' ) );
#325 = AXIS2_PLACEMENT_3D ( 'NONE', #201, #1501, #387 ) ;
#326 = CARTESIAN_POINT ( 'NONE',  ( 24.75000000000002132, 15.00000000000000000, 21.25000000000001421 ) ) ;
#327 = CIRCLE ( 'NONE', #2368, 1.999999999999998224 ) ;
#328 = EDGE_CURVE ( 'NONE', #2268, #1173, #2018, .T. ) ;
#329 = DIRECTION ( 'NONE',  ( -0.000000000000000000, -0.000000000000000000, 1.000000000000000000 ) ) ;
#330 = VECTOR ( 'NONE', #992, 1000.000000000000000 ) ;
#331 = DIRECTION ( 'NONE',  ( 0.000000000000000000, 1.000000000000000000, 0.000000000000000000 ) ) ;
#332 = ADVANCED_FACE ( 'NONE', ( #2400 ), #1842, .F. ) ;
#333 = VERTEX_POINT ( 'NONE', #2346 ) ;
#334 = FACE_OUTER_BOUND ( 'NONE', #2240, .T. ) ;
#335 = ORIENTED_EDGE ( 'NONE', *, *, #26, .T. ) ;
#336 = ORIENTED_EDGE ( 'NONE', *, *, #1997, .F. ) ;
#337 = ORIENTED_EDGE ( 'NONE', *, *, #737, .F. ) ;
#338 = DIRECTION ( 'NONE',  ( 0.000000000000000000, -0.000000000000000000, -1.000000000000000000 ) ) ;
#339 = UNCERTAINTY_MEASURE_WITH_UNIT (LENGTH_MEASURE( 1.000000000000000082E-05 ), #1989, 'distance_accuracy_value', 'NONE');
#340 = DIRECTION ( 'NONE',  ( -0.000000000000000000, -0.000000000000000000, -1.000000000000000000 ) ) ;
#341 = AXIS2_PLACEMENT_3D ( 'NONE', #1047, #1630, #118 ) ;
#342 = DIRECTION ( 'NONE',  ( -1.000000000000000000, 0.000000000000000000, 0.000000000000000000 ) ) ;
#343 = VECTOR ( 'NONE', #1638, 1000.000000000000000 ) ;
#344 = LINE ( 'NONE', #860, #1670 ) ;
#345 = CARTESIAN_POINT ( 'NONE',  ( 21.75000000000000355, 17.99999999999999645, 25.24999999999999289 ) ) ;
#346 = ORIENTED_EDGE ( 'NONE', *, *, #371, .F. ) ;
#347 = VERTEX_POINT ( 'NONE', #1083 ) ;
#348 = ORIENTED_EDGE ( 'NONE', *, *, #2317, .F. ) ;
#349 = CARTESIAN_POINT ( 'NONE',  ( 21.66092193160920587, 19.49008426092382251, 25.18080353329331800 ) ) ;
#350 = DIRECTION ( 'NONE',  ( -1.000000000000000000, 0.000000000000000000, 0.000000000000000000 ) ) ;
#351 = ADVANCED_BREP_SHAPE_REPRESENTATION ( '40∑Á…»ƒ·¡˙', ( #1172, #162 ), #324 ) ;
#352 = LINE ( 'NONE', #1104, #2084 ) ;
#353 = VECTOR ( 'NONE', #2210, 1000.000000000000000 ) ;
#354 = CARTESIAN_POINT ( 'NONE',  ( -20.25000000000000000, -2.479909768273390300E-15, 28.50000000000000000 ) ) ;
#355 = CARTESIAN_POINT ( 'NONE',  ( 26.25000000000000355, 13.25000000000000000, 30.50000000000000000 ) ) ;
#356 = ORIENTED_EDGE ( 'NONE', *, *, #708, .T. ) ;
#357 = ADVANCED_FACE ( 'NONE', ( #1642 ), #2373, .F. ) ;
#358 = DIRECTION ( 'NONE',  ( 0.000000000000000000, 0.000000000000000000, 1.000000000000000000 ) ) ;
#359 = VERTEX_POINT ( 'NONE', #1244 ) ;
#360 = CARTESIAN_POINT ( 'NONE',  ( 20.81594940829040397, 20.92557958646097305, 22.66047034941235694 ) ) ;
#361 = CARTESIAN_POINT ( 'NONE',  ( 21.01392807568839771, 20.72102908895269380, 6.375493334573284265 ) ) ;
#362 = EDGE_CURVE ( 'NONE', #32, #528, #1270, .T. ) ;
#363 = AXIS2_PLACEMENT_3D ( 'NONE', #132, #2168, #2192 ) ;
#364 = CARTESIAN_POINT ( 'NONE',  ( 13.99999999999999645, 15.99999999999999645, 0.000000000000000000 ) ) ;
#365 = CARTESIAN_POINT ( 'NONE',  ( 25.07404796879308506, -1.502256922293053821E-15, -2.500000000000015987 ) ) ;
#366 = CARTESIAN_POINT ( 'NONE',  ( -17.99999999999998579, 20.00000000000000000, -2.000000000000000000 ) ) ;
#367 = ORIENTED_EDGE ( 'NONE', *, *, #284, .T. ) ;
#368 = EDGE_LOOP ( 'NONE', ( #1936, #458, #1957, #81 ) ) ;
#369 = CARTESIAN_POINT ( 'NONE',  ( 21.69435293043136781, 19.34398748970392745, 25.20722947806136105 ) ) ;
#370 = PLANE ( 'NONE',  #596 ) ;
#371 = EDGE_CURVE ( 'NONE', #447, #739, #2384, .T. ) ;
#372 = CARTESIAN_POINT ( 'NONE',  ( 22.82019608899395280, 10.02447417240374961, 6.805201434165214280 ) ) ;
#373 = ORIENTED_EDGE ( 'NONE', *, *, #844, .T. ) ;
#374 = EDGE_LOOP ( 'NONE', ( #239, #1680, #1543, #204 ) ) ;
#375 = PLANE ( 'NONE',  #1353 ) ;
#376 = DIRECTION ( 'NONE',  ( 1.000000000000000000, 0.000000000000000000, 0.000000000000000000 ) ) ;
#377 = CARTESIAN_POINT ( 'NONE',  ( 23.25000000000000355, 13.00000000000000000, 5.250000000000000888 ) ) ;
#378 = VERTEX_POINT ( 'NONE', #682 ) ;
#379 = FACE_OUTER_BOUND ( 'NONE', #2081, .T. ) ;
#380 = CARTESIAN_POINT ( 'NONE',  ( 21.34065947194299184, 20.26786100985015082, 3.632457496023032473 ) ) ;
#381 = EDGE_CURVE ( 'NONE', #359, #1659, #1032, .T. ) ;
#382 = CARTESIAN_POINT ( 'NONE',  ( 23.25000000000002132, 10.00000000000000000, 6.850000000000003197 ) ) ;
#383 = ORIENTED_EDGE ( 'NONE', *, *, #2247, .F. ) ;
#384 = APPLICATION_CONTEXT ( 'automotive_design' ) ;
#385 = ORIENTED_EDGE ( 'NONE', *, *, #240, .F. ) ;
#386 = LINE ( 'NONE', #559, #650 ) ;
#387 = DIRECTION ( 'NONE',  ( -1.000000000000000000, 1.530808498934189944E-15, 0.000000000000000000 ) ) ;
#388 = DIRECTION ( 'NONE',  ( 0.000000000000000000, 0.000000000000000000, -1.000000000000000000 ) ) ;
#389 = EDGE_CURVE ( 'NONE', #1329, #1541, #1078, .T. ) ;
#390 = EDGE_LOOP ( 'NONE', ( #373, #2179 ) ) ;
#391 = DIRECTION ( 'NONE',  ( -0.000000000000000000, -0.000000000000000000, 1.000000000000000000 ) ) ;
#392 = CARTESIAN_POINT ( 'NONE',  ( 26.25000000000000355, 13.25000000000000000, -2.000000000000000000 ) ) ;
#393 = ORIENTED_EDGE ( 'NONE', *, *, #751, .F. ) ;
#394 = LINE ( 'NONE', #1186, #1019 ) ;
#395 = CARTESIAN_POINT ( 'NONE',  ( -20.00000000000000000, -4.594660265974896373E-19, -2.000000000000000000 ) ) ;
#396 = ORIENTED_EDGE ( 'NONE', *, *, #2398, .F. ) ;
#397 = AXIS2_PLACEMENT_3D ( 'NONE', #1004, #2170, #112 ) ;
#398 = ADVANCED_FACE ( 'NONE', ( #882, #1057, #485 ), #1255, .F. ) ;
#399 = CIRCLE ( 'NONE', #1102, 2.999999999999999112 ) ;
#400 = COLOUR_RGB ( '',1.000000000000000000, 1.000000000000000000, 1.000000000000000000 ) ;
#401 = DIRECTION ( 'NONE',  ( -0.000000000000000000, -0.000000000000000000, 1.000000000000000000 ) ) ;
#402 = AXIS2_PLACEMENT_3D ( 'NONE', #1833, #144, #863 ) ;
#403 = CARTESIAN_POINT ( 'NONE',  ( 16.00000000000000000, 15.99999999999999645, -2.500000000000015987 ) ) ;
#404 = ADVANCED_FACE ( 'NONE', ( #2166 ), #1830, .F. ) ;
#405 = PLANE ( 'NONE',  #1305 ) ;
#406 = VECTOR ( 'NONE', #164, 1000.000000000000000 ) ;
#407 = VERTEX_POINT ( 'NONE', #1444 ) ;
#408 = DIRECTION ( 'NONE',  ( -0.000000000000000000, -0.000000000000000000, 1.000000000000000000 ) ) ;
#409 = CARTESIAN_POINT ( 'NONE',  ( 26.25000000000000355, -4.594660265974938744E-19, 28.50000000000000000 ) ) ;
#410 = ORIENTED_EDGE ( 'NONE', *, *, #2030, .F. ) ;
#411 = DIRECTION ( 'NONE',  ( -0.000000000000000000, -0.000000000000000000, 1.000000000000000000 ) ) ;
#412 = CIRCLE ( 'NONE', #445, 1.999999999999998224 ) ;
#413 = DIRECTION ( 'NONE',  ( -0.000000000000000000, -0.000000000000000000, -1.000000000000000000 ) ) ;
#414 = DIRECTION ( 'NONE',  ( -0.000000000000000000, -0.000000000000000000, 1.000000000000000000 ) ) ;
#415 = AXIS2_PLACEMENT_3D ( 'NONE', #733, #1093, #3 ) ;
#416 = CYLINDRICAL_SURFACE ( 'NONE', #1271, 19.00000000000073896 ) ;
#417 = ORIENTED_EDGE ( 'NONE', *, *, #994, .F. ) ;
#418 = DIRECTION ( 'NONE',  ( 1.000000000000000000, 0.000000000000000000, 0.000000000000000000 ) ) ;
#419 = CARTESIAN_POINT ( 'NONE',  ( -17.24999999999998224, 20.24999999999999645, 0.000000000000000000 ) ) ;
#420 = ORIENTED_EDGE ( 'NONE', *, *, #1782, .T. ) ;
#421 = DIRECTION ( 'NONE',  ( 0.000000000000000000, 0.000000000000000000, -1.000000000000000000 ) ) ;
#422 = EDGE_LOOP ( 'NONE', ( #1388, #908 ) ) ;
#423 = LINE ( 'NONE', #1167, #588 ) ;
#424 = DIRECTION ( 'NONE',  ( -1.000000000000000000, 0.000000000000000000, 0.000000000000000000 ) ) ;
#425 = ORIENTED_EDGE ( 'NONE', *, *, #1520, .T. ) ;
#426 = DIRECTION ( 'NONE',  ( 0.000000000000000000, 0.000000000000000000, 1.000000000000000000 ) ) ;
#427 = ORIENTED_EDGE ( 'NONE', *, *, #608, .T. ) ;
#428 = CARTESIAN_POINT ( 'NONE',  ( 21.73880322060734827, 19.04908291745692139, 21.25824659204225853 ) ) ;
#429 = EDGE_CURVE ( 'NONE', #1060, #75, #1508, .T. ) ;
#430 = LINE ( 'NONE', #2133, #1382 ) ;
#431 = EDGE_CURVE ( 'NONE', #75, #146, #1219, .T. ) ;
#432 = LINE ( 'NONE', #1390, #2325 ) ;
#433 = CYLINDRICAL_SURFACE ( 'NONE', #186, 1.600000000000001643 ) ;
#434 = CYLINDRICAL_SURFACE ( 'NONE', #2245, 1.999999999999998224 ) ;
#435 = AXIS2_PLACEMENT_3D ( 'NONE', #1181, #1194, #1723 ) ;
#436 = DIRECTION ( 'NONE',  ( -0.000000000000000000, -0.000000000000000000, 1.000000000000000000 ) ) ;
#437 = AXIS2_PLACEMENT_3D ( 'NONE', #628, #1923, #1720 ) ;
#438 = EDGE_LOOP ( 'NONE', ( #1260, #534 ) ) ;
#439 = CARTESIAN_POINT ( 'NONE',  ( -21.75000000000000355, 18.74999999999997868, 28.50000000000000000 ) ) ;
#440 = CARTESIAN_POINT ( 'NONE',  ( 22.00000000000001776, 13.25000000000000178, -3.000000000000000000 ) ) ;
#441 = DIRECTION ( 'NONE',  ( 0.000000000000000000, 0.000000000000000000, -1.000000000000000000 ) ) ;
#442 = ORIENTED_EDGE ( 'NONE', *, *, #751, .T. ) ;
#443 = DIRECTION ( 'NONE',  ( -1.000000000000000000, 0.000000000000000000, 0.000000000000000000 ) ) ;
#444 = CARTESIAN_POINT ( 'NONE',  ( 23.25000000000002132, 10.00000000000000000, 21.64999999999999858 ) ) ;
#445 = AXIS2_PLACEMENT_3D ( 'NONE', #1669, #956, #783 ) ;
#446 = DIRECTION ( 'NONE',  ( -0.000000000000000000, -0.000000000000000000, -1.000000000000000000 ) ) ;
#447 = VERTEX_POINT ( 'NONE', #525 ) ;
#448 = LINE ( 'NONE', #463, #210 ) ;
#449 = ORIENTED_EDGE ( 'NONE', *, *, #1665, .F. ) ;
#450 = DIRECTION ( 'NONE',  ( 0.000000000000000000, 0.000000000000000000, -1.000000000000000000 ) ) ;
#451 = AXIS2_PLACEMENT_3D ( 'NONE', #904, #953, #1140 ) ;
#452 = CARTESIAN_POINT ( 'NONE',  ( 21.75000000000000355, 18.74999999999997868, -3.000000000000000000 ) ) ;
#453 = CARTESIAN_POINT ( 'NONE',  ( 21.75000000000000711, 17.73562387225089054, 21.25000000000000355 ) ) ;
#454 = VECTOR ( 'NONE', #258, 1000.000000000000000 ) ;
#455 = EDGE_CURVE ( 'NONE', #146, #907, #344, .T. ) ;
#456 = ORIENTED_EDGE ( 'NONE', *, *, #2001, .F. ) ;
#457 = CARTESIAN_POINT ( 'NONE',  ( 23.25000000000000355, 13.00000000000000000, 23.25000000000000000 ) ) ;
#458 = ORIENTED_EDGE ( 'NONE', *, *, #817, .F. ) ;
#459 = EDGE_CURVE ( 'NONE', #1184, #195, #2358, .T. ) ;
#460 = CARTESIAN_POINT ( 'NONE',  ( -21.75000000000000355, -1.836970198721034125E-16, 28.50000000000000000 ) ) ;
#461 = CARTESIAN_POINT ( 'NONE',  ( 0.000000000000000000, 0.000000000000000000, 0.000000000000000000 ) ) ;
#462 = ORIENTED_EDGE ( 'NONE', *, *, #1782, .F. ) ;
#463 = CARTESIAN_POINT ( 'NONE',  ( 23.25000000000000355, 13.00000000000000000, 7.750000000000000000 ) ) ;
#464 = EDGE_CURVE ( 'NONE', #1693, #1794, #963, .T. ) ;
#465 = ORIENTED_EDGE ( 'NONE', *, *, #1137, .T. ) ;
#466 = DIRECTION ( 'NONE',  ( 9.637352644315602638E-17, 1.000000000000000000, -0.000000000000000000 ) ) ;
#467 = DIRECTION ( 'NONE',  ( -0.000000000000000000, -0.000000000000000000, 1.000000000000000000 ) ) ;
#468 = DIRECTION ( 'NONE',  ( 0.000000000000000000, 0.000000000000000000, -1.000000000000000000 ) ) ;
#469 = DIRECTION ( 'NONE',  ( 1.000000000000000000, 5.691959247870728375E-17, -0.000000000000000000 ) ) ;
#470 = DIRECTION ( 'NONE',  ( 0.000000000000000000, 0.000000000000000000, 1.000000000000000000 ) ) ;
#471 = ADVANCED_FACE ( 'NONE', ( #585 ), #375, .F. ) ;
#472 = VERTEX_POINT ( 'NONE', #1478 ) ;
#473 = CARTESIAN_POINT ( 'NONE',  ( 18.00000000000000355, 18.00000000000000000, 30.50000000000000000 ) ) ;
#474 = ORIENTED_EDGE ( 'NONE', *, *, #1637, .F. ) ;
#475 = CARTESIAN_POINT ( 'NONE',  ( 21.75000000000000355, 17.99999999999999645, 3.250000000000004441 ) ) ;
#476 = AXIS2_PLACEMENT_3D ( 'NONE', #976, #2319, #1381 ) ;
#477 = AXIS2_PLACEMENT_3D ( 'NONE', #944, #247, #1187 ) ;
#478 = ORIENTED_EDGE ( 'NONE', *, *, #2429, .T. ) ;
#479 = DIRECTION ( 'NONE',  ( -0.000000000000000000, -0.000000000000000000, -1.000000000000000000 ) ) ;
#480 = FACE_OUTER_BOUND ( 'NONE', #2181, .T. ) ;
#481 = ORIENTED_EDGE ( 'NONE', *, *, #2030, .T. ) ;
#482 = CARTESIAN_POINT ( 'NONE',  ( 21.66054148435015492, 10.45555119484159867, 5.461678182622879518 ) ) ;
#483 = ADVANCED_FACE ( 'NONE', ( #1315 ), #2412, .F. ) ;
#484 = SURFACE_SIDE_STYLE ('',( #2003 ) ) ;
#485 = FACE_BOUND ( 'NONE', #390, .T. ) ;
#486 = CIRCLE ( 'NONE', #1189, 2.000000000000001776 ) ;
#487 = ORIENTED_EDGE ( 'NONE', *, *, #809, .F. ) ;
#488 = DIRECTION ( 'NONE',  ( -0.000000000000000000, -0.000000000000000000, -1.000000000000000000 ) ) ;
#489 = ORIENTED_EDGE ( 'NONE', *, *, #1452, .T. ) ;
#490 = B_SPLINE_CURVE_WITH_KNOTS ( 'NONE', 3,
 ( #106, #1213, #2002, #314, #2175, #288, #1030, #1045, #1602, #2355, #1792, #859, #1055, #1415, #482, #1816, #881, #1230, #301, #1806, #2041, #372, #916, #382 ),
 .UNSPECIFIED., .F., .F.,
 ( 4, 2, 2, 2, 2, 2, 2, 2, 2, 2, 2, 4 ),
 ( 0.000000000000000000, 0.0003187942232799346998, 0.0006375884465598693996, 0.001275176893119730126, 0.001912765339679591177, 0.002231559562959520727, 0.002550353786239450710, 0.002869148009519380260, 0.003187942232799310244, 0.003825530679359164139, 0.004463119125919017167, 0.005100707572478871063 ),
 .UNSPECIFIED. ) ;
#491 = CARTESIAN_POINT ( 'NONE',  ( 21.92231947433185013, 16.96448460666335123, 21.13009123177062776 ) ) ;
#492 = VERTEX_POINT ( 'NONE', #1487 ) ;
#493 = CARTESIAN_POINT ( 'NONE',  ( 23.49665783492037008, 15.27079692645030917, 7.741231740331308231 ) ) ;
#494 = LINE ( 'NONE', #2149, #1732 ) ;
#495 = EDGE_LOOP ( 'NONE', ( #143, #1987 ) ) ;
#496 = CIRCLE ( 'NONE', #771, 2.000000000000003553 ) ;
#497 = DIRECTION ( 'NONE',  ( 0.000000000000000000, 0.000000000000000000, 1.000000000000000000 ) ) ;
#498 = EDGE_CURVE ( 'NONE', #595, #1800, #2225, .T. ) ;
#499 = DIRECTION ( 'NONE',  ( 1.000000000000000000, 0.000000000000000000, 0.000000000000000000 ) ) ;
#500 = DIRECTION ( 'NONE',  ( -1.000000000000000000, 0.000000000000000000, 0.000000000000000000 ) ) ;
#501 = ORIENTED_EDGE ( 'NONE', *, *, #2432, .T. ) ;
#502 = CARTESIAN_POINT ( 'NONE',  ( 22.00000000000000000, 15.25000000000000000, -2.000000000000000000 ) ) ;
#503 = ORIENTED_EDGE ( 'NONE', *, *, #1422, .F. ) ;
#504 = DIRECTION ( 'NONE',  ( 0.000000000000000000, 0.000000000000000000, 1.000000000000000000 ) ) ;
#505 = VERTEX_POINT ( 'NONE', #938 ) ;
#506 = EDGE_CURVE ( 'NONE', #1264, #1620, #1590, .T. ) ;
#507 = CARTESIAN_POINT ( 'NONE',  ( 23.37131808314407522, 15.33188076068588579, 7.750000000000000888 ) ) ;
#508 = DIRECTION ( 'NONE',  ( 0.000000000000000000, 0.000000000000000000, 1.000000000000000000 ) ) ;
#509 = ADVANCED_FACE ( 'NONE', ( #757 ), #1330, .F. ) ;
#510 = CARTESIAN_POINT ( 'NONE',  ( 23.25000000000000355, 13.00000000000000000, 20.75000000000000000 ) ) ;
#511 = APPLICATION_PROTOCOL_DEFINITION ( 'draft international standard', 'automotive_design', 1998, #384 ) ;
#512 = DIRECTION ( 'NONE',  ( -0.000000000000000000, -0.000000000000000000, -1.000000000000000000 ) ) ;
#513 = ORIENTED_EDGE ( 'NONE', *, *, #2148, .T. ) ;
#514 = DIRECTION ( 'NONE',  ( -1.000000000000000000, 9.637352644315602638E-17, 0.000000000000000000 ) ) ;
#515 = ORIENTED_EDGE ( 'NONE', *, *, #1765, .T. ) ;
#516 = ORIENTED_EDGE ( 'NONE', *, *, #1970, .F. ) ;
#517 = AXIS2_PLACEMENT_3D ( 'NONE', #617, #1719, #2120 ) ;
#518 = ORIENTED_EDGE ( 'NONE', *, *, #229, .T. ) ;
#519 = CARTESIAN_POINT ( 'NONE',  ( 23.13497480335416157, 15.46833361689375153, 25.75000000000000355 ) ) ;
#520 = AXIS2_PLACEMENT_3D ( 'NONE', #457, #287, #508 ) ;
#521 = AXIS2_PLACEMENT_3D ( 'NONE', #1024, #120, #2006 ) ;
#522 = CARTESIAN_POINT ( 'NONE',  ( 20.95267954383188425, 20.78791557435837234, 4.253911476057769647 ) ) ;
#523 = DIRECTION ( 'NONE',  ( -0.000000000000000000, -0.000000000000000000, -1.000000000000000000 ) ) ;
#524 = AXIS2_PLACEMENT_3D ( 'NONE', #1801, #1812, #1583 ) ;
#525 = CARTESIAN_POINT ( 'NONE',  ( -19.00000000001303491, 0.000000000000000000, 28.49999999999999645 ) ) ;
#526 = B_SPLINE_CURVE_WITH_KNOTS ( 'NONE', 3,
 ( #1769, #453, #1424, #491, #97, #842, #1201, #2161, #1237, #308, #1960, #1037 ),
 .UNSPECIFIED., .F., .F.,
 ( 4, 2, 2, 2, 2, 4 ),
 ( 0.01427212351050601881, 0.01506092364466756796, 0.01584972377882911884, 0.01663852391299066799, 0.01703292398007143910, 0.01742732404715221714 ),
 .UNSPECIFIED. ) ;
#527 = CARTESIAN_POINT ( 'NONE',  ( 23.25000000000000355, 13.00000000000000000, 21.64999999999999858 ) ) ;
#528 = VERTEX_POINT ( 'NONE', #744 ) ;
#529 = VERTEX_POINT ( 'NONE', #2042 ) ;
#530 = VECTOR ( 'NONE', #599, 1000.000000000000000 ) ;
#531 = ORIENTED_EDGE ( 'NONE', *, *, #2247, .T. ) ;
#532 = CARTESIAN_POINT ( 'NONE',  ( 23.25000000000000355, 13.00000000000000000, 25.75000000000000000 ) ) ;
#533 = CARTESIAN_POINT ( 'NONE',  ( -14.00000000000000000, 15.99999999999999645, 0.000000000000000000 ) ) ;
#534 = ORIENTED_EDGE ( 'NONE', *, *, #616, .T. ) ;
#535 = DIRECTION ( 'NONE',  ( -0.000000000000000000, -0.000000000000000000, 1.000000000000000000 ) ) ;
#536 = AXIS2_PLACEMENT_3D ( 'NONE', #1505, #2250, #1120 ) ;
#537 = EDGE_CURVE ( 'NONE', #695, #2086, #2090, .T. ) ;
#538 = CARTESIAN_POINT ( 'NONE',  ( -20.25000000000000000, -2.479909768273390300E-15, 28.50000000000000000 ) ) ;
#539 = FACE_OUTER_BOUND ( 'NONE', #1125, .T. ) ;
#540 = VERTEX_POINT ( 'NONE', #1290 ) ;
#541 = EDGE_CURVE ( 'NONE', #2104, #109, #386, .T. ) ;
#542 = CARTESIAN_POINT ( 'NONE',  ( -20.00000000000000000, -2.632990618166809630E-15, 31.50000000000000000 ) ) ;
#543 = ORIENTED_EDGE ( 'NONE', *, *, #381, .F. ) ;
#544 = CARTESIAN_POINT ( 'NONE',  ( 21.75000000000000355, 18.75000000000000000, 25.24999999999999645 ) ) ;
#545 = CARTESIAN_POINT ( 'NONE',  ( 20.81738087307709506, 20.92422444718763330, 5.845146590352658933 ) ) ;
#546 = LINE ( 'NONE', #2224, #556 ) ;
#547 = DIRECTION ( 'NONE',  ( -1.000000000000000000, 0.000000000000000000, 0.000000000000000000 ) ) ;
#548 = ADVANCED_FACE ( 'NONE', ( #2079 ), #1303, .F. ) ;
#549 = DIRECTION ( 'NONE',  ( -0.000000000000000000, -0.000000000000000000, 1.000000000000000000 ) ) ;
#550 = DIRECTION ( 'NONE',  ( 0.000000000000000000, 0.000000000000000000, 1.000000000000000000 ) ) ;
#551 = ORIENTED_EDGE ( 'NONE', *, *, #986, .F. ) ;
#552 = EDGE_CURVE ( 'NONE', #270, #147, #298, .T. ) ;
#553 = DIRECTION ( 'NONE',  ( -0.000000000000000000, -1.000000000000000000, -0.000000000000000000 ) ) ;
#554 = FACE_BOUND ( 'NONE', #2076, .T. ) ;
#555 = VECTOR ( 'NONE', #1552, 1000.000000000000000 ) ;
#556 = VECTOR ( 'NONE', #1289, 1000.000000000000000 ) ;
#557 = DIRECTION ( 'NONE',  ( 0.000000000000000000, 0.000000000000000000, -1.000000000000000000 ) ) ;
#558 = VERTEX_POINT ( 'NONE', #1676 ) ;
#559 = CARTESIAN_POINT ( 'NONE',  ( -21.75000000000000355, 18.74999999999997868, -3.000000000000000000 ) ) ;
#560 = EDGE_CURVE ( 'NONE', #1909, #1348, #917, .T. ) ;
#561 = CYLINDRICAL_SURFACE ( 'NONE', #199, 2.000000000000000000 ) ;
#562 = CARTESIAN_POINT ( 'NONE',  ( 17.99999999999998579, 19.99999999999999645, 30.50000000000000000 ) ) ;
#563 = ORIENTED_EDGE ( 'NONE', *, *, #1770, .F. ) ;
#564 = EDGE_CURVE ( 'NONE', #1173, #2104, #1888, .T. ) ;
#565 = LINE ( 'NONE', #958, #888 ) ;
#566 = CARTESIAN_POINT ( 'NONE',  ( 20.85526131445120157, 20.88840404482013113, 4.518494529211237065 ) ) ;
#567 = CARTESIAN_POINT ( 'NONE',  ( -17.99999999999998579, 19.99999999999999645, 31.50000000000000000 ) ) ;
#568 = VERTEX_POINT ( 'NONE', #1466 ) ;
#569 = CIRCLE ( 'NONE', #1831, 2.000000000000003553 ) ;
#570 = ORIENTED_EDGE ( 'NONE', *, *, #2331, .T. ) ;
#571 = CARTESIAN_POINT ( 'NONE',  ( 23.25000000000000355, 10.00000000000000000, 23.25000000000000000 ) ) ;
#572 = AXIS2_PLACEMENT_3D ( 'NONE', #2186, #1066, #99 ) ;
#573 = LINE ( 'NONE', #1316, #1459 ) ;
#574 = DIRECTION ( 'NONE',  ( -0.000000000000000000, -1.000000000000000000, -0.000000000000000000 ) ) ;
#575 = ORIENTED_EDGE ( 'NONE', *, *, #459, .F. ) ;
#576 = LINE ( 'NONE', #1518, #1279 ) ;
#577 = B_SPLINE_CURVE_WITH_KNOTS ( 'NONE', 3,
 ( #444, #56, #211, #1550, #2137, #1391, #1344, #1155, #2318, #1722, #629, #975, #1953, #1749, #251, #1574, #1939, #2334, #607, #794, #1380, #1561, #1008, #41 ),
 .UNSPECIFIED., .F., .F.,
 ( 4, 2, 2, 2, 2, 2, 2, 2, 2, 2, 2, 4 ),
 ( 0.000000000000000000, 0.0003187942232799312846, 0.0006375884465598625692, 0.001275176893119716682, 0.001912765339679570577, 0.002231559562959503380, 0.002550353786239435532, 0.002869148009519368117, 0.003187942232799300269, 0.003825530679359160670, 0.004463119125919021504, 0.005100707572478881471 ),
 .UNSPECIFIED. ) ;
#578 = CARTESIAN_POINT ( 'NONE',  ( -1.174494529410097243E-11, 5.154297127996088079E-12, 0.000000000000000000 ) ) ;
#579 = EDGE_CURVE ( 'NONE', #861, #333, #2053, .T. ) ;
#580 = ORIENTED_EDGE ( 'NONE', *, *, #1481, .F. ) ;
#581 = CARTESIAN_POINT ( 'NONE',  ( 23.25000000000002132, 10.00000000000000000, 28.50000000000000000 ) ) ;
#582 = CARTESIAN_POINT ( 'NONE',  ( -20.25000000000000000, -2.479909768273390300E-15, 0.000000000000000000 ) ) ;
#583 = ORIENTED_EDGE ( 'NONE', *, *, #1661, .T. ) ;
#584 = EDGE_CURVE ( 'NONE', #779, #2045, #1282, .T. ) ;
#585 = FACE_OUTER_BOUND ( 'NONE', #1992, .T. ) ;
#586 = CARTESIAN_POINT ( 'NONE',  ( 23.25000000000000355, 15.40192378864668221, 20.75000000000000000 ) ) ;
#587 = ORIENTED_EDGE ( 'NONE', *, *, #389, .T. ) ;
#588 = VECTOR ( 'NONE', #413, 1000.000000000000000 ) ;
#589 = LINE ( 'NONE', #929, #764 ) ;
#590 = ORIENTED_EDGE ( 'NONE', *, *, #1632, .T. ) ;
#591 = CARTESIAN_POINT ( 'NONE',  ( 21.75000000000000355, 18.74999999999997868, 21.25000000000000000 ) ) ;
#592 = CARTESIAN_POINT ( 'NONE',  ( 20.25000000000000000, 13.00000000000002132, 28.50000000000000000 ) ) ;
#593 = EDGE_LOOP ( 'NONE', ( #1096, #1742 ) ) ;
#594 = CARTESIAN_POINT ( 'NONE',  ( 23.25000000000000355, 13.00000000000000000, 2.750000000000002665 ) ) ;
#595 = VERTEX_POINT ( 'NONE', #1866 ) ;
#596 = AXIS2_PLACEMENT_3D ( 'NONE', #1872, #190, #1907 ) ;
#597 = CARTESIAN_POINT ( 'NONE',  ( 22.81401767709624906, 15.70448053830167012, 7.713950886383218020 ) ) ;
#598 = CARTESIAN_POINT ( 'NONE',  ( -17.99999999999998579, 19.99999999999999645, 30.50000000000000000 ) ) ;
#599 = DIRECTION ( 'NONE',  ( 0.000000000000000000, 1.000000000000000000, 0.000000000000000000 ) ) ;
#600 = EDGE_LOOP ( 'NONE', ( #754, #248 ) ) ;
#601 = CARTESIAN_POINT ( 'NONE',  ( -20.00000000000000000, -4.594660265974896373E-19, -2.000000000000000000 ) ) ;
#602 = ORIENTED_EDGE ( 'NONE', *, *, #1819, .T. ) ;
#603 = DIRECTION ( 'NONE',  ( -0.000000000000000000, -0.000000000000000000, 1.000000000000000000 ) ) ;
#604 = ORIENTED_EDGE ( 'NONE', *, *, #729, .T. ) ;
#605 = CARTESIAN_POINT ( 'NONE',  ( 17.25000000000000000, 17.24999999999999645, 0.000000000000000000 ) ) ;
#606 = ORIENTED_EDGE ( 'NONE', *, *, #26, .F. ) ;
#607 = CARTESIAN_POINT ( 'NONE',  ( 21.97234550826089716, 10.28118549124475578, 24.23462639439631161 ) ) ;
#608 = EDGE_CURVE ( 'NONE', #983, #1139, #1514, .T. ) ;
#609 = DIRECTION ( 'NONE',  ( -1.000000000000000000, 0.000000000000000000, 0.000000000000000000 ) ) ;
#610 = EDGE_LOOP ( 'NONE', ( #1274, #876, #2126, #2093 ) ) ;
#611 = VECTOR ( 'NONE', #1359, 1000.000000000000000 ) ;
#612 = CARTESIAN_POINT ( 'NONE',  ( -18.00000000000000355, 15.99999999999999645, -2.500000000000015987 ) ) ;
#613 = ORIENTED_EDGE ( 'NONE', *, *, #2101, .T. ) ;
#614 = LINE ( 'NONE', #1161, #1673 ) ;
#615 = VECTOR ( 'NONE', #1530, 1000.000000000000000 ) ;
#616 = EDGE_CURVE ( 'NONE', #866, #878, #569, .T. ) ;
#617 = CARTESIAN_POINT ( 'NONE',  ( 23.25000000000000355, 13.00000000000000000, 5.250000000000000888 ) ) ;
#618 = DIRECTION ( 'NONE',  ( -0.000000000000000000, -0.000000000000000000, 1.000000000000000000 ) ) ;
#619 = CARTESIAN_POINT ( 'NONE',  ( 22.02270049090616766, 16.72386547996914530, 7.432747429780282467 ) ) ;
#620 = FACE_OUTER_BOUND ( 'NONE', #1336, .T. ) ;
#621 = ORIENTED_EDGE ( 'NONE', *, *, #1005, .F. ) ;
#622 = DIRECTION ( 'NONE',  ( 0.000000000000000000, 0.000000000000000000, 1.000000000000000000 ) ) ;
#623 = ORIENTED_EDGE ( 'NONE', *, *, #897, .F. ) ;
#624 = CARTESIAN_POINT ( 'NONE',  ( 21.75000000000000711, 18.90005151242749193, 21.25000000000000000 ) ) ;
#625 = CARTESIAN_POINT ( 'NONE',  ( 24.75000000000001776, 15.00000000000000000, 7.249999999999986677 ) ) ;
#626 = CARTESIAN_POINT ( 'NONE',  ( 23.25000000000000355, 15.00000000000000000, 5.250000000000000888 ) ) ;
#627 = ORIENTED_EDGE ( 'NONE', *, *, #229, .F. ) ;
#628 = CARTESIAN_POINT ( 'NONE',  ( 21.75000000000000355, 18.00000000000001776, 28.50000000000000000 ) ) ;
#629 = CARTESIAN_POINT ( 'NONE',  ( 21.70310714660505624, 10.42944902861141721, 22.82774859066359596 ) ) ;
#630 = VECTOR ( 'NONE', #1623, 1000.000000000000000 ) ;
#631 = CIRCLE ( 'NONE', #1296, 2.999999999999999112 ) ;
#632 = LINE ( 'NONE', #1345, #1934 ) ;
#633 = AXIS2_PLACEMENT_3D ( 'NONE', #1357, #446, #1563 ) ;
#634 = CARTESIAN_POINT ( 'NONE',  ( 26.25000000000000355, 10.00000000000000000, 28.50000000000000000 ) ) ;
#635 = ADVANCED_FACE ( 'NONE', ( #263 ), #433, .F. ) ;
#636 = VECTOR ( 'NONE', #997, 1000.000000000000000 ) ;
#637 = ORIENTED_EDGE ( 'NONE', *, *, #293, .T. ) ;
#638 = LINE ( 'NONE', #812, #1156 ) ;
#639 = CARTESIAN_POINT ( 'NONE',  ( 18.00000000000000355, 18.00000000000000000, -2.000000000000000000 ) ) ;
#640 = AXIS2_PLACEMENT_3D ( 'NONE', #639, #260, #1697 ) ;
#641 = CARTESIAN_POINT ( 'NONE',  ( 26.25000000000000355, 13.25000000000000000, 30.50000000000000000 ) ) ;
#642 = EDGE_CURVE ( 'NONE', #739, #2118, #1180, .T. ) ;
#643 = EDGE_LOOP ( 'NONE', ( #1043, #2364, #1410, #427 ) ) ;
#644 = PRESENTATION_STYLE_ASSIGNMENT (( #2332 ) ) ;
#645 = CARTESIAN_POINT ( 'NONE',  ( 23.75399282568702475, 15.16674245697318923, 2.797852439813856229 ) ) ;
#646 = AXIS2_PLACEMENT_3D ( 'NONE', #2239, #550, #1741 ) ;
#647 = DIRECTION ( 'NONE',  ( 0.000000000000000000, 0.000000000000000000, -1.000000000000000000 ) ) ;
#648 = VERTEX_POINT ( 'NONE', #2151 ) ;
#649 = PLANE ( 'NONE',  #2054 ) ;
#650 = VECTOR ( 'NONE', #1499, 1000.000000000000000 ) ;
#651 = FACE_OUTER_BOUND ( 'NONE', #1006, .T. ) ;
#652 = DIRECTION ( 'NONE',  ( -0.000000000000000000, -0.000000000000000000, -1.000000000000000000 ) ) ;
#653 = AXIS2_PLACEMENT_3D ( 'NONE', #1871, #1896, #1881 ) ;
#654 = ORIENTED_EDGE ( 'NONE', *, *, #498, .T. ) ;
#655 = EDGE_CURVE ( 'NONE', #147, #270, #577, .T. ) ;
#656 =( NAMED_UNIT ( * ) PLANE_ANGLE_UNIT ( ) SI_UNIT ( $, .RADIAN. ) );
#657 = DIRECTION ( 'NONE',  ( -1.000000000000000000, 0.000000000000000000, 0.000000000000000000 ) ) ;
#658 = EDGE_CURVE ( 'NONE', #347, #2146, #815, .T. ) ;
#659 = ORIENTED_EDGE ( 'NONE', *, *, #1171, .F. ) ;
#660 = CARTESIAN_POINT ( 'NONE',  ( 20.00000000000000000, 15.25000000000001421, 30.50000000000000000 ) ) ;
#661 = ORIENTED_EDGE ( 'NONE', *, *, #1879, .F. ) ;
#662 = DIRECTION ( 'NONE',  ( -1.000000000000000000, 0.000000000000000000, 0.000000000000000000 ) ) ;
#663 = LINE ( 'NONE', #1971, #330 ) ;
#664 = CARTESIAN_POINT ( 'NONE',  ( 22.00000000000001776, 13.25000000000000178, 31.50000000000000000 ) ) ;
#665 = DIRECTION ( 'NONE',  ( 0.000000000000000000, 0.000000000000000000, 1.000000000000000000 ) ) ;
#666 = VECTOR ( 'NONE', #1254, 1000.000000000000000 ) ;
#667 = FILL_AREA_STYLE ('',( #137 ) ) ;
#668 = ADVANCED_FACE ( 'NONE', ( #29 ), #1192, .T. ) ;
#669 = CARTESIAN_POINT ( 'NONE',  ( 20.25000000000000000, 17.24999999999997868, 28.50000000000000000 ) ) ;
#670 = ORIENTED_EDGE ( 'NONE', *, *, #2178, .T. ) ;
#671 = CARTESIAN_POINT ( 'NONE',  ( 26.25000000000000355, 13.25000000000000000, -2.000000000000000000 ) ) ;
#672 = ORIENTED_EDGE ( 'NONE', *, *, #1226, .T. ) ;
#673 = DIRECTION ( 'NONE',  ( 0.000000000000000000, -0.000000000000000000, 1.000000000000000000 ) ) ;
#674 = VECTOR ( 'NONE', #808, 1000.000000000000000 ) ;
#675 = VERTEX_POINT ( 'NONE', #1526 ) ;
#676 = PLANE ( 'NONE',  #203 ) ;
#677 = ORIENTED_EDGE ( 'NONE', *, *, #459, .T. ) ;
#678 = CARTESIAN_POINT ( 'NONE',  ( 23.25000000000000355, 10.00000000000000000, 5.250000000000000888 ) ) ;
#679 = CARTESIAN_POINT ( 'NONE',  ( 22.07404796879308506, -1.502256922293053821E-15, 0.000000000000000000 ) ) ;
#680 = ORIENTED_EDGE ( 'NONE', *, *, #642, .T. ) ;
#681 = LINE ( 'NONE', #117, #2276 ) ;
#682 = CARTESIAN_POINT ( 'NONE',  ( 24.75000000000002132, 15.00000000000000000, -3.000000000000000000 ) ) ;
#683 = AXIS2_PLACEMENT_3D ( 'NONE', #1170, #436, #1205 ) ;
#684 = EDGE_CURVE ( 'NONE', #1541, #1994, #987, .T. ) ;
#685 = ORIENTED_EDGE ( 'NONE', *, *, #1430, .T. ) ;
#686 = CARTESIAN_POINT ( 'NONE',  ( 23.02315621050246364, 15.54328133396020206, 2.758075448201812829 ) ) ;
#687 = ORIENTED_EDGE ( 'NONE', *, *, #1182, .F. ) ;
#688 = DIRECTION ( 'NONE',  ( -1.000000000000000000, 0.000000000000000000, 0.000000000000000000 ) ) ;
#689 = EDGE_LOOP ( 'NONE', ( #513, #1023, #755, #884 ) ) ;
#690 = EDGE_CURVE ( 'NONE', #1374, #1941, #423, .T. ) ;
#691 = CARTESIAN_POINT ( 'NONE',  ( 22.43826788862207167, 16.07006748149304798, 25.62225185611925227 ) ) ;
#692 = CARTESIAN_POINT ( 'NONE',  ( 23.25000000000000355, 15.40192378864668221, 20.75000000000000000 ) ) ;
#693 = DIRECTION ( 'NONE',  ( -0.000000000000000000, -1.000000000000000000, -0.000000000000000000 ) ) ;
#694 = DIRECTION ( 'NONE',  ( 0.000000000000000000, 0.000000000000000000, 1.000000000000000000 ) ) ;
#695 = VERTEX_POINT ( 'NONE', #2282 ) ;
#696 = LINE ( 'NONE', #875, #1853 ) ;
#697 = ORIENTED_EDGE ( 'NONE', *, *, #272, .T. ) ;
#698 = B_SPLINE_CURVE_WITH_KNOTS ( 'NONE', 3,
 ( #544, #2072, #1484, #369, #349, #922, #2241, #1131, #9, #180, #2435, #2274, #22, #775, #1493, #189, #943, #1308, #910, #360, #231, #2300, #1767, #1718, #991, #824, #838, #1918, #1567, #1370, #968, #428, #624, #591 ),
 .UNSPECIFIED., .F., .F.,
 ( 4, 2, 2, 2, 2, 2, 2, 2, 2, 2, 2, 2, 2, 2, 2, 2, 4 ),
 ( 0.000000000000000000, 0.0004481455846849598441, 0.0008962911693699196882, 0.001344436754054879586, 0.001792582338739839376, 0.002240727923424799383, 0.002688873508109759173, 0.003137019092794718963, 0.003585164677479678753, 0.004033310262164638976, 0.004481455846849598766, 0.004929601431534558556, 0.005377747016219518346, 0.005825892600904478136, 0.006274038185589437926, 0.006722183770274397716, 0.007170329354959357505 ),
 .UNSPECIFIED. ) ;
#699 = ORIENTED_EDGE ( 'NONE', *, *, #1788, .T. ) ;
#700 = ORIENTED_EDGE ( 'NONE', *, *, #1376, .F. ) ;
#701 = CARTESIAN_POINT ( 'NONE',  ( -20.00000000000000000, 17.99999999999998579, -3.000000000000000000 ) ) ;
#702 = CARTESIAN_POINT ( 'NONE',  ( 21.40738828005589411, 20.14898137817514367, 6.941662543294420118 ) ) ;
#703 = AXIS2_PLACEMENT_3D ( 'NONE', #1204, #329, #1964 ) ;
#704 = FACE_OUTER_BOUND ( 'NONE', #1079, .T. ) ;
#705 = DIRECTION ( 'NONE',  ( -1.000000000000000000, 0.000000000000000000, 0.000000000000000000 ) ) ;
#706 = ORIENTED_EDGE ( 'NONE', *, *, #1663, .F. ) ;
#707 = CARTESIAN_POINT ( 'NONE',  ( 23.49665783492035942, 15.27079692645031095, 25.74123174033130468 ) ) ;
#708 = EDGE_CURVE ( 'NONE', #568, #1686, #1212, .T. ) ;
#709 = ORIENTED_EDGE ( 'NONE', *, *, #1141, .T. ) ;
#710 = VECTOR ( 'NONE', #479, 1000.000000000000000 ) ;
#711 = ORIENTED_EDGE ( 'NONE', *, *, #498, .F. ) ;
#712 = DIRECTION ( 'NONE',  ( -1.000000000000000000, 0.000000000000000000, 0.000000000000000000 ) ) ;
#713 = STYLED_ITEM ( 'NONE', ( #644 ), #1172 ) ;
#714 = MECHANICAL_DESIGN_GEOMETRIC_PRESENTATION_REPRESENTATION (  '', ( #1655 ), #913 ) ;
#715 = AXIS2_PLACEMENT_3D ( 'NONE', #176, #1668, #1678 ) ;
#716 = EDGE_CURVE ( 'NONE', #1870, #2415, #1629, .T. ) ;
#717 = CARTESIAN_POINT ( 'NONE',  ( -21.75000000000000355, 18.74999999999997868, 28.50000000000000000 ) ) ;
#718 = EDGE_CURVE ( 'NONE', #1448, #188, #681, .T. ) ;
#719 = CYLINDRICAL_SURFACE ( 'NONE', #2017, 2.000000000000000000 ) ;
#720 = ADVANCED_FACE ( 'NONE', ( #704 ), #1441, .F. ) ;
#721 = CARTESIAN_POINT ( 'NONE',  ( -21.75000000000000355, -1.836970198721034125E-16, 28.50000000000000000 ) ) ;
#722 = FACE_BOUND ( 'NONE', #495, .T. ) ;
#723 = ORIENTED_EDGE ( 'NONE', *, *, #940, .T. ) ;
#724 = VERTEX_POINT ( 'NONE', #2198 ) ;
#725 = ORIENTED_EDGE ( 'NONE', *, *, #1226, .F. ) ;
#726 = CARTESIAN_POINT ( 'NONE',  ( 26.25000000000000355, -4.594660265974938744E-19, -2.000000000000000000 ) ) ;
#727 = CARTESIAN_POINT ( 'NONE',  ( 21.69435293043137136, 19.34398748970392390, 7.207229478061366379 ) ) ;
#728 = VECTOR ( 'NONE', #1592, 1000.000000000000000 ) ;
#729 = EDGE_CURVE ( 'NONE', #1139, #595, #2014, .T. ) ;
#730 = B_SPLINE_CURVE_WITH_KNOTS ( 'NONE', 3,
 ( #2258, #2238, #1656, #2413, #1644, #707, #2033, #1468 ),
 .UNSPECIFIED., .F., .F.,
 ( 4, 2, 2, 4 ),
 ( 0.02368796749569488172, 0.02451801555292787080, 0.02493303958154436881, 0.02534806361016086335 ),
 .UNSPECIFIED. ) ;
#731 = DIRECTION ( 'NONE',  ( -0.000000000000000000, -0.000000000000000000, 1.000000000000000000 ) ) ;
#732 = AXIS2_PLACEMENT_3D ( 'NONE', #1985, #1613, #665 ) ;
#733 = CARTESIAN_POINT ( 'NONE',  ( -1.174494529410097243E-11, 5.154297127996088079E-12, 30.50000000000000000 ) ) ;
#734 = CARTESIAN_POINT ( 'NONE',  ( 20.00000000000000000, 15.25000000000001421, -2.000000000000000000 ) ) ;
#735 = EDGE_CURVE ( 'NONE', #811, #774, #2386, .T. ) ;
#736 = CARTESIAN_POINT ( 'NONE',  ( 23.25000000000000355, 13.00000000000000000, 3.649999999999999023 ) ) ;
#737 = EDGE_CURVE ( 'NONE', #695, #447, #1978, .T. ) ;
#738 = DIRECTION ( 'NONE',  ( 1.530808498934189944E-15, 1.000000000000000000, -0.000000000000000000 ) ) ;
#739 = VERTEX_POINT ( 'NONE', #1641 ) ;
#740 = CARTESIAN_POINT ( 'NONE',  ( -18.00000000000000355, 18.00000000000000000, 30.50000000000000000 ) ) ;
#741 = CARTESIAN_POINT ( 'NONE',  ( 26.25000000000000355, -4.594660265974938744E-19, 31.50000000000000000 ) ) ;
#742 = EDGE_CURVE ( 'NONE', #790, #2335, #2188, .T. ) ;
#743 = CARTESIAN_POINT ( 'NONE',  ( 16.00000000000000000, 15.99999999999999645, -2.000000000000000000 ) ) ;
#744 = CARTESIAN_POINT ( 'NONE',  ( -14.00000000000000000, 15.99999999999999645, 30.50000000000000000 ) ) ;
#745 = FACE_OUTER_BOUND ( 'NONE', #1433, .T. ) ;
#746 = PLANE ( 'NONE',  #2379 ) ;
#747 = ORIENTED_EDGE ( 'NONE', *, *, #1698, .F. ) ;
#748 = DIRECTION ( 'NONE',  ( -1.000000000000000000, 0.000000000000000000, 0.000000000000000000 ) ) ;
#749 = CARTESIAN_POINT ( 'NONE',  ( 21.20921947408204034, 20.47257096894026063, 6.698048506935969648 ) ) ;
#750 = VECTOR ( 'NONE', #652, 1000.000000000000000 ) ;
#751 = EDGE_CURVE ( 'NONE', #777, #378, #1761, .T. ) ;
#752 = VECTOR ( 'NONE', #1341, 1000.000000000000000 ) ;
#753 = CARTESIAN_POINT ( 'NONE',  ( -19.99999999999999645, -1.770164840548193120E-16, -3.000000000000000000 ) ) ;
#754 = ORIENTED_EDGE ( 'NONE', *, *, #2279, .F. ) ;
#755 = ORIENTED_EDGE ( 'NONE', *, *, #1868, .F. ) ;
#756 = CIRCLE ( 'NONE', #7, 2.000000000000003553 ) ;
#757 = FACE_OUTER_BOUND ( 'NONE', #1921, .T. ) ;
#758 = DIRECTION ( 'NONE',  ( -0.000000000000000000, -0.000000000000000000, -1.000000000000000000 ) ) ;
#759 = EDGE_CURVE ( 'NONE', #75, #1564, #273, .T. ) ;
#760 = CARTESIAN_POINT ( 'NONE',  ( 18.00000000000000355, 18.00000000000000000, -2.000000000000000000 ) ) ;
#761 = ORIENTED_EDGE ( 'NONE', *, *, #1371, .T. ) ;
#762 = CARTESIAN_POINT ( 'NONE',  ( -18.00000000000000355, 18.00000000000000000, 30.50000000000000000 ) ) ;
#763 = LINE ( 'NONE', #814, #2012 ) ;
#764 = VECTOR ( 'NONE', #215, 1000.000000000000000 ) ;
#765 = EDGE_CURVE ( 'NONE', #2214, #2370, #2356, .T. ) ;
#766 = VERTEX_POINT ( 'NONE', #846 ) ;
#767 = CARTESIAN_POINT ( 'NONE',  ( 23.25000000000002132, 10.00000000000000000, 6.850000000000003197 ) ) ;
#768 = DIRECTION ( 'NONE',  ( 1.000000000000000000, 0.000000000000000000, 0.000000000000000000 ) ) ;
#769 = VERTEX_POINT ( 'NONE', #890 ) ;
#770 = DIRECTION ( 'NONE',  ( -0.000000000000000000, -0.000000000000000000, -1.000000000000000000 ) ) ;
#771 = AXIS2_PLACEMENT_3D ( 'NONE', #1544, #450, #1581 ) ;
#772 = DIRECTION ( 'NONE',  ( 0.000000000000000000, 0.000000000000000000, 1.000000000000000000 ) ) ;
#773 = DIRECTION ( 'NONE',  ( 0.000000000000000000, 1.000000000000000000, 0.000000000000000000 ) ) ;
#774 = VERTEX_POINT ( 'NONE', #1589 ) ;
#775 = CARTESIAN_POINT ( 'NONE',  ( 20.85734301885458919, 20.88637312416995684, 23.98828589780083576 ) ) ;
#776 = DIRECTION ( 'NONE',  ( 0.000000000000000000, -1.000000000000000000, 0.000000000000000000 ) ) ;
#777 = VERTEX_POINT ( 'NONE', #1243 ) ;
#778 = DIRECTION ( 'NONE',  ( 0.000000000000000000, 1.000000000000000000, 0.000000000000000000 ) ) ;
#779 = VERTEX_POINT ( 'NONE', #2344 ) ;
#780 = CARTESIAN_POINT ( 'NONE',  ( 23.37087546831881113, 15.33213630447439257, 2.750000000000002665 ) ) ;
#781 = DIRECTION ( 'NONE',  ( 1.000000000000000000, 0.000000000000000000, 0.000000000000000000 ) ) ;
#782 = AXIS2_PLACEMENT_3D ( 'NONE', #1453, #657, #470 ) ;
#783 = DIRECTION ( 'NONE',  ( -1.000000000000000000, 0.000000000000000000, 0.000000000000000000 ) ) ;
#784 = ORIENTED_EDGE ( 'NONE', *, *, #2304, .F. ) ;
#785 = CARTESIAN_POINT ( 'NONE',  ( 20.00000000000000000, 15.25000000000001421, -2.000000000000000000 ) ) ;
#786 = DIRECTION ( 'NONE',  ( -1.000000000000000000, 0.000000000000000000, 0.000000000000000000 ) ) ;
#787 = ORIENTED_EDGE ( 'NONE', *, *, #1663, .T. ) ;
#788 = EDGE_CURVE ( 'NONE', #779, #1605, #490, .T. ) ;
#789 = LINE ( 'NONE', #582, #2293 ) ;
#790 = VERTEX_POINT ( 'NONE', #1312 ) ;
#791 = CIRCLE ( 'NONE', #521, 1.500000000000001332 ) ;
#792 = AXIS2_PLACEMENT_3D ( 'NONE', #1699, #557, #2438 ) ;
#793 = CIRCLE ( 'NONE', #520, 1.600000000000000755 ) ;
#794 = CARTESIAN_POINT ( 'NONE',  ( 22.26133538737363793, 10.16329493654707150, 24.52453223597652610 ) ) ;
#795 = EDGE_CURVE ( 'NONE', #2118, #724, #352, .T. ) ;
#796 = LINE ( 'NONE', #1143, #1894 ) ;
#797 = ORIENTED_EDGE ( 'NONE', *, *, #940, .F. ) ;
#798 = DIRECTION ( 'NONE',  ( -0.000000000000000000, 1.000000000000000000, -0.000000000000000000 ) ) ;
#799 = VERTEX_POINT ( 'NONE', #2243 ) ;
#800 = FACE_OUTER_BOUND ( 'NONE', #962, .T. ) ;
#801 = CIRCLE ( 'NONE', #2147, 2.999999999999999112 ) ;
#802 = DIRECTION ( 'NONE',  ( 1.000000000000000000, -0.000000000000000000, -0.000000000000000000 ) ) ;
#803 = ORIENTED_EDGE ( 'NONE', *, *, #2279, .T. ) ;
#804 = AXIS2_PLACEMENT_3D ( 'NONE', #760, #388, #1129 ) ;
#805 = CARTESIAN_POINT ( 'NONE',  ( 26.25000000000000355, 10.00000000000000000, 0.000000000000000000 ) ) ;
#806 = EDGE_LOOP ( 'NONE', ( #2099, #113, #207, #843 ) ) ;
#807 = CARTESIAN_POINT ( 'NONE',  ( 23.13497480335416512, 15.46833361689375153, 7.750000000000000000 ) ) ;
#808 = DIRECTION ( 'NONE',  ( 1.000000000000000000, 5.691959247870728375E-17, -0.000000000000000000 ) ) ;
#809 = EDGE_CURVE ( 'NONE', #1348, #1693, #1873, .T. ) ;
#810 = CARTESIAN_POINT ( 'NONE',  ( 17.99999999999998579, 19.99999999999999645, 31.50000000000000000 ) ) ;
#811 = VERTEX_POINT ( 'NONE', #1851 ) ;
#812 = CARTESIAN_POINT ( 'NONE',  ( -21.75000000000000355, -1.836970198721034125E-16, 0.000000000000000000 ) ) ;
#813 = DIRECTION ( 'NONE',  ( 1.000000000000000000, 0.000000000000000000, 0.000000000000000000 ) ) ;
#814 = CARTESIAN_POINT ( 'NONE',  ( 21.75000000000000355, 18.00000000000001776, 31.50000000000000000 ) ) ;
#815 = B_SPLINE_CURVE_WITH_KNOTS ( 'NONE', 3,
 ( #1539, #780, #2307, #645, #964, #1760, #1714, #1355 ),
 .UNSPECIFIED., .F., .F.,
 ( 4, 2, 2, 4 ),
 ( 0.01742732404715220326, 0.01784231712123612174, 0.01825731019532004368, 0.01908729634348787368 ),
 .UNSPECIFIED. ) ;
#816 = DIRECTION ( 'NONE',  ( 1.000000000000000000, 0.000000000000000000, 0.000000000000000000 ) ) ;
#817 = EDGE_CURVE ( 'NONE', #1524, #2162, #2428, .T. ) ;
#818 = DIRECTION ( 'NONE',  ( -0.000000000000000000, 1.000000000000000000, -0.000000000000000000 ) ) ;
#819 = DIRECTION ( 'NONE',  ( -0.000000000000000000, -0.000000000000000000, 1.000000000000000000 ) ) ;
#820 = EDGE_CURVE ( 'NONE', #595, #1616, #2029, .T. ) ;
#821 = LINE ( 'NONE', #92, #2222 ) ;
#822 = VECTOR ( 'NONE', #1829, 1000.000000000000000 ) ;
#823 = EDGE_LOOP ( 'NONE', ( #481, #1300, #1036, #145, #1342, #1585, #990, #87, #531, #583, #1949, #1169 ) ) ;
#824 = CARTESIAN_POINT ( 'NONE',  ( 21.34065947194299540, 20.26786100985015437, 21.63245749602303292 ) ) ;
#825 = DIRECTION ( 'NONE',  ( -0.000000000000000000, -1.000000000000000000, -0.000000000000000000 ) ) ;
#826 = CARTESIAN_POINT ( 'NONE',  ( -18.74999999999998224, 21.75000000000000000, 28.50000000000000000 ) ) ;
#827 = ORIENTED_EDGE ( 'NONE', *, *, #1862, .F. ) ;
#828 = DIRECTION ( 'NONE',  ( -0.000000000000000000, -0.000000000000000000, -1.000000000000000000 ) ) ;
#829 = EDGE_CURVE ( 'NONE', #952, #1396, #1328, .T. ) ;
#830 = DIRECTION ( 'NONE',  ( 1.000000000000000000, 3.817449038448039903E-18, 0.000000000000000000 ) ) ;
#831 = AXIS2_PLACEMENT_3D ( 'NONE', #2422, #1412, #2266 ) ;
#832 = MECHANICAL_DESIGN_GEOMETRIC_PRESENTATION_REPRESENTATION (  '', ( #713 ), #1654 ) ;
#833 = FILL_AREA_STYLE ('',( #848 ) ) ;
#834 = AXIS2_PLACEMENT_3D ( 'NONE', #2296, #609, #2114 ) ;
#835 = AXIS2_PLACEMENT_3D ( 'NONE', #17, #2091, #772 ) ;
#836 = CARTESIAN_POINT ( 'NONE',  ( -16.00000000000000000, 15.99999999999999645, 30.50000000000000000 ) ) ;
#837 = ORIENTED_EDGE ( 'NONE', *, *, #253, .T. ) ;
#838 = CARTESIAN_POINT ( 'NONE',  ( 21.40522650570992624, 20.15314250656637185, 21.56065993325361418 ) ) ;
#839 = ADVANCED_FACE ( 'NONE', ( #1269 ), #193, .F. ) ;
#840 = DIRECTION ( 'NONE',  ( 0.000000000000000000, -0.000000000000000000, 1.000000000000000000 ) ) ;
#841 = VECTOR ( 'NONE', #918, 1000.000000000000000 ) ;
#842 = CARTESIAN_POINT ( 'NONE',  ( 22.28100051988697317, 16.27656428130725530, 20.94098343951979047 ) ) ;
#843 = ORIENTED_EDGE ( 'NONE', *, *, #972, .F. ) ;
#844 = EDGE_CURVE ( 'NONE', #1242, #1721, #1924, .T. ) ;
#845 = CARTESIAN_POINT ( 'NONE',  ( 23.25000000000000000, 13.00000000000000000, 28.50000000000000000 ) ) ;
#846 = CARTESIAN_POINT ( 'NONE',  ( -17.99999999999998579, 20.00000000000000000, -2.000000000000000000 ) ) ;
#847 = VECTOR ( 'NONE', #2046, 1000.000000000000000 ) ;
#848 = FILL_AREA_STYLE_COLOUR ( '', #400 ) ;
#849 = EDGE_LOOP ( 'NONE', ( #224, #575, #234, #1955 ) ) ;
#850 = DIRECTION ( 'NONE',  ( -0.000000000000000000, -0.000000000000000000, 1.000000000000000000 ) ) ;
#851 = ORIENTED_EDGE ( 'NONE', *, *, #1430, .F. ) ;
#852 = CARTESIAN_POINT ( 'NONE',  ( -20.00000000000000000, -2.632990618166809630E-15, 30.50000000000000000 ) ) ;
#853 = VECTOR ( 'NONE', #872, 1000.000000000000000 ) ;
#854 = DIRECTION ( 'NONE',  ( 0.000000000000000000, 0.000000000000000000, 1.000000000000000000 ) ) ;
#855 = CARTESIAN_POINT ( 'NONE',  ( 25.07404796879308506, -1.502256922293053821E-15, 0.000000000000000000 ) ) ;
#856 = LINE ( 'NONE', #1597, #1510 ) ;
#857 = ORIENTED_EDGE ( 'NONE', *, *, #2331, .F. ) ;
#858 = EDGE_LOOP ( 'NONE', ( #2281, #935, #2060, #2218 ) ) ;
#859 = CARTESIAN_POINT ( 'NONE',  ( 21.66100140002455987, 10.45526165477328995, 5.034925125021578296 ) ) ;
#860 = CARTESIAN_POINT ( 'NONE',  ( -17.99999999999998579, 19.99999999999999645, 31.50000000000000000 ) ) ;
#861 = VERTEX_POINT ( 'NONE', #12 ) ;
#862 = VERTEX_POINT ( 'NONE', #1123 ) ;
#863 = DIRECTION ( 'NONE',  ( 0.000000000000000000, 0.000000000000000000, 1.000000000000000000 ) ) ;
#864 = ORIENTED_EDGE ( 'NONE', *, *, #2304, .T. ) ;
#865 = CARTESIAN_POINT ( 'NONE',  ( 23.25000000000000355, 13.00000000000000000, 5.250000000000000888 ) ) ;
#866 = VERTEX_POINT ( 'NONE', #364 ) ;
#867 = DIRECTION ( 'NONE',  ( 0.000000000000000000, 1.000000000000000000, 0.000000000000000000 ) ) ;
#868 = AXIS2_PLACEMENT_3D ( 'NONE', #1664, #2419, #934 ) ;
#869 = DIRECTION ( 'NONE',  ( -0.000000000000000000, -0.000000000000000000, -1.000000000000000000 ) ) ;
#870 = EDGE_CURVE ( 'NONE', #1286, #1460, #903, .T. ) ;
#871 = CARTESIAN_POINT ( 'NONE',  ( 26.25000000000000355, -4.594660265974938744E-19, 31.50000000000000000 ) ) ;
#872 = DIRECTION ( 'NONE',  ( -0.000000000000000000, -0.000000000000000000, -1.000000000000000000 ) ) ;
#873 = ADVANCED_FACE ( 'NONE', ( #1884 ), #1684, .F. ) ;
#874 = VERTEX_POINT ( 'NONE', #753 ) ;
#875 = CARTESIAN_POINT ( 'NONE',  ( 23.25000000000002132, 10.00000000000000000, 28.50000000000000000 ) ) ;
#876 = ORIENTED_EDGE ( 'NONE', *, *, #240, .T. ) ;
#877 = CARTESIAN_POINT ( 'NONE',  ( -20.00000000000000000, 17.99999999999998224, 30.50000000000000000 ) ) ;
#878 = VERTEX_POINT ( 'NONE', #2410 ) ;
#879 = CARTESIAN_POINT ( 'NONE',  ( 23.02319613115193420, 15.54325712534605586, 25.74192587399159748 ) ) ;
#880 = CARTESIAN_POINT ( 'NONE',  ( 22.00000000000000000, 15.25000000000000000, 30.50000000000000000 ) ) ;
#881 = CARTESIAN_POINT ( 'NONE',  ( 21.73354366028743456, 10.41107771020339889, 5.770904055990495607 ) ) ;
#882 = FACE_OUTER_BOUND ( 'NONE', #1979, .T. ) ;
#883 = AXIS2_PLACEMENT_3D ( 'NONE', #58, #1000, #1916 ) ;
#884 = ORIENTED_EDGE ( 'NONE', *, *, #2398, .T. ) ;
#885 = CARTESIAN_POINT ( 'NONE',  ( 22.02361416802076377, 16.72210743626575891, 3.066769535721942219 ) ) ;
#886 = ORIENTED_EDGE ( 'NONE', *, *, #1089, .T. ) ;
#887 = CARTESIAN_POINT ( 'NONE',  ( 21.75000000000000355, 13.00000000000000000, 3.250000000000004441 ) ) ;
#888 = VECTOR ( 'NONE', #1860, 1000.000000000000000 ) ;
#889 = CARTESIAN_POINT ( 'NONE',  ( 21.75000000000000355, 18.74999999999997868, 28.50000000000000000 ) ) ;
#890 = CARTESIAN_POINT ( 'NONE',  ( 21.75000000000000355, 18.74999999999997868, 21.25000000000000000 ) ) ;
#891 = EDGE_CURVE ( 'NONE', #1145, #2290, #911, .T. ) ;
#892 = DIRECTION ( 'NONE',  ( 0.000000000000000000, 0.000000000000000000, 1.000000000000000000 ) ) ;
#893 = EDGE_LOOP ( 'NONE', ( #957, #1598, #1757, #1643 ) ) ;
#894 = FACE_BOUND ( 'NONE', #593, .T. ) ;
#895 = ORIENTED_EDGE ( 'NONE', *, *, #129, .T. ) ;
#896 = EDGE_CURVE ( 'NONE', #1307, #407, #1496, .T. ) ;
#897 = EDGE_CURVE ( 'NONE', #1610, #777, #546, .T. ) ;
#898 = ORIENTED_EDGE ( 'NONE', *, *, #1770, .T. ) ;
#899 = EDGE_LOOP ( 'NONE', ( #1314, #1559, #1483, #623 ) ) ;
#900 = LINE ( 'NONE', #1080, #1196 ) ;
#901 = CARTESIAN_POINT ( 'NONE',  ( 21.75000000000000711, 18.90005151242749193, 3.250000000000003997 ) ) ;
#902 = EDGE_CURVE ( 'NONE', #2414, #1610, #1338, .T. ) ;
#903 = LINE ( 'NONE', #1652, #1214 ) ;
#904 = CARTESIAN_POINT ( 'NONE',  ( -16.00000000000000000, 15.99999999999999645, -2.500000000000015987 ) ) ;
#905 = CARTESIAN_POINT ( 'NONE',  ( 26.25000000000000355, 13.25000000000000000, 31.50000000000000000 ) ) ;
#906 = VERTEX_POINT ( 'NONE', #2051 ) ;
#907 = VERTEX_POINT ( 'NONE', #567 ) ;
#908 = ORIENTED_EDGE ( 'NONE', *, *, #49, .T. ) ;
#909 = EDGE_CURVE ( 'NONE', #91, #1659, #327, .T. ) ;
#910 = CARTESIAN_POINT ( 'NONE',  ( 20.76319972926781077, 20.97448203964814795, 22.95339941771783643 ) ) ;
#911 = CIRCLE ( 'NONE', #159, 2.499999999999998668 ) ;
#912 = CIRCLE ( 'NONE', #1339, 1.999999999999998224 ) ;
#913 =( GEOMETRIC_REPRESENTATION_CONTEXT ( 3 ) GLOBAL_UNCERTAINTY_ASSIGNED_CONTEXT ( ( #136 ) ) GLOBAL_UNIT_ASSIGNED_CONTEXT ( ( #1046, #2154, #1807 ) ) REPRESENTATION_CONTEXT ( 'NONE', 'WORKASPACE' ) );
#914 = CARTESIAN_POINT ( 'NONE',  ( 21.66072927747627119, 19.49079533072549708, 3.319356695951954705 ) ) ;
#915 = ADVANCED_FACE ( 'NONE', ( #151 ), #719, .F. ) ;
#916 = CARTESIAN_POINT ( 'NONE',  ( 23.03389026556642349, 10.00000000000000000, 6.850000000000005862 ) ) ;
#917 = LINE ( 'NONE', #1127, #2032 ) ;
#918 = DIRECTION ( 'NONE',  ( -0.000000000000000000, -0.000000000000000000, 1.000000000000000000 ) ) ;
#919 = CARTESIAN_POINT ( 'NONE',  ( -18.75000000000000355, 18.75000000000000000, 28.50000000000000000 ) ) ;
#920 = CARTESIAN_POINT ( 'NONE',  ( 21.75000000000000355, 18.00000000000001776, 28.50000000000000000 ) ) ;
#921 = ORIENTED_EDGE ( 'NONE', *, *, #306, .F. ) ;
#922 = CARTESIAN_POINT ( 'NONE',  ( 21.57559116805827770, 19.76844280948008148, 25.10729008373332860 ) ) ;
#923 = ADVANCED_FACE ( 'NONE', ( #223 ), #76, .F. ) ;
#924 = CARTESIAN_POINT ( 'NONE',  ( 20.76420931632722144, 20.97357290214060299, 5.554433831308501546 ) ) ;
#925 = DIRECTION ( 'NONE',  ( 0.000000000000000000, -1.000000000000000000, 0.000000000000000000 ) ) ;
#926 = AXIS2_PLACEMENT_3D ( 'NONE', #2322, #2312, #217 ) ;
#927 = CARTESIAN_POINT ( 'NONE',  ( 16.00000000000000000, 15.99999999999999645, 0.000000000000000000 ) ) ;
#928 = DIRECTION ( 'NONE',  ( -1.000000000000000000, 0.000000000000000000, 0.000000000000000000 ) ) ;
#929 = CARTESIAN_POINT ( 'NONE',  ( -20.00000000000000000, 17.99999999999998224, 30.50000000000000000 ) ) ;
#930 = EDGE_CURVE ( 'NONE', #1114, #32, #1854, .T. ) ;
#931 = ORIENTED_EDGE ( 'NONE', *, *, #560, .T. ) ;
#932 = FACE_OUTER_BOUND ( 'NONE', #1996, .T. ) ;
#933 = CARTESIAN_POINT ( 'NONE',  ( 24.75000000000000000, 18.00000000000000000, 31.50000000000000000 ) ) ;
#934 = DIRECTION ( 'NONE',  ( 0.000000000000000000, 0.000000000000000000, 1.000000000000000000 ) ) ;
#935 = ORIENTED_EDGE ( 'NONE', *, *, #937, .F. ) ;
#936 = ORIENTED_EDGE ( 'NONE', *, *, #1009, .F. ) ;
#937 = EDGE_CURVE ( 'NONE', #1766, #2158, #1748, .T. ) ;
#938 = CARTESIAN_POINT ( 'NONE',  ( 13.99999999999999645, 15.99999999999999645, 30.50000000000000000 ) ) ;
#939 = DIRECTION ( 'NONE',  ( -1.000000000000000000, 0.000000000000000000, 0.000000000000000000 ) ) ;
#940 = EDGE_CURVE ( 'NONE', #1780, #37, #2056, .T. ) ;
#941 = CARTESIAN_POINT ( 'NONE',  ( -20.25000000000000000, -2.479909768273390300E-15, 28.50000000000000000 ) ) ;
#942 = EDGE_LOOP ( 'NONE', ( #2342, #209, #503, #1099 ) ) ;
#943 = CARTESIAN_POINT ( 'NONE',  ( 20.75016842271397266, 20.98591733543806725, 23.40351790467879312 ) ) ;
#944 = CARTESIAN_POINT ( 'NONE',  ( 24.75000000000000000, 18.00000000000000000, 28.50000000000000000 ) ) ;
#945 = CIRCLE ( 'NONE', #1772, 2.499999999999998668 ) ;
#946 = VECTOR ( 'NONE', #1297, 1000.000000000000000 ) ;
#947 = CIRCLE ( 'NONE', #476, 1.999999999999998224 ) ;
#948 = CARTESIAN_POINT ( 'NONE',  ( -19.00000000001303491, 0.000000000000000000, 30.50000000000000000 ) ) ;
#949 = CIRCLE ( 'NONE', #1302, 2.499999999999998668 ) ;
#950 = CARTESIAN_POINT ( 'NONE',  ( 20.00000000000000000, 15.25000000000001421, 30.50000000000000000 ) ) ;
#951 = ORIENTED_EDGE ( 'NONE', *, *, #21, .F. ) ;
#952 = VERTEX_POINT ( 'NONE', #1560 ) ;
#953 = DIRECTION ( 'NONE',  ( -0.000000000000000000, -0.000000000000000000, 1.000000000000000000 ) ) ;
#954 = PRODUCT_DEFINITION_SHAPE ( 'NONE', 'NONE',  #2436 ) ;
#955 = DIRECTION ( 'NONE',  ( -0.000000000000000000, -0.000000000000000000, -1.000000000000000000 ) ) ;
#956 = DIRECTION ( 'NONE',  ( -0.000000000000000000, -0.000000000000000000, -1.000000000000000000 ) ) ;
#957 = ORIENTED_EDGE ( 'NONE', *, *, #2354, .T. ) ;
#958 = CARTESIAN_POINT ( 'NONE',  ( 21.75000000000000355, 13.00000000000000000, 25.24999999999999289 ) ) ;
#959 = LINE ( 'NONE', #1162, #1 ) ;
#960 = EDGE_LOOP ( 'NONE', ( #637, #784, #1898, #50 ) ) ;
#961 = CARTESIAN_POINT ( 'NONE',  ( 20.00000000000000000, 15.25000000000001421, -2.000000000000000000 ) ) ;
#962 = EDGE_LOOP ( 'NONE', ( #2297, #985, #1513, #2009 ) ) ;
#963 = CIRCLE ( 'NONE', #2421, 1.999999999999998224 ) ;
#964 = CARTESIAN_POINT ( 'NONE',  ( 23.88523111606722082, 15.12427338891998652, 2.828274297372463053 ) ) ;
#965 = LINE ( 'NONE', #2125, #1532 ) ;
#966 = CARTESIAN_POINT ( 'NONE',  ( 19.00000000001303491, 2.326828918381567230E-15, -44.48529157252514921 ) ) ;
#967 = ORIENTED_EDGE ( 'NONE', *, *, #902, .F. ) ;
#968 = CARTESIAN_POINT ( 'NONE',  ( 21.69420112886762197, 19.34504201179581528, 21.29288804184808370 ) ) ;
#969 = EDGE_CURVE ( 'NONE', #1909, #874, #1152, .T. ) ;
#970 = EDGE_LOOP ( 'NONE', ( #2165, #167, #2255, #8 ) ) ;
#971 = FACE_OUTER_BOUND ( 'NONE', #1844, .T. ) ;
#972 = EDGE_CURVE ( 'NONE', #799, #2268, #127, .T. ) ;
#973 = DIRECTION ( 'NONE',  ( -1.000000000000000000, 0.000000000000000000, 0.000000000000000000 ) ) ;
#974 = ORIENTED_EDGE ( 'NONE', *, *, #1948, .T. ) ;
#975 = CARTESIAN_POINT ( 'NONE',  ( 21.66100140002455277, 10.45526165477329172, 23.03492512502157652 ) ) ;
#976 = CARTESIAN_POINT ( 'NONE',  ( 18.00000000000000355, 18.00000000000000000, 31.50000000000000000 ) ) ;
#977 = AXIS2_PLACEMENT_3D ( 'NONE', #1988, #139, #497 ) ;
#978 = DIRECTION ( 'NONE',  ( 0.000000000000000000, 0.000000000000000000, -1.000000000000000000 ) ) ;
#979 = EDGE_LOOP ( 'NONE', ( #2195, #1021, #563, #1258 ) ) ;
#980 = PLANE ( 'NONE',  #140 ) ;
#981 = DIRECTION ( 'NONE',  ( 1.000000000000000000, -0.000000000000000000, -0.000000000000000000 ) ) ;
#982 = ADVANCED_FACE ( 'NONE', ( #1165 ), #2316, .F. ) ;
#983 = VERTEX_POINT ( 'NONE', #1377 ) ;
#984 = DIRECTION ( 'NONE',  ( 0.000000000000000000, 0.000000000000000000, 1.000000000000000000 ) ) ;
#985 = ORIENTED_EDGE ( 'NONE', *, *, #541, .F. ) ;
#986 = EDGE_CURVE ( 'NONE', #558, #1885, #38, .T. ) ;
#987 = LINE ( 'NONE', #2113, #1523 ) ;
#988 = CARTESIAN_POINT ( 'NONE',  ( -17.25000000000000000, 17.24999999999999645, 28.50000000000000000 ) ) ;
#989 = CARTESIAN_POINT ( 'NONE',  ( -21.75000000000000355, 18.74999999999997868, -3.000000000000000000 ) ) ;
#990 = ORIENTED_EDGE ( 'NONE', *, *, #969, .F. ) ;
#991 = CARTESIAN_POINT ( 'NONE',  ( 21.20636307151621125, 20.47675968382480605, 21.80584865447196918 ) ) ;
#992 = DIRECTION ( 'NONE',  ( -1.000000000000000000, 1.750346767990452863E-20, -0.000000000000000000 ) ) ;
#993 = DIRECTION ( 'NONE',  ( -1.000000000000000000, 1.750346767990452863E-20, -0.000000000000000000 ) ) ;
#994 = EDGE_CURVE ( 'NONE', #1384, #790, #949, .T. ) ;
#995 = ORIENTED_EDGE ( 'NONE', *, *, #1887, .T. ) ;
#996 = AXIS2_PLACEMENT_3D ( 'NONE', #377, #1285, #358 ) ;
#997 = DIRECTION ( 'NONE',  ( -0.000000000000000000, -0.000000000000000000, -1.000000000000000000 ) ) ;
#998 = CARTESIAN_POINT ( 'NONE',  ( 21.92250224231458233, 16.96436656567069079, 7.370010832759456676 ) ) ;
#999 = CARTESIAN_POINT ( 'NONE',  ( 20.00000000000000000, 15.25000000000001421, -3.000000000000000000 ) ) ;
#1000 = DIRECTION ( 'NONE',  ( 0.000000000000000000, 0.000000000000000000, 1.000000000000000000 ) ) ;
#1001 = ORIENTED_EDGE ( 'NONE', *, *, #1364, .T. ) ;
#1002 = LINE ( 'NONE', #1754, #177 ) ;
#1003 = CARTESIAN_POINT ( 'NONE',  ( 16.00000000000000000, 15.99999999999999645, 0.000000000000000000 ) ) ;
#1004 = CARTESIAN_POINT ( 'NONE',  ( 24.75000000000000000, 18.00000000000000000, 28.50000000000000000 ) ) ;
#1005 = EDGE_CURVE ( 'NONE', #1294, #59, #789, .T. ) ;
#1006 = EDGE_LOOP ( 'NONE', ( #2064, #1966, #1334, #1651 ) ) ;
#1007 = CARTESIAN_POINT ( 'NONE',  ( 17.24999999999998224, 20.24999999999999645, 28.50000000000000000 ) ) ;
#1008 = CARTESIAN_POINT ( 'NONE',  ( 23.03389026556642705, 10.00000000000000000, 24.85000000000000497 ) ) ;
#1009 = EDGE_CURVE ( 'NONE', #2158, #774, #801, .T. ) ;
#1010 = LINE ( 'NONE', #2140, #95 ) ;
#1011 = ORIENTED_EDGE ( 'NONE', *, *, #2306, .T. ) ;
#1012 = DIRECTION ( 'NONE',  ( -0.000000000000000000, -0.000000000000000000, 1.000000000000000000 ) ) ;
#1013 = EDGE_CURVE ( 'NONE', #1263, #2045, #631, .T. ) ;
#1014 = CARTESIAN_POINT ( 'NONE',  ( 19.00000000001303491, 2.326828918381567230E-15, -2.000000000000001776 ) ) ;
#1015 = FACE_OUTER_BOUND ( 'NONE', #1323, .T. ) ;
#1016 = VERTEX_POINT ( 'NONE', #1758 ) ;
#1017 = DIRECTION ( 'NONE',  ( -1.000000000000000000, 0.000000000000000000, 0.000000000000000000 ) ) ;
#1018 = CARTESIAN_POINT ( 'NONE',  ( 21.75901671903952561, 17.73213684121947864, 7.256851114846988970 ) ) ;
#1019 = VECTOR ( 'NONE', #467, 1000.000000000000000 ) ;
#1020 = AXIS2_PLACEMENT_3D ( 'NONE', #1547, #618, #1363 ) ;
#1021 = ORIENTED_EDGE ( 'NONE', *, *, #1556, .F. ) ;
#1022 = CARTESIAN_POINT ( 'NONE',  ( -16.00000000000000000, 15.99999999999999645, 28.50000000000000000 ) ) ;
#1023 = ORIENTED_EDGE ( 'NONE', *, *, #52, .F. ) ;
#1024 = CARTESIAN_POINT ( 'NONE',  ( 23.57404796879308506, -8.544500781088727210E-16, -2.000000000000000000 ) ) ;
#1025 = LINE ( 'NONE', #1511, #196 ) ;
#1026 = CARTESIAN_POINT ( 'NONE',  ( -21.75000000000000355, -1.836970198721034125E-16, -3.000000000000000000 ) ) ;
#1027 = CARTESIAN_POINT ( 'NONE',  ( 21.75000000000000355, 17.99999999999999645, 7.249999999999997335 ) ) ;
#1028 = ORIENTED_EDGE ( 'NONE', *, *, #690, .F. ) ;
#1029 = CARTESIAN_POINT ( 'NONE',  ( 23.75399282568702475, 15.16674245697318568, 20.79785243981385534 ) ) ;
#1030 = CARTESIAN_POINT ( 'NONE',  ( 22.26204362287469962, 10.16304657209716744, 3.974928693290151749 ) ) ;
#1031 = ORIENTED_EDGE ( 'NONE', *, *, #909, .F. ) ;
#1032 = LINE ( 'NONE', #1795, #175 ) ;
#1033 = VERTEX_POINT ( 'NONE', #805 ) ;
#1034 = CARTESIAN_POINT ( 'NONE',  ( -21.75000000000000355, -1.836970198721034125E-16, -3.000000000000000000 ) ) ;
#1035 = AXIS2_PLACEMENT_3D ( 'NONE', #473, #892, #2213 ) ;
#1036 = ORIENTED_EDGE ( 'NONE', *, *, #2121, .T. ) ;
#1037 = CARTESIAN_POINT ( 'NONE',  ( 23.25000000000000355, 15.40192378864668221, 20.75000000000000000 ) ) ;
#1038 = CIRCLE ( 'NONE', #653, 1.500000000000001332 ) ;
#1039 = ORIENTED_EDGE ( 'NONE', *, *, #1759, .T. ) ;
#1040 = EDGE_CURVE ( 'NONE', #1033, #1286, #1522, .T. ) ;
#1041 = CARTESIAN_POINT ( 'NONE',  ( 21.75000000000000355, 17.99999999999999645, 25.24999999999999289 ) ) ;
#1042 =( NAMED_UNIT ( * ) SI_UNIT ( $, .STERADIAN. ) SOLID_ANGLE_UNIT ( ) );
#1043 = ORIENTED_EDGE ( 'NONE', *, *, #2223, .T. ) ;
#1044 = EDGE_CURVE ( 'NONE', #2086, #59, #1712, .T. ) ;
#1045 = CARTESIAN_POINT ( 'NONE',  ( 21.97297074041350129, 10.28089006743894629, 4.264575771326238218 ) ) ;
#1046 =( LENGTH_UNIT ( ) NAMED_UNIT ( * ) SI_UNIT ( .MILLI., .METRE. ) );
#1047 = CARTESIAN_POINT ( 'NONE',  ( 24.75000000000000000, 18.00000000000000000, 0.000000000000000000 ) ) ;
#1048 = B_SPLINE_CURVE_WITH_KNOTS ( 'NONE', 3,
 ( #475, #1061, #1234, #1982, #885, #2021, #2159, #1434, #1634, #686, #110, #1822 ),
 .UNSPECIFIED., .F., .F.,
 ( 4, 2, 2, 2, 2, 4 ),
 ( 0.01427212351050600840, 0.01506092364466755928, 0.01584972377882910843, 0.01663852391299066105, 0.01703292398007143216, 0.01742732404715220326 ),
 .UNSPECIFIED. ) ;
#1049 = ORIENTED_EDGE ( 'NONE', *, *, #1094, .T. ) ;
#1050 = CARTESIAN_POINT ( 'NONE',  ( 24.75000000000002132, 15.00000000000000000, 3.250000000000018652 ) ) ;
#1051 = ORIENTED_EDGE ( 'NONE', *, *, #2121, .F. ) ;
#1052 = CARTESIAN_POINT ( 'NONE',  ( 21.75000000000000355, 18.00000000000000000, 28.50000000000000000 ) ) ;
#1053 = DIRECTION ( 'NONE',  ( -0.000000000000000000, -0.000000000000000000, -1.000000000000000000 ) ) ;
#1054 = CARTESIAN_POINT ( 'NONE',  ( 26.25000000000000355, 13.25000000000000000, 31.50000000000000000 ) ) ;
#1055 = CARTESIAN_POINT ( 'NONE',  ( 21.65021505557717418, 10.46214890224995742, 5.140059628416694615 ) ) ;
#1056 =( NAMED_UNIT ( * ) SI_UNIT ( $, .STERADIAN. ) SOLID_ANGLE_UNIT ( ) );
#1057 = FACE_BOUND ( 'NONE', #438, .T. ) ;
#1058 = VECTOR ( 'NONE', #603, 1000.000000000000000 ) ;
#1059 = AXIS2_PLACEMENT_3D ( 'NONE', #1861, #1475, #2232 ) ;
#1060 = VERTEX_POINT ( 'NONE', #54 ) ;
#1061 = CARTESIAN_POINT ( 'NONE',  ( 21.75000000000001066, 17.73562387225089410, 3.250000000000005329 ) ) ;
#1062 = AXIS2_PLACEMENT_3D ( 'NONE', #1247, #1259, #673 ) ;
#1063 = ORIENTED_EDGE ( 'NONE', *, *, #1111, .T. ) ;
#1064 = LINE ( 'NONE', #1250, #89 ) ;
#1065 = ORIENTED_EDGE ( 'NONE', *, *, #1417, .T. ) ;
#1066 = DIRECTION ( 'NONE',  ( -0.000000000000000000, -0.000000000000000000, 1.000000000000000000 ) ) ;
#1067 = AXIS2_PLACEMENT_3D ( 'NONE', #626, #776, #441 ) ;
#1068 = SURFACE_STYLE_FILL_AREA ( #667 ) ;
#1069 = EDGE_CURVE ( 'NONE', #37, #347, #2280, .T. ) ;
#1070 = DIRECTION ( 'NONE',  ( -1.000000000000000000, -0.000000000000000000, -0.000000000000000000 ) ) ;
#1071 = EDGE_CURVE ( 'NONE', #862, #1472, #262, .T. ) ;
#1072 = CARTESIAN_POINT ( 'NONE',  ( 21.75000000000000355, 18.00000000000000000, 28.50000000000000000 ) ) ;
#1073 = AXIS2_PLACEMENT_3D ( 'NONE', #941, #738, #1482 ) ;
#1074 = ORIENTED_EDGE ( 'NONE', *, *, #362, .T. ) ;
#1075 = CARTESIAN_POINT ( 'NONE',  ( 24.75000000000002132, 15.00000000000000000, 28.50000000000000000 ) ) ;
#1076 = ORIENTED_EDGE ( 'NONE', *, *, #1115, .F. ) ;
#1077 = ORIENTED_EDGE ( 'NONE', *, *, #759, .F. ) ;
#1078 = CIRCLE ( 'NONE', #138, 19.00000000000086331 ) ;
#1079 = EDGE_LOOP ( 'NONE', ( #335, #1051, #1657, #1233 ) ) ;
#1080 = CARTESIAN_POINT ( 'NONE',  ( -17.99999999999998579, 20.00000000000000000, -2.000000000000000000 ) ) ;
#1081 = CARTESIAN_POINT ( 'NONE',  ( 21.57549027765982430, 19.76868902989675192, 3.392802598880535037 ) ) ;
#1082 = DIRECTION ( 'NONE',  ( 0.000000000000000000, 1.000000000000000000, 0.000000000000000000 ) ) ;
#1083 = CARTESIAN_POINT ( 'NONE',  ( 23.25000000000000355, 15.40192378864668221, 2.750000000000002665 ) ) ;
#1084 = ADVANCED_FACE ( 'NONE', ( #1537 ), #2291, .F. ) ;
#1085 = CARTESIAN_POINT ( 'NONE',  ( 24.75000000000000000, 18.00000000000000000, 28.50000000000000000 ) ) ;
#1086 = ORIENTED_EDGE ( 'NONE', *, *, #897, .T. ) ;
#1087 = EDGE_LOOP ( 'NONE', ( #257, #1895, #1875, #2330 ) ) ;
#1088 = ORIENTED_EDGE ( 'NONE', *, *, #1864, .F. ) ;
#1089 = EDGE_CURVE ( 'NONE', #1800, #2290, #432, .T. ) ;
#1090 = CARTESIAN_POINT ( 'NONE',  ( -17.99999999999998579, 20.00000000000000000, -3.000000000000000000 ) ) ;
#1091 = CARTESIAN_POINT ( 'NONE',  ( 20.85734301885458919, 20.88637312416995684, 5.988285897800840196 ) ) ;
#1092 = DIRECTION ( 'NONE',  ( -0.000000000000000000, -0.000000000000000000, 1.000000000000000000 ) ) ;
#1093 = DIRECTION ( 'NONE',  ( 0.000000000000000000, 0.000000000000000000, 1.000000000000000000 ) ) ;
#1094 = EDGE_CURVE ( 'NONE', #1264, #724, #1815, .T. ) ;
#1095 = FACE_OUTER_BOUND ( 'NONE', #275, .T. ) ;
#1096 = ORIENTED_EDGE ( 'NONE', *, *, #214, .F. ) ;
#1097 = PLANE ( 'NONE',  #1073 ) ;
#1098 = CIRCLE ( 'NONE', #44, 1.999999999999998224 ) ;
#1099 = ORIENTED_EDGE ( 'NONE', *, *, #809, .T. ) ;
#1100 = CYLINDRICAL_SURFACE ( 'NONE', #218, 1.500000000000001332 ) ;
#1101 = AXIS2_PLACEMENT_3D ( 'NONE', #65, #2111, #973 ) ;
#1102 = AXIS2_PLACEMENT_3D ( 'NONE', #1804, #125, #1999 ) ;
#1103 = CARTESIAN_POINT ( 'NONE',  ( 21.01209086938025905, 20.72306450034766812, 4.128292505716333771 ) ) ;
#1104 = CARTESIAN_POINT ( 'NONE',  ( 22.07404796879308506, -1.502256922293053821E-15, -2.500000000000015987 ) ) ;
#1105 = CARTESIAN_POINT ( 'NONE',  ( 23.25000000000002132, 10.00000000000000000, 28.50000000000000000 ) ) ;
#1106 = FACE_OUTER_BOUND ( 'NONE', #643, .T. ) ;
#1107 = CARTESIAN_POINT ( 'NONE',  ( 23.25000000000000355, 13.00000000000000000, 23.25000000000000000 ) ) ;
#1108 = ORIENTED_EDGE ( 'NONE', *, *, #2233, .T. ) ;
#1109 = DIRECTION ( 'NONE',  ( -1.000000000000000000, 0.000000000000000000, 0.000000000000000000 ) ) ;
#1110 = CARTESIAN_POINT ( 'NONE',  ( 21.73860903311441817, 19.05041864797566475, 7.241602967477824393 ) ) ;
#1111 = EDGE_CURVE ( 'NONE', #1800, #906, #399, .T. ) ;
#1112 = CARTESIAN_POINT ( 'NONE',  ( 23.57404796879308506, -8.544500781088727210E-16, -2.500000000000015987 ) ) ;
#1113 = ORIENTED_EDGE ( 'NONE', *, *, #2294, .T. ) ;
#1114 = VERTEX_POINT ( 'NONE', #1228 ) ;
#1115 = EDGE_CURVE ( 'NONE', #769, #2206, #494, .T. ) ;
#1116 = DIRECTION ( 'NONE',  ( -1.000000000000000000, 0.000000000000000000, 0.000000000000000000 ) ) ;
#1117 = CARTESIAN_POINT ( 'NONE',  ( 24.75000000000001776, 15.00000000000000000, 7.249999999999986677 ) ) ;
#1118 = DIRECTION ( 'NONE',  ( -0.000000000000000000, -0.000000000000000000, 1.000000000000000000 ) ) ;
#1119 = ORIENTED_EDGE ( 'NONE', *, *, #788, .T. ) ;
#1120 = DIRECTION ( 'NONE',  ( 0.000000000000000000, 0.000000000000000000, 1.000000000000000000 ) ) ;
#1121 = CARTESIAN_POINT ( 'NONE',  ( 21.73880322060734827, 19.04908291745691429, 3.258246592042253642 ) ) ;
#1122 = DIRECTION ( 'NONE',  ( -0.000000000000000000, -0.000000000000000000, 1.000000000000000000 ) ) ;
#1123 = CARTESIAN_POINT ( 'NONE',  ( 22.00000000000001776, 13.25000000000000178, 30.50000000000000000 ) ) ;
#1124 = AXIS2_PLACEMENT_3D ( 'NONE', #1926, #1365, #2295 ) ;
#1125 = EDGE_LOOP ( 'NONE', ( #761, #1645, #2393, #1206 ) ) ;
#1126 = ORIENTED_EDGE ( 'NONE', *, *, #1261, .T. ) ;
#1127 = CARTESIAN_POINT ( 'NONE',  ( -20.00000000000000000, -4.594660265974896373E-19, -2.000000000000000000 ) ) ;
#1128 = DIRECTION ( 'NONE',  ( 1.000000000000000000, 0.000000000000000000, 0.000000000000000000 ) ) ;
#1129 = DIRECTION ( 'NONE',  ( -1.000000000000000000, 0.000000000000000000, 0.000000000000000000 ) ) ;
#1130 = ORIENTED_EDGE ( 'NONE', *, *, #126, .F. ) ;
#1131 = CARTESIAN_POINT ( 'NONE',  ( 21.40738828005589411, 20.14898137817514367, 24.94166254329442367 ) ) ;
#1132 = DIRECTION ( 'NONE',  ( 0.000000000000000000, 1.000000000000000000, -0.000000000000000000 ) ) ;
#1133 = AXIS2_PLACEMENT_3D ( 'NONE', #2350, #283, #2182 ) ;
#1134 = VECTOR ( 'NONE', #1662, 1000.000000000000000 ) ;
#1135 = ORIENTED_EDGE ( 'NONE', *, *, #1069, .T. ) ;
#1136 = VECTOR ( 'NONE', #928, 1000.000000000000000 ) ;
#1137 = EDGE_CURVE ( 'NONE', #2118, #861, #1215, .T. ) ;
#1138 = DIRECTION ( 'NONE',  ( 0.000000000000000000, 0.000000000000000000, 1.000000000000000000 ) ) ;
#1139 = VERTEX_POINT ( 'NONE', #1054 ) ;
#1140 = DIRECTION ( 'NONE',  ( 1.000000000000000000, 0.000000000000000000, 0.000000000000000000 ) ) ;
#1141 = EDGE_CURVE ( 'NONE', #862, #1524, #912, .T. ) ;
#1142 = ADVANCED_FACE ( 'NONE', ( #1627 ), #1773, .T. ) ;
#1143 = CARTESIAN_POINT ( 'NONE',  ( 23.25000000000000355, 9.000000000000000000, 3.649999999999999467 ) ) ;
#1144 = FACE_OUTER_BOUND ( 'NONE', #899, .T. ) ;
#1145 = VERTEX_POINT ( 'NONE', #2163 ) ;
#1146 = DIRECTION ( 'NONE',  ( -1.000000000000000000, 1.530808498934189944E-15, 0.000000000000000000 ) ) ;
#1147 = EDGE_CURVE ( 'NONE', #2370, #2214, #793, .T. ) ;
#1148 = VERTEX_POINT ( 'NONE', #679 ) ;
#1149 = CARTESIAN_POINT ( 'NONE',  ( 13.99999999999999645, 15.99999999999999645, -2.500000000000015987 ) ) ;
#1150 = CIRCLE ( 'NONE', #1628, 2.000000000000001776 ) ;
#1151 = ORIENTED_EDGE ( 'NONE', *, *, #937, .T. ) ;
#1152 = LINE ( 'NONE', #395, #636 ) ;
#1153 = EDGE_LOOP ( 'NONE', ( #1210, #1858, #356, #2347, #1065, #1847 ) ) ;
#1154 = AXIS2_PLACEMENT_3D ( 'NONE', #2190, #500, #694 ) ;
#1155 = CARTESIAN_POINT ( 'NONE',  ( 21.97297074041349774, 10.28089006743894984, 22.26457577132623555 ) ) ;
#1156 = VECTOR ( 'NONE', #2130, 1000.000000000000000 ) ;
#1157 = DIRECTION ( 'NONE',  ( 1.000000000000000000, 0.000000000000000000, 0.000000000000000000 ) ) ;
#1158 = ADVANCED_FACE ( 'NONE', ( #1253 ), #1211, .F. ) ;
#1159 = CARTESIAN_POINT ( 'NONE',  ( 20.00000000000000000, 15.25000000000001421, 30.50000000000000000 ) ) ;
#1160 = ORIENTED_EDGE ( 'NONE', *, *, #2148, .F. ) ;
#1161 = CARTESIAN_POINT ( 'NONE',  ( 20.25000000000000000, 13.00000000000002132, 28.50000000000000000 ) ) ;
#1162 = CARTESIAN_POINT ( 'NONE',  ( -21.75000000000000355, -1.836970198721034125E-16, 31.50000000000000000 ) ) ;
#1163 = EDGE_CURVE ( 'NONE', #529, #1733, #1571, .T. ) ;
#1164 = ORIENTED_EDGE ( 'NONE', *, *, #891, .T. ) ;
#1165 = FACE_OUTER_BOUND ( 'NONE', #1491, .T. ) ;
#1166 = ORIENTED_EDGE ( 'NONE', *, *, #67, .F. ) ;
#1167 = CARTESIAN_POINT ( 'NONE',  ( -17.24999999999998224, 20.24999999999999645, 28.50000000000000000 ) ) ;
#1168 = LINE ( 'NONE', #107, #1340 ) ;
#1169 = ORIENTED_EDGE ( 'NONE', *, *, #737, .T. ) ;
#1170 = CARTESIAN_POINT ( 'NONE',  ( 22.00000000000000000, 15.25000000000000000, -2.000000000000000000 ) ) ;
#1171 = EDGE_CURVE ( 'NONE', #2335, #1145, #2257, .T. ) ;
#1172 = MANIFOLD_SOLID_BREP ( '«–≥˝-¿≠…Ï7', #2254 ) ;
#1173 = VERTEX_POINT ( 'NONE', #1309 ) ;
#1174 = FACE_OUTER_BOUND ( 'NONE', #979, .T. ) ;
#1175 = DIRECTION ( 'NONE',  ( 0.000000000000000000, 0.000000000000000000, -1.000000000000000000 ) ) ;
#1176 = CARTESIAN_POINT ( 'NONE',  ( 20.25000000000000000, 17.24999999999997868, 0.000000000000000000 ) ) ;
#1177 = EDGE_LOOP ( 'NONE', ( #1724, #1369, #974, #1726 ) ) ;
#1178 = CARTESIAN_POINT ( 'NONE',  ( -18.75000000000000355, 18.75000000000000000, 31.50000000000000000 ) ) ;
#1179 = VECTOR ( 'NONE', #1540, 1000.000000000000000 ) ;
#1180 = LINE ( 'NONE', #460, #1562 ) ;
#1181 = CARTESIAN_POINT ( 'NONE',  ( 22.00000000000000000, 15.25000000000000000, 30.50000000000000000 ) ) ;
#1182 = EDGE_CURVE ( 'NONE', #1249, #1307, #2352, .T. ) ;
#1183 = DIRECTION ( 'NONE',  ( -0.000000000000000000, 1.000000000000000000, -0.000000000000000000 ) ) ;
#1184 = VERTEX_POINT ( 'NONE', #1682 ) ;
#1185 = CARTESIAN_POINT ( 'NONE',  ( 19.00000000001303491, 2.326828918381567230E-15, 0.000000000000000000 ) ) ;
#1186 = CARTESIAN_POINT ( 'NONE',  ( -14.00000000000000000, 15.99999999999999645, -2.500000000000015987 ) ) ;
#1187 = DIRECTION ( 'NONE',  ( -1.000000000000000000, 0.000000000000000000, 0.000000000000000000 ) ) ;
#1188 = ORIENTED_EDGE ( 'NONE', *, *, #729, .F. ) ;
#1189 = AXIS2_PLACEMENT_3D ( 'NONE', #1383, #647, #2117 ) ;
#1190 = ADVANCED_FACE ( 'NONE', ( #2050 ), #1640, .F. ) ;
#1191 = CARTESIAN_POINT ( 'NONE',  ( -20.25000000000000000, 17.24999999999997868, 28.50000000000000000 ) ) ;
#1192 = CYLINDRICAL_SURFACE ( 'NONE', #1124, 1.999999999999998224 ) ;
#1193 = EDGE_CURVE ( 'NONE', #675, #1610, #1451, .T. ) ;
#1194 = DIRECTION ( 'NONE',  ( -0.000000000000000000, -0.000000000000000000, 1.000000000000000000 ) ) ;
#1195 = VERTEX_POINT ( 'NONE', #169 ) ;
#1196 = VECTOR ( 'NONE', #1649, 1000.000000000000000 ) ;
#1197 = LINE ( 'NONE', #228, #1865 ) ;
#1198 = ORIENTED_EDGE ( 'NONE', *, *, #2324, .T. ) ;
#1199 = DIRECTION ( 'NONE',  ( -0.000000000000000000, -0.000000000000000000, 1.000000000000000000 ) ) ;
#1200 = DIRECTION ( 'NONE',  ( 0.000000000000000000, 1.000000000000000000, 0.000000000000000000 ) ) ;
#1201 = CARTESIAN_POINT ( 'NONE',  ( 22.44030845341429270, 16.06787245532853703, 20.87715285936999621 ) ) ;
#1202 = ORIENTED_EDGE ( 'NONE', *, *, #1879, .T. ) ;
#1203 = DIRECTION ( 'NONE',  ( -1.000000000000000000, 0.000000000000000000, 0.000000000000000000 ) ) ;
#1204 = CARTESIAN_POINT ( 'NONE',  ( 24.75000000000000000, 18.00000000000000000, -3.000000000000000000 ) ) ;
#1205 = DIRECTION ( 'NONE',  ( -1.000000000000000000, 0.000000000000000000, 0.000000000000000000 ) ) ;
#1206 = ORIENTED_EDGE ( 'NONE', *, *, #735, .T. ) ;
#1207 = LINE ( 'NONE', #852, #2172 ) ;
#1208 = CARTESIAN_POINT ( 'NONE',  ( -21.75000000000000355, -1.836970198721034125E-16, 0.000000000000000000 ) ) ;
#1209 = DIRECTION ( 'NONE',  ( 0.000000000000000000, 0.000000000000000000, -1.000000000000000000 ) ) ;
#1210 = ORIENTED_EDGE ( 'NONE', *, *, #2074, .T. ) ;
#1211 = CYLINDRICAL_SURFACE ( 'NONE', #1535, 1.600000000000001643 ) ;
#1212 = B_SPLINE_CURVE_WITH_KNOTS ( 'NONE', 3,
 ( #2124, #807, #237, #597, #2100, #225, #1737, #619, #998, #2371, #128, #1018, #1617, #2397 ),
 .UNSPECIFIED., .F., .F.,
 ( 4, 2, 2, 2, 2, 2, 4 ),
 ( 0.02534806361016084253, 0.02574155994036310749, 0.02613505627056536898, 0.02692204893096990584, 0.02770904159137443923, 0.02810253792157671113, 0.02849603425177897956 ),
 .UNSPECIFIED. ) ;
#1213 = CARTESIAN_POINT ( 'NONE',  ( 23.14207400094692701, 10.00000000000000000, 3.650000000000002132 ) ) ;
#1214 = VECTOR ( 'NONE', #1465, 1000.000000000000000 ) ;
#1215 = CIRCLE ( 'NONE', #1774, 1.500000000000001332 ) ;
#1216 = APPLICATION_PROTOCOL_DEFINITION ( 'draft international standard', 'automotive_design', 1998, #2152 ) ;
#1217 = ORIENTED_EDGE ( 'NONE', *, *, #191, .T. ) ;
#1218 = PRODUCT_DEFINITION_FORMATION_WITH_SPECIFIED_SOURCE ( '»Œ∫Œ', '', #1321, .NOT_KNOWN. ) ;
#1219 = LINE ( 'NONE', #290, #1709 ) ;
#1220 = EDGE_CURVE ( 'NONE', #2268, #109, #2396, .T. ) ;
#1221 = ORIENTED_EDGE ( 'NONE', *, *, #126, .T. ) ;
#1222 = ORIENTED_EDGE ( 'NONE', *, *, #829, .T. ) ;
#1223 = PLANE ( 'NONE',  #363 ) ;
#1224 = ORIENTED_EDGE ( 'NONE', *, *, #362, .F. ) ;
#1225 = CARTESIAN_POINT ( 'NONE',  ( -16.00000000000000000, 15.99999999999999645, -2.000000000000000000 ) ) ;
#1226 = EDGE_CURVE ( 'NONE', #540, #675, #322, .T. ) ;
#1227 = CARTESIAN_POINT ( 'NONE',  ( 17.24999999999998224, 20.24999999999999645, 28.50000000000000000 ) ) ;
#1228 = CARTESIAN_POINT ( 'NONE',  ( -18.00000000000000355, 15.99999999999999645, 28.50000000000000000 ) ) ;
#1229 = EDGE_LOOP ( 'NONE', ( #348, #1548, #291, #1401 ) ) ;
#1230 = CARTESIAN_POINT ( 'NONE',  ( 21.85488476151629555, 10.34250356862119880, 6.060911175504269721 ) ) ;
#1231 = CARTESIAN_POINT ( 'NONE',  ( -17.25000000000000000, 17.24999999999999645, 0.000000000000000000 ) ) ;
#1232 = CARTESIAN_POINT ( 'NONE',  ( -19.00000000001303491, 0.000000000000000000, 0.000000000000000000 ) ) ;
#1233 = ORIENTED_EDGE ( 'NONE', *, *, #52, .T. ) ;
#1234 = CARTESIAN_POINT ( 'NONE',  ( 21.78601206081054897, 17.46816846518894906, 3.221826418236838574 ) ) ;
#1235 = AXIS2_PLACEMENT_3D ( 'NONE', #1808, #1980, #705 ) ;
#1236 = ORIENTED_EDGE ( 'NONE', *, *, #115, .T. ) ;
#1237 = CARTESIAN_POINT ( 'NONE',  ( 22.81387062797814025, 15.70460044171198177, 20.78607279986846734 ) ) ;
#1238 = CIRCLE ( 'NONE', #2229, 1.999999999999998224 ) ;
#1239 = ORIENTED_EDGE ( 'NONE', *, *, #2432, .F. ) ;
#1240 = CYLINDRICAL_SURFACE ( 'NONE', #23, 2.999999999999999112 ) ;
#1241 = EDGE_CURVE ( 'NONE', #1616, #195, #2221, .T. ) ;
#1242 = VERTEX_POINT ( 'NONE', #533 ) ;
#1243 = CARTESIAN_POINT ( 'NONE',  ( 21.75000000000000355, 18.00000000000000000, -3.000000000000000000 ) ) ;
#1244 = CARTESIAN_POINT ( 'NONE',  ( 22.00000000000001776, 13.25000000000000178, -2.000000000000000000 ) ) ;
#1245 = ADVANCED_FACE ( 'NONE', ( #2418 ), #2427, .F. ) ;
#1246 = ORIENTED_EDGE ( 'NONE', *, *, #1698, .T. ) ;
#1247 = CARTESIAN_POINT ( 'NONE',  ( 23.25000000000002132, 10.00000000000000000, 28.50000000000000000 ) ) ;
#1248 = ADVANCED_FACE ( 'NONE', ( #2242, #554, #2062 ), #370, .F. ) ;
#1249 = VERTEX_POINT ( 'NONE', #1897 ) ;
#1250 = CARTESIAN_POINT ( 'NONE',  ( 18.74999999999998224, 21.75000000000000000, -3.000000000000000000 ) ) ;
#1251 = ORIENTED_EDGE ( 'NONE', *, *, #909, .T. ) ;
#1252 = CARTESIAN_POINT ( 'NONE',  ( 18.00000000000000355, 15.99999999999999645, 30.50000000000000000 ) ) ;
#1253 = FACE_OUTER_BOUND ( 'NONE', #374, .T. ) ;
#1254 = DIRECTION ( 'NONE',  ( -0.000000000000000000, -0.000000000000000000, -1.000000000000000000 ) ) ;
#1255 = PLANE ( 'NONE',  #341 ) ;
#1256 = AXIS2_PLACEMENT_3D ( 'NONE', #1582, #84, #840 ) ;
#1257 = AXIS2_PLACEMENT_3D ( 'NONE', #845, #869, #1017 ) ;
#1258 = ORIENTED_EDGE ( 'NONE', *, *, #21, .T. ) ;
#1259 = DIRECTION ( 'NONE',  ( 0.000000000000000000, 1.000000000000000000, 0.000000000000000000 ) ) ;
#1260 = ORIENTED_EDGE ( 'NONE', *, *, #1637, .T. ) ;
#1261 = EDGE_CURVE ( 'NONE', #1329, #1909, #1519, .T. ) ;
#1262 = CIRCLE ( 'NONE', #241, 2.999999999999999112 ) ;
#1263 = VERTEX_POINT ( 'NONE', #1531 ) ;
#1264 = VERTEX_POINT ( 'NONE', #220 ) ;
#1265 = LINE ( 'NONE', #887, #343 ) ;
#1266 = VECTOR ( 'NONE', #1933, 1000.000000000000000 ) ;
#1267 = CARTESIAN_POINT ( 'NONE',  ( 21.20636307151621480, 20.47675968382480605, 3.805848654471970072 ) ) ;
#1268 = EDGE_CURVE ( 'NONE', #1659, #195, #2277, .T. ) ;
#1269 = FACE_OUTER_BOUND ( 'NONE', #2321, .T. ) ;
#1270 = LINE ( 'NONE', #2031, #1392 ) ;
#1271 = AXIS2_PLACEMENT_3D ( 'NONE', #276, #1578, #1395 ) ;
#1272 = EDGE_CURVE ( 'NONE', #299, #1994, #2369, .T. ) ;
#1273 = CYLINDRICAL_SURFACE ( 'NONE', #1573, 2.999999999999999112 ) ;
#1274 = ORIENTED_EDGE ( 'NONE', *, *, #2283, .T. ) ;
#1275 = ORIENTED_EDGE ( 'NONE', *, *, #1492, .T. ) ;
#1276 = AXIS2_PLACEMENT_3D ( 'NONE', #2430, #401, #163 ) ;
#1277 = ORIENTED_EDGE ( 'NONE', *, *, #1272, .F. ) ;
#1278 = CYLINDRICAL_SURFACE ( 'NONE', #2035, 1.999999999999998224 ) ;
#1279 = VECTOR ( 'NONE', #748, 1000.000000000000000 ) ;
#1280 = CARTESIAN_POINT ( 'NONE',  ( 21.66092193160921298, 19.49008426092382251, 7.180803533293322438 ) ) ;
#1281 = CARTESIAN_POINT ( 'NONE',  ( -16.00000000000000000, 15.99999999999999645, -2.500000000000015987 ) ) ;
#1282 = LINE ( 'NONE', #1105, #1471 ) ;
#1283 = PLANE ( 'NONE',  #715 ) ;
#1284 = VERTEX_POINT ( 'NONE', #592 ) ;
#1285 = DIRECTION ( 'NONE',  ( -0.000000000000000000, -1.000000000000000000, -0.000000000000000000 ) ) ;
#1286 = VERTEX_POINT ( 'NONE', #1708 ) ;
#1287 = DIRECTION ( 'NONE',  ( 1.000000000000000000, 0.000000000000000000, 0.000000000000000000 ) ) ;
#1288 = CARTESIAN_POINT ( 'NONE',  ( 20.95550995059448951, 20.78487360359792646, 6.252591097853231972 ) ) ;
#1289 = DIRECTION ( 'NONE',  ( -0.000000000000000000, -1.000000000000000000, -0.000000000000000000 ) ) ;
#1290 = CARTESIAN_POINT ( 'NONE',  ( 21.75000000000000355, 18.75000000000000000, 7.249999999999997335 ) ) ;
#1291 = CARTESIAN_POINT ( 'NONE',  ( 18.74999999999998224, 21.75000000000000000, 31.50000000000000000 ) ) ;
#1292 = ADVANCED_FACE ( 'NONE', ( #51 ), #1373, .F. ) ;
#1293 = ORIENTED_EDGE ( 'NONE', *, *, #994, .T. ) ;
#1294 = VERTEX_POINT ( 'NONE', #206 ) ;
#1295 = CARTESIAN_POINT ( 'NONE',  ( -18.00000000000000355, 18.00000000000000355, -2.000000000000000000 ) ) ;
#1296 = AXIS2_PLACEMENT_3D ( 'NONE', #1735, #2305, #2267 ) ;
#1297 = DIRECTION ( 'NONE',  ( -0.000000000000000000, -0.000000000000000000, -1.000000000000000000 ) ) ;
#1298 = ADVANCED_FACE ( 'NONE', ( #62 ), #1322, .F. ) ;
#1299 = DIRECTION ( 'NONE',  ( 1.000000000000000000, 0.000000000000000000, 0.000000000000000000 ) ) ;
#1300 = ORIENTED_EDGE ( 'NONE', *, *, #2294, .F. ) ;
#1301 = ORIENTED_EDGE ( 'NONE', *, *, #820, .F. ) ;
#1302 = AXIS2_PLACEMENT_3D ( 'NONE', #1937, #1352, #984 ) ;
#1303 = CYLINDRICAL_SURFACE ( 'NONE', #1276, 2.000000000000001776 ) ;
#1304 = CARTESIAN_POINT ( 'NONE',  ( 16.00000000000000000, 15.99999999999999645, 30.50000000000000000 ) ) ;
#1305 = AXIS2_PLACEMENT_3D ( 'NONE', #920, #2248, #1904 ) ;
#1306 = FACE_OUTER_BOUND ( 'NONE', #2309, .T. ) ;
#1307 = VERTEX_POINT ( 'NONE', #409 ) ;
#1308 = CARTESIAN_POINT ( 'NONE',  ( 20.74983464128038335, 20.98621587903974728, 23.10201743037868383 ) ) ;
#1309 = CARTESIAN_POINT ( 'NONE',  ( -21.75000000000000355, -1.836970198721034125E-16, 31.50000000000000000 ) ) ;
#1310 = AXIS2_PLACEMENT_3D ( 'NONE', #354, #198, #1666 ) ;
#1311 = VECTOR ( 'NONE', #1012, 1000.000000000000000 ) ;
#1312 = CARTESIAN_POINT ( 'NONE',  ( 23.25000000000000355, 13.00000000000000000, 20.75000000000000000 ) ) ;
#1313 = VERTEX_POINT ( 'NONE', #35 ) ;
#1314 = ORIENTED_EDGE ( 'NONE', *, *, #1193, .F. ) ;
#1315 = FACE_OUTER_BOUND ( 'NONE', #2187, .T. ) ;
#1316 = CARTESIAN_POINT ( 'NONE',  ( -19.00000000001303491, 0.000000000000000000, -44.48529157252514921 ) ) ;
#1317 = PLANE ( 'NONE',  #1744 ) ;
#1318 = ORIENTED_EDGE ( 'NONE', *, *, #2234, .T. ) ;
#1319 = DIRECTION ( 'NONE',  ( 1.000000000000000000, 0.000000000000000000, 0.000000000000000000 ) ) ;
#1320 = EDGE_CURVE ( 'NONE', #378, #1616, #1746, .T. ) ;
#1321 = PRODUCT ( '40∑Á…»ƒ·¡˙', '40∑Á…»ƒ·¡˙', '', ( #2199 ) ) ;
#1322 = PLANE ( 'NONE',  #2057 ) ;
#1323 = EDGE_LOOP ( 'NONE', ( #1011, #1497, #580, #1423 ) ) ;
#1324 = EDGE_CURVE ( 'NONE', #1173, #648, #959, .T. ) ;
#1325 = LINE ( 'NONE', #581, #2333 ) ;
#1326 = EDGE_CURVE ( 'NONE', #2360, #529, #1378, .T. ) ;
#1327 = DIRECTION ( 'NONE',  ( -0.000000000000000000, 1.000000000000000000, -0.000000000000000000 ) ) ;
#1328 = CIRCLE ( 'NONE', #1647, 2.000000000000003553 ) ;
#1329 = VERTEX_POINT ( 'NONE', #10 ) ;
#1330 = CYLINDRICAL_SURFACE ( 'NONE', #451, 2.000000000000000000 ) ;
#1331 = EDGE_CURVE ( 'NONE', #2360, #505, #233, .T. ) ;
#1332 = CYLINDRICAL_SURFACE ( 'NONE', #835, 2.499999999999998668 ) ;
#1333 = CARTESIAN_POINT ( 'NONE',  ( 24.75000000000000000, 18.00000000000000000, -3.000000000000000000 ) ) ;
#1334 = ORIENTED_EDGE ( 'NONE', *, *, #16, .F. ) ;
#1335 = CYLINDRICAL_SURFACE ( 'NONE', #2150, 2.000000000000001776 ) ;
#1336 = EDGE_LOOP ( 'NONE', ( #1198, #2380, #1802, #864 ) ) ;
#1337 = DIRECTION ( 'NONE',  ( 0.000000000000000000, 0.000000000000000000, -1.000000000000000000 ) ) ;
#1338 = CIRCLE ( 'NONE', #1534, 2.999999999999999112 ) ;
#1339 = AXIS2_PLACEMENT_3D ( 'NONE', #880, #88, #1203 ) ;
#1340 = VECTOR ( 'NONE', #2189, 1000.000000000000000 ) ;
#1341 = DIRECTION ( 'NONE',  ( -0.000000000000000000, -0.000000000000000000, -1.000000000000000000 ) ) ;
#1342 = ORIENTED_EDGE ( 'NONE', *, *, #564, .T. ) ;
#1343 = EDGE_CURVE ( 'NONE', #1941, #2158, #2107, .T. ) ;
#1344 = CARTESIAN_POINT ( 'NONE',  ( 22.26204362287469962, 10.16304657209716744, 21.97492869329015264 ) ) ;
#1345 = CARTESIAN_POINT ( 'NONE',  ( 23.25000000000002132, 10.00000000000000000, 28.50000000000000000 ) ) ;
#1346 = ADVANCED_FACE ( 'NONE', ( #971 ), #2301, .F. ) ;
#1347 = LINE ( 'NONE', #612, #611 ) ;
#1348 = VERTEX_POINT ( 'NONE', #1507 ) ;
#1349 = DIRECTION ( 'NONE',  ( -0.000000000000000000, 0.000000000000000000, -1.000000000000000000 ) ) ;
#1350 = DIRECTION ( 'NONE',  ( 1.000000000000000000, 3.817449038448039903E-18, 0.000000000000000000 ) ) ;
#1351 = ORIENTED_EDGE ( 'NONE', *, *, #1626, .T. ) ;
#1352 = DIRECTION ( 'NONE',  ( 0.000000000000000000, 1.000000000000000000, 0.000000000000000000 ) ) ;
#1353 = AXIS2_PLACEMENT_3D ( 'NONE', #174, #1876, #2236 ) ;
#1354 = EDGE_CURVE ( 'NONE', #906, #558, #763, .T. ) ;
#1355 = CARTESIAN_POINT ( 'NONE',  ( 24.75000000000002132, 15.00000000000000000, 3.250000000000018652 ) ) ;
#1356 = AXIS2_PLACEMENT_3D ( 'NONE', #1681, #2231, #2083 ) ;
#1357 = CARTESIAN_POINT ( 'NONE',  ( 16.00000000000000000, 15.99999999999999645, 28.50000000000000000 ) ) ;
#1358 = ORIENTED_EDGE ( 'NONE', *, *, #455, .T. ) ;
#1359 = DIRECTION ( 'NONE',  ( -0.000000000000000000, -0.000000000000000000, 1.000000000000000000 ) ) ;
#1360 = ORIENTED_EDGE ( 'NONE', *, *, #40, .T. ) ;
#1361 = LINE ( 'NONE', #71, #454 ) ;
#1362 = CARTESIAN_POINT ( 'NONE',  ( 16.00000000000000000, 15.99999999999999645, 28.50000000000000000 ) ) ;
#1363 = DIRECTION ( 'NONE',  ( 1.000000000000000000, 0.000000000000000000, 0.000000000000000000 ) ) ;
#1364 = EDGE_CURVE ( 'NONE', #769, #540, #430, .T. ) ;
#1365 = DIRECTION ( 'NONE',  ( -0.000000000000000000, -0.000000000000000000, -1.000000000000000000 ) ) ;
#1366 = DIRECTION ( 'NONE',  ( -0.000000000000000000, -0.000000000000000000, -1.000000000000000000 ) ) ;
#1367 = ORIENTED_EDGE ( 'NONE', *, *, #870, .F. ) ;
#1368 = CARTESIAN_POINT ( 'NONE',  ( 21.75000000000000355, 13.00000000000000000, 7.249999999999997335 ) ) ;
#1369 = ORIENTED_EDGE ( 'NONE', *, *, #552, .F. ) ;
#1370 = CARTESIAN_POINT ( 'NONE',  ( 21.66072927747627119, 19.49079533072549353, 21.31935669595195648 ) ) ;
#1371 = EDGE_CURVE ( 'NONE', #774, #1263, #2264, .T. ) ;
#1372 = CARTESIAN_POINT ( 'NONE',  ( 24.27254220843826005, 15.02636285021842610, 7.547283105736595665 ) ) ;
#1373 = CYLINDRICAL_SURFACE ( 'NONE', #477, 2.999999999999999112 ) ;
#1374 = VERTEX_POINT ( 'NONE', #2314 ) ;
#1375 = VECTOR ( 'NONE', #1122, 1000.000000000000000 ) ;
#1376 = EDGE_CURVE ( 'NONE', #2146, #2261, #1890, .T. ) ;
#1377 = CARTESIAN_POINT ( 'NONE',  ( 26.25000000000000355, 13.25000000000000000, 30.50000000000000000 ) ) ;
#1378 = CIRCLE ( 'NONE', #2136, 2.000000000000003553 ) ;
#1379 = VECTOR ( 'NONE', #1993, 1000.000000000000000 ) ;
#1380 = CARTESIAN_POINT ( 'NONE',  ( 22.43636040389309017, 10.10578577844427528, 24.64333180197417406 ) ) ;
#1381 = DIRECTION ( 'NONE',  ( -1.000000000000000000, 0.000000000000000000, 0.000000000000000000 ) ) ;
#1382 = VECTOR ( 'NONE', #1558, 1000.000000000000000 ) ;
#1383 = CARTESIAN_POINT ( 'NONE',  ( -16.00000000000000000, 15.99999999999999645, -2.000000000000000000 ) ) ;
#1384 = VERTEX_POINT ( 'NONE', #1596 ) ;
#1385 = LINE ( 'NONE', #785, #1835 ) ;
#1386 = CARTESIAN_POINT ( 'NONE',  ( 23.88644242017433683, 15.12391076865709039, 7.671407979830698665 ) ) ;
#1387 = CARTESIAN_POINT ( 'NONE',  ( 23.25000000000000355, 13.00000000000000000, 23.25000000000000000 ) ) ;
#1388 = ORIENTED_EDGE ( 'NONE', *, *, #1603, .T. ) ;
#1389 = VECTOR ( 'NONE', #1553, 1000.000000000000000 ) ;
#1390 = CARTESIAN_POINT ( 'NONE',  ( 24.75000000000002132, 15.00000000000000000, 28.50000000000000000 ) ) ;
#1391 = CARTESIAN_POINT ( 'NONE',  ( 22.43652816070508749, 10.10565661917471658, 21.85638745088711943 ) ) ;
#1392 = VECTOR ( 'NONE', #850, 1000.000000000000000 ) ;
#1393 = ORIENTED_EDGE ( 'NONE', *, *, #200, .F. ) ;
#1394 = AXIS2_PLACEMENT_3D ( 'NONE', #678, #867, #2395 ) ;
#1395 = DIRECTION ( 'NONE',  ( 1.000000000000000000, 0.000000000000000000, 0.000000000000000000 ) ) ;
#1396 = VERTEX_POINT ( 'NONE', #85 ) ;
#1397 = CARTESIAN_POINT ( 'NONE',  ( 22.07404796879308506, -1.502256922293053821E-15, 28.50000000000000000 ) ) ;
#1398 = CARTESIAN_POINT ( 'NONE',  ( -1.174494529410097243E-11, 5.154297127996088079E-12, -2.500000000000015987 ) ) ;
#1399 = LINE ( 'NONE', #1052, #750 ) ;
#1400 = ADVANCED_FACE ( 'NONE', ( #1015 ), #295, .F. ) ;
#1401 = ORIENTED_EDGE ( 'NONE', *, *, #49, .F. ) ;
#1402 = CARTESIAN_POINT ( 'NONE',  ( 26.25000000000000355, -4.594660265974938744E-19, 30.50000000000000000 ) ) ;
#1403 = EDGE_LOOP ( 'NONE', ( #723, #1246 ) ) ;
#1404 = ADVANCED_FACE ( 'NONE', ( #2341 ), #1437, .F. ) ;
#1405 = DIRECTION ( 'NONE',  ( -0.000000000000000000, 1.000000000000000000, -0.000000000000000000 ) ) ;
#1406 = ORIENTED_EDGE ( 'NONE', *, *, #1665, .T. ) ;
#1407 = DIRECTION ( 'NONE',  ( -1.000000000000000000, 0.000000000000000000, 0.000000000000000000 ) ) ;
#1408 = ADVANCED_FACE ( 'NONE', ( #1784, #2145 ), #676, .T. ) ;
#1409 = VECTOR ( 'NONE', #1429, 1000.000000000000000 ) ;
#1410 = ORIENTED_EDGE ( 'NONE', *, *, #1500, .F. ) ;
#1411 = CARTESIAN_POINT ( 'NONE',  ( -17.99999999999998579, 20.00000000000000000, -2.000000000000000000 ) ) ;
#1412 = DIRECTION ( 'NONE',  ( 1.530808498934189944E-15, 1.000000000000000000, -0.000000000000000000 ) ) ;
#1413 = FACE_OUTER_BOUND ( 'NONE', #1747, .T. ) ;
#1414 = CARTESIAN_POINT ( 'NONE',  ( -18.00000000000000355, 15.99999999999999645, 0.000000000000000000 ) ) ;
#1415 = CARTESIAN_POINT ( 'NONE',  ( 21.64979124734332672, 10.46241610765791563, 5.353589099941972407 ) ) ;
#1416 = CIRCLE ( 'NONE', #1490, 2.000000000000001776 ) ;
#1417 = EDGE_CURVE ( 'NONE', #2206, #2335, #526, .T. ) ;
#1418 = PRESENTATION_LAYER_ASSIGNMENT (  '', '', ( #713 ) ) ;
#1419 = DIRECTION ( 'NONE',  ( -0.000000000000000000, -0.000000000000000000, -1.000000000000000000 ) ) ;
#1420 = ORIENTED_EDGE ( 'NONE', *, *, #708, .F. ) ;
#1421 = FACE_BOUND ( 'NONE', #2389, .T. ) ;
#1422 = EDGE_CURVE ( 'NONE', #1348, #766, #2215, .T. ) ;
#1423 = ORIENTED_EDGE ( 'NONE', *, *, #1819, .F. ) ;
#1424 = CARTESIAN_POINT ( 'NONE',  ( 21.78601206081054897, 17.46816846518894906, 21.22182641823683724 ) ) ;
#1425 = ORIENTED_EDGE ( 'NONE', *, *, #1763, .F. ) ;
#1426 = CARTESIAN_POINT ( 'NONE',  ( 22.71564270328205382, 15.79124998936456592, 25.69409170282543542 ) ) ;
#1427 = DIRECTION ( 'NONE',  ( -0.000000000000000000, 1.000000000000000000, -0.000000000000000000 ) ) ;
#1428 = CIRCLE ( 'NONE', #804, 1.999999999999998224 ) ;
#1429 = DIRECTION ( 'NONE',  ( 0.000000000000000000, 1.000000000000000000, 0.000000000000000000 ) ) ;
#1430 = EDGE_CURVE ( 'NONE', #906, #2203, #1399, .T. ) ;
#1431 = CARTESIAN_POINT ( 'NONE',  ( 23.25000000000000000, 13.00000000000000000, 28.50000000000000000 ) ) ;
#1432 = DIRECTION ( 'NONE',  ( 0.000000000000000000, 0.000000000000000000, -1.000000000000000000 ) ) ;
#1433 = EDGE_LOOP ( 'NONE', ( #1166, #680, #2089, #1753 ) ) ;
#1434 = CARTESIAN_POINT ( 'NONE',  ( 22.71586207957025394, 15.79110188261621417, 2.805885094699707594 ) ) ;
#1435 = EDGE_CURVE ( 'NONE', #1016, #2415, #1821, .T. ) ;
#1436 = ORIENTED_EDGE ( 'NONE', *, *, #221, .F. ) ;
#1437 = CYLINDRICAL_SURFACE ( 'NONE', #2131, 2.499999999999998668 ) ;
#1438 = ORIENTED_EDGE ( 'NONE', *, *, #221, .T. ) ;
#1439 = CARTESIAN_POINT ( 'NONE',  ( 21.75000000000000355, 17.86661969162022956, 25.25000000000000000 ) ) ;
#1440 = CARTESIAN_POINT ( 'NONE',  ( 23.37087546831880758, 15.33213630447439080, 20.75000000000000000 ) ) ;
#1441 = PLANE ( 'NONE',  #782 ) ;
#1442 = EDGE_CURVE ( 'NONE', #1374, #1766, #122, .T. ) ;
#1443 = DIRECTION ( 'NONE',  ( 0.000000000000000000, 0.000000000000000000, 1.000000000000000000 ) ) ;
#1444 = CARTESIAN_POINT ( 'NONE',  ( 26.25000000000000355, 10.00000000000000000, 28.50000000000000000 ) ) ;
#1445 = ORIENTED_EDGE ( 'NONE', *, *, #1864, .T. ) ;
#1446 = FACE_OUTER_BOUND ( 'NONE', #1177, .T. ) ;
#1447 = ORIENTED_EDGE ( 'NONE', *, *, #1013, .T. ) ;
#1448 = VERTEX_POINT ( 'NONE', #877 ) ;
#1449 = EDGE_CURVE ( 'NONE', #472, #1529, #2440, .T. ) ;
#1450 = PLANE ( 'NONE',  #104 ) ;
#1451 = LINE ( 'NONE', #889, #323 ) ;
#1452 = EDGE_CURVE ( 'NONE', #874, #2104, #269, .T. ) ;
#1453 = CARTESIAN_POINT ( 'NONE',  ( -20.00000000000000000, -2.632990618166809630E-15, 30.50000000000000000 ) ) ;
#1454 = DIRECTION ( 'NONE',  ( 0.000000000000000000, -1.000000000000000000, 0.000000000000000000 ) ) ;
#1455 = VECTOR ( 'NONE', #261, 1000.000000000000000 ) ;
#1456 = ORIENTED_EDGE ( 'NONE', *, *, #684, .T. ) ;
#1457 = CARTESIAN_POINT ( 'NONE',  ( -16.00000000000000000, 15.99999999999999645, -2.500000000000015987 ) ) ;
#1458 = ORIENTED_EDGE ( 'NONE', *, *, #537, .F. ) ;
#1459 = VECTOR ( 'NONE', #549, 1000.000000000000000 ) ;
#1460 = VERTEX_POINT ( 'NONE', #855 ) ;
#1461 = ORIENTED_EDGE ( 'NONE', *, *, #142, .F. ) ;
#1462 = CARTESIAN_POINT ( 'NONE',  ( 0.000000000000000000, 0.000000000000000000, -2.000000000000000000 ) ) ;
#1463 = AXIS2_PLACEMENT_3D ( 'NONE', #1398, #1883, #813 ) ;
#1464 = CARTESIAN_POINT ( 'NONE',  ( 21.14211266684086254, 20.56331822649180552, 6.600393974946102915 ) ) ;
#1465 = DIRECTION ( 'NONE',  ( -1.000000000000000000, -3.817449038448039903E-18, -0.000000000000000000 ) ) ;
#1466 = CARTESIAN_POINT ( 'NONE',  ( 23.25000000000000355, 15.40192378864668221, 7.750000000000000000 ) ) ;
#1467 = CIRCLE ( 'NONE', #996, 1.600000000000001643 ) ;
#1468 = CARTESIAN_POINT ( 'NONE',  ( 23.25000000000000355, 15.40192378864668221, 25.75000000000000000 ) ) ;
#1469 = ORIENTED_EDGE ( 'NONE', *, *, #1147, .F. ) ;
#1470 = ORIENTED_EDGE ( 'NONE', *, *, #795, .F. ) ;
#1471 = VECTOR ( 'NONE', #770, 1000.000000000000000 ) ;
#1472 = VERTEX_POINT ( 'NONE', #664 ) ;
#1473 = DIRECTION ( 'NONE',  ( 1.000000000000000000, -9.637352644315602638E-17, 0.000000000000000000 ) ) ;
#1474 = VECTOR ( 'NONE', #285, 1000.000000000000000 ) ;
#1475 = DIRECTION ( 'NONE',  ( -0.000000000000000000, -0.000000000000000000, -1.000000000000000000 ) ) ;
#1476 = DIRECTION ( 'NONE',  ( -0.000000000000000000, -0.000000000000000000, 1.000000000000000000 ) ) ;
#1477 = ADVANCED_FACE ( 'NONE', ( #1413 ), #2194, .F. ) ;
#1478 = CARTESIAN_POINT ( 'NONE',  ( -18.00000000000000355, 15.99999999999999645, -2.000000000000000000 ) ) ;
#1479 = LINE ( 'NONE', #2237, #841 ) ;
#1480 = DIRECTION ( 'NONE',  ( 1.000000000000000000, -9.637352644315602638E-17, 0.000000000000000000 ) ) ;
#1481 = EDGE_CURVE ( 'NONE', #799, #28, #1756, .T. ) ;
#1482 = DIRECTION ( 'NONE',  ( -1.000000000000000000, 1.530808498934189944E-15, 0.000000000000000000 ) ) ;
#1483 = ORIENTED_EDGE ( 'NONE', *, *, #306, .T. ) ;
#1484 = CARTESIAN_POINT ( 'NONE',  ( 21.73860903311441817, 19.05041864797566475, 25.24160296747782795 ) ) ;
#1485 = CARTESIAN_POINT ( 'NONE',  ( 21.34149501500213120, 20.26629969068097381, 6.868406115795341549 ) ) ;
#1486 = CARTESIAN_POINT ( 'NONE',  ( 26.25000000000000355, -4.594660265974938744E-19, 28.50000000000000000 ) ) ;
#1487 = CARTESIAN_POINT ( 'NONE',  ( 22.07404796879308506, -3.863723851864319529E-19, -2.000000000000000000 ) ) ;
#1488 = DIRECTION ( 'NONE',  ( -0.000000000000000000, 0.000000000000000000, -1.000000000000000000 ) ) ;
#1489 = CARTESIAN_POINT ( 'NONE',  ( 20.25000000000000000, 17.24999999999997868, 28.50000000000000000 ) ) ;
#1490 = AXIS2_PLACEMENT_3D ( 'NONE', #1304, #1856, #376 ) ;
#1491 = EDGE_LOOP ( 'NONE', ( #685, #2019, #551, #1836 ) ) ;
#1492 = EDGE_CURVE ( 'NONE', #1870, #1504, #1984, .T. ) ;
#1493 = CARTESIAN_POINT ( 'NONE',  ( 20.81738087307709506, 20.92422444718763330, 23.84514659035265538 ) ) ;
#1494 = AXIS2_PLACEMENT_3D ( 'NONE', #1178, #208, #235 ) ;
#1495 = CARTESIAN_POINT ( 'NONE',  ( 20.76319972926781077, 20.97448203964815150, 4.953399417717842645 ) ) ;
#1496 = LINE ( 'NONE', #1486, #2174 ) ;
#1497 = ORIENTED_EDGE ( 'NONE', *, *, #1506, .F. ) ;
#1498 = EDGE_LOOP ( 'NONE', ( #921, #1521, #313, #1217, #393 ) ) ;
#1499 = DIRECTION ( 'NONE',  ( -0.000000000000000000, 1.000000000000000000, -0.000000000000000000 ) ) ;
#1500 = EDGE_CURVE ( 'NONE', #983, #862, #2328, .T. ) ;
#1501 = DIRECTION ( 'NONE',  ( 1.530808498934189944E-15, 1.000000000000000000, -0.000000000000000000 ) ) ;
#1502 = CIRCLE ( 'NONE', #2183, 2.000000000000000000 ) ;
#1503 = LINE ( 'NONE', #1869, #1828 ) ;
#1504 = VERTEX_POINT ( 'NONE', #734 ) ;
#1505 = CARTESIAN_POINT ( 'NONE',  ( 23.25000000000000355, 13.00000000000000000, 5.250000000000000888 ) ) ;
#1506 = EDGE_CURVE ( 'NONE', #28, #2414, #1064, .T. ) ;
#1507 = CARTESIAN_POINT ( 'NONE',  ( -20.00000000000000000, 17.99999999999998579, -2.000000000000000000 ) ) ;
#1508 = CIRCLE ( 'NONE', #1035, 1.999999999999998224 ) ;
#1509 = ORIENTED_EDGE ( 'NONE', *, *, #552, .T. ) ;
#1510 = VECTOR ( 'NONE', #553, 1000.000000000000000 ) ;
#1511 = CARTESIAN_POINT ( 'NONE',  ( 22.07404796879308506, -1.502256922293053821E-15, -2.500000000000015987 ) ) ;
#1512 = DIRECTION ( 'NONE',  ( -1.000000000000000000, 0.000000000000000000, 0.000000000000000000 ) ) ;
#1513 = ORIENTED_EDGE ( 'NONE', *, *, #564, .F. ) ;
#1514 = LINE ( 'NONE', #2244, #1793 ) ;
#1515 = FACE_OUTER_BOUND ( 'NONE', #2249, .T. ) ;
#1516 = LINE ( 'NONE', #178, #2065 ) ;
#1517 = ORIENTED_EDGE ( 'NONE', *, *, #1948, .F. ) ;
#1518 = CARTESIAN_POINT ( 'NONE',  ( 18.74999999999998224, 21.75000000000000000, 31.50000000000000000 ) ) ;
#1519 = LINE ( 'NONE', #1695, #2013 ) ;
#1520 = EDGE_CURVE ( 'NONE', #1396, #866, #1479, .T. ) ;
#1521 = ORIENTED_EDGE ( 'NONE', *, *, #2055, .T. ) ;
#1522 = LINE ( 'NONE', #250, #1572 ) ;
#1523 = VECTOR ( 'NONE', #1913, 1000.000000000000000 ) ;
#1524 = VERTEX_POINT ( 'NONE', #2008 ) ;
#1525 = ADVANCED_FACE ( 'NONE', ( #319 ), #1667, .F. ) ;
#1526 = CARTESIAN_POINT ( 'NONE',  ( 21.75000000000000355, 18.74999999999997868, 3.250000000000007550 ) ) ;
#1527 = CARTESIAN_POINT ( 'NONE',  ( 21.75000000000000355, 18.00000000000000000, 28.50000000000000000 ) ) ;
#1528 = DIRECTION ( 'NONE',  ( -0.000000000000000000, 1.000000000000000000, -0.000000000000000000 ) ) ;
#1529 = VERTEX_POINT ( 'NONE', #2144 ) ;
#1530 = DIRECTION ( 'NONE',  ( -0.000000000000000000, 1.000000000000000000, -0.000000000000000000 ) ) ;
#1531 = CARTESIAN_POINT ( 'NONE',  ( 20.25000000000000000, 13.00000000000002132, 0.000000000000000000 ) ) ;
#1532 = VECTOR ( 'NONE', #2138, 1000.000000000000000 ) ;
#1533 = EDGE_CURVE ( 'NONE', #790, #1384, #945, .T. ) ;
#1534 = AXIS2_PLACEMENT_3D ( 'NONE', #2253, #1840, #1299 ) ;
#1535 = AXIS2_PLACEMENT_3D ( 'NONE', #2383, #1427, #1962 ) ;
#1536 = ORIENTED_EDGE ( 'NONE', *, *, #1371, .F. ) ;
#1537 = FACE_OUTER_BOUND ( 'NONE', #970, .T. ) ;
#1538 = ORIENTED_EDGE ( 'NONE', *, *, #930, .T. ) ;
#1539 = CARTESIAN_POINT ( 'NONE',  ( 23.25000000000000355, 15.40192378864668221, 2.750000000000002665 ) ) ;
#1540 = DIRECTION ( 'NONE',  ( -0.000000000000000000, -0.000000000000000000, -1.000000000000000000 ) ) ;
#1541 = VERTEX_POINT ( 'NONE', #1014 ) ;
#1542 = CARTESIAN_POINT ( 'NONE',  ( 23.25000000000002132, 10.00000000000000000, 24.85000000000000142 ) ) ;
#1543 = ORIENTED_EDGE ( 'NONE', *, *, #1603, .F. ) ;
#1544 = CARTESIAN_POINT ( 'NONE',  ( 16.00000000000000000, 15.99999999999999645, -2.000000000000000000 ) ) ;
#1545 = AXIS2_PLACEMENT_3D ( 'NONE', #1022, #265, #2285 ) ;
#1546 = CARTESIAN_POINT ( 'NONE',  ( 26.25000000000000355, 13.25000000000000000, -3.000000000000000000 ) ) ;
#1547 = CARTESIAN_POINT ( 'NONE',  ( 16.00000000000000000, 15.99999999999999645, -2.500000000000015987 ) ) ;
#1548 = ORIENTED_EDGE ( 'NONE', *, *, #1704, .F. ) ;
#1549 = VECTOR ( 'NONE', #1454, 1000.000000000000000 ) ;
#1550 = CARTESIAN_POINT ( 'NONE',  ( 22.82889238341386928, 10.02787160275973299, 21.70278764299417062 ) ) ;
#1551 = AXIS2_PLACEMENT_3D ( 'NONE', #1625, #297, #1838 ) ;
#1552 = DIRECTION ( 'NONE',  ( -0.000000000000000000, -1.000000000000000000, -0.000000000000000000 ) ) ;
#1553 = DIRECTION ( 'NONE',  ( -0.000000000000000000, -0.000000000000000000, -1.000000000000000000 ) ) ;
#1554 = ORIENTED_EDGE ( 'NONE', *, *, #431, .T. ) ;
#1555 = CARTESIAN_POINT ( 'NONE',  ( -17.24999999999998224, 20.24999999999999645, 0.000000000000000000 ) ) ;
#1556 = EDGE_CURVE ( 'NONE', #1313, #1460, #2169, .T. ) ;
#1557 = LINE ( 'NONE', #1208, #2020 ) ;
#1558 = DIRECTION ( 'NONE',  ( -0.000000000000000000, -0.000000000000000000, -1.000000000000000000 ) ) ;
#1559 = ORIENTED_EDGE ( 'NONE', *, *, #1763, .T. ) ;
#1560 = CARTESIAN_POINT ( 'NONE',  ( 18.00000000000000355, 15.99999999999999645, -2.000000000000000000 ) ) ;
#1561 = CARTESIAN_POINT ( 'NONE',  ( 22.82019608899395990, 10.02447417240375138, 24.80520143416521606 ) ) ;
#1562 = VECTOR ( 'NONE', #830, 1000.000000000000000 ) ;
#1563 = DIRECTION ( 'NONE',  ( -1.000000000000000000, 0.000000000000000000, 0.000000000000000000 ) ) ;
#1564 = VERTEX_POINT ( 'NONE', #2349 ) ;
#1565 = CARTESIAN_POINT ( 'NONE',  ( -20.00000000000000000, -2.632990618166809630E-15, 30.50000000000000000 ) ) ;
#1566 = ORIENTED_EDGE ( 'NONE', *, *, #1435, .F. ) ;
#1567 = CARTESIAN_POINT ( 'NONE',  ( 21.57549027765982430, 19.76868902989675547, 21.39280259888053237 ) ) ;
#1568 = CYLINDRICAL_SURFACE ( 'NONE', #1463, 19.00000000000073896 ) ;
#1569 = CARTESIAN_POINT ( 'NONE',  ( 20.00000000000000000, 15.25000000000001421, -2.000000000000000000 ) ) ;
#1570 = AXIS2_PLACEMENT_3D ( 'NONE', #1225, #468, #74 ) ;
#1571 = LINE ( 'NONE', #1986, #46 ) ;
#1572 = VECTOR ( 'NONE', #2123, 1000.000000000000000 ) ;
#1573 = AXIS2_PLACEMENT_3D ( 'NONE', #919, #758, #2227 ) ;
#1574 = CARTESIAN_POINT ( 'NONE',  ( 21.70223463095724270, 10.42997656480806512, 23.66905654554279081 ) ) ;
#1575 = PRESENTATION_STYLE_ASSIGNMENT (( #302 ) ) ;
#1576 = ORIENTED_EDGE ( 'NONE', *, *, #1005, .T. ) ;
#1577 = AXIS2_PLACEMENT_3D ( 'NONE', #1995, #1209, #688 ) ;
#1578 = DIRECTION ( 'NONE',  ( -0.000000000000000000, -0.000000000000000000, 1.000000000000000000 ) ) ;
#1579 = EDGE_CURVE ( 'NONE', #2405, #270, #1325, .T. ) ;
#1580 = ORIENTED_EDGE ( 'NONE', *, *, #1533, .F. ) ;
#1581 = DIRECTION ( 'NONE',  ( -1.000000000000000000, 0.000000000000000000, 0.000000000000000000 ) ) ;
#1582 = CARTESIAN_POINT ( 'NONE',  ( -17.24999999999998224, 20.24999999999999645, 28.50000000000000000 ) ) ;
#1583 = DIRECTION ( 'NONE',  ( -1.000000000000000000, 0.000000000000000000, 0.000000000000000000 ) ) ;
#1584 = ADVANCED_FACE ( 'NONE', ( #651 ), #61, .F. ) ;
#1585 = ORIENTED_EDGE ( 'NONE', *, *, #1452, .F. ) ;
#1586 = VECTOR ( 'NONE', #80, 1000.000000000000000 ) ;
#1587 = CARTESIAN_POINT ( 'NONE',  ( 23.88523111606722082, 15.12427338891998474, 20.82827429737245950 ) ) ;
#1588 = ADVANCED_FACE ( 'NONE', ( #246 ), #1568, .F. ) ;
#1589 = CARTESIAN_POINT ( 'NONE',  ( 20.25000000000000000, 17.24999999999997868, 0.000000000000000000 ) ) ;
#1590 = CIRCLE ( 'NONE', #415, 19.00000000000073896 ) ;
#1591 = VECTOR ( 'NONE', #1473, 1000.000000000000000 ) ;
#1592 = DIRECTION ( 'NONE',  ( -0.000000000000000000, -0.000000000000000000, -1.000000000000000000 ) ) ;
#1593 = ORIENTED_EDGE ( 'NONE', *, *, #2204, .T. ) ;
#1594 = PLANE ( 'NONE',  #2211 ) ;
#1595 = CARTESIAN_POINT ( 'NONE',  ( 23.75503532836258103, 15.16636958979597516, 7.701941065496368033 ) ) ;
#1596 = CARTESIAN_POINT ( 'NONE',  ( 23.25000000000000355, 13.00000000000000000, 25.75000000000000000 ) ) ;
#1597 = CARTESIAN_POINT ( 'NONE',  ( 26.25000000000000355, -4.594660265974938744E-19, -2.000000000000000000 ) ) ;
#1598 = ORIENTED_EDGE ( 'NONE', *, *, #1965, .F. ) ;
#1599 = EDGE_CURVE ( 'NONE', #1813, #1016, #2160, .T. ) ;
#1600 = DIRECTION ( 'NONE',  ( -0.000000000000000000, -0.000000000000000000, 1.000000000000000000 ) ) ;
#1601 = ORIENTED_EDGE ( 'NONE', *, *, #1442, .T. ) ;
#1602 = CARTESIAN_POINT ( 'NONE',  ( 21.85562254836420237, 10.34213378549010542, 4.438333942526298870 ) ) ;
#1603 = EDGE_CURVE ( 'NONE', #255, #2219, #1689, .T. ) ;
#1604 = DIRECTION ( 'NONE',  ( -1.000000000000000000, 0.000000000000000000, 0.000000000000000000 ) ) ;
#1605 = VERTEX_POINT ( 'NONE', #767 ) ;
#1606 = DIRECTION ( 'NONE',  ( -1.000000000000000000, -0.000000000000000000, -0.000000000000000000 ) ) ;
#1607 = VECTOR ( 'NONE', #1070, 1000.000000000000000 ) ;
#1608 = ORIENTED_EDGE ( 'NONE', *, *, #1970, .T. ) ;
#1609 = FACE_OUTER_BOUND ( 'NONE', #2315, .T. ) ;
#1610 = VERTEX_POINT ( 'NONE', #452 ) ;
#1611 = DIRECTION ( 'NONE',  ( -0.000000000000000000, -1.000000000000000000, -0.000000000000000000 ) ) ;
#1612 = ORIENTED_EDGE ( 'NONE', *, *, #1661, .F. ) ;
#1613 = DIRECTION ( 'NONE',  ( 0.000000000000000000, 1.000000000000000000, 0.000000000000000000 ) ) ;
#1614 = DIRECTION ( 'NONE',  ( -1.000000000000000000, 0.000000000000000000, 0.000000000000000000 ) ) ;
#1615 = ADVANCED_FACE ( 'NONE', ( #2132 ), #268, .F. ) ;
#1616 = VERTEX_POINT ( 'NONE', #2087 ) ;
#1617 = CARTESIAN_POINT ( 'NONE',  ( 21.75000000000001066, 17.86661969162022956, 7.250000000000002665 ) ) ;
#1618 = AXIS2_PLACEMENT_3D ( 'NONE', #355, #153, #2402 ) ;
#1619 = DIRECTION ( 'NONE',  ( 0.000000000000000000, 0.000000000000000000, -1.000000000000000000 ) ) ;
#1620 = VERTEX_POINT ( 'NONE', #948 ) ;
#1621 = PLANE ( 'NONE',  #1635 ) ;
#1622 = VERTEX_POINT ( 'NONE', #96 ) ;
#1623 = DIRECTION ( 'NONE',  ( 1.000000000000000000, 0.000000000000000000, 0.000000000000000000 ) ) ;
#1624 = ORIENTED_EDGE ( 'NONE', *, *, #1533, .T. ) ;
#1625 = CARTESIAN_POINT ( 'NONE',  ( 18.75000000000000355, 18.75000000000000000, 28.50000000000000000 ) ) ;
#1626 = EDGE_CURVE ( 'NONE', #492, #1148, #1025, .T. ) ;
#1627 = FACE_OUTER_BOUND ( 'NONE', #1917, .T. ) ;
#1628 = AXIS2_PLACEMENT_3D ( 'NONE', #242, #426, #1956 ) ;
#1629 = LINE ( 'NONE', #2164, #666 ) ;
#1630 = DIRECTION ( 'NONE',  ( 0.000000000000000000, 0.000000000000000000, -1.000000000000000000 ) ) ;
#1631 = VECTOR ( 'NONE', #15, 1000.000000000000000 ) ;
#1632 = EDGE_CURVE ( 'NONE', #1529, #1242, #394, .T. ) ;
#1633 = EDGE_LOOP ( 'NONE', ( #1293, #1624 ) ) ;
#1634 = CARTESIAN_POINT ( 'NONE',  ( 22.81387062797814025, 15.70460044171197467, 2.786072799868463790 ) ) ;
#1635 = AXIS2_PLACEMENT_3D ( 'NONE', #1411, #466, #514 ) ;
#1636 = ORIENTED_EDGE ( 'NONE', *, *, #541, .T. ) ;
#1637 = EDGE_CURVE ( 'NONE', #878, #866, #756, .T. ) ;
#1638 = DIRECTION ( 'NONE',  ( 0.000000000000000000, -1.000000000000000000, 0.000000000000000000 ) ) ;
#1639 = PRODUCT_DEFINITION_CONTEXT ( 'detailed design', #384, 'design' ) ;
#1640 = PLANE ( 'NONE',  #1691 ) ;
#1641 = CARTESIAN_POINT ( 'NONE',  ( 19.00000000001303491, 2.326828918381567230E-15, 28.49999999999999645 ) ) ;
#1642 = FACE_OUTER_BOUND ( 'NONE', #2404, .T. ) ;
#1643 = ORIENTED_EDGE ( 'NONE', *, *, #716, .T. ) ;
#1644 = CARTESIAN_POINT ( 'NONE',  ( 23.75503532836257747, 15.16636958979597516, 25.70194106549636714 ) ) ;
#1645 = ORIENTED_EDGE ( 'NONE', *, *, #1938, .F. ) ;
#1646 = EDGE_LOOP ( 'NONE', ( #304, #1658, #516, #1151 ) ) ;
#1647 = AXIS2_PLACEMENT_3D ( 'NONE', #743, #182, #342 ) ;
#1648 = ORIENTED_EDGE ( 'NONE', *, *, #2101, .F. ) ;
#1649 = DIRECTION ( 'NONE',  ( -0.000000000000000000, -0.000000000000000000, -1.000000000000000000 ) ) ;
#1650 = CARTESIAN_POINT ( 'NONE',  ( 21.75000000000000355, 18.74999999999997868, 3.250000000000007550 ) ) ;
#1651 = ORIENTED_EDGE ( 'NONE', *, *, #1599, .T. ) ;
#1652 = CARTESIAN_POINT ( 'NONE',  ( -21.75000000000000355, -1.836970198721034125E-16, 0.000000000000000000 ) ) ;
#1653 = DIRECTION ( 'NONE',  ( 0.000000000000000000, 0.000000000000000000, 1.000000000000000000 ) ) ;
#1654 =( GEOMETRIC_REPRESENTATION_CONTEXT ( 3 ) GLOBAL_UNCERTAINTY_ASSIGNED_CONTEXT ( ( #2382 ) ) GLOBAL_UNIT_ASSIGNED_CONTEXT ( ( #102, #656, #1042 ) ) REPRESENTATION_CONTEXT ( 'NONE', 'WORKASPACE' ) );
#1655 = STYLED_ITEM ( 'NONE', ( #1575 ), #351 ) ;
#1656 = CARTESIAN_POINT ( 'NONE',  ( 24.27254220843825294, 15.02636285021842610, 25.54728310573659300 ) ) ;
#1657 = ORIENTED_EDGE ( 'NONE', *, *, #718, .F. ) ;
#1658 = ORIENTED_EDGE ( 'NONE', *, *, #735, .F. ) ;
#1659 = VERTEX_POINT ( 'NONE', #440 ) ;
#1660 = CARTESIAN_POINT ( 'NONE',  ( 17.99999999999998579, 19.99999999999999645, -2.000000000000000000 ) ) ;
#1661 = EDGE_CURVE ( 'NONE', #299, #1294, #1557, .T. ) ;
#1662 = DIRECTION ( 'NONE',  ( -0.000000000000000000, -1.000000000000000000, -0.000000000000000000 ) ) ;
#1663 = EDGE_CURVE ( 'NONE', #492, #1541, #663, .T. ) ;
#1664 = CARTESIAN_POINT ( 'NONE',  ( 23.25000000000000355, 9.000000000000000000, 23.25000000000000000 ) ) ;
#1665 = EDGE_CURVE ( 'NONE', #874, #1693, #1745, .T. ) ;
#1666 = DIRECTION ( 'NONE',  ( -1.000000000000000000, 1.530808498934189944E-15, 0.000000000000000000 ) ) ;
#1667 = PLANE ( 'NONE',  #831 ) ;
#1668 = DIRECTION ( 'NONE',  ( 1.000000000000000000, 0.000000000000000000, -0.000000000000000000 ) ) ;
#1669 = CARTESIAN_POINT ( 'NONE',  ( 22.00000000000000000, 15.25000000000000000, 31.50000000000000000 ) ) ;
#1670 = VECTOR ( 'NONE', #1606, 1000.000000000000000 ) ;
#1671 = ORIENTED_EDGE ( 'NONE', *, *, #2409, .T. ) ;
#1672 = CARTESIAN_POINT ( 'NONE',  ( 20.00000000000000000, 17.99999999999998224, -2.000000000000000000 ) ) ;
#1673 = VECTOR ( 'NONE', #1743, 1000.000000000000000 ) ;
#1674 = CARTESIAN_POINT ( 'NONE',  ( 26.25000000000000355, -4.594660265974938744E-19, -3.000000000000000000 ) ) ;
#1675 = CARTESIAN_POINT ( 'NONE',  ( -20.00000000000000000, 17.99999999999998579, -2.000000000000000000 ) ) ;
#1676 = CARTESIAN_POINT ( 'NONE',  ( 21.75000000000000355, 18.74999999999997868, 31.50000000000000000 ) ) ;
#1677 = EDGE_CURVE ( 'NONE', #2261, #568, #2028, .T. ) ;
#1678 = DIRECTION ( 'NONE',  ( -0.000000000000000000, 0.000000000000000000, -1.000000000000000000 ) ) ;
#1679 = LINE ( 'NONE', #966, #2143 ) ;
#1680 = ORIENTED_EDGE ( 'NONE', *, *, #2317, .T. ) ;
#1681 = CARTESIAN_POINT ( 'NONE',  ( -16.00000000000000000, 15.99999999999999645, 30.50000000000000000 ) ) ;
#1682 = CARTESIAN_POINT ( 'NONE',  ( 26.25000000000000355, 13.25000000000000000, -2.000000000000000000 ) ) ;
#1683 = ADVANCED_FACE ( 'NONE', ( #1998 ), #1450, .F. ) ;
#1684 = CYLINDRICAL_SURFACE ( 'NONE', #1976, 1.500000000000001332 ) ;
#1685 = EDGE_LOOP ( 'NONE', ( #1846, #1538, #1074, #1445 ) ) ;
#1686 = VERTEX_POINT ( 'NONE', #1027 ) ;
#1687 = CARTESIAN_POINT ( 'NONE',  ( -18.00000000000000355, 18.00000000000000355, -3.000000000000000000 ) ) ;
#1688 = CARTESIAN_POINT ( 'NONE',  ( -18.75000000000000355, 18.75000000000000000, -3.000000000000000000 ) ) ;
#1689 = CIRCLE ( 'NONE', #2323, 1.600000000000001643 ) ;
#1690 = CARTESIAN_POINT ( 'NONE',  ( -20.25000000000000000, 17.24999999999997868, 0.000000000000000000 ) ) ;
#1691 = AXIS2_PLACEMENT_3D ( 'NONE', #933, #1882, #350 ) ;
#1692 = AXIS2_PLACEMENT_3D ( 'NONE', #1085, #5, #939 ) ;
#1693 = VERTEX_POINT ( 'NONE', #701 ) ;
#1694 = DIRECTION ( 'NONE',  ( -1.000000000000000000, 0.000000000000000000, 0.000000000000000000 ) ) ;
#1695 = CARTESIAN_POINT ( 'NONE',  ( 0.000000000000000000, 0.000000000000000000, -2.000000000000000000 ) ) ;
#1696 = VECTOR ( 'NONE', #2313, 1000.000000000000000 ) ;
#1697 = DIRECTION ( 'NONE',  ( -1.000000000000000000, 0.000000000000000000, 0.000000000000000000 ) ) ;
#1698 = EDGE_CURVE ( 'NONE', #37, #1780, #2263, .T. ) ;
#1699 = CARTESIAN_POINT ( 'NONE',  ( -16.00000000000000000, 15.99999999999999645, 0.000000000000000000 ) ) ;
#1700 = ORIENTED_EDGE ( 'NONE', *, *, #2306, .F. ) ;
#1701 = DIRECTION ( 'NONE',  ( -0.000000000000000000, -0.000000000000000000, -1.000000000000000000 ) ) ;
#1702 = LINE ( 'NONE', #1527, #2016 ) ;
#1703 = VECTOR ( 'NONE', #574, 1000.000000000000000 ) ;
#1704 = EDGE_CURVE ( 'NONE', #1605, #779, #2303, .T. ) ;
#1705 = ORIENTED_EDGE ( 'NONE', *, *, #1354, .T. ) ;
#1706 = EDGE_LOOP ( 'NONE', ( #1251, #543, #1393, #2122 ) ) ;
#1707 = CYLINDRICAL_SURFACE ( 'NONE', #2343, 1.999999999999998224 ) ;
#1708 = CARTESIAN_POINT ( 'NONE',  ( 26.25000000000000355, -4.594660265974938744E-19, 0.000000000000000000 ) ) ;
#1709 = VECTOR ( 'NONE', #108, 1000.000000000000000 ) ;
#1710 = ADVANCED_FACE ( 'NONE', ( #149 ), #321, .T. ) ;
#1711 = ORIENTED_EDGE ( 'NONE', *, *, #1069, .F. ) ;
#1712 = LINE ( 'NONE', #1191, #243 ) ;
#1713 = EDGE_LOOP ( 'NONE', ( #2000, #606, #1160, #1751, #1832, #2425, #1928, #1963, #604, #654, #1063, #1705, #1221, #602, #230, #2007 ) ) ;
#1714 = CARTESIAN_POINT ( 'NONE',  ( 24.52632301715076224, 15.00000000000000000, 3.082242262863068127 ) ) ;
#1715 = DIRECTION ( 'NONE',  ( -0.000000000000000000, -0.000000000000000000, 1.000000000000000000 ) ) ;
#1716 = DIRECTION ( 'NONE',  ( -0.000000000000000000, -0.000000000000000000, 1.000000000000000000 ) ) ;
#1717 = ORIENTED_EDGE ( 'NONE', *, *, #173, .T. ) ;
#1718 = CARTESIAN_POINT ( 'NONE',  ( 21.13869478386807899, 20.56773921490052359, 21.90506310037330451 ) ) ;
#1719 = DIRECTION ( 'NONE',  ( -0.000000000000000000, 1.000000000000000000, -0.000000000000000000 ) ) ;
#1720 = DIRECTION ( 'NONE',  ( 0.000000000000000000, 0.000000000000000000, 1.000000000000000000 ) ) ;
#1721 = VERTEX_POINT ( 'NONE', #1414 ) ;
#1722 = CARTESIAN_POINT ( 'NONE',  ( 21.73490326420134622, 10.41028626984793881, 22.72535302555571590 ) ) ;
#1723 = DIRECTION ( 'NONE',  ( 1.000000000000000000, 0.000000000000000000, 0.000000000000000000 ) ) ;
#1724 = ORIENTED_EDGE ( 'NONE', *, *, #115, .F. ) ;
#1725 = CARTESIAN_POINT ( 'NONE',  ( 23.25000000000002132, 10.00000000000000000, 21.64999999999999858 ) ) ;
#1726 = ORIENTED_EDGE ( 'NONE', *, *, #765, .F. ) ;
#1727 = LINE ( 'NONE', #48, #615 ) ;
#1728 = VERTEX_POINT ( 'NONE', #2025 ) ;
#1729 = DIRECTION ( 'NONE',  ( -1.000000000000000000, 0.000000000000000000, 0.000000000000000000 ) ) ;
#1730 = CIRCLE ( 'NONE', #633, 2.000000000000003553 ) ;
#1731 = VECTOR ( 'NONE', #1900, 1000.000000000000000 ) ;
#1732 = VECTOR ( 'NONE', #1975, 1000.000000000000000 ) ;
#1733 = VERTEX_POINT ( 'NONE', #1252 ) ;
#1734 = ADVANCED_FACE ( 'NONE', ( #480 ), #135, .F. ) ;
#1735 = CARTESIAN_POINT ( 'NONE',  ( 23.25000000000000000, 13.00000000000000000, 0.000000000000000000 ) ) ;
#1736 = ORIENTED_EDGE ( 'NONE', *, *, #1272, .T. ) ;
#1737 = CARTESIAN_POINT ( 'NONE',  ( 22.28089069956352475, 16.27657863886514278, 7.558999261810602555 ) ) ;
#1738 = ADVANCED_FACE ( 'NONE', ( #2381 ), #1240, .F. ) ;
#1739 = CARTESIAN_POINT ( 'NONE',  ( 24.75000000000002132, 15.00000000000000000, 25.24999999999998579 ) ) ;
#1740 = EDGE_LOOP ( 'NONE', ( #1001, #672, #34, #967, #1700, #1130, #2115, #1202 ) ) ;
#1741 = DIRECTION ( 'NONE',  ( -1.000000000000000000, 0.000000000000000000, 0.000000000000000000 ) ) ;
#1742 = ORIENTED_EDGE ( 'NONE', *, *, #1449, .F. ) ;
#1743 = DIRECTION ( 'NONE',  ( -0.000000000000000000, -0.000000000000000000, -1.000000000000000000 ) ) ;
#1744 = AXIS2_PLACEMENT_3D ( 'NONE', #1333, #2092, #6 ) ;
#1745 = LINE ( 'NONE', #281, #1696 ) ;
#1746 = LINE ( 'NONE', #2096, #1855 ) ;
#1747 = EDGE_LOOP ( 'NONE', ( #886, #1108, #1039, #851, #289 ) ) ;
#1748 = LINE ( 'NONE', #1007, #1731 ) ;
#1749 = CARTESIAN_POINT ( 'NONE',  ( 21.64979124734333027, 10.46241610765791563, 23.35358909994197418 ) ) ;
#1750 = LINE ( 'NONE', #254, #1179 ) ;
#1751 = ORIENTED_EDGE ( 'NONE', *, *, #455, .F. ) ;
#1752 = DIRECTION ( 'NONE',  ( 1.000000000000000000, 0.000000000000000000, 0.000000000000000000 ) ) ;
#1753 = ORIENTED_EDGE ( 'NONE', *, *, #1094, .F. ) ;
#1754 = CARTESIAN_POINT ( 'NONE',  ( 23.25000000000002132, 10.00000000000000000, 0.000000000000000000 ) ) ;
#1755 = DIRECTION ( 'NONE',  ( -0.000000000000000000, -0.000000000000000000, 1.000000000000000000 ) ) ;
#1756 = LINE ( 'NONE', #826, #710 ) ;
#1757 = ORIENTED_EDGE ( 'NONE', *, *, #1492, .F. ) ;
#1758 = CARTESIAN_POINT ( 'NONE',  ( 17.99999999999998579, 19.99999999999999645, -3.000000000000000000 ) ) ;
#1759 = EDGE_CURVE ( 'NONE', #1622, #2203, #1790, .T. ) ;
#1760 = CARTESIAN_POINT ( 'NONE',  ( 24.27137623155010004, 15.02654504903081190, 2.952199662291799420 ) ) ;
#1761 = CIRCLE ( 'NONE', #703, 2.999999999999999112 ) ;
#1762 = CARTESIAN_POINT ( 'NONE',  ( 18.74999999999998224, 21.75000000000000000, -3.000000000000000000 ) ) ;
#1763 = EDGE_CURVE ( 'NONE', #675, #1974, #1265, .T. ) ;
#1764 = CARTESIAN_POINT ( 'NONE',  ( 24.75000000000002132, 15.00000000000000000, 28.50000000000000000 ) ) ;
#1765 = EDGE_CURVE ( 'NONE', #766, #1794, #900, .T. ) ;
#1766 = VERTEX_POINT ( 'NONE', #1227 ) ;
#1767 = CARTESIAN_POINT ( 'NONE',  ( 21.01209086938026260, 20.72306450034766812, 22.12829250571633821 ) ) ;
#1768 = DIRECTION ( 'NONE',  ( -1.000000000000000000, -3.817449038448039903E-18, -0.000000000000000000 ) ) ;
#1769 = CARTESIAN_POINT ( 'NONE',  ( 21.75000000000000355, 17.99999999999999645, 21.25000000000000355 ) ) ;
#1770 = EDGE_CURVE ( 'NONE', #1809, #1313, #2407, .T. ) ;
#1771 = ORIENTED_EDGE ( 'NONE', *, *, #655, .T. ) ;
#1772 = AXIS2_PLACEMENT_3D ( 'NONE', #1783, #1200, #854 ) ;
#1773 = CYLINDRICAL_SURFACE ( 'NONE', #1257, 2.999999999999999112 ) ;
#1774 = AXIS2_PLACEMENT_3D ( 'NONE', #2367, #2197, #1614 ) ;
#1775 = VECTOR ( 'NONE', #1480, 1000.000000000000000 ) ;
#1776 = CARTESIAN_POINT ( 'NONE',  ( -17.99999999999998579, 19.99999999999999645, 30.50000000000000000 ) ) ;
#1777 = ORIENTED_EDGE ( 'NONE', *, *, #1788, .F. ) ;
#1778 = VECTOR ( 'NONE', #2085, 1000.000000000000000 ) ;
#1779 = CARTESIAN_POINT ( 'NONE',  ( 26.25000000000000355, -4.594660265974938744E-19, 30.50000000000000000 ) ) ;
#1780 = VERTEX_POINT ( 'NONE', #1803 ) ;
#1781 = DIRECTION ( 'NONE',  ( -1.000000000000000000, 0.000000000000000000, 0.000000000000000000 ) ) ;
#1782 = EDGE_CURVE ( 'NONE', #1384, #1622, #2220, .T. ) ;
#1783 = CARTESIAN_POINT ( 'NONE',  ( 23.25000000000000355, 13.00000000000000000, 23.25000000000000000 ) ) ;
#1784 = FACE_OUTER_BOUND ( 'NONE', #1403, .T. ) ;
#1785 = DIRECTION ( 'NONE',  ( -1.000000000000000000, 1.750346767990452863E-20, -0.000000000000000000 ) ) ;
#1786 = ORIENTED_EDGE ( 'NONE', *, *, #1449, .T. ) ;
#1787 = AXIS2_PLACEMENT_3D ( 'NONE', #2310, #978, #2298 ) ;
#1788 = EDGE_CURVE ( 'NONE', #1184, #1809, #856, .T. ) ;
#1789 = CARTESIAN_POINT ( 'NONE',  ( 24.27137623155010004, 15.02654504903081545, 20.95219966229179320 ) ) ;
#1790 = B_SPLINE_CURVE_WITH_KNOTS ( 'NONE', 3,
 ( #114, #519, #879, #1814, #1426, #691, #2365, #1973, #2196, #124, #2010, #1826, #1439, #1041 ),
 .UNSPECIFIED., .F., .F.,
 ( 4, 2, 2, 2, 2, 2, 4 ),
 ( 0.02534806361016086335, 0.02574155994036312484, 0.02613505627056538286, 0.02692204893096992319, 0.02770904159137446005, 0.02810253792157672847, 0.02849603425177900037 ),
 .UNSPECIFIED. ) ;
#1791 = ORIENTED_EDGE ( 'NONE', *, *, #2074, .F. ) ;
#1792 = CARTESIAN_POINT ( 'NONE',  ( 21.70310714660505980, 10.42944902861141898, 4.827748590663598627 ) ) ;
#1793 = VECTOR ( 'NONE', #2269, 1000.000000000000000 ) ;
#1794 = VERTEX_POINT ( 'NONE', #2426 ) ;
#1795 = CARTESIAN_POINT ( 'NONE',  ( 22.00000000000001776, 13.25000000000000178, -2.000000000000000000 ) ) ;
#1796 = ADVANCED_FACE ( 'NONE', ( #379 ), #2061, .F. ) ;
#1797 = ORIENTED_EDGE ( 'NONE', *, *, #1579, .F. ) ;
#1798 = FACE_OUTER_BOUND ( 'NONE', #318, .T. ) ;
#1799 = EDGE_CURVE ( 'NONE', #1148, #1460, #1038, .T. ) ;
#1800 = VERTEX_POINT ( 'NONE', #1848 ) ;
#1801 = CARTESIAN_POINT ( 'NONE',  ( 18.00000000000000355, 18.00000000000000000, -3.000000000000000000 ) ) ;
#1802 = ORIENTED_EDGE ( 'NONE', *, *, #429, .F. ) ;
#1803 = CARTESIAN_POINT ( 'NONE',  ( 23.25000000000000355, 13.00000000000000000, 7.750000000000000000 ) ) ;
#1804 = CARTESIAN_POINT ( 'NONE',  ( 24.75000000000000000, 18.00000000000000000, 31.50000000000000000 ) ) ;
#1805 = EDGE_LOOP ( 'NONE', ( #1277, #383, #587, #1456 ) ) ;
#1806 = CARTESIAN_POINT ( 'NONE',  ( 22.26133538737362727, 10.16329493654706972, 6.524532235976531425 ) ) ;
#1807 =( NAMED_UNIT ( * ) SI_UNIT ( $, .STERADIAN. ) SOLID_ANGLE_UNIT ( ) );
#1808 = CARTESIAN_POINT ( 'NONE',  ( -1.174494529410097243E-11, 5.154297127996088079E-12, 28.50000000000000000 ) ) ;
#1809 = VERTEX_POINT ( 'NONE', #726 ) ;
#1810 = DIRECTION ( 'NONE',  ( 0.000000000000000000, 0.000000000000000000, 1.000000000000000000 ) ) ;
#1811 = ORIENTED_EDGE ( 'NONE', *, *, #253, .F. ) ;
#1812 = DIRECTION ( 'NONE',  ( 0.000000000000000000, 0.000000000000000000, -1.000000000000000000 ) ) ;
#1813 = VERTEX_POINT ( 'NONE', #1660 ) ;
#1814 = CARTESIAN_POINT ( 'NONE',  ( 22.81401767709625616, 15.70448053830167723, 25.71395088638321980 ) ) ;
#1815 = LINE ( 'NONE', #1402, #280 ) ;
#1816 = CARTESIAN_POINT ( 'NONE',  ( 21.70223463095724625, 10.42997656480806334, 5.669056545542790815 ) ) ;
#1817 = AXIS2_PLACEMENT_3D ( 'NONE', #961, #816, #421 ) ;
#1818 = DIRECTION ( 'NONE',  ( -1.000000000000000000, 0.000000000000000000, 0.000000000000000000 ) ) ;
#1819 = EDGE_CURVE ( 'NONE', #2265, #799, #576, .T. ) ;
#1820 = ORIENTED_EDGE ( 'NONE', *, *, #277, .T. ) ;
#1821 = CIRCLE ( 'NONE', #524, 1.999999999999998224 ) ;
#1822 = CARTESIAN_POINT ( 'NONE',  ( 23.25000000000000355, 15.40192378864668221, 2.750000000000002665 ) ) ;
#1823 = ORIENTED_EDGE ( 'NONE', *, *, #2233, .F. ) ;
#1824 = DIRECTION ( 'NONE',  ( 1.000000000000000000, -0.000000000000000000, -0.000000000000000000 ) ) ;
#1825 = ORIENTED_EDGE ( 'NONE', *, *, #1241, .F. ) ;
#1826 = CARTESIAN_POINT ( 'NONE',  ( 21.75901671903952206, 17.73213684121947864, 25.25685111484698808 ) ) ;
#1827 = SURFACE_SIDE_STYLE ('',( #1068 ) ) ;
#1828 = VECTOR ( 'NONE', #1118, 1000.000000000000000 ) ;
#1829 = DIRECTION ( 'NONE',  ( -0.000000000000000000, -0.000000000000000000, -1.000000000000000000 ) ) ;
#1830 = PLANE ( 'NONE',  #1154 ) ;
#1831 = AXIS2_PLACEMENT_3D ( 'NONE', #927, #2067, #1902 ) ;
#1832 = ORIENTED_EDGE ( 'NONE', *, *, #2324, .F. ) ;
#1833 = CARTESIAN_POINT ( 'NONE',  ( 23.25000000000000355, 9.000000000000000000, 23.25000000000000000 ) ) ;
#1834 = ORIENTED_EDGE ( 'NONE', *, *, #105, .T. ) ;
#1835 = VECTOR ( 'NONE', #1958, 1000.000000000000000 ) ;
#1836 = ORIENTED_EDGE ( 'NONE', *, *, #1354, .F. ) ;
#1837 = EDGE_LOOP ( 'NONE', ( #1406, #487, #286, #123 ) ) ;
#1838 = DIRECTION ( 'NONE',  ( -1.000000000000000000, 0.000000000000000000, 0.000000000000000000 ) ) ;
#1839 = CARTESIAN_POINT ( 'NONE',  ( 21.52409313517080136, 19.90033414487160357, 7.060576042257317830 ) ) ;
#1840 = DIRECTION ( 'NONE',  ( -0.000000000000000000, 0.000000000000000000, -1.000000000000000000 ) ) ;
#1841 = ADVANCED_FACE ( 'NONE', ( #932 ), #1100, .F. ) ;
#1842 = PLANE ( 'NONE',  #2259 ) ;
#1843 = LINE ( 'NONE', #905, #1136 ) ;
#1844 = EDGE_LOOP ( 'NONE', ( #1711, #797, #1717, #2037, #700, #1981 ) ) ;
#1845 = ADVANCED_FACE ( 'NONE', ( #2049 ), #1278, .F. ) ;
#1846 = ORIENTED_EDGE ( 'NONE', *, *, #40, .F. ) ;
#1847 = ORIENTED_EDGE ( 'NONE', *, *, #1171, .T. ) ;
#1848 = CARTESIAN_POINT ( 'NONE',  ( 24.75000000000002132, 15.00000000000000000, 31.50000000000000000 ) ) ;
#1849 = CARTESIAN_POINT ( 'NONE',  ( 21.75000000000000355, 18.75000000000000000, 7.249999999999997335 ) ) ;
#1850 = ADVANCED_FACE ( 'NONE', ( #205 ), #1707, .F. ) ;
#1851 = CARTESIAN_POINT ( 'NONE',  ( 20.25000000000000000, 17.24999999999997868, 28.50000000000000000 ) ) ;
#1852 = DIRECTION ( 'NONE',  ( 0.000000000000000000, 1.000000000000000000, 0.000000000000000000 ) ) ;
#1853 = VECTOR ( 'NONE', #488, 1000.000000000000000 ) ;
#1854 = CIRCLE ( 'NONE', #1101, 2.000000000000001776 ) ;
#1855 = VECTOR ( 'NONE', #802, 1000.000000000000000 ) ;
#1856 = DIRECTION ( 'NONE',  ( 0.000000000000000000, 0.000000000000000000, 1.000000000000000000 ) ) ;
#1857 = FACE_BOUND ( 'NONE', #43, .T. ) ;
#1858 = ORIENTED_EDGE ( 'NONE', *, *, #1677, .T. ) ;
#1859 = EDGE_CURVE ( 'NONE', #1794, #1016, #2262, .T. ) ;
#1860 = DIRECTION ( 'NONE',  ( -0.000000000000000000, 1.000000000000000000, -0.000000000000000000 ) ) ;
#1861 = CARTESIAN_POINT ( 'NONE',  ( 24.75000000000000000, 18.00000000000000000, 28.50000000000000000 ) ) ;
#1862 = EDGE_CURVE ( 'NONE', #2203, #1885, #565, .T. ) ;
#1863 = DIRECTION ( 'NONE',  ( 0.000000000000000000, 0.000000000000000000, -1.000000000000000000 ) ) ;
#1864 = EDGE_CURVE ( 'NONE', #528, #1195, #1910, .T. ) ;
#1865 = VECTOR ( 'NONE', #798, 1000.000000000000000 ) ;
#1866 = CARTESIAN_POINT ( 'NONE',  ( 26.25000000000000355, 15.00000000000000000, 31.50000000000000000 ) ) ;
#1867 = FACE_OUTER_BOUND ( 'NONE', #806, .T. ) ;
#1868 = EDGE_CURVE ( 'NONE', #1564, #1448, #1238, .T. ) ;
#1869 = CARTESIAN_POINT ( 'NONE',  ( 26.25000000000000355, -4.594660265974938744E-19, -3.000000000000000000 ) ) ;
#1870 = VERTEX_POINT ( 'NONE', #1672 ) ;
#1871 = CARTESIAN_POINT ( 'NONE',  ( 23.57404796879308506, -8.544500781088727210E-16, 0.000000000000000000 ) ) ;
#1872 = CARTESIAN_POINT ( 'NONE',  ( -18.00000000000000355, 18.00000000000000000, 30.50000000000000000 ) ) ;
#1873 = LINE ( 'NONE', #1675, #232 ) ;
#1874 = ORIENTED_EDGE ( 'NONE', *, *, #829, .F. ) ;
#1875 = ORIENTED_EDGE ( 'NONE', *, *, #1556, .T. ) ;
#1876 = DIRECTION ( 'NONE',  ( -0.000000000000000000, 1.000000000000000000, 0.000000000000000000 ) ) ;
#1877 = CARTESIAN_POINT ( 'NONE',  ( 21.75000000000000355, 17.99999999999999645, 21.25000000000000355 ) ) ;
#1878 = CARTESIAN_POINT ( 'NONE',  ( -18.74999999999998224, 21.75000000000000000, -3.000000000000000000 ) ) ;
#1879 = EDGE_CURVE ( 'NONE', #1885, #769, #698, .T. ) ;
#1880 = ORIENTED_EDGE ( 'NONE', *, *, #1040, .F. ) ;
#1881 = DIRECTION ( 'NONE',  ( -1.000000000000000000, 0.000000000000000000, 0.000000000000000000 ) ) ;
#1882 = DIRECTION ( 'NONE',  ( -0.000000000000000000, 0.000000000000000000, -1.000000000000000000 ) ) ;
#1883 = DIRECTION ( 'NONE',  ( -0.000000000000000000, -0.000000000000000000, 1.000000000000000000 ) ) ;
#1884 = FACE_OUTER_BOUND ( 'NONE', #1087, .T. ) ;
#1885 = VERTEX_POINT ( 'NONE', #82 ) ;
#1886 = ORIENTED_EDGE ( 'NONE', *, *, #1632, .F. ) ;
#1887 = EDGE_CURVE ( 'NONE', #1148, #1994, #638, .T. ) ;
#1888 = LINE ( 'NONE', #721, #213 ) ;
#1889 = CARTESIAN_POINT ( 'NONE',  ( 17.24999999999998224, 20.24999999999999645, 0.000000000000000000 ) ) ;
#1890 = CIRCLE ( 'NONE', #1067, 2.499999999999998224 ) ;
#1891 = EDGE_CURVE ( 'NONE', #952, #878, #2105, .T. ) ;
#1892 = DIRECTION ( 'NONE',  ( 0.000000000000000000, -0.000000000000000000, 1.000000000000000000 ) ) ;
#1893 = COLOUR_RGB ( '',1.000000000000000000, 1.000000000000000000, 1.000000000000000000 ) ;
#1894 = VECTOR ( 'NONE', #1927, 1000.000000000000000 ) ;
#1895 = ORIENTED_EDGE ( 'NONE', *, *, #2078, .T. ) ;
#1896 = DIRECTION ( 'NONE',  ( 0.000000000000000000, 0.000000000000000000, -1.000000000000000000 ) ) ;
#1897 = CARTESIAN_POINT ( 'NONE',  ( 26.25000000000000355, -4.594660265974938744E-19, 30.50000000000000000 ) ) ;
#1898 = ORIENTED_EDGE ( 'NONE', *, *, #277, .F. ) ;
#1899 = VECTOR ( 'NONE', #1611, 1000.000000000000000 ) ;
#1900 = DIRECTION ( 'NONE',  ( -0.000000000000000000, -0.000000000000000000, -1.000000000000000000 ) ) ;
#1901 = ORIENTED_EDGE ( 'NONE', *, *, #214, .T. ) ;
#1902 = DIRECTION ( 'NONE',  ( -1.000000000000000000, 0.000000000000000000, 0.000000000000000000 ) ) ;
#1903 = FACE_OUTER_BOUND ( 'NONE', #2095, .T. ) ;
#1904 = DIRECTION ( 'NONE',  ( 0.000000000000000000, 0.000000000000000000, 1.000000000000000000 ) ) ;
#1905 = ORIENTED_EDGE ( 'NONE', *, *, #1182, .T. ) ;
#1906 = DIRECTION ( 'NONE',  ( 1.000000000000000000, 0.000000000000000000, 0.000000000000000000 ) ) ;
#1907 = DIRECTION ( 'NONE',  ( -1.000000000000000000, 0.000000000000000000, 0.000000000000000000 ) ) ;
#1908 = VECTOR ( 'NONE', #331, 1000.000000000000000 ) ;
#1909 = VERTEX_POINT ( 'NONE', #601 ) ;
#1910 = CIRCLE ( 'NONE', #1356, 2.000000000000000000 ) ;
#1911 = DIRECTION ( 'NONE',  ( 1.000000000000000000, 0.000000000000000000, 0.000000000000000000 ) ) ;
#1912 = ORIENTED_EDGE ( 'NONE', *, *, #105, .F. ) ;
#1913 = DIRECTION ( 'NONE',  ( -0.000000000000000000, -0.000000000000000000, 1.000000000000000000 ) ) ;
#1914 = CARTESIAN_POINT ( 'NONE',  ( 23.25000000000002132, 10.00000000000000000, 28.50000000000000000 ) ) ;
#1915 = ORIENTED_EDGE ( 'NONE', *, *, #1422, .T. ) ;
#1916 = DIRECTION ( 'NONE',  ( 1.000000000000000000, 0.000000000000000000, 0.000000000000000000 ) ) ;
#1917 = EDGE_LOOP ( 'NONE', ( #194, #1119, #1648, #1771, #1797, #1239, #2134, #1447 ) ) ;
#1918 = CARTESIAN_POINT ( 'NONE',  ( 21.52280952417158133, 19.90350077287413555, 21.44061552826450878 ) ) ;
#1919 = ADVANCED_FACE ( 'NONE', ( #1174 ), #980, .F. ) ;
#1920 = DIRECTION ( 'NONE',  ( 0.000000000000000000, 0.000000000000000000, 1.000000000000000000 ) ) ;
#1921 = EDGE_LOOP ( 'NONE', ( #1901, #367, #2034, #1886 ) ) ;
#1922 = EDGE_CURVE ( 'NONE', #1605, #255, #1361, .T. ) ;
#1923 = DIRECTION ( 'NONE',  ( -1.000000000000000000, 0.000000000000000000, 0.000000000000000000 ) ) ;
#1924 = CIRCLE ( 'NONE', #792, 2.000000000000001776 ) ;
#1925 = EDGE_LOOP ( 'NONE', ( #278, #2071, #1791, #1164, #53, #711, #19, #2362 ) ) ;
#1926 = CARTESIAN_POINT ( 'NONE',  ( 22.00000000000000000, 15.25000000000000000, -2.000000000000000000 ) ) ;
#1927 = DIRECTION ( 'NONE',  ( -0.000000000000000000, 1.000000000000000000, -0.000000000000000000 ) ) ;
#1928 = ORIENTED_EDGE ( 'NONE', *, *, #36, .F. ) ;
#1929 = LINE ( 'NONE', #2200, #1908 ) ;
#1930 = ORIENTED_EDGE ( 'NONE', *, *, #684, .F. ) ;
#1931 = CARTESIAN_POINT ( 'NONE',  ( -19.00000000001303491, 0.000000000000000000, -44.48529157252514921 ) ) ;
#1932 = DIRECTION ( 'NONE',  ( -1.000000000000000000, 0.000000000000000000, 0.000000000000000000 ) ) ;
#1933 = DIRECTION ( 'NONE',  ( 0.000000000000000000, -1.000000000000000000, 0.000000000000000000 ) ) ;
#1934 = VECTOR ( 'NONE', #68, 1000.000000000000000 ) ;
#1935 = AXIS2_PLACEMENT_3D ( 'NONE', #27, #2088, #1138 ) ;
#1936 = ORIENTED_EDGE ( 'NONE', *, *, #36, .T. ) ;
#1937 = CARTESIAN_POINT ( 'NONE',  ( 23.25000000000000355, 13.00000000000000000, 23.25000000000000000 ) ) ;
#1938 = EDGE_CURVE ( 'NONE', #1284, #1263, #614, .T. ) ;
#1939 = CARTESIAN_POINT ( 'NONE',  ( 21.73354366028743101, 10.41107771020339889, 23.77090405599049205 ) ) ;
#1940 = CYLINDRICAL_SURFACE ( 'NONE', #86, 2.000000000000001776 ) ;
#1941 = VERTEX_POINT ( 'NONE', #1555 ) ;
#1942 = LINE ( 'NONE', #634, #1586 ) ;
#1943 = EDGE_LOOP ( 'NONE', ( #2023, #1049, #1912, #837, #1438, #156, #709, #1820, #1968, #2184, #2193, #2139, #1113 ) ) ;
#1944 = CARTESIAN_POINT ( 'NONE',  ( 18.00000000000000355, 15.99999999999999645, -2.500000000000015987 ) ) ;
#1945 = CIRCLE ( 'NONE', #683, 1.999999999999998224 ) ;
#1946 = DIRECTION ( 'NONE',  ( 0.000000000000000000, 0.000000000000000000, 1.000000000000000000 ) ) ;
#1947 = DIRECTION ( 'NONE',  ( 0.000000000000000000, -0.000000000000000000, 1.000000000000000000 ) ) ;
#1948 = EDGE_CURVE ( 'NONE', #270, #2370, #1727, .T. ) ;
#1949 = ORIENTED_EDGE ( 'NONE', *, *, #311, .F. ) ;
#1950 = DIRECTION ( 'NONE',  ( -0.000000000000000000, -0.000000000000000000, -1.000000000000000000 ) ) ;
#1951 = CIRCLE ( 'NONE', #926, 2.999999999999999112 ) ;
#1952 = ADVANCED_FACE ( 'NONE', ( #800 ), #2288, .F. ) ;
#1953 = CARTESIAN_POINT ( 'NONE',  ( 21.65021505557717774, 10.46214890224995919, 23.14005962841670438 ) ) ;
#1954 = CARTESIAN_POINT ( 'NONE',  ( 23.25000000000000355, 13.00000000000000000, 24.85000000000000142 ) ) ;
#1955 = ORIENTED_EDGE ( 'NONE', *, *, #381, .T. ) ;
#1956 = DIRECTION ( 'NONE',  ( 1.000000000000000000, 0.000000000000000000, 0.000000000000000000 ) ) ;
#1957 = ORIENTED_EDGE ( 'NONE', *, *, #1141, .F. ) ;
#1958 = DIRECTION ( 'NONE',  ( -0.000000000000000000, -0.000000000000000000, -1.000000000000000000 ) ) ;
#1959 = CARTESIAN_POINT ( 'NONE',  ( 23.25000000000000355, 13.00000000000000000, 5.250000000000000888 ) ) ;
#1960 = CARTESIAN_POINT ( 'NONE',  ( 23.13512267844808790, 15.46824824116847097, 20.75000000000000711 ) ) ;
#1961 = ORIENTED_EDGE ( 'NONE', *, *, #2234, .F. ) ;
#1962 = DIRECTION ( 'NONE',  ( 0.000000000000000000, 0.000000000000000000, 1.000000000000000000 ) ) ;
#1963 = ORIENTED_EDGE ( 'NONE', *, *, #2223, .F. ) ;
#1964 = DIRECTION ( 'NONE',  ( -1.000000000000000000, 0.000000000000000000, 0.000000000000000000 ) ) ;
#1965 = EDGE_CURVE ( 'NONE', #1504, #91, #1385, .T. ) ;
#1966 = ORIENTED_EDGE ( 'NONE', *, *, #716, .F. ) ;
#1967 = CARTESIAN_POINT ( 'NONE',  ( 26.25000000000000355, 13.25000000000000000, -3.000000000000000000 ) ) ;
#1968 = ORIENTED_EDGE ( 'NONE', *, *, #429, .T. ) ;
#1969 = DIRECTION ( 'NONE',  ( -0.000000000000000000, -0.000000000000000000, 1.000000000000000000 ) ) ;
#1970 = EDGE_CURVE ( 'NONE', #1766, #811, #1951, .T. ) ;
#1971 = CARTESIAN_POINT ( 'NONE',  ( 0.000000000000000000, 0.000000000000000000, -2.000000000000000000 ) ) ;
#1972 = CARTESIAN_POINT ( 'NONE',  ( -17.24999999999998224, 20.24999999999999645, 28.50000000000000000 ) ) ;
#1973 = CARTESIAN_POINT ( 'NONE',  ( 22.02270049090617121, 16.72386547996914175, 25.43274742978027803 ) ) ;
#1974 = VERTEX_POINT ( 'NONE', #267 ) ;
#1975 = DIRECTION ( 'NONE',  ( 0.000000000000000000, -1.000000000000000000, 0.000000000000000000 ) ) ;
#1976 = AXIS2_PLACEMENT_3D ( 'NONE', #1112, #1476, #768 ) ;
#1977 = VECTOR ( 'NONE', #1327, 1000.000000000000000 ) ;
#1978 = LINE ( 'NONE', #90, #353 ) ;
#1979 = EDGE_LOOP ( 'NONE', ( #1736, #2038, #2394, #1367, #1880, #336, #116, #1536, #936, #2401, #2416, #621, #1612 ) ) ;
#1980 = DIRECTION ( 'NONE',  ( -0.000000000000000000, -0.000000000000000000, -1.000000000000000000 ) ) ;
#1981 = ORIENTED_EDGE ( 'NONE', *, *, #658, .F. ) ;
#1982 = CARTESIAN_POINT ( 'NONE',  ( 21.92231947433185724, 16.96448460666335478, 3.130091231770632199 ) ) ;
#1983 = EDGE_LOOP ( 'NONE', ( #1811, #227, #316, #687 ) ) ;
#1984 = LINE ( 'NONE', #1569, #1899 ) ;
#1985 = CARTESIAN_POINT ( 'NONE',  ( 23.25000000000000355, 13.00000000000000000, 5.250000000000000888 ) ) ;
#1986 = CARTESIAN_POINT ( 'NONE',  ( 18.00000000000000355, 15.99999999999999645, -2.500000000000015987 ) ) ;
#1987 = ORIENTED_EDGE ( 'NONE', *, *, #930, .F. ) ;
#1988 = CARTESIAN_POINT ( 'NONE',  ( 23.25000000000000355, 13.00000000000000000, 23.25000000000000000 ) ) ;
#1989 =( LENGTH_UNIT ( ) NAMED_UNIT ( * ) SI_UNIT ( .MILLI., .METRE. ) );
#1990 = AXIS2_PLACEMENT_3D ( 'NONE', #439, #245, #1349 ) ;
#1991 = LINE ( 'NONE', #2177, #728 ) ;
#1992 = EDGE_LOOP ( 'NONE', ( #1358, #396, #1077, #1554 ) ) ;
#1993 = DIRECTION ( 'NONE',  ( -0.000000000000000000, -0.000000000000000000, -1.000000000000000000 ) ) ;
#1994 = VERTEX_POINT ( 'NONE', #1185 ) ;
#1995 = CARTESIAN_POINT ( 'NONE',  ( -18.00000000000000355, 18.00000000000000355, -2.000000000000000000 ) ) ;
#1996 = EDGE_LOOP ( 'NONE', ( #465, #264, #1834, #1470 ) ) ;
#1997 = EDGE_CURVE ( 'NONE', #2045, #1033, #1002, .T. ) ;
#1998 = FACE_OUTER_BOUND ( 'NONE', #1925, .T. ) ;
#1999 = DIRECTION ( 'NONE',  ( -1.000000000000000000, 0.000000000000000000, 0.000000000000000000 ) ) ;
#2000 = ORIENTED_EDGE ( 'NONE', *, *, #1324, .T. ) ;
#2001 = EDGE_CURVE ( 'NONE', #1396, #952, #496, .T. ) ;
#2002 = CARTESIAN_POINT ( 'NONE',  ( 23.03632494905720307, 10.00580197598197252, 3.660805022968229405 ) ) ;
#2003 = SURFACE_STYLE_FILL_AREA ( #833 ) ;
#2004 = LINE ( 'NONE', #1072, #853 ) ;
#2005 = ORIENTED_EDGE ( 'NONE', *, *, #1417, .F. ) ;
#2006 = DIRECTION ( 'NONE',  ( -1.000000000000000000, 0.000000000000000000, 0.000000000000000000 ) ) ;
#2007 = ORIENTED_EDGE ( 'NONE', *, *, #328, .T. ) ;
#2008 = CARTESIAN_POINT ( 'NONE',  ( 20.00000000000000000, 15.25000000000001421, 30.50000000000000000 ) ) ;
#2009 = ORIENTED_EDGE ( 'NONE', *, *, #328, .F. ) ;
#2010 = CARTESIAN_POINT ( 'NONE',  ( 21.79451151899889894, 17.46819223634215845, 25.28274096306916618 ) ) ;
#2011 = CARTESIAN_POINT ( 'NONE',  ( 24.52632301715076224, 15.00000000000000000, 21.08224226286306546 ) ) ;
#2012 = VECTOR ( 'NONE', #25, 1000.000000000000000 ) ;
#2013 = VECTOR ( 'NONE', #993, 1000.000000000000000 ) ;
#2014 = LINE ( 'NONE', #871, #1409 ) ;
#2015 = AXIS2_PLACEMENT_3D ( 'NONE', #1231, #2176, #1604 ) ;
#2016 = VECTOR ( 'NONE', #1366, 1000.000000000000000 ) ;
#2017 = AXIS2_PLACEMENT_3D ( 'NONE', #1281, #1092, #1911 ) ;
#2018 = LINE ( 'NONE', #303, #1549 ) ;
#2019 = ORIENTED_EDGE ( 'NONE', *, *, #1862, .T. ) ;
#2020 = VECTOR ( 'NONE', #1768, 1000.000000000000000 ) ;
#2021 = CARTESIAN_POINT ( 'NONE',  ( 22.28100051988697672, 16.27656428130726241, 2.940983439519790021 ) ) ;
#2022 = EDGE_LOOP ( 'NONE', ( #133, #2217, #2292, #410 ) ) ;
#2023 = ORIENTED_EDGE ( 'NONE', *, *, #506, .F. ) ;
#2024 = ORIENTED_EDGE ( 'NONE', *, *, #1268, .F. ) ;
#2025 = CARTESIAN_POINT ( 'NONE',  ( -20.00000000000000000, 17.99999999999998224, 31.50000000000000000 ) ) ;
#2026 = CARTESIAN_POINT ( 'NONE',  ( 21.40522650570992269, 20.15314250656637540, 3.560659933253617293 ) ) ;
#2027 = VECTOR ( 'NONE', #1183, 1000.000000000000000 ) ;
#2028 = B_SPLINE_CURVE_WITH_KNOTS ( 'NONE', 3,
 ( #625, #2326, #1372, #1386, #1595, #493, #507, #310 ),
 .UNSPECIFIED., .F., .F.,
 ( 4, 2, 2, 4 ),
 ( 0.02368796749569486784, 0.02451801555292785345, 0.02493303958154434799, 0.02534806361016084253 ),
 .UNSPECIFIED. ) ;
#2029 = LINE ( 'NONE', #172, #271 ) ;
#2030 = EDGE_CURVE ( 'NONE', #447, #1620, #2142, .T. ) ;
#2031 = CARTESIAN_POINT ( 'NONE',  ( -14.00000000000000000, 15.99999999999999645, -2.500000000000015987 ) ) ;
#2032 = VECTOR ( 'NONE', #2420, 1000.000000000000000 ) ;
#2033 = CARTESIAN_POINT ( 'NONE',  ( 23.37131808314407522, 15.33188076068588224, 25.74999999999999645 ) ) ;
#2034 = ORIENTED_EDGE ( 'NONE', *, *, #844, .F. ) ;
#2035 = AXIS2_PLACEMENT_3D ( 'NONE', #1295, #2039, #1109 ) ;
#2036 = ADVANCED_FACE ( 'NONE', ( #33 ), #1335, .F. ) ;
#2037 = ORIENTED_EDGE ( 'NONE', *, *, #1677, .F. ) ;
#2038 = ORIENTED_EDGE ( 'NONE', *, *, #1887, .F. ) ;
#2039 = DIRECTION ( 'NONE',  ( -0.000000000000000000, -0.000000000000000000, -1.000000000000000000 ) ) ;
#2040 = CARTESIAN_POINT ( 'NONE',  ( 21.57559116805828126, 19.76844280948007082, 7.107290083733327712 ) ) ;
#2041 = CARTESIAN_POINT ( 'NONE',  ( 22.43636040389308661, 10.10578577844427706, 6.643331801974179385 ) ) ;
#2042 = CARTESIAN_POINT ( 'NONE',  ( 18.00000000000000355, 15.99999999999999645, 28.50000000000000000 ) ) ;
#2043 = ADVANCED_FACE ( 'NONE', ( #334 ), #1621, .F. ) ;
#2044 = PLANE ( 'NONE',  #1618 ) ;
#2045 = VERTEX_POINT ( 'NONE', #2390 ) ;
#2046 = DIRECTION ( 'NONE',  ( 0.000000000000000000, -1.000000000000000000, 0.000000000000000000 ) ) ;
#2047 = VECTOR ( 'NONE', #1405, 1000.000000000000000 ) ;
#2048 = ORIENTED_EDGE ( 'NONE', *, *, #284, .F. ) ;
#2049 = FACE_OUTER_BOUND ( 'NONE', #942, .T. ) ;
#2050 = FACE_OUTER_BOUND ( 'NONE', #1713, .T. ) ;
#2051 = CARTESIAN_POINT ( 'NONE',  ( 21.75000000000000355, 18.00000000000000000, 31.50000000000000000 ) ) ;
#2052 = ADVANCED_FACE ( 'NONE', ( #1798 ), #2375, .F. ) ;
#2053 = LINE ( 'NONE', #365, #1631 ) ;
#2054 = AXIS2_PLACEMENT_3D ( 'NONE', #502, #2338, #2180 ) ;
#2055 = EDGE_CURVE ( 'NONE', #1974, #347, #1048, .T. ) ;
#2056 = CIRCLE ( 'NONE', #1935, 2.499999999999998668 ) ;
#2057 = AXIS2_PLACEMENT_3D ( 'NONE', #392, #1132, #1920 ) ;
#2058 = DIRECTION ( 'NONE',  ( -0.000000000000000000, -0.000000000000000000, 1.000000000000000000 ) ) ;
#2059 = FACE_OUTER_BOUND ( 'NONE', #1633, .T. ) ;
#2060 = ORIENTED_EDGE ( 'NONE', *, *, #1442, .F. ) ;
#2061 = CYLINDRICAL_SURFACE ( 'NONE', #536, 2.499999999999998668 ) ;
#2062 = FACE_BOUND ( 'NONE', #2302, .T. ) ;
#2063 = CARTESIAN_POINT ( 'NONE',  ( 22.00000000000000000, 15.25000000000000000, -3.000000000000000000 ) ) ;
#2064 = ORIENTED_EDGE ( 'NONE', *, *, #1435, .T. ) ;
#2065 = VECTOR ( 'NONE', #2272, 1000.000000000000000 ) ;
#2066 = ORIENTED_EDGE ( 'NONE', *, *, #1163, .F. ) ;
#2067 = DIRECTION ( 'NONE',  ( 0.000000000000000000, 0.000000000000000000, -1.000000000000000000 ) ) ;
#2068 = ADVANCED_FACE ( 'NONE', ( #317 ), #1223, .F. ) ;
#2069 = FACE_BOUND ( 'NONE', #600, .T. ) ;
#2070 = CARTESIAN_POINT ( 'NONE',  ( 20.00000000000000000, 15.25000000000001421, -3.000000000000000000 ) ) ;
#2071 = ORIENTED_EDGE ( 'NONE', *, *, #1376, .T. ) ;
#2072 = CARTESIAN_POINT ( 'NONE',  ( 21.75000000000000000, 18.90136566951675334, 25.24999999999998934 ) ) ;
#2073 = CARTESIAN_POINT ( 'NONE',  ( 21.13869478386807899, 20.56773921490052359, 3.905063100373306728 ) ) ;
#2074 = EDGE_CURVE ( 'NONE', #1145, #2261, #292, .T. ) ;
#2075 = DIRECTION ( 'NONE',  ( -0.000000000000000000, -0.000000000000000000, 1.000000000000000000 ) ) ;
#2076 = EDGE_LOOP ( 'NONE', ( #70, #1961 ) ) ;
#2077 = EDGE_LOOP ( 'NONE', ( #103, #1360, #518, #1224 ) ) ;
#2078 = EDGE_CURVE ( 'NONE', #492, #1313, #791, .T. ) ;
#2079 = FACE_OUTER_BOUND ( 'NONE', #2353, .T. ) ;
#2080 = FACE_OUTER_BOUND ( 'NONE', #1685, .T. ) ;
#2081 = EDGE_LOOP ( 'NONE', ( #747, #1135, #121, #1425, #725, #385, #1420, #2439 ) ) ;
#2082 = ORIENTED_EDGE ( 'NONE', *, *, #642, .F. ) ;
#2083 = DIRECTION ( 'NONE',  ( 1.000000000000000000, 0.000000000000000000, 0.000000000000000000 ) ) ;
#2084 = VECTOR ( 'NONE', #2075, 1000.000000000000000 ) ;
#2085 = DIRECTION ( 'NONE',  ( 1.000000000000000000, 0.000000000000000000, 0.000000000000000000 ) ) ;
#2086 = VERTEX_POINT ( 'NONE', #2361 ) ;
#2087 = CARTESIAN_POINT ( 'NONE',  ( 26.25000000000000355, 15.00000000000000000, -3.000000000000000000 ) ) ;
#2088 = DIRECTION ( 'NONE',  ( 0.000000000000000000, 1.000000000000000000, 0.000000000000000000 ) ) ;
#2089 = ORIENTED_EDGE ( 'NONE', *, *, #795, .T. ) ;
#2090 = LINE ( 'NONE', #538, #259 ) ;
#2091 = DIRECTION ( 'NONE',  ( -0.000000000000000000, 1.000000000000000000, -0.000000000000000000 ) ) ;
#2092 = DIRECTION ( 'NONE',  ( 0.000000000000000000, 0.000000000000000000, -1.000000000000000000 ) ) ;
#2093 = ORIENTED_EDGE ( 'NONE', *, *, #1115, .T. ) ;
#2094 = CARTESIAN_POINT ( 'NONE',  ( 16.00000000000000000, 15.99999999999999645, -2.500000000000015987 ) ) ;
#2095 = EDGE_LOOP ( 'NONE', ( #296, #2434, #236, #895 ) ) ;
#2096 = CARTESIAN_POINT ( 'NONE',  ( 26.25000000000000355, 15.00000000000000000, -3.000000000000000000 ) ) ;
#2097 = ORIENTED_EDGE ( 'NONE', *, *, #464, .F. ) ;
#2098 = CARTESIAN_POINT ( 'NONE',  ( 22.00000000000001776, 13.25000000000000178, 30.50000000000000000 ) ) ;
#2099 = ORIENTED_EDGE ( 'NONE', *, *, #1481, .T. ) ;
#2100 = CARTESIAN_POINT ( 'NONE',  ( 22.71564270328205026, 15.79124998936455881, 7.694091702825428314 ) ) ;
#2101 = EDGE_CURVE ( 'NONE', #147, #1605, #696, .T. ) ;
#2102 = CARTESIAN_POINT ( 'NONE',  ( 18.00000000000000355, 18.00000000000000000, 30.50000000000000000 ) ) ;
#2103 = LINE ( 'NONE', #1368, #2027 ) ;
#2104 = VERTEX_POINT ( 'NONE', #1034 ) ;
#2105 = LINE ( 'NONE', #1944, #300 ) ;
#2106 = ADVANCED_FACE ( 'NONE', ( #1446 ), #2202, .F. ) ;
#2107 = LINE ( 'NONE', #419, #1778 ) ;
#2108 = AXIS2_PLACEMENT_3D ( 'NONE', #2388, #512, #1818 ) ;
#2109 = ORIENTED_EDGE ( 'NONE', *, *, #1859, .T. ) ;
#2110 = VECTOR ( 'NONE', #1785, 1000.000000000000000 ) ;
#2111 = DIRECTION ( 'NONE',  ( -0.000000000000000000, -0.000000000000000000, -1.000000000000000000 ) ) ;
#2112 = ORIENTED_EDGE ( 'NONE', *, *, #311, .T. ) ;
#2113 = CARTESIAN_POINT ( 'NONE',  ( 19.00000000001303491, 2.326828918381567230E-15, -44.48529157252514921 ) ) ;
#2114 = DIRECTION ( 'NONE',  ( 0.000000000000000000, 0.000000000000000000, 1.000000000000000000 ) ) ;
#2115 = ORIENTED_EDGE ( 'NONE', *, *, #986, .T. ) ;
#2116 = ADVANCED_FACE ( 'NONE', ( #1609, #1421, #894 ), #649, .T. ) ;
#2117 = DIRECTION ( 'NONE',  ( -1.000000000000000000, 0.000000000000000000, 0.000000000000000000 ) ) ;
#2118 = VERTEX_POINT ( 'NONE', #1397 ) ;
#2119 = DIRECTION ( 'NONE',  ( 1.530808498934189944E-15, 1.000000000000000000, -0.000000000000000000 ) ) ;
#2120 = DIRECTION ( 'NONE',  ( 0.000000000000000000, 0.000000000000000000, 1.000000000000000000 ) ) ;
#2121 = EDGE_CURVE ( 'NONE', #188, #648, #1207, .T. ) ;
#2122 = ORIENTED_EDGE ( 'NONE', *, *, #1965, .T. ) ;
#2123 = DIRECTION ( 'NONE',  ( -0.000000000000000000, -1.000000000000000000, -0.000000000000000000 ) ) ;
#2124 = CARTESIAN_POINT ( 'NONE',  ( 23.25000000000000355, 15.40192378864668221, 7.750000000000000000 ) ) ;
#2125 = CARTESIAN_POINT ( 'NONE',  ( 20.00000000000000000, 17.99999999999998224, 30.50000000000000000 ) ) ;
#2126 = ORIENTED_EDGE ( 'NONE', *, *, #1364, .F. ) ;
#2127 = LINE ( 'NONE', #1779, #2339 ) ;
#2128 = ADVANCED_FACE ( 'NONE', ( #305 ), #1594, .F. ) ;
#2129 = EDGE_LOOP ( 'NONE', ( #119, #417, #420, #1823, #179, #659 ) ) ;
#2130 = DIRECTION ( 'NONE',  ( -1.000000000000000000, -3.817449038448039903E-18, -0.000000000000000000 ) ) ;
#2131 = AXIS2_PLACEMENT_3D ( 'NONE', #1387, #2363, #504 ) ;
#2132 = FACE_OUTER_BOUND ( 'NONE', #858, .T. ) ;
#2133 = CARTESIAN_POINT ( 'NONE',  ( 21.75000000000000355, 18.74999999999997868, 28.50000000000000000 ) ) ;
#2134 = ORIENTED_EDGE ( 'NONE', *, *, #1938, .T. ) ;
#2135 = CARTESIAN_POINT ( 'NONE',  ( 21.75000000000000355, 18.74999999999997868, 28.50000000000000000 ) ) ;
#2136 = AXIS2_PLACEMENT_3D ( 'NONE', #1362, #2289, #786 ) ;
#2137 = CARTESIAN_POINT ( 'NONE',  ( 22.72620339261171196, 10.04443285917038331, 21.73454290503452313 ) ) ;
#2138 = DIRECTION ( 'NONE',  ( -0.000000000000000000, -0.000000000000000000, 1.000000000000000000 ) ) ;
#2139 = ORIENTED_EDGE ( 'NONE', *, *, #718, .T. ) ;
#2140 = CARTESIAN_POINT ( 'NONE',  ( -21.75000000000000355, -1.836970198721034125E-16, 28.50000000000000000 ) ) ;
#2141 = ORIENTED_EDGE ( 'NONE', *, *, #902, .T. ) ;
#2142 = LINE ( 'NONE', #1931, #1311 ) ;
#2143 = VECTOR ( 'NONE', #1716, 1000.000000000000000 ) ;
#2144 = CARTESIAN_POINT ( 'NONE',  ( -14.00000000000000000, 15.99999999999999645, -2.000000000000000000 ) ) ;
#2145 = FACE_BOUND ( 'NONE', #422, .T. ) ;
#2146 = VERTEX_POINT ( 'NONE', #1050 ) ;
#2147 = AXIS2_PLACEMENT_3D ( 'NONE', #605, #828, #443 ) ;
#2148 = EDGE_CURVE ( 'NONE', #907, #1728, #1098, .T. ) ;
#2149 = CARTESIAN_POINT ( 'NONE',  ( 21.75000000000000355, 13.00000000000000000, 21.25000000000000355 ) ) ;
#2150 = AXIS2_PLACEMENT_3D ( 'NONE', #2094, #408, #1906 ) ;
#2151 = CARTESIAN_POINT ( 'NONE',  ( -20.00000000000000000, -2.632990618166809630E-15, 31.50000000000000000 ) ) ;
#2152 = APPLICATION_CONTEXT ( 'automotive_design' ) ;
#2153 = ADVANCED_FACE ( 'NONE', ( #2080 ), #561, .F. ) ;
#2154 =( NAMED_UNIT ( * ) PLANE_ANGLE_UNIT ( ) SI_UNIT ( $, .RADIAN. ) );
#2155 = ORIENTED_EDGE ( 'NONE', *, *, #1506, .T. ) ;
#2156 = DIRECTION ( 'NONE',  ( -0.000000000000000000, 1.000000000000000000, -0.000000000000000000 ) ) ;
#2157 = PRODUCT_RELATED_PRODUCT_CATEGORY ( 'part', '', ( #1321 ) ) ;
#2158 = VERTEX_POINT ( 'NONE', #1889 ) ;
#2159 = CARTESIAN_POINT ( 'NONE',  ( 22.44030845341429270, 16.06787245532853703, 2.877152859369995763 ) ) ;
#2160 = LINE ( 'NONE', #73, #320 ) ;
#2161 = CARTESIAN_POINT ( 'NONE',  ( 22.71586207957024683, 15.79110188261621062, 20.80588509469970759 ) ) ;
#2162 = VERTEX_POINT ( 'NONE', #2216 ) ;
#2163 = CARTESIAN_POINT ( 'NONE',  ( 24.75000000000002132, 15.00000000000000000, 21.25000000000001421 ) ) ;
#2164 = CARTESIAN_POINT ( 'NONE',  ( 20.00000000000000000, 17.99999999999998224, -2.000000000000000000 ) ) ;
#2165 = ORIENTED_EDGE ( 'NONE', *, *, #1520, .F. ) ;
#2166 = FACE_OUTER_BOUND ( 'NONE', #183, .T. ) ;
#2167 = ORIENTED_EDGE ( 'NONE', *, *, #1704, .T. ) ;
#2168 = DIRECTION ( 'NONE',  ( -1.000000000000000000, 0.000000000000000000, 0.000000000000000000 ) ) ;
#2169 = LINE ( 'NONE', #2340, #1375 ) ;
#2170 = DIRECTION ( 'NONE',  ( -0.000000000000000000, -0.000000000000000000, -1.000000000000000000 ) ) ;
#2171 = CARTESIAN_POINT ( 'NONE',  ( 26.25000000000000355, 15.00000000000000000, 28.50000000000000000 ) ) ;
#2172 = VECTOR ( 'NONE', #1969, 1000.000000000000000 ) ;
#2173 = CARTESIAN_POINT ( 'NONE',  ( 23.49589813646720060, 15.27115278692909683, 20.75870103525233290 ) ) ;
#2174 = VECTOR ( 'NONE', #1082, 1000.000000000000000 ) ;
#2175 = CARTESIAN_POINT ( 'NONE',  ( 22.72620339261171196, 10.04443285917038331, 3.734542905034524907 ) ) ;
#2176 = DIRECTION ( 'NONE',  ( -0.000000000000000000, -0.000000000000000000, -1.000000000000000000 ) ) ;
#2177 = CARTESIAN_POINT ( 'NONE',  ( -20.25000000000000000, -2.479909768273390300E-15, 28.50000000000000000 ) ) ;
#2178 = EDGE_CURVE ( 'NONE', #109, #28, #2366, .T. ) ;
#2179 = ORIENTED_EDGE ( 'NONE', *, *, #142, .T. ) ;
#2180 = DIRECTION ( 'NONE',  ( -1.000000000000000000, 0.000000000000000000, -0.000000000000000000 ) ) ;
#2181 = EDGE_LOOP ( 'NONE', ( #2048, #1786, #590, #1461 ) ) ;
#2182 = DIRECTION ( 'NONE',  ( 0.000000000000000000, -0.000000000000000000, -1.000000000000000000 ) ) ;
#2183 = AXIS2_PLACEMENT_3D ( 'NONE', #836, #622, #1752 ) ;
#2184 = ORIENTED_EDGE ( 'NONE', *, *, #759, .T. ) ;
#2185 = ADVANCED_FACE ( 'NONE', ( #745 ), #2423, .F. ) ;
#2186 = CARTESIAN_POINT ( 'NONE',  ( -16.00000000000000000, 15.99999999999999645, -2.500000000000015987 ) ) ;
#2187 = EDGE_LOOP ( 'NONE', ( #1930, #706, #1351, #995 ) ) ;
#2188 = LINE ( 'NONE', #510, #2047 ) ;
#2189 = DIRECTION ( 'NONE',  ( 1.000000000000000000, -0.000000000000000000, -0.000000000000000000 ) ) ;
#2190 = CARTESIAN_POINT ( 'NONE',  ( 26.25000000000000355, 10.00000000000000000, 28.50000000000000000 ) ) ;
#2191 = ORIENTED_EDGE ( 'NONE', *, *, #2204, .F. ) ;
#2192 = DIRECTION ( 'NONE',  ( 0.000000000000000000, 0.000000000000000000, 1.000000000000000000 ) ) ;
#2193 = ORIENTED_EDGE ( 'NONE', *, *, #1868, .T. ) ;
#2194 = CYLINDRICAL_SURFACE ( 'NONE', #397, 2.999999999999999112 ) ;
#2195 = ORIENTED_EDGE ( 'NONE', *, *, #870, .T. ) ;
#2196 = CARTESIAN_POINT ( 'NONE',  ( 21.92250224231457878, 16.96436656567068724, 25.37001083275945845 ) ) ;
#2197 = DIRECTION ( 'NONE',  ( -0.000000000000000000, -0.000000000000000000, -1.000000000000000000 ) ) ;
#2198 = CARTESIAN_POINT ( 'NONE',  ( 22.07404796879308506, -1.502256922293053821E-15, 30.50000000000000000 ) ) ;
#2199 = PRODUCT_CONTEXT ( 'NONE', #2152, 'mechanical' ) ;
#2200 = CARTESIAN_POINT ( 'NONE',  ( 20.00000000000000000, 15.25000000000001421, 31.50000000000000000 ) ) ;
#2201 = ORIENTED_EDGE ( 'NONE', *, *, #1044, .F. ) ;
#2202 = CYLINDRICAL_SURFACE ( 'NONE', #402, 1.600000000000000755 ) ;
#2203 = VERTEX_POINT ( 'NONE', #345 ) ;
#2204 = EDGE_CURVE ( 'NONE', #766, #1813, #2246, .T. ) ;
#2205 = ORIENTED_EDGE ( 'NONE', *, *, #1137, .F. ) ;
#2206 = VERTEX_POINT ( 'NONE', #1877 ) ;
#2207 = CARTESIAN_POINT ( 'NONE',  ( 17.25000000000000000, 17.24999999999999645, 28.50000000000000000 ) ) ;
#2208 = CARTESIAN_POINT ( 'NONE',  ( 20.74983464128037980, 20.98621587903974373, 5.102017430378690932 ) ) ;
#2209 = ADVANCED_FACE ( 'NONE', ( #1106 ), #2044, .F. ) ;
#2210 = DIRECTION ( 'NONE',  ( 1.000000000000000000, 3.817449038448039903E-18, 0.000000000000000000 ) ) ;
#2211 = AXIS2_PLACEMENT_3D ( 'NONE', #279, #1781, #94 ) ;
#2212 = ADVANCED_FACE ( 'NONE', ( #1095, #2069, #722 ), #165, .T. ) ;
#2213 = DIRECTION ( 'NONE',  ( -1.000000000000000000, 0.000000000000000000, 0.000000000000000000 ) ) ;
#2214 = VERTEX_POINT ( 'NONE', #527 ) ;
#2215 = CIRCLE ( 'NONE', #1577, 1.999999999999998224 ) ;
#2216 = CARTESIAN_POINT ( 'NONE',  ( 20.00000000000000000, 15.25000000000001421, 31.50000000000000000 ) ) ;
#2217 = ORIENTED_EDGE ( 'NONE', *, *, #67, .T. ) ;
#2218 = ORIENTED_EDGE ( 'NONE', *, *, #690, .T. ) ;
#2219 = VERTEX_POINT ( 'NONE', #736 ) ;
#2220 = LINE ( 'NONE', #532, #1474 ) ;
#2221 = LINE ( 'NONE', #1674, #1134 ) ;
#2222 = VECTOR ( 'NONE', #2156, 1000.000000000000000 ) ;
#2223 = EDGE_CURVE ( 'NONE', #1139, #1472, #1843, .T. ) ;
#2224 = CARTESIAN_POINT ( 'NONE',  ( 21.75000000000000355, 18.00000000000001776, -3.000000000000000000 ) ) ;
#2225 = LINE ( 'NONE', #184, #101 ) ;
#2226 = VECTOR ( 'NONE', #1419, 1000.000000000000000 ) ;
#2227 = DIRECTION ( 'NONE',  ( -1.000000000000000000, 0.000000000000000000, 0.000000000000000000 ) ) ;
#2228 = ORIENTED_EDGE ( 'NONE', *, *, #1759, .F. ) ;
#2229 = AXIS2_PLACEMENT_3D ( 'NONE', #740, #168, #1694 ) ;
#2230 = CARTESIAN_POINT ( 'NONE',  ( 20.00000000000000000, 17.99999999999998224, 31.50000000000000000 ) ) ;
#2231 = DIRECTION ( 'NONE',  ( 0.000000000000000000, 0.000000000000000000, 1.000000000000000000 ) ) ;
#2232 = DIRECTION ( 'NONE',  ( -1.000000000000000000, 0.000000000000000000, 0.000000000000000000 ) ) ;
#2233 = EDGE_CURVE ( 'NONE', #2290, #1622, #730, .T. ) ;
#2234 = EDGE_CURVE ( 'NONE', #505, #1733, #1416, .T. ) ;
#2235 = CARTESIAN_POINT ( 'NONE',  ( 23.25000000000000355, 15.00000000000000000, 23.25000000000000000 ) ) ;
#2236 = DIRECTION ( 'NONE',  ( 0.000000000000000000, -0.000000000000000000, 1.000000000000000000 ) ) ;
#2237 = CARTESIAN_POINT ( 'NONE',  ( 13.99999999999999645, 15.99999999999999645, -2.500000000000015987 ) ) ;
#2238 = CARTESIAN_POINT ( 'NONE',  ( 24.52801214868420843, 14.99999999999999467, 25.41649088848683391 ) ) ;
#2239 = CARTESIAN_POINT ( 'NONE',  ( 23.57404796879308506, -8.544500781088727210E-16, 30.50000000000000000 ) ) ;
#2240 = EDGE_LOOP ( 'NONE', ( #2109, #307, #2191, #515 ) ) ;
#2241 = CARTESIAN_POINT ( 'NONE',  ( 21.52409313517080136, 19.90033414487159646, 25.06057604225731694 ) ) ;
#2242 = FACE_OUTER_BOUND ( 'NONE', #1943, .T. ) ;
#2243 = CARTESIAN_POINT ( 'NONE',  ( -18.74999999999998224, 21.75000000000000000, 31.50000000000000000 ) ) ;
#2244 = CARTESIAN_POINT ( 'NONE',  ( 26.25000000000000355, 13.25000000000000000, 30.50000000000000000 ) ) ;
#2245 = AXIS2_PLACEMENT_3D ( 'NONE', #2102, #819, #781 ) ;
#2246 = LINE ( 'NONE', #366, #1775 ) ;
#2247 = EDGE_CURVE ( 'NONE', #1329, #299, #573, .T. ) ;
#2248 = DIRECTION ( 'NONE',  ( -1.000000000000000000, 0.000000000000000000, 0.000000000000000000 ) ) ;
#2249 = EDGE_LOOP ( 'NONE', ( #1580, #2377, #2005, #1076, #661, #827, #2228, #462 ) ) ;
#2250 = DIRECTION ( 'NONE',  ( -0.000000000000000000, 1.000000000000000000, -0.000000000000000000 ) ) ;
#2251 = CARTESIAN_POINT ( 'NONE',  ( 20.81594940829040397, 20.92557958646098015, 4.660470349412363156 ) ) ;
#2252 = ADVANCED_FACE ( 'NONE', ( #1867 ), #1273, .T. ) ;
#2253 = CARTESIAN_POINT ( 'NONE',  ( 18.75000000000000355, 18.75000000000000000, -3.000000000000000000 ) ) ;
#2254 = CLOSED_SHELL ( 'NONE', ( #2376, #1796, #2036, #915, #548, #509, #1158, #839, #2185, #483, #1525, #2106, #635, #1292, #1245, #2128, #982, #98, #1919, #2406, #357, #1615, #1738, #2275, #1142, #2052, #404, #1683, #1477, #64, #1710, #1400, #2252, #1952, #1190, #2212, #63, #398, #720, #1850, #471, #2385, #332, #2387, #2209, #1248, #1298, #668, #923, #1584, #2043, #1845, #2068, #2116, #1734, #1084, #249, #873, #2153, #2392, #1588, #1841, #1346, #1408, #1404, #24 ) ) ;
#2255 = ORIENTED_EDGE ( 'NONE', *, *, #1891, .T. ) ;
#2256 = DIRECTION ( 'NONE',  ( 0.000000000000000000, 0.000000000000000000, -1.000000000000000000 ) ) ;
#2257 = B_SPLINE_CURVE_WITH_KNOTS ( 'NONE', 3,
 ( #692, #1440, #2173, #1029, #1587, #1789, #2011, #326 ),
 .UNSPECIFIED., .F., .F.,
 ( 4, 2, 2, 4 ),
 ( 0.01742732404715221714, 0.01784231712123613214, 0.01825731019532004715, 0.01908729634348788756 ),
 .UNSPECIFIED. ) ;
#2258 = CARTESIAN_POINT ( 'NONE',  ( 24.75000000000002132, 15.00000000000000000, 25.24999999999998579 ) ) ;
#2259 = AXIS2_PLACEMENT_3D ( 'NONE', #660, #141, #1619 ) ;
#2260 = LINE ( 'NONE', #1764, #1389 ) ;
#2261 = VERTEX_POINT ( 'NONE', #1117 ) ;
#2262 = LINE ( 'NONE', #1090, #1591 ) ;
#2263 = CIRCLE ( 'NONE', #732, 2.499999999999998668 ) ;
#2264 = LINE ( 'NONE', #1176, #1266 ) ;
#2265 = VERTEX_POINT ( 'NONE', #1291 ) ;
#2266 = DIRECTION ( 'NONE',  ( -1.000000000000000000, 1.530808498934189944E-15, 0.000000000000000000 ) ) ;
#2267 = DIRECTION ( 'NONE',  ( 1.000000000000000000, 0.000000000000000000, 0.000000000000000000 ) ) ;
#2268 = VERTEX_POINT ( 'NONE', #185 ) ;
#2269 = DIRECTION ( 'NONE',  ( -0.000000000000000000, -0.000000000000000000, 1.000000000000000000 ) ) ;
#2270 = FACE_OUTER_BOUND ( 'NONE', #368, .T. ) ;
#2271 = ORIENTED_EDGE ( 'NONE', *, *, #608, .F. ) ;
#2272 = DIRECTION ( 'NONE',  ( -0.000000000000000000, -0.000000000000000000, 1.000000000000000000 ) ) ;
#2273 = ORIENTED_EDGE ( 'NONE', *, *, #1331, .T. ) ;
#2274 = CARTESIAN_POINT ( 'NONE',  ( 21.01392807568839771, 20.72102908895269380, 24.37549333457327450 ) ) ;
#2275 = ADVANCED_FACE ( 'NONE', ( #539 ), #1283, .F. ) ;
#2276 = VECTOR ( 'NONE', #693, 1000.000000000000000 ) ;
#2277 = LINE ( 'NONE', #1546, #83 ) ;
#2278 = EDGE_LOOP ( 'NONE', ( #803, #2273, #1318, #2066 ) ) ;
#2279 = EDGE_CURVE ( 'NONE', #529, #2360, #1730, .T. ) ;
#2280 = LINE ( 'NONE', #594, #1977 ) ;
#2281 = ORIENTED_EDGE ( 'NONE', *, *, #1343, .T. ) ;
#2282 = CARTESIAN_POINT ( 'NONE',  ( -20.25000000000000000, -2.479909768273390300E-15, 28.50000000000000000 ) ) ;
#2283 = EDGE_CURVE ( 'NONE', #2206, #1686, #1702, .T. ) ;
#2284 = LINE ( 'NONE', #598, #2329 ) ;
#2285 = DIRECTION ( 'NONE',  ( -1.000000000000000000, 0.000000000000000000, 0.000000000000000000 ) ) ;
#2286 = VECTOR ( 'NONE', #181, 1000.000000000000000 ) ;
#2287 = ORIENTED_EDGE ( 'NONE', *, *, #1997, .T. ) ;
#2288 = PLANE ( 'NONE',  #1990 ) ;
#2289 = DIRECTION ( 'NONE',  ( -0.000000000000000000, -0.000000000000000000, -1.000000000000000000 ) ) ;
#2290 = VERTEX_POINT ( 'NONE', #1739 ) ;
#2291 = CYLINDRICAL_SURFACE ( 'NONE', #1020, 2.000000000000001776 ) ;
#2292 = ORIENTED_EDGE ( 'NONE', *, *, #506, .T. ) ;
#2293 = VECTOR ( 'NONE', #778, 1000.000000000000000 ) ;
#2294 = EDGE_CURVE ( 'NONE', #188, #1620, #2308, .T. ) ;
#2295 = DIRECTION ( 'NONE',  ( -1.000000000000000000, 0.000000000000000000, 0.000000000000000000 ) ) ;
#2296 = CARTESIAN_POINT ( 'NONE',  ( -20.25000000000000000, -2.479909768273390300E-15, 28.50000000000000000 ) ) ;
#2297 = ORIENTED_EDGE ( 'NONE', *, *, #1220, .T. ) ;
#2298 = DIRECTION ( 'NONE',  ( -1.000000000000000000, 0.000000000000000000, 0.000000000000000000 ) ) ;
#2299 = ORIENTED_EDGE ( 'NONE', *, *, #2359, .T. ) ;
#2300 = CARTESIAN_POINT ( 'NONE',  ( 20.95267954383188425, 20.78791557435837234, 22.25391147605777320 ) ) ;
#2301 = CYLINDRICAL_SURFACE ( 'NONE', #517, 2.499999999999998668 ) ;
#2302 = EDGE_LOOP ( 'NONE', ( #1088, #627 ) ) ;
#2303 = CIRCLE ( 'NONE', #1394, 1.600000000000001643 ) ;
#2304 = EDGE_CURVE ( 'NONE', #1060, #47, #965, .T. ) ;
#2305 = DIRECTION ( 'NONE',  ( 0.000000000000000000, 0.000000000000000000, 1.000000000000000000 ) ) ;
#2306 = EDGE_CURVE ( 'NONE', #2265, #2414, #1750, .T. ) ;
#2307 = CARTESIAN_POINT ( 'NONE',  ( 23.49589813646720060, 15.27115278692909683, 2.758701035252333345 ) ) ;
#2308 = LINE ( 'NONE', #30, #674 ) ;
#2309 = EDGE_LOOP ( 'NONE', ( #2024, #1031, #20, #1566, #2403, #2097, #449, #489, #1636, #670, #2155, #2141, #1086, #442, #219, #2391 ) ) ;
#2310 = CARTESIAN_POINT ( 'NONE',  ( -16.00000000000000000, 15.99999999999999645, 0.000000000000000000 ) ) ;
#2311 = ORIENTED_EDGE ( 'NONE', *, *, #1579, .T. ) ;
#2312 = DIRECTION ( 'NONE',  ( -0.000000000000000000, -0.000000000000000000, -1.000000000000000000 ) ) ;
#2313 = DIRECTION ( 'NONE',  ( 0.000000000000000000, 1.000000000000000000, 0.000000000000000000 ) ) ;
#2314 = CARTESIAN_POINT ( 'NONE',  ( -17.24999999999998224, 20.24999999999999645, 28.50000000000000000 ) ) ;
#2315 = EDGE_LOOP ( 'NONE', ( #787, #79, #1126, #931, #1915, #1593, #2433, #1275, #222, #1671, #699, #898, #155 ) ) ;
#2316 = PLANE ( 'NONE',  #437 ) ;
#2317 = EDGE_CURVE ( 'NONE', #779, #2219, #796, .T. ) ;
#2318 = CARTESIAN_POINT ( 'NONE',  ( 21.85562254836419527, 10.34213378549010365, 22.43833394252630242 ) ) ;
#2319 = DIRECTION ( 'NONE',  ( 0.000000000000000000, 0.000000000000000000, 1.000000000000000000 ) ) ;
#2320 = DIRECTION ( 'NONE',  ( 1.000000000000000000, 5.691959247870728375E-17, -0.000000000000000000 ) ) ;
#2321 = EDGE_LOOP ( 'NONE', ( #216, #1236, #1469, #1517 ) ) ;
#2322 = CARTESIAN_POINT ( 'NONE',  ( 17.25000000000000000, 17.24999999999999645, 28.50000000000000000 ) ) ;
#2323 = AXIS2_PLACEMENT_3D ( 'NONE', #1959, #825, #1946 ) ;
#2324 = EDGE_CURVE ( 'NONE', #47, #146, #947, .T. ) ;
#2325 = VECTOR ( 'NONE', #312, 1000.000000000000000 ) ;
#2326 = CARTESIAN_POINT ( 'NONE',  ( 24.52801214868420843, 14.99999999999999645, 7.416490888486846345 ) ) ;
#2327 = CIRCLE ( 'NONE', #2, 2.999999999999999112 ) ;
#2328 = LINE ( 'NONE', #641, #406 ) ;
#2329 = VECTOR ( 'NONE', #414, 1000.000000000000000 ) ;
#2330 = ORIENTED_EDGE ( 'NONE', *, *, #1799, .F. ) ;
#2331 = EDGE_CURVE ( 'NONE', #2086, #1374, #1262, .T. ) ;
#2332 = SURFACE_STYLE_USAGE ( .BOTH. , #1827 ) ;
#2333 = VECTOR ( 'NONE', #11, 1000.000000000000000 ) ;
#2334 = CARTESIAN_POINT ( 'NONE',  ( 21.85488476151629911, 10.34250356862119524, 24.06091117550427327 ) ) ;
#2335 = VERTEX_POINT ( 'NONE', #586 ) ;
#2336 = DIRECTION ( 'NONE',  ( 1.000000000000000000, 3.817449038448039903E-18, 0.000000000000000000 ) ) ;
#2337 = ORIENTED_EDGE ( 'NONE', *, *, #272, .F. ) ;
#2338 = DIRECTION ( 'NONE',  ( 0.000000000000000000, 0.000000000000000000, -1.000000000000000000 ) ) ;
#2339 = VECTOR ( 'NONE', #2320, 1000.000000000000000 ) ;
#2340 = CARTESIAN_POINT ( 'NONE',  ( 25.07404796879308506, -1.502256922293053821E-15, -2.500000000000015987 ) ) ;
#2341 = FACE_OUTER_BOUND ( 'NONE', #2129, .T. ) ;
#2342 = ORIENTED_EDGE ( 'NONE', *, *, #464, .T. ) ;
#2343 = AXIS2_PLACEMENT_3D ( 'NONE', #762, #2417, #1287 ) ;
#2344 = CARTESIAN_POINT ( 'NONE',  ( 23.25000000000002132, 10.00000000000000000, 3.649999999999999467 ) ) ;
#2345 = SHAPE_DEFINITION_REPRESENTATION ( #954, #351 ) ;
#2346 = CARTESIAN_POINT ( 'NONE',  ( 25.07404796879308861, -6.739417641740304758E-17, 30.50000000000000000 ) ) ;
#2347 = ORIENTED_EDGE ( 'NONE', *, *, #2283, .F. ) ;
#2348 = CARTESIAN_POINT ( 'NONE',  ( -18.00000000000000355, 18.00000000000000000, 31.50000000000000000 ) ) ;
#2349 = CARTESIAN_POINT ( 'NONE',  ( -17.99999999999998579, 19.99999999999999645, 30.50000000000000000 ) ) ;
#2350 = CARTESIAN_POINT ( 'NONE',  ( 0.000000000000000000, 21.75000000000000000, 28.50000000000000000 ) ) ;
#2351 = DIRECTION ( 'NONE',  ( 0.000000000000000000, -1.000000000000000000, 0.000000000000000000 ) ) ;
#2352 = LINE ( 'NONE', #741, #2286 ) ;
#2353 = EDGE_LOOP ( 'NONE', ( #1222, #425, #474, #100 ) ) ;
#2354 = EDGE_CURVE ( 'NONE', #2415, #91, #57, .T. ) ;
#2355 = CARTESIAN_POINT ( 'NONE',  ( 21.73490326420133911, 10.41028626984793171, 4.725353025555710573 ) ) ;
#2356 = CIRCLE ( 'NONE', #977, 1.600000000000000755 ) ;
#2357 = DIRECTION ( 'NONE',  ( 0.000000000000000000, 0.000000000000000000, 1.000000000000000000 ) ) ;
#2358 = LINE ( 'NONE', #671, #2226 ) ;
#2359 = EDGE_CURVE ( 'NONE', #2405, #407, #632, .T. ) ;
#2360 = VERTEX_POINT ( 'NONE', #212 ) ;
#2361 = CARTESIAN_POINT ( 'NONE',  ( -20.25000000000000000, 17.24999999999997868, 28.50000000000000000 ) ) ;
#2362 = ORIENTED_EDGE ( 'NONE', *, *, #1320, .F. ) ;
#2363 = DIRECTION ( 'NONE',  ( -0.000000000000000000, 1.000000000000000000, -0.000000000000000000 ) ) ;
#2364 = ORIENTED_EDGE ( 'NONE', *, *, #1071, .F. ) ;
#2365 = CARTESIAN_POINT ( 'NONE',  ( 22.28089069956352120, 16.27657863886513567, 25.55899926181059811 ) ) ;
#2366 = CIRCLE ( 'NONE', #4, 2.999999999999999112 ) ;
#2367 = CARTESIAN_POINT ( 'NONE',  ( 23.57404796879308506, -8.544500781088727210E-16, 28.50000000000000000 ) ) ;
#2368 = AXIS2_PLACEMENT_3D ( 'NONE', #2063, #535, #1512 ) ;
#2369 = CIRCLE ( 'NONE', #160, 19.00000000000073896 ) ;
#2370 = VERTEX_POINT ( 'NONE', #1954 ) ;
#2371 = CARTESIAN_POINT ( 'NONE',  ( 21.82065587054632161, 17.33987651440094879, 7.301499309411436656 ) ) ;
#2372 =( NAMED_UNIT ( * ) PLANE_ANGLE_UNIT ( ) SI_UNIT ( $, .RADIAN. ) );
#2373 = CYLINDRICAL_SURFACE ( 'NONE', #2108, 2.999999999999999112 ) ;
#2374 = ORIENTED_EDGE ( 'NONE', *, *, #1040, .T. ) ;
#2375 = PLANE ( 'NONE',  #1062 ) ;
#2376 = ADVANCED_FACE ( 'NONE', ( #1515 ), #1332, .F. ) ;
#2377 = ORIENTED_EDGE ( 'NONE', *, *, #742, .T. ) ;
#2378 = DIRECTION ( 'NONE',  ( 0.000000000000000000, 1.000000000000000000, 0.000000000000000000 ) ) ;
#2379 = AXIS2_PLACEMENT_3D ( 'NONE', #1107, #773, #1892 ) ;
#2380 = ORIENTED_EDGE ( 'NONE', *, *, #431, .F. ) ;
#2381 = FACE_OUTER_BOUND ( 'NONE', #1646, .T. ) ;
#2382 = UNCERTAINTY_MEASURE_WITH_UNIT (LENGTH_MEASURE( 1.000000000000000082E-05 ), #102, 'distance_accuracy_value', 'NONE');
#2383 = CARTESIAN_POINT ( 'NONE',  ( 23.25000000000000355, 9.000000000000000000, 5.250000000000000888 ) ) ;
#2384 = CIRCLE ( 'NONE', #1235, 19.00000000000073896 ) ;
#2385 = ADVANCED_FACE ( 'NONE', ( #620 ), #434, .F. ) ;
#2386 = LINE ( 'NONE', #669, #822 ) ;
#2387 = ADVANCED_FACE ( 'NONE', ( #2270 ), #238, .T. ) ;
#2388 = CARTESIAN_POINT ( 'NONE',  ( -17.25000000000000000, 17.24999999999999645, 28.50000000000000000 ) ) ;
#2389 = EDGE_LOOP ( 'NONE', ( #1874, #456 ) ) ;
#2390 = CARTESIAN_POINT ( 'NONE',  ( 23.25000000000002132, 10.00000000000000000, 0.000000000000000000 ) ) ;
#2391 = ORIENTED_EDGE ( 'NONE', *, *, #1241, .T. ) ;
#2392 = ADVANCED_FACE ( 'NONE', ( #1903 ), #1940, .F. ) ;
#2393 = ORIENTED_EDGE ( 'NONE', *, *, #72, .F. ) ;
#2394 = ORIENTED_EDGE ( 'NONE', *, *, #1799, .T. ) ;
#2395 = DIRECTION ( 'NONE',  ( 0.000000000000000000, 0.000000000000000000, 1.000000000000000000 ) ) ;
#2396 = LINE ( 'NONE', #717, #946 ) ;
#2397 = CARTESIAN_POINT ( 'NONE',  ( 21.75000000000000355, 17.99999999999999645, 7.249999999999997335 ) ) ;
#2398 = EDGE_CURVE ( 'NONE', #1564, #907, #2284, .T. ) ;
#2399 = VECTOR ( 'NONE', #731, 1000.000000000000000 ) ;
#2400 = FACE_OUTER_BOUND ( 'NONE', #960, .T. ) ;
#2401 = ORIENTED_EDGE ( 'NONE', *, *, #1343, .F. ) ;
#2402 = DIRECTION ( 'NONE',  ( 0.000000000000000000, -0.000000000000000000, 1.000000000000000000 ) ) ;
#2403 = ORIENTED_EDGE ( 'NONE', *, *, #1859, .F. ) ;
#2404 = EDGE_LOOP ( 'NONE', ( #478, #1028, #857, #131 ) ) ;
#2405 = VERTEX_POINT ( 'NONE', #1914 ) ;
#2406 = ADVANCED_FACE ( 'NONE', ( #226 ), #42, .F. ) ;
#2407 = LINE ( 'NONE', #1462, #2110 ) ;
#2408 = CARTESIAN_POINT ( 'NONE',  ( 20.75016842271397621, 20.98591733543806725, 5.403517904678800221 ) ) ;
#2409 = EDGE_CURVE ( 'NONE', #359, #1184, #1168, .T. ) ;
#2410 = CARTESIAN_POINT ( 'NONE',  ( 18.00000000000000355, 15.99999999999999645, 0.000000000000000000 ) ) ;
#2411 = PRESENTATION_LAYER_ASSIGNMENT (  '', '', ( #1655 ) ) ;
#2412 = PLANE ( 'NONE',  #1310 ) ;
#2413 = CARTESIAN_POINT ( 'NONE',  ( 23.88644242017433328, 15.12391076865709039, 25.67140797983068978 ) ) ;
#2414 = VERTEX_POINT ( 'NONE', #1762 ) ;
#2415 = VERTEX_POINT ( 'NONE', #78 ) ;
#2416 = ORIENTED_EDGE ( 'NONE', *, *, #2429, .F. ) ;
#2417 = DIRECTION ( 'NONE',  ( -0.000000000000000000, -0.000000000000000000, 1.000000000000000000 ) ) ;
#2418 = FACE_OUTER_BOUND ( 'NONE', #1153, .T. ) ;
#2419 = DIRECTION ( 'NONE',  ( -0.000000000000000000, 1.000000000000000000, -0.000000000000000000 ) ) ;
#2420 = DIRECTION ( 'NONE',  ( 0.000000000000000000, 1.000000000000000000, 0.000000000000000000 ) ) ;
#2421 = AXIS2_PLACEMENT_3D ( 'NONE', #1687, #2256, #1116 ) ;
#2422 = CARTESIAN_POINT ( 'NONE',  ( -20.25000000000000000, -2.479909768273390300E-15, 28.50000000000000000 ) ) ;
#2423 = PLANE ( 'NONE',  #325 ) ;
#2424 = CARTESIAN_POINT ( 'NONE',  ( 23.25000000000000355, 13.00000000000000000, 2.750000000000002665 ) ) ;
#2425 = ORIENTED_EDGE ( 'NONE', *, *, #293, .F. ) ;
#2426 = CARTESIAN_POINT ( 'NONE',  ( -17.99999999999998579, 20.00000000000000000, -3.000000000000000000 ) ) ;
#2427 = CYLINDRICAL_SURFACE ( 'NONE', #1059, 2.999999999999999112 ) ;
#2428 = LINE ( 'NONE', #950, #2399 ) ;
#2429 = EDGE_CURVE ( 'NONE', #59, #1941, #282, .T. ) ;
#2430 = CARTESIAN_POINT ( 'NONE',  ( 16.00000000000000000, 15.99999999999999645, -2.500000000000015987 ) ) ;
#2431 = DIRECTION ( 'NONE',  ( 1.000000000000000000, 0.000000000000000000, 0.000000000000000000 ) ) ;
#2432 = EDGE_CURVE ( 'NONE', #1284, #2405, #2327, .T. ) ;
#2433 = ORIENTED_EDGE ( 'NONE', *, *, #16, .T. ) ;
#2434 = ORIENTED_EDGE ( 'NONE', *, *, #1326, .T. ) ;
#2435 = CARTESIAN_POINT ( 'NONE',  ( 21.14211266684086254, 20.56331822649180552, 24.60039397494609759 ) ) ;
#2436 = PRODUCT_DEFINITION ( 'Œ¥÷™', '', #1218, #1639 ) ;
#2437 = CARTESIAN_POINT ( 'NONE',  ( 21.75000000000000000, 18.90136566951675334, 7.249999999999997335 ) ) ;
#2438 = DIRECTION ( 'NONE',  ( -1.000000000000000000, 0.000000000000000000, 0.000000000000000000 ) ) ;
#2439 = ORIENTED_EDGE ( 'NONE', *, *, #173, .F. ) ;
#2440 = CIRCLE ( 'NONE', #1570, 2.000000000000001776 ) ;
ENDSEC;
END-ISO-10303-21;
