ISO-10303-21;
HEADER;
FILE_DESCRIPTION (( 'STEP AP214' ),
    '1' );
FILE_NAME ('≥‰µÁ∞Â∂•≤ø…¢»»Õ≠÷˘.STEP',
    '2026-05-27T12:27:06',
    ( 'luo010121@outlook.com' ),
    ( '' ),
    'SwSTEP 2.0',
    'SolidWorks 2021',
    '' );
FILE_SCHEMA (( 'AUTOMOTIVE_DESIGN' ));
ENDSEC;

DATA;
#1 = DIRECTION ( 'NONE',  ( 0.000000000000000000, 0.000000000000000000, 1.000000000000000000 ) ) ;
#2 = DIRECTION ( 'NONE',  ( -0.000000000000000000, -0.000000000000000000, 1.000000000000000000 ) ) ;
#3 = ORIENTED_EDGE ( 'NONE', *, *, #1030, .T. ) ;
#4 = CARTESIAN_POINT ( 'NONE',  ( 33.29477099867147416, -1.512152455818657204, 23.19999800000000079 ) ) ;
#5 = ORIENTED_EDGE ( 'NONE', *, *, #1376, .T. ) ;
#6 = CIRCLE ( 'NONE', #3893, 0.7499999999999972244 ) ;
#7 = ORIENTED_EDGE ( 'NONE', *, *, #5205, .T. ) ;
#8 = CARTESIAN_POINT ( 'NONE',  ( 7.630438470952452867, -3.563214443583345492, 22.99999800000000505 ) ) ;
#9 = AXIS2_PLACEMENT_3D ( 'NONE', #1482, #4866, #5454 ) ;
#10 = DIRECTION ( 'NONE',  ( 1.000000000000000000, 0.000000000000000000, 0.000000000000000000 ) ) ;
#11 = DIRECTION ( 'NONE',  ( 0.000000000000000000, 0.000000000000000000, -1.000000000000000000 ) ) ;
#12 = DIRECTION ( 'NONE',  ( 0.7027442638224183913, 0.7114425483935349348, -0.000000000000000000 ) ) ;
#13 = EDGE_CURVE ( 'NONE', #5605, #4499, #3675, .T. ) ;
#14 = ORIENTED_EDGE ( 'NONE', *, *, #6772, .T. ) ;
#15 = ORIENTED_EDGE ( 'NONE', *, *, #4561, .T. ) ;
#16 = ADVANCED_FACE ( 'NONE', ( #391 ), #1559, .F. ) ;
#17 = CARTESIAN_POINT ( 'NONE',  ( 8.630438470952455532, -3.563214443583345492, 23.19999800000000079 ) ) ;
#18 = CARTESIAN_POINT ( 'NONE',  ( 37.69477099867146563, -1.512152455818661423, 21.99999800000000150 ) ) ;
#19 = ORIENTED_EDGE ( 'NONE', *, *, #4933, .F. ) ;
#20 = ORIENTED_EDGE ( 'NONE', *, *, #3318, .F. ) ;
#21 = DIRECTION ( 'NONE',  ( 0.000000000000000000, 0.000000000000000000, 1.000000000000000000 ) ) ;
#22 = EDGE_CURVE ( 'NONE', #130, #2316, #3783, .T. ) ;
#23 = DIRECTION ( 'NONE',  ( 1.000000000000000000, 0.000000000000000000, 0.000000000000000000 ) ) ;
#24 = ADVANCED_FACE ( 'NONE', ( #3258 ), #4327, .F. ) ;
#25 = EDGE_LOOP ( 'NONE', ( #5308, #6161, #97, #3517, #3908, #1041, #530, #3461, #3703, #1674 ) ) ;
#26 = DIRECTION ( 'NONE',  ( -0.000000000000000000, -0.000000000000000000, 1.000000000000000000 ) ) ;
#27 = EDGE_LOOP ( 'NONE', ( #5984, #5610, #2192, #7003 ) ) ;
#28 = ORIENTED_EDGE ( 'NONE', *, *, #6395, .F. ) ;
#29 = VECTOR ( 'NONE', #1565, 1000.000000000000000 ) ;
#30 = CARTESIAN_POINT ( 'NONE',  ( 24.23035919778142144, 24.23367896712652581, 22.78881726312543066 ) ) ;
#31 = LINE ( 'NONE', #5157, #6139 ) ;
#32 = AXIS2_PLACEMENT_3D ( 'NONE', #2217, #1076, #55 ) ;
#33 = ORIENTED_EDGE ( 'NONE', *, *, #582, .F. ) ;
#34 = CARTESIAN_POINT ( 'NONE',  ( 7.630438470952453756, -8.063214443583346380, 22.99999800000000505 ) ) ;
#35 = CIRCLE ( 'NONE', #6136, 1.199999999999999734 ) ;
#36 = LINE ( 'NONE', #3418, #6627 ) ;
#37 = ADVANCED_FACE ( 'NONE', ( #5378 ), #2585, .F. ) ;
#38 = AXIS2_PLACEMENT_3D ( 'NONE', #5640, #6155, #1630 ) ;
#39 = VECTOR ( 'NONE', #135, 1000.000000000000000 ) ;
#40 = CARTESIAN_POINT ( 'NONE',  ( 40.20749282690607629, -9.733150561326636918, 19.20359732000000008 ) ) ;
#41 = VECTOR ( 'NONE', #6100, 1000.000000000000000 ) ;
#42 = DIRECTION ( 'NONE',  ( 1.000000000000000000, 0.000000000000000000, 0.000000000000000000 ) ) ;
#43 = CARTESIAN_POINT ( 'NONE',  ( 25.59249728904802268, 24.13361744120935981, 23.00005099225806759 ) ) ;
#44 = ADVANCED_FACE ( 'NONE', ( #1598 ), #5451, .F. ) ;
#45 = ORIENTED_EDGE ( 'NONE', *, *, #6128, .F. ) ;
#46 = CARTESIAN_POINT ( 'NONE',  ( 36.98149227759007118, -14.01615056132663106, 19.20359732000000008 ) ) ;
#47 = VERTEX_POINT ( 'NONE', #2624 ) ;
#48 = ORIENTED_EDGE ( 'NONE', *, *, #1629, .T. ) ;
#49 = DIRECTION ( 'NONE',  ( 0.000000000000000000, 0.000000000000000000, -1.000000000000000000 ) ) ;
#50 = EDGE_CURVE ( 'NONE', #5011, #6116, #5539, .T. ) ;
#51 = CARTESIAN_POINT ( 'NONE',  ( 17.87849142309807249, -1.524148547166637613, 22.99999799999999084 ) ) ;
#52 = CARTESIAN_POINT ( 'NONE',  ( -0.9726323032707255845, -3.526097329696585181, 3.500841111824923857 ) ) ;
#53 = CARTESIAN_POINT ( 'NONE',  ( 8.630438470952407570, 0.8867855564166541305, 23.19999800000000079 ) ) ;
#54 = VERTEX_POINT ( 'NONE', #425 ) ;
#55 = DIRECTION ( 'NONE',  ( 1.000000000000000000, 0.000000000000000000, 0.000000000000000000 ) ) ;
#56 = CARTESIAN_POINT ( 'NONE',  ( 7.630438470952452867, -3.563214443583345492, 22.99999800000000505 ) ) ;
#57 = EDGE_LOOP ( 'NONE', ( #6184, #7085, #6793, #19 ) ) ;
#58 = ORIENTED_EDGE ( 'NONE', *, *, #4630, .F. ) ;
#59 = DIRECTION ( 'NONE',  ( 1.000000000000000000, 0.000000000000000000, 0.000000000000000000 ) ) ;
#60 =( NAMED_UNIT ( * ) SI_UNIT ( $, .STERADIAN. ) SOLID_ANGLE_UNIT ( ) );
#61 = ORIENTED_EDGE ( 'NONE', *, *, #375, .T. ) ;
#62 = LINE ( 'NONE', #2339, #3053 ) ;
#63 = ORIENTED_EDGE ( 'NONE', *, *, #2932, .F. ) ;
#64 = VERTEX_POINT ( 'NONE', #3223 ) ;
#65 = EDGE_CURVE ( 'NONE', #3786, #1343, #7105, .T. ) ;
#66 = VECTOR ( 'NONE', #3279, 1000.000000000000000 ) ;
#67 = EDGE_CURVE ( 'NONE', #640, #1754, #3796, .T. ) ;
#68 = DIRECTION ( 'NONE',  ( 1.000000000000000000, 0.000000000000000000, 0.000000000000000000 ) ) ;
#69 = DIRECTION ( 'NONE',  ( 0.000000000000000000, 0.000000000000000000, 1.000000000000000000 ) ) ;
#70 = EDGE_LOOP ( 'NONE', ( #1234, #940, #5731, #4289 ) ) ;
#71 = CIRCLE ( 'NONE', #4426, 2.919999999999999041 ) ;
#72 = EDGE_CURVE ( 'NONE', #2003, #6026, #5169, .T. ) ;
#73 = LINE ( 'NONE', #5725, #6984 ) ;
#74 = VECTOR ( 'NONE', #2692, 1000.000000000000000 ) ;
#75 = CYLINDRICAL_SURFACE ( 'NONE', #5838, 1.000000000000000888 ) ;
#76 = CIRCLE ( 'NONE', #1469, 1.520000000000000462 ) ;
#77 = DIRECTION ( 'NONE',  ( 1.000000000000000000, 0.000000000000000000, 0.000000000000000000 ) ) ;
#78 = CARTESIAN_POINT ( 'NONE',  ( 24.77998253300846443, -6.616486184603448173, 21.40359731999999937 ) ) ;
#79 = VERTEX_POINT ( 'NONE', #460 ) ;
#80 = CARTESIAN_POINT ( 'NONE',  ( 33.29477099867147416, -12.51215245581865609, 23.19999800000000079 ) ) ;
#81 = VERTEX_POINT ( 'NONE', #6654 ) ;
#82 = VECTOR ( 'NONE', #5955, 1000.000000000000114 ) ;
#83 = DIRECTION ( 'NONE',  ( 1.000000000000000000, 0.000000000000000000, 0.000000000000000000 ) ) ;
#84 = B_SPLINE_CURVE_WITH_KNOTS ( 'NONE', 3,
 ( #817, #4757, #6453, #1331 ),
 .UNSPECIFIED., .F., .F.,
 ( 4, 4 ),
 ( 5.769748696025432641E-18, 0.0002889733042406049716 ),
 .UNSPECIFIED. ) ;
#85 = CARTESIAN_POINT ( 'NONE',  ( 34.24477099867146990, -12.51215245581865609, 21.99999800000000150 ) ) ;
#86 = AXIS2_PLACEMENT_3D ( 'NONE', #4988, #1647, #6097 ) ;
#87 = FACE_OUTER_BOUND ( 'NONE', #4749, .T. ) ;
#88 = DIRECTION ( 'NONE',  ( -1.000000000000000000, 0.000000000000000000, 0.000000000000000000 ) ) ;
#89 = VERTEX_POINT ( 'NONE', #3857 ) ;
#90 = FACE_BOUND ( 'NONE', #7261, .T. ) ;
#91 = DIRECTION ( 'NONE',  ( 1.000000000000000000, 0.000000000000000000, 0.000000000000000000 ) ) ;
#92 = ORIENTED_EDGE ( 'NONE', *, *, #1977, .F. ) ;
#93 = EDGE_CURVE ( 'NONE', #5638, #4090, #2599, .T. ) ;
#94 = ORIENTED_EDGE ( 'NONE', *, *, #2710, .F. ) ;
#95 = LINE ( 'NONE', #4045, #7183 ) ;
#96 = FACE_BOUND ( 'NONE', #1875, .T. ) ;
#97 = ORIENTED_EDGE ( 'NONE', *, *, #765, .F. ) ;
#98 = DIRECTION ( 'NONE',  ( -1.000000000000000000, 6.938893903907030216E-14, 0.000000000000000000 ) ) ;
#99 = ORIENTED_EDGE ( 'NONE', *, *, #337, .F. ) ;
#100 = CIRCLE ( 'NONE', #3151, 1.780000000000010685 ) ;
#101 = CARTESIAN_POINT ( 'NONE',  ( 23.39272530436619846, 24.20479160526654283, 23.05468615405290222 ) ) ;
#102 = CARTESIAN_POINT ( 'NONE',  ( 43.09477099867147132, 9.487847544181342130, 22.99999799999999794 ) ) ;
#103 = ORIENTED_EDGE ( 'NONE', *, *, #5592, .T. ) ;
#104 = EDGE_CURVE ( 'NONE', #304, #1295, #2921, .T. ) ;
#105 = B_SPLINE_SURFACE_WITH_KNOTS ( 'NONE', 1, 3, ( 
 ( #7159, #4197, #7002, #3122, #1496, #827, #6430, #5316, #6024, #2600, #4772, #5392, #4807, #7041, #7084, #5870, #1379, #5988, #4233, #909, #948, #1417, #4879, #294, #1971, #5914, #370, #6470, #3079, #3642, #2485, #4738, #4342, #3683, #5356, #2015, #6591, #1537, #3797, #6508, #3722, #4845, #7121, #987, #4308, #3235, #2051, #5468, #6550, #3198, #5429, #405 ),
 ( #4917, #5540, #3339, #7268, #4488, #2235, #1057, #2751, #3304, #4452, #4952, #6743, #6703, #511, #550, #3869, #4986, #1645, #3835, #7197, #1684, #3945, #6167, #1094, #2198, #2126, #3906, #3376, #6631, #1131, #2161, #7302, #3272, #6132, #5576, #6064, #6095, #5615, #585, #1023, #4384, #2787, #5021, #2826, #441, #2676, #1576, #5503, #475, #2713, #7231, #4419 ) ),
 .UNSPECIFIED., .F., .F., .F.,
 ( 2, 2 ),
 ( 4, 2, 2, 2, 2, 2, 2, 2, 2, 2, 2, 2, 2, 2, 2, 2, 2, 2, 2, 2, 2, 2, 2, 2, 2, 4 ),
 ( 0.000000000000000000, 1.000000000000000000 ),
 ( 0.005614304954052770462, 0.005813898825696285286, 0.006013492697339799242, 0.006213086568983313199, 0.006262985036894191254, 0.006312883504805070177, 0.006412680440626827155, 0.006512477376448584133, 0.006612274312270341112, 0.006811868183913855068, 0.007011462055557369025, 0.007061360523468247080, 0.007111258991379126003, 0.007211055927200882981, 0.007310852863022639959, 0.007410649798844396938, 0.007610243670487910894, 0.007809837542131424851, 0.007909634477953182696, 0.008009431413774938807, 0.008109228349596694918, 0.008159126817507574708, 0.008209025285418452764, 0.008408619157061966720, 0.008608213028705480677, 0.008807806900348994633 ),
 .UNSPECIFIED. ) ;
#106 = ADVANCED_FACE ( 'NONE', ( #641 ), #5424, .F. ) ;
#107 = DIRECTION ( 'NONE',  ( -1.000000000000000000, -1.355252715607187705E-16, 0.000000000000000000 ) ) ;
#108 = AXIS2_PLACEMENT_3D ( 'NONE', #2923, #5850, #6413 ) ;
#109 = CARTESIAN_POINT ( 'NONE',  ( 9.630438470952455532, -8.063214443583346380, 21.40359731999999937 ) ) ;
#110 = CARTESIAN_POINT ( 'NONE',  ( 3.264205251154867149, 13.51827542104300584, 11.22457852691048430 ) ) ;
#111 = CARTESIAN_POINT ( 'NONE',  ( 40.20749282690607629, -14.01615056132663995, 18.40359731999999937 ) ) ;
#112 = CYLINDRICAL_SURFACE ( 'NONE', #2115, 0.7500000000000006661 ) ;
#113 = EDGE_LOOP ( 'NONE', ( #6947, #61, #1255, #3433 ) ) ;
#114 = CYLINDRICAL_SURFACE ( 'NONE', #4957, 1.000000000000000888 ) ;
#115 = VECTOR ( 'NONE', #1984, 1000.000000000000000 ) ;
#116 = FACE_OUTER_BOUND ( 'NONE', #246, .T. ) ;
#117 = DIRECTION ( 'NONE',  ( 0.000000000000000000, 0.000000000000000000, 1.000000000000000000 ) ) ;
#118 = CIRCLE ( 'NONE', #703, 0.9499999999999995115 ) ;
#119 = CARTESIAN_POINT ( 'NONE',  ( 8.630438470952455532, -8.063214443583346380, 8.998998000000000275 ) ) ;
#120 = DIRECTION ( 'NONE',  ( -1.000000000000000000, 0.000000000000000000, 0.000000000000000000 ) ) ;
#121 = VECTOR ( 'NONE', #6596, 1000.000000000000000 ) ;
#122 = CARTESIAN_POINT ( 'NONE',  ( -0.9246057082889275192, -8.733150561326638694, 19.20359732000000008 ) ) ;
#123 = CARTESIAN_POINT ( 'NONE',  ( 45.99477099867147700, 9.487847544181342130, 23.19999800000000079 ) ) ;
#124 = VERTEX_POINT ( 'NONE', #2327 ) ;
#125 = EDGE_CURVE ( 'NONE', #3070, #4478, #3469, .T. ) ;
#126 = ORIENTED_EDGE ( 'NONE', *, *, #5067, .T. ) ;
#127 = LINE ( 'NONE', #5218, #1752 ) ;
#128 = FACE_BOUND ( 'NONE', #5855, .T. ) ;
#129 = CARTESIAN_POINT ( 'NONE',  ( 44.29477099867147416, 9.487847544181342130, 21.99999800000000150 ) ) ;
#130 = VERTEX_POINT ( 'NONE', #1703 ) ;
#131 = ORIENTED_EDGE ( 'NONE', *, *, #2615, .T. ) ;
#132 = ADVANCED_FACE ( 'NONE', ( #1150, #4508, #6233, #1185, #90, #6801 ), #5042, .F. ) ;
#133 = FACE_OUTER_BOUND ( 'NONE', #6056, .T. ) ;
#134 = CARTESIAN_POINT ( 'NONE',  ( 25.31283309548473071, 24.13946169160892552, 22.91769666868709265 ) ) ;
#135 = DIRECTION ( 'NONE',  ( 1.462890879734001004E-19, 3.738525562561800423E-35, -1.000000000000000000 ) ) ;
#136 = ORIENTED_EDGE ( 'NONE', *, *, #1047, .F. ) ;
#137 = DIRECTION ( 'NONE',  ( -0.7071067811865414665, 0.000000000000000000, 0.7071067811865536790 ) ) ;
#138 = AXIS2_PLACEMENT_3D ( 'NONE', #2116, #2703, #1960 ) ;
#139 = EDGE_CURVE ( 'NONE', #6091, #2768, #1111, .T. ) ;
#140 = DIRECTION ( 'NONE',  ( 0.000000000000000000, -1.000000000000000000, 0.000000000000000000 ) ) ;
#141 = DIRECTION ( 'NONE',  ( -1.000000000000000000, 0.000000000000000000, -0.000000000000000000 ) ) ;
#142 = AXIS2_PLACEMENT_3D ( 'NONE', #2762, #4601, #49 ) ;
#143 = DIRECTION ( 'NONE',  ( 0.000000000000000000, 0.000000000000000000, 1.000000000000000000 ) ) ;
#144 = FACE_OUTER_BOUND ( 'NONE', #2072, .T. ) ;
#145 = LINE ( 'NONE', #2388, #2617 ) ;
#146 = EDGE_CURVE ( 'NONE', #6451, #7154, #504, .T. ) ;
#147 = AXIS2_PLACEMENT_3D ( 'NONE', #1753, #5057, #6280 ) ;
#148 = B_SPLINE_CURVE_WITH_KNOTS ( 'NONE', 3,
 ( #6878, #745, #1362, #713, #6310, #5182, #5888, #2469, #2401, #3025, #4682, #6909, #6945, #5744, #4079, #3621, #4111, #5817, #5853, #1293, #2503, #1881, #1912, #777, #6343, #4719, #811, #4752, #4174, #6983, #7023, #5219 ),
 .UNSPECIFIED., .F., .F.,
 ( 4, 1, 2, 2, 2, 2, 2, 2, 2, 2, 2, 2, 2, 1, 2, 2, 4 ),
 ( 0.000000000000000000, 0.06250000000000142941, 0.09375000000000290046, 0.1250000000000043576, 0.1875000000000032752, 0.2500000000000022204, 0.3125000000000011657, 0.3750000000000000555, 0.4999999999999984457, 0.5624999999999976685, 0.6249999999999968914, 0.6874999999999961142, 0.7499999999999952260, 0.8124999999999944489, 0.8437499999999961142, 0.8749999999999976685, 1.000000000000000000 ),
 .UNSPECIFIED. ) ;
#149 = CIRCLE ( 'NONE', #3080, 1.000000000000000888 ) ;
#150 = ADVANCED_FACE ( 'NONE', ( #3434 ), #5546, .F. ) ;
#151 = FACE_OUTER_BOUND ( 'NONE', #4862, .T. ) ;
#152 = EDGE_CURVE ( 'NONE', #6694, #6973, #675, .T. ) ;
#153 = DIRECTION ( 'NONE',  ( 0.000000000000000000, -1.000000000000000000, 0.000000000000000000 ) ) ;
#154 = FACE_OUTER_BOUND ( 'NONE', #643, .T. ) ;
#155 = MECHANICAL_DESIGN_GEOMETRIC_PRESENTATION_REPRESENTATION (  '', ( #626 ), #3449 ) ;
#156 = LINE ( 'NONE', #2394, #7262 ) ;
#157 = FACE_OUTER_BOUND ( 'NONE', #6705, .T. ) ;
#158 = CARTESIAN_POINT ( 'NONE',  ( 6.030438470952720564, 4.406785556417021077, 21.40359731999999937 ) ) ;
#159 = ORIENTED_EDGE ( 'NONE', *, *, #964, .T. ) ;
#160 = CARTESIAN_POINT ( 'NONE',  ( 32.20649282690607862, 12.22185072041135889, 19.20359732000000008 ) ) ;
#161 = CYLINDRICAL_SURFACE ( 'NONE', #5263, 25.74999999999999289 ) ;
#162 = DIRECTION ( 'NONE',  ( 0.000000000000000000, 0.000000000000000000, 1.000000000000000000 ) ) ;
#163 = ORIENTED_EDGE ( 'NONE', *, *, #3805, .T. ) ;
#164 = EDGE_LOOP ( 'NONE', ( #3673, #1896, #2611, #6837, #2446, #7179, #6519, #2776 ) ) ;
#165 = DIRECTION ( 'NONE',  ( 1.761290502088552759E-05, 0.9999999998448928507, -0.000000000000000000 ) ) ;
#166 = CARTESIAN_POINT ( 'NONE',  ( 25.71927111967882240, 24.13018370889353292, 23.04623815789736696 ) ) ;
#167 = CARTESIAN_POINT ( 'NONE',  ( 40.39477099867147558, 9.487847544181342130, 21.99999800000000150 ) ) ;
#168 = EDGE_CURVE ( 'NONE', #6361, #7154, #3965, .T. ) ;
#169 = ORIENTED_EDGE ( 'NONE', *, *, #5176, .T. ) ;
#170 = EDGE_CURVE ( 'NONE', #2952, #2868, #1775, .T. ) ;
#171 = AXIS2_PLACEMENT_3D ( 'NONE', #740, #3505, #2362 ) ;
#172 = DIRECTION ( 'NONE',  ( 1.000000000000000000, 0.000000000000000000, 0.000000000000000000 ) ) ;
#173 = ORIENTED_EDGE ( 'NONE', *, *, #3018, .T. ) ;
#174 = CARTESIAN_POINT ( 'NONE',  ( 44.85549282690607242, -14.01615056132663995, 18.40359731999999937 ) ) ;
#175 = CARTESIAN_POINT ( 'NONE',  ( 31.54477099867147061, -12.51215245581865609, 21.99999800000000150 ) ) ;
#176 = DIRECTION ( 'NONE',  ( 0.000000000000000000, 0.000000000000000000, -1.000000000000000000 ) ) ;
#177 = CARTESIAN_POINT ( 'NONE',  ( 32.33349227759007505, -9.733150561326636918, 19.20359732000000008 ) ) ;
#178 = DIRECTION ( 'NONE',  ( 0.000000000000000000, 1.000000000000000000, 0.000000000000000000 ) ) ;
#179 = VECTOR ( 'NONE', #7173, 999.9999999999998863 ) ;
#180 = VECTOR ( 'NONE', #5174, 1000.000000000000000 ) ;
#181 = CARTESIAN_POINT ( 'NONE',  ( 24.88812783374816107, -27.16846755780404266, 22.84743321629305868 ) ) ;
#182 = PLANE ( 'NONE',  #2300 ) ;
#183 = AXIS2_PLACEMENT_3D ( 'NONE', #1092, #5322, #6630 ) ;
#184 = DIRECTION ( 'NONE',  ( 0.000000000000000000, 0.000000000000000000, 1.000000000000000000 ) ) ;
#185 = DIRECTION ( 'NONE',  ( 1.000000000000000000, 0.000000000000000000, 0.000000000000000000 ) ) ;
#186 = ORIENTED_EDGE ( 'NONE', *, *, #3874, .F. ) ;
#187 = VECTOR ( 'NONE', #2, 1000.000000000000000 ) ;
#188 = CARTESIAN_POINT ( 'NONE',  ( 45.04477099867147416, -12.51215245581865609, 21.99999800000000150 ) ) ;
#189 = ADVANCED_FACE ( 'NONE', ( #2254 ), #5552, .F. ) ;
#190 = ADVANCED_FACE ( 'NONE', ( #2291 ), #3399, .F. ) ;
#191 = LINE ( 'NONE', #5883, #3047 ) ;
#192 = VERTEX_POINT ( 'NONE', #607 ) ;
#193 = AXIS2_PLACEMENT_3D ( 'NONE', #6706, #1096, #5470 ) ;
#194 = CARTESIAN_POINT ( 'NONE',  ( 18.87849142309807604, -1.524148547166637835, 23.19999800000000079 ) ) ;
#195 = DIRECTION ( 'NONE',  ( 0.000000000000000000, 0.000000000000000000, -1.000000000000000000 ) ) ;
#196 = DIRECTION ( 'NONE',  ( -0.000000000000000000, -0.000000000000000000, -1.000000000000000000 ) ) ;
#197 = VERTEX_POINT ( 'NONE', #1738 ) ;
#198 = ADVANCED_FACE ( 'NONE', ( #3361 ), #6117, .F. ) ;
#199 = ORIENTED_EDGE ( 'NONE', *, *, #3939, .F. ) ;
#200 = ORIENTED_EDGE ( 'NONE', *, *, #5300, .F. ) ;
#201 = LINE ( 'NONE', #5340, #5277 ) ;
#202 = VERTEX_POINT ( 'NONE', #5599 ) ;
#203 = AXIS2_PLACEMENT_3D ( 'NONE', #5520, #4034, #3396 ) ;
#204 = EDGE_CURVE ( 'NONE', #1481, #5150, #3999, .T. ) ;
#205 = CARTESIAN_POINT ( 'NONE',  ( 23.86789942778962370, 24.13513733746480483, 22.97908522086441607 ) ) ;
#206 = CARTESIAN_POINT ( 'NONE',  ( 20.02849441382008422, 1.426849255568360508, 21.40359731999999937 ) ) ;
#207 = ORIENTED_EDGE ( 'NONE', *, *, #3263, .F. ) ;
#208 = EDGE_LOOP ( 'NONE', ( #284, #6665 ) ) ;
#209 = ORIENTED_EDGE ( 'NONE', *, *, #5801, .F. ) ;
#210 = CARTESIAN_POINT ( 'NONE',  ( 36.94477099867147274, 9.487847544181342130, 21.99999800000000150 ) ) ;
#211 = ORIENTED_EDGE ( 'NONE', *, *, #1535, .F. ) ;
#212 = LINE ( 'NONE', #7000, #6206 ) ;
#213 = CARTESIAN_POINT ( 'NONE',  ( 8.630438470952455532, -3.563214443583345492, 21.40359731999999937 ) ) ;
#214 = ORIENTED_EDGE ( 'NONE', *, *, #5163, .F. ) ;
#215 = CARTESIAN_POINT ( 'NONE',  ( 35.98149282690607720, 11.22185072041136067, 19.20359732000000008 ) ) ;
#216 = FACE_OUTER_BOUND ( 'NONE', #5137, .T. ) ;
#217 = EDGE_CURVE ( 'NONE', #4729, #6254, #1794, .T. ) ;
#218 = FACE_OUTER_BOUND ( 'NONE', #4176, .T. ) ;
#219 = CARTESIAN_POINT ( 'NONE',  ( 25.17385563408852178, -27.16593035017310598, 22.88601789836281242 ) ) ;
#220 = CARTESIAN_POINT ( 'NONE',  ( 38.89477099867147558, -12.51215245581865609, 22.99999799999999794 ) ) ;
#221 = AXIS2_PLACEMENT_3D ( 'NONE', #4260, #5458, #6053 ) ;
#222 = FACE_OUTER_BOUND ( 'NONE', #4303, .T. ) ;
#223 = DIRECTION ( 'NONE',  ( 1.462890879734001004E-19, 3.738525562561800423E-35, -1.000000000000000000 ) ) ;
#224 = VERTEX_POINT ( 'NONE', #1841 ) ;
#225 = CARTESIAN_POINT ( 'NONE',  ( 8.630438470952455532, -8.063214443583346380, 22.99999800000000505 ) ) ;
#226 = CARTESIAN_POINT ( 'NONE',  ( 35.99477099867147700, -1.512152455818657204, 23.19999800000000079 ) ) ;
#227 = AXIS2_PLACEMENT_3D ( 'NONE', #5374, #3853, #6040 ) ;
#228 = ORIENTED_EDGE ( 'NONE', *, *, #6466, .T. ) ;
#229 = EDGE_CURVE ( 'NONE', #4122, #6304, #2150, .T. ) ;
#230 = AXIS2_PLACEMENT_3D ( 'NONE', #6927, #6368, #6399 ) ;
#231 = DIRECTION ( 'NONE',  ( 0.000000000000000000, 1.000000000000000000, 0.000000000000000000 ) ) ;
#232 = EDGE_CURVE ( 'NONE', #6471, #1584, #3655, .T. ) ;
#233 = CARTESIAN_POINT ( 'NONE',  ( 25.05949410864507243, -2.967150744431636955, 19.20359732000000008 ) ) ;
#234 = DIRECTION ( 'NONE',  ( 1.000000000000000000, 0.000000000000000000, 0.000000000000000000 ) ) ;
#235 = ORIENTED_EDGE ( 'NONE', *, *, #1435, .T. ) ;
#236 = EDGE_LOOP ( 'NONE', ( #5187, #4365, #587, #45 ) ) ;
#237 = DIRECTION ( 'NONE',  ( 1.000000000000000000, 0.000000000000000000, 0.000000000000000000 ) ) ;
#238 = ORIENTED_EDGE ( 'NONE', *, *, #5631, .F. ) ;
#239 = CARTESIAN_POINT ( 'NONE',  ( 31.20649282690607862, 7.065850720411353869, 19.20359732000000008 ) ) ;
#240 = VECTOR ( 'NONE', #26, 1000.000000000000000 ) ;
#241 = EDGE_CURVE ( 'NONE', #3021, #6505, #6938, .T. ) ;
#242 = EDGE_CURVE ( 'NONE', #3535, #1965, #5882, .T. ) ;
#243 = CARTESIAN_POINT ( 'NONE',  ( 25.43508316698349958, 24.22733079829698610, 22.84910796992719284 ) ) ;
#244 = DIRECTION ( 'NONE',  ( 0.000000000000000000, 0.000000000000000000, 1.000000000000000000 ) ) ;
#245 = AXIS2_PLACEMENT_3D ( 'NONE', #4547, #5045, #91 ) ;
#246 = EDGE_LOOP ( 'NONE', ( #6757, #4532, #5393, #4865 ) ) ;
#247 = DIRECTION ( 'NONE',  ( -0.000000000000000000, -0.000000000000000000, 1.000000000000000000 ) ) ;
#248 = VERTEX_POINT ( 'NONE', #1876 ) ;
#249 = DIRECTION ( 'NONE',  ( -0.000000000000000000, -0.000000000000000000, 1.000000000000000000 ) ) ;
#250 = DIRECTION ( 'NONE',  ( 0.000000000000000000, 0.000000000000000000, 1.000000000000000000 ) ) ;
#251 = EDGE_LOOP ( 'NONE', ( #4252, #2555, #6168, #5202 ) ) ;
#252 = CYLINDRICAL_SURFACE ( 'NONE', #5229, 0.2000000000000005107 ) ;
#253 = CARTESIAN_POINT ( 'NONE',  ( 29.59477099867147487, 9.487847544181342130, 21.99999800000000150 ) ) ;
#254 = VECTOR ( 'NONE', #4905, 1000.000000000000114 ) ;
#255 = LINE ( 'NONE', #1248, #6622 ) ;
#256 = CARTESIAN_POINT ( 'NONE',  ( 24.50242661310425873, -27.16880350369224217, 22.84220154171845607 ) ) ;
#257 = VECTOR ( 'NONE', #5837, 1000.000000000000000 ) ;
#258 = ADVANCED_FACE ( 'NONE', ( #157 ), #4747, .T. ) ;
#259 = LINE ( 'NONE', #2125, #4655 ) ;
#260 = CARTESIAN_POINT ( 'NONE',  ( 31.20649282690607862, 7.065850720411353869, 18.40359731999999937 ) ) ;
#261 = DIRECTION ( 'NONE',  ( 0.000000000000000000, -1.000000000000000000, 0.000000000000000000 ) ) ;
#262 = VECTOR ( 'NONE', #5116, 1000.000000000000000 ) ;
#263 = AXIS2_PLACEMENT_3D ( 'NONE', #3523, #244, #2477 ) ;
#264 = DIRECTION ( 'NONE',  ( 0.000000000000000000, 0.000000000000000000, 1.000000000000000000 ) ) ;
#265 = EDGE_CURVE ( 'NONE', #7154, #6451, #6138, .T. ) ;
#266 = DIRECTION ( 'NONE',  ( -1.000000000000000000, 0.000000000000000000, 0.000000000000000000 ) ) ;
#267 = VECTOR ( 'NONE', #1304, 1000.000000000000000 ) ;
#268 = ORIENTED_EDGE ( 'NONE', *, *, #2625, .T. ) ;
#269 = VECTOR ( 'NONE', #3093, 1000.000000000000000 ) ;
#270 = AXIS2_PLACEMENT_3D ( 'NONE', #7295, #3369, #5607 ) ;
#271 = DIRECTION ( 'NONE',  ( -1.000000000000000000, 3.216024241707096350E-15, -1.462890879734001004E-19 ) ) ;
#272 = FACE_OUTER_BOUND ( 'NONE', #5379, .T. ) ;
#273 = AXIS2_PLACEMENT_3D ( 'NONE', #1828, #6360, #2903 ) ;
#274 = FACE_OUTER_BOUND ( 'NONE', #2877, .T. ) ;
#275 = ORIENTED_EDGE ( 'NONE', *, *, #3852, .T. ) ;
#276 = APPLICATION_PROTOCOL_DEFINITION ( 'draft international standard', 'automotive_design', 1998, #6575 ) ;
#277 = VERTEX_POINT ( 'NONE', #1907 ) ;
#278 = DIRECTION ( 'NONE',  ( -0.000000000000000000, -0.000000000000000000, 1.000000000000000000 ) ) ;
#279 = AXIS2_PLACEMENT_3D ( 'NONE', #2138, #4892, #6561 ) ;
#280 = ORIENTED_EDGE ( 'NONE', *, *, #5264, .T. ) ;
#281 = CARTESIAN_POINT ( 'NONE',  ( 24.58910770962418724, 24.14435999479057671, 22.84428982820017495 ) ) ;
#282 = CARTESIAN_POINT ( 'NONE',  ( 25.09783517259814190, -27.25910381220849033, 22.77805818830073648 ) ) ;
#283 = ORIENTED_EDGE ( 'NONE', *, *, #5383, .T. ) ;
#284 = ORIENTED_EDGE ( 'NONE', *, *, #2932, .T. ) ;
#285 = VERTEX_POINT ( 'NONE', #4168 ) ;
#286 = ORIENTED_EDGE ( 'NONE', *, *, #2809, .F. ) ;
#287 = EDGE_CURVE ( 'NONE', #901, #1956, #5175, .T. ) ;
#288 = EDGE_CURVE ( 'NONE', #6828, #5411, #4965, .T. ) ;
#289 = CARTESIAN_POINT ( 'NONE',  ( 43.85549282690607242, -14.01615056132663995, 19.20359732000000008 ) ) ;
#290 = ORIENTED_EDGE ( 'NONE', *, *, #3191, .T. ) ;
#291 = ORIENTED_EDGE ( 'NONE', *, *, #5829, .F. ) ;
#292 = DIRECTION ( 'NONE',  ( 0.000000000000000000, 0.000000000000000000, 1.000000000000000000 ) ) ;
#293 = EDGE_CURVE ( 'NONE', #6609, #3750, #840, .T. ) ;
#294 = CARTESIAN_POINT ( 'NONE',  ( 24.82937181661058546, -27.26182547483052332, 22.75174457679600337 ) ) ;
#295 = ORIENTED_EDGE ( 'NONE', *, *, #2938, .T. ) ;
#296 = DIRECTION ( 'NONE',  ( 0.000000000000000000, 0.000000000000000000, 1.000000000000000000 ) ) ;
#297 = CARTESIAN_POINT ( 'NONE',  ( 11.23043847095200753, -6.819414077215271597, 31.63375372154084175 ) ) ;
#298 = CARTESIAN_POINT ( 'NONE',  ( 35.19477099867147274, -1.512152455818657204, 23.19999800000000079 ) ) ;
#299 = DIRECTION ( 'NONE',  ( 0.000000000000000000, 0.000000000000000000, 1.000000000000000000 ) ) ;
#300 = AXIS2_PLACEMENT_3D ( 'NONE', #2682, #4779, #4925 ) ;
#301 = CARTESIAN_POINT ( 'NONE',  ( 31.33349227759007505, -4.623571175818640633, 19.20359732000000008 ) ) ;
#302 = CARTESIAN_POINT ( 'NONE',  ( 1.970089450127729291, -2.876045503281141613, 3.500841111824923857 ) ) ;
#303 = CARTESIAN_POINT ( 'NONE',  ( 43.29477099867146705, -1.512152455818657204, 23.19999800000000079 ) ) ;
#304 = VERTEX_POINT ( 'NONE', #1356 ) ;
#305 = VECTOR ( 'NONE', #5110, 1000.000000000000000 ) ;
#306 = DIRECTION ( 'NONE',  ( 1.000000000000000000, 0.000000000000000000, 0.000000000000000000 ) ) ;
#307 = VECTOR ( 'NONE', #3349, 1000.000000000000000 ) ;
#308 = DIRECTION ( 'NONE',  ( 0.000000000000000000, 0.000000000000000000, 1.000000000000000000 ) ) ;
#309 = ORIENTED_EDGE ( 'NONE', *, *, #6535, .F. ) ;
#310 = DIRECTION ( 'NONE',  ( 1.462890879734001726E-19, 1.610801296603465303E-20, -1.000000000000000000 ) ) ;
#311 = AXIS2_PLACEMENT_3D ( 'NONE', #4437, #2180, #88 ) ;
#312 = DIRECTION ( 'NONE',  ( 1.000000000000000000, 0.000000000000000000, 0.000000000000000000 ) ) ;
#313 = ORIENTED_EDGE ( 'NONE', *, *, #2303, .T. ) ;
#314 = PLANE ( 'NONE',  #7145 ) ;
#315 = ORIENTED_EDGE ( 'NONE', *, *, #1470, .T. ) ;
#316 = EDGE_LOOP ( 'NONE', ( #3456, #758, #1532, #934 ) ) ;
#317 = VERTEX_POINT ( 'NONE', #2983 ) ;
#318 = CARTESIAN_POINT ( 'NONE',  ( 42.34477099867147132, 9.487847544181342130, 21.99999800000000150 ) ) ;
#319 = VECTOR ( 'NONE', #2136, 1000.000000000000000 ) ;
#320 = LINE ( 'NONE', #5343, #29 ) ;
#321 = CARTESIAN_POINT ( 'NONE',  ( 28.84477099867147487, -12.51215245581865609, 22.99999799999999794 ) ) ;
#322 = LINE ( 'NONE', #2409, #395 ) ;
#323 = ORIENTED_EDGE ( 'NONE', *, *, #5886, .F. ) ;
#324 = ORIENTED_EDGE ( 'NONE', *, *, #5085, .T. ) ;
#325 = ORIENTED_EDGE ( 'NONE', *, *, #1447, .F. ) ;
#326 = VERTEX_POINT ( 'NONE', #1391 ) ;
#327 = CARTESIAN_POINT ( 'NONE',  ( 30.79477099867147061, 9.487847544181342130, 22.99999799999999794 ) ) ;
#328 = EDGE_LOOP ( 'NONE', ( #5949, #2699, #4394, #1997 ) ) ;
#329 = CARTESIAN_POINT ( 'NONE',  ( 28.09477099867147487, -1.512152455818657204, 21.99999800000000150 ) ) ;
#330 = ADVANCED_FACE ( 'NONE', ( #7014 ), #4675, .F. ) ;
#331 = EDGE_CURVE ( 'NONE', #2628, #3916, #3209, .T. ) ;
#332 = CARTESIAN_POINT ( 'NONE',  ( 35.99477099867147700, -12.51215245581865609, 23.19999800000000079 ) ) ;
#333 = ORIENTED_EDGE ( 'NONE', *, *, #6862, .T. ) ;
#334 = DIRECTION ( 'NONE',  ( 0.000000000000000000, 0.000000000000000000, -1.000000000000000000 ) ) ;
#335 = CARTESIAN_POINT ( 'NONE',  ( 24.69849011171107378, -1.512152455818657204, 18.40359731999999937 ) ) ;
#336 = DIRECTION ( 'NONE',  ( 0.000000000000000000, 0.000000000000000000, 1.000000000000000000 ) ) ;
#337 = EDGE_CURVE ( 'NONE', #7277, #3712, #4843, .T. ) ;
#338 = CARTESIAN_POINT ( 'NONE',  ( 24.03502327901886559, -27.16302068167011896, 22.92867496912979064 ) ) ;
#339 = EDGE_CURVE ( 'NONE', #4056, #5577, #6980, .T. ) ;
#340 = LINE ( 'NONE', #2749, #3004 ) ;
#341 = DIRECTION ( 'NONE',  ( 0.000000000000000000, 0.000000000000000000, 1.000000000000000000 ) ) ;
#342 = CARTESIAN_POINT ( 'NONE',  ( 25.39477099867147203, -12.51215245581865609, 22.99999799999999794 ) ) ;
#343 = ORIENTED_EDGE ( 'NONE', *, *, #6646, .F. ) ;
#344 = VERTEX_POINT ( 'NONE', #5845 ) ;
#345 = FACE_OUTER_BOUND ( 'NONE', #988, .T. ) ;
#346 = CARTESIAN_POINT ( 'NONE',  ( 36.19477099867147274, -12.51215245581865609, 21.99999800000000150 ) ) ;
#347 = ORIENTED_EDGE ( 'NONE', *, *, #5499, .T. ) ;
#348 = CONICAL_SURFACE ( 'NONE', #5386, 1.520000000000000462, 0.7188299996216268584 ) ;
#349 = CARTESIAN_POINT ( 'NONE',  ( 19.02849441382007711, -4.967150744431644505, 18.40359731999999937 ) ) ;
#350 = FACE_OUTER_BOUND ( 'NONE', #1101, .T. ) ;
#351 = ORIENTED_EDGE ( 'NONE', *, *, #382, .F. ) ;
#352 = CARTESIAN_POINT ( 'NONE',  ( 23.57981788490743469, 24.12709036292463338, 23.08636224920363489 ) ) ;
#353 = ORIENTED_EDGE ( 'NONE', *, *, #4560, .F. ) ;
#354 = DIRECTION ( 'NONE',  ( 0.000000000000000000, 0.000000000000000000, -1.000000000000000000 ) ) ;
#355 = ORIENTED_EDGE ( 'NONE', *, *, #5537, .F. ) ;
#356 = CARTESIAN_POINT ( 'NONE',  ( 7.030438470952728558, -0.9132144435829868678, 21.40359731999999937 ) ) ;
#357 = EDGE_CURVE ( 'NONE', #4817, #3781, #6336, .T. ) ;
#358 = AXIS2_PLACEMENT_3D ( 'NONE', #5811, #1949, #266 ) ;
#359 = AXIS2_PLACEMENT_3D ( 'NONE', #1158, #165, #4084 ) ;
#360 = DIRECTION ( 'NONE',  ( -0.000000000000000000, 1.000000000000000000, 0.000000000000000000 ) ) ;
#361 = PLANE ( 'NONE',  #5501 ) ;
#362 = DIRECTION ( 'NONE',  ( 0.000000000000000000, 0.000000000000000000, 1.000000000000000000 ) ) ;
#363 = ADVANCED_FACE ( 'NONE', ( #5774 ), #742, .F. ) ;
#364 = EDGE_LOOP ( 'NONE', ( #6464, #2338, #717, #6996 ) ) ;
#365 = CIRCLE ( 'NONE', #944, 0.7499999999999972244 ) ;
#366 = CARTESIAN_POINT ( 'NONE',  ( 23.11076921640281157, 23.98846797503755468, 23.19999800000000079 ) ) ;
#367 = ORIENTED_EDGE ( 'NONE', *, *, #6559, .F. ) ;
#368 = CIRCLE ( 'NONE', #2106, 0.7500000000000006661 ) ;
#369 = CARTESIAN_POINT ( 'NONE',  ( 33.49477099867146990, -1.512152455818657204, 21.99999800000000150 ) ) ;
#370 = CARTESIAN_POINT ( 'NONE',  ( 24.72709637057086596, -27.26215890250630025, 22.74850724071710673 ) ) ;
#371 = ORIENTED_EDGE ( 'NONE', *, *, #1490, .F. ) ;
#372 = DIRECTION ( 'NONE',  ( 0.000000000000000000, 0.000000000000000000, -1.000000000000000000 ) ) ;
#373 = DIRECTION ( 'NONE',  ( -1.000000000000000000, 0.000000000000000000, 0.000000000000000000 ) ) ;
#374 = DIRECTION ( 'NONE',  ( 0.000000000000000000, 0.000000000000000000, -1.000000000000000000 ) ) ;
#375 = EDGE_CURVE ( 'NONE', #6254, #4731, #3054, .T. ) ;
#376 = FACE_OUTER_BOUND ( 'NONE', #4685, .T. ) ;
#377 = CARTESIAN_POINT ( 'NONE',  ( 18.02849441382007356, -5.724148547166639567, 21.40359731999999937 ) ) ;
#378 = CARTESIAN_POINT ( 'NONE',  ( 36.98149282690607720, 11.22185072041135001, 18.40359731999999937 ) ) ;
#379 = EDGE_LOOP ( 'NONE', ( #3672, #7069, #4091, #3472 ) ) ;
#380 = CARTESIAN_POINT ( 'NONE',  ( 11.23043847095200576, 4.406785556417013971, 18.40359731999999937 ) ) ;
#381 = CARTESIAN_POINT ( 'NONE',  ( 43.09477099867147132, -1.512152455818657204, 21.99999800000000150 ) ) ;
#382 = EDGE_CURVE ( 'NONE', #6973, #4661, #4819, .T. ) ;
#383 = EDGE_CURVE ( 'NONE', #6546, #2226, #6867, .T. ) ;
#384 = AXIS2_PLACEMENT_3D ( 'NONE', #4867, #1446, #3262 ) ;
#385 = CARTESIAN_POINT ( 'NONE',  ( 10.85349142309807569, -0.9132144435829862017, 21.40359731999999937 ) ) ;
#386 = LINE ( 'NONE', #419, #3040 ) ;
#387 = EDGE_LOOP ( 'NONE', ( #6810, #2626, #4025, #4535, #1811, #4179, #2016, #2086, #5195, #2659, #5936, #5270, #3042, #6089, #5513, #5464, #291, #2367, #209, #2672, #2236, #5561, #2070, #1457, #275, #1042, #4449 ) ) ;
#388 = CARTESIAN_POINT ( 'NONE',  ( 36.19477099867147274, -12.51215245581865609, 21.99999800000000150 ) ) ;
#389 = ORIENTED_EDGE ( 'NONE', *, *, #5724, .F. ) ;
#390 = ADVANCED_FACE ( 'NONE', ( #6073 ), #3931, .F. ) ;
#391 = FACE_OUTER_BOUND ( 'NONE', #4972, .T. ) ;
#392 = AXIS2_PLACEMENT_3D ( 'NONE', #5034, #2209, #6859 ) ;
#393 = EDGE_LOOP ( 'NONE', ( #6592, #3330, #3971, #2533 ) ) ;
#394 = CARTESIAN_POINT ( 'NONE',  ( 24.69849011171107378, 12.47584852314636095, 18.40359731999999937 ) ) ;
#395 = VECTOR ( 'NONE', #7074, 1000.000000000000000 ) ;
#396 = DIRECTION ( 'NONE',  ( -0.000000000000000000, -0.000000000000000000, -1.000000000000000000 ) ) ;
#397 = AXIS2_PLACEMENT_3D ( 'NONE', #1423, #3239, #1461 ) ;
#398 = DIRECTION ( 'NONE',  ( 0.000000000000000000, 0.000000000000000000, 1.000000000000000000 ) ) ;
#399 = DIRECTION ( 'NONE',  ( 0.000000000000000000, 0.000000000000000000, 1.000000000000000000 ) ) ;
#400 = ORIENTED_EDGE ( 'NONE', *, *, #1844, .T. ) ;
#401 = VERTEX_POINT ( 'NONE', #2613 ) ;
#402 = ORIENTED_EDGE ( 'NONE', *, *, #4642, .F. ) ;
#403 = CIRCLE ( 'NONE', #3225, 1.000000000000000888 ) ;
#404 = CARTESIAN_POINT ( 'NONE',  ( 46.77691165362075765, -2.876034052301749355, 8.999997999999999720 ) ) ;
#405 = CARTESIAN_POINT ( 'NONE',  ( 23.15238742463363408, -27.21569436118670637, 23.17106748031103081 ) ) ;
#406 = ORIENTED_EDGE ( 'NONE', *, *, #5757, .T. ) ;
#407 = CARTESIAN_POINT ( 'NONE',  ( 26.89477099867147203, -1.512152455818657648, 21.99999800000000150 ) ) ;
#408 = PLANE ( 'NONE',  #3647 ) ;
#409 = CARTESIAN_POINT ( 'NONE',  ( 10.85349142309807569, -1.763214443583704494, 21.40359731999999937 ) ) ;
#410 = EDGE_CURVE ( 'NONE', #1367, #3694, #7095, .T. ) ;
#411 = DIRECTION ( 'NONE',  ( 1.000000000000000000, 0.000000000000000000, 0.000000000000000000 ) ) ;
#412 = CARTESIAN_POINT ( 'NONE',  ( 44.85549282690607242, -4.623571175818640633, 19.20359732000000008 ) ) ;
#413 = CARTESIAN_POINT ( 'NONE',  ( 26.21849011171107335, 21.53784716418134693, 21.59999800000001002 ) ) ;
#414 = ORIENTED_EDGE ( 'NONE', *, *, #728, .T. ) ;
#415 = CARTESIAN_POINT ( 'NONE',  ( 23.57981788490743469, 24.12709036292463338, 23.08636224920363489 ) ) ;
#416 = B_SPLINE_CURVE_WITH_KNOTS ( 'NONE', 3,
 ( #1621, #6036, #2726, #924 ),
 .UNSPECIFIED., .F., .F.,
 ( 4, 4 ),
 ( 6.009258394948636926E-18, 0.0002855882722045548260 ),
 .UNSPECIFIED. ) ;
#417 = DIRECTION ( 'NONE',  ( 0.000000000000000000, -1.000000000000000000, 0.000000000000000000 ) ) ;
#418 = CARTESIAN_POINT ( 'NONE',  ( 25.39477099867147203, -1.512152455818657204, 22.99999799999999794 ) ) ;
#419 = CARTESIAN_POINT ( 'NONE',  ( 7.030438470952714347, -1.763214443583704938, 31.63375372154084175 ) ) ;
#420 = ORIENTED_EDGE ( 'NONE', *, *, #3317, .T. ) ;
#421 = FACE_OUTER_BOUND ( 'NONE', #3427, .T. ) ;
#422 = EDGE_CURVE ( 'NONE', #5461, #493, #7236, .T. ) ;
#423 = ORIENTED_EDGE ( 'NONE', *, *, #2959, .F. ) ;
#424 = ADVANCED_FACE ( 'NONE', ( #4855 ), #3846, .F. ) ;
#425 = CARTESIAN_POINT ( 'NONE',  ( 11.23043847095200753, -9.573214443583347943, 18.40359731999999937 ) ) ;
#426 = EDGE_LOOP ( 'NONE', ( #6919, #1365, #5488, #347 ) ) ;
#427 = DIRECTION ( 'NONE',  ( 0.000000000000000000, 0.000000000000000000, 1.000000000000000000 ) ) ;
#428 = CIRCLE ( 'NONE', #4761, 25.74999999999999289 ) ;
#429 = CIRCLE ( 'NONE', #7022, 1.199999999999999734 ) ;
#430 = DIRECTION ( 'NONE',  ( 1.462890879734001004E-19, 0.000000000000000000, -1.000000000000000000 ) ) ;
#431 = EDGE_CURVE ( 'NONE', #4256, #3916, #4929, .T. ) ;
#432 = ORIENTED_EDGE ( 'NONE', *, *, #996, .F. ) ;
#433 = DIRECTION ( 'NONE',  ( 1.000000000000000000, 1.355252715607187705E-16, -0.000000000000000000 ) ) ;
#434 = DIRECTION ( 'NONE',  ( 0.000000000000000000, 0.000000000000000000, -1.000000000000000000 ) ) ;
#435 = EDGE_LOOP ( 'NONE', ( #4439, #1053, #2033, #2596 ) ) ;
#436 = AXIS2_PLACEMENT_3D ( 'NONE', #4567, #4667, #3497 ) ;
#437 = ORIENTED_EDGE ( 'NONE', *, *, #22, .F. ) ;
#438 = ORIENTED_EDGE ( 'NONE', *, *, #4285, .T. ) ;
#439 = CARTESIAN_POINT ( 'NONE',  ( 24.69849011171107733, -10.57321444358333729, 31.63375372154084175 ) ) ;
#440 = COLOUR_RGB ( '',0.8980392156862745390, 0.9176470588235293713, 0.9294117647058823817 ) ;
#441 = CARTESIAN_POINT ( 'NONE',  ( 23.75491416597473204, -27.15659988034369121, 23.01790236318688798 ) ) ;
#442 = VERTEX_POINT ( 'NONE', #1431 ) ;
#443 = DIRECTION ( 'NONE',  ( 0.9999999998448216854, -1.761694111969794543E-05, 0.000000000000000000 ) ) ;
#444 = LINE ( 'NONE', #952, #736 ) ;
#445 = DIRECTION ( 'NONE',  ( -0.000000000000000000, -0.000000000000000000, 1.000000000000000000 ) ) ;
#446 = CARTESIAN_POINT ( 'NONE',  ( 9.792699462065142413, 20.12757669561894147, 11.22457852691048430 ) ) ;
#447 = DIRECTION ( 'NONE',  ( 0.000000000000000000, 1.000000000000000000, 0.000000000000000000 ) ) ;
#448 = ORIENTED_EDGE ( 'NONE', *, *, #4081, .F. ) ;
#449 = VERTEX_POINT ( 'NONE', #1549 ) ;
#450 = CARTESIAN_POINT ( 'NONE',  ( 28.19145600356559456, 2.024047956598705955, 11.22457852691048430 ) ) ;
#451 = CARTESIAN_POINT ( 'NONE',  ( 24.69849011171107378, -1.512152455818657204, 22.99999799999999439 ) ) ;
#452 = VECTOR ( 'NONE', #2132, 1000.000000000000000 ) ;
#453 = LINE ( 'NONE', #4359, #74 ) ;
#454 = VECTOR ( 'NONE', #5500, 1000.000000000000000 ) ;
#455 = PLANE ( 'NONE',  #3169 ) ;
#456 = ORIENTED_EDGE ( 'NONE', *, *, #6445, .T. ) ;
#457 = DIRECTION ( 'NONE',  ( -0.000000000000000000, -0.000000000000000000, 1.000000000000000000 ) ) ;
#458 = ORIENTED_EDGE ( 'NONE', *, *, #6712, .T. ) ;
#459 = VERTEX_POINT ( 'NONE', #995 ) ;
#460 = CARTESIAN_POINT ( 'NONE',  ( 12.30349142309807320, -1.524148547166637835, 21.50359731999998658 ) ) ;
#461 = ORIENTED_EDGE ( 'NONE', *, *, #7230, .F. ) ;
#462 = CARTESIAN_POINT ( 'NONE',  ( 7.030438470952728558, 3.406785556417013083, 18.40359731999999937 ) ) ;
#463 = ADVANCED_FACE ( 'NONE', ( #5369 ), #3211, .F. ) ;
#464 = CARTESIAN_POINT ( 'NONE',  ( 19.02849441382007711, 2.675851452833362565, 18.40359731999999937 ) ) ;
#465 = ORIENTED_EDGE ( 'NONE', *, *, #1302, .T. ) ;
#466 = CARTESIAN_POINT ( 'NONE',  ( 45.79477099867147416, 9.487847544181342130, 22.99999799999999794 ) ) ;
#467 = DIRECTION ( 'NONE',  ( 0.000000000000000000, 0.000000000000000000, -1.000000000000000000 ) ) ;
#468 = CIRCLE ( 'NONE', #1387, 0.7500000000000006661 ) ;
#469 = ORIENTED_EDGE ( 'NONE', *, *, #7196, .F. ) ;
#470 = EDGE_CURVE ( 'NONE', #4948, #2666, #3775, .T. ) ;
#471 = ORIENTED_EDGE ( 'NONE', *, *, #1721, .F. ) ;
#472 = EDGE_CURVE ( 'NONE', #3359, #6462, #3166, .T. ) ;
#473 = DIRECTION ( 'NONE',  ( 1.000000000000000000, 5.421010862428621645E-16, 0.000000000000000000 ) ) ;
#474 = DIRECTION ( 'NONE',  ( -0.7114425483935286065, 0.7027442638224247196, 0.000000000000000000 ) ) ;
#475 = CARTESIAN_POINT ( 'NONE',  ( 23.43751106599489731, -27.14647061367536196, 23.14863171928460162 ) ) ;
#476 = VERTEX_POINT ( 'NONE', #4397 ) ;
#477 = CARTESIAN_POINT ( 'NONE',  ( 50.36961252669290445, -3.526097329696416427, 3.500841111824923857 ) ) ;
#478 = CARTESIAN_POINT ( 'NONE',  ( -0.9673702803943036166, 0.5677779115149546030, 8.999997999999999720 ) ) ;
#479 = VECTOR ( 'NONE', #5224, 1000.000000000000000 ) ;
#480 = CARTESIAN_POINT ( 'NONE',  ( 11.05349142309807675, -1.113214443582986268, 18.40359731999999937 ) ) ;
#481 = DIRECTION ( 'NONE',  ( 1.000000000000000000, 0.000000000000000000, 0.000000000000000000 ) ) ;
#482 = CARTESIAN_POINT ( 'NONE',  ( 24.22312458924547940, 24.14162543853729659, 22.88601789838594414 ) ) ;
#483 = ORIENTED_EDGE ( 'NONE', *, *, #2269, .T. ) ;
#484 = VERTEX_POINT ( 'NONE', #923 ) ;
#485 = FACE_OUTER_BOUND ( 'NONE', #6185, .T. ) ;
#486 = VERTEX_POINT ( 'NONE', #415 ) ;
#487 = DIRECTION ( 'NONE',  ( 1.000000000000000000, 0.000000000000000000, 0.000000000000000000 ) ) ;
#488 = EDGE_CURVE ( 'NONE', #6082, #6109, #5480, .T. ) ;
#489 = CARTESIAN_POINT ( 'NONE',  ( 25.87591770421363435, 24.21091431827368012, 22.99999800000000860 ) ) ;
#490 = PLANE ( 'NONE',  #4445 ) ;
#491 = DIRECTION ( 'NONE',  ( -0.000000000000000000, -0.000000000000000000, 1.000000000000000000 ) ) ;
#492 = ORIENTED_EDGE ( 'NONE', *, *, #5441, .F. ) ;
#493 = VERTEX_POINT ( 'NONE', #3696 ) ;
#494 = EDGE_CURVE ( 'NONE', #317, #597, #3521, .T. ) ;
#495 = DIRECTION ( 'NONE',  ( -0.000000000000000000, -0.000000000000000000, 1.000000000000000000 ) ) ;
#496 = LINE ( 'NONE', #394, #1755 ) ;
#497 = VECTOR ( 'NONE', #5982, 1000.000000000000000 ) ;
#498 = CARTESIAN_POINT ( 'NONE',  ( 43.09477099867147132, -12.51215245581865609, 21.99999800000000150 ) ) ;
#499 = ORIENTED_EDGE ( 'NONE', *, *, #422, .T. ) ;
#500 = LINE ( 'NONE', #5084, #3995 ) ;
#501 = CARTESIAN_POINT ( 'NONE',  ( 11.23043847095200576, 7.323764546165906886, 21.40359731999999937 ) ) ;
#502 = CIRCLE ( 'NONE', #4841, 1.000000000000000888 ) ;
#503 = EDGE_LOOP ( 'NONE', ( #6271, #2671, #7, #6727 ) ) ;
#504 = CIRCLE ( 'NONE', #7223, 1.199999999999999734 ) ;
#505 = VECTOR ( 'NONE', #2082, 1000.000000000000000 ) ;
#506 = AXIS2_PLACEMENT_3D ( 'NONE', #4275, #6067, #1027 ) ;
#507 = ORIENTED_EDGE ( 'NONE', *, *, #996, .T. ) ;
#508 = DIRECTION ( 'NONE',  ( -0.7071067811865414665, 0.000000000000000000, -0.7071067811865536790 ) ) ;
#509 = AXIS2_PLACEMENT_3D ( 'NONE', #5419, #399, #2632 ) ;
#510 = FACE_OUTER_BOUND ( 'NONE', #6440, .T. ) ;
#511 = CARTESIAN_POINT ( 'NONE',  ( 25.43472757825999153, -27.16150216484738777, 22.95020785844053179 ) ) ;
#512 = ORIENTED_EDGE ( 'NONE', *, *, #6358, .T. ) ;
#513 = DIRECTION ( 'NONE',  ( 1.000000000000000000, -3.794707603699271830E-15, 0.000000000000000000 ) ) ;
#514 = ADVANCED_FACE ( 'NONE', ( #960 ), #4244, .F. ) ;
#515 = EDGE_CURVE ( 'NONE', #2294, #6126, #3135, .T. ) ;
#516 = CARTESIAN_POINT ( 'NONE',  ( 32.20649282690607862, 6.065850720411354757, 18.40359731999999937 ) ) ;
#517 = FACE_OUTER_BOUND ( 'NONE', #3524, .T. ) ;
#518 = ADVANCED_FACE ( 'NONE', ( #345 ), #5963, .F. ) ;
#519 = DIRECTION ( 'NONE',  ( 0.000000000000000000, 0.000000000000000000, 1.000000000000000000 ) ) ;
#520 = DIRECTION ( 'NONE',  ( 0.000000000000000000, -1.000000000000000000, 0.000000000000000000 ) ) ;
#521 = EDGE_LOOP ( 'NONE', ( #2194, #5041, #2584, #3097 ) ) ;
#522 = VERTEX_POINT ( 'NONE', #380 ) ;
#523 = DIRECTION ( 'NONE',  ( -0.7071067811865414665, 0.000000000000000000, -0.7071067811865536790 ) ) ;
#524 = FACE_OUTER_BOUND ( 'NONE', #6576, .T. ) ;
#525 = EDGE_CURVE ( 'NONE', #5478, #4218, #3289, .T. ) ;
#526 = CARTESIAN_POINT ( 'NONE',  ( 1.970089450127729291, -2.876045503281141613, 8.999997999999999720 ) ) ;
#527 = DIRECTION ( 'NONE',  ( 0.000000000000000000, -1.000000000000000000, 0.000000000000000000 ) ) ;
#528 = CARTESIAN_POINT ( 'NONE',  ( 14.85349142309807391, -1.524148547166637835, 22.00359731999999724 ) ) ;
#529 = EDGE_LOOP ( 'NONE', ( #6648, #406, #4113, #3559 ) ) ;
#530 = ORIENTED_EDGE ( 'NONE', *, *, #4031, .T. ) ;
#531 = DIRECTION ( 'NONE',  ( 0.000000000000000000, 1.000000000000000000, 0.000000000000000000 ) ) ;
#532 = CIRCLE ( 'NONE', #171, 1.000000000000000888 ) ;
#533 = FACE_OUTER_BOUND ( 'NONE', #1043, .T. ) ;
#534 = CARTESIAN_POINT ( 'NONE',  ( 25.39477099867147203, 9.487847544181342130, 21.99999800000000150 ) ) ;
#535 = EDGE_CURVE ( 'NONE', #6281, #2154, #4350, .T. ) ;
#536 = ORIENTED_EDGE ( 'NONE', *, *, #6514, .F. ) ;
#537 = CYLINDRICAL_SURFACE ( 'NONE', #4916, 0.9999999999999991118 ) ;
#538 = VECTOR ( 'NONE', #5695, 1000.000000000000000 ) ;
#539 = DIRECTION ( 'NONE',  ( 1.000000000000000000, 0.000000000000000000, 0.000000000000000000 ) ) ;
#540 = ORIENTED_EDGE ( 'NONE', *, *, #6600, .F. ) ;
#541 = CARTESIAN_POINT ( 'NONE',  ( 25.39477099867147203, -12.51215245581865609, 21.99999800000000150 ) ) ;
#542 = AXIS2_PLACEMENT_3D ( 'NONE', #3355, #6685, #4538 ) ;
#543 = EDGE_LOOP ( 'NONE', ( #461, #7018, #6385, #4098 ) ) ;
#544 = AXIS2_PLACEMENT_3D ( 'NONE', #5521, #491, #5636 ) ;
#545 = ORIENTED_EDGE ( 'NONE', *, *, #1268, .F. ) ;
#546 = CARTESIAN_POINT ( 'NONE',  ( 23.15056794851412292, 24.19127994097775769, 23.17200353645734623 ) ) ;
#547 = CIRCLE ( 'NONE', #5822, 25.74999999999999645 ) ;
#548 = PLANE ( 'NONE',  #147 ) ;
#549 = AXIS2_PLACEMENT_3D ( 'NONE', #303, #4816, #7092 ) ;
#550 = CARTESIAN_POINT ( 'NONE',  ( 25.40316916706343520, -27.16213077021157218, 22.94126221087911688 ) ) ;
#551 = ORIENTED_EDGE ( 'NONE', *, *, #2799, .T. ) ;
#552 = ORIENTED_EDGE ( 'NONE', *, *, #2390, .F. ) ;
#553 = DIRECTION ( 'NONE',  ( -0.000000000000000000, 1.000000000000000000, 0.000000000000000000 ) ) ;
#554 = CARTESIAN_POINT ( 'NONE',  ( 45.99477099867148411, -1.512152455818663865, 23.19999800000000079 ) ) ;
#555 = EDGE_CURVE ( 'NONE', #1444, #3231, #2348, .T. ) ;
#556 = CARTESIAN_POINT ( 'NONE',  ( 30.79477099867147061, -1.512152455818657204, 21.99999800000000150 ) ) ;
#557 = EDGE_CURVE ( 'NONE', #1433, #1048, #2836, .T. ) ;
#558 = ADVANCED_BREP_SHAPE_REPRESENTATION ( '≥‰µÁ∞Â∂•≤ø…¢»»Õ≠÷˘', ( #5094, #7158 ), #2423 ) ;
#559 = LINE ( 'NONE', #1726, #2890 ) ;
#560 = FACE_OUTER_BOUND ( 'NONE', #5317, .T. ) ;
#561 = ORIENTED_EDGE ( 'NONE', *, *, #3392, .T. ) ;
#562 = CARTESIAN_POINT ( 'NONE',  ( 27.89477099867147558, 9.487847544181342130, 23.19999800000000079 ) ) ;
#563 = ADVANCED_FACE ( 'NONE', ( #3425 ), #6716, .F. ) ;
#564 = FACE_OUTER_BOUND ( 'NONE', #3704, .T. ) ;
#565 = EDGE_CURVE ( 'NONE', #6697, #2677, #5627, .T. ) ;
#566 = ADVANCED_FACE ( 'NONE', ( #6755 ), #2761, .T. ) ;
#567 = EDGE_CURVE ( 'NONE', #5654, #4831, #6098, .T. ) ;
#568 = CARTESIAN_POINT ( 'NONE',  ( 42.34477099867147132, 9.487847544181342130, 23.19999800000000079 ) ) ;
#569 = CARTESIAN_POINT ( 'NONE',  ( 35.98149282690607720, 11.22185072041136067, 19.20359732000000008 ) ) ;
#570 = CARTESIAN_POINT ( 'NONE',  ( 7.430438470952455354, -3.563214443583345492, 23.19999800000000079 ) ) ;
#571 = ORIENTED_EDGE ( 'NONE', *, *, #4250, .T. ) ;
#572 = ORIENTED_EDGE ( 'NONE', *, *, #4360, .F. ) ;
#573 = CARTESIAN_POINT ( 'NONE',  ( 36.19477099867147274, 9.487847544181342130, 21.99999800000000150 ) ) ;
#574 = CARTESIAN_POINT ( 'NONE',  ( 36.19477099867147274, 9.487847544181342130, 21.99999800000000150 ) ) ;
#575 = ORIENTED_EDGE ( 'NONE', *, *, #6081, .F. ) ;
#576 = CARTESIAN_POINT ( 'NONE',  ( 12.05349142309807675, -5.819541498890621334, 21.40359731999999937 ) ) ;
#577 = VECTOR ( 'NONE', #7273, 1000.000000000000000 ) ;
#578 = ORIENTED_EDGE ( 'NONE', *, *, #3967, .T. ) ;
#579 = DIRECTION ( 'NONE',  ( -0.000000000000000000, -0.000000000000000000, -1.000000000000000000 ) ) ;
#580 = ORIENTED_EDGE ( 'NONE', *, *, #6903, .T. ) ;
#581 = DIRECTION ( 'NONE',  ( -0.000000000000000000, -0.000000000000000000, -1.000000000000000000 ) ) ;
#582 = EDGE_CURVE ( 'NONE', #7066, #1710, #4430, .T. ) ;
#583 = CARTESIAN_POINT ( 'NONE',  ( 9.082623226170039032, 7.206785556416294369, 18.40359731999999937 ) ) ;
#584 = DIRECTION ( 'NONE',  ( -1.000000000000000000, 0.000000000000000000, 0.000000000000000000 ) ) ;
#585 = CARTESIAN_POINT ( 'NONE',  ( 23.95814317380162350, -27.16141800631830350, 22.95139999792246144 ) ) ;
#586 = AXIS2_PLACEMENT_3D ( 'NONE', #3471, #1704, #2293 ) ;
#587 = ORIENTED_EDGE ( 'NONE', *, *, #4054, .T. ) ;
#588 = DIRECTION ( 'NONE',  ( 0.000000000000000000, 0.000000000000000000, 1.000000000000000000 ) ) ;
#589 = ADVANCED_FACE ( 'NONE', ( #2281 ), #3918, .T. ) ;
#590 = AXIS2_PLACEMENT_3D ( 'NONE', #1953, #4214, #2988 ) ;
#591 = DIRECTION ( 'NONE',  ( 1.000000000000000000, -1.059696884159938286E-15, 0.000000000000000000 ) ) ;
#592 = DIRECTION ( 'NONE',  ( 1.000000000000000000, 0.000000000000000000, 0.000000000000000000 ) ) ;
#593 = DIRECTION ( 'NONE',  ( -1.000000000000000000, 0.000000000000000000, 0.000000000000000000 ) ) ;
#594 = DIRECTION ( 'NONE',  ( 1.000000000000000000, 0.000000000000000000, 0.000000000000000000 ) ) ;
#595 = VERTEX_POINT ( 'NONE', #2207 ) ;
#596 = CARTESIAN_POINT ( 'NONE',  ( 11.25055410581079229, 18.74043139248407996, 18.40359731999999937 ) ) ;
#597 = VERTEX_POINT ( 'NONE', #80 ) ;
#598 = AXIS2_PLACEMENT_3D ( 'NONE', #3937, #4517, #6201 ) ;
#599 = EDGE_LOOP ( 'NONE', ( #5014, #5522, #4868, #1548 ) ) ;
#600 = AXIS2_PLACEMENT_3D ( 'NONE', #1181, #4466, #3431 ) ;
#601 = CARTESIAN_POINT ( 'NONE',  ( 40.08049337622307462, 11.47584852314636272, 19.20359732000000008 ) ) ;
#602 = AXIS2_PLACEMENT_3D ( 'NONE', #783, #3553, #3030 ) ;
#603 = DIRECTION ( 'NONE',  ( 1.000000000000000000, 0.000000000000000000, 0.000000000000000000 ) ) ;
#604 = CARTESIAN_POINT ( 'NONE',  ( 32.49477099867146990, 9.487847544181342130, 23.19999800000000079 ) ) ;
#605 = LINE ( 'NONE', #5559, #3721 ) ;
#606 = VERTEX_POINT ( 'NONE', #46 ) ;
#607 = CARTESIAN_POINT ( 'NONE',  ( 18.04445771906733853, -6.724021125491290718, 21.40359731999999937 ) ) ;
#608 = ADVANCED_FACE ( 'NONE', ( #4533 ), #2317, .T. ) ;
#609 = EDGE_CURVE ( 'NONE', #1154, #1433, #1766, .T. ) ;
#610 = DIRECTION ( 'NONE',  ( 1.000000000000000000, 0.000000000000000000, 0.000000000000000000 ) ) ;
#611 = VERTEX_POINT ( 'NONE', #3882 ) ;
#612 = ORIENTED_EDGE ( 'NONE', *, *, #4863, .F. ) ;
#613 = DIRECTION ( 'NONE',  ( -0.000000000000000000, -0.000000000000000000, 1.000000000000000000 ) ) ;
#614 = EDGE_CURVE ( 'NONE', #6806, #3936, #4461, .T. ) ;
#615 = VERTEX_POINT ( 'NONE', #562 ) ;
#616 = AXIS2_PLACEMENT_3D ( 'NONE', #6728, #7255, #2391 ) ;
#617 = CARTESIAN_POINT ( 'NONE',  ( 8.630438470952455532, -3.563214443583345492, 22.99999800000000505 ) ) ;
#618 = EDGE_LOOP ( 'NONE', ( #1395, #1964, #6715, #5843 ) ) ;
#619 = ORIENTED_EDGE ( 'NONE', *, *, #1089, .F. ) ;
#620 = DIRECTION ( 'NONE',  ( 1.000000000000000000, 2.710505431214377876E-16, -0.000000000000000000 ) ) ;
#621 = LINE ( 'NONE', #3338, #977 ) ;
#622 = VERTEX_POINT ( 'NONE', #1654 ) ;
#623 = ORIENTED_EDGE ( 'NONE', *, *, #4992, .F. ) ;
#624 = CIRCLE ( 'NONE', #629, 0.7500000000000006661 ) ;
#625 = LINE ( 'NONE', #2870, #2864 ) ;
#626 = STYLED_ITEM ( 'NONE', ( #3974 ), #5094 ) ;
#627 = PLANE ( 'NONE',  #2326 ) ;
#628 = ADVANCED_FACE ( 'NONE', ( #485 ), #2796, .F. ) ;
#629 = AXIS2_PLACEMENT_3D ( 'NONE', #3457, #5025, #3873 ) ;
#630 = DIRECTION ( 'NONE',  ( -0.000000000000000000, -0.000000000000000000, 1.000000000000000000 ) ) ;
#631 = CARTESIAN_POINT ( 'NONE',  ( 47.42690020190281786, -3.526045499983728071, 3.500841111824923857 ) ) ;
#632 = EDGE_LOOP ( 'NONE', ( #402, #6509, #3702, #2280 ) ) ;
#633 = ADVANCED_FACE ( 'NONE', ( #1103 ), #3352, .F. ) ;
#634 = DIRECTION ( 'NONE',  ( -1.000000000000000000, 0.000000000000000000, -0.000000000000000000 ) ) ;
#635 = ORIENTED_EDGE ( 'NONE', *, *, #5789, .T. ) ;
#636 = CARTESIAN_POINT ( 'NONE',  ( 34.99477099867146990, -1.512152455818657204, 21.99999800000000150 ) ) ;
#637 = CARTESIAN_POINT ( 'NONE',  ( 25.81716235458052466, 24.12709038455214738, 23.08636222845601083 ) ) ;
#638 = FACE_OUTER_BOUND ( 'NONE', #435, .T. ) ;
#639 = CARTESIAN_POINT ( 'NONE',  ( 19.02849441382007711, -4.967150744431644505, 21.40359731999999937 ) ) ;
#640 = VERTEX_POINT ( 'NONE', #1695 ) ;
#641 = FACE_OUTER_BOUND ( 'NONE', #3284, .T. ) ;
#642 = DIRECTION ( 'NONE',  ( -1.000000000000000000, 1.577021341797097560E-16, 0.000000000000000000 ) ) ;
#643 = EDGE_LOOP ( 'NONE', ( #324, #471, #6119, #4142 ) ) ;
#644 = EDGE_CURVE ( 'NONE', #1337, #476, #1525, .T. ) ;
#645 = ORIENTED_EDGE ( 'NONE', *, *, #6559, .T. ) ;
#646 = CARTESIAN_POINT ( 'NONE',  ( 46.77696098105594302, -0.07603404950738323897, 18.40359731999999937 ) ) ;
#647 = ADVANCED_FACE ( 'NONE', ( #216 ), #3295, .T. ) ;
#648 = SURFACE_SIDE_STYLE ('',( #5647 ) ) ;
#649 = ORIENTED_EDGE ( 'NONE', *, *, #6870, .T. ) ;
#650 = FACE_OUTER_BOUND ( 'NONE', #632, .T. ) ;
#651 = ORIENTED_EDGE ( 'NONE', *, *, #4977, .F. ) ;
#652 = EDGE_CURVE ( 'NONE', #5954, #4265, #760, .T. ) ;
#653 = ADVANCED_FACE ( 'NONE', ( #1867 ), #112, .F. ) ;
#654 = CIRCLE ( 'NONE', #3584, 0.05000000000000143219 ) ;
#655 = CARTESIAN_POINT ( 'NONE',  ( 25.23854927268696713, 24.23226729228084864, 22.80234321397728081 ) ) ;
#656 = LINE ( 'NONE', #4590, #5666 ) ;
#657 = ORIENTED_EDGE ( 'NONE', *, *, #7281, .F. ) ;
#658 = CONICAL_SURFACE ( 'NONE', #4643, 25.54999999999999361, 0.7853981633974657095 ) ;
#659 = DIRECTION ( 'NONE',  ( 1.000000000000000000, 0.000000000000000000, 0.000000000000000000 ) ) ;
#660 = CIRCLE ( 'NONE', #4999, 1.000000000000000888 ) ;
#661 = DIRECTION ( 'NONE',  ( 5.421010862430005110E-16, -1.000000000000000000, 0.000000000000000000 ) ) ;
#662 = VECTOR ( 'NONE', #4971, 1000.000000000000000 ) ;
#663 = CYLINDRICAL_SURFACE ( 'NONE', #1006, 1.000000000000000888 ) ;
#664 = DIRECTION ( 'NONE',  ( 1.000000000000000000, 0.000000000000000000, 0.000000000000000000 ) ) ;
#665 = ORIENTED_EDGE ( 'NONE', *, *, #4480, .T. ) ;
#666 = CARTESIAN_POINT ( 'NONE',  ( 24.69849011171107378, -1.512152455818657204, 8.999997999999999720 ) ) ;
#667 = ORIENTED_EDGE ( 'NONE', *, *, #1184, .F. ) ;
#668 = CIRCLE ( 'NONE', #6305, 0.9999999999999991118 ) ;
#669 = CARTESIAN_POINT ( 'NONE',  ( 1.970011369947535007, -0.08217035278916133556, 3.500841111824923857 ) ) ;
#670 = EDGE_CURVE ( 'NONE', #1004, #6082, #1800, .T. ) ;
#671 = DIRECTION ( 'NONE',  ( 0.000000000000000000, 0.000000000000000000, 1.000000000000000000 ) ) ;
#672 = LINE ( 'NONE', #2913, #1926 ) ;
#673 = DIRECTION ( 'NONE',  ( 1.000000000000000000, 0.000000000000000000, 0.000000000000000000 ) ) ;
#674 = B_SPLINE_CURVE_WITH_KNOTS ( 'NONE', 3,
 ( #4148, #5752, #2553, #1369, #6390, #5228, #3629, #5862, #821, #3068, #2444, #5303, #282, #1411, #7034, #1962, #720, #3592, #5826, #6457, #4658, #2963, #5193, #4872, #2119, #3749, #5529, #6088, #4980, #6581, #2745, #6539 ),
 .UNSPECIFIED., .F., .F.,
 ( 4, 1, 2, 2, 2, 2, 2, 2, 2, 2, 2, 2, 2, 1, 2, 2, 4 ),
 ( 0.000000000000000000, 0.06250000000000095757, 0.09375000000000069389, 0.1250000000000004441, 0.1874999999999999167, 0.2499999999999994171, 0.3124999999999988898, 0.3749999999999983902, 0.4999999999999936717, 0.5624999999999934497, 0.6249999999999931166, 0.6874999999999928946, 0.7499999999999925615, 0.8124999999999923395, 0.8437499999999947820, 0.8749999999999973355, 1.000000000000000000 ),
 .UNSPECIFIED. ) ;
#675 = LINE ( 'NONE', #2364, #4042 ) ;
#676 = LINE ( 'NONE', #1219, #1179 ) ;
#677 = ORIENTED_EDGE ( 'NONE', *, *, #6873, .T. ) ;
#678 = ORIENTED_EDGE ( 'NONE', *, *, #104, .F. ) ;
#679 = LINE ( 'NONE', #6944, #5849 ) ;
#680 = DIRECTION ( 'NONE',  ( -0.000000000000000000, -0.000000000000000000, 1.000000000000000000 ) ) ;
#681 = ORIENTED_EDGE ( 'NONE', *, *, #4058, .F. ) ;
#682 = DIRECTION ( 'NONE',  ( 0.000000000000000000, 0.000000000000000000, -1.000000000000000000 ) ) ;
#683 = ORIENTED_EDGE ( 'NONE', *, *, #6503, .F. ) ;
#684 = EDGE_CURVE ( 'NONE', #6569, #1183, #6433, .T. ) ;
#685 = VERTEX_POINT ( 'NONE', #2357 ) ;
#686 = CARTESIAN_POINT ( 'NONE',  ( 25.33702099205491010, 24.22995033899846717, 22.82436333535459028 ) ) ;
#687 = DIRECTION ( 'NONE',  ( 1.000000000000000000, 0.000000000000000000, 0.000000000000000000 ) ) ;
#688 = AXIS2_PLACEMENT_3D ( 'NONE', #3346, #3495, #5161 ) ;
#689 = ORIENTED_EDGE ( 'NONE', *, *, #5082, .T. ) ;
#690 = ADVANCED_FACE ( 'NONE', ( #1278 ), #697, .F. ) ;
#691 = CARTESIAN_POINT ( 'NONE',  ( 24.69849011171107378, -8.733150561326638694, 18.40359731999999937 ) ) ;
#692 = VECTOR ( 'NONE', #5048, 1000.000000000000000 ) ;
#693 = DIRECTION ( 'NONE',  ( 1.000000000000000000, 0.000000000000000000, -0.000000000000000000 ) ) ;
#694 = EDGE_CURVE ( 'NONE', #2522, #2252, #2422, .T. ) ;
#695 = CARTESIAN_POINT ( 'NONE',  ( 40.08049337622307462, 11.47584852314636272, 19.20359732000000008 ) ) ;
#696 = DIRECTION ( 'NONE',  ( 1.000000000000000000, 0.000000000000000000, 0.000000000000000000 ) ) ;
#697 = PLANE ( 'NONE',  #4930 ) ;
#698 = ORIENTED_EDGE ( 'NONE', *, *, #1472, .F. ) ;
#699 = DIRECTION ( 'NONE',  ( 0.000000000000000000, 0.000000000000000000, 1.000000000000000000 ) ) ;
#700 = AXIS2_PLACEMENT_3D ( 'NONE', #2018, #1540, #1974 ) ;
#701 = DIRECTION ( 'NONE',  ( 0.000000000000000000, 0.000000000000000000, -1.000000000000000000 ) ) ;
#702 = PLANE ( 'NONE',  #6061 ) ;
#703 = AXIS2_PLACEMENT_3D ( 'NONE', #6338, #3697, #1842 ) ;
#704 = LINE ( 'NONE', #1905, #5459 ) ;
#705 = LINE ( 'NONE', #2949, #180 ) ;
#706 = VECTOR ( 'NONE', #7070, 1000.000000000000000 ) ;
#707 = CARTESIAN_POINT ( 'NONE',  ( 42.34477099867147132, 9.487847544181342130, 22.99999799999999794 ) ) ;
#708 = CARTESIAN_POINT ( 'NONE',  ( 39.08049337622307462, -4.623571175818640633, 19.20359732000000008 ) ) ;
#709 = ADVANCED_FACE ( 'NONE', ( #144 ), #1760, .F. ) ;
#710 = ORIENTED_EDGE ( 'NONE', *, *, #6331, .T. ) ;
#711 = CARTESIAN_POINT ( 'NONE',  ( 44.29477099867147416, 9.487847544181342130, 22.99999799999999794 ) ) ;
#712 = EDGE_CURVE ( 'NONE', #5654, #401, #6290, .T. ) ;
#713 = CARTESIAN_POINT ( 'NONE',  ( 23.71229074708906381, 24.21896621607629285, 22.92686432860975643 ) ) ;
#714 = CARTESIAN_POINT ( 'NONE',  ( 30.59477099867147132, -1.512152455818657204, 23.19999800000000079 ) ) ;
#715 = VERTEX_POINT ( 'NONE', #4741 ) ;
#716 = ORIENTED_EDGE ( 'NONE', *, *, #3714, .T. ) ;
#717 = ORIENTED_EDGE ( 'NONE', *, *, #1911, .T. ) ;
#718 = PLANE ( 'NONE',  #359 ) ;
#719 = CARTESIAN_POINT ( 'NONE',  ( 25.43883704962053471, 24.13711309468099486, 22.95139999792246499 ) ) ;
#720 = CARTESIAN_POINT ( 'NONE',  ( 24.64451015769525455, -27.26214450954165613, 22.74864611834295758 ) ) ;
#721 = EDGE_LOOP ( 'NONE', ( #6452, #677, #6680, #5453 ) ) ;
#722 = ORIENTED_EDGE ( 'NONE', *, *, #7289, .T. ) ;
#723 = EDGE_LOOP ( 'NONE', ( #159, #5293, #5687, #94 ) ) ;
#724 = DIRECTION ( 'NONE',  ( 0.000000000000000000, -0.000000000000000000, 1.000000000000000000 ) ) ;
#725 = VECTOR ( 'NONE', #4603, 999.9999999999998863 ) ;
#726 = FACE_OUTER_BOUND ( 'NONE', #2185, .T. ) ;
#727 = EDGE_CURVE ( 'NONE', #7152, #6312, #6590, .T. ) ;
#728 = EDGE_CURVE ( 'NONE', #6379, #1227, #6857, .T. ) ;
#729 = CARTESIAN_POINT ( 'NONE',  ( 36.98149227759007118, -14.01615056132663106, 18.40359731999999937 ) ) ;
#730 = AXIS2_PLACEMENT_3D ( 'NONE', #3813, #3249, #1035 ) ;
#731 = DIRECTION ( 'NONE',  ( 0.000000000000000000, 0.000000000000000000, -1.000000000000000000 ) ) ;
#732 = DIRECTION ( 'NONE',  ( 0.000000000000000000, 0.000000000000000000, 1.000000000000000000 ) ) ;
#733 = CARTESIAN_POINT ( 'NONE',  ( 25.05949410864507243, 0.4268492555683600642, 19.20359732000000008 ) ) ;
#734 = AXIS2_PLACEMENT_3D ( 'NONE', #5211, #4609, #6443 ) ;
#735 = CONICAL_SURFACE ( 'NONE', #839, 1.000000000000000888, 0.7853981633974553844 ) ;
#736 = VECTOR ( 'NONE', #6554, 1000.000000000000000 ) ;
#737 = DIRECTION ( 'NONE',  ( -0.000000000000000000, -0.000000000000000000, 1.000000000000000000 ) ) ;
#738 = EDGE_CURVE ( 'NONE', #6978, #6790, #1244, .T. ) ;
#739 = CARTESIAN_POINT ( 'NONE',  ( 7.030438470952719676, 6.006785556416295080, 31.63375372154084175 ) ) ;
#740 = CARTESIAN_POINT ( 'NONE',  ( 20.02849441382007711, -4.967150744431637399, 18.40359731999999937 ) ) ;
#741 = DIRECTION ( 'NONE',  ( -0.000000000000000000, -0.000000000000000000, 1.000000000000000000 ) ) ;
#742 = CYLINDRICAL_SURFACE ( 'NONE', #5669, 0.7500000000000006661 ) ;
#743 = CARTESIAN_POINT ( 'NONE',  ( 31.20649282690607862, -1.512152455818657204, 18.40359731999999937 ) ) ;
#744 = LINE ( 'NONE', #6273, #3881 ) ;
#745 = CARTESIAN_POINT ( 'NONE',  ( 23.56935564578377651, 24.21312485017714167, 22.98013595551195110 ) ) ;
#746 = LINE ( 'NONE', #2402, #1932 ) ;
#747 = ORIENTED_EDGE ( 'NONE', *, *, #5531, .T. ) ;
#748 = VERTEX_POINT ( 'NONE', #4200 ) ;
#749 = CARTESIAN_POINT ( 'NONE',  ( 34.24477099867146990, 9.487847544181342130, 21.99999800000000150 ) ) ;
#750 = CARTESIAN_POINT ( 'NONE',  ( 25.95946915742722894, 24.12216570203806043, 23.14863171928459451 ) ) ;
#751 = CARTESIAN_POINT ( 'NONE',  ( 11.43043847095200505, 7.323764546165906886, 21.40359731999999937 ) ) ;
#752 = EDGE_LOOP ( 'NONE', ( #3831, #843, #2372, #5617 ) ) ;
#753 = ORIENTED_EDGE ( 'NONE', *, *, #6487, .F. ) ;
#754 = CIRCLE ( 'NONE', #5803, 1.520000000000000462 ) ;
#755 = CARTESIAN_POINT ( 'NONE',  ( 41.59477099867147132, -12.51215245581865609, 22.99999799999999794 ) ) ;
#756 = LINE ( 'NONE', #2418, #791 ) ;
#757 = LINE ( 'NONE', #4666, #2176 ) ;
#758 = ORIENTED_EDGE ( 'NONE', *, *, #6467, .F. ) ;
#759 = CARTESIAN_POINT ( 'NONE',  ( 7.030438470952725005, 7.006785556416295080, 31.63375372154084175 ) ) ;
#760 = LINE ( 'NONE', #2489, #6710 ) ;
#761 = DIRECTION ( 'NONE',  ( 0.000000000000000000, 0.000000000000000000, -1.000000000000000000 ) ) ;
#762 = CIRCLE ( 'NONE', #1712, 1.000000000000000888 ) ;
#763 = EDGE_CURVE ( 'NONE', #81, #7234, #3174, .T. ) ;
#764 = VECTOR ( 'NONE', #4860, 1000.000000000000000 ) ;
#765 = EDGE_CURVE ( 'NONE', #1485, #3359, #7307, .T. ) ;
#766 = CARTESIAN_POINT ( 'NONE',  ( 23.67086013238199627, -27.15425750806693017, 23.04919539126136385 ) ) ;
#767 = FACE_OUTER_BOUND ( 'NONE', #3424, .T. ) ;
#768 = DIRECTION ( 'NONE',  ( 1.000000000000000000, 0.000000000000000000, 0.000000000000000000 ) ) ;
#769 = DIRECTION ( 'NONE',  ( 0.000000000000000000, 0.000000000000000000, 1.000000000000000000 ) ) ;
#770 = VECTOR ( 'NONE', #3460, 1000.000000000000000 ) ;
#771 = DIRECTION ( 'NONE',  ( 1.000000000000000000, 0.000000000000000000, 0.000000000000000000 ) ) ;
#772 = EDGE_CURVE ( 'NONE', #7212, #6674, #5201, .T. ) ;
#773 = DIRECTION ( 'NONE',  ( 1.000000000000000000, 0.000000000000000000, 0.000000000000000000 ) ) ;
#774 = EDGE_CURVE ( 'NONE', #1799, #326, #5864, .T. ) ;
#775 = VERTEX_POINT ( 'NONE', #5239 ) ;
#776 = CARTESIAN_POINT ( 'NONE',  ( 30.59477099867147132, -12.51215245581865609, 23.19999800000000079 ) ) ;
#777 = CARTESIAN_POINT ( 'NONE',  ( 25.25196166377547513, 24.23194351998869678, 22.80541787530959041 ) ) ;
#778 = CARTESIAN_POINT ( 'NONE',  ( 24.69849011171107378, 3.675851452833362565, 21.40359731999999937 ) ) ;
#779 = ORIENTED_EDGE ( 'NONE', *, *, #5986, .F. ) ;
#780 = VERTEX_POINT ( 'NONE', #253 ) ;
#781 = SURFACE_STYLE_USAGE ( .BOTH. , #3103 ) ;
#782 = VERTEX_POINT ( 'NONE', #7006 ) ;
#783 = CARTESIAN_POINT ( 'NONE',  ( 31.20649282690607862, -4.623571175818640633, 19.20359732000000008 ) ) ;
#784 = CARTESIAN_POINT ( 'NONE',  ( 25.66198723834514439, 24.21982050248763585, 22.91900037447377159 ) ) ;
#785 = DIRECTION ( 'NONE',  ( 0.000000000000000000, 0.000000000000000000, 1.000000000000000000 ) ) ;
#786 = VERTEX_POINT ( 'NONE', #5136 ) ;
#787 = VECTOR ( 'NONE', #6140, 1000.000000000000000 ) ;
#788 = CARTESIAN_POINT ( 'NONE',  ( 23.56034338093898839, 24.15533065633285759, 23.05729991001995671 ) ) ;
#789 = EDGE_CURVE ( 'NONE', #6458, #3659, #6553, .T. ) ;
#790 = DIRECTION ( 'NONE',  ( 1.000000000000000000, 0.000000000000000000, 0.000000000000000000 ) ) ;
#791 = VECTOR ( 'NONE', #249, 1000.000000000000000 ) ;
#792 = EDGE_CURVE ( 'NONE', #7212, #6876, #3687, .T. ) ;
#793 = DIRECTION ( 'NONE',  ( 1.000000000000000000, 0.000000000000000000, -0.000000000000000000 ) ) ;
#794 = ORIENTED_EDGE ( 'NONE', *, *, #2035, .T. ) ;
#795 = CARTESIAN_POINT ( 'NONE',  ( 7.030438470952648622, -10.57321444358334794, 18.40359731999999937 ) ) ;
#796 = CARTESIAN_POINT ( 'NONE',  ( 11.23043847095200576, -1.512152455818660757, 21.40359731999999937 ) ) ;
#797 = PLANE ( 'NONE',  #2728 ) ;
#798 = VECTOR ( 'NONE', #5344, 1000.000000000000000 ) ;
#799 = CARTESIAN_POINT ( 'NONE',  ( 24.31561095123685234, -27.16736529096748498, 22.86492054298788545 ) ) ;
#800 = FACE_OUTER_BOUND ( 'NONE', #3662, .T. ) ;
#801 = DIRECTION ( 'NONE',  ( -1.577021341797097560E-16, -1.000000000000000000, 0.000000000000000000 ) ) ;
#802 = DIRECTION ( 'NONE',  ( 1.000000000000000000, 0.000000000000000000, 0.000000000000000000 ) ) ;
#803 = VERTEX_POINT ( 'NONE', #5991 ) ;
#804 = CIRCLE ( 'NONE', #5261, 1.520000000000000462 ) ;
#805 = DIRECTION ( 'NONE',  ( -0.000000000000000000, -0.000000000000000000, 1.000000000000000000 ) ) ;
#806 = AXIS2_PLACEMENT_3D ( 'NONE', #3989, #6219, #3314 ) ;
#807 = LINE ( 'NONE', #4209, #4465 ) ;
#808 = ORIENTED_EDGE ( 'NONE', *, *, #2800, .T. ) ;
#809 = VECTOR ( 'NONE', #5276, 1000.000000000000000 ) ;
#810 = DIRECTION ( 'NONE',  ( 0.7071067811865479058, 0.7071067811865472397, -0.000000000000000000 ) ) ;
#811 = CARTESIAN_POINT ( 'NONE',  ( 25.49374488799007210, 24.22557606999640001, 22.86557484154684161 ) ) ;
#812 = PLANE ( 'NONE',  #4072 ) ;
#813 = EDGE_CURVE ( 'NONE', #4652, #6506, #5433, .T. ) ;
#814 = VERTEX_POINT ( 'NONE', #3645 ) ;
#815 = ADVANCED_FACE ( 'NONE', ( #5956, #5917, #1085, #5873, #5395, #3083, #874, #1420 ), #408, .F. ) ;
#816 = ORIENTED_EDGE ( 'NONE', *, *, #3294, .T. ) ;
#817 = CARTESIAN_POINT ( 'NONE',  ( 3.565793776249551961, 13.20082296022724577, 22.99999799999999439 ) ) ;
#818 = VECTOR ( 'NONE', #4588, 1000.000000000000000 ) ;
#819 = EDGE_CURVE ( 'NONE', #6082, #2052, #5039, .T. ) ;
#820 = CARTESIAN_POINT ( 'NONE',  ( 23.75850459730123632, 24.13239116833853615, 23.01660537717413746 ) ) ;
#821 = CARTESIAN_POINT ( 'NONE',  ( 25.39438177365648741, -27.25279389555709741, 22.83821175226586675 ) ) ;
#822 = ORIENTED_EDGE ( 'NONE', *, *, #1184, .T. ) ;
#823 = ORIENTED_EDGE ( 'NONE', *, *, #383, .T. ) ;
#824 = ORIENTED_EDGE ( 'NONE', *, *, #2739, .T. ) ;
#825 = DIRECTION ( 'NONE',  ( 0.000000000000000000, 0.000000000000000000, -1.000000000000000000 ) ) ;
#826 = DIRECTION ( 'NONE',  ( 1.000000000000000000, 0.000000000000000000, 0.000000000000000000 ) ) ;
#827 = CARTESIAN_POINT ( 'NONE',  ( 25.81765990447859949, -27.23789573784317497, 22.97596195059185220 ) ) ;
#828 = EDGE_LOOP ( 'NONE', ( #4243, #5527, #6800, #6425 ) ) ;
#829 = CARTESIAN_POINT ( 'NONE',  ( 17.87849142309807249, -1.524148547166637613, 21.40359731999999937 ) ) ;
#830 = PLANE ( 'NONE',  #700 ) ;
#831 = VECTOR ( 'NONE', #1484, 1000.000000000000000 ) ;
#832 = DIRECTION ( 'NONE',  ( 0.000000000000000000, -1.000000000000000000, 0.000000000000000000 ) ) ;
#833 = LINE ( 'NONE', #876, #4949 ) ;
#834 = VECTOR ( 'NONE', #1698, 1000.000000000000000 ) ;
#835 = CARTESIAN_POINT ( 'NONE',  ( 32.20649282690607151, 7.065850720411353869, 18.40359731999999937 ) ) ;
#836 = DIRECTION ( 'NONE',  ( 0.000000000000000000, 0.000000000000000000, 1.000000000000000000 ) ) ;
#837 = DIRECTION ( 'NONE',  ( 0.000000000000000000, 0.000000000000000000, -1.000000000000000000 ) ) ;
#838 = VERTEX_POINT ( 'NONE', #3125 ) ;
#839 = AXIS2_PLACEMENT_3D ( 'NONE', #6205, #69, #687 ) ;
#840 = LINE ( 'NONE', #5809, #1315 ) ;
#841 = DIRECTION ( 'NONE',  ( 0.000000000000000000, 0.000000000000000000, -1.000000000000000000 ) ) ;
#842 = AXIS2_PLACEMENT_3D ( 'NONE', #3726, #4312, #5992 ) ;
#843 = ORIENTED_EDGE ( 'NONE', *, *, #6037, .F. ) ;
#844 = AXIS2_PLACEMENT_3D ( 'NONE', #707, #4713, #4208 ) ;
#845 = VECTOR ( 'NONE', #3298, 999.9999999999998863 ) ;
#846 = LINE ( 'NONE', #3176, #3483 ) ;
#847 = DIRECTION ( 'NONE',  ( 0.000000000000000000, 0.000000000000000000, -1.000000000000000000 ) ) ;
#848 = ORIENTED_EDGE ( 'NONE', *, *, #6020, .F. ) ;
#849 = CARTESIAN_POINT ( 'NONE',  ( 7.030438470952728558, -0.9132144435829868678, 31.63375372154084175 ) ) ;
#850 = VERTEX_POINT ( 'NONE', #7297 ) ;
#851 = SURFACE_STYLE_FILL_AREA ( #1915 ) ;
#852 = EDGE_LOOP ( 'NONE', ( #2283, #1705, #5937, #2660 ) ) ;
#853 = ORIENTED_EDGE ( 'NONE', *, *, #382, .T. ) ;
#854 = CARTESIAN_POINT ( 'NONE',  ( 39.64477099867147558, 9.487847544181342130, 23.19999800000000079 ) ) ;
#855 = ADVANCED_FACE ( 'NONE', ( #4849 ), #5360, .F. ) ;
#856 = EDGE_CURVE ( 'NONE', #4136, #2157, #2603, .T. ) ;
#857 = LINE ( 'NONE', #5940, #5534 ) ;
#858 = CARTESIAN_POINT ( 'NONE',  ( 24.53993035401703793, 24.14418599800522003, 22.84697664387529414 ) ) ;
#859 = DIRECTION ( 'NONE',  ( -1.000000000000000000, 0.000000000000000000, 0.000000000000000000 ) ) ;
#860 = ORIENTED_EDGE ( 'NONE', *, *, #5330, .T. ) ;
#861 = EDGE_LOOP ( 'NONE', ( #7042, #1728, #438, #1916 ) ) ;
#862 = ORIENTED_EDGE ( 'NONE', *, *, #5091, .T. ) ;
#863 = EDGE_CURVE ( 'NONE', #6609, #3450, #4882, .T. ) ;
#864 = VERTEX_POINT ( 'NONE', #541 ) ;
#865 = ADVANCED_FACE ( 'NONE', ( #7124 ), #830, .T. ) ;
#866 = EDGE_CURVE ( 'NONE', #285, #7249, #4238, .T. ) ;
#867 = LINE ( 'NONE', #327, #4604 ) ;
#868 = VERTEX_POINT ( 'NONE', #2227 ) ;
#869 = DIRECTION ( 'NONE',  ( -1.000000000000000000, 0.000000000000000000, 0.000000000000000000 ) ) ;
#870 = CARTESIAN_POINT ( 'NONE',  ( 6.030438470952719676, 0.08678555641702034862, 18.40359731999999937 ) ) ;
#871 = EDGE_LOOP ( 'NONE', ( #456, #4801, #2307, #6245 ) ) ;
#872 = CARTESIAN_POINT ( 'NONE',  ( 43.85549282690606532, -15.01615056132663817, 19.20359732000000008 ) ) ;
#873 = VECTOR ( 'NONE', #1464, 1000.000000000000114 ) ;
#874 = FACE_BOUND ( 'NONE', #5350, .T. ) ;
#875 = CARTESIAN_POINT ( 'NONE',  ( 42.34477099867147132, -12.51215245581865609, 23.19999800000000079 ) ) ;
#876 = CARTESIAN_POINT ( 'NONE',  ( 24.69849011171107378, 2.686785556416296572, 21.40359731999999937 ) ) ;
#877 = AXIS2_PLACEMENT_3D ( 'NONE', #1913, #3101, #4683 ) ;
#878 = CARTESIAN_POINT ( 'NONE',  ( 32.29477099867147416, 9.487847544181342130, 21.99999800000000150 ) ) ;
#879 = DIRECTION ( 'NONE',  ( 1.000000000000000000, 0.000000000000000000, 0.000000000000000000 ) ) ;
#880 = LINE ( 'NONE', #6478, #4307 ) ;
#881 = ADVANCED_FACE ( 'NONE', ( #2565 ), #4484, .F. ) ;
#882 = ORIENTED_EDGE ( 'NONE', *, *, #6666, .T. ) ;
#883 = VECTOR ( 'NONE', #6447, 1000.000000000000000 ) ;
#884 = DIRECTION ( 'NONE',  ( -0.000000000000000000, -0.000000000000000000, 1.000000000000000000 ) ) ;
#885 = VECTOR ( 'NONE', #5401, 1000.000000000000000 ) ;
#886 = CARTESIAN_POINT ( 'NONE',  ( 9.129233762251150353, 7.426722893499331235, 40.75345354922610142 ) ) ;
#887 = ORIENTED_EDGE ( 'NONE', *, *, #5923, .T. ) ;
#888 = EDGE_CURVE ( 'NONE', #5411, #2628, #4775, .T. ) ;
#889 = AXIS2_PLACEMENT_3D ( 'NONE', #4574, #4067, #6832 ) ;
#890 = DIRECTION ( 'NONE',  ( 1.462890879734001726E-19, 1.610801296603465303E-20, -1.000000000000000000 ) ) ;
#891 = CARTESIAN_POINT ( 'NONE',  ( 24.69849011171107378, 21.53784716418134693, 23.19999800000000079 ) ) ;
#892 = ORIENTED_EDGE ( 'NONE', *, *, #3948, .T. ) ;
#893 = LINE ( 'NONE', #388, #3248 ) ;
#894 = ORIENTED_EDGE ( 'NONE', *, *, #5442, .T. ) ;
#895 = DIRECTION ( 'NONE',  ( 1.000000000000000000, 0.000000000000000000, 0.000000000000000000 ) ) ;
#896 = VERTEX_POINT ( 'NONE', #7087 ) ;
#897 = CARTESIAN_POINT ( 'NONE',  ( 29.79477099867147416, 9.487847544181342130, 23.19999800000000079 ) ) ;
#898 = CARTESIAN_POINT ( 'NONE',  ( 28.09477099867147487, 9.487847544181342130, 21.99999800000000150 ) ) ;
#899 = CYLINDRICAL_SURFACE ( 'NONE', #4575, 1.520000000000000462 ) ;
#900 = CARTESIAN_POINT ( 'NONE',  ( 1.969999921565317225, 0.5678296471100250375, 3.500841111824923857 ) ) ;
#901 = VERTEX_POINT ( 'NONE', #914 ) ;
#902 = ADVANCED_FACE ( 'NONE', ( #4236 ), #6473, .F. ) ;
#903 = ORIENTED_EDGE ( 'NONE', *, *, #5300, .T. ) ;
#904 = CIRCLE ( 'NONE', #3872, 0.7499999999999937828 ) ;
#905 = DIRECTION ( 'NONE',  ( -0.000000000000000000, -0.000000000000000000, 1.000000000000000000 ) ) ;
#906 = ORIENTED_EDGE ( 'NONE', *, *, #5264, .F. ) ;
#907 = ORIENTED_EDGE ( 'NONE', *, *, #2225, .F. ) ;
#908 = CARTESIAN_POINT ( 'NONE',  ( 18.02849441382007356, -5.724148547166639567, 21.40359731999999937 ) ) ;
#909 = CARTESIAN_POINT ( 'NONE',  ( 25.03273824915232026, -27.26007005018549023, 22.76874823679969850 ) ) ;
#910 = ORIENTED_EDGE ( 'NONE', *, *, #3393, .F. ) ;
#911 = DIRECTION ( 'NONE',  ( -1.577021341797097560E-16, -1.000000000000000000, 0.000000000000000000 ) ) ;
#912 = EDGE_CURVE ( 'NONE', #5016, #3862, #1266, .T. ) ;
#913 = ADVANCED_FACE ( 'NONE', ( #133 ), #2926, .F. ) ;
#914 = CARTESIAN_POINT ( 'NONE',  ( 32.33349227759008215, -15.01615056132663995, 18.40359731999999937 ) ) ;
#915 = B_SPLINE_CURVE_WITH_KNOTS ( 'NONE', 3,
 ( #4813, #2569, #766, #1870, #5958, #6436, #338, #799, #256, #4239, #181, #1385, #219, #5919, #4708, #2493, #6968, #5281, #5321, #4743 ),
 .UNSPECIFIED., .F., .F.,
 ( 4, 2, 2, 2, 2, 2, 2, 2, 2, 4 ),
 ( 0.000000000000000000, 0.06249999999999994449, 0.1249999999999998890, 0.2500000000000012212, 0.5000000000000038858, 0.6250000000000029976, 0.7500000000000021094, 0.8125000000000015543, 0.8750000000000011102, 1.000000000000000000 ),
 .UNSPECIFIED. ) ;
#916 = FACE_OUTER_BOUND ( 'NONE', #4906, .T. ) ;
#917 = AXIS2_PLACEMENT_3D ( 'NONE', #1542, #6030, #3278 ) ;
#918 = DIRECTION ( 'NONE',  ( 0.000000000000000000, 0.000000000000000000, -1.000000000000000000 ) ) ;
#919 = DIRECTION ( 'NONE',  ( 1.000000000000000000, 0.000000000000000000, 0.000000000000000000 ) ) ;
#920 = DIRECTION ( 'NONE',  ( -0.000000000000000000, -0.000000000000000000, -1.000000000000000000 ) ) ;
#921 = ORIENTED_EDGE ( 'NONE', *, *, #6081, .T. ) ;
#922 = AXIS2_PLACEMENT_3D ( 'NONE', #329, #1340, #3640 ) ;
#923 = CARTESIAN_POINT ( 'NONE',  ( 46.77691165362075765, -2.876034052301749355, 18.40359731999999937 ) ) ;
#924 = CARTESIAN_POINT ( 'NONE',  ( 10.21634258731288192, 19.77939288691226594, 22.99999800000000860 ) ) ;
#925 = AXIS2_PLACEMENT_3D ( 'NONE', #321, #398, #4296 ) ;
#926 = CARTESIAN_POINT ( 'NONE',  ( 15.84674818352332260, 12.02291697121184200, 21.96359842000000029 ) ) ;
#927 = CIRCLE ( 'NONE', #5998, 0.9999999999999991118 ) ;
#928 = DIRECTION ( 'NONE',  ( -0.000000000000000000, -0.000000000000000000, -1.000000000000000000 ) ) ;
#929 = ORIENTED_EDGE ( 'NONE', *, *, #3617, .F. ) ;
#930 = CARTESIAN_POINT ( 'NONE',  ( 43.85549337622306609, 6.319848523146355923, 18.40359731999999937 ) ) ;
#931 = AXIS2_PLACEMENT_3D ( 'NONE', #6001, #5440, #4782 ) ;
#932 = VERTEX_POINT ( 'NONE', #6811 ) ;
#933 = VECTOR ( 'NONE', #1992, 1000.000000000000000 ) ;
#934 = ORIENTED_EDGE ( 'NONE', *, *, #4349, .F. ) ;
#935 = ORIENTED_EDGE ( 'NONE', *, *, #5778, .F. ) ;
#936 = DIRECTION ( 'NONE',  ( 1.000000000000000000, 0.000000000000000000, 0.000000000000000000 ) ) ;
#937 = VERTEX_POINT ( 'NONE', #4622 ) ;
#938 = VECTOR ( 'NONE', #951, 1000.000000000000000 ) ;
#939 = CARTESIAN_POINT ( 'NONE',  ( 24.69849011171107378, -1.512152455818657204, 8.999997999999999720 ) ) ;
#940 = ORIENTED_EDGE ( 'NONE', *, *, #2285, .T. ) ;
#941 = CARTESIAN_POINT ( 'NONE',  ( -0.9246057082889277412, -3.967150744431644060, 19.20359732000000008 ) ) ;
#942 = CARTESIAN_POINT ( 'NONE',  ( 24.69849011171107378, 21.53784716418134693, 18.40359731999999937 ) ) ;
#943 = EDGE_LOOP ( 'NONE', ( #5106, #6282, #4534, #657 ) ) ;
#944 = AXIS2_PLACEMENT_3D ( 'NONE', #4654, #5124, #2960 ) ;
#945 = ORIENTED_EDGE ( 'NONE', *, *, #3639, .T. ) ;
#946 = ORIENTED_EDGE ( 'NONE', *, *, #3090, .T. ) ;
#947 = CARTESIAN_POINT ( 'NONE',  ( 27.09477099867146777, -12.51215245581865609, 23.19999800000000079 ) ) ;
#948 = CARTESIAN_POINT ( 'NONE',  ( 24.96532225995339971, -27.26085916665861220, 22.76111134849213258 ) ) ;
#949 = ORIENTED_EDGE ( 'NONE', *, *, #5860, .F. ) ;
#950 = CARTESIAN_POINT ( 'NONE',  ( 11.23043847095200576, 7.323764546165906886, 18.40359731999999937 ) ) ;
#951 = DIRECTION ( 'NONE',  ( -0.000000000000000000, -0.000000000000000000, 1.000000000000000000 ) ) ;
#952 = CARTESIAN_POINT ( 'NONE',  ( 35.19477099867147274, -12.51215245581865609, 23.19999800000000079 ) ) ;
#953 = ADVANCED_FACE ( 'NONE', ( #650 ), #1195, .F. ) ;
#954 = DIRECTION ( 'NONE',  ( 1.000000000000000000, 0.000000000000000000, 0.000000000000000000 ) ) ;
#955 = ADVANCED_FACE ( 'NONE', ( #2299 ), #4048, .F. ) ;
#956 = CARTESIAN_POINT ( 'NONE',  ( 14.85349142309807391, -1.524148547166637835, 16.93468246290101575 ) ) ;
#957 = DIRECTION ( 'NONE',  ( -1.000000000000000000, 0.000000000000000000, 0.000000000000000000 ) ) ;
#958 = ORIENTED_EDGE ( 'NONE', *, *, #2874, .T. ) ;
#959 = ORIENTED_EDGE ( 'NONE', *, *, #1987, .T. ) ;
#960 = FACE_OUTER_BOUND ( 'NONE', #5179, .T. ) ;
#961 = CARTESIAN_POINT ( 'NONE',  ( 9.530073494445073123, 19.76701227025536056, 21.96359842000000029 ) ) ;
#962 = ADVANCED_FACE ( 'NONE', ( #6771 ), #5716, .F. ) ;
#963 = ADVANCED_FACE ( 'NONE', ( #6314 ), #718, .F. ) ;
#964 = EDGE_CURVE ( 'NONE', #864, #6754, #6, .T. ) ;
#965 = VECTOR ( 'NONE', #360, 1000.000000000000000 ) ;
#966 = DIRECTION ( 'NONE',  ( -0.000000000000000000, -0.000000000000000000, 1.000000000000000000 ) ) ;
#967 = CARTESIAN_POINT ( 'NONE',  ( 9.630438470952455532, -3.563214443583345492, 8.998998000000000275 ) ) ;
#968 = EDGE_CURVE ( 'NONE', #974, #1048, #365, .T. ) ;
#969 = ORIENTED_EDGE ( 'NONE', *, *, #4798, .T. ) ;
#970 = DIRECTION ( 'NONE',  ( -1.577021341797097560E-16, -1.000000000000000000, 0.000000000000000000 ) ) ;
#971 = EDGE_LOOP ( 'NONE', ( #7296, #323 ) ) ;
#972 = ORIENTED_EDGE ( 'NONE', *, *, #7046, .T. ) ;
#973 = CIRCLE ( 'NONE', #392, 1.000000000000000888 ) ;
#974 = VERTEX_POINT ( 'NONE', #1228 ) ;
#975 = PLANE ( 'NONE',  #5649 ) ;
#976 = EDGE_LOOP ( 'NONE', ( #5486, #2074, #3373, #5046 ) ) ;
#977 = VECTOR ( 'NONE', #5093, 1000.000000000000000 ) ;
#978 = LINE ( 'NONE', #7032, #3202 ) ;
#979 = AXIS2_PLACEMENT_3D ( 'NONE', #875, #2718, #3203 ) ;
#980 = VERTEX_POINT ( 'NONE', #5188 ) ;
#981 = CARTESIAN_POINT ( 'NONE',  ( 26.21849011171107335, 21.53784716418134693, 18.40359731999999937 ) ) ;
#982 = FACE_OUTER_BOUND ( 'NONE', #7187, .T. ) ;
#983 = ORIENTED_EDGE ( 'NONE', *, *, #6873, .F. ) ;
#984 = ORIENTED_EDGE ( 'NONE', *, *, #4210, .F. ) ;
#985 = EDGE_CURVE ( 'NONE', #3535, #2677, #4016, .T. ) ;
#986 = FACE_OUTER_BOUND ( 'NONE', #2586, .T. ) ;
#987 = CARTESIAN_POINT ( 'NONE',  ( 23.73499298507701027, -27.24412541412495514, 22.91900037447374672 ) ) ;
#988 = EDGE_LOOP ( 'NONE', ( #2957, #3880, #7256, #5717, #5304 ) ) ;
#989 = DIRECTION ( 'NONE',  ( 1.000000000000000000, 0.000000000000000000, 0.000000000000000000 ) ) ;
#990 = LINE ( 'NONE', #4387, #7111 ) ;
#991 = CARTESIAN_POINT ( 'NONE',  ( 14.85349142309807391, -1.524148547166637835, 23.19999800000000079 ) ) ;
#992 = DIRECTION ( 'NONE',  ( 0.000000000000000000, -1.000000000000000000, 0.000000000000000000 ) ) ;
#993 = FACE_OUTER_BOUND ( 'NONE', #6441, .T. ) ;
#994 = ORIENTED_EDGE ( 'NONE', *, *, #5920, .F. ) ;
#995 = CARTESIAN_POINT ( 'NONE',  ( 11.23043847095200576, 4.406785556417013971, 21.40359731999999937 ) ) ;
#996 = EDGE_CURVE ( 'NONE', #7102, #54, #6950, .T. ) ;
#997 = EDGE_CURVE ( 'NONE', #277, #5834, #4699, .T. ) ;
#998 = DIRECTION ( 'NONE',  ( 0.000000000000000000, 0.000000000000000000, -1.000000000000000000 ) ) ;
#999 = CIRCLE ( 'NONE', #4515, 1.000000000000000888 ) ;
#1000 = AXIS2_PLACEMENT_3D ( 'NONE', #6901, #4134, #768 ) ;
#1001 = DIRECTION ( 'NONE',  ( 0.000000000000000000, 0.000000000000000000, 1.000000000000000000 ) ) ;
#1002 = DIRECTION ( 'NONE',  ( 0.7071067811865560104, 0.000000000000000000, 0.7071067811865391350 ) ) ;
#1003 = CARTESIAN_POINT ( 'NONE',  ( 24.69852675326963265, 0.5682299609923481265, 3.500841111824923857 ) ) ;
#1004 = VERTEX_POINT ( 'NONE', #3409 ) ;
#1005 = ORIENTED_EDGE ( 'NONE', *, *, #3714, .F. ) ;
#1006 = AXIS2_PLACEMENT_3D ( 'NONE', #3459, #4566, #6823 ) ;
#1007 = DIRECTION ( 'NONE',  ( -0.000000000000000000, -0.000000000000000000, -1.000000000000000000 ) ) ;
#1008 = EDGE_CURVE ( 'NONE', #6347, #4404, #5650, .T. ) ;
#1009 = ORIENTED_EDGE ( 'NONE', *, *, #2551, .T. ) ;
#1010 = DIRECTION ( 'NONE',  ( 0.000000000000000000, 0.000000000000000000, -1.000000000000000000 ) ) ;
#1011 = CIRCLE ( 'NONE', #2410, 0.9499999999999995115 ) ;
#1012 = AXIS2_PLACEMENT_3D ( 'NONE', #1874, #1216, #5773 ) ;
#1013 = DIRECTION ( 'NONE',  ( 2.547317879554922539E-16, -1.000000000000000000, 0.000000000000000000 ) ) ;
#1014 = ORIENTED_EDGE ( 'NONE', *, *, #2389, .F. ) ;
#1015 = FACE_OUTER_BOUND ( 'NONE', #2990, .T. ) ;
#1016 = DIRECTION ( 'NONE',  ( -1.000000000000000000, 0.000000000000000000, 0.000000000000000000 ) ) ;
#1017 = ORIENTED_EDGE ( 'NONE', *, *, #1088, .F. ) ;
#1018 = AXIS2_PLACEMENT_3D ( 'NONE', #6289, #1242, #696 ) ;
#1019 = ORIENTED_EDGE ( 'NONE', *, *, #5399, .T. ) ;
#1020 = ORIENTED_EDGE ( 'NONE', *, *, #3157, .T. ) ;
#1021 = DIRECTION ( 'NONE',  ( 0.000000000000000000, -1.000000000000000000, -0.000000000000000000 ) ) ;
#1022 = DIRECTION ( 'NONE',  ( -0.000000000000000000, -0.000000000000000000, 1.000000000000000000 ) ) ;
#1023 = CARTESIAN_POINT ( 'NONE',  ( 23.89538623668916983, -27.16007033655353453, 22.97034208487305307 ) ) ;
#1024 = ORIENTED_EDGE ( 'NONE', *, *, #488, .F. ) ;
#1025 = CARTESIAN_POINT ( 'NONE',  ( -0.9673702803943036166, 0.5677779115149546030, 18.40359731999999937 ) ) ;
#1026 = EDGE_CURVE ( 'NONE', #864, #6697, #4555, .T. ) ;
#1027 = DIRECTION ( 'NONE',  ( 1.000000000000000000, 0.000000000000000000, 0.000000000000000000 ) ) ;
#1028 = EDGE_CURVE ( 'NONE', #2574, #2316, #6111, .T. ) ;
#1029 = CARTESIAN_POINT ( 'NONE',  ( 9.630438470952455532, -3.563214443583345492, 21.40359731999999937 ) ) ;
#1030 = EDGE_CURVE ( 'NONE', #1418, #6361, #5271, .T. ) ;
#1031 = CARTESIAN_POINT ( 'NONE',  ( 39.20749282690607629, -4.623571175818640633, 19.20359732000000008 ) ) ;
#1032 = CARTESIAN_POINT ( 'NONE',  ( 24.69849011171107733, -10.57321444358333729, 18.40359731999999937 ) ) ;
#1033 = VERTEX_POINT ( 'NONE', #5088 ) ;
#1034 = CARTESIAN_POINT ( 'NONE',  ( 30.79477099867147061, -12.51215245581865609, 22.99999799999999794 ) ) ;
#1035 = DIRECTION ( 'NONE',  ( -1.000000000000000000, 0.000000000000000000, 0.000000000000000000 ) ) ;
#1036 = AXIS2_PLACEMENT_3D ( 'NONE', #556, #592, #1725 ) ;
#1037 = CARTESIAN_POINT ( 'NONE',  ( -0.9246057082889275192, 6.065850720411352981, 19.20359732000000008 ) ) ;
#1038 = VECTOR ( 'NONE', #3270, 1000.000000000000000 ) ;
#1039 = DIRECTION ( 'NONE',  ( -1.000000000000000000, 0.000000000000000000, 0.000000000000000000 ) ) ;
#1040 = CARTESIAN_POINT ( 'NONE',  ( 24.69849011171107378, -24.56215207581864135, 18.40359731999999937 ) ) ;
#1041 = ORIENTED_EDGE ( 'NONE', *, *, #6647, .F. ) ;
#1042 = ORIENTED_EDGE ( 'NONE', *, *, #728, .F. ) ;
#1043 = EDGE_LOOP ( 'NONE', ( #681, #420, #722, #1412 ) ) ;
#1044 = DIRECTION ( 'NONE',  ( 1.000000000000000000, 0.000000000000000000, 0.000000000000000000 ) ) ;
#1045 = VECTOR ( 'NONE', #6877, 1000.000000000000000 ) ;
#1046 = DIRECTION ( 'NONE',  ( 0.000000000000000000, 0.000000000000000000, 1.000000000000000000 ) ) ;
#1047 = EDGE_CURVE ( 'NONE', #6633, #5504, #62, .T. ) ;
#1048 = VERTEX_POINT ( 'NONE', #3666 ) ;
#1049 = DIRECTION ( 'NONE',  ( -1.000000000000000000, -1.694065894508986234E-16, 0.000000000000000000 ) ) ;
#1050 = EDGE_CURVE ( 'NONE', #202, #5353, #7082, .T. ) ;
#1051 = CARTESIAN_POINT ( 'NONE',  ( 24.69845347015250070, 0.5682299609923503469, 8.999997999999999720 ) ) ;
#1052 = ORIENTED_EDGE ( 'NONE', *, *, #1741, .F. ) ;
#1053 = ORIENTED_EDGE ( 'NONE', *, *, #4977, .T. ) ;
#1054 = DIRECTION ( 'NONE',  ( -3.154042683594195121E-16, -1.000000000000000000, 0.000000000000000000 ) ) ;
#1055 = FACE_OUTER_BOUND ( 'NONE', #5980, .T. ) ;
#1056 = AXIS2_PLACEMENT_3D ( 'NONE', #2054, #3800, #6028 ) ;
#1057 = CARTESIAN_POINT ( 'NONE',  ( 25.71598994876742594, -27.15458523903134491, 23.04496181181716707 ) ) ;
#1058 = VERTEX_POINT ( 'NONE', #5296 ) ;
#1059 = CARTESIAN_POINT ( 'NONE',  ( 9.630438470952407570, 0.8867855564166541305, 8.998998000000000275 ) ) ;
#1060 = CARTESIAN_POINT ( 'NONE',  ( 28.84477099867147487, 9.487847544181342130, 21.99999800000000150 ) ) ;
#1061 = DIRECTION ( 'NONE',  ( 1.000000000000000000, 0.000000000000000000, 0.000000000000000000 ) ) ;
#1062 = DIRECTION ( 'NONE',  ( 0.000000000000000000, 0.000000000000000000, 1.000000000000000000 ) ) ;
#1063 = CARTESIAN_POINT ( 'NONE',  ( 23.67154382056252260, 24.13008079243276072, 23.04792286565561810 ) ) ;
#1064 = VERTEX_POINT ( 'NONE', #356 ) ;
#1065 = ORIENTED_EDGE ( 'NONE', *, *, #1890, .F. ) ;
#1066 = DIRECTION ( 'NONE',  ( 0.000000000000000000, -1.000000000000000000, 0.000000000000000000 ) ) ;
#1067 = EDGE_LOOP ( 'NONE', ( #1364, #651, #2638, #907 ) ) ;
#1068 = EDGE_CURVE ( 'NONE', #6427, #285, #4145, .T. ) ;
#1069 = DIRECTION ( 'NONE',  ( 0.000000000000000000, 0.000000000000000000, -1.000000000000000000 ) ) ;
#1070 = CARTESIAN_POINT ( 'NONE',  ( 15.84674818352332260, 12.02291697121184200, 40.75345354922610142 ) ) ;
#1071 = CARTESIAN_POINT ( 'NONE',  ( 41.59477099867147132, 9.487847544181342130, 21.99999800000000150 ) ) ;
#1072 = DIRECTION ( 'NONE',  ( -5.421010862430005110E-16, 1.000000000000000000, 0.000000000000000000 ) ) ;
#1073 = ORIENTED_EDGE ( 'NONE', *, *, #2710, .T. ) ;
#1074 = ORIENTED_EDGE ( 'NONE', *, *, #4204, .F. ) ;
#1075 = AXIS2_PLACEMENT_3D ( 'NONE', #2661, #2147, #5487 ) ;
#1076 = DIRECTION ( 'NONE',  ( 0.000000000000000000, 0.000000000000000000, 1.000000000000000000 ) ) ;
#1077 = CARTESIAN_POINT ( 'NONE',  ( 9.827836675256252263, 20.16314882303863243, 23.19999800000000079 ) ) ;
#1078 = AXIS2_PLACEMENT_3D ( 'NONE', #4802, #2006, #4264 ) ;
#1079 = CARTESIAN_POINT ( 'NONE',  ( 19.02849441382007711, 2.675851452833362565, 21.40359731999999937 ) ) ;
#1080 = ORIENTED_EDGE ( 'NONE', *, *, #1137, .F. ) ;
#1081 = CARTESIAN_POINT ( 'NONE',  ( 23.52106251920850966, -27.23521922991099586, 22.99999799999999439 ) ) ;
#1082 = FACE_BOUND ( 'NONE', #4953, .T. ) ;
#1083 = AXIS2_PLACEMENT_3D ( 'NONE', #961, #998, #417 ) ;
#1084 = ORIENTED_EDGE ( 'NONE', *, *, #3947, .T. ) ;
#1085 = FACE_BOUND ( 'NONE', #6152, .T. ) ;
#1086 = AXIS2_PLACEMENT_3D ( 'NONE', #6669, #2712, #7229 ) ;
#1087 = ORIENTED_EDGE ( 'NONE', *, *, #1667, .F. ) ;
#1088 = EDGE_CURVE ( 'NONE', #611, #1116, #6841, .T. ) ;
#1089 = EDGE_CURVE ( 'NONE', #1584, #6987, #6386, .T. ) ;
#1090 = VERTEX_POINT ( 'NONE', #5895 ) ;
#1091 = CARTESIAN_POINT ( 'NONE',  ( 24.53353820720576550, 24.23732483345655808, 22.75364331054278821 ) ) ;
#1092 = CARTESIAN_POINT ( 'NONE',  ( 8.630438470952455532, -8.063214443583346380, 22.99999800000000505 ) ) ;
#1093 = ADVANCED_FACE ( 'NONE', ( #2993 ), #7029, .T. ) ;
#1094 = CARTESIAN_POINT ( 'NONE',  ( 24.82429675752350562, -27.16861392332159397, 22.84507791012852707 ) ) ;
#1095 = ORIENTED_EDGE ( 'NONE', *, *, #6911, .F. ) ;
#1096 = DIRECTION ( 'NONE',  ( 0.000000000000000000, 0.000000000000000000, -1.000000000000000000 ) ) ;
#1097 = DIRECTION ( 'NONE',  ( -0.000000000000000000, -0.000000000000000000, 1.000000000000000000 ) ) ;
#1098 = FACE_BOUND ( 'NONE', #3499, .T. ) ;
#1099 = CARTESIAN_POINT ( 'NONE',  ( 10.23043847095200398, 4.406785556417013971, 21.40359731999999937 ) ) ;
#1100 = CARTESIAN_POINT ( 'NONE',  ( 30.59477099867147132, 9.487847544181342130, 23.19999800000000079 ) ) ;
#1101 = EDGE_LOOP ( 'NONE', ( #295, #3313, #5643, #3416 ) ) ;
#1102 = EDGE_LOOP ( 'NONE', ( #1454, #4787, #972, #6653 ) ) ;
#1103 = FACE_OUTER_BOUND ( 'NONE', #316, .T. ) ;
#1104 = ORIENTED_EDGE ( 'NONE', *, *, #3254, .T. ) ;
#1105 = FACE_OUTER_BOUND ( 'NONE', #3035, .T. ) ;
#1106 = CARTESIAN_POINT ( 'NONE',  ( 20.02849441382007711, 2.426849255568360508, 21.40359731999999937 ) ) ;
#1107 = DIRECTION ( 'NONE',  ( -0.7071067811865414665, 0.000000000000000000, -0.7071067811865536790 ) ) ;
#1108 = FACE_OUTER_BOUND ( 'NONE', #2039, .T. ) ;
#1109 = EDGE_LOOP ( 'NONE', ( #3566, #5856, #1706, #1918 ) ) ;
#1110 = ORIENTED_EDGE ( 'NONE', *, *, #2013, .F. ) ;
#1111 = LINE ( 'NONE', #5708, #262 ) ;
#1112 = AXIS2_PLACEMENT_3D ( 'NONE', #5173, #184, #6438 ) ;
#1113 = CARTESIAN_POINT ( 'NONE',  ( 31.20649282690607862, 7.065850720411353869, 19.20359732000000008 ) ) ;
#1114 = EDGE_CURVE ( 'NONE', #1265, #1337, #3064, .T. ) ;
#1115 = CARTESIAN_POINT ( 'NONE',  ( 7.030438470952719676, 6.006785556416295080, 18.40359731999999937 ) ) ;
#1116 = VERTEX_POINT ( 'NONE', #1959 ) ;
#1117 = CARTESIAN_POINT ( 'NONE',  ( 12.03752811785077803, -6.819414077215271597, 18.40359731999999937 ) ) ;
#1118 = CIRCLE ( 'NONE', #7015, 0.7500000000000006661 ) ;
#1119 = FACE_BOUND ( 'NONE', #6658, .T. ) ;
#1120 = ORIENTED_EDGE ( 'NONE', *, *, #6600, .T. ) ;
#1121 = DIRECTION ( 'NONE',  ( 1.000000000000000000, 0.000000000000000000, 0.000000000000000000 ) ) ;
#1122 = CIRCLE ( 'NONE', #6785, 1.200000000000013500 ) ;
#1123 = ORIENTED_EDGE ( 'NONE', *, *, #4117, .F. ) ;
#1124 = AXIS2_PLACEMENT_3D ( 'NONE', #1840, #5144, #120 ) ;
#1125 = EDGE_LOOP ( 'NONE', ( #3903, #1262, #6963, #7137 ) ) ;
#1126 = CARTESIAN_POINT ( 'NONE',  ( 24.83898065759094109, 24.23748636972842263, 22.75207651710629975 ) ) ;
#1127 = CONICAL_SURFACE ( 'NONE', #1086, 0.7500000000000006661, 0.7853981633974396193 ) ;
#1128 = DIRECTION ( 'NONE',  ( -0.000000000000000000, -0.000000000000000000, -1.000000000000000000 ) ) ;
#1129 = ADVANCED_FACE ( 'NONE', ( #4220 ), #3587, .F. ) ;
#1130 = VECTOR ( 'NONE', #4962, 1000.000000000000114 ) ;
#1131 = CARTESIAN_POINT ( 'NONE',  ( 24.56344698606831756, -27.16859245947532031, 22.84540985043880568 ) ) ;
#1132 = ORIENTED_EDGE ( 'NONE', *, *, #2665, .F. ) ;
#1133 = ORIENTED_EDGE ( 'NONE', *, *, #3528, .F. ) ;
#1134 = DIRECTION ( 'NONE',  ( -0.6256351882393400565, 0.7801157678426487996, 0.000000000000000000 ) ) ;
#1135 = LINE ( 'NONE', #1613, #41 ) ;
#1136 = CARTESIAN_POINT ( 'NONE',  ( 6.030438470952724117, -1.512152455818667418, 31.63375372154084175 ) ) ;
#1137 = EDGE_CURVE ( 'NONE', #6086, #4840, #1408, .T. ) ;
#1138 = EDGE_CURVE ( 'NONE', #2316, #6321, #5938, .T. ) ;
#1139 = DIRECTION ( 'NONE',  ( 0.000000000000000000, 0.000000000000000000, 1.000000000000000000 ) ) ;
#1140 = CARTESIAN_POINT ( 'NONE',  ( 24.69849011171107378, -1.512152455818657204, 23.19999800000000079 ) ) ;
#1141 = EDGE_LOOP ( 'NONE', ( #5029, #6236, #6626, #6362 ) ) ;
#1142 = DIRECTION ( 'NONE',  ( 1.000000000000000000, 0.000000000000000000, 0.000000000000000000 ) ) ;
#1143 = ORIENTED_EDGE ( 'NONE', *, *, #7189, .T. ) ;
#1144 = ORIENTED_EDGE ( 'NONE', *, *, #6979, .F. ) ;
#1145 = DIRECTION ( 'NONE',  ( -0.000000000000000000, 0.000000000000000000, 1.000000000000000000 ) ) ;
#1146 = DIRECTION ( 'NONE',  ( -1.000000000000000000, 0.000000000000000000, 0.000000000000000000 ) ) ;
#1147 = LINE ( 'NONE', #5037, #5436 ) ;
#1148 = DIRECTION ( 'NONE',  ( 1.000000000000000000, 1.355252715607184747E-16, -0.000000000000000000 ) ) ;
#1149 = ORIENTED_EDGE ( 'NONE', *, *, #2309, .F. ) ;
#1150 = FACE_BOUND ( 'NONE', #208, .T. ) ;
#1151 = CARTESIAN_POINT ( 'NONE',  ( 38.89477099867147558, 9.487847544181342130, 21.99999800000000150 ) ) ;
#1152 = ORIENTED_EDGE ( 'NONE', *, *, #1177, .F. ) ;
#1153 = AXIS2_PLACEMENT_3D ( 'NONE', #2644, #5474, #4886 ) ;
#1154 = VERTEX_POINT ( 'NONE', #897 ) ;
#1155 = DIRECTION ( 'NONE',  ( -0.000000000000000000, -0.000000000000000000, -1.000000000000000000 ) ) ;
#1156 = FACE_BOUND ( 'NONE', #4443, .T. ) ;
#1157 = ORIENTED_EDGE ( 'NONE', *, *, #3168, .F. ) ;
#1158 = CARTESIAN_POINT ( 'NONE',  ( 24.69845464825485237, -3.525645186030857303, 3.500841111824923857 ) ) ;
#1159 = VECTOR ( 'NONE', #6468, 1000.000000000000000 ) ;
#1160 = EDGE_LOOP ( 'NONE', ( #6842, #5512 ) ) ;
#1161 = CARTESIAN_POINT ( 'NONE',  ( 23.64254204302159579, 24.21626727925199773, 22.95162847848470022 ) ) ;
#1162 = EDGE_CURVE ( 'NONE', #4373, #5055, #84, .T. ) ;
#1163 = CARTESIAN_POINT ( 'NONE',  ( 37.69477099867147274, 9.487847544181342130, 21.99999800000000150 ) ) ;
#1164 = VECTOR ( 'NONE', #1010, 1000.000000000000000 ) ;
#1165 = ORIENTED_EDGE ( 'NONE', *, *, #4382, .T. ) ;
#1166 = CIRCLE ( 'NONE', #6940, 1.000000000000000888 ) ;
#1167 = CARTESIAN_POINT ( 'NONE',  ( 24.69849011171107023, -3.967150744431642284, 21.40359731999999937 ) ) ;
#1168 = VECTOR ( 'NONE', #1835, 1000.000000000000000 ) ;
#1169 = CARTESIAN_POINT ( 'NONE',  ( 43.29477099867146705, -1.512152455818657204, 23.19999800000000079 ) ) ;
#1170 = DIRECTION ( 'NONE',  ( 1.000000000000000000, 0.000000000000000000, 0.000000000000000000 ) ) ;
#1171 = DIRECTION ( 'NONE',  ( 0.000000000000000000, 0.000000000000000000, 1.000000000000000000 ) ) ;
#1172 = EDGE_LOOP ( 'NONE', ( #2698, #3075, #3772, #561, #7298, #635, #3081 ) ) ;
#1173 = DIRECTION ( 'NONE',  ( -0.7071067811865536790, 0.000000000000000000, -0.7071067811865414665 ) ) ;
#1174 = VERTEX_POINT ( 'NONE', #6949 ) ;
#1175 = ORIENTED_EDGE ( 'NONE', *, *, #6401, .F. ) ;
#1176 = DIRECTION ( 'NONE',  ( -0.000000000000000000, -0.000000000000000000, -1.000000000000000000 ) ) ;
#1177 = EDGE_CURVE ( 'NONE', #1033, #6217, #5821, .T. ) ;
#1178 = EDGE_CURVE ( 'NONE', #4982, #6044, #201, .T. ) ;
#1179 = VECTOR ( 'NONE', #2255, 1000.000000000000000 ) ;
#1180 = DIRECTION ( 'NONE',  ( -3.154042683594195121E-16, -1.000000000000000000, 0.000000000000000000 ) ) ;
#1181 = CARTESIAN_POINT ( 'NONE',  ( 14.85349142309807391, -1.524148547166637835, 21.40359731999999937 ) ) ;
#1182 = DIRECTION ( 'NONE',  ( 0.000000000000000000, 0.000000000000000000, -1.000000000000000000 ) ) ;
#1183 = VERTEX_POINT ( 'NONE', #1851 ) ;
#1184 = EDGE_CURVE ( 'NONE', #5906, #5785, #2451, .T. ) ;
#1185 = FACE_BOUND ( 'NONE', #6291, .T. ) ;
#1186 = EDGE_CURVE ( 'NONE', #1272, #1518, #4115, .T. ) ;
#1187 = CARTESIAN_POINT ( 'NONE',  ( 10.21634258731288192, 19.77939288691226594, 96.03199646221435160 ) ) ;
#1188 = ORIENTED_EDGE ( 'NONE', *, *, #22, .T. ) ;
#1189 = ADVANCED_FACE ( 'NONE', ( #4258 ), #1297, .F. ) ;
#1190 = ORIENTED_EDGE ( 'NONE', *, *, #7155, .T. ) ;
#1191 = DIRECTION ( 'NONE',  ( 1.462890879734001726E-19, 1.610801296603465303E-20, -1.000000000000000000 ) ) ;
#1192 = FACE_BOUND ( 'NONE', #3819, .T. ) ;
#1193 = EDGE_LOOP ( 'NONE', ( #779, #2433, #1909, #6992 ) ) ;
#1194 = CIRCLE ( 'NONE', #4717, 1.000000000000000888 ) ;
#1195 = PLANE ( 'NONE',  #7071 ) ;
#1196 = VERTEX_POINT ( 'NONE', #5787 ) ;
#1197 = DIRECTION ( 'NONE',  ( -0.9999999998448929617, 1.761289571444870795E-05, 0.000000000000000000 ) ) ;
#1198 = DIRECTION ( 'NONE',  ( 0.000000000000000000, 0.000000000000000000, 1.000000000000000000 ) ) ;
#1199 = VECTOR ( 'NONE', #4472, 1000.000000000000000 ) ;
#1200 = ORIENTED_EDGE ( 'NONE', *, *, #5644, .T. ) ;
#1201 = ORIENTED_EDGE ( 'NONE', *, *, #1790, .F. ) ;
#1202 = AXIS2_PLACEMENT_3D ( 'NONE', #2679, #5434, #5957 ) ;
#1203 = FACE_OUTER_BOUND ( 'NONE', #1141, .T. ) ;
#1204 = EDGE_CURVE ( 'NONE', #1370, #5560, #5259, .T. ) ;
#1205 = VECTOR ( 'NONE', #2808, 1000.000000000000000 ) ;
#1206 = VECTOR ( 'NONE', #5086, 1000.000000000000000 ) ;
#1207 = DIRECTION ( 'NONE',  ( -1.000000000000000000, -5.421010862430005110E-16, 0.000000000000000000 ) ) ;
#1208 = VECTOR ( 'NONE', #4092, 1000.000000000000000 ) ;
#1209 = DIRECTION ( 'NONE',  ( 1.000000000000000000, 0.000000000000000000, 0.000000000000000000 ) ) ;
#1210 = CARTESIAN_POINT ( 'NONE',  ( 10.85349142309807569, -1.113214443582986268, 21.40359731999999937 ) ) ;
#1211 = ORIENTED_EDGE ( 'NONE', *, *, #5405, .T. ) ;
#1212 = DIRECTION ( 'NONE',  ( 1.000000000000000000, -0.000000000000000000, 0.000000000000000000 ) ) ;
#1213 = CARTESIAN_POINT ( 'NONE',  ( 24.69849011171107378, 6.065850720411352981, 18.40359731999999937 ) ) ;
#1214 = DIRECTION ( 'NONE',  ( 0.000000000000000000, 0.000000000000000000, 1.000000000000000000 ) ) ;
#1215 = PLANE ( 'NONE',  #6657 ) ;
#1216 = DIRECTION ( 'NONE',  ( 0.000000000000000000, 0.000000000000000000, -1.000000000000000000 ) ) ;
#1217 = ADVANCED_FACE ( 'NONE', ( #6614 ), #2123, .F. ) ;
#1218 = DIRECTION ( 'NONE',  ( 1.000000000000000000, 0.000000000000000000, 0.000000000000000000 ) ) ;
#1219 = CARTESIAN_POINT ( 'NONE',  ( 9.082623226170039032, 7.206785556416294369, 28.54200327493162348 ) ) ;
#1220 = ORIENTED_EDGE ( 'NONE', *, *, #4081, .T. ) ;
#1221 = EDGE_CURVE ( 'NONE', #780, #4405, #6048, .T. ) ;
#1222 = ORIENTED_EDGE ( 'NONE', *, *, #6732, .F. ) ;
#1223 = DIRECTION ( 'NONE',  ( -3.216024241707096350E-15, -1.000000000000000000, 0.000000000000000000 ) ) ;
#1224 = LINE ( 'NONE', #1672, #3328 ) ;
#1225 = EDGE_CURVE ( 'NONE', #1530, #3208, #927, .T. ) ;
#1226 = AXIS2_PLACEMENT_3D ( 'NONE', #5244, #1945, #3539 ) ;
#1227 = VERTEX_POINT ( 'NONE', #462 ) ;
#1228 = CARTESIAN_POINT ( 'NONE',  ( 28.09477099867147487, -12.51215245581865609, 22.99999799999999794 ) ) ;
#1229 = CIRCLE ( 'NONE', #2640, 0.7500000000000006661 ) ;
#1230 = CARTESIAN_POINT ( 'NONE',  ( 23.77103703771854271, 24.22114488066740279, 22.90678316798509329 ) ) ;
#1231 = DIRECTION ( 'NONE',  ( -0.000000000000000000, -0.000000000000000000, -1.000000000000000000 ) ) ;
#1232 = VECTOR ( 'NONE', #310, 1000.000000000000000 ) ;
#1233 = ORIENTED_EDGE ( 'NONE', *, *, #2716, .F. ) ;
#1234 = ORIENTED_EDGE ( 'NONE', *, *, #2167, .T. ) ;
#1235 = VECTOR ( 'NONE', #2203, 1000.000000000000000 ) ;
#1236 = CARTESIAN_POINT ( 'NONE',  ( 47.42698030185680835, 0.5678296471101845766, 3.500841111824923857 ) ) ;
#1237 = ORIENTED_EDGE ( 'NONE', *, *, #2855, .T. ) ;
#1238 = CONICAL_SURFACE ( 'NONE', #5346, 0.9999999999999991118, 0.7853981633974602694 ) ;
#1239 = PLANE ( 'NONE',  #688 ) ;
#1240 = AXIS2_PLACEMENT_3D ( 'NONE', #3467, #1321, #802 ) ;
#1241 = DIRECTION ( 'NONE',  ( 0.7114425483935481465, -0.7027442638224048466, 0.000000000000000000 ) ) ;
#1242 = DIRECTION ( 'NONE',  ( 0.000000000000000000, 0.000000000000000000, 1.000000000000000000 ) ) ;
#1243 = EDGE_CURVE ( 'NONE', #2806, #606, #6692, .T. ) ;
#1244 = LINE ( 'NONE', #3044, #7194 ) ;
#1245 = EDGE_CURVE ( 'NONE', #4499, #1183, #4407, .T. ) ;
#1246 = ORIENTED_EDGE ( 'NONE', *, *, #1722, .T. ) ;
#1247 = AXIS2_PLACEMENT_3D ( 'NONE', #4597, #5835, #2907 ) ;
#1248 = CARTESIAN_POINT ( 'NONE',  ( 11.05349142309807675, -1.512152455818657204, 21.40359731999999937 ) ) ;
#1249 = EDGE_CURVE ( 'NONE', #6348, #2073, #1513, .T. ) ;
#1250 = LINE ( 'NONE', #4408, #2478 ) ;
#1251 = CARTESIAN_POINT ( 'NONE',  ( 12.03752811785077803, -6.819414077215271597, 21.40359731999999937 ) ) ;
#1252 = VECTOR ( 'NONE', #3342, 1000.000000000000000 ) ;
#1253 = DIRECTION ( 'NONE',  ( 0.000000000000000000, 0.000000000000000000, -1.000000000000000000 ) ) ;
#1254 = CARTESIAN_POINT ( 'NONE',  ( 11.25055410581080828, 7.426722893499332123, 21.40359731999999937 ) ) ;
#1255 = ORIENTED_EDGE ( 'NONE', *, *, #2799, .F. ) ;
#1256 = DIRECTION ( 'NONE',  ( 1.000000000000000000, 0.000000000000000000, 0.000000000000000000 ) ) ;
#1257 = DIRECTION ( 'NONE',  ( -3.154042683594195121E-16, -1.000000000000000000, 0.000000000000000000 ) ) ;
#1258 = ORIENTED_EDGE ( 'NONE', *, *, #1844, .F. ) ;
#1259 = ORIENTED_EDGE ( 'NONE', *, *, #2475, .F. ) ;
#1260 = LINE ( 'NONE', #160, #4075 ) ;
#1261 = CARTESIAN_POINT ( 'NONE',  ( 14.78608801174350873, 13.08357714299167185, 21.96359842000000029 ) ) ;
#1262 = ORIENTED_EDGE ( 'NONE', *, *, #6212, .T. ) ;
#1263 = DIRECTION ( 'NONE',  ( 0.000000000000000000, 0.000000000000000000, -1.000000000000000000 ) ) ;
#1264 = ORIENTED_EDGE ( 'NONE', *, *, #1676, .T. ) ;
#1265 = VERTEX_POINT ( 'NONE', #3260 ) ;
#1266 = LINE ( 'NONE', #3518, #7076 ) ;
#1267 = VECTOR ( 'NONE', #2425, 1000.000000000000000 ) ;
#1268 = EDGE_CURVE ( 'NONE', #3631, #5908, #804, .T. ) ;
#1269 = EDGE_CURVE ( 'NONE', #622, #4215, #368, .T. ) ;
#1270 = CARTESIAN_POINT ( 'NONE',  ( 24.76870015369382827, 24.14446311418034696, 22.84269526444065690 ) ) ;
#1271 = CARTESIAN_POINT ( 'NONE',  ( 11.23043847095200576, -1.512152455818657204, 18.40359731999999937 ) ) ;
#1272 = VERTEX_POINT ( 'NONE', #1077 ) ;
#1273 = FACE_OUTER_BOUND ( 'NONE', #2472, .T. ) ;
#1274 = VECTOR ( 'NONE', #1197, 1000.000000000000000 ) ;
#1275 = LINE ( 'NONE', #6324, #4678 ) ;
#1276 = CARTESIAN_POINT ( 'NONE',  ( 23.17849011171107421, 21.53784716418134693, 18.40359731999999937 ) ) ;
#1277 = PLANE ( 'NONE',  #6794 ) ;
#1278 = FACE_OUTER_BOUND ( 'NONE', #5120, .T. ) ;
#1279 = ORIENTED_EDGE ( 'NONE', *, *, #3324, .T. ) ;
#1280 = DIRECTION ( 'NONE',  ( 0.000000000000000000, 0.000000000000000000, 1.000000000000000000 ) ) ;
#1281 = B_SPLINE_CURVE_WITH_KNOTS ( 'NONE', 3,
 ( #637, #1623, #7246, #489 ),
 .UNSPECIFIED., .F., .F.,
 ( 4, 4 ),
 ( 0.000000000000000000, 1.000000000000000000 ),
 .UNSPECIFIED. ) ;
#1282 = AXIS2_PLACEMENT_3D ( 'NONE', #5766, #732, #2975 ) ;
#1283 = CARTESIAN_POINT ( 'NONE',  ( 18.87849142309807604, -1.524148547166637835, 21.40359731999999937 ) ) ;
#1284 = DIRECTION ( 'NONE',  ( 3.216024241707096350E-15, 1.000000000000000000, 0.000000000000000000 ) ) ;
#1285 = FACE_OUTER_BOUND ( 'NONE', #6779, .T. ) ;
#1286 = DIRECTION ( 'NONE',  ( 0.000000000000000000, 0.000000000000000000, 1.000000000000000000 ) ) ;
#1287 = EDGE_CURVE ( 'NONE', #2717, #5755, #2148, .T. ) ;
#1288 = CARTESIAN_POINT ( 'NONE',  ( 40.39477099867147558, -1.512152455818657204, 21.99999800000000150 ) ) ;
#1289 = CARTESIAN_POINT ( 'NONE',  ( 26.05949410864507598, -4.623571175818640633, 19.20359732000000008 ) ) ;
#1290 = ORIENTED_EDGE ( 'NONE', *, *, #2846, .F. ) ;
#1291 = AXIS2_PLACEMENT_3D ( 'NONE', #2810, #3437, #5080 ) ;
#1292 = DIRECTION ( 'NONE',  ( 0.000000000000000000, -0.000000000000000000, 1.000000000000000000 ) ) ;
#1293 = CARTESIAN_POINT ( 'NONE',  ( 24.95466378018177167, 24.23661984438482975, 22.76047882385815058 ) ) ;
#1294 = FACE_OUTER_BOUND ( 'NONE', #3917, .T. ) ;
#1295 = VERTEX_POINT ( 'NONE', #6655 ) ;
#1296 = VERTEX_POINT ( 'NONE', #3745 ) ;
#1297 = PLANE ( 'NONE',  #602 ) ;
#1298 = CARTESIAN_POINT ( 'NONE',  ( 25.78011443776710720, 24.12833604023510148, 23.07048606212666897 ) ) ;
#1299 = DIRECTION ( 'NONE',  ( 1.000000000000000000, 0.000000000000000000, 0.000000000000000000 ) ) ;
#1300 = ORIENTED_EDGE ( 'NONE', *, *, #1435, .F. ) ;
#1301 = ORIENTED_EDGE ( 'NONE', *, *, #2709, .F. ) ;
#1302 = EDGE_CURVE ( 'NONE', #6506, #5150, #5630, .T. ) ;
#1303 = EDGE_CURVE ( 'NONE', #6763, #79, #4921, .T. ) ;
#1304 = DIRECTION ( 'NONE',  ( 0.6585046078685198312, 0.000000000000000000, 0.7525766947068762702 ) ) ;
#1305 = AXIS2_PLACEMENT_3D ( 'NONE', #576, #2188, #4101 ) ;
#1306 = CARTESIAN_POINT ( 'NONE',  ( 50.44849011171107378, -1.512152455818654095, 8.999997999999999720 ) ) ;
#1307 = ADVANCED_FACE ( 'NONE', ( #533 ), #3859, .F. ) ;
#1308 = ADVANCED_FACE ( 'NONE', ( #1631 ), #6222, .F. ) ;
#1309 = DIRECTION ( 'NONE',  ( 0.000000000000000000, 0.000000000000000000, 1.000000000000000000 ) ) ;
#1310 = EDGE_LOOP ( 'NONE', ( #1407, #6704, #4928, #325 ) ) ;
#1311 = CARTESIAN_POINT ( 'NONE',  ( 35.98149282690607720, 7.065850720411353869, 19.20359732000000008 ) ) ;
#1312 = EDGE_CURVE ( 'NONE', #6026, #4516, #7182, .T. ) ;
#1313 = CARTESIAN_POINT ( 'NONE',  ( 24.69849011171107378, 3.406785556417015748, 18.40359731999999937 ) ) ;
#1314 = CARTESIAN_POINT ( 'NONE',  ( 38.89477099867147558, -12.51215245581865609, 22.99999799999999794 ) ) ;
#1315 = VECTOR ( 'NONE', #3017, 1000.000000000000000 ) ;
#1316 = CIRCLE ( 'NONE', #3923, 1.000000000000000888 ) ;
#1317 = CONICAL_SURFACE ( 'NONE', #3928, 0.7500000000000006661, 0.7853981633974482790 ) ;
#1318 = DIRECTION ( 'NONE',  ( -0.000000000000000000, 0.000000000000000000, 1.000000000000000000 ) ) ;
#1319 = DIRECTION ( 'NONE',  ( 0.000000000000000000, 0.000000000000000000, 1.000000000000000000 ) ) ;
#1320 = CYLINDRICAL_SURFACE ( 'NONE', #5572, 1.499999999999999556 ) ;
#1321 = DIRECTION ( 'NONE',  ( 0.000000000000000000, 0.000000000000000000, 1.000000000000000000 ) ) ;
#1322 = CARTESIAN_POINT ( 'NONE',  ( 24.69849011171107378, -15.01615056132663639, 18.40359731999999937 ) ) ;
#1323 = CARTESIAN_POINT ( 'NONE',  ( 18.02849441382007356, 2.675851452833362565, 21.40359731999999937 ) ) ;
#1324 = EDGE_LOOP ( 'NONE', ( #623, #3193, #6033, #5915 ) ) ;
#1325 = LINE ( 'NONE', #5743, #1045 ) ;
#1326 = CARTESIAN_POINT ( 'NONE',  ( 24.69849011171107378, -24.56215207581864135, 18.40359731999999937 ) ) ;
#1327 = CARTESIAN_POINT ( 'NONE',  ( 17.50349142309806538, -1.524148547166637613, 21.40359731999999937 ) ) ;
#1328 = ORIENTED_EDGE ( 'NONE', *, *, #3234, .F. ) ;
#1329 = ORIENTED_EDGE ( 'NONE', *, *, #4335, .F. ) ;
#1330 = EDGE_CURVE ( 'NONE', #401, #5638, #496, .T. ) ;
#1331 = CARTESIAN_POINT ( 'NONE',  ( 3.696288695069616992, 13.03810649908738917, 23.19999800000000079 ) ) ;
#1332 = ADVANCED_FACE ( 'NONE', ( #2738 ), #975, .T. ) ;
#1333 = ORIENTED_EDGE ( 'NONE', *, *, #985, .F. ) ;
#1334 = CARTESIAN_POINT ( 'NONE',  ( 23.61976805302114713, 24.12842789056768567, 23.06929528392426576 ) ) ;
#1335 = CARTESIAN_POINT ( 'NONE',  ( 1.970089450127729291, -2.876045503281141613, 18.40359731999999937 ) ) ;
#1336 = ORIENTED_EDGE ( 'NONE', *, *, #2010, .T. ) ;
#1337 = VERTEX_POINT ( 'NONE', #7254 ) ;
#1338 = AXIS2_PLACEMENT_3D ( 'NONE', #6102, #3384, #42 ) ;
#1339 = PLANE ( 'NONE',  #3451 ) ;
#1340 = DIRECTION ( 'NONE',  ( 1.000000000000000000, 0.000000000000000000, 0.000000000000000000 ) ) ;
#1341 = VECTOR ( 'NONE', #3496, 1000.000000000000000 ) ;
#1342 = CARTESIAN_POINT ( 'NONE',  ( 26.05949410864507598, -2.967150744431629850, 18.40359731999999937 ) ) ;
#1343 = VERTEX_POINT ( 'NONE', #5973 ) ;
#1344 = CARTESIAN_POINT ( 'NONE',  ( 12.06945472834534883, -6.819414077215271597, 18.40359731999999937 ) ) ;
#1345 = CARTESIAN_POINT ( 'NONE',  ( 32.20649282690607862, 6.065850720411354757, 19.20359732000000008 ) ) ;
#1346 = CARTESIAN_POINT ( 'NONE',  ( 24.69849011171107378, -8.733150561326638694, 18.40359731999999937 ) ) ;
#1347 = AXIS2_PLACEMENT_3D ( 'NONE', #4102, #5207, #4605 ) ;
#1348 = CIRCLE ( 'NONE', #2187, 25.74999999999999289 ) ;
#1349 = EDGE_CURVE ( 'NONE', #64, #2405, #2627, .T. ) ;
#1350 = CARTESIAN_POINT ( 'NONE',  ( -0.9246057082889275192, 6.065850720411352981, 19.20359732000000008 ) ) ;
#1351 = ADVANCED_FACE ( 'NONE', ( #4510 ), #2588, .F. ) ;
#1352 = LINE ( 'NONE', #220, #2894 ) ;
#1353 = FACE_OUTER_BOUND ( 'NONE', #5598, .T. ) ;
#1354 = CARTESIAN_POINT ( 'NONE',  ( 25.81716233851473419, -27.15139527456192425, 23.08636224920364555 ) ) ;
#1355 = CIRCLE ( 'NONE', #1247, 1.199999999999999734 ) ;
#1356 = CARTESIAN_POINT ( 'NONE',  ( 25.81716233851473419, -27.15139527456192425, 23.08636224920364555 ) ) ;
#1357 = DIRECTION ( 'NONE',  ( -0.000000000000000000, 1.000000000000000000, 0.000000000000000000 ) ) ;
#1358 = EDGE_CURVE ( 'NONE', #937, #3957, #3039, .T. ) ;
#1359 = ORIENTED_EDGE ( 'NONE', *, *, #2673, .F. ) ;
#1360 = MECHANICAL_DESIGN_GEOMETRIC_PRESENTATION_REPRESENTATION (  '', ( #7276 ), #3138 ) ;
#1361 = DIRECTION ( 'NONE',  ( 0.000000000000000000, 0.000000000000000000, 1.000000000000000000 ) ) ;
#1362 = CARTESIAN_POINT ( 'NONE',  ( 23.64124048249712828, 24.21621083497272053, 22.95214703370109532 ) ) ;
#1363 = CARTESIAN_POINT ( 'NONE',  ( 8.630438470952455532, -8.063214443583346380, 23.19999800000000079 ) ) ;
#1364 = ORIENTED_EDGE ( 'NONE', *, *, #410, .T. ) ;
#1365 = ORIENTED_EDGE ( 'NONE', *, *, #5886, .T. ) ;
#1366 = CARTESIAN_POINT ( 'NONE',  ( 14.85349142309807391, -1.524148547166637835, 21.40359731999999937 ) ) ;
#1367 = VERTEX_POINT ( 'NONE', #123 ) ;
#1368 = CARTESIAN_POINT ( 'NONE',  ( 25.75782750760207307, 24.21612723289147695, 22.95290482456476155 ) ) ;
#1369 = CARTESIAN_POINT ( 'NONE',  ( 25.68468947654345769, -27.24327112770556880, 22.92686432869621171 ) ) ;
#1370 = VERTEX_POINT ( 'NONE', #1113 ) ;
#1371 = ADVANCED_FACE ( 'NONE', ( #4473 ), #5678, .F. ) ;
#1372 = ORIENTED_EDGE ( 'NONE', *, *, #5584, .F. ) ;
#1373 = VECTOR ( 'NONE', #6711, 1000.000000000000000 ) ;
#1374 = CARTESIAN_POINT ( 'NONE',  ( 24.69849011171107378, -15.01615056132663639, 18.40359731999999937 ) ) ;
#1375 = ORIENTED_EDGE ( 'NONE', *, *, #5147, .T. ) ;
#1376 = EDGE_CURVE ( 'NONE', #6116, #595, #4705, .T. ) ;
#1377 = PLANE ( 'NONE',  #922 ) ;
#1378 = CIRCLE ( 'NONE', #4221, 1.000000000000000888 ) ;
#1379 = CARTESIAN_POINT ( 'NONE',  ( 25.33216321972903273, -27.25437554199842438, 22.82322250299936783 ) ) ;
#1380 = ORIENTED_EDGE ( 'NONE', *, *, #5631, .T. ) ;
#1381 = CARTESIAN_POINT ( 'NONE',  ( 7.030438470952728558, 3.406785556417013083, 31.63375372154084175 ) ) ;
#1382 = DIRECTION ( 'NONE',  ( -1.000000000000000000, 0.000000000000000000, 0.000000000000000000 ) ) ;
#1383 = FACE_OUTER_BOUND ( 'NONE', #4082, .T. ) ;
#1384 = CIRCLE ( 'NONE', #221, 1.000000000000000888 ) ;
#1385 = CARTESIAN_POINT ( 'NONE',  ( 25.07756020711362410, -27.16703198466034763, 22.86928922013781929 ) ) ;
#1386 = DIRECTION ( 'NONE',  ( 0.000000000000000000, 0.000000000000000000, 1.000000000000000000 ) ) ;
#1387 = AXIS2_PLACEMENT_3D ( 'NONE', #6308, #1361, #3619 ) ;
#1388 = CARTESIAN_POINT ( 'NONE',  ( 7.030438470952719676, 4.406785556417013083, 31.63375372154084175 ) ) ;
#1389 = LINE ( 'NONE', #4354, #3133 ) ;
#1390 = ORIENTED_EDGE ( 'NONE', *, *, #4250, .F. ) ;
#1391 = CARTESIAN_POINT ( 'NONE',  ( 32.33349227759008215, -8.733150561326638694, 19.20359732000000008 ) ) ;
#1392 = ADVANCED_FACE ( 'NONE', ( #6802 ), #2886, .F. ) ;
#1393 = ADVANCED_FACE ( 'NONE', ( #5117 ), #2328, .T. ) ;
#1394 = CARTESIAN_POINT ( 'NONE',  ( 25.05949410864506532, 1.426849255568360508, 18.40359731999999937 ) ) ;
#1395 = ORIENTED_EDGE ( 'NONE', *, *, #4116, .T. ) ;
#1396 = CARTESIAN_POINT ( 'NONE',  ( 25.87591770421363435, 24.21091431827368012, 22.99999800000000860 ) ) ;
#1397 = EDGE_CURVE ( 'NONE', #6192, #2853, #1810, .T. ) ;
#1398 = FACE_OUTER_BOUND ( 'NONE', #5653, .T. ) ;
#1399 = ORIENTED_EDGE ( 'NONE', *, *, #5869, .T. ) ;
#1400 = DIRECTION ( 'NONE',  ( -0.000000000000000000, -0.000000000000000000, 1.000000000000000000 ) ) ;
#1401 = VERTEX_POINT ( 'NONE', #6156 ) ;
#1402 = EDGE_CURVE ( 'NONE', #1736, #5375, #5402, .T. ) ;
#1403 = PRESENTATION_STYLE_ASSIGNMENT (( #781 ) ) ;
#1404 = ORIENTED_EDGE ( 'NONE', *, *, #4861, .T. ) ;
#1405 = ORIENTED_EDGE ( 'NONE', *, *, #7150, .F. ) ;
#1406 = CARTESIAN_POINT ( 'NONE',  ( -0.9246057082889275192, -15.01615056132663817, 19.20359732000000008 ) ) ;
#1407 = ORIENTED_EDGE ( 'NONE', *, *, #2551, .F. ) ;
#1408 = CIRCLE ( 'NONE', #1644, 2.649999999999992806 ) ;
#1409 = CARTESIAN_POINT ( 'NONE',  ( 38.89477099867147558, 9.487847544181342130, 21.99999800000000150 ) ) ;
#1410 = CARTESIAN_POINT ( 'NONE',  ( 24.83353323735383356, 24.14428754783802944, 22.84540985043880923 ) ) ;
#1411 = CARTESIAN_POINT ( 'NONE',  ( 25.04948338001029384, -27.25981006578134824, 22.77124726851277003 ) ) ;
#1412 = ORIENTED_EDGE ( 'NONE', *, *, #339, .T. ) ;
#1413 = CARTESIAN_POINT ( 'NONE',  ( 10.85349142309807569, -1.763214443583704494, 21.40359731999999937 ) ) ;
#1414 = VERTEX_POINT ( 'NONE', #1664 ) ;
#1415 = EDGE_LOOP ( 'NONE', ( #5710, #6181, #4490, #1080 ) ) ;
#1416 = LINE ( 'NONE', #1930, #2561 ) ;
#1417 = CARTESIAN_POINT ( 'NONE',  ( 24.88045432338290297, -27.26151517523413403, 22.75475429096712077 ) ) ;
#1418 = VERTEX_POINT ( 'NONE', #56 ) ;
#1419 = CARTESIAN_POINT ( 'NONE',  ( 34.24477099867146990, -12.51215245581865609, 21.99999800000000150 ) ) ;
#1420 = FACE_OUTER_BOUND ( 'NONE', #387, .T. ) ;
#1421 = VECTOR ( 'NONE', #2080, 1000.000000000000000 ) ;
#1422 = ADVANCED_FACE ( 'NONE', ( #6303 ), #4001, .T. ) ;
#1423 = CARTESIAN_POINT ( 'NONE',  ( 47.42691165029101796, -2.876045503313417129, 3.500841111824923857 ) ) ;
#1424 = AXIS2_PLACEMENT_3D ( 'NONE', #4366, #5412, #4974 ) ;
#1425 = CARTESIAN_POINT ( 'NONE',  ( 19.02849441382007711, 2.426849255568367614, 21.40359731999999937 ) ) ;
#1426 = AXIS2_PLACEMENT_3D ( 'NONE', #3212, #5443, #3175 ) ;
#1427 = DIRECTION ( 'NONE',  ( 1.462890879734001726E-19, 1.610801296603465303E-20, -1.000000000000000000 ) ) ;
#1428 = DIRECTION ( 'NONE',  ( 1.000000000000000000, 0.000000000000000000, 0.000000000000000000 ) ) ;
#1429 = LINE ( 'NONE', #5324, #1475 ) ;
#1430 = VERTEX_POINT ( 'NONE', #6839 ) ;
#1431 = CARTESIAN_POINT ( 'NONE',  ( 40.20749282690608339, -15.01615056132663995, 18.40359731999999937 ) ) ;
#1432 = CARTESIAN_POINT ( 'NONE',  ( 23.17849011171107421, 21.53784716418134693, 96.03199646221435160 ) ) ;
#1433 = VERTEX_POINT ( 'NONE', #1776 ) ;
#1434 = AXIS2_PLACEMENT_3D ( 'NONE', #7151, #434, #4835 ) ;
#1435 = EDGE_CURVE ( 'NONE', #5375, #5221, #4039, .T. ) ;
#1436 = EDGE_LOOP ( 'NONE', ( #3104, #7222, #4193, #3744, #1258 ) ) ;
#1437 = CARTESIAN_POINT ( 'NONE',  ( 42.34477099867147132, -12.51215245581865609, 21.99999800000000150 ) ) ;
#1438 = UNCERTAINTY_MEASURE_WITH_UNIT (LENGTH_MEASURE( 1.000000000000000082E-05 ), #4454, 'distance_accuracy_value', 'NONE');
#1439 = DIRECTION ( 'NONE',  ( -0.7071067811865414665, 0.000000000000000000, 0.7071067811865536790 ) ) ;
#1440 = ORIENTED_EDGE ( 'NONE', *, *, #4681, .F. ) ;
#1441 = CARTESIAN_POINT ( 'NONE',  ( -1.051509888288927552, -1.512152455818657204, 8.999997999999999720 ) ) ;
#1442 = ORIENTED_EDGE ( 'NONE', *, *, #1941, .F. ) ;
#1443 = ORIENTED_EDGE ( 'NONE', *, *, #6595, .F. ) ;
#1444 = VERTEX_POINT ( 'NONE', #6270 ) ;
#1445 = DIRECTION ( 'NONE',  ( 0.000000000000000000, 0.000000000000000000, 1.000000000000000000 ) ) ;
#1446 = DIRECTION ( 'NONE',  ( -0.000000000000000000, -0.000000000000000000, -1.000000000000000000 ) ) ;
#1447 = EDGE_CURVE ( 'NONE', #1479, #3586, #676, .T. ) ;
#1448 = FACE_OUTER_BOUND ( 'NONE', #7141, .T. ) ;
#1449 = ADVANCED_FACE ( 'NONE', ( #6765 ), #5859, .F. ) ;
#1450 = CARTESIAN_POINT ( 'NONE',  ( 50.44849011171106667, -1.512152455818654095, 96.03199646221435160 ) ) ;
#1451 = ORIENTED_EDGE ( 'NONE', *, *, #3762, .F. ) ;
#1452 = ORIENTED_EDGE ( 'NONE', *, *, #331, .T. ) ;
#1453 = CARTESIAN_POINT ( 'NONE',  ( 26.13340465506952270, 24.04183573090490000, 23.15622903531533083 ) ) ;
#1454 = ORIENTED_EDGE ( 'NONE', *, *, #4391, .T. ) ;
#1455 = DIRECTION ( 'NONE',  ( 0.000000000000000000, 0.000000000000000000, -1.000000000000000000 ) ) ;
#1456 = CARTESIAN_POINT ( 'NONE',  ( 24.69849011171107378, -24.56215207581864135, 23.19999800000000079 ) ) ;
#1457 = ORIENTED_EDGE ( 'NONE', *, *, #738, .F. ) ;
#1458 = DIRECTION ( 'NONE',  ( 1.000000000000000000, 0.000000000000000000, 0.000000000000000000 ) ) ;
#1459 = VECTOR ( 'NONE', #3878, 1000.000000000000114 ) ;
#1460 = DIRECTION ( 'NONE',  ( 0.000000000000000000, 1.000000000000000000, 0.000000000000000000 ) ) ;
#1461 = DIRECTION ( 'NONE',  ( 1.000000000000000000, 0.000000000000000000, 0.000000000000000000 ) ) ;
#1462 = CARTESIAN_POINT ( 'NONE',  ( 14.85349142309807391, -1.524148547166637835, 21.40359731999999937 ) ) ;
#1463 = VECTOR ( 'NONE', #1241, 1000.000000000000114 ) ;
#1464 = DIRECTION ( 'NONE',  ( 0.7071067811865555663, 0.000000000000000000, 0.7071067811865393571 ) ) ;
#1465 = FACE_OUTER_BOUND ( 'NONE', #752, .T. ) ;
#1466 = ORIENTED_EDGE ( 'NONE', *, *, #5495, .F. ) ;
#1467 = AXIS2_PLACEMENT_3D ( 'NONE', #5073, #3850, #6075 ) ;
#1468 = DIRECTION ( 'NONE',  ( 1.000000000000000000, 0.000000000000000000, 0.000000000000000000 ) ) ;
#1469 = AXIS2_PLACEMENT_3D ( 'NONE', #5209, #769, #6936 ) ;
#1470 = EDGE_CURVE ( 'NONE', #1401, #3182, #7204, .T. ) ;
#1471 = DIRECTION ( 'NONE',  ( -1.000000000000000000, 0.000000000000000000, 0.000000000000000000 ) ) ;
#1472 = EDGE_CURVE ( 'NONE', #2575, #2345, #4073, .T. ) ;
#1473 = ORIENTED_EDGE ( 'NONE', *, *, #6445, .F. ) ;
#1474 = DIRECTION ( 'NONE',  ( 0.7071067811865443531, -0.7071067811865506814, 0.000000000000000000 ) ) ;
#1475 = VECTOR ( 'NONE', #5960, 1000.000000000000000 ) ;
#1476 = CYLINDRICAL_SURFACE ( 'NONE', #2514, 1.000000000000000888 ) ;
#1477 = ORIENTED_EDGE ( 'NONE', *, *, #6078, .F. ) ;
#1478 = CARTESIAN_POINT ( 'NONE',  ( -0.9246057082889275192, -8.733150561326638694, 19.20359732000000008 ) ) ;
#1479 = VERTEX_POINT ( 'NONE', #6726 ) ;
#1480 = CARTESIAN_POINT ( 'NONE',  ( 43.85549282690607242, -9.733150561326636918, 19.20359732000000008 ) ) ;
#1481 = VERTEX_POINT ( 'NONE', #574 ) ;
#1482 = CARTESIAN_POINT ( 'NONE',  ( 24.69849011171107378, -1.512152455818657204, 8.999997999999999720 ) ) ;
#1483 = VECTOR ( 'NONE', #5542, 1000.000000000000000 ) ;
#1484 = DIRECTION ( 'NONE',  ( 3.216024241707096350E-15, 1.000000000000000000, -0.000000000000000000 ) ) ;
#1485 = VERTEX_POINT ( 'NONE', #3929 ) ;
#1486 = DIRECTION ( 'NONE',  ( 0.000000000000000000, 0.000000000000000000, -1.000000000000000000 ) ) ;
#1487 = DIRECTION ( 'NONE',  ( 0.000000000000000000, 0.000000000000000000, 1.000000000000000000 ) ) ;
#1488 = ORIENTED_EDGE ( 'NONE', *, *, #2831, .F. ) ;
#1489 = ORIENTED_EDGE ( 'NONE', *, *, #4911, .T. ) ;
#1490 = EDGE_CURVE ( 'NONE', #2405, #5560, #3400, .T. ) ;
#1491 = EDGE_CURVE ( 'NONE', #7181, #6144, #5177, .T. ) ;
#1492 = DIRECTION ( 'NONE',  ( -1.000000000000000000, 0.000000000000000000, -0.000000000000000000 ) ) ;
#1493 = ORIENTED_EDGE ( 'NONE', *, *, #3023, .F. ) ;
#1494 = ORIENTED_EDGE ( 'NONE', *, *, #6951, .F. ) ;
#1495 = FACE_OUTER_BOUND ( 'NONE', #2597, .T. ) ;
#1496 = CARTESIAN_POINT ( 'NONE',  ( 25.94256833606301171, -27.23215786899323021, 23.02749112751017435 ) ) ;
#1497 = ORIENTED_EDGE ( 'NONE', *, *, #125, .F. ) ;
#1498 = DIRECTION ( 'NONE',  ( 0.000000000000000000, 0.000000000000000000, -1.000000000000000000 ) ) ;
#1499 = ADVANCED_FACE ( 'NONE', ( #3656 ), #5848, .F. ) ;
#1500 = DIRECTION ( 'NONE',  ( -0.000000000000000000, -0.000000000000000000, -1.000000000000000000 ) ) ;
#1501 = CARTESIAN_POINT ( 'NONE',  ( 7.030438470952728558, -0.9132144435829868678, 18.40359731999999937 ) ) ;
#1502 = AXIS2_PLACEMENT_3D ( 'NONE', #5658, #4022, #4493 ) ;
#1503 = ADVANCED_FACE ( 'NONE', ( #2984 ), #3616, .F. ) ;
#1504 = CARTESIAN_POINT ( 'NONE',  ( 37.89477099867147558, 9.487847544181342130, 23.19999800000000079 ) ) ;
#1505 = DIRECTION ( 'NONE',  ( 1.761289572153559545E-05, -0.9999999998448929617, 0.000000000000000000 ) ) ;
#1506 = PLANE ( 'NONE',  #6177 ) ;
#1507 = ORIENTED_EDGE ( 'NONE', *, *, #2846, .T. ) ;
#1508 = AXIS2_PLACEMENT_3D ( 'NONE', #6092, #1021, #4950 ) ;
#1509 = DIRECTION ( 'NONE',  ( -2.547317879554923032E-16, 1.000000000000000000, 0.000000000000000000 ) ) ;
#1510 = DIRECTION ( 'NONE',  ( 0.7071067811865477948, 0.7071067811865473507, 0.000000000000000000 ) ) ;
#1511 = VECTOR ( 'NONE', #3972, 1000.000000000000000 ) ;
#1512 = CYLINDRICAL_SURFACE ( 'NONE', #6668, 0.7500000000000006661 ) ;
#1513 = CIRCLE ( 'NONE', #9, 25.75000000000000355 ) ;
#1514 = DIRECTION ( 'NONE',  ( -0.7071067811865479058, -0.7071067811865472397, 0.000000000000000000 ) ) ;
#1515 = ORIENTED_EDGE ( 'NONE', *, *, #1943, .T. ) ;
#1516 = FACE_OUTER_BOUND ( 'NONE', #7218, .T. ) ;
#1517 = ORIENTED_EDGE ( 'NONE', *, *, #2219, .T. ) ;
#1518 = VERTEX_POINT ( 'NONE', #4748 ) ;
#1519 = VECTOR ( 'NONE', #7101, 1000.000000000000000 ) ;
#1520 = CARTESIAN_POINT ( 'NONE',  ( 44.29477099867147416, -12.51215245581865609, 21.99999800000000150 ) ) ;
#1521 = VERTEX_POINT ( 'NONE', #3542 ) ;
#1522 = CARTESIAN_POINT ( 'NONE',  ( 28.84477099867147487, 9.487847544181342130, 22.99999799999999794 ) ) ;
#1523 = EDGE_CURVE ( 'NONE', #5377, #2806, #3525, .T. ) ;
#1524 = AXIS2_PLACEMENT_3D ( 'NONE', #1323, #2398, #7055 ) ;
#1525 = CIRCLE ( 'NONE', #1989, 0.7500000000000006661 ) ;
#1526 = CARTESIAN_POINT ( 'NONE',  ( 36.98149282690607720, 11.22185072041135001, 19.20359732000000008 ) ) ;
#1527 = VERTEX_POINT ( 'NONE', #5775 ) ;
#1528 = DIRECTION ( 'NONE',  ( -1.000000000000000000, 0.000000000000000000, 0.000000000000000000 ) ) ;
#1529 = DIRECTION ( 'NONE',  ( 1.000000000000000000, 0.000000000000000000, 0.000000000000000000 ) ) ;
#1530 = VERTEX_POINT ( 'NONE', #158 ) ;
#1531 = ORIENTED_EDGE ( 'NONE', *, *, #2673, .T. ) ;
#1532 = ORIENTED_EDGE ( 'NONE', *, *, #7046, .F. ) ;
#1533 = AXIS2_PLACEMENT_3D ( 'NONE', #6234, #2771, #6874 ) ;
#1534 = CARTESIAN_POINT ( 'NONE',  ( 32.49477099867146990, -12.51215245581865609, 23.19999800000000079 ) ) ;
#1535 = EDGE_CURVE ( 'NONE', #7052, #2707, #807, .T. ) ;
#1536 = ADVANCED_FACE ( 'NONE', ( #2466 ), #2951, .F. ) ;
#1537 = CARTESIAN_POINT ( 'NONE',  ( 23.96189705643866574, -27.25163570993429829, 22.84910796992716087 ) ) ;
#1538 = ORIENTED_EDGE ( 'NONE', *, *, #2078, .T. ) ;
#1539 = CARTESIAN_POINT ( 'NONE',  ( 8.630438470952407570, 0.8867855564166541305, 22.99999800000000505 ) ) ;
#1540 = DIRECTION ( 'NONE',  ( -1.000000000000000000, 0.000000000000000000, -1.462890879734001726E-19 ) ) ;
#1541 = DIRECTION ( 'NONE',  ( 1.000000000000000000, 0.000000000000000000, 0.000000000000000000 ) ) ;
#1542 = CARTESIAN_POINT ( 'NONE',  ( 25.39477099867147203, -1.512152455818657204, 21.99999800000000150 ) ) ;
#1543 = EDGE_CURVE ( 'NONE', #459, #522, #5248, .T. ) ;
#1544 = EDGE_CURVE ( 'NONE', #868, #4309, #6227, .T. ) ;
#1545 = CYLINDRICAL_SURFACE ( 'NONE', #7253, 0.05000000000000143219 ) ;
#1546 = AXIS2_PLACEMENT_3D ( 'NONE', #6617, #5490, #2041 ) ;
#1547 = DIRECTION ( 'NONE',  ( 1.000000000000000000, 0.000000000000000000, 0.000000000000000000 ) ) ;
#1548 = ORIENTED_EDGE ( 'NONE', *, *, #1688, .F. ) ;
#1549 = CARTESIAN_POINT ( 'NONE',  ( 7.630438470952363161, 5.206785556416654082, 22.99999800000000505 ) ) ;
#1550 = CARTESIAN_POINT ( 'NONE',  ( 44.29477099867147416, 9.487847544181342130, 22.99999799999999794 ) ) ;
#1551 = AXIS2_PLACEMENT_3D ( 'NONE', #3776, #6074, #7171 ) ;
#1552 = DIRECTION ( 'NONE',  ( -0.000000000000000000, -0.000000000000000000, 1.000000000000000000 ) ) ;
#1553 = PLANE ( 'NONE',  #4691 ) ;
#1554 = AXIS2_PLACEMENT_3D ( 'NONE', #3088, #5652, #584 ) ;
#1555 = ORIENTED_EDGE ( 'NONE', *, *, #3066, .T. ) ;
#1556 = DIRECTION ( 'NONE',  ( -0.7114425483935286065, 0.7027442638224247196, 0.000000000000000000 ) ) ;
#1557 = VERTEX_POINT ( 'NONE', #5287 ) ;
#1558 = ORIENTED_EDGE ( 'NONE', *, *, #5044, .F. ) ;
#1559 = CYLINDRICAL_SURFACE ( 'NONE', #1662, 1.000000000000000888 ) ;
#1560 = VECTOR ( 'NONE', #137, 1000.000000000000000 ) ;
#1561 = ORIENTED_EDGE ( 'NONE', *, *, #3546, .T. ) ;
#1562 = CARTESIAN_POINT ( 'NONE',  ( 24.69852557516731295, -3.525645186030855971, 8.999997999999999720 ) ) ;
#1563 = VECTOR ( 'NONE', #2687, 1000.000000000000000 ) ;
#1564 = PRESENTATION_LAYER_ASSIGNMENT (  '', '', ( #626 ) ) ;
#1565 = DIRECTION ( 'NONE',  ( 0.000000000000000000, 0.000000000000000000, -1.000000000000000000 ) ) ;
#1566 = ORIENTED_EDGE ( 'NONE', *, *, #2858, .F. ) ;
#1567 = FACE_OUTER_BOUND ( 'NONE', #4325, .T. ) ;
#1568 = CARTESIAN_POINT ( 'NONE',  ( 21.77849011171107563, -24.56215207581864135, 23.19999800000000079 ) ) ;
#1569 = ADVANCED_FACE ( 'NONE', ( #4247 ), #6942, .F. ) ;
#1570 = ORIENTED_EDGE ( 'NONE', *, *, #6401, .T. ) ;
#1571 = ADVANCED_FACE ( 'NONE', ( #6410 ), #6444, .F. ) ;
#1572 = ORIENTED_EDGE ( 'NONE', *, *, #2915, .F. ) ;
#1573 = VERTEX_POINT ( 'NONE', #2499 ) ;
#1574 = CARTESIAN_POINT ( 'NONE',  ( 24.69849011171107023, 7.006785556416298633, 31.63375372154084175 ) ) ;
#1575 = DIRECTION ( 'NONE',  ( -0.000000000000000000, -0.000000000000000000, -1.000000000000000000 ) ) ;
#1576 = CARTESIAN_POINT ( 'NONE',  ( 23.61686578565504036, -27.15264095187240301, 23.07048606212667252 ) ) ;
#1577 = ORIENTED_EDGE ( 'NONE', *, *, #727, .T. ) ;
#1578 = FACE_OUTER_BOUND ( 'NONE', #861, .T. ) ;
#1579 = DIRECTION ( 'NONE',  ( 0.000000000000000000, 0.000000000000000000, -1.000000000000000000 ) ) ;
#1580 = FACE_OUTER_BOUND ( 'NONE', #7148, .T. ) ;
#1581 = LINE ( 'NONE', #6179, #3238 ) ;
#1582 = DIRECTION ( 'NONE',  ( 0.000000000000000000, 0.000000000000000000, 1.000000000000000000 ) ) ;
#1583 = EDGE_CURVE ( 'NONE', #3979, #5908, #7016, .T. ) ;
#1584 = VERTEX_POINT ( 'NONE', #1394 ) ;
#1585 = DIRECTION ( 'NONE',  ( 1.000000000000000000, 0.000000000000000000, 0.000000000000000000 ) ) ;
#1586 = LINE ( 'NONE', #5370, #2961 ) ;
#1587 = VECTOR ( 'NONE', #2693, 1000.000000000000000 ) ;
#1588 = EDGE_CURVE ( 'NONE', #4478, #5564, #191, .T. ) ;
#1589 = VECTOR ( 'NONE', #5284, 1000.000000000000000 ) ;
#1590 = EDGE_CURVE ( 'NONE', #2768, #814, #118, .T. ) ;
#1591 = DIRECTION ( 'NONE',  ( -0.000000000000000000, -0.000000000000000000, 1.000000000000000000 ) ) ;
#1592 = DIRECTION ( 'NONE',  ( 0.000000000000000000, 0.000000000000000000, -1.000000000000000000 ) ) ;
#1593 = DIRECTION ( 'NONE',  ( -1.761289571444870795E-05, -0.9999999998448929617, 0.000000000000000000 ) ) ;
#1594 = ORIENTED_EDGE ( 'NONE', *, *, #1050, .F. ) ;
#1595 = ORIENTED_EDGE ( 'NONE', *, *, #3059, .F. ) ;
#1596 = AXIS2_PLACEMENT_3D ( 'NONE', #3952, #519, #2758 ) ;
#1597 = EDGE_CURVE ( 'NONE', #4478, #6633, #6601, .T. ) ;
#1598 = FACE_OUTER_BOUND ( 'NONE', #5255, .T. ) ;
#1599 = CARTESIAN_POINT ( 'NONE',  ( 36.98149227759007118, -4.623571175818640633, 19.20359732000000008 ) ) ;
#1600 = AXIS2_PLACEMENT_3D ( 'NONE', #1037, #2801, #4401 ) ;
#1601 = CARTESIAN_POINT ( 'NONE',  ( 44.85549337622308030, -4.623571175818640633, 19.20359732000000008 ) ) ;
#1602 = ORIENTED_EDGE ( 'NONE', *, *, #6571, .F. ) ;
#1603 = DIRECTION ( 'NONE',  ( 1.000000000000000000, 0.000000000000000000, -0.000000000000000000 ) ) ;
#1604 = PLANE ( 'NONE',  #509 ) ;
#1605 = ORIENTED_EDGE ( 'NONE', *, *, #6979, .T. ) ;
#1606 = VECTOR ( 'NONE', #6432, 1000.000000000000000 ) ;
#1607 = DIRECTION ( 'NONE',  ( 1.000000000000000000, 0.000000000000000000, 0.000000000000000000 ) ) ;
#1608 = FACE_OUTER_BOUND ( 'NONE', #393, .T. ) ;
#1609 = EDGE_CURVE ( 'NONE', #1058, #6674, #1999, .T. ) ;
#1610 = CARTESIAN_POINT ( 'NONE',  ( 27.61849011171107193, -24.56215207581864135, 23.19999800000000079 ) ) ;
#1611 = ORIENTED_EDGE ( 'NONE', *, *, #2129, .F. ) ;
#1612 = CARTESIAN_POINT ( 'NONE',  ( 6.030438470952720564, -1.512152455818667418, 21.40359731999999937 ) ) ;
#1613 = CARTESIAN_POINT ( 'NONE',  ( 32.29477099867147416, -12.51215245581865609, 21.99999800000000150 ) ) ;
#1614 = DIRECTION ( 'NONE',  ( 0.000000000000000000, 0.000000000000000000, -1.000000000000000000 ) ) ;
#1615 = DIRECTION ( 'NONE',  ( 1.462890879734001726E-19, 2.478233546745619579E-35, -1.000000000000000000 ) ) ;
#1616 = CARTESIAN_POINT ( 'NONE',  ( 24.31942001632805272, 24.14272707302714238, 22.86928922014003973 ) ) ;
#1617 = ORIENTED_EDGE ( 'NONE', *, *, #2271, .T. ) ;
#1618 = EDGE_LOOP ( 'NONE', ( #6643, #7099, #2127, #3515 ) ) ;
#1619 = DIRECTION ( 'NONE',  ( 0.000000000000000000, 0.000000000000000000, -1.000000000000000000 ) ) ;
#1620 = ORIENTED_EDGE ( 'NONE', *, *, #4733, .T. ) ;
#1621 = CARTESIAN_POINT ( 'NONE',  ( 10.36138033909942813, 19.63612840500035617, 23.19999800000000079 ) ) ;
#1622 = CIRCLE ( 'NONE', #5246, 1.000000000000000888 ) ;
#1623 = CARTESIAN_POINT ( 'NONE',  ( 25.83664696813744044, 24.15534532725995831, 23.05728481165822785 ) ) ;
#1624 = CARTESIAN_POINT ( 'NONE',  ( 35.19477099867147274, -1.512152455818657204, 23.19999800000000079 ) ) ;
#1625 = FACE_OUTER_BOUND ( 'NONE', #426, .T. ) ;
#1626 = EDGE_CURVE ( 'NONE', #1799, #685, #4138, .T. ) ;
#1627 = ORIENTED_EDGE ( 'NONE', *, *, #4341, .T. ) ;
#1628 = ORIENTED_EDGE ( 'NONE', *, *, #2395, .T. ) ;
#1629 = EDGE_CURVE ( 'NONE', #3027, #3925, #2022, .T. ) ;
#1630 = DIRECTION ( 'NONE',  ( 0.000000000000000000, 1.000000000000000000, 0.000000000000000000 ) ) ;
#1631 = FACE_OUTER_BOUND ( 'NONE', #3883, .T. ) ;
#1632 = CIRCLE ( 'NONE', #7058, 1.000000000000000888 ) ;
#1633 = CARTESIAN_POINT ( 'NONE',  ( 26.21849011171107335, -24.56215207581864135, 96.03199646221435160 ) ) ;
#1634 = ADVANCED_FACE ( 'NONE', ( #5516 ), #2616, .T. ) ;
#1635 = ORIENTED_EDGE ( 'NONE', *, *, #4031, .F. ) ;
#1636 = DIRECTION ( 'NONE',  ( 0.000000000000000000, 0.000000000000000000, 1.000000000000000000 ) ) ;
#1637 = ADVANCED_FACE ( 'NONE', ( #2139 ), #4931, .T. ) ;
#1638 = CARTESIAN_POINT ( 'NONE',  ( 24.69849011171107378, 21.53784716418134693, 23.19999800000000079 ) ) ;
#1639 = ORIENTED_EDGE ( 'NONE', *, *, #6153, .T. ) ;
#1640 = ORIENTED_EDGE ( 'NONE', *, *, #3028, .F. ) ;
#1641 = AXIS2_PLACEMENT_3D ( 'NONE', #1711, #6240, #2893 ) ;
#1642 = CARTESIAN_POINT ( 'NONE',  ( 23.21033648457408916, 24.19487929727855757, 23.14124125523813547 ) ) ;
#1643 = DIRECTION ( 'NONE',  ( 1.000000000000000000, 0.000000000000000000, 0.000000000000000000 ) ) ;
#1644 = AXIS2_PLACEMENT_3D ( 'NONE', #1366, #1445, #3705 ) ;
#1645 = CARTESIAN_POINT ( 'NONE',  ( 25.21268637708515925, -27.16534645038389328, 22.89457997588791827 ) ) ;
#1646 = ORIENTED_EDGE ( 'NONE', *, *, #4587, .F. ) ;
#1647 = DIRECTION ( 'NONE',  ( -0.000000000000000000, -0.000000000000000000, -1.000000000000000000 ) ) ;
#1648 = CARTESIAN_POINT ( 'NONE',  ( 32.33349227759008215, -8.733150561326638694, 19.20359732000000008 ) ) ;
#1649 = CARTESIAN_POINT ( 'NONE',  ( 7.030438470952648622, -10.57321444358334794, 31.63375372154084175 ) ) ;
#1650 = LINE ( 'NONE', #2872, #1459 ) ;
#1651 = CYLINDRICAL_SURFACE ( 'NONE', #7267, 0.2000000000000005107 ) ;
#1652 = EDGE_CURVE ( 'NONE', #2042, #2966, #4856, .T. ) ;
#1653 = ORIENTED_EDGE ( 'NONE', *, *, #5761, .T. ) ;
#1654 = CARTESIAN_POINT ( 'NONE',  ( 29.59477099867147487, 9.487847544181342130, 22.99999799999999794 ) ) ;
#1655 = ORIENTED_EDGE ( 'NONE', *, *, #912, .T. ) ;
#1656 = DIRECTION ( 'NONE',  ( -1.000000000000000000, 0.000000000000000000, -0.000000000000000000 ) ) ;
#1657 = DIRECTION ( 'NONE',  ( 1.000000000000000000, 0.000000000000000000, 0.000000000000000000 ) ) ;
#1658 = CARTESIAN_POINT ( 'NONE',  ( 32.49477099867146990, 9.487847544181342130, 23.19999800000000079 ) ) ;
#1659 = CARTESIAN_POINT ( 'NONE',  ( 31.54477099867147061, -12.51215245581865609, 21.99999800000000150 ) ) ;
#1660 = EDGE_LOOP ( 'NONE', ( #3900, #6257, #63, #5950 ) ) ;
#1661 = ORIENTED_EDGE ( 'NONE', *, *, #1846, .F. ) ;
#1662 = AXIS2_PLACEMENT_3D ( 'NONE', #5524, #495, #895 ) ;
#1663 = DIRECTION ( 'NONE',  ( -0.000000000000000000, -0.000000000000000000, -1.000000000000000000 ) ) ;
#1664 = CARTESIAN_POINT ( 'NONE',  ( 27.89477099867147558, -12.51215245581865609, 23.19999800000000079 ) ) ;
#1665 = CIRCLE ( 'NONE', #2604, 1.520000000000000462 ) ;
#1666 = EDGE_LOOP ( 'NONE', ( #959, #2630, #678, #2513 ) ) ;
#1667 = EDGE_CURVE ( 'NONE', #3463, #5148, #35, .T. ) ;
#1668 = CYLINDRICAL_SURFACE ( 'NONE', #1305, 1.000000000000000888 ) ;
#1669 = ORIENTED_EDGE ( 'NONE', *, *, #2879, .T. ) ;
#1670 = LINE ( 'NONE', #5567, #2104 ) ;
#1671 = ORIENTED_EDGE ( 'NONE', *, *, #217, .T. ) ;
#1672 = CARTESIAN_POINT ( 'NONE',  ( 17.87849142309807249, -1.524148547166637613, 18.57517019525380420 ) ) ;
#1673 = AXIS2_PLACEMENT_3D ( 'NONE', #4283, #2577, #1471 ) ;
#1674 = ORIENTED_EDGE ( 'NONE', *, *, #5149, .T. ) ;
#1675 = DIRECTION ( 'NONE',  ( -0.000000000000000000, -0.000000000000000000, -1.000000000000000000 ) ) ;
#1676 = EDGE_CURVE ( 'NONE', #803, #3208, #2102, .T. ) ;
#1677 = AXIS2_PLACEMENT_3D ( 'NONE', #1683, #7301, #6166 ) ;
#1678 = AXIS2_PLACEMENT_3D ( 'NONE', #4527, #4455, #6248 ) ;
#1679 = ORIENTED_EDGE ( 'NONE', *, *, #1590, .F. ) ;
#1680 = EDGE_CURVE ( 'NONE', #1518, #6192, #416, .T. ) ;
#1681 = EDGE_CURVE ( 'NONE', #7117, #5880, #502, .T. ) ;
#1682 = CARTESIAN_POINT ( 'NONE',  ( 24.51652590003922683, 24.23721026359682185, 22.75475429096714208 ) ) ;
#1683 = CARTESIAN_POINT ( 'NONE',  ( 42.34477099867147132, 9.487847544181342130, 22.99999799999999794 ) ) ;
#1684 = CARTESIAN_POINT ( 'NONE',  ( 24.95500321928237142, -27.16800581478117493, 22.85444468182521049 ) ) ;
#1685 = ORIENTED_EDGE ( 'NONE', *, *, #242, .F. ) ;
#1686 = EDGE_LOOP ( 'NONE', ( #6047, #1679, #3526, #2381 ) ) ;
#1687 = CARTESIAN_POINT ( 'NONE',  ( 12.05349142309808386, 3.675851452833362565, 18.40359731999999937 ) ) ;
#1688 = EDGE_CURVE ( 'NONE', #476, #4256, #4820, .T. ) ;
#1689 = LINE ( 'NONE', #4990, #2030 ) ;
#1690 = DIRECTION ( 'NONE',  ( -0.000000000000000000, -0.000000000000000000, -1.000000000000000000 ) ) ;
#1691 = ADVANCED_FACE ( 'NONE', ( #4320 ), #4893, .T. ) ;
#1692 = CARTESIAN_POINT ( 'NONE',  ( 21.38329961164010129, -4.827342955889629472, 18.40359731999999937 ) ) ;
#1693 = CARTESIAN_POINT ( 'NONE',  ( 10.85349142309807569, -1.563214443583704316, 31.63375372154084175 ) ) ;
#1694 = ORIENTED_EDGE ( 'NONE', *, *, #1535, .T. ) ;
#1695 = CARTESIAN_POINT ( 'NONE',  ( 21.66549410864508118, 0.6268492555683571332, 19.20359732000000008 ) ) ;
#1696 = ORIENTED_EDGE ( 'NONE', *, *, #4642, .T. ) ;
#1697 = ORIENTED_EDGE ( 'NONE', *, *, #5176, .F. ) ;
#1698 = DIRECTION ( 'NONE',  ( 0.000000000000000000, 0.000000000000000000, -1.000000000000000000 ) ) ;
#1699 = FACE_OUTER_BOUND ( 'NONE', #5999, .T. ) ;
#1700 = DIRECTION ( 'NONE',  ( 1.000000000000000000, 1.188166764367676441E-15, 0.000000000000000000 ) ) ;
#1701 = CARTESIAN_POINT ( 'NONE',  ( 6.030438470952724117, -1.512152455818667418, 21.40359731999999937 ) ) ;
#1702 = ORIENTED_EDGE ( 'NONE', *, *, #331, .F. ) ;
#1703 = CARTESIAN_POINT ( 'NONE',  ( 3.263770336926316240, 13.58898476165380131, 21.96359842000000029 ) ) ;
#1704 = DIRECTION ( 'NONE',  ( -0.000000000000000000, -0.000000000000000000, -1.000000000000000000 ) ) ;
#1705 = ORIENTED_EDGE ( 'NONE', *, *, #5556, .F. ) ;
#1706 = ORIENTED_EDGE ( 'NONE', *, *, #4298, .F. ) ;
#1707 = CARTESIAN_POINT ( 'NONE',  ( 26.05949410864507598, -1.512152455818657204, 18.40359731999999937 ) ) ;
#1708 = VECTOR ( 'NONE', #250, 1000.000000000000000 ) ;
#1709 = CARTESIAN_POINT ( 'NONE',  ( 7.430438470952455354, -8.063214443583346380, 23.19999800000000079 ) ) ;
#1710 = VERTEX_POINT ( 'NONE', #6645 ) ;
#1711 = CARTESIAN_POINT ( 'NONE',  ( 9.082623226170039032, -1.512152455818657204, 28.54200327493162348 ) ) ;
#1712 = AXIS2_PLACEMENT_3D ( 'NONE', #1106, #6148, #603 ) ;
#1713 = CIRCLE ( 'NONE', #4543, 0.7500000000000006661 ) ;
#1714 = DIRECTION ( 'NONE',  ( -0.9999999998448216854, -1.761694112589338497E-05, 0.000000000000000000 ) ) ;
#1715 = VECTOR ( 'NONE', #4205, 1000.000000000000000 ) ;
#1716 = DIRECTION ( 'NONE',  ( 1.000000000000000000, 0.000000000000000000, 0.000000000000000000 ) ) ;
#1717 = AXIS2_PLACEMENT_3D ( 'NONE', #3350, #6789, #4531 ) ;
#1718 = ORIENTED_EDGE ( 'NONE', *, *, #5149, .F. ) ;
#1719 = EDGE_LOOP ( 'NONE', ( #4304, #4663, #3784, #7293 ) ) ;
#1720 = CARTESIAN_POINT ( 'NONE',  ( 25.39477099867147203, 9.487847544181342130, 22.99999799999999794 ) ) ;
#1721 = EDGE_CURVE ( 'NONE', #1048, #622, #1586, .T. ) ;
#1722 = EDGE_CURVE ( 'NONE', #606, #1033, #2140, .T. ) ;
#1723 = CARTESIAN_POINT ( 'NONE',  ( 11.05355120219542719, 2.686785556416294796, 18.40359731999999937 ) ) ;
#1724 = VECTOR ( 'NONE', #1134, 1000.000000000000114 ) ;
#1725 = DIRECTION ( 'NONE',  ( 0.000000000000000000, 0.000000000000000000, -1.000000000000000000 ) ) ;
#1726 = CARTESIAN_POINT ( 'NONE',  ( 12.20349142309808066, -1.524148547166637835, 21.40359731999999937 ) ) ;
#1727 = CARTESIAN_POINT ( 'NONE',  ( 25.36195694449964932, 24.13871577003235203, 22.92867496915283354 ) ) ;
#1728 = ORIENTED_EDGE ( 'NONE', *, *, #863, .T. ) ;
#1729 = CARTESIAN_POINT ( 'NONE',  ( 29.79477099867147061, -1.512152455818658092, 23.19999800000000079 ) ) ;
#1730 = EDGE_LOOP ( 'NONE', ( #3988, #921, #4420, #6723 ) ) ;
#1731 = ORIENTED_EDGE ( 'NONE', *, *, #2331, .F. ) ;
#1732 = CARTESIAN_POINT ( 'NONE',  ( 31.33349227759007505, -9.733150561326645800, 19.20359732000000008 ) ) ;
#1733 = CARTESIAN_POINT ( 'NONE',  ( 8.882623226170036190, 7.006785556416295080, 21.40359731999999937 ) ) ;
#1734 = CARTESIAN_POINT ( 'NONE',  ( 24.69849011171107378, -6.819414077215271597, 18.40359731999999937 ) ) ;
#1735 = PLANE ( 'NONE',  #6414 ) ;
#1736 = VERTEX_POINT ( 'NONE', #346 ) ;
#1737 = AXIS2_PLACEMENT_3D ( 'NONE', #6213, #1690, #2937 ) ;
#1738 = CARTESIAN_POINT ( 'NONE',  ( 17.40349142309807462, -1.524148547166637613, 22.00359731999999724 ) ) ;
#1739 = CARTESIAN_POINT ( 'NONE',  ( 39.64477099867147558, -12.51215245581865609, 22.99999799999999794 ) ) ;
#1740 = EDGE_LOOP ( 'NONE', ( #6492, #1765, #3281, #3112 ) ) ;
#1741 = EDGE_CURVE ( 'NONE', #3195, #1196, #6606, .T. ) ;
#1742 = VECTOR ( 'NONE', #2450, 1000.000000000000000 ) ;
#1743 = VERTEX_POINT ( 'NONE', #1550 ) ;
#1744 = DIRECTION ( 'NONE',  ( 9.934539730264194206E-15, 1.000000000000000000, -0.000000000000000000 ) ) ;
#1745 = FACE_BOUND ( 'NONE', #3793, .T. ) ;
#1746 = VERTEX_POINT ( 'NONE', #3849 ) ;
#1747 = EDGE_CURVE ( 'NONE', #5906, #5125, #5404, .T. ) ;
#1748 = CARTESIAN_POINT ( 'NONE',  ( 26.14477099867147203, -12.51215245581865609, 21.99999800000000150 ) ) ;
#1749 = VECTOR ( 'NONE', #620, 1000.000000000000000 ) ;
#1750 = ORIENTED_EDGE ( 'NONE', *, *, #6958, .F. ) ;
#1751 = CARTESIAN_POINT ( 'NONE',  ( 23.57932031894358005, 24.21359082620585923, 22.97596195059185575 ) ) ;
#1752 = VECTOR ( 'NONE', #810, 999.9999999999998863 ) ;
#1753 = CARTESIAN_POINT ( 'NONE',  ( 21.66549410864508118, 0.4268492555683598422, 19.20359732000000008 ) ) ;
#1754 = VERTEX_POINT ( 'NONE', #2065 ) ;
#1755 = VECTOR ( 'NONE', #5525, 1000.000000000000000 ) ;
#1756 = ORIENTED_EDGE ( 'NONE', *, *, #5280, .F. ) ;
#1757 = VECTOR ( 'NONE', #4026, 1000.000000000000114 ) ;
#1758 = FACE_OUTER_BOUND ( 'NONE', #5674, .T. ) ;
#1759 = EDGE_CURVE ( 'NONE', #2061, #5989, #4723, .T. ) ;
#1760 = CONICAL_SURFACE ( 'NONE', #6230, 0.7500000000000006661, 0.7853981633974396193 ) ;
#1761 = DIRECTION ( 'NONE',  ( -1.000000000000000000, 0.000000000000000000, 0.000000000000000000 ) ) ;
#1762 = EDGE_CURVE ( 'NONE', #1883, #7181, #6378, .T. ) ;
#1763 = DIRECTION ( 'NONE',  ( -0.000000000000000000, -0.000000000000000000, -1.000000000000000000 ) ) ;
#1764 = CARTESIAN_POINT ( 'NONE',  ( 11.25055410581079229, 18.74043139248407996, 40.75345354922610142 ) ) ;
#1765 = ORIENTED_EDGE ( 'NONE', *, *, #3637, .F. ) ;
#1766 = LINE ( 'NONE', #1729, #3885 ) ;
#1767 = ORIENTED_EDGE ( 'NONE', *, *, #5442, .F. ) ;
#1768 = LINE ( 'NONE', #6258, #5426 ) ;
#1769 = EDGE_CURVE ( 'NONE', #248, #4373, #6252, .T. ) ;
#1770 = CARTESIAN_POINT ( 'NONE',  ( 24.69849011171107378, -24.56215207581864135, 21.59999800000001002 ) ) ;
#1771 = CARTESIAN_POINT ( 'NONE',  ( 45.79477099867147416, -1.512152455818663865, 21.99999800000000150 ) ) ;
#1772 = LINE ( 'NONE', #1701, #5467 ) ;
#1773 = ORIENTED_EDGE ( 'NONE', *, *, #4733, .F. ) ;
#1774 = ORIENTED_EDGE ( 'NONE', *, *, #5018, .F. ) ;
#1775 = LINE ( 'NONE', #4037, #6742 ) ;
#1776 = CARTESIAN_POINT ( 'NONE',  ( 29.79477099867147061, -12.51215245581865609, 23.19999800000000079 ) ) ;
#1777 = ORIENTED_EDGE ( 'NONE', *, *, #7195, .T. ) ;
#1778 = CYLINDRICAL_SURFACE ( 'NONE', #4003, 1.000000000000000888 ) ;
#1779 = EDGE_LOOP ( 'NONE', ( #6366, #7206, #6256, #15 ) ) ;
#1780 = AXIS2_PLACEMENT_3D ( 'NONE', #939, #396, #4330 ) ;
#1781 = DIRECTION ( 'NONE',  ( -0.6256351882393400565, 0.7801157678426487996, 0.000000000000000000 ) ) ;
#1782 = ORIENTED_EDGE ( 'NONE', *, *, #7005, .T. ) ;
#1783 = VECTOR ( 'NONE', #3144, 1000.000000000000000 ) ;
#1784 = EDGE_CURVE ( 'NONE', #597, #4722, #2284, .T. ) ;
#1785 = CARTESIAN_POINT ( 'NONE',  ( 24.36424197426984861, 24.23576513854817094, 22.76874823679971982 ) ) ;
#1786 = CARTESIAN_POINT ( 'NONE',  ( 40.08049337622307462, 7.319848523146356811, 18.40359731999999937 ) ) ;
#1787 = ORIENTED_EDGE ( 'NONE', *, *, #3814, .T. ) ;
#1788 = CIRCLE ( 'NONE', #3811, 0.2000000000000005107 ) ;
#1789 = ORIENTED_EDGE ( 'NONE', *, *, #13, .T. ) ;
#1790 = EDGE_CURVE ( 'NONE', #6361, #1418, #3076, .T. ) ;
#1791 = CIRCLE ( 'NONE', #1202, 25.54999999999999005 ) ;
#1792 = DIRECTION ( 'NONE',  ( 0.000000000000000000, 0.000000000000000000, -1.000000000000000000 ) ) ;
#1793 = ORIENTED_EDGE ( 'NONE', *, *, #7230, .T. ) ;
#1794 = CIRCLE ( 'NONE', #844, 0.7500000000000006661 ) ;
#1795 = VECTOR ( 'NONE', #7186, 1000.000000000000000 ) ;
#1796 = CARTESIAN_POINT ( 'NONE',  ( 47.42698030185680835, 0.5678296471101845766, 8.999997999999999720 ) ) ;
#1797 = CARTESIAN_POINT ( 'NONE',  ( 8.882623226170036190, 7.006785556416295080, 18.40359731999999937 ) ) ;
#1798 = DIRECTION ( 'NONE',  ( -0.7071067811865506814, -0.7071067811865443531, 0.000000000000000000 ) ) ;
#1799 = VERTEX_POINT ( 'NONE', #1732 ) ;
#1800 = LINE ( 'NONE', #2456, #3527 ) ;
#1801 = ORIENTED_EDGE ( 'NONE', *, *, #985, .T. ) ;
#1802 = DIRECTION ( 'NONE',  ( 1.000000000000000000, 0.000000000000000000, 0.000000000000000000 ) ) ;
#1803 = LINE ( 'NONE', #6330, #6615 ) ;
#1804 = PLANE ( 'NONE',  #889 ) ;
#1805 = CARTESIAN_POINT ( 'NONE',  ( 10.18989393403097843, 8.487383065279145100, 40.75345354922610142 ) ) ;
#1806 = CARTESIAN_POINT ( 'NONE',  ( 7.630438470952408458, 0.8867855564166542415, 22.99999800000000505 ) ) ;
#1807 = DIRECTION ( 'NONE',  ( 0.000000000000000000, 0.000000000000000000, -1.000000000000000000 ) ) ;
#1808 = ADVANCED_FACE ( 'NONE', ( #4500 ), #5629, .T. ) ;
#1809 = EDGE_CURVE ( 'NONE', #2252, #850, #3958, .T. ) ;
#1810 = LINE ( 'NONE', #1187, #4483 ) ;
#1811 = ORIENTED_EDGE ( 'NONE', *, *, #582, .T. ) ;
#1812 = ORIENTED_EDGE ( 'NONE', *, *, #856, .F. ) ;
#1813 = LINE ( 'NONE', #5251, #1976 ) ;
#1814 = EDGE_CURVE ( 'NONE', #2837, #4516, #4146, .T. ) ;
#1815 = DIRECTION ( 'NONE',  ( -0.000000000000000000, -0.000000000000000000, -1.000000000000000000 ) ) ;
#1816 = CARTESIAN_POINT ( 'NONE',  ( 41.59477099867147132, 9.487847544181342130, 22.99999799999999794 ) ) ;
#1817 = ORIENTED_EDGE ( 'NONE', *, *, #1204, .T. ) ;
#1818 = CIRCLE ( 'NONE', #3348, 1.000000000000000888 ) ;
#1819 = EDGE_LOOP ( 'NONE', ( #3221, #6238, #5608, #545 ) ) ;
#1820 = CARTESIAN_POINT ( 'NONE',  ( -0.9246057082889275192, -15.01615056132663817, 19.20359732000000008 ) ) ;
#1821 = ADVANCED_FACE ( 'NONE', ( #564 ), #6187, .F. ) ;
#1822 = VECTOR ( 'NONE', #6910, 1000.000000000000000 ) ;
#1823 = CARTESIAN_POINT ( 'NONE',  ( 25.40739933464284306, 24.13774319451150774, 22.94244130325967745 ) ) ;
#1824 = DIRECTION ( 'NONE',  ( -1.000000000000000000, 0.000000000000000000, 0.000000000000000000 ) ) ;
#1825 = VECTOR ( 'NONE', #2538, 1000.000000000000000 ) ;
#1826 = ORIENTED_EDGE ( 'NONE', *, *, #6286, .F. ) ;
#1827 = AXIS2_PLACEMENT_3D ( 'NONE', #2071, #7177, #1556 ) ;
#1828 = CARTESIAN_POINT ( 'NONE',  ( 7.030438470952641516, -9.573214443583347943, 21.40359731999999937 ) ) ;
#1829 = ADVANCED_FACE ( 'NONE', ( #524 ), #6110, .T. ) ;
#1830 = CIRCLE ( 'NONE', #2417, 25.54999999999999005 ) ;
#1831 = DIRECTION ( 'NONE',  ( 1.000000000000000000, 0.000000000000000000, 0.000000000000000000 ) ) ;
#1832 = VECTOR ( 'NONE', #6216, 1000.000000000000000 ) ;
#1833 = DIRECTION ( 'NONE',  ( 0.000000000000000000, 0.000000000000000000, 1.000000000000000000 ) ) ;
#1834 = CARTESIAN_POINT ( 'NONE',  ( 42.34477099867147132, -12.51215245581865609, 21.99999800000000150 ) ) ;
#1835 = DIRECTION ( 'NONE',  ( 0.000000000000000000, 0.000000000000000000, -1.000000000000000000 ) ) ;
#1836 = CARTESIAN_POINT ( 'NONE',  ( 26.21849011171107335, 21.53784716418134693, 21.59999800000001002 ) ) ;
#1837 = DIRECTION ( 'NONE',  ( 1.000000000000000000, 0.000000000000000000, 0.000000000000000000 ) ) ;
#1838 = CARTESIAN_POINT ( 'NONE',  ( 45.94148988936080968, -16.17526323817044442, 8.999997999999999720 ) ) ;
#1839 = DIRECTION ( 'NONE',  ( 0.000000000000000000, 0.000000000000000000, 1.000000000000000000 ) ) ;
#1840 = CARTESIAN_POINT ( 'NONE',  ( 10.23043847095200576, -9.573214443583347943, 31.63375372154084175 ) ) ;
#1841 = CARTESIAN_POINT ( 'NONE',  ( 17.87849142309807249, -1.524148547166637613, 22.99999799999999084 ) ) ;
#1842 = DIRECTION ( 'NONE',  ( 1.000000000000000000, 0.000000000000000000, 0.000000000000000000 ) ) ;
#1843 = ORIENTED_EDGE ( 'NONE', *, *, #7096, .T. ) ;
#1844 = EDGE_CURVE ( 'NONE', #6312, #6411, #4707, .T. ) ;
#1845 = DIRECTION ( 'NONE',  ( 0.000000000000000000, 0.000000000000000000, -1.000000000000000000 ) ) ;
#1846 = EDGE_CURVE ( 'NONE', #1966, #5221, #7279, .T. ) ;
#1847 = CYLINDRICAL_SURFACE ( 'NONE', #7228, 1.000000000000000888 ) ;
#1848 = FACE_OUTER_BOUND ( 'NONE', #3265, .T. ) ;
#1849 = ORIENTED_EDGE ( 'NONE', *, *, #1681, .T. ) ;
#1850 = ORIENTED_EDGE ( 'NONE', *, *, #2750, .F. ) ;
#1851 = CARTESIAN_POINT ( 'NONE',  ( 9.129233762251150353, 7.426722893499330347, 21.40359731999999937 ) ) ;
#1852 = ADVANCED_FACE ( 'NONE', ( #1105 ), #5591, .F. ) ;
#1853 = EDGE_CURVE ( 'NONE', #4114, #7286, #3428, .T. ) ;
#1854 = CIRCLE ( 'NONE', #1502, 25.74999999999999645 ) ;
#1855 = EDGE_CURVE ( 'NONE', #6144, #2329, #973, .T. ) ;
#1856 = ORIENTED_EDGE ( 'NONE', *, *, #2902, .T. ) ;
#1857 = CARTESIAN_POINT ( 'NONE',  ( 23.82091750119840157, 24.13399757281490565, 22.99476453162845857 ) ) ;
#1858 = DIRECTION ( 'NONE',  ( 0.000000000000000000, 0.000000000000000000, 1.000000000000000000 ) ) ;
#1859 = CIRCLE ( 'NONE', #6816, 0.6499999967711291848 ) ;
#1860 = ORIENTED_EDGE ( 'NONE', *, *, #4995, .F. ) ;
#1861 = CARTESIAN_POINT ( 'NONE',  ( 38.89477099867147558, 9.487847544181342130, 22.99999799999999794 ) ) ;
#1862 = AXIS2_PLACEMENT_3D ( 'NONE', #6130, #3942, #68 ) ;
#1863 = DIRECTION ( 'NONE',  ( 1.000000000000000000, 6.672013402284749539E-16, 0.000000000000000000 ) ) ;
#1864 = AXIS2_PLACEMENT_3D ( 'NONE', #5563, #427, #4830 ) ;
#1865 = CARTESIAN_POINT ( 'NONE',  ( 36.98149282690607720, -4.623571175818640633, 19.20359732000000008 ) ) ;
#1866 = LINE ( 'NONE', #759, #6068 ) ;
#1867 = FACE_OUTER_BOUND ( 'NONE', #6885, .T. ) ;
#1868 = CARTESIAN_POINT ( 'NONE',  ( 35.98149282690607009, 6.065850720411352981, 19.20359732000000008 ) ) ;
#1869 = AXIS2_PLACEMENT_3D ( 'NONE', #177, #3010, #2909 ) ;
#1870 = CARTESIAN_POINT ( 'NONE',  ( 23.76123502285469158, -27.15679749193066073, 23.01532005519271706 ) ) ;
#1871 = EDGE_CURVE ( 'NONE', #6026, #2003, #5072, .T. ) ;
#1872 = CARTESIAN_POINT ( 'NONE',  ( 15.84674818352332970, 14.14423731477149815, 21.96359842000000029 ) ) ;
#1873 = PLANE ( 'NONE',  #2991 ) ;
#1874 = CARTESIAN_POINT ( 'NONE',  ( 24.69849011171107378, -1.512152455818657204, 22.99999800000000860 ) ) ;
#1875 = EDGE_LOOP ( 'NONE', ( #5409, #1452, #892, #3907 ) ) ;
#1876 = CARTESIAN_POINT ( 'NONE',  ( -1.051509888288917116, -1.512152455818657204, 22.99999799999999439 ) ) ;
#1877 = EDGE_CURVE ( 'NONE', #1418, #6451, #2878, .T. ) ;
#1878 = DIRECTION ( 'NONE',  ( 1.000000000000000000, 0.000000000000000000, 0.000000000000000000 ) ) ;
#1879 = ORIENTED_EDGE ( 'NONE', *, *, #4904, .T. ) ;
#1880 = LINE ( 'NONE', #4750, #6819 ) ;
#1881 = CARTESIAN_POINT ( 'NONE',  ( 25.10182350207930924, 24.23473594667154174, 22.77866260726806757 ) ) ;
#1882 = DIRECTION ( 'NONE',  ( 1.000000000000000000, 0.000000000000000000, 0.000000000000000000 ) ) ;
#1883 = VERTEX_POINT ( 'NONE', #2319 ) ;
#1884 = ORIENTED_EDGE ( 'NONE', *, *, #3814, .F. ) ;
#1885 = DIRECTION ( 'NONE',  ( 1.000000000000000000, 0.000000000000000000, 0.000000000000000000 ) ) ;
#1886 = CARTESIAN_POINT ( 'NONE',  ( 26.00559052442959285, 24.20472204322258492, 23.05529838595216319 ) ) ;
#1887 = DIRECTION ( 'NONE',  ( 0.000000000000000000, 0.000000000000000000, -1.000000000000000000 ) ) ;
#1888 = ORIENTED_EDGE ( 'NONE', *, *, #3803, .T. ) ;
#1889 = EDGE_CURVE ( 'NONE', #3070, #3484, #6758, .T. ) ;
#1890 = EDGE_CURVE ( 'NONE', #2620, #3377, #1768, .T. ) ;
#1891 = FACE_OUTER_BOUND ( 'NONE', #3946, .T. ) ;
#1892 = VECTOR ( 'NONE', #1013, 1000.000000000000000 ) ;
#1893 = CARTESIAN_POINT ( 'NONE',  ( 7.030438470952648622, -10.57321444358334794, 21.40359731999999937 ) ) ;
#1894 = LINE ( 'NONE', #6325, #1341 ) ;
#1896 = ORIENTED_EDGE ( 'NONE', *, *, #1855, .T. ) ;
#1895 = VECTOR ( 'NONE', #178, 1000.000000000000000 ) ;
#1897 = DIRECTION ( 'NONE',  ( 0.000000000000000000, 0.000000000000000000, 1.000000000000000000 ) ) ;
#1898 = DIRECTION ( 'NONE',  ( 0.000000000000000000, 0.000000000000000000, 1.000000000000000000 ) ) ;
#1899 = CARTESIAN_POINT ( 'NONE',  ( 18.02849441382006646, 3.675851452833363009, 21.40359731999999937 ) ) ;
#1900 = AXIS2_PLACEMENT_3D ( 'NONE', #3891, #4546, #6690 ) ;
#1901 = VECTOR ( 'NONE', #5902, 1000.000000000000000 ) ;
#1902 = ADVANCED_FACE ( 'NONE', ( #5138 ), #114, .F. ) ;
#1903 = DIRECTION ( 'NONE',  ( 0.000000000000000000, 0.000000000000000000, 1.000000000000000000 ) ) ;
#1904 = DIRECTION ( 'NONE',  ( 0.000000000000000000, 0.000000000000000000, 1.000000000000000000 ) ) ;
#1905 = CARTESIAN_POINT ( 'NONE',  ( 19.02849441382007711, 2.426849255568367614, 21.40359731999999937 ) ) ;
#1906 = CARTESIAN_POINT ( 'NONE',  ( 44.85549337622308030, 11.47584852314635206, 19.20359732000000008 ) ) ;
#1907 = CARTESIAN_POINT ( 'NONE',  ( 27.61849011171107193, 21.53784716418134693, 23.19999800000000079 ) ) ;
#1908 = DIRECTION ( 'NONE',  ( 0.000000000000000000, 0.000000000000000000, 1.000000000000000000 ) ) ;
#1909 = ORIENTED_EDGE ( 'NONE', *, *, #1138, .T. ) ;
#1910 = DIRECTION ( 'NONE',  ( 0.000000000000000000, 1.000000000000000000, 0.000000000000000000 ) ) ;
#1911 = EDGE_CURVE ( 'NONE', #6619, #850, #5800, .T. ) ;
#1912 = CARTESIAN_POINT ( 'NONE',  ( 25.20060568203548002, 24.23299893600866639, 22.79532957556199335 ) ) ;
#1913 = CARTESIAN_POINT ( 'NONE',  ( 36.94477099867147274, -12.51215245581865609, 23.19999800000000079 ) ) ;
#1914 = VERTEX_POINT ( 'NONE', #5320 ) ;
#1915 = FILL_AREA_STYLE ('',( #5891 ) ) ;
#1916 = ORIENTED_EDGE ( 'NONE', *, *, #5763, .T. ) ;
#1917 = VERTEX_POINT ( 'NONE', #1836 ) ;
#1918 = ORIENTED_EDGE ( 'NONE', *, *, #5556, .T. ) ;
#1919 = DIRECTION ( 'NONE',  ( -0.000000000000000000, -0.000000000000000000, -1.000000000000000000 ) ) ;
#1920 = EDGE_CURVE ( 'NONE', #5934, #2901, #3646, .T. ) ;
#1921 = CARTESIAN_POINT ( 'NONE',  ( 24.08882966172263096, 24.13954012671130656, 22.91655583633189153 ) ) ;
#1922 = CARTESIAN_POINT ( 'NONE',  ( 47.42690020190281786, -3.526045499983728515, 8.999997999999999720 ) ) ;
#1923 = VERTEX_POINT ( 'NONE', #1314 ) ;
#1924 = ORIENTED_EDGE ( 'NONE', *, *, #4587, .T. ) ;
#1925 = VECTOR ( 'NONE', #2881, 1000.000000000000000 ) ;
#1926 = VECTOR ( 'NONE', #2463, 1000.000000000000000 ) ;
#1927 = FACE_OUTER_BOUND ( 'NONE', #6397, .T. ) ;
#1928 = EDGE_LOOP ( 'NONE', ( #2038, #3677, #3597, #5968 ) ) ;
#1929 = ORIENTED_EDGE ( 'NONE', *, *, #968, .T. ) ;
#1930 = CARTESIAN_POINT ( 'NONE',  ( 27.09477099867147132, 9.487847544181342130, 23.19999800000000079 ) ) ;
#1931 = ADVANCED_FACE ( 'NONE', ( #1383 ), #2490, .F. ) ;
#1932 = VECTOR ( 'NONE', #2955, 1000.000000000000000 ) ;
#1933 = ADVANCED_FACE ( 'NONE', ( #218 ), #797, .F. ) ;
#1934 = DIRECTION ( 'NONE',  ( -0.000000000000000000, -0.000000000000000000, -1.000000000000000000 ) ) ;
#1935 = EDGE_LOOP ( 'NONE', ( #689, #580, #2412, #1594 ) ) ;
#1936 = LINE ( 'NONE', #872, #1483 ) ;
#1937 = DIRECTION ( 'NONE',  ( 1.000000000000000000, 0.000000000000000000, 0.000000000000000000 ) ) ;
#1938 = DIRECTION ( 'NONE',  ( 1.000000000000000000, 0.000000000000000000, 0.000000000000000000 ) ) ;
#1939 = VECTOR ( 'NONE', #1284, 1000.000000000000000 ) ;
#1940 = CIRCLE ( 'NONE', #4191, 0.6500000000000060174 ) ;
#1941 = EDGE_CURVE ( 'NONE', #5249, #2649, #3011, .T. ) ;
#1942 = CARTESIAN_POINT ( 'NONE',  ( 44.85549337622308030, -1.512152455818657204, 18.40359731999999937 ) ) ;
#1943 = EDGE_CURVE ( 'NONE', #6993, #5989, #255, .T. ) ;
#1944 = DIRECTION ( 'NONE',  ( 1.000000000000000000, 0.000000000000000000, 0.000000000000000000 ) ) ;
#1945 = DIRECTION ( 'NONE',  ( -0.000000000000000000, -0.000000000000000000, -1.000000000000000000 ) ) ;
#1946 = CARTESIAN_POINT ( 'NONE',  ( 21.66549410864508118, 0.6268492555683571332, 21.40359731999999937 ) ) ;
#1947 = ORIENTED_EDGE ( 'NONE', *, *, #5632, .F. ) ;
#1948 = CARTESIAN_POINT ( 'NONE',  ( 11.05349142309807675, -1.512152455818657204, 18.40359731999999937 ) ) ;
#1949 = DIRECTION ( 'NONE',  ( 0.000000000000000000, 0.000000000000000000, -1.000000000000000000 ) ) ;
#1950 = ORIENTED_EDGE ( 'NONE', *, *, #4100, .T. ) ;
#1951 = CARTESIAN_POINT ( 'NONE',  ( 20.07849142309808954, -1.524148547166637835, 23.19999800000000079 ) ) ;
#1952 = PRODUCT_DEFINITION_CONTEXT ( 'detailed design', #6575, 'design' ) ;
#1953 = CARTESIAN_POINT ( 'NONE',  ( 7.030438470952641516, -9.573214443583347943, 31.63375372154084175 ) ) ;
#1954 = ORIENTED_EDGE ( 'NONE', *, *, #5283, .T. ) ;
#1955 = LINE ( 'NONE', #5889, #6409 ) ;
#1956 = VERTEX_POINT ( 'NONE', #4742 ) ;
#1957 = VERTEX_POINT ( 'NONE', #4201 ) ;
#1958 = ORIENTED_EDGE ( 'NONE', *, *, #3944, .T. ) ;
#1959 = CARTESIAN_POINT ( 'NONE',  ( 40.59477099867147132, 9.487847544181342130, 23.19999800000000079 ) ) ;
#1960 = DIRECTION ( 'NONE',  ( 1.000000000000000000, 0.000000000000000000, 0.000000000000000000 ) ) ;
#1961 = CARTESIAN_POINT ( 'NONE',  ( 24.63831100644739891, 24.14448067165145773, 22.84242331369678070 ) ) ;
#1962 = CARTESIAN_POINT ( 'NONE',  ( 24.79464815947692458, -27.26216744685866544, 22.74842610863001013 ) ) ;
#1963 = ADVANCED_FACE ( 'NONE', ( #3607 ), #5875, .F. ) ;
#1964 = ORIENTED_EDGE ( 'NONE', *, *, #1721, .T. ) ;
#1965 = VERTEX_POINT ( 'NONE', #7007 ) ;
#1966 = VERTEX_POINT ( 'NONE', #2526 ) ;
#1967 = CARTESIAN_POINT ( 'NONE',  ( 25.81716235458052466, 24.12709038455214738, 23.08636222845601083 ) ) ;
#1968 = ORIENTED_EDGE ( 'NONE', *, *, #5312, .T. ) ;
#1969 = CARTESIAN_POINT ( 'NONE',  ( 24.69852675326963265, 0.5682299609923481265, 18.40359731999999937 ) ) ;
#1970 = VECTOR ( 'NONE', #1455, 1000.000000000000000 ) ;
#1971 = CARTESIAN_POINT ( 'NONE',  ( 24.81228615367229295, -27.26190667003958623, 22.75095649486765126 ) ) ;
#1972 = ORIENTED_EDGE ( 'NONE', *, *, #1890, .T. ) ;
#1973 = DIRECTION ( 'NONE',  ( 0.000000000000000000, 0.000000000000000000, 1.000000000000000000 ) ) ;
#1974 = DIRECTION ( 'NONE',  ( -1.462890879734001726E-19, 0.000000000000000000, 1.000000000000000000 ) ) ;
#1975 = FACE_OUTER_BOUND ( 'NONE', #4291, .T. ) ;
#1976 = VECTOR ( 'NONE', #5290, 1000.000000000000000 ) ;
#1977 = EDGE_CURVE ( 'NONE', #4568, #3723, #6928, .T. ) ;
#1978 = AXIS2_PLACEMENT_3D ( 'NONE', #6682, #3462, #1142 ) ;
#1979 = LINE ( 'NONE', #1350, #7216 ) ;
#1980 = CARTESIAN_POINT ( 'NONE',  ( 26.89477099867147203, -12.51215245581865609, 21.99999800000000150 ) ) ;
#1981 = FACE_OUTER_BOUND ( 'NONE', #976, .T. ) ;
#1982 = DIRECTION ( 'NONE',  ( -1.000000000000000000, 0.000000000000000000, 0.000000000000000000 ) ) ;
#1983 = ORIENTED_EDGE ( 'NONE', *, *, #1008, .F. ) ;
#1984 = DIRECTION ( 'NONE',  ( -5.421010862430005110E-16, 1.000000000000000000, 0.000000000000000000 ) ) ;
#1985 = AXIS2_PLACEMENT_3D ( 'NONE', #5104, #7243, #4967 ) ;
#1986 = CARTESIAN_POINT ( 'NONE',  ( 11.23043847095200576, 4.406785556417013971, 31.63375372154084175 ) ) ;
#1987 = EDGE_CURVE ( 'NONE', #6411, #3773, #3492, .T. ) ;
#1988 = ORIENTED_EDGE ( 'NONE', *, *, #242, .T. ) ;
#1989 = AXIS2_PLACEMENT_3D ( 'NONE', #2942, #3568, #1937 ) ;
#1990 = ORIENTED_EDGE ( 'NONE', *, *, #3486, .F. ) ;
#1991 = CARTESIAN_POINT ( 'NONE',  ( 44.29477099867147416, -1.512152455818657204, 21.99999800000000150 ) ) ;
#1992 = DIRECTION ( 'NONE',  ( -0.000000000000000000, -0.000000000000000000, 1.000000000000000000 ) ) ;
#1993 = CARTESIAN_POINT ( 'NONE',  ( 6.299298655982339845, 16.66208562381279279, 11.22457852691048430 ) ) ;
#1994 = ORIENTED_EDGE ( 'NONE', *, *, #2825, .T. ) ;
#1995 = ADVANCED_FACE ( 'NONE', ( #6434 ), #5203, .T. ) ;
#1996 = ORIENTED_EDGE ( 'NONE', *, *, #4434, .T. ) ;
#1997 = ORIENTED_EDGE ( 'NONE', *, *, #670, .F. ) ;
#1998 = DIRECTION ( 'NONE',  ( 0.7114425483935481465, -0.7027442638224048466, 0.000000000000000000 ) ) ;
#1999 = CIRCLE ( 'NONE', #3419, 0.9999999999999991118 ) ;
#2000 = LINE ( 'NONE', #4372, #3671 ) ;
#2001 = CARTESIAN_POINT ( 'NONE',  ( 9.630438470952455532, -8.063214443583346380, 22.99999800000000505 ) ) ;
#2002 = DIRECTION ( 'NONE',  ( 1.000000000000000000, 0.000000000000000000, 0.000000000000000000 ) ) ;
#2003 = VERTEX_POINT ( 'NONE', #6329 ) ;
#2004 = ORIENTED_EDGE ( 'NONE', *, *, #1249, .T. ) ;
#2005 = ORIENTED_EDGE ( 'NONE', *, *, #2165, .T. ) ;
#2006 = DIRECTION ( 'NONE',  ( 0.000000000000000000, 0.000000000000000000, -1.000000000000000000 ) ) ;
#2007 = ORIENTED_EDGE ( 'NONE', *, *, #6535, .T. ) ;
#2008 = ORIENTED_EDGE ( 'NONE', *, *, #1626, .T. ) ;
#2009 = ADVANCED_FACE ( 'NONE', ( #6369 ), #3046, .T. ) ;
#2010 = EDGE_CURVE ( 'NONE', #192, #4661, #4064, .T. ) ;
#2011 = CARTESIAN_POINT ( 'NONE',  ( 45.99477099867148411, -1.512152455818663865, 23.19999800000000079 ) ) ;
#2012 = EDGE_CURVE ( 'NONE', #7059, #980, #3536, .T. ) ;
#2013 = EDGE_CURVE ( 'NONE', #6737, #5087, #149, .T. ) ;
#2014 = AXIS2_PLACEMENT_3D ( 'NONE', #6612, #4290, #3823 ) ;
#2015 = CARTESIAN_POINT ( 'NONE',  ( 24.05995923136723391, -27.25425525063577936, 22.82436333535457607 ) ) ;
#2016 = ORIENTED_EDGE ( 'NONE', *, *, #3307, .F. ) ;
#2017 = LINE ( 'NONE', #1381, #2306 ) ;
#2018 = CARTESIAN_POINT ( 'NONE',  ( 19.02849441382007711, -1.512152455818657204, 21.40359731999999937 ) ) ;
#2019 = CIRCLE ( 'NONE', #2373, 0.6500000000000060174 ) ;
#2020 = FACE_OUTER_BOUND ( 'NONE', #6688, .T. ) ;
#2021 = DIRECTION ( 'NONE',  ( 1.000000000000000000, 0.000000000000000000, 0.000000000000000000 ) ) ;
#2022 = CIRCLE ( 'NONE', #2857, 1.000000000000000888 ) ;
#2023 = CARTESIAN_POINT ( 'NONE',  ( 31.20649282690607862, -4.623571175818640633, 19.20359732000000008 ) ) ;
#2024 = LINE ( 'NONE', #6517, #187 ) ;
#2025 = ORIENTED_EDGE ( 'NONE', *, *, #3317, .F. ) ;
#2026 = AXIS2_PLACEMENT_3D ( 'NONE', #2498, #6408, #3577 ) ;
#2027 = VECTOR ( 'NONE', #4015, 1000.000000000000000 ) ;
#2028 = CARTESIAN_POINT ( 'NONE',  ( 24.69849011171107378, 21.53784716418134693, 21.59999800000001002 ) ) ;
#2029 = DIRECTION ( 'NONE',  ( -0.000000000000000000, -0.000000000000000000, -1.000000000000000000 ) ) ;
#2030 = VECTOR ( 'NONE', #6708, 1000.000000000000000 ) ;
#2031 = CARTESIAN_POINT ( 'NONE',  ( 39.08049337622307462, 11.47584852314635206, 18.40359731999999937 ) ) ;
#2032 = DIRECTION ( 'NONE',  ( 0.000000000000000000, 0.000000000000000000, 1.000000000000000000 ) ) ;
#2033 = ORIENTED_EDGE ( 'NONE', *, *, #4955, .F. ) ;
#2034 = FACE_OUTER_BOUND ( 'NONE', #2205, .T. ) ;
#2035 = EDGE_CURVE ( 'NONE', #5690, #4729, #145, .T. ) ;
#2036 = ORIENTED_EDGE ( 'NONE', *, *, #2623, .F. ) ;
#2037 = EDGE_CURVE ( 'NONE', #4114, #6126, #5079, .T. ) ;
#2038 = ORIENTED_EDGE ( 'NONE', *, *, #6913, .F. ) ;
#2039 = EDGE_LOOP ( 'NONE', ( #173, #1826, #1661, #7039 ) ) ;
#2040 = DIRECTION ( 'NONE',  ( 1.000000000000000000, 0.000000000000000000, 0.000000000000000000 ) ) ;
#2041 = DIRECTION ( 'NONE',  ( 0.000000000000000000, 1.000000000000000000, 0.000000000000000000 ) ) ;
#2042 = VERTEX_POINT ( 'NONE', #2094 ) ;
#2043 = DIRECTION ( 'NONE',  ( 0.000000000000000000, 0.000000000000000000, -1.000000000000000000 ) ) ;
#2044 = DIRECTION ( 'NONE',  ( 0.000000000000000000, 0.000000000000000000, -1.000000000000000000 ) ) ;
#2045 = ORIENTED_EDGE ( 'NONE', *, *, #3001, .T. ) ;
#2046 = EDGE_CURVE ( 'NONE', #317, #6920, #444, .T. ) ;
#2047 = FACE_OUTER_BOUND ( 'NONE', #3305, .T. ) ;
#2048 = ORIENTED_EDGE ( 'NONE', *, *, #5738, .T. ) ;
#2049 = VERTEX_POINT ( 'NONE', #5362 ) ;
#2050 = DIRECTION ( 'NONE',  ( 0.000000000000000000, 0.000000000000000000, 1.000000000000000000 ) ) ;
#2051 = CARTESIAN_POINT ( 'NONE',  ( 23.57632477593404019, -27.23776399624872724, 22.97715272879426962 ) ) ;
#2052 = VERTEX_POINT ( 'NONE', #1501 ) ;
#2053 = CARTESIAN_POINT ( 'NONE',  ( 39.20749282690607629, -4.623571175818640633, 19.20359732000000008 ) ) ;
#2054 = CARTESIAN_POINT ( 'NONE',  ( 26.14477099867147203, 9.487847544181342130, 22.99999799999999794 ) ) ;
#2055 = DIRECTION ( 'NONE',  ( -0.000000000000000000, -0.000000000000000000, -1.000000000000000000 ) ) ;
#2056 = CARTESIAN_POINT ( 'NONE',  ( 18.87849142309807604, -1.524148547166637835, 22.99999799999999084 ) ) ;
#2057 = CONICAL_SURFACE ( 'NONE', #6172, 0.9999999999999991118, 0.7853981633974597143 ) ;
#2058 = PLANE ( 'NONE',  #300 ) ;
#2059 = CARTESIAN_POINT ( 'NONE',  ( 11.23043847095200753, -9.573214443583347943, 21.40359731999999937 ) ) ;
#2060 = ORIENTED_EDGE ( 'NONE', *, *, #6533, .F. ) ;
#2061 = VERTEX_POINT ( 'NONE', #409 ) ;
#2062 = VECTOR ( 'NONE', #1474, 1000.000000000000000 ) ;
#2063 = DIRECTION ( 'NONE',  ( -0.7071067811865414665, 0.000000000000000000, -0.7071067811865536790 ) ) ;
#2064 = VECTOR ( 'NONE', #3015, 1000.000000000000000 ) ;
#2065 = CARTESIAN_POINT ( 'NONE',  ( 20.86549410864508403, 1.426849255568359842, 19.20359732000000008 ) ) ;
#2066 = VECTOR ( 'NONE', #6296, 1000.000000000000000 ) ;
#2067 = LINE ( 'NONE', #7209, #2062 ) ;
#2068 = VECTOR ( 'NONE', #4159, 1000.000000000000000 ) ;
#2069 = DIRECTION ( 'NONE',  ( -1.000000000000000000, 0.000000000000000000, 0.000000000000000000 ) ) ;
#2070 = ORIENTED_EDGE ( 'NONE', *, *, #2782, .T. ) ;
#2071 = CARTESIAN_POINT ( 'NONE',  ( 21.62782457946374137, -4.620825445397462872, 11.22457852691048430 ) ) ;
#2072 = EDGE_LOOP ( 'NONE', ( #1669, #3798, #3447, #4326 ) ) ;
#2073 = VERTEX_POINT ( 'NONE', #478 ) ;
#2074 = ORIENTED_EDGE ( 'NONE', *, *, #4956, .T. ) ;
#2075 = DIRECTION ( 'NONE',  ( -0.000000000000000000, -0.000000000000000000, -1.000000000000000000 ) ) ;
#2076 = CIRCLE ( 'NONE', #3371, 1.000000000000000888 ) ;
#2077 = ORIENTED_EDGE ( 'NONE', *, *, #5900, .T. ) ;
#2078 = EDGE_CURVE ( 'NONE', #4880, #1430, #6260, .T. ) ;
#2079 = EDGE_CURVE ( 'NONE', #4578, #79, #990, .T. ) ;
#2080 = DIRECTION ( 'NONE',  ( 1.000000000000000000, 0.000000000000000000, 0.000000000000000000 ) ) ;
#2081 = FACE_BOUND ( 'NONE', #7244, .T. ) ;
#2082 = DIRECTION ( 'NONE',  ( -0.9999999998448929617, -1.761289572153559545E-05, 0.000000000000000000 ) ) ;
#2083 = ORIENTED_EDGE ( 'NONE', *, *, #1402, .F. ) ;
#2084 = ADVANCED_FACE ( 'NONE', ( #3840 ), #3126, .T. ) ;
#2085 = ORIENTED_EDGE ( 'NONE', *, *, #3234, .T. ) ;
#2086 = ORIENTED_EDGE ( 'NONE', *, *, #2690, .T. ) ;
#2087 = ADVANCED_FACE ( 'NONE', ( #2020 ), #2643, .F. ) ;
#2088 = PLANE ( 'NONE',  #7053 ) ;
#2089 = CARTESIAN_POINT ( 'NONE',  ( 17.50349142309806538, -1.524148547166637613, 21.40359731999999937 ) ) ;
#2090 = VECTOR ( 'NONE', #5026, 1000.000000000000000 ) ;
#2091 = EDGE_LOOP ( 'NONE', ( #6357, #894, #2847, #2298 ) ) ;
#2092 = CARTESIAN_POINT ( 'NONE',  ( 8.882623226170037967, 7.206785556416294369, 28.54200327493162348 ) ) ;
#2093 = DIRECTION ( 'NONE',  ( 0.000000000000000000, 0.000000000000000000, 1.000000000000000000 ) ) ;
#2094 = CARTESIAN_POINT ( 'NONE',  ( 7.030438470952728558, 2.686785556416294796, 21.40359731999999937 ) ) ;
#2095 = AXIS2_PLACEMENT_3D ( 'NONE', #7165, #445, #2096 ) ;
#2096 = DIRECTION ( 'NONE',  ( 1.000000000000000000, 0.000000000000000000, 0.000000000000000000 ) ) ;
#2097 = CARTESIAN_POINT ( 'NONE',  ( 24.69849011171107378, -24.56215207581864135, 21.59999800000001002 ) ) ;
#2098 = CYLINDRICAL_SURFACE ( 'NONE', #6420, 1.000000000000000888 ) ;
#2099 = ORIENTED_EDGE ( 'NONE', *, *, #2268, .T. ) ;
#2100 = AXIS2_PLACEMENT_3D ( 'NONE', #4094, #6393, #790 ) ;
#2101 = DIRECTION ( 'NONE',  ( -1.462890879734001726E-19, -1.610801296603465303E-20, 1.000000000000000000 ) ) ;
#2102 = LINE ( 'NONE', #7208, #4612 ) ;
#2103 = EDGE_CURVE ( 'NONE', #6424, #3755, #2737, .T. ) ;
#2104 = VECTOR ( 'NONE', #7257, 1000.000000000000000 ) ;
#2105 = DIRECTION ( 'NONE',  ( -1.000000000000000000, 0.000000000000000000, -0.000000000000000000 ) ) ;
#2106 = AXIS2_PLACEMENT_3D ( 'NONE', #1522, #7215, #2040 ) ;
#2107 = DIRECTION ( 'NONE',  ( -0.7071067811865472397, 0.7071067811865479058, 0.000000000000000000 ) ) ;
#2108 = ORIENTED_EDGE ( 'NONE', *, *, #6803, .F. ) ;
#2109 = DIRECTION ( 'NONE',  ( 1.694065894508986234E-16, -1.000000000000000000, 0.000000000000000000 ) ) ;
#2110 = ORIENTED_EDGE ( 'NONE', *, *, #5408, .T. ) ;
#2111 = EDGE_CURVE ( 'NONE', #3586, #5954, #3213, .T. ) ;
#2112 = DIRECTION ( 'NONE',  ( -1.000000000000000000, 0.000000000000000000, 0.000000000000000000 ) ) ;
#2113 = EDGE_LOOP ( 'NONE', ( #6207, #3926, #7036, #5351 ) ) ;
#2114 = DIRECTION ( 'NONE',  ( 0.000000000000000000, -1.000000000000000000, 0.000000000000000000 ) ) ;
#2115 = AXIS2_PLACEMENT_3D ( 'NONE', #5730, #6327, #4097 ) ;
#2116 = CARTESIAN_POINT ( 'NONE',  ( 47.42693201564350858, -0.08217035109631966316, 18.40359731999999937 ) ) ;
#2117 = ORIENTED_EDGE ( 'NONE', *, *, #6637, .F. ) ;
#2118 = CARTESIAN_POINT ( 'NONE',  ( 26.19187342476066149, 24.11243067574007881, 23.26440081364355805 ) ) ;
#2119 = CARTESIAN_POINT ( 'NONE',  ( 24.04895377022115355, -27.25400380554902569, 22.82675521525533213 ) ) ;
#2120 = ORIENTED_EDGE ( 'NONE', *, *, #1609, .T. ) ;
#2121 = ORIENTED_EDGE ( 'NONE', *, *, #2831, .T. ) ;
#2122 = ORIENTED_EDGE ( 'NONE', *, *, #1162, .F. ) ;
#2123 = CONICAL_SURFACE ( 'NONE', #1864, 0.7500000000000006661, 0.7853981633974396193 ) ;
#2124 = LINE ( 'NONE', #1534, #6211 ) ;
#2125 = CARTESIAN_POINT ( 'NONE',  ( 44.29477099867147416, -1.512152455818657204, 22.99999799999999794 ) ) ;
#2126 = CARTESIAN_POINT ( 'NONE',  ( 24.75866921697475220, -27.16878558328874504, 22.84242331369678425 ) ) ;
#2127 = ORIENTED_EDGE ( 'NONE', *, *, #5109, .T. ) ;
#2128 = ADVANCED_FACE ( 'NONE', ( #7088 ), #3802, .F. ) ;
#2129 = EDGE_CURVE ( 'NONE', #5055, #7152, #1791, .T. ) ;
#2130 = ORIENTED_EDGE ( 'NONE', *, *, #5952, .T. ) ;
#2131 = CARTESIAN_POINT ( 'NONE',  ( 1.970080021519344360, -3.526045499983887943, 18.40359731999999937 ) ) ;
#2132 = DIRECTION ( 'NONE',  ( 1.000000000000000000, 0.000000000000000000, 0.000000000000000000 ) ) ;
#2133 = ADVANCED_FACE ( 'NONE', ( #916 ), #7164, .F. ) ;
#2134 = LINE ( 'NONE', #6602, #6404 ) ;
#2135 = CIRCLE ( 'NONE', #5420, 1.000000000000000888 ) ;
#2136 = DIRECTION ( 'NONE',  ( 0.000000000000000000, 0.000000000000000000, 1.000000000000000000 ) ) ;
#2137 = ORIENTED_EDGE ( 'NONE', *, *, #1269, .F. ) ;
#2138 = CARTESIAN_POINT ( 'NONE',  ( 8.630438470952363161, 5.206785556416654082, 23.19999800000000079 ) ) ;
#2139 = FACE_OUTER_BOUND ( 'NONE', #4254, .T. ) ;
#2140 = CIRCLE ( 'NONE', #1426, 1.000000000000000888 ) ;
#2141 = FACE_OUTER_BOUND ( 'NONE', #364, .T. ) ;
#2142 = FACE_OUTER_BOUND ( 'NONE', #5679, .T. ) ;
#2143 = AXIS2_PLACEMENT_3D ( 'NONE', #4299, #4333, #5978 ) ;
#2144 = DIRECTION ( 'NONE',  ( 3.154042683594195121E-16, 1.000000000000000000, 0.000000000000000000 ) ) ;
#2145 = ORIENTED_EDGE ( 'NONE', *, *, #6808, .F. ) ;
#2146 = VERTEX_POINT ( 'NONE', #2131 ) ;
#2147 = DIRECTION ( 'NONE',  ( -0.000000000000000000, -0.000000000000000000, 1.000000000000000000 ) ) ;
#2148 = LINE ( 'NONE', #1562, #3766 ) ;
#2149 = ORIENTED_EDGE ( 'NONE', *, *, #3028, .T. ) ;
#2150 = CIRCLE ( 'NONE', #6748, 25.74999999999999645 ) ;
#2151 = DIRECTION ( 'NONE',  ( -1.000000000000000000, 0.000000000000000000, 0.000000000000000000 ) ) ;
#2152 = ADVANCED_FACE ( 'NONE', ( #3276 ), #6474, .F. ) ;
#2153 = AXIS2_PLACEMENT_3D ( 'NONE', #3598, #5269, #724 ) ;
#2154 = VERTEX_POINT ( 'NONE', #3163 ) ;
#2155 = CARTESIAN_POINT ( 'NONE',  ( 20.02849441382007711, 2.426849255568360508, 21.40359731999999937 ) ) ;
#2156 = CARTESIAN_POINT ( 'NONE',  ( 13.13958744084995800, 9.315756228538482731, 21.40359731999999937 ) ) ;
#2157 = VERTEX_POINT ( 'NONE', #4346 ) ;
#2158 = ORIENTED_EDGE ( 'NONE', *, *, #6078, .T. ) ;
#2159 = CARTESIAN_POINT ( 'NONE',  ( 3.565793776249551961, 13.20082296022724577, 96.03199646221435160 ) ) ;
#2160 = DIRECTION ( 'NONE',  ( 1.000000000000000000, 0.000000000000000000, 0.000000000000000000 ) ) ;
#2161 = CARTESIAN_POINT ( 'NONE',  ( 24.53111999910093388, -27.16846325514647731, 22.84740557447107179 ) ) ;
#2162 = ORIENTED_EDGE ( 'NONE', *, *, #4904, .F. ) ;
#2163 = CARTESIAN_POINT ( 'NONE',  ( 36.19477099867147274, 9.487847544181342130, 22.99999799999999794 ) ) ;
#2164 = CARTESIAN_POINT ( 'NONE',  ( 31.54477099867147061, 9.487847544181342130, 22.99999799999999794 ) ) ;
#2165 = EDGE_CURVE ( 'NONE', #1296, #6281, #5506, .T. ) ;
#2166 = LINE ( 'NONE', #2606, #5022 ) ;
#2167 = EDGE_CURVE ( 'NONE', #4578, #197, #6864, .T. ) ;
#2168 = AXIS2_PLACEMENT_3D ( 'NONE', #6640, #2278, #3843 ) ;
#2169 = LINE ( 'NONE', #6752, #66 ) ;
#2170 = CARTESIAN_POINT ( 'NONE',  ( 25.08136927199258892, 24.14306037933110716, 22.86492054294177478 ) ) ;
#2171 = ORIENTED_EDGE ( 'NONE', *, *, #3520, .F. ) ;
#2172 = EDGE_LOOP ( 'NONE', ( #6812, #6195, #5417, #2282 ) ) ;
#2173 = DIRECTION ( 'NONE',  ( -1.577021341797097560E-16, -1.000000000000000000, 0.000000000000000000 ) ) ;
#2174 = ADVANCED_FACE ( 'NONE', ( #1975 ), #4509, .F. ) ;
#2175 = DIRECTION ( 'NONE',  ( 1.000000000000000000, 0.000000000000000000, 0.000000000000000000 ) ) ;
#2176 = VECTOR ( 'NONE', #5273, 1000.000000000000000 ) ;
#2177 = PLANE ( 'NONE',  #1600 ) ;
#2178 = AXIS2_PLACEMENT_3D ( 'NONE', #4894, #4503, #1657 ) ;
#2179 = LINE ( 'NONE', #3887, #2670 ) ;
#2180 = DIRECTION ( 'NONE',  ( 0.000000000000000000, 0.000000000000000000, -1.000000000000000000 ) ) ;
#2181 = ORIENTED_EDGE ( 'NONE', *, *, #1269, .T. ) ;
#2182 = ORIENTED_EDGE ( 'NONE', *, *, #2262, .F. ) ;
#2183 = CARTESIAN_POINT ( 'NONE',  ( 6.299298655982339845, 16.66208562381279279, 21.96359842000000029 ) ) ;
#2184 = CARTESIAN_POINT ( 'NONE',  ( 29.59477099867147132, -1.512152455818658092, 21.99999800000000150 ) ) ;
#2185 = EDGE_LOOP ( 'NONE', ( #4927, #4898, #3236, #5707 ) ) ;
#2186 = CIRCLE ( 'NONE', #5588, 1.580000000000001625 ) ;
#2187 = AXIS2_PLACEMENT_3D ( 'NONE', #2496, #4607, #4746 ) ;
#2188 = DIRECTION ( 'NONE',  ( 1.462890879734001726E-19, 1.610801296603465303E-20, -1.000000000000000000 ) ) ;
#2189 = ORIENTED_EDGE ( 'NONE', *, *, #2012, .T. ) ;
#2190 = CARTESIAN_POINT ( 'NONE',  ( 24.69849011171107378, 21.53784716418134693, 96.03199646221435160 ) ) ;
#2191 = CARTESIAN_POINT ( 'NONE',  ( 45.79477099867147416, 9.487847544181342130, 21.99999800000000150 ) ) ;
#2192 = ORIENTED_EDGE ( 'NONE', *, *, #2395, .F. ) ;
#2193 = AXIS2_PLACEMENT_3D ( 'NONE', #1834, #6926, #664 ) ;
#2194 = ORIENTED_EDGE ( 'NONE', *, *, #1225, .T. ) ;
#2195 = ADVANCED_FACE ( 'NONE', ( #1758 ), #5691, .F. ) ;
#2196 = CARTESIAN_POINT ( 'NONE',  ( 25.36976179458464031, 24.22911716800139459, 22.83225628634664517 ) ) ;
#2197 = DIRECTION ( 'NONE',  ( -0.000000000000000000, -0.000000000000000000, 1.000000000000000000 ) ) ;
#2198 = CARTESIAN_POINT ( 'NONE',  ( 24.80787251379795677, -27.16866490642787113, 22.84428982820017495 ) ) ;
#2199 = ORIENTED_EDGE ( 'NONE', *, *, #1943, .F. ) ;
#2200 = DIRECTION ( 'NONE',  ( -0.000000000000000000, -0.000000000000000000, 1.000000000000000000 ) ) ;
#2201 = DIRECTION ( 'NONE',  ( 0.000000000000000000, 0.000000000000000000, 1.000000000000000000 ) ) ;
#2202 = CARTESIAN_POINT ( 'NONE',  ( 45.04477099867147416, 9.487847544181342130, 23.19999800000000079 ) ) ;
#2203 = DIRECTION ( 'NONE',  ( -0.000000000000000000, -0.000000000000000000, -1.000000000000000000 ) ) ;
#2204 = CARTESIAN_POINT ( 'NONE',  ( 11.43043847095200505, 7.323764546165906886, 18.40359731999999937 ) ) ;
#2205 = EDGE_LOOP ( 'NONE', ( #5925, #1497, #3896, #4167 ) ) ;
#2206 = ORIENTED_EDGE ( 'NONE', *, *, #3263, .T. ) ;
#2207 = CARTESIAN_POINT ( 'NONE',  ( 26.28621100701930047, -27.01277288667486687, 23.19999800000000079 ) ) ;
#2208 = EDGE_CURVE ( 'NONE', #326, #3723, #2311, .T. ) ;
#2209 = DIRECTION ( 'NONE',  ( 0.000000000000000000, 0.000000000000000000, -1.000000000000000000 ) ) ;
#2210 = CIRCLE ( 'NONE', #6924, 0.9999999999999991118 ) ;
#2211 = DIRECTION ( 'NONE',  ( -0.000000000000000000, -0.000000000000000000, -1.000000000000000000 ) ) ;
#2212 = CIRCLE ( 'NONE', #2100, 0.2000000000000005107 ) ;
#2213 = DIRECTION ( 'NONE',  ( 0.000000000000000000, -1.000000000000000000, 0.000000000000000000 ) ) ;
#2214 = FACE_OUTER_BOUND ( 'NONE', #2506, .T. ) ;
#2215 = ORIENTED_EDGE ( 'NONE', *, *, #50, .F. ) ;
#2216 = ORIENTED_EDGE ( 'NONE', *, *, #7005, .F. ) ;
#2217 = CARTESIAN_POINT ( 'NONE',  ( 8.630438470952455532, -8.063214443583346380, 22.99999800000000505 ) ) ;
#2218 = ADVANCED_FACE ( 'NONE', ( #1203 ), #1317, .F. ) ;
#2219 = EDGE_CURVE ( 'NONE', #5017, #2345, #624, .T. ) ;
#2220 = DIRECTION ( 'NONE',  ( -0.000000000000000000, -0.000000000000000000, 1.000000000000000000 ) ) ;
#2221 = AXIS2_PLACEMENT_3D ( 'NONE', #2190, #579, #3897 ) ;
#2222 = LINE ( 'NONE', #6121, #4262 ) ;
#2223 = ORIENTED_EDGE ( 'NONE', *, *, #1629, .F. ) ;
#2224 = CARTESIAN_POINT ( 'NONE',  ( 12.05349142309807497, 2.675851452833362565, 21.40359731999999937 ) ) ;
#2225 = EDGE_CURVE ( 'NONE', #1367, #5478, #7306, .T. ) ;
#2226 = VERTEX_POINT ( 'NONE', #7271 ) ;
#2227 = CARTESIAN_POINT ( 'NONE',  ( 40.59477099867147132, -12.51215245581865609, 23.19999800000000079 ) ) ;
#2228 = AXIS2_PLACEMENT_3D ( 'NONE', #3020, #4715, #5214 ) ;
#2229 = EDGE_LOOP ( 'NONE', ( #2256, #1165, #2931, #1104, #1843, #1190, #6428, #4998 ) ) ;
#2230 = VECTOR ( 'NONE', #3162, 1000.000000000000000 ) ;
#2231 = ADVANCED_FACE ( 'NONE', ( #3949 ), #4960, .F. ) ;
#2232 = VERTEX_POINT ( 'NONE', #6747 ) ;
#2233 = FACE_OUTER_BOUND ( 'NONE', #5455, .T. ) ;
#2234 = CARTESIAN_POINT ( 'NONE',  ( 10.18989393403097843, 8.487383065279145100, 21.40359731999999937 ) ) ;
#2235 = CARTESIAN_POINT ( 'NONE',  ( 25.77721217040100044, -27.15273280220497654, 23.06929528392426576 ) ) ;
#2236 = ORIENTED_EDGE ( 'NONE', *, *, #2111, .T. ) ;
#2237 = LINE ( 'NONE', #6746, #6797 ) ;
#2238 = DIRECTION ( 'NONE',  ( -3.154042683594195121E-16, -1.000000000000000000, 0.000000000000000000 ) ) ;
#2239 = EDGE_CURVE ( 'NONE', #130, #6672, #5430, .T. ) ;
#2240 = AXIS2_PLACEMENT_3D ( 'NONE', #18, #4580, #1257 ) ;
#2241 = DIRECTION ( 'NONE',  ( 0.000000000000000000, 0.000000000000000000, 1.000000000000000000 ) ) ;
#2242 = ADVANCED_FACE ( 'NONE', ( #7235 ), #5782, .F. ) ;
#2243 = CARTESIAN_POINT ( 'NONE',  ( 41.59477099867147132, 9.487847544181342130, 21.99999800000000150 ) ) ;
#2244 = CARTESIAN_POINT ( 'NONE',  ( 25.63574520061034079, 24.13249258029491884, 23.01532005521103486 ) ) ;
#2245 = ORIENTED_EDGE ( 'NONE', *, *, #5952, .F. ) ;
#2246 = CARTESIAN_POINT ( 'NONE',  ( -0.9246057082889275192, 12.22185072041135889, 19.20359732000000008 ) ) ;
#2247 = EDGE_LOOP ( 'NONE', ( #6272, #6043, #6850, #2260 ) ) ;
#2248 = DIRECTION ( 'NONE',  ( 1.000000000000000000, 0.000000000000000000, 0.000000000000000000 ) ) ;
#2249 = LINE ( 'NONE', #3921, #305 ) ;
#2250 = CARTESIAN_POINT ( 'NONE',  ( 24.69849011171107378, 3.406785556417015748, 31.63375372154084175 ) ) ;
#2251 = CARTESIAN_POINT ( 'NONE',  ( 37.89477099867147558, -1.512152455818661423, 23.19999800000000079 ) ) ;
#2252 = VERTEX_POINT ( 'NONE', #516 ) ;
#2253 = ORIENTED_EDGE ( 'NONE', *, *, #4246, .F. ) ;
#2254 = FACE_OUTER_BOUND ( 'NONE', #4550, .T. ) ;
#2255 = DIRECTION ( 'NONE',  ( 0.000000000000000000, 0.000000000000000000, -1.000000000000000000 ) ) ;
#2256 = ORIENTED_EDGE ( 'NONE', *, *, #5724, .T. ) ;
#2257 = VECTOR ( 'NONE', #3648, 1000.000000000000000 ) ;
#2258 = ORIENTED_EDGE ( 'NONE', *, *, #2915, .T. ) ;
#2259 = EDGE_CURVE ( 'NONE', #449, #3659, #2486, .T. ) ;
#2260 = ORIENTED_EDGE ( 'NONE', *, *, #4709, .F. ) ;
#2261 = DIRECTION ( 'NONE',  ( 1.000000000000000000, 0.000000000000000000, 0.000000000000000000 ) ) ;
#2262 = EDGE_CURVE ( 'NONE', #803, #6379, #1689, .T. ) ;
#2263 = CARTESIAN_POINT ( 'NONE',  ( 43.09477099867147132, -12.51215245581865609, 21.99999800000000150 ) ) ;
#2264 = VECTOR ( 'NONE', #6521, 1000.000000000000000 ) ;
#2265 = ORIENTED_EDGE ( 'NONE', *, *, #1544, .T. ) ;
#2266 = DIRECTION ( 'NONE',  ( -0.000000000000000000, -0.000000000000000000, 1.000000000000000000 ) ) ;
#2267 = AXIS2_PLACEMENT_3D ( 'NONE', #225, #264, #1256 ) ;
#2268 = EDGE_CURVE ( 'NONE', #1914, #1265, #1135, .T. ) ;
#2269 = EDGE_CURVE ( 'NONE', #780, #2707, #3560, .T. ) ;
#2270 = AXIS2_PLACEMENT_3D ( 'NONE', #4237, #5396, #6029 ) ;
#2271 = EDGE_CURVE ( 'NONE', #3195, #4017, #6784, .T. ) ;
#2272 = PLANE ( 'NONE',  #2680 ) ;
#2273 = CYLINDRICAL_SURFACE ( 'NONE', #5298, 0.9999999999999974465 ) ;
#2274 = ORIENTED_EDGE ( 'NONE', *, *, #7017, .T. ) ;
#2275 = DIRECTION ( 'NONE',  ( -5.421010862430005110E-16, 1.000000000000000000, 0.000000000000000000 ) ) ;
#2276 = CARTESIAN_POINT ( 'NONE',  ( 45.04477099867147416, -12.51215245581865609, 22.99999799999999794 ) ) ;
#2277 = DIRECTION ( 'NONE',  ( -0.000000000000000000, -0.000000000000000000, 1.000000000000000000 ) ) ;
#2278 = DIRECTION ( 'NONE',  ( 0.000000000000000000, 0.000000000000000000, 1.000000000000000000 ) ) ;
#2279 = CARTESIAN_POINT ( 'NONE',  ( 21.66549410864507053, -3.167150744431641129, 21.40359731999999937 ) ) ;
#2280 = ORIENTED_EDGE ( 'NONE', *, *, #2330, .F. ) ;
#2281 = FACE_OUTER_BOUND ( 'NONE', #2358, .T. ) ;
#2282 = ORIENTED_EDGE ( 'NONE', *, *, #422, .F. ) ;
#2283 = ORIENTED_EDGE ( 'NONE', *, *, #470, .F. ) ;
#2284 = LINE ( 'NONE', #3316, #5660 ) ;
#2285 = EDGE_CURVE ( 'NONE', #197, #6763, #36, .T. ) ;
#2286 = PLANE ( 'NONE',  #542 ) ;
#2287 = LINE ( 'NONE', #1624, #5604 ) ;
#2288 = DIRECTION ( 'NONE',  ( 0.000000000000000000, 0.000000000000000000, -1.000000000000000000 ) ) ;
#2289 = ORIENTED_EDGE ( 'NONE', *, *, #2103, .F. ) ;
#2290 = VERTEX_POINT ( 'NONE', #6137 ) ;
#2291 = FACE_OUTER_BOUND ( 'NONE', #871, .T. ) ;
#2292 = VECTOR ( 'NONE', #992, 1000.000000000000000 ) ;
#2293 = DIRECTION ( 'NONE',  ( 1.000000000000000000, 0.000000000000000000, 0.000000000000000000 ) ) ;
#2294 = VERTEX_POINT ( 'NONE', #1723 ) ;
#2295 = VERTEX_POINT ( 'NONE', #3308 ) ;
#2296 = DIRECTION ( 'NONE',  ( 0.000000000000000000, 0.000000000000000000, -1.000000000000000000 ) ) ;
#2297 = LINE ( 'NONE', #5714, #5671 ) ;
#2298 = ORIENTED_EDGE ( 'NONE', *, *, #4681, .T. ) ;
#2299 = FACE_OUTER_BOUND ( 'NONE', #4108, .T. ) ;
#2300 = AXIS2_PLACEMENT_3D ( 'NONE', #1838, #1319, #153 ) ;
#2301 = EDGE_CURVE ( 'NONE', #3781, #4901, #5545, .T. ) ;
#2302 = VECTOR ( 'NONE', #3321, 1000.000000000000000 ) ;
#2303 = EDGE_CURVE ( 'NONE', #1058, #3378, #3981, .T. ) ;
#2304 = CARTESIAN_POINT ( 'NONE',  ( 2.620036568811126010, -1.512541410634933747, 3.500841111824923857 ) ) ;
#2305 = DIRECTION ( 'NONE',  ( 0.000000000000000000, 1.000000000000000000, 0.000000000000000000 ) ) ;
#2306 = VECTOR ( 'NONE', #334, 1000.000000000000000 ) ;
#2307 = ORIENTED_EDGE ( 'NONE', *, *, #565, .F. ) ;
#2308 = ORIENTED_EDGE ( 'NONE', *, *, #4823, .F. ) ;
#2309 = EDGE_CURVE ( 'NONE', #5881, #2052, #625, .T. ) ;
#2310 = EDGE_CURVE ( 'NONE', #5353, #5123, #73, .T. ) ;
#2311 = LINE ( 'NONE', #1648, #4846 ) ;
#2312 = VECTOR ( 'NONE', #2200, 1000.000000000000000 ) ;
#2313 = DIRECTION ( 'NONE',  ( 1.000000000000000000, 0.000000000000000000, -0.000000000000000000 ) ) ;
#2314 = DIRECTION ( 'NONE',  ( -0.7071067811865473507, 0.7071067811865477948, 0.000000000000000000 ) ) ;
#2315 = DIRECTION ( 'NONE',  ( -1.000000000000000000, 0.000000000000000000, -0.000000000000000000 ) ) ;
#2316 = VERTEX_POINT ( 'NONE', #5196 ) ;
#2317 = PLANE ( 'NONE',  #2927 ) ;
#2318 = VERTEX_POINT ( 'NONE', #3530 ) ;
#2319 = CARTESIAN_POINT ( 'NONE',  ( 40.08049337622308173, 6.319848523146355923, 19.20359732000000008 ) ) ;
#2320 = EDGE_CURVE ( 'NONE', #5564, #3484, #5232, .T. ) ;
#2321 = B_SPLINE_CURVE_WITH_KNOTS ( 'NONE', 3,
 ( #6323, #788, #4631, #3002 ),
 .UNSPECIFIED., .F., .F.,
 ( 4, 4 ),
 ( 0.000000000000000000, 1.000000000000000000 ),
 .UNSPECIFIED. ) ;
#2322 = FACE_OUTER_BOUND ( 'NONE', #3747, .T. ) ;
#2323 = DIRECTION ( 'NONE',  ( 1.000000000000000000, 0.000000000000000000, 0.000000000000000000 ) ) ;
#2324 = CARTESIAN_POINT ( 'NONE',  ( 39.08049337622307462, 7.319848523146356811, 18.40359731999999937 ) ) ;
#2325 = EDGE_LOOP ( 'NONE', ( #5792, #6106, #1390, #7232 ) ) ;
#2326 = AXIS2_PLACEMENT_3D ( 'NONE', #1136, #1207, #661 ) ;
#2327 = CARTESIAN_POINT ( 'NONE',  ( 47.42690020190281786, -3.526045499983728071, 18.40359731999999937 ) ) ;
#2328 = PLANE ( 'NONE',  #4690 ) ;
#2329 = VERTEX_POINT ( 'NONE', #6997 ) ;
#2330 = EDGE_CURVE ( 'NONE', #442, #1090, #3561, .T. ) ;
#2331 = EDGE_CURVE ( 'NONE', #4731, #1430, #4154, .T. ) ;
#2332 = VECTOR ( 'NONE', #7083, 1000.000000000000000 ) ;
#2333 = ORIENTED_EDGE ( 'NONE', *, *, #4116, .F. ) ;
#2334 = PLANE ( 'NONE',  #3630 ) ;
#2335 = B_SPLINE_SURFACE_WITH_KNOTS ( 'NONE', 1, 3, ( 
 ( #546, #1642, #6848, #101, #5127, #1751, #1161, #6700, #5092, #1230, #3337, #5721, #3374, #2898, #4486, #5651, #6814, #6740, #30, #1785, #4052, #1682, #1091, #2928, #3413, #6279, #5056, #4014, #5688, #1126, #6242, #5613, #2342, #2823, #655, #686, #2196, #243, #6953, #4120, #5227, #4727, #2508, #784, #5861, #1368, #4693, #5901, #1886, #4147, #6388, #6990 ),
 ( #4759, #2995, #2443, #6421, #2376, #1334, #2408, #820, #6917, #3591, #1857, #205, #2476, #5825, #6351, #3032, #1921, #7033, #5265, #3067, #3628, #4185, #858, #5302, #281, #1961, #4223, #6456, #1270, #1410, #3669, #5156, #4625, #6883, #3555, #134, #3522, #1823, #719, #4087, #6319, #5192, #5751, #2962, #4657, #166, #1298, #5790, #750, #4834, #6580, #2118 ) ),
 .UNSPECIFIED., .F., .F., .F.,
 ( 2, 2 ),
 ( 4, 2, 2, 2, 2, 2, 2, 2, 2, 2, 2, 2, 2, 2, 2, 2, 2, 2, 2, 2, 2, 2, 2, 2, 2, 4 ),
 ( 0.000000000000000000, 1.000000000000000000 ),
 ( 0.005614304954052698471, 0.005813898825696211560, 0.006013492697339724649, 0.006213086568983237738, 0.006262985036894116661, 0.006312883504804994717, 0.006412680440626750827, 0.006512477376448506938, 0.006612274312270263917, 0.006811868183913777006, 0.007011462055557290962, 0.007061360523468169018, 0.007111258991379047073, 0.007211055927200804051, 0.007310852863022561030, 0.007410649798844317140, 0.007610243670487831097, 0.007809837542131344186, 0.007909634477953101164, 0.008009431413774857275, 0.008109228349596615121, 0.008159126817507493176, 0.008209025285418371232, 0.008408619157061883453, 0.008608213028705395675, 0.008807806900348909632 ),
 .UNSPECIFIED. ) ;
#2336 = EDGE_CURVE ( 'NONE', #4652, #1481, #5667, .T. ) ;
#2337 = DIRECTION ( 'NONE',  ( -0.000000000000000000, -0.000000000000000000, 1.000000000000000000 ) ) ;
#2338 = ORIENTED_EDGE ( 'NONE', *, *, #2896, .F. ) ;
#2339 = CARTESIAN_POINT ( 'NONE',  ( 44.85549282690607242, -9.733150561326645800, 19.20359732000000008 ) ) ;
#2340 = AXIS2_PLACEMENT_3D ( 'NONE', #3904, #2785, #3487 ) ;
#2341 = EDGE_LOOP ( 'NONE', ( #794, #5297, #2487, #1157 ) ) ;
#2342 = CARTESIAN_POINT ( 'NONE',  ( 25.03989764256731121, 24.23566963552508469, 22.76967001884094444 ) ) ;
#2343 = VECTOR ( 'NONE', #1910, 1000.000000000000000 ) ;
#2344 = DIRECTION ( 'NONE',  ( -3.154042683594195121E-16, -1.000000000000000000, 0.000000000000000000 ) ) ;
#2345 = VERTEX_POINT ( 'NONE', #1861 ) ;
#2346 = AXIS2_PLACEMENT_3D ( 'NONE', #2919, #5009, #610 ) ;
#2347 = ORIENTED_EDGE ( 'NONE', *, *, #4861, .F. ) ;
#2348 = CIRCLE ( 'NONE', #1985, 1.000000000000000888 ) ;
#2349 = FACE_OUTER_BOUND ( 'NONE', #4300, .T. ) ;
#2350 = AXIS2_PLACEMENT_3D ( 'NONE', #3201, #2641, #5015 ) ;
#2351 = DIRECTION ( 'NONE',  ( 0.000000000000000000, 0.000000000000000000, 1.000000000000000000 ) ) ;
#2352 = EDGE_CURVE ( 'NONE', #5047, #6116, #5830, .T. ) ;
#2353 = EDGE_CURVE ( 'NONE', #4459, #3378, #2492, .T. ) ;
#2354 = LINE ( 'NONE', #4701, #6891 ) ;
#2355 = CARTESIAN_POINT ( 'NONE',  ( 6.030438470952720564, 4.406785556417021077, 18.40359731999999937 ) ) ;
#2356 = VERTEX_POINT ( 'NONE', #3635 ) ;
#2357 = CARTESIAN_POINT ( 'NONE',  ( 31.33349227759007505, -9.733150561326645800, 18.40359731999999937 ) ) ;
#2358 = EDGE_LOOP ( 'NONE', ( #351, #5040, #2556, #1336 ) ) ;
#2359 = CARTESIAN_POINT ( 'NONE',  ( 40.20749282690607629, -14.01615056132663995, 19.20359732000000008 ) ) ;
#2360 = CARTESIAN_POINT ( 'NONE',  ( 41.59477099867147132, -12.51215245581865609, 21.99999800000000150 ) ) ;
#2361 = CARTESIAN_POINT ( 'NONE',  ( 2.620011369846676264, -0.08215890177742912748, 8.999997999999999720 ) ) ;
#2362 = DIRECTION ( 'NONE',  ( 1.000000000000000000, 0.000000000000000000, 0.000000000000000000 ) ) ;
#2363 = LINE ( 'NONE', #1806, #4994 ) ;
#2364 = CARTESIAN_POINT ( 'NONE',  ( 12.06945472834534883, -6.819414077215271597, 21.40359731999999937 ) ) ;
#2365 = CARTESIAN_POINT ( 'NONE',  ( 29.59477099867147132, -1.512152455818658092, 21.99999800000000150 ) ) ;
#2366 = ORIENTED_EDGE ( 'NONE', *, *, #488, .T. ) ;
#2367 = ORIENTED_EDGE ( 'NONE', *, *, #763, .F. ) ;
#2368 = LINE ( 'NONE', #4718, #2343 ) ;
#2369 = CARTESIAN_POINT ( 'NONE',  ( 36.19477099867147274, 9.487847544181342130, 22.99999799999999794 ) ) ;
#2370 = CARTESIAN_POINT ( 'NONE',  ( 3.263770336926316240, 13.58898476165380131, 23.19999800000000079 ) ) ;
#2371 = ORIENTED_EDGE ( 'NONE', *, *, #339, .F. ) ;
#2372 = ORIENTED_EDGE ( 'NONE', *, *, #3529, .T. ) ;
#2373 = AXIS2_PLACEMENT_3D ( 'NONE', #2595, #5352, #4230 ) ;
#2374 = DIRECTION ( 'NONE',  ( 0.000000000000000000, -1.000000000000000000, 0.000000000000000000 ) ) ;
#2375 = VECTOR ( 'NONE', #5929, 1000.000000000000000 ) ;
#2376 = CARTESIAN_POINT ( 'NONE',  ( 23.49867694410881924, 24.12439558208068391, 23.12082446084279752 ) ) ;
#2377 = CARTESIAN_POINT ( 'NONE',  ( 32.20649282690607151, 7.065850720411353869, 19.20359732000000008 ) ) ;
#2378 = VECTOR ( 'NONE', #6838, 1000.000000000000000 ) ;
#2379 = ORIENTED_EDGE ( 'NONE', *, *, #4360, .T. ) ;
#2380 = CIRCLE ( 'NONE', #6981, 0.9999999999999974465 ) ;
#2381 = ORIENTED_EDGE ( 'NONE', *, *, #1302, .F. ) ;
#2382 = DIRECTION ( 'NONE',  ( 0.000000000000000000, 0.000000000000000000, 1.000000000000000000 ) ) ;
#2383 = VECTOR ( 'NONE', #5385, 1000.000000000000000 ) ;
#2384 = LINE ( 'NONE', #5061, #6813 ) ;
#2385 = PLANE ( 'NONE',  #3242 ) ;
#2386 = FACE_OUTER_BOUND ( 'NONE', #4027, .T. ) ;
#2387 = CARTESIAN_POINT ( 'NONE',  ( 34.24477099867146990, -12.51215245581865609, 22.99999799999999794 ) ) ;
#2388 = CARTESIAN_POINT ( 'NONE',  ( 43.29477099867146705, 9.487847544181342130, 23.19999800000000079 ) ) ;
#2389 = EDGE_CURVE ( 'NONE', #2657, #2500, #5794, .T. ) ;
#2390 = EDGE_CURVE ( 'NONE', #486, #5083, #2321, .T. ) ;
#2391 = DIRECTION ( 'NONE',  ( 1.000000000000000000, 0.000000000000000000, 0.000000000000000000 ) ) ;
#2392 = DIRECTION ( 'NONE',  ( 0.000000000000000000, 0.000000000000000000, 1.000000000000000000 ) ) ;
#2393 = DIRECTION ( 'NONE',  ( -1.577021341797097560E-16, -1.000000000000000000, 0.000000000000000000 ) ) ;
#2394 = CARTESIAN_POINT ( 'NONE',  ( 27.89477099867147558, -1.512152455818657204, 23.19999800000000079 ) ) ;
#2395 = EDGE_CURVE ( 'NONE', #2966, #6109, #4400, .T. ) ;
#2396 = CARTESIAN_POINT ( 'NONE',  ( 8.630438470952455532, -3.563214443583345492, 23.19999800000000079 ) ) ;
#2397 = EDGE_CURVE ( 'NONE', #3141, #6080, #6959, .T. ) ;
#2398 = DIRECTION ( 'NONE',  ( 1.462890879734001726E-19, 1.610801296603465303E-20, -1.000000000000000000 ) ) ;
#2399 = ORIENTED_EDGE ( 'NONE', *, *, #5405, .F. ) ;
#2400 = DIRECTION ( 'NONE',  ( 0.000000000000000000, 0.000000000000000000, -1.000000000000000000 ) ) ;
#2401 = CARTESIAN_POINT ( 'NONE',  ( 24.00259844998264569, 24.22848898392565076, 22.83821175221788380 ) ) ;
#2402 = CARTESIAN_POINT ( 'NONE',  ( 20.86549410864508403, 1.426849255568359842, 19.20359732000000008 ) ) ;
#2403 = ORIENTED_EDGE ( 'NONE', *, *, #4124, .F. ) ;
#2404 = CIRCLE ( 'NONE', #2757, 1.000000000000000888 ) ;
#2405 = VERTEX_POINT ( 'NONE', #5866 ) ;
#2406 = CARTESIAN_POINT ( 'NONE',  ( 26.14477099867147203, -12.51215245581865609, 23.19999800000000079 ) ) ;
#2407 = AXIS2_PLACEMENT_3D ( 'NONE', #3514, #5745, #6006 ) ;
#2408 = CARTESIAN_POINT ( 'NONE',  ( 23.68099027465474649, 24.13028032739405404, 23.04496181181717773 ) ) ;
#2409 = CARTESIAN_POINT ( 'NONE',  ( -0.9246057082889277412, -3.967150744431644060, 19.20359732000000008 ) ) ;
#2410 = AXIS2_PLACEMENT_3D ( 'NONE', #568, #6720, #10 ) ;
#2411 = VERTEX_POINT ( 'NONE', #6392 ) ;
#2412 = ORIENTED_EDGE ( 'NONE', *, *, #2310, .F. ) ;
#2413 = VECTOR ( 'NONE', #5410, 1000.000000000000000 ) ;
#2414 = DIRECTION ( 'NONE',  ( 0.000000000000000000, 0.000000000000000000, 1.000000000000000000 ) ) ;
#2415 = ORIENTED_EDGE ( 'NONE', *, *, #232, .T. ) ;
#2416 = ADVANCED_FACE ( 'NONE', ( #1891 ), #4593, .F. ) ;
#2417 = AXIS2_PLACEMENT_3D ( 'NONE', #5243, #2461, #6970 ) ;
#2418 = CARTESIAN_POINT ( 'NONE',  ( 7.630438470952363161, 5.206785556416654082, 8.998998000000000275 ) ) ;
#2419 = CIRCLE ( 'NONE', #4885, 0.7500000000000006661 ) ;
#2420 = DIRECTION ( 'NONE',  ( 1.000000000000000000, 0.000000000000000000, 0.000000000000000000 ) ) ;
#2421 = CARTESIAN_POINT ( 'NONE',  ( 34.24477099867146990, 9.487847544181342130, 22.99999799999999794 ) ) ;
#2422 = LINE ( 'NONE', #1345, #2821 ) ;
#2423 =( GEOMETRIC_REPRESENTATION_CONTEXT ( 3 ) GLOBAL_UNCERTAINTY_ASSIGNED_CONTEXT ( ( #1438 ) ) GLOBAL_UNIT_ASSIGNED_CONTEXT ( ( #4454, #7199, #6634 ) ) REPRESENTATION_CONTEXT ( 'NONE', 'WORKASPACE' ) );
#2424 = CARTESIAN_POINT ( 'NONE',  ( 23.56033325528386158, -27.17965023889845710, 23.05728481165701282 ) ) ;
#2425 = DIRECTION ( 'NONE',  ( 0.000000000000000000, 0.000000000000000000, -1.000000000000000000 ) ) ;
#2426 = CYLINDRICAL_SURFACE ( 'NONE', #3364, 1.000000000000000888 ) ;
#2427 = FACE_OUTER_BOUND ( 'NONE', #6836, .T. ) ;
#2428 = DIRECTION ( 'NONE',  ( -0.000000000000000000, -0.000000000000000000, -1.000000000000000000 ) ) ;
#2429 = ADVANCED_FACE ( 'NONE', ( #1273 ), #1339, .F. ) ;
#2430 = EDGE_LOOP ( 'NONE', ( #3856, #4739, #2158, #2454 ) ) ;
#2431 = DIRECTION ( 'NONE',  ( 1.000000000000000000, 0.000000000000000000, 0.000000000000000000 ) ) ;
#2432 = DIRECTION ( 'NONE',  ( -1.000000000000000000, 0.000000000000000000, 0.000000000000000000 ) ) ;
#2433 = ORIENTED_EDGE ( 'NONE', *, *, #1028, .T. ) ;
#2434 = CARTESIAN_POINT ( 'NONE',  ( -0.9246057082889275192, 1.426849255568359842, 19.20359732000000008 ) ) ;
#2435 = CARTESIAN_POINT ( 'NONE',  ( 35.98149227759006408, -8.733150561326636918, 19.20359732000000008 ) ) ;
#2436 = DIRECTION ( 'NONE',  ( -0.7071067811865536790, 0.000000000000000000, -0.7071067811865414665 ) ) ;
#2437 = ADVANCED_FACE ( 'NONE', ( #4125 ), #4192, .F. ) ;
#2438 = EDGE_LOOP ( 'NONE', ( #5230, #5457, #7213, #4716, #2767 ) ) ;
#2439 = ADVANCED_FACE ( 'NONE', ( #1927 ), #6426, .F. ) ;
#2440 = EDGE_LOOP ( 'NONE', ( #4083, #4964, #665, #7142, #619, #2795 ) ) ;
#2441 = CARTESIAN_POINT ( 'NONE',  ( 32.29477099867147416, -1.512152455818657204, 22.99999799999999794 ) ) ;
#2442 = AXIS2_PLACEMENT_3D ( 'NONE', #1462, #299, #2021 ) ;
#2443 = CARTESIAN_POINT ( 'NONE',  ( 23.32023645692760283, 24.11752846927262439, 23.20489408803486953 ) ) ;
#2444 = CARTESIAN_POINT ( 'NONE',  ( 25.24741852280910592, -27.25634979073078767, 22.80445066827698142 ) ) ;
#2445 = AXIS2_PLACEMENT_3D ( 'NONE', #5582, #2792, #6750 ) ;
#2446 = ORIENTED_EDGE ( 'NONE', *, *, #2809, .T. ) ;
#2447 = DIRECTION ( 'NONE',  ( 1.000000000000000000, 0.000000000000000000, 0.000000000000000000 ) ) ;
#2448 = ORIENTED_EDGE ( 'NONE', *, *, #4903, .T. ) ;
#2449 = VECTOR ( 'NONE', #6498, 999.9999999999998863 ) ;
#2450 = DIRECTION ( 'NONE',  ( 0.9999999998448929617, -1.761289571444870795E-05, 0.000000000000000000 ) ) ;
#2451 = CIRCLE ( 'NONE', #3420, 0.7500000000000006661 ) ;
#2452 = VECTOR ( 'NONE', #4361, 1000.000000000000000 ) ;
#2453 = FACE_OUTER_BOUND ( 'NONE', #6208, .T. ) ;
#2454 = ORIENTED_EDGE ( 'NONE', *, *, #2688, .T. ) ;
#2455 = FACE_OUTER_BOUND ( 'NONE', #4837, .T. ) ;
#2456 = CARTESIAN_POINT ( 'NONE',  ( 6.030438470952719676, 0.08678555641702034862, 31.63375372154084175 ) ) ;
#2457 = CARTESIAN_POINT ( 'NONE',  ( 36.19477099867147274, -1.512152455818657204, 21.99999800000000150 ) ) ;
#2458 = ADVANCED_FACE ( 'NONE', ( #2349 ), #4057, .F. ) ;
#2459 = ADVANCED_FACE ( 'NONE', ( #3753 ), #4765, .T. ) ;
#2460 = LINE ( 'NONE', #3690, #1267 ) ;
#2461 = DIRECTION ( 'NONE',  ( 0.000000000000000000, 0.000000000000000000, 1.000000000000000000 ) ) ;
#2462 = EDGE_CURVE ( 'NONE', #2290, #3351, #6540, .T. ) ;
#2463 = DIRECTION ( 'NONE',  ( -0.000000000000000000, -0.000000000000000000, 1.000000000000000000 ) ) ;
#2464 = CARTESIAN_POINT ( 'NONE',  ( 34.24477099867146990, -12.51215245581865609, 22.99999799999999794 ) ) ;
#2465 = DIRECTION ( 'NONE',  ( 0.000000000000000000, 0.000000000000000000, 1.000000000000000000 ) ) ;
#2466 = FACE_OUTER_BOUND ( 'NONE', #57, .T. ) ;
#2467 = VECTOR ( 'NONE', #1998, 1000.000000000000114 ) ;
#2468 = DIRECTION ( 'NONE',  ( 0.000000000000000000, 0.000000000000000000, 1.000000000000000000 ) ) ;
#2469 = CARTESIAN_POINT ( 'NONE',  ( 23.90492680020855687, 24.22566299547754909, 22.86477999371695446 ) ) ;
#2470 = DIRECTION ( 'NONE',  ( 0.000000000000000000, -1.000000000000000000, -1.610801296603465303E-20 ) ) ;
#2471 = ORIENTED_EDGE ( 'NONE', *, *, #4246, .T. ) ;
#2472 = EDGE_LOOP ( 'NONE', ( #3664, #2998, #6384, #6355 ) ) ;
#2473 = DIRECTION ( 'NONE',  ( 0.000000000000000000, 0.000000000000000000, -1.000000000000000000 ) ) ;
#2474 = EDGE_CURVE ( 'NONE', #1573, #6920, #7080, .T. ) ;
#2475 = EDGE_CURVE ( 'NONE', #1485, #896, #3117, .T. ) ;
#2476 = CARTESIAN_POINT ( 'NONE',  ( 23.89929701112900062, 24.13585300674635548, 22.96911922891620250 ) ) ;
#2477 = DIRECTION ( 'NONE',  ( 1.000000000000000000, 0.000000000000000000, 0.000000000000000000 ) ) ;
#2478 = VECTOR ( 'NONE', #3502, 1000.000000000000000 ) ;
#2479 = VERTEX_POINT ( 'NONE', #366 ) ;
#2480 = ORIENTED_EDGE ( 'NONE', *, *, #2078, .F. ) ;
#2481 = DIRECTION ( 'NONE',  ( 1.000000000000000000, 0.000000000000000000, 0.000000000000000000 ) ) ;
#2482 = VECTOR ( 'NONE', #761, 1000.000000000000000 ) ;
#2483 = CARTESIAN_POINT ( 'NONE',  ( 10.23043847095200398, 4.406785556417013971, 18.40359731999999937 ) ) ;
#2484 = AXIS2_PLACEMENT_3D ( 'NONE', #4728, #3556, #4261 ) ;
#2485 = CARTESIAN_POINT ( 'NONE',  ( 24.52437273285515218, -27.26158560845850332, 22.75407224113855520 ) ) ;
#2487 = ORIENTED_EDGE ( 'NONE', *, *, #3944, .F. ) ;
#2486 = CIRCLE ( 'NONE', #5183, 0.9999999999999991118 ) ;
#2488 = DIRECTION ( 'NONE',  ( 1.000000000000000000, 0.000000000000000000, 0.000000000000000000 ) ) ;
#2489 = CARTESIAN_POINT ( 'NONE',  ( 8.882623226170036190, 7.006785556416295080, 31.63375372154084175 ) ) ;
#2490 = CYLINDRICAL_SURFACE ( 'NONE', #3801, 1.000000000000000888 ) ;
#2491 = AXIS2_PLACEMENT_3D ( 'NONE', #5683, #5013, #539 ) ;
#2492 = CIRCLE ( 'NONE', #273, 1.000000000000000888 ) ;
#2493 = CARTESIAN_POINT ( 'NONE',  ( 25.45139720408812778, -27.16117357187536285, 22.95486052624530515 ) ) ;
#2494 = CARTESIAN_POINT ( 'NONE',  ( 33.49477099867146990, -12.51215245581865609, 21.99999800000000150 ) ) ;
#2495 = DIRECTION ( 'NONE',  ( 0.7071067811865536790, -1.115122484860645463E-16, -0.7071067811865414665 ) ) ;
#2496 = CARTESIAN_POINT ( 'NONE',  ( 24.69849011171107378, -1.512152455818657204, 21.96359842000000739 ) ) ;
#2497 = ORIENTED_EDGE ( 'NONE', *, *, #50, .T. ) ;
#2498 = CARTESIAN_POINT ( 'NONE',  ( 47.42693201564350858, -0.08217035109631966316, 3.500841111824923857 ) ) ;
#2499 = CARTESIAN_POINT ( 'NONE',  ( 34.99477099867146990, -12.51215245581865609, 21.99999800000000150 ) ) ;
#2500 = VERTEX_POINT ( 'NONE', #5948 ) ;
#2501 = EDGE_CURVE ( 'NONE', #2633, #89, #2019, .T. ) ;
#2502 = LINE ( 'NONE', #711, #5142 ) ;
#2503 = CARTESIAN_POINT ( 'NONE',  ( 25.05263477782204617, 24.23545872408712043, 22.77169245692729405 ) ) ;
#2504 = CARTESIAN_POINT ( 'NONE',  ( 11.05355120219542719, 2.686785556416294796, 21.40359731999999937 ) ) ;
#2505 = ORIENTED_EDGE ( 'NONE', *, *, #4624, .T. ) ;
#2506 = EDGE_LOOP ( 'NONE', ( #3623, #4695, #1300, #2083 ) ) ;
#2507 = CARTESIAN_POINT ( 'NONE',  ( 24.69849011171107378, 1.426849255568359842, 18.40359731999999937 ) ) ;
#2508 = CARTESIAN_POINT ( 'NONE',  ( 25.62979941548112706, 24.22100558338927456, 22.90807033045653185 ) ) ;
#2509 = CARTESIAN_POINT ( 'NONE',  ( 40.39477099867147558, -12.51215245581865609, 22.99999799999999794 ) ) ;
#2510 = ORIENTED_EDGE ( 'NONE', *, *, #997, .T. ) ;
#2511 = ORIENTED_EDGE ( 'NONE', *, *, #2578, .T. ) ;
#2512 = EDGE_CURVE ( 'NONE', #782, #2061, #6544, .T. ) ;
#2513 = ORIENTED_EDGE ( 'NONE', *, *, #2874, .F. ) ;
#2514 = AXIS2_PLACEMENT_3D ( 'NONE', #6650, #1592, #1039 ) ;
#2515 = CIRCLE ( 'NONE', #5328, 0.9499999999999995115 ) ;
#2516 = CARTESIAN_POINT ( 'NONE',  ( 34.99477099867146990, -12.51215245581865609, 21.99999800000000150 ) ) ;
#2517 = ORIENTED_EDGE ( 'NONE', *, *, #5812, .F. ) ;
#2518 = VERTEX_POINT ( 'NONE', #3074 ) ;
#2519 = DIRECTION ( 'NONE',  ( 0.000000000000000000, 0.000000000000000000, 1.000000000000000000 ) ) ;
#2520 = VECTOR ( 'NONE', #6396, 1000.000000000000000 ) ;
#2521 = CARTESIAN_POINT ( 'NONE',  ( 47.42698030185680835, 0.5678296471101845766, 18.40359731999999937 ) ) ;
#2522 = VERTEX_POINT ( 'NONE', #7116 ) ;
#2523 = CARTESIAN_POINT ( 'NONE',  ( 7.630438470952363161, 5.206785556416654082, 22.99999800000000505 ) ) ;
#2524 = ADVANCED_FACE ( 'NONE', ( #2047 ), #5313, .F. ) ;
#2525 = CARTESIAN_POINT ( 'NONE',  ( 37.69477099867147274, 9.487847544181342130, 21.99999800000000150 ) ) ;
#2526 = CARTESIAN_POINT ( 'NONE',  ( 37.89477099867147558, -12.51215245581865609, 23.19999800000000079 ) ) ;
#2527 = VECTOR ( 'NONE', #1148, 1000.000000000000000 ) ;
#2528 = FACE_OUTER_BOUND ( 'NONE', #2325, .T. ) ;
#2529 = CARTESIAN_POINT ( 'NONE',  ( 39.08049337622307462, -1.512152455818657204, 18.40359731999999937 ) ) ;
#2530 = DIRECTION ( 'NONE',  ( -1.000000000000000000, 0.000000000000000000, 0.000000000000000000 ) ) ;
#2531 = CARTESIAN_POINT ( 'NONE',  ( 10.21351569204423448, 19.77746980625064666, 96.03199646221435160 ) ) ;
#2532 = CIRCLE ( 'NONE', #1018, 1.000000000000000888 ) ;
#2533 = ORIENTED_EDGE ( 'NONE', *, *, #1741, .T. ) ;
#2534 = DIRECTION ( 'NONE',  ( 0.000000000000000000, 1.000000000000000000, 0.000000000000000000 ) ) ;
#2535 = DIRECTION ( 'NONE',  ( 0.000000000000000000, 0.000000000000000000, -1.000000000000000000 ) ) ;
#2536 = ORIENTED_EDGE ( 'NONE', *, *, #3254, .F. ) ;
#2537 = AXIS2_PLACEMENT_3D ( 'NONE', #5024, #7305, #4919 ) ;
#2538 = DIRECTION ( 'NONE',  ( 1.462890879734001726E-19, 1.610801296603465303E-20, -1.000000000000000000 ) ) ;
#2539 = LINE ( 'NONE', #5967, #6389 ) ;
#2540 = VERTEX_POINT ( 'NONE', #5909 ) ;
#2541 = CARTESIAN_POINT ( 'NONE',  ( 30.79477099867147061, 9.487847544181342130, 21.99999800000000150 ) ) ;
#2542 = ORIENTED_EDGE ( 'NONE', *, *, #2397, .T. ) ;
#2543 = CARTESIAN_POINT ( 'NONE',  ( 0.000000000000000000, 0.000000000000000000, 0.000000000000000000 ) ) ;
#2544 = ORIENTED_EDGE ( 'NONE', *, *, #6783, .F. ) ;
#2545 = EDGE_CURVE ( 'NONE', #476, #6828, #867, .T. ) ;
#2546 = ORIENTED_EDGE ( 'NONE', *, *, #5191, .T. ) ;
#2547 = DIRECTION ( 'NONE',  ( 0.000000000000000000, 0.000000000000000000, 1.000000000000000000 ) ) ;
#2548 = EDGE_CURVE ( 'NONE', #2522, #1370, #6249, .T. ) ;
#2549 = ORIENTED_EDGE ( 'NONE', *, *, #7134, .T. ) ;
#2550 = CARTESIAN_POINT ( 'NONE',  ( 25.39477099867147203, -1.512152455818657204, 21.99999800000000150 ) ) ;
#2551 = EDGE_CURVE ( 'NONE', #4265, #1479, #2958, .T. ) ;
#2552 = DIRECTION ( 'NONE',  ( -3.154042683594195121E-16, -1.000000000000000000, 0.000000000000000000 ) ) ;
#2553 = CARTESIAN_POINT ( 'NONE',  ( 25.75573974119274112, -27.24051574659905839, 22.95214703381114063 ) ) ;
#2554 = ORIENTED_EDGE ( 'NONE', *, *, #5874, .T. ) ;
#2555 = ORIENTED_EDGE ( 'NONE', *, *, #5675, .T. ) ;
#2556 = ORIENTED_EDGE ( 'NONE', *, *, #6889, .T. ) ;
#2557 = DIRECTION ( 'NONE',  ( -0.7071067811865414665, 0.000000000000000000, 0.7071067811865536790 ) ) ;
#2558 = ORIENTED_EDGE ( 'NONE', *, *, #152, .T. ) ;
#2559 = ORIENTED_EDGE ( 'NONE', *, *, #6637, .T. ) ;
#2560 = CARTESIAN_POINT ( 'NONE',  ( 24.69849011171107378, 3.675851452833362565, 21.40359731999999937 ) ) ;
#2561 = VECTOR ( 'NONE', #5272, 1000.000000000000000 ) ;
#2562 = CARTESIAN_POINT ( 'NONE',  ( 19.87849142309807604, -1.524148547166637835, 22.99999799999999084 ) ) ;
#2563 = ORIENTED_EDGE ( 'NONE', *, *, #4714, .F. ) ;
#2564 = CYLINDRICAL_SURFACE ( 'NONE', #4442, 1.000000000000000000 ) ;
#2565 = FACE_OUTER_BOUND ( 'NONE', #6482, .T. ) ;
#2566 = DIRECTION ( 'NONE',  ( 1.000000000000000000, 0.000000000000000000, 0.000000000000000000 ) ) ;
#2567 = VECTOR ( 'NONE', #1049, 1000.000000000000000 ) ;
#2568 = EDGE_CURVE ( 'NONE', #7035, #2356, #7110, .T. ) ;
#2569 = CARTESIAN_POINT ( 'NONE',  ( 23.62547164465148697, -27.15288367255197244, 23.06723023366887304 ) ) ;
#2570 = EDGE_CURVE ( 'NONE', #3160, #6724, #978, .T. ) ;
#2571 = CARTESIAN_POINT ( 'NONE',  ( 20.02849441382007711, -4.967150744431637399, 21.40359731999999937 ) ) ;
#2572 = CARTESIAN_POINT ( 'NONE',  ( 43.29477099867146705, 9.487847544181342130, 23.19999800000000079 ) ) ;
#2573 = CARTESIAN_POINT ( 'NONE',  ( 43.85549282690607242, -14.01615056132663995, 19.20359732000000008 ) ) ;
#2574 = VERTEX_POINT ( 'NONE', #3708 ) ;
#2575 = VERTEX_POINT ( 'NONE', #1409 ) ;
#2576 = DIRECTION ( 'NONE',  ( -0.000000000000000000, -0.000000000000000000, -1.000000000000000000 ) ) ;
#2577 = DIRECTION ( 'NONE',  ( -0.000000000000000000, -0.000000000000000000, -1.000000000000000000 ) ) ;
#2578 = EDGE_CURVE ( 'NONE', #5754, #6999, #1194, .T. ) ;
#2579 = ORIENTED_EDGE ( 'NONE', *, *, #774, .F. ) ;
#2580 = VECTOR ( 'NONE', #3146, 1000.000000000000000 ) ;
#2581 = DIRECTION ( 'NONE',  ( 0.7071067811865530128, 0.000000000000000000, 0.7071067811865421326 ) ) ;
#2582 = DIRECTION ( 'NONE',  ( 1.000000000000000000, 0.000000000000000000, -0.000000000000000000 ) ) ;
#2583 = CARTESIAN_POINT ( 'NONE',  ( 23.41981193809985484, 24.08827503073510812, 23.11816606549726316 ) ) ;
#2584 = ORIENTED_EDGE ( 'NONE', *, *, #3852, .F. ) ;
#2585 = PLANE ( 'NONE',  #5062 ) ;
#2586 = EDGE_LOOP ( 'NONE', ( #3603, #333, #3154, #6948 ) ) ;
#2587 = DIRECTION ( 'NONE',  ( -1.000000000000000000, 0.000000000000000000, 0.000000000000000000 ) ) ;
#2588 = CONICAL_SURFACE ( 'NONE', #6719, 0.7500000000000006661, 0.7853981633974396193 ) ;
#2589 = LINE ( 'NONE', #498, #5064 ) ;
#2590 = ORIENTED_EDGE ( 'NONE', *, *, #3939, .T. ) ;
#2591 = CARTESIAN_POINT ( 'NONE',  ( 18.02849441382007356, -5.724148547166639567, 18.40359731999999937 ) ) ;
#2592 = CARTESIAN_POINT ( 'NONE',  ( 24.69849011171107378, -6.819414077215271597, 21.40359731999999937 ) ) ;
#2593 = ORIENTED_EDGE ( 'NONE', *, *, #997, .F. ) ;
#2594 = ORIENTED_EDGE ( 'NONE', *, *, #1941, .T. ) ;
#2595 = CARTESIAN_POINT ( 'NONE',  ( 1.970011369947535007, -0.08217035278916133556, 18.40359731999999937 ) ) ;
#2596 = ORIENTED_EDGE ( 'NONE', *, *, #4274, .T. ) ;
#2597 = EDGE_LOOP ( 'NONE', ( #6689, #4036, #2956, #1774 ) ) ;
#2598 = DIRECTION ( 'NONE',  ( 0.7071067811865414665, -2.230244969721252469E-16, -0.7071067811865536790 ) ) ;
#2599 = CIRCLE ( 'NONE', #3440, 1.000000000000000888 ) ;
#2600 = CARTESIAN_POINT ( 'NONE',  ( 25.62594318570359420, -27.24544979230472208, 22.90678316798508973 ) ) ;
#2601 = VERTEX_POINT ( 'NONE', #1526 ) ;
#2602 = DIRECTION ( 'NONE',  ( 0.000000000000000000, 0.000000000000000000, -1.000000000000000000 ) ) ;
#2603 = LINE ( 'NONE', #2781, #6943 ) ;
#2604 = AXIS2_PLACEMENT_3D ( 'NONE', #2946, #1046, #3296 ) ;
#2605 = DIRECTION ( 'NONE',  ( 1.000000000000000000, 0.000000000000000000, 0.000000000000000000 ) ) ;
#2606 = CARTESIAN_POINT ( 'NONE',  ( 6.030438470952644181, -9.573214443583347943, 31.63375372154084175 ) ) ;
#2607 = AXIS2_PLACEMENT_3D ( 'NONE', #601, #5071, #6718 ) ;
#2608 = DIRECTION ( 'NONE',  ( 1.462890879734001726E-19, 1.610801296603465303E-20, -1.000000000000000000 ) ) ;
#2609 = DIRECTION ( 'NONE',  ( 1.000000000000000000, 2.710505431214378369E-16, -0.000000000000000000 ) ) ;
#2610 = ORIENTED_EDGE ( 'NONE', *, *, #2208, .T. ) ;
#2611 = ORIENTED_EDGE ( 'NONE', *, *, #2642, .T. ) ;
#2612 = CONICAL_SURFACE ( 'NONE', #1677, 0.7500000000000006661, 0.7853981633974396193 ) ;
#2613 = CARTESIAN_POINT ( 'NONE',  ( 43.85549337622306609, 12.47584852314636450, 18.40359731999999937 ) ) ;
#2614 = ADVANCED_FACE ( 'NONE', ( #3787 ), #6050, .F. ) ;
#2615 = EDGE_CURVE ( 'NONE', #3224, #6542, #4795, .T. ) ;
#2616 = PLANE ( 'NONE',  #1083 ) ;
#2617 = VECTOR ( 'NONE', #4883, 1000.000000000000000 ) ;
#2618 = LINE ( 'NONE', #3657, #4424 ) ;
#2619 = CARTESIAN_POINT ( 'NONE',  ( 35.98149282690607720, 7.065850720411353869, 19.20359732000000008 ) ) ;
#2620 = VERTEX_POINT ( 'NONE', #3668 ) ;
#2621 = FACE_OUTER_BOUND ( 'NONE', #6681, .T. ) ;
#2622 = EDGE_LOOP ( 'NONE', ( #572, #649, #131, #268 ) ) ;
#2623 = EDGE_CURVE ( 'NONE', #6876, #54, #6455, .T. ) ;
#2624 = CARTESIAN_POINT ( 'NONE',  ( 33.49477099867146990, -12.51215245581865609, 22.99999799999999794 ) ) ;
#2625 = EDGE_CURVE ( 'NONE', #6542, #640, #2000, .T. ) ;
#2626 = ORIENTED_EDGE ( 'NONE', *, *, #6803, .T. ) ;
#2627 = LINE ( 'NONE', #6574, #5052 ) ;
#2628 = VERTEX_POINT ( 'NONE', #4832 ) ;
#2629 = CARTESIAN_POINT ( 'NONE',  ( 2.620011369846676264, -0.08215890177742912748, 18.40359731999999937 ) ) ;
#2630 = ORIENTED_EDGE ( 'NONE', *, *, #4924, .F. ) ;
#2631 = DIRECTION ( 'NONE',  ( 2.555573771327072837E-16, -1.000000000000000000, 0.000000000000000000 ) ) ;
#2632 = DIRECTION ( 'NONE',  ( 0.000000000000000000, -1.000000000000000000, 0.000000000000000000 ) ) ;
#2633 = VERTEX_POINT ( 'NONE', #2629 ) ;
#2634 = ORIENTED_EDGE ( 'NONE', *, *, #3318, .T. ) ;
#2635 = ORIENTED_EDGE ( 'NONE', *, *, #789, .F. ) ;
#2636 = CARTESIAN_POINT ( 'NONE',  ( 28.84477099867147487, -12.51215245581865609, 21.99999800000000150 ) ) ;
#2637 = DIRECTION ( 'NONE',  ( 0.000000000000000000, -1.000000000000000000, 0.000000000000000000 ) ) ;
#2638 = ORIENTED_EDGE ( 'NONE', *, *, #6773, .F. ) ;
#2639 = DIRECTION ( 'NONE',  ( 1.000000000000000000, 0.000000000000000000, 0.000000000000000000 ) ) ;
#2640 = AXIS2_PLACEMENT_3D ( 'NONE', #6516, #6142, #77 ) ;
#2641 = DIRECTION ( 'NONE',  ( 0.000000000000000000, 0.000000000000000000, 1.000000000000000000 ) ) ;
#2642 = EDGE_CURVE ( 'NONE', #2329, #5654, #3227, .T. ) ;
#2643 = CYLINDRICAL_SURFACE ( 'NONE', #506, 0.7500000000000006661 ) ;
#2644 = CARTESIAN_POINT ( 'NONE',  ( 42.34477099867147132, -12.51215245581865609, 21.99999800000000150 ) ) ;
#2645 = AXIS2_PLACEMENT_3D ( 'NONE', #2940, #4596, #6854 ) ;
#2646 = EDGE_CURVE ( 'NONE', #6049, #6458, #3311, .T. ) ;
#2647 = CYLINDRICAL_SURFACE ( 'NONE', #4297, 1.000000000000000888 ) ;
#2648 = FACE_OUTER_BOUND ( 'NONE', #1109, .T. ) ;
#2649 = VERTEX_POINT ( 'NONE', #3746 ) ;
#2650 = CARTESIAN_POINT ( 'NONE',  ( 36.94477099867147274, 9.487847544181342130, 21.99999800000000150 ) ) ;
#2651 = AXIS2_PLACEMENT_3D ( 'NONE', #5879, #3171, #3207 ) ;
#2652 = DIRECTION ( 'NONE',  ( 1.577021341797097560E-16, 1.000000000000000000, 0.000000000000000000 ) ) ;
#2653 = VECTOR ( 'NONE', #7010, 1000.000000000000000 ) ;
#2654 = DIRECTION ( 'NONE',  ( 0.000000000000000000, -1.000000000000000000, 0.000000000000000000 ) ) ;
#2655 = VECTOR ( 'NONE', #3009, 1000.000000000000000 ) ;
#2656 = DIRECTION ( 'NONE',  ( 0.000000000000000000, 0.000000000000000000, -1.000000000000000000 ) ) ;
#2657 = VERTEX_POINT ( 'NONE', #5975 ) ;
#2658 = CARTESIAN_POINT ( 'NONE',  ( 24.69849011171107378, -0.9132144435829837592, 31.63375372154084175 ) ) ;
#2659 = ORIENTED_EDGE ( 'NONE', *, *, #5847, .T. ) ;
#2660 = ORIENTED_EDGE ( 'NONE', *, *, #4151, .T. ) ;
#2661 = CARTESIAN_POINT ( 'NONE',  ( 20.86549410864508403, 0.6268492555683596867, 19.20359732000000008 ) ) ;
#2662 = EDGE_LOOP ( 'NONE', ( #3363, #6099, #2189, #199 ) ) ;
#2663 = DIRECTION ( 'NONE',  ( 0.000000000000000000, 0.000000000000000000, 1.000000000000000000 ) ) ;
#2664 = DIRECTION ( 'NONE',  ( 1.000000000000000000, 0.000000000000000000, 0.000000000000000000 ) ) ;
#2665 = EDGE_CURVE ( 'NONE', #2717, #6348, #5770, .T. ) ;
#2666 = VERTEX_POINT ( 'NONE', #464 ) ;
#2667 = DIRECTION ( 'NONE',  ( 1.000000000000000000, 2.555573771327072837E-16, 0.000000000000000000 ) ) ;
#2668 = EDGE_CURVE ( 'NONE', #3599, #5081, #320, .T. ) ;
#2669 = PLANE ( 'NONE',  #6861 ) ;
#2670 = VECTOR ( 'NONE', #2213, 1000.000000000000000 ) ;
#2671 = ORIENTED_EDGE ( 'NONE', *, *, #1523, .F. ) ;
#2672 = ORIENTED_EDGE ( 'NONE', *, *, #3967, .F. ) ;
#2673 = EDGE_CURVE ( 'NONE', #3377, #5504, #857, .T. ) ;
#2674 = ORIENTED_EDGE ( 'NONE', *, *, #670, .T. ) ;
#2675 = DIRECTION ( 'NONE',  ( 5.421010862428621645E-16, -1.000000000000000000, 0.000000000000000000 ) ) ;
#2676 = CARTESIAN_POINT ( 'NONE',  ( 23.67770910374334292, -27.15448862053084156, 23.04623815789738117 ) ) ;
#2677 = VERTEX_POINT ( 'NONE', #5456 ) ;
#2678 = CARTESIAN_POINT ( 'NONE',  ( 20.86549410864506982, -3.167150744431638465, 21.40359731999999937 ) ) ;
#2679 = CARTESIAN_POINT ( 'NONE',  ( 24.69849011171107378, -1.512152455818657204, 23.19999800000000079 ) ) ;
#2680 = AXIS2_PLACEMENT_3D ( 'NONE', #2304, #1714, #6165 ) ;
#2681 = CARTESIAN_POINT ( 'NONE',  ( -0.9246057082889275192, -8.733150561326638694, 19.20359732000000008 ) ) ;
#2682 = CARTESIAN_POINT ( 'NONE',  ( 41.59477099867147132, -1.512152455818657204, 21.99999800000000150 ) ) ;
#2683 = DIRECTION ( 'NONE',  ( 1.000000000000000000, 0.000000000000000000, 0.000000000000000000 ) ) ;
#2684 = ORIENTED_EDGE ( 'NONE', *, *, #5325, .T. ) ;
#2685 = ORIENTED_EDGE ( 'NONE', *, *, #5043, .T. ) ;
#2686 = AXIS2_PLACEMENT_3D ( 'NONE', #941, #2631, #2667 ) ;
#2687 = DIRECTION ( 'NONE',  ( 0.000000000000000000, -1.000000000000000000, 0.000000000000000000 ) ) ;
#2688 = EDGE_CURVE ( 'NONE', #2633, #3633, #7072, .T. ) ;
#2689 = DIRECTION ( 'NONE',  ( 0.000000000000000000, 0.000000000000000000, -1.000000000000000000 ) ) ;
#2690 = EDGE_CURVE ( 'NONE', #6080, #3750, #5171, .T. ) ;
#2691 = CIRCLE ( 'NONE', #5507, 1.000000000000000888 ) ;
#2692 = DIRECTION ( 'NONE',  ( 0.000000000000000000, 0.000000000000000000, -1.000000000000000000 ) ) ;
#2693 = DIRECTION ( 'NONE',  ( 0.000000000000000000, 0.000000000000000000, -1.000000000000000000 ) ) ;
#2694 = DIRECTION ( 'NONE',  ( 1.000000000000000000, 0.000000000000000000, 0.000000000000000000 ) ) ;
#2695 = AXIS2_PLACEMENT_3D ( 'NONE', #5514, #7054, #1468 ) ;
#2696 = ORIENTED_EDGE ( 'NONE', *, *, #7048, .T. ) ;
#2697 = ORIENTED_EDGE ( 'NONE', *, *, #614, .F. ) ;
#2698 = ORIENTED_EDGE ( 'NONE', *, *, #765, .T. ) ;
#2699 = ORIENTED_EDGE ( 'NONE', *, *, #6178, .T. ) ;
#2700 = CARTESIAN_POINT ( 'NONE',  ( 9.129233762251150353, 7.426722893499331235, 40.75345354922610142 ) ) ;
#2701 = VECTOR ( 'NONE', #2220, 1000.000000000000000 ) ;
#2702 = VECTOR ( 'NONE', #7163, 1000.000000000000000 ) ;
#2703 = DIRECTION ( 'NONE',  ( 0.000000000000000000, 0.000000000000000000, 1.000000000000000000 ) ) ;
#2704 = ORIENTED_EDGE ( 'NONE', *, *, #968, .F. ) ;
#2705 = DIRECTION ( 'NONE',  ( 0.000000000000000000, 0.000000000000000000, 1.000000000000000000 ) ) ;
#2706 = LINE ( 'NONE', #900, #6625 ) ;
#2707 = VERTEX_POINT ( 'NONE', #898 ) ;
#2708 = AXIS2_PLACEMENT_3D ( 'NONE', #749, #4724, #6988 ) ;
#2709 = EDGE_CURVE ( 'NONE', #3786, #2657, #4144, .T. ) ;
#2710 = EDGE_CURVE ( 'NONE', #864, #6021, #3107, .T. ) ;
#2711 = FACE_OUTER_BOUND ( 'NONE', #2113, .T. ) ;
#2712 = DIRECTION ( 'NONE',  ( 0.000000000000000000, 0.000000000000000000, 1.000000000000000000 ) ) ;
#2713 = CARTESIAN_POINT ( 'NONE',  ( 23.32034392182321625, -27.14183638790926523, 23.20485265083504345 ) ) ;
#2714 = ORIENTED_EDGE ( 'NONE', *, *, #644, .F. ) ;
#2715 = DIRECTION ( 'NONE',  ( -0.000000000000000000, -0.000000000000000000, -1.000000000000000000 ) ) ;
#2716 = EDGE_CURVE ( 'NONE', #5125, #1957, #2589, .T. ) ;
#2717 = VERTEX_POINT ( 'NONE', #3329 ) ;
#2718 = DIRECTION ( 'NONE',  ( -0.000000000000000000, -0.000000000000000000, -1.000000000000000000 ) ) ;
#2719 = DIRECTION ( 'NONE',  ( 1.000000000000000000, 0.000000000000000000, 0.000000000000000000 ) ) ;
#2720 = PLANE ( 'NONE',  #4066 ) ;
#2721 = VECTOR ( 'NONE', #6475, 1000.000000000000000 ) ;
#2722 = DIRECTION ( 'NONE',  ( -1.000000000000000000, 0.000000000000000000, 0.000000000000000000 ) ) ;
#2723 = VERTEX_POINT ( 'NONE', #2742 ) ;
#2724 = EDGE_LOOP ( 'NONE', ( #4511, #4194, #2108, #4847 ) ) ;
#2725 = DIRECTION ( 'NONE',  ( -1.000000000000000000, 0.000000000000000000, 0.000000000000000000 ) ) ;
#2726 = CARTESIAN_POINT ( 'NONE',  ( 10.26468491209006118, 19.73164160817062651, 23.06666981342123179 ) ) ;
#2727 = ORIENTED_EDGE ( 'NONE', *, *, #3588, .T. ) ;
#2728 = AXIS2_PLACEMENT_3D ( 'NONE', #2976, #1938, #4636 ) ;
#2729 = LINE ( 'NONE', #3960, #3961 ) ;
#2730 = ADVANCED_FACE ( 'NONE', ( #151 ), #1668, .F. ) ;
#2731 = DIRECTION ( 'NONE',  ( 0.000000000000000000, 0.000000000000000000, 1.000000000000000000 ) ) ;
#2732 = CARTESIAN_POINT ( 'NONE',  ( 26.89477099867147203, 9.487847544181342130, 21.99999800000000150 ) ) ;
#2733 = ORIENTED_EDGE ( 'NONE', *, *, #2012, .F. ) ;
#2734 = ORIENTED_EDGE ( 'NONE', *, *, #3165, .T. ) ;
#2735 = ORIENTED_EDGE ( 'NONE', *, *, #5947, .T. ) ;
#2736 = ORIENTED_EDGE ( 'NONE', *, *, #1583, .F. ) ;
#2737 = CIRCLE ( 'NONE', #6497, 0.9499999999999995115 ) ;
#2738 = FACE_OUTER_BOUND ( 'NONE', #3809, .T. ) ;
#2739 = EDGE_CURVE ( 'NONE', #6920, #2157, #2222, .T. ) ;
#2740 = ORIENTED_EDGE ( 'NONE', *, *, #3121, .F. ) ;
#2741 = AXIS2_PLACEMENT_3D ( 'NONE', #1638, #3899, #6198 ) ;
#2742 = CARTESIAN_POINT ( 'NONE',  ( 13.27349142309807206, -1.524148547166637613, 22.00359731999999724 ) ) ;
#2743 = ORIENTED_EDGE ( 'NONE', *, *, #4038, .T. ) ;
#2744 = CARTESIAN_POINT ( 'NONE',  ( 35.98149227759007118, -9.733150561326636918, 19.20359732000000008 ) ) ;
#2745 = CARTESIAN_POINT ( 'NONE',  ( 23.61723931920243302, -27.23962155172845101, 22.96044227944439342 ) ) ;
#2746 = ORIENTED_EDGE ( 'NONE', *, *, #3214, .T. ) ;
#2747 = ORIENTED_EDGE ( 'NONE', *, *, #1447, .T. ) ;
#2748 = DIRECTION ( 'NONE',  ( 0.000000000000000000, 0.000000000000000000, -1.000000000000000000 ) ) ;
#2749 = CARTESIAN_POINT ( 'NONE',  ( -0.8515098882889183818, -1.512152455818657204, 23.19999800000000079 ) ) ;
#2750 = EDGE_CURVE ( 'NONE', #932, #5011, #5140, .T. ) ;
#2751 = CARTESIAN_POINT ( 'NONE',  ( 25.63847562612090414, -27.15669607997583412, 23.01660537717414456 ) ) ;
#2752 = ORIENTED_EDGE ( 'NONE', *, *, #6315, .T. ) ;
#2753 = LINE ( 'NONE', #1059, #2312 ) ;
#2754 = DIRECTION ( 'NONE',  ( 0.000000000000000000, 0.000000000000000000, 1.000000000000000000 ) ) ;
#2755 = CARTESIAN_POINT ( 'NONE',  ( 25.19477099867147274, -1.512152455818657204, 23.19999800000000079 ) ) ;
#2756 = EDGE_CURVE ( 'NONE', #344, #401, #2840, .T. ) ;
#2757 = AXIS2_PLACEMENT_3D ( 'NONE', #3612, #1253, #5736 ) ;
#2758 = DIRECTION ( 'NONE',  ( 1.000000000000000000, 0.000000000000000000, 0.000000000000000000 ) ) ;
#2759 = DIRECTION ( 'NONE',  ( 1.000000000000000000, 0.000000000000000000, 0.000000000000000000 ) ) ;
#2760 = ORIENTED_EDGE ( 'NONE', *, *, #6647, .T. ) ;
#2761 = CYLINDRICAL_SURFACE ( 'NONE', #1978, 0.2000000000000005107 ) ;
#2762 = CARTESIAN_POINT ( 'NONE',  ( -0.9246057082889275192, -15.01615056132663817, 19.20359732000000008 ) ) ;
#2763 = LINE ( 'NONE', #1070, #5581 ) ;
#2764 = AXIS2_PLACEMENT_3D ( 'NONE', #6607, #2105, #6003 ) ;
#2765 = CARTESIAN_POINT ( 'NONE',  ( 33.49477099867146990, 9.487847544181342130, 21.99999800000000150 ) ) ;
#2766 = LINE ( 'NONE', #5076, #5706 ) ;
#2767 = ORIENTED_EDGE ( 'NONE', *, *, #6729, .F. ) ;
#2768 = VERTEX_POINT ( 'NONE', #4476 ) ;
#2769 = AXIS2_PLACEMENT_3D ( 'NONE', #2658, #2109, #3820 ) ;
#2770 = DIRECTION ( 'NONE',  ( -0.000000000000000000, -0.000000000000000000, 1.000000000000000000 ) ) ;
#2771 = DIRECTION ( 'NONE',  ( -0.000000000000000000, -0.000000000000000000, -1.000000000000000000 ) ) ;
#2772 = ORIENTED_EDGE ( 'NONE', *, *, #557, .T. ) ;
#2773 = VECTOR ( 'NONE', #2197, 1000.000000000000000 ) ;
#2774 = AXIS2_PLACEMENT_3D ( 'NONE', #5477, #2683, #837 ) ;
#2775 = DIRECTION ( 'NONE',  ( -0.000000000000000000, -0.000000000000000000, 1.000000000000000000 ) ) ;
#2776 = ORIENTED_EDGE ( 'NONE', *, *, #1762, .T. ) ;
#2777 = DIRECTION ( 'NONE',  ( -1.000000000000000000, 0.000000000000000000, 0.000000000000000000 ) ) ;
#2778 = CARTESIAN_POINT ( 'NONE',  ( 23.52106251918314683, 24.21091431827251839, 22.99999799970561654 ) ) ;
#2779 = ORIENTED_EDGE ( 'NONE', *, *, #3191, .F. ) ;
#2780 = VECTOR ( 'NONE', #372, 1000.000000000000000 ) ;
#2781 = CARTESIAN_POINT ( 'NONE',  ( 35.19477099867147274, 9.487847544181342130, 23.19999800000000079 ) ) ;
#2782 = EDGE_CURVE ( 'NONE', #6840, #6790, #3069, .T. ) ;
#2783 = ADVANCED_FACE ( 'NONE', ( #116 ), #7291, .F. ) ;
#2784 = ORIENTED_EDGE ( 'NONE', *, *, #4030, .T. ) ;
#2785 = DIRECTION ( 'NONE',  ( -0.000000000000000000, -0.000000000000000000, 1.000000000000000000 ) ) ;
#2786 = FACE_OUTER_BOUND ( 'NONE', #4646, .T. ) ;
#2787 = CARTESIAN_POINT ( 'NONE',  ( 23.81716951448299824, -27.15820948763893483, 22.99603838658271826 ) ) ;
#2788 = ORIENTED_EDGE ( 'NONE', *, *, #170, .F. ) ;
#2789 = ORIENTED_EDGE ( 'NONE', *, *, #6951, .T. ) ;
#2790 = CARTESIAN_POINT ( 'NONE',  ( 2.620060697281884732, -2.882158904571795688, 3.500841111824923857 ) ) ;
#2791 = DIRECTION ( 'NONE',  ( 1.000000000000000000, 0.000000000000000000, 0.000000000000000000 ) ) ;
#2792 = DIRECTION ( 'NONE',  ( 0.000000000000000000, 0.000000000000000000, -1.000000000000000000 ) ) ;
#2793 = DIRECTION ( 'NONE',  ( 1.000000000000000000, 0.000000000000000000, 0.000000000000000000 ) ) ;
#2794 = LINE ( 'NONE', #1032, #5001 ) ;
#2795 = ORIENTED_EDGE ( 'NONE', *, *, #232, .F. ) ;
#2796 = CYLINDRICAL_SURFACE ( 'NONE', #4469, 1.000000000000000888 ) ;
#2797 = ORIENTED_EDGE ( 'NONE', *, *, #6387, .F. ) ;
#2798 = CARTESIAN_POINT ( 'NONE',  ( 12.05349142309808386, 3.675851452833362565, 21.40359731999999937 ) ) ;
#2799 = EDGE_CURVE ( 'NONE', #5493, #4731, #2813, .T. ) ;
#2800 = EDGE_CURVE ( 'NONE', #6232, #1743, #4444, .T. ) ;
#2801 = DIRECTION ( 'NONE',  ( 0.000000000000000000, -1.000000000000000000, -0.000000000000000000 ) ) ;
#2802 = AXIS2_PLACEMENT_3D ( 'NONE', #3531, #5832, #826 ) ;
#2803 = CARTESIAN_POINT ( 'NONE',  ( 35.98149227759006408, -8.733150561326636918, 19.20359732000000008 ) ) ;
#2804 = CARTESIAN_POINT ( 'NONE',  ( 12.05881342891331798, -6.819583969174250804, 21.40359731999999937 ) ) ;
#2805 = ORIENTED_EDGE ( 'NONE', *, *, #4492, .T. ) ;
#2806 = VERTEX_POINT ( 'NONE', #6158 ) ;
#2807 = EDGE_CURVE ( 'NONE', #2146, #1401, #5734, .T. ) ;
#2808 = DIRECTION ( 'NONE',  ( -0.000000000000000000, -0.000000000000000000, 1.000000000000000000 ) ) ;
#2809 = EDGE_CURVE ( 'NONE', #4831, #2049, #6693, .T. ) ;
#2810 = CARTESIAN_POINT ( 'NONE',  ( 28.84477099867147487, 9.487847544181342130, 21.99999800000000150 ) ) ;
#2811 = ORIENTED_EDGE ( 'NONE', *, *, #3895, .T. ) ;
#2812 = AXIS2_PLACEMENT_3D ( 'NONE', #5646, #1636, #4979 ) ;
#2813 = LINE ( 'NONE', #2360, #3914 ) ;
#2814 = ORIENTED_EDGE ( 'NONE', *, *, #472, .F. ) ;
#2815 = LINE ( 'NONE', #6731, #692 ) ;
#2816 = CIRCLE ( 'NONE', #5633, 1.000000000000000888 ) ;
#2817 = PLANE ( 'NONE',  #2491 ) ;
#2818 = ORIENTED_EDGE ( 'NONE', *, *, #104, .T. ) ;
#2819 = DIRECTION ( 'NONE',  ( 1.000000000000000000, 0.000000000000000000, 0.000000000000000000 ) ) ;
#2820 = AXIS2_PLACEMENT_3D ( 'NONE', #226, #4169, #6377 ) ;
#2821 = VECTOR ( 'NONE', #5166, 1000.000000000000000 ) ;
#2822 = ORIENTED_EDGE ( 'NONE', *, *, #4341, .F. ) ;
#2823 = CARTESIAN_POINT ( 'NONE',  ( 25.17256886578572406, 24.23356856378586954, 22.78987598034635198 ) ) ;
#2824 = FACE_OUTER_BOUND ( 'NONE', #6523, .T. ) ;
#2825 = EDGE_CURVE ( 'NONE', #7181, #6446, #1803, .T. ) ;
#2826 = CARTESIAN_POINT ( 'NONE',  ( 23.77041731924840917, -27.15701222568254281, 23.01233370780627041 ) ) ;
#2827 = ORIENTED_EDGE ( 'NONE', *, *, #2010, .F. ) ;
#2828 = ORIENTED_EDGE ( 'NONE', *, *, #4544, .F. ) ;
#2829 = DIRECTION ( 'NONE',  ( 0.000000000000000000, 0.000000000000000000, -1.000000000000000000 ) ) ;
#2830 = CARTESIAN_POINT ( 'NONE',  ( 40.39477099867147558, -12.51215245581865609, 21.99999800000000150 ) ) ;
#2831 = EDGE_CURVE ( 'NONE', #6471, #3599, #4836, .T. ) ;
#2832 = LINE ( 'NONE', #5692, #787 ) ;
#2833 = LINE ( 'NONE', #6678, #6775 ) ;
#2834 = CARTESIAN_POINT ( 'NONE',  ( 25.77150857879980350, 24.12857876091371168, 23.06723023368108016 ) ) ;
#2835 = EDGE_LOOP ( 'NONE', ( #6756, #6717, #4331, #1073 ) ) ;
#2836 = LINE ( 'NONE', #5553, #5981 ) ;
#2837 = VERTEX_POINT ( 'NONE', #6898 ) ;
#2838 = ORIENTED_EDGE ( 'NONE', *, *, #1977, .T. ) ;
#2839 = CARTESIAN_POINT ( 'NONE',  ( 23.41981194836229818, -27.11257991895208264, 23.11816608938725182 ) ) ;
#2840 = CIRCLE ( 'NONE', #2851, 1.000000000000000888 ) ;
#2841 = DIRECTION ( 'NONE',  ( 0.000000000000000000, 0.000000000000000000, 1.000000000000000000 ) ) ;
#2842 = CARTESIAN_POINT ( 'NONE',  ( 41.39477099867146848, 9.487847544181342130, 23.19999800000000079 ) ) ;
#2843 = LINE ( 'NONE', #6191, #3848 ) ;
#2844 = EDGE_CURVE ( 'NONE', #5880, #7117, #2135, .T. ) ;
#2845 = ORIENTED_EDGE ( 'NONE', *, *, #3383, .F. ) ;
#2846 = EDGE_CURVE ( 'NONE', #1196, #1746, #1250, .T. ) ;
#2847 = ORIENTED_EDGE ( 'NONE', *, *, #6646, .T. ) ;
#2848 = CLOSED_SHELL ( 'NONE', ( #4737, #7191, #6871, #3737, #4870, #6274, #4477, #2231, #150, #5575, #2783, #16, #1371, #3877, #3301, #5928, #5719, #855, #3847, #7239, #5204, #815, #1332, #4644, #1637, #6214, #3706, #5126, #518, #2128, #2009, #6364, #5684, #6306, #1634, #1691, #6957, #5235, #5517, #2195, #6359, #963, #2084, #7237, #258, #4383, #881, #5641, #1829, #3564, #5720, #5033, #5279, #4249, #5532, #3638, #1933, #44, #7263, #1852, #6045, #902, #6423, #1189, #4692, #4245, #6931, #6691, #2524, #7001, #4471, #5310, #1821, #628, #2429, #3791, #2437, #424, #6127, #4940, #24, #6394, #3215, #5804, #1902, #953, #6738, #2459, #3715, #5152, #1503, #1931, #3898, #6683, #5162, #1571, #6244, #3858, #2730, #589, #5697, #865, #4594, #4012, #132, #2133, #4770, #6594, #4629, #4812, #2174, #3570, #6513, #1307, #2979, #690, #3940, #5215, #463, #6623, #3563, #5190, #2439, #330, #2416, #6318, #7147, #3615, #3158, #4413, #3478, #6736, #2458, #5450, #5657, #962, #3500, #1093, #7128, #6822, #566, #1569, #4202, #4521, #1449, #4446, #390, #6696, #6104, #647, #3609, #6247, #363, #5397, #653, #5364, #6038, #4070, #5639, #2087, #608, #3019, #198, #3264, #3572, #2939, #3116, #6469, #1995, #514, #1422, #3186, #1129, #3474, #3057, #1808, #4370, #5987, #3194, #955, #4123, #6403, #5611, #3347, #1392, #1393, #4319, #3045, #3114, #1536, #6309, #5233, #1217, #2614, #3503, #2218, #4665, #3761, #6781, #6120, #189, #37, #633, #1351, #4914, #1499, #6489, #4627, #4611, #563, #1963, #709, #2242, #6171, #913, #3222, #1308, #2152, #5600, #3663, #6847, #190, #5583, #106, #3240, #6496, #5475 ) ) ;
#2849 = CARTESIAN_POINT ( 'NONE',  ( 25.85622236116942219, -27.20757705917035807, 23.02851183472248664 ) ) ;
#2850 = DIRECTION ( 'NONE',  ( -0.000000000000000000, -0.000000000000000000, 1.000000000000000000 ) ) ;
#2851 = AXIS2_PLACEMENT_3D ( 'NONE', #3537, #5010, #3861 ) ;
#2852 = EDGE_LOOP ( 'NONE', ( #4414, #3016, #2610, #92 ) ) ;
#2853 = VERTEX_POINT ( 'NONE', #6656 ) ;
#2854 = DIRECTION ( 'NONE',  ( -0.7071067811865536790, 0.000000000000000000, -0.7071067811865414665 ) ) ;
#2855 = EDGE_CURVE ( 'NONE', #5047, #3679, #6084, .T. ) ;
#2856 = LINE ( 'NONE', #6844, #4966 ) ;
#2857 = AXIS2_PLACEMENT_3D ( 'NONE', #7245, #2029, #2175 ) ;
#2858 = EDGE_CURVE ( 'NONE', #1917, #3979, #1665, .T. ) ;
#2859 = ORIENTED_EDGE ( 'NONE', *, *, #3023, .T. ) ;
#2860 = DIRECTION ( 'NONE',  ( 1.000000000000000000, 0.000000000000000000, 0.000000000000000000 ) ) ;
#2861 = AXIS2_PLACEMENT_3D ( 'NONE', #5247, #4071, #6302 ) ;
#2862 = CIRCLE ( 'NONE', #6974, 0.6499999967711296289 ) ;
#2863 = EDGE_LOOP ( 'NONE', ( #5541, #1767, #2772, #2704 ) ) ;
#2864 = VECTOR ( 'NONE', #5097, 1000.000000000000000 ) ;
#2865 = LINE ( 'NONE', #6204, #1274 ) ;
#2866 = DIRECTION ( 'NONE',  ( 0.000000000000000000, 0.000000000000000000, 1.000000000000000000 ) ) ;
#2867 = ORIENTED_EDGE ( 'NONE', *, *, #4412, .F. ) ;
#2868 = VERTEX_POINT ( 'NONE', #1079 ) ;
#2869 = EDGE_CURVE ( 'NONE', #6021, #7249, #5565, .T. ) ;
#2870 = CARTESIAN_POINT ( 'NONE',  ( 24.69849011171107378, -0.9132144435829837592, 18.40359731999999937 ) ) ;
#2871 = CARTESIAN_POINT ( 'NONE',  ( 9.082623226170039032, -1.512152455818657204, 21.40359731999999937 ) ) ;
#2872 = CARTESIAN_POINT ( 'NONE',  ( 46.77693567419034792, -1.512541410494206096, 18.40359731999999937 ) ) ;
#2873 = LINE ( 'NONE', #631, #3728 ) ;
#2874 = EDGE_CURVE ( 'NONE', #6411, #304, #915, .T. ) ;
#2875 = ORIENTED_EDGE ( 'NONE', *, *, #2259, .F. ) ;
#2876 = DIRECTION ( 'NONE',  ( -0.000000000000000000, 0.000000000000000000, 1.000000000000000000 ) ) ;
#2877 = EDGE_LOOP ( 'NONE', ( #2505, #6202, #2045, #4773, #5871, #1246, #2992, #1404 ) ) ;
#2878 = LINE ( 'NONE', #8, #3806 ) ;
#2879 = EDGE_CURVE ( 'NONE', #47, #597, #5802, .T. ) ;
#2880 = DIRECTION ( 'NONE',  ( -0.000000000000000000, -0.000000000000000000, -1.000000000000000000 ) ) ;
#2881 = DIRECTION ( 'NONE',  ( -0.000000000000000000, -0.000000000000000000, 1.000000000000000000 ) ) ;
#2882 = DIRECTION ( 'NONE',  ( -0.000000000000000000, 1.000000000000000000, 0.000000000000000000 ) ) ;
#2883 = ORIENTED_EDGE ( 'NONE', *, *, #3529, .F. ) ;
#2884 = VECTOR ( 'NONE', #6190, 999.9999999999998863 ) ;
#2885 = CARTESIAN_POINT ( 'NONE',  ( 25.83663684248383774, -27.17963556797106861, 23.05729991001902590 ) ) ;
#2886 = CYLINDRICAL_SURFACE ( 'NONE', #1291, 0.7500000000000006661 ) ;
#2887 = ORIENTED_EDGE ( 'NONE', *, *, #3065, .T. ) ;
#2888 = ORIENTED_EDGE ( 'NONE', *, *, #5846, .F. ) ;
#2889 = DIRECTION ( 'NONE',  ( 1.000000000000000000, 0.000000000000000000, 0.000000000000000000 ) ) ;
#2890 = VECTOR ( 'NONE', #4494, 1000.000000000000000 ) ;
#2891 = CARTESIAN_POINT ( 'NONE',  ( 31.54477099867147061, 9.487847544181342130, 21.99999800000000150 ) ) ;
#2892 = ORIENTED_EDGE ( 'NONE', *, *, #5452, .F. ) ;
#2893 = DIRECTION ( 'NONE',  ( 0.000000000000000000, 0.000000000000000000, 1.000000000000000000 ) ) ;
#2894 = VECTOR ( 'NONE', #3611, 1000.000000000000000 ) ;
#2895 = AXIS2_PLACEMENT_3D ( 'NONE', #1478, #2882, #3432 ) ;
#2896 = EDGE_CURVE ( 'NONE', #6619, #2522, #1979, .T. ) ;
#2897 = EDGE_CURVE ( 'NONE', #2042, #6126, #833, .T. ) ;
#2898 = CARTESIAN_POINT ( 'NONE',  ( 23.93357471636466016, 24.22650463279184407, 22.85687452510801521 ) ) ;
#2899 = CARTESIAN_POINT ( 'NONE',  ( 38.89477099867147558, 9.487847544181342130, 22.99999799999999794 ) ) ;
#2900 = AXIS2_PLACEMENT_3D ( 'NONE', #1764, #1798, #4634 ) ;
#2901 = VERTEX_POINT ( 'NONE', #5363 ) ;
#2902 = EDGE_CURVE ( 'NONE', #1917, #3631, #7008, .T. ) ;
#2903 = DIRECTION ( 'NONE',  ( 1.000000000000000000, 0.000000000000000000, 0.000000000000000000 ) ) ;
#2904 = AXIS2_PLACEMENT_3D ( 'NONE', #2678, #2715, #513 ) ;
#2905 = FACE_OUTER_BOUND ( 'NONE', #1740, .T. ) ;
#2906 = DIRECTION ( 'NONE',  ( 0.000000000000000000, 0.000000000000000000, 1.000000000000000000 ) ) ;
#2907 = DIRECTION ( 'NONE',  ( 1.000000000000000000, 0.000000000000000000, 0.000000000000000000 ) ) ;
#2908 = EDGE_LOOP ( 'NONE', ( #4126, #2048, #5158, #5231 ) ) ;
#2909 = DIRECTION ( 'NONE',  ( -1.000000000000000000, 0.000000000000000000, 0.000000000000000000 ) ) ;
#2910 = ORIENTED_EDGE ( 'NONE', *, *, #3993, .T. ) ;
#2911 = CARTESIAN_POINT ( 'NONE',  ( 23.11076921640285420, -27.01277288667487042, 23.19999800000000079 ) ) ;
#2912 = DIRECTION ( 'NONE',  ( 1.000000000000000000, 0.000000000000000000, 0.000000000000000000 ) ) ;
#2913 = CARTESIAN_POINT ( 'NONE',  ( 28.09477099867147487, -12.51215245581865609, 21.99999800000000150 ) ) ;
#2914 = CARTESIAN_POINT ( 'NONE',  ( 46.77696098105594302, -0.07603404950738323897, 8.999997999999999720 ) ) ;
#2915 = EDGE_CURVE ( 'NONE', #2154, #344, #5876, .T. ) ;
#2916 = ORIENTED_EDGE ( 'NONE', *, *, #4798, .F. ) ;
#2917 = VECTOR ( 'NONE', #3049, 1000.000000000000000 ) ;
#2918 = CARTESIAN_POINT ( 'NONE',  ( 26.14477099867147203, -12.51215245581865609, 22.99999799999999794 ) ) ;
#2919 = CARTESIAN_POINT ( 'NONE',  ( 8.630438470952363161, 5.206785556416654082, 22.99999800000000505 ) ) ;
#2920 = ORIENTED_EDGE ( 'NONE', *, *, #6930, .T. ) ;
#2921 = B_SPLINE_CURVE_WITH_KNOTS ( 'NONE', 3,
 ( #6193, #2885, #2849, #6725 ),
 .UNSPECIFIED., .F., .F.,
 ( 4, 4 ),
 ( 0.000000000000000000, 1.000000000000000000 ),
 .UNSPECIFIED. ) ;
#2922 = ORIENTED_EDGE ( 'NONE', *, *, #3436, .F. ) ;
#2923 = CARTESIAN_POINT ( 'NONE',  ( 7.030438470952709018, -2.763214443583704938, 31.63375372154084175 ) ) ;
#2924 = DIRECTION ( 'NONE',  ( 0.000000000000000000, 0.000000000000000000, -1.000000000000000000 ) ) ;
#2925 = ORIENTED_EDGE ( 'NONE', *, *, #856, .T. ) ;
#2926 = PLANE ( 'NONE',  #2933 ) ;
#2927 = AXIS2_PLACEMENT_3D ( 'NONE', #6792, #634, #2876 ) ;
#2928 = CARTESIAN_POINT ( 'NONE',  ( 24.56760840681154079, 24.23752056319320758, 22.75174457679603179 ) ) ;
#2929 = DIRECTION ( 'NONE',  ( 0.000000000000000000, 0.000000000000000000, -1.000000000000000000 ) ) ;
#2930 = AXIS2_PLACEMENT_3D ( 'NONE', #5146, #3966, #6194 ) ;
#2931 = ORIENTED_EDGE ( 'NONE', *, *, #1178, .T. ) ;
#2932 = EDGE_CURVE ( 'NONE', #4840, #6086, #5616, .T. ) ;
#2933 = AXIS2_PLACEMENT_3D ( 'NONE', #5686, #5155, #2374 ) ;
#2934 = EDGE_CURVE ( 'NONE', #3021, #6993, #4203, .T. ) ;
#2935 = DIRECTION ( 'NONE',  ( -1.000000000000000000, -0.000000000000000000, 0.000000000000000000 ) ) ;
#2936 = VECTOR ( 'NONE', #4273, 1000.000000000000000 ) ;
#2937 = DIRECTION ( 'NONE',  ( 1.000000000000000000, 0.000000000000000000, 0.000000000000000000 ) ) ;
#2938 = EDGE_CURVE ( 'NONE', #4284, #782, #4278, .T. ) ;
#2939 = ADVANCED_FACE ( 'NONE', ( #2528 ), #4777, .T. ) ;
#2940 = CARTESIAN_POINT ( 'NONE',  ( 20.86549410864508403, 0.6268492555683596867, 21.40359731999999937 ) ) ;
#2941 = LINE ( 'NONE', #3567, #2068 ) ;
#2942 = CARTESIAN_POINT ( 'NONE',  ( 31.54477099867147061, 9.487847544181342130, 22.99999799999999794 ) ) ;
#2943 = ORIENTED_EDGE ( 'NONE', *, *, #72, .T. ) ;
#2944 = AXIS2_PLACEMENT_3D ( 'NONE', #617, #3482, #2860 ) ;
#2945 = DIRECTION ( 'NONE',  ( 1.000000000000000000, 0.000000000000000000, 0.000000000000000000 ) ) ;
#2946 = CARTESIAN_POINT ( 'NONE',  ( 24.69849011171107378, 21.53784716418134693, 21.59999800000001002 ) ) ;
#2947 = DIRECTION ( 'NONE',  ( -1.000000000000000000, 0.000000000000000000, 0.000000000000000000 ) ) ;
#2948 = DIRECTION ( 'NONE',  ( 1.000000000000000000, 0.000000000000000000, 0.000000000000000000 ) ) ;
#2949 = CARTESIAN_POINT ( 'NONE',  ( 7.630438470952453756, -8.063214443583346380, 8.998998000000000275 ) ) ;
#2950 = DIRECTION ( 'NONE',  ( -0.000000000000000000, -0.000000000000000000, -1.000000000000000000 ) ) ;
#2951 = CYLINDRICAL_SURFACE ( 'NONE', #2228, 0.7500000000000006661 ) ;
#2952 = VERTEX_POINT ( 'NONE', #1425 ) ;
#2953 = DIRECTION ( 'NONE',  ( 1.000000000000000000, 0.000000000000000000, 0.000000000000000000 ) ) ;
#2954 = LINE ( 'NONE', #2435, #1519 ) ;
#2955 = DIRECTION ( 'NONE',  ( -1.462890879734001004E-19, -0.000000000000000000, 1.000000000000000000 ) ) ;
#2956 = ORIENTED_EDGE ( 'NONE', *, *, #792, .F. ) ;
#2957 = ORIENTED_EDGE ( 'NONE', *, *, #1186, .T. ) ;
#2958 = CIRCLE ( 'NONE', #6483, 0.2000000000000005107 ) ;
#2959 = EDGE_CURVE ( 'NONE', #1058, #7102, #2460, .T. ) ;
#2960 = DIRECTION ( 'NONE',  ( 1.000000000000000000, 0.000000000000000000, 0.000000000000000000 ) ) ;
#2961 = VECTOR ( 'NONE', #2652, 1000.000000000000000 ) ;
#2962 = CARTESIAN_POINT ( 'NONE',  ( 25.62656290417374549, 24.13270731404524838, 23.01233370780625975 ) ) ;
#2963 = CARTESIAN_POINT ( 'NONE',  ( 24.29515672133360482, -27.25904085830871537, 22.77866260726911918 ) ) ;
#2964 = AXIS2_PLACEMENT_3D ( 'NONE', #6872, #1807, #6905 ) ;
#2965 = AXIS2_PLACEMENT_3D ( 'NONE', #5689, #1128, #6741 ) ;
#2966 = VERTEX_POINT ( 'NONE', #4670 ) ;
#2967 = VECTOR ( 'NONE', #5655, 1000.000000000000000 ) ;
#2968 = CARTESIAN_POINT ( 'NONE',  ( 6.030438470952720564, -1.512152455818667418, 31.63375372154084175 ) ) ;
#2969 = AXIS2_PLACEMENT_3D ( 'NONE', #4318, #2576, #7207 ) ;
#2970 = CIRCLE ( 'NONE', #2741, 2.919999999999999041 ) ;
#2971 = EDGE_CURVE ( 'NONE', #7122, #3781, #5491, .T. ) ;
#2972 = CARTESIAN_POINT ( 'NONE',  ( 31.33349227759007505, -14.01615056132663995, 18.40359731999999937 ) ) ;
#2973 = CARTESIAN_POINT ( 'NONE',  ( 31.54477099867147061, -12.51215245581865609, 21.99999800000000150 ) ) ;
#2974 = LINE ( 'NONE', #6253, #770 ) ;
#2975 = DIRECTION ( 'NONE',  ( 1.000000000000000000, 0.000000000000000000, 0.000000000000000000 ) ) ;
#2976 = CARTESIAN_POINT ( 'NONE',  ( 44.85549337622308030, -4.623571175818640633, 19.20359732000000008 ) ) ;
#2977 = EDGE_CURVE ( 'NONE', #1956, #5934, #6565, .T. ) ;
#2978 = DIRECTION ( 'NONE',  ( 1.000000000000000000, 1.355252715607184747E-16, -0.000000000000000000 ) ) ;
#2979 = ADVANCED_FACE ( 'NONE', ( #6402 ), #3610, .F. ) ;
#2980 = CARTESIAN_POINT ( 'NONE',  ( 21.66549410864508118, 0.4268492555683598422, 19.20359732000000008 ) ) ;
#2981 = DIRECTION ( 'NONE',  ( 0.000000000000000000, 0.000000000000000000, -1.000000000000000000 ) ) ;
#2982 = CARTESIAN_POINT ( 'NONE',  ( 37.69477099867147274, 9.487847544181342130, 22.99999799999999794 ) ) ;
#2983 = CARTESIAN_POINT ( 'NONE',  ( 35.19477099867147274, -12.51215245581865609, 23.19999800000000079 ) ) ;
#2984 = FACE_OUTER_BOUND ( 'NONE', #1324, .T. ) ;
#2985 = EDGE_CURVE ( 'NONE', #6858, #1367, #7292, .T. ) ;
#2986 = EDGE_LOOP ( 'NONE', ( #4913, #4859, #1994, #4119 ) ) ;
#2987 = DIRECTION ( 'NONE',  ( 1.462890879734001726E-19, 1.610801296603465303E-20, -1.000000000000000000 ) ) ;
#2988 = DIRECTION ( 'NONE',  ( -1.000000000000000000, 0.000000000000000000, 0.000000000000000000 ) ) ;
#2989 = CYLINDRICAL_SURFACE ( 'NONE', #5935, 1.520000000000000462 ) ;
#2990 = EDGE_LOOP ( 'NONE', ( #2060, #3442, #2593, #5167 ) ) ;
#2991 = AXIS2_PLACEMENT_3D ( 'NONE', #3466, #5704, #2393 ) ;
#2992 = ORIENTED_EDGE ( 'NONE', *, *, #1177, .T. ) ;
#2993 = FACE_OUTER_BOUND ( 'NONE', #2724, .T. ) ;
#2994 = AXIS2_PLACEMENT_3D ( 'NONE', #2973, #5199, #6365 ) ;
#2995 = CARTESIAN_POINT ( 'NONE',  ( 23.26153380702929852, 24.11502097912925180, 23.23457458857063074 ) ) ;
#2996 = FACE_OUTER_BOUND ( 'NONE', #1686, .T. ) ;
#2997 = VECTOR ( 'NONE', #1591, 1000.000000000000000 ) ;
#2998 = ORIENTED_EDGE ( 'NONE', *, *, #1243, .F. ) ;
#2999 = EDGE_LOOP ( 'NONE', ( #437, #14, #3579, #7285 ) ) ;
#3000 = AXIS2_PLACEMENT_3D ( 'NONE', #4780, #3091, #1982 ) ;
#3001 = EDGE_CURVE ( 'NONE', #326, #5377, #4456, .T. ) ;
#3002 = CARTESIAN_POINT ( 'NONE',  ( 23.52106251918314683, 24.21091431827251839, 22.99999799970561654 ) ) ;
#3003 = ORIENTED_EDGE ( 'NONE', *, *, #5210, .F. ) ;
#3004 = VECTOR ( 'NONE', #4814, 1000.000000000000000 ) ;
#3005 = CARTESIAN_POINT ( 'NONE',  ( 6.030438470952718788, 1.686785556416287024, 21.40359731999999937 ) ) ;
#3006 = VECTOR ( 'NONE', #5134, 1000.000000000000000 ) ;
#3007 = CARTESIAN_POINT ( 'NONE',  ( 40.20749282690608339, -15.01615056132663995, 19.20359732000000008 ) ) ;
#3008 = ORIENTED_EDGE ( 'NONE', *, *, #4545, .T. ) ;
#3009 = DIRECTION ( 'NONE',  ( -0.7114425483935286065, 0.7027442638224247196, 0.000000000000000000 ) ) ;
#3010 = DIRECTION ( 'NONE',  ( 0.000000000000000000, 0.000000000000000000, -1.000000000000000000 ) ) ;
#3011 = LINE ( 'NONE', #1899, #6969 ) ;
#3012 = DIRECTION ( 'NONE',  ( -0.000000000000000000, -0.000000000000000000, -1.000000000000000000 ) ) ;
#3013 = CARTESIAN_POINT ( 'NONE',  ( 7.030438470952709018, -2.763214443583704938, 21.40359731999999937 ) ) ;
#3014 = CARTESIAN_POINT ( 'NONE',  ( 32.33349227759007505, -14.01615056132663995, 18.40359731999999937 ) ) ;
#3015 = DIRECTION ( 'NONE',  ( -0.000000000000000000, 1.000000000000000000, 0.000000000000000000 ) ) ;
#3016 = ORIENTED_EDGE ( 'NONE', *, *, #3001, .F. ) ;
#3017 = DIRECTION ( 'NONE',  ( 0.000000000000000000, 0.000000000000000000, 1.000000000000000000 ) ) ;
#3018 = EDGE_CURVE ( 'NONE', #814, #6506, #6101, .T. ) ;
#3019 = ADVANCED_FACE ( 'NONE', ( #517 ), #3876, .T. ) ;
#3020 = CARTESIAN_POINT ( 'NONE',  ( 26.14477099867147203, 9.487847544181342130, 21.99999800000000150 ) ) ;
#3021 = VERTEX_POINT ( 'NONE', #480 ) ;
#3022 = DIRECTION ( 'NONE',  ( -0.000000000000000000, 1.000000000000000000, 0.000000000000000000 ) ) ;
#3023 = EDGE_CURVE ( 'NONE', #1557, #2405, #1622, .T. ) ;
#3024 = VECTOR ( 'NONE', #2978, 1000.000000000000000 ) ;
#3025 = CARTESIAN_POINT ( 'NONE',  ( 24.04921318906150063, 24.22970952611902362, 22.82665766350386249 ) ) ;
#3026 = PLANE ( 'NONE',  #3716 ) ;
#3027 = VERTEX_POINT ( 'NONE', #1029 ) ;
#3028 = EDGE_CURVE ( 'NONE', #4459, #5754, #2166, .T. ) ;
#3029 = ORIENTED_EDGE ( 'NONE', *, *, #5280, .T. ) ;
#3030 = DIRECTION ( 'NONE',  ( 0.000000000000000000, 0.000000000000000000, 1.000000000000000000 ) ) ;
#3031 = CIRCLE ( 'NONE', #5974, 1.000000000000000888 ) ;
#3032 = CARTESIAN_POINT ( 'NONE',  ( 24.05709956073870259, 24.13899729252123905, 22.92443617993384919 ) ) ;
#3033 = CARTESIAN_POINT ( 'NONE',  ( 44.85549337622308030, 11.47584852314635206, 19.20359732000000008 ) ) ;
#3034 = VECTOR ( 'NONE', #6589, 1000.000000000000000 ) ;
#3035 = EDGE_LOOP ( 'NONE', ( #929, #7303, #3056, #6762 ) ) ;
#3036 = DIRECTION ( 'NONE',  ( -0.000000000000000000, -0.000000000000000000, 1.000000000000000000 ) ) ;
#3037 = DIRECTION ( 'NONE',  ( -1.000000000000000000, 0.000000000000000000, 0.000000000000000000 ) ) ;
#3038 = EDGE_CURVE ( 'NONE', #2042, #3268, #2210, .T. ) ;
#3039 = CIRCLE ( 'NONE', #586, 1.200000000000013500 ) ;
#3040 = VECTOR ( 'NONE', #4402, 1000.000000000000000 ) ;
#3041 = LINE ( 'NONE', #1865, #4537 ) ;
#3042 = ORIENTED_EDGE ( 'NONE', *, *, #2807, .F. ) ;
#3043 = CARTESIAN_POINT ( 'NONE',  ( 20.02849441382008422, 1.426849255568360508, 18.40359731999999937 ) ) ;
#3044 = CARTESIAN_POINT ( 'NONE',  ( 6.030438470952724117, -1.512152455818667418, 18.40359731999999937 ) ) ;
#3045 = ADVANCED_FACE ( 'NONE', ( #376 ), #3309, .F. ) ;
#3046 = CYLINDRICAL_SURFACE ( 'NONE', #3678, 0.05000000000000143219 ) ;
#3047 = VECTOR ( 'NONE', #841, 1000.000000000000000 ) ;
#3048 = AXIS2_PLACEMENT_3D ( 'NONE', #3498, #4599, #1382 ) ;
#3049 = DIRECTION ( 'NONE',  ( -1.462890879734001726E-19, -2.478233546745619579E-35, 1.000000000000000000 ) ) ;
#3050 = DIRECTION ( 'NONE',  ( -1.577021341797097560E-16, -1.000000000000000000, 0.000000000000000000 ) ) ;
#3051 = DIRECTION ( 'NONE',  ( -1.000000000000000000, 0.000000000000000000, 0.000000000000000000 ) ) ;
#3052 = CARTESIAN_POINT ( 'NONE',  ( 32.29477099867147416, -1.512152455818657204, 21.99999800000000150 ) ) ;
#3053 = VECTOR ( 'NONE', #682, 1000.000000000000000 ) ;
#3054 = LINE ( 'NONE', #5286, #1563 ) ;
#3055 = DIRECTION ( 'NONE',  ( 0.000000000000000000, 0.000000000000000000, -1.000000000000000000 ) ) ;
#3056 = ORIENTED_EDGE ( 'NONE', *, *, #3707, .T. ) ;
#3057 = ADVANCED_FACE ( 'NONE', ( #5548 ), #4851, .F. ) ;
#3058 = CARTESIAN_POINT ( 'NONE',  ( 21.66549410864507763, -1.512152455818647434, 21.40359731999999937 ) ) ;
#3059 = EDGE_CURVE ( 'NONE', #2049, #2154, #3768, .T. ) ;
#3060 = DIRECTION ( 'NONE',  ( 1.000000000000000000, 0.000000000000000000, 0.000000000000000000 ) ) ;
#3061 = CARTESIAN_POINT ( 'NONE',  ( 24.69849011171107378, 21.53784716418134693, 96.03199646221435160 ) ) ;
#3062 = ORIENTED_EDGE ( 'NONE', *, *, #5018, .T. ) ;
#3063 = ORIENTED_EDGE ( 'NONE', *, *, #3627, .T. ) ;
#3064 = LINE ( 'NONE', #2441, #706 ) ;
#3065 = EDGE_CURVE ( 'NONE', #5123, #4722, #7127, .T. ) ;
#3066 = EDGE_CURVE ( 'NONE', #4516, #2837, #100, .T. ) ;
#3067 = CARTESIAN_POINT ( 'NONE',  ( 24.37713890264167560, 24.14320292320601169, 22.86208157013221154 ) ) ;
#3068 = CARTESIAN_POINT ( 'NONE',  ( 25.34776703429957934, -27.25401443775775334, 22.82665766349033731 ) ) ;
#3069 = CIRCLE ( 'NONE', #3794, 1.000000000000000888 ) ;
#3070 = VERTEX_POINT ( 'NONE', #4389 ) ;
#3071 = ORIENTED_EDGE ( 'NONE', *, *, #6358, .F. ) ;
#3072 = ORIENTED_EDGE ( 'NONE', *, *, #6821, .F. ) ;
#3073 = ORIENTED_EDGE ( 'NONE', *, *, #5147, .F. ) ;
#3074 = CARTESIAN_POINT ( 'NONE',  ( 31.33349227759007505, -14.01615056132663995, 19.20359732000000008 ) ) ;
#3075 = ORIENTED_EDGE ( 'NONE', *, *, #472, .T. ) ;
#3076 = CIRCLE ( 'NONE', #3205, 1.000000000000000888 ) ;
#3077 = CARTESIAN_POINT ( 'NONE',  ( 38.89477099867147558, -1.512152455818657204, 21.99999800000000150 ) ) ;
#3078 = AXIS2_PLACEMENT_3D ( 'NONE', #5574, #4524, #6777 ) ;
#3079 = CARTESIAN_POINT ( 'NONE',  ( 24.62544500873071485, -27.26207093445298923, 22.74936193110813676 ) ) ;
#3081 = ORIENTED_EDGE ( 'NONE', *, *, #3593, .F. ) ;
#3080 = AXIS2_PLACEMENT_3D ( 'NONE', #5768, #699, #2945 ) ;
#3082 = CARTESIAN_POINT ( 'NONE',  ( 36.98149282690607720, 7.065850720411353869, 19.20359732000000008 ) ) ;
#3083 = FACE_BOUND ( 'NONE', #1160, .T. ) ;
#3084 = DIRECTION ( 'NONE',  ( 1.000000000000000000, 0.000000000000000000, 0.000000000000000000 ) ) ;
#3085 = VECTOR ( 'NONE', #3036, 1000.000000000000000 ) ;
#3086 = DIRECTION ( 'NONE',  ( 1.000000000000000000, 1.355252715607187705E-16, -0.000000000000000000 ) ) ;
#3087 = EDGE_CURVE ( 'NONE', #2677, #6424, #3804, .T. ) ;
#3088 = CARTESIAN_POINT ( 'NONE',  ( 20.86549410864508403, 0.6268492555683596867, 21.40359731999999937 ) ) ;
#3089 = DIRECTION ( 'NONE',  ( -0.000000000000000000, -0.000000000000000000, 1.000000000000000000 ) ) ;
#3090 = EDGE_CURVE ( 'NONE', #3378, #6999, #6638, .T. ) ;
#3091 = DIRECTION ( 'NONE',  ( 1.462890879734001726E-19, 1.610801296603465303E-20, -1.000000000000000000 ) ) ;
#3092 = ORIENTED_EDGE ( 'NONE', *, *, #5191, .F. ) ;
#3093 = DIRECTION ( 'NONE',  ( 0.000000000000000000, 0.000000000000000000, -1.000000000000000000 ) ) ;
#3094 = EDGE_CURVE ( 'NONE', #224, #6096, #4105, .T. ) ;
#3095 = CARTESIAN_POINT ( 'NONE',  ( 43.85549282690607242, -9.733150561326636918, 19.20359732000000008 ) ) ;
#3096 = ORIENTED_EDGE ( 'NONE', *, *, #3832, .T. ) ;
#3097 = ORIENTED_EDGE ( 'NONE', *, *, #5869, .F. ) ;
#3098 = CARTESIAN_POINT ( 'NONE',  ( 20.02849441382008422, 1.426849255568360508, 21.40359731999999937 ) ) ;
#3099 = PLANE ( 'NONE',  #6264 ) ;
#3100 = ORIENTED_EDGE ( 'NONE', *, *, #5923, .F. ) ;
#3101 = DIRECTION ( 'NONE',  ( -0.000000000000000000, -0.000000000000000000, -1.000000000000000000 ) ) ;
#3102 = ORIENTED_EDGE ( 'NONE', *, *, #1114, .F. ) ;
#3103 = SURFACE_SIDE_STYLE ('',( #851 ) ) ;
#3104 = ORIENTED_EDGE ( 'NONE', *, *, #727, .F. ) ;
#3105 = EDGE_LOOP ( 'NONE', ( #6570, #1538, #5389, #1627 ) ) ;
#3106 = CARTESIAN_POINT ( 'NONE',  ( 34.24477099867146990, -12.51215245581865609, 21.99999800000000150 ) ) ;
#3107 = LINE ( 'NONE', #2550, #965 ) ;
#3108 = CARTESIAN_POINT ( 'NONE',  ( 9.630438470952361385, 5.206785556416654082, 22.99999800000000505 ) ) ;
#3109 = VECTOR ( 'NONE', #2314, 1000.000000000000000 ) ;
#3110 = LINE ( 'NONE', #1271, #4149 ) ;
#3111 = ORIENTED_EDGE ( 'NONE', *, *, #6994, .F. ) ;
#3112 = ORIENTED_EDGE ( 'NONE', *, *, #5359, .F. ) ;
#3113 = ORIENTED_EDGE ( 'NONE', *, *, #1543, .F. ) ;
#3114 = ADVANCED_FACE ( 'NONE', ( #3204 ), #4351, .T. ) ;
#3115 = AXIS2_PLACEMENT_3D ( 'NONE', #5027, #630, #3986 ) ;
#3116 = ADVANCED_FACE ( 'NONE', ( #1580 ), #3841, .T. ) ;
#3117 = LINE ( 'NONE', #6463, #497 ) ;
#3118 = ORIENTED_EDGE ( 'NONE', *, *, #1245, .F. ) ;
#3119 = DIRECTION ( 'NONE',  ( 0.000000000000000000, 0.000000000000000000, -1.000000000000000000 ) ) ;
#3120 = CIRCLE ( 'NONE', #1012, 25.74999999999999645 ) ;
#3121 = EDGE_CURVE ( 'NONE', #6192, #5083, #1854, .T. ) ;
#3122 = CARTESIAN_POINT ( 'NONE',  ( 26.00425491905594910, -27.22909651690385857, 23.05468615405289512 ) ) ;
#3123 = EDGE_LOOP ( 'NONE', ( #4429, #2822, #200, #7251 ) ) ;
#3124 = DIRECTION ( 'NONE',  ( 0.000000000000000000, 0.000000000000000000, 1.000000000000000000 ) ) ;
#3125 = CARTESIAN_POINT ( 'NONE',  ( 9.082623226170039032, 7.473333429580441667, 18.40359731999999937 ) ) ;
#3126 = CYLINDRICAL_SURFACE ( 'NONE', #397, 0.6499999967711291848 ) ;
#3127 = CONICAL_SURFACE ( 'NONE', #4884, 0.9999999999999991118, 0.7853981633974602694 ) ;
#3128 = VECTOR ( 'NONE', #261, 1000.000000000000000 ) ;
#3129 = DIRECTION ( 'NONE',  ( -1.000000000000000000, 0.000000000000000000, 0.000000000000000000 ) ) ;
#3130 = DIRECTION ( 'NONE',  ( 0.000000000000000000, -1.000000000000000000, 0.000000000000000000 ) ) ;
#3131 = DIRECTION ( 'NONE',  ( 1.000000000000000000, 0.000000000000000000, 0.000000000000000000 ) ) ;
#3132 = LINE ( 'NONE', #7051, #5816 ) ;
#3133 = VECTOR ( 'NONE', #6439, 1000.000000000000000 ) ;
#3134 = ORIENTED_EDGE ( 'NONE', *, *, #4468, .F. ) ;
#3135 = LINE ( 'NONE', #3735, #7190 ) ;
#3136 = DIRECTION ( 'NONE',  ( -0.7071067811865473507, 0.7071067811865477948, 0.000000000000000000 ) ) ;
#3137 = EDGE_LOOP ( 'NONE', ( #207, #6624, #5347, #5103 ) ) ;
#3138 =( GEOMETRIC_REPRESENTATION_CONTEXT ( 3 ) GLOBAL_UNCERTAINTY_ASSIGNED_CONTEXT ( ( #4751 ) ) GLOBAL_UNIT_ASSIGNED_CONTEXT ( ( #5337, #3585, #7026 ) ) REPRESENTATION_CONTEXT ( 'NONE', 'WORKASPACE' ) );
#3139 = LINE ( 'NONE', #5965, #4306 ) ;
#3140 = CARTESIAN_POINT ( 'NONE',  ( -0.9246057082889275192, 6.319848523146355923, 19.20359732000000008 ) ) ;
#3141 = VERTEX_POINT ( 'NONE', #1796 ) ;
#3142 = LINE ( 'NONE', #3179, #764 ) ;
#3143 = ORIENTED_EDGE ( 'NONE', *, *, #3984, .F. ) ;
#3144 = DIRECTION ( 'NONE',  ( 0.7027442638224183913, 0.7114425483935349348, 0.000000000000000000 ) ) ;
#3145 = ORIENTED_EDGE ( 'NONE', *, *, #6269, .F. ) ;
#3146 = DIRECTION ( 'NONE',  ( -1.000000000000000000, 0.000000000000000000, 0.000000000000000000 ) ) ;
#3147 = CARTESIAN_POINT ( 'NONE',  ( 45.04477099867147416, -12.51215245581865609, 21.99999800000000150 ) ) ;
#3148 = CARTESIAN_POINT ( 'NONE',  ( 43.85549337622307320, 7.319848523146356811, 19.20359732000000008 ) ) ;
#3149 = DIRECTION ( 'NONE',  ( -0.000000000000000000, -0.000000000000000000, 1.000000000000000000 ) ) ;
#3150 = ORIENTED_EDGE ( 'NONE', *, *, #6995, .F. ) ;
#3151 = AXIS2_PLACEMENT_3D ( 'NONE', #991, #4923, #411 ) ;
#3152 = CARTESIAN_POINT ( 'NONE',  ( 25.97716827505986004, 24.08827500731477755, 23.11816608938724826 ) ) ;
#3153 = ORIENTED_EDGE ( 'NONE', *, *, #4274, .F. ) ;
#3154 = ORIENTED_EDGE ( 'NONE', *, *, #3090, .F. ) ;
#3155 = CARTESIAN_POINT ( 'NONE',  ( 32.29477099867147416, 9.487847544181342130, 21.99999800000000150 ) ) ;
#3156 = VECTOR ( 'NONE', #4155, 1000.000000000000000 ) ;
#3157 = EDGE_CURVE ( 'NONE', #2723, #7242, #5966, .T. ) ;
#3158 = ADVANCED_FACE ( 'NONE', ( #6176 ), #627, .F. ) ;
#3159 = DIRECTION ( 'NONE',  ( 1.000000000000000000, 1.188166764367676441E-15, 0.000000000000000000 ) ) ;
#3160 = VERTEX_POINT ( 'NONE', #5098 ) ;
#3161 = DIRECTION ( 'NONE',  ( 0.000000000000000000, 0.000000000000000000, 1.000000000000000000 ) ) ;
#3162 = DIRECTION ( 'NONE',  ( 0.000000000000000000, 0.000000000000000000, -1.000000000000000000 ) ) ;
#3163 = CARTESIAN_POINT ( 'NONE',  ( 44.85549337622308030, 7.319848523146363029, 18.40359731999999937 ) ) ;
#3164 = CONICAL_SURFACE ( 'NONE', #925, 0.7499999999999972244, 0.7853981633974354004 ) ;
#3165 = EDGE_CURVE ( 'NONE', #5989, #6505, #6786, .T. ) ;
#3166 = CIRCLE ( 'NONE', #931, 25.75000000000000355 ) ;
#3167 = CARTESIAN_POINT ( 'NONE',  ( 33.49477099867146990, 9.487847544181342130, 22.99999799999999794 ) ) ;
#3168 = EDGE_CURVE ( 'NONE', #5690, #4880, #3421, .T. ) ;
#3169 = AXIS2_PLACEMENT_3D ( 'NONE', #5483, #2107, #1514 ) ;
#3170 = FACE_OUTER_BOUND ( 'NONE', #113, .T. ) ;
#3171 = DIRECTION ( 'NONE',  ( 0.000000000000000000, 0.000000000000000000, -1.000000000000000000 ) ) ;
#3172 = ORIENTED_EDGE ( 'NONE', *, *, #2037, .F. ) ;
#3173 = DIRECTION ( 'NONE',  ( -0.7027442638224049576, -0.7114425483935482575, 0.000000000000000000 ) ) ;
#3174 = CIRCLE ( 'NONE', #1282, 25.74999999999999645 ) ;
#3175 = DIRECTION ( 'NONE',  ( -1.000000000000000000, 0.000000000000000000, 0.000000000000000000 ) ) ;
#3176 = CARTESIAN_POINT ( 'NONE',  ( 7.630438470952408458, 0.8867855564166542415, 8.998998000000000275 ) ) ;
#3177 = LINE ( 'NONE', #3140, #2452 ) ;
#3178 = ORIENTED_EDGE ( 'NONE', *, *, #2353, .F. ) ;
#3179 = CARTESIAN_POINT ( 'NONE',  ( 26.05949410864507598, -4.623571175818640633, 19.20359732000000008 ) ) ;
#3180 = ORIENTED_EDGE ( 'NONE', *, *, #7280, .T. ) ;
#3181 = DIRECTION ( 'NONE',  ( -0.7071067811865536790, 0.000000000000000000, -0.7071067811865414665 ) ) ;
#3182 = VERTEX_POINT ( 'NONE', #4059 ) ;
#3183 = CARTESIAN_POINT ( 'NONE',  ( 7.030438470952719676, 4.406785556417013083, 21.40359731999999937 ) ) ;
#3184 = APPLICATION_CONTEXT ( 'automotive_design' ) ;
#3185 = AXIS2_PLACEMENT_3D ( 'NONE', #3362, #2850, #4610 ) ;
#3186 = ADVANCED_FACE ( 'NONE', ( #2905 ), #5726, .T. ) ;
#3187 = DIRECTION ( 'NONE',  ( -0.000000000000000000, 1.000000000000000000, 0.000000000000000000 ) ) ;
#3188 = ORIENTED_EDGE ( 'NONE', *, *, #13, .F. ) ;
#3189 = CARTESIAN_POINT ( 'NONE',  ( 2.620060697281884732, -2.882158904571795688, 18.40359731999999937 ) ) ;
#3190 = CARTESIAN_POINT ( 'NONE',  ( 26.05949410864507598, -2.967150744431629850, 19.20359732000000008 ) ) ;
#3191 = EDGE_CURVE ( 'NONE', #1479, #6569, #5622, .T. ) ;
#3192 = EDGE_LOOP ( 'NONE', ( #860, #2510, #4570, #1996, #4620, #103, #753, #6151, #5223, #469, #6450, #1577, #4945, #2497, #5, #3860 ) ) ;
#3193 = ORIENTED_EDGE ( 'NONE', *, *, #6315, .F. ) ;
#3194 = ADVANCED_FACE ( 'NONE', ( #6890 ), #4595, .T. ) ;
#3195 = VERTEX_POINT ( 'NONE', #5132 ) ;
#3196 = VERTEX_POINT ( 'NONE', #3458 ) ;
#3197 = LINE ( 'NONE', #5428, #1038 ) ;
#3198 = CARTESIAN_POINT ( 'NONE',  ( 23.27079841136748328, -27.22261419051921294, 23.11151931750245225 ) ) ;
#3199 = EDGE_LOOP ( 'NONE', ( #235, #7225, #4004, #7077 ) ) ;
#3200 = DIRECTION ( 'NONE',  ( -1.000000000000000000, 0.000000000000000000, 0.000000000000000000 ) ) ;
#3201 = CARTESIAN_POINT ( 'NONE',  ( 7.030438470952720564, 0.08678555641701307666, 18.40359731999999937 ) ) ;
#3202 = VECTOR ( 'NONE', #3187, 1000.000000000000000 ) ;
#3203 = DIRECTION ( 'NONE',  ( 1.000000000000000000, 0.000000000000000000, 0.000000000000000000 ) ) ;
#3204 = FACE_OUTER_BOUND ( 'NONE', #2835, .T. ) ;
#3205 = AXIS2_PLACEMENT_3D ( 'NONE', #6221, #3390, #3919 ) ;
#3206 = DIRECTION ( 'NONE',  ( -0.000000000000000000, -0.000000000000000000, 1.000000000000000000 ) ) ;
#3207 = DIRECTION ( 'NONE',  ( -1.000000000000000000, 0.000000000000000000, 0.000000000000000000 ) ) ;
#3208 = VERTEX_POINT ( 'NONE', #6285 ) ;
#3209 = CIRCLE ( 'NONE', #2861, 0.9499999999999995115 ) ;
#3210 = CONICAL_SURFACE ( 'NONE', #2484, 1.520000000000000462, 0.7188299996216268584 ) ;
#3211 = PLANE ( 'NONE',  #6337 ) ;
#3212 = CARTESIAN_POINT ( 'NONE',  ( 35.98149227759007118, -14.01615056132663995, 19.20359732000000008 ) ) ;
#3213 = CIRCLE ( 'NONE', #4390, 0.2000000000000005107 ) ;
#3214 = EDGE_CURVE ( 'NONE', #3925, #1418, #2832, .T. ) ;
#3215 = ADVANCED_FACE ( 'NONE', ( #3950 ), #75, .F. ) ;
#3216 = LINE ( 'NONE', #4824, #1825 ) ;
#3217 = DIRECTION ( 'NONE',  ( -1.000000000000000000, 0.000000000000000000, 0.000000000000000000 ) ) ;
#3218 = ORIENTED_EDGE ( 'NONE', *, *, #4124, .T. ) ;
#3219 = CARTESIAN_POINT ( 'NONE',  ( 23.11076921640285420, -27.01277288667487042, 23.19999800000000079 ) ) ;
#3220 = EDGE_LOOP ( 'NONE', ( #3632, #414, #4781, #5863 ) ) ;
#3221 = ORIENTED_EDGE ( 'NONE', *, *, #2902, .F. ) ;
#3222 = ADVANCED_FACE ( 'NONE', ( #4528 ), #3620, .F. ) ;
#3223 = CARTESIAN_POINT ( 'NONE',  ( 31.20649282690607862, 11.22185072041135001, 19.20359732000000008 ) ) ;
#3224 = VERTEX_POINT ( 'NONE', #7308 ) ;
#3225 = AXIS2_PLACEMENT_3D ( 'NONE', #569, #11, #6833 ) ;
#3226 = DIRECTION ( 'NONE',  ( 0.000000000000000000, 0.000000000000000000, -1.000000000000000000 ) ) ;
#3227 = LINE ( 'NONE', #6013, #1421 ) ;
#3228 = ORIENTED_EDGE ( 'NONE', *, *, #288, .F. ) ;
#3229 = FACE_OUTER_BOUND ( 'NONE', #2908, .T. ) ;
#3230 = CARTESIAN_POINT ( 'NONE',  ( 3.565793776249560398, 13.20082296022724044, 21.96359842000000029 ) ) ;
#3231 = VERTEX_POINT ( 'NONE', #109 ) ;
#3232 = ORIENTED_EDGE ( 'NONE', *, *, #1490, .T. ) ;
#3233 = DIRECTION ( 'NONE',  ( 1.000000000000000000, 0.000000000000000000, 0.000000000000000000 ) ) ;
#3234 = EDGE_CURVE ( 'NONE', #5906, #4729, #2384, .T. ) ;
#3235 = CARTESIAN_POINT ( 'NONE',  ( 23.63915271582009581, -27.24043214452878914, 22.95290482456476155 ) ) ;
#3236 = ORIENTED_EDGE ( 'NONE', *, *, #4011, .F. ) ;
#3237 = CARTESIAN_POINT ( 'NONE',  ( -0.8515098882889183818, -1.512152455818657204, 23.19999800000000079 ) ) ;
#3238 = VECTOR ( 'NONE', #6215, 1000.000000000000000 ) ;
#3239 = DIRECTION ( 'NONE',  ( 0.000000000000000000, 0.000000000000000000, 1.000000000000000000 ) ) ;
#3240 = ADVANCED_FACE ( 'NONE', ( #6853, #1098 ), #1239, .F. ) ;
#3241 = DIRECTION ( 'NONE',  ( -0.000000000000000000, -0.000000000000000000, 1.000000000000000000 ) ) ;
#3242 = AXIS2_PLACEMENT_3D ( 'NONE', #5796, #1309, #793 ) ;
#3243 = DIRECTION ( 'NONE',  ( 0.000000000000000000, 0.000000000000000000, -1.000000000000000000 ) ) ;
#3244 = PLANE ( 'NONE',  #2774 ) ;
#3245 = ORIENTED_EDGE ( 'NONE', *, *, #1784, .F. ) ;
#3246 = VECTOR ( 'NONE', #5519, 1000.000000000000000 ) ;
#3247 = DIRECTION ( 'NONE',  ( 0.000000000000000000, 0.000000000000000000, 1.000000000000000000 ) ) ;
#3248 = VECTOR ( 'NONE', #457, 1000.000000000000000 ) ;
#3249 = DIRECTION ( 'NONE',  ( 0.000000000000000000, 0.000000000000000000, -1.000000000000000000 ) ) ;
#3250 = CARTESIAN_POINT ( 'NONE',  ( 12.03752811785077803, -6.819414077215271597, 21.40359731999999937 ) ) ;
#3251 = VECTOR ( 'NONE', #3799, 1000.000000000000000 ) ;
#3252 = LINE ( 'NONE', #967, #933 ) ;
#3253 = DIRECTION ( 'NONE',  ( 0.9999999998448929617, -1.761289571444870795E-05, 0.000000000000000000 ) ) ;
#3254 = EDGE_CURVE ( 'NONE', #6044, #7059, #4910, .T. ) ;
#3255 = ORIENTED_EDGE ( 'NONE', *, *, #241, .F. ) ;
#3256 = ORIENTED_EDGE ( 'NONE', *, *, #3344, .F. ) ;
#3257 = EDGE_CURVE ( 'NONE', #3231, #1444, #7174, .T. ) ;
#3258 = FACE_OUTER_BOUND ( 'NONE', #3954, .T. ) ;
#3259 = EDGE_LOOP ( 'NONE', ( #4689, #2740, #4013, #3398, #2797 ) ) ;
#3260 = CARTESIAN_POINT ( 'NONE',  ( 32.29477099867147416, -12.51215245581865609, 22.99999799999999794 ) ) ;
#3261 = CIRCLE ( 'NONE', #4093, 0.9999999999999991118 ) ;
#3262 = DIRECTION ( 'NONE',  ( 1.000000000000000000, 0.000000000000000000, 0.000000000000000000 ) ) ;
#3263 = EDGE_CURVE ( 'NONE', #6049, #449, #756, .T. ) ;
#3264 = ADVANCED_FACE ( 'NONE', ( #5354 ), #6363, .T. ) ;
#3265 = EDGE_LOOP ( 'NONE', ( #2171, #1442, #816, #5070 ) ) ;
#3266 = CARTESIAN_POINT ( 'NONE',  ( 40.08049337622308173, 12.47584852314636095, 19.20359732000000008 ) ) ;
#3267 = CARTESIAN_POINT ( 'NONE',  ( 44.85549282690607242, -4.623571175818640633, 19.20359732000000008 ) ) ;
#3268 = VERTEX_POINT ( 'NONE', #3005 ) ;
#3269 = ORIENTED_EDGE ( 'NONE', *, *, #7079, .T. ) ;
#3270 = DIRECTION ( 'NONE',  ( 0.000000000000000000, 0.000000000000000000, -1.000000000000000000 ) ) ;
#3271 = DIRECTION ( 'NONE',  ( 0.000000000000000000, 0.000000000000000000, 1.000000000000000000 ) ) ;
#3272 = CARTESIAN_POINT ( 'NONE',  ( 24.37025160875196761, -27.16744729506867628, 22.86300335217343616 ) ) ;
#3273 = VECTOR ( 'NONE', #3911, 1000.000000000000000 ) ;
#3274 = ORIENTED_EDGE ( 'NONE', *, *, #65, .T. ) ;
#3275 = FACE_OUTER_BOUND ( 'NONE', #70, .T. ) ;
#3276 = FACE_OUTER_BOUND ( 'NONE', #7205, .T. ) ;
#3277 = CIRCLE ( 'NONE', #4340, 1.000000000000000888 ) ;
#3278 = DIRECTION ( 'NONE',  ( 0.000000000000000000, 0.000000000000000000, -1.000000000000000000 ) ) ;
#3279 = DIRECTION ( 'NONE',  ( 0.000000000000000000, 0.000000000000000000, -1.000000000000000000 ) ) ;
#3280 = CARTESIAN_POINT ( 'NONE',  ( 25.81716235458052466, 24.12709038455214738, 23.08636222845601083 ) ) ;
#3281 = ORIENTED_EDGE ( 'NONE', *, *, #2336, .T. ) ;
#3282 = AXIS2_PLACEMENT_3D ( 'NONE', #6160, #21, #2261 ) ;
#3283 = CARTESIAN_POINT ( 'NONE',  ( 19.02849441382007711, -1.512152455818657204, 18.40359731999999937 ) ) ;
#3284 = EDGE_LOOP ( 'NONE', ( #7075, #1333, #1988, #984 ) ) ;
#3285 = DIRECTION ( 'NONE',  ( -1.000000000000000000, -1.355252715607189184E-16, 0.000000000000000000 ) ) ;
#3286 = DIRECTION ( 'NONE',  ( 0.000000000000000000, 0.000000000000000000, 1.000000000000000000 ) ) ;
#3287 = CARTESIAN_POINT ( 'NONE',  ( 18.02849441382007356, 2.675851452833362565, 18.40359731999999937 ) ) ;
#3288 = CARTESIAN_POINT ( 'NONE',  ( 40.39477099867147558, -1.512152455818657204, 22.99999799999999794 ) ) ;
#3289 = CIRCLE ( 'NONE', #3403, 0.9499999999999995115 ) ;
#3290 = ORIENTED_EDGE ( 'NONE', *, *, #2462, .F. ) ;
#3291 = ORIENTED_EDGE ( 'NONE', *, *, #1681, .F. ) ;
#3292 = ORIENTED_EDGE ( 'NONE', *, *, #4734, .T. ) ;
#3293 = DIRECTION ( 'NONE',  ( -0.7071067811865597852, 8.659560562355083235E-17, 0.7071067811865352493 ) ) ;
#3294 = EDGE_CURVE ( 'NONE', #5249, #4114, #4804, .T. ) ;
#3295 = CONICAL_SURFACE ( 'NONE', #3048, 25.54999999999999005, 0.7853981633974742582 ) ;
#3296 = DIRECTION ( 'NONE',  ( 1.000000000000000000, 0.000000000000000000, 0.000000000000000000 ) ) ;
#3297 = CARTESIAN_POINT ( 'NONE',  ( 40.20749282690607629, -9.733150561326636918, 18.40359731999999937 ) ) ;
#3298 = DIRECTION ( 'NONE',  ( -0.7071067811865479058, -0.7071067811865472397, 0.000000000000000000 ) ) ;
#3299 = VERTEX_POINT ( 'NONE', #4664 ) ;
#3300 = AXIS2_PLACEMENT_3D ( 'NONE', #3106, #278, #1885 ) ;
#3301 = ADVANCED_FACE ( 'NONE', ( #726 ), #5381, .F. ) ;
#3302 = LINE ( 'NONE', #5390, #3034 ) ;
#3303 = DIRECTION ( 'NONE',  ( 0.000000000000000000, 0.000000000000000000, 1.000000000000000000 ) ) ;
#3304 = CARTESIAN_POINT ( 'NONE',  ( 25.62292466371564714, -27.15710790814980058, 23.01103853219780504 ) ) ;
#3305 = EDGE_LOOP ( 'NONE', ( #2883, #5637, #6157, #1110 ) ) ;
#3306 = CARTESIAN_POINT ( 'NONE',  ( 11.23043847095200753, -6.819414077215271597, 21.40359731999999937 ) ) ;
#3307 = EDGE_CURVE ( 'NONE', #6080, #896, #5760, .T. ) ;
#3308 = CARTESIAN_POINT ( 'NONE',  ( 3.490348394677742494, 13.29489716334345850, 23.19999800000000079 ) ) ;
#3309 = CYLINDRICAL_SURFACE ( 'NONE', #2095, 0.7499999999999972244 ) ;
#3310 = DIRECTION ( 'NONE',  ( 0.000000000000000000, 0.000000000000000000, -1.000000000000000000 ) ) ;
#3311 = CIRCLE ( 'NONE', #384, 0.9999999999999991118 ) ;
#3312 = DIRECTION ( 'NONE',  ( -1.000000000000000000, 0.000000000000000000, 0.000000000000000000 ) ) ;
#3313 = ORIENTED_EDGE ( 'NONE', *, *, #2512, .T. ) ;
#3314 = DIRECTION ( 'NONE',  ( 1.000000000000000000, 0.000000000000000000, 0.000000000000000000 ) ) ;
#3315 = ORIENTED_EDGE ( 'NONE', *, *, #1026, .T. ) ;
#3316 = CARTESIAN_POINT ( 'NONE',  ( 33.29477099867147416, -1.512152455818657204, 23.19999800000000079 ) ) ;
#3317 = EDGE_CURVE ( 'NONE', #775, #1527, #5733, .T. ) ;
#3318 = EDGE_CURVE ( 'NONE', #6505, #782, #2212, .T. ) ;
#3319 = DIRECTION ( 'NONE',  ( 0.000000000000000000, 0.000000000000000000, -1.000000000000000000 ) ) ;
#3320 = CARTESIAN_POINT ( 'NONE',  ( 24.69845464825485237, -3.525645186030857303, 8.999997999999999720 ) ) ;
#3321 = DIRECTION ( 'NONE',  ( -0.7071067811865414665, 0.000000000000000000, 0.7071067811865536790 ) ) ;
#3322 = ORIENTED_EDGE ( 'NONE', *, *, #4204, .T. ) ;
#3323 = ORIENTED_EDGE ( 'NONE', *, *, #2165, .F. ) ;
#3324 = EDGE_CURVE ( 'NONE', #3755, #285, #1416, .T. ) ;
#3325 = EDGE_CURVE ( 'NONE', #3979, #5834, #6961, .T. ) ;
#3326 = DIRECTION ( 'NONE',  ( 1.000000000000000000, 0.000000000000000000, -0.000000000000000000 ) ) ;
#3327 = CARTESIAN_POINT ( 'NONE',  ( 14.85349142309807391, -1.524148547166637835, 21.50359731999998658 ) ) ;
#3328 = VECTOR ( 'NONE', #680, 1000.000000000000000 ) ;
#3329 = CARTESIAN_POINT ( 'NONE',  ( -0.9726323032707255845, -3.526097329696585181, 8.999997999999999720 ) ) ;
#3330 = ORIENTED_EDGE ( 'NONE', *, *, #3973, .F. ) ;
#3331 = FACE_OUTER_BOUND ( 'NONE', #4271, .T. ) ;
#3332 = CARTESIAN_POINT ( 'NONE',  ( 35.98149282690607009, 12.22185072041136245, 18.40359731999999937 ) ) ;
#3333 = VERTEX_POINT ( 'NONE', #5315 ) ;
#3334 = CARTESIAN_POINT ( 'NONE',  ( 9.630438470952361385, 5.206785556416654082, 8.998998000000000275 ) ) ;
#3335 = ORIENTED_EDGE ( 'NONE', *, *, #5492, .T. ) ;
#3336 = ORIENTED_EDGE ( 'NONE', *, *, #3902, .F. ) ;
#3337 = CARTESIAN_POINT ( 'NONE',  ( 23.78723025786922207, 24.22172344719086112, 22.90143119829595619 ) ) ;
#3338 = CARTESIAN_POINT ( 'NONE',  ( 3.479647415838296620, 13.07630923991218452, 96.03199646221435160 ) ) ;
#3339 = CARTESIAN_POINT ( 'NONE',  ( 26.07674376649454828, -27.14183338090991526, 23.20489408803487308 ) ) ;
#3340 = ORIENTED_EDGE ( 'NONE', *, *, #4771, .T. ) ;
#3341 = ORIENTED_EDGE ( 'NONE', *, *, #2709, .T. ) ;
#3342 = DIRECTION ( 'NONE',  ( -0.7071067811865414665, 0.000000000000000000, 0.7071067811865536790 ) ) ;
#3343 = EDGE_CURVE ( 'NONE', #6379, #522, #3277, .T. ) ;
#3344 = EDGE_CURVE ( 'NONE', #5087, #1557, #1275, .T. ) ;
#3345 = CARTESIAN_POINT ( 'NONE',  ( 24.69849011171107733, -10.57321444358333729, 21.40359731999999937 ) ) ;
#3346 = CARTESIAN_POINT ( 'NONE',  ( 14.85349142309807391, -1.524148547166637835, 22.00359731999999724 ) ) ;
#3347 = ADVANCED_FACE ( 'NONE', ( #4736 ), #1377, .T. ) ;
#3348 = AXIS2_PLACEMENT_3D ( 'NONE', #1099, #1139, #2793 ) ;
#3349 = DIRECTION ( 'NONE',  ( 0.000000000000000000, -1.000000000000000000, 0.000000000000000000 ) ) ;
#3350 = CARTESIAN_POINT ( 'NONE',  ( 26.14477099867147203, 9.487847544181342130, 22.99999799999999794 ) ) ;
#3351 = VERTEX_POINT ( 'NONE', #6923 ) ;
#3352 = PLANE ( 'NONE',  #6341 ) ;
#3353 = DIRECTION ( 'NONE',  ( -0.7071067811865536790, 0.000000000000000000, -0.7071067811865414665 ) ) ;
#3354 = AXIS2_PLACEMENT_3D ( 'NONE', #213, #1763, #4023 ) ;
#3355 = CARTESIAN_POINT ( 'NONE',  ( 28.84477099867147487, -12.51215245581865609, 21.99999800000000150 ) ) ;
#3356 = CIRCLE ( 'NONE', #3720, 0.6499999967711296289 ) ;
#3357 = DIRECTION ( 'NONE',  ( 0.000000000000000000, 0.000000000000000000, -1.000000000000000000 ) ) ;
#3358 = CARTESIAN_POINT ( 'NONE',  ( 12.04816941728281066, -6.819583969174250804, 21.40359731999999937 ) ) ;
#3359 = VERTEX_POINT ( 'NONE', #1306 ) ;
#3360 = ORIENTED_EDGE ( 'NONE', *, *, #3641, .T. ) ;
#3361 = FACE_OUTER_BOUND ( 'NONE', #529, .T. ) ;
#3362 = CARTESIAN_POINT ( 'NONE',  ( 8.630438470952363161, 5.206785556416654082, 8.998998000000000275 ) ) ;
#3363 = ORIENTED_EDGE ( 'NONE', *, *, #5109, .F. ) ;
#3364 = AXIS2_PLACEMENT_3D ( 'NONE', #739, #4671, #2947 ) ;
#3365 = AXIS2_PLACEMENT_3D ( 'NONE', #1311, #731, #4703 ) ;
#3366 = DIRECTION ( 'NONE',  ( -0.000000000000000000, -0.000000000000000000, 1.000000000000000000 ) ) ;
#3367 = ORIENTED_EDGE ( 'NONE', *, *, #3444, .T. ) ;
#3368 = CARTESIAN_POINT ( 'NONE',  ( 27.09477099867147132, 9.487847544181342130, 23.19999800000000079 ) ) ;
#3369 = DIRECTION ( 'NONE',  ( 0.000000000000000000, 0.000000000000000000, 1.000000000000000000 ) ) ;
#3370 = ORIENTED_EDGE ( 'NONE', *, *, #6435, .T. ) ;
#3371 = AXIS2_PLACEMENT_3D ( 'NONE', #7162, #3686, #4344 ) ;
#3372 = DIRECTION ( 'NONE',  ( 0.000000000000000000, 0.000000000000000000, -1.000000000000000000 ) ) ;
#3373 = ORIENTED_EDGE ( 'NONE', *, *, #3902, .T. ) ;
#3374 = CARTESIAN_POINT ( 'NONE',  ( 23.86835917539457341, 24.22448382238757958, 22.87578589558369657 ) ) ;
#3375 = FACE_OUTER_BOUND ( 'NONE', #1660, .T. ) ;
#3376 = CARTESIAN_POINT ( 'NONE',  ( 24.66078617954808649, -27.16881439351704230, 22.84197645519343212 ) ) ;
#3377 = VERTEX_POINT ( 'NONE', #174 ) ;
#3378 = VERTEX_POINT ( 'NONE', #1893 ) ;
#3379 = CARTESIAN_POINT ( 'NONE',  ( 16.43349142309807576, -1.524148547166637835, 22.00359731999999724 ) ) ;
#3380 = DIRECTION ( 'NONE',  ( 1.000000000000000000, 0.000000000000000000, 0.000000000000000000 ) ) ;
#3381 = EDGE_CURVE ( 'NONE', #5880, #6096, #3680, .T. ) ;
#3382 = CARTESIAN_POINT ( 'NONE',  ( 11.05349142309807675, -1.563214443583704316, 18.40359731999999937 ) ) ;
#3383 = EDGE_CURVE ( 'NONE', #1883, #3299, #212, .T. ) ;
#3384 = DIRECTION ( 'NONE',  ( -0.000000000000000000, -0.000000000000000000, -1.000000000000000000 ) ) ;
#3385 = CARTESIAN_POINT ( 'NONE',  ( 9.630438470952455532, -8.063214443583346380, 8.998998000000000275 ) ) ;
#3386 = ORIENTED_EDGE ( 'NONE', *, *, #4335, .T. ) ;
#3387 = CARTESIAN_POINT ( 'NONE',  ( 25.39477099867147203, -12.51215245581865609, 22.99999799999999794 ) ) ;
#3388 = VERTEX_POINT ( 'NONE', #2972 ) ;
#3389 = EDGE_LOOP ( 'NONE', ( #2733, #2536, #1696, #6986 ) ) ;
#3390 = DIRECTION ( 'NONE',  ( 0.000000000000000000, 0.000000000000000000, 1.000000000000000000 ) ) ;
#3391 = VECTOR ( 'NONE', #7201, 1000.000000000000000 ) ;
#3392 = EDGE_CURVE ( 'NONE', #4838, #3450, #1859, .T. ) ;
#3393 = EDGE_CURVE ( 'NONE', #2345, #1923, #5795, .T. ) ;
#3394 = DIRECTION ( 'NONE',  ( 1.000000000000000000, 0.000000000000000000, 0.000000000000000000 ) ) ;
#3395 = AXIS2_PLACEMENT_3D ( 'NONE', #7040, #292, #3600 ) ;
#3396 = DIRECTION ( 'NONE',  ( 1.000000000000000000, 0.000000000000000000, 0.000000000000000000 ) ) ;
#3397 = CARTESIAN_POINT ( 'NONE',  ( 12.06945472834534883, -6.819414077215271597, 21.40359731999999937 ) ) ;
#3398 = ORIENTED_EDGE ( 'NONE', *, *, #4434, .F. ) ;
#3399 = PLANE ( 'NONE',  #38 ) ;
#3400 = LINE ( 'NONE', #743, #4805 ) ;
#3401 = EDGE_LOOP ( 'NONE', ( #4506, #824, #6488, #6662 ) ) ;
#3402 = AXIS2_PLACEMENT_3D ( 'NONE', #2434, #3022, #1292 ) ;
#3403 = AXIS2_PLACEMENT_3D ( 'NONE', #6826, #7278, #6255 ) ;
#3404 = ORIENTED_EDGE ( 'NONE', *, *, #7056, .T. ) ;
#3405 = CARTESIAN_POINT ( 'NONE',  ( 24.69849011171107378, -0.9132144435829837592, 21.40359731999999937 ) ) ;
#3406 = AXIS2_PLACEMENT_3D ( 'NONE', #1261, #5291, #5781 ) ;
#3407 = LINE ( 'NONE', #3479, #1206 ) ;
#3408 = ORIENTED_EDGE ( 'NONE', *, *, #4349, .T. ) ;
#3409 = CARTESIAN_POINT ( 'NONE',  ( 6.030438470952719676, 0.08678555641702034862, 21.40359731999999937 ) ) ;
#3410 = VECTOR ( 'NONE', #3055, 1000.000000000000000 ) ;
#3411 = ORIENTED_EDGE ( 'NONE', *, *, #694, .T. ) ;
#3412 = EDGE_CURVE ( 'NONE', #1343, #4218, #3833, .T. ) ;
#3413 = CARTESIAN_POINT ( 'NONE',  ( 24.58469406974984750, 24.23760175840227760, 22.75095649486766192 ) ) ;
#3414 = LINE ( 'NONE', #3455, #39 ) ;
#3415 = ORIENTED_EDGE ( 'NONE', *, *, #1330, .F. ) ;
#3416 = ORIENTED_EDGE ( 'NONE', *, *, #5212, .T. ) ;
#3417 = EDGE_CURVE ( 'NONE', #4256, #1265, #5250, .T. ) ;
#3418 = CARTESIAN_POINT ( 'NONE',  ( 17.40349142309807462, -1.524148547166637613, 22.00359731999999724 ) ) ;
#3419 = AXIS2_PLACEMENT_3D ( 'NONE', #6939, #308, #1878 ) ;
#3420 = AXIS2_PLACEMENT_3D ( 'NONE', #318, #2547, #4793 ) ;
#3421 = LINE ( 'NONE', #1169, #6203 ) ;
#3422 = LINE ( 'NONE', #5659, #4983 ) ;
#3423 = CARTESIAN_POINT ( 'NONE',  ( 11.23043847095200753, -6.819414077215271597, 18.40359731999999937 ) ) ;
#3424 = EDGE_LOOP ( 'NONE', ( #3367, #1200, #6058, #4936 ) ) ;
#3425 = FACE_OUTER_BOUND ( 'NONE', #5105, .T. ) ;
#3426 = VERTEX_POINT ( 'NONE', #3155 ) ;
#3427 = EDGE_LOOP ( 'NONE', ( #3636, #1653, #4076, #5256 ) ) ;
#3428 = LINE ( 'NONE', #2798, #3554 ) ;
#3429 = VECTOR ( 'NONE', #5769, 1000.000000000000000 ) ;
#3430 = CARTESIAN_POINT ( 'NONE',  ( 46.77691165362075765, -2.876034052301749355, 3.500841111824923857 ) ) ;
#3431 = DIRECTION ( 'NONE',  ( -1.000000000000000000, 0.000000000000000000, 0.000000000000000000 ) ) ;
#3432 = DIRECTION ( 'NONE',  ( 0.000000000000000000, -0.000000000000000000, 1.000000000000000000 ) ) ;
#3433 = ORIENTED_EDGE ( 'NONE', *, *, #6571, .T. ) ;
#3434 = FACE_OUTER_BOUND ( 'NONE', #3452, .T. ) ;
#3435 = EDGE_CURVE ( 'NONE', #2628, #1265, #2124, .T. ) ;
#3436 = EDGE_CURVE ( 'NONE', #5016, #4373, #5535, .T. ) ;
#3437 = DIRECTION ( 'NONE',  ( -0.000000000000000000, -0.000000000000000000, 1.000000000000000000 ) ) ;
#3438 = AXIS2_PLACEMENT_3D ( 'NONE', #298, #4162, #832 ) ;
#3439 = ORIENTED_EDGE ( 'NONE', *, *, #2353, .T. ) ;
#3440 = AXIS2_PLACEMENT_3D ( 'NONE', #4440, #5145, #6764 ) ;
#3441 = CONICAL_SURFACE ( 'NONE', #263, 0.7500000000000006661, 0.7853981633974396193 ) ;
#3442 = ORIENTED_EDGE ( 'NONE', *, *, #3325, .T. ) ;
#3443 = LINE ( 'NONE', #1707, #1511 ) ;
#3444 = EDGE_CURVE ( 'NONE', #3624, #5118, #3031, .T. ) ;
#3445 = FACE_OUTER_BOUND ( 'NONE', #3192, .T. ) ;
#3446 = AXIS2_PLACEMENT_3D ( 'NONE', #210, #2382, #2481 ) ;
#3447 = ORIENTED_EDGE ( 'NONE', *, *, #2046, .T. ) ;
#3448 = CARTESIAN_POINT ( 'NONE',  ( 31.54477099867147061, 9.487847544181342130, 21.99999800000000150 ) ) ;
#3449 =( GEOMETRIC_REPRESENTATION_CONTEXT ( 3 ) GLOBAL_UNCERTAINTY_ASSIGNED_CONTEXT ( ( #5851 ) ) GLOBAL_UNIT_ASSIGNED_CONTEXT ( ( #6275, #6809, #60 ) ) REPRESENTATION_CONTEXT ( 'NONE', 'WORKASPACE' ) );
#3450 = VERTEX_POINT ( 'NONE', #404 ) ;
#3451 = AXIS2_PLACEMENT_3D ( 'NONE', #5758, #4662, #6921 ) ;
#3452 = EDGE_LOOP ( 'NONE', ( #99, #3063, #1087, #3685 ) ) ;
#3453 = CARTESIAN_POINT ( 'NONE',  ( 24.69849011171107023, 7.006785556416298633, 18.40359731999999937 ) ) ;
#3454 = VECTOR ( 'NONE', #2063, 1000.000000000000000 ) ;
#3455 = CARTESIAN_POINT ( 'NONE',  ( 20.86549410864506982, -3.967150744431638731, 19.20359732000000008 ) ) ;
#3456 = ORIENTED_EDGE ( 'NONE', *, *, #5995, .T. ) ;
#3457 = CARTESIAN_POINT ( 'NONE',  ( 39.64477099867147558, 9.487847544181342130, 22.99999799999999794 ) ) ;
#3458 = CARTESIAN_POINT ( 'NONE',  ( 19.02849441382007711, -5.724148547166639567, 21.40359731999999937 ) ) ;
#3459 = CARTESIAN_POINT ( 'NONE',  ( 18.87849142309807604, -1.524148547166637835, 18.57517019525380420 ) ) ;
#3460 = DIRECTION ( 'NONE',  ( 0.000000000000000000, 0.000000000000000000, -1.000000000000000000 ) ) ;
#3461 = ORIENTED_EDGE ( 'NONE', *, *, #1397, .F. ) ;
#3462 = DIRECTION ( 'NONE',  ( -1.462890879734001726E-19, -2.478233546745619579E-35, 1.000000000000000000 ) ) ;
#3463 = VERTEX_POINT ( 'NONE', #3719 ) ;
#3464 = CARTESIAN_POINT ( 'NONE',  ( 14.85349142309807391, -1.524148547166637835, 23.19999800000000079 ) ) ;
#3465 = CARTESIAN_POINT ( 'NONE',  ( 43.85549282690606532, -8.733150561326636918, 19.20359732000000008 ) ) ;
#3466 = CARTESIAN_POINT ( 'NONE',  ( 29.79477099867147061, -1.512152455818658092, 23.19999800000000079 ) ) ;
#3467 = CARTESIAN_POINT ( 'NONE',  ( 7.030438470952720564, 0.08678555641701307666, 21.40359731999999937 ) ) ;
#3468 = AXIS2_PLACEMENT_3D ( 'NONE', #1771, #5558, #6760 ) ;
#3469 = LINE ( 'NONE', #122, #1199 ) ;
#3470 = VECTOR ( 'NONE', #4279, 1000.000000000000000 ) ;
#3471 = CARTESIAN_POINT ( 'NONE',  ( 18.87849142309807604, -1.524148547166637835, 23.19999800000000079 ) ) ;
#3472 = ORIENTED_EDGE ( 'NONE', *, *, #7028, .F. ) ;
#3473 = CIRCLE ( 'NONE', #4539, 0.7499999999999972244 ) ;
#3474 = ADVANCED_FACE ( 'NONE', ( #4417 ), #6548, .T. ) ;
#3475 = ORIENTED_EDGE ( 'NONE', *, *, #6442, .T. ) ;
#3476 = CARTESIAN_POINT ( 'NONE',  ( 20.86549410864506982, -3.967150744431637843, 21.40359731999999937 ) ) ;
#3477 = CIRCLE ( 'NONE', #5702, 0.6499999967711291848 ) ;
#3478 = ADVANCED_FACE ( 'NONE', ( #2711 ), #2088, .F. ) ;
#3479 = CARTESIAN_POINT ( 'NONE',  ( 29.79477099867147416, 9.487847544181342130, 23.19999800000000079 ) ) ;
#3480 = ORIENTED_EDGE ( 'NONE', *, *, #684, .T. ) ;
#3481 = ORIENTED_EDGE ( 'NONE', *, *, #3417, .T. ) ;
#3482 = DIRECTION ( 'NONE',  ( 0.000000000000000000, 0.000000000000000000, 1.000000000000000000 ) ) ;
#3483 = VECTOR ( 'NONE', #3817, 1000.000000000000000 ) ;
#3484 = VERTEX_POINT ( 'NONE', #6060 ) ;
#3485 = ORIENTED_EDGE ( 'NONE', *, *, #2545, .F. ) ;
#3486 = EDGE_CURVE ( 'NONE', #192, #3196, #1378, .T. ) ;
#3487 = DIRECTION ( 'NONE',  ( 1.000000000000000000, 0.000000000000000000, 0.000000000000000000 ) ) ;
#3488 = DIRECTION ( 'NONE',  ( 0.000000000000000000, 0.000000000000000000, -1.000000000000000000 ) ) ;
#3489 = CIRCLE ( 'NONE', #5473, 1.000000000000000888 ) ;
#3490 = VERTEX_POINT ( 'NONE', #3867 ) ;
#3491 = ORIENTED_EDGE ( 'NONE', *, *, #6316, .T. ) ;
#3492 = B_SPLINE_CURVE_WITH_KNOTS ( 'NONE', 3,
 ( #4706, #2424, #6895, #6400 ),
 .UNSPECIFIED., .F., .F.,
 ( 4, 4 ),
 ( 0.000000000000000000, 1.000000000000000000 ),
 .UNSPECIFIED. ) ;
#3493 = DIRECTION ( 'NONE',  ( -1.000000000000000000, -5.421010862430005110E-16, 0.000000000000000000 ) ) ;
#3494 = VECTOR ( 'NONE', #553, 1000.000000000000000 ) ;
#3495 = DIRECTION ( 'NONE',  ( 0.000000000000000000, 0.000000000000000000, 1.000000000000000000 ) ) ;
#3496 = DIRECTION ( 'NONE',  ( 0.000000000000000000, 1.000000000000000000, 0.000000000000000000 ) ) ;
#3497 = DIRECTION ( 'NONE',  ( 1.000000000000000000, 0.000000000000000000, 0.000000000000000000 ) ) ;
#3498 = CARTESIAN_POINT ( 'NONE',  ( 24.69849011171107378, -1.512152455818657204, 23.19999800000000079 ) ) ;
#3499 = EDGE_LOOP ( 'NONE', ( #4225, #4227 ) ) ;
#3500 = ADVANCED_FACE ( 'NONE', ( #1495 ), #6628, .F. ) ;
#3501 = DIRECTION ( 'NONE',  ( 1.462890879734001726E-19, 1.610801296603465303E-20, -1.000000000000000000 ) ) ;
#3502 = DIRECTION ( 'NONE',  ( 1.000000000000000000, 2.555573771327072837E-16, -0.000000000000000000 ) ) ;
#3503 = ADVANCED_FACE ( 'NONE', ( #4339 ), #3756, .F. ) ;
#3504 = LINE ( 'NONE', #2529, #1715 ) ;
#3505 = DIRECTION ( 'NONE',  ( 0.000000000000000000, 0.000000000000000000, 1.000000000000000000 ) ) ;
#3506 = CARTESIAN_POINT ( 'NONE',  ( 26.13340465432764148, -27.06614064280134357, 23.15622903510280750 ) ) ;
#3507 = VECTOR ( 'NONE', #1614, 1000.000000000000000 ) ;
#3508 = CARTESIAN_POINT ( 'NONE',  ( 25.05949410864506532, 1.426849255568360508, 19.20359732000000008 ) ) ;
#3509 = DIRECTION ( 'NONE',  ( 0.000000000000000000, 0.000000000000000000, 1.000000000000000000 ) ) ;
#3510 = ORIENTED_EDGE ( 'NONE', *, *, #5312, .F. ) ;
#3511 = ORIENTED_EDGE ( 'NONE', *, *, #6831, .F. ) ;
#3512 = DIRECTION ( 'NONE',  ( 1.000000000000000000, 0.000000000000000000, 0.000000000000000000 ) ) ;
#3513 = CARTESIAN_POINT ( 'NONE',  ( 24.69849011171107378, -1.512152455818657204, 96.03199646221435160 ) ) ;
#3514 = CARTESIAN_POINT ( 'NONE',  ( 14.78608801174350873, 13.08357714299167185, 18.40359731999999937 ) ) ;
#3515 = ORIENTED_EDGE ( 'NONE', *, *, #3805, .F. ) ;
#3516 = ORIENTED_EDGE ( 'NONE', *, *, #4520, .T. ) ;
#3517 = ORIENTED_EDGE ( 'NONE', *, *, #2475, .T. ) ;
#3518 = CARTESIAN_POINT ( 'NONE',  ( 19.01847150889784643, -6.067398810601707382, 21.96359842000000029 ) ) ;
#3519 = CIRCLE ( 'NONE', #4799, 1.000000000000000888 ) ;
#3520 = EDGE_CURVE ( 'NONE', #2649, #7286, #3302, .T. ) ;
#3521 = CIRCLE ( 'NONE', #2695, 0.9499999999999995115 ) ;
#3522 = CARTESIAN_POINT ( 'NONE',  ( 25.34439736081970906, 24.13891749034281631, 22.92558961967915465 ) ) ;
#3523 = CARTESIAN_POINT ( 'NONE',  ( 36.94477099867147274, 9.487847544181342130, 22.99999799999999794 ) ) ;
#3524 = EDGE_LOOP ( 'NONE', ( #2274, #7118, #822, #1602 ) ) ;
#3525 = CIRCLE ( 'NONE', #358, 1.000000000000000888 ) ;
#3526 = ORIENTED_EDGE ( 'NONE', *, *, #7195, .F. ) ;
#3527 = VECTOR ( 'NONE', #4161, 1000.000000000000000 ) ;
#3528 = EDGE_CURVE ( 'NONE', #4613, #5353, #3795, .T. ) ;
#3529 = EDGE_CURVE ( 'NONE', #2601, #6737, #7226, .T. ) ;
#3530 = CARTESIAN_POINT ( 'NONE',  ( 39.20749282690607629, -9.733150561326645800, 19.20359732000000008 ) ) ;
#3531 = CARTESIAN_POINT ( 'NONE',  ( 8.630438470952455532, -8.063214443583346380, 21.40359731999999937 ) ) ;
#3532 = CYLINDRICAL_SURFACE ( 'NONE', #2994, 0.7500000000000006661 ) ;
#3533 = CARTESIAN_POINT ( 'NONE',  ( 21.62782457946374137, -4.620825445397462872, 21.96359842000000029 ) ) ;
#3534 = DIRECTION ( 'NONE',  ( -1.000000000000000000, -1.355252715607189184E-16, 0.000000000000000000 ) ) ;
#3535 = VERTEX_POINT ( 'NONE', #947 ) ;
#3536 = LINE ( 'NONE', #5732, #6855 ) ;
#3537 = CARTESIAN_POINT ( 'NONE',  ( 43.85549337622307320, 11.47584852314636272, 18.40359731999999937 ) ) ;
#3538 = DIRECTION ( 'NONE',  ( 1.000000000000000000, 0.000000000000000000, -0.000000000000000000 ) ) ;
#3539 = DIRECTION ( 'NONE',  ( 1.000000000000000000, 0.000000000000000000, 0.000000000000000000 ) ) ;
#3540 = CYLINDRICAL_SURFACE ( 'NONE', #6670, 1.000000000000000888 ) ;
#3541 = DIRECTION ( 'NONE',  ( 0.000000000000000000, -1.000000000000000000, 0.000000000000000000 ) ) ;
#3542 = CARTESIAN_POINT ( 'NONE',  ( 3.264205251154867149, 13.51827542104300584, 23.19999800000000079 ) ) ;
#3543 = ORIENTED_EDGE ( 'NONE', *, *, #4771, .F. ) ;
#3544 = DIRECTION ( 'NONE',  ( 0.000000000000000000, -1.000000000000000000, 0.000000000000000000 ) ) ;
#3545 = EDGE_CURVE ( 'NONE', #1033, #1956, #3197, .T. ) ;
#3546 = EDGE_CURVE ( 'NONE', #7052, #4405, #4794, .T. ) ;
#3547 = DIRECTION ( 'NONE',  ( -1.000000000000000000, 0.000000000000000000, -1.462890879734001726E-19 ) ) ;
#3548 = CARTESIAN_POINT ( 'NONE',  ( 39.08049337622307462, 11.47584852314635206, 19.20359732000000008 ) ) ;
#3549 = ORIENTED_EDGE ( 'NONE', *, *, #7097, .T. ) ;
#3550 = ORIENTED_EDGE ( 'NONE', *, *, #1376, .F. ) ;
#3551 = AXIS2_PLACEMENT_3D ( 'NONE', #7217, #701, #2151 ) ;
#3552 = ORIENTED_EDGE ( 'NONE', *, *, #4160, .T. ) ;
#3553 = DIRECTION ( 'NONE',  ( -1.000000000000000000, 0.000000000000000000, 0.000000000000000000 ) ) ;
#3554 = VECTOR ( 'NONE', #5002, 1000.000000000000000 ) ;
#3555 = CARTESIAN_POINT ( 'NONE',  ( 25.21793792129663103, 24.14096749800070896, 22.89567654730976543 ) ) ;
#3556 = DIRECTION ( 'NONE',  ( 0.000000000000000000, 0.000000000000000000, 1.000000000000000000 ) ) ;
#3557 = ORIENTED_EDGE ( 'NONE', *, *, #3545, .T. ) ;
#3558 = AXIS2_PLACEMENT_3D ( 'NONE', #1786, #2866, #1716 ) ;
#3559 = ORIENTED_EDGE ( 'NONE', *, *, #2971, .F. ) ;
#3560 = CIRCLE ( 'NONE', #6141, 0.7500000000000006661 ) ;
#3561 = LINE ( 'NONE', #1374, #4726 ) ;
#3562 = CARTESIAN_POINT ( 'NONE',  ( 47.42691165029101796, -2.876045503313417129, 8.999997999999999720 ) ) ;
#3563 = ADVANCED_FACE ( 'NONE', ( #986 ), #5465, .F. ) ;
#3564 = ADVANCED_FACE ( 'NONE', ( #5019 ), #2272, .F. ) ;
#3565 = CARTESIAN_POINT ( 'NONE',  ( 45.04477099867147416, 9.487847544181342130, 21.99999800000000150 ) ) ;
#3566 = ORIENTED_EDGE ( 'NONE', *, *, #6831, .T. ) ;
#3567 = CARTESIAN_POINT ( 'NONE',  ( 11.23043847095200576, -1.512152455818657204, 21.40359731999999937 ) ) ;
#3568 = DIRECTION ( 'NONE',  ( 0.000000000000000000, 0.000000000000000000, 1.000000000000000000 ) ) ;
#3569 = DIRECTION ( 'NONE',  ( 0.000000000000000000, 0.000000000000000000, -1.000000000000000000 ) ) ;
#3570 = ADVANCED_FACE ( 'NONE', ( #6776 ), #5573, .F. ) ;
#3571 = DIRECTION ( 'NONE',  ( 0.000000000000000000, 0.000000000000000000, 1.000000000000000000 ) ) ;
#3572 = ADVANCED_FACE ( 'NONE', ( #4522 ), #7264, .F. ) ;
#3573 = CARTESIAN_POINT ( 'NONE',  ( 43.85549282690607242, -9.733150561326636918, 18.40359731999999937 ) ) ;
#3574 = CARTESIAN_POINT ( 'NONE',  ( 27.09477099867146777, -1.512152455818657648, 23.19999800000000079 ) ) ;
#3575 = LINE ( 'NONE', #5807, #2064 ) ;
#3576 = ORIENTED_EDGE ( 'NONE', *, *, #6863, .F. ) ;
#3577 = DIRECTION ( 'NONE',  ( 1.000000000000000000, 0.000000000000000000, 0.000000000000000000 ) ) ;
#3578 = DIRECTION ( 'NONE',  ( -0.000000000000000000, -0.000000000000000000, -1.000000000000000000 ) ) ;
#3579 = ORIENTED_EDGE ( 'NONE', *, *, #6487, .T. ) ;
#3580 = DIRECTION ( 'NONE',  ( -0.000000000000000000, -0.000000000000000000, -1.000000000000000000 ) ) ;
#3581 = DIRECTION ( 'NONE',  ( 0.000000000000000000, 0.000000000000000000, 1.000000000000000000 ) ) ;
#3582 = CARTESIAN_POINT ( 'NONE',  ( 42.34477099867147132, -12.51215245581865609, 22.99999799999999794 ) ) ;
#3583 = EDGE_LOOP ( 'NONE', ( #1405, #2559, #6699, #1756 ) ) ;
#3584 = AXIS2_PLACEMENT_3D ( 'NONE', #6334, #341, #919 ) ;
#3585 =( NAMED_UNIT ( * ) PLANE_ANGLE_UNIT ( ) SI_UNIT ( $, .RADIAN. ) );
#3586 = VERTEX_POINT ( 'NONE', #583 ) ;
#3587 = CYLINDRICAL_SURFACE ( 'NONE', #3300, 0.7500000000000006661 ) ;
#3588 = EDGE_CURVE ( 'NONE', #780, #622, #3977, .T. ) ;
#3589 = VECTOR ( 'NONE', #5854, 1000.000000000000000 ) ;
#3590 = ORIENTED_EDGE ( 'NONE', *, *, #5210, .T. ) ;
#3591 = CARTESIAN_POINT ( 'NONE',  ( 23.80526582298623950, 24.13360632035873010, 23.00011650131760277 ) ) ;
#3592 = CARTESIAN_POINT ( 'NONE',  ( 24.59438448219062323, -27.26199095238741066, 22.75014219151351114 ) ) ;
#3593 = EDGE_CURVE ( 'NONE', #1485, #3141, #2865, .T. ) ;
#3594 = ORIENTED_EDGE ( 'NONE', *, *, #2716, .T. ) ;
#3595 = VECTOR ( 'NONE', #2211, 1000.000000000000000 ) ;
#3596 = ORIENTED_EDGE ( 'NONE', *, *, #6173, .F. ) ;
#3597 = ORIENTED_EDGE ( 'NONE', *, *, #3751, .F. ) ;
#3598 = CARTESIAN_POINT ( 'NONE',  ( -0.9246057082889275192, -8.733150561326638694, 19.20359732000000008 ) ) ;
#3599 = VERTEX_POINT ( 'NONE', #4450 ) ;
#3600 = DIRECTION ( 'NONE',  ( 1.000000000000000000, 0.000000000000000000, 0.000000000000000000 ) ) ;
#3601 = CIRCLE ( 'NONE', #436, 1.000000000000000888 ) ;
#3602 = CARTESIAN_POINT ( 'NONE',  ( 25.39477099867147203, 9.487847544181342130, 21.99999800000000150 ) ) ;
#3603 = ORIENTED_EDGE ( 'NONE', *, *, #2959, .T. ) ;
#3604 = CARTESIAN_POINT ( 'NONE',  ( 20.86549410864506982, -3.967150744431638731, 19.20359732000000008 ) ) ;
#3605 = DIRECTION ( 'NONE',  ( 1.000000000000000000, -7.991517372339755744E-15, 0.000000000000000000 ) ) ;
#3606 = VECTOR ( 'NONE', #2275, 1000.000000000000000 ) ;
#3607 = FACE_OUTER_BOUND ( 'NONE', #6241, .T. ) ;
#3608 = EDGE_CURVE ( 'NONE', #6840, #5954, #4556, .T. ) ;
#3609 = ADVANCED_FACE ( 'NONE', ( #2233 ), #2335, .T. ) ;
#3610 = CYLINDRICAL_SURFACE ( 'NONE', #7172, 1.000000000000000888 ) ;
#3611 = DIRECTION ( 'NONE',  ( -0.7071067811865414665, 0.000000000000000000, 0.7071067811865536790 ) ) ;
#3612 = CARTESIAN_POINT ( 'NONE',  ( 43.85549337622307320, 7.319848523146356811, 19.20359732000000008 ) ) ;
#3613 = CYLINDRICAL_SURFACE ( 'NONE', #1124, 0.9999999999999991118 ) ;
#3614 = CARTESIAN_POINT ( 'NONE',  ( 8.630438470952407570, 0.8867855564166541305, 22.99999800000000505 ) ) ;
#3615 = ADVANCED_FACE ( 'NONE', ( #2081, #1448 ), #361, .F. ) ;
#3616 = PLANE ( 'NONE',  #6709 ) ;
#3617 = EDGE_CURVE ( 'NONE', #2329, #5638, #7185, .T. ) ;
#3618 = ORIENTED_EDGE ( 'NONE', *, *, #6995, .T. ) ;
#3619 = DIRECTION ( 'NONE',  ( 1.000000000000000000, 0.000000000000000000, 0.000000000000000000 ) ) ;
#3620 = CONICAL_SURFACE ( 'NONE', #5139, 0.7500000000000006661, 0.7853981633974396193 ) ;
#3621 = CARTESIAN_POINT ( 'NONE',  ( 24.60233206394523009, 24.23786253522136036, 22.74842610863005632 ) ) ;
#3622 = DIRECTION ( 'NONE',  ( -1.000000000000000000, 0.000000000000000000, -0.000000000000000000 ) ) ;
#3623 = ORIENTED_EDGE ( 'NONE', *, *, #6350, .T. ) ;
#3624 = VERTEX_POINT ( 'NONE', #4946 ) ;
#3625 = EDGE_LOOP ( 'NONE', ( #903, #7250, #1731, #6079 ) ) ;
#3626 = CARTESIAN_POINT ( 'NONE',  ( 9.757127334645465666, 20.16271390881006909, 11.22457852691048430 ) ) ;
#3627 = EDGE_CURVE ( 'NONE', #7277, #5148, #3789, .T. ) ;
#3628 = CARTESIAN_POINT ( 'NONE',  ( 24.44197700413981167, 24.14370090314386275, 22.85444468182521760 ) ) ;
#3629 = CARTESIAN_POINT ( 'NONE',  ( 25.54118316373100583, -27.24840731074010591, 22.87936766622009799 ) ) ;
#3630 = AXIS2_PLACEMENT_3D ( 'NONE', #6695, #2854, #5681 ) ;
#3631 = VERTEX_POINT ( 'NONE', #981 ) ;
#3632 = ORIENTED_EDGE ( 'NONE', *, *, #2262, .T. ) ;
#3633 = VERTEX_POINT ( 'NONE', #3189 ) ;
#3634 = ORIENTED_EDGE ( 'NONE', *, *, #5786, .F. ) ;
#3635 = CARTESIAN_POINT ( 'NONE',  ( 6.030438470952711683, -2.763214443583700941, 18.40359731999999937 ) ) ;
#3636 = ORIENTED_EDGE ( 'NONE', *, *, #3803, .F. ) ;
#3637 = EDGE_CURVE ( 'NONE', #4652, #5375, #4907, .T. ) ;
#3638 = ADVANCED_FACE ( 'NONE', ( #3709 ), #6659, .F. ) ;
#3639 = EDGE_CURVE ( 'NONE', #3195, #6431, #3519, .T. ) ;
#3640 = DIRECTION ( 'NONE',  ( 0.000000000000000000, 0.000000000000000000, -1.000000000000000000 ) ) ;
#3641 = EDGE_CURVE ( 'NONE', #4661, #1174, #1632, .T. ) ;
#3642 = CARTESIAN_POINT ( 'NONE',  ( 24.55799956583122778, -27.26179128136574192, 22.75207651710627843 ) ) ;
#3643 = ORIENTED_EDGE ( 'NONE', *, *, #410, .F. ) ;
#3644 = DIRECTION ( 'NONE',  ( 1.000000000000000000, 0.000000000000000000, 0.000000000000000000 ) ) ;
#3645 = CARTESIAN_POINT ( 'NONE',  ( 37.89477099867147558, 9.487847544181342130, 23.19999800000000079 ) ) ;
#3646 = LINE ( 'NONE', #5240, #1895 ) ;
#3647 = AXIS2_PLACEMENT_3D ( 'NONE', #335, #2093, #4311 ) ;
#3648 = DIRECTION ( 'NONE',  ( -0.7071067811865414665, 0.000000000000000000, 0.7071067811865536790 ) ) ;
#3649 = LINE ( 'NONE', #301, #5180 ) ;
#3650 = CARTESIAN_POINT ( 'NONE',  ( 13.27349142309807206, -1.524148547166637613, 16.93468246290101575 ) ) ;
#3651 = FACE_OUTER_BOUND ( 'NONE', #2341, .T. ) ;
#3652 = AXIS2_PLACEMENT_3D ( 'NONE', #854, #1919, #6419 ) ;
#3653 = ORIENTED_EDGE ( 'NONE', *, *, #6200, .F. ) ;
#3654 = EDGE_LOOP ( 'NONE', ( #4055, #4051, #6744, #3415 ) ) ;
#3655 = LINE ( 'NONE', #3508, #269 ) ;
#3656 = FACE_OUTER_BOUND ( 'NONE', #3990, .T. ) ;
#3657 = CARTESIAN_POINT ( 'NONE',  ( 19.87849142309807604, -1.524148547166637835, 22.99999799999999084 ) ) ;
#3658 = DIRECTION ( 'NONE',  ( -1.000000000000000000, 0.000000000000000000, 0.000000000000000000 ) ) ;
#3659 = VERTEX_POINT ( 'NONE', #3108 ) ;
#3660 = CARTESIAN_POINT ( 'NONE',  ( 24.69849011171107378, -1.512152455818657204, 23.19999800000000079 ) ) ;
#3661 = EDGE_CURVE ( 'NONE', #1754, #6471, #6087, .T. ) ;
#3662 = EDGE_LOOP ( 'NONE', ( #1850, #4518, #6502, #2215 ) ) ;
#3663 = ADVANCED_FACE ( 'NONE', ( #4869 ), #3164, .F. ) ;
#3664 = ORIENTED_EDGE ( 'NONE', *, *, #5762, .F. ) ;
#3665 = ORIENTED_EDGE ( 'NONE', *, *, #1877, .F. ) ;
#3666 = CARTESIAN_POINT ( 'NONE',  ( 29.59477099867147132, -12.51215245581865609, 22.99999799999999794 ) ) ;
#3667 = ORIENTED_EDGE ( 'NONE', *, *, #4156, .T. ) ;
#3668 = CARTESIAN_POINT ( 'NONE',  ( 44.85549282690607242, -14.01615056132663995, 19.20359732000000008 ) ) ;
#3669 = CARTESIAN_POINT ( 'NONE',  ( 24.86586022432120657, 24.14415834350918288, 22.84740557447106823 ) ) ;
#3670 = FACE_OUTER_BOUND ( 'NONE', #5368, .T. ) ;
#3671 = VECTOR ( 'NONE', #430, 1000.000000000000000 ) ;
#3672 = ORIENTED_EDGE ( 'NONE', *, *, #1871, .F. ) ;
#3673 = ORIENTED_EDGE ( 'NONE', *, *, #1491, .T. ) ;
#3674 = ORIENTED_EDGE ( 'NONE', *, *, #5471, .F. ) ;
#3675 = CIRCLE ( 'NONE', #3912, 1.499999999999999556 ) ;
#3676 = DIRECTION ( 'NONE',  ( -1.000000000000000000, 0.000000000000000000, 0.000000000000000000 ) ) ;
#3677 = ORIENTED_EDGE ( 'NONE', *, *, #2934, .F. ) ;
#3678 = AXIS2_PLACEMENT_3D ( 'NONE', #4776, #1280, #1802 ) ;
#3679 = VERTEX_POINT ( 'NONE', #6015 ) ;
#3680 = LINE ( 'NONE', #5913, #1159 ) ;
#3681 = AXIS2_PLACEMENT_3D ( 'NONE', #5676, #5008, #3326 ) ;
#3682 = VECTOR ( 'NONE', #3149, 1000.000000000000000 ) ;
#3683 = CARTESIAN_POINT ( 'NONE',  ( 24.22441135763641995, -27.25787347542317107, 22.78987598034632356 ) ) ;
#3685 = ORIENTED_EDGE ( 'NONE', *, *, #4054, .F. ) ;
#3684 = VECTOR ( 'NONE', #2238, 1000.000000000000000 ) ;
#3686 = DIRECTION ( 'NONE',  ( 0.000000000000000000, 0.000000000000000000, -1.000000000000000000 ) ) ;
#3687 = LINE ( 'NONE', #297, #2230 ) ;
#3688 = CARTESIAN_POINT ( 'NONE',  ( 14.85349142309807391, -1.524148547166637835, 22.99999799999999794 ) ) ;
#3689 = AXIS2_PLACEMENT_3D ( 'NONE', #942, #362, #6499 ) ;
#3690 = CARTESIAN_POINT ( 'NONE',  ( 10.23043847095199865, -10.57321444358334794, 31.63375372154084175 ) ) ;
#3691 = LINE ( 'NONE', #4240, #3969 ) ;
#3692 = CARTESIAN_POINT ( 'NONE',  ( 6.030438470952644181, -9.573214443583347943, 18.40359731999999937 ) ) ;
#3693 = LINE ( 'NONE', #5924, #319 ) ;
#3694 = VERTEX_POINT ( 'NONE', #466 ) ;
#3695 = EDGE_LOOP ( 'NONE', ( #3323, #5680, #4875, #6955 ) ) ;
#3696 = CARTESIAN_POINT ( 'NONE',  ( 9.830438470952362451, 5.206785556416654082, 23.19999800000000079 ) ) ;
#3697 = DIRECTION ( 'NONE',  ( -0.000000000000000000, -0.000000000000000000, -1.000000000000000000 ) ) ;
#3698 = ORIENTED_EDGE ( 'NONE', *, *, #5946, .T. ) ;
#3699 = CARTESIAN_POINT ( 'NONE',  ( 35.19477099867147274, 9.487847544181342130, 23.19999800000000079 ) ) ;
#3700 = DIRECTION ( 'NONE',  ( -0.9999999998448928507, 1.761290502088552759E-05, 0.000000000000000000 ) ) ;
#3701 = CARTESIAN_POINT ( 'NONE',  ( 10.23043847095199688, 3.406785556417013527, 18.40359731999999937 ) ) ;
#3702 = ORIENTED_EDGE ( 'NONE', *, *, #7170, .T. ) ;
#3703 = ORIENTED_EDGE ( 'NONE', *, *, #3121, .T. ) ;
#3704 = EDGE_LOOP ( 'NONE', ( #3092, #1152, #3557, #5566 ) ) ;
#3705 = DIRECTION ( 'NONE',  ( 1.000000000000000000, 0.000000000000000000, 0.000000000000000000 ) ) ;
#3706 = ADVANCED_FACE ( 'NONE', ( #3229 ), #899, .F. ) ;
#3707 = EDGE_CURVE ( 'NONE', #6144, #4090, #7113, .T. ) ;
#3708 = CARTESIAN_POINT ( 'NONE',  ( 9.827836675256252263, 20.16314882303863243, 21.96359842000000029 ) ) ;
#3709 = FACE_OUTER_BOUND ( 'NONE', #3695, .T. ) ;
#3710 = CARTESIAN_POINT ( 'NONE',  ( 45.79477099867147416, -1.512152455818663865, 22.99999799999999794 ) ) ;
#3711 = EDGE_LOOP ( 'NONE', ( #2789, #499 ) ) ;
#3712 = VERTEX_POINT ( 'NONE', #2001 ) ;
#3713 = EDGE_CURVE ( 'NONE', #2868, #5249, #1384, .T. ) ;
#3714 = EDGE_CURVE ( 'NONE', #2966, #2294, #6620, .T. ) ;
#3715 = ADVANCED_FACE ( 'NONE', ( #1567 ), #5977, .F. ) ;
#3716 = AXIS2_PLACEMENT_3D ( 'NONE', #714, #2436, #6449 ) ;
#3717 = CARTESIAN_POINT ( 'NONE',  ( 26.28621100701933599, 23.98846797503755468, 23.19999800000000079 ) ) ;
#3718 = ORIENTED_EDGE ( 'NONE', *, *, #6663, .T. ) ;
#3719 = CARTESIAN_POINT ( 'NONE',  ( 9.830438470952454821, -8.063214443583346380, 23.19999800000000079 ) ) ;
#3720 = AXIS2_PLACEMENT_3D ( 'NONE', #526, #2880, #3394 ) ;
#3721 = VECTOR ( 'NONE', #12, 999.9999999999998863 ) ;
#3722 = CARTESIAN_POINT ( 'NONE',  ( 23.83188663583344180, -27.24758610986070906, 22.88699113056333090 ) ) ;
#3723 = VERTEX_POINT ( 'NONE', #3828 ) ;
#3724 = CARTESIAN_POINT ( 'NONE',  ( 40.59477099867147132, -12.51215245581865609, 23.19999800000000079 ) ) ;
#3725 = DIRECTION ( 'NONE',  ( 0.000000000000000000, -0.000000000000000000, 1.000000000000000000 ) ) ;
#3726 = CARTESIAN_POINT ( 'NONE',  ( 19.01847150889784643, -6.067398810601707382, 11.22457852691048430 ) ) ;
#3727 = AXIS2_PLACEMENT_3D ( 'NONE', #835, #1386, #1944 ) ;
#3728 = VECTOR ( 'NONE', #1171, 1000.000000000000000 ) ;
#3729 = CARTESIAN_POINT ( 'NONE',  ( 24.69849011171107378, -1.763214443583702495, 18.40359731999999937 ) ) ;
#3730 = PLANE ( 'NONE',  #6660 ) ;
#3731 = CARTESIAN_POINT ( 'NONE',  ( 30.79477099867147061, 9.487847544181342130, 21.99999800000000150 ) ) ;
#3732 = EDGE_LOOP ( 'NONE', ( #3274, #1954, #1014, #1301 ) ) ;
#3733 = AXIS2_PLACEMENT_3D ( 'NONE', #4526, #443, #6135 ) ;
#3734 = ORIENTED_EDGE ( 'NONE', *, *, #67, .T. ) ;
#3735 = CARTESIAN_POINT ( 'NONE',  ( 11.05355120219542719, 2.686785556416294796, 21.40359731999999937 ) ) ;
#3736 = CARTESIAN_POINT ( 'NONE',  ( 7.030438470952728558, 2.686785556416294796, 31.63375372154084175 ) ) ;
#3737 = ADVANCED_FACE ( 'NONE', ( #1015 ), #348, .F. ) ;
#3738 = FACE_OUTER_BOUND ( 'NONE', #4178, .T. ) ;
#3739 = DIRECTION ( 'NONE',  ( 0.000000000000000000, 0.000000000000000000, 1.000000000000000000 ) ) ;
#3740 = VERTEX_POINT ( 'NONE', #1117 ) ;
#3741 = FACE_OUTER_BOUND ( 'NONE', #4822, .T. ) ;
#3742 = EDGE_LOOP ( 'NONE', ( #20, #5533, #4453, #6611 ) ) ;
#3743 = EDGE_LOOP ( 'NONE', ( #5371, #2805, #969, #2471, #4697, #2258, #4266, #5747 ) ) ;
#3744 = ORIENTED_EDGE ( 'NONE', *, *, #1987, .F. ) ;
#3745 = CARTESIAN_POINT ( 'NONE',  ( 43.85549337622306609, 6.319848523146355923, 19.20359732000000008 ) ) ;
#3746 = CARTESIAN_POINT ( 'NONE',  ( 18.02849441382006646, 3.675851452833363009, 18.40359731999999937 ) ) ;
#3747 = EDGE_LOOP ( 'NONE', ( #5387, #4063, #6356, #949 ) ) ;
#3748 = CARTESIAN_POINT ( 'NONE',  ( 24.69849011171107378, 2.686785556416296572, 18.40359731999999937 ) ) ;
#3749 = CARTESIAN_POINT ( 'NONE',  ( 23.97644138130070957, -27.25210774967283456, 22.84470496776117088 ) ) ;
#3750 = VERTEX_POINT ( 'NONE', #646 ) ;
#3751 = EDGE_CURVE ( 'NONE', #5881, #3021, #3765, .T. ) ;
#3752 = AXIS2_PLACEMENT_3D ( 'NONE', #5398, #6599, #7238 ) ;
#3753 = FACE_OUTER_BOUND ( 'NONE', #2229, .T. ) ;
#3754 = ORIENTED_EDGE ( 'NONE', *, *, #5049, .T. ) ;
#3755 = VERTEX_POINT ( 'NONE', #3368 ) ;
#3756 = PLANE ( 'NONE',  #5621 ) ;
#3757 = VECTOR ( 'NONE', #4267, 1000.000000000000000 ) ;
#3758 = FACE_OUTER_BOUND ( 'NONE', #1666, .T. ) ;
#3759 = ORIENTED_EDGE ( 'NONE', *, *, #1028, .F. ) ;
#3760 = CARTESIAN_POINT ( 'NONE',  ( 6.030438470952711683, -2.763214443583700941, 21.40359731999999937 ) ) ;
#3761 = ADVANCED_FACE ( 'NONE', ( #5606 ), #2334, .F. ) ;
#3762 = EDGE_CURVE ( 'NONE', #202, #1573, #1670, .T. ) ;
#3763 = DIRECTION ( 'NONE',  ( -0.7071067811865414665, 0.000000000000000000, -0.7071067811865536790 ) ) ;
#3764 = DIRECTION ( 'NONE',  ( -0.000000000000000000, -0.000000000000000000, -1.000000000000000000 ) ) ;
#3765 = CIRCLE ( 'NONE', #5979, 0.2000000000000005107 ) ;
#3766 = VECTOR ( 'NONE', #4329, 999.9999999999998863 ) ;
#3767 = AXIS2_PLACEMENT_3D ( 'NONE', #5663, #5000, #5068 ) ;
#3768 = LINE ( 'NONE', #6677, #3507 ) ;
#3769 = AXIS2_PLACEMENT_3D ( 'NONE', #1326, #3581, #3060 ) ;
#3770 = FACE_OUTER_BOUND ( 'NONE', #521, .T. ) ;
#3771 = FACE_OUTER_BOUND ( 'NONE', #6461, .T. ) ;
#3772 = ORIENTED_EDGE ( 'NONE', *, *, #5408, .F. ) ;
#3773 = VERTEX_POINT ( 'NONE', #1081 ) ;
#3774 = AXIS2_PLACEMENT_3D ( 'NONE', #6481, #1908, #6906 ) ;
#3775 = LINE ( 'NONE', #3283, #6707 ) ;
#3776 = CARTESIAN_POINT ( 'NONE',  ( 10.85349142309807569, -1.563214443583704316, 21.40359731999999937 ) ) ;
#3777 = DIRECTION ( 'NONE',  ( 1.462890879734001726E-19, 1.610801296603465303E-20, -1.000000000000000000 ) ) ;
#3778 = DIRECTION ( 'NONE',  ( -1.355252715607184747E-16, 1.000000000000000000, 0.000000000000000000 ) ) ;
#3779 = ORIENTED_EDGE ( 'NONE', *, *, #555, .F. ) ;
#3780 = FACE_OUTER_BOUND ( 'NONE', #5463, .T. ) ;
#3781 = VERTEX_POINT ( 'NONE', #6237 ) ;
#3782 = ORIENTED_EDGE ( 'NONE', *, *, #3520, .T. ) ;
#3783 = LINE ( 'NONE', #2183, #1783 ) ;
#3784 = ORIENTED_EDGE ( 'NONE', *, *, #3816, .F. ) ;
#3785 = DIRECTION ( 'NONE',  ( 1.000000000000000000, 0.000000000000000000, 0.000000000000000000 ) ) ;
#3786 = VERTEX_POINT ( 'NONE', #6843 ) ;
#3787 = FACE_OUTER_BOUND ( 'NONE', #5185, .T. ) ;
#3788 = ORIENTED_EDGE ( 'NONE', *, *, #5091, .F. ) ;
#3789 = LINE ( 'NONE', #3863, #2449 ) ;
#3790 = LINE ( 'NONE', #2191, #3682 ) ;
#3791 = ADVANCED_FACE ( 'NONE', ( #6197 ), #1778, .F. ) ;
#3792 = ORIENTED_EDGE ( 'NONE', *, *, #4903, .F. ) ;
#3793 = EDGE_LOOP ( 'NONE', ( #3408, #2265, #3340, #6196 ) ) ;
#3794 = AXIS2_PLACEMENT_3D ( 'NONE', #1115, #4065, #3894 ) ;
#3795 = LINE ( 'NONE', #6023, #3757 ) ;
#3796 = CIRCLE ( 'NONE', #1075, 0.7999999999999986011 ) ;
#3797 = CARTESIAN_POINT ( 'NONE',  ( 23.92931648092979913, -27.25068251154959853, 22.85806666458993419 ) ) ;
#3798 = ORIENTED_EDGE ( 'NONE', *, *, #494, .F. ) ;
#3799 = DIRECTION ( 'NONE',  ( -0.7071067811865414665, 0.000000000000000000, -0.7071067811865536790 ) ) ;
#3800 = DIRECTION ( 'NONE',  ( 0.000000000000000000, 0.000000000000000000, 1.000000000000000000 ) ) ;
#3801 = AXIS2_PLACEMENT_3D ( 'NONE', #733, #3569, #5278 ) ;
#3802 = PLANE ( 'NONE',  #842 ) ;
#3803 = EDGE_CURVE ( 'NONE', #4074, #1064, #7294, .T. ) ;
#3804 = LINE ( 'NONE', #2755, #1373 ) ;
#3805 = EDGE_CURVE ( 'NONE', #3484, #4018, #6333, .T. ) ;
#3806 = VECTOR ( 'NONE', #4029, 1000.000000000000000 ) ;
#3807 = DIRECTION ( 'NONE',  ( 0.000000000000000000, 0.000000000000000000, 1.000000000000000000 ) ) ;
#3808 = CARTESIAN_POINT ( 'NONE',  ( 12.06945472834534883, -6.819414077215271597, 21.40359731999999937 ) ) ;
#3809 = EDGE_LOOP ( 'NONE', ( #1515, #2734, #3255, #5884 ) ) ;
#3810 = VECTOR ( 'NONE', #3541, 1000.000000000000000 ) ;
#3811 = AXIS2_PLACEMENT_3D ( 'NONE', #751, #1858, #5345 ) ;
#3812 = CARTESIAN_POINT ( 'NONE',  ( 32.33349227759007505, -9.733150561326636918, 19.20359732000000008 ) ) ;
#3813 = CARTESIAN_POINT ( 'NONE',  ( 40.08049337622307462, 7.319848523146356811, 19.20359732000000008 ) ) ;
#3814 = EDGE_CURVE ( 'NONE', #3694, #1743, #6701, .T. ) ;
#3815 = AXIS2_PLACEMENT_3D ( 'NONE', #6636, #4811, #5918 ) ;
#3816 = EDGE_CURVE ( 'NONE', #4613, #47, #95, .T. ) ;
#3817 = DIRECTION ( 'NONE',  ( -0.000000000000000000, -0.000000000000000000, 1.000000000000000000 ) ) ;
#3818 = CARTESIAN_POINT ( 'NONE',  ( 26.14477099867147203, -12.51215245581865609, 21.99999800000000150 ) ) ;
#3819 = EDGE_LOOP ( 'NONE', ( #5089, #4721 ) ) ;
#3820 = DIRECTION ( 'NONE',  ( 1.000000000000000000, 1.694065894508986234E-16, 0.000000000000000000 ) ) ;
#3821 = ORIENTED_EDGE ( 'NONE', *, *, #4714, .T. ) ;
#3822 = ORIENTED_EDGE ( 'NONE', *, *, #4602, .F. ) ;
#3823 = DIRECTION ( 'NONE',  ( 1.000000000000000000, 0.000000000000000000, 0.000000000000000000 ) ) ;
#3824 = EDGE_LOOP ( 'NONE', ( #3855, #3543, #4653, #910 ) ) ;
#3825 = CARTESIAN_POINT ( 'NONE',  ( 36.94477099867147274, 9.487847544181342130, 22.99999799999999794 ) ) ;
#3826 = DIRECTION ( 'NONE',  ( 0.000000000000000000, 0.000000000000000000, -1.000000000000000000 ) ) ;
#3827 = EDGE_LOOP ( 'NONE', ( #5712, #1443, #1375, #7115 ) ) ;
#3828 = CARTESIAN_POINT ( 'NONE',  ( 32.33349227759008215, -8.733150561326638694, 18.40359731999999937 ) ) ;
#3829 = LINE ( 'NONE', #1051, #505 ) ;
#3830 = ORIENTED_EDGE ( 'NONE', *, *, #2013, .T. ) ;
#3831 = ORIENTED_EDGE ( 'NONE', *, *, #7125, .F. ) ;
#3832 = EDGE_CURVE ( 'NONE', #5754, #2356, #500, .T. ) ;
#3833 = LINE ( 'NONE', #7193, #454 ) ;
#3834 = LINE ( 'NONE', #878, #6791 ) ;
#3835 = CARTESIAN_POINT ( 'NONE',  ( 25.14867846013755326, -27.16617815604656627, 22.88215059645793303 ) ) ;
#3836 = CIRCLE ( 'NONE', #5099, 2.919999999999999041 ) ;
#3837 = ORIENTED_EDGE ( 'NONE', *, *, #5675, .F. ) ;
#3838 = DIRECTION ( 'NONE',  ( 0.000000000000000000, 0.000000000000000000, 1.000000000000000000 ) ) ;
#3839 = AXIS2_PLACEMENT_3D ( 'NONE', #302, #7166, #3131 ) ;
#3840 = FACE_OUTER_BOUND ( 'NONE', #721, .T. ) ;
#3841 = PLANE ( 'NONE',  #4674 ) ;
#3842 = AXIS2_PLACEMENT_3D ( 'NONE', #3660, #162, #5783 ) ;
#3843 = DIRECTION ( 'NONE',  ( 1.000000000000000000, 0.000000000000000000, 0.000000000000000000 ) ) ;
#3844 = CARTESIAN_POINT ( 'NONE',  ( 20.02849441382007711, 2.426849255568360508, 18.40359731999999937 ) ) ;
#3845 = ORIENTED_EDGE ( 'NONE', *, *, #4412, .T. ) ;
#3846 = CYLINDRICAL_SURFACE ( 'NONE', #5788, 1.000000000000000888 ) ;
#3847 = ADVANCED_FACE ( 'NONE', ( #6768 ), #4551, .F. ) ;
#3848 = VECTOR ( 'NONE', #4505, 1000.000000000000000 ) ;
#3849 = CARTESIAN_POINT ( 'NONE',  ( 25.05949410864506532, -3.967150744431636955, 18.40359731999999937 ) ) ;
#3850 = DIRECTION ( 'NONE',  ( 0.000000000000000000, 0.000000000000000000, 1.000000000000000000 ) ) ;
#3851 = AXIS2_PLACEMENT_3D ( 'NONE', #6027, #296, #1458 ) ;
#3852 = EDGE_CURVE ( 'NONE', #6978, #1227, #5030, .T. ) ;
#3853 = DIRECTION ( 'NONE',  ( 0.000000000000000000, 0.000000000000000000, 1.000000000000000000 ) ) ;
#3854 = LINE ( 'NONE', #7211, #5213 ) ;
#3855 = ORIENTED_EDGE ( 'NONE', *, *, #4630, .T. ) ;
#3856 = ORIENTED_EDGE ( 'NONE', *, *, #7260, .F. ) ;
#3857 = CARTESIAN_POINT ( 'NONE',  ( 1.969999921565317225, 0.5678296471100250375, 18.40359731999999937 ) ) ;
#3858 = ADVANCED_FACE ( 'NONE', ( #3331 ), #537, .F. ) ;
#3859 = CYLINDRICAL_SURFACE ( 'NONE', #6239, 0.9999999999999991118 ) ;
#3860 = ORIENTED_EDGE ( 'NONE', *, *, #6173, .T. ) ;
#3861 = DIRECTION ( 'NONE',  ( 1.000000000000000000, 0.000000000000000000, 0.000000000000000000 ) ) ;
#3862 = VERTEX_POINT ( 'NONE', #4513 ) ;
#3863 = CARTESIAN_POINT ( 'NONE',  ( 7.630438470952453756, -8.063214443583346380, 22.99999800000000505 ) ) ;
#3864 = CARTESIAN_POINT ( 'NONE',  ( 43.85549282690606532, -15.01615056132663817, 19.20359732000000008 ) ) ;
#3865 = ORIENTED_EDGE ( 'NONE', *, *, #5130, .F. ) ;
#3866 = ORIENTED_EDGE ( 'NONE', *, *, #866, .F. ) ;
#3867 = CARTESIAN_POINT ( 'NONE',  ( 15.84674818352332260, 12.02291697121184200, 21.96359842000000029 ) ) ;
#3868 = DIRECTION ( 'NONE',  ( 0.000000000000000000, 1.000000000000000000, 0.000000000000000000 ) ) ;
#3869 = CARTESIAN_POINT ( 'NONE',  ( 25.33988066268345207, -27.16330220415853347, 22.92443617993385274 ) ) ;
#3870 = EDGE_LOOP ( 'NONE', ( #983, #2110, #3180, #2684 ) ) ;
#3871 = LINE ( 'NONE', #4421, #3494 ) ;
#3872 = AXIS2_PLACEMENT_3D ( 'NONE', #7283, #2731, #4970 ) ;
#3873 = DIRECTION ( 'NONE',  ( 1.000000000000000000, 0.000000000000000000, 0.000000000000000000 ) ) ;
#3874 = EDGE_CURVE ( 'NONE', #4218, #6858, #2815, .T. ) ;
#3875 = VECTOR ( 'NONE', #3037, 1000.000000000000000 ) ;
#3876 = PLANE ( 'NONE',  #1153 ) ;
#3877 = ADVANCED_FACE ( 'NONE', ( #3934 ), #5626, .F. ) ;
#3878 = DIRECTION ( 'NONE',  ( 1.761694111969794882E-05, 0.9999999998448216854, -0.000000000000000000 ) ) ;
#3879 = CARTESIAN_POINT ( 'NONE',  ( 23.76216016057058766, 24.13261069921697199, 23.01392321277684516 ) ) ;
#3880 = ORIENTED_EDGE ( 'NONE', *, *, #1680, .T. ) ;
#3881 = VECTOR ( 'NONE', #2987, 1000.000000000000000 ) ;
#3882 = CARTESIAN_POINT ( 'NONE',  ( 38.69477099867147274, 9.487847544181342130, 23.19999800000000079 ) ) ;
#3883 = EDGE_LOOP ( 'NONE', ( #5793, #1440, #3071, #2137 ) ) ;
#3884 = DIRECTION ( 'NONE',  ( 1.000000000000000000, 0.000000000000000000, 0.000000000000000000 ) ) ;
#3885 = VECTOR ( 'NONE', #2173, 1000.000000000000000 ) ;
#3886 = CARTESIAN_POINT ( 'NONE',  ( 40.08049337622307462, 7.319848523146356811, 19.20359732000000008 ) ) ;
#3887 = CARTESIAN_POINT ( 'NONE',  ( 28.09477099867147487, -1.512152455818657204, 22.99999799999999794 ) ) ;
#3888 = CYLINDRICAL_SURFACE ( 'NONE', #4763, 2.550000000000000266 ) ;
#3889 = ORIENTED_EDGE ( 'NONE', *, *, #4100, .F. ) ;
#3890 = EDGE_LOOP ( 'NONE', ( #6560, #1531, #6133, #5718, #163, #2590, #6005, #3964 ) ) ;
#3891 = CARTESIAN_POINT ( 'NONE',  ( 39.64477099867147558, 9.487847544181342130, 22.99999799999999794 ) ) ;
#3892 = CARTESIAN_POINT ( 'NONE',  ( 13.27349142309807206, -1.524148547166637613, 22.99999799999999794 ) ) ;
#3893 = AXIS2_PLACEMENT_3D ( 'NONE', #1748, #3976, #5749 ) ;
#3894 = DIRECTION ( 'NONE',  ( 1.000000000000000000, 0.000000000000000000, 0.000000000000000000 ) ) ;
#3895 = EDGE_CURVE ( 'NONE', #6010, #5081, #3443, .T. ) ;
#3896 = ORIENTED_EDGE ( 'NONE', *, *, #1889, .T. ) ;
#3897 = DIRECTION ( 'NONE',  ( -1.000000000000000000, 0.000000000000000000, 0.000000000000000000 ) ) ;
#3898 = ADVANCED_FACE ( 'NONE', ( #6342 ), #7021, .F. ) ;
#3899 = DIRECTION ( 'NONE',  ( -0.000000000000000000, -0.000000000000000000, -1.000000000000000000 ) ) ;
#3900 = ORIENTED_EDGE ( 'NONE', *, *, #1303, .F. ) ;
#3901 = ORIENTED_EDGE ( 'NONE', *, *, #3344, .T. ) ;
#3902 = EDGE_CURVE ( 'NONE', #2073, #7234, #679, .T. ) ;
#3903 = ORIENTED_EDGE ( 'NONE', *, *, #4679, .T. ) ;
#3904 = CARTESIAN_POINT ( 'NONE',  ( 8.630438470952363161, 5.206785556416654082, 8.998998000000000275 ) ) ;
#3905 = LINE ( 'NONE', #4985, #2773 ) ;
#3906 = CARTESIAN_POINT ( 'NONE',  ( 24.72598603653485938, -27.16882316478410786, 22.84184057404963752 ) ) ;
#3907 = ORIENTED_EDGE ( 'NONE', *, *, #288, .T. ) ;
#3908 = ORIENTED_EDGE ( 'NONE', *, *, #4496, .T. ) ;
#3909 = FACE_OUTER_BOUND ( 'NONE', #3654, .T. ) ;
#3910 = DIRECTION ( 'NONE',  ( 0.000000000000000000, 0.000000000000000000, 1.000000000000000000 ) ) ;
#3911 = DIRECTION ( 'NONE',  ( 0.000000000000000000, 0.000000000000000000, -1.000000000000000000 ) ) ;
#3912 = AXIS2_PLACEMENT_3D ( 'NONE', #6529, #6572, #5971 ) ;
#3913 = CARTESIAN_POINT ( 'NONE',  ( 21.77849011171107563, 21.53784716418134693, 23.19999800000000079 ) ) ;
#3914 = VECTOR ( 'NONE', #3366, 1000.000000000000000 ) ;
#3915 = CARTESIAN_POINT ( 'NONE',  ( 33.49477099867146990, -1.512152455818657204, 22.99999799999999794 ) ) ;
#3916 = VERTEX_POINT ( 'NONE', #776 ) ;
#3917 = EDGE_LOOP ( 'NONE', ( #5894, #2480, #1958, #5135 ) ) ;
#3918 = PLANE ( 'NONE',  #3767 ) ;
#3919 = DIRECTION ( 'NONE',  ( 1.000000000000000000, 0.000000000000000000, 0.000000000000000000 ) ) ;
#3920 = VECTOR ( 'NONE', #5964, 1000.000000000000000 ) ;
#3921 = CARTESIAN_POINT ( 'NONE',  ( 24.69849011171107378, 6.319848523146355035, 18.40359731999999937 ) ) ;
#3922 = CARTESIAN_POINT ( 'NONE',  ( 36.19477099867147274, -1.512152455818657204, 21.99999800000000150 ) ) ;
#3923 = AXIS2_PLACEMENT_3D ( 'NONE', #4760, #785, #2002 ) ;
#3924 = PLANE ( 'NONE',  #6534 ) ;
#3925 = VERTEX_POINT ( 'NONE', #6380 ) ;
#3926 = ORIENTED_EDGE ( 'NONE', *, *, #652, .T. ) ;
#3927 = DIRECTION ( 'NONE',  ( 1.462890879734001726E-19, 1.610801296603465303E-20, -1.000000000000000000 ) ) ;
#3928 = AXIS2_PLACEMENT_3D ( 'NONE', #2276, #2201, #4562 ) ;
#3929 = CARTESIAN_POINT ( 'NONE',  ( 50.36435050381643208, 0.5677779115151426748, 8.999997999999999720 ) ) ;
#3930 = ORIENTED_EDGE ( 'NONE', *, *, #265, .T. ) ;
#3931 = CONICAL_SURFACE ( 'NONE', #6989, 1.520000000000000462, 0.7188299996216268584 ) ;
#3932 = DIRECTION ( 'NONE',  ( -0.6585046078685198312, 8.064355602499658431E-17, 0.7525766947068762702 ) ) ;
#3933 = ORIENTED_EDGE ( 'NONE', *, *, #2568, .T. ) ;
#3934 = FACE_OUTER_BOUND ( 'NONE', #379, .T. ) ;
#3935 = FACE_BOUND ( 'NONE', #2091, .T. ) ;
#3936 = VERTEX_POINT ( 'NONE', #4139 ) ;
#3937 = CARTESIAN_POINT ( 'NONE',  ( 10.23043847095200576, -9.573214443583347943, 18.40359731999999937 ) ) ;
#3938 = ORIENTED_EDGE ( 'NONE', *, *, #4433, .F. ) ;
#3939 = EDGE_CURVE ( 'NONE', #4018, #980, #1880, .T. ) ;
#3940 = ADVANCED_FACE ( 'NONE', ( #4680 ), #4616, .F. ) ;
#3941 = ORIENTED_EDGE ( 'NONE', *, *, #7160, .T. ) ;
#3942 = DIRECTION ( 'NONE',  ( -0.000000000000000000, -0.000000000000000000, 1.000000000000000000 ) ) ;
#3943 = CYLINDRICAL_SURFACE ( 'NONE', #3078, 1.000000000000000888 ) ;
#3944 = EDGE_CURVE ( 'NONE', #4880, #1957, #1325, .T. ) ;
#3945 = CARTESIAN_POINT ( 'NONE',  ( 24.87340543255934833, -27.16841885509479937, 22.84808762429949880 ) ) ;
#3946 = EDGE_LOOP ( 'NONE', ( #5339, #716, #7168, #5741 ) ) ;
#3947 = EDGE_CURVE ( 'NONE', #1743, #6858, #2502, .T. ) ;
#3948 = EDGE_CURVE ( 'NONE', #3916, #6828, #1813, .T. ) ;
#3949 = FACE_OUTER_BOUND ( 'NONE', #4987, .T. ) ;
#3950 = FACE_OUTER_BOUND ( 'NONE', #1618, .T. ) ;
#3951 = CIRCLE ( 'NONE', #6054, 1.000000000000000888 ) ;
#3952 = CARTESIAN_POINT ( 'NONE',  ( 14.85349142309807391, -1.524148547166637835, 22.00359731999999724 ) ) ;
#3953 = CARTESIAN_POINT ( 'NONE',  ( 23.57981788490743469, 24.12709036292463338, 23.08636224920363489 ) ) ;
#3954 = EDGE_LOOP ( 'NONE', ( #136, #7094, #4470, #3938 ) ) ;
#3955 = DIRECTION ( 'NONE',  ( 0.000000000000000000, 1.000000000000000000, 0.000000000000000000 ) ) ;
#3956 = ORIENTED_EDGE ( 'NONE', *, *, #204, .F. ) ;
#3957 = VERTEX_POINT ( 'NONE', #1951 ) ;
#3958 = LINE ( 'NONE', #1213, #5776 ) ;
#3959 = CIRCLE ( 'NONE', #6287, 0.7500000000000006661 ) ;
#3960 = CARTESIAN_POINT ( 'NONE',  ( 45.79477099867147416, -1.512152455818663865, 21.99999800000000150 ) ) ;
#3961 = VECTOR ( 'NONE', #1180, 1000.000000000000000 ) ;
#3962 = CARTESIAN_POINT ( 'NONE',  ( 44.29477099867147416, -1.512152455818657204, 21.99999800000000150 ) ) ;
#3963 = CARTESIAN_POINT ( 'NONE',  ( 25.39477099867147203, 9.487847544181342130, 22.99999799999999794 ) ) ;
#3964 = ORIENTED_EDGE ( 'NONE', *, *, #2330, .T. ) ;
#3965 = LINE ( 'NONE', #4579, #2378 ) ;
#3966 = DIRECTION ( 'NONE',  ( 0.000000000000000000, 0.000000000000000000, 1.000000000000000000 ) ) ;
#3967 = EDGE_CURVE ( 'NONE', #3586, #838, #6982, .T. ) ;
#3968 = ORIENTED_EDGE ( 'NONE', *, *, #470, .T. ) ;
#3969 = VECTOR ( 'NONE', #474, 1000.000000000000000 ) ;
#3970 = AXIS2_PLACEMENT_3D ( 'NONE', #5238, #4061, #6893 ) ;
#3971 = ORIENTED_EDGE ( 'NONE', *, *, #3639, .F. ) ;
#3972 = DIRECTION ( 'NONE',  ( 0.000000000000000000, 1.000000000000000000, 0.000000000000000000 ) ) ;
#3973 = EDGE_CURVE ( 'NONE', #6431, #4187, #744, .T. ) ;
#3974 = PRESENTATION_STYLE_ASSIGNMENT (( #4552 ) ) ;
#3975 = ORIENTED_EDGE ( 'NONE', *, *, #5947, .F. ) ;
#3976 = DIRECTION ( 'NONE',  ( 0.000000000000000000, 0.000000000000000000, 1.000000000000000000 ) ) ;
#3977 = LINE ( 'NONE', #7300, #4460 ) ;
#3978 = DIRECTION ( 'NONE',  ( 1.000000000000000000, 0.000000000000000000, 0.000000000000000000 ) ) ;
#3979 = VERTEX_POINT ( 'NONE', #4077 ) ;
#3980 = EDGE_LOOP ( 'NONE', ( #4591, #3291 ) ) ;
#3981 = LINE ( 'NONE', #3345, #2967 ) ;
#3982 = CARTESIAN_POINT ( 'NONE',  ( 31.54477099867147061, -12.51215245581865609, 22.99999799999999794 ) ) ;
#3983 = AXIS2_PLACEMENT_3D ( 'NONE', #4632, #6250, #693 ) ;
#3984 = EDGE_CURVE ( 'NONE', #1746, #6010, #2691, .T. ) ;
#3985 = EDGE_CURVE ( 'NONE', #3333, #5515, #127, .T. ) ;
#3986 = DIRECTION ( 'NONE',  ( -1.000000000000000000, 0.000000000000000000, 0.000000000000000000 ) ) ;
#3987 = CARTESIAN_POINT ( 'NONE',  ( 23.89723748103228829, 24.13582410985475590, 22.96958332946251602 ) ) ;
#3988 = ORIENTED_EDGE ( 'NONE', *, *, #204, .T. ) ;
#3989 = CARTESIAN_POINT ( 'NONE',  ( 43.85549337622307320, 7.319848523146356811, 18.40359731999999937 ) ) ;
#3990 = EDGE_LOOP ( 'NONE', ( #1777, #6875, #2517, #575 ) ) ;
#3991 = ORIENTED_EDGE ( 'NONE', *, *, #7160, .F. ) ;
#3992 = DIRECTION ( 'NONE',  ( 1.000000000000000000, 0.000000000000000000, 0.000000000000000000 ) ) ;
#3993 = EDGE_CURVE ( 'NONE', #4817, #2575, #468, .T. ) ;
#3994 = CARTESIAN_POINT ( 'NONE',  ( 7.030438470952714347, -1.763214443583704938, 18.40359731999999937 ) ) ;
#3995 = VECTOR ( 'NONE', #1744, 1000.000000000000000 ) ;
#3996 = DIRECTION ( 'NONE',  ( -1.000000000000000000, 0.000000000000000000, 0.000000000000000000 ) ) ;
#3997 = CARTESIAN_POINT ( 'NONE',  ( 25.19477099867147274, 9.487847544181342130, 23.19999800000000079 ) ) ;
#3998 = ORIENTED_EDGE ( 'NONE', *, *, #7280, .F. ) ;
#3999 = LINE ( 'NONE', #573, #1205 ) ;
#4000 = EDGE_CURVE ( 'NONE', #1430, #5431, #2368, .T. ) ;
#4001 = PLANE ( 'NONE',  #2240 ) ;
#4002 = ORIENTED_EDGE ( 'NONE', *, *, #2568, .F. ) ;
#4003 = AXIS2_PLACEMENT_3D ( 'NONE', #2744, #2296, #2777 ) ;
#4004 = ORIENTED_EDGE ( 'NONE', *, *, #813, .F. ) ;
#4005 = DIRECTION ( 'NONE',  ( 0.000000000000000000, 0.000000000000000000, 1.000000000000000000 ) ) ;
#4006 = FACE_BOUND ( 'NONE', #3711, .T. ) ;
#4007 = ORIENTED_EDGE ( 'NONE', *, *, #2046, .F. ) ;
#4008 = CARTESIAN_POINT ( 'NONE',  ( 2.620036568811126010, -1.512541410634933747, 8.999997999999999720 ) ) ;
#4009 = ORIENTED_EDGE ( 'NONE', *, *, #3393, .T. ) ;
#4010 = AXIS2_PLACEMENT_3D ( 'NONE', #666, #5836, #3605 ) ;
#4011 = EDGE_CURVE ( 'NONE', #3957, #937, #1122, .T. ) ;
#4012 = ADVANCED_FACE ( 'NONE', ( #5815 ), #4172, .T. ) ;
#4013 = ORIENTED_EDGE ( 'NONE', *, *, #1680, .F. ) ;
#4014 = CARTESIAN_POINT ( 'NONE',  ( 24.73771659692750902, 24.23784000245281689, 22.74864312186092974 ) ) ;
#4015 = DIRECTION ( 'NONE',  ( -0.7071067811865414665, 0.000000000000000000, 0.7071067811865536790 ) ) ;
#4016 = CIRCLE ( 'NONE', #5993, 0.9499999999999959588 ) ;
#4017 = VERTEX_POINT ( 'NONE', #3476 ) ;
#4018 = VERTEX_POINT ( 'NONE', #5713 ) ;
#4019 = CARTESIAN_POINT ( 'NONE',  ( 8.630438470952455532, -3.563214443583345492, 22.99999800000000505 ) ) ;
#4020 = AXIS2_PLACEMENT_3D ( 'NONE', #3095, #5327, #2432 ) ;
#4021 = VECTOR ( 'NONE', #2473, 1000.000000000000000 ) ;
#4022 = DIRECTION ( 'NONE',  ( 0.000000000000000000, 0.000000000000000000, -1.000000000000000000 ) ) ;
#4023 = DIRECTION ( 'NONE',  ( 1.000000000000000000, 0.000000000000000000, 0.000000000000000000 ) ) ;
#4024 = FACE_OUTER_BOUND ( 'NONE', #6804, .T. ) ;
#4025 = ORIENTED_EDGE ( 'NONE', *, *, #3985, .T. ) ;
#4026 = DIRECTION ( 'NONE',  ( -0.7071067811865442421, 0.7071067811865507924, 0.000000000000000000 ) ) ;
#4027 = EDGE_LOOP ( 'NONE', ( #2760, #33, #1222, #1123 ) ) ;
#4028 = ORIENTED_EDGE ( 'NONE', *, *, #3993, .F. ) ;
#4029 = DIRECTION ( 'NONE',  ( -0.7071067811865525687, 8.659560562354994488E-17, 0.7071067811865425767 ) ) ;
#4030 = EDGE_CURVE ( 'NONE', #6806, #1557, #1260, .T. ) ;
#4031 = EDGE_CURVE ( 'NONE', #786, #2853, #428, .T. ) ;
#4032 = AXIS2_PLACEMENT_3D ( 'NONE', #6852, #1792, #5388 ) ;
#4033 = FACE_OUTER_BOUND ( 'NONE', #3583, .T. ) ;
#4034 = DIRECTION ( 'NONE',  ( -0.000000000000000000, -0.000000000000000000, -1.000000000000000000 ) ) ;
#4035 = DIRECTION ( 'NONE',  ( 0.000000000000000000, 0.000000000000000000, 1.000000000000000000 ) ) ;
#4036 = ORIENTED_EDGE ( 'NONE', *, *, #5452, .T. ) ;
#4037 = CARTESIAN_POINT ( 'NONE',  ( 19.02849441382007711, -1.512152455818657204, 21.40359731999999937 ) ) ;
#4038 = EDGE_CURVE ( 'NONE', #6096, #3957, #2618, .T. ) ;
#4039 = LINE ( 'NONE', #5740, #4369 ) ;
#4040 = AXIS2_PLACEMENT_3D ( 'NONE', #669, #4536, #2248 ) ;
#4041 = ORIENTED_EDGE ( 'NONE', *, *, #2103, .T. ) ;
#4042 = VECTOR ( 'NONE', #3927, 1000.000000000000000 ) ;
#4043 = CIRCLE ( 'NONE', #5779, 1.000000000000000888 ) ;
#4044 = ORIENTED_EDGE ( 'NONE', *, *, #4151, .F. ) ;
#4045 = CARTESIAN_POINT ( 'NONE',  ( 33.49477099867146990, -12.51215245581865609, 21.99999800000000150 ) ) ;
#4046 = FILL_AREA_STYLE_COLOUR ( '', #5189 ) ;
#4047 = ORIENTED_EDGE ( 'NONE', *, *, #3435, .F. ) ;
#4048 = CYLINDRICAL_SURFACE ( 'NONE', #5742, 0.7500000000000006661 ) ;
#4049 = VECTOR ( 'NONE', #467, 1000.000000000000000 ) ;
#4050 = EDGE_LOOP ( 'NONE', ( #5114, #2827, #5962, #3667 ) ) ;
#4051 = ORIENTED_EDGE ( 'NONE', *, *, #2642, .F. ) ;
#4052 = CARTESIAN_POINT ( 'NONE',  ( 24.43165796346883312, 24.23655425502129290, 22.76111134849211126 ) ) ;
#4053 = FACE_OUTER_BOUND ( 'NONE', #5258, .T. ) ;
#4054 = EDGE_CURVE ( 'NONE', #3712, #3463, #4248, .T. ) ;
#4055 = ORIENTED_EDGE ( 'NONE', *, *, #712, .F. ) ;
#4056 = VERTEX_POINT ( 'NONE', #5482 ) ;
#4057 = CYLINDRICAL_SURFACE ( 'NONE', #4032, 1.000000000000000888 ) ;
#4058 = EDGE_CURVE ( 'NONE', #775, #5577, #846, .T. ) ;
#4059 = CARTESIAN_POINT ( 'NONE',  ( 50.36961252669287603, -3.526097329696416871, 18.40359731999999937 ) ) ;
#4060 = DIRECTION ( 'NONE',  ( 0.000000000000000000, -1.000000000000000000, 0.000000000000000000 ) ) ;
#4061 = DIRECTION ( 'NONE',  ( -0.000000000000000000, -0.000000000000000000, -1.000000000000000000 ) ) ;
#4062 = DIRECTION ( 'NONE',  ( -1.000000000000000000, 9.934539730264194206E-15, 0.000000000000000000 ) ) ;
#4063 = ORIENTED_EDGE ( 'NONE', *, *, #4624, .F. ) ;
#4064 = LINE ( 'NONE', #6292, #5893 ) ;
#4065 = DIRECTION ( 'NONE',  ( 0.000000000000000000, 0.000000000000000000, 1.000000000000000000 ) ) ;
#4066 = AXIS2_PLACEMENT_3D ( 'NONE', #1031, #593, #1062 ) ;
#4067 = DIRECTION ( 'NONE',  ( -1.000000000000000000, 0.000000000000000000, 0.000000000000000000 ) ) ;
#4068 = LINE ( 'NONE', #6298, #1589 ) ;
#4069 = CARTESIAN_POINT ( 'NONE',  ( 25.97716828532229627, -27.11257994237240254, 23.11816606549727382 ) ) ;
#4070 = ADVANCED_FACE ( 'NONE', ( #6484 ), #1512, .F. ) ;
#4071 = DIRECTION ( 'NONE',  ( -0.000000000000000000, -0.000000000000000000, -1.000000000000000000 ) ) ;
#4072 = AXIS2_PLACEMENT_3D ( 'NONE', #6344, #6946, #3622 ) ;
#4073 = LINE ( 'NONE', #1151, #2701 ) ;
#4074 = VERTEX_POINT ( 'NONE', #385 ) ;
#4075 = VECTOR ( 'NONE', #2400, 1000.000000000000000 ) ;
#4076 = ORIENTED_EDGE ( 'NONE', *, *, #2309, .T. ) ;
#4077 = CARTESIAN_POINT ( 'NONE',  ( 23.17849011171107421, 21.53784716418134693, 21.59999800000001002 ) ) ;
#4078 = VECTOR ( 'NONE', #920, 1000.000000000000000 ) ;
#4079 = CARTESIAN_POINT ( 'NONE',  ( 24.49953277318446609, 24.23727842477642724, 22.75411469616573257 ) ) ;
#4080 = LINE ( 'NONE', #6311, #4758 ) ;
#4081 = EDGE_CURVE ( 'NONE', #5605, #6551, #453, .T. ) ;
#4082 = EDGE_LOOP ( 'NONE', ( #5907, #1488, #2415, #2308 ) ) ;
#4083 = ORIENTED_EDGE ( 'NONE', *, *, #3661, .F. ) ;
#4084 = DIRECTION ( 'NONE',  ( -0.9999999998448927396, 1.761290502088552420E-05, 0.000000000000000000 ) ) ;
#4085 = AXIS2_PLACEMENT_3D ( 'NONE', #1770, #117, #5172 ) ;
#4086 = AXIS2_PLACEMENT_3D ( 'NONE', #1419, #3161, #5990 ) ;
#4087 = CARTESIAN_POINT ( 'NONE',  ( 25.50159398673298483, 24.13576542491624721, 22.97034208487304596 ) ) ;
#4088 = DIRECTION ( 'NONE',  ( 1.000000000000000000, 0.000000000000000000, 0.000000000000000000 ) ) ;
#4089 = CIRCLE ( 'NONE', #4086, 0.7500000000000006661 ) ;
#4090 = VERTEX_POINT ( 'NONE', #2031 ) ;
#4091 = ORIENTED_EDGE ( 'NONE', *, *, #1814, .F. ) ;
#4092 = DIRECTION ( 'NONE',  ( 0.000000000000000000, 0.000000000000000000, 1.000000000000000000 ) ) ;
#4093 = AXIS2_PLACEMENT_3D ( 'NONE', #1539, #7043, #989 ) ;
#4094 = CARTESIAN_POINT ( 'NONE',  ( 10.85349142309807569, -1.563214443583704316, 18.40359731999999937 ) ) ;
#4095 = DIRECTION ( 'NONE',  ( 1.577021341797097560E-16, 1.000000000000000000, 0.000000000000000000 ) ) ;
#4096 = DIRECTION ( 'NONE',  ( 1.000000000000000000, 0.000000000000000000, 0.000000000000000000 ) ) ;
#4097 = DIRECTION ( 'NONE',  ( 1.000000000000000000, 0.000000000000000000, 0.000000000000000000 ) ) ;
#4098 = ORIENTED_EDGE ( 'NONE', *, *, #4734, .F. ) ;
#4099 = DIRECTION ( 'NONE',  ( 0.000000000000000000, -1.000000000000000000, 0.000000000000000000 ) ) ;
#4100 = EDGE_CURVE ( 'NONE', #3723, #685, #4877, .T. ) ;
#4101 = DIRECTION ( 'NONE',  ( -1.000000000000000000, 0.000000000000000000, 0.000000000000000000 ) ) ;
#4102 = CARTESIAN_POINT ( 'NONE',  ( 43.85549282690607242, -14.01615056132663995, 19.20359732000000008 ) ) ;
#4103 = DIRECTION ( 'NONE',  ( 1.000000000000000000, 0.000000000000000000, 0.000000000000000000 ) ) ;
#4104 = FACE_OUTER_BOUND ( 'NONE', #543, .T. ) ;
#4105 = CIRCLE ( 'NONE', #5241, 1.000000000000000888 ) ;
#4106 = DIRECTION ( 'NONE',  ( 1.000000000000000000, 0.000000000000000000, 0.000000000000000000 ) ) ;
#4107 = DIRECTION ( 'NONE',  ( 1.000000000000000000, 0.000000000000000000, 0.000000000000000000 ) ) ;
#4108 = EDGE_LOOP ( 'NONE', ( #6007, #4584, #6301, #3073 ) ) ;
#4109 = EDGE_LOOP ( 'NONE', ( #5746, #3698, #6417, #5926 ) ) ;
#4110 = DIRECTION ( 'NONE',  ( -1.000000000000000000, 0.000000000000000000, 0.000000000000000000 ) ) ;
#4111 = CARTESIAN_POINT ( 'NONE',  ( 24.75247006572692854, 24.23783959790434750, 22.74864611834298245 ) ) ;
#4112 = DIRECTION ( 'NONE',  ( 0.000000000000000000, 0.000000000000000000, 1.000000000000000000 ) ) ;
#4113 = ORIENTED_EDGE ( 'NONE', *, *, #2301, .F. ) ;
#4114 = VERTEX_POINT ( 'NONE', #4857 ) ;
#4115 = LINE ( 'NONE', #6349, #2467 ) ;
#4116 = EDGE_CURVE ( 'NONE', #4405, #1048, #5406, .T. ) ;
#4117 = EDGE_CURVE ( 'NONE', #786, #4376, #2067, .T. ) ;
#4118 = CIRCLE ( 'NONE', #3406, 1.500000000000001332 ) ;
#4119 = ORIENTED_EDGE ( 'NONE', *, *, #4492, .F. ) ;
#4120 = CARTESIAN_POINT ( 'NONE',  ( 25.53267078955669689, 24.22435274789442516, 22.87700875154054714 ) ) ;
#4121 = DIRECTION ( 'NONE',  ( -1.000000000000000000, 0.000000000000000000, 0.000000000000000000 ) ) ;
#4122 = VERTEX_POINT ( 'NONE', #1396 ) ;
#4123 = ADVANCED_FACE ( 'NONE', ( #3738 ), #6039, .T. ) ;
#4124 = EDGE_CURVE ( 'NONE', #3786, #6232, #4321, .T. ) ;
#4125 = FACE_OUTER_BOUND ( 'NONE', #2852, .T. ) ;
#4126 = ORIENTED_EDGE ( 'NONE', *, *, #2855, .F. ) ;
#4127 = CARTESIAN_POINT ( 'NONE',  ( 8.630438470952407570, 0.8867855564166541305, 21.40359731999999937 ) ) ;
#4128 = FACE_OUTER_BOUND ( 'NONE', #6912, .T. ) ;
#4129 = DIRECTION ( 'NONE',  ( 0.7071067811865597852, 0.000000000000000000, 0.7071067811865352493 ) ) ;
#4130 = DIRECTION ( 'NONE',  ( 1.000000000000000000, 0.000000000000000000, 0.000000000000000000 ) ) ;
#4131 = DIRECTION ( 'NONE',  ( -1.000000000000000000, 0.000000000000000000, 0.000000000000000000 ) ) ;
#4132 = CARTESIAN_POINT ( 'NONE',  ( 11.05349142309807675, -1.113214443582986268, 21.40359731999999937 ) ) ;
#4133 = CARTESIAN_POINT ( 'NONE',  ( 40.59477099867147132, -1.512152455818657204, 23.19999800000000079 ) ) ;
#4134 = DIRECTION ( 'NONE',  ( -0.000000000000000000, -0.000000000000000000, 1.000000000000000000 ) ) ;
#4135 = CARTESIAN_POINT ( 'NONE',  ( 9.082623226170039032, 7.473333429580441667, 21.40359731999999937 ) ) ;
#4136 = VERTEX_POINT ( 'NONE', #3699 ) ;
#4137 = CARTESIAN_POINT ( 'NONE',  ( 24.69849011171107378, -1.512152455818657204, 22.99999800000000860 ) ) ;
#4138 = LINE ( 'NONE', #6562, #5295 ) ;
#4139 = CARTESIAN_POINT ( 'NONE',  ( 35.98149282690607009, 12.22185072041136245, 19.20359732000000008 ) ) ;
#4140 = FACE_OUTER_BOUND ( 'NONE', #4559, .T. ) ;
#4141 = LINE ( 'NONE', #849, #3589 ) ;
#4142 = ORIENTED_EDGE ( 'NONE', *, *, #609, .F. ) ;
#4143 = ORIENTED_EDGE ( 'NONE', *, *, #1030, .F. ) ;
#4144 = CIRCLE ( 'NONE', #5656, 0.7500000000000006661 ) ;
#4145 = LINE ( 'NONE', #4687, #4475 ) ;
#4146 = CIRCLE ( 'NONE', #6977, 1.780000000000010685 ) ;
#4147 = CARTESIAN_POINT ( 'NONE',  ( 26.12618181205468559, 24.19830927888190075, 23.11151931750246291 ) ) ;
#4148 = CARTESIAN_POINT ( 'NONE',  ( 25.87591770423906112, -27.23521922990983057, 22.99999799970561654 ) ) ;
#4149 = VECTOR ( 'NONE', #6353, 1000.000000000000000 ) ;
#4150 = EDGE_LOOP ( 'NONE', ( #551, #3404, #1233, #4730 ) ) ;
#4151 = EDGE_CURVE ( 'NONE', #2868, #2666, #3139, .T. ) ;
#4152 = EDGE_CURVE ( 'NONE', #4900, #6987, #6564, .T. ) ;
#4153 = AXIS2_PLACEMENT_3D ( 'NONE', #3688, #336, #6174 ) ;
#4154 = LINE ( 'NONE', #755, #1560 ) ;
#4155 = DIRECTION ( 'NONE',  ( 0.000000000000000000, -1.000000000000000000, 0.000000000000000000 ) ) ;
#4156 = EDGE_CURVE ( 'NONE', #3196, #1174, #3216, .T. ) ;
#4157 = LINE ( 'NONE', #6925, #538 ) ;
#4158 = ORIENTED_EDGE ( 'NONE', *, *, #1358, .F. ) ;
#4159 = DIRECTION ( 'NONE',  ( 0.000000000000000000, -1.000000000000000000, 0.000000000000000000 ) ) ;
#4160 = EDGE_CURVE ( 'NONE', #3160, #4256, #4784, .T. ) ;
#4161 = DIRECTION ( 'NONE',  ( 0.000000000000000000, 0.000000000000000000, -1.000000000000000000 ) ) ;
#4162 = DIRECTION ( 'NONE',  ( 0.7071067811865536790, 0.000000000000000000, -0.7071067811865414665 ) ) ;
#4163 = DIRECTION ( 'NONE',  ( 1.000000000000000000, 0.000000000000000000, 0.000000000000000000 ) ) ;
#4164 = CARTESIAN_POINT ( 'NONE',  ( 6.030438470952644181, -9.573214443583347943, 21.40359731999999937 ) ) ;
#4165 = CARTESIAN_POINT ( 'NONE',  ( 44.85549282690607242, -9.733150561326645800, 18.40359731999999937 ) ) ;
#4166 = CARTESIAN_POINT ( 'NONE',  ( 35.98149282690607009, 6.065850720411352981, 19.20359732000000008 ) ) ;
#4167 = ORIENTED_EDGE ( 'NONE', *, *, #2320, .F. ) ;
#4168 = CARTESIAN_POINT ( 'NONE',  ( 26.89477099867147203, 9.487847544181342130, 22.99999799999999794 ) ) ;
#4169 = DIRECTION ( 'NONE',  ( -0.7071067811865536790, 0.000000000000000000, -0.7071067811865414665 ) ) ;
#4170 = ORIENTED_EDGE ( 'NONE', *, *, #2896, .T. ) ;
#4171 = EDGE_CURVE ( 'NONE', #3490, #5605, #7060, .T. ) ;
#4172 = PLANE ( 'NONE',  #6175 ) ;
#4173 = VECTOR ( 'NONE', #1439, 1000.000000000000000 ) ;
#4174 = CARTESIAN_POINT ( 'NONE',  ( 25.56859864488250977, 24.22315314468508873, 22.88817389980837191 ) ) ;
#4175 = DIRECTION ( 'NONE',  ( 0.000000000000000000, 0.000000000000000000, -1.000000000000000000 ) ) ;
#4176 = EDGE_LOOP ( 'NONE', ( #1595, #286, #1120, #1572 ) ) ;
#4177 = AXIS2_PLACEMENT_3D ( 'NONE', #119, #6935, #2948 ) ;
#4178 = EDGE_LOOP ( 'NONE', ( #2099, #6922, #3822, #6774 ) ) ;
#4179 = ORIENTED_EDGE ( 'NONE', *, *, #4496, .F. ) ;
#4180 = EDGE_CURVE ( 'NONE', #4489, #3740, #5444, .T. ) ;
#4181 = ORIENTED_EDGE ( 'NONE', *, *, #3383, .T. ) ;
#4182 = DIRECTION ( 'NONE',  ( 1.000000000000000000, 0.000000000000000000, 0.000000000000000000 ) ) ;
#4183 = VECTOR ( 'NONE', #2637, 1000.000000000000000 ) ;
#4184 = EDGE_CURVE ( 'NONE', #7249, #6697, #5372, .T. ) ;
#4185 = CARTESIAN_POINT ( 'NONE',  ( 24.52357479086279923, 24.14411394345751205, 22.84808762429949169 ) ) ;
#4186 = DIRECTION ( 'NONE',  ( 0.000000000000000000, 0.000000000000000000, -1.000000000000000000 ) ) ;
#4187 = VERTEX_POINT ( 'NONE', #349 ) ;
#4188 = VECTOR ( 'NONE', #2654, 1000.000000000000000 ) ;
#4189 = ORIENTED_EDGE ( 'NONE', *, *, #2665, .T. ) ;
#4190 = ORIENTED_EDGE ( 'NONE', *, *, #2474, .F. ) ;
#4191 = AXIS2_PLACEMENT_3D ( 'NONE', #5705, #2428, #673 ) ;
#4192 = PLANE ( 'NONE',  #2153 ) ;
#4193 = ORIENTED_EDGE ( 'NONE', *, *, #5043, .F. ) ;
#4194 = ORIENTED_EDGE ( 'NONE', *, *, #4545, .F. ) ;
#4195 = DIRECTION ( 'NONE',  ( 0.000000000000000000, 0.000000000000000000, -1.000000000000000000 ) ) ;
#4196 = CIRCLE ( 'NONE', #6676, 0.2000000000000005107 ) ;
#4197 = CARTESIAN_POINT ( 'NONE',  ( 26.18664373884804775, -27.21918420891585910, 23.14124125523812836 ) ) ;
#4198 = ORIENTED_EDGE ( 'NONE', *, *, #5537, .T. ) ;
#4199 = LINE ( 'NONE', #3724, #3251 ) ;
#4200 = CARTESIAN_POINT ( 'NONE',  ( 20.86549410864508403, 1.426849255568360064, 21.40359731999999937 ) ) ;
#4201 = CARTESIAN_POINT ( 'NONE',  ( 43.09477099867147132, -12.51215245581865609, 22.99999799999999794 ) ) ;
#4202 = ADVANCED_FACE ( 'NONE', ( #7100 ), #5466, .F. ) ;
#4203 = LINE ( 'NONE', #4132, #2917 ) ;
#4204 = EDGE_CURVE ( 'NONE', #3351, #4122, #1281, .T. ) ;
#4205 = DIRECTION ( 'NONE',  ( 0.000000000000000000, -1.000000000000000000, 0.000000000000000000 ) ) ;
#4206 = DIRECTION ( 'NONE',  ( -0.000000000000000000, -0.000000000000000000, -1.000000000000000000 ) ) ;
#4207 = CARTESIAN_POINT ( 'NONE',  ( 9.830438470952406860, 0.8867855564166541305, 23.19999800000000079 ) ) ;
#4208 = DIRECTION ( 'NONE',  ( 1.000000000000000000, 0.000000000000000000, 0.000000000000000000 ) ) ;
#4209 = CARTESIAN_POINT ( 'NONE',  ( 28.09477099867147487, -1.512152455818657204, 21.99999800000000150 ) ) ;
#4210 = EDGE_CURVE ( 'NONE', #6697, #1965, #3473, .T. ) ;
#4211 = ORIENTED_EDGE ( 'NONE', *, *, #888, .F. ) ;
#4212 = CARTESIAN_POINT ( 'NONE',  ( 32.33349227759007505, -9.733150561326636918, 18.40359731999999937 ) ) ;
#4213 = VECTOR ( 'NONE', #4563, 1000.000000000000000 ) ;
#4214 = DIRECTION ( 'NONE',  ( 0.000000000000000000, 0.000000000000000000, -1.000000000000000000 ) ) ;
#4215 = VERTEX_POINT ( 'NONE', #6188 ) ;
#4216 = FACE_OUTER_BOUND ( 'NONE', #599, .T. ) ;
#4217 = ORIENTED_EDGE ( 'NONE', *, *, #6128, .T. ) ;
#4218 = VERTEX_POINT ( 'NONE', #6796 ) ;
#4219 = ORIENTED_EDGE ( 'NONE', *, *, #168, .T. ) ;
#4220 = FACE_OUTER_BOUND ( 'NONE', #5890, .T. ) ;
#4221 = AXIS2_PLACEMENT_3D ( 'NONE', #908, #4842, #4984 ) ;
#4222 = DIRECTION ( 'NONE',  ( 0.000000000000000000, 0.000000000000000000, 1.000000000000000000 ) ) ;
#4223 = CARTESIAN_POINT ( 'NONE',  ( 24.67099418688728818, 24.14451825314681699, 22.84184057404963042 ) ) ;
#4224 = CARTESIAN_POINT ( 'NONE',  ( 43.29477099867146705, -12.51215245581865609, 23.19999800000000079 ) ) ;
#4225 = ORIENTED_EDGE ( 'NONE', *, *, #4501, .F. ) ;
#4226 = AXIS2_PLACEMENT_3D ( 'NONE', #3148, #2043, #1528 ) ;
#4227 = ORIENTED_EDGE ( 'NONE', *, *, #3157, .F. ) ;
#4228 = ORIENTED_EDGE ( 'NONE', *, *, #4156, .F. ) ;
#4229 = EDGE_CURVE ( 'NONE', #6347, #5755, #3356, .T. ) ;
#4230 = DIRECTION ( 'NONE',  ( 1.000000000000000000, 0.000000000000000000, 0.000000000000000000 ) ) ;
#4231 = ORIENTED_EDGE ( 'NONE', *, *, #1784, .T. ) ;
#4232 = CARTESIAN_POINT ( 'NONE',  ( 23.17849011171107421, 21.53784716418134693, 21.59999800000001002 ) ) ;
#4233 = CARTESIAN_POINT ( 'NONE',  ( 25.16662102564073678, -27.25798387876383444, 22.78881726312539513 ) ) ;
#4234 = ORIENTED_EDGE ( 'NONE', *, *, #4823, .T. ) ;
#4235 = LINE ( 'NONE', #3082, #2780 ) ;
#4236 = FACE_OUTER_BOUND ( 'NONE', #6635, .T. ) ;
#4237 = CARTESIAN_POINT ( 'NONE',  ( 27.89477099867147558, -1.512152455818657204, 23.19999800000000079 ) ) ;
#4238 = CIRCLE ( 'NONE', #1056, 0.7500000000000006661 ) ;
#4239 = CARTESIAN_POINT ( 'NONE',  ( 24.79095158454909154, -27.16882665920101658, 22.84175824638560215 ) ) ;
#4240 = CARTESIAN_POINT ( 'NONE',  ( 21.62782457946374137, -4.620825445397462872, 23.19999800000000079 ) ) ;
#4241 = CYLINDRICAL_SURFACE ( 'NONE', #3839, 0.6499999967711296289 ) ;
#4242 = CARTESIAN_POINT ( 'NONE',  ( 1.969999921565317225, 0.5678296471100250375, 8.999997999999999720 ) ) ;
#4243 = ORIENTED_EDGE ( 'NONE', *, *, #2225, .T. ) ;
#4244 = CYLINDRICAL_SURFACE ( 'NONE', #4583, 0.7500000000000006661 ) ;
#4245 = ADVANCED_FACE ( 'NONE', ( #2141 ), #2177, .F. ) ;
#4246 = EDGE_CURVE ( 'NONE', #3299, #6281, #2249, .T. ) ;
#4247 = FACE_OUTER_BOUND ( 'NONE', #236, .T. ) ;
#4248 = LINE ( 'NONE', #6524, #6896 ) ;
#4249 = ADVANCED_FACE ( 'NONE', ( #6649 ), #5634, .F. ) ;
#4250 = EDGE_CURVE ( 'NONE', #4817, #5017, #6112, .T. ) ;
#4251 = DIRECTION ( 'NONE',  ( -1.000000000000000000, 0.000000000000000000, 0.000000000000000000 ) ) ;
#4252 = ORIENTED_EDGE ( 'NONE', *, *, #4501, .T. ) ;
#4253 = DIRECTION ( 'NONE',  ( 0.7114425483935349348, -0.7027442638224183913, 0.000000000000000000 ) ) ;
#4254 = EDGE_LOOP ( 'NONE', ( #7020, #5944, #2922, #536, #1773, #4482, #3336, #7037 ) ) ;
#4255 = EDGE_CURVE ( 'NONE', #1090, #3377, #6293, .T. ) ;
#4256 = VERTEX_POINT ( 'NONE', #5036 ) ;
#4257 = EDGE_LOOP ( 'NONE', ( #4909, #3335, #355, #1694 ) ) ;
#4258 = FACE_OUTER_BOUND ( 'NONE', #7156, .T. ) ;
#4259 = DIRECTION ( 'NONE',  ( 0.000000000000000000, 0.000000000000000000, 1.000000000000000000 ) ) ;
#4260 = CARTESIAN_POINT ( 'NONE',  ( 18.02849441382007356, 2.675851452833362565, 21.40359731999999937 ) ) ;
#4261 = DIRECTION ( 'NONE',  ( 1.000000000000000000, 0.000000000000000000, 0.000000000000000000 ) ) ;
#4262 = VECTOR ( 'NONE', #4976, 1000.000000000000000 ) ;
#4263 = ORIENTED_EDGE ( 'NONE', *, *, #6387, .T. ) ;
#4264 = DIRECTION ( 'NONE',  ( -1.000000000000000000, 0.000000000000000000, 0.000000000000000000 ) ) ;
#4265 = VERTEX_POINT ( 'NONE', #1733 ) ;
#4266 = ORIENTED_EDGE ( 'NONE', *, *, #2756, .T. ) ;
#4267 = DIRECTION ( 'NONE',  ( -0.000000000000000000, 1.000000000000000000, 0.000000000000000000 ) ) ;
#4268 = CIRCLE ( 'NONE', #5075, 1.499999999999999556 ) ;
#4269 = CARTESIAN_POINT ( 'NONE',  ( 36.19477099867147274, -1.512152455818657204, 22.99999799999999794 ) ) ;
#4271 = EDGE_LOOP ( 'NONE', ( #4448, #5186, #4367, #6745 ) ) ;
#4270 = VECTOR ( 'NONE', #374, 1000.000000000000000 ) ;
#4272 = CARTESIAN_POINT ( 'NONE',  ( 28.09477099867147487, -12.51215245581865609, 21.99999800000000150 ) ) ;
#4273 = DIRECTION ( 'NONE',  ( 0.000000000000000000, -1.000000000000000000, 0.000000000000000000 ) ) ;
#4274 = EDGE_CURVE ( 'NONE', #4553, #2657, #2729, .T. ) ;
#4275 = CARTESIAN_POINT ( 'NONE',  ( 42.34477099867147132, 9.487847544181342130, 21.99999800000000150 ) ) ;
#4276 = AXIS2_PLACEMENT_3D ( 'NONE', #6266, #2770, #5078 ) ;
#4277 = CIRCLE ( 'NONE', #3689, 1.520000000000000462 ) ;
#4278 = LINE ( 'NONE', #3729, #3024 ) ;
#4279 = DIRECTION ( 'NONE',  ( 0.000000000000000000, 1.000000000000000000, 0.000000000000000000 ) ) ;
#4280 = CARTESIAN_POINT ( 'NONE',  ( 3.264205251154863596, 13.51827542104300584, 21.96359842000000029 ) ) ;
#4281 = EDGE_LOOP ( 'NONE', ( #6914, #4009, #2544, #1143 ) ) ;
#4282 = DIRECTION ( 'NONE',  ( -1.000000000000000000, 0.000000000000000000, 0.000000000000000000 ) ) ;
#4283 = CARTESIAN_POINT ( 'NONE',  ( 24.69849011171107378, -1.512152455818657204, 96.03199646221435160 ) ) ;
#4284 = VERTEX_POINT ( 'NONE', #3994 ) ;
#4285 = EDGE_CURVE ( 'NONE', #3450, #484, #4435, .T. ) ;
#4286 = DIRECTION ( 'NONE',  ( -0.000000000000000000, 1.000000000000000000, 0.000000000000000000 ) ) ;
#4287 = DIRECTION ( 'NONE',  ( -1.000000000000000000, -1.355252715607184747E-16, 0.000000000000000000 ) ) ;
#4288 = CARTESIAN_POINT ( 'NONE',  ( 50.44849011171106667, -1.512152455818654095, 22.99999800000000860 ) ) ;
#4289 = ORIENTED_EDGE ( 'NONE', *, *, #2079, .F. ) ;
#4290 = DIRECTION ( 'NONE',  ( 0.000000000000000000, 0.000000000000000000, 1.000000000000000000 ) ) ;
#4291 = EDGE_LOOP ( 'NONE', ( #4600, #5628, #6579, #5784 ) ) ;
#4292 = DIRECTION ( 'NONE',  ( 1.462890879734001726E-19, 0.000000000000000000, -1.000000000000000000 ) ) ;
#4293 = CARTESIAN_POINT ( 'NONE',  ( 21.66549410864507763, -1.512152455818647434, 21.40359731999999937 ) ) ;
#4294 = EDGE_CURVE ( 'NONE', #224, #937, #5668, .T. ) ;
#4295 = ORIENTED_EDGE ( 'NONE', *, *, #1349, .F. ) ;
#4296 = DIRECTION ( 'NONE',  ( 1.000000000000000000, 0.000000000000000000, 0.000000000000000000 ) ) ;
#4297 = AXIS2_PLACEMENT_3D ( 'NONE', #377, #2608, #5996 ) ;
#4298 = EDGE_CURVE ( 'NONE', #2952, #4900, #762, .T. ) ;
#4299 = CARTESIAN_POINT ( 'NONE',  ( 26.14477099867147203, 9.487847544181342130, 21.99999800000000150 ) ) ;
#4300 = EDGE_LOOP ( 'NONE', ( #6545, #4385, #5051, #2182 ) ) ;
#4301 = AXIS2_PLACEMENT_3D ( 'NONE', #3582, #4112, #234 ) ;
#4302 = CARTESIAN_POINT ( 'NONE',  ( 35.98149282690607720, 11.22185072041136067, 19.20359732000000008 ) ) ;
#4303 = EDGE_LOOP ( 'NONE', ( #1220, #2563, #3118, #3188 ) ) ;
#4304 = ORIENTED_EDGE ( 'NONE', *, *, #2310, .T. ) ;
#4305 = DIRECTION ( 'NONE',  ( 1.000000000000000000, 0.000000000000000000, 0.000000000000000000 ) ) ;
#4306 = VECTOR ( 'NONE', #3777, 1000.000000000000000 ) ;
#4307 = VECTOR ( 'NONE', #447, 1000.000000000000000 ) ;
#4308 = CARTESIAN_POINT ( 'NONE',  ( 23.71896250161845288, -27.24352015409503736, 22.92456902985438205 ) ) ;
#4309 = VERTEX_POINT ( 'NONE', #4969 ) ;
#4310 = CARTESIAN_POINT ( 'NONE',  ( 7.030438470952720564, 0.08678555641701307666, 31.63375372154084175 ) ) ;
#4311 = DIRECTION ( 'NONE',  ( 1.000000000000000000, 0.000000000000000000, -0.000000000000000000 ) ) ;
#4312 = DIRECTION ( 'NONE',  ( 0.7801157678426487996, 0.6256351882393400565, -0.000000000000000000 ) ) ;
#4313 = AXIS2_PLACEMENT_3D ( 'NONE', #2571, #1427, #4381 ) ;
#4314 = AXIS2_PLACEMENT_3D ( 'NONE', #1140, #5661, #2722 ) ;
#4315 = DIRECTION ( 'NONE',  ( 1.000000000000000000, 0.000000000000000000, 0.000000000000000000 ) ) ;
#4316 = DIRECTION ( 'NONE',  ( 1.000000000000000000, 0.000000000000000000, 0.000000000000000000 ) ) ;
#4317 = LINE ( 'NONE', #6032, #6787 ) ;
#4318 = CARTESIAN_POINT ( 'NONE',  ( 8.630438470952407570, 0.8867855564166541305, 23.19999800000000079 ) ) ;
#4319 = ADVANCED_FACE ( 'NONE', ( #1699 ), #2286, .T. ) ;
#4320 = FACE_OUTER_BOUND ( 'NONE', #5329, .T. ) ;
#4321 = LINE ( 'NONE', #1991, #4991 ) ;
#4322 = CARTESIAN_POINT ( 'NONE',  ( 37.69477099867146563, -12.51215245581865609, 22.99999799999999794 ) ) ;
#4323 = ORIENTED_EDGE ( 'NONE', *, *, #4160, .F. ) ;
#4324 = PLANE ( 'NONE',  #1827 ) ;
#4325 = EDGE_LOOP ( 'NONE', ( #1617, #3292, #612, #5237, #1290, #1052 ) ) ;
#4326 = ORIENTED_EDGE ( 'NONE', *, *, #6543, .F. ) ;
#4327 = CYLINDRICAL_SURFACE ( 'NONE', #5416, 1.000000000000000888 ) ;
#4328 = ORIENTED_EDGE ( 'NONE', *, *, #1221, .F. ) ;
#4329 = DIRECTION ( 'NONE',  ( 0.9999999998448928507, 1.761290502795953003E-05, -0.000000000000000000 ) ) ;
#4330 = DIRECTION ( 'NONE',  ( 1.000000000000000000, 1.775986315939361924E-14, 0.000000000000000000 ) ) ;
#4331 = ORIENTED_EDGE ( 'NONE', *, *, #1026, .F. ) ;
#4332 = CARTESIAN_POINT ( 'NONE',  ( 20.02849441382007711, -4.967150744431637399, 21.40359731999999937 ) ) ;
#4333 = DIRECTION ( 'NONE',  ( 0.000000000000000000, 0.000000000000000000, 1.000000000000000000 ) ) ;
#4334 = ORIENTED_EDGE ( 'NONE', *, *, #3545, .F. ) ;
#4335 = EDGE_CURVE ( 'NONE', #3490, #5515, #2763, .T. ) ;
#4336 = EDGE_CURVE ( 'NONE', #248, #6348, #5557, .T. ) ;
#4337 = VERTEX_POINT ( 'NONE', #4464 ) ;
#4338 = EDGE_LOOP ( 'NONE', ( #3510, #4044, #6527, #2594 ) ) ;
#4339 = FACE_OUTER_BOUND ( 'NONE', #1067, .T. ) ;
#4340 = AXIS2_PLACEMENT_3D ( 'NONE', #2483, #2519, #5234 ) ;
#4341 = EDGE_CURVE ( 'NONE', #5431, #5690, #1011, .T. ) ;
#4342 = CARTESIAN_POINT ( 'NONE',  ( 24.35708258085486477, -27.25997454716240043, 22.76967001884091601 ) ) ;
#4343 = ORIENTED_EDGE ( 'NONE', *, *, #6543, .T. ) ;
#4344 = DIRECTION ( 'NONE',  ( -1.000000000000000000, 0.000000000000000000, 0.000000000000000000 ) ) ;
#4345 = CARTESIAN_POINT ( 'NONE',  ( 46.77693567419034792, -1.512541410494206096, 8.999997999999999720 ) ) ;
#4346 = CARTESIAN_POINT ( 'NONE',  ( 34.99477099867146990, 9.487847544181342130, 22.99999799999999794 ) ) ;
#4347 = VECTOR ( 'NONE', #433, 1000.000000000000000 ) ;
#4348 = VECTOR ( 'NONE', #2114, 1000.000000000000000 ) ;
#4349 = EDGE_CURVE ( 'NONE', #1116, #868, #4710, .T. ) ;
#4350 = CIRCLE ( 'NONE', #806, 1.000000000000000888 ) ;
#4351 = PLANE ( 'NONE',  #917 ) ;
#4352 = CIRCLE ( 'NONE', #227, 0.7500000000000006661 ) ;
#4353 = FACE_OUTER_BOUND ( 'NONE', #251, .T. ) ;
#4354 = CARTESIAN_POINT ( 'NONE',  ( 45.99477099867148411, -12.51215245581865609, 23.19999800000000079 ) ) ;
#4355 = CARTESIAN_POINT ( 'NONE',  ( 24.77998253300846443, -6.616486184603448173, 18.40359731999999937 ) ) ;
#4356 = VECTOR ( 'NONE', #3534, 1000.000000000000000 ) ;
#4357 = CARTESIAN_POINT ( 'NONE',  ( 30.79477099867147061, -1.512152455818657204, 22.99999799999999794 ) ) ;
#4358 = AXIS2_PLACEMENT_3D ( 'NONE', #6846, #2266, #98 ) ;
#4359 = CARTESIAN_POINT ( 'NONE',  ( 11.25055410581080828, 7.426722893499332123, 40.75345354922610142 ) ) ;
#4360 = EDGE_CURVE ( 'NONE', #2411, #640, #6933, .T. ) ;
#4361 = DIRECTION ( 'NONE',  ( -1.000000000000000000, 0.000000000000000000, 0.000000000000000000 ) ) ;
#4362 = ORIENTED_EDGE ( 'NONE', *, *, #65, .F. ) ;
#4363 = LINE ( 'NONE', #2541, #2413 ) ;
#4364 = ORIENTED_EDGE ( 'NONE', *, *, #3546, .F. ) ;
#4365 = ORIENTED_EDGE ( 'NONE', *, *, #4561, .F. ) ;
#4366 = CARTESIAN_POINT ( 'NONE',  ( 43.85549337622307320, 11.47584852314636272, 19.20359732000000008 ) ) ;
#4367 = ORIENTED_EDGE ( 'NONE', *, *, #1853, .F. ) ;
#4368 = DIRECTION ( 'NONE',  ( 0.000000000000000000, 0.000000000000000000, 1.000000000000000000 ) ) ;
#4369 = VECTOR ( 'NONE', #5601, 1000.000000000000000 ) ;
#4370 = ADVANCED_FACE ( 'NONE', ( #5735 ), #702, .T. ) ;
#4371 = ORIENTED_EDGE ( 'NONE', *, *, #1814, .T. ) ;
#4372 = CARTESIAN_POINT ( 'NONE',  ( 21.66549410864508118, 0.6268492555683571332, 21.40359731999999937 ) ) ;
#4373 = VERTEX_POINT ( 'NONE', #6332 ) ;
#4374 = DIRECTION ( 'NONE',  ( 1.000000000000000000, 0.000000000000000000, 0.000000000000000000 ) ) ;
#4375 = LINE ( 'NONE', #3190, #2383 ) ;
#4376 = VERTEX_POINT ( 'NONE', #1872 ) ;
#4377 = ORIENTED_EDGE ( 'NONE', *, *, #4582, .F. ) ;
#4378 = ORIENTED_EDGE ( 'NONE', *, *, #4924, .T. ) ;
#4379 = VECTOR ( 'NONE', #737, 1000.000000000000000 ) ;
#4380 = DIRECTION ( 'NONE',  ( 1.000000000000000000, 0.000000000000000000, 0.000000000000000000 ) ) ;
#4381 = DIRECTION ( 'NONE',  ( -1.000000000000000000, 0.000000000000000000, 0.000000000000000000 ) ) ;
#4382 = EDGE_CURVE ( 'NONE', #2620, #4982, #5814, .T. ) ;
#4383 = ADVANCED_FACE ( 'NONE', ( #6899 ), #182, .F. ) ;
#4384 = CARTESIAN_POINT ( 'NONE',  ( 23.86407055849337766, -27.15935283088421315, 22.98032446389582617 ) ) ;
#4385 = ORIENTED_EDGE ( 'NONE', *, *, #1543, .T. ) ;
#4386 = AXIS2_PLACEMENT_3D ( 'NONE', #2457, #3084, #6967 ) ;
#4387 = CARTESIAN_POINT ( 'NONE',  ( 12.30349142309807320, -1.524148547166637835, 22.00359731999999724 ) ) ;
#4388 = CIRCLE ( 'NONE', #2143, 0.7500000000000006661 ) ;
#4389 = CARTESIAN_POINT ( 'NONE',  ( 40.20749282690608339, -8.733150561326638694, 19.20359732000000008 ) ) ;
#4390 = AXIS2_PLACEMENT_3D ( 'NONE', #5472, #3764, #2605 ) ;
#4391 = EDGE_CURVE ( 'NONE', #1923, #4309, #1352, .T. ) ;
#4392 = CARTESIAN_POINT ( 'NONE',  ( 43.85549337622306609, 12.47584852314636450, 19.20359732000000008 ) ) ;
#4393 = CARTESIAN_POINT ( 'NONE',  ( 24.03838022593234669, 24.13867786009415894, 22.92904507410909432 ) ) ;
#4394 = ORIENTED_EDGE ( 'NONE', *, *, #819, .F. ) ;
#4395 = VECTOR ( 'NONE', #6376, 1000.000000000000000 ) ;
#4396 = CIRCLE ( 'NONE', #5307, 0.7500000000000006661 ) ;
#4397 = CARTESIAN_POINT ( 'NONE',  ( 30.79477099867147061, 9.487847544181342130, 22.99999799999999794 ) ) ;
#4398 = ORIENTED_EDGE ( 'NONE', *, *, #1920, .T. ) ;
#4399 = CARTESIAN_POINT ( 'NONE',  ( 18.87849142309807604, -1.524148547166637835, 21.40359731999999937 ) ) ;
#4400 = CIRCLE ( 'NONE', #6632, 0.9999999999999991118 ) ;
#4401 = DIRECTION ( 'NONE',  ( 0.000000000000000000, 0.000000000000000000, -1.000000000000000000 ) ) ;
#4402 = DIRECTION ( 'NONE',  ( 0.000000000000000000, 0.000000000000000000, -1.000000000000000000 ) ) ;
#4403 = DIRECTION ( 'NONE',  ( -1.000000000000000000, 1.577021341797097560E-16, 0.000000000000000000 ) ) ;
#4404 = VERTEX_POINT ( 'NONE', #2361 ) ;
#4405 = VERTEX_POINT ( 'NONE', #5703 ) ;
#4406 = ORIENTED_EDGE ( 'NONE', *, *, #287, .T. ) ;
#4407 = LINE ( 'NONE', #2700, #1164 ) ;
#4408 = CARTESIAN_POINT ( 'NONE',  ( 24.69849011171107378, -3.967150744431636955, 18.40359731999999937 ) ) ;
#4409 = EDGE_LOOP ( 'NONE', ( #3941, #1237, #214, #6313 ) ) ;
#4410 = CARTESIAN_POINT ( 'NONE',  ( -0.9246057082889275192, 1.426849255568359842, 19.20359732000000008 ) ) ;
#4411 = LINE ( 'NONE', #1450, #1795 ) ;
#4412 = EDGE_CURVE ( 'NONE', #5314, #7035, #6532, .T. ) ;
#4413 = ADVANCED_FACE ( 'NONE', ( #767 ), #2426, .F. ) ;
#4414 = ORIENTED_EDGE ( 'NONE', *, *, #5205, .F. ) ;
#4415 = VERTEX_POINT ( 'NONE', #6373 ) ;
#4416 = AXIS2_PLACEMENT_3D ( 'NONE', #3014, #1839, #4103 ) ;
#4417 = FACE_OUTER_BOUND ( 'NONE', #1719, .T. ) ;
#4418 = DIRECTION ( 'NONE',  ( 1.000000000000000000, 0.000000000000000000, 0.000000000000000000 ) ) ;
#4419 = CARTESIAN_POINT ( 'NONE',  ( 23.20510679866149317, -27.13673558737737679, 23.26440081364355805 ) ) ;
#4420 = ORIENTED_EDGE ( 'NONE', *, *, #6350, .F. ) ;
#4421 = CARTESIAN_POINT ( 'NONE',  ( 38.89477099867147558, -1.512152455818657204, 21.99999800000000150 ) ) ;
#4422 = AXIS2_PLACEMENT_3D ( 'NONE', #956, #3206, #5437 ) ;
#4423 = DIRECTION ( 'NONE',  ( 0.000000000000000000, 0.000000000000000000, 1.000000000000000000 ) ) ;
#4424 = VECTOR ( 'NONE', #5887, 1000.000000000000000 ) ;
#4425 = DIRECTION ( 'NONE',  ( 0.000000000000000000, 0.000000000000000000, 1.000000000000000000 ) ) ;
#4426 = AXIS2_PLACEMENT_3D ( 'NONE', #1456, #1934, #3159 ) ;
#4427 = LINE ( 'NONE', #5585, #6664 ) ;
#4428 = DIRECTION ( 'NONE',  ( -0.000000000000000000, -0.000000000000000000, 1.000000000000000000 ) ) ;
#4429 = ORIENTED_EDGE ( 'NONE', *, *, #2035, .F. ) ;
#4430 = LINE ( 'NONE', #596, #1757 ) ;
#4431 = CIRCLE ( 'NONE', #1240, 1.000000000000000000 ) ;
#4432 = CARTESIAN_POINT ( 'NONE',  ( 8.630438470952455532, -8.063214443583346380, 23.19999800000000079 ) ) ;
#4433 = EDGE_CURVE ( 'NONE', #5504, #5564, #660, .T. ) ;
#4434 = EDGE_CURVE ( 'NONE', #2479, #1518, #1830, .T. ) ;
#4435 = LINE ( 'NONE', #3430, #7144 ) ;
#4436 = LINE ( 'NONE', #3320, #2884 ) ;
#4437 = CARTESIAN_POINT ( 'NONE',  ( 32.20649282690607151, 11.22185072041136067, 19.20359732000000008 ) ) ;
#4438 = ORIENTED_EDGE ( 'NONE', *, *, #4560, .T. ) ;
#4439 = ORIENTED_EDGE ( 'NONE', *, *, #2389, .T. ) ;
#4440 = CARTESIAN_POINT ( 'NONE',  ( 40.08049337622307462, 11.47584852314636272, 18.40359731999999937 ) ) ;
#4441 = DIRECTION ( 'NONE',  ( 1.000000000000000000, 0.000000000000000000, 0.000000000000000000 ) ) ;
#4442 = AXIS2_PLACEMENT_3D ( 'NONE', #4310, #1498, #3200 ) ;
#4443 = EDGE_LOOP ( 'NONE', ( #3930, #4854 ) ) ;
#4444 = LINE ( 'NONE', #4637, #4379 ) ;
#4445 = AXIS2_PLACEMENT_3D ( 'NONE', #2250, #4504, #5004 ) ;
#4446 = ADVANCED_FACE ( 'NONE', ( #800 ), #6182, .F. ) ;
#4447 = CARTESIAN_POINT ( 'NONE',  ( 10.85349142309807569, -1.113214443582986268, 18.40359731999999937 ) ) ;
#4448 = ORIENTED_EDGE ( 'NONE', *, *, #515, .F. ) ;
#4449 = ORIENTED_EDGE ( 'NONE', *, *, #3343, .T. ) ;
#4450 = CARTESIAN_POINT ( 'NONE',  ( 26.05949410864507598, 0.4268492555683537915, 19.20359732000000008 ) ) ;
#4451 = CARTESIAN_POINT ( 'NONE',  ( 28.09477099867147487, -12.51215245581865609, 22.99999799999999794 ) ) ;
#4452 = CARTESIAN_POINT ( 'NONE',  ( 25.59171440043590451, -27.15791123199603163, 23.00011650131761343 ) ) ;
#4453 = ORIENTED_EDGE ( 'NONE', *, *, #1759, .F. ) ;
#4454 =( LENGTH_UNIT ( ) NAMED_UNIT ( * ) SI_UNIT ( .MILLI., .METRE. ) );
#4455 = DIRECTION ( 'NONE',  ( -0.000000000000000000, -0.000000000000000000, 1.000000000000000000 ) ) ;
#4456 = LINE ( 'NONE', #2681, #452 ) ;
#4457 = LINE ( 'NONE', #6713, #1463 ) ;
#4458 = DIRECTION ( 'NONE',  ( -0.000000000000000000, -0.000000000000000000, -1.000000000000000000 ) ) ;
#4459 = VERTEX_POINT ( 'NONE', #4164 ) ;
#4460 = VECTOR ( 'NONE', #4589, 1000.000000000000000 ) ;
#4461 = LINE ( 'NONE', #2246, #5391 ) ;
#4462 = EDGE_LOOP ( 'NONE', ( #2199, #5910, #1888, #4542, #5023, #4827, #4939, #3172, #4474, #5348, #2788, #5824, #6537, #6115, #6278, #1793, #4912, #945, #3975, #1990, #6586, #5523, #3062, #5446, #5288, #313, #3178, #747, #2867, #3370, #4973 ) ) ;
#4463 = DIRECTION ( 'NONE',  ( 0.000000000000000000, 0.000000000000000000, -1.000000000000000000 ) ) ;
#4464 = CARTESIAN_POINT ( 'NONE',  ( 3.479647415838296620, 13.07630923991218452, 21.96359842000000739 ) ) ;
#4465 = VECTOR ( 'NONE', #1357, 1000.000000000000000 ) ;
#4466 = DIRECTION ( 'NONE',  ( -0.000000000000000000, -0.000000000000000000, -1.000000000000000000 ) ) ;
#4467 = LINE ( 'NONE', #7284, #2527 ) ;
#4468 = EDGE_CURVE ( 'NONE', #3755, #3535, #6405, .T. ) ;
#4469 = AXIS2_PLACEMENT_3D ( 'NONE', #5031, #6146, #2725 ) ;
#4470 = ORIENTED_EDGE ( 'NONE', *, *, #1588, .T. ) ;
#4471 = ADVANCED_FACE ( 'NONE', ( #2322 ), #1804, .F. ) ;
#4472 = DIRECTION ( 'NONE',  ( 1.000000000000000000, 0.000000000000000000, 0.000000000000000000 ) ) ;
#4473 = FACE_OUTER_BOUND ( 'NONE', #5129, .T. ) ;
#4474 = ORIENTED_EDGE ( 'NONE', *, *, #3294, .F. ) ;
#4475 = VECTOR ( 'NONE', #6493, 1000.000000000000000 ) ;
#4476 = CARTESIAN_POINT ( 'NONE',  ( 35.99477099867147700, 9.487847544181342130, 23.19999800000000079 ) ) ;
#4477 = ADVANCED_FACE ( 'NONE', ( #4033 ), #1238, .F. ) ;
#4478 = VERTEX_POINT ( 'NONE', #3465 ) ;
#4479 = DIRECTION ( 'NONE',  ( -1.000000000000000000, 0.000000000000000000, 0.000000000000000000 ) ) ;
#4480 = EDGE_CURVE ( 'NONE', #748, #4900, #5141, .T. ) ;
#4481 = CARTESIAN_POINT ( 'NONE',  ( 33.49477099867146990, 9.487847544181342130, 22.99999799999999794 ) ) ;
#4482 = ORIENTED_EDGE ( 'NONE', *, *, #763, .T. ) ;
#4483 = VECTOR ( 'NONE', #7290, 1000.000000000000000 ) ;
#4484 = PLANE ( 'NONE',  #6108 ) ;
#4485 = ORIENTED_EDGE ( 'NONE', *, *, #4863, .T. ) ;
#4486 = CARTESIAN_POINT ( 'NONE',  ( 23.96628170514485490, 24.22745609166811676, 22.84792887754662871 ) ) ;
#4487 = CARTESIAN_POINT ( 'NONE',  ( 41.59477099867147132, -12.51215245581865609, 22.99999799999999794 ) ) ;
#4488 = CARTESIAN_POINT ( 'NONE',  ( 25.89830327931332121, -27.14870049371798899, 23.12082446084279752 ) ) ;
#4489 = VERTEX_POINT ( 'NONE', #1251 ) ;
#4490 = ORIENTED_EDGE ( 'NONE', *, *, #5852, .T. ) ;
#4491 = DIRECTION ( 'NONE',  ( 0.000000000000000000, 0.000000000000000000, -1.000000000000000000 ) ) ;
#4492 = EDGE_CURVE ( 'NONE', #4090, #6446, #3504, .T. ) ;
#4493 = DIRECTION ( 'NONE',  ( 1.000000000000000000, 0.000000000000000000, 0.000000000000000000 ) ) ;
#4494 = DIRECTION ( 'NONE',  ( -0.7071067811865628938, 0.000000000000000000, -0.7071067811865321406 ) ) ;
#4495 = CARTESIAN_POINT ( 'NONE',  ( 24.50885238965450696, 24.14416264616265906, 22.84743321629082047 ) ) ;
#4496 = EDGE_CURVE ( 'NONE', #896, #1710, #547, .T. ) ;
#4497 = ORIENTED_EDGE ( 'NONE', *, *, #2336, .F. ) ;
#4498 = CARTESIAN_POINT ( 'NONE',  ( 40.59477099867147132, -1.512152455818657204, 23.19999800000000079 ) ) ;
#4499 = VERTEX_POINT ( 'NONE', #4951 ) ;
#4500 = FACE_OUTER_BOUND ( 'NONE', #3401, .T. ) ;
#4501 = EDGE_CURVE ( 'NONE', #7242, #2723, #2186, .T. ) ;
#4502 = AXIS2_PLACEMENT_3D ( 'NONE', #5665, #4571, #83 ) ;
#4503 = DIRECTION ( 'NONE',  ( 0.000000000000000000, 0.000000000000000000, 1.000000000000000000 ) ) ;
#4504 = DIRECTION ( 'NONE',  ( 1.355252715607189184E-16, -1.000000000000000000, 0.000000000000000000 ) ) ;
#4505 = DIRECTION ( 'NONE',  ( -0.7071067811865473507, 0.7071067811865477948, 0.000000000000000000 ) ) ;
#4506 = ORIENTED_EDGE ( 'NONE', *, *, #2474, .T. ) ;
#4507 = ORIENTED_EDGE ( 'NONE', *, *, #2268, .F. ) ;
#4508 = FACE_OUTER_BOUND ( 'NONE', #4462, .T. ) ;
#4509 = CONICAL_SURFACE ( 'NONE', #4153, 1.580000000000001625, 0.7853981633974657095 ) ;
#4510 = FACE_OUTER_BOUND ( 'NONE', #1102, .T. ) ;
#4511 = ORIENTED_EDGE ( 'NONE', *, *, #4911, .F. ) ;
#4512 = ORIENTED_EDGE ( 'NONE', *, *, #4889, .T. ) ;
#4513 = CARTESIAN_POINT ( 'NONE',  ( 3.490348394677742494, 13.29489716334345850, 21.96359842000000029 ) ) ;
#4514 = FACE_BOUND ( 'NONE', #3105, .T. ) ;
#4515 = AXIS2_PLACEMENT_3D ( 'NONE', #3287, #3739, #312 ) ;
#4516 = VERTEX_POINT ( 'NONE', #5921 ) ;
#4517 = DIRECTION ( 'NONE',  ( 0.000000000000000000, 0.000000000000000000, 1.000000000000000000 ) ) ;
#4518 = ORIENTED_EDGE ( 'NONE', *, *, #5738, .F. ) ;
#4519 = ORIENTED_EDGE ( 'NONE', *, *, #4336, .T. ) ;
#4520 = EDGE_CURVE ( 'NONE', #2295, #1521, #3691, .T. ) ;
#4521 = ADVANCED_FACE ( 'NONE', ( #7266 ), #3127, .F. ) ;
#4522 = FACE_OUTER_BOUND ( 'NONE', #4800, .T. ) ;
#4523 = B_SPLINE_CURVE_WITH_KNOTS ( 'NONE', 3,
 ( #6799, #3358, #2804, #3397 ),
 .UNSPECIFIED., .F., .F.,
 ( 4, 4 ),
 ( 0.000000000000000000, 1.000000000000000000 ),
 .UNSPECIFIED. ) ;
#4524 = DIRECTION ( 'NONE',  ( -0.000000000000000000, -0.000000000000000000, 1.000000000000000000 ) ) ;
#4525 = EDGE_LOOP ( 'NONE', ( #7299, #3779 ) ) ;
#4526 = CARTESIAN_POINT ( 'NONE',  ( 46.77693567419034792, -1.512541410494206096, 3.500841111824923857 ) ) ;
#4527 = CARTESIAN_POINT ( 'NONE',  ( 3.299342464345993431, 13.55384754846267903, 21.96359842000000029 ) ) ;
#4528 = FACE_OUTER_BOUND ( 'NONE', #5422, .T. ) ;
#4529 = CIRCLE ( 'NONE', #2168, 0.9999999999999991118 ) ;
#4530 = FACE_OUTER_BOUND ( 'NONE', #2662, .T. ) ;
#4531 = DIRECTION ( 'NONE',  ( 1.000000000000000000, 0.000000000000000000, 0.000000000000000000 ) ) ;
#4532 = ORIENTED_EDGE ( 'NONE', *, *, #4058, .T. ) ;
#4533 = FACE_OUTER_BOUND ( 'NONE', #4978, .T. ) ;
#4534 = ORIENTED_EDGE ( 'NONE', *, *, #2623, .T. ) ;
#4535 = ORIENTED_EDGE ( 'NONE', *, *, #6269, .T. ) ;
#4536 = DIRECTION ( 'NONE',  ( 0.000000000000000000, 0.000000000000000000, 1.000000000000000000 ) ) ;
#4537 = VECTOR ( 'NONE', #4060, 1000.000000000000000 ) ;
#4538 = DIRECTION ( 'NONE',  ( 1.000000000000000000, 0.000000000000000000, -0.000000000000000000 ) ) ;
#4539 = AXIS2_PLACEMENT_3D ( 'NONE', #6226, #3286, #7282 ) ;
#4540 = LINE ( 'NONE', #3922, #5693 ) ;
#4541 = DIRECTION ( 'NONE',  ( 1.000000000000000000, 0.000000000000000000, -0.000000000000000000 ) ) ;
#4542 = ORIENTED_EDGE ( 'NONE', *, *, #6547, .F. ) ;
#4543 = AXIS2_PLACEMENT_3D ( 'NONE', #2464, #1286, #185 ) ;
#4544 = EDGE_CURVE ( 'NONE', #6754, #1965, #5502, .T. ) ;
#4545 = EDGE_CURVE ( 'NONE', #3333, #2232, #3905, .T. ) ;
#4546 = DIRECTION ( 'NONE',  ( 0.000000000000000000, 0.000000000000000000, 1.000000000000000000 ) ) ;
#4547 = CARTESIAN_POINT ( 'NONE',  ( 36.94477099867147274, -12.51215245581865609, 21.99999800000000150 ) ) ;
#4548 = ORIENTED_EDGE ( 'NONE', *, *, #964, .F. ) ;
#4549 = VECTOR ( 'NONE', #4129, 1000.000000000000000 ) ;
#4550 = EDGE_LOOP ( 'NONE', ( #6159, #1017, #58, #6652 ) ) ;
#4551 = CYLINDRICAL_SURFACE ( 'NONE', #2221, 1.520000000000000462 ) ;
#4552 = SURFACE_STYLE_USAGE ( .BOTH. , #648 ) ;
#4553 = VERTEX_POINT ( 'NONE', #6476 ) ;
#4554 = PRESENTATION_LAYER_ASSIGNMENT (  '', '', ( #7276 ) ) ;
#4555 = LINE ( 'NONE', #5053, #240 ) ;
#4556 = LINE ( 'NONE', #3453, #1749 ) ;
#4557 = CARTESIAN_POINT ( 'NONE',  ( 28.84477099867147487, 9.487847544181342130, 23.19999800000000079 ) ) ;
#4558 = ORIENTED_EDGE ( 'NONE', *, *, #4956, .F. ) ;
#4559 = EDGE_LOOP ( 'NONE', ( #6009, #906, #6766, #3143 ) ) ;
#4560 = EDGE_CURVE ( 'NONE', #5560, #2252, #5225, .T. ) ;
#4561 = EDGE_CURVE ( 'NONE', #3712, #7277, #6541, .T. ) ;
#4562 = DIRECTION ( 'NONE',  ( 1.000000000000000000, 0.000000000000000000, 0.000000000000000000 ) ) ;
#4563 = DIRECTION ( 'NONE',  ( 0.000000000000000000, 1.000000000000000000, -0.000000000000000000 ) ) ;
#4564 = EDGE_CURVE ( 'NONE', #7152, #248, #340, .T. ) ;
#4565 = AXIS2_PLACEMENT_3D ( 'NONE', #7047, #5206, #1318 ) ;
#4566 = DIRECTION ( 'NONE',  ( -0.000000000000000000, -0.000000000000000000, 1.000000000000000000 ) ) ;
#4567 = CARTESIAN_POINT ( 'NONE',  ( 35.98149282690607720, 7.065850720411353869, 18.40359731999999937 ) ) ;
#4568 = VERTEX_POINT ( 'NONE', #7049 ) ;
#4569 = CARTESIAN_POINT ( 'NONE',  ( 43.85549337622307320, 11.47584852314636272, 19.20359732000000008 ) ) ;
#4570 = ORIENTED_EDGE ( 'NONE', *, *, #5095, .T. ) ;
#4571 = DIRECTION ( 'NONE',  ( 0.000000000000000000, 0.000000000000000000, 1.000000000000000000 ) ) ;
#4572 = AXIS2_PLACEMENT_3D ( 'NONE', #369, #1607, #2748 ) ;
#4573 = PRODUCT_DEFINITION_SHAPE ( 'NONE', 'NONE',  #6154 ) ;
#4574 = CARTESIAN_POINT ( 'NONE',  ( 31.33349227759007505, -4.623571175818640633, 19.20359732000000008 ) ) ;
#4575 = AXIS2_PLACEMENT_3D ( 'NONE', #5384, #4796, #7073 ) ;
#4576 = DIRECTION ( 'NONE',  ( 0.000000000000000000, 0.000000000000000000, 1.000000000000000000 ) ) ;
#4577 = CARTESIAN_POINT ( 'NONE',  ( 50.36961252669290445, -3.526097329696416427, 8.999997999999999720 ) ) ;
#4578 = VERTEX_POINT ( 'NONE', #6702 ) ;
#4579 = CARTESIAN_POINT ( 'NONE',  ( 9.630438470952455532, -3.563214443583345492, 22.99999800000000505 ) ) ;
#4580 = DIRECTION ( 'NONE',  ( -1.000000000000000000, 3.154042683594195121E-16, 0.000000000000000000 ) ) ;
#4581 = ORIENTED_EDGE ( 'NONE', *, *, #2977, .T. ) ;
#4582 = EDGE_CURVE ( 'NONE', #974, #1414, #5365, .T. ) ;
#4583 = AXIS2_PLACEMENT_3D ( 'NONE', #2650, #884, #1585 ) ;
#4584 = ORIENTED_EDGE ( 'NONE', *, *, #644, .T. ) ;
#4585 = DIRECTION ( 'NONE',  ( 1.000000000000000000, 0.000000000000000000, 0.000000000000000000 ) ) ;
#4586 = ORIENTED_EDGE ( 'NONE', *, *, #3065, .F. ) ;
#4587 = EDGE_CURVE ( 'NONE', #1743, #1343, #259, .T. ) ;
#4588 = DIRECTION ( 'NONE',  ( -1.761694112589338497E-05, 0.9999999998448216854, 0.000000000000000000 ) ) ;
#4589 = DIRECTION ( 'NONE',  ( -0.000000000000000000, -0.000000000000000000, 1.000000000000000000 ) ) ;
#4590 = CARTESIAN_POINT ( 'NONE',  ( 38.69477099867147274, -1.512152455818657204, 23.19999800000000079 ) ) ;
#4591 = ORIENTED_EDGE ( 'NONE', *, *, #2844, .F. ) ;
#4592 = ORIENTED_EDGE ( 'NONE', *, *, #6911, .T. ) ;
#4593 = PLANE ( 'NONE',  #5311 ) ;
#4594 = ADVANCED_FACE ( 'NONE', ( #1608 ), #6062, .T. ) ;
#4595 = PLANE ( 'NONE',  #1036 ) ;
#4596 = DIRECTION ( 'NONE',  ( -0.000000000000000000, -0.000000000000000000, -1.000000000000000000 ) ) ;
#4597 = CARTESIAN_POINT ( 'NONE',  ( 8.630438470952363161, 5.206785556416654082, 23.19999800000000079 ) ) ;
#4598 = ORIENTED_EDGE ( 'NONE', *, *, #5543, .T. ) ;
#4599 = DIRECTION ( 'NONE',  ( 0.000000000000000000, 0.000000000000000000, -1.000000000000000000 ) ) ;
#4600 = ORIENTED_EDGE ( 'NONE', *, *, #1312, .F. ) ;
#4601 = DIRECTION ( 'NONE',  ( 0.000000000000000000, -1.000000000000000000, -0.000000000000000000 ) ) ;
#4602 = EDGE_CURVE ( 'NONE', #3426, #1337, #3834, .T. ) ;
#4603 = DIRECTION ( 'NONE',  ( -0.9999999998448928507, -1.761290502795953003E-05, 0.000000000000000000 ) ) ;
#4604 = VECTOR ( 'NONE', #2557, 1000.000000000000000 ) ;
#4605 = DIRECTION ( 'NONE',  ( -1.000000000000000000, 0.000000000000000000, 0.000000000000000000 ) ) ;
#4606 = CARTESIAN_POINT ( 'NONE',  ( 7.630438470952408458, 0.8867855564166542415, 22.99999800000000505 ) ) ;
#4607 = DIRECTION ( 'NONE',  ( 0.000000000000000000, 0.000000000000000000, -1.000000000000000000 ) ) ;
#4608 = VECTOR ( 'NONE', #7252, 1000.000000000000000 ) ;
#4609 = DIRECTION ( 'NONE',  ( -0.000000000000000000, -0.000000000000000000, -1.000000000000000000 ) ) ;
#4610 = DIRECTION ( 'NONE',  ( 1.000000000000000000, 0.000000000000000000, 0.000000000000000000 ) ) ;
#4611 = ADVANCED_FACE ( 'NONE', ( #1055 ), #1127, .F. ) ;
#4612 = VECTOR ( 'NONE', #3285, 1000.000000000000000 ) ;
#4613 = VERTEX_POINT ( 'NONE', #2494 ) ;
#4614 = VECTOR ( 'NONE', #4908, 1000.000000000000000 ) ;
#4615 = ORIENTED_EDGE ( 'NONE', *, *, #1204, .F. ) ;
#4616 = CYLINDRICAL_SURFACE ( 'NONE', #108, 1.000000000000000000 ) ;
#4617 = CYLINDRICAL_SURFACE ( 'NONE', #590, 1.000000000000000888 ) ;
#4618 = AXIS2_PLACEMENT_3D ( 'NONE', #7045, #4850, #1541 ) ;
#4619 = PLANE ( 'NONE',  #4989 ) ;
#4620 = ORIENTED_EDGE ( 'NONE', *, *, #1186, .F. ) ;
#4621 = EDGE_LOOP ( 'NONE', ( #3830, #3901, #2859, #3232, #4438, #6418, #1782, #283 ) ) ;
#4622 = CARTESIAN_POINT ( 'NONE',  ( 17.67849142309806254, -1.524148547166637613, 23.19999800000000079 ) ) ;
#4623 = AXIS2_PLACEMENT_3D ( 'NONE', #3614, #2465, #4106 ) ;
#4624 = EDGE_CURVE ( 'NONE', #2518, #1799, #3649, .T. ) ;
#4625 = CARTESIAN_POINT ( 'NONE',  ( 25.02672861467019061, 24.14314238343137475, 22.86300335217342905 ) ) ;
#4626 = DIRECTION ( 'NONE',  ( 0.000000000000000000, 0.000000000000000000, 1.000000000000000000 ) ) ;
#4627 = ADVANCED_FACE ( 'NONE', ( #6094 ), #4844, .F. ) ;
#4628 = ORIENTED_EDGE ( 'NONE', *, *, #1245, .T. ) ;
#4629 = ADVANCED_FACE ( 'NONE', ( #510 ), #5877, .F. ) ;
#4630 = EDGE_CURVE ( 'NONE', #2345, #611, #5614, .T. ) ;
#4631 = CARTESIAN_POINT ( 'NONE',  ( 23.54075786225340394, 24.18327214753212928, 23.02851183472343166 ) ) ;
#4632 = CARTESIAN_POINT ( 'NONE',  ( 36.94477099867147274, -12.51215245581865609, 21.99999800000000150 ) ) ;
#4633 = CARTESIAN_POINT ( 'NONE',  ( 7.630438470952363161, 5.206785556416654082, 21.40359731999999937 ) ) ;
#4634 = DIRECTION ( 'NONE',  ( 0.7071067811865443531, -0.7071067811865506814, 0.000000000000000000 ) ) ;
#4635 = DIRECTION ( 'NONE',  ( -0.000000000000000000, -0.000000000000000000, 1.000000000000000000 ) ) ;
#4636 = DIRECTION ( 'NONE',  ( 0.000000000000000000, 0.000000000000000000, -1.000000000000000000 ) ) ;
#4637 = CARTESIAN_POINT ( 'NONE',  ( 44.29477099867147416, 9.487847544181342130, 21.99999800000000150 ) ) ;
#4638 = DIRECTION ( 'NONE',  ( 0.000000000000000000, -1.000000000000000000, 0.000000000000000000 ) ) ;
#4639 = CARTESIAN_POINT ( 'NONE',  ( 11.25055410581080828, 7.426722893499332123, 21.96359842000000029 ) ) ;
#4640 = CARTESIAN_POINT ( 'NONE',  ( 26.28621100701930047, -27.01277288667486687, 23.19999800000000079 ) ) ;
#4641 = DIRECTION ( 'NONE',  ( 0.000000000000000000, 0.000000000000000000, -1.000000000000000000 ) ) ;
#4642 = EDGE_CURVE ( 'NONE', #6044, #442, #5020, .T. ) ;
#4643 = AXIS2_PLACEMENT_3D ( 'NONE', #6985, #4175, #6416 ) ;
#4644 = ADVANCED_FACE ( 'NONE', ( #2824 ), #548, .T. ) ;
#4645 = DIRECTION ( 'NONE',  ( -0.000000000000000000, -0.000000000000000000, -1.000000000000000000 ) ) ;
#4646 = EDGE_LOOP ( 'NONE', ( #4615, #5485, #3411, #353 ) ) ;
#4647 = VECTOR ( 'NONE', #890, 1000.000000000000000 ) ;
#4648 = CARTESIAN_POINT ( 'NONE',  ( 24.69849011171107378, -1.512152455818657204, 21.96359842000000739 ) ) ;
#4649 = AXIS2_PLACEMENT_3D ( 'NONE', #1040, #5447, #2694 ) ;
#4650 = CARTESIAN_POINT ( 'NONE',  ( 19.02849441382007711, -1.512152455818657204, 21.40359731999999937 ) ) ;
#4651 = DIRECTION ( 'NONE',  ( -1.000000000000000000, 0.000000000000000000, 0.000000000000000000 ) ) ;
#4652 = VERTEX_POINT ( 'NONE', #1163 ) ;
#4653 = ORIENTED_EDGE ( 'NONE', *, *, #4391, .F. ) ;
#4654 = CARTESIAN_POINT ( 'NONE',  ( 28.84477099867147487, -12.51215245581865609, 22.99999799999999794 ) ) ;
#4655 = VECTOR ( 'NONE', #3130, 1000.000000000000000 ) ;
#4656 = VECTOR ( 'NONE', #4428, 1000.000000000000000 ) ;
#4657 = CARTESIAN_POINT ( 'NONE',  ( 25.64206605744741552, 24.13229496870639679, 23.01790236318688443 ) ) ;
#4658 = CARTESIAN_POINT ( 'NONE',  ( 24.34434544559396230, -27.25976363572437577, 22.77169245692800104 ) ) ;
#4659 = CIRCLE ( 'NONE', #5827, 1.520000000000000462 ) ;
#4660 = EDGE_LOOP ( 'NONE', ( #6817, #3008, #126, #448, #5625, #3386 ) ) ;
#4661 = VERTEX_POINT ( 'NONE', #6243 ) ;
#4662 = DIRECTION ( 'NONE',  ( 1.000000000000000000, 0.000000000000000000, 0.000000000000000000 ) ) ;
#4663 = ORIENTED_EDGE ( 'NONE', *, *, #6821, .T. ) ;
#4664 = CARTESIAN_POINT ( 'NONE',  ( 40.08049337622308173, 6.319848523146355923, 18.40359731999999937 ) ) ;
#4665 = ADVANCED_FACE ( 'NONE', ( #6849 ), #2612, .F. ) ;
#4666 = CARTESIAN_POINT ( 'NONE',  ( 9.827836675256252263, 20.16314882303863243, 11.22457852691048430 ) ) ;
#4667 = DIRECTION ( 'NONE',  ( 0.000000000000000000, 0.000000000000000000, 1.000000000000000000 ) ) ;
#4668 = CARTESIAN_POINT ( 'NONE',  ( 6.030438470952724117, -1.512152455818471797, 31.63375372154084175 ) ) ;
#4669 = DIRECTION ( 'NONE',  ( 1.462890879734001726E-19, 1.610801296603465303E-20, -1.000000000000000000 ) ) ;
#4670 = CARTESIAN_POINT ( 'NONE',  ( 7.030438470952728558, 2.686785556416294796, 18.40359731999999937 ) ) ;
#4671 = DIRECTION ( 'NONE',  ( 0.000000000000000000, 0.000000000000000000, -1.000000000000000000 ) ) ;
#4672 = FACE_OUTER_BOUND ( 'NONE', #5448, .T. ) ;
#4673 = DIRECTION ( 'NONE',  ( 1.000000000000000000, 0.000000000000000000, 0.000000000000000000 ) ) ;
#4674 = AXIS2_PLACEMENT_3D ( 'NONE', #5509, #2351, #2313 ) ;
#4675 = CYLINDRICAL_SURFACE ( 'NONE', #2964, 1.000000000000000000 ) ;
#4676 = DIRECTION ( 'NONE',  ( 0.000000000000000000, -1.000000000000000000, 0.000000000000000000 ) ) ;
#4677 = EDGE_LOOP ( 'NONE', ( #7269, #6231, #2130, #1947 ) ) ;
#4678 = VECTOR ( 'NONE', #869, 1000.000000000000000 ) ;
#4679 = EDGE_CURVE ( 'NONE', #814, #1966, #31, .T. ) ;
#4680 = FACE_OUTER_BOUND ( 'NONE', #5587, .T. ) ;
#4681 = EDGE_CURVE ( 'NONE', #615, #1154, #6494, .T. ) ;
#4682 = CARTESIAN_POINT ( 'NONE',  ( 24.14956170067421226, 24.23204487909491078, 22.80445066826348111 ) ) ;
#4683 = DIRECTION ( 'NONE',  ( 1.000000000000000000, 0.000000000000000000, 0.000000000000000000 ) ) ;
#4684 = EDGE_LOOP ( 'NONE', ( #2117, #2371, #3029, #5972 ) ) ;
#4685 = EDGE_LOOP ( 'NONE', ( #3315, #5159, #2828, #4548 ) ) ;
#4686 = ORIENTED_EDGE ( 'NONE', *, *, #6903, .F. ) ;
#4687 = CARTESIAN_POINT ( 'NONE',  ( 26.89477099867147203, 9.487847544181342130, 21.99999800000000150 ) ) ;
#4688 = AXIS2_PLACEMENT_3D ( 'NONE', #3297, #4005, #5528 ) ;
#4689 = ORIENTED_EDGE ( 'NONE', *, *, #2390, .T. ) ;
#4690 = AXIS2_PLACEMENT_3D ( 'NONE', #2365, #642, #5709 ) ;
#4691 = AXIS2_PLACEMENT_3D ( 'NONE', #4786, #3217, #2032 ) ;
#4692 = ADVANCED_FACE ( 'NONE', ( #2786 ), #2273, .F. ) ;
#4693 = CARTESIAN_POINT ( 'NONE',  ( 25.82065544748812158, 24.21345908461141150, 22.97715272879428738 ) ) ;
#4694 = CARTESIAN_POINT ( 'NONE',  ( 32.33349227759007505, -14.01615056132663995, 19.20359732000000008 ) ) ;
#4695 = ORIENTED_EDGE ( 'NONE', *, *, #5471, .T. ) ;
#4696 = VECTOR ( 'NONE', #4645, 1000.000000000000000 ) ;
#4697 = ORIENTED_EDGE ( 'NONE', *, *, #535, .T. ) ;
#4698 = CARTESIAN_POINT ( 'NONE',  ( 24.69849011171107378, 2.686785556416296572, 31.63375372154084175 ) ) ;
#4699 = CIRCLE ( 'NONE', #6598, 2.919999999999999041 ) ;
#4700 = CARTESIAN_POINT ( 'NONE',  ( 38.89477099867147558, -1.512152455818657204, 22.99999799999999794 ) ) ;
#4701 = CARTESIAN_POINT ( 'NONE',  ( 26.89477099867147203, -1.512152455818657648, 22.99999799999999794 ) ) ;
#4702 = ORIENTED_EDGE ( 'NONE', *, *, #2570, .T. ) ;
#4703 = DIRECTION ( 'NONE',  ( -1.000000000000000000, 0.000000000000000000, 0.000000000000000000 ) ) ;
#4704 = CARTESIAN_POINT ( 'NONE',  ( 9.129233762251150353, 7.426722893499331235, 21.40359731999999937 ) ) ;
#4705 = CIRCLE ( 'NONE', #1533, 2.919999999999999041 ) ;
#4706 = CARTESIAN_POINT ( 'NONE',  ( 23.57981786884161224, -27.15139529618945247, 23.08636222845602504 ) ) ;
#4707 = B_SPLINE_CURVE_WITH_KNOTS ( 'NONE', 3,
 ( #2911, #6795, #2839, #5107 ),
 .UNSPECIFIED., .F., .F.,
 ( 4, 4 ),
 ( 0.000000000000000000, 0.0005021313586497320449 ),
 .UNSPECIFIED. ) ;
#4708 = CARTESIAN_POINT ( 'NONE',  ( 25.35859999755641070, -27.16298277173024189, 22.92904507412647419 ) ) ;
#4709 = EDGE_CURVE ( 'NONE', #5755, #2146, #5722, .T. ) ;
#4710 = LINE ( 'NONE', #4133, #5111 ) ;
#4711 = CARTESIAN_POINT ( 'NONE',  ( 34.24477099867146990, 9.487847544181342130, 23.19999800000000079 ) ) ;
#4712 = CARTESIAN_POINT ( 'NONE',  ( 20.86549410864506982, -3.167150744431638465, 19.20359732000000008 ) ) ;
#4713 = DIRECTION ( 'NONE',  ( 0.000000000000000000, 0.000000000000000000, 1.000000000000000000 ) ) ;
#4714 = EDGE_CURVE ( 'NONE', #1183, #6551, #4268, .T. ) ;
#4715 = DIRECTION ( 'NONE',  ( -0.000000000000000000, -0.000000000000000000, 1.000000000000000000 ) ) ;
#4716 = ORIENTED_EDGE ( 'NONE', *, *, #7196, .T. ) ;
#4717 = AXIS2_PLACEMENT_3D ( 'NONE', #5415, #6536, #7184 ) ;
#4718 = CARTESIAN_POINT ( 'NONE',  ( 41.39477099867146848, -1.512152455818657204, 23.19999800000000079 ) ) ;
#4719 = CARTESIAN_POINT ( 'NONE',  ( 25.42053884200042546, 24.22780283803893298, 22.84470496773322878 ) ) ;
#4720 = DIRECTION ( 'NONE',  ( 0.000000000000000000, 1.610801296603465303E-20, -1.000000000000000000 ) ) ;
#4721 = ORIENTED_EDGE ( 'NONE', *, *, #1358, .T. ) ;
#4722 = VERTEX_POINT ( 'NONE', #6320 ) ;
#4723 = CIRCLE ( 'NONE', #1551, 0.2000000000000005107 ) ;
#4724 = DIRECTION ( 'NONE',  ( 0.000000000000000000, 0.000000000000000000, 1.000000000000000000 ) ) ;
#4725 = AXIS2_PLACEMENT_3D ( 'NONE', #4557, #1231, #3978 ) ;
#4726 = VECTOR ( 'NONE', #172, 1000.000000000000000 ) ;
#4727 = CARTESIAN_POINT ( 'NONE',  ( 25.61362788130516321, 24.22158581790132104, 22.90270505325020878 ) ) ;
#4728 = CARTESIAN_POINT ( 'NONE',  ( 24.69849011171107378, -24.56215207581864135, 21.59999800000001002 ) ) ;
#4729 = VERTEX_POINT ( 'NONE', #102 ) ;
#4730 = ORIENTED_EDGE ( 'NONE', *, *, #7017, .F. ) ;
#4731 = VERTEX_POINT ( 'NONE', #4487 ) ;
#4732 = VECTOR ( 'NONE', #2935, 1000.000000000000000 ) ;
#4733 = EDGE_CURVE ( 'NONE', #81, #4337, #621, .T. ) ;
#4734 = EDGE_CURVE ( 'NONE', #4017, #6998, #3414, .T. ) ;
#4735 = DIRECTION ( 'NONE',  ( -1.355252715607187705E-16, 1.000000000000000000, 0.000000000000000000 ) ) ;
#4736 = FACE_OUTER_BOUND ( 'NONE', #4257, .T. ) ;
#4737 = ADVANCED_FACE ( 'NONE', ( #3375 ), #5897, .F. ) ;
#4738 = CARTESIAN_POINT ( 'NONE',  ( 24.42377352543326552, -27.26077434027246937, 22.76193215352624577 ) ) ;
#4739 = ORIENTED_EDGE ( 'NONE', *, *, #1008, .T. ) ;
#4740 = CARTESIAN_POINT ( 'NONE',  ( 15.84674818352332970, 14.14423731477149637, 18.40359731999999937 ) ) ;
#4741 = CARTESIAN_POINT ( 'NONE',  ( 36.98149282690607720, 7.065850720411353869, 19.20359732000000008 ) ) ;
#4742 = CARTESIAN_POINT ( 'NONE',  ( 35.98149227759006408, -15.01615056132663817, 18.40359731999999937 ) ) ;
#4743 = CARTESIAN_POINT ( 'NONE',  ( 25.81716233851473419, -27.15139527456192425, 23.08636224920364555 ) ) ;
#4744 = CARTESIAN_POINT ( 'NONE',  ( 8.630438470952407570, 0.8867855564166541305, 22.99999800000000505 ) ) ;
#4745 = CARTESIAN_POINT ( 'NONE',  ( 43.85549282690606532, -8.733150561326636918, 18.40359731999999937 ) ) ;
#4746 = DIRECTION ( 'NONE',  ( -1.000000000000000000, 0.000000000000000000, 0.000000000000000000 ) ) ;
#4747 = CYLINDRICAL_SURFACE ( 'NONE', #2026, 0.6500000000000116795 ) ;
#4748 = CARTESIAN_POINT ( 'NONE',  ( 10.36138033909942813, 19.63612840500035617, 23.19999800000000079 ) ) ;
#4749 = EDGE_LOOP ( 'NONE', ( #808, #1924, #4362, #3218 ) ) ;
#4750 = CARTESIAN_POINT ( 'NONE',  ( 39.20749282690607629, -1.512152455818657204, 18.40359731999999937 ) ) ;
#4751 = UNCERTAINTY_MEASURE_WITH_UNIT (LENGTH_MEASURE( 1.000000000000000082E-05 ), #5337, 'distance_accuracy_value', 'NONE');
#4752 = CARTESIAN_POINT ( 'NONE',  ( 25.54270282376765877, 24.22401673706144010, 22.88013700660476601 ) ) ;
#4753 = CARTESIAN_POINT ( 'NONE',  ( 10.21634258731288192, 19.77939288691226594, 22.99999800000000860 ) ) ;
#4754 = EDGE_LOOP ( 'NONE', ( #5154, #7063, #4181, #2916 ) ) ;
#4755 = CIRCLE ( 'NONE', #1226, 2.550000000000000266 ) ;
#4756 = ORIENTED_EDGE ( 'NONE', *, *, #1747, .T. ) ;
#4757 = CARTESIAN_POINT ( 'NONE',  ( 3.609284991545993915, 13.14659298171393509, 23.06667648492421563 ) ) ;
#4758 = VECTOR ( 'NONE', #1263, 1000.000000000000000 ) ;
#4759 = CARTESIAN_POINT ( 'NONE',  ( 23.20333513215990706, 24.11234940605783095, 23.26533686978984505 ) ) ;
#4760 = CARTESIAN_POINT ( 'NONE',  ( 25.05949410864507243, 0.4268492555683600642, 18.40359731999999937 ) ) ;
#4761 = AXIS2_PLACEMENT_3D ( 'NONE', #4648, #1845, #4110 ) ;
#4762 = ORIENTED_EDGE ( 'NONE', *, *, #5254, .F. ) ;
#4763 = AXIS2_PLACEMENT_3D ( 'NONE', #528, #1182, #5005 ) ;
#4764 = ORIENTED_EDGE ( 'NONE', *, *, #5441, .T. ) ;
#4765 = PLANE ( 'NONE',  #5677 ) ;
#4766 = ORIENTED_EDGE ( 'NONE', *, *, #4229, .T. ) ;
#4767 = ORIENTED_EDGE ( 'NONE', *, *, #1287, .T. ) ;
#4768 = DIRECTION ( 'NONE',  ( 1.000000000000000000, 0.000000000000000000, 0.000000000000000000 ) ) ;
#4769 = VECTOR ( 'NONE', #7123, 1000.000000000000000 ) ;
#4770 = ADVANCED_FACE ( 'NONE', ( #5128 ), #3943, .F. ) ;
#4771 = EDGE_CURVE ( 'NONE', #4309, #611, #656, .T. ) ;
#4772 = CARTESIAN_POINT ( 'NONE',  ( 25.60974996555293970, -27.24602835882817686, 22.90143119829593132 ) ) ;
#4773 = ORIENTED_EDGE ( 'NONE', *, *, #1523, .T. ) ;
#4774 = CARTESIAN_POINT ( 'NONE',  ( 12.05349142309807497, 2.675851452833362565, 18.40359731999999937 ) ) ;
#4775 = LINE ( 'NONE', #7044, #2936 ) ;
#4776 = CARTESIAN_POINT ( 'NONE',  ( 3.299342464345993431, 13.55384754846267903, 11.22457852691048430 ) ) ;
#4777 = PLANE ( 'NONE',  #4565 ) ;
#4778 = CARTESIAN_POINT ( 'NONE',  ( 24.69849011171107378, -1.512152455818657204, 18.40359731999999937 ) ) ;
#4779 = DIRECTION ( 'NONE',  ( 1.000000000000000000, 0.000000000000000000, 0.000000000000000000 ) ) ;
#4780 = CARTESIAN_POINT ( 'NONE',  ( 20.02849441382007711, 2.426849255568360508, 21.40359731999999937 ) ) ;
#4781 = ORIENTED_EDGE ( 'NONE', *, *, #7030, .F. ) ;
#4782 = DIRECTION ( 'NONE',  ( 1.000000000000000000, 0.000000000000000000, 0.000000000000000000 ) ) ;
#4783 = DIRECTION ( 'NONE',  ( 0.000000000000000000, 1.000000000000000000, 0.000000000000000000 ) ) ;
#4784 = LINE ( 'NONE', #5930, #7019 ) ;
#4785 = AXIS2_PLACEMENT_3D ( 'NONE', #6371, #1903, #4163 ) ;
#4786 = CARTESIAN_POINT ( 'NONE',  ( 39.08049337622307462, -4.623571175818640633, 19.20359732000000008 ) ) ;
#4787 = ORIENTED_EDGE ( 'NONE', *, *, #1544, .F. ) ;
#4788 = PLANE ( 'NONE',  #6897 ) ;
#4789 = ORIENTED_EDGE ( 'NONE', *, *, #265, .F. ) ;
#4790 = PRODUCT_CONTEXT ( 'NONE', #3184, 'mechanical' ) ;
#4791 = EDGE_LOOP ( 'NONE', ( #5759, #1451, #6046, #1133 ) ) ;
#4792 = ORIENTED_EDGE ( 'NONE', *, *, #146, .F. ) ;
#4793 = DIRECTION ( 'NONE',  ( 1.000000000000000000, 0.000000000000000000, 0.000000000000000000 ) ) ;
#4794 = CIRCLE ( 'NONE', #6698, 0.7499999999999972244 ) ;
#4795 = LINE ( 'NONE', #4293, #831 ) ;
#4796 = DIRECTION ( 'NONE',  ( -0.000000000000000000, -0.000000000000000000, -1.000000000000000000 ) ) ;
#4797 = DIRECTION ( 'NONE',  ( 0.000000000000000000, 0.000000000000000000, 1.000000000000000000 ) ) ;
#4798 = EDGE_CURVE ( 'NONE', #6446, #3299, #7109, .T. ) ;
#4799 = AXIS2_PLACEMENT_3D ( 'NONE', #4332, #7149, #4374 ) ;
#4800 = EDGE_LOOP ( 'NONE', ( #571, #1517, #698, #4028 ) ) ;
#4801 = ORIENTED_EDGE ( 'NONE', *, *, #3087, .F. ) ;
#4802 = CARTESIAN_POINT ( 'NONE',  ( 32.20649282690607151, 7.065850720411353869, 19.20359732000000008 ) ) ;
#4803 = ORIENTED_EDGE ( 'NONE', *, *, #4180, .F. ) ;
#4804 = LINE ( 'NONE', #2560, #3875 ) ;
#4805 = VECTOR ( 'NONE', #4676, 1000.000000000000000 ) ;
#4806 = AXIS2_PLACEMENT_3D ( 'NONE', #6511, #1460, #3725 ) ;
#4807 = CARTESIAN_POINT ( 'NONE',  ( 25.52862104802756704, -27.24878873402488466, 22.87578589558367881 ) ) ;
#4808 = EDGE_LOOP ( 'NONE', ( #6122, #2579, #2008, #3889 ) ) ;
#4809 = CARTESIAN_POINT ( 'NONE',  ( 39.20749282690607629, -14.01615056132663995, 19.20359732000000008 ) ) ;
#4810 = CARTESIAN_POINT ( 'NONE',  ( 24.69852557516731295, -3.525645186030855971, 3.500841111824923857 ) ) ;
#4811 = DIRECTION ( 'NONE',  ( 0.000000000000000000, 0.000000000000000000, 1.000000000000000000 ) ) ;
#4812 = ADVANCED_FACE ( 'NONE', ( #4053 ), #735, .F. ) ;
#4813 = CARTESIAN_POINT ( 'NONE',  ( 23.57981786884161224, -27.15139529618945247, 23.08636222845602504 ) ) ;
#4814 = DIRECTION ( 'NONE',  ( -0.7071067811865352493, 0.000000000000000000, -0.7071067811865597852 ) ) ;
#4815 = CARTESIAN_POINT ( 'NONE',  ( 1.970080021519344360, -3.526045499983887943, 8.999997999999999720 ) ) ;
#4816 = DIRECTION ( 'NONE',  ( 0.7071067811865536790, 0.000000000000000000, -0.7071067811865414665 ) ) ;
#4817 = VERTEX_POINT ( 'NONE', #167 ) ;
#4818 = ORIENTED_EDGE ( 'NONE', *, *, #229, .F. ) ;
#4819 = LINE ( 'NONE', #4355, #5903 ) ;
#4820 = LINE ( 'NONE', #4357, #2375 ) ;
#4821 = EDGE_CURVE ( 'NONE', #2146, #3633, #2862, .T. ) ;
#4822 = EDGE_LOOP ( 'NONE', ( #5976, #887, #5274, #3549 ) ) ;
#4823 = EDGE_CURVE ( 'NONE', #5081, #1584, #1316, .T. ) ;
#4824 = CARTESIAN_POINT ( 'NONE',  ( 19.02849441382007711, -5.724148547166639567, 21.40359731999999937 ) ) ;
#4825 = FACE_OUTER_BOUND ( 'NONE', #4660, .T. ) ;
#4826 = CARTESIAN_POINT ( 'NONE',  ( 23.26357556909448832, 24.04183573116403494, 23.15622903510280395 ) ) ;
#4827 = ORIENTED_EDGE ( 'NONE', *, *, #3038, .F. ) ;
#4828 = ORIENTED_EDGE ( 'NONE', *, *, #6563, .T. ) ;
#4829 = VERTEX_POINT ( 'NONE', #6918 ) ;
#4830 = DIRECTION ( 'NONE',  ( 1.000000000000000000, 0.000000000000000000, 0.000000000000000000 ) ) ;
#4831 = VERTEX_POINT ( 'NONE', #3033 ) ;
#4832 = CARTESIAN_POINT ( 'NONE',  ( 32.49477099867146990, -12.51215245581865609, 23.19999800000000079 ) ) ;
#4833 = ORIENTED_EDGE ( 'NONE', *, *, #5756, .T. ) ;
#4834 = CARTESIAN_POINT ( 'NONE',  ( 26.07663630159894907, 24.11753147627197080, 23.20485265083503990 ) ) ;
#4835 = DIRECTION ( 'NONE',  ( 1.000000000000000000, 0.000000000000000000, 0.000000000000000000 ) ) ;
#4836 = CIRCLE ( 'NONE', #3551, 1.000000000000000888 ) ;
#4837 = EDGE_LOOP ( 'NONE', ( #5090, #1019, #6459, #3590, #4170, #5819, #4833, #1879 ) ) ;
#4838 = VERTEX_POINT ( 'NONE', #1922 ) ;
#4839 = DIRECTION ( 'NONE',  ( -1.462890879734001726E-19, -1.982586837396489249E-35, 1.000000000000000000 ) ) ;
#4840 = VERTEX_POINT ( 'NONE', #6954 ) ;
#4841 = AXIS2_PLACEMENT_3D ( 'NONE', #4399, #5481, #487 ) ;
#4842 = DIRECTION ( 'NONE',  ( 0.000000000000000000, 0.000000000000000000, 1.000000000000000000 ) ) ;
#4843 = CIRCLE ( 'NONE', #2267, 1.000000000000000888 ) ;
#4844 = CONICAL_SURFACE ( 'NONE', #6749, 0.7499999999999937828, 0.7853981633974309595 ) ;
#4845 = CARTESIAN_POINT ( 'NONE',  ( 23.78335234211698790, -27.24589072953863322, 22.90270505325019457 ) ) ;
#4847 = ORIENTED_EDGE ( 'NONE', *, *, #5049, .F. ) ;
#4846 = VECTOR ( 'NONE', #4491, 1000.000000000000000 ) ;
#4848 = DIRECTION ( 'NONE',  ( 0.000000000000000000, 0.000000000000000000, 1.000000000000000000 ) ) ;
#4849 = FACE_OUTER_BOUND ( 'NONE', #4409, .T. ) ;
#4850 = DIRECTION ( 'NONE',  ( 0.000000000000000000, 0.000000000000000000, 1.000000000000000000 ) ) ;
#4851 = CYLINDRICAL_SURFACE ( 'NONE', #3752, 0.7500000000000006661 ) ;
#4852 = CYLINDRICAL_SURFACE ( 'NONE', #7133, 1.000000000000000000 ) ;
#4853 = FACE_OUTER_BOUND ( 'NONE', #6642, .T. ) ;
#4854 = ORIENTED_EDGE ( 'NONE', *, *, #146, .T. ) ;
#4855 = FACE_OUTER_BOUND ( 'NONE', #4808, .T. ) ;
#4856 = LINE ( 'NONE', #3736, #3920 ) ;
#4857 = CARTESIAN_POINT ( 'NONE',  ( 12.05349142309808386, 3.675851452833362565, 21.40359731999999937 ) ) ;
#4858 = CARTESIAN_POINT ( 'NONE',  ( 7.030438470952714347, -1.763214443583704938, 21.40359731999999937 ) ) ;
#4859 = ORIENTED_EDGE ( 'NONE', *, *, #1491, .F. ) ;
#4860 = DIRECTION ( 'NONE',  ( 0.000000000000000000, -1.000000000000000000, 0.000000000000000000 ) ) ;
#4861 = EDGE_CURVE ( 'NONE', #6217, #2518, #4043, .T. ) ;
#4862 = EDGE_LOOP ( 'NONE', ( #4803, #3475, #2558, #3865 ) ) ;
#4863 = EDGE_CURVE ( 'NONE', #2540, #6998, #322, .T. ) ;
#4864 = DIRECTION ( 'NONE',  ( 1.000000000000000000, 0.000000000000000000, 0.000000000000000000 ) ) ;
#4865 = ORIENTED_EDGE ( 'NONE', *, *, #7289, .F. ) ;
#4866 = DIRECTION ( 'NONE',  ( -0.000000000000000000, -0.000000000000000000, -1.000000000000000000 ) ) ;
#4867 = CARTESIAN_POINT ( 'NONE',  ( 8.630438470952363161, 5.206785556416654082, 21.40359731999999937 ) ) ;
#4868 = ORIENTED_EDGE ( 'NONE', *, *, #431, .F. ) ;
#4869 = FACE_OUTER_BOUND ( 'NONE', #2863, .T. ) ;
#4870 = ADVANCED_FACE ( 'NONE', ( #3670 ), #3210, .F. ) ;
#4871 = CIRCLE ( 'NONE', #1338, 0.6500000000000116795 ) ;
#4872 = CARTESIAN_POINT ( 'NONE',  ( 24.14501855971585442, -27.25624843162761834, 22.80541787529356768 ) ) ;
#4873 = ORIENTED_EDGE ( 'NONE', *, *, #5789, .F. ) ;
#4874 = CIRCLE ( 'NONE', #3115, 0.7999999999999986011 ) ;
#4875 = ORIENTED_EDGE ( 'NONE', *, *, #3059, .T. ) ;
#4876 = DIRECTION ( 'NONE',  ( 0.000000000000000000, 0.000000000000000000, 1.000000000000000000 ) ) ;
#4877 = CIRCLE ( 'NONE', #5217, 1.000000000000000888 ) ;
#4878 = CONICAL_SURFACE ( 'NONE', #2651, 25.54999999999999361, 0.7853981633974309595 ) ;
#4879 = CARTESIAN_POINT ( 'NONE',  ( 24.86344201621639982, -27.26162974509386672, 22.75364331054276334 ) ) ;
#4880 = VERTEX_POINT ( 'NONE', #4224 ) ;
#4881 = FACE_OUTER_BOUND ( 'NONE', #328, .T. ) ;
#4882 = LINE ( 'NONE', #4345, #121 ) ;
#4883 = DIRECTION ( 'NONE',  ( -0.7071067811865414665, 0.000000000000000000, -0.7071067811865536790 ) ) ;
#4884 = AXIS2_PLACEMENT_3D ( 'NONE', #4744, #7090, #4418 ) ;
#4885 = AXIS2_PLACEMENT_3D ( 'NONE', #2421, #1897, #6964 ) ;
#4886 = DIRECTION ( 'NONE',  ( 1.000000000000000000, 0.000000000000000000, -0.000000000000000000 ) ) ;
#4887 = CARTESIAN_POINT ( 'NONE',  ( 9.630438470952361385, 5.206785556416654082, 22.99999800000000505 ) ) ;
#4888 = CARTESIAN_POINT ( 'NONE',  ( 36.98149282690607720, -4.623571175818640633, 19.20359732000000008 ) ) ;
#4889 = EDGE_CURVE ( 'NONE', #7065, #522, #3110, .T. ) ;
#4890 = ORIENTED_EDGE ( 'NONE', *, *, #5860, .T. ) ;
#4891 = AXIS2_PLACEMENT_3D ( 'NONE', #4774, #4848, #2639 ) ;
#4892 = DIRECTION ( 'NONE',  ( -0.000000000000000000, -0.000000000000000000, -1.000000000000000000 ) ) ;
#4893 = PLANE ( 'NONE',  #7106 ) ;
#4894 = CARTESIAN_POINT ( 'NONE',  ( 8.630438470952455532, -3.563214443583345492, 22.99999800000000505 ) ) ;
#4895 = CARTESIAN_POINT ( 'NONE',  ( 18.02849441382006646, 3.675851452833363009, 21.40359731999999937 ) ) ;
#4896 = ORIENTED_EDGE ( 'NONE', *, *, #567, .F. ) ;
#4897 = CARTESIAN_POINT ( 'NONE',  ( 2.620060697281884732, -2.882158904571795688, 8.999997999999999720 ) ) ;
#4898 = ORIENTED_EDGE ( 'NONE', *, *, #4294, .T. ) ;
#4899 = ORIENTED_EDGE ( 'NONE', *, *, #1688, .T. ) ;
#4900 = VERTEX_POINT ( 'NONE', #206 ) ;
#4901 = VERTEX_POINT ( 'NONE', #2509 ) ;
#4902 = CARTESIAN_POINT ( 'NONE',  ( 11.05349142309807675, -1.512152455818657204, 21.40359731999999937 ) ) ;
#4903 = EDGE_CURVE ( 'NONE', #838, #6569, #5266, .T. ) ;
#4904 = EDGE_CURVE ( 'NONE', #64, #6806, #2380, .T. ) ;
#4905 = DIRECTION ( 'NONE',  ( 1.761694112589338835E-05, -0.9999999998448216854, 0.000000000000000000 ) ) ;
#4906 = EDGE_LOOP ( 'NONE', ( #3837, #1020, #3269, #2943 ) ) ;
#4907 = LINE ( 'NONE', #7219, #5260 ) ;
#4908 = DIRECTION ( 'NONE',  ( 3.154042683594195121E-16, 1.000000000000000000, 0.000000000000000000 ) ) ;
#4909 = ORIENTED_EDGE ( 'NONE', *, *, #6223, .T. ) ;
#4910 = CIRCLE ( 'NONE', #2445, 1.000000000000000888 ) ;
#4911 = EDGE_CURVE ( 'NONE', #2232, #5077, #1788, .T. ) ;
#4912 = ORIENTED_EDGE ( 'NONE', *, *, #2271, .F. ) ;
#4913 = ORIENTED_EDGE ( 'NONE', *, *, #3707, .F. ) ;
#4914 = ADVANCED_FACE ( 'NONE', ( #2996 ), #3441, .F. ) ;
#4915 = DIRECTION ( 'NONE',  ( -1.000000000000000000, -2.710505431214378369E-16, 0.000000000000000000 ) ) ;
#4916 = AXIS2_PLACEMENT_3D ( 'NONE', #2224, #1191, #4479 ) ;
#4917 = CARTESIAN_POINT ( 'NONE',  ( 26.19364509126224050, -27.13665431769513248, 23.26533686978985216 ) ) ;
#4918 = VERTEX_POINT ( 'NONE', #6422 ) ;
#4919 = DIRECTION ( 'NONE',  ( 0.000000000000000000, -0.000000000000000000, 1.000000000000000000 ) ) ;
#4920 = CARTESIAN_POINT ( 'NONE',  ( 14.85349142309807391, -1.524148547166637835, 16.93468246290101575 ) ) ;
#4921 = CIRCLE ( 'NONE', #6354, 2.550000000000000266 ) ;
#4922 = AXIS2_PLACEMENT_3D ( 'NONE', #4569, #1619, #5589 ) ;
#4923 = DIRECTION ( 'NONE',  ( -0.000000000000000000, -0.000000000000000000, -1.000000000000000000 ) ) ;
#4924 = EDGE_CURVE ( 'NONE', #1295, #3773, #674, .T. ) ;
#4925 = DIRECTION ( 'NONE',  ( 0.000000000000000000, 0.000000000000000000, -1.000000000000000000 ) ) ;
#4926 = CARTESIAN_POINT ( 'NONE',  ( 26.89477099867147203, -12.51215245581865609, 21.99999800000000150 ) ) ;
#4927 = ORIENTED_EDGE ( 'NONE', *, *, #3094, .F. ) ;
#4928 = ORIENTED_EDGE ( 'NONE', *, *, #2111, .F. ) ;
#4929 = LINE ( 'NONE', #1034, #5912 ) ;
#4930 = AXIS2_PLACEMENT_3D ( 'NONE', #4668, #4062, #5699 ) ;
#4931 = CYLINDRICAL_SURFACE ( 'NONE', #1673, 25.74999999999999289 ) ;
#4932 = EDGE_CURVE ( 'NONE', #6734, #89, #2706, .T. ) ;
#4933 = EDGE_CURVE ( 'NONE', #6427, #6021, #4388, .T. ) ;
#4934 = CARTESIAN_POINT ( 'NONE',  ( 29.59477099867147132, -12.51215245581865609, 21.99999800000000150 ) ) ;
#4935 = LINE ( 'NONE', #6608, #6587 ) ;
#4936 = ORIENTED_EDGE ( 'NONE', *, *, #6956, .F. ) ;
#4937 = DIRECTION ( 'NONE',  ( 0.000000000000000000, 0.000000000000000000, 1.000000000000000000 ) ) ;
#4938 = ORIENTED_EDGE ( 'NONE', *, *, #4709, .T. ) ;
#4939 = ORIENTED_EDGE ( 'NONE', *, *, #2897, .T. ) ;
#4940 = ADVANCED_FACE ( 'NONE', ( #982 ), #2669, .F. ) ;
#4941 = CARTESIAN_POINT ( 'NONE',  ( 38.69477099867147274, -1.512152455818657204, 23.19999800000000079 ) ) ;
#4942 = ORIENTED_EDGE ( 'NONE', *, *, #3593, .T. ) ;
#4943 = CARTESIAN_POINT ( 'NONE',  ( 24.69849011171107378, 21.53784716418134693, 18.40359731999999937 ) ) ;
#4944 = DIRECTION ( 'NONE',  ( 0.000000000000000000, 0.000000000000000000, -1.000000000000000000 ) ) ;
#4945 = ORIENTED_EDGE ( 'NONE', *, *, #6085, .T. ) ;
#4946 = CARTESIAN_POINT ( 'NONE',  ( 7.030438470952725005, 7.006785556416295080, 21.40359731999999937 ) ) ;
#4947 = CARTESIAN_POINT ( 'NONE',  ( 3.696288695069616992, 13.03810649908738917, 23.19999800000000079 ) ) ;
#4948 = VERTEX_POINT ( 'NONE', #7259 ) ;
#4949 = VECTOR ( 'NONE', #3086, 1000.000000000000000 ) ;
#4950 = DIRECTION ( 'NONE',  ( 0.000000000000000000, 0.000000000000000000, -1.000000000000000000 ) ) ;
#4951 = CARTESIAN_POINT ( 'NONE',  ( 9.129233762251150353, 7.426722893499330347, 21.96359842000000029 ) ) ;
#4952 = CARTESIAN_POINT ( 'NONE',  ( 25.57606272222373534, -27.15830248445219652, 22.99476453162845502 ) ) ;
#4953 = EDGE_LOOP ( 'NONE', ( #7093, #4217 ) ) ;
#4954 = LINE ( 'NONE', #2790, #5594 ) ;
#4955 = EDGE_CURVE ( 'NONE', #4553, #3694, #3790, .T. ) ;
#4956 = EDGE_CURVE ( 'NONE', #6734, #2073, #3829, .T. ) ;
#4957 = AXIS2_PLACEMENT_3D ( 'NONE', #2359, #1069, #4131 ) ;
#4958 = DIRECTION ( 'NONE',  ( -1.000000000000000000, 0.000000000000000000, 0.000000000000000000 ) ) ;
#4959 = CARTESIAN_POINT ( 'NONE',  ( 32.20649282690607151, 11.22185072041136067, 18.40359731999999937 ) ) ;
#4960 = CONICAL_SURFACE ( 'NONE', #7224, 1.000000000000000888, 0.7853981633974553844 ) ;
#4961 = CARTESIAN_POINT ( 'NONE',  ( 31.33349227759007505, -1.512152455818657204, 18.40359731999999937 ) ) ;
#4962 = DIRECTION ( 'NONE',  ( 0.9998725783246495968, 0.01596330524727181122, 0.000000000000000000 ) ) ;
#4963 = ORIENTED_EDGE ( 'NONE', *, *, #7287, .F. ) ;
#4964 = ORIENTED_EDGE ( 'NONE', *, *, #6200, .T. ) ;
#4965 = CIRCLE ( 'NONE', #734, 0.9499999999999995115 ) ;
#4966 = VECTOR ( 'NONE', #2337, 1000.000000000000000 ) ;
#4967 = DIRECTION ( 'NONE',  ( 1.000000000000000000, 0.000000000000000000, 0.000000000000000000 ) ) ;
#4968 = DIRECTION ( 'NONE',  ( 0.000000000000000000, 0.000000000000000000, -1.000000000000000000 ) ) ;
#4969 = CARTESIAN_POINT ( 'NONE',  ( 38.69477099867147274, -12.51215245581865609, 23.19999800000000079 ) ) ;
#4970 = DIRECTION ( 'NONE',  ( 1.000000000000000000, 0.000000000000000000, 0.000000000000000000 ) ) ;
#4971 = DIRECTION ( 'NONE',  ( 0.000000000000000000, 1.000000000000000000, 0.000000000000000000 ) ) ;
#4972 = EDGE_LOOP ( 'NONE', ( #48, #2746, #3, #6907 ) ) ;
#4973 = ORIENTED_EDGE ( 'NONE', *, *, #1759, .T. ) ;
#4974 = DIRECTION ( 'NONE',  ( -1.000000000000000000, 0.000000000000000000, 0.000000000000000000 ) ) ;
#4975 = DIRECTION ( 'NONE',  ( 1.000000000000000000, 0.000000000000000000, 1.462890879734001726E-19 ) ) ;
#4976 = DIRECTION ( 'NONE',  ( 0.000000000000000000, 1.000000000000000000, 0.000000000000000000 ) ) ;
#4977 = EDGE_CURVE ( 'NONE', #2500, #3694, #6016, .T. ) ;
#4978 = EDGE_LOOP ( 'NONE', ( #3594, #1639, #1328, #4756 ) ) ;
#4979 = DIRECTION ( 'NONE',  ( 1.000000000000000000, 0.000000000000000000, 0.000000000000000000 ) ) ;
#4980 = CARTESIAN_POINT ( 'NONE',  ( 23.82838157857289474, -27.24745805632355555, 22.88817389979470818 ) ) ;
#4981 = ORIENTED_EDGE ( 'NONE', *, *, #2646, .F. ) ;
#4982 = VERTEX_POINT ( 'NONE', #3864 ) ;
#4983 = VECTOR ( 'NONE', #6070, 1000.000000000000000 ) ;
#4984 = DIRECTION ( 'NONE',  ( 1.000000000000000000, 0.000000000000000000, 0.000000000000000000 ) ) ;
#4985 = CARTESIAN_POINT ( 'NONE',  ( 11.28901711471469405, 7.465185902403217888, 21.40359731999999937 ) ) ;
#4986 = CARTESIAN_POINT ( 'NONE',  ( 25.30815056169950950, -27.16384503834860098, 22.91655583633189863 ) ) ;
#4987 = EDGE_LOOP ( 'NONE', ( #4143, #6014, #4789, #5831 ) ) ;
#4988 = CARTESIAN_POINT ( 'NONE',  ( 24.69849011171107378, -1.512152455818657204, 96.03199646221435160 ) ) ;
#4989 = AXIS2_PLACEMENT_3D ( 'NONE', #778, #2470, #4720 ) ;
#4990 = CARTESIAN_POINT ( 'NONE',  ( 10.23043847095199688, 3.406785556417013527, 31.63375372154084175 ) ) ;
#4991 = VECTOR ( 'NONE', #4286, 1000.000000000000000 ) ;
#4992 = EDGE_CURVE ( 'NONE', #4829, #6010, #4375, .T. ) ;
#4993 = CARTESIAN_POINT ( 'NONE',  ( 7.030438470952719676, 1.686785556416294352, 21.40359731999999937 ) ) ;
#4994 = VECTOR ( 'NONE', #5737, 1000.000000000000000 ) ;
#4995 = EDGE_CURVE ( 'NONE', #5908, #3631, #4277, .T. ) ;
#4996 = LINE ( 'NONE', #7274, #1235 ) ;
#4997 = CARTESIAN_POINT ( 'NONE',  ( 24.60602863899068637, 24.14452174756369374, 22.84175824638576202 ) ) ;
#4998 = ORIENTED_EDGE ( 'NONE', *, *, #1597, .T. ) ;
#4999 = AXIS2_PLACEMENT_3D ( 'NONE', #3573, #671, #5805 ) ;
#5000 = DIRECTION ( 'NONE',  ( -0.01596330524727180775, 0.9998725783246495968, 1.377070309037156606E-20 ) ) ;
#5001 = VECTOR ( 'NONE', #5028, 1000.000000000000000 ) ;
#5002 = DIRECTION ( 'NONE',  ( 1.462890879734001726E-19, 1.610801296603465303E-20, -1.000000000000000000 ) ) ;
#5003 = CARTESIAN_POINT ( 'NONE',  ( -1.051509888288917116, -1.512152455818657204, 96.03199646221435160 ) ) ;
#5004 = DIRECTION ( 'NONE',  ( 1.000000000000000000, 1.355252715607189184E-16, 0.000000000000000000 ) ) ;
#5005 = DIRECTION ( 'NONE',  ( -1.000000000000000000, 0.000000000000000000, 0.000000000000000000 ) ) ;
#5006 = EDGE_LOOP ( 'NONE', ( #6034, #2162, #6065, #1493 ) ) ;
#5007 = ORIENTED_EDGE ( 'NONE', *, *, #6863, .T. ) ;
#5008 = DIRECTION ( 'NONE',  ( 0.000000000000000000, 0.000000000000000000, 1.000000000000000000 ) ) ;
#5009 = DIRECTION ( 'NONE',  ( 0.000000000000000000, 0.000000000000000000, 1.000000000000000000 ) ) ;
#5010 = DIRECTION ( 'NONE',  ( 0.000000000000000000, 0.000000000000000000, 1.000000000000000000 ) ) ;
#5011 = VERTEX_POINT ( 'NONE', #1568 ) ;
#5012 = DIRECTION ( 'NONE',  ( 0.000000000000000000, 0.000000000000000000, 1.000000000000000000 ) ) ;
#5013 = DIRECTION ( 'NONE',  ( 0.000000000000000000, 0.000000000000000000, 1.000000000000000000 ) ) ;
#5014 = ORIENTED_EDGE ( 'NONE', *, *, #2545, .T. ) ;
#5015 = DIRECTION ( 'NONE',  ( 1.000000000000000000, 0.000000000000000000, 0.000000000000000000 ) ) ;
#5016 = VERTEX_POINT ( 'NONE', #3230 ) ;
#5017 = VERTEX_POINT ( 'NONE', #6621 ) ;
#5018 = EDGE_CURVE ( 'NONE', #4489, #7212, #5460, .T. ) ;
#5019 = FACE_OUTER_BOUND ( 'NONE', #2430, .T. ) ;
#5020 = LINE ( 'NONE', #6815, #6259 ) ;
#5021 = CARTESIAN_POINT ( 'NONE',  ( 23.80153814646029176, -27.15781689272843380, 23.00140366378903067 ) ) ;
#5022 = VECTOR ( 'NONE', #918, 1000.000000000000000 ) ;
#5023 = ORIENTED_EDGE ( 'NONE', *, *, #7287, .T. ) ;
#5024 = CARTESIAN_POINT ( 'NONE',  ( -0.9246057082889275192, 12.47584852314636095, 19.20359732000000008 ) ) ;
#5025 = DIRECTION ( 'NONE',  ( 0.000000000000000000, 0.000000000000000000, 1.000000000000000000 ) ) ;
#5026 = DIRECTION ( 'NONE',  ( 1.462890879734001726E-19, 1.982586837396489249E-35, -1.000000000000000000 ) ) ;
#5027 = CARTESIAN_POINT ( 'NONE',  ( 20.86549410864506982, -3.167150744431638465, 19.20359732000000008 ) ) ;
#5028 = DIRECTION ( 'NONE',  ( -1.000000000000000000, -5.421010862428621645E-16, 0.000000000000000000 ) ) ;
#5029 = ORIENTED_EDGE ( 'NONE', *, *, #3412, .T. ) ;
#5030 = CIRCLE ( 'NONE', #6934, 0.9999999999999991118 ) ;
#5031 = CARTESIAN_POINT ( 'NONE',  ( 35.98149227759007118, -14.01615056132663995, 19.20359732000000008 ) ) ;
#5032 = ORIENTED_EDGE ( 'NONE', *, *, #5762, .T. ) ;
#5033 = ADVANCED_FACE ( 'NONE', ( #6661 ), #1604, .F. ) ;
#5034 = CARTESIAN_POINT ( 'NONE',  ( 40.08049337622307462, 11.47584852314636272, 19.20359732000000008 ) ) ;
#5035 = AXIS2_PLACEMENT_3D ( 'NONE', #7175, #3778, #4287 ) ;
#5036 = CARTESIAN_POINT ( 'NONE',  ( 30.79477099867147061, -12.51215245581865609, 22.99999799999999794 ) ) ;
#5037 = CARTESIAN_POINT ( 'NONE',  ( 36.98149282690607720, -1.512152455818657204, 18.40359731999999937 ) ) ;
#5038 = LINE ( 'NONE', #3288, #662 ) ;
#5039 = CIRCLE ( 'NONE', #2350, 1.000000000000000000 ) ;
#5040 = ORIENTED_EDGE ( 'NONE', *, *, #152, .F. ) ;
#5041 = ORIENTED_EDGE ( 'NONE', *, *, #7030, .T. ) ;
#5042 = PLANE ( 'NONE',  #3681 ) ;
#5043 = EDGE_CURVE ( 'NONE', #3773, #248, #6500, .T. ) ;
#5044 = EDGE_CURVE ( 'NONE', #6304, #3359, #4411, .T. ) ;
#5045 = DIRECTION ( 'NONE',  ( 0.000000000000000000, 0.000000000000000000, 1.000000000000000000 ) ) ;
#5046 = ORIENTED_EDGE ( 'NONE', *, *, #5829, .T. ) ;
#5047 = VERTEX_POINT ( 'NONE', #5496 ) ;
#5048 = DIRECTION ( 'NONE',  ( 0.000000000000000000, 1.000000000000000000, 0.000000000000000000 ) ) ;
#5049 = EDGE_CURVE ( 'NONE', #5077, #7065, #7114, .T. ) ;
#5050 = DIRECTION ( 'NONE',  ( 0.000000000000000000, 0.000000000000000000, 1.000000000000000000 ) ) ;
#5051 = ORIENTED_EDGE ( 'NONE', *, *, #3343, .F. ) ;
#5052 = VECTOR ( 'NONE', #3226, 1000.000000000000000 ) ;
#5053 = CARTESIAN_POINT ( 'NONE',  ( 25.39477099867147203, -12.51215245581865609, 21.99999800000000150 ) ) ;
#5054 = ORIENTED_EDGE ( 'NONE', *, *, #3381, .T. ) ;
#5055 = VERTEX_POINT ( 'NONE', #4947 ) ;
#5056 = CARTESIAN_POINT ( 'NONE',  ( 24.66988385285127805, 24.23785399086899162, 22.74850724071713515 ) ) ;
#5057 = DIRECTION ( 'NONE',  ( 0.000000000000000000, 0.000000000000000000, -1.000000000000000000 ) ) ;
#5058 = ORIENTED_EDGE ( 'NONE', *, *, #3381, .F. ) ;
#5059 = PLANE ( 'NONE',  #2537 ) ;
#5060 = CARTESIAN_POINT ( 'NONE',  ( 8.630438470952363161, 5.206785556416654082, 22.99999800000000505 ) ) ;
#5061 = CARTESIAN_POINT ( 'NONE',  ( 43.09477099867147132, 9.487847544181342130, 21.99999800000000150 ) ) ;
#5062 = AXIS2_PLACEMENT_3D ( 'NONE', #4941, #3181, #7180 ) ;
#5063 = LINE ( 'NONE', #1692, #3109 ) ;
#5064 = VECTOR ( 'NONE', #5170, 1000.000000000000000 ) ;
#5065 = LINE ( 'NONE', #3385, #4656 ) ;
#5066 = ORIENTED_EDGE ( 'NONE', *, *, #5067, .F. ) ;
#5067 = EDGE_CURVE ( 'NONE', #2232, #6551, #7220, .T. ) ;
#5068 = DIRECTION ( 'NONE',  ( -0.9998725783246495968, -0.01596330524727180775, 0.000000000000000000 ) ) ;
#5069 = EDGE_LOOP ( 'NONE', ( #6915, #4228, #2735, #5469 ) ) ;
#5070 = ORIENTED_EDGE ( 'NONE', *, *, #1853, .T. ) ;
#5071 = DIRECTION ( 'NONE',  ( 0.000000000000000000, 0.000000000000000000, -1.000000000000000000 ) ) ;
#5072 = CIRCLE ( 'NONE', #4502, 1.580000000000001625 ) ;
#5073 = CARTESIAN_POINT ( 'NONE',  ( 43.85549282690607242, -14.01615056132663995, 18.40359731999999937 ) ) ;
#5074 = LINE ( 'NONE', #1734, #6317 ) ;
#5075 = AXIS2_PLACEMENT_3D ( 'NONE', #2234, #1198, #4088 ) ;
#5076 = CARTESIAN_POINT ( 'NONE',  ( 6.030438470952718788, 1.686785556416287024, 31.63375372154084175 ) ) ;
#5077 = VERTEX_POINT ( 'NONE', #501 ) ;
#5078 = DIRECTION ( 'NONE',  ( 1.000000000000000000, 0.000000000000000000, 0.000000000000000000 ) ) ;
#5079 = CIRCLE ( 'NONE', #3815, 0.9999999999999991118 ) ;
#5080 = DIRECTION ( 'NONE',  ( 1.000000000000000000, 0.000000000000000000, 0.000000000000000000 ) ) ;
#5081 = VERTEX_POINT ( 'NONE', #5942 ) ;
#5082 = EDGE_CURVE ( 'NONE', #202, #2157, #2856, .T. ) ;
#5083 = VERTEX_POINT ( 'NONE', #2778 ) ;
#5084 = CARTESIAN_POINT ( 'NONE',  ( 6.030438470952724117, -1.512152455818471797, 18.40359731999999937 ) ) ;
#5085 = EDGE_CURVE ( 'NONE', #1154, #622, #3407, .T. ) ;
#5086 = DIRECTION ( 'NONE',  ( -0.7071067811865414665, 0.000000000000000000, -0.7071067811865536790 ) ) ;
#5087 = VERTEX_POINT ( 'NONE', #3332 ) ;
#5088 = CARTESIAN_POINT ( 'NONE',  ( 35.98149227759006408, -15.01615056132663817, 19.20359732000000008 ) ) ;
#5089 = ORIENTED_EDGE ( 'NONE', *, *, #4011, .T. ) ;
#5090 = ORIENTED_EDGE ( 'NONE', *, *, #614, .T. ) ;
#5091 = EDGE_CURVE ( 'NONE', #7117, #224, #1224, .T. ) ;
#5092 = CARTESIAN_POINT ( 'NONE',  ( 23.73875537543216652, 24.21996113745237622, 22.91770519886531332 ) ) ;
#5093 = DIRECTION ( 'NONE',  ( 0.000000000000000000, 0.000000000000000000, 1.000000000000000000 ) ) ;
#5094 = MANIFOLD_SOLID_BREP ( 'µπΩ«6', #2848 ) ;
#5095 = EDGE_CURVE ( 'NONE', #5834, #2479, #2970, .T. ) ;
#5096 = ORIENTED_EDGE ( 'NONE', *, *, #6563, .F. ) ;
#5097 = DIRECTION ( 'NONE',  ( -1.000000000000000000, -1.694065894508986234E-16, 0.000000000000000000 ) ) ;
#5098 = CARTESIAN_POINT ( 'NONE',  ( 30.79477099867147061, -12.51215245581865609, 21.99999800000000150 ) ) ;
#5099 = AXIS2_PLACEMENT_3D ( 'NONE', #891, #928, #1700 ) ;
#5100 = VECTOR ( 'NONE', #3089, 1000.000000000000000 ) ;
#5101 = CARTESIAN_POINT ( 'NONE',  ( 8.630438470952407570, 0.8867855564166541305, 21.40359731999999937 ) ) ;
#5102 = LINE ( 'NONE', #78, #1130 ) ;
#5103 = ORIENTED_EDGE ( 'NONE', *, *, #7062, .T. ) ;
#5104 = CARTESIAN_POINT ( 'NONE',  ( 8.630438470952455532, -8.063214443583346380, 21.40359731999999937 ) ) ;
#5105 = EDGE_LOOP ( 'NONE', ( #2887, #3245, #7178, #3072 ) ) ;
#5106 = ORIENTED_EDGE ( 'NONE', *, *, #772, .F. ) ;
#5107 = CARTESIAN_POINT ( 'NONE',  ( 23.57981786884161224, -27.15139529618945247, 23.08636222845602504 ) ) ;
#5108 = CONICAL_SURFACE ( 'NONE', #4301, 0.7500000000000006661, 0.7853981633974396193 ) ;
#5109 = EDGE_CURVE ( 'NONE', #2318, #4018, #2297, .T. ) ;
#5110 = DIRECTION ( 'NONE',  ( 1.000000000000000000, 0.000000000000000000, 0.000000000000000000 ) ) ;
#5111 = VECTOR ( 'NONE', #4638, 1000.000000000000000 ) ;
#5112 = CARTESIAN_POINT ( 'NONE',  ( 37.69477099867146563, -12.51215245581865609, 21.99999800000000150 ) ) ;
#5113 = FACE_OUTER_BOUND ( 'NONE', #3827, .T. ) ;
#5114 = ORIENTED_EDGE ( 'NONE', *, *, #3641, .F. ) ;
#5115 = VECTOR ( 'NONE', #6651, 1000.000000000000000 ) ;
#5116 = DIRECTION ( 'NONE',  ( 0.000000000000000000, 1.000000000000000000, 0.000000000000000000 ) ) ;
#5117 = FACE_OUTER_BOUND ( 'NONE', #618, .T. ) ;
#5118 = VERTEX_POINT ( 'NONE', #5153 ) ;
#5119 = VECTOR ( 'NONE', #520, 1000.000000000000000 ) ;
#5120 = EDGE_LOOP ( 'NONE', ( #2149, #3096, #4002, #5723 ) ) ;
#5121 = CARTESIAN_POINT ( 'NONE',  ( 24.69849011171107378, 21.53784716418134693, 21.59999800000001002 ) ) ;
#5122 = FILL_AREA_STYLE ('',( #4046 ) ) ;
#5123 = VERTEX_POINT ( 'NONE', #4481 ) ;
#5124 = DIRECTION ( 'NONE',  ( 0.000000000000000000, 0.000000000000000000, 1.000000000000000000 ) ) ;
#5125 = VERTEX_POINT ( 'NONE', #2263 ) ;
#5126 = ADVANCED_FACE ( 'NONE', ( #6733, #4514, #1745, #6124, #128, #96, #3935, #1119, #1082, #1156, #6769, #4006, #1192, #5568, #3445 ), #2817, .T. ) ;
#5127 = CARTESIAN_POINT ( 'NONE',  ( 23.45441188735913940, 24.20785295735591802, 23.02749112751019922 ) ) ;
#5128 = FACE_OUTER_BOUND ( 'NONE', #7068, .T. ) ;
#5129 = EDGE_LOOP ( 'NONE', ( #1605, #2206, #5797, #2635 ) ) ;
#5130 = EDGE_CURVE ( 'NONE', #3740, #6973, #6629, .T. ) ;
#5131 = DIRECTION ( 'NONE',  ( 5.421010862430005110E-16, -1.000000000000000000, 0.000000000000000000 ) ) ;
#5132 = CARTESIAN_POINT ( 'NONE',  ( 20.02849441382008422, -3.967150744431636955, 21.40359731999999937 ) ) ;
#5133 = LINE ( 'NONE', #110, #2520 ) ;
#5134 = DIRECTION ( 'NONE',  ( 0.000000000000000000, 0.000000000000000000, -1.000000000000000000 ) ) ;
#5135 = ORIENTED_EDGE ( 'NONE', *, *, #7056, .F. ) ;
#5136 = CARTESIAN_POINT ( 'NONE',  ( 10.21351569204423448, 19.77746980625064666, 21.96359842000000029 ) ) ;
#5137 = EDGE_LOOP ( 'NONE', ( #2818, #309, #4818, #1074, #3290, #3596, #367 ) ) ;
#5138 = FACE_OUTER_BOUND ( 'NONE', #3389, .T. ) ;
#5139 = AXIS2_PLACEMENT_3D ( 'NONE', #3982, #2241, #1831 ) ;
#5140 = LINE ( 'NONE', #6295, #6966 ) ;
#5141 = LINE ( 'NONE', #6866, #2066 ) ;
#5142 = VECTOR ( 'NONE', #5181, 1000.000000000000000 ) ;
#5143 = DIRECTION ( 'NONE',  ( 0.000000000000000000, 0.000000000000000000, -1.000000000000000000 ) ) ;
#5144 = DIRECTION ( 'NONE',  ( 0.000000000000000000, 0.000000000000000000, -1.000000000000000000 ) ) ;
#5145 = DIRECTION ( 'NONE',  ( 0.000000000000000000, 0.000000000000000000, 1.000000000000000000 ) ) ;
#5146 = CARTESIAN_POINT ( 'NONE',  ( 24.69849011171107378, -1.512152455818657204, 18.40359731999999937 ) ) ;
#5147 = EDGE_CURVE ( 'NONE', #3426, #6724, #4396, .T. ) ;
#5148 = VERTEX_POINT ( 'NONE', #1709 ) ;
#5149 = EDGE_CURVE ( 'NONE', #5083, #4122, #148, .T. ) ;
#5150 = VERTEX_POINT ( 'NONE', #2369 ) ;
#5151 = CARTESIAN_POINT ( 'NONE',  ( 25.05949410864507243, -2.967150744431636955, 18.40359731999999937 ) ) ;
#5152 = ADVANCED_FACE ( 'NONE', ( #4140 ), #1847, .F. ) ;
#5153 = CARTESIAN_POINT ( 'NONE',  ( 6.030438470952719676, 6.006785556416287974, 21.40359731999999937 ) ) ;
#5154 = ORIENTED_EDGE ( 'NONE', *, *, #2825, .F. ) ;
#5155 = DIRECTION ( 'NONE',  ( 0.7071067811865536790, 0.000000000000000000, -0.7071067811865414665 ) ) ;
#5156 = CARTESIAN_POINT ( 'NONE',  ( 24.96258564039004924, 24.14364736071762962, 22.85526548685877657 ) ) ;
#5157 = CARTESIAN_POINT ( 'NONE',  ( 37.89477099867147558, -1.512152455818661423, 23.19999800000000079 ) ) ;
#5158 = ORIENTED_EDGE ( 'NONE', *, *, #5896, .T. ) ;
#5159 = ORIENTED_EDGE ( 'NONE', *, *, #4210, .T. ) ;
#5160 = CARTESIAN_POINT ( 'NONE',  ( 45.79477099867147416, -12.51215245581865609, 21.99999800000000150 ) ) ;
#5161 = DIRECTION ( 'NONE',  ( 1.000000000000000000, 0.000000000000000000, -0.000000000000000000 ) ) ;
#5162 = ADVANCED_FACE ( 'NONE', ( #5252 ), #3099, .T. ) ;
#5163 = EDGE_CURVE ( 'NONE', #4415, #3679, #5905, .T. ) ;
#5164 = DIRECTION ( 'NONE',  ( 0.000000000000000000, 0.000000000000000000, -1.000000000000000000 ) ) ;
#5165 = CARTESIAN_POINT ( 'NONE',  ( 16.43349142309807576, -1.524148547166637835, 22.99999799999999794 ) ) ;
#5166 = DIRECTION ( 'NONE',  ( 0.000000000000000000, 0.000000000000000000, -1.000000000000000000 ) ) ;
#5167 = ORIENTED_EDGE ( 'NONE', *, *, #6666, .F. ) ;
#5168 = DIRECTION ( 'NONE',  ( 0.000000000000000000, 0.000000000000000000, -1.000000000000000000 ) ) ;
#5169 = CIRCLE ( 'NONE', #2014, 1.580000000000001625 ) ;
#5170 = DIRECTION ( 'NONE',  ( -0.000000000000000000, -0.000000000000000000, 1.000000000000000000 ) ) ;
#5171 = CIRCLE ( 'NONE', #138, 0.6500000000000116795 ) ;
#5172 = DIRECTION ( 'NONE',  ( 1.000000000000000000, 0.000000000000000000, 0.000000000000000000 ) ) ;
#5173 = CARTESIAN_POINT ( 'NONE',  ( 9.792699462065142413, 20.12757669561894147, 23.19999800000000079 ) ) ;
#5174 = DIRECTION ( 'NONE',  ( -0.000000000000000000, -0.000000000000000000, 1.000000000000000000 ) ) ;
#5175 = LINE ( 'NONE', #1322, #7227 ) ;
#5176 = EDGE_CURVE ( 'NONE', #4376, #3490, #4118, .T. ) ;
#5177 = LINE ( 'NONE', #708, #5267 ) ;
#5178 = VECTOR ( 'NONE', #3353, 1000.000000000000000 ) ;
#5179 = EDGE_LOOP ( 'NONE', ( #5602, #465, #3956, #4497 ) ) ;
#5180 = VECTOR ( 'NONE', #3868, 1000.000000000000000 ) ;
#5181 = DIRECTION ( 'NONE',  ( -0.7071067811865414665, 0.000000000000000000, 0.7071067811865536790 ) ) ;
#5182 = CARTESIAN_POINT ( 'NONE',  ( 23.78166302858667436, 24.22153246266902116, 22.90320450247729411 ) ) ;
#5183 = AXIS2_PLACEMENT_3D ( 'NONE', #5060, #4423, #6675 ) ;
#5184 = DIRECTION ( 'NONE',  ( 0.000000000000000000, 1.000000000000000000, 0.000000000000000000 ) ) ;
#5185 = EDGE_LOOP ( 'NONE', ( #1084, #186, #5306, #1646 ) ) ;
#5186 = ORIENTED_EDGE ( 'NONE', *, *, #7134, .F. ) ;
#5187 = ORIENTED_EDGE ( 'NONE', *, *, #3627, .F. ) ;
#5188 = CARTESIAN_POINT ( 'NONE',  ( 39.20749282690607629, -14.01615056132663995, 18.40359731999999937 ) ) ;
#5189 = COLOUR_RGB ( '',0.8980392156862745390, 0.9176470588235293713, 0.9294117647058823817 ) ;
#5190 = ADVANCED_FACE ( 'NONE', ( #272 ), #4617, .F. ) ;
#5191 = EDGE_CURVE ( 'NONE', #6217, #901, #5332, .T. ) ;
#5192 = CARTESIAN_POINT ( 'NONE',  ( 25.57981070893915643, 24.13390457600164041, 22.99603838658271115 ) ) ;
#5193 = CARTESIAN_POINT ( 'NONE',  ( 24.19637454137743404, -27.25730384764579028, 22.79532957556302364 ) ) ;
#5194 = ORIENTED_EDGE ( 'NONE', *, *, #67, .F. ) ;
#5195 = ORIENTED_EDGE ( 'NONE', *, *, #5763, .F. ) ;
#5196 = CARTESIAN_POINT ( 'NONE',  ( 9.757127334645465666, 20.16271390881006909, 21.96359842000000029 ) ) ;
#5197 = ORIENTED_EDGE ( 'NONE', *, *, #2239, .F. ) ;
#5198 = DIRECTION ( 'NONE',  ( -0.000000000000000000, -0.000000000000000000, -1.000000000000000000 ) ) ;
#5199 = DIRECTION ( 'NONE',  ( -0.000000000000000000, -0.000000000000000000, 1.000000000000000000 ) ) ;
#5200 = DIRECTION ( 'NONE',  ( 0.000000000000000000, 0.000000000000000000, -1.000000000000000000 ) ) ;
#5201 = LINE ( 'NONE', #796, #809 ) ;
#5202 = ORIENTED_EDGE ( 'NONE', *, *, #7079, .F. ) ;
#5203 = PLANE ( 'NONE',  #4386 ) ;
#5204 = ADVANCED_FACE ( 'NONE', ( #1398 ), #161, .T. ) ;
#5205 = EDGE_CURVE ( 'NONE', #5377, #4568, #2954, .T. ) ;
#5206 = DIRECTION ( 'NONE',  ( -1.000000000000000000, 0.000000000000000000, -0.000000000000000000 ) ) ;
#5207 = DIRECTION ( 'NONE',  ( 0.000000000000000000, 0.000000000000000000, -1.000000000000000000 ) ) ;
#5208 = CARTESIAN_POINT ( 'NONE',  ( 15.84674818352332260, 12.02291697121184200, 18.40359731999999937 ) ) ;
#5209 = CARTESIAN_POINT ( 'NONE',  ( 24.69849011171107378, 21.53784716418134693, 21.59999800000001002 ) ) ;
#5210 = EDGE_CURVE ( 'NONE', #715, #6619, #2816, .T. ) ;
#5211 = CARTESIAN_POINT ( 'NONE',  ( 31.54477099867147061, 9.487847544181342130, 23.19999800000000079 ) ) ;
#5212 = EDGE_CURVE ( 'NONE', #5314, #4284, #386, .T. ) ;
#5213 = VECTOR ( 'NONE', #2144, 1000.000000000000000 ) ;
#5214 = DIRECTION ( 'NONE',  ( 1.000000000000000000, 0.000000000000000000, 0.000000000000000000 ) ) ;
#5215 = ADVANCED_FACE ( 'NONE', ( #350 ), #7136, .F. ) ;
#5216 = ORIENTED_EDGE ( 'NONE', *, *, #357, .F. ) ;
#5217 = AXIS2_PLACEMENT_3D ( 'NONE', #4212, #1001, #5331 ) ;
#5218 = CARTESIAN_POINT ( 'NONE',  ( 15.84674818352332260, 12.02291697121184200, 18.40359731999999937 ) ) ;
#5219 = CARTESIAN_POINT ( 'NONE',  ( 25.87591770421363435, 24.21091431827368012, 22.99999800000000860 ) ) ;
#5220 = LINE ( 'NONE', #1327, #1822 ) ;
#5221 = VERTEX_POINT ( 'NONE', #4322 ) ;
#5222 = DIRECTION ( 'NONE',  ( 0.000000000000000000, 0.000000000000000000, 1.000000000000000000 ) ) ;
#5223 = ORIENTED_EDGE ( 'NONE', *, *, #4520, .F. ) ;
#5224 = DIRECTION ( 'NONE',  ( -1.000000000000000000, -0.000000000000000000, 0.000000000000000000 ) ) ;
#5225 = CIRCLE ( 'NONE', #3727, 1.000000000000000888 ) ;
#5226 = AXIS2_PLACEMENT_3D ( 'NONE', #2204, #4458, #594 ) ;
#5227 = CARTESIAN_POINT ( 'NONE',  ( 25.56509358758871642, 24.22328119822340398, 22.88699113056334511 ) ) ;
#5228 = CARTESIAN_POINT ( 'NONE',  ( 25.61531719476325719, -27.24583737430884511, 22.90320450246127493 ) ) ;
#5229 = AXIS2_PLACEMENT_3D ( 'NONE', #2092, #2602, #5916 ) ;
#5230 = ORIENTED_EDGE ( 'NONE', *, *, #912, .F. ) ;
#5231 = ORIENTED_EDGE ( 'NONE', *, *, #6316, .F. ) ;
#5232 = LINE ( 'NONE', #691, #4732 ) ;
#5233 = ADVANCED_FACE ( 'NONE', ( #7061 ), #6566, .T. ) ;
#5234 = DIRECTION ( 'NONE',  ( 1.000000000000000000, 0.000000000000000000, 0.000000000000000000 ) ) ;
#5235 = ADVANCED_FACE ( 'NONE', ( #4825 ), #455, .T. ) ;
#5236 = CARTESIAN_POINT ( 'NONE',  ( 2.620011369846676264, -0.08215890177742912748, 3.500841111824923857 ) ) ;
#5237 = ORIENTED_EDGE ( 'NONE', *, *, #5299, .T. ) ;
#5238 = CARTESIAN_POINT ( 'NONE',  ( 8.630438470952363161, 5.206785556416654082, 21.40359731999999937 ) ) ;
#5239 = CARTESIAN_POINT ( 'NONE',  ( 7.630438470952408458, 0.8867855564166542415, 21.40359731999999937 ) ) ;
#5240 = CARTESIAN_POINT ( 'NONE',  ( 36.98149227759007118, -1.512152455818657204, 18.40359731999999937 ) ) ;
#5241 = AXIS2_PLACEMENT_3D ( 'NONE', #2056, #5994, #954 ) ;
#5242 = CARTESIAN_POINT ( 'NONE',  ( 39.64477099867147558, -12.51215245581865609, 21.99999800000000150 ) ) ;
#5243 = CARTESIAN_POINT ( 'NONE',  ( 24.69849011171107378, -1.512152455818657204, 23.19999800000000079 ) ) ;
#5244 = CARTESIAN_POINT ( 'NONE',  ( 14.85349142309807391, -1.524148547166637835, 21.50359731999998658 ) ) ;
#5245 = CYLINDRICAL_SURFACE ( 'NONE', #6300, 0.7999999999999986011 ) ;
#5246 = AXIS2_PLACEMENT_3D ( 'NONE', #4959, #4425, #4315 ) ;
#5247 = CARTESIAN_POINT ( 'NONE',  ( 31.54477099867147061, -12.51215245581865609, 23.19999800000000079 ) ) ;
#5248 = LINE ( 'NONE', #1986, #3410 ) ;
#5249 = VERTEX_POINT ( 'NONE', #4895 ) ;
#5250 = CIRCLE ( 'NONE', #5844, 0.7500000000000006661 ) ;
#5251 = CARTESIAN_POINT ( 'NONE',  ( 30.59477099867147132, -1.512152455818657204, 23.19999800000000079 ) ) ;
#5252 = FACE_OUTER_BOUND ( 'NONE', #852, .T. ) ;
#5253 = LINE ( 'NONE', #6383, #6057 ) ;
#5254 = EDGE_CURVE ( 'NONE', #1296, #1883, #3177, .T. ) ;
#5255 = EDGE_LOOP ( 'NONE', ( #540, #4896, #6730, #6845 ) ) ;
#5256 = ORIENTED_EDGE ( 'NONE', *, *, #6178, .F. ) ;
#5257 = EDGE_CURVE ( 'NONE', #3027, #6361, #3252, .T. ) ;
#5258 = EDGE_LOOP ( 'NONE', ( #5828, #3150, #2743, #4158 ) ) ;
#5259 = LINE ( 'NONE', #239, #4021 ) ;
#5260 = VECTOR ( 'NONE', #2552, 1000.000000000000000 ) ;
#5261 = AXIS2_PLACEMENT_3D ( 'NONE', #4943, #7143, #5489 ) ;
#5262 = VECTOR ( 'NONE', #6183, 1000.000000000000000 ) ;
#5263 = AXIS2_PLACEMENT_3D ( 'NONE', #3513, #1815, #3658 ) ;
#5264 = EDGE_CURVE ( 'NONE', #4829, #2540, #1166, .T. ) ;
#5265 = CARTESIAN_POINT ( 'NONE',  ( 24.24830176328460141, 24.14187324440927540, 22.88215059645793659 ) ) ;
#5266 = LINE ( 'NONE', #5791, #1901 ) ;
#5267 = VECTOR ( 'NONE', #4783, 1000.000000000000000 ) ;
#5268 = ORIENTED_EDGE ( 'NONE', *, *, #3444, .F. ) ;
#5269 = DIRECTION ( 'NONE',  ( -0.000000000000000000, 1.000000000000000000, 0.000000000000000000 ) ) ;
#5270 = ORIENTED_EDGE ( 'NONE', *, *, #1470, .F. ) ;
#5271 = CIRCLE ( 'NONE', #2944, 1.000000000000000888 ) ;
#5272 = DIRECTION ( 'NONE',  ( -0.7071067811865414665, 0.000000000000000000, -0.7071067811865536790 ) ) ;
#5273 = DIRECTION ( 'NONE',  ( 0.000000000000000000, 0.000000000000000000, 1.000000000000000000 ) ) ;
#5274 = ORIENTED_EDGE ( 'NONE', *, *, #1068, .F. ) ;
#5275 = CARTESIAN_POINT ( 'NONE',  ( 11.05349142309807675, -1.113214443582986268, 21.40359731999999937 ) ) ;
#5276 = DIRECTION ( 'NONE',  ( 2.547317879554923032E-16, -1.000000000000000000, 0.000000000000000000 ) ) ;
#5277 = VECTOR ( 'NONE', #2587, 1000.000000000000000 ) ;
#5278 = DIRECTION ( 'NONE',  ( -1.000000000000000000, 0.000000000000000000, 0.000000000000000000 ) ) ;
#5279 = ADVANCED_FACE ( 'NONE', ( #6076 ), #1553, .F. ) ;
#5280 = EDGE_CURVE ( 'NONE', #4056, #6546, #4935, .T. ) ;
#5281 = CARTESIAN_POINT ( 'NONE',  ( 25.63482006291099324, -27.15691561085849770, 23.01392321280248865 ) ) ;
#5282 = DIRECTION ( 'NONE',  ( -0.7071067811865414665, 0.000000000000000000, 0.7071067811865536790 ) ) ;
#5283 = EDGE_CURVE ( 'NONE', #1343, #2500, #4352, .T. ) ;
#5284 = DIRECTION ( 'NONE',  ( 9.934539730264194206E-15, 1.000000000000000000, -0.000000000000000000 ) ) ;
#5285 = DIRECTION ( 'NONE',  ( -1.000000000000000000, 0.000000000000000000, 0.000000000000000000 ) ) ;
#5286 = CARTESIAN_POINT ( 'NONE',  ( 41.59477099867147132, -1.512152455818657204, 22.99999799999999794 ) ) ;
#5287 = CARTESIAN_POINT ( 'NONE',  ( 32.20649282690607862, 12.22185072041135889, 18.40359731999999937 ) ) ;
#5288 = ORIENTED_EDGE ( 'NONE', *, *, #1609, .F. ) ;
#5289 = VECTOR ( 'NONE', #6865, 1000.000000000000000 ) ;
#5290 = DIRECTION ( 'NONE',  ( 0.000000000000000000, 1.000000000000000000, 0.000000000000000000 ) ) ;
#5291 = DIRECTION ( 'NONE',  ( 0.000000000000000000, 0.000000000000000000, -1.000000000000000000 ) ) ;
#5292 = CARTESIAN_POINT ( 'NONE',  ( 32.33349227759008215, -15.01615056132663995, 19.20359732000000008 ) ) ;
#5293 = ORIENTED_EDGE ( 'NONE', *, *, #7097, .F. ) ;
#5294 = ORIENTED_EDGE ( 'NONE', *, *, #684, .F. ) ;
#5295 = VECTOR ( 'NONE', #4968, 1000.000000000000000 ) ;
#5296 = CARTESIAN_POINT ( 'NONE',  ( 10.23043847095199865, -10.57321444358334794, 21.40359731999999937 ) ) ;
#5297 = ORIENTED_EDGE ( 'NONE', *, *, #6153, .F. ) ;
#5298 = AXIS2_PLACEMENT_3D ( 'NONE', #2377, #2929, #1824 ) ;
#5299 = EDGE_CURVE ( 'NONE', #2540, #1746, #6525, .T. ) ;
#5300 = EDGE_CURVE ( 'NONE', #6254, #5431, #7210, .T. ) ;
#5301 = AXIS2_PLACEMENT_3D ( 'NONE', #6210, #5580, #4958 ) ;
#5302 = CARTESIAN_POINT ( 'NONE',  ( 24.57268346589865260, 24.14430901168431021, 22.84507791012853062 ) ) ;
#5303 = CARTESIAN_POINT ( 'NONE',  ( 25.19743178409739315, -27.25736633788837793, 22.79473077323906693 ) ) ;
#5304 = ORIENTED_EDGE ( 'NONE', *, *, #5986, .T. ) ;
#5305 = VECTOR ( 'NONE', #5326, 1000.000000000000000 ) ;
#5306 = ORIENTED_EDGE ( 'NONE', *, *, #3412, .F. ) ;
#5307 = AXIS2_PLACEMENT_3D ( 'NONE', #2891, #5050, #23 ) ;
#5308 = ORIENTED_EDGE ( 'NONE', *, *, #229, .T. ) ;
#5309 = ORIENTED_EDGE ( 'NONE', *, *, #5130, .T. ) ;
#5310 = ADVANCED_FACE ( 'NONE', ( #2142 ), #1476, .F. ) ;
#5311 = AXIS2_PLACEMENT_3D ( 'NONE', #4698, #4735, #107 ) ;
#5312 = EDGE_CURVE ( 'NONE', #2666, #2649, #999, .T. ) ;
#5313 = CYLINDRICAL_SURFACE ( 'NONE', #6012, 1.000000000000000888 ) ;
#5314 = VERTEX_POINT ( 'NONE', #4858 ) ;
#5315 = CARTESIAN_POINT ( 'NONE',  ( 11.28901711471469405, 7.465185902403217000, 18.40359731999999937 ) ) ;
#5316 = CARTESIAN_POINT ( 'NONE',  ( 25.67430542458560794, -27.24366122499818843, 22.92327204384162087 ) ) ;
#5317 = EDGE_LOOP ( 'NONE', ( #6880, #2289, #1473, #3866 ) ) ;
#5318 = LINE ( 'NONE', #407, #5711 ) ;
#5319 = DIRECTION ( 'NONE',  ( -0.9999999998448927396, -1.761290502795952664E-05, 0.000000000000000000 ) ) ;
#5320 = CARTESIAN_POINT ( 'NONE',  ( 32.29477099867147416, -12.51215245581865609, 21.99999800000000150 ) ) ;
#5321 = CARTESIAN_POINT ( 'NONE',  ( 25.72543640292084177, -27.15438570406806207, 23.04792286568126514 ) ) ;
#5322 = DIRECTION ( 'NONE',  ( 0.000000000000000000, 0.000000000000000000, 1.000000000000000000 ) ) ;
#5323 = CYLINDRICAL_SURFACE ( 'NONE', #4422, 1.580000000000001625 ) ;
#5324 = CARTESIAN_POINT ( 'NONE',  ( 15.84674818352332970, 14.14423731477149637, 40.75345354922610142 ) ) ;
#5325 = EDGE_CURVE ( 'NONE', #3182, #124, #2539, .T. ) ;
#5326 = DIRECTION ( 'NONE',  ( -0.7071067811865414665, 0.000000000000000000, -0.7071067811865536790 ) ) ;
#5327 = DIRECTION ( 'NONE',  ( 0.000000000000000000, 0.000000000000000000, -1.000000000000000000 ) ) ;
#5329 = EDGE_LOOP ( 'NONE', ( #5294, #3792, #5857, #1620, #1175, #4628 ) ) ;
#5328 = AXIS2_PLACEMENT_3D ( 'NONE', #4711, #4206, #5772 ) ;
#5330 = EDGE_CURVE ( 'NONE', #2290, #277, #3836, .T. ) ;
#5331 = DIRECTION ( 'NONE',  ( 1.000000000000000000, 0.000000000000000000, 0.000000000000000000 ) ) ;
#5332 = LINE ( 'NONE', #6448, #6224 ) ;
#5333 = ORIENTED_EDGE ( 'NONE', *, *, #1769, .F. ) ;
#5334 = CARTESIAN_POINT ( 'NONE',  ( 26.89477099867147203, -1.512152455818657648, 21.99999800000000150 ) ) ;
#5335 = ORIENTED_EDGE ( 'NONE', *, *, #2397, .F. ) ;
#5336 = CIRCLE ( 'NONE', #3354, 1.000000000000000888 ) ;
#5337 =( LENGTH_UNIT ( ) NAMED_UNIT ( * ) SI_UNIT ( .MILLI., .METRE. ) );
#5338 = ORIENTED_EDGE ( 'NONE', *, *, #3947, .F. ) ;
#5339 = ORIENTED_EDGE ( 'NONE', *, *, #1652, .T. ) ;
#5340 = CARTESIAN_POINT ( 'NONE',  ( -0.9246057082889275192, -15.01615056132663817, 19.20359732000000008 ) ) ;
#5341 = AXIS2_PLACEMENT_3D ( 'NONE', #3886, #5593, #1146 ) ;
#5342 = CIRCLE ( 'NONE', #877, 0.9499999999999925171 ) ;
#5343 = CARTESIAN_POINT ( 'NONE',  ( 26.05949410864507598, 0.4268492555683537915, 19.20359732000000008 ) ) ;
#5344 = DIRECTION ( 'NONE',  ( 1.000000000000000000, 0.000000000000000000, 0.000000000000000000 ) ) ;
#5345 = DIRECTION ( 'NONE',  ( 1.000000000000000000, 0.000000000000000000, 0.000000000000000000 ) ) ;
#5346 = AXIS2_PLACEMENT_3D ( 'NONE', #6261, #1214, #2912 ) ;
#5347 = ORIENTED_EDGE ( 'NONE', *, *, #789, .T. ) ;
#5348 = ORIENTED_EDGE ( 'NONE', *, *, #3713, .F. ) ;
#5349 = EDGE_CURVE ( 'NONE', #5785, #6254, #5635, .T. ) ;
#5350 = EDGE_LOOP ( 'NONE', ( #6322, #3491 ) ) ;
#5351 = ORIENTED_EDGE ( 'NONE', *, *, #6956, .T. ) ;
#5352 = DIRECTION ( 'NONE',  ( 0.000000000000000000, 0.000000000000000000, 1.000000000000000000 ) ) ;
#5353 = VERTEX_POINT ( 'NONE', #2765 ) ;
#5354 = FACE_OUTER_BOUND ( 'NONE', #4281, .T. ) ;
#5355 = CIRCLE ( 'NONE', #6186, 1.000000000000000888 ) ;
#5356 = CARTESIAN_POINT ( 'NONE',  ( 24.15843095073519464, -27.25657220391817148, 22.80234321397722752 ) ) ;
#5357 = ORIENTED_EDGE ( 'NONE', *, *, #293, .T. ) ;
#5358 = CARTESIAN_POINT ( 'NONE',  ( 16.43349142309807576, -1.524148547166637835, 16.93468246290101575 ) ) ;
#5359 = EDGE_CURVE ( 'NONE', #1736, #1481, #4540, .T. ) ;
#5360 = CYLINDRICAL_SURFACE ( 'NONE', #6460, 1.520000000000000462 ) ;
#5361 = CIRCLE ( 'NONE', #2904, 0.7999999999999986011 ) ;
#5362 = CARTESIAN_POINT ( 'NONE',  ( 44.85549337622308030, 7.319848523146363029, 19.20359732000000008 ) ) ;
#5363 = CARTESIAN_POINT ( 'NONE',  ( 36.98149227759007118, -9.733150561326645800, 18.40359731999999937 ) ) ;
#5364 = ADVANCED_FACE ( 'NONE', ( #638 ), #5595, .T. ) ;
#5365 = LINE ( 'NONE', #4451, #6297 ) ;
#5366 = FACE_OUTER_BOUND ( 'NONE', #1193, .T. ) ;
#5367 = PLANE ( 'NONE',  #549 ) ;
#5368 = EDGE_LOOP ( 'NONE', ( #3991, #6851, #7027, #400, #958, #645, #3550, #5618 ) ) ;
#5369 = FACE_OUTER_BOUND ( 'NONE', #943, .T. ) ;
#5370 = CARTESIAN_POINT ( 'NONE',  ( 29.59477099867147132, -1.512152455818658092, 22.99999799999999794 ) ) ;
#5371 = ORIENTED_EDGE ( 'NONE', *, *, #93, .T. ) ;
#5372 = LINE ( 'NONE', #418, #4188 ) ;
#5373 = AXIS2_PLACEMENT_3D ( 'NONE', #5242, #3571, #6932 ) ;
#5374 = CARTESIAN_POINT ( 'NONE',  ( 45.04477099867147416, -12.51215245581865609, 22.99999799999999794 ) ) ;
#5375 = VERTEX_POINT ( 'NONE', #5112 ) ;
#5376 = CARTESIAN_POINT ( 'NONE',  ( 9.630438470952455532, -3.563214443583345492, 22.99999800000000505 ) ) ;
#5377 = VERTEX_POINT ( 'NONE', #2803 ) ;
#5378 = FACE_OUTER_BOUND ( 'NONE', #3824, .T. ) ;
#5379 = EDGE_LOOP ( 'NONE', ( #3439, #946, #5820, #1640 ) ) ;
#5380 = DIRECTION ( 'NONE',  ( 0.000000000000000000, -0.000000000000000000, 1.000000000000000000 ) ) ;
#5381 = CONICAL_SURFACE ( 'NONE', #3395, 1.000000000000000888, 0.7853981633974553844 ) ;
#5382 = DIRECTION ( 'NONE',  ( 1.000000000000000000, 0.000000000000000000, 0.000000000000000000 ) ) ;
#5383 = EDGE_CURVE ( 'NONE', #6391, #6737, #1147, .T. ) ;
#5384 = CARTESIAN_POINT ( 'NONE',  ( 24.69849011171107378, -24.56215207581864135, 96.03199646221435160 ) ) ;
#5385 = DIRECTION ( 'NONE',  ( 0.000000000000000000, 0.000000000000000000, -1.000000000000000000 ) ) ;
#5386 = AXIS2_PLACEMENT_3D ( 'NONE', #5121, #5012, #4585 ) ;
#5387 = ORIENTED_EDGE ( 'NONE', *, *, #1626, .F. ) ;
#5388 = DIRECTION ( 'NONE',  ( -1.000000000000000000, 0.000000000000000000, 0.000000000000000000 ) ) ;
#5389 = ORIENTED_EDGE ( 'NONE', *, *, #4000, .T. ) ;
#5390 = CARTESIAN_POINT ( 'NONE',  ( 24.69849011171107378, 3.675851452833362565, 18.40359731999999937 ) ) ;
#5391 = VECTOR ( 'NONE', #1212, 1000.000000000000000 ) ;
#5392 = CARTESIAN_POINT ( 'NONE',  ( 25.56112996858648145, -27.24771934862792833, 22.88575188753187106 ) ) ;
#5393 = ORIENTED_EDGE ( 'NONE', *, *, #7150, .T. ) ;
#5394 = CARTESIAN_POINT ( 'NONE',  ( 38.89477099867147558, -12.51215245581865609, 21.99999800000000150 ) ) ;
#5395 = FACE_BOUND ( 'NONE', #3743, .T. ) ;
#5396 = DIRECTION ( 'NONE',  ( -0.7071067811865536790, 0.000000000000000000, -0.7071067811865414665 ) ) ;
#5397 = ADVANCED_FACE ( 'NONE', ( #87 ), #1215, .T. ) ;
#5398 = CARTESIAN_POINT ( 'NONE',  ( 34.24477099867146990, 9.487847544181342130, 21.99999800000000150 ) ) ;
#5399 = EDGE_CURVE ( 'NONE', #3936, #2601, #403, .T. ) ;
#5400 = FACE_OUTER_BOUND ( 'NONE', #4050, .T. ) ;
#5401 = DIRECTION ( 'NONE',  ( 0.6585046078685198312, 0.000000000000000000, 0.7525766947068762702 ) ) ;
#5402 = CIRCLE ( 'NONE', #245, 0.7499999999999937828 ) ;
#5403 = DIRECTION ( 'NONE',  ( 0.7114425483935481465, -0.7027442638224048466, 0.000000000000000000 ) ) ;
#5404 = LINE ( 'NONE', #381, #5544 ) ;
#5405 = EDGE_CURVE ( 'NONE', #2717, #1401, #6113, .T. ) ;
#5406 = LINE ( 'NONE', #4934, #883 ) ;
#5407 = CARTESIAN_POINT ( 'NONE',  ( 25.05949410864506532, -3.967150744431636955, 19.20359732000000008 ) ) ;
#5408 = EDGE_CURVE ( 'NONE', #4838, #6462, #4436, .T. ) ;
#5409 = ORIENTED_EDGE ( 'NONE', *, *, #888, .T. ) ;
#5410 = DIRECTION ( 'NONE',  ( -0.000000000000000000, -0.000000000000000000, 1.000000000000000000 ) ) ;
#5411 = VERTEX_POINT ( 'NONE', #604 ) ;
#5412 = DIRECTION ( 'NONE',  ( 0.000000000000000000, 0.000000000000000000, -1.000000000000000000 ) ) ;
#5413 = ORIENTED_EDGE ( 'NONE', *, *, #1047, .T. ) ;
#5414 = DIRECTION ( 'NONE',  ( -0.000000000000000000, -0.000000000000000000, 1.000000000000000000 ) ) ;
#5415 = CARTESIAN_POINT ( 'NONE',  ( 7.030438470952641516, -9.573214443583347943, 18.40359731999999937 ) ) ;
#5416 = AXIS2_PLACEMENT_3D ( 'NONE', #1480, #354, #2112 ) ;
#5417 = ORIENTED_EDGE ( 'NONE', *, *, #5673, .T. ) ;
#5418 = DIRECTION ( 'NONE',  ( 0.000000000000000000, 0.000000000000000000, 1.000000000000000000 ) ) ;
#5419 = CARTESIAN_POINT ( 'NONE',  ( 45.94148988936080968, -16.17526323817044442, 8.999997999999999720 ) ) ;
#5420 = AXIS2_PLACEMENT_3D ( 'NONE', #1283, #5526, #1837 ) ;
#5421 = ORIENTED_EDGE ( 'NONE', *, *, #1089, .T. ) ;
#5422 = EDGE_LOOP ( 'NONE', ( #5425, #1702, #7176, #5597 ) ) ;
#5423 = ORIENTED_EDGE ( 'NONE', *, *, #1287, .F. ) ;
#5424 = CONICAL_SURFACE ( 'NONE', #6860, 0.7499999999999972244, 0.7853981633974354004 ) ;
#5425 = ORIENTED_EDGE ( 'NONE', *, *, #431, .T. ) ;
#5426 = VECTOR ( 'NONE', #4463, 1000.000000000000000 ) ;
#5427 = ORIENTED_EDGE ( 'NONE', *, *, #2690, .F. ) ;
#5428 = CARTESIAN_POINT ( 'NONE',  ( 35.98149227759006408, -15.01615056132663817, 19.20359732000000008 ) ) ;
#5429 = CARTESIAN_POINT ( 'NONE',  ( 23.21126397321802415, -27.21923580772757489, 23.14079210162954325 ) ) ;
#5431 = VERTEX_POINT ( 'NONE', #2842 ) ;
#5430 = CIRCLE ( 'NONE', #1678, 0.05000000000000143219 ) ;
#5432 = CARTESIAN_POINT ( 'NONE',  ( 9.830438470952454821, -3.563214443583345492, 23.19999800000000079 ) ) ;
#5433 = LINE ( 'NONE', #2525, #938 ) ;
#5434 = DIRECTION ( 'NONE',  ( 0.000000000000000000, 0.000000000000000000, 1.000000000000000000 ) ) ;
#5435 = DIRECTION ( 'NONE',  ( 1.000000000000000000, 0.000000000000000000, 0.000000000000000000 ) ) ;
#5436 = VECTOR ( 'NONE', #6798, 1000.000000000000000 ) ;
#5437 = DIRECTION ( 'NONE',  ( 1.000000000000000000, 0.000000000000000000, 0.000000000000000000 ) ) ;
#5438 = CYLINDRICAL_SURFACE ( 'NONE', #3000, 1.000000000000000888 ) ;
#5439 = ORIENTED_EDGE ( 'NONE', *, *, #4468, .T. ) ;
#5440 = DIRECTION ( 'NONE',  ( -0.000000000000000000, -0.000000000000000000, -1.000000000000000000 ) ) ;
#5441 = EDGE_CURVE ( 'NONE', #4136, #317, #2287, .T. ) ;
#5442 = EDGE_CURVE ( 'NONE', #1433, #1414, #6555, .T. ) ;
#5443 = DIRECTION ( 'NONE',  ( 0.000000000000000000, 0.000000000000000000, -1.000000000000000000 ) ) ;
#5444 = LINE ( 'NONE', #3250, #4647 ) ;
#5445 = CARTESIAN_POINT ( 'NONE',  ( 25.05949410864507243, -2.967150744431636955, 19.20359732000000008 ) ) ;
#5446 = ORIENTED_EDGE ( 'NONE', *, *, #772, .T. ) ;
#5447 = DIRECTION ( 'NONE',  ( 0.000000000000000000, 0.000000000000000000, 1.000000000000000000 ) ) ;
#5448 = EDGE_LOOP ( 'NONE', ( #4198, #1929, #2333, #4364 ) ) ;
#5449 = ORIENTED_EDGE ( 'NONE', *, *, #5756, .F. ) ;
#5450 = ADVANCED_FACE ( 'NONE', ( #6263 ), #490, .F. ) ;
#5451 = CYLINDRICAL_SURFACE ( 'NONE', #1424, 1.000000000000000888 ) ;
#5452 = EDGE_CURVE ( 'NONE', #3740, #6876, #5074, .T. ) ;
#5453 = ORIENTED_EDGE ( 'NONE', *, *, #4285, .F. ) ;
#5454 = DIRECTION ( 'NONE',  ( 1.000000000000000000, 0.000000000000000000, 0.000000000000000000 ) ) ;
#5455 = EDGE_LOOP ( 'NONE', ( #3322, #1718, #552, #3576 ) ) ;
#5456 = CARTESIAN_POINT ( 'NONE',  ( 25.19477099867147274, -12.51215245581865609, 23.19999800000000079 ) ) ;
#5457 = ORIENTED_EDGE ( 'NONE', *, *, #3436, .T. ) ;
#5458 = DIRECTION ( 'NONE',  ( 0.000000000000000000, 0.000000000000000000, 1.000000000000000000 ) ) ;
#5459 = VECTOR ( 'NONE', #7011, 1000.000000000000000 ) ;
#5460 = LINE ( 'NONE', #2592, #6145 ) ;
#5461 = VERTEX_POINT ( 'NONE', #6228 ) ;
#5462 = AXIS2_PLACEMENT_3D ( 'NONE', #695, #5164, #141 ) ;
#5463 = EDGE_LOOP ( 'NONE', ( #2875, #2696, #1494, #6613 ) ) ;
#5464 = ORIENTED_EDGE ( 'NONE', *, *, #2501, .T. ) ;
#5465 = PLANE ( 'NONE',  #6090 ) ;
#5466 = CONICAL_SURFACE ( 'NONE', #2178, 1.000000000000000888, 0.7853981633974553844 ) ;
#5467 = VECTOR ( 'NONE', #1072, 1000.000000000000000 ) ;
#5468 = CARTESIAN_POINT ( 'NONE',  ( 23.45244577695000032, -27.23206144882636792, 23.02834905205009619 ) ) ;
#5469 = ORIENTED_EDGE ( 'NONE', *, *, #3973, .T. ) ;
#5470 = DIRECTION ( 'NONE',  ( -1.000000000000000000, 0.000000000000000000, 0.000000000000000000 ) ) ;
#5471 = EDGE_CURVE ( 'NONE', #4918, #5221, #904, .T. ) ;
#5472 = CARTESIAN_POINT ( 'NONE',  ( 8.882623226170037967, 7.206785556416294369, 18.40359731999999937 ) ) ;
#5473 = AXIS2_PLACEMENT_3D ( 'NONE', #3844, #1582, #2759 ) ;
#5474 = DIRECTION ( 'NONE',  ( 0.000000000000000000, 0.000000000000000000, 1.000000000000000000 ) ) ;
#5475 = ADVANCED_FACE ( 'NONE', ( #6686 ), #6805, .F. ) ;
#5476 = DIRECTION ( 'NONE',  ( 0.000000000000000000, 0.000000000000000000, -1.000000000000000000 ) ) ;
#5477 = CARTESIAN_POINT ( 'NONE',  ( 11.23043847095200576, -1.512152455818657204, 31.63375372154084175 ) ) ;
#5478 = VERTEX_POINT ( 'NONE', #7247 ) ;
#5479 = PRODUCT_DEFINITION_FORMATION_WITH_SPECIFIED_SOURCE ( '»Œ∫Œ', '', #5682, .NOT_KNOWN. ) ;
#5480 = LINE ( 'NONE', #6644, #115 ) ;
#5481 = DIRECTION ( 'NONE',  ( -0.000000000000000000, -0.000000000000000000, -1.000000000000000000 ) ) ;
#5482 = CARTESIAN_POINT ( 'NONE',  ( 9.630438470952407570, 0.8867855564166541305, 22.99999800000000505 ) ) ;
#5483 = CARTESIAN_POINT ( 'NONE',  ( 15.84674818352332260, 12.02291697121184200, 40.75345354922610142 ) ) ;
#5484 = DIRECTION ( 'NONE',  ( 1.000000000000000000, 0.000000000000000000, 0.000000000000000000 ) ) ;
#5485 = ORIENTED_EDGE ( 'NONE', *, *, #2548, .F. ) ;
#5486 = ORIENTED_EDGE ( 'NONE', *, *, #4932, .F. ) ;
#5487 = DIRECTION ( 'NONE',  ( -1.000000000000000000, 1.761828530288947861E-15, 0.000000000000000000 ) ) ;
#5488 = ORIENTED_EDGE ( 'NONE', *, *, #2079, .T. ) ;
#5489 = DIRECTION ( 'NONE',  ( 1.000000000000000000, 0.000000000000000000, 0.000000000000000000 ) ) ;
#5490 = DIRECTION ( 'NONE',  ( -0.7071067811865536790, 0.000000000000000000, -0.7071067811865414665 ) ) ;
#5491 = CIRCLE ( 'NONE', #5373, 0.7500000000000006661 ) ;
#5492 = EDGE_CURVE ( 'NONE', #4215, #974, #2179, .T. ) ;
#5493 = VERTEX_POINT ( 'NONE', #6721 ) ;
#5494 = DIRECTION ( 'NONE',  ( 0.000000000000000000, 0.000000000000000000, -1.000000000000000000 ) ) ;
#5495 = EDGE_CURVE ( 'NONE', #5411, #1337, #6149, .T. ) ;
#5496 = CARTESIAN_POINT ( 'NONE',  ( 26.21849011171107335, -24.56215207581864135, 21.59999800000001002 ) ) ;
#5497 = EDGE_LOOP ( 'NONE', ( #710, #4899, #4323, #4702 ) ) ;
#5498 = AXIS2_PLACEMENT_3D ( 'NONE', #4127, #6429, #5868 ) ;
#5499 = EDGE_CURVE ( 'NONE', #79, #6763, #4755, .T. ) ;
#5500 = DIRECTION ( 'NONE',  ( -0.7071067811865414665, 0.000000000000000000, 0.7071067811865536790 ) ) ;
#5501 = AXIS2_PLACEMENT_3D ( 'NONE', #2155, #2705, #1603 ) ;
#5502 = LINE ( 'NONE', #1980, #2653 ) ;
#5503 = CARTESIAN_POINT ( 'NONE',  ( 23.49676912083471692, -27.14863197264979178, 23.12168238538273002 ) ) ;
#5504 = VERTEX_POINT ( 'NONE', #4165 ) ;
#5505 = CYLINDRICAL_SURFACE ( 'NONE', #193, 2.550000000000000266 ) ;
#5506 = LINE ( 'NONE', #6597, #4270 ) ;
#5507 = AXIS2_PLACEMENT_3D ( 'NONE', #5151, #2468, #2953 ) ;
#5508 = AXIS2_PLACEMENT_3D ( 'NONE', #4, #1173, #3955 ) ;
#5509 = CARTESIAN_POINT ( 'NONE',  ( 39.64477099867147558, -12.51215245581865609, 21.99999800000000150 ) ) ;
#5510 = CARTESIAN_POINT ( 'NONE',  ( 47.42691165029101796, -2.876045503313417129, 18.40359731999999937 ) ) ;
#5511 = CARTESIAN_POINT ( 'NONE',  ( 24.08461705922808704, 24.13948506084807377, 22.91736645212317924 ) ) ;
#5512 = ORIENTED_EDGE ( 'NONE', *, *, #1268, .T. ) ;
#5513 = ORIENTED_EDGE ( 'NONE', *, *, #2688, .F. ) ;
#5514 = CARTESIAN_POINT ( 'NONE',  ( 34.24477099867146990, -12.51215245581865609, 23.19999800000000079 ) ) ;
#5515 = VERTEX_POINT ( 'NONE', #5208 ) ;
#5516 = FACE_OUTER_BOUND ( 'NONE', #6881, .T. ) ;
#5517 = ADVANCED_FACE ( 'NONE', ( #222 ), #1320, .F. ) ;
#5518 = AXIS2_PLACEMENT_3D ( 'NONE', #6916, #5380, #4182 ) ;
#5519 = DIRECTION ( 'NONE',  ( -0.7071067811865525687, 8.659560562354995721E-17, 0.7071067811865425767 ) ) ;
#5520 = CARTESIAN_POINT ( 'NONE',  ( 28.84477099867147487, -12.51215245581865609, 23.19999800000000079 ) ) ;
#5521 = CARTESIAN_POINT ( 'NONE',  ( 36.94477099867147274, -12.51215245581865609, 21.99999800000000150 ) ) ;
#5522 = ORIENTED_EDGE ( 'NONE', *, *, #3948, .F. ) ;
#5523 = ORIENTED_EDGE ( 'NONE', *, *, #6442, .F. ) ;
#5524 = CARTESIAN_POINT ( 'NONE',  ( 8.630438470952455532, -3.563214443583345492, 8.998998000000000275 ) ) ;
#5525 = DIRECTION ( 'NONE',  ( -1.000000000000000000, -0.000000000000000000, 0.000000000000000000 ) ) ;
#5526 = DIRECTION ( 'NONE',  ( -0.000000000000000000, -0.000000000000000000, -1.000000000000000000 ) ) ;
#5527 = ORIENTED_EDGE ( 'NONE', *, *, #525, .T. ) ;
#5528 = DIRECTION ( 'NONE',  ( 1.000000000000000000, 0.000000000000000000, 0.000000000000000000 ) ) ;
#5529 = CARTESIAN_POINT ( 'NONE',  ( 23.90323533533701195, -27.24988098163075634, 22.86557484156881515 ) ) ;
#5530 = ORIENTED_EDGE ( 'NONE', *, *, #4171, .T. ) ;
#5531 = EDGE_CURVE ( 'NONE', #4459, #7035, #4068, .T. ) ;
#5532 = ADVANCED_FACE ( 'NONE', ( #2427 ), #6374, .F. ) ;
#5533 = ORIENTED_EDGE ( 'NONE', *, *, #3165, .F. ) ;
#5534 = VECTOR ( 'NONE', #6578, 1000.000000000000000 ) ;
#5535 = LINE ( 'NONE', #2159, #6929 ) ;
#5536 = DIRECTION ( 'NONE',  ( 1.000000000000000000, 0.000000000000000000, 0.000000000000000000 ) ) ;
#5537 = EDGE_CURVE ( 'NONE', #7052, #974, #672, .T. ) ;
#5538 = EDGE_CURVE ( 'NONE', #2049, #1296, #2404, .T. ) ;
#5539 = CIRCLE ( 'NONE', #6370, 2.919999999999999041 ) ;
#5540 = CARTESIAN_POINT ( 'NONE',  ( 26.13544641639282062, -27.13932589076654622, 23.23457458857064850 ) ) ;
#5541 = ORIENTED_EDGE ( 'NONE', *, *, #4582, .T. ) ;
#5542 = DIRECTION ( 'NONE',  ( 0.000000000000000000, 0.000000000000000000, -1.000000000000000000 ) ) ;
#5543 = EDGE_CURVE ( 'NONE', #4722, #4136, #2515, .T. ) ;
#5544 = VECTOR ( 'NONE', #7132, 1000.000000000000000 ) ;
#5545 = LINE ( 'NONE', #2830, #6025 ) ;
#5546 = CONICAL_SURFACE ( 'NONE', #32, 1.000000000000000888, 0.7853981633974559395 ) ;
#5547 = VECTOR ( 'NONE', #4626, 1000.000000000000000 ) ;
#5548 = FACE_OUTER_BOUND ( 'NONE', #1935, .T. ) ;
#5549 = CARTESIAN_POINT ( 'NONE',  ( 19.87849142309807604, -1.524148547166637835, 21.40359731999999937 ) ) ;
#5550 = CARTESIAN_POINT ( 'NONE',  ( 25.45271716436051435, 24.13694301419900157, 22.95410674221475489 ) ) ;
#5551 = ORIENTED_EDGE ( 'NONE', *, *, #2977, .F. ) ;
#5552 = CONICAL_SURFACE ( 'NONE', #1900, 0.7500000000000006661, 0.7853981633974396193 ) ;
#5553 = CARTESIAN_POINT ( 'NONE',  ( 29.79477099867147061, -12.51215245581865609, 23.19999800000000079 ) ) ;
#5554 = ORIENTED_EDGE ( 'NONE', *, *, #6639, .T. ) ;
#5555 = DIRECTION ( 'NONE',  ( 0.000000000000000000, 1.000000000000000000, 0.000000000000000000 ) ) ;
#5556 = EDGE_CURVE ( 'NONE', #2952, #4948, #704, .T. ) ;
#5557 = LINE ( 'NONE', #5003, #3595 ) ;
#5558 = DIRECTION ( 'NONE',  ( -1.000000000000000000, 3.154042683594195121E-16, 0.000000000000000000 ) ) ;
#5559 = CARTESIAN_POINT ( 'NONE',  ( 6.299298655982339845, 16.66208562381279279, 23.19999800000000079 ) ) ;
#5560 = VERTEX_POINT ( 'NONE', #260 ) ;
#5561 = ORIENTED_EDGE ( 'NONE', *, *, #3608, .F. ) ;
#5562 = DIRECTION ( 'NONE',  ( 1.000000000000000000, 0.000000000000000000, 0.000000000000000000 ) ) ;
#5563 = CARTESIAN_POINT ( 'NONE',  ( 45.04477099867147416, 9.487847544181342130, 22.99999799999999794 ) ) ;
#5564 = VERTEX_POINT ( 'NONE', #4745 ) ;
#5565 = LINE ( 'NONE', #534, #6739 ) ;
#5566 = ORIENTED_EDGE ( 'NONE', *, *, #287, .F. ) ;
#5567 = CARTESIAN_POINT ( 'NONE',  ( 34.99477099867146990, -1.512152455818657204, 21.99999800000000150 ) ) ;
#5568 = FACE_BOUND ( 'NONE', #7112, .T. ) ;
#5569 = ORIENTED_EDGE ( 'NONE', *, *, #7125, .T. ) ;
#5570 = CARTESIAN_POINT ( 'NONE',  ( 24.69849011171107378, -24.56215207581864135, 96.03199646221435160 ) ) ;
#5571 = ORIENTED_EDGE ( 'NONE', *, *, #3094, .T. ) ;
#5572 = AXIS2_PLACEMENT_3D ( 'NONE', #1805, #5143, #3051 ) ;
#5573 = CYLINDRICAL_SURFACE ( 'NONE', #2340, 0.9999999999999991118 ) ;
#5574 = CARTESIAN_POINT ( 'NONE',  ( 18.87849142309807604, -1.524148547166637835, 18.57517019525380420 ) ) ;
#5575 = ADVANCED_FACE ( 'NONE', ( #1353 ), #5841, .F. ) ;
#5576 = CARTESIAN_POINT ( 'NONE',  ( 24.17904230212553074, -27.16527240963800693, 22.89567654730976543 ) ) ;
#5577 = VERTEX_POINT ( 'NONE', #4606 ) ;
#5578 = CYLINDRICAL_SURFACE ( 'NONE', #86, 25.74999999999999289 ) ;
#5579 = CIRCLE ( 'NONE', #2407, 1.500000000000001332 ) ;
#5580 = DIRECTION ( 'NONE',  ( 0.000000000000000000, 0.000000000000000000, -1.000000000000000000 ) ) ;
#5581 = VECTOR ( 'NONE', #3319, 1000.000000000000000 ) ;
#5582 = CARTESIAN_POINT ( 'NONE',  ( 40.20749282690607629, -14.01615056132663995, 19.20359732000000008 ) ) ;
#5583 = ADVANCED_FACE ( 'NONE', ( #1285 ), #6868, .F. ) ;
#5584 = EDGE_CURVE ( 'NONE', #1196, #4187, #532, .T. ) ;
#5585 = CARTESIAN_POINT ( 'NONE',  ( 6.030438470952720564, 4.406785556417021077, 31.63375372154084175 ) ) ;
#5586 = CARTESIAN_POINT ( 'NONE',  ( 44.09477099867147842, 9.487847544181342130, 23.19999800000000079 ) ) ;
#5587 = EDGE_LOOP ( 'NONE', ( #3845, #3933, #935, #6573 ) ) ;
#5588 = AXIS2_PLACEMENT_3D ( 'NONE', #6131, #1575, #2160 ) ;
#5589 = DIRECTION ( 'NONE',  ( -1.000000000000000000, 0.000000000000000000, 0.000000000000000000 ) ) ;
#5590 = CONICAL_SURFACE ( 'NONE', #1717, 0.7500000000000006661, 0.7853981633974396193 ) ;
#5591 = CYLINDRICAL_SURFACE ( 'NONE', #2607, 1.000000000000000888 ) ;
#5592 = EDGE_CURVE ( 'NONE', #1272, #6321, #6887, .T. ) ;
#5593 = DIRECTION ( 'NONE',  ( 0.000000000000000000, 0.000000000000000000, -1.000000000000000000 ) ) ;
#5594 = VECTOR ( 'NONE', #3838, 1000.000000000000000 ) ;
#5595 = PLANE ( 'NONE',  #3468 ) ;
#5596 = DIRECTION ( 'NONE',  ( -0.000000000000000000, -0.000000000000000000, -1.000000000000000000 ) ) ;
#5597 = ORIENTED_EDGE ( 'NONE', *, *, #3417, .F. ) ;
#5598 = EDGE_LOOP ( 'NONE', ( #6019, #5554, #6960, #2145 ) ) ;
#5599 = CARTESIAN_POINT ( 'NONE',  ( 34.99477099867146990, 9.487847544181342130, 21.99999800000000150 ) ) ;
#5600 = ADVANCED_FACE ( 'NONE', ( #154 ), #1873, .F. ) ;
#5601 = DIRECTION ( 'NONE',  ( -0.000000000000000000, -0.000000000000000000, 1.000000000000000000 ) ) ;
#5602 = ORIENTED_EDGE ( 'NONE', *, *, #813, .T. ) ;
#5603 = CARTESIAN_POINT ( 'NONE',  ( 24.69852557516731295, -3.525645186030855971, 18.40359731999999937 ) ) ;
#5604 = VECTOR ( 'NONE', #527, 1000.000000000000000 ) ;
#5605 = VERTEX_POINT ( 'NONE', #4639 ) ;
#5606 = FACE_OUTER_BOUND ( 'NONE', #3625, .T. ) ;
#5607 = DIRECTION ( 'NONE',  ( 1.000000000000000000, 0.000000000000000000, 0.000000000000000000 ) ) ;
#5608 = ORIENTED_EDGE ( 'NONE', *, *, #1583, .T. ) ;
#5609 = DIRECTION ( 'NONE',  ( -0.000000000000000000, -0.000000000000000000, 1.000000000000000000 ) ) ;
#5610 = ORIENTED_EDGE ( 'NONE', *, *, #6503, .T. ) ;
#5611 = ADVANCED_FACE ( 'NONE', ( #4672 ), #5806, .F. ) ;
#5612 = ORIENTED_EDGE ( 'NONE', *, *, #5920, .T. ) ;
#5613 = CARTESIAN_POINT ( 'NONE',  ( 24.97320669798893533, 24.23646942863514653, 22.76193215352624577 ) ) ;
#5614 = LINE ( 'NONE', #2899, #2027 ) ;
#5615 = CARTESIAN_POINT ( 'NONE',  ( 23.98958088877931516, -27.16204810614879861, 22.94244130325968811 ) ) ;
#5616 = CIRCLE ( 'NONE', #2442, 2.649999999999992806 ) ;
#5617 = ORIENTED_EDGE ( 'NONE', *, *, #5383, .F. ) ;
#5618 = ORIENTED_EDGE ( 'NONE', *, *, #2352, .F. ) ;
#5619 = PLANE ( 'NONE',  #3733 ) ;
#5620 = DIRECTION ( 'NONE',  ( 0.000000000000000000, 0.000000000000000000, -1.000000000000000000 ) ) ;
#5621 = AXIS2_PLACEMENT_3D ( 'NONE', #2011, #2598, #1054 ) ;
#5622 = LINE ( 'NONE', #2871, #4213 ) ;
#5623 = CARTESIAN_POINT ( 'NONE',  ( 10.85349142309807569, -0.9132144435829862017, 18.40359731999999937 ) ) ;
#5624 = CARTESIAN_POINT ( 'NONE',  ( 6.030438470952719676, 6.006785556416287974, 18.40359731999999937 ) ) ;
#5625 = ORIENTED_EDGE ( 'NONE', *, *, #4171, .F. ) ;
#5626 = CONICAL_SURFACE ( 'NONE', #3282, 1.580000000000001625, 0.7853981633974657095 ) ;
#5627 = LINE ( 'NONE', #3387, #5262 ) ;
#5628 = ORIENTED_EDGE ( 'NONE', *, *, #72, .F. ) ;
#5629 = PLANE ( 'NONE',  #7221 ) ;
#5630 = CIRCLE ( 'NONE', #7188, 0.7500000000000006661 ) ;
#5631 = EDGE_CURVE ( 'NONE', #3388, #901, #7009, .T. ) ;
#5632 = EDGE_CURVE ( 'NONE', #6235, #1521, #654, .T. ) ;
#5633 = AXIS2_PLACEMENT_3D ( 'NONE', #2619, #2656, #2069 ) ;
#5634 = CYLINDRICAL_SURFACE ( 'NONE', #5341, 1.000000000000000888 ) ;
#5635 = LINE ( 'NONE', #1071, #1925 ) ;
#5636 = DIRECTION ( 'NONE',  ( 1.000000000000000000, 0.000000000000000000, 0.000000000000000000 ) ) ;
#5637 = ORIENTED_EDGE ( 'NONE', *, *, #5399, .F. ) ;
#5638 = VERTEX_POINT ( 'NONE', #6557 ) ;
#5639 = ADVANCED_FACE ( 'NONE', ( #3170 ), #2058, .T. ) ;
#5640 = CARTESIAN_POINT ( 'NONE',  ( 25.19477099867147274, -1.512152455818657204, 23.19999800000000079 ) ) ;
#5641 = ADVANCED_FACE ( 'NONE', ( #1981 ), #3730, .F. ) ;
#5642 = DIRECTION ( 'NONE',  ( 1.000000000000000000, 0.000000000000000000, 0.000000000000000000 ) ) ;
#5643 = ORIENTED_EDGE ( 'NONE', *, *, #6435, .F. ) ;
#5644 = EDGE_CURVE ( 'NONE', #5118, #6790, #2134, .T. ) ;
#5645 = ORIENTED_EDGE ( 'NONE', *, *, #6862, .F. ) ;
#5646 = CARTESIAN_POINT ( 'NONE',  ( 45.04477099867147416, 9.487847544181342130, 22.99999799999999794 ) ) ;
#5647 = SURFACE_STYLE_FILL_AREA ( #5122 ) ;
#5648 = ORIENTED_EDGE ( 'NONE', *, *, #2462, .T. ) ;
#5649 = AXIS2_PLACEMENT_3D ( 'NONE', #4902, #4975, #4292 ) ;
#5650 = LINE ( 'NONE', #4008, #818 ) ;
#5651 = CARTESIAN_POINT ( 'NONE',  ( 24.03190284498428042, 24.22923909055809943, 22.83110284660134326 ) ) ;
#5652 = DIRECTION ( 'NONE',  ( 1.462890879734001004E-19, 0.000000000000000000, -1.000000000000000000 ) ) ;
#5653 = EDGE_LOOP ( 'NONE', ( #1558, #2007, #4378, #2685, #4519, #1132, #1211, #315, #3998, #2814 ) ) ;
#5654 = VERTEX_POINT ( 'NONE', #4392 ) ;
#5655 = DIRECTION ( 'NONE',  ( -1.000000000000000000, -5.421010862428621645E-16, 0.000000000000000000 ) ) ;
#5656 = AXIS2_PLACEMENT_3D ( 'NONE', #3147, #4222, #5382 ) ;
#5657 = ADVANCED_FACE ( 'NONE', ( #3770 ), #4852, .F. ) ;
#5658 = CARTESIAN_POINT ( 'NONE',  ( 24.69849011171107378, -1.512152455818657204, 22.99999800000000860 ) ) ;
#5659 = CARTESIAN_POINT ( 'NONE',  ( 24.69845347015250070, 0.5682299609923503469, 18.40359731999999937 ) ) ;
#5660 = VECTOR ( 'NONE', #5555, 1000.000000000000000 ) ;
#5661 = DIRECTION ( 'NONE',  ( 0.000000000000000000, 0.000000000000000000, -1.000000000000000000 ) ) ;
#5662 = ORIENTED_EDGE ( 'NONE', *, *, #6018, .F. ) ;
#5663 = CARTESIAN_POINT ( 'NONE',  ( 24.77998253300846443, -6.616486184603448173, 21.40359731999999937 ) ) ;
#5664 = ORIENTED_EDGE ( 'NONE', *, *, #3307, .T. ) ;
#5665 = CARTESIAN_POINT ( 'NONE',  ( 14.85349142309807391, -1.524148547166637835, 22.99999799999999794 ) ) ;
#5666 = VECTOR ( 'NONE', #2305, 1000.000000000000000 ) ;
#5667 = CIRCLE ( 'NONE', #3446, 0.7500000000000006661 ) ;
#5668 = LINE ( 'NONE', #51, #3246 ) ;
#5669 = AXIS2_PLACEMENT_3D ( 'NONE', #188, #805, #2431 ) ;
#5670 = DIRECTION ( 'NONE',  ( -0.000000000000000000, 1.000000000000000000, 0.000000000000000000 ) ) ;
#5671 = VECTOR ( 'NONE', #2924, 1000.000000000000000 ) ;
#5672 = CARTESIAN_POINT ( 'NONE',  ( 23.57981786884161224, -27.15139529618945247, 23.08636222845602504 ) ) ;
#5673 = EDGE_CURVE ( 'NONE', #3659, #493, #7129, .T. ) ;
#5674 = EDGE_LOOP ( 'NONE', ( #7081, #3145, #1329, #1697 ) ) ;
#5675 = EDGE_CURVE ( 'NONE', #2723, #6026, #5959, .T. ) ;
#5676 = CARTESIAN_POINT ( 'NONE',  ( 20.02849441382007711, 2.426849255568360508, 21.40359731999999937 ) ) ;
#5677 = AXIS2_PLACEMENT_3D ( 'NONE', #289, #7038, #1492 ) ;
#5678 = CYLINDRICAL_SURFACE ( 'NONE', #3185, 0.9999999999999991118 ) ;
#5679 = EDGE_LOOP ( 'NONE', ( #1750, #2347, #2546, #238 ) ) ;
#5680 = ORIENTED_EDGE ( 'NONE', *, *, #5538, .F. ) ;
#5681 = DIRECTION ( 'NONE',  ( 0.000000000000000000, 1.000000000000000000, 0.000000000000000000 ) ) ;
#5682 = PRODUCT ( '≥‰µÁ∞Â∂•≤ø…¢»»Õ≠÷˘', '≥‰µÁ∞Â∂•≤ø…¢»»Õ≠÷˘', '', ( #4790 ) ) ;
#5683 = CARTESIAN_POINT ( 'NONE',  ( 24.69849011171107378, -1.512152455818657204, 23.19999800000000079 ) ) ;
#5684 = ADVANCED_FACE ( 'NONE', ( #5366 ), #1545, .T. ) ;
#5685 = ORIENTED_EDGE ( 'NONE', *, *, #7120, .F. ) ;
#5686 = CARTESIAN_POINT ( 'NONE',  ( 32.49477099867146990, -1.512152455818657204, 23.19999800000000079 ) ) ;
#5687 = ORIENTED_EDGE ( 'NONE', *, *, #4933, .T. ) ;
#5688 = CARTESIAN_POINT ( 'NONE',  ( 24.77153521469143982, 24.23776602281568060, 22.74936193110817229 ) ) ;
#5689 = CARTESIAN_POINT ( 'NONE',  ( 14.85349142309807391, -1.524148547166637835, 21.40359731999999937 ) ) ;
#5690 = VERTEX_POINT ( 'NONE', #2572 ) ;
#5691 = CYLINDRICAL_SURFACE ( 'NONE', #5301, 1.500000000000001332 ) ;
#5692 = CARTESIAN_POINT ( 'NONE',  ( 7.630438470952452867, -3.563214443583345492, 8.998998000000000275 ) ) ;
#5693 = VECTOR ( 'NONE', #5670, 1000.000000000000000 ) ;
#5694 = AXIS2_PLACEMENT_3D ( 'NONE', #6406, #6971, #2981 ) ;
#5695 = DIRECTION ( 'NONE',  ( -0.7071067811865414665, 0.000000000000000000, -0.7071067811865536790 ) ) ;
#5696 = LINE ( 'NONE', #5165, #4549 ) ;
#5697 = ADVANCED_FACE ( 'NONE', ( #5400 ), #2647, .F. ) ;
#5698 = ORIENTED_EDGE ( 'NONE', *, *, #6395, .T. ) ;
#5699 = DIRECTION ( 'NONE',  ( -9.934539730264194206E-15, -1.000000000000000000, 0.000000000000000000 ) ) ;
#5700 = EDGE_CURVE ( 'NONE', #2901, #4568, #3951, .T. ) ;
#5701 = DIRECTION ( 'NONE',  ( 1.000000000000000000, 0.000000000000000000, 0.000000000000000000 ) ) ;
#5702 = AXIS2_PLACEMENT_3D ( 'NONE', #5510, #1, #481 ) ;
#5703 = CARTESIAN_POINT ( 'NONE',  ( 29.59477099867147132, -12.51215245581865609, 21.99999800000000150 ) ) ;
#5704 = DIRECTION ( 'NONE',  ( 0.7071067811865536790, -1.115122484860645463E-16, -0.7071067811865414665 ) ) ;
#5705 = CARTESIAN_POINT ( 'NONE',  ( 1.970011369947535007, -0.08217035278916133556, 8.999997999999999720 ) ) ;
#5706 = VECTOR ( 'NONE', #2288, 1000.000000000000000 ) ;
#5707 = ORIENTED_EDGE ( 'NONE', *, *, #4038, .F. ) ;
#5708 = CARTESIAN_POINT ( 'NONE',  ( 35.99477099867147700, -1.512152455818657204, 23.19999800000000079 ) ) ;
#5709 = DIRECTION ( 'NONE',  ( -1.577021341797097560E-16, -1.000000000000000000, 0.000000000000000000 ) ) ;
#5710 = ORIENTED_EDGE ( 'NONE', *, *, #6225, .F. ) ;
#5711 = VECTOR ( 'NONE', #911, 1000.000000000000000 ) ;
#5712 = ORIENTED_EDGE ( 'NONE', *, *, #6020, .T. ) ;
#5713 = CARTESIAN_POINT ( 'NONE',  ( 39.20749282690607629, -9.733150561326645800, 18.40359731999999937 ) ) ;
#5714 = CARTESIAN_POINT ( 'NONE',  ( 39.20749282690607629, -9.733150561326645800, 19.20359732000000008 ) ) ;
#5715 = ORIENTED_EDGE ( 'NONE', *, *, #819, .T. ) ;
#5716 = PLANE ( 'NONE',  #1641 ) ;
#5717 = ORIENTED_EDGE ( 'NONE', *, *, #5900, .F. ) ;
#5718 = ORIENTED_EDGE ( 'NONE', *, *, #2320, .T. ) ;
#5719 = ADVANCED_FACE ( 'NONE', ( #4353 ), #5323, .F. ) ;
#5720 = ADVANCED_FACE ( 'NONE', ( #6031 ), #4241, .T. ) ;
#5721 = CARTESIAN_POINT ( 'NONE',  ( 23.83585025483572295, 24.22341443699063035, 22.88575188753190659 ) ) ;
#5722 = LINE ( 'NONE', #6884, #5547 ) ;
#5723 = ORIENTED_EDGE ( 'NONE', *, *, #5531, .F. ) ;
#5724 = EDGE_CURVE ( 'NONE', #6633, #2620, #6477, .T. ) ;
#5725 = CARTESIAN_POINT ( 'NONE',  ( 33.49477099867146990, 9.487847544181342130, 21.99999800000000150 ) ) ;
#5726 = PLANE ( 'NONE',  #3983 ) ;
#5727 = AXIS2_PLACEMENT_3D ( 'NONE', #2202, #6556, #2719 ) ;
#5728 = PLANE ( 'NONE',  #5462 ) ;
#5729 = LINE ( 'NONE', #5765, #3006 ) ;
#5730 = CARTESIAN_POINT ( 'NONE',  ( 45.04477099867147416, 9.487847544181342130, 21.99999800000000150 ) ) ;
#5731 = ORIENTED_EDGE ( 'NONE', *, *, #1303, .T. ) ;
#5732 = CARTESIAN_POINT ( 'NONE',  ( 39.20749282690607629, -14.01615056132663995, 19.20359732000000008 ) ) ;
#5733 = CIRCLE ( 'NONE', #5498, 0.9999999999999991118 ) ;
#5734 = LINE ( 'NONE', #5603, #725 ) ;
#5735 = FACE_OUTER_BOUND ( 'NONE', #4791, .T. ) ;
#5736 = DIRECTION ( 'NONE',  ( -1.000000000000000000, 0.000000000000000000, 0.000000000000000000 ) ) ;
#5737 = DIRECTION ( 'NONE',  ( -0.7071067811865560104, 8.659560562355036396E-17, 0.7071067811865391350 ) ) ;
#5738 = EDGE_CURVE ( 'NONE', #5047, #932, #754, .T. ) ;
#5739 = CARTESIAN_POINT ( 'NONE',  ( 27.09477099867146777, -12.51215245581865609, 23.19999800000000079 ) ) ;
#5740 = CARTESIAN_POINT ( 'NONE',  ( 37.69477099867146563, -12.51215245581865609, 21.99999800000000150 ) ) ;
#5741 = ORIENTED_EDGE ( 'NONE', *, *, #2897, .F. ) ;
#5742 = AXIS2_PLACEMENT_3D ( 'NONE', #3448, #5609, #6277 ) ;
#5743 = CARTESIAN_POINT ( 'NONE',  ( 43.29477099867146705, -12.51215245581865609, 23.19999800000000079 ) ) ;
#5744 = CARTESIAN_POINT ( 'NONE',  ( 24.34749684328629016, 24.23550515414257234, 22.77124726852014192 ) ) ;
#5745 = DIRECTION ( 'NONE',  ( 0.000000000000000000, 0.000000000000000000, 1.000000000000000000 ) ) ;
#5746 = ORIENTED_EDGE ( 'NONE', *, *, #3214, .F. ) ;
#5747 = ORIENTED_EDGE ( 'NONE', *, *, #1330, .T. ) ;
#5748 = ORIENTED_EDGE ( 'NONE', *, *, #494, .T. ) ;
#5749 = DIRECTION ( 'NONE',  ( 1.000000000000000000, 0.000000000000000000, 0.000000000000000000 ) ) ;
#5750 = VECTOR ( 'NONE', #5858, 1000.000000000000000 ) ;
#5751 = CARTESIAN_POINT ( 'NONE',  ( 25.59544207696188067, 24.13351198109113227, 23.00140366378902712 ) ) ;
#5752 = CARTESIAN_POINT ( 'NONE',  ( 25.82762457779134380, -27.23742976180745856, 22.98013595557483413 ) ) ;
#5753 = AXIS2_PLACEMENT_3D ( 'NONE', #6011, #4368, #1044 ) ;
#5754 = VERTEX_POINT ( 'NONE', #3692 ) ;
#5755 = VERTEX_POINT ( 'NONE', #4815 ) ;
#5756 = EDGE_CURVE ( 'NONE', #1370, #64, #7091, .T. ) ;
#5757 = EDGE_CURVE ( 'NONE', #1923, #4901, #1229, .T. ) ;
#5758 = CARTESIAN_POINT ( 'NONE',  ( 36.98149227759007118, -4.623571175818640633, 19.20359732000000008 ) ) ;
#5759 = ORIENTED_EDGE ( 'NONE', *, *, #7120, .T. ) ;
#5760 = LINE ( 'NONE', #1969, #1742 ) ;
#5761 = EDGE_CURVE ( 'NONE', #4074, #5881, #2833, .T. ) ;
#5762 = EDGE_CURVE ( 'NONE', #606, #5934, #2169, .T. ) ;
#5763 = EDGE_CURVE ( 'NONE', #484, #3750, #1650, .T. ) ;
#5764 = CARTESIAN_POINT ( 'NONE',  ( 43.09477099867147132, 9.487847544181342130, 21.99999800000000150 ) ) ;
#5765 = CARTESIAN_POINT ( 'NONE',  ( 31.33349227759007505, -14.01615056132663995, 19.20359732000000008 ) ) ;
#5766 = CARTESIAN_POINT ( 'NONE',  ( 24.69849011171107378, -1.512152455818657204, 18.40359731999999937 ) ) ;
#5767 = EDGE_LOOP ( 'NONE', ( #823, #228 ) ) ;
#5768 = CARTESIAN_POINT ( 'NONE',  ( 35.98149282690607720, 11.22185072041136067, 18.40359731999999937 ) ) ;
#5769 = DIRECTION ( 'NONE',  ( -0.000000000000000000, -0.000000000000000000, -1.000000000000000000 ) ) ;
#5770 = CIRCLE ( 'NONE', #1780, 25.75000000000000355 ) ;
#5771 = DIRECTION ( 'NONE',  ( 1.000000000000000000, 0.000000000000000000, 0.000000000000000000 ) ) ;
#5772 = DIRECTION ( 'NONE',  ( 1.000000000000000000, 0.000000000000000000, 0.000000000000000000 ) ) ;
#5773 = DIRECTION ( 'NONE',  ( 1.000000000000000000, 0.000000000000000000, 0.000000000000000000 ) ) ;
#5774 = FACE_OUTER_BOUND ( 'NONE', #3732, .T. ) ;
#5775 = CARTESIAN_POINT ( 'NONE',  ( 9.630438470952407570, 0.8867855564166541305, 21.40359731999999937 ) ) ;
#5776 = VECTOR ( 'NONE', #3992, 1000.000000000000000 ) ;
#5777 = ORIENTED_EDGE ( 'NONE', *, *, #4955, .T. ) ;
#5778 = EDGE_CURVE ( 'NONE', #4284, #2356, #4529, .T. ) ;
#5779 = AXIS2_PLACEMENT_3D ( 'NONE', #4694, #4186, #4121 ) ;
#5780 = CARTESIAN_POINT ( 'NONE',  ( 9.082623226170039032, -1.512152455818657204, 18.40359731999999937 ) ) ;
#5781 = DIRECTION ( 'NONE',  ( -1.000000000000000000, 0.000000000000000000, 0.000000000000000000 ) ) ;
#5782 = CONICAL_SURFACE ( 'NONE', #5899, 0.7500000000000006661, 0.7853981633974396193 ) ;
#5783 = DIRECTION ( 'NONE',  ( 1.000000000000000000, 0.000000000000000000, 0.000000000000000000 ) ) ;
#5784 = ORIENTED_EDGE ( 'NONE', *, *, #3066, .F. ) ;
#5785 = VERTEX_POINT ( 'NONE', #2243 ) ;
#5786 = EDGE_CURVE ( 'NONE', #1527, #775, #6522, .T. ) ;
#5787 = CARTESIAN_POINT ( 'NONE',  ( 20.02849441382008422, -3.967150744431636955, 18.40359731999999937 ) ) ;
#5788 = AXIS2_PLACEMENT_3D ( 'NONE', #3812, #7169, #4282 ) ;
#5789 = EDGE_CURVE ( 'NONE', #6609, #3141, #4871, .T. ) ;
#5790 = CARTESIAN_POINT ( 'NONE',  ( 25.90021110258744486, 24.12432706101250091, 23.12168238538273357 ) ) ;
#5791 = CARTESIAN_POINT ( 'NONE',  ( 9.082623226170039032, 7.473333429580441667, 40.75345354922610142 ) ) ;
#5792 = ORIENTED_EDGE ( 'NONE', *, *, #2301, .T. ) ;
#5793 = ORIENTED_EDGE ( 'NONE', *, *, #5085, .F. ) ;
#5794 = LINE ( 'NONE', #5160, #3085 ) ;
#5795 = LINE ( 'NONE', #4700, #3156 ) ;
#5796 = CARTESIAN_POINT ( 'NONE',  ( 45.04477099867147416, -12.51215245581865609, 21.99999800000000150 ) ) ;
#5797 = ORIENTED_EDGE ( 'NONE', *, *, #2259, .T. ) ;
#5798 = CARTESIAN_POINT ( 'NONE',  ( 34.99477099867146990, -12.51215245581865609, 22.99999799999999794 ) ) ;
#5799 = DIRECTION ( 'NONE',  ( -5.421010862430005110E-16, 1.000000000000000000, 0.000000000000000000 ) ) ;
#5800 = LINE ( 'NONE', #1868, #2482 ) ;
#5801 = EDGE_CURVE ( 'NONE', #838, #81, #5063, .T. ) ;
#5802 = LINE ( 'NONE', #7089, #2257 ) ;
#5803 = AXIS2_PLACEMENT_3D ( 'NONE', #2097, #3807, #1428 ) ;
#5804 = ADVANCED_FACE ( 'NONE', ( #4530 ), #2720, .F. ) ;
#5805 = DIRECTION ( 'NONE',  ( 1.000000000000000000, 0.000000000000000000, 0.000000000000000000 ) ) ;
#5806 = CYLINDRICAL_SURFACE ( 'NONE', #1000, 0.7499999999999972244 ) ;
#5807 = CARTESIAN_POINT ( 'NONE',  ( 41.59477099867147132, -1.512152455818657204, 21.99999800000000150 ) ) ;
#5808 = ORIENTED_EDGE ( 'NONE', *, *, #3087, .T. ) ;
#5809 = CARTESIAN_POINT ( 'NONE',  ( 46.77696098105594302, -0.07603404950738323897, 3.500841111824923857 ) ) ;
#5810 = CIRCLE ( 'NONE', #6782, 1.199999999999999734 ) ;
#5811 = CARTESIAN_POINT ( 'NONE',  ( 35.98149227759007118, -9.733150561326636918, 19.20359732000000008 ) ) ;
#5812 = EDGE_CURVE ( 'NONE', #4918, #6091, #1581, .T. ) ;
#5813 = ORIENTED_EDGE ( 'NONE', *, *, #5644, .F. ) ;
#5814 = CIRCLE ( 'NONE', #1347, 1.000000000000000888 ) ;
#5815 = FACE_OUTER_BOUND ( 'NONE', #2622, .T. ) ;
#5816 = VECTOR ( 'NONE', #2609, 1000.000000000000000 ) ;
#5817 = CARTESIAN_POINT ( 'NONE',  ( 24.80259574123155986, 24.23768604075009137, 22.75014219151353245 ) ) ;
#5818 = DIRECTION ( 'NONE',  ( -0.000000000000000000, -0.000000000000000000, -1.000000000000000000 ) ) ;
#5819 = ORIENTED_EDGE ( 'NONE', *, *, #2548, .T. ) ;
#5820 = ORIENTED_EDGE ( 'NONE', *, *, #2578, .F. ) ;
#5821 = LINE ( 'NONE', #1406, #2580 ) ;
#5822 = AXIS2_PLACEMENT_3D ( 'NONE', #4778, #3271, #1643 ) ;
#5823 = B_SPLINE_CURVE_WITH_KNOTS ( 'NONE', 3,
 ( #3280, #2834, #6103, #2244, #43, #5550, #1727, #2170, #6679, #4997, #4495, #1616, #482, #5511, #4393, #6641, #3987, #3879, #1063, #3953 ),
 .UNSPECIFIED., .F., .F.,
 ( 4, 2, 2, 2, 2, 2, 2, 2, 2, 4 ),
 ( 0.000000000000000000, 0.06250000000000179023, 0.1250000000000035805, 0.2500000000000043299, 0.5000000000000059952, 0.6250000000000067724, 0.7500000000000075495, 0.8125000000000057732, 0.8750000000000038858, 1.000000000000000000 ),
 .UNSPECIFIED. ) ;
#5824 = ORIENTED_EDGE ( 'NONE', *, *, #4298, .T. ) ;
#5825 = CARTESIAN_POINT ( 'NONE',  ( 23.96225264516215603, 24.13719725321009335, 22.95020785844051403 ) ) ;
#5826 = CARTESIAN_POINT ( 'NONE',  ( 24.49397549943174468, -27.26138922809671783, 22.75597981105375212 ) ) ;
#5827 = AXIS2_PLACEMENT_3D ( 'NONE', #6593, #1973, #2488 ) ;
#5828 = ORIENTED_EDGE ( 'NONE', *, *, #4294, .F. ) ;
#5829 = EDGE_CURVE ( 'NONE', #7234, #89, #3422, .T. ) ;
#5830 = LINE ( 'NONE', #6284, #267 ) ;
#5831 = ORIENTED_EDGE ( 'NONE', *, *, #168, .F. ) ;
#5832 = DIRECTION ( 'NONE',  ( -0.000000000000000000, -0.000000000000000000, -1.000000000000000000 ) ) ;
#5833 = CARTESIAN_POINT ( 'NONE',  ( 13.27349142309807206, -1.524148547166637613, 22.99999799999999794 ) ) ;
#5834 = VERTEX_POINT ( 'NONE', #3913 ) ;
#5835 = DIRECTION ( 'NONE',  ( -0.000000000000000000, -0.000000000000000000, -1.000000000000000000 ) ) ;
#5836 = DIRECTION ( 'NONE',  ( -0.000000000000000000, -0.000000000000000000, -1.000000000000000000 ) ) ;
#5837 = DIRECTION ( 'NONE',  ( -1.000000000000000000, -0.000000000000000000, 0.000000000000000000 ) ) ;
#5838 = AXIS2_PLACEMENT_3D ( 'NONE', #40, #6820, #1761 ) ;
#5839 = CARTESIAN_POINT ( 'NONE',  ( 8.630438470952455532, -8.063214443583346380, 8.998998000000000275 ) ) ;
#5840 = CARTESIAN_POINT ( 'NONE',  ( 27.09477099867146777, -1.512152455818657648, 23.19999800000000079 ) ) ;
#5841 = CYLINDRICAL_SURFACE ( 'NONE', #4177, 1.000000000000000888 ) ;
#5842 = FACE_OUTER_BOUND ( 'NONE', #4109, .T. ) ;
#5843 = ORIENTED_EDGE ( 'NONE', *, *, #1221, .T. ) ;
#5844 = AXIS2_PLACEMENT_3D ( 'NONE', #7119, #7157, #4305 ) ;
#5845 = CARTESIAN_POINT ( 'NONE',  ( 44.85549337622308030, 11.47584852314635206, 18.40359731999999937 ) ) ;
#5846 = EDGE_CURVE ( 'NONE', #803, #459, #1818, .T. ) ;
#5847 = EDGE_CURVE ( 'NONE', #484, #124, #3477, .T. ) ;
#5848 = PLANE ( 'NONE',  #2820 ) ;
#5849 = VECTOR ( 'NONE', #6908, 1000.000000000000000 ) ;
#5850 = DIRECTION ( 'NONE',  ( 0.000000000000000000, 0.000000000000000000, -1.000000000000000000 ) ) ;
#5851 = UNCERTAINTY_MEASURE_WITH_UNIT (LENGTH_MEASURE( 1.000000000000000082E-05 ), #6275, 'distance_accuracy_value', 'NONE');
#5852 = EDGE_CURVE ( 'NONE', #79, #4840, #559, .T. ) ;
#5853 = CARTESIAN_POINT ( 'NONE',  ( 24.90300472399043130, 24.23708431645939854, 22.75597981105377698 ) ) ;
#5854 = DIRECTION ( 'NONE',  ( 0.000000000000000000, 0.000000000000000000, -1.000000000000000000 ) ) ;
#5855 = EDGE_LOOP ( 'NONE', ( #4764, #5748, #4231, #4598 ) ) ;
#5856 = ORIENTED_EDGE ( 'NONE', *, *, #4152, .F. ) ;
#5857 = ORIENTED_EDGE ( 'NONE', *, *, #5801, .T. ) ;
#5858 = DIRECTION ( 'NONE',  ( 0.000000000000000000, 0.000000000000000000, 1.000000000000000000 ) ) ;
#5859 = CONICAL_SURFACE ( 'NONE', #2346, 0.9999999999999991118, 0.7853981633974597143 ) ;
#5860 = EDGE_CURVE ( 'NONE', #685, #3388, #6788, .T. ) ;
#5861 = CARTESIAN_POINT ( 'NONE',  ( 25.67801772180370179, 24.21921524245772517, 22.92456902985439982 ) ) ;
#5862 = CARTESIAN_POINT ( 'NONE',  ( 25.49205342343053005, -27.24996790710817507, 22.86477999376494807 ) ) ;
#5863 = ORIENTED_EDGE ( 'NONE', *, *, #1676, .F. ) ;
#5864 = CIRCLE ( 'NONE', #1869, 1.000000000000000888 ) ;
#5865 = ORIENTED_EDGE ( 'NONE', *, *, #5543, .F. ) ;
#5866 = CARTESIAN_POINT ( 'NONE',  ( 31.20649282690607862, 11.22185072041135001, 18.40359731999999937 ) ) ;
#5867 = EDGE_LOOP ( 'NONE', ( #6307, #1856, #1860, #2736 ) ) ;
#5868 = DIRECTION ( 'NONE',  ( 1.000000000000000000, 0.000000000000000000, 0.000000000000000000 ) ) ;
#5869 = EDGE_CURVE ( 'NONE', #1530, #6978, #4427, .T. ) ;
#5870 = CARTESIAN_POINT ( 'NONE',  ( 25.36507737843789911, -27.25354400219541162, 22.83110284660132194 ) ) ;
#5871 = ORIENTED_EDGE ( 'NONE', *, *, #1243, .T. ) ;
#5872 = CARTESIAN_POINT ( 'NONE',  ( 10.23043847095199865, -10.57321444358334794, 18.40359731999999937 ) ) ;
#5873 = FACE_BOUND ( 'NONE', #4621, .T. ) ;
#5874 = EDGE_CURVE ( 'NONE', #6998, #2411, #4874, .T. ) ;
#5875 = PLANE ( 'NONE',  #3438 ) ;
#5876 = LINE ( 'NONE', #1942, #2721 ) ;
#5877 = CYLINDRICAL_SURFACE ( 'NONE', #1554, 0.7999999999999986011 ) ;
#5878 = DIRECTION ( 'NONE',  ( 0.000000000000000000, 0.000000000000000000, 1.000000000000000000 ) ) ;
#5879 = CARTESIAN_POINT ( 'NONE',  ( 24.69849011171107378, -1.512152455818657204, 23.19999800000000079 ) ) ;
#5880 = VERTEX_POINT ( 'NONE', #5549 ) ;
#5881 = VERTEX_POINT ( 'NONE', #5623 ) ;
#5882 = LINE ( 'NONE', #5739, #5305 ) ;
#5883 = CARTESIAN_POINT ( 'NONE',  ( 43.85549282690606532, -8.733150561326636918, 19.20359732000000008 ) ) ;
#5884 = ORIENTED_EDGE ( 'NONE', *, *, #2934, .T. ) ;
#5885 = VECTOR ( 'NONE', #3012, 1000.000000000000000 ) ;
#5886 = EDGE_CURVE ( 'NONE', #197, #4578, #7140, .T. ) ;
#5887 = DIRECTION ( 'NONE',  ( 0.7071067811865525687, 0.000000000000000000, 0.7071067811865425767 ) ) ;
#5888 = CARTESIAN_POINT ( 'NONE',  ( 23.85579705983575494, 24.22410239910781016, 22.87936766618813778 ) ) ;
#5889 = CARTESIAN_POINT ( 'NONE',  ( 43.09477099867147132, -1.512152455818657204, 22.99999799999999794 ) ) ;
#5890 = EDGE_LOOP ( 'NONE', ( #6778, #4343, #4190, #5685 ) ) ;
#5891 = FILL_AREA_STYLE_COLOUR ( '', #440 ) ;
#5892 = ORIENTED_EDGE ( 'NONE', *, *, #7281, .T. ) ;
#5893 = VECTOR ( 'NONE', #3501, 1000.000000000000000 ) ;
#5894 = ORIENTED_EDGE ( 'NONE', *, *, #2331, .T. ) ;
#5895 = CARTESIAN_POINT ( 'NONE',  ( 43.85549282690606532, -15.01615056132663817, 18.40359731999999937 ) ) ;
#5896 = EDGE_CURVE ( 'NONE', #932, #4415, #4996, .T. ) ;
#5897 = CONICAL_SURFACE ( 'NONE', #2965, 2.649999999999992806, 0.7853981633974699283 ) ;
#5898 = CARTESIAN_POINT ( 'NONE',  ( 2.620036568811126010, -1.512541410634933747, 18.40359731999999937 ) ) ;
#5899 = AXIS2_PLACEMENT_3D ( 'NONE', #2164, #2754, #2791 ) ;
#5900 = EDGE_CURVE ( 'NONE', #2574, #2853, #4457, .T. ) ;
#5901 = CARTESIAN_POINT ( 'NONE',  ( 25.94453444647212947, 24.20775653718905929, 23.02834905205010685 ) ) ;
#5902 = DIRECTION ( 'NONE',  ( 0.000000000000000000, -0.000000000000000000, 1.000000000000000000 ) ) ;
#5903 = VECTOR ( 'NONE', #5927, 1000.000000000000114 ) ;
#5904 = ORIENTED_EDGE ( 'NONE', *, *, #3325, .F. ) ;
#5905 = CIRCLE ( 'NONE', #3769, 1.520000000000000462 ) ;
#5906 = VERTEX_POINT ( 'NONE', #5764 ) ;
#5907 = ORIENTED_EDGE ( 'NONE', *, *, #2668, .F. ) ;
#5908 = VERTEX_POINT ( 'NONE', #1276 ) ;
#5909 = CARTESIAN_POINT ( 'NONE',  ( 25.05949410864506532, -3.967150744431636955, 19.20359732000000008 ) ) ;
#5910 = ORIENTED_EDGE ( 'NONE', *, *, #6913, .T. ) ;
#5911 = ORIENTED_EDGE ( 'NONE', *, *, #4255, .F. ) ;
#5912 = VECTOR ( 'NONE', #6605, 1000.000000000000000 ) ;
#5913 = CARTESIAN_POINT ( 'NONE',  ( 19.87849142309807604, -1.524148547166637835, 18.57517019525380420 ) ) ;
#5914 = CARTESIAN_POINT ( 'NONE',  ( 24.76109949721661607, -27.26209893229595238, 22.74908998036427477 ) ) ;
#5915 = ORIENTED_EDGE ( 'NONE', *, *, #3895, .F. ) ;
#5916 = DIRECTION ( 'NONE',  ( -1.000000000000000000, 0.000000000000000000, 0.000000000000000000 ) ) ;
#5917 = FACE_BOUND ( 'NONE', #3890, .T. ) ;
#5918 = DIRECTION ( 'NONE',  ( 1.000000000000000000, 0.000000000000000000, 0.000000000000000000 ) ) ;
#5919 = CARTESIAN_POINT ( 'NONE',  ( 25.31236316423816746, -27.16378997248611782, 22.91736645213476820 ) ) ;
#5920 = EDGE_CURVE ( 'NONE', #4553, #6232, #1118, .T. ) ;
#5921 = CARTESIAN_POINT ( 'NONE',  ( 13.07349142309806389, -1.524148547166637613, 23.19999800000000079 ) ) ;
#5922 = CARTESIAN_POINT ( 'NONE',  ( 24.69845347015250070, 0.5682299609923503469, 3.500841111824923857 ) ) ;
#5923 = EDGE_CURVE ( 'NONE', #1965, #285, #2354, .T. ) ;
#5924 = CARTESIAN_POINT ( 'NONE',  ( 3.263770336926316240, 13.58898476165380131, 11.22457852691048430 ) ) ;
#5925 = ORIENTED_EDGE ( 'NONE', *, *, #1588, .F. ) ;
#5926 = ORIENTED_EDGE ( 'NONE', *, *, #1790, .T. ) ;
#5927 = DIRECTION ( 'NONE',  ( 0.9998725783246495968, 0.01596330524727181122, 0.000000000000000000 ) ) ;
#5928 = ADVANCED_FACE ( 'NONE', ( #6962 ), #663, .F. ) ;
#5929 = DIRECTION ( 'NONE',  ( 0.000000000000000000, -1.000000000000000000, 0.000000000000000000 ) ) ;
#5930 = CARTESIAN_POINT ( 'NONE',  ( 30.79477099867147061, -12.51215245581865609, 21.99999800000000150 ) ) ;
#5931 = DIRECTION ( 'NONE',  ( 0.000000000000000000, 0.000000000000000000, -1.000000000000000000 ) ) ;
#5932 = ORIENTED_EDGE ( 'NONE', *, *, #2938, .F. ) ;
#5933 = CARTESIAN_POINT ( 'NONE',  ( 36.98149282690607720, 7.065850720411353869, 18.40359731999999937 ) ) ;
#5934 = VERTEX_POINT ( 'NONE', #729 ) ;
#5935 = AXIS2_PLACEMENT_3D ( 'NONE', #3061, #5818, #4651 ) ;
#5936 = ORIENTED_EDGE ( 'NONE', *, *, #5325, .F. ) ;
#5937 = ORIENTED_EDGE ( 'NONE', *, *, #170, .T. ) ;
#5938 = LINE ( 'NONE', #3626, #5750 ) ;
#5939 = CIRCLE ( 'NONE', #4649, 1.520000000000000462 ) ;
#5940 = CARTESIAN_POINT ( 'NONE',  ( 44.85549282690607242, -1.512152455818657204, 18.40359731999999937 ) ) ;
#5941 = DIRECTION ( 'NONE',  ( 1.000000000000000000, 0.000000000000000000, 0.000000000000000000 ) ) ;
#5942 = CARTESIAN_POINT ( 'NONE',  ( 26.05949410864507598, 0.4268492555683537915, 18.40359731999999937 ) ) ;
#5943 = VECTOR ( 'NONE', #3050, 1000.000000000000000 ) ;
#5944 = ORIENTED_EDGE ( 'NONE', *, *, #1769, .T. ) ;
#5945 = CONICAL_SURFACE ( 'NONE', #4314, 25.54999999999999361, 0.7853981633974309595 ) ;
#5946 = EDGE_CURVE ( 'NONE', #3925, #3027, #5336, .T. ) ;
#5947 = EDGE_CURVE ( 'NONE', #3196, #6431, #1894, .T. ) ;
#5948 = CARTESIAN_POINT ( 'NONE',  ( 45.79477099867147416, -12.51215245581865609, 22.99999799999999794 ) ) ;
#5949 = ORIENTED_EDGE ( 'NONE', *, *, #6547, .T. ) ;
#5950 = ORIENTED_EDGE ( 'NONE', *, *, #5852, .F. ) ;
#5951 = CARTESIAN_POINT ( 'NONE',  ( 7.030438470952719676, 6.006785556416295080, 21.40359731999999937 ) ) ;
#5952 = EDGE_CURVE ( 'NONE', #6672, #1521, #5133, .T. ) ;
#5953 = LINE ( 'NONE', #4269, #4183 ) ;
#5954 = VERTEX_POINT ( 'NONE', #1797 ) ;
#5955 = DIRECTION ( 'NONE',  ( -0.7071067811865555663, 8.659560562355030233E-17, 0.7071067811865393571 ) ) ;
#5956 = FACE_BOUND ( 'NONE', #6767, .T. ) ;
#5957 = DIRECTION ( 'NONE',  ( 1.000000000000000000, 0.000000000000000000, 0.000000000000000000 ) ) ;
#5958 = CARTESIAN_POINT ( 'NONE',  ( 23.80448293434017160, -27.15792235284306955, 23.00005099226620686 ) ) ;
#5959 = LINE ( 'NONE', #3650, #5100 ) ;
#5960 = DIRECTION ( 'NONE',  ( 0.000000000000000000, 0.000000000000000000, -1.000000000000000000 ) ) ;
#5961 = ORIENTED_EDGE ( 'NONE', *, *, #5492, .F. ) ;
#5962 = ORIENTED_EDGE ( 'NONE', *, *, #3486, .T. ) ;
#5963 = PLANE ( 'NONE',  #6585 ) ;
#5964 = DIRECTION ( 'NONE',  ( 0.000000000000000000, 0.000000000000000000, -1.000000000000000000 ) ) ;
#5965 = CARTESIAN_POINT ( 'NONE',  ( 19.02849441382007711, 2.675851452833362565, 21.40359731999999937 ) ) ;
#5966 = CIRCLE ( 'NONE', #1737, 1.580000000000001625 ) ;
#5967 = CARTESIAN_POINT ( 'NONE',  ( 24.69845464825485237, -3.525645186030857303, 18.40359731999999937 ) ) ;
#5968 = ORIENTED_EDGE ( 'NONE', *, *, #5761, .F. ) ;
#5969 = PLANE ( 'NONE',  #6063 ) ;
#5970 = ORIENTED_EDGE ( 'NONE', *, *, #4382, .F. ) ;
#5971 = DIRECTION ( 'NONE',  ( -1.000000000000000000, 0.000000000000000000, 0.000000000000000000 ) ) ;
#5972 = ORIENTED_EDGE ( 'NONE', *, *, #6466, .F. ) ;
#5973 = CARTESIAN_POINT ( 'NONE',  ( 44.29477099867147416, -12.51215245581865609, 22.99999799999999794 ) ) ;
#5974 = AXIS2_PLACEMENT_3D ( 'NONE', #5951, #5985, #4380 ) ;
#5975 = CARTESIAN_POINT ( 'NONE',  ( 45.79477099867147416, -12.51215245581865609, 21.99999800000000150 ) ) ;
#5976 = ORIENTED_EDGE ( 'NONE', *, *, #4544, .T. ) ;
#5977 = PLANE ( 'NONE',  #2686 ) ;
#5978 = DIRECTION ( 'NONE',  ( 1.000000000000000000, 0.000000000000000000, 0.000000000000000000 ) ) ;
#5979 = AXIS2_PLACEMENT_3D ( 'NONE', #4447, #1155, #2889 ) ;
#5980 = EDGE_LOOP ( 'NONE', ( #1812, #5865, #4586, #4686 ) ) ;
#5981 = VECTOR ( 'NONE', #523, 1000.000000000000000 ) ;
#5982 = DIRECTION ( 'NONE',  ( 0.000000000000000000, 0.000000000000000000, 1.000000000000000000 ) ) ;
#5983 = ORIENTED_EDGE ( 'NONE', *, *, #3832, .F. ) ;
#5984 = ORIENTED_EDGE ( 'NONE', *, *, #3038, .T. ) ;
#5985 = DIRECTION ( 'NONE',  ( 0.000000000000000000, 0.000000000000000000, 1.000000000000000000 ) ) ;
#5986 = EDGE_CURVE ( 'NONE', #2574, #1272, #757, .T. ) ;
#5987 = ADVANCED_FACE ( 'NONE', ( #2453 ), #3532, .F. ) ;
#5988 = CARTESIAN_POINT ( 'NONE',  ( 25.23309700487053320, -27.25668701603294508, 22.80124664255539457 ) ) ;
#5989 = VERTEX_POINT ( 'NONE', #6251 ) ;
#5990 = DIRECTION ( 'NONE',  ( 1.000000000000000000, 0.000000000000000000, 0.000000000000000000 ) ) ;
#5991 = CARTESIAN_POINT ( 'NONE',  ( 10.23043847095199688, 3.406785556417013527, 21.40359731999999937 ) ) ;
#5992 = DIRECTION ( 'NONE',  ( -0.6256351882393400565, 0.7801157678426487996, 0.000000000000000000 ) ) ;
#5993 = AXIS2_PLACEMENT_3D ( 'NONE', #2406, #1675, #1121 ) ;
#5994 = DIRECTION ( 'NONE',  ( 0.000000000000000000, 0.000000000000000000, 1.000000000000000000 ) ) ;
#5995 = EDGE_CURVE ( 'NONE', #1116, #5017, #4157, .T. ) ;
#5996 = DIRECTION ( 'NONE',  ( -1.000000000000000000, 0.000000000000000000, 0.000000000000000000 ) ) ;
#5997 = DIRECTION ( 'NONE',  ( 0.000000000000000000, 0.000000000000000000, -1.000000000000000000 ) ) ;
#5998 = AXIS2_PLACEMENT_3D ( 'NONE', #3183, #6531, #4441 ) ;
#5999 = EDGE_LOOP ( 'NONE', ( #1561, #4328, #483, #211 ) ) ;
#6000 = ORIENTED_EDGE ( 'NONE', *, *, #5495, .T. ) ;
#6001 = CARTESIAN_POINT ( 'NONE',  ( 24.69849011171107378, -1.512152455818657204, 8.999997999999999720 ) ) ;
#6002 = DIRECTION ( 'NONE',  ( -0.000000000000000000, -0.000000000000000000, -1.000000000000000000 ) ) ;
#6003 = DIRECTION ( 'NONE',  ( -0.000000000000000000, 0.000000000000000000, 1.000000000000000000 ) ) ;
#6004 = DIRECTION ( 'NONE',  ( 0.000000000000000000, 0.000000000000000000, 1.000000000000000000 ) ) ;
#6005 = ORIENTED_EDGE ( 'NONE', *, *, #6952, .T. ) ;
#6006 = DIRECTION ( 'NONE',  ( -1.000000000000000000, 0.000000000000000000, 0.000000000000000000 ) ) ;
#6007 = ORIENTED_EDGE ( 'NONE', *, *, #4602, .T. ) ;
#6008 = ORIENTED_EDGE ( 'NONE', *, *, #5095, .F. ) ;
#6009 = ORIENTED_EDGE ( 'NONE', *, *, #5299, .F. ) ;
#6010 = VERTEX_POINT ( 'NONE', #1342 ) ;
#6011 = CARTESIAN_POINT ( 'NONE',  ( 28.84477099867147487, 9.487847544181342130, 22.99999799999999794 ) ) ;
#6012 = AXIS2_PLACEMENT_3D ( 'NONE', #4302, #825, #3676 ) ;
#6013 = CARTESIAN_POINT ( 'NONE',  ( -0.9246057082889275192, 12.47584852314636095, 19.20359732000000008 ) ) ;
#6014 = ORIENTED_EDGE ( 'NONE', *, *, #1877, .T. ) ;
#6015 = CARTESIAN_POINT ( 'NONE',  ( 26.21849011171107335, -24.56215207581864135, 18.40359731999999937 ) ) ;
#6016 = LINE ( 'NONE', #3710, #4614 ) ;
#6017 = VECTOR ( 'NONE', #905, 1000.000000000000000 ) ;
#6018 = EDGE_CURVE ( 'NONE', #748, #6542, #7258, .T. ) ;
#6019 = ORIENTED_EDGE ( 'NONE', *, *, #3257, .T. ) ;
#6020 = EDGE_CURVE ( 'NONE', #3160, #1914, #3959, .T. ) ;
#6021 = VERTEX_POINT ( 'NONE', #3602 ) ;
#6022 = ORIENTED_EDGE ( 'NONE', *, *, #6514, .T. ) ;
#6023 = CARTESIAN_POINT ( 'NONE',  ( 33.49477099867146990, -1.512152455818657204, 21.99999800000000150 ) ) ;
#6024 = CARTESIAN_POINT ( 'NONE',  ( 25.65822484798998815, -27.24426604908969196, 22.91770519886528845 ) ) ;
#6026 = VERTEX_POINT ( 'NONE', #5833 ) ;
#6025 = VECTOR ( 'NONE', #1097, 1000.000000000000000 ) ;
#6027 = CARTESIAN_POINT ( 'NONE',  ( 42.34477099867147132, -12.51215245581865609, 22.99999799999999794 ) ) ;
#6028 = DIRECTION ( 'NONE',  ( 1.000000000000000000, 0.000000000000000000, 0.000000000000000000 ) ) ;
#6029 = DIRECTION ( 'NONE',  ( 0.000000000000000000, 1.000000000000000000, 0.000000000000000000 ) ) ;
#6030 = DIRECTION ( 'NONE',  ( 1.000000000000000000, 0.000000000000000000, 0.000000000000000000 ) ) ;
#6031 = FACE_OUTER_BOUND ( 'NONE', #2247, .T. ) ;
#6032 = CARTESIAN_POINT ( 'NONE',  ( 3.490348394677742494, 13.29489716334345850, 11.22457852691048430 ) ) ;
#6033 = ORIENTED_EDGE ( 'NONE', *, *, #2668, .T. ) ;
#6034 = ORIENTED_EDGE ( 'NONE', *, *, #4030, .F. ) ;
#6035 = DIRECTION ( 'NONE',  ( 1.000000000000000000, 0.000000000000000000, 0.000000000000000000 ) ) ;
#6036 = CARTESIAN_POINT ( 'NONE',  ( 10.31303080097145752, 19.68388680890044640, 23.13333652153661291 ) ) ;
#6037 = EDGE_CURVE ( 'NONE', #2601, #715, #3041, .T. ) ;
#6038 = ADVANCED_FACE ( 'NONE', ( #4128 ), #2385, .T. ) ;
#6039 = PLANE ( 'NONE',  #2764 ) ;
#6040 = DIRECTION ( 'NONE',  ( 1.000000000000000000, 0.000000000000000000, 0.000000000000000000 ) ) ;
#6041 = ORIENTED_EDGE ( 'NONE', *, *, #2625, .F. ) ;
#6042 = CARTESIAN_POINT ( 'NONE',  ( 9.757127334645465666, 20.16271390881006909, 23.19999800000000079 ) ) ;
#6043 = ORIENTED_EDGE ( 'NONE', *, *, #7260, .T. ) ;
#6044 = VERTEX_POINT ( 'NONE', #3007 ) ;
#6045 = ADVANCED_FACE ( 'NONE', ( #6288 ), #5728, .T. ) ;
#6046 = ORIENTED_EDGE ( 'NONE', *, *, #1050, .T. ) ;
#6047 = ORIENTED_EDGE ( 'NONE', *, *, #3018, .F. ) ;
#6048 = LINE ( 'NONE', #2184, #6584 ) ;
#6049 = VERTEX_POINT ( 'NONE', #4633 ) ;
#6050 = PLANE ( 'NONE',  #1546 ) ;
#6051 = VECTOR ( 'NONE', #4576, 1000.000000000000000 ) ;
#6052 = EDGE_LOOP ( 'NONE', ( #6567, #862, #5571, #5058 ) ) ;
#6053 = DIRECTION ( 'NONE',  ( 1.000000000000000000, 0.000000000000000000, 0.000000000000000000 ) ) ;
#6054 = AXIS2_PLACEMENT_3D ( 'NONE', #7050, #836, #879 ) ;
#6055 = CARTESIAN_POINT ( 'NONE',  ( 11.23043847095200576, 7.323764546165906886, 18.40359731999999937 ) ) ;
#6056 = EDGE_LOOP ( 'NONE', ( #6000, #3102, #4047, #4211 ) ) ;
#6057 = VECTOR ( 'NONE', #1400, 1000.000000000000000 ) ;
#6058 = ORIENTED_EDGE ( 'NONE', *, *, #2782, .F. ) ;
#6059 = ORIENTED_EDGE ( 'NONE', *, *, #2807, .T. ) ;
#6060 = CARTESIAN_POINT ( 'NONE',  ( 40.20749282690608339, -8.733150561326638694, 18.40359731999999937 ) ) ;
#6061 = AXIS2_PLACEMENT_3D ( 'NONE', #85, #1904, #3538 ) ;
#6062 = CYLINDRICAL_SURFACE ( 'NONE', #4313, 1.000000000000000888 ) ;
#6063 = AXIS2_PLACEMENT_3D ( 'NONE', #5334, #4403, #970 ) ;
#6064 = CARTESIAN_POINT ( 'NONE',  ( 24.08414712793741685, -27.16376660324621994, 22.91769666868709976 ) ) ;
#6065 = ORIENTED_EDGE ( 'NONE', *, *, #1349, .T. ) ;
#6066 = LINE ( 'NONE', #477, #6189 ) ;
#6067 = DIRECTION ( 'NONE',  ( -0.000000000000000000, -0.000000000000000000, 1.000000000000000000 ) ) ;
#6068 = VECTOR ( 'NONE', #5200, 1000.000000000000000 ) ;
#6069 = DIRECTION ( 'NONE',  ( 0.000000000000000000, 0.000000000000000000, 1.000000000000000000 ) ) ;
#6070 = DIRECTION ( 'NONE',  ( 0.9999999998448929617, 1.761289572153559545E-05, -0.000000000000000000 ) ) ;
#6071 = CARTESIAN_POINT ( 'NONE',  ( 7.030438470952725005, 7.006785556416295080, 18.40359731999999937 ) ) ;
#6072 = ORIENTED_EDGE ( 'NONE', *, *, #5812, .T. ) ;
#6073 = FACE_OUTER_BOUND ( 'NONE', #7013, .T. ) ;
#6074 = DIRECTION ( 'NONE',  ( 0.000000000000000000, 0.000000000000000000, 1.000000000000000000 ) ) ;
#6075 = DIRECTION ( 'NONE',  ( 1.000000000000000000, 0.000000000000000000, 0.000000000000000000 ) ) ;
#6076 = FACE_OUTER_BOUND ( 'NONE', #2986, .T. ) ;
#6077 = FACE_OUTER_BOUND ( 'NONE', #2999, .T. ) ;
#6078 = EDGE_CURVE ( 'NONE', #4404, #2633, #6892, .T. ) ;
#6079 = ORIENTED_EDGE ( 'NONE', *, *, #375, .F. ) ;
#6080 = VERTEX_POINT ( 'NONE', #2521 ) ;
#6081 = EDGE_CURVE ( 'NONE', #5150, #4918, #5953, .T. ) ;
#6082 = VERTEX_POINT ( 'NONE', #870 ) ;
#6083 = DIRECTION ( 'NONE',  ( 1.000000000000000000, 0.000000000000000000, 0.000000000000000000 ) ) ;
#6084 = LINE ( 'NONE', #1633, #3429 ) ;
#6085 = EDGE_CURVE ( 'NONE', #6312, #5011, #71, .T. ) ;
#6086 = VERTEX_POINT ( 'NONE', #2089 ) ;
#6087 = LINE ( 'NONE', #4410, #798 ) ;
#6088 = CARTESIAN_POINT ( 'NONE',  ( 23.85427739959400739, -27.24832164869675921, 22.88013700661875660 ) ) ;
#6089 = ORIENTED_EDGE ( 'NONE', *, *, #4821, .T. ) ;
#6090 = AXIS2_PLACEMENT_3D ( 'NONE', #439, #2675, #473 ) ;
#6091 = VERTEX_POINT ( 'NONE', #332 ) ;
#6092 = CARTESIAN_POINT ( 'NONE',  ( 24.69849011171107378, -6.819414077215271597, 28.54200327493162348 ) ) ;
#6093 = VECTOR ( 'NONE', #231, 1000.000000000000000 ) ;
#6094 = FACE_OUTER_BOUND ( 'NONE', #6588, .T. ) ;
#6095 = CARTESIAN_POINT ( 'NONE',  ( 24.05258286260244560, -27.16322240198011784, 22.92558961967914399 ) ) ;
#6096 = VERTEX_POINT ( 'NONE', #2562 ) ;
#6097 = DIRECTION ( 'NONE',  ( -1.000000000000000000, 0.000000000000000000, 0.000000000000000000 ) ) ;
#6098 = CIRCLE ( 'NONE', #4922, 1.000000000000000888 ) ;
#6099 = ORIENTED_EDGE ( 'NONE', *, *, #7096, .F. ) ;
#6100 = DIRECTION ( 'NONE',  ( -0.000000000000000000, -0.000000000000000000, 1.000000000000000000 ) ) ;
#6101 = LINE ( 'NONE', #1504, #3391 ) ;
#6102 = CARTESIAN_POINT ( 'NONE',  ( 47.42693201564350858, -0.08217035109631966316, 8.999997999999999720 ) ) ;
#6103 = CARTESIAN_POINT ( 'NONE',  ( 25.72612009108345887, 24.12995259642969259, 23.04919539127967809 ) ) ;
#6104 = ADVANCED_FACE ( 'NONE', ( #3758 ), #105, .T. ) ;
#6105 = EDGE_LOOP ( 'NONE', ( #2727, #2181, #6246, #7139 ) ) ;
#6106 = ORIENTED_EDGE ( 'NONE', *, *, #6467, .T. ) ;
#6107 = DIRECTION ( 'NONE',  ( 0.7071067811865536790, 0.000000000000000000, -0.7071067811865414665 ) ) ;
#6108 = AXIS2_PLACEMENT_3D ( 'NONE', #4810, #6735, #5319 ) ;
#6109 = VERTEX_POINT ( 'NONE', #6671 ) ;
#6110 = CYLINDRICAL_SURFACE ( 'NONE', #4040, 0.6500000000000060174 ) ;
#6111 = CIRCLE ( 'NONE', #4358, 0.05000000000000143219 ) ;
#6112 = LINE ( 'NONE', #6759, #2997 ) ;
#6113 = LINE ( 'NONE', #52, #6051 ) ;
#6114 = DIRECTION ( 'NONE',  ( 1.000000000000000000, 0.000000000000000000, 0.000000000000000000 ) ) ;
#6115 = ORIENTED_EDGE ( 'NONE', *, *, #6018, .T. ) ;
#6116 = VERTEX_POINT ( 'NONE', #1610 ) ;
#6117 = CYLINDRICAL_SURFACE ( 'NONE', #4276, 0.7500000000000006661 ) ;
#6118 = CARTESIAN_POINT ( 'NONE',  ( 8.630438470952407570, 0.8867855564166541305, 8.998998000000000275 ) ) ;
#6119 = ORIENTED_EDGE ( 'NONE', *, *, #557, .F. ) ;
#6120 = ADVANCED_FACE ( 'NONE', ( #1294 ), #5108, .F. ) ;
#6121 = CARTESIAN_POINT ( 'NONE',  ( 34.99477099867146990, -1.512152455818657204, 22.99999799999999794 ) ) ;
#6122 = ORIENTED_EDGE ( 'NONE', *, *, #2208, .F. ) ;
#6123 = CARTESIAN_POINT ( 'NONE',  ( 7.030438470952719676, 4.406785556417013083, 18.40359731999999937 ) ) ;
#6124 = FACE_BOUND ( 'NONE', #1125, .T. ) ;
#6125 = EDGE_LOOP ( 'NONE', ( #3643, #6827, #5338, #1884 ) ) ;
#6126 = VERTEX_POINT ( 'NONE', #2504 ) ;
#6127 = ADVANCED_FACE ( 'NONE', ( #274 ), #812, .T. ) ;
#6128 = EDGE_CURVE ( 'NONE', #5148, #3463, #5810, .T. ) ;
#6129 = VECTOR ( 'NONE', #4839, 1000.000000000000000 ) ;
#6130 = CARTESIAN_POINT ( 'NONE',  ( 39.64477099867147558, 9.487847544181342130, 21.99999800000000150 ) ) ;
#6131 = CARTESIAN_POINT ( 'NONE',  ( 14.85349142309807391, -1.524148547166637835, 22.00359731999999724 ) ) ;
#6132 = CARTESIAN_POINT ( 'NONE',  ( 24.24257555817517584, -27.16610741976212395, 22.88320931367884725 ) ) ;
#6133 = ORIENTED_EDGE ( 'NONE', *, *, #4433, .T. ) ;
#6134 = ORIENTED_EDGE ( 'NONE', *, *, #4564, .F. ) ;
#6135 = DIRECTION ( 'NONE',  ( 1.761694111969794543E-05, 0.9999999998448216854, 0.000000000000000000 ) ) ;
#6136 = AXIS2_PLACEMENT_3D ( 'NONE', #4432, #6002, #6684 ) ;
#6137 = CARTESIAN_POINT ( 'NONE',  ( 26.28621100701933599, 23.98846797503755468, 23.19999800000000079 ) ) ;
#6138 = CIRCLE ( 'NONE', #6262, 1.199999999999999734 ) ;
#6139 = VECTOR ( 'NONE', #2344, 1000.000000000000000 ) ;
#6140 = DIRECTION ( 'NONE',  ( -0.000000000000000000, -0.000000000000000000, 1.000000000000000000 ) ) ;
#6141 = AXIS2_PLACEMENT_3D ( 'NONE', #1060, #3910, #3380 ) ;
#6142 = DIRECTION ( 'NONE',  ( 0.000000000000000000, 0.000000000000000000, 1.000000000000000000 ) ) ;
#6143 = DIRECTION ( 'NONE',  ( 1.462890879734001726E-19, 1.982586837396489249E-35, -1.000000000000000000 ) ) ;
#6144 = VERTEX_POINT ( 'NONE', #3548 ) ;
#6145 = VECTOR ( 'NONE', #1016, 1000.000000000000000 ) ;
#6146 = DIRECTION ( 'NONE',  ( 0.000000000000000000, 0.000000000000000000, -1.000000000000000000 ) ) ;
#6147 = CARTESIAN_POINT ( 'NONE',  ( 37.89477099867147558, -12.51215245581865609, 23.19999800000000079 ) ) ;
#6148 = DIRECTION ( 'NONE',  ( 0.000000000000000000, 0.000000000000000000, 1.000000000000000000 ) ) ;
#6149 = LINE ( 'NONE', #1658, #6900 ) ;
#6150 = CYLINDRICAL_SURFACE ( 'NONE', #311, 0.9999999999999974465 ) ;
#6151 = ORIENTED_EDGE ( 'NONE', *, *, #5632, .T. ) ;
#6152 = EDGE_LOOP ( 'NONE', ( #1950, #4890, #1380, #4406, #4581, #4398, #6490, #2838 ) ) ;
#6153 = EDGE_CURVE ( 'NONE', #1957, #4729, #1955, .T. ) ;
#6154 = PRODUCT_DEFINITION ( 'Œ¥÷™', '', #5479, #1952 ) ;
#6155 = DIRECTION ( 'NONE',  ( -0.7071067811865536790, 0.000000000000000000, -0.7071067811865414665 ) ) ;
#6156 = CARTESIAN_POINT ( 'NONE',  ( -0.9726323032707117067, -3.526097329696597171, 18.40359731999999937 ) ) ;
#6157 = ORIENTED_EDGE ( 'NONE', *, *, #6994, .T. ) ;
#6158 = CARTESIAN_POINT ( 'NONE',  ( 36.98149227759007118, -9.733150561326645800, 19.20359732000000008 ) ) ;
#6159 = ORIENTED_EDGE ( 'NONE', *, *, #5995, .F. ) ;
#6160 = CARTESIAN_POINT ( 'NONE',  ( 14.85349142309807391, -1.524148547166637835, 22.99999799999999794 ) ) ;
#6161 = ORIENTED_EDGE ( 'NONE', *, *, #5044, .T. ) ;
#6162 = CARTESIAN_POINT ( 'NONE',  ( 24.69849011171107378, 21.53784716418134693, 23.19999800000000079 ) ) ;
#6163 = ORIENTED_EDGE ( 'NONE', *, *, #6212, .F. ) ;
#6164 = AXIS2_PLACEMENT_3D ( 'NONE', #3574, #2495, #801 ) ;
#6165 = DIRECTION ( 'NONE',  ( 1.761694112589338497E-05, -0.9999999998448216854, 0.000000000000000000 ) ) ;
#6166 = DIRECTION ( 'NONE',  ( 1.000000000000000000, 0.000000000000000000, 0.000000000000000000 ) ) ;
#6167 = CARTESIAN_POINT ( 'NONE',  ( 24.85704986940510963, -27.16849090964251801, 22.84697664387529770 ) ) ;
#6168 = ORIENTED_EDGE ( 'NONE', *, *, #1871, .T. ) ;
#6169 = ORIENTED_EDGE ( 'NONE', *, *, #3984, .T. ) ;
#6170 = FACE_OUTER_BOUND ( 'NONE', #25, .T. ) ;
#6171 = ADVANCED_FACE ( 'NONE', ( #4216 ), #3026, .F. ) ;
#6172 = AXIS2_PLACEMENT_3D ( 'NONE', #7064, #4937, #5484 ) ;
#6173 = EDGE_CURVE ( 'NONE', #595, #2290, #6528, .T. ) ;
#6174 = DIRECTION ( 'NONE',  ( 1.000000000000000000, 0.000000000000000000, 0.000000000000000000 ) ) ;
#6175 = AXIS2_PLACEMENT_3D ( 'NONE', #3058, #271, #1223 ) ;
#6176 = FACE_OUTER_BOUND ( 'NONE', #6604, .T. ) ;
#6177 = AXIS2_PLACEMENT_3D ( 'NONE', #4888, #1547, #5997 ) ;
#6178 = EDGE_CURVE ( 'NONE', #1064, #2052, #4141, .T. ) ;
#6179 = CARTESIAN_POINT ( 'NONE',  ( 36.19477099867147274, -12.51215245581865609, 22.99999799999999794 ) ) ;
#6180 = FACE_OUTER_BOUND ( 'NONE', #1436, .T. ) ;
#6181 = ORIENTED_EDGE ( 'NONE', *, *, #5499, .F. ) ;
#6182 = CONICAL_SURFACE ( 'NONE', #4085, 1.520000000000000462, 0.7188299996216268584 ) ;
#6183 = DIRECTION ( 'NONE',  ( -0.7071067811865414665, 0.000000000000000000, 0.7071067811865536790 ) ) ;
#6184 = ORIENTED_EDGE ( 'NONE', *, *, #1068, .T. ) ;
#6185 = EDGE_LOOP ( 'NONE', ( #4334, #6220, #5032, #5551 ) ) ;
#6186 = AXIS2_PLACEMENT_3D ( 'NONE', #111, #143, #6856 ) ;
#6187 = PLANE ( 'NONE',  #142 ) ;
#6188 = CARTESIAN_POINT ( 'NONE',  ( 28.09477099867147487, 9.487847544181342130, 22.99999799999999794 ) ) ;
#6189 = VECTOR ( 'NONE', #588, 1000.000000000000000 ) ;
#6190 = DIRECTION ( 'NONE',  ( 0.9999999998448928507, -1.761290502088552759E-05, 0.000000000000000000 ) ) ;
#6191 = CARTESIAN_POINT ( 'NONE',  ( 9.129233762251150353, 7.426722893499331235, 21.96359842000000029 ) ) ;
#6192 = VERTEX_POINT ( 'NONE', #4753 ) ;
#6193 = CARTESIAN_POINT ( 'NONE',  ( 25.81716233851473419, -27.15139527456192425, 23.08636224920364555 ) ) ;
#6194 = DIRECTION ( 'NONE',  ( 1.000000000000000000, 0.000000000000000000, 0.000000000000000000 ) ) ;
#6195 = ORIENTED_EDGE ( 'NONE', *, *, #7062, .F. ) ;
#6196 = ORIENTED_EDGE ( 'NONE', *, *, #1088, .T. ) ;
#6197 = FACE_OUTER_BOUND ( 'NONE', #503, .T. ) ;
#6198 = DIRECTION ( 'NONE',  ( 1.000000000000000000, 0.000000000000000000, 0.000000000000000000 ) ) ;
#6199 = ORIENTED_EDGE ( 'NONE', *, *, #5946, .F. ) ;
#6200 = EDGE_CURVE ( 'NONE', #1754, #748, #746, .T. ) ;
#6201 = DIRECTION ( 'NONE',  ( 1.000000000000000000, 0.000000000000000000, 0.000000000000000000 ) ) ;
#6202 = ORIENTED_EDGE ( 'NONE', *, *, #774, .T. ) ;
#6203 = VECTOR ( 'NONE', #140, 1000.000000000000000 ) ;
#6204 = CARTESIAN_POINT ( 'NONE',  ( 24.69852675326963265, 0.5682299609923481265, 8.999997999999999720 ) ) ;
#6205 = CARTESIAN_POINT ( 'NONE',  ( 18.87849142309807604, -1.524148547166637835, 22.99999799999999084 ) ) ;
#6206 = VECTOR ( 'NONE', #3119, 1000.000000000000000 ) ;
#6207 = ORIENTED_EDGE ( 'NONE', *, *, #3608, .T. ) ;
#6208 = EDGE_LOOP ( 'NONE', ( #3552, #3481, #4507, #848 ) ) ;
#6209 = CARTESIAN_POINT ( 'NONE',  ( 39.08049337622307462, 7.319848523146356811, 19.20359732000000008 ) ) ;
#6210 = CARTESIAN_POINT ( 'NONE',  ( 14.78608801174350873, 13.08357714299167185, 40.75345354922610142 ) ) ;
#6211 = VECTOR ( 'NONE', #508, 1000.000000000000000 ) ;
#6212 = EDGE_CURVE ( 'NONE', #1966, #6091, #5342, .T. ) ;
#6213 = CARTESIAN_POINT ( 'NONE',  ( 14.85349142309807391, -1.524148547166637835, 22.00359731999999724 ) ) ;
#6214 = ADVANCED_FACE ( 'NONE', ( #7024 ), #2989, .F. ) ;
#6215 = DIRECTION ( 'NONE',  ( -0.7071067811865414665, 0.000000000000000000, 0.7071067811865536790 ) ) ;
#6216 = DIRECTION ( 'NONE',  ( -1.462890879734001004E-19, -3.738525562561796146E-35, 1.000000000000000000 ) ) ;
#6217 = VERTEX_POINT ( 'NONE', #5292 ) ;
#6218 = VECTOR ( 'NONE', #1486, 1000.000000000000000 ) ;
#6219 = DIRECTION ( 'NONE',  ( 0.000000000000000000, 0.000000000000000000, 1.000000000000000000 ) ) ;
#6220 = ORIENTED_EDGE ( 'NONE', *, *, #1722, .F. ) ;
#6221 = CARTESIAN_POINT ( 'NONE',  ( 8.630438470952455532, -3.563214443583345492, 22.99999800000000505 ) ) ;
#6222 = CONICAL_SURFACE ( 'NONE', #5753, 0.7500000000000006661, 0.7853981633974396193 ) ;
#6223 = EDGE_CURVE ( 'NONE', #2707, #4215, #5253, .T. ) ;
#6224 = VECTOR ( 'NONE', #195, 1000.000000000000000 ) ;
#6225 = EDGE_CURVE ( 'NONE', #6763, #6086, #5220, .T. ) ;
#6226 = CARTESIAN_POINT ( 'NONE',  ( 26.14477099867147203, -12.51215245581865609, 22.99999799999999794 ) ) ;
#6227 = CIRCLE ( 'NONE', #6830, 0.9499999999999995115 ) ;
#6228 = CARTESIAN_POINT ( 'NONE',  ( 7.430438470952362984, 5.206785556416654082, 23.19999800000000079 ) ) ;
#6229 = CARTESIAN_POINT ( 'NONE',  ( 25.05949410864506532, 1.426849255568360508, 19.20359732000000008 ) ) ;
#6230 = AXIS2_PLACEMENT_3D ( 'NONE', #2387, #1898, #4130 ) ;
#6231 = ORIENTED_EDGE ( 'NONE', *, *, #2239, .T. ) ;
#6232 = VERTEX_POINT ( 'NONE', #129 ) ;
#6233 = FACE_BOUND ( 'NONE', #4525, .T. ) ;
#6234 = CARTESIAN_POINT ( 'NONE',  ( 24.69849011171107378, -24.56215207581864135, 23.19999800000000079 ) ) ;
#6235 = VERTEX_POINT ( 'NONE', #2370 ) ;
#6236 = ORIENTED_EDGE ( 'NONE', *, *, #525, .F. ) ;
#6237 = CARTESIAN_POINT ( 'NONE',  ( 40.39477099867147558, -12.51215245581865609, 21.99999800000000150 ) ) ;
#6238 = ORIENTED_EDGE ( 'NONE', *, *, #2858, .T. ) ;
#6239 = AXIS2_PLACEMENT_3D ( 'NONE', #6118, #5414, #6083 ) ;
#6240 = DIRECTION ( 'NONE',  ( -1.000000000000000000, 0.000000000000000000, 0.000000000000000000 ) ) ;
#6241 = EDGE_LOOP ( 'NONE', ( #2925, #6825, #4007, #492 ) ) ;
#6242 = CARTESIAN_POINT ( 'NONE',  ( 24.87260749056700604, 24.23728069682119468, 22.75407224113857296 ) ) ;
#6243 = CARTESIAN_POINT ( 'NONE',  ( 18.04445771906733853, -6.724021125491290718, 18.40359731999999937 ) ) ;
#6244 = ADVANCED_FACE ( 'NONE', ( #1848 ), #4619, .T. ) ;
#6245 = ORIENTED_EDGE ( 'NONE', *, *, #4184, .F. ) ;
#6246 = ORIENTED_EDGE ( 'NONE', *, *, #6223, .F. ) ;
#6247 = ADVANCED_FACE ( 'NONE', ( #6879 ), #658, .T. ) ;
#6248 = DIRECTION ( 'NONE',  ( -1.000000000000000000, 0.000000000000000000, 0.000000000000000000 ) ) ;
#6249 = CIRCLE ( 'NONE', #1078, 0.9999999999999974465 ) ;
#6250 = DIRECTION ( 'NONE',  ( 0.000000000000000000, 0.000000000000000000, 1.000000000000000000 ) ) ;
#6251 = CARTESIAN_POINT ( 'NONE',  ( 11.05349142309807675, -1.563214443583704316, 21.40359731999999937 ) ) ;
#6252 = CIRCLE ( 'NONE', #6491, 25.74999999999999645 ) ;
#6253 = CARTESIAN_POINT ( 'NONE',  ( 35.98149282690607009, 12.22185072041136245, 19.20359732000000008 ) ) ;
#6254 = VERTEX_POINT ( 'NONE', #1816 ) ;
#6255 = DIRECTION ( 'NONE',  ( 1.000000000000000000, 0.000000000000000000, 0.000000000000000000 ) ) ;
#6256 = ORIENTED_EDGE ( 'NONE', *, *, #6808, .T. ) ;
#6257 = ORIENTED_EDGE ( 'NONE', *, *, #6225, .T. ) ;
#6258 = CARTESIAN_POINT ( 'NONE',  ( 44.85549282690607242, -14.01615056132663995, 19.20359732000000008 ) ) ;
#6259 = VECTOR ( 'NONE', #3488, 1000.000000000000000 ) ;
#6260 = CIRCLE ( 'NONE', #979, 0.9499999999999995115 ) ;
#6261 = CARTESIAN_POINT ( 'NONE',  ( 8.630438470952407570, 0.8867855564166541305, 22.99999800000000505 ) ) ;
#6262 = AXIS2_PLACEMENT_3D ( 'NONE', #2396, #2950, #306 ) ;
#6263 = FACE_OUTER_BOUND ( 'NONE', #3220, .T. ) ;
#6264 = AXIS2_PLACEMENT_3D ( 'NONE', #4650, #3547, #6415 ) ;
#6265 = LINE ( 'NONE', #3963, #2302 ) ;
#6266 = CARTESIAN_POINT ( 'NONE',  ( 39.64477099867147558, -12.51215245581865609, 21.99999800000000150 ) ) ;
#6267 = AXIS2_PLACEMENT_3D ( 'NONE', #2968, #3493, #5131 ) ;
#6268 = EDGE_CURVE ( 'NONE', #2806, #2901, #4080, .T. ) ;
#6269 = EDGE_CURVE ( 'NONE', #5515, #7066, #5579, .T. ) ;
#6270 = CARTESIAN_POINT ( 'NONE',  ( 7.630438470952453756, -8.063214443583346380, 21.40359731999999937 ) ) ;
#6271 = ORIENTED_EDGE ( 'NONE', *, *, #6268, .F. ) ;
#6272 = ORIENTED_EDGE ( 'NONE', *, *, #4229, .F. ) ;
#6273 = CARTESIAN_POINT ( 'NONE',  ( 19.02849441382007711, -4.967150744431644505, 21.40359731999999937 ) ) ;
#6274 = ADVANCED_FACE ( 'NONE', ( #3780 ), #2057, .F. ) ;
#6275 =( LENGTH_UNIT ( ) NAMED_UNIT ( * ) SI_UNIT ( .MILLI., .METRE. ) );
#6276 = ORIENTED_EDGE ( 'NONE', *, *, #1225, .F. ) ;
#6277 = DIRECTION ( 'NONE',  ( 1.000000000000000000, 0.000000000000000000, 0.000000000000000000 ) ) ;
#6278 = ORIENTED_EDGE ( 'NONE', *, *, #2615, .F. ) ;
#6279 = CARTESIAN_POINT ( 'NONE',  ( 24.63588072620555636, 24.23779402065863309, 22.74908998036428898 ) ) ;
#6280 = DIRECTION ( 'NONE',  ( -1.000000000000000000, 0.000000000000000000, -0.000000000000000000 ) ) ;
#6281 = VERTEX_POINT ( 'NONE', #930 ) ;
#6282 = ORIENTED_EDGE ( 'NONE', *, *, #792, .T. ) ;
#6283 = AXIS2_PLACEMENT_3D ( 'NONE', #5101, #7240, #1170 ) ;
#6284 = CARTESIAN_POINT ( 'NONE',  ( 26.21849011171107335, -24.56215207581864135, 21.59999800000001002 ) ) ;
#6285 = CARTESIAN_POINT ( 'NONE',  ( 7.030438470952728558, 3.406785556417013083, 21.40359731999999937 ) ) ;
#6286 = EDGE_CURVE ( 'NONE', #5221, #6506, #3854, .T. ) ;
#6287 = AXIS2_PLACEMENT_3D ( 'NONE', #175, #1833, #2420 ) ;
#6288 = FACE_OUTER_BOUND ( 'NONE', #164, .T. ) ;
#6289 = CARTESIAN_POINT ( 'NONE',  ( 18.87849142309807604, -1.524148547166637835, 22.99999799999999084 ) ) ;
#6290 = LINE ( 'NONE', #6894, #1168 ) ;
#6291 = EDGE_LOOP ( 'NONE', ( #2223, #6199 ) ) ;
#6292 = CARTESIAN_POINT ( 'NONE',  ( 18.04445771906733853, -6.724021125491290718, 21.40359731999999937 ) ) ;
#6293 = CIRCLE ( 'NONE', #1467, 1.000000000000000888 ) ;
#6294 = VECTOR ( 'NONE', #6869, 1000.000000000000000 ) ;
#6295 = CARTESIAN_POINT ( 'NONE',  ( 23.17849011171107421, -24.56215207581864135, 21.59999800000001002 ) ) ;
#6296 = DIRECTION ( 'NONE',  ( -1.000000000000000000, 3.973863315599725925E-16, 0.000000000000000000 ) ) ;
#6297 = VECTOR ( 'NONE', #5282, 1000.000000000000000 ) ;
#6298 = CARTESIAN_POINT ( 'NONE',  ( 6.030438470952724117, -1.512152455818471797, 21.40359731999999937 ) ) ;
#6299 = CARTESIAN_POINT ( 'NONE',  ( 44.85549282690607242, -9.733150561326645800, 19.20359732000000008 ) ) ;
#6300 = AXIS2_PLACEMENT_3D ( 'NONE', #4712, #223, #5285 ) ;
#6301 = ORIENTED_EDGE ( 'NONE', *, *, #6331, .F. ) ;
#6302 = DIRECTION ( 'NONE',  ( 1.000000000000000000, 0.000000000000000000, 0.000000000000000000 ) ) ;
#6303 = FACE_OUTER_BOUND ( 'NONE', #3199, .T. ) ;
#6304 = VERTEX_POINT ( 'NONE', #4288 ) ;
#6305 = AXIS2_PLACEMENT_3D ( 'NONE', #6510, #3124, #3644 ) ;
#6306 = ADVANCED_FACE ( 'NONE', ( #1516 ), #4324, .F. ) ;
#6307 = ORIENTED_EDGE ( 'NONE', *, *, #6533, .T. ) ;
#6308 = CARTESIAN_POINT ( 'NONE',  ( 39.64477099867147558, 9.487847544181342130, 21.99999800000000150 ) ) ;
#6309 = ADVANCED_FACE ( 'NONE', ( #3741 ), #5969, .T. ) ;
#6310 = CARTESIAN_POINT ( 'NONE',  ( 23.75947189228485001, 24.22073121619733271, 22.91061057337541840 ) ) ;
#6311 = CARTESIAN_POINT ( 'NONE',  ( 36.98149227759007118, -9.733150561326645800, 19.20359732000000008 ) ) ;
#6312 = VERTEX_POINT ( 'NONE', #3219 ) ;
#6313 = ORIENTED_EDGE ( 'NONE', *, *, #5896, .F. ) ;
#6314 = FACE_OUTER_BOUND ( 'NONE', #3870, .T. ) ;
#6315 = EDGE_CURVE ( 'NONE', #3599, #4829, #3142, .T. ) ;
#6316 = EDGE_CURVE ( 'NONE', #3679, #4415, #5939, .T. ) ;
#6317 = VECTOR ( 'NONE', #3996, 1000.000000000000000 ) ;
#6318 = ADVANCED_FACE ( 'NONE', ( #421 ), #6568, .F. ) ;
#6319 = CARTESIAN_POINT ( 'NONE',  ( 25.53290966492878766, 24.13504791924692938, 22.98032446389584038 ) ) ;
#6320 = CARTESIAN_POINT ( 'NONE',  ( 33.29477099867147416, 9.487847544181342130, 23.19999800000000079 ) ) ;
#6321 = VERTEX_POINT ( 'NONE', #6042 ) ;
#6322 = ORIENTED_EDGE ( 'NONE', *, *, #5163, .T. ) ;
#6323 = CARTESIAN_POINT ( 'NONE',  ( 23.57981788490743469, 24.12709036292463338, 23.08636224920363489 ) ) ;
#6324 = CARTESIAN_POINT ( 'NONE',  ( 24.69849011171107378, 12.22185072041135889, 18.40359731999999937 ) ) ;
#6325 = CARTESIAN_POINT ( 'NONE',  ( 19.02849441382007711, -1.512152455818657204, 21.40359731999999937 ) ) ;
#6326 = CYLINDRICAL_SURFACE ( 'NONE', #3365, 1.000000000000000888 ) ;
#6327 = DIRECTION ( 'NONE',  ( -0.000000000000000000, -0.000000000000000000, 1.000000000000000000 ) ) ;
#6328 = ORIENTED_EDGE ( 'NONE', *, *, #6930, .F. ) ;
#6329 = CARTESIAN_POINT ( 'NONE',  ( 16.43349142309807576, -1.524148547166637835, 22.99999799999999794 ) ) ;
#6330 = CARTESIAN_POINT ( 'NONE',  ( 39.08049337622307462, 7.319848523146356811, 19.20359732000000008 ) ) ;
#6331 = EDGE_CURVE ( 'NONE', #6724, #476, #4363, .T. ) ;
#6332 = CARTESIAN_POINT ( 'NONE',  ( 3.565793776249551961, 13.20082296022724577, 22.99999799999999439 ) ) ;
#6333 = CIRCLE ( 'NONE', #4688, 1.000000000000000888 ) ;
#6334 = CARTESIAN_POINT ( 'NONE',  ( 3.299342464345993431, 13.55384754846267903, 23.19999800000000079 ) ) ;
#6335 = DIRECTION ( 'NONE',  ( 0.000000000000000000, 1.000000000000000000, 0.000000000000000000 ) ) ;
#6336 = LINE ( 'NONE', #1288, #3810 ) ;
#6337 = AXIS2_PLACEMENT_3D ( 'NONE', #7131, #6520, #1509 ) ;
#6338 = CARTESIAN_POINT ( 'NONE',  ( 36.94477099867147274, 9.487847544181342130, 23.19999800000000079 ) ) ;
#6339 = AXIS2_PLACEMENT_3D ( 'NONE', #3818, #6004, #2582 ) ;
#6340 = EDGE_LOOP ( 'NONE', ( #2779, #2747, #578, #2448 ) ) ;
#6341 = AXIS2_PLACEMENT_3D ( 'NONE', #4498, #6107, #1066 ) ;
#6342 = FACE_OUTER_BOUND ( 'NONE', #2440, .T. ) ;
#6343 = CARTESIAN_POINT ( 'NONE',  ( 25.34802645313184755, 24.22969889391332998, 22.82675521523935913 ) ) ;
#6344 = CARTESIAN_POINT ( 'NONE',  ( 32.33349227759007505, -9.733150561326636918, 19.20359732000000008 ) ) ;
#6345 = EDGE_LOOP ( 'NONE', ( #2120, #5892, #432, #423 ) ) ;
#6346 = APPLICATION_PROTOCOL_DEFINITION ( 'draft international standard', 'automotive_design', 1998, #3184 ) ;
#6347 = VERTEX_POINT ( 'NONE', #4897 ) ;
#6348 = VERTEX_POINT ( 'NONE', #1441 ) ;
#6349 = CARTESIAN_POINT ( 'NONE',  ( 28.19145600356559456, 2.024047956598705955, 23.19999800000000079 ) ) ;
#6350 = EDGE_CURVE ( 'NONE', #1736, #4918, #893, .T. ) ;
#6351 = CARTESIAN_POINT ( 'NONE',  ( 23.99381105635869105, 24.13782585857428131, 22.94126221087912043 ) ) ;
#6352 = B_SPLINE_CURVE_WITH_KNOTS ( 'NONE', 3,
 ( #352, #2583, #4826, #7103 ),
 .UNSPECIFIED., .F., .F.,
 ( 4, 4 ),
 ( 0.000000000000000000, 0.0005021313631345247904 ),
 .UNSPECIFIED. ) ;
#6353 = DIRECTION ( 'NONE',  ( 0.000000000000000000, -1.000000000000000000, 0.000000000000000000 ) ) ;
#6354 = AXIS2_PLACEMENT_3D ( 'NONE', #3327, #2075, #3785 ) ;
#6355 = ORIENTED_EDGE ( 'NONE', *, *, #1920, .F. ) ;
#6356 = ORIENTED_EDGE ( 'NONE', *, *, #6958, .T. ) ;
#6357 = ORIENTED_EDGE ( 'NONE', *, *, #609, .T. ) ;
#6358 = EDGE_CURVE ( 'NONE', #4215, #615, #6610, .T. ) ;
#6359 = ADVANCED_FACE ( 'NONE', ( #2621 ), #314, .F. ) ;
#6360 = DIRECTION ( 'NONE',  ( 0.000000000000000000, 0.000000000000000000, 1.000000000000000000 ) ) ;
#6361 = VERTEX_POINT ( 'NONE', #5376 ) ;
#6362 = ORIENTED_EDGE ( 'NONE', *, *, #5283, .F. ) ;
#6363 = PLANE ( 'NONE',  #6577 ) ;
#6364 = ADVANCED_FACE ( 'NONE', ( #6077 ), #4788, .F. ) ;
#6365 = DIRECTION ( 'NONE',  ( 1.000000000000000000, 0.000000000000000000, 0.000000000000000000 ) ) ;
#6366 = ORIENTED_EDGE ( 'NONE', *, *, #6639, .F. ) ;
#6367 = DIRECTION ( 'NONE',  ( 0.000000000000000000, 0.000000000000000000, 1.000000000000000000 ) ) ;
#6368 = DIRECTION ( 'NONE',  ( 0.000000000000000000, 0.000000000000000000, 1.000000000000000000 ) ) ;
#6369 = FACE_OUTER_BOUND ( 'NONE', #4677, .T. ) ;
#6370 = AXIS2_PLACEMENT_3D ( 'NONE', #7214, #1007, #4864 ) ;
#6371 = CARTESIAN_POINT ( 'NONE',  ( 35.98149227759007118, -14.01615056132663995, 18.40359731999999937 ) ) ;
#6372 = VECTOR ( 'NONE', #3826, 1000.000000000000000 ) ;
#6373 = CARTESIAN_POINT ( 'NONE',  ( 23.17849011171107421, -24.56215207581864135, 18.40359731999999937 ) ) ;
#6374 = PLANE ( 'NONE',  #5694 ) ;
#6375 = CARTESIAN_POINT ( 'NONE',  ( 8.630438470952455532, -3.563214443583345492, 8.998998000000000275 ) ) ;
#6376 = DIRECTION ( 'NONE',  ( 0.000000000000000000, -1.000000000000000000, 0.000000000000000000 ) ) ;
#6377 = DIRECTION ( 'NONE',  ( 0.000000000000000000, 1.000000000000000000, 0.000000000000000000 ) ) ;
#6378 = CIRCLE ( 'NONE', #730, 1.000000000000000888 ) ;
#6379 = VERTEX_POINT ( 'NONE', #3701 ) ;
#6380 = CARTESIAN_POINT ( 'NONE',  ( 7.630438470952452867, -3.563214443583345492, 21.40359731999999937 ) ) ;
#6381 = DIRECTION ( 'NONE',  ( -1.000000000000000000, 0.000000000000000000, 0.000000000000000000 ) ) ;
#6382 = VECTOR ( 'NONE', #591, 1000.000000000000000 ) ;
#6383 = CARTESIAN_POINT ( 'NONE',  ( 28.09477099867147487, 9.487847544181342130, 21.99999800000000150 ) ) ;
#6384 = ORIENTED_EDGE ( 'NONE', *, *, #6268, .T. ) ;
#6385 = ORIENTED_EDGE ( 'NONE', *, *, #5874, .F. ) ;
#6386 = LINE ( 'NONE', #2507, #479 ) ;
#6387 = EDGE_CURVE ( 'NONE', #486, #2479, #6352, .T. ) ;
#6388 = CARTESIAN_POINT ( 'NONE',  ( 26.18571625020407012, 24.19493089609026271, 23.14079210162956102 ) ) ;
#6389 = VECTOR ( 'NONE', #3700, 999.9999999999998863 ) ;
#6390 = CARTESIAN_POINT ( 'NONE',  ( 25.63750833127120998, -27.24503612782979189, 22.91061057343042506 ) ) ;
#6391 = VERTEX_POINT ( 'NONE', #5933 ) ;
#6392 = CARTESIAN_POINT ( 'NONE',  ( 21.66549410864507053, -3.167150744431641129, 19.20359732000000008 ) ) ;
#6393 = DIRECTION ( 'NONE',  ( -0.000000000000000000, -0.000000000000000000, -1.000000000000000000 ) ) ;
#6394 = ADVANCED_FACE ( 'NONE', ( #2034 ), #6526, .F. ) ;
#6395 = EDGE_CURVE ( 'NONE', #1530, #5118, #1772, .T. ) ;
#6396 = DIRECTION ( 'NONE',  ( 0.000000000000000000, 0.000000000000000000, 1.000000000000000000 ) ) ;
#6397 = EDGE_LOOP ( 'NONE', ( #2674, #2366, #683, #4963 ) ) ;
#6398 = PLANE ( 'NONE',  #2900 ) ;
#6399 = DIRECTION ( 'NONE',  ( 1.000000000000000000, 0.000000000000000000, 0.000000000000000000 ) ) ;
#6400 = CARTESIAN_POINT ( 'NONE',  ( 23.52106251920850966, -27.23521922991099586, 22.99999799999999439 ) ) ;
#6401 = EDGE_CURVE ( 'NONE', #4499, #4337, #2843, .T. ) ;
#6402 = FACE_OUTER_BOUND ( 'NONE', #1779, .T. ) ;
#6403 = ADVANCED_FACE ( 'NONE', ( #5113 ), #3924, .T. ) ;
#6404 = VECTOR ( 'NONE', #3243, 1000.000000000000000 ) ;
#6405 = LINE ( 'NONE', #5840, #5943 ) ;
#6406 = CARTESIAN_POINT ( 'NONE',  ( -0.9246057082889275192, 6.319848523146355923, 19.20359732000000008 ) ) ;
#6407 = FACE_OUTER_BOUND ( 'NONE', #6345, .T. ) ;
#6408 = DIRECTION ( 'NONE',  ( 0.000000000000000000, 0.000000000000000000, 1.000000000000000000 ) ) ;
#6409 = VECTOR ( 'NONE', #5184, 1000.000000000000000 ) ;
#6410 = FACE_OUTER_BOUND ( 'NONE', #4338, .T. ) ;
#6411 = VERTEX_POINT ( 'NONE', #5672 ) ;
#6412 = AXIS2_PLACEMENT_3D ( 'NONE', #3013, #2392, #5771 ) ;
#6413 = DIRECTION ( 'NONE',  ( -1.000000000000000000, 0.000000000000000000, 0.000000000000000000 ) ) ;
#6414 = AXIS2_PLACEMENT_3D ( 'NONE', #2251, #7248, #6761 ) ;
#6415 = DIRECTION ( 'NONE',  ( -1.462890879734001726E-19, 0.000000000000000000, 1.000000000000000000 ) ) ;
#6416 = DIRECTION ( 'NONE',  ( -1.000000000000000000, 0.000000000000000000, 0.000000000000000000 ) ) ;
#6417 = ORIENTED_EDGE ( 'NONE', *, *, #5257, .T. ) ;
#6418 = ORIENTED_EDGE ( 'NONE', *, *, #1809, .T. ) ;
#6419 = DIRECTION ( 'NONE',  ( 1.000000000000000000, 0.000000000000000000, 0.000000000000000000 ) ) ;
#6420 = AXIS2_PLACEMENT_3D ( 'NONE', #2573, #7130, #957 ) ;
#6421 = CARTESIAN_POINT ( 'NONE',  ( 23.43880830521868930, 24.12221575483647840, 23.14801948738535131 ) ) ;
#6422 = CARTESIAN_POINT ( 'NONE',  ( 36.19477099867147274, -12.51215245581865609, 22.99999799999999794 ) ) ;
#6423 = ADVANCED_FACE ( 'NONE', ( #6722 ), #6150, .F. ) ;
#6424 = VERTEX_POINT ( 'NONE', #3997 ) ;
#6425 = ORIENTED_EDGE ( 'NONE', *, *, #2985, .T. ) ;
#6426 = PLANE ( 'NONE',  #6267 ) ;
#6427 = VERTEX_POINT ( 'NONE', #2732 ) ;
#6428 = ORIENTED_EDGE ( 'NONE', *, *, #125, .T. ) ;
#6429 = DIRECTION ( 'NONE',  ( -0.000000000000000000, -0.000000000000000000, -1.000000000000000000 ) ) ;
#6430 = CARTESIAN_POINT ( 'NONE',  ( 25.75443818040064770, -27.24057219088929926, 22.95162847848464693 ) ) ;
#6431 = VERTEX_POINT ( 'NONE', #639 ) ;
#6432 = DIRECTION ( 'NONE',  ( 0.000000000000000000, 1.000000000000000000, 0.000000000000000000 ) ) ;
#6433 = LINE ( 'NONE', #4704, #6835 ) ;
#6434 = FACE_OUTER_BOUND ( 'NONE', #1730, .T. ) ;
#6435 = EDGE_CURVE ( 'NONE', #5314, #2061, #4467, .T. ) ;
#6436 = CARTESIAN_POINT ( 'NONE',  ( 23.94426305912952913, -27.16124792584346537, 22.95410674219847991 ) ) ;
#6437 = CARTESIAN_POINT ( 'NONE',  ( 36.94477099867147274, -12.51215245581865609, 22.99999799999999794 ) ) ;
#6438 = DIRECTION ( 'NONE',  ( 1.000000000000000000, 0.000000000000000000, 0.000000000000000000 ) ) ;
#6439 = DIRECTION ( 'NONE',  ( -0.7071067811865536790, 0.000000000000000000, -0.7071067811865414665 ) ) ;
#6440 = EDGE_LOOP ( 'NONE', ( #5662, #3653, #5194, #6041 ) ) ;
#6441 = EDGE_LOOP ( 'NONE', ( #6134, #1611, #2122, #5333 ) ) ;
#6442 = EDGE_CURVE ( 'NONE', #4489, #6694, #4523, .T. ) ;
#6443 = DIRECTION ( 'NONE',  ( 1.000000000000000000, 0.000000000000000000, 0.000000000000000000 ) ) ;
#6444 = CYLINDRICAL_SURFACE ( 'NONE', #1524, 1.000000000000000888 ) ;
#6445 = EDGE_CURVE ( 'NONE', #7249, #6424, #6265, .T. ) ;
#6446 = VERTEX_POINT ( 'NONE', #2324 ) ;
#6447 = DIRECTION ( 'NONE',  ( -0.000000000000000000, -0.000000000000000000, 1.000000000000000000 ) ) ;
#6448 = CARTESIAN_POINT ( 'NONE',  ( 32.33349227759008215, -15.01615056132663995, 19.20359732000000008 ) ) ;
#6449 = DIRECTION ( 'NONE',  ( 0.000000000000000000, 1.000000000000000000, 0.000000000000000000 ) ) ;
#6450 = ORIENTED_EDGE ( 'NONE', *, *, #2129, .T. ) ;
#6451 = VERTEX_POINT ( 'NONE', #570 ) ;
#6452 = ORIENTED_EDGE ( 'NONE', *, *, #3392, .F. ) ;
#6453 = CARTESIAN_POINT ( 'NONE',  ( 3.652783241245462165, 13.09235423187697833, 23.13334324995136271 ) ) ;
#6454 = ORIENTED_EDGE ( 'NONE', *, *, #2501, .F. ) ;
#6455 = LINE ( 'NONE', #6495, #1892 ) ;
#6456 = CARTESIAN_POINT ( 'NONE',  ( 24.73619404387407172, 24.14450948187974078, 22.84197645519342501 ) ) ;
#6457 = CARTESIAN_POINT ( 'NONE',  ( 24.44231644324660024, -27.26092475602222365, 22.76047882385743293 ) ) ;
#6458 = VERTEX_POINT ( 'NONE', #6687 ) ;
#6459 = ORIENTED_EDGE ( 'NONE', *, *, #6037, .T. ) ;
#6460 = AXIS2_PLACEMENT_3D ( 'NONE', #5570, #1500, #373 ) ;
#6461 = EDGE_LOOP ( 'NONE', ( #1095, #3754, #4512, #3113 ) ) ;
#6462 = VERTEX_POINT ( 'NONE', #4577 ) ;
#6463 = CARTESIAN_POINT ( 'NONE',  ( 50.36435050381643208, 0.5677779115151426748, 3.500841111824923857 ) ) ;
#6464 = ORIENTED_EDGE ( 'NONE', *, *, #694, .F. ) ;
#6465 = EDGE_LOOP ( 'NONE', ( #1466, #3228, #3485, #2714 ) ) ;
#6466 = EDGE_CURVE ( 'NONE', #2226, #6546, #429, .T. ) ;
#6467 = EDGE_CURVE ( 'NONE', #4901, #5017, #5038, .T. ) ;
#6468 = DIRECTION ( 'NONE',  ( -0.000000000000000000, -0.000000000000000000, 1.000000000000000000 ) ) ;
#6469 = ADVANCED_FACE ( 'NONE', ( #2214 ), #6834, .F. ) ;
#6470 = CARTESIAN_POINT ( 'NONE',  ( 24.65926362649463854, -27.26214491409013263, 22.74864312186090132 ) ) ;
#6471 = VERTEX_POINT ( 'NONE', #6229 ) ;
#6472 = LINE ( 'NONE', #5358, #4769 ) ;
#6473 = PLANE ( 'NONE',  #4806 ) ;
#6474 = PLANE ( 'NONE',  #2270 ) ;
#6475 = DIRECTION ( 'NONE',  ( 0.000000000000000000, 1.000000000000000000, 0.000000000000000000 ) ) ;
#6476 = CARTESIAN_POINT ( 'NONE',  ( 45.79477099867147416, 9.487847544181342130, 21.99999800000000150 ) ) ;
#6477 = LINE ( 'NONE', #412, #2292 ) ;
#6478 = CARTESIAN_POINT ( 'NONE',  ( 19.02849441382007711, -1.512152455818657204, 18.40359731999999937 ) ) ;
#6479 = ORIENTED_EDGE ( 'NONE', *, *, #3661, .T. ) ;
#6480 = CARTESIAN_POINT ( 'NONE',  ( 45.99477099867147700, 9.487847544181342130, 23.19999800000000079 ) ) ;
#6481 = CARTESIAN_POINT ( 'NONE',  ( 8.630438470952455532, -8.063214443583346380, 22.99999800000000505 ) ) ;
#6482 = EDGE_LOOP ( 'NONE', ( #2399, #4767, #4938, #6059 ) ) ;
#6483 = AXIS2_PLACEMENT_3D ( 'NONE', #6504, #4259, #2664 ) ;
#6484 = FACE_OUTER_BOUND ( 'NONE', #4150, .T. ) ;
#6485 = CARTESIAN_POINT ( 'NONE',  ( 41.59477099867147132, 9.487847544181342130, 22.99999799999999794 ) ) ;
#6486 = DIRECTION ( 'NONE',  ( 0.7027442638224183913, 0.7114425483935349348, 0.000000000000000000 ) ) ;
#6487 = EDGE_CURVE ( 'NONE', #6235, #6321, #605, .T. ) ;
#6488 = ORIENTED_EDGE ( 'NONE', *, *, #5082, .F. ) ;
#6489 = ADVANCED_FACE ( 'NONE', ( #1108 ), #1735, .F. ) ;
#6490 = ORIENTED_EDGE ( 'NONE', *, *, #5700, .T. ) ;
#6491 = AXIS2_PLACEMENT_3D ( 'NONE', #451, #2689, #3884 ) ;
#6492 = ORIENTED_EDGE ( 'NONE', *, *, #1402, .T. ) ;
#6493 = DIRECTION ( 'NONE',  ( -0.000000000000000000, -0.000000000000000000, 1.000000000000000000 ) ) ;
#6494 = CIRCLE ( 'NONE', #4725, 0.9499999999999995115 ) ;
#6495 = CARTESIAN_POINT ( 'NONE',  ( 11.23043847095200576, -1.512152455818660757, 18.40359731999999937 ) ) ;
#6496 = ADVANCED_FACE ( 'NONE', ( #1625 ), #3888, .F. ) ;
#6497 = AXIS2_PLACEMENT_3D ( 'NONE', #7126, #2055, #6512 ) ;
#6498 = DIRECTION ( 'NONE',  ( -0.7071067811865530128, 8.659560562355000651E-17, 0.7071067811865421326 ) ) ;
#6499 = DIRECTION ( 'NONE',  ( 1.000000000000000000, 0.000000000000000000, 0.000000000000000000 ) ) ;
#6500 = CIRCLE ( 'NONE', #1434, 25.74999999999999645 ) ;
#6501 = ORIENTED_EDGE ( 'NONE', *, *, #3751, .T. ) ;
#6502 = ORIENTED_EDGE ( 'NONE', *, *, #2352, .T. ) ;
#6503 = EDGE_CURVE ( 'NONE', #3268, #6109, #2766, .T. ) ;
#6504 = CARTESIAN_POINT ( 'NONE',  ( 8.882623226170037967, 7.206785556416294369, 21.40359731999999937 ) ) ;
#6505 = VERTEX_POINT ( 'NONE', #7012 ) ;
#6506 = VERTEX_POINT ( 'NONE', #2982 ) ;
#6507 = CARTESIAN_POINT ( 'NONE',  ( 36.98149282690607720, 11.22185072041135001, 19.20359732000000008 ) ) ;
#6508 = CARTESIAN_POINT ( 'NONE',  ( 23.86430943386546133, -27.24865765953174446, 22.87700875154054359 ) ) ;
#6509 = ORIENTED_EDGE ( 'NONE', *, *, #1178, .F. ) ;
#6510 = CARTESIAN_POINT ( 'NONE',  ( 8.630438470952363161, 5.206785556416654082, 22.99999800000000505 ) ) ;
#6511 = CARTESIAN_POINT ( 'NONE',  ( -0.9246057082889275192, 12.22185072041135889, 19.20359732000000008 ) ) ;
#6512 = DIRECTION ( 'NONE',  ( 1.000000000000000000, 0.000000000000000000, 0.000000000000000000 ) ) ;
#6513 = ADVANCED_FACE ( 'NONE', ( #5842 ), #3540, .F. ) ;
#6514 = EDGE_CURVE ( 'NONE', #4337, #5016, #1348, .T. ) ;
#6515 = CARTESIAN_POINT ( 'NONE',  ( 26.21849011171107335, 21.53784716418134693, 96.03199646221435160 ) ) ;
#6516 = CARTESIAN_POINT ( 'NONE',  ( 39.64477099867147558, -12.51215245581865609, 22.99999799999999794 ) ) ;
#6517 = CARTESIAN_POINT ( 'NONE',  ( 38.89477099867147558, -12.51215245581865609, 21.99999800000000150 ) ) ;
#6518 = ORIENTED_EDGE ( 'NONE', *, *, #5349, .F. ) ;
#6519 = ORIENTED_EDGE ( 'NONE', *, *, #5254, .T. ) ;
#6520 = DIRECTION ( 'NONE',  ( 1.000000000000000000, 2.547317879554923032E-16, 0.000000000000000000 ) ) ;
#6521 = DIRECTION ( 'NONE',  ( 1.462890879734001726E-19, 1.610801296603465303E-20, -1.000000000000000000 ) ) ;
#6523 = EDGE_LOOP ( 'NONE', ( #4485, #2554, #2379, #3734, #6479, #2121, #2752, #280 ) ) ;
#6522 = CIRCLE ( 'NONE', #6283, 0.9999999999999991118 ) ;
#6524 = CARTESIAN_POINT ( 'NONE',  ( 9.630438470952455532, -8.063214443583346380, 22.99999800000000505 ) ) ;
#6525 = LINE ( 'NONE', #5407, #1587 ) ;
#6526 = PLANE ( 'NONE',  #2895 ) ;
#6527 = ORIENTED_EDGE ( 'NONE', *, *, #3713, .T. ) ;
#6528 = CIRCLE ( 'NONE', #3842, 25.54999999999999005 ) ;
#6529 = CARTESIAN_POINT ( 'NONE',  ( 10.18989393403097843, 8.487383065279145100, 21.96359842000000029 ) ) ;
#6530 = ORIENTED_EDGE ( 'NONE', *, *, #4117, .T. ) ;
#6531 = DIRECTION ( 'NONE',  ( 0.000000000000000000, 0.000000000000000000, 1.000000000000000000 ) ) ;
#6532 = CIRCLE ( 'NONE', #6412, 0.9999999999999991118 ) ;
#6533 = EDGE_CURVE ( 'NONE', #3979, #1917, #76, .T. ) ;
#6534 = AXIS2_PLACEMENT_3D ( 'NONE', #1659, #4035, #4541 ) ;
#6535 = EDGE_CURVE ( 'NONE', #6304, #1295, #3120, .T. ) ;
#6536 = DIRECTION ( 'NONE',  ( 0.000000000000000000, 0.000000000000000000, 1.000000000000000000 ) ) ;
#6537 = ORIENTED_EDGE ( 'NONE', *, *, #4480, .F. ) ;
#6538 = CARTESIAN_POINT ( 'NONE',  ( 39.08049337622307462, 11.47584852314635206, 19.20359732000000008 ) ) ;
#6539 = CARTESIAN_POINT ( 'NONE',  ( 23.52106251920850966, -27.23521922991099586, 22.99999799999999439 ) ) ;
#6540 = B_SPLINE_CURVE_WITH_KNOTS ( 'NONE', 3,
 ( #3717, #1453, #3152, #1967 ),
 .UNSPECIFIED., .F., .F.,
 ( 4, 4 ),
 ( 0.000000000000000000, 0.0005021313586497887487 ),
 .UNSPECIFIED. ) ;
#6541 = CIRCLE ( 'NONE', #183, 1.000000000000000888 ) ;
#6542 = VERTEX_POINT ( 'NONE', #1946 ) ;
#6543 = EDGE_CURVE ( 'NONE', #47, #6920, #1713, .T. ) ;
#6544 = LINE ( 'NONE', #1413, #6129 ) ;
#6545 = ORIENTED_EDGE ( 'NONE', *, *, #5846, .T. ) ;
#6546 = VERTEX_POINT ( 'NONE', #4207 ) ;
#6547 = EDGE_CURVE ( 'NONE', #1004, #1064, #4431, .T. ) ;
#6548 = PLANE ( 'NONE',  #4572 ) ;
#6549 = CIRCLE ( 'NONE', #4891, 0.9999999999999991118 ) ;
#6550 = CARTESIAN_POINT ( 'NONE',  ( 23.39138969899250853, -27.22902695485989355, 23.05529838595214542 ) ) ;
#6551 = VERTEX_POINT ( 'NONE', #1254 ) ;
#6552 = LINE ( 'NONE', #2053, #1606 ) ;
#6553 = LINE ( 'NONE', #3334, #2702 ) ;
#6554 = DIRECTION ( 'NONE',  ( -0.7071067811865414665, 0.000000000000000000, -0.7071067811865536790 ) ) ;
#6555 = CIRCLE ( 'NONE', #203, 0.9499999999999959588 ) ;
#6556 = DIRECTION ( 'NONE',  ( -0.000000000000000000, -0.000000000000000000, -1.000000000000000000 ) ) ;
#6557 = CARTESIAN_POINT ( 'NONE',  ( 40.08049337622308173, 12.47584852314636095, 18.40359731999999937 ) ) ;
#6558 = LINE ( 'NONE', #413, #885 ) ;
#6559 = EDGE_CURVE ( 'NONE', #304, #595, #7265, .T. ) ;
#6560 = ORIENTED_EDGE ( 'NONE', *, *, #4255, .T. ) ;
#6561 = DIRECTION ( 'NONE',  ( 1.000000000000000000, 0.000000000000000000, 0.000000000000000000 ) ) ;
#6562 = CARTESIAN_POINT ( 'NONE',  ( 31.33349227759007505, -9.733150561326645800, 19.20359732000000008 ) ) ;
#6563 = EDGE_CURVE ( 'NONE', #6734, #4404, #1940, .T. ) ;
#6564 = LINE ( 'NONE', #3098, #1232 ) ;
#6565 = CIRCLE ( 'NONE', #4785, 1.000000000000000888 ) ;
#6566 = PLANE ( 'NONE',  #6339 ) ;
#6567 = ORIENTED_EDGE ( 'NONE', *, *, #2844, .T. ) ;
#6568 = PLANE ( 'NONE',  #2769 ) ;
#6569 = VERTEX_POINT ( 'NONE', #4135 ) ;
#6570 = ORIENTED_EDGE ( 'NONE', *, *, #3168, .T. ) ;
#6571 = EDGE_CURVE ( 'NONE', #5493, #5785, #3575, .T. ) ;
#6572 = DIRECTION ( 'NONE',  ( 0.000000000000000000, 0.000000000000000000, -1.000000000000000000 ) ) ;
#6573 = ORIENTED_EDGE ( 'NONE', *, *, #5212, .F. ) ;
#6574 = CARTESIAN_POINT ( 'NONE',  ( 31.20649282690607862, 11.22185072041135001, 19.20359732000000008 ) ) ;
#6575 = APPLICATION_CONTEXT ( 'automotive_design' ) ;
#6576 = EDGE_LOOP ( 'NONE', ( #5096, #7161, #6454, #1477 ) ) ;
#6577 = AXIS2_PLACEMENT_3D ( 'NONE', #3077, #4768, #4195 ) ;
#6578 = DIRECTION ( 'NONE',  ( 0.000000000000000000, 1.000000000000000000, 0.000000000000000000 ) ) ;
#6579 = ORIENTED_EDGE ( 'NONE', *, *, #7028, .T. ) ;
#6580 = CARTESIAN_POINT ( 'NONE',  ( 26.13454457198516323, 24.11505856948294735, 23.23412543496206695 ) ) ;
#6581 = CARTESIAN_POINT ( 'NONE',  ( 23.71191732168970390, -27.24341487146963914, 22.92566712800094919 ) ) ;
#6582 = VECTOR ( 'NONE', #5494, 1000.000000000000000 ) ;
#6583 = ORIENTED_EDGE ( 'NONE', *, *, #6729, .T. ) ;
#6584 = VECTOR ( 'NONE', #7108, 1000.000000000000000 ) ;
#6585 = AXIS2_PLACEMENT_3D ( 'NONE', #450, #3173, #5403 ) ;
#6586 = ORIENTED_EDGE ( 'NONE', *, *, #6889, .F. ) ;
#6587 = VECTOR ( 'NONE', #1002, 1000.000000000000000 ) ;
#6588 = EDGE_LOOP ( 'NONE', ( #6072, #6163, #7104, #3674 ) ) ;
#6589 = DIRECTION ( 'NONE',  ( -1.000000000000000000, 0.000000000000000000, 0.000000000000000000 ) ) ;
#6590 = CIRCLE ( 'NONE', #230, 25.54999999999999005 ) ;
#6591 = CARTESIAN_POINT ( 'NONE',  ( 24.02721842883750014, -27.25342207963870678, 22.83225628634662385 ) ) ;
#6592 = ORIENTED_EDGE ( 'NONE', *, *, #5584, .T. ) ;
#6593 = CARTESIAN_POINT ( 'NONE',  ( 24.69849011171107378, -24.56215207581864135, 21.59999800000001002 ) ) ;
#6594 = ADVANCED_FACE ( 'NONE', ( #4104 ), #5245, .F. ) ;
#6595 = EDGE_CURVE ( 'NONE', #3426, #1914, #6972, .T. ) ;
#6596 = DIRECTION ( 'NONE',  ( -1.761694111969794543E-05, -0.9999999998448216854, 0.000000000000000000 ) ) ;
#6597 = CARTESIAN_POINT ( 'NONE',  ( 43.85549337622306609, 6.319848523146355923, 19.20359732000000008 ) ) ;
#6598 = AXIS2_PLACEMENT_3D ( 'NONE', #6162, #581, #2819 ) ;
#6599 = DIRECTION ( 'NONE',  ( -0.000000000000000000, -0.000000000000000000, 1.000000000000000000 ) ) ;
#6600 = EDGE_CURVE ( 'NONE', #4831, #344, #6902, .T. ) ;
#6601 = CIRCLE ( 'NONE', #4020, 1.000000000000000888 ) ;
#6602 = CARTESIAN_POINT ( 'NONE',  ( 6.030438470952719676, 6.006785556416287974, 31.63375372154084175 ) ) ;
#6603 = LINE ( 'NONE', #2531, #4078 ) ;
#6604 = EDGE_LOOP ( 'NONE', ( #1399, #6886, #5813, #28 ) ) ;
#6605 = DIRECTION ( 'NONE',  ( -0.7071067811865414665, 0.000000000000000000, 0.7071067811865536790 ) ) ;
#6606 = LINE ( 'NONE', #7098, #2264 ) ;
#6607 = CARTESIAN_POINT ( 'NONE',  ( 32.29477099867147416, -1.512152455818657204, 21.99999800000000150 ) ) ;
#6608 = CARTESIAN_POINT ( 'NONE',  ( 9.630438470952407570, 0.8867855564166541305, 22.99999800000000505 ) ) ;
#6609 = VERTEX_POINT ( 'NONE', #2914 ) ;
#6610 = LINE ( 'NONE', #7138, #5115 ) ;
#6611 = ORIENTED_EDGE ( 'NONE', *, *, #2512, .F. ) ;
#6612 = CARTESIAN_POINT ( 'NONE',  ( 14.85349142309807391, -1.524148547166637835, 22.99999799999999794 ) ) ;
#6613 = ORIENTED_EDGE ( 'NONE', *, *, #5673, .F. ) ;
#6614 = FACE_OUTER_BOUND ( 'NONE', #6125, .T. ) ;
#6615 = VECTOR ( 'NONE', #4944, 1000.000000000000000 ) ;
#6616 = ORIENTED_EDGE ( 'NONE', *, *, #2971, .T. ) ;
#6617 = CARTESIAN_POINT ( 'NONE',  ( 44.09477099867147842, -1.512152455818657204, 23.19999800000000079 ) ) ;
#6618 = PRODUCT_RELATED_PRODUCT_CATEGORY ( 'part', '', ( #5682 ) ) ;
#6619 = VERTEX_POINT ( 'NONE', #4166 ) ;
#6620 = LINE ( 'NONE', #3748, #4347 ) ;
#6621 = CARTESIAN_POINT ( 'NONE',  ( 40.39477099867147558, 9.487847544181342130, 22.99999799999999794 ) ) ;
#6622 = VECTOR ( 'NONE', #4099, 1000.000000000000000 ) ;
#6623 = ADVANCED_FACE ( 'NONE', ( #6407 ), #3613, .F. ) ;
#6624 = ORIENTED_EDGE ( 'NONE', *, *, #2646, .T. ) ;
#6625 = VECTOR ( 'NONE', #1487, 1000.000000000000000 ) ;
#6626 = ORIENTED_EDGE ( 'NONE', *, *, #6773, .T. ) ;
#6627 = VECTOR ( 'NONE', #5620, 1000.000000000000000 ) ;
#6628 = PLANE ( 'NONE',  #1508 ) ;
#6629 = CIRCLE ( 'NONE', #270, 1.000000000000000888 ) ;
#6630 = DIRECTION ( 'NONE',  ( 1.000000000000000000, 0.000000000000000000, 0.000000000000000000 ) ) ;
#6631 = CARTESIAN_POINT ( 'NONE',  ( 24.62828006972832640, -27.16876802581764494, 22.84269526444067466 ) ) ;
#6633 = VERTEX_POINT ( 'NONE', #6299 ) ;
#6632 = AXIS2_PLACEMENT_3D ( 'NONE', #6888, #2414, #2447 ) ;
#6634 =( NAMED_UNIT ( * ) SI_UNIT ( $, .STERADIAN. ) SOLID_ANGLE_UNIT ( ) );
#6635 = EDGE_LOOP ( 'NONE', ( #3111, #2697, #2784, #3256 ) ) ;
#6636 = CARTESIAN_POINT ( 'NONE',  ( 12.05349142309807497, 2.675851452833362565, 21.40359731999999937 ) ) ;
#6637 = EDGE_CURVE ( 'NONE', #5577, #2226, #2363, .T. ) ;
#6638 = LINE ( 'NONE', #1649, #3273 ) ;
#6639 = EDGE_CURVE ( 'NONE', #1444, #7277, #705, .T. ) ;
#6640 = CARTESIAN_POINT ( 'NONE',  ( 7.030438470952709018, -2.763214443583704938, 18.40359731999999937 ) ) ;
#6641 = CARTESIAN_POINT ( 'NONE',  ( 23.94558301940108080, 24.13686866024168864, 22.95486052622793238 ) ) ;
#6642 = EDGE_LOOP ( 'NONE', ( #7107, #5970, #1972, #5911 ) ) ;
#6643 = ORIENTED_EDGE ( 'NONE', *, *, #1889, .F. ) ;
#6644 = CARTESIAN_POINT ( 'NONE',  ( 6.030438470952720564, -1.512152455818667418, 18.40359731999999937 ) ) ;
#6645 = CARTESIAN_POINT ( 'NONE',  ( 10.21351569204423448, 19.77746980625064666, 18.40359731999999937 ) ) ;
#6646 = EDGE_CURVE ( 'NONE', #1414, #615, #156, .T. ) ;
#6647 = EDGE_CURVE ( 'NONE', #786, #1710, #6603, .T. ) ;
#6648 = ORIENTED_EDGE ( 'NONE', *, *, #6783, .T. ) ;
#6649 = FACE_OUTER_BOUND ( 'NONE', #4754, .T. ) ;
#6650 = CARTESIAN_POINT ( 'NONE',  ( 32.33349227759007505, -14.01615056132663995, 19.20359732000000008 ) ) ;
#6651 = DIRECTION ( 'NONE',  ( -0.7071067811865414665, 0.000000000000000000, 0.7071067811865536790 ) ) ;
#6652 = ORIENTED_EDGE ( 'NONE', *, *, #2219, .F. ) ;
#6653 = ORIENTED_EDGE ( 'NONE', *, *, #5757, .F. ) ;
#6654 = CARTESIAN_POINT ( 'NONE',  ( 3.479647415838299285, 13.07630923991218452, 18.40359731999999937 ) ) ;
#6655 = CARTESIAN_POINT ( 'NONE',  ( 25.87591770423906112, -27.23521922990983057, 22.99999799970561654 ) ) ;
#6656 = CARTESIAN_POINT ( 'NONE',  ( 10.21634258731288192, 19.77939288691226594, 21.96359842000000739 ) ) ;
#6657 = AXIS2_PLACEMENT_3D ( 'NONE', #3962, #2323, #3357 ) ;
#6658 = EDGE_LOOP ( 'NONE', ( #5439, #1801, #5808, #4041 ) ) ;
#6659 = CYLINDRICAL_SURFACE ( 'NONE', #4226, 1.000000000000000888 ) ;
#6660 = AXIS2_PLACEMENT_3D ( 'NONE', #5922, #1505, #7202 ) ;
#6661 = FACE_OUTER_BOUND ( 'NONE', #6941, .T. ) ;
#6662 = ORIENTED_EDGE ( 'NONE', *, *, #3762, .T. ) ;
#6663 = EDGE_CURVE ( 'NONE', #1174, #4187, #880, .T. ) ;
#6664 = VECTOR ( 'NONE', #3310, 1000.000000000000000 ) ;
#6665 = ORIENTED_EDGE ( 'NONE', *, *, #1137, .T. ) ;
#6666 = EDGE_CURVE ( 'NONE', #1917, #277, #6558, .T. ) ;
#6667 = DIRECTION ( 'NONE',  ( -2.710505431214378369E-16, 1.000000000000000000, 0.000000000000000000 ) ) ;
#6668 = AXIS2_PLACEMENT_3D ( 'NONE', #1437, #1552, #7135 ) ;
#6669 = CARTESIAN_POINT ( 'NONE',  ( 34.24477099867146990, 9.487847544181342130, 22.99999799999999794 ) ) ;
#6670 = AXIS2_PLACEMENT_3D ( 'NONE', #6375, #741, #4673 ) ;
#6671 = CARTESIAN_POINT ( 'NONE',  ( 6.030438470952718788, 1.686785556416287024, 18.40359731999999937 ) ) ;
#6672 = VERTEX_POINT ( 'NONE', #4280 ) ;
#6673 = LINE ( 'NONE', #2163, #1252 ) ;
#6674 = VERTEX_POINT ( 'NONE', #2059 ) ;
#6675 = DIRECTION ( 'NONE',  ( 1.000000000000000000, 0.000000000000000000, 0.000000000000000000 ) ) ;
#6676 = AXIS2_PLACEMENT_3D ( 'NONE', #1210, #6367, #4096 ) ;
#6677 = CARTESIAN_POINT ( 'NONE',  ( 44.85549337622308030, 7.319848523146363029, 19.20359732000000008 ) ) ;
#6678 = CARTESIAN_POINT ( 'NONE',  ( 10.85349142309807569, -0.9132144435829862017, 18.40359731999999937 ) ) ;
#6679 = CARTESIAN_POINT ( 'NONE',  ( 24.89455361008263523, 24.14449859205499394, 22.84220154171813988 ) ) ;
#6680 = ORIENTED_EDGE ( 'NONE', *, *, #5847, .F. ) ;
#6681 = EDGE_LOOP ( 'NONE', ( #1259, #4942, #2542, #5664 ) ) ;
#6682 = CARTESIAN_POINT ( 'NONE',  ( 10.85349142309807569, -1.113214443582986268, 31.63375372154084175 ) ) ;
#6683 = ADVANCED_FACE ( 'NONE', ( #2648 ), #5438, .T. ) ;
#6684 = DIRECTION ( 'NONE',  ( 1.000000000000000000, 0.000000000000000000, 0.000000000000000000 ) ) ;
#6685 = DIRECTION ( 'NONE',  ( 0.000000000000000000, 0.000000000000000000, 1.000000000000000000 ) ) ;
#6686 = FACE_OUTER_BOUND ( 'NONE', #1415, .T. ) ;
#6687 = CARTESIAN_POINT ( 'NONE',  ( 9.630438470952361385, 5.206785556416654082, 21.40359731999999937 ) ) ;
#6688 = EDGE_LOOP ( 'NONE', ( #2085, #1671, #6518, #667 ) ) ;
#6689 = ORIENTED_EDGE ( 'NONE', *, *, #4180, .T. ) ;
#6690 = DIRECTION ( 'NONE',  ( 1.000000000000000000, 0.000000000000000000, 0.000000000000000000 ) ) ;
#6691 = ADVANCED_FACE ( 'NONE', ( #1465 ), #1506, .F. ) ;
#6692 = LINE ( 'NONE', #1599, #4348 ) ;
#6693 = LINE ( 'NONE', #1601, #5289 ) ;
#6694 = VERTEX_POINT ( 'NONE', #3808 ) ;
#6695 = CARTESIAN_POINT ( 'NONE',  ( 41.39477099867146848, -1.512152455818657204, 23.19999800000000079 ) ) ;
#6696 = ADVANCED_FACE ( 'NONE', ( #993 ), #4878, .T. ) ;
#6697 = VERTEX_POINT ( 'NONE', #342 ) ;
#6698 = AXIS2_PLACEMENT_3D ( 'NONE', #2636, #4876, #3233 ) ;
#6699 = ORIENTED_EDGE ( 'NONE', *, *, #383, .F. ) ;
#6700 = CARTESIAN_POINT ( 'NONE',  ( 23.72267479883653962, 24.21935631336087624, 22.92327204384163863 ) ) ;
#6701 = CIRCLE ( 'NONE', #2812, 0.7500000000000006661 ) ;
#6702 = CARTESIAN_POINT ( 'NONE',  ( 12.30349142309807320, -1.524148547166637835, 22.00359731999999724 ) ) ;
#6703 = CARTESIAN_POINT ( 'NONE',  ( 25.49768321229313983, -27.16015791838364635, 22.96911922891619895 ) ) ;
#6704 = ORIENTED_EDGE ( 'NONE', *, *, #652, .F. ) ;
#6705 = EDGE_LOOP ( 'NONE', ( #4873, #5357, #5427, #5335 ) ) ;
#6706 = CARTESIAN_POINT ( 'NONE',  ( 14.85349142309807391, -1.524148547166637835, 22.00359731999999724 ) ) ;
#6707 = VECTOR ( 'NONE', #2534, 1000.000000000000000 ) ;
#6708 = DIRECTION ( 'NONE',  ( 0.000000000000000000, 0.000000000000000000, -1.000000000000000000 ) ) ;
#6709 = AXIS2_PLACEMENT_3D ( 'NONE', #1289, #773, #2535 ) ;
#6710 = VECTOR ( 'NONE', #4635, 1000.000000000000000 ) ;
#6711 = DIRECTION ( 'NONE',  ( 0.000000000000000000, 1.000000000000000000, 0.000000000000000000 ) ) ;
#6712 = EDGE_CURVE ( 'NONE', #3624, #4265, #3132, .T. ) ;
#6713 = CARTESIAN_POINT ( 'NONE',  ( 28.19145600356559456, 2.024047956598705955, 21.96359842000000029 ) ) ;
#6714 = CARTESIAN_POINT ( 'NONE',  ( 32.20649282690607862, 12.22185072041135889, 19.20359732000000008 ) ) ;
#6715 = ORIENTED_EDGE ( 'NONE', *, *, #3588, .F. ) ;
#6716 = PLANE ( 'NONE',  #5508 ) ;
#6717 = ORIENTED_EDGE ( 'NONE', *, *, #4184, .T. ) ;
#6718 = DIRECTION ( 'NONE',  ( -1.000000000000000000, 0.000000000000000000, 0.000000000000000000 ) ) ;
#6719 = AXIS2_PLACEMENT_3D ( 'NONE', #1739, #3509, #5642 ) ;
#6720 = DIRECTION ( 'NONE',  ( -0.000000000000000000, -0.000000000000000000, -1.000000000000000000 ) ) ;
#6721 = CARTESIAN_POINT ( 'NONE',  ( 41.59477099867147132, -12.51215245581865609, 21.99999800000000150 ) ) ;
#6722 = FACE_OUTER_BOUND ( 'NONE', #5006, .T. ) ;
#6723 = ORIENTED_EDGE ( 'NONE', *, *, #5359, .T. ) ;
#6724 = VERTEX_POINT ( 'NONE', #3731 ) ;
#6725 = CARTESIAN_POINT ( 'NONE',  ( 25.87591770423906112, -27.23521922990983057, 22.99999799970561654 ) ) ;
#6726 = CARTESIAN_POINT ( 'NONE',  ( 9.082623226170039032, 7.206785556416294369, 21.40359731999999937 ) ) ;
#6727 = ORIENTED_EDGE ( 'NONE', *, *, #5700, .F. ) ;
#6728 = CARTESIAN_POINT ( 'NONE',  ( 8.630438470952407570, 0.8867855564166541305, 8.998998000000000275 ) ) ;
#6729 = EDGE_CURVE ( 'NONE', #3862, #2295, #4317, .T. ) ;
#6730 = ORIENTED_EDGE ( 'NONE', *, *, #712, .T. ) ;
#6731 = CARTESIAN_POINT ( 'NONE',  ( 44.09477099867147842, -1.512152455818657204, 23.19999800000000079 ) ) ;
#6732 = EDGE_CURVE ( 'NONE', #4376, #7066, #1429, .T. ) ;
#6733 = FACE_BOUND ( 'NONE', #828, .T. ) ;
#6734 = VERTEX_POINT ( 'NONE', #4242 ) ;
#6735 = DIRECTION ( 'NONE',  ( -1.761290502795953003E-05, 0.9999999998448928507, 0.000000000000000000 ) ) ;
#6736 = ADVANCED_FACE ( 'NONE', ( #3771 ), #3244, .F. ) ;
#6737 = VERTEX_POINT ( 'NONE', #378 ) ;
#6738 = ADVANCED_FACE ( 'NONE', ( #4853 ), #2098, .F. ) ;
#6739 = VECTOR ( 'NONE', #2775, 1000.000000000000000 ) ;
#6740 = CARTESIAN_POINT ( 'NONE',  ( 24.16388321855164278, 24.23238210439563289, 22.80124664255543010 ) ) ;
#6741 = DIRECTION ( 'NONE',  ( -1.000000000000000000, 0.000000000000000000, 0.000000000000000000 ) ) ;
#6742 = VECTOR ( 'NONE', #531, 1000.000000000000000 ) ;
#6743 = CARTESIAN_POINT ( 'NONE',  ( 25.52908079563253452, -27.15944224910208504, 22.97908522086441252 ) ) ;
#6744 = ORIENTED_EDGE ( 'NONE', *, *, #3617, .T. ) ;
#6745 = ORIENTED_EDGE ( 'NONE', *, *, #2037, .T. ) ;
#6746 = CARTESIAN_POINT ( 'NONE',  ( 11.23043847095200753, -9.573214443583347943, 31.63375372154084175 ) ) ;
#6747 = CARTESIAN_POINT ( 'NONE',  ( 11.28901711471469405, 7.465185902403217000, 21.40359731999999937 ) ) ;
#6748 = AXIS2_PLACEMENT_3D ( 'NONE', #4137, #4641, #6975 ) ;
#6749 = AXIS2_PLACEMENT_3D ( 'NONE', #6437, #3303, #5536 ) ;
#6750 = DIRECTION ( 'NONE',  ( -1.000000000000000000, 0.000000000000000000, 0.000000000000000000 ) ) ;
#6751 = AXIS2_PLACEMENT_3D ( 'NONE', #4920, #7200, #2566 ) ;
#6752 = CARTESIAN_POINT ( 'NONE',  ( 36.98149227759007118, -14.01615056132663106, 19.20359732000000008 ) ) ;
#6753 = FACE_OUTER_BOUND ( 'NONE', #3742, .T. ) ;
#6754 = VERTEX_POINT ( 'NONE', #4926 ) ;
#6755 = FACE_OUTER_BOUND ( 'NONE', #1928, .T. ) ;
#6756 = ORIENTED_EDGE ( 'NONE', *, *, #2869, .T. ) ;
#6757 = ORIENTED_EDGE ( 'NONE', *, *, #5786, .T. ) ;
#6758 = LINE ( 'NONE', #6829, #834 ) ;
#6759 = CARTESIAN_POINT ( 'NONE',  ( 40.39477099867147558, 9.487847544181342130, 21.99999800000000150 ) ) ;
#6760 = DIRECTION ( 'NONE',  ( -3.154042683594195121E-16, -1.000000000000000000, 0.000000000000000000 ) ) ;
#6761 = DIRECTION ( 'NONE',  ( -3.154042683594195121E-16, -1.000000000000000000, 0.000000000000000000 ) ) ;
#6762 = ORIENTED_EDGE ( 'NONE', *, *, #93, .F. ) ;
#6763 = VERTEX_POINT ( 'NONE', #7203 ) ;
#6764 = DIRECTION ( 'NONE',  ( 1.000000000000000000, 0.000000000000000000, 0.000000000000000000 ) ) ;
#6765 = FACE_OUTER_BOUND ( 'NONE', #2172, .T. ) ;
#6766 = ORIENTED_EDGE ( 'NONE', *, *, #4992, .T. ) ;
#6767 = EDGE_LOOP ( 'NONE', ( #7078, #2634, #5932, #7304, #5983, #2511, #5645, #507, #2036, #2892, #5309, #853, #3360, #3718, #1372, #1507, #6169, #2811, #4234, #5421, #3511, #3968, #1968, #3782, #2549, #1005, #1628, #1024, #5715, #1149, #6501 ) ) ;
#6768 = FACE_OUTER_BOUND ( 'NONE', #5867, .T. ) ;
#6769 = FACE_BOUND ( 'NONE', #5767, .T. ) ;
#6770 = ORIENTED_EDGE ( 'NONE', *, *, #5330, .F. ) ;
#6771 = FACE_OUTER_BOUND ( 'NONE', #6340, .T. ) ;
#6772 = EDGE_CURVE ( 'NONE', #130, #6235, #3693, .T. ) ;
#6773 = EDGE_CURVE ( 'NONE', #5478, #2500, #1389, .T. ) ;
#6774 = ORIENTED_EDGE ( 'NONE', *, *, #6595, .T. ) ;
#6775 = VECTOR ( 'NONE', #1615, 1000.000000000000000 ) ;
#6776 = FACE_OUTER_BOUND ( 'NONE', #3137, .T. ) ;
#6777 = DIRECTION ( 'NONE',  ( 1.000000000000000000, 0.000000000000000000, 0.000000000000000000 ) ) ;
#6778 = ORIENTED_EDGE ( 'NONE', *, *, #3816, .T. ) ;
#6779 = EDGE_LOOP ( 'NONE', ( #1279, #3100, #1685, #3134 ) ) ;
#6780 = LINE ( 'NONE', #7270, #1724 ) ;
#6781 = ADVANCED_FACE ( 'NONE', ( #3651 ), #5367, .F. ) ;
#6782 = AXIS2_PLACEMENT_3D ( 'NONE', #1363, #196, #1882 ) ;
#6783 = EDGE_CURVE ( 'NONE', #7122, #1923, #2024, .T. ) ;
#6784 = LINE ( 'NONE', #1167, #6382 ) ;
#6785 = AXIS2_PLACEMENT_3D ( 'NONE', #194, #3580, #3512 ) ;
#6786 = LINE ( 'NONE', #3382, #2090 ) ;
#6787 = VECTOR ( 'NONE', #7167, 1000.000000000000000 ) ;
#6788 = LINE ( 'NONE', #4961, #307 ) ;
#6789 = DIRECTION ( 'NONE',  ( 0.000000000000000000, 0.000000000000000000, 1.000000000000000000 ) ) ;
#6790 = VERTEX_POINT ( 'NONE', #5624 ) ;
#6791 = VECTOR ( 'NONE', #1022, 1000.000000000000000 ) ;
#6792 = CARTESIAN_POINT ( 'NONE',  ( 43.09477099867147132, -1.512152455818657204, 21.99999800000000150 ) ) ;
#6793 = ORIENTED_EDGE ( 'NONE', *, *, #2869, .F. ) ;
#6794 = AXIS2_PLACEMENT_3D ( 'NONE', #215, #176, #2315 ) ;
#6795 = CARTESIAN_POINT ( 'NONE',  ( 23.26357556835264973, -27.06614064254220864, 23.15622903531533439 ) ) ;
#6796 = CARTESIAN_POINT ( 'NONE',  ( 44.09477099867147842, -12.51215245581865609, 23.19999800000000079 ) ) ;
#6797 = VECTOR ( 'NONE', #2829, 1000.000000000000000 ) ;
#6798 = DIRECTION ( 'NONE',  ( 0.000000000000000000, 1.000000000000000000, 0.000000000000000000 ) ) ;
#6799 = CARTESIAN_POINT ( 'NONE',  ( 12.03752811785077803, -6.819414077215271597, 21.40359731999999937 ) ) ;
#6800 = ORIENTED_EDGE ( 'NONE', *, *, #3874, .T. ) ;
#6801 = FACE_BOUND ( 'NONE', #3980, .T. ) ;
#6802 = FACE_OUTER_BOUND ( 'NONE', #6105, .T. ) ;
#6803 = EDGE_CURVE ( 'NONE', #7065, #3333, #6904, .T. ) ;
#6804 = EDGE_LOOP ( 'NONE', ( #7192, #3003, #5569, #2216 ) ) ;
#6805 = CONICAL_SURFACE ( 'NONE', #600, 2.649999999999992806, 0.7853981633974699283 ) ;
#6806 = VERTEX_POINT ( 'NONE', #6714 ) ;
#6807 = DIRECTION ( 'NONE',  ( 0.000000000000000000, 0.000000000000000000, 1.000000000000000000 ) ) ;
#6808 = EDGE_CURVE ( 'NONE', #3231, #3712, #5065, .T. ) ;
#6809 =( NAMED_UNIT ( * ) PLANE_ANGLE_UNIT ( ) SI_UNIT ( $, .RADIAN. ) );
#6810 = ORIENTED_EDGE ( 'NONE', *, *, #4889, .F. ) ;
#6811 = CARTESIAN_POINT ( 'NONE',  ( 23.17849011171107421, -24.56215207581864135, 21.59999800000001002 ) ) ;
#6812 = ORIENTED_EDGE ( 'NONE', *, *, #7048, .F. ) ;
#6813 = VECTOR ( 'NONE', #2277, 1000.000000000000000 ) ;
#6814 = CARTESIAN_POINT ( 'NONE',  ( 24.06481700369313259, 24.23007063036111219, 22.82322250299939270 ) ) ;
#6815 = CARTESIAN_POINT ( 'NONE',  ( 40.20749282690608339, -15.01615056132663995, 19.20359732000000008 ) ) ;
#6816 = AXIS2_PLACEMENT_3D ( 'NONE', #3562, #5198, #1863 ) ;
#6817 = ORIENTED_EDGE ( 'NONE', *, *, #3985, .F. ) ;
#6818 = DIRECTION ( 'NONE',  ( 0.000000000000000000, 0.000000000000000000, 1.000000000000000000 ) ) ;
#6819 = VECTOR ( 'NONE', #3544, 1000.000000000000000 ) ;
#6820 = DIRECTION ( 'NONE',  ( 0.000000000000000000, 0.000000000000000000, -1.000000000000000000 ) ) ;
#6821 = EDGE_CURVE ( 'NONE', #5123, #47, #7241, .T. ) ;
#6822 = ADVANCED_FACE ( 'NONE', ( #6753 ), #1651, .T. ) ;
#6823 = DIRECTION ( 'NONE',  ( 1.000000000000000000, 0.000000000000000000, 0.000000000000000000 ) ) ;
#6824 = LINE ( 'NONE', #3533, #2655 ) ;
#6825 = ORIENTED_EDGE ( 'NONE', *, *, #2739, .F. ) ;
#6826 = CARTESIAN_POINT ( 'NONE',  ( 45.04477099867147416, -12.51215245581865609, 23.19999800000000079 ) ) ;
#6827 = ORIENTED_EDGE ( 'NONE', *, *, #2985, .F. ) ;
#6828 = VERTEX_POINT ( 'NONE', #1100 ) ;
#6829 = CARTESIAN_POINT ( 'NONE',  ( 40.20749282690608339, -8.733150561326638694, 19.20359732000000008 ) ) ;
#6830 = AXIS2_PLACEMENT_3D ( 'NONE', #6976, #3578, #4107 ) ;
#6831 = EDGE_CURVE ( 'NONE', #4948, #6987, #3489, .T. ) ;
#6832 = DIRECTION ( 'NONE',  ( 0.000000000000000000, 0.000000000000000000, 1.000000000000000000 ) ) ;
#6833 = DIRECTION ( 'NONE',  ( -1.000000000000000000, 0.000000000000000000, 0.000000000000000000 ) ) ;
#6834 = CYLINDRICAL_SURFACE ( 'NONE', #544, 0.7499999999999937828 ) ;
#6835 = VECTOR ( 'NONE', #6965, 1000.000000000000000 ) ;
#6836 = EDGE_LOOP ( 'NONE', ( #2845, #4762, #2005, #2253 ) ) ;
#6837 = ORIENTED_EDGE ( 'NONE', *, *, #567, .T. ) ;
#6838 = DIRECTION ( 'NONE',  ( 0.7071067811865525687, 0.000000000000000000, 0.7071067811865425767 ) ) ;
#6839 = CARTESIAN_POINT ( 'NONE',  ( 41.39477099867146848, -12.51215245581865609, 23.19999800000000079 ) ) ;
#6840 = VERTEX_POINT ( 'NONE', #6071 ) ;
#6841 = CIRCLE ( 'NONE', #3652, 0.9499999999999995115 ) ;
#6842 = ORIENTED_EDGE ( 'NONE', *, *, #4995, .T. ) ;
#6843 = CARTESIAN_POINT ( 'NONE',  ( 44.29477099867147416, -12.51215245581865609, 21.99999800000000150 ) ) ;
#6844 = CARTESIAN_POINT ( 'NONE',  ( 34.99477099867146990, 9.487847544181342130, 21.99999800000000150 ) ) ;
#6845 = ORIENTED_EDGE ( 'NONE', *, *, #2756, .F. ) ;
#6846 = CARTESIAN_POINT ( 'NONE',  ( 9.792699462065142413, 20.12757669561894147, 21.96359842000000029 ) ) ;
#6847 = ADVANCED_FACE ( 'NONE', ( #560 ), #5590, .F. ) ;
#6848 = CARTESIAN_POINT ( 'NONE',  ( 23.27068735543777933, 24.19830482105150082, 23.11156075470229965 ) ) ;
#6849 = FACE_OUTER_BOUND ( 'NONE', #3123, .T. ) ;
#6850 = ORIENTED_EDGE ( 'NONE', *, *, #4821, .F. ) ;
#6851 = ORIENTED_EDGE ( 'NONE', *, *, #2750, .T. ) ;
#6852 = CARTESIAN_POINT ( 'NONE',  ( 10.23043847095200398, 4.406785556417013971, 31.63375372154084175 ) ) ;
#6853 = FACE_OUTER_BOUND ( 'NONE', #971, .T. ) ;
#6854 = DIRECTION ( 'NONE',  ( 1.000000000000000000, 1.070649645329437522E-14, 0.000000000000000000 ) ) ;
#6855 = VECTOR ( 'NONE', #5168, 1000.000000000000000 ) ;
#6856 = DIRECTION ( 'NONE',  ( 1.000000000000000000, 0.000000000000000000, 0.000000000000000000 ) ) ;
#6857 = LINE ( 'NONE', #1313, #4356 ) ;
#6858 = VERTEX_POINT ( 'NONE', #5586 ) ;
#6859 = DIRECTION ( 'NONE',  ( -1.000000000000000000, 0.000000000000000000, 0.000000000000000000 ) ) ;
#6860 = AXIS2_PLACEMENT_3D ( 'NONE', #2918, #7288, #1218 ) ;
#6861 = AXIS2_PLACEMENT_3D ( 'NONE', #3267, #1529, #2044 ) ;
#6862 = EDGE_CURVE ( 'NONE', #7102, #6999, #2794, .T. ) ;
#6863 = EDGE_CURVE ( 'NONE', #3351, #486, #5823, .T. ) ;
#6864 = CIRCLE ( 'NONE', #4618, 2.550000000000000266 ) ;
#6865 = DIRECTION ( 'NONE',  ( 0.000000000000000000, -1.000000000000000000, 0.000000000000000000 ) ) ;
#6866 = CARTESIAN_POINT ( 'NONE',  ( 24.69849011171107378, 1.426849255568358510, 21.40359731999999937 ) ) ;
#6867 = CIRCLE ( 'NONE', #2969, 1.199999999999999734 ) ;
#6868 = PLANE ( 'NONE',  #6164 ) ;
#6869 = DIRECTION ( 'NONE',  ( 0.000000000000000000, 0.000000000000000000, -1.000000000000000000 ) ) ;
#6870 = EDGE_CURVE ( 'NONE', #2411, #3224, #7275, .T. ) ;
#6871 = ADVANCED_FACE ( 'NONE', ( #6180 ), #5945, .T. ) ;
#6872 = CARTESIAN_POINT ( 'NONE',  ( 7.030438470952719676, 1.686785556416294352, 31.63375372154084175 ) ) ;
#6873 = EDGE_CURVE ( 'NONE', #4838, #124, #2873, .T. ) ;
#6874 = DIRECTION ( 'NONE',  ( 1.000000000000000000, 0.000000000000000000, 0.000000000000000000 ) ) ;
#6875 = ORIENTED_EDGE ( 'NONE', *, *, #139, .F. ) ;
#6876 = VERTEX_POINT ( 'NONE', #3423 ) ;
#6877 = DIRECTION ( 'NONE',  ( -0.7071067811865414665, 0.000000000000000000, -0.7071067811865536790 ) ) ;
#6878 = CARTESIAN_POINT ( 'NONE',  ( 23.52106251918314683, 24.21091431827251839, 22.99999799970561654 ) ) ;
#6879 = FACE_OUTER_BOUND ( 'NONE', #3259, .T. ) ;
#6880 = ORIENTED_EDGE ( 'NONE', *, *, #3324, .F. ) ;
#6881 = EDGE_LOOP ( 'NONE', ( #3759, #2077, #1635, #6530, #169, #5530, #1789, #1570, #6022, #1655, #2920, #5197, #1188 ) ) ;
#6882 = DIRECTION ( 'NONE',  ( 0.000000000000000000, -1.000000000000000000, -0.000000000000000000 ) ) ;
#6883 = CARTESIAN_POINT ( 'NONE',  ( 25.15440466524698593, 24.14180250812483663, 22.88320931367886146 ) ) ;
#6884 = CARTESIAN_POINT ( 'NONE',  ( 1.970080021519344360, -3.526045499983887943, 3.500841111824923857 ) ) ;
#6885 = EDGE_LOOP ( 'NONE', ( #5777, #1787, #7025, #994 ) ) ;
#6886 = ORIENTED_EDGE ( 'NONE', *, *, #738, .T. ) ;
#6887 = CIRCLE ( 'NONE', #1112, 0.05000000000000143219 ) ;
#6888 = CARTESIAN_POINT ( 'NONE',  ( 7.030438470952719676, 1.686785556416294352, 18.40359731999999937 ) ) ;
#6889 = EDGE_CURVE ( 'NONE', #6694, #192, #5102, .T. ) ;
#6890 = FACE_OUTER_BOUND ( 'NONE', #5497, .T. ) ;
#6891 = VECTOR ( 'NONE', #4095, 1000.000000000000000 ) ;
#6892 = LINE ( 'NONE', #5236, #1708 ) ;
#6893 = DIRECTION ( 'NONE',  ( 1.000000000000000000, 0.000000000000000000, 0.000000000000000000 ) ) ;
#6894 = CARTESIAN_POINT ( 'NONE',  ( 43.85549337622306609, 12.47584852314636450, 19.20359732000000008 ) ) ;
#6895 = CARTESIAN_POINT ( 'NONE',  ( 23.54074733009538534, -27.20759183283767513, 23.02849659492142820 ) ) ;
#6896 = VECTOR ( 'NONE', #2581, 999.9999999999998863 ) ;
#6897 = AXIS2_PLACEMENT_3D ( 'NONE', #1993, #4253, #6486 ) ;
#6898 = CARTESIAN_POINT ( 'NONE',  ( 16.63349142309808570, -1.524148547166637835, 23.19999800000000079 ) ) ;
#6899 = FACE_OUTER_BOUND ( 'NONE', #1172, .T. ) ;
#6900 = VECTOR ( 'NONE', #1107, 1000.000000000000000 ) ;
#6901 = CARTESIAN_POINT ( 'NONE',  ( 28.84477099867147487, -12.51215245581865609, 21.99999800000000150 ) ) ;
#6902 = LINE ( 'NONE', #1906, #6294 ) ;
#6903 = EDGE_CURVE ( 'NONE', #2157, #5123, #2419, .T. ) ;
#6904 = CIRCLE ( 'NONE', #5226, 0.2000000000000005107 ) ;
#6905 = DIRECTION ( 'NONE',  ( -1.000000000000000000, 0.000000000000000000, 0.000000000000000000 ) ) ;
#6906 = DIRECTION ( 'NONE',  ( 1.000000000000000000, 0.000000000000000000, 0.000000000000000000 ) ) ;
#6907 = ORIENTED_EDGE ( 'NONE', *, *, #5257, .F. ) ;
#6908 = DIRECTION ( 'NONE',  ( 0.000000000000000000, 0.000000000000000000, 1.000000000000000000 ) ) ;
#6909 = CARTESIAN_POINT ( 'NONE',  ( 24.19954843941648193, 24.23306142625284565, 22.79473077321880936 ) ) ;
#6910 = DIRECTION ( 'NONE',  ( 0.7071067811865628938, 8.659560562355118980E-17, -0.7071067811865321406 ) ) ;
#6911 = EDGE_CURVE ( 'NONE', #5077, #459, #2941, .T. ) ;
#6912 = EDGE_LOOP ( 'NONE', ( #3341, #3153, #5612, #2403 ) ) ;
#6913 = EDGE_CURVE ( 'NONE', #6993, #4074, #4196, .T. ) ;
#6914 = ORIENTED_EDGE ( 'NONE', *, *, #1472, .T. ) ;
#6915 = ORIENTED_EDGE ( 'NONE', *, *, #6663, .F. ) ;
#6916 = CARTESIAN_POINT ( 'NONE',  ( 11.43043847095200505, 7.323764546165906886, 31.63375372154084175 ) ) ;
#6917 = CARTESIAN_POINT ( 'NONE',  ( 23.77405555970649331, 24.13280299651250260, 23.01103853219780859 ) ) ;
#6918 = CARTESIAN_POINT ( 'NONE',  ( 26.05949410864507598, -2.967150744431629850, 19.20359732000000008 ) ) ;
#6919 = ORIENTED_EDGE ( 'NONE', *, *, #2285, .F. ) ;
#6920 = VERTEX_POINT ( 'NONE', #5798 ) ;
#6921 = DIRECTION ( 'NONE',  ( 0.000000000000000000, 0.000000000000000000, -1.000000000000000000 ) ) ;
#6922 = ORIENTED_EDGE ( 'NONE', *, *, #1114, .T. ) ;
#6923 = CARTESIAN_POINT ( 'NONE',  ( 25.81716235458052466, 24.12709038455214738, 23.08636222845601083 ) ) ;
#6924 = AXIS2_PLACEMENT_3D ( 'NONE', #4993, #6069, #1061 ) ;
#6925 = CARTESIAN_POINT ( 'NONE',  ( 40.59477099867147132, 9.487847544181342130, 23.19999800000000079 ) ) ;
#6926 = DIRECTION ( 'NONE',  ( 0.000000000000000000, 0.000000000000000000, 1.000000000000000000 ) ) ;
#6927 = CARTESIAN_POINT ( 'NONE',  ( 24.69849011171107378, -1.512152455818657204, 23.19999800000000079 ) ) ;
#6928 = LINE ( 'NONE', #1346, #257 ) ;
#6929 = VECTOR ( 'NONE', #2050, 1000.000000000000000 ) ;
#6930 = EDGE_CURVE ( 'NONE', #3862, #6672, #6824, .T. ) ;
#6931 = ADVANCED_FACE ( 'NONE', ( #4024 ), #6326, .F. ) ;
#6932 = DIRECTION ( 'NONE',  ( 1.000000000000000000, 0.000000000000000000, 0.000000000000000000 ) ) ;
#6933 = LINE ( 'NONE', #2980, #1939 ) ;
#6934 = AXIS2_PLACEMENT_3D ( 'NONE', #6123, #6807, #59 ) ;
#6935 = DIRECTION ( 'NONE',  ( -0.000000000000000000, -0.000000000000000000, 1.000000000000000000 ) ) ;
#6936 = DIRECTION ( 'NONE',  ( 1.000000000000000000, 0.000000000000000000, 0.000000000000000000 ) ) ;
#6937 = VECTOR ( 'NONE', #3293, 1000.000000000000000 ) ;
#6938 = LINE ( 'NONE', #1948, #4395 ) ;
#6939 = CARTESIAN_POINT ( 'NONE',  ( 10.23043847095200576, -9.573214443583347943, 21.40359731999999937 ) ) ;
#6940 = AXIS2_PLACEMENT_3D ( 'NONE', #5445, #5931, #4251 ) ;
#6941 = EDGE_LOOP ( 'NONE', ( #4189, #2004, #4558, #4828, #1983, #4766, #5423 ) ) ;
#6942 = CONICAL_SURFACE ( 'NONE', #3774, 1.000000000000000888, 0.7853981633974559395 ) ;
#6943 = VECTOR ( 'NONE', #3763, 1000.000000000000000 ) ;
#6944 = CARTESIAN_POINT ( 'NONE',  ( -0.9673702803943036166, 0.5677779115149546030, 3.500841111824923857 ) ) ;
#6945 = CARTESIAN_POINT ( 'NONE',  ( 24.29914505091571542, 24.23479890057259567, 22.77805818828046469 ) ) ;
#6946 = DIRECTION ( 'NONE',  ( 0.000000000000000000, 0.000000000000000000, -1.000000000000000000 ) ) ;
#6947 = ORIENTED_EDGE ( 'NONE', *, *, #5349, .T. ) ;
#6948 = ORIENTED_EDGE ( 'NONE', *, *, #2303, .F. ) ;
#6949 = CARTESIAN_POINT ( 'NONE',  ( 19.02849441382007711, -5.724148547166639567, 18.40359731999999937 ) ) ;
#6950 = CIRCLE ( 'NONE', #598, 0.9999999999999991118 ) ;
#6951 = EDGE_CURVE ( 'NONE', #493, #5461, #1355, .T. ) ;
#6952 = EDGE_CURVE ( 'NONE', #980, #442, #5355, .T. ) ;
#6953 = CARTESIAN_POINT ( 'NONE',  ( 25.46766374249234133, 24.22637759991229345, 22.85806666458996261 ) ) ;
#6954 = CARTESIAN_POINT ( 'NONE',  ( 12.20349142309808066, -1.524148547166637835, 21.40359731999999937 ) ) ;
#6955 = ORIENTED_EDGE ( 'NONE', *, *, #535, .F. ) ;
#6956 = EDGE_CURVE ( 'NONE', #3624, #6840, #1866, .T. ) ;
#6957 = ADVANCED_FACE ( 'NONE', ( #2386 ), #6398, .T. ) ;
#6958 = EDGE_CURVE ( 'NONE', #2518, #3388, #5729, .T. ) ;
#6959 = LINE ( 'NONE', #1236, #1208 ) ;
#6960 = ORIENTED_EDGE ( 'NONE', *, *, #337, .T. ) ;
#6961 = LINE ( 'NONE', #4232, #2332 ) ;
#6962 = FACE_OUTER_BOUND ( 'NONE', #6052, .T. ) ;
#6963 = ORIENTED_EDGE ( 'NONE', *, *, #139, .T. ) ;
#6964 = DIRECTION ( 'NONE',  ( 1.000000000000000000, 0.000000000000000000, 0.000000000000000000 ) ) ;
#6965 = DIRECTION ( 'NONE',  ( 0.7071067811865473507, -0.7071067811865477948, 0.000000000000000000 ) ) ;
#6966 = VECTOR ( 'NONE', #3932, 1000.000000000000000 ) ;
#6967 = DIRECTION ( 'NONE',  ( 0.000000000000000000, 0.000000000000000000, -1.000000000000000000 ) ) ;
#6968 = CARTESIAN_POINT ( 'NONE',  ( 25.49974274236019056, -27.16012902148992580, 22.96958332944970493 ) ) ;
#6969 = VECTOR ( 'NONE', #4669, 1000.000000000000000 ) ;
#6970 = DIRECTION ( 'NONE',  ( 1.000000000000000000, 0.000000000000000000, 0.000000000000000000 ) ) ;
#6971 = DIRECTION ( 'NONE',  ( 0.000000000000000000, -1.000000000000000000, -0.000000000000000000 ) ) ;
#6972 = LINE ( 'NONE', #3052, #3128 ) ;
#6973 = VERTEX_POINT ( 'NONE', #1344 ) ;
#6974 = AXIS2_PLACEMENT_3D ( 'NONE', #1335, #4797, #1299 ) ;
#6975 = DIRECTION ( 'NONE',  ( 1.000000000000000000, -8.842037134833241634E-16, 0.000000000000000000 ) ) ;
#6976 = CARTESIAN_POINT ( 'NONE',  ( 39.64477099867147558, -12.51215245581865609, 23.19999800000000079 ) ) ;
#6977 = AXIS2_PLACEMENT_3D ( 'NONE', #3464, #1176, #5701 ) ;
#6978 = VERTEX_POINT ( 'NONE', #2355 ) ;
#6979 = EDGE_CURVE ( 'NONE', #6458, #6049, #7153, .T. ) ;
#6980 = CIRCLE ( 'NONE', #4623, 0.9999999999999991118 ) ;
#6981 = AXIS2_PLACEMENT_3D ( 'NONE', #6991, #1887, #859 ) ;
#6982 = LINE ( 'NONE', #5780, #6093 ) ;
#6983 = CARTESIAN_POINT ( 'NONE',  ( 25.68506290159945138, 24.21910995983694548, 22.92566712794626937 ) ) ;
#6984 = VECTOR ( 'NONE', #247, 1000.000000000000000 ) ;
#6985 = CARTESIAN_POINT ( 'NONE',  ( 24.69849011171107378, -1.512152455818657204, 23.19999800000000079 ) ) ;
#6986 = ORIENTED_EDGE ( 'NONE', *, *, #6952, .F. ) ;
#6987 = VERTEX_POINT ( 'NONE', #3043 ) ;
#6988 = DIRECTION ( 'NONE',  ( 1.000000000000000000, 0.000000000000000000, 0.000000000000000000 ) ) ;
#6989 = AXIS2_PLACEMENT_3D ( 'NONE', #2028, #3247, #6035 ) ;
#6990 = CARTESIAN_POINT ( 'NONE',  ( 26.24459279878851348, 24.19138944954939419, 23.17106748031105923 ) ) ;
#6991 = CARTESIAN_POINT ( 'NONE',  ( 32.20649282690607151, 11.22185072041136067, 19.20359732000000008 ) ) ;
#6992 = ORIENTED_EDGE ( 'NONE', *, *, #5592, .F. ) ;
#6993 = VERTEX_POINT ( 'NONE', #5275 ) ;
#6994 = EDGE_CURVE ( 'NONE', #3936, #5087, #2974, .T. ) ;
#6995 = EDGE_CURVE ( 'NONE', #6096, #224, #2532, .T. ) ;
#6996 = ORIENTED_EDGE ( 'NONE', *, *, #1809, .F. ) ;
#6997 = CARTESIAN_POINT ( 'NONE',  ( 40.08049337622308173, 12.47584852314636095, 19.20359732000000008 ) ) ;
#6998 = VERTEX_POINT ( 'NONE', #3604 ) ;
#6999 = VERTEX_POINT ( 'NONE', #795 ) ;
#7000 = CARTESIAN_POINT ( 'NONE',  ( 40.08049337622308173, 6.319848523146355923, 19.20359732000000008 ) ) ;
#7001 = ADVANCED_FACE ( 'NONE', ( #2455 ), #1277, .T. ) ;
#7002 = CARTESIAN_POINT ( 'NONE',  ( 26.12629286798437889, -27.22260973268880946, 23.11156075470227833 ) ) ;
#7003 = ORIENTED_EDGE ( 'NONE', *, *, #1652, .F. ) ;
#7004 = FACE_OUTER_BOUND ( 'NONE', #1310, .T. ) ;
#7005 = EDGE_CURVE ( 'NONE', #850, #6391, #3601, .T. ) ;
#7006 = CARTESIAN_POINT ( 'NONE',  ( 10.85349142309807569, -1.763214443583704494, 18.40359731999999937 ) ) ;
#7007 = CARTESIAN_POINT ( 'NONE',  ( 26.89477099867147203, -12.51215245581865609, 22.99999799999999794 ) ) ;
#7008 = LINE ( 'NONE', #6515, #5885 ) ;
#7009 = CIRCLE ( 'NONE', #4416, 1.000000000000000888 ) ;
#7010 = DIRECTION ( 'NONE',  ( -0.000000000000000000, -0.000000000000000000, 1.000000000000000000 ) ) ;
#7011 = DIRECTION ( 'NONE',  ( 1.462890879734001726E-19, 1.610801296603465303E-20, -1.000000000000000000 ) ) ;
#7012 = CARTESIAN_POINT ( 'NONE',  ( 11.05349142309807675, -1.563214443583704316, 18.40359731999999937 ) ) ;
#7013 = EDGE_LOOP ( 'NONE', ( #5904, #1566, #882, #6770, #5648, #5007, #4263, #6008 ) ) ;
#7014 = FACE_OUTER_BOUND ( 'NONE', #27, .T. ) ;
#7015 = AXIS2_PLACEMENT_3D ( 'NONE', #3565, #2906, #1209 ) ;
#7016 = LINE ( 'NONE', #1432, #4696 ) ;
#7017 = EDGE_CURVE ( 'NONE', #5493, #5125, #7272, .T. ) ;
#7018 = ORIENTED_EDGE ( 'NONE', *, *, #6870, .F. ) ;
#7019 = VECTOR ( 'NONE', #966, 1000.000000000000000 ) ;
#7020 = ORIENTED_EDGE ( 'NONE', *, *, #4336, .F. ) ;
#7021 = PLANE ( 'NONE',  #3402 ) ;
#7022 = AXIS2_PLACEMENT_3D ( 'NONE', #53, #5596, #6114 ) ;
#7023 = CARTESIAN_POINT ( 'NONE',  ( 25.77974090408676844, 24.21531664009721396, 22.96044227938972782 ) ) ;
#7024 = FACE_OUTER_BOUND ( 'NONE', #1819, .T. ) ;
#7025 = ORIENTED_EDGE ( 'NONE', *, *, #2800, .F. ) ;
#7026 =( NAMED_UNIT ( * ) SI_UNIT ( $, .STERADIAN. ) SOLID_ANGLE_UNIT ( ) );
#7027 = ORIENTED_EDGE ( 'NONE', *, *, #6085, .F. ) ;
#7028 = EDGE_CURVE ( 'NONE', #2003, #2837, #5696, .T. ) ;
#7029 = CYLINDRICAL_SURFACE ( 'NONE', #5518, 0.2000000000000005107 ) ;
#7030 = EDGE_CURVE ( 'NONE', #3208, #1227, #2017, .T. ) ;
#7031 = CIRCLE ( 'NONE', #3851, 0.7500000000000006661 ) ;
#7032 = CARTESIAN_POINT ( 'NONE',  ( 30.79477099867147061, -1.512152455818657204, 21.99999800000000150 ) ) ;
#7033 = CARTESIAN_POINT ( 'NONE',  ( 24.18429384633701318, 24.14104153874659531, 22.89457997588791827 ) ) ;
#7034 = CARTESIAN_POINT ( 'NONE',  ( 24.89744745048900043, -27.26158333641079778, 22.75411469618041949 ) ) ;
#7035 = VERTEX_POINT ( 'NONE', #3760 ) ;
#7036 = ORIENTED_EDGE ( 'NONE', *, *, #6712, .F. ) ;
#7037 = ORIENTED_EDGE ( 'NONE', *, *, #1249, .F. ) ;
#7038 = DIRECTION ( 'NONE',  ( 0.000000000000000000, 0.000000000000000000, -1.000000000000000000 ) ) ;
#7039 = ORIENTED_EDGE ( 'NONE', *, *, #4679, .F. ) ;
#7040 = CARTESIAN_POINT ( 'NONE',  ( 18.87849142309807604, -1.524148547166637835, 22.99999799999999084 ) ) ;
#7041 = CARTESIAN_POINT ( 'NONE',  ( 25.46340550705749095, -27.25080954442916337, 22.85687452510800455 ) ) ;
#7042 = ORIENTED_EDGE ( 'NONE', *, *, #293, .F. ) ;
#7043 = DIRECTION ( 'NONE',  ( 0.000000000000000000, 0.000000000000000000, 1.000000000000000000 ) ) ;
#7044 = CARTESIAN_POINT ( 'NONE',  ( 32.49477099867146990, -1.512152455818657204, 23.19999800000000079 ) ) ;
#7045 = CARTESIAN_POINT ( 'NONE',  ( 14.85349142309807391, -1.524148547166637835, 22.00359731999999724 ) ) ;
#7046 = EDGE_CURVE ( 'NONE', #868, #4901, #4199, .T. ) ;
#7047 = CARTESIAN_POINT ( 'NONE',  ( 40.39477099867147558, -1.512152455818657204, 21.99999800000000150 ) ) ;
#7048 = EDGE_CURVE ( 'NONE', #449, #5461, #7086, .T. ) ;
#7049 = CARTESIAN_POINT ( 'NONE',  ( 35.98149227759006408, -8.733150561326636918, 18.40359731999999937 ) ) ;
#7050 = CARTESIAN_POINT ( 'NONE',  ( 35.98149227759007118, -9.733150561326636918, 18.40359731999999937 ) ) ;
#7051 = CARTESIAN_POINT ( 'NONE',  ( 24.69849011171107023, 7.006785556416298633, 21.40359731999999937 ) ) ;
#7052 = VERTEX_POINT ( 'NONE', #4272 ) ;
#7053 = AXIS2_PLACEMENT_3D ( 'NONE', #1574, #6667, #4915 ) ;
#7054 = DIRECTION ( 'NONE',  ( -0.000000000000000000, -0.000000000000000000, -1.000000000000000000 ) ) ;
#7055 = DIRECTION ( 'NONE',  ( -1.000000000000000000, 0.000000000000000000, 0.000000000000000000 ) ) ;
#7056 = EDGE_CURVE ( 'NONE', #4731, #1957, #7031, .T. ) ;
#7057 = ORIENTED_EDGE ( 'NONE', *, *, #7189, .F. ) ;
#7058 = AXIS2_PLACEMENT_3D ( 'NONE', #2591, #5418, #5941 ) ;
#7059 = VERTEX_POINT ( 'NONE', #4809 ) ;
#7060 = LINE ( 'NONE', #926, #179 ) ;
#7061 = FACE_OUTER_BOUND ( 'NONE', #723, .T. ) ;
#7062 = EDGE_CURVE ( 'NONE', #3659, #449, #668, .T. ) ;
#7063 = ORIENTED_EDGE ( 'NONE', *, *, #1762, .F. ) ;
#7064 = CARTESIAN_POINT ( 'NONE',  ( 8.630438470952363161, 5.206785556416654082, 22.99999800000000505 ) ) ;
#7065 = VERTEX_POINT ( 'NONE', #950 ) ;
#7066 = VERTEX_POINT ( 'NONE', #4740 ) ;
#7067 = SHAPE_DEFINITION_REPRESENTATION ( #4573, #558 ) ;
#7068 = EDGE_LOOP ( 'NONE', ( #3788, #1849, #5054, #3618 ) ) ;
#7069 = ORIENTED_EDGE ( 'NONE', *, *, #1312, .T. ) ;
#7070 = DIRECTION ( 'NONE',  ( 0.000000000000000000, 1.000000000000000000, 0.000000000000000000 ) ) ;
#7071 = AXIS2_PLACEMENT_3D ( 'NONE', #1820, #6882, #3372 ) ;
#7072 = LINE ( 'NONE', #5898, #254 ) ;
#7073 = DIRECTION ( 'NONE',  ( -1.000000000000000000, 0.000000000000000000, 0.000000000000000000 ) ) ;
#7074 = DIRECTION ( 'NONE',  ( -1.000000000000000000, -2.555573771327072837E-16, 0.000000000000000000 ) ) ;
#7075 = ORIENTED_EDGE ( 'NONE', *, *, #565, .T. ) ;
#7076 = VECTOR ( 'NONE', #1781, 1000.000000000000000 ) ;
#7077 = ORIENTED_EDGE ( 'NONE', *, *, #3637, .T. ) ;
#7078 = ORIENTED_EDGE ( 'NONE', *, *, #241, .T. ) ;
#7079 = EDGE_CURVE ( 'NONE', #7242, #2003, #6472, .T. ) ;
#7080 = LINE ( 'NONE', #2516, #6017 ) ;
#7081 = ORIENTED_EDGE ( 'NONE', *, *, #6732, .T. ) ;
#7082 = CIRCLE ( 'NONE', #2708, 0.7500000000000006661 ) ;
#7083 = DIRECTION ( 'NONE',  ( -0.6585046078685198312, 8.064355602499658431E-17, 0.7525766947068762702 ) ) ;
#7084 = CARTESIAN_POINT ( 'NONE',  ( 25.43069851827728201, -27.25176100330542894, 22.84792887754659318 ) ) ;
#7085 = ORIENTED_EDGE ( 'NONE', *, *, #866, .T. ) ;
#7086 = LINE ( 'NONE', #2523, #82 ) ;
#7087 = CARTESIAN_POINT ( 'NONE',  ( 50.36435050381641787, 0.5677779115151342371, 18.40359731999999937 ) ) ;
#7088 = FACE_OUTER_BOUND ( 'NONE', #2438, .T. ) ;
#7089 = CARTESIAN_POINT ( 'NONE',  ( 33.49477099867146990, -12.51215245581865609, 22.99999799999999794 ) ) ;
#7090 = DIRECTION ( 'NONE',  ( 0.000000000000000000, 0.000000000000000000, 1.000000000000000000 ) ) ;
#7091 = LINE ( 'NONE', #2023, #3470 ) ;
#7092 = DIRECTION ( 'NONE',  ( 0.000000000000000000, -1.000000000000000000, 0.000000000000000000 ) ) ;
#7093 = ORIENTED_EDGE ( 'NONE', *, *, #1667, .T. ) ;
#7094 = ORIENTED_EDGE ( 'NONE', *, *, #1597, .F. ) ;
#7095 = LINE ( 'NONE', #6480, #3454 ) ;
#7096 = EDGE_CURVE ( 'NONE', #7059, #2318, #6552, .T. ) ;
#7097 = EDGE_CURVE ( 'NONE', #6427, #6754, #5318, .T. ) ;
#7098 = CARTESIAN_POINT ( 'NONE',  ( 20.02849441382008422, -3.967150744431636955, 21.40359731999999937 ) ) ;
#7099 = ORIENTED_EDGE ( 'NONE', *, *, #7155, .F. ) ;
#7100 = FACE_OUTER_BOUND ( 'NONE', #7198, .T. ) ;
#7101 = DIRECTION ( 'NONE',  ( 0.000000000000000000, 0.000000000000000000, -1.000000000000000000 ) ) ;
#7102 = VERTEX_POINT ( 'NONE', #5872 ) ;
#7103 = CARTESIAN_POINT ( 'NONE',  ( 23.11076921640281157, 23.98846797503755468, 23.19999800000000079 ) ) ;
#7104 = ORIENTED_EDGE ( 'NONE', *, *, #1846, .T. ) ;
#7105 = LINE ( 'NONE', #1520, #4608 ) ;
#7106 = AXIS2_PLACEMENT_3D ( 'NONE', #886, #1510, #3136 ) ;
#7107 = ORIENTED_EDGE ( 'NONE', *, *, #7170, .F. ) ;
#7108 = DIRECTION ( 'NONE',  ( -1.577021341797097560E-16, -1.000000000000000000, 0.000000000000000000 ) ) ;
#7109 = CIRCLE ( 'NONE', #3558, 1.000000000000000888 ) ;
#7110 = LINE ( 'NONE', #7146, #6372 ) ;
#7111 = VECTOR ( 'NONE', #1579, 1000.000000000000000 ) ;
#7112 = EDGE_LOOP ( 'NONE', ( #4371, #1555 ) ) ;
#7113 = LINE ( 'NONE', #6538, #6218 ) ;
#7114 = LINE ( 'NONE', #6055, #4049 ) ;
#7115 = ORIENTED_EDGE ( 'NONE', *, *, #2570, .F. ) ;
#7116 = CARTESIAN_POINT ( 'NONE',  ( 32.20649282690607862, 6.065850720411354757, 19.20359732000000008 ) ) ;
#7117 = VERTEX_POINT ( 'NONE', #829 ) ;
#7118 = ORIENTED_EDGE ( 'NONE', *, *, #1747, .F. ) ;
#7119 = CARTESIAN_POINT ( 'NONE',  ( 31.54477099867147061, -12.51215245581865609, 22.99999799999999794 ) ) ;
#7120 = EDGE_CURVE ( 'NONE', #4613, #1573, #4089, .T. ) ;
#7121 = CARTESIAN_POINT ( 'NONE',  ( 23.76718080794103116, -27.24531049502657964, 22.90807033045650343 ) ) ;
#7122 = VERTEX_POINT ( 'NONE', #5394 ) ;
#7123 = DIRECTION ( 'NONE',  ( -0.000000000000000000, -0.000000000000000000, 1.000000000000000000 ) ) ;
#7124 = FACE_OUTER_BOUND ( 'NONE', #5069, .T. ) ;
#7125 = EDGE_CURVE ( 'NONE', #715, #6391, #4235, .T. ) ;
#7126 = CARTESIAN_POINT ( 'NONE',  ( 26.14477099867147203, 9.487847544181342130, 23.19999800000000079 ) ) ;
#7127 = LINE ( 'NONE', #3167, #577 ) ;
#7128 = ADVANCED_FACE ( 'NONE', ( #7004 ), #252, .T. ) ;
#7129 = LINE ( 'NONE', #4887, #873 ) ;
#7130 = DIRECTION ( 'NONE',  ( 0.000000000000000000, 0.000000000000000000, -1.000000000000000000 ) ) ;
#7131 = CARTESIAN_POINT ( 'NONE',  ( 11.23043847095200576, -1.512152455818660757, 31.63375372154084175 ) ) ;
#7132 = DIRECTION ( 'NONE',  ( 0.000000000000000000, -1.000000000000000000, 0.000000000000000000 ) ) ;
#7133 = AXIS2_PLACEMENT_3D ( 'NONE', #1388, #5476, #2530 ) ;
#7134 = EDGE_CURVE ( 'NONE', #7286, #2294, #6549, .T. ) ;
#7135 = DIRECTION ( 'NONE',  ( 1.000000000000000000, 0.000000000000000000, 0.000000000000000000 ) ) ;
#7136 = PLANE ( 'NONE',  #5035 ) ;
#7137 = ORIENTED_EDGE ( 'NONE', *, *, #1590, .T. ) ;
#7138 = CARTESIAN_POINT ( 'NONE',  ( 28.09477099867147487, 9.487847544181342130, 22.99999799999999794 ) ) ;
#7139 = ORIENTED_EDGE ( 'NONE', *, *, #2269, .F. ) ;
#7140 = CIRCLE ( 'NONE', #1596, 2.550000000000000266 ) ;
#7141 = EDGE_LOOP ( 'NONE', ( #3821, #5066, #1489, #4592, #2888, #1264, #6276, #5698, #5268, #458, #1009, #290, #3480 ) ) ;
#7142 = ORIENTED_EDGE ( 'NONE', *, *, #4152, .T. ) ;
#7143 = DIRECTION ( 'NONE',  ( 0.000000000000000000, 0.000000000000000000, 1.000000000000000000 ) ) ;
#7144 = VECTOR ( 'NONE', #2841, 1000.000000000000000 ) ;
#7145 = AXIS2_PLACEMENT_3D ( 'NONE', #1003, #1593, #3253 ) ;
#7146 = CARTESIAN_POINT ( 'NONE',  ( 6.030438470952711683, -2.763214443583700941, 31.63375372154084175 ) ) ;
#7147 = ADVANCED_FACE ( 'NONE', ( #4881 ), #2564, .F. ) ;
#7148 = EDGE_LOOP ( 'NONE', ( #6616, #5216, #2910, #7057 ) ) ;
#7149 = DIRECTION ( 'NONE',  ( 0.000000000000000000, 0.000000000000000000, 1.000000000000000000 ) ) ;
#7150 = EDGE_CURVE ( 'NONE', #5577, #4056, #3261, .T. ) ;
#7151 = CARTESIAN_POINT ( 'NONE',  ( 24.69849011171107378, -1.512152455818657204, 22.99999799999999439 ) ) ;
#7152 = VERTEX_POINT ( 'NONE', #3237 ) ;
#7153 = CIRCLE ( 'NONE', #3970, 0.9999999999999991118 ) ;
#7154 = VERTEX_POINT ( 'NONE', #5432 ) ;
#7155 = EDGE_CURVE ( 'NONE', #2318, #3070, #2076, .T. ) ;
#7156 = EDGE_LOOP ( 'NONE', ( #4295, #5449, #1817, #371 ) ) ;
#7157 = DIRECTION ( 'NONE',  ( 0.000000000000000000, 0.000000000000000000, 1.000000000000000000 ) ) ;
#7158 = AXIS2_PLACEMENT_3D ( 'NONE', #2543, #5222, #237 ) ;
#7159 = CARTESIAN_POINT ( 'NONE',  ( 26.24641227490803885, -27.21558485261506988, 23.17200353645731781 ) ) ;
#7160 = EDGE_CURVE ( 'NONE', #932, #5047, #4659, .T. ) ;
#7161 = ORIENTED_EDGE ( 'NONE', *, *, #4932, .T. ) ;
#7162 = CARTESIAN_POINT ( 'NONE',  ( 40.20749282690607629, -9.733150561326636918, 19.20359732000000008 ) ) ;
#7163 = DIRECTION ( 'NONE',  ( -0.000000000000000000, -0.000000000000000000, 1.000000000000000000 ) ) ;
#7164 = CYLINDRICAL_SURFACE ( 'NONE', #6751, 1.580000000000001625 ) ;
#7165 = CARTESIAN_POINT ( 'NONE',  ( 26.14477099867147203, -12.51215245581865609, 21.99999800000000150 ) ) ;
#7166 = DIRECTION ( 'NONE',  ( 0.000000000000000000, 0.000000000000000000, 1.000000000000000000 ) ) ;
#7167 = DIRECTION ( 'NONE',  ( 0.000000000000000000, 0.000000000000000000, 1.000000000000000000 ) ) ;
#7168 = ORIENTED_EDGE ( 'NONE', *, *, #515, .T. ) ;
#7169 = DIRECTION ( 'NONE',  ( 0.000000000000000000, 0.000000000000000000, -1.000000000000000000 ) ) ;
#7170 = EDGE_CURVE ( 'NONE', #4982, #1090, #1936, .T. ) ;
#7171 = DIRECTION ( 'NONE',  ( 1.000000000000000000, 0.000000000000000000, 0.000000000000000000 ) ) ;
#7172 = AXIS2_PLACEMENT_3D ( 'NONE', #5839, #3241, #5435 ) ;
#7173 = DIRECTION ( 'NONE',  ( -0.7071067811865479058, -0.7071067811865472397, 0.000000000000000000 ) ) ;
#7174 = CIRCLE ( 'NONE', #2802, 1.000000000000000888 ) ;
#7175 = CARTESIAN_POINT ( 'NONE',  ( 24.69849011171107378, -1.763214443583702495, 31.63375372154084175 ) ) ;
#7176 = ORIENTED_EDGE ( 'NONE', *, *, #3435, .T. ) ;
#7177 = DIRECTION ( 'NONE',  ( 0.7027442638224247196, 0.7114425483935286065, -0.000000000000000000 ) ) ;
#7178 = ORIENTED_EDGE ( 'NONE', *, *, #2879, .F. ) ;
#7179 = ORIENTED_EDGE ( 'NONE', *, *, #5538, .T. ) ;
#7180 = DIRECTION ( 'NONE',  ( 0.000000000000000000, 1.000000000000000000, 0.000000000000000000 ) ) ;
#7181 = VERTEX_POINT ( 'NONE', #6209 ) ;
#7182 = LINE ( 'NONE', #3892, #6937 ) ;
#7183 = VECTOR ( 'NONE', #613, 1000.000000000000000 ) ;
#7184 = DIRECTION ( 'NONE',  ( 1.000000000000000000, 0.000000000000000000, 0.000000000000000000 ) ) ;
#7185 = LINE ( 'NONE', #3266, #6582 ) ;
#7186 = DIRECTION ( 'NONE',  ( -0.000000000000000000, -0.000000000000000000, -1.000000000000000000 ) ) ;
#7187 = EDGE_LOOP ( 'NONE', ( #1065, #389, #5413, #1359 ) ) ;
#7188 = AXIS2_PLACEMENT_3D ( 'NONE', #3825, #2663, #936 ) ;
#7189 = EDGE_CURVE ( 'NONE', #7122, #2575, #3871, .T. ) ;
#7190 = VECTOR ( 'NONE', #2101, 1000.000000000000000 ) ;
#7191 = ADVANCED_FACE ( 'NONE', ( #3275 ), #5505, .F. ) ;
#7192 = ORIENTED_EDGE ( 'NONE', *, *, #1911, .F. ) ;
#7193 = CARTESIAN_POINT ( 'NONE',  ( 44.29477099867147416, -12.51215245581865609, 22.99999799999999794 ) ) ;
#7194 = VECTOR ( 'NONE', #5799, 1000.000000000000000 ) ;
#7195 = EDGE_CURVE ( 'NONE', #5150, #2768, #6673, .T. ) ;
#7196 = EDGE_CURVE ( 'NONE', #5055, #2295, #6780, .T. ) ;
#7197 = CARTESIAN_POINT ( 'NONE',  ( 25.01984132078046486, -27.16750783484330967, 22.86208157013222220 ) ) ;
#7198 = EDGE_LOOP ( 'NONE', ( #3665, #1201, #4219, #4792 ) ) ;
#7199 =( NAMED_UNIT ( * ) PLANE_ANGLE_UNIT ( ) SI_UNIT ( $, .RADIAN. ) );
#7200 = DIRECTION ( 'NONE',  ( -0.000000000000000000, -0.000000000000000000, 1.000000000000000000 ) ) ;
#7201 = DIRECTION ( 'NONE',  ( -0.7071067811865414665, 0.000000000000000000, -0.7071067811865536790 ) ) ;
#7202 = DIRECTION ( 'NONE',  ( 0.9999999998448929617, 1.761289572153559545E-05, 0.000000000000000000 ) ) ;
#7203 = CARTESIAN_POINT ( 'NONE',  ( 17.40349142309807462, -1.524148547166637613, 21.50359731999998658 ) ) ;
#7204 = CIRCLE ( 'NONE', #2930, 25.74999999999999645 ) ;
#7205 = EDGE_LOOP ( 'NONE', ( #512, #343, #4377, #5961 ) ) ;
#7206 = ORIENTED_EDGE ( 'NONE', *, *, #555, .T. ) ;
#7207 = DIRECTION ( 'NONE',  ( 1.000000000000000000, 0.000000000000000000, 0.000000000000000000 ) ) ;
#7208 = CARTESIAN_POINT ( 'NONE',  ( 24.69849011171107378, 3.406785556417015748, 21.40359731999999937 ) ) ;
#7209 = CARTESIAN_POINT ( 'NONE',  ( 11.25055410581079229, 18.74043139248407996, 21.96359842000000029 ) ) ;
#7210 = LINE ( 'NONE', #6485, #4173 ) ;
#7211 = CARTESIAN_POINT ( 'NONE',  ( 37.69477099867146563, -1.512152455818661423, 22.99999799999999794 ) ) ;
#7212 = VERTEX_POINT ( 'NONE', #3306 ) ;
#7213 = ORIENTED_EDGE ( 'NONE', *, *, #1162, .T. ) ;
#7214 = CARTESIAN_POINT ( 'NONE',  ( 24.69849011171107378, -24.56215207581864135, 23.19999800000000079 ) ) ;
#7215 = DIRECTION ( 'NONE',  ( 0.000000000000000000, 0.000000000000000000, 1.000000000000000000 ) ) ;
#7216 = VECTOR ( 'NONE', #3129, 1000.000000000000000 ) ;
#7217 = CARTESIAN_POINT ( 'NONE',  ( 25.05949410864507243, 0.4268492555683600642, 19.20359732000000008 ) ) ;
#7218 = EDGE_LOOP ( 'NONE', ( #6328, #6583, #3516, #2245 ) ) ;
#7219 = CARTESIAN_POINT ( 'NONE',  ( 37.69477099867146563, -1.512152455818661423, 21.99999800000000150 ) ) ;
#7220 = LINE ( 'NONE', #2156, #845 ) ;
#7221 = AXIS2_PLACEMENT_3D ( 'NONE', #636, #1656, #1145 ) ;
#7222 = ORIENTED_EDGE ( 'NONE', *, *, #4564, .T. ) ;
#7223 = AXIS2_PLACEMENT_3D ( 'NONE', #17, #1663, #5562 ) ;
#7224 = AXIS2_PLACEMENT_3D ( 'NONE', #4019, #6818, #659 ) ;
#7225 = ORIENTED_EDGE ( 'NONE', *, *, #6286, .T. ) ;
#7226 = LINE ( 'NONE', #6507, #1970 ) ;
#7227 = VECTOR ( 'NONE', #771, 1000.000000000000000 ) ;
#7228 = AXIS2_PLACEMENT_3D ( 'NONE', #233, #847, #6381 ) ;
#7229 = DIRECTION ( 'NONE',  ( 1.000000000000000000, 0.000000000000000000, 0.000000000000000000 ) ) ;
#7230 = EDGE_CURVE ( 'NONE', #3224, #4017, #5361, .T. ) ;
#7231 = CARTESIAN_POINT ( 'NONE',  ( 23.26243565143697012, -27.13936348112024177, 23.23412543496207405 ) ) ;
#7232 = ORIENTED_EDGE ( 'NONE', *, *, #357, .T. ) ;
#7233 = LINE ( 'NONE', #1612, #3606 ) ;
#7234 = VERTEX_POINT ( 'NONE', #1025 ) ;
#7235 = FACE_OUTER_BOUND ( 'NONE', #6465, .T. ) ;
#7236 = CIRCLE ( 'NONE', #279, 1.199999999999999734 ) ;
#7237 = ADVANCED_FACE ( 'NONE', ( #1578 ), #5619, .F. ) ;
#7238 = DIRECTION ( 'NONE',  ( 1.000000000000000000, 0.000000000000000000, 0.000000000000000000 ) ) ;
#7239 = ADVANCED_FACE ( 'NONE', ( #6170 ), #5578, .T. ) ;
#7240 = DIRECTION ( 'NONE',  ( -0.000000000000000000, -0.000000000000000000, -1.000000000000000000 ) ) ;
#7241 = LINE ( 'NONE', #3915, #5119 ) ;
#7242 = VERTEX_POINT ( 'NONE', #3379 ) ;
#7243 = DIRECTION ( 'NONE',  ( -0.000000000000000000, -0.000000000000000000, -1.000000000000000000 ) ) ;
#7244 = EDGE_LOOP ( 'NONE', ( #1144, #4981 ) ) ;
#7245 = CARTESIAN_POINT ( 'NONE',  ( 8.630438470952455532, -3.563214443583345492, 21.40359731999999937 ) ) ;
#7246 = CARTESIAN_POINT ( 'NONE',  ( 25.85623289332590957, 24.18328692119917278, 23.02849659492265744 ) ) ;
#7247 = CARTESIAN_POINT ( 'NONE',  ( 45.99477099867148411, -12.51215245581865609, 23.19999800000000079 ) ) ;
#7248 = DIRECTION ( 'NONE',  ( 0.7071067811865414665, -2.230244969721252469E-16, -0.7071067811865536790 ) ) ;
#7249 = VERTEX_POINT ( 'NONE', #1720 ) ;
#7250 = ORIENTED_EDGE ( 'NONE', *, *, #4000, .F. ) ;
#7251 = ORIENTED_EDGE ( 'NONE', *, *, #217, .F. ) ;
#7252 = DIRECTION ( 'NONE',  ( -0.000000000000000000, -0.000000000000000000, 1.000000000000000000 ) ) ;
#7253 = AXIS2_PLACEMENT_3D ( 'NONE', #446, #5878, #4316 ) ;
#7254 = CARTESIAN_POINT ( 'NONE',  ( 32.29477099867147416, 9.487847544181342130, 22.99999799999999794 ) ) ;
#7255 = DIRECTION ( 'NONE',  ( -0.000000000000000000, -0.000000000000000000, 1.000000000000000000 ) ) ;
#7256 = ORIENTED_EDGE ( 'NONE', *, *, #1397, .T. ) ;
#7257 = DIRECTION ( 'NONE',  ( 0.000000000000000000, -1.000000000000000000, 0.000000000000000000 ) ) ;
#7258 = CIRCLE ( 'NONE', #2645, 0.7999999999999986011 ) ;
#7259 = CARTESIAN_POINT ( 'NONE',  ( 19.02849441382007711, 2.426849255568367614, 18.40359731999999937 ) ) ;
#7260 = EDGE_CURVE ( 'NONE', #6347, #3633, #4954, .T. ) ;
#7261 = EDGE_LOOP ( 'NONE', ( #3634, #2025 ) ) ;
#7262 = VECTOR ( 'NONE', #6335, 1000.000000000000000 ) ;
#7263 = ADVANCED_FACE ( 'NONE', ( #3909 ), #5059, .F. ) ;
#7264 = CYLINDRICAL_SURFACE ( 'NONE', #1862, 0.7500000000000006661 ) ;
#7265 = B_SPLINE_CURVE_WITH_KNOTS ( 'NONE', 3,
 ( #1354, #4069, #3506, #4640 ),
 .UNSPECIFIED., .F., .F.,
 ( 4, 4 ),
 ( 0.000000000000000000, 0.0005021313631344664604 ),
 .UNSPECIFIED. ) ;
#7266 = FACE_OUTER_BOUND ( 'NONE', #4684, .T. ) ;
#7267 = AXIS2_PLACEMENT_3D ( 'NONE', #1693, #6143, #3312 ) ;
#7268 = CARTESIAN_POINT ( 'NONE',  ( 25.95817191820344760, -27.14652066647377637, 23.14801948738535842 ) ) ;
#7269 = ORIENTED_EDGE ( 'NONE', *, *, #6772, .F. ) ;
#7270 = CARTESIAN_POINT ( 'NONE',  ( 19.01847150889784643, -6.067398810601707382, 23.19999800000000079 ) ) ;
#7271 = CARTESIAN_POINT ( 'NONE',  ( 7.430438470952408281, 0.8867855564166542415, 23.19999800000000079 ) ) ;
#7272 = CIRCLE ( 'NONE', #2193, 0.7500000000000006661 ) ;
#7273 = DIRECTION ( 'NONE',  ( -0.7071067811865414665, 0.000000000000000000, 0.7071067811865536790 ) ) ;
#7274 = CARTESIAN_POINT ( 'NONE',  ( 23.17849011171107421, -24.56215207581864135, 96.03199646221435160 ) ) ;
#7275 = LINE ( 'NONE', #2279, #1832 ) ;
#7276 = STYLED_ITEM ( 'NONE', ( #1403 ), #558 ) ;
#7277 = VERTEX_POINT ( 'NONE', #34 ) ;
#7278 = DIRECTION ( 'NONE',  ( -0.000000000000000000, -0.000000000000000000, -1.000000000000000000 ) ) ;
#7279 = LINE ( 'NONE', #6147, #5178 ) ;
#7280 = EDGE_CURVE ( 'NONE', #6462, #3182, #6066, .T. ) ;
#7281 = EDGE_CURVE ( 'NONE', #6674, #54, #2237, .T. ) ;
#7282 = DIRECTION ( 'NONE',  ( 1.000000000000000000, 0.000000000000000000, 0.000000000000000000 ) ) ;
#7283 = CARTESIAN_POINT ( 'NONE',  ( 36.94477099867147274, -12.51215245581865609, 22.99999799999999794 ) ) ;
#7284 = CARTESIAN_POINT ( 'NONE',  ( 24.69849011171107378, -1.763214443583702495, 21.40359731999999937 ) ) ;
#7285 = ORIENTED_EDGE ( 'NONE', *, *, #1138, .F. ) ;
#7286 = VERTEX_POINT ( 'NONE', #1687 ) ;
#7287 = EDGE_CURVE ( 'NONE', #1004, #3268, #7233, .T. ) ;
#7288 = DIRECTION ( 'NONE',  ( 0.000000000000000000, 0.000000000000000000, 1.000000000000000000 ) ) ;
#7289 = EDGE_CURVE ( 'NONE', #1527, #4056, #2753, .T. ) ;
#7290 = DIRECTION ( 'NONE',  ( -0.000000000000000000, -0.000000000000000000, -1.000000000000000000 ) ) ;
#7291 = CYLINDRICAL_SURFACE ( 'NONE', #616, 0.9999999999999991118 ) ;
#7292 = CIRCLE ( 'NONE', #5727, 0.9499999999999995115 ) ;
#7293 = ORIENTED_EDGE ( 'NONE', *, *, #3528, .T. ) ;
#7294 = LINE ( 'NONE', #3405, #2567 ) ;
#7295 = CARTESIAN_POINT ( 'NONE',  ( 12.05349142309807675, -5.819541498890621334, 18.40359731999999937 ) ) ;
#7296 = ORIENTED_EDGE ( 'NONE', *, *, #2167, .F. ) ;
#7297 = CARTESIAN_POINT ( 'NONE',  ( 35.98149282690607009, 6.065850720411352981, 18.40359731999999937 ) ) ;
#7298 = ORIENTED_EDGE ( 'NONE', *, *, #863, .F. ) ;
#7299 = ORIENTED_EDGE ( 'NONE', *, *, #3257, .F. ) ;
#7300 = CARTESIAN_POINT ( 'NONE',  ( 29.59477099867147487, 9.487847544181342130, 21.99999800000000150 ) ) ;
#7301 = DIRECTION ( 'NONE',  ( 0.000000000000000000, 0.000000000000000000, 1.000000000000000000 ) ) ;
#7302 = CARTESIAN_POINT ( 'NONE',  ( 24.43439458303211254, -27.16795227235492760, 22.85526548685877657 ) ) ;
#7303 = ORIENTED_EDGE ( 'NONE', *, *, #1855, .F. ) ;
#7304 = ORIENTED_EDGE ( 'NONE', *, *, #5778, .T. ) ;
#7305 = DIRECTION ( 'NONE',  ( -0.000000000000000000, 1.000000000000000000, 0.000000000000000000 ) ) ;
#7306 = LINE ( 'NONE', #554, #3684 ) ;
#7307 = CIRCLE ( 'NONE', #4010, 25.75000000000000355 ) ;
#7308 = CARTESIAN_POINT ( 'NONE',  ( 21.66549410864507053, -3.167150744431641129, 21.40359731999999937 ) ) ;
ENDSEC;
END-ISO-10303-21;
