ISO-10303-21;
HEADER;
FILE_DESCRIPTION (( 'STEP AP214' ),
    '1' );
FILE_NAME ('均衡板支撑柱.STEP',
    '2026-10-09T06:10:41',
    ( 'luo010121@outlook.com' ),
    ( '' ),
    'SwSTEP 2.0',
    'SolidWorks 2021',
    '' );
FILE_SCHEMA (( 'AUTOMOTIVE_DESIGN' ));
ENDSEC;

DATA;
#1 = CARTESIAN_POINT ( 'NONE',  ( -41.88261761811044437, 13.25324547717797685, -31.37333444597204846 ) ) ;
#2 = CARTESIAN_POINT ( 'NONE',  ( -39.49730114936044600, 15.65268398561488361, -27.88375111195591316 ) ) ;
#3 = CARTESIAN_POINT ( 'NONE',  ( -40.99730114936044600, 12.74210777562715435, -25.89416777930538061 ) ) ;
#4 = CARTESIAN_POINT ( 'NONE',  ( -41.88261761811044437, 16.32007168648290829, -29.54000111263870920 ) ) ;
#5 = CARTESIAN_POINT ( 'NONE',  ( -42.76793408686044273, 14.78665858183044257, -30.01916777930537705 ) ) ;
#6 = CARTESIAN_POINT ( 'NONE',  ( -39.49730114936043890, 14.78665858183044257, -27.42541777862258101 ) ) ;
#7 = ORIENTED_EDGE ( 'NONE', *, *, #2496, .F. ) ;
#8 = CARTESIAN_POINT ( 'NONE',  ( -41.74730114936043890, 13.48762047615378279, -28.71708444665484095 ) ) ;
#9 = ORIENTED_EDGE ( 'NONE', *, *, #375, .F. ) ;
#10 = CARTESIAN_POINT ( 'NONE',  ( -39.23300630440148495, 14.93634057610880106, -32.20041777998817878 ) ) ;
#11 = CARTESIAN_POINT ( 'NONE',  ( -42.76793408686044273, 13.76438317872879757, -30.47750111263870920 ) ) ;
#12 = EDGE_CURVE ( 'NONE', #1633, #2155, #476, .T. ) ;
#13 = LINE ( 'NONE', #249, #3054 ) ;
#14 = CARTESIAN_POINT ( 'NONE',  ( -42.49730114936043890, 14.78665858183044257, -29.80041777998817309 ) ) ;
#15 = CARTESIAN_POINT ( 'NONE',  ( -42.76793408686044273, 13.76438317872879757, -26.97750111263871275 ) ) ;
#16 = CARTESIAN_POINT ( 'NONE',  ( -40.11198468061044053, 16.32007168648291184, -28.12333444597204490 ) ) ;
#17 = CARTESIAN_POINT ( 'NONE',  ( -40.11198468061044053, 13.25324547717797685, -31.85250111263870920 ) ) ;
#18 = CARTESIAN_POINT ( 'NONE',  ( -42.49730114936043890, 14.78665858183044257, -30.67541777862258101 ) ) ;
#19 = VERTEX_POINT ( 'NONE', #1746 ) ;
#20 = CARTESIAN_POINT ( 'NONE',  ( -41.74730114936043890, 13.48762047615378279, -30.09208444528924886 ) ) ;
#21 = CARTESIAN_POINT ( 'NONE',  ( -41.88261761811044437, 16.32007168648290829, -24.60250111263870920 ) ) ;
#22 = CARTESIAN_POINT ( 'NONE',  ( -40.99730114936044600, 16.83120938803373079, -30.58166777930537705 ) ) ;
#23 = AXIS2_PLACEMENT_3D ( 'NONE', #1512, #746, #1494 ) ;
#24 = CARTESIAN_POINT ( 'NONE',  ( -40.99730114936044600, 16.51870938939932287, -24.80041777862258101 ) ) ;
#25 = CARTESIAN_POINT ( 'NONE',  ( -42.76793408686044273, 14.78665858183044257, -23.95666777930537705 ) ) ;
#26 = AXIS2_PLACEMENT_3D ( 'NONE', #73, #572, #1383 ) ;
#27 = ORIENTED_EDGE ( 'NONE', *, *, #1351, .F. ) ;
#28 = CARTESIAN_POINT ( 'NONE',  ( -39.49730114936044600, 13.92063317804600331, -28.59208444665483739 ) ) ;
#29 = ORIENTED_EDGE ( 'NONE', *, *, #1266, .F. ) ;
#30 = DIRECTION ( 'NONE',  ( -1.000000000000000000, 0.000000000000000000, 0.000000000000000000 ) ) ;
#31 = CARTESIAN_POINT ( 'NONE',  ( -42.49730114936043890, 14.78665858183044257, -30.67541777862258101 ) ) ;
#32 = CARTESIAN_POINT ( 'NONE',  ( -39.49730114936041758, 13.92063317804601041, -26.09208444665484450 ) ) ;
#33 = CARTESIAN_POINT ( 'NONE',  ( -40.11198468061044053, 13.25324547717797685, -28.35250111263871275 ) ) ;
#34 = CARTESIAN_POINT ( 'NONE',  ( -39.22666821186043506, 14.78665858183044257, -29.20666777930537705 ) ) ;
#35 = CARTESIAN_POINT ( 'NONE',  ( -40.99730114936043890, 16.83120938803373079, -31.64416777930537705 ) ) ;
#36 = CARTESIAN_POINT ( 'NONE',  ( -41.88261761811044437, 16.32007168648290829, -32.04000111263871275 ) ) ;
#37 = ORIENTED_EDGE ( 'NONE', *, *, #2429, .T. ) ;
#39 = EDGE_CURVE ( 'NONE', #2276, #1944, #988, .T. ) ;
#38 = CARTESIAN_POINT ( 'NONE',  ( -40.24730114936043890, 16.08569668750710235, -28.84208444528924531 ) ) ;
#40 = CARTESIAN_POINT ( 'NONE',  ( -39.22666821186044217, 13.76438317872879935, -24.81083444597204135 ) ) ;
#41 = AXIS2_PLACEMENT_3D ( 'NONE', #1510, #2034, #1542 ) ;
#42 = CARTESIAN_POINT ( 'NONE',  ( -40.99730114936044600, 16.83120938803373079, -30.08166777930537705 ) ) ;
#43 = CARTESIAN_POINT ( 'NONE',  ( -39.49730114936044600, 13.92063317804600331, -25.46708444528924531 ) ) ;
#44 = CARTESIAN_POINT ( 'NONE',  ( -41.88261761811044437, 13.25324547717797685, -25.87333444597204490 ) ) ;
#45 = ORIENTED_EDGE ( 'NONE', *, *, #2677, .F. ) ;
#46 = CARTESIAN_POINT ( 'NONE',  ( -42.49730114936043890, 14.78665858183044257, -30.30041777998817309 ) ) ;
#47 = CARTESIAN_POINT ( 'NONE',  ( -42.76793408686044273, 15.80893398493208757, -26.06083444597204135 ) ) ;
#48 = CARTESIAN_POINT ( 'NONE',  ( -42.49730114936043890, 14.78665858183044257, -24.80041777998817665 ) ) ;
#49 = CARTESIAN_POINT ( 'NONE',  ( -41.88261761811044437, 13.25324547717797685, -32.43583444597204846 ) ) ;
#50 = DIRECTION ( 'NONE',  ( -1.000000000000000000, 0.000000000000000000, -0.000000000000000000 ) ) ;
#51 = CARTESIAN_POINT ( 'NONE',  ( -43.17230114936081264, 14.78665858182955972, -40.80041777998818020 ) ) ;
#52 = CARTESIAN_POINT ( 'NONE',  ( -40.99730114936043890, 16.83120938803373079, -27.14416777930537705 ) ) ;
#53 = CARTESIAN_POINT ( 'NONE',  ( -39.22666821186044217, 15.80893398493208757, -29.66500111263871275 ) ) ;
#54 = CARTESIAN_POINT ( 'NONE',  ( -40.11198468061044053, 16.32007168648291184, -31.68583444597204846 ) ) ;
#55 = CARTESIAN_POINT ( 'NONE',  ( -41.74730114936043890, 13.48762047615378279, -29.09208444528924886 ) ) ;
#56 = VERTEX_POINT ( 'NONE', #1985 ) ;
#57 = CARTESIAN_POINT ( 'NONE',  ( -39.49730114936044600, 15.65268398561488361, -29.88375111195591671 ) ) ;
#58 = EDGE_CURVE ( 'NONE', #1161, #2646, #1450, .T. ) ;
#59 = VECTOR ( 'NONE', #2668, 1000.000000000000000 ) ;
#60 = CARTESIAN_POINT ( 'NONE',  ( -42.76793408686044273, 14.78665858183044257, -30.95666777930537705 ) ) ;
#61 = CARTESIAN_POINT ( 'NONE',  ( -42.49730114936043890, 13.92063317804600331, -25.63375111195591316 ) ) ;
#62 = CARTESIAN_POINT ( 'NONE',  ( -39.22666821186044217, 13.76438317872879935, -24.24833444597204490 ) ) ;
#63 = ORIENTED_EDGE ( 'NONE', *, *, #2639, .F. ) ;
#64 = CARTESIAN_POINT ( 'NONE',  ( -40.24730114936043890, 13.48762047615378279, -31.13375111332150880 ) ) ;
#65 = CARTESIAN_POINT ( 'NONE',  ( -41.88261761811044437, 13.25324547717797685, -24.93583444597204490 ) ) ;
#66 =( BOUNDED_CURVE ( )  B_SPLINE_CURVE ( 2, ( #2572, #809, #234, #1295, #2077, #3101, #534 ),
 .UNSPECIFIED., .F., .T. ) 
 B_SPLINE_CURVE_WITH_KNOTS ( ( 3, 2, 2, 3 ),
 ( 0.7647058823529410132, 0.7745098039215685404, 0.7843137254901959565, 0.7941176470588233727 ),
 .UNSPECIFIED. ) 
 CURVE ( )  GEOMETRIC_REPRESENTATION_ITEM ( )  RATIONAL_B_SPLINE_CURVE ( ( 1.000000000000001554, 0.8660254037844371533, 1.000000000000000000, 0.8660254037844387076, 1.000000000000000000, 0.8660254037844402619, 0.9999999999999984457 ) ) 
 REPRESENTATION_ITEM ( '' )  );
#67 = CARTESIAN_POINT ( 'NONE',  ( -40.33331381230589585, 13.14523791192553048, -24.80041777998818020 ) ) ;
#68 = CYLINDRICAL_SURFACE ( 'NONE', #2951, 1.500000000000001332 ) ;
#69 = DIRECTION ( 'NONE',  ( -0.000000000000000000, -0.000000000000000000, -1.000000000000000000 ) ) ;
#70 = CARTESIAN_POINT ( 'NONE',  ( -40.99730114936043890, 14.78665858183044257, -24.80041777998817665 ) ) ;
#71 = CARTESIAN_POINT ( 'NONE',  ( -42.76793408686044273, 14.78665858183044257, -28.51916777930537705 ) ) ;
#72 = CARTESIAN_POINT ( 'NONE',  ( -42.76793408686044273, 13.76438317872879757, -29.91500111263870920 ) ) ;
#73 = CARTESIAN_POINT ( 'NONE',  ( -40.99730114936043890, 14.78665858183044257, -32.80041777998817309 ) ) ;
#74 = VERTEX_POINT ( 'NONE', #1408 ) ;
#75 = CARTESIAN_POINT ( 'NONE',  ( -42.49730114936043890, 15.65268398561488361, -28.71708444528924531 ) ) ;
#76 = CARTESIAN_POINT ( 'NONE',  ( -39.49730114936043890, 14.78665858183044257, -25.42541777862258101 ) ) ;
#77 = EDGE_CURVE ( 'NONE', #387, #74, #207, .T. ) ;
#78 = CARTESIAN_POINT ( 'NONE',  ( -41.88261761811044437, 16.32007168648290829, -26.54000111263871275 ) ) ;
#79 = ORIENTED_EDGE ( 'NONE', *, *, #2877, .T. ) ;
#80 = CARTESIAN_POINT ( 'NONE',  ( -42.49730114936043890, 15.65268398561488361, -31.34208444665484450 ) ) ;
#81 = CARTESIAN_POINT ( 'NONE',  ( -39.22666821186044217, 13.76438317872879935, -24.31083444597204490 ) ) ;
#82 = AXIS2_PLACEMENT_3D ( 'NONE', #2908, #1103, #2693 ) ;
#83 = ADVANCED_FACE ( 'NONE', ( #617 ), #370, .F. ) ;
#84 = SURFACE_STYLE_FILL_AREA ( #821 ) ;
#85 = ORIENTED_EDGE ( 'NONE', *, *, #2594, .T. ) ;
#86 = CARTESIAN_POINT ( 'NONE',  ( -42.76793408686044273, 13.76438317872879757, -32.47750111263871275 ) ) ;
#87 = CARTESIAN_POINT ( 'NONE',  ( -39.49730114936045311, 15.65268398561489605, -29.88375111195591671 ) ) ;
#88 = CARTESIAN_POINT ( 'NONE',  ( -42.49730114936043890, 15.65268398561488361, -25.84208444665484095 ) ) ;
#89 =( BOUNDED_CURVE ( )  B_SPLINE_CURVE ( 2, ( #695, #1730, #1997, #979, #3020, #708, #1745 ),
 .UNSPECIFIED., .F., .T. ) 
 B_SPLINE_CURVE_WITH_KNOTS ( ( 3, 2, 2, 3 ),
 ( 0.6176470588235291048, 0.6274509803921565210, 0.6372549019607840481, 0.6470588235294115753 ),
 .UNSPECIFIED. ) 
 CURVE ( )  GEOMETRIC_REPRESENTATION_ITEM ( )  RATIONAL_B_SPLINE_CURVE ( ( 1.000000000000004441, 0.8660254037844341557, 1.000000000000000000, 0.8660254037844387076, 1.000000000000000000, 0.8660254037844417052, 0.9999999999999970024 ) ) 
 REPRESENTATION_ITEM ( '' )  );
#90 = CARTESIAN_POINT ( 'NONE',  ( -39.22666821186043506, 13.76438317872879935, -31.31083444597204490 ) ) ;
#91 = CARTESIAN_POINT ( 'NONE',  ( -39.22666821186043506, 14.78665858183044257, -28.20666777930537705 ) ) ;
#92 = CARTESIAN_POINT ( 'NONE',  ( -40.99730114936090786, 14.78665858183045323, -41.90041777998817452 ) ) ;
#93 = CARTESIAN_POINT ( 'NONE',  ( -42.42009334755117322, 15.26169790732634013, -32.20041777998817878 ) ) ;
#94 = CARTESIAN_POINT ( 'NONE',  ( -40.99730114936044600, 16.51870938939932287, -29.80041777862257746 ) ) ;
#95 = CARTESIAN_POINT ( 'NONE',  ( -42.49730114936043890, 15.65268398561488361, -24.21708444528924886 ) ) ;
#96 = CARTESIAN_POINT ( 'NONE',  ( -39.22666821186044217, 15.80893398493208757, -26.16500111263871275 ) ) ;
#97 = ORIENTED_EDGE ( 'NONE', *, *, #375, .T. ) ;
#98 = CYLINDRICAL_SURFACE ( 'NONE', #2361, 1.500000000000001332 ) ;
#99 = CARTESIAN_POINT ( 'NONE',  ( -41.88261761811044437, 13.25324547717797685, -24.87333444597204490 ) ) ;
#100 = CARTESIAN_POINT ( 'NONE',  ( -39.49730114936043890, 14.78665858183044257, -28.55041777998817665 ) ) ;
#101 = CARTESIAN_POINT ( 'NONE',  ( -42.49730114936043890, 14.78665858183044257, -27.80041777998817665 ) ) ;
#102 = ORIENTED_EDGE ( 'NONE', *, *, #2960, .F. ) ;
#103 = CARTESIAN_POINT ( 'NONE',  ( -40.81831801505725821, 13.15794373503190684, -32.16547427252687896 ) ) ;
#104 = CARTESIAN_POINT ( 'NONE',  ( -40.99730114936090786, 14.78665858183045323, -41.90041777998817452 ) ) ;
#105 = EDGE_CURVE ( 'NONE', #933, #493, #569, .T. ) ;
#106 = CARTESIAN_POINT ( 'NONE',  ( -39.49730114936044600, 15.65268398561488361, -24.50875111332150880 ) ) ;
#107 = CARTESIAN_POINT ( 'NONE',  ( -40.11198468061044053, 16.32007168648291184, -30.18583444597204490 ) ) ;
#108 = CARTESIAN_POINT ( 'NONE',  ( -42.76793408686044273, 15.80893398493208757, -28.99833444597204846 ) ) ;
#109 = CARTESIAN_POINT ( 'NONE',  ( -41.88261761811044437, 13.25324547717797685, -25.93583444597204490 ) ) ;
#110 = CARTESIAN_POINT ( 'NONE',  ( -41.88261761811044437, 16.32007168648290829, -25.54000111263870920 ) ) ;
#111 = CARTESIAN_POINT ( 'NONE',  ( -39.49730114936043890, 14.78665858183044257, -28.92541777862258101 ) ) ;
#112 = CARTESIAN_POINT ( 'NONE',  ( -40.11198468061044053, 16.32007168648291184, -26.12333444597204490 ) ) ;
#113 = ORIENTED_EDGE ( 'NONE', *, *, #2633, .T. ) ;
#114 = DIRECTION ( 'NONE',  ( -0.000000000000000000, -0.000000000000000000, -1.000000000000000000 ) ) ;
#115 = CARTESIAN_POINT ( 'NONE',  ( -40.99730114936044600, 16.51870938939932287, -31.42541777998817309 ) ) ;
#116 = CARTESIAN_POINT ( 'NONE',  ( -41.88261761811044437, 13.25324547717797685, -27.43583444597204490 ) ) ;
#117 = CARTESIAN_POINT ( 'NONE',  ( -41.74730114936043890, 13.48762047615378279, -28.09208444528924531 ) ) ;
#118 = ORIENTED_EDGE ( 'NONE', *, *, #1936, .F. ) ;
#119 = DIRECTION ( 'NONE',  ( -0.000000000000000000, -0.000000000000000000, -1.000000000000000000 ) ) ;
#120 = CARTESIAN_POINT ( 'NONE',  ( -39.52730114936090899, 14.78665858183045323, -41.90041777998817452 ) ) ;
#121 = CARTESIAN_POINT ( 'NONE',  ( -41.74730114936043890, 13.48762047615378279, -25.21708444665484095 ) ) ;
#122 = CARTESIAN_POINT ( 'NONE',  ( -40.11198468061044053, 13.25324547717797685, -29.85250111263870920 ) ) ;
#123 = CARTESIAN_POINT ( 'NONE',  ( -39.22666821186043506, 13.76438317872879935, -29.74833444597204490 ) ) ;
#124 = ADVANCED_FACE ( 'NONE', ( #628 ), #1663, .T. ) ;
#125 = CARTESIAN_POINT ( 'NONE',  ( -42.76793408686044273, 13.76438317872879757, -24.97750111263871275 ) ) ;
#126 = FACE_BOUND ( 'NONE', #3127, .T. ) ;
#127 = ORIENTED_EDGE ( 'NONE', *, *, #1110, .T. ) ;
#128 = CARTESIAN_POINT ( 'NONE',  ( -39.49730114936043890, 14.78665858183044257, -31.42541777862258101 ) ) ;
#129 = ORIENTED_EDGE ( 'NONE', *, *, #697, .F. ) ;
#130 = CARTESIAN_POINT ( 'NONE',  ( -40.99730114936043890, 14.78665858183044257, -24.80041777998817665 ) ) ;
#131 = CARTESIAN_POINT ( 'NONE',  ( -40.99730114936044600, 16.83120938803373079, -25.08166777930537705 ) ) ;
#132 = CARTESIAN_POINT ( 'NONE',  ( -40.11198468061044053, 13.25324547717797685, -26.35250111263871275 ) ) ;
#133 = CARTESIAN_POINT ( 'NONE',  ( -40.99730114936043890, 13.05460777426156582, -28.67541777998817665 ) ) ;
#134 = ORIENTED_EDGE ( 'NONE', *, *, #2816, .F. ) ;
#135 = CARTESIAN_POINT ( 'NONE',  ( -39.49730114936043890, 14.78665858183044257, -24.80041777998817665 ) ) ;
#136 = CARTESIAN_POINT ( 'NONE',  ( -41.74730114936043890, 16.08569668750710235, -27.38375111332150880 ) ) ;
#137 = CARTESIAN_POINT ( 'NONE',  ( -39.49730114936044600, 15.65268398561488361, -24.00875111332150880 ) ) ;
#138 = AXIS2_PLACEMENT_3D ( 'NONE', #2759, #1967, #2011 ) ;
#139 = CARTESIAN_POINT ( 'NONE',  ( -41.88261761811044437, 13.25324547717797685, -30.43583444597204490 ) ) ;
#140 = CARTESIAN_POINT ( 'NONE',  ( -39.22666821186043506, 15.80893398493208757, -29.66500111263871275 ) ) ;
#141 = CARTESIAN_POINT ( 'NONE',  ( -42.76793408686044273, 14.78665858183044257, -27.51916777930537705 ) ) ;
#142 = CARTESIAN_POINT ( 'NONE',  ( -41.13431930468462383, 12.82121524448743166, -24.83811642225589011 ) ) ;
#143 = CARTESIAN_POINT ( 'NONE',  ( -39.49730114936046022, 13.92063317804599620, -25.09208444665484450 ) ) ;
#144 = ORIENTED_EDGE ( 'NONE', *, *, #2639, .T. ) ;
#145 = ADVANCED_FACE ( 'NONE', ( #1935 ), #1439, .T. ) ;
#146 = CARTESIAN_POINT ( 'NONE',  ( -39.49730114936043890, 14.78665858183044257, -24.92541777862258101 ) ) ;
#147 = PRESENTATION_LAYER_ASSIGNMENT (  '', '', ( #592 ) ) ;
#148 = CARTESIAN_POINT ( 'NONE',  ( -39.22666821186044217, 15.80893398493208757, -25.16500111263870565 ) ) ;
#149 = CARTESIAN_POINT ( 'NONE',  ( -40.99730114936044600, 16.83120938803373079, -27.64416777930537705 ) ) ;
#150 = CARTESIAN_POINT ( 'NONE',  ( -40.24730114936043890, 13.48762047615378279, -28.63375111332151235 ) ) ;
#151 = ORIENTED_EDGE ( 'NONE', *, *, #2142, .F. ) ;
#152 = CARTESIAN_POINT ( 'NONE',  ( -40.99730114936043890, 16.51870938939932287, -31.42541777998817665 ) ) ;
#153 = CARTESIAN_POINT ( 'NONE',  ( -42.49730114936043890, 14.78665858183044257, -24.80041777998817665 ) ) ;
#154 = CARTESIAN_POINT ( 'NONE',  ( -40.24730114936043890, 13.48762047615378279, -25.13375111332150880 ) ) ;
#155 = CARTESIAN_POINT ( 'NONE',  ( -40.11198468061044053, 16.32007168648291184, -30.68583444597204490 ) ) ;
#156 = CARTESIAN_POINT ( 'NONE',  ( -40.11198468061044053, 13.25324547717797685, -29.79000111263870920 ) ) ;
#157 = CARTESIAN_POINT ( 'NONE',  ( -40.99730114936044600, 16.83120938803373079, -27.64416777930537705 ) ) ;
#158 = CARTESIAN_POINT ( 'NONE',  ( -40.99730114936043890, 13.05460777426156582, -27.67541777998817665 ) ) ;
#159 = CARTESIAN_POINT ( 'NONE',  ( -42.49730114936043179, 15.65268398561488894, -24.84208444665484450 ) ) ;
#160 = DIRECTION ( 'NONE',  ( -1.000000000000000000, 0.000000000000000000, 0.000000000000000000 ) ) ;
#161 = EDGE_CURVE ( 'NONE', #1020, #292, #2224, .T. ) ;
#162 = CARTESIAN_POINT ( 'NONE',  ( -40.99730114936044600, 16.83120938803373079, -25.58166777930538061 ) ) ;
#163 = CARTESIAN_POINT ( 'NONE',  ( -42.76793408686044273, 14.78665858183044257, -28.51916777930537705 ) ) ;
#164 = DIRECTION ( 'NONE',  ( -0.000000000000000000, -0.000000000000000000, -1.000000000000000000 ) ) ;
#165 = VERTEX_POINT ( 'NONE', #2206 ) ;
#166 = CARTESIAN_POINT ( 'NONE',  ( -39.49730114936046022, 15.65268398561488894, -31.00875111332150524 ) ) ;
#167 = FACE_OUTER_BOUND ( 'NONE', #1570, .T. ) ;
#168 = CARTESIAN_POINT ( 'NONE',  ( -41.74730114936043890, 13.48762047615378279, -26.71708444665484095 ) ) ;
#169 = CARTESIAN_POINT ( 'NONE',  ( -41.88261761811044437, 13.25324547717797685, -29.87333444597204490 ) ) ;
#170 = CARTESIAN_POINT ( 'NONE',  ( -39.22666821186044217, 15.80893398493208757, -28.72750111263871631 ) ) ;
#171 = CARTESIAN_POINT ( 'NONE',  ( -39.52730114936090899, 14.78665858183045323, -40.80041777998818020 ) ) ;
#172 = CARTESIAN_POINT ( 'NONE',  ( -40.72570035438069169, 16.29412196693740356, -24.80041777998816954 ) ) ;
#173 = CARTESIAN_POINT ( 'NONE',  ( -40.99730114936044600, 16.83120938803373079, -24.14416777930537705 ) ) ;
#174 = CARTESIAN_POINT ( 'NONE',  ( -40.99730114936044600, 16.83120938803373079, -27.08166777930537705 ) ) ;
#175 = CARTESIAN_POINT ( 'NONE',  ( -42.76793408686044273, 14.78665858183044257, -27.51916777930537705 ) ) ;
#176 = CARTESIAN_POINT ( 'NONE',  ( -41.32233289431900403, 13.30346866451223953, -32.20041777998816457 ) ) ;
#177 = ORIENTED_EDGE ( 'NONE', *, *, #161, .T. ) ;
#178 = CARTESIAN_POINT ( 'NONE',  ( -40.24730114936043890, 16.08569668750710235, -31.46708444665484450 ) ) ;
#179 = CARTESIAN_POINT ( 'NONE',  ( -41.74730114936043890, 13.48762047615378279, -25.59208444528924886 ) ) ;
#180 = CARTESIAN_POINT ( 'NONE',  ( -39.49730114936044600, 15.65268398561488361, -28.00875111332150880 ) ) ;
#181 = EDGE_CURVE ( 'NONE', #535, #2753, #3259, .T. ) ;
#182 = CARTESIAN_POINT ( 'NONE',  ( -39.22666821186043506, 13.76438317872879935, -31.24833444597204490 ) ) ;
#183 = CARTESIAN_POINT ( 'NONE',  ( -39.22666821186044217, 15.80893398493208757, -28.22750111263871275 ) ) ;
#184 = CARTESIAN_POINT ( 'NONE',  ( -39.52730114936043293, 14.78665858183044257, -32.20041777998817167 ) ) ;
#185 = AXIS2_PLACEMENT_3D ( 'NONE', #2006, #2232, #689 ) ;
#186 = VERTEX_POINT ( 'NONE', #219 ) ;
#187 = CARTESIAN_POINT ( 'NONE',  ( -42.76793408686044273, 13.76438317872879757, -25.97750111263870920 ) ) ;
#188 = CARTESIAN_POINT ( 'NONE',  ( -42.76793408686044273, 14.78665858183044257, -26.95666777930537705 ) ) ;
#189 =( BOUNDED_CURVE ( )  B_SPLINE_CURVE ( 2, ( #2502, #1212, #2248, #959, #179, #719, #1224 ),
 .UNSPECIFIED., .F., .T. ) 
 B_SPLINE_CURVE_WITH_KNOTS ( ( 3, 2, 2, 3 ),
 ( 0.1470588235294118806, 0.1568627450980393245, 0.1666666666666667962, 0.1764705882352942679 ),
 .UNSPECIFIED. ) 
 CURVE ( )  GEOMETRIC_REPRESENTATION_ITEM ( )  RATIONAL_B_SPLINE_CURVE ( ( 0.9999999999999984457, 0.8660254037844402619, 1.000000000000000000, 0.8660254037844387076, 1.000000000000000000, 0.8660254037844368202, 1.000000000000001998 ) ) 
 REPRESENTATION_ITEM ( '' )  );
#190 = CARTESIAN_POINT ( 'NONE',  ( -39.49730114936044600, 13.92063317804600331, -25.96708444528924531 ) ) ;
#191 = CARTESIAN_POINT ( 'NONE',  ( -42.76793408686044273, 13.76438317872879757, -30.91500111263871275 ) ) ;
#192 = CARTESIAN_POINT ( 'NONE',  ( -40.11198468061044053, 16.32007168648291184, -28.12333444597204490 ) ) ;
#193 = CARTESIAN_POINT ( 'NONE',  ( -42.76793408686044273, 14.78665858183044257, -30.51916777930537705 ) ) ;
#194 = CARTESIAN_POINT ( 'NONE',  ( -39.23300630440148495, 14.93634057610880106, -32.20041777998817878 ) ) ;
#195 = ORIENTED_EDGE ( 'NONE', *, *, #3120, .F. ) ;
#196 = CYLINDRICAL_SURFACE ( 'NONE', #23, 1.500000000000001332 ) ;
#197 = CARTESIAN_POINT ( 'NONE',  ( -40.24730114936043890, 13.48762047615378279, -29.13375111332150880 ) ) ;
#198 = CARTESIAN_POINT ( 'NONE',  ( -39.49730114936044600, 15.65268398561488361, -26.50875111332150880 ) ) ;
#199 = CARTESIAN_POINT ( 'NONE',  ( -42.76793408686044273, 13.76438317872879757, -30.41500111263871631 ) ) ;
#200 = CARTESIAN_POINT ( 'NONE',  ( -42.76793408686044273, 14.78665858183044257, -28.01916777930537705 ) ) ;
#201 = EDGE_CURVE ( 'NONE', #688, #2622, #247, .T. ) ;
#202 = CARTESIAN_POINT ( 'NONE',  ( -41.61448482070735366, 16.28850073756560590, -32.20041777998829957 ) ) ;
#203 = CARTESIAN_POINT ( 'NONE',  ( -41.88261761811044437, 13.25324547717797685, -25.93583444597204490 ) ) ;
#204 = CARTESIAN_POINT ( 'NONE',  ( -40.99730114936043890, 12.74210777562715613, -26.83166777930537705 ) ) ;
#205 = CARTESIAN_POINT ( 'NONE',  ( -41.74730114936043890, 13.48762047615378279, -26.09208444528924886 ) ) ;
#206 = CARTESIAN_POINT ( 'NONE',  ( -40.99730114936044600, 16.83120938803373079, -30.58166777930537705 ) ) ;
#207 =( BOUNDED_CURVE ( )  B_SPLINE_CURVE ( 2, ( #2667, #2141, #841, #323, #1908, #2103, #100 ),
 .UNSPECIFIED., .F., .F. ) 
 B_SPLINE_CURVE_WITH_KNOTS ( ( 3, 2, 2, 3 ),
 ( 0.5294117647058823595, 0.5392156862745097756, 0.5490196078431374138, 0.5588235294117648300 ),
 .UNSPECIFIED. ) 
 CURVE ( )  GEOMETRIC_REPRESENTATION_ITEM ( )  RATIONAL_B_SPLINE_CURVE ( ( 1.000000000000000000, 0.8660254037844387076, 1.000000000000000000, 0.8660254037844387076, 1.000000000000000000, 0.8660254037844371533, 1.000000000000001554 ) ) 
 REPRESENTATION_ITEM ( '' )  );
#208 = CARTESIAN_POINT ( 'NONE',  ( -40.11198468061044053, 13.25324547717797685, -25.79000111263870920 ) ) ;
#209 = CARTESIAN_POINT ( 'NONE',  ( -42.76793408686044273, 13.76438317872879757, -28.97750111263870920 ) ) ;
#210 = FACE_OUTER_BOUND ( 'NONE', #1314, .T. ) ;
#211 = EDGE_LOOP ( 'NONE', ( #2231, #3252 ) ) ;
#212 = CARTESIAN_POINT ( 'NONE',  ( -41.74730114936043890, 16.08569668750710235, -31.25875111195590961 ) ) ;
#213 = CYLINDRICAL_SURFACE ( 'NONE', #1734, 1.500000000000001332 ) ;
#214 = CARTESIAN_POINT ( 'NONE',  ( -40.99730114936044600, 16.51870938939932287, -26.42541777998817665 ) ) ;
#215 = CARTESIAN_POINT ( 'NONE',  ( -42.76793408686044273, 15.80893398493208757, -31.49833444597204490 ) ) ;
#216 =( BOUNDED_CURVE ( )  B_SPLINE_CURVE ( 2, ( #327, #269, #1309, #2329, #1583, #1343, #861 ),
 .UNSPECIFIED., .F., .F. ) 
 B_SPLINE_CURVE_WITH_KNOTS ( ( 3, 2, 2, 3 ),
 ( 0.4705882352941176405, 0.4803921568627451122, 0.4901960784313725283, 0.5000000000000000000 ),
 .UNSPECIFIED. ) 
 CURVE ( )  GEOMETRIC_REPRESENTATION_ITEM ( )  RATIONAL_B_SPLINE_CURVE ( ( 1.000000000000000000, 0.8660254037844387076, 1.000000000000000000, 0.8660254037844387076, 1.000000000000000000, 0.8660254037844387076, 1.000000000000000000 ) ) 
 REPRESENTATION_ITEM ( '' )  );
#217 = CARTESIAN_POINT ( 'NONE',  ( -39.22666821186044217, 15.80893398493208757, -31.22750111263871275 ) ) ;
#218 = CARTESIAN_POINT ( 'NONE',  ( -40.99730114936043890, 16.51870938939932287, -31.92541777998818020 ) ) ;
#220 = EDGE_CURVE ( 'NONE', #2388, #2577, #2282, .T. ) ;
#219 = CARTESIAN_POINT ( 'NONE',  ( -39.49730114936043890, 14.78665858183044257, -27.42541777862258101 ) ) ;
#221 = CARTESIAN_POINT ( 'NONE',  ( -39.49730114936043890, 14.78665858183044257, -27.92541777862258101 ) ) ;
#222 = CARTESIAN_POINT ( 'NONE',  ( -39.22666821186044217, 15.80893398493208757, -31.16500111263871275 ) ) ;
#223 = CARTESIAN_POINT ( 'NONE',  ( -39.22666821186044217, 13.76438317872879935, -30.24833444597204490 ) ) ;
#224 = CARTESIAN_POINT ( 'NONE',  ( -39.22666821186044217, 13.76438317872879935, -29.31083444597204490 ) ) ;
#225 = CARTESIAN_POINT ( 'NONE',  ( -42.49730114936043890, 14.78665858183044257, -28.30041777998817665 ) ) ;
#226 = VERTEX_POINT ( 'NONE', #3286 ) ;
#227 = CARTESIAN_POINT ( 'NONE',  ( -42.49730114936043179, 15.65268398561488894, -28.84208444665484095 ) ) ;
#228 = APPLICATION_PROTOCOL_DEFINITION ( 'draft international standard', 'automotive_design', 1998, #1191 ) ;
#229 = CARTESIAN_POINT ( 'NONE',  ( -40.24730114936043890, 13.48762047615378279, -28.13375111332150880 ) ) ;
#230 = CARTESIAN_POINT ( 'NONE',  ( -40.11198468061044053, 13.25324547717797685, -31.79000111263870920 ) ) ;
#231 = CARTESIAN_POINT ( 'NONE',  ( -42.76793408686044273, 15.80893398493208757, -31.56083444597204490 ) ) ;
#232 = CARTESIAN_POINT ( 'NONE',  ( -40.33331381230589585, 13.14523791192553048, -24.80041777998818020 ) ) ;
#233 = CARTESIAN_POINT ( 'NONE',  ( -41.88261761811044437, 16.32007168648290829, -25.10250111263870920 ) ) ;
#234 = CARTESIAN_POINT ( 'NONE',  ( -41.74730114936043890, 16.08569668750710235, -30.75875111195591316 ) ) ;
#235 = CARTESIAN_POINT ( 'NONE',  ( -40.99730114936044600, 13.05460777426156582, -26.55041777862258101 ) ) ;
#236 = AXIS2_PLACEMENT_3D ( 'NONE', #1565, #1058, #2583 ) ;
#237 = CARTESIAN_POINT ( 'NONE',  ( -42.76793408686044273, 14.78665858183044257, -24.01916777930537705 ) ) ;
#238 = EDGE_CURVE ( 'NONE', #2964, #395, #1761, .T. ) ;
#239 = CARTESIAN_POINT ( 'NONE',  ( -40.99730114936044600, 12.74210777562715435, -30.33166777930537705 ) ) ;
#240 = CARTESIAN_POINT ( 'NONE',  ( -39.22666821186043506, 14.78665858183044257, -30.76916777930537705 ) ) ;
#241 = CARTESIAN_POINT ( 'NONE',  ( -40.11198468061044053, 16.32007168648291184, -25.62333444597204490 ) ) ;
#242 = ORIENTED_EDGE ( 'NONE', *, *, #2723, .F. ) ;
#243 = AXIS2_PLACEMENT_3D ( 'NONE', #70, #1116, #606 ) ;
#244 = CARTESIAN_POINT ( 'NONE',  ( -40.99730114936044600, 16.51870938939932287, -28.92541777998818020 ) ) ;
#245 = CARTESIAN_POINT ( 'NONE',  ( -40.45915029374342708, 16.24669204996742877, -24.80041777998817665 ) ) ;
#246 = CARTESIAN_POINT ( 'NONE',  ( -40.99730114936043890, 16.83120938803373079, -30.58166777930537705 ) ) ;
#247 =( BOUNDED_CURVE ( )  B_SPLINE_CURVE ( 2, ( #2555, #1231, #2831, #514, #770, #466, #2539 ),
 .UNSPECIFIED., .F., .T. ) 
 B_SPLINE_CURVE_WITH_KNOTS ( ( 3, 2, 2, 3 ),
 ( 0.3235294117647057877, 0.3333333333333332038, 0.3431372549019606755, 0.3529411764705881471 ),
 .UNSPECIFIED. ) 
 CURVE ( )  GEOMETRIC_REPRESENTATION_ITEM ( )  RATIONAL_B_SPLINE_CURVE ( ( 1.000000000000001554, 0.8660254037844371533, 1.000000000000000000, 0.8660254037844387076, 1.000000000000000000, 0.8660254037844402619, 0.9999999999999984457 ) ) 
 REPRESENTATION_ITEM ( '' )  );
#248 = CARTESIAN_POINT ( 'NONE',  ( -40.11198468061044053, 13.25324547717797685, -30.85250111263871275 ) ) ;
#249 = CARTESIAN_POINT ( 'NONE',  ( -42.36730114936089819, 14.78665858183045323, -41.90041777998817452 ) ) ;
#250 = COLOUR_RGB ( '',0.6470588235294117974, 0.5176470588235293491, 0.000000000000000000 ) ;
#251 = DIRECTION ( 'NONE',  ( -1.000000000000000000, 0.000000000000000000, 0.000000000000000000 ) ) ;
#252 = CARTESIAN_POINT ( 'NONE',  ( -39.22666821186043506, 14.78665858183044257, -28.76916777930538061 ) ) ;
#253 = CARTESIAN_POINT ( 'NONE',  ( -41.88261761811044437, 13.25324547717797685, -31.87333444597204135 ) ) ;
#254 = ORIENTED_EDGE ( 'NONE', *, *, #836, .T. ) ;
#255 = CARTESIAN_POINT ( 'NONE',  ( -42.49730114936043890, 15.65268398561488361, -27.71708444528924531 ) ) ;
#256 = CARTESIAN_POINT ( 'NONE',  ( -40.11198468061044053, 13.25324547717797685, -25.35250111263870920 ) ) ;
#257 = CARTESIAN_POINT ( 'NONE',  ( -41.88261761811044437, 16.32007168648290829, -30.54000111263871275 ) ) ;
#258 = CARTESIAN_POINT ( 'NONE',  ( -40.99730114936043890, 12.74210777562715613, -27.33166777930537705 ) ) ;
#259 = CARTESIAN_POINT ( 'NONE',  ( -39.22666821186043506, 14.78665858183044257, -30.26916777930537705 ) ) ;
#260 = EDGE_CURVE ( 'NONE', #1161, #1666, #3132, .T. ) ;
#261 = CARTESIAN_POINT ( 'NONE',  ( -40.11198468061044053, 13.25324547717797685, -24.79000111263870920 ) ) ;
#262 = ORIENTED_EDGE ( 'NONE', *, *, #1499, .T. ) ;
#263 = CARTESIAN_POINT ( 'NONE',  ( -39.49730114936043890, 14.78665858183044257, -24.80041777998817665 ) ) ;
#264 = CARTESIAN_POINT ( 'NONE',  ( -39.49730114936044600, 13.92063317804600331, -29.09208444665484450 ) ) ;
#265 = ORIENTED_EDGE ( 'NONE', *, *, #2921, .T. ) ;
#266 = CARTESIAN_POINT ( 'NONE',  ( -40.99730114936090786, 14.78665858183045323, -40.80041777998818020 ) ) ;
#267 = CARTESIAN_POINT ( 'NONE',  ( -42.76793408686044273, 14.78665858183044257, -32.01916777930537705 ) ) ;
#268 = CARTESIAN_POINT ( 'NONE',  ( -40.24730114936043890, 16.08569668750710235, -31.96708444665484450 ) ) ;
#269 = CARTESIAN_POINT ( 'NONE',  ( -42.49730114936043890, 15.65268398561488361, -28.21708444528924531 ) ) ;
#270 = CARTESIAN_POINT ( 'NONE',  ( -39.22666821186043506, 14.78665858183044257, -26.26916777930537705 ) ) ;
#271 = CARTESIAN_POINT ( 'NONE',  ( -40.11198468061044053, 16.32007168648291184, -29.12333444597204490 ) ) ;
#272 = CARTESIAN_POINT ( 'NONE',  ( -42.49730114936043890, 14.78665858183044257, -24.80041777998817665 ) ) ;
#273 = CARTESIAN_POINT ( 'NONE',  ( -40.99730114936043890, 14.78665858183044257, -24.80041777998817665 ) ) ;
#274 = VERTEX_POINT ( 'NONE', #3175 ) ;
#275 = CARTESIAN_POINT ( 'NONE',  ( -40.99730114936044600, 13.05460777426156582, -29.55041777862257746 ) ) ;
#276 = CARTESIAN_POINT ( 'NONE',  ( -42.76793408686044273, 13.76438317872879757, -26.47750111263871275 ) ) ;
#277 = CARTESIAN_POINT ( 'NONE',  ( -39.22666821186044217, 15.80893398493208757, -29.16500111263870920 ) ) ;
#278 = CARTESIAN_POINT ( 'NONE',  ( -39.22666821186043506, 14.78665858183044257, -31.76916777930537705 ) ) ;
#279 = CARTESIAN_POINT ( 'NONE',  ( -39.22666821186043506, 14.78665858183044257, -24.20666777930537705 ) ) ;
#280 = ORIENTED_EDGE ( 'NONE', *, *, #2000, .T. ) ;
#281 = CARTESIAN_POINT ( 'NONE',  ( -42.49730114936043890, 13.92063317804600331, -29.75875111332151235 ) ) ;
#282 = ORIENTED_EDGE ( 'NONE', *, *, #12, .F. ) ;
#283 = CARTESIAN_POINT ( 'NONE',  ( -39.49730114936043890, 14.78665858183044257, -26.92541777862258101 ) ) ;
#284 = CARTESIAN_POINT ( 'NONE',  ( -41.88261761811044437, 16.32007168648290829, -30.60250111263871275 ) ) ;
#285 = DIRECTION ( 'NONE',  ( 0.000000000000000000, 0.000000000000000000, 1.000000000000000000 ) ) ;
#286 = ADVANCED_FACE ( 'NONE', ( #2907, #2349 ), #1865, .T. ) ;
#287 = CARTESIAN_POINT ( 'NONE',  ( -40.99730114936043890, 13.05460777426156582, -31.67541777998817665 ) ) ;
#288 = CARTESIAN_POINT ( 'NONE',  ( -40.99730114936043890, 12.74210777562715613, -27.39416777930537705 ) ) ;
#289 = CARTESIAN_POINT ( 'NONE',  ( -39.22666821186044217, 15.80893398493208757, -28.66500111263871275 ) ) ;
#290 = FACE_OUTER_BOUND ( 'NONE', #3091, .T. ) ;
#291 = CARTESIAN_POINT ( 'NONE',  ( -40.11198468061044053, 16.32007168648291184, -32.12333444597204135 ) ) ;
#292 = VERTEX_POINT ( 'NONE', #2130 ) ;
#293 = CARTESIAN_POINT ( 'NONE',  ( -39.49730114936044600, 15.65268398561488361, -29.38375111195590961 ) ) ;
#294 = CARTESIAN_POINT ( 'NONE',  ( -40.99730114936044600, 12.74210777562715435, -26.39416777930537705 ) ) ;
#295 = AXIS2_PLACEMENT_3D ( 'NONE', #1484, #680, #404 ) ;
#296 = CARTESIAN_POINT ( 'NONE',  ( -40.11198468061044053, 13.25324547717797685, -30.79000111263871275 ) ) ;
#297 = AXIS2_PLACEMENT_3D ( 'NONE', #1724, #2721, #2450 ) ;
#298 = CARTESIAN_POINT ( 'NONE',  ( -39.49730114936044600, 13.92063317804600331, -24.96708444528924886 ) ) ;
#299 = CARTESIAN_POINT ( 'NONE',  ( -42.76793408686044273, 15.80893398493208757, -25.49833444597204846 ) ) ;
#300 = ORIENTED_EDGE ( 'NONE', *, *, #2429, .F. ) ;
#301 = DIRECTION ( 'NONE',  ( 1.000000000000000000, 0.000000000000000000, 0.000000000000000000 ) ) ;
#302 = CARTESIAN_POINT ( 'NONE',  ( -40.99730114936044600, 13.05460777426156582, -29.17541777998817665 ) ) ;
#303 = CARTESIAN_POINT ( 'NONE',  ( -39.22666821186044217, 15.80893398493208757, -25.22750111263870920 ) ) ;
#304 =( BOUNDED_CURVE ( )  B_SPLINE_CURVE ( 2, ( #2704, #2669, #822, #1323, #2362, #1360, #31 ),
 .UNSPECIFIED., .F., .T. ) 
 B_SPLINE_CURVE_WITH_KNOTS ( ( 3, 2, 2, 3 ),
 ( 0.7352941176470586537, 0.7450980392156860699, 0.7549019607843135971, 0.7647058823529410132 ),
 .UNSPECIFIED. ) 
 CURVE ( )  GEOMETRIC_REPRESENTATION_ITEM ( )  RATIONAL_B_SPLINE_CURVE ( ( 1.000000000000003109, 0.8660254037844357100, 1.000000000000000000, 0.8660254037844387076, 1.000000000000000000, 0.8660254037844402619, 0.9999999999999984457 ) ) 
 REPRESENTATION_ITEM ( '' )  );
#305 = CARTESIAN_POINT ( 'NONE',  ( -40.99730114936043890, 16.51870938939932287, -29.30041777862257746 ) ) ;
#306 = CYLINDRICAL_SURFACE ( 'NONE', #2479, 1.500000000000001332 ) ;
#307 = FACE_OUTER_BOUND ( 'NONE', #2927, .T. ) ;
#308 = CARTESIAN_POINT ( 'NONE',  ( -41.88261761811044437, 16.32007168648290829, -27.10250111263871275 ) ) ;
#309 = CARTESIAN_POINT ( 'NONE',  ( -42.76793408686044273, 15.80893398493208757, -27.49833444597204490 ) ) ;
#310 = EDGE_CURVE ( 'NONE', #2684, #782, #2674, .T. ) ;
#311 = DIRECTION ( 'NONE',  ( 0.000000000000000000, 0.000000000000000000, -1.000000000000000000 ) ) ;
#312 = CARTESIAN_POINT ( 'NONE',  ( -40.99730114936090786, 14.78665858183045323, -41.90041777998817452 ) ) ;
#313 = ORIENTED_EDGE ( 'NONE', *, *, #1042, .F. ) ;
#314 = CARTESIAN_POINT ( 'NONE',  ( -40.99730114936044600, 16.51870938939932287, -28.80041777862258101 ) ) ;
#315 =( GEOMETRIC_REPRESENTATION_CONTEXT ( 3 ) GLOBAL_UNCERTAINTY_ASSIGNED_CONTEXT ( ( #1879 ) ) GLOBAL_UNIT_ASSIGNED_CONTEXT ( ( #546, #1580, #1113 ) ) REPRESENTATION_CONTEXT ( 'NONE', 'WORKASPACE' ) );
#316 = CARTESIAN_POINT ( 'NONE',  ( -40.11198468061044053, 16.32007168648291184, -31.12333444597204490 ) ) ;
#317 = CARTESIAN_POINT ( 'NONE',  ( -40.24730114936043890, 16.08569668750710235, -24.84208444528924531 ) ) ;
#318 = CARTESIAN_POINT ( 'NONE',  ( -40.99730114936044600, 16.83120938803373079, -24.08166777930538061 ) ) ;
#319 = ORIENTED_EDGE ( 'NONE', *, *, #917, .T. ) ;
#320 = VECTOR ( 'NONE', #2007, 1000.000000000000000 ) ;
#321 = DIRECTION ( 'NONE',  ( 0.000000000000000000, 0.000000000000000000, 1.000000000000000000 ) ) ;
#322 = CARTESIAN_POINT ( 'NONE',  ( -39.49730114936043890, 14.78665858183044257, -31.05041777998817665 ) ) ;
#323 = CARTESIAN_POINT ( 'NONE',  ( -40.99730114936043890, 16.51870938939932287, -28.42541777998817665 ) ) ;
#324 = LINE ( 'NONE', #1563, #391 ) ;
#325 = CARTESIAN_POINT ( 'NONE',  ( -40.99730114936044600, 12.74210777562715435, -32.39416777930537705 ) ) ;
#326 = CARTESIAN_POINT ( 'NONE',  ( -39.49730114936043179, 13.92063317804601041, -31.46708444528924886 ) ) ;
#327 = CARTESIAN_POINT ( 'NONE',  ( -42.49730114936043890, 14.78665858183044257, -28.17541777862258101 ) ) ;
#328 =( BOUNDED_CURVE ( )  B_SPLINE_CURVE ( 2, ( #940, #2466, #1393, #377, #2930, #905, #3251 ),
 .UNSPECIFIED., .F., .F. ) 
 B_SPLINE_CURVE_WITH_KNOTS ( ( 3, 2, 2, 3 ),
 ( 0.7647058823529410132, 0.7745098039215685404, 0.7843137254901959565, 0.7941176470588233727 ),
 .UNSPECIFIED. ) 
 CURVE ( )  GEOMETRIC_REPRESENTATION_ITEM ( )  RATIONAL_B_SPLINE_CURVE ( ( 1.000000000000001554, 0.8660254037844371533, 1.000000000000000000, 0.8660254037844387076, 1.000000000000000000, 0.8660254037844402619, 0.9999999999999984457 ) ) 
 REPRESENTATION_ITEM ( '' )  );
#329 = CARTESIAN_POINT ( 'NONE',  ( -42.76793408686044273, 13.76438317872879757, -28.47750111263871275 ) ) ;
#330 = CARTESIAN_POINT ( 'NONE',  ( -41.88261761811044437, 16.32007168648290829, -28.54000111263871275 ) ) ;
#331 = CARTESIAN_POINT ( 'NONE',  ( -40.99730114936043890, 12.74210777562715613, -31.89416777930537705 ) ) ;
#332 = CARTESIAN_POINT ( 'NONE',  ( -40.24730114936043890, 13.48762047615378279, -29.00875111195591671 ) ) ;
#333 = ADVANCED_FACE ( 'NONE', ( #290 ), #609, .T. ) ;
#334 = ORIENTED_EDGE ( 'NONE', *, *, #2387, .T. ) ;
#335 = CARTESIAN_POINT ( 'NONE',  ( -41.74730114936043890, 13.48762047615378279, -31.09208444528924886 ) ) ;
#336 = CARTESIAN_POINT ( 'NONE',  ( -40.99730114936044600, 12.74210777562715435, -31.89416777930538061 ) ) ;
#337 = CARTESIAN_POINT ( 'NONE',  ( -42.76793408686044273, 13.76438317872879757, -26.91500111263871275 ) ) ;
#338 = ORIENTED_EDGE ( 'NONE', *, *, #310, .F. ) ;
#339 = CARTESIAN_POINT ( 'NONE',  ( -40.11198468061044053, 16.32007168648291184, -24.12333444597204490 ) ) ;
#340 = CARTESIAN_POINT ( 'NONE',  ( -42.49730114936043890, 14.78665858183044257, -26.17541777862258101 ) ) ;
#341 = ORIENTED_EDGE ( 'NONE', *, *, #1827, .T. ) ;
#342 = FACE_OUTER_BOUND ( 'NONE', #779, .T. ) ;
#343 = CARTESIAN_POINT ( 'NONE',  ( -39.49730114936043890, 14.78665858183044257, -26.55041777998817309 ) ) ;
#344 = CARTESIAN_POINT ( 'NONE',  ( -40.99730114936044600, 16.51870938939932287, -23.92541777998817309 ) ) ;
#345 = CARTESIAN_POINT ( 'NONE',  ( -42.76793408686044273, 13.76438317872879757, -30.47750111263870920 ) ) ;
#346 = CARTESIAN_POINT ( 'NONE',  ( -42.76793408686044273, 14.78665858183044257, -28.45666777930537705 ) ) ;
#347 = CARTESIAN_POINT ( 'NONE',  ( -40.99730114936043890, 13.05460777426156582, -31.17541777998818020 ) ) ;
#348 = DIRECTION ( 'NONE',  ( -1.000000000000000000, 0.000000000000000000, 0.000000000000000000 ) ) ;
#349 = VERTEX_POINT ( 'NONE', #1627 ) ;
#350 = CARTESIAN_POINT ( 'NONE',  ( -40.24730114936043890, 13.48762047615378279, -30.50875111195591316 ) ) ;
#351 = CARTESIAN_POINT ( 'NONE',  ( -42.49730114936043890, 14.78665858183044257, -24.17541777862258101 ) ) ;
#352 = CARTESIAN_POINT ( 'NONE',  ( -40.99730114936044600, 12.74210777562715435, -27.33166777930537705 ) ) ;
#353 = EDGE_LOOP ( 'NONE', ( #450, #3164, #1910, #7 ) ) ;
#354 = DIRECTION ( 'NONE',  ( -0.000000000000000000, -0.000000000000000000, -1.000000000000000000 ) ) ;
#355 = EDGE_CURVE ( 'NONE', #1478, #3078, #545, .T. ) ;
#356 = VECTOR ( 'NONE', #114, 1000.000000000000000 ) ;
#357 = CARTESIAN_POINT ( 'NONE',  ( -40.99730114936044600, 13.05460777426156582, -31.67541777998817665 ) ) ;
#358 = CARTESIAN_POINT ( 'NONE',  ( -42.76793408686044273, 13.76438317872879757, -25.47750111263870920 ) ) ;
#359 = CARTESIAN_POINT ( 'NONE',  ( -42.49730114936043890, 14.78665858183044257, -28.80041777998817665 ) ) ;
#360 = VERTEX_POINT ( 'NONE', #1329 ) ;
#361 = CARTESIAN_POINT ( 'NONE',  ( -39.49730114936043890, 14.78665858183044257, -26.42541777862258101 ) ) ;
#362 = FACE_OUTER_BOUND ( 'NONE', #1355, .T. ) ;
#363 = DIRECTION ( 'NONE',  ( -1.000000000000000000, 0.000000000000000000, 0.000000000000000000 ) ) ;
#364 = CARTESIAN_POINT ( 'NONE',  ( -42.76793408686044273, 15.80893398493208757, -30.56083444597204490 ) ) ;
#365 = CARTESIAN_POINT ( 'NONE',  ( -42.76793408686044273, 15.80893398493208757, -27.99833444597204846 ) ) ;
#366 = CARTESIAN_POINT ( 'NONE',  ( -41.88261761811044437, 16.32007168648290829, -25.60250111263870920 ) ) ;
#367 = CARTESIAN_POINT ( 'NONE',  ( -40.99730114936043890, 16.83120938803373079, -25.08166777930538416 ) ) ;
#368 = CARTESIAN_POINT ( 'NONE',  ( -39.49730114936043890, 14.78665858183044257, -28.92541777862258101 ) ) ;
#369 = CARTESIAN_POINT ( 'NONE',  ( -42.49730114936043890, 13.92063317804600331, -31.63375111195590961 ) ) ;
#370 =( BOUNDED_SURFACE ( )  B_SPLINE_SURFACE ( 1, 2, ( 
 ( #3150, #1597, #3185, #1374, #2881, #1635, #2411, #81, #1924, #376, #3167, #2175, #2899, #1147, #1129, #856, #1651, #2915, #3200, #2122, #1876, #820, #65, #871, #1670, #1893, #2683, #886, #2157, #303, #2945, #583, #634, #1618, #2929, #358, #1391, #2447, #1359, #1857, #1074, #3130, #2649, #2395, #565, #2630, #1339, #2378, #1112, #47, #1094, #601, #700, #2498, #408, #1179, #132, #2718, #1426, #649, #1752, #1974, #2997, #669, #2465, #1737, #393, #2766, #2483, #2213, #2244, #441, #1687, #3236, #971, #2258, #1491, #2781, #1164, #1989, #939, #3249, #116, #2193, #175, #1942, #686, #149, #920, #3276, #715, #2003, #1220, #3012, #3027, #1720, #456, #2751, #1957, #1195, #3220, #2980, #427, #1476, #904, #1461, #1703, #2962, #163, #2229, #2735, #1444, #955, #1207, #2511, #3262, #759, #491, #1541, #209, #1833, #2857, #3106, #1783, #2809, #2290, #3042, #224, #796, #2018, #1508, #1524, #539, #1300, #1050, #2065, #2839, #730, #2082, #2576, #2337, #2530, #3292, #1814, #5, #2822, #1767, #744, #986, #1270, #259, #2794, #1252, #3325, #2033, #472, #193, #1236, #3308, #505, #2547, #2274, #240, #1033, #1001, #1557, #3057, #2562, #2321, #2306, #1017, #2049, #3072, #1800, #1284, #3340, #3089, #2591, #777, #522, #1124, #2940, #1142, #2663, #1871, #1107, #278, #2925, #2911, #336, #2153, #2099, #2895, #3181, #3145, #2118, #597, #2626, #882, #1919, #2169, #835, #578, #1335, #3125 ),
 ( #351, #95, #867, #1904, #816, #3195, #1631, #1386, #1574, #2355, #613, #2425, #1890, #1851, #1613, #24, #317, #2678, #2875, #298, #2391, #1090, #559, #2610, #1318, #2373, #1370, #1593, #1070, #2405, #76, #43, #1647, #2644, #1353, #61, #2136, #3162, #852, #2480, #935, #1472, #3010, #190, #3085, #3069, #205, #2573, #1047, #2588, #756, #3305, #2559, #1748, #1030, #1014, #1797, #235, #1233, #997, #1281, #1249, #2286, #2029, #1764, #2819, #3337, #2271, #3289, #519, #1811, #3024, #1297, #712, #1537, #488, #2805, #2777, #453, #772, #1488, #1521, #3053, #983, #2834, #255, #1552, #2333, #2318, #2, #221, #2525, #1267, #2015, #741, #3038, #726, #2301, #2062, #2790, #3319, #468, #1505, #2046, #1780, #2542, #502, #2910, #3103, #75, #2852, #314, #38, #1630, #2404, #2607, #611, #1105, #866, #1384, #536, #1367, #1903, #2389, #1315, #293, #1571, #832, #3179, #275, #811, #2892, #1590, #2352, #2924, #94, #3122, #57, #1067, #793, #3160, #595, #20, #1123, #1645, #2676, #1889, #2623, #2096, #1848, #2871, #2642, #350, #556, #1332, #2152, #2134, #2370, #2661, #2079, #2423, #851, #1086, #1610, #1829, #2114, #335, #3141, #1868, #574, #1350, #682, #2714, #1681, #128, #3213, #3246, #1455, #2694, #369, #1986, #3258, #2508, #2762, #2168, #1716, #1952, #914, #1140, #3194, #1204, #2939, #2976, #1174, #1403, #951, #1732, #3009, #2241, #2747, #437, #663, #1471, #1698, #2442 ) ),
 .UNSPECIFIED., .F., .F., .F. ) 
 B_SPLINE_SURFACE_WITH_KNOTS ( ( 2, 2 ),
 ( 3, 2, 2, 2, 2, 2, 2, 2, 2, 2, 2, 2, 2, 2, 2, 2, 2, 2, 2, 2, 2, 2, 2, 2, 2, 2, 2, 2, 2, 2, 2, 2, 2, 2, 2, 2, 2, 2, 2, 2, 2, 2, 2, 2, 2, 2, 2, 2, 2, 2, 2, 2, 2, 2, 2, 2, 2, 2, 2, 2, 2, 2, 2, 2, 2, 2, 2, 2, 2, 2, 2, 2, 2, 2, 2, 2, 2, 2, 2, 2, 2, 2, 2, 2, 2, 2, 2, 2, 2, 2, 2, 2, 2, 2, 2, 2, 2, 2, 2, 2, 2, 2, 3 ),
 ( 0.000000000000000000, 1.000000000000000000 ),
 ( 0.000000000000000000, 0.009803921568627450844, 0.01960784313725490169, 0.02941176470588235253, 0.03921568627450980338, 0.04901960784313725422, 0.05882352941176470507, 0.06862745098039216285, 0.07843137254901960675, 0.08823529411764706454, 0.09803921568627450844, 0.1078431372549019662, 0.1176470588235294101, 0.1274509803921568540, 0.1372549019607843257, 0.1470588235294117696, 0.1568627450980392135, 0.1666666666666666574, 0.1764705882352941291, 0.1862745098039215730, 0.1960784313725490169, 0.2058823529411764608, 0.2156862745098039325, 0.2254901960784313764, 0.2352941176470588203, 0.2450980392156862642, 0.2549019607843137081, 0.2647058823529411797, 0.2745098039215686514, 0.2843137254901960675, 0.2941176470588235392, 0.3039215686274509554, 0.3137254901960784270, 0.3235294117647058987, 0.3333333333333333148, 0.3431372549019607865, 0.3529411764705882582, 0.3627450980392156743, 0.3725490196078431460, 0.3823529411764705621, 0.3921568627450980338, 0.4019607843137255054, 0.4117647058823529216, 0.4215686274509803932, 0.4313725490196078649, 0.4411764705882352811, 0.4509803921568627527, 0.4607843137254901689, 0.4705882352941176405, 0.4803921568627451122, 0.4901960784313725283, 0.5000000000000000000, 0.5098039215686274161, 0.5196078431372549433, 0.5294117647058823595, 0.5392156862745097756, 0.5490196078431373028, 0.5588235294117647189, 0.5686274509803921351, 0.5784313725490196623, 0.5882352941176470784, 0.5980392156862744946, 0.6078431372549019107, 0.6176470588235294379, 0.6274509803921568540, 0.6372549019607842702, 0.6470588235294117974, 0.6568627450980392135, 0.6666666666666666297, 0.6764705882352941568, 0.6862745098039215730, 0.6960784313725489891, 0.7058823529411765163, 0.7156862745098039325, 0.7254901960784313486, 0.7352941176470588758, 0.7450980392156862919, 0.7549019607843137081, 0.7647058823529411242, 0.7745098039215686514, 0.7843137254901960675, 0.7941176470588234837, 0.8039215686274510109, 0.8137254901960784270, 0.8235294117647058432, 0.8333333333333333703, 0.8431372549019607865, 0.8529411764705882026, 0.8627450980392157298, 0.8725490196078431460, 0.8823529411764705621, 0.8921568627450980893, 0.9019607843137255054, 0.9117647058823529216, 0.9215686274509803377, 0.9313725490196078649, 0.9411764705882352811, 0.9509803921568626972, 0.9607843137254902244, 0.9705882352941176405, 0.9803921568627450567, 0.9901960784313725839, 1.000000000000000000 ),
 .UNSPECIFIED. ) 
 GEOMETRIC_REPRESENTATION_ITEM ( )  RATIONAL_B_SPLINE_SURFACE ( (
 ( 1.000000000000000000, 0.8660254037844387076, 1.000000000000000000, 0.8660254037844387076, 1.000000000000000000, 0.8660254037844387076, 1.000000000000000000, 0.8660254037844387076, 1.000000000000000000, 0.8660254037844387076, 1.000000000000000000, 0.8660254037844387076, 1.000000000000000000, 0.8660254037844387076, 1.000000000000000000, 0.8660254037844387076, 1.000000000000000000, 0.8660254037844387076, 1.000000000000000000, 0.8660254037844387076, 1.000000000000000000, 0.8660254037844387076, 1.000000000000000000, 0.8660254037844387076, 1.000000000000000000, 0.8660254037844387076, 1.000000000000000000, 0.8660254037844387076, 1.000000000000000000, 0.8660254037844387076, 1.000000000000000000, 0.8660254037844387076, 1.000000000000000000, 0.8660254037844387076, 1.000000000000000000, 0.8660254037844387076, 1.000000000000000000, 0.8660254037844387076, 1.000000000000000000, 0.8660254037844387076, 1.000000000000000000, 0.8660254037844387076, 1.000000000000000000, 0.8660254037844387076, 1.000000000000000000, 0.8660254037844387076, 1.000000000000000000, 0.8660254037844387076, 1.000000000000000000, 0.8660254037844387076, 1.000000000000000000, 0.8660254037844387076, 1.000000000000000000, 0.8660254037844387076, 1.000000000000000000, 0.8660254037844387076, 1.000000000000000000, 0.8660254037844387076, 1.000000000000000000, 0.8660254037844387076, 1.000000000000000000, 0.8660254037844387076, 1.000000000000000000, 0.8660254037844387076, 1.000000000000000000, 0.8660254037844387076, 1.000000000000000000, 0.8660254037844387076, 1.000000000000000000, 0.8660254037844387076, 1.000000000000000000, 0.8660254037844387076, 1.000000000000000000, 0.8660254037844387076, 1.000000000000000000, 0.8660254037844387076, 1.000000000000000000, 0.8660254037844387076, 1.000000000000000000, 0.8660254037844387076, 1.000000000000000000, 0.8660254037844387076, 1.000000000000000000, 0.8660254037844387076, 1.000000000000000000, 0.8660254037844387076, 1.000000000000000000, 0.8660254037844387076, 1.000000000000000000, 0.8660254037844387076, 1.000000000000000000, 0.8660254037844387076, 1.000000000000000000, 0.8660254037844387076, 1.000000000000000000, 0.8660254037844387076, 1.000000000000000000, 0.8660254037844387076, 1.000000000000000000, 0.8660254037844387076, 1.000000000000000000, 0.8660254037844387076, 1.000000000000000000, 0.8660254037844387076, 1.000000000000000000, 0.8660254037844387076, 1.000000000000000000, 0.8660254037844387076, 1.000000000000000000, 0.8660254037844387076, 1.000000000000000000, 0.8660254037844387076, 1.000000000000000000, 0.8660254037844387076, 1.000000000000000000, 0.8660254037844387076, 1.000000000000000000, 0.8660254037844387076, 1.000000000000000000, 0.8660254037844387076, 1.000000000000000000, 0.8660254037844387076, 1.000000000000000000, 0.8660254037844387076, 1.000000000000000000, 0.8660254037844387076, 1.000000000000000000, 0.8660254037844387076, 1.000000000000000000, 0.8660254037844387076, 1.000000000000000000, 0.8660254037844387076, 1.000000000000000000, 0.8660254037844387076, 1.000000000000000000, 0.8660254037844387076, 1.000000000000000000, 0.8660254037844387076, 1.000000000000000000, 0.8660254037844387076, 1.000000000000000000, 0.8660254037844387076, 1.000000000000000000, 0.8660254037844387076, 1.000000000000000000, 0.8660254037844387076, 1.000000000000000000, 0.8660254037844387076, 1.000000000000000000, 0.8660254037844387076, 1.000000000000000000, 0.8660254037844387076, 1.000000000000000000, 0.8660254037844387076, 1.000000000000000000, 0.8660254037844387076, 1.000000000000000000, 0.8660254037844387076, 1.000000000000000000, 0.8660254037844387076, 1.000000000000000000, 0.8660254037844387076, 1.000000000000000000, 0.8660254037844387076, 1.000000000000000000, 0.8660254037844387076, 1.000000000000000000, 0.8660254037844387076, 1.000000000000000000, 0.8660254037844387076, 1.000000000000000000, 0.8660254037844387076, 1.000000000000000000, 0.8660254037844387076, 1.000000000000000000, 0.8660254037844387076, 1.000000000000000000, 0.8660254037844387076, 1.000000000000000000, 0.8660254037844387076, 1.000000000000000000, 0.8660254037844387076, 1.000000000000000000, 0.8660254037844387076, 1.000000000000000000, 0.8660254037844387076, 1.000000000000000000, 0.8660254037844387076, 1.000000000000000000, 0.8660254037844387076, 1.000000000000000000, 0.8660254037844387076, 1.000000000000000000, 0.8660254037844387076, 1.000000000000000000, 0.8660254037844387076, 1.000000000000000000, 0.8660254037844387076, 1.000000000000000000, 0.8660254037844387076, 1.000000000000000000, 0.8660254037844387076, 1.000000000000000000, 0.8660254037844387076, 1.000000000000000000),
 ( 1.000000000000000000, 0.8660254037844387076, 1.000000000000000000, 0.8660254037844387076, 1.000000000000000000, 0.8660254037844387076, 1.000000000000000000, 0.8660254037844387076, 1.000000000000000000, 0.8660254037844387076, 1.000000000000000000, 0.8660254037844387076, 1.000000000000000000, 0.8660254037844387076, 1.000000000000000000, 0.8660254037844387076, 1.000000000000000000, 0.8660254037844387076, 1.000000000000000000, 0.8660254037844387076, 1.000000000000000000, 0.8660254037844387076, 1.000000000000000000, 0.8660254037844387076, 1.000000000000000000, 0.8660254037844387076, 1.000000000000000000, 0.8660254037844387076, 1.000000000000000000, 0.8660254037844387076, 1.000000000000000000, 0.8660254037844387076, 1.000000000000000000, 0.8660254037844387076, 1.000000000000000000, 0.8660254037844387076, 1.000000000000000000, 0.8660254037844387076, 1.000000000000000000, 0.8660254037844387076, 1.000000000000000000, 0.8660254037844387076, 1.000000000000000000, 0.8660254037844387076, 1.000000000000000000, 0.8660254037844387076, 1.000000000000000000, 0.8660254037844387076, 1.000000000000000000, 0.8660254037844387076, 1.000000000000000000, 0.8660254037844387076, 1.000000000000000000, 0.8660254037844387076, 1.000000000000000000, 0.8660254037844387076, 1.000000000000000000, 0.8660254037844387076, 1.000000000000000000, 0.8660254037844387076, 1.000000000000000000, 0.8660254037844387076, 1.000000000000000000, 0.8660254037844387076, 1.000000000000000000, 0.8660254037844387076, 1.000000000000000000, 0.8660254037844387076, 1.000000000000000000, 0.8660254037844387076, 1.000000000000000000, 0.8660254037844387076, 1.000000000000000000, 0.8660254037844387076, 1.000000000000000000, 0.8660254037844387076, 1.000000000000000000, 0.8660254037844387076, 1.000000000000000000, 0.8660254037844387076, 1.000000000000000000, 0.8660254037844387076, 1.000000000000000000, 0.8660254037844387076, 1.000000000000000000, 0.8660254037844387076, 1.000000000000000000, 0.8660254037844387076, 1.000000000000000000, 0.8660254037844387076, 1.000000000000000000, 0.8660254037844387076, 1.000000000000000000, 0.8660254037844387076, 1.000000000000000000, 0.8660254037844387076, 1.000000000000000000, 0.8660254037844387076, 1.000000000000000000, 0.8660254037844387076, 1.000000000000000000, 0.8660254037844387076, 1.000000000000000000, 0.8660254037844387076, 1.000000000000000000, 0.8660254037844387076, 1.000000000000000000, 0.8660254037844387076, 1.000000000000000000, 0.8660254037844387076, 1.000000000000000000, 0.8660254037844387076, 1.000000000000000000, 0.8660254037844387076, 1.000000000000000000, 0.8660254037844387076, 1.000000000000000000, 0.8660254037844387076, 1.000000000000000000, 0.8660254037844387076, 1.000000000000000000, 0.8660254037844387076, 1.000000000000000000, 0.8660254037844387076, 1.000000000000000000, 0.8660254037844387076, 1.000000000000000000, 0.8660254037844387076, 1.000000000000000000, 0.8660254037844387076, 1.000000000000000000, 0.8660254037844387076, 1.000000000000000000, 0.8660254037844387076, 1.000000000000000000, 0.8660254037844387076, 1.000000000000000000, 0.8660254037844387076, 1.000000000000000000, 0.8660254037844387076, 1.000000000000000000, 0.8660254037844387076, 1.000000000000000000, 0.8660254037844387076, 1.000000000000000000, 0.8660254037844387076, 1.000000000000000000, 0.8660254037844387076, 1.000000000000000000, 0.8660254037844387076, 1.000000000000000000, 0.8660254037844387076, 1.000000000000000000, 0.8660254037844387076, 1.000000000000000000, 0.8660254037844387076, 1.000000000000000000, 0.8660254037844387076, 1.000000000000000000, 0.8660254037844387076, 1.000000000000000000, 0.8660254037844387076, 1.000000000000000000, 0.8660254037844387076, 1.000000000000000000, 0.8660254037844387076, 1.000000000000000000, 0.8660254037844387076, 1.000000000000000000, 0.8660254037844387076, 1.000000000000000000, 0.8660254037844387076, 1.000000000000000000, 0.8660254037844387076, 1.000000000000000000, 0.8660254037844387076, 1.000000000000000000, 0.8660254037844387076, 1.000000000000000000, 0.8660254037844387076, 1.000000000000000000, 0.8660254037844387076, 1.000000000000000000, 0.8660254037844387076, 1.000000000000000000, 0.8660254037844387076, 1.000000000000000000, 0.8660254037844387076, 1.000000000000000000, 0.8660254037844387076, 1.000000000000000000, 0.8660254037844387076, 1.000000000000000000, 0.8660254037844387076, 1.000000000000000000, 0.8660254037844387076, 1.000000000000000000, 0.8660254037844387076, 1.000000000000000000, 0.8660254037844387076, 1.000000000000000000, 0.8660254037844387076, 1.000000000000000000, 0.8660254037844387076, 1.000000000000000000) ) ) 
 REPRESENTATION_ITEM ( '' )  SURFACE ( )  );
#371 = CARTESIAN_POINT ( 'NONE',  ( -41.88261761811044437, 16.32007168648290829, -26.04000111263871275 ) ) ;
#372 = ORIENTED_EDGE ( 'NONE', *, *, #674, .F. ) ;
#373 = DIRECTION ( 'NONE',  ( -1.000000000000000000, 0.000000000000000000, 0.000000000000000000 ) ) ;
#374 = CARTESIAN_POINT ( 'NONE',  ( -40.99730114936044600, 16.51870938939932287, -31.92541777998817309 ) ) ;
#375 = EDGE_CURVE ( 'NONE', #2476, #2260, #2558, .T. ) ;
#376 = CARTESIAN_POINT ( 'NONE',  ( -40.99730114936044600, 12.74210777562715435, -24.39416777930537705 ) ) ;
#377 = CARTESIAN_POINT ( 'NONE',  ( -40.99730114936043890, 16.51870938939932287, -30.42541777998817309 ) ) ;
#378 = ORIENTED_EDGE ( 'NONE', *, *, #2723, .T. ) ;
#379 = CARTESIAN_POINT ( 'NONE',  ( -42.49730114936043890, 14.78665858183044257, -32.17541777862258101 ) ) ;
#380 = FACE_OUTER_BOUND ( 'NONE', #1887, .T. ) ;
#381 = LINE ( 'NONE', #1414, #1358 ) ;
#382 = CARTESIAN_POINT ( 'NONE',  ( -42.76793408686044273, 14.78665858183044257, -29.51916777930537705 ) ) ;
#383 = CARTESIAN_POINT ( 'NONE',  ( -40.99730114936043890, 16.83120938803373079, -29.08166777930538061 ) ) ;
#384 = CARTESIAN_POINT ( 'NONE',  ( -39.22666821186044217, 15.80893398493208757, -25.72750111263871275 ) ) ;
#385 = CARTESIAN_POINT ( 'NONE',  ( -42.76793408686044273, 14.78665858183044257, -25.95666777930538061 ) ) ;
#386 = FACE_OUTER_BOUND ( 'NONE', #1577, .T. ) ;
#387 = VERTEX_POINT ( 'NONE', #1347 ) ;
#388 = CARTESIAN_POINT ( 'NONE',  ( -40.99730114936043890, 14.78665858183044257, -24.80041777998817665 ) ) ;
#389 = EDGE_LOOP ( 'NONE', ( #1144, #254, #3193, #2660 ) ) ;
#390 = CYLINDRICAL_SURFACE ( 'NONE', #2264, 1.500000000000001332 ) ;
#391 = VECTOR ( 'NONE', #1075, 1000.000000000000000 ) ;
#392 = CARTESIAN_POINT ( 'NONE',  ( -41.88261761811044437, 16.32007168648290829, -24.54000111263870920 ) ) ;
#393 = CARTESIAN_POINT ( 'NONE',  ( -39.22666821186043506, 14.78665858183044257, -26.76916777930537705 ) ) ;
#394 = CARTESIAN_POINT ( 'NONE',  ( -39.83485872479243284, 16.12227402383624053, -32.20041777998816457 ) ) ;
#395 = VERTEX_POINT ( 'NONE', #1884 ) ;
#396 = CARTESIAN_POINT ( 'NONE',  ( -40.99730114936081549, 14.78665858182955972, -40.80041777998818020 ) ) ;
#397 = CARTESIAN_POINT ( 'NONE',  ( -42.49730114936043890, 14.78665858183044257, -27.30041777998817665 ) ) ;
#398 = DIRECTION ( 'NONE',  ( -0.000000000000000000, -0.000000000000000000, -1.000000000000000000 ) ) ;
#399 = CARTESIAN_POINT ( 'NONE',  ( -39.22666821186043506, 15.80893398493208757, -30.22750111263871275 ) ) ;
#400 = CARTESIAN_POINT ( 'NONE',  ( -39.22666821186043506, 14.78665858183044257, -28.70666777930538061 ) ) ;
#401 = CARTESIAN_POINT ( 'NONE',  ( -39.22666821186044217, 13.76438317872879935, -27.31083444597204490 ) ) ;
#402 = CARTESIAN_POINT ( 'NONE',  ( -40.11198468061044053, 13.25324547717797685, -25.29000111263870920 ) ) ;
#403 = EDGE_CURVE ( 'NONE', #1286, #2139, #2043, .T. ) ;
#404 = DIRECTION ( 'NONE',  ( -1.000000000000000000, 0.000000000000000000, 0.000000000000000000 ) ) ;
#405 = ORIENTED_EDGE ( 'NONE', *, *, #2287, .T. ) ;
#406 = CARTESIAN_POINT ( 'NONE',  ( -40.24730114936043890, 16.08569668750710235, -28.84208444528924531 ) ) ;
#407 = CARTESIAN_POINT ( 'NONE',  ( -40.99730114936044600, 13.05460777426156582, -32.17541777998818020 ) ) ;
#408 = CARTESIAN_POINT ( 'NONE',  ( -39.22666821186043506, 14.78665858183044257, -26.26916777930537705 ) ) ;
#409 = CARTESIAN_POINT ( 'NONE',  ( -40.24730114936043890, 13.48762047615378279, -28.00875111195591671 ) ) ;
#410 = ORIENTED_EDGE ( 'NONE', *, *, #3287, .F. ) ;
#411 = CARTESIAN_POINT ( 'NONE',  ( -42.49730114936043890, 13.92063317804600331, -32.13375111195590961 ) ) ;
#412 = CARTESIAN_POINT ( 'NONE',  ( -39.49730114936044600, 15.65268398561488539, -27.38375111195591316 ) ) ;
#413 = CARTESIAN_POINT ( 'NONE',  ( -39.49730114936044600, 13.92063317804600331, -25.09208444665484450 ) ) ;
#414 = VECTOR ( 'NONE', #1841, 1000.000000000000000 ) ;
#415 = CARTESIAN_POINT ( 'NONE',  ( -39.22666821186043506, 15.80893398493208757, -29.22750111263870920 ) ) ;
#416 = CARTESIAN_POINT ( 'NONE',  ( -40.99730114936043890, 12.74210777562715613, -29.33166777930537705 ) ) ;
#417 = CARTESIAN_POINT ( 'NONE',  ( -41.88261761811044437, 13.25324547717797685, -27.43583444597204490 ) ) ;
#418 = CARTESIAN_POINT ( 'NONE',  ( -39.22666821186043506, 14.78665858183044257, -25.20666777930538061 ) ) ;
#419 = CARTESIAN_POINT ( 'NONE',  ( -39.49730114936043890, 14.78665858183044257, -29.05041777998817309 ) ) ;
#420 = EDGE_LOOP ( 'NONE', ( #966, #766, #1420, #2731 ) ) ;
#422 = EDGE_CURVE ( 'NONE', #2084, #19, #3138, .T. ) ;
#421 = DIRECTION ( 'NONE',  ( -0.000000000000000000, -0.000000000000000000, -1.000000000000000000 ) ) ;
#423 =( BOUNDED_CURVE ( )  B_SPLINE_CURVE ( 2, ( #101, #1943, #2194, #1975, #2484, #1165, #2499 ),
 .UNSPECIFIED., .F., .T. ) 
 B_SPLINE_CURVE_WITH_KNOTS ( ( 3, 2, 2, 3 ),
 ( 0.4705882352941176405, 0.4803921568627451122, 0.4901960784313725283, 0.5000000000000000000 ),
 .UNSPECIFIED. ) 
 CURVE ( )  GEOMETRIC_REPRESENTATION_ITEM ( )  RATIONAL_B_SPLINE_CURVE ( ( 1.000000000000000000, 0.8660254037844387076, 1.000000000000000000, 0.8660254037844387076, 1.000000000000000000, 0.8660254037844387076, 1.000000000000000000 ) ) 
 REPRESENTATION_ITEM ( '' )  );
#424 = CARTESIAN_POINT ( 'NONE',  ( -40.99730114936043890, 14.78665858183044257, -32.20041777998817167 ) ) ;
#425 =( GEOMETRIC_REPRESENTATION_CONTEXT ( 3 ) GLOBAL_UNCERTAINTY_ASSIGNED_CONTEXT ( ( #586 ) ) GLOBAL_UNIT_ASSIGNED_CONTEXT ( ( #2825, #2578, #1053 ) ) REPRESENTATION_CONTEXT ( 'NONE', 'WORKASPACE' ) );
#426 = CARTESIAN_POINT ( 'NONE',  ( -42.76793408686044273, 14.78665858183044257, -25.95666777930538061 ) ) ;
#427 = CARTESIAN_POINT ( 'NONE',  ( -39.22666821186043506, 14.78665858183044257, -28.26916777930537705 ) ) ;
#428 = CARTESIAN_POINT ( 'NONE',  ( -42.49730114936043890, 14.78665858183044257, -30.30041777998817309 ) ) ;
#429 = ORIENTED_EDGE ( 'NONE', *, *, #860, .T. ) ;
#430 = CARTESIAN_POINT ( 'NONE',  ( -42.49730114936043890, 14.78665858183044257, -31.30041777998817665 ) ) ;
#431 = CYLINDRICAL_SURFACE ( 'NONE', #1514, 1.500000000000001332 ) ;
#432 = CARTESIAN_POINT ( 'NONE',  ( -40.99730114936044600, 16.51870938939932287, -28.42541777998817665 ) ) ;
#433 = CARTESIAN_POINT ( 'NONE',  ( -42.76793408686044273, 14.78665858183044257, -28.95666777930538061 ) ) ;
#434 = CARTESIAN_POINT ( 'NONE',  ( -40.11198468061044053, 16.32007168648291184, -28.18583444597204490 ) ) ;
#435 = CARTESIAN_POINT ( 'NONE',  ( -41.10694115920135516, 16.46840862699435348, -32.20041777998817167 ) ) ;
#436 = CARTESIAN_POINT ( 'NONE',  ( -40.08860634348521046, 16.08973138272037318, -24.80041777998817309 ) ) ;
#437 = CARTESIAN_POINT ( 'NONE',  ( -40.24730114936043890, 13.48762047615378279, -32.50875111195590961 ) ) ;
#438 =( BOUNDED_CURVE ( )  B_SPLINE_CURVE ( 2, ( #548, #3066, #1820, #3349, #3096, #498, #1533 ),
 .UNSPECIFIED., .F., .F. ) 
 B_SPLINE_CURVE_WITH_KNOTS ( ( 3, 2, 2, 3 ),
 ( 0.6470588235294115753, 0.6568627450980389915, 0.6666666666666664076, 0.6764705882352939348 ),
 .UNSPECIFIED. ) 
 CURVE ( )  GEOMETRIC_REPRESENTATION_ITEM ( )  RATIONAL_B_SPLINE_CURVE ( ( 1.000000000000003109, 0.8660254037844357100, 1.000000000000000000, 0.8660254037844387076, 1.000000000000000000, 0.8660254037844417052, 0.9999999999999970024 ) ) 
 REPRESENTATION_ITEM ( '' )  );
#439 = CARTESIAN_POINT ( 'NONE',  ( -39.22666821186044217, 13.76438317872879935, -31.24833444597204490 ) ) ;
#440 = CARTESIAN_POINT ( 'NONE',  ( -41.88261761811044437, 16.32007168648290829, -27.04000111263871275 ) ) ;
#441 = CARTESIAN_POINT ( 'NONE',  ( -42.76793408686044273, 13.76438317872879757, -26.97750111263871275 ) ) ;
#442 = CARTESIAN_POINT ( 'NONE',  ( -40.52622558373548145, 13.26613537531955167, -32.20041777998817167 ) ) ;
#443 = ORIENTED_EDGE ( 'NONE', *, *, #1517, .F. ) ;
#444 = FACE_OUTER_BOUND ( 'NONE', #561, .T. ) ;
#445 = DIRECTION ( 'NONE',  ( 0.000000000000000000, 0.000000000000000000, 1.000000000000000000 ) ) ;
#446 = CARTESIAN_POINT ( 'NONE',  ( -40.24730114936043890, 16.08569668750710235, -26.96708444665484095 ) ) ;
#447 = CARTESIAN_POINT ( 'NONE',  ( -40.99730114936043890, 12.74210777562715613, -30.83166777930538061 ) ) ;
#448 = CARTESIAN_POINT ( 'NONE',  ( -42.76793408686044273, 13.76438317872879757, -29.47750111263870565 ) ) ;
#449 = CARTESIAN_POINT ( 'NONE',  ( -40.24730114936043890, 13.48762047615378279, -25.13375111332150880 ) ) ;
#450 = ORIENTED_EDGE ( 'NONE', *, *, #564, .F. ) ;
#451 = CARTESIAN_POINT ( 'NONE',  ( -41.88261761811044437, 13.25324547717797685, -24.93583444597204490 ) ) ;
#452 = CARTESIAN_POINT ( 'NONE',  ( -41.88261761811044437, 16.32007168648290829, -27.04000111263871275 ) ) ;
#453 = CARTESIAN_POINT ( 'NONE',  ( -39.49730114936043890, 14.78665858183044257, -27.42541777862258101 ) ) ;
#454 = CARTESIAN_POINT ( 'NONE',  ( -41.88261761811044437, 13.25324547717797685, -30.37333444597204490 ) ) ;
#455 = CARTESIAN_POINT ( 'NONE',  ( -41.88261761811044437, 16.32007168648290829, -28.04000111263871275 ) ) ;
#456 = CARTESIAN_POINT ( 'NONE',  ( -42.76793408686044273, 14.78665858183044257, -28.01916777930537705 ) ) ;
#457 = EDGE_CURVE ( 'NONE', #1109, #3108, #898, .T. ) ;
#458 = CARTESIAN_POINT ( 'NONE',  ( -39.49730114936043890, 14.78665858183044257, -27.92541777862258101 ) ) ;
#459 = ORIENTED_EDGE ( 'NONE', *, *, #1305, .F. ) ;
#460 = CARTESIAN_POINT ( 'NONE',  ( -39.49730114936046022, 15.65268398561488894, -26.50875111332150524 ) ) ;
#461 = CARTESIAN_POINT ( 'NONE',  ( -40.99730114936044600, 16.51870938939932287, -25.92541777998817309 ) ) ;
#462 = CARTESIAN_POINT ( 'NONE',  ( -40.99730114936043890, 16.83120938803373079, -31.08166777930537705 ) ) ;
#463 = CARTESIAN_POINT ( 'NONE',  ( -41.88261761811044437, 13.25324547717797685, -26.93583444597204135 ) ) ;
#464 = CARTESIAN_POINT ( 'NONE',  ( -42.42009334755117322, 15.26169790732634013, -32.20041777998817878 ) ) ;
#465 = AXIS2_PLACEMENT_3D ( 'NONE', #2261, #703, #1740 ) ;
#466 = CARTESIAN_POINT ( 'NONE',  ( -42.49730114936043179, 13.92063317804599620, -27.13375111195590605 ) ) ;
#467 = CARTESIAN_POINT ( 'NONE',  ( -41.88261761811044437, 16.32007168648290829, -26.54000111263871275 ) ) ;
#468 = CARTESIAN_POINT ( 'NONE',  ( -39.49730114936044600, 15.65268398561488361, -28.38375111195591671 ) ) ;
#469 = CARTESIAN_POINT ( 'NONE',  ( -41.88261761811044437, 13.25324547717797685, -30.87333444597204490 ) ) ;
#470 = EDGE_CURVE ( 'NONE', #1633, #2205, #2202, .T. ) ;
#471 = CARTESIAN_POINT ( 'NONE',  ( -42.76793408686044273, 14.78665858183044257, -27.95666777930537705 ) ) ;
#472 = CARTESIAN_POINT ( 'NONE',  ( -42.76793408686044273, 13.76438317872879757, -30.47750111263870920 ) ) ;
#473 = CARTESIAN_POINT ( 'NONE',  ( -40.99730114936043890, 16.51870938939932287, -27.80041777862258101 ) ) ;
#474 = ORIENTED_EDGE ( 'NONE', *, *, #1110, .F. ) ;
#475 = FACE_OUTER_BOUND ( 'NONE', #2035, .T. ) ;
#476 =( BOUNDED_CURVE ( )  B_SPLINE_CURVE ( 2, ( #1818, #510, #1485, #527, #2615, #1545, #709 ),
 .UNSPECIFIED., .F., .T. ) 
 B_SPLINE_CURVE_WITH_KNOTS ( ( 3, 2, 2, 3 ),
 ( 0.8823529411764705621, 0.8921568627450980893, 0.9019607843137255054, 0.9117647058823529216 ),
 .UNSPECIFIED. ) 
 CURVE ( )  GEOMETRIC_REPRESENTATION_ITEM ( )  RATIONAL_B_SPLINE_CURVE ( ( 1.000000000000000000, 0.8660254037844387076, 1.000000000000000000, 0.8660254037844387076, 1.000000000000000000, 0.8660254037844387076, 1.000000000000000000 ) ) 
 REPRESENTATION_ITEM ( '' )  );
#477 = EDGE_CURVE ( 'NONE', #2549, #74, #1172, .T. ) ;
#478 = CARTESIAN_POINT ( 'NONE',  ( -40.24730114936043890, 16.08569668750710235, -28.46708444665484095 ) ) ;
#479 = CARTESIAN_POINT ( 'NONE',  ( -42.50242401508489820, 14.51955328890587360, -24.80041777998816599 ) ) ;
#480 = CARTESIAN_POINT ( 'NONE',  ( -42.76793408686044273, 14.78665858183044257, -30.51916777930537705 ) ) ;
#481 = CIRCLE ( 'NONE', #2377, 2.174999999999996270 ) ;
#482 = CARTESIAN_POINT ( 'NONE',  ( -39.49730114936043890, 14.78665858183044257, -27.92541777862258101 ) ) ;
#483 = ADVANCED_FACE ( 'NONE', ( #1418, #126 ), #2692, .F. ) ;
#484 = CARTESIAN_POINT ( 'NONE',  ( -39.36525044692348985, 14.09996250347051117, -24.80041777998817309 ) ) ;
#485 = AXIS2_PLACEMENT_3D ( 'NONE', #3329, #1036, #3296 ) ;
#486 = CARTESIAN_POINT ( 'NONE',  ( -42.76793408686044273, 13.76438317872879757, -32.41500111263871275 ) ) ;
#487 = CARTESIAN_POINT ( 'NONE',  ( -42.76793408686044273, 15.80893398493208757, -26.99833444597203780 ) ) ;
#488 = CARTESIAN_POINT ( 'NONE',  ( -40.99730114936044600, 16.51870938939932287, -27.30041777862257746 ) ) ;
#489 = CARTESIAN_POINT ( 'NONE',  ( -42.76793408686044273, 14.78665858183044257, -30.95666777930537705 ) ) ;
#490 = CARTESIAN_POINT ( 'NONE',  ( -40.99730114936044600, 12.74210777562715435, -27.33166777930537705 ) ) ;
#491 = CARTESIAN_POINT ( 'NONE',  ( -40.99730114936044600, 12.74210777562715435, -28.89416777930537705 ) ) ;
#492 = CARTESIAN_POINT ( 'NONE',  ( -40.24730114936043890, 13.48762047615378279, -30.63375111332150880 ) ) ;
#493 = VERTEX_POINT ( 'NONE', #1915 ) ;
#494 = CARTESIAN_POINT ( 'NONE',  ( -39.49730114936043890, 14.78665858183044257, -29.55041777998817309 ) ) ;
#495 = CARTESIAN_POINT ( 'NONE',  ( -41.74730114936043890, 16.08569668750710235, -28.38375111332151235 ) ) ;
#496 = CARTESIAN_POINT ( 'NONE',  ( -41.88261761811044437, 13.25324547717797685, -30.37333444597204490 ) ) ;
#497 = CARTESIAN_POINT ( 'NONE',  ( -40.11198468061044053, 13.25324547717797685, -30.35250111263871275 ) ) ;
#498 = CARTESIAN_POINT ( 'NONE',  ( -39.49730114936045311, 15.65268398561489605, -29.50875111332150880 ) ) ;
#499 = CLOSED_SHELL ( 'NONE', ( #2116, #1413, #2614, #2013, #2345, #3099, #1190, #2876, #2987, #1750, #2556, #1535, #1434, #2303, #1392, #1128, #3232, #124, #2183, #2701, #145, #1979, #1625, #1325, #1768, #3328, #2227, #3040, #2267, #2322, #2137, #2408, #1084, #1457, #83, #2073, #1156, #1854, #286, #483, #2903, #2832, #3322, #2458, #1440, #333, #1088 ) ) ;
#500 = CARTESIAN_POINT ( 'NONE',  ( -40.11198468061044053, 13.25324547717797685, -25.85250111263870920 ) ) ;
#501 = EDGE_CURVE ( 'NONE', #881, #580, #1459, .T. ) ;
#502 = CARTESIAN_POINT ( 'NONE',  ( -41.74730114936043890, 13.48762047615378279, -28.59208444528924531 ) ) ;
#503 = CARTESIAN_POINT ( 'NONE',  ( -41.88261761811044437, 13.25324547717797685, -32.37333444597204135 ) ) ;
#504 = CARTESIAN_POINT ( 'NONE',  ( -39.22666821186044217, 15.80893398493208757, -29.66500111263871275 ) ) ;
#505 = CARTESIAN_POINT ( 'NONE',  ( -40.99730114936044600, 16.83120938803373079, -30.64416777930538061 ) ) ;
#506 = DIRECTION ( 'NONE',  ( -0.000000000000000000, -0.000000000000000000, 1.000000000000000000 ) ) ;
#507 = ORIENTED_EDGE ( 'NONE', *, *, #3166, .T. ) ;
#508 = CARTESIAN_POINT ( 'NONE',  ( -42.49730114936043890, 14.78665858183044257, -29.30041777998817309 ) ) ;
#509 = CARTESIAN_POINT ( 'NONE',  ( -42.49730114936043890, 15.65268398561488361, -29.84208444665484450 ) ) ;
#510 = CARTESIAN_POINT ( 'NONE',  ( -42.49730114936043890, 15.65268398561488361, -31.71708444528924886 ) ) ;
#511 = CARTESIAN_POINT ( 'NONE',  ( -40.11198468061044053, 13.25324547717797685, -30.29000111263871275 ) ) ;
#512 = CARTESIAN_POINT ( 'NONE',  ( -42.76793408686044273, 13.76438317872879757, -31.97750111263870920 ) ) ;
#513 = CARTESIAN_POINT ( 'NONE',  ( -40.11654920819236736, 13.23292350946424456, -24.80041777998817309 ) ) ;
#514 = CARTESIAN_POINT ( 'NONE',  ( -40.99730114936043890, 13.05460777426156582, -27.05041777862259167 ) ) ;
#515 = CARTESIAN_POINT ( 'NONE',  ( -42.49730114936043890, 14.78665858183044257, -26.67541777862258101 ) ) ;
#516 = EDGE_CURVE ( 'NONE', #933, #881, #3092, .T. ) ;
#517 = VECTOR ( 'NONE', #2950, 1000.000000000000000 ) ;
#518 = EDGE_LOOP ( 'NONE', ( #410, #2086, #732, #884 ) ) ;
#519 = CARTESIAN_POINT ( 'NONE',  ( -40.99730114936044600, 13.05460777426156582, -27.05041777862258456 ) ) ;
#520 = CARTESIAN_POINT ( 'NONE',  ( -40.11198468061044053, 13.25324547717797685, -26.35250111263871275 ) ) ;
#521 = CARTESIAN_POINT ( 'NONE',  ( -41.88261761811044437, 13.25324547717797685, -29.37333444597204490 ) ) ;
#522 = CARTESIAN_POINT ( 'NONE',  ( -42.76793408686044273, 13.76438317872879757, -31.47750111263870920 ) ) ;
#523 = CARTESIAN_POINT ( 'NONE',  ( -40.24730114936043890, 13.48762047615378279, -27.50875111195591316 ) ) ;
#524 = ORIENTED_EDGE ( 'NONE', *, *, #1918, .T. ) ;
#525 = CARTESIAN_POINT ( 'NONE',  ( -39.49730114936043179, 13.92063317804601041, -26.59208444665484095 ) ) ;
#526 = CARTESIAN_POINT ( 'NONE',  ( -39.49730114936043890, 14.78665858183044257, -29.55041777998817309 ) ) ;
#527 = CARTESIAN_POINT ( 'NONE',  ( -40.99730114936043890, 16.51870938939932287, -31.80041777862258101 ) ) ;
#528 = CARTESIAN_POINT ( 'NONE',  ( -42.49730114936043890, 14.78665858183044257, -30.17541777862257746 ) ) ;
#529 = CARTESIAN_POINT ( 'NONE',  ( -42.76793408686044273, 13.76438317872879757, -31.47750111263870920 ) ) ;
#530 = DIRECTION ( 'NONE',  ( -0.000000000000000000, -0.000000000000000000, -1.000000000000000000 ) ) ;
#531 = CARTESIAN_POINT ( 'NONE',  ( -40.24730114936043890, 13.48762047615378279, -31.00875111195591316 ) ) ;
#532 = CARTESIAN_POINT ( 'NONE',  ( -39.22666821186043506, 13.76438317872879935, -27.31083444597204135 ) ) ;
#533 = CARTESIAN_POINT ( 'NONE',  ( -42.76793408686044273, 13.76438317872879757, -31.97750111263870920 ) ) ;
#534 = CARTESIAN_POINT ( 'NONE',  ( -39.49730114936043890, 14.78665858183044257, -30.92541777862258101 ) ) ;
#535 = VERTEX_POINT ( 'NONE', #528 ) ;
#536 = CARTESIAN_POINT ( 'NONE',  ( -42.49730114936043890, 14.78665858183044257, -29.17541777862258101 ) ) ;
#537 = CARTESIAN_POINT ( 'NONE',  ( -40.99730114936044600, 12.74210777562715435, -24.39416777930537705 ) ) ;
#538 = CARTESIAN_POINT ( 'NONE',  ( -40.99730114936044600, 16.83120938803373079, -29.08166777930537705 ) ) ;
#539 = CARTESIAN_POINT ( 'NONE',  ( -42.76793408686044273, 14.78665858183044257, -29.51916777930537705 ) ) ;
#540 = CARTESIAN_POINT ( 'NONE',  ( -40.99730114936044600, 12.74210777562715435, -24.33166777930537705 ) ) ;
#541 = EDGE_LOOP ( 'NONE', ( #2628, #3044, #37, #1131, #1463, #282, #2095, #2859, #619, #1035, #1052, #3178, #2606, #2891, #599, #1176, #2132, #3158, #631, #745, #1394, #2840, #474, #3021, #3294, #627, #1527, #313, #2441, #2253, #2494, #1998, #873, #2746 ) ) ;
#542 = EDGE_CURVE ( 'NONE', #2407, #165, #2886, .T. ) ;
#543 = CARTESIAN_POINT ( 'NONE',  ( -42.49730114936043890, 13.92063317804600331, -30.25875111332150880 ) ) ;
#544 = DIRECTION ( 'NONE',  ( -1.000000000000000000, 0.000000000000000000, 0.000000000000000000 ) ) ;
#545 =( BOUNDED_CURVE ( )  B_SPLINE_CURVE ( 2, ( #864, #2922, #1642, #347, #2420, #2401, #1102 ),
 .UNSPECIFIED., .F., .T. ) 
 B_SPLINE_CURVE_WITH_KNOTS ( ( 3, 2, 2, 3 ),
 ( 0.8529411764705880916, 0.8627450980392156188, 0.8725490196078431460, 0.8823529411764705621 ),
 .UNSPECIFIED. ) 
 CURVE ( )  GEOMETRIC_REPRESENTATION_ITEM ( )  RATIONAL_B_SPLINE_CURVE ( ( 1.000000000000001554, 0.8660254037844371533, 1.000000000000000000, 0.8660254037844387076, 1.000000000000000000, 0.8660254037844387076, 1.000000000000000000 ) ) 
 REPRESENTATION_ITEM ( '' )  );
#546 =( LENGTH_UNIT ( ) NAMED_UNIT ( * ) SI_UNIT ( .MILLI., .METRE. ) );
#547 = CARTESIAN_POINT ( 'NONE',  ( -42.76793408686044273, 15.80893398493208757, -29.56083444597204490 ) ) ;
#548 = CARTESIAN_POINT ( 'NONE',  ( -42.49730114936043890, 14.78665858183044257, -29.30041777998817309 ) ) ;
#549 = CARTESIAN_POINT ( 'NONE',  ( -41.74730114936043890, 16.08569668750710235, -29.88375111332150880 ) ) ;
#550 = CARTESIAN_POINT ( 'NONE',  ( -39.22666821186043506, 14.78665858183044257, -27.76916777930537705 ) ) ;
#551 = CARTESIAN_POINT ( 'NONE',  ( -41.88261761811044437, 16.32007168648290829, -29.04000111263870920 ) ) ;
#552 = VECTOR ( 'NONE', #1312, 1000.000000000000000 ) ;
#553 = CARTESIAN_POINT ( 'NONE',  ( -39.22666821186043506, 15.80893398493208757, -31.72750111263871275 ) ) ;
#554 = CARTESIAN_POINT ( 'NONE',  ( -40.99730114936044600, 16.83120938803373079, -32.08166777930537705 ) ) ;
#555 = EDGE_LOOP ( 'NONE', ( #1629, #646, #2067, #1873 ) ) ;
#556 = CARTESIAN_POINT ( 'NONE',  ( -40.99730114936044600, 13.05460777426156582, -30.55041777862257746 ) ) ;
#557 = CARTESIAN_POINT ( 'NONE',  ( -39.22666821186044217, 15.80893398493208757, -24.22750111263871275 ) ) ;
#558 = CARTESIAN_POINT ( 'NONE',  ( -42.76793408686044273, 13.76438317872879757, -29.91500111263870920 ) ) ;
#559 = CARTESIAN_POINT ( 'NONE',  ( -41.74730114936043890, 13.48762047615378279, -25.09208444528924531 ) ) ;
#560 = CARTESIAN_POINT ( 'NONE',  ( -42.76793408686044273, 14.78665858183044257, -24.95666777930538061 ) ) ;
#561 = EDGE_LOOP ( 'NONE', ( #1055, #2500, #459, #3014 ) ) ;
#562 = PRODUCT_CONTEXT ( 'NONE', #1191, 'mechanical' ) ;
#563 = CARTESIAN_POINT ( 'NONE',  ( -39.49730114936044600, 13.92063317804600331, -30.09208444665484450 ) ) ;
#564 = EDGE_CURVE ( 'NONE', #56, #493, #324, .T. ) ;
#565 = CARTESIAN_POINT ( 'NONE',  ( -40.11198468061044053, 13.25324547717797685, -25.85250111263870920 ) ) ;
#566 = LINE ( 'NONE', #2379, #1526 ) ;
#567 = DIRECTION ( 'NONE',  ( 0.000000000000000000, 0.000000000000000000, -1.000000000000000000 ) ) ;
#568 = CARTESIAN_POINT ( 'NONE',  ( -41.74730114936043890, 13.48762047615378279, -31.09208444528924886 ) ) ;
#569 =( BOUNDED_CURVE ( )  B_SPLINE_CURVE ( 2, ( #1159, #159, #2957, #1917, #645, #2477, #2732 ),
 .UNSPECIFIED., .F., .T. ) 
 B_SPLINE_CURVE_WITH_KNOTS ( ( 3, 2, 2, 3 ),
 ( 0.1176470588235295212, 0.1274509803921569651, 0.1372549019607844367, 0.1470588235294118806 ),
 .UNSPECIFIED. ) 
 CURVE ( )  GEOMETRIC_REPRESENTATION_ITEM ( )  RATIONAL_B_SPLINE_CURVE ( ( 0.9999999999999984457, 0.8660254037844402619, 1.000000000000000000, 0.8660254037844387076, 1.000000000000000000, 0.8660254037844371533, 1.000000000000001554 ) ) 
 REPRESENTATION_ITEM ( '' )  );
#570 = CARTESIAN_POINT ( 'NONE',  ( -41.88261761811044437, 13.25324547717797685, -26.43583444597204490 ) ) ;
#571 = CARTESIAN_POINT ( 'NONE',  ( -41.88261761811044437, 13.25324547717797685, -29.37333444597204490 ) ) ;
#572 = DIRECTION ( 'NONE',  ( 0.000000000000000000, 0.000000000000000000, 1.000000000000000000 ) ) ;
#573 = VERTEX_POINT ( 'NONE', #1375 ) ;
#574 = CARTESIAN_POINT ( 'NONE',  ( -42.49730114936043890, 15.65268398561488361, -31.21708444528924886 ) ) ;
#575 =( BOUNDED_CURVE ( )  B_SPLINE_CURVE ( 2, ( #987, #1209, #3263, #2307, #701, #3043, #1237 ),
 .UNSPECIFIED., .F., .T. ) 
 B_SPLINE_CURVE_WITH_KNOTS ( ( 3, 2, 2, 3 ),
 ( 0.2352941176470590423, 0.2450980392156863474, 0.2549019607843136526, 0.2647058823529410132 ),
 .UNSPECIFIED. ) 
 CURVE ( )  GEOMETRIC_REPRESENTATION_ITEM ( )  RATIONAL_B_SPLINE_CURVE ( ( 0.9999999999999970024, 0.8660254037844417052, 1.000000000000000000, 0.8660254037844387076, 1.000000000000000000, 0.8660254037844409281, 0.9999999999999977796 ) ) 
 REPRESENTATION_ITEM ( '' )  );
#576 = CARTESIAN_POINT ( 'NONE',  ( -40.11198468061044053, 16.32007168648291184, -26.68583444597204490 ) ) ;
#577 = CARTESIAN_POINT ( 'NONE',  ( -40.11198468061044053, 13.25324547717797685, -29.29000111263870920 ) ) ;
#578 = CARTESIAN_POINT ( 'NONE',  ( -41.88261761811044437, 13.25324547717797685, -32.43583444597204846 ) ) ;
#579 = DIRECTION ( 'NONE',  ( -0.000000000000000000, -0.000000000000000000, -1.000000000000000000 ) ) ;
#580 = VERTEX_POINT ( 'NONE', #10 ) ;
#581 = B_SPLINE_CURVE_WITH_KNOTS ( 'NONE', 3,
 ( #2548, #176, #956, #2291, #3059, #442, #3326, #1019, #1801, #3073, #1221, #2259, #1753, #1492, #761, #2810, #2531, #194 ),
 .UNSPECIFIED., .F., .F.,
 ( 4, 2, 2, 2, 2, 2, 2, 2, 4 ),
 ( 1.569421499450988305E-16, 0.0004006229646795724983, 0.0008012459293589881126, 0.001201868894038403673, 0.001602491858717819233, 0.002003114823397234793, 0.002403737788076650353, 0.002804360752756065913, 0.003204983717435481473 ),
 .UNSPECIFIED. ) ;
#582 = CARTESIAN_POINT ( 'NONE',  ( -40.24730114936043890, 13.48762047615378279, -29.63375111332150880 ) ) ;
#583 = CARTESIAN_POINT ( 'NONE',  ( -39.22666821186044217, 13.76438317872879935, -25.31083444597204846 ) ) ;
#584 = CARTESIAN_POINT ( 'NONE',  ( -40.99730114936043890, 16.51870938939932287, -25.30041777862258101 ) ) ;
#585 = CARTESIAN_POINT ( 'NONE',  ( -41.74730114936043890, 16.08569668750710235, -26.88375111332150880 ) ) ;
#586 = UNCERTAINTY_MEASURE_WITH_UNIT (LENGTH_MEASURE( 1.000000000000000082E-05 ), #2825, 'distance_accuracy_value', 'NONE');
#587 = EDGE_CURVE ( 'NONE', #831, #2879, #2143, .T. ) ;
#588 = CARTESIAN_POINT ( 'NONE',  ( -42.49730114936043890, 14.78665858183044257, -29.67541777862257746 ) ) ;
#589 = CARTESIAN_POINT ( 'NONE',  ( -41.74730114936043890, 16.08569668750710235, -25.88375111332150880 ) ) ;
#590 = CARTESIAN_POINT ( 'NONE',  ( -42.76793408686044273, 15.80893398493208757, -27.56083444597204846 ) ) ;
#591 = CARTESIAN_POINT ( 'NONE',  ( -40.99730114936044600, 12.74210777562715435, -28.83166777930537705 ) ) ;
#592 = STYLED_ITEM ( 'NONE', ( #2294 ), #2239 ) ;
#593 = CARTESIAN_POINT ( 'NONE',  ( -42.49730114936043890, 14.78665858183044257, -31.80041777998817665 ) ) ;
#594 = ORIENTED_EDGE ( 'NONE', *, *, #2748, .F. ) ;
#595 = CARTESIAN_POINT ( 'NONE',  ( -40.99730114936044600, 13.05460777426156582, -30.05041777862257746 ) ) ;
#596 = AXIS2_PLACEMENT_3D ( 'NONE', #3146, #579, #778 ) ;
#597 = CARTESIAN_POINT ( 'NONE',  ( -40.11198468061044053, 16.32007168648291184, -32.18583444597204846 ) ) ;
#598 = CARTESIAN_POINT ( 'NONE',  ( -41.88261761811044437, 13.25324547717797685, -24.37333444597204490 ) ) ;
#599 = ORIENTED_EDGE ( 'NONE', *, *, #2594, .F. ) ;
#600 = CARTESIAN_POINT ( 'NONE',  ( -40.24730114936043890, 16.08569668750710235, -31.96708444665484450 ) ) ;
#601 = CARTESIAN_POINT ( 'NONE',  ( -40.99730114936044600, 16.83120938803373079, -26.14416777930537705 ) ) ;
#602 = DIRECTION ( 'NONE',  ( -0.000000000000000000, -0.000000000000000000, -1.000000000000000000 ) ) ;
#603 = PRODUCT_RELATED_PRODUCT_CATEGORY ( 'part', '', ( #3215 ) ) ;
#604 = CARTESIAN_POINT ( 'NONE',  ( -40.24730114936043890, 16.08569668750710235, -25.46708444665484095 ) ) ;
#605 = DIRECTION ( 'NONE',  ( 0.000000000000000000, 0.000000000000000000, 1.000000000000000000 ) ) ;
#606 = DIRECTION ( 'NONE',  ( -1.000000000000000000, 0.000000000000000000, 0.000000000000000000 ) ) ;
#607 = CARTESIAN_POINT ( 'NONE',  ( -40.11198468061044053, 16.32007168648291184, -26.18583444597204490 ) ) ;
#608 = CARTESIAN_POINT ( 'NONE',  ( -42.76793408686044273, 15.80893398493208757, -29.99833444597204846 ) ) ;
#609 = PLANE ( 'NONE',  #1699 ) ;
#610 = CARTESIAN_POINT ( 'NONE',  ( -39.49730114936046022, 13.92063317804599620, -28.96708444528924176 ) ) ;
#612 = EDGE_CURVE ( 'NONE', #2842, #3264, #566, .T. ) ;
#611 = CARTESIAN_POINT ( 'NONE',  ( -40.24730114936043890, 13.48762047615378279, -29.00875111195591671 ) ) ;
#613 = CARTESIAN_POINT ( 'NONE',  ( -41.74730114936043890, 13.48762047615378279, -24.59208444528924531 ) ) ;
#614 = CARTESIAN_POINT ( 'NONE',  ( -39.22666821186044217, 15.80893398493208757, -27.16500111263871275 ) ) ;
#615 = ORIENTED_EDGE ( 'NONE', *, *, #1875, .T. ) ;
#616 = CARTESIAN_POINT ( 'NONE',  ( -40.24730114936043890, 16.08569668750710235, -31.46708444665484450 ) ) ;
#617 = FACE_OUTER_BOUND ( 'NONE', #541, .T. ) ;
#618 = CARTESIAN_POINT ( 'NONE',  ( -42.46730114936044487, 14.78665858183044257, -32.80041777998817309 ) ) ;
#619 = ORIENTED_EDGE ( 'NONE', *, *, #1794, .F. ) ;
#620 = CARTESIAN_POINT ( 'NONE',  ( -39.49730114936043890, 13.92063317804600331, -32.09208444665484450 ) ) ;
#621 = DIRECTION ( 'NONE',  ( 0.000000000000000000, 0.000000000000000000, -1.000000000000000000 ) ) ;
#622 = CARTESIAN_POINT ( 'NONE',  ( -41.74730114936043890, 16.08569668750710235, -23.88375111332150880 ) ) ;
#623 = CARTESIAN_POINT ( 'NONE',  ( -42.76793408686044273, 13.76438317872879757, -29.97750111263871275 ) ) ;
#624 = CARTESIAN_POINT ( 'NONE',  ( -40.99730114936044600, 16.83120938803373079, -28.58166777930538061 ) ) ;
#625 = CARTESIAN_POINT ( 'NONE',  ( -40.99730114936043890, 12.74210777562715613, -25.33166777930538416 ) ) ;
#626 = FACE_OUTER_BOUND ( 'NONE', #1388, .T. ) ;
#627 = ORIENTED_EDGE ( 'NONE', *, *, #2662, .F. ) ;
#628 = FACE_OUTER_BOUND ( 'NONE', #818, .T. ) ;
#629 = EDGE_CURVE ( 'NONE', #2485, #2171, #2285, .T. ) ;
#630 = CARTESIAN_POINT ( 'NONE',  ( -40.99730114936044600, 16.83120938803373079, -26.08166777930537705 ) ) ;
#631 = ORIENTED_EDGE ( 'NONE', *, *, #2835, .F. ) ;
#632 = CARTESIAN_POINT ( 'NONE',  ( -40.99730114936043890, 16.51870938939932287, -28.80041777862258101 ) ) ;
#633 = CARTESIAN_POINT ( 'NONE',  ( -42.76793408686044273, 15.80893398493208757, -25.49833444597204846 ) ) ;
#634 = CARTESIAN_POINT ( 'NONE',  ( -40.11198468061044053, 13.25324547717797685, -25.35250111263870920 ) ) ;
#635 = CARTESIAN_POINT ( 'NONE',  ( -39.23300630440148495, 14.93634057610880106, -32.20041777998817878 ) ) ;
#636 = ORIENTED_EDGE ( 'NONE', *, *, #2209, .T. ) ;
#637 = CARTESIAN_POINT ( 'NONE',  ( -39.49730114936048153, 15.65268398561490315, -29.38375111195591316 ) ) ;
#638 = CARTESIAN_POINT ( 'NONE',  ( -42.49730114936043890, 13.92063317804600331, -31.63375111195591316 ) ) ;
#639 = DIRECTION ( 'NONE',  ( -0.000000000000000000, -0.000000000000000000, -1.000000000000000000 ) ) ;
#640 = CARTESIAN_POINT ( 'NONE',  ( -40.99730114936043890, 12.74210777562715613, -30.89416777930537350 ) ) ;
#641 = CARTESIAN_POINT ( 'NONE',  ( -40.99730114936043890, 12.74210777562715613, -28.83166777930538061 ) ) ;
#642 = CARTESIAN_POINT ( 'NONE',  ( -39.22666821186044217, 13.76438317872879935, -25.81083444597204490 ) ) ;
#643 = CARTESIAN_POINT ( 'NONE',  ( -40.11198468061044053, 16.32007168648291184, -25.62333444597204490 ) ) ;
#644 = CARTESIAN_POINT ( 'NONE',  ( -39.83485872479243284, 16.12227402383624053, -32.20041777998816457 ) ) ;
#645 = CARTESIAN_POINT ( 'NONE',  ( -40.24730114936043890, 16.08569668750710235, -24.96708444665484095 ) ) ;
#646 = ORIENTED_EDGE ( 'NONE', *, *, #1369, .T. ) ;
#647 = CARTESIAN_POINT ( 'NONE',  ( -39.49730114936044600, 13.92063317804599976, -24.96708444528924531 ) ) ;
#648 = CARTESIAN_POINT ( 'NONE',  ( -40.99730114936044600, 16.83120938803373079, -24.08166777930538061 ) ) ;
#649 = CARTESIAN_POINT ( 'NONE',  ( -42.76793408686044273, 13.76438317872879757, -26.47750111263871275 ) ) ;
#650 = EDGE_CURVE ( 'NONE', #2139, #1835, #1598, .T. ) ;
#651 = DIRECTION ( 'NONE',  ( 1.000000000000000000, 0.000000000000000000, 0.000000000000000000 ) ) ;
#652 = VECTOR ( 'NONE', #975, 1000.000000000000000 ) ;
#653 = ORIENTED_EDGE ( 'NONE', *, *, #1875, .F. ) ;
#654 = CARTESIAN_POINT ( 'NONE',  ( -40.99730114936043890, 14.78665858183044257, -24.80041777998817665 ) ) ;
#655 = CYLINDRICAL_SURFACE ( 'NONE', #1790, 1.500000000000001332 ) ;
#656 = CARTESIAN_POINT ( 'NONE',  ( -39.49730114936043890, 14.78665858183044257, -25.55041777998817665 ) ) ;
#657 = CARTESIAN_POINT ( 'NONE',  ( -41.88261761811044437, 16.32007168648290829, -30.60250111263871275 ) ) ;
#658 = CARTESIAN_POINT ( 'NONE',  ( -40.99730114936043890, 16.83120938803373079, -28.58166777930538061 ) ) ;
#659 = CARTESIAN_POINT ( 'NONE',  ( -42.76793408686044273, 15.80893398493208757, -28.56083444597204490 ) ) ;
#660 = DIRECTION ( 'NONE',  ( -0.000000000000000000, -0.000000000000000000, -1.000000000000000000 ) ) ;
#661 = CARTESIAN_POINT ( 'NONE',  ( -41.74730114936043890, 13.48762047615378279, -25.21708444665484095 ) ) ;
#662 = ORIENTED_EDGE ( 'NONE', *, *, #2478, .F. ) ;
#663 = CARTESIAN_POINT ( 'NONE',  ( -40.99730114936044600, 13.05460777426156582, -32.55041777862258101 ) ) ;
#664 =( BOUNDED_CURVE ( )  B_SPLINE_CURVE ( 2, ( #737, #1292, #1776, #218, #268, #2089, #3113 ),
 .UNSPECIFIED., .F., .F. ) 
 B_SPLINE_CURVE_WITH_KNOTS ( ( 3, 2, 2, 3 ),
 ( 0.9411764705882352811, 0.9509803921568626972, 0.9607843137254902244, 0.9705882352941176405 ),
 .UNSPECIFIED. ) 
 CURVE ( )  GEOMETRIC_REPRESENTATION_ITEM ( )  RATIONAL_B_SPLINE_CURVE ( ( 1.000000000000000000, 0.8660254037844387076, 1.000000000000000000, 0.8660254037844387076, 1.000000000000000000, 0.8660254037844387076, 1.000000000000000000 ) ) 
 REPRESENTATION_ITEM ( '' )  );
#665 = MANIFOLD_SOLID_BREP ( '切除-拉伸3[2]', #499 ) ;
#666 = FACE_OUTER_BOUND ( 'NONE', #3094, .T. ) ;
#667 = VECTOR ( 'NONE', #1970, 1000.000000000000000 ) ;
#668 = CARTESIAN_POINT ( 'NONE',  ( -40.11198468061044053, 13.25324547717797685, -24.29000111263871275 ) ) ;
#669 = CARTESIAN_POINT ( 'NONE',  ( -40.99730114936044600, 16.83120938803373079, -26.64416777930537705 ) ) ;
#670 = LINE ( 'NONE', #1909, #1509 ) ;
#671 = ORIENTED_EDGE ( 'NONE', *, *, #2854, .F. ) ;
#672 = CYLINDRICAL_SURFACE ( 'NONE', #2208, 1.500000000000001332 ) ;
#673 = CARTESIAN_POINT ( 'NONE',  ( -40.24730114936043890, 16.08569668750710235, -27.34208444528924531 ) ) ;
#674 = EDGE_CURVE ( 'NONE', #535, #573, #2862, .T. ) ;
#675 = CARTESIAN_POINT ( 'NONE',  ( -39.49730114936044600, 13.92063317804600331, -24.09208444665484450 ) ) ;
#676 = CARTESIAN_POINT ( 'NONE',  ( -39.22666821186043506, 13.76438317872879935, -29.31083444597204490 ) ) ;
#677 = CARTESIAN_POINT ( 'NONE',  ( -40.99730114936043890, 12.74210777562715613, -28.33166777930537705 ) ) ;
#678 = CARTESIAN_POINT ( 'NONE',  ( -40.99730114936044600, 16.83120938803373079, -28.64416777930538061 ) ) ;
#679 = CARTESIAN_POINT ( 'NONE',  ( -41.88261761811044437, 16.32007168648290829, -25.04000111263870920 ) ) ;
#680 = DIRECTION ( 'NONE',  ( 0.000000000000000000, 0.000000000000000000, -1.000000000000000000 ) ) ;
#681 = EDGE_LOOP ( 'NONE', ( #2159, #300, #2190, #2783, #1804 ) ) ;
#682 = CARTESIAN_POINT ( 'NONE',  ( -40.99730114936044600, 16.51870938939932287, -31.30041777862258456 ) ) ;
#683 =( BOUNDED_CURVE ( )  B_SPLINE_CURVE ( 2, ( #1477, #1525, #3293, #3028, #1002, #2767, #225 ),
 .UNSPECIFIED., .F., .T. ) 
 B_SPLINE_CURVE_WITH_KNOTS ( ( 3, 2, 2, 3 ),
 ( 0.5000000000000000000, 0.5098039215686274161, 0.5196078431372549433, 0.5294117647058823595 ),
 .UNSPECIFIED. ) 
 CURVE ( )  GEOMETRIC_REPRESENTATION_ITEM ( )  RATIONAL_B_SPLINE_CURVE ( ( 1.000000000000000000, 0.8660254037844387076, 1.000000000000000000, 0.8660254037844387076, 1.000000000000000000, 0.8660254037844387076, 1.000000000000000000 ) ) 
 REPRESENTATION_ITEM ( '' )  );
#684 = CARTESIAN_POINT ( 'NONE',  ( -42.49730114936043890, 14.78665858183044257, -24.80041777998817665 ) ) ;
#685 = CARTESIAN_POINT ( 'NONE',  ( -39.22666821186044217, 13.76438317872879935, -27.74833444597204135 ) ) ;
#686 = CARTESIAN_POINT ( 'NONE',  ( -41.88261761811044437, 16.32007168648290829, -27.60250111263871275 ) ) ;
#687 = CARTESIAN_POINT ( 'NONE',  ( -41.74730114936043890, 13.48762047615378279, -30.21708444665484450 ) ) ;
#688 = VERTEX_POINT ( 'NONE', #283 ) ;
#689 = DIRECTION ( 'NONE',  ( -1.000000000000000000, 0.000000000000000000, 0.000000000000000000 ) ) ;
#690 = DIRECTION ( 'NONE',  ( -1.000000000000000000, 0.000000000000000000, 0.000000000000000000 ) ) ;
#691 = CARTESIAN_POINT ( 'NONE',  ( -42.49730114936043890, 14.78665858183044257, -28.30041777998817665 ) ) ;
#692 = CARTESIAN_POINT ( 'NONE',  ( -39.22666821186043506, 14.78665858183044257, -27.70666777930537705 ) ) ;
#693 = EDGE_CURVE ( 'NONE', #2407, #1122, #1859, .T. ) ;
#694 = CARTESIAN_POINT ( 'NONE',  ( -40.11198468061044053, 13.25324547717797685, -28.35250111263871275 ) ) ;
#695 = CARTESIAN_POINT ( 'NONE',  ( -39.49730114936043890, 14.78665858183044257, -29.42541777862257746 ) ) ;
#696 = CARTESIAN_POINT ( 'NONE',  ( -39.97345190081608024, 16.01613065141283698, -24.80041777998822994 ) ) ;
#697 = EDGE_CURVE ( 'NONE', #1286, #2982, #3169, .T. ) ;
#698 = CARTESIAN_POINT ( 'NONE',  ( -39.49730114936043890, 14.78665858183044257, -30.92541777862258101 ) ) ;
#699 = CARTESIAN_POINT ( 'NONE',  ( -40.11198468061044053, 13.25324547717797685, -27.29000111263871275 ) ) ;
#700 = CARTESIAN_POINT ( 'NONE',  ( -40.11198468061044053, 16.32007168648291184, -26.18583444597204490 ) ) ;
#701 = CARTESIAN_POINT ( 'NONE',  ( -40.24730114936043890, 16.08569668750710235, -26.34208444528924886 ) ) ;
#702 = ORIENTED_EDGE ( 'NONE', *, *, #2496, .T. ) ;
#703 = DIRECTION ( 'NONE',  ( -0.000000000000000000, -0.000000000000000000, -1.000000000000000000 ) ) ;
#704 = DIRECTION ( 'NONE',  ( -0.000000000000000000, -0.000000000000000000, -1.000000000000000000 ) ) ;
#705 = CARTESIAN_POINT ( 'NONE',  ( -40.24730114936043890, 16.08569668750710235, -27.96708444665484095 ) ) ;
#706 = CARTESIAN_POINT ( 'NONE',  ( -42.50849220151290098, 14.65236595600102198, -24.80041777998817309 ) ) ;
#707 = CARTESIAN_POINT ( 'NONE',  ( -40.99730114936044600, 12.74210777562715435, -28.89416777930537705 ) ) ;
#708 = CARTESIAN_POINT ( 'NONE',  ( -42.49730114936042469, 13.92063317804599265, -29.63375111195591671 ) ) ;
#709 = CARTESIAN_POINT ( 'NONE',  ( -39.49730114936043890, 14.78665858183044257, -31.92541777862258101 ) ) ;
#710 = DIRECTION ( 'NONE',  ( -0.000000000000000000, -0.000000000000000000, -1.000000000000000000 ) ) ;
#711 = EDGE_CURVE ( 'NONE', #2870, #1959, #2546, .T. ) ;
#712 = CARTESIAN_POINT ( 'NONE',  ( -42.49730114936043890, 15.65268398561488361, -27.21708444528924886 ) ) ;
#713 = CARTESIAN_POINT ( 'NONE',  ( -39.22666821186043506, 14.78665858183044257, -30.70666777930537705 ) ) ;
#714 = CARTESIAN_POINT ( 'NONE',  ( -40.11198468061044053, 16.32007168648291184, -26.62333444597204490 ) ) ;
#715 = CARTESIAN_POINT ( 'NONE',  ( -39.22666821186043506, 14.78665858183044257, -27.76916777930537705 ) ) ;
#716 = CARTESIAN_POINT ( 'NONE',  ( -42.49730114936043890, 14.78665858183044257, -29.17541777862258101 ) ) ;
#717 = ORIENTED_EDGE ( 'NONE', *, *, #1324, .T. ) ;
#718 = CARTESIAN_POINT ( 'NONE',  ( -42.49730114936043890, 15.65268398561487473, -30.84208444665483739 ) ) ;
#719 = CARTESIAN_POINT ( 'NONE',  ( -42.49730114936043890, 13.92063317804601219, -25.63375111195591316 ) ) ;
#720 = CARTESIAN_POINT ( 'NONE',  ( -40.99730114936044600, 13.05460777426156582, -26.17541777998817309 ) ) ;
#721 = CARTESIAN_POINT ( 'NONE',  ( -42.76793408686044273, 14.78665858183044257, -30.95666777930537705 ) ) ;
#722 = CARTESIAN_POINT ( 'NONE',  ( -42.76793408686044273, 13.76438317872879757, -26.97750111263871275 ) ) ;
#723 = FACE_OUTER_BOUND ( 'NONE', #1926, .T. ) ;
#724 = CARTESIAN_POINT ( 'NONE',  ( -40.99730114936043890, 16.83120938803373079, -26.14416777930537705 ) ) ;
#725 = CARTESIAN_POINT ( 'NONE',  ( -39.22666821186043506, 15.80893398493208757, -26.16500111263871631 ) ) ;
#726 = CARTESIAN_POINT ( 'NONE',  ( -42.49730114936043890, 14.78665858183044257, -28.17541777862258101 ) ) ;
#727 = CARTESIAN_POINT ( 'NONE',  ( -40.11198468061044053, 16.32007168648291184, -31.62333444597204846 ) ) ;
#728 = EDGE_CURVE ( 'NONE', #2870, #2326, #3201, .T. ) ;
#729 = CARTESIAN_POINT ( 'NONE',  ( -42.76793408686044273, 14.78665858183044257, -26.95666777930537705 ) ) ;
#730 = CARTESIAN_POINT ( 'NONE',  ( -39.22666821186044217, 15.80893398493208757, -29.72750111263870920 ) ) ;
#731 = FACE_OUTER_BOUND ( 'NONE', #1238, .T. ) ;
#732 = ORIENTED_EDGE ( 'NONE', *, *, #2366, .T. ) ;
#733 = CARTESIAN_POINT ( 'NONE',  ( -39.49730114936043890, 14.78665858183044257, -26.55041777998817309 ) ) ;
#734 = CARTESIAN_POINT ( 'NONE',  ( -40.24730114936043890, 16.08569668750710235, -27.46708444665484095 ) ) ;
#735 = CARTESIAN_POINT ( 'NONE',  ( -42.76793408686044273, 15.80893398493208757, -30.99833444597204490 ) ) ;
#736 = CARTESIAN_POINT ( 'NONE',  ( -40.99730114936044600, 12.74210777562715435, -30.39416777930537705 ) ) ;
#737 = CARTESIAN_POINT ( 'NONE',  ( -42.49730114936043890, 14.78665858183044257, -31.80041777998817665 ) ) ;
#738 = AXIS2_PLACEMENT_3D ( 'NONE', #1714, #3035, #2973 ) ;
#739 = CARTESIAN_POINT ( 'NONE',  ( -39.22666821186043506, 13.76438317872879935, -25.31083444597204846 ) ) ;
#740 = CARTESIAN_POINT ( 'NONE',  ( -40.11198468061044053, 13.25324547717797685, -26.79000111263871275 ) ) ;
#741 = CARTESIAN_POINT ( 'NONE',  ( -41.74730114936043890, 13.48762047615378279, -28.09208444528924531 ) ) ;
#742 = CARTESIAN_POINT ( 'NONE',  ( -39.22666821186044217, 13.76438317872879935, -30.24833444597204490 ) ) ;
#743 = CARTESIAN_POINT ( 'NONE',  ( -40.11198468061044053, 16.32007168648291184, -26.12333444597204490 ) ) ;
#744 = CARTESIAN_POINT ( 'NONE',  ( -40.99730114936044600, 16.83120938803373079, -30.14416777930537350 ) ) ;
#745 = ORIENTED_EDGE ( 'NONE', *, *, #1900, .F. ) ;
#746 = DIRECTION ( 'NONE',  ( -0.000000000000000000, -0.000000000000000000, -1.000000000000000000 ) ) ;
#747 = CARTESIAN_POINT ( 'NONE',  ( -39.49730114936043890, 14.78665858183044257, -26.05041777998817309 ) ) ;
#748 = EDGE_CURVE ( 'NONE', #573, #1216, #328, .T. ) ;
#749 = CARTESIAN_POINT ( 'NONE',  ( -40.11198468061044053, 16.32007168648291184, -31.62333444597204846 ) ) ;
#750 = CARTESIAN_POINT ( 'NONE',  ( -40.11198468061044053, 13.25324547717797685, -31.35250111263870920 ) ) ;
#751 = VECTOR ( 'NONE', #3131, 1000.000000000000000 ) ;
#752 = DIRECTION ( 'NONE',  ( 0.7071067811865651143, 0.000000000000000000, 0.7071067811865298092 ) ) ;
#753 = CARTESIAN_POINT ( 'NONE',  ( -42.49730114936046022, 13.92063317804601397, -25.75875111332150880 ) ) ;
#754 = VECTOR ( 'NONE', #2022, 1000.000000000000000 ) ;
#755 = CARTESIAN_POINT ( 'NONE',  ( -42.49730114936043890, 14.78665858183044257, -29.80041777998817309 ) ) ;
#756 = CARTESIAN_POINT ( 'NONE',  ( -41.74730114936043890, 16.08569668750710235, -26.25875111195591316 ) ) ;
#757 = CARTESIAN_POINT ( 'NONE',  ( -41.88261761811044437, 16.32007168648290829, -31.04000111263871275 ) ) ;
#758 = CARTESIAN_POINT ( 'NONE',  ( -40.11198468061044053, 13.25324547717797685, -28.29000111263871275 ) ) ;
#759 = CARTESIAN_POINT ( 'NONE',  ( -40.11198468061044053, 13.25324547717797685, -28.85250111263871275 ) ) ;
#760 = AXIS2_PLACEMENT_3D ( 'NONE', #890, #639, #363 ) ;
#761 = CARTESIAN_POINT ( 'NONE',  ( -39.30329217195923519, 14.40693886586717731, -32.20041777998817167 ) ) ;
#762 = ORIENTED_EDGE ( 'NONE', *, *, #105, .F. ) ;
#763 =( BOUNDED_CURVE ( )  B_SPLINE_CURVE ( 2, ( #3030, #718, #2247, #2486, #2501, #166, #2021 ),
 .UNSPECIFIED., .F., .F. ) 
 B_SPLINE_CURVE_WITH_KNOTS ( ( 3, 2, 2, 3 ),
 ( 0.8235294117647057321, 0.8333333333333332593, 0.8431372549019606755, 0.8529411764705880916 ),
 .UNSPECIFIED. ) 
 CURVE ( )  GEOMETRIC_REPRESENTATION_ITEM ( )  RATIONAL_B_SPLINE_CURVE ( ( 1.000000000000001554, 0.8660254037844371533, 1.000000000000000000, 0.8660254037844387076, 1.000000000000000000, 0.8660254037844402619, 0.9999999999999984457 ) ) 
 REPRESENTATION_ITEM ( '' )  );
#764 = SURFACE_STYLE_USAGE ( .BOTH. , #1257 ) ;
#765 = CARTESIAN_POINT ( 'NONE',  ( -40.24730114936043890, 16.08569668750710235, -29.96708444665484450 ) ) ;
#766 = ORIENTED_EDGE ( 'NONE', *, *, #220, .T. ) ;
#767 = CARTESIAN_POINT ( 'NONE',  ( -41.63614085796153574, 13.24758025839409292, -24.80041777998816954 ) ) ;
#768 = CARTESIAN_POINT ( 'NONE',  ( -40.99730114936044600, 12.74210777562715435, -31.89416777930538061 ) ) ;
#769 = CARTESIAN_POINT ( 'NONE',  ( -39.49730114936043890, 14.78665858183044257, -30.42541777862258101 ) ) ;
#770 = CARTESIAN_POINT ( 'NONE',  ( -41.74730114936043890, 13.48762047615378279, -27.09208444528924531 ) ) ;
#771 = DIRECTION ( 'NONE',  ( -0.000000000000000000, -0.000000000000000000, -1.000000000000000000 ) ) ;
#772 = CARTESIAN_POINT ( 'NONE',  ( -39.49730114936044600, 13.92063317804600331, -27.46708444528924531 ) ) ;
#773 = B_SPLINE_CURVE_WITH_KNOTS ( 'NONE', 3,
 ( #232, #513, #1262, #804, #3316, #1548 ),
 .UNSPECIFIED., .F., .F.,
 ( 4, 2, 4 ),
 ( 7.152448122690996019E-18, 0.0007010471033833523330, 0.001402094206766697510 ),
 .UNSPECIFIED. ) ;
#774 = CARTESIAN_POINT ( 'NONE',  ( -40.11198468061044053, 13.25324547717797685, -25.85250111263870920 ) ) ;
#775 = CARTESIAN_POINT ( 'NONE',  ( -40.11198468061044053, 16.32007168648291184, -29.62333444597204490 ) ) ;
#776 = CARTESIAN_POINT ( 'NONE',  ( -40.11198468061044053, 16.32007168648291184, -27.12333444597204135 ) ) ;
#777 = CARTESIAN_POINT ( 'NONE',  ( -41.88261761811044437, 13.25324547717797685, -31.43583444597204846 ) ) ;
#778 = DIRECTION ( 'NONE',  ( -1.000000000000000000, 0.000000000000000000, 0.000000000000000000 ) ) ;
#779 = EDGE_LOOP ( 'NONE', ( #3310, #2462, #2422, #1853 ) ) ;
#780 = CARTESIAN_POINT ( 'NONE',  ( -42.49730114936043179, 13.92063317804599620, -26.75875111332150169 ) ) ;
#781 = CARTESIAN_POINT ( 'NONE',  ( -42.49730114936043890, 13.92063317804600331, -28.75875111332150880 ) ) ;
#782 = VERTEX_POINT ( 'NONE', #618 ) ;
#783 =( BOUNDED_CURVE ( )  B_SPLINE_CURVE ( 2, ( #2179, #2949, #2397, #2434, #3153, #1621, #1601 ),
 .UNSPECIFIED., .F., .T. ) 
 B_SPLINE_CURVE_WITH_KNOTS ( ( 3, 2, 2, 3 ),
 ( 0.5000000000000000000, 0.5098039215686274161, 0.5196078431372549433, 0.5294117647058823595 ),
 .UNSPECIFIED. ) 
 CURVE ( )  GEOMETRIC_REPRESENTATION_ITEM ( )  RATIONAL_B_SPLINE_CURVE ( ( 1.000000000000000000, 0.8660254037844387076, 1.000000000000000000, 0.8660254037844387076, 1.000000000000000000, 0.8660254037844387076, 1.000000000000000000 ) ) 
 REPRESENTATION_ITEM ( '' )  );
#784 = CARTESIAN_POINT ( 'NONE',  ( -42.76793408686044273, 14.78665858183044257, -31.01916777930537705 ) ) ;
#785 = CARTESIAN_POINT ( 'NONE',  ( -42.49730114936046732, 15.65268398561487295, -26.71708444528924531 ) ) ;
#786 = DIRECTION ( 'NONE',  ( 0.000000000000000000, 0.000000000000000000, 1.000000000000000000 ) ) ;
#787 = CARTESIAN_POINT ( 'NONE',  ( -41.88261761811044437, 16.32007168648290829, -28.10250111263871275 ) ) ;
#788 = CARTESIAN_POINT ( 'NONE',  ( -39.49730114936043890, 14.78665858183044257, -26.42541777862258101 ) ) ;
#789 = CARTESIAN_POINT ( 'NONE',  ( -42.76793408686044273, 14.78665858183044257, -31.45666777930537705 ) ) ;
#790 = VECTOR ( 'NONE', #1992, 1000.000000000000000 ) ;
#791 = AXIS2_PLACEMENT_3D ( 'NONE', #273, #2659, #2938 ) ;
#792 = ORIENTED_EDGE ( 'NONE', *, *, #77, .F. ) ;
#793 = CARTESIAN_POINT ( 'NONE',  ( -39.49730114936044600, 13.92063317804600331, -29.96708444528924886 ) ) ;
#794 = CARTESIAN_POINT ( 'NONE',  ( -39.22666821186043506, 14.78665858183044257, -26.26916777930537705 ) ) ;
#795 = CARTESIAN_POINT ( 'NONE',  ( -40.99730114936044600, 16.83120938803373079, -29.58166777930537705 ) ) ;
#796 = CARTESIAN_POINT ( 'NONE',  ( -40.11198468061044053, 13.25324547717797685, -29.35250111263870920 ) ) ;
#797 = CARTESIAN_POINT ( 'NONE',  ( -40.11198468061044053, 13.25324547717797685, -25.79000111263870920 ) ) ;
#798 = ORIENTED_EDGE ( 'NONE', *, *, #964, .F. ) ;
#799 = CARTESIAN_POINT ( 'NONE',  ( -42.49730114936043890, 14.78665858183044257, -26.80041777998817309 ) ) ;
#800 = CARTESIAN_POINT ( 'NONE',  ( -42.49730114936043890, 14.78665858183044257, -29.80041777998817309 ) ) ;
#801 = ORIENTED_EDGE ( 'NONE', *, *, #587, .T. ) ;
#802 = CARTESIAN_POINT ( 'NONE',  ( -39.49730114936046022, 13.92063317804599443, -25.96708444528925241 ) ) ;
#803 = CARTESIAN_POINT ( 'NONE',  ( -39.22666821186044217, 13.76438317872879935, -29.81083444597204846 ) ) ;
#804 = CARTESIAN_POINT ( 'NONE',  ( -39.58825472045576532, 13.68943552529462515, -24.80041777998817665 ) ) ;
#805 = CARTESIAN_POINT ( 'NONE',  ( -42.46730114936090672, 14.78665858183045323, -41.80041777998817309 ) ) ;
#806 = CARTESIAN_POINT ( 'NONE',  ( -40.11198468061044053, 13.25324547717797685, -27.85250111263871275 ) ) ;
#807 = CARTESIAN_POINT ( 'NONE',  ( -42.76793408686044273, 13.76438317872879757, -27.91500111263871275 ) ) ;
#808 = CARTESIAN_POINT ( 'NONE',  ( -39.49730114936043179, 13.92063317804600509, -27.09208444665484805 ) ) ;
#809 = CARTESIAN_POINT ( 'NONE',  ( -42.49730114936043890, 15.65268398561487473, -30.71708444528925241 ) ) ;
#810 = ORIENTED_EDGE ( 'NONE', *, *, #693, .F. ) ;
#811 = CARTESIAN_POINT ( 'NONE',  ( -41.74730114936043890, 13.48762047615378279, -29.59208444528924886 ) ) ;
#812 = CIRCLE ( 'NONE', #3245, 1.470000000000005969 ) ;
#813 = CARTESIAN_POINT ( 'NONE',  ( -41.88261761811044437, 13.25324547717797685, -25.43583444597204490 ) ) ;
#814 = EDGE_CURVE ( 'NONE', #74, #3264, #3304, .T. ) ;
#815 = CARTESIAN_POINT ( 'NONE',  ( -39.22666821186043506, 14.78665858183044257, -30.70666777930537705 ) ) ;
#816 = CARTESIAN_POINT ( 'NONE',  ( -40.24730114936043890, 16.08569668750710235, -24.34208444528924531 ) ) ;
#817 = CARTESIAN_POINT ( 'NONE',  ( -40.99730114936044600, 12.74210777562715435, -24.83166777930538061 ) ) ;
#818 = EDGE_LOOP ( 'NONE', ( #810, #989, #1653, #3074 ) ) ;
#819 = CARTESIAN_POINT ( 'NONE',  ( -39.49730114936044600, 13.92063317804600331, -30.59208444665484095 ) ) ;
#820 = CARTESIAN_POINT ( 'NONE',  ( -40.99730114936044600, 12.74210777562715435, -24.89416777930537705 ) ) ;
#821 = FILL_AREA_STYLE ('',( #2412 ) ) ;
#822 = CARTESIAN_POINT ( 'NONE',  ( -40.24730114936043890, 13.48762047615378279, -30.50875111195591316 ) ) ;
#823 = UNCERTAINTY_MEASURE_WITH_UNIT (LENGTH_MEASURE( 1.000000000000000082E-05 ), #3075, 'distance_accuracy_value', 'NONE');
#824 = CARTESIAN_POINT ( 'NONE',  ( -42.49730114936042469, 13.92063317804599620, -26.25875111332150880 ) ) ;
#825 = DIRECTION ( 'NONE',  ( 0.000000000000000000, 0.000000000000000000, 1.000000000000000000 ) ) ;
#826 = CARTESIAN_POINT ( 'NONE',  ( -40.11198468061044053, 16.32007168648291184, -28.18583444597204490 ) ) ;
#827 = CARTESIAN_POINT ( 'NONE',  ( -40.99730114936044600, 12.74210777562715435, -28.33166777930538061 ) ) ;
#828 = VECTOR ( 'NONE', #660, 1000.000000000000000 ) ;
#829 = CARTESIAN_POINT ( 'NONE',  ( -39.22666821186043506, 14.78665858183044257, -31.76916777930537705 ) ) ;
#830 = CARTESIAN_POINT ( 'NONE',  ( -39.49730114936043890, 14.78665858183044257, -27.55041777998817665 ) ) ;
#831 = VERTEX_POINT ( 'NONE', #1958 ) ;
#832 = CARTESIAN_POINT ( 'NONE',  ( -39.49730114936044600, 13.92063317804600331, -29.46708444528924886 ) ) ;
#833 = CARTESIAN_POINT ( 'NONE',  ( -39.22666821186043506, 14.78665858183044257, -25.76916777930538061 ) ) ;
#834 = CARTESIAN_POINT ( 'NONE',  ( -40.99730114936044600, 12.74210777562715435, -29.33166777930537705 ) ) ;
#835 = CARTESIAN_POINT ( 'NONE',  ( -40.99730114936044600, 12.74210777562715435, -32.39416777930537705 ) ) ;
#836 = EDGE_CURVE ( 'NONE', #2697, #274, #1024, .T. ) ;
#837 = CARTESIAN_POINT ( 'NONE',  ( -42.76793408686044273, 14.78665858183044257, -24.45666777930537705 ) ) ;
#838 = ORIENTED_EDGE ( 'NONE', *, *, #2209, .F. ) ;
#839 = APPLICATION_PROTOCOL_DEFINITION ( 'draft international standard', 'automotive_design', 1998, #2700 ) ;
#840 = CARTESIAN_POINT ( 'NONE',  ( -42.49730114936043890, 15.65268398561488361, -30.84208444665484450 ) ) ;
#841 = CARTESIAN_POINT ( 'NONE',  ( -41.74730114936043890, 16.08569668750710235, -28.38375111332151235 ) ) ;
#842 = CARTESIAN_POINT ( 'NONE',  ( -41.74730114936043890, 16.08569668750710235, -25.25875111195591316 ) ) ;
#843 = CARTESIAN_POINT ( 'NONE',  ( -40.24730114936043890, 16.08569668750710235, -29.34208444528924886 ) ) ;
#844 = CARTESIAN_POINT ( 'NONE',  ( -39.49730114936043890, 14.78665858183044257, -31.42541777862258101 ) ) ;
#845 = LINE ( 'NONE', #51, #2424 ) ;
#846 = CARTESIAN_POINT ( 'NONE',  ( -39.22666821186043506, 15.80893398493208757, -26.72750111263871275 ) ) ;
#847 = CARTESIAN_POINT ( 'NONE',  ( -40.11198468061044053, 13.25324547717797685, -29.79000111263870920 ) ) ;
#848 = CARTESIAN_POINT ( 'NONE',  ( -40.11198468061044053, 16.32007168648291184, -32.18583444597204846 ) ) ;
#849 = CARTESIAN_POINT ( 'NONE',  ( -42.49730114936043890, 14.78665858183044257, -29.17541777862258101 ) ) ;
#850 = ORIENTED_EDGE ( 'NONE', *, *, #1900, .T. ) ;
#851 = CARTESIAN_POINT ( 'NONE',  ( -39.49730114936044600, 15.65268398561488361, -30.88375111195591316 ) ) ;
#852 = CARTESIAN_POINT ( 'NONE',  ( -41.74730114936043890, 16.08569668750710235, -25.75875111195591316 ) ) ;
#853 = CARTESIAN_POINT ( 'NONE',  ( -41.88261761811044437, 16.32007168648290829, -25.04000111263870920 ) ) ;
#854 = ORIENTED_EDGE ( 'NONE', *, *, #1936, .T. ) ;
#855 = CARTESIAN_POINT ( 'NONE',  ( -42.76793408686044273, 15.80893398493208757, -23.99833444597204135 ) ) ;
#856 = CARTESIAN_POINT ( 'NONE',  ( -40.99730114936044600, 16.83120938803373079, -24.64416777930538061 ) ) ;
#857 = CARTESIAN_POINT ( 'NONE',  ( -39.49730114936043890, 14.78665858183044257, -25.92541777862258101 ) ) ;
#858 = CARTESIAN_POINT ( 'NONE',  ( -42.49730114936043890, 14.78665858183044257, -25.30041777998817665 ) ) ;
#859 = CARTESIAN_POINT ( 'NONE',  ( -40.99730114936043890, 14.78665858183044257, -24.80041777998817665 ) ) ;
#860 = EDGE_CURVE ( 'NONE', #1222, #2369, #1616, .T. ) ;
#861 = CARTESIAN_POINT ( 'NONE',  ( -39.49730114936043890, 14.78665858183044257, -28.42541777862258101 ) ) ;
#862 = CARTESIAN_POINT ( 'NONE',  ( -40.99730114936043890, 16.83120938803373079, -28.64416777930538061 ) ) ;
#863 = CARTESIAN_POINT ( 'NONE',  ( -42.76793408686044273, 14.78665858183044257, -29.45666777930537705 ) ) ;
#864 = CARTESIAN_POINT ( 'NONE',  ( -39.49730114936043890, 14.78665858183044257, -31.05041777998817665 ) ) ;
#865 = DIRECTION ( 'NONE',  ( 1.000000000000000000, 0.000000000000000000, 0.000000000000000000 ) ) ;
#866 = CARTESIAN_POINT ( 'NONE',  ( -41.74730114936043890, 13.48762047615378279, -29.09208444528924886 ) ) ;
#867 = CARTESIAN_POINT ( 'NONE',  ( -41.74730114936043890, 16.08569668750710235, -24.25875111195591671 ) ) ;
#868 = CARTESIAN_POINT ( 'NONE',  ( -40.11198468061044053, 13.25324547717797685, -27.29000111263871275 ) ) ;
#869 = ORIENTED_EDGE ( 'NONE', *, *, #981, .F. ) ;
#870 = CARTESIAN_POINT ( 'NONE',  ( -42.49730114936043890, 14.78665858183044257, -31.80041777998817665 ) ) ;
#871 = CARTESIAN_POINT ( 'NONE',  ( -42.76793408686044273, 13.76438317872879757, -24.97750111263871275 ) ) ;
#872 = CARTESIAN_POINT ( 'NONE',  ( -39.49730114936046022, 13.92063317804599620, -28.59208444665483739 ) ) ;
#873 = ORIENTED_EDGE ( 'NONE', *, *, #1602, .F. ) ;
#874 = CARTESIAN_POINT ( 'NONE',  ( -39.22666821186043506, 14.78665858183044257, -32.26916777930537705 ) ) ;
#875 = CARTESIAN_POINT ( 'NONE',  ( -42.49730114936043890, 13.92063317804600331, -24.25875111332151235 ) ) ;
#876 = CARTESIAN_POINT ( 'NONE',  ( -40.11198468061044053, 16.32007168648291184, -29.68583444597204490 ) ) ;
#877 = CARTESIAN_POINT ( 'NONE',  ( -41.88261761811044437, 16.32007168648290829, -27.54000111263871275 ) ) ;
#878 = EDGE_CURVE ( 'NONE', #2444, #1969, #670, .T. ) ;
#879 = CARTESIAN_POINT ( 'NONE',  ( -40.33331381230589585, 13.14523791192553048, -24.80041777998818020 ) ) ;
#880 = DIRECTION ( 'NONE',  ( -1.000000000000000000, 0.000000000000000000, 0.000000000000000000 ) ) ;
#881 = VERTEX_POINT ( 'NONE', #3186 ) ;
#882 = CARTESIAN_POINT ( 'NONE',  ( -39.22666821186043506, 14.78665858183044257, -32.26916777930537705 ) ) ;
#883 = CARTESIAN_POINT ( 'NONE',  ( -39.22666821186043506, 14.78665858183044257, -26.70666777930537705 ) ) ;
#884 = ORIENTED_EDGE ( 'NONE', *, *, #457, .F. ) ;
#885 = CARTESIAN_POINT ( 'NONE',  ( -42.76793408686044273, 13.76438317872879757, -24.91500111263871275 ) ) ;
#886 = CARTESIAN_POINT ( 'NONE',  ( -40.99730114936044600, 16.83120938803373079, -25.14416777930538061 ) ) ;
#887 = ORIENTED_EDGE ( 'NONE', *, *, #2960, .T. ) ;
#888 = CARTESIAN_POINT ( 'NONE',  ( -40.99730114936090786, 14.78665858183045323, -41.90041777998817452 ) ) ;
#889 = CARTESIAN_POINT ( 'NONE',  ( -39.49730114936043890, 14.78665858183044257, -25.55041777998817665 ) ) ;
#890 = CARTESIAN_POINT ( 'NONE',  ( -40.99730114936043890, 14.78665858183044257, -24.80041777998817665 ) ) ;
#891 = CARTESIAN_POINT ( 'NONE',  ( -40.99730114936043890, 12.74210777562715613, -31.39416777930537705 ) ) ;
#892 = CARTESIAN_POINT ( 'NONE',  ( -40.99730114936043890, 16.83120938803373079, -28.08166777930537705 ) ) ;
#893 = CARTESIAN_POINT ( 'NONE',  ( -40.11198468061044053, 13.25324547717797685, -26.85250111263871275 ) ) ;
#894 = CARTESIAN_POINT ( 'NONE',  ( -39.22666821186043506, 13.76438317872879935, -25.74833444597204846 ) ) ;
#895 = FACE_OUTER_BOUND ( 'NONE', #1705, .T. ) ;
#896 = ORIENTED_EDGE ( 'NONE', *, *, #693, .T. ) ;
#897 = DIRECTION ( 'NONE',  ( -1.000000000000000000, 0.000000000000000000, 0.000000000000000000 ) ) ;
#898 =( BOUNDED_CURVE ( )  B_SPLINE_CURVE ( 2, ( #3118, #808, #1845, #2972, #2457, #3210, #1697 ),
 .UNSPECIFIED., .F., .T. ) 
 B_SPLINE_CURVE_WITH_KNOTS ( ( 3, 2, 2, 3 ),
 ( 0.3823529411764705066, 0.3921568627450979783, 0.4019607843137254499, 0.4117647058823528661 ),
 .UNSPECIFIED. ) 
 CURVE ( )  GEOMETRIC_REPRESENTATION_ITEM ( )  RATIONAL_B_SPLINE_CURVE ( ( 1.000000000000000666, 0.8660254037844378194, 1.000000000000000000, 0.8660254037844387076, 1.000000000000000000, 0.8660254037844394848, 0.9999999999999992228 ) ) 
 REPRESENTATION_ITEM ( '' )  );
#899 = EDGE_CURVE ( 'NONE', #2210, #2737, #423, .T. ) ;
#900 = ORIENTED_EDGE ( 'NONE', *, *, #260, .F. ) ;
#901 = CARTESIAN_POINT ( 'NONE',  ( -40.99730114936043890, 13.05460777426156582, -25.05041777862258101 ) ) ;
#902 = VECTOR ( 'NONE', #1922, 1000.000000000000000 ) ;
#903 = CARTESIAN_POINT ( 'NONE',  ( -41.74730114936043890, 16.08569668750710235, -31.88375111332150524 ) ) ;
#904 = CARTESIAN_POINT ( 'NONE',  ( -40.11198468061044053, 13.25324547717797685, -28.35250111263871275 ) ) ;
#905 = CARTESIAN_POINT ( 'NONE',  ( -39.49730114936046022, 15.65268398561488894, -30.50875111332151590 ) ) ;
#906 = ORIENTED_EDGE ( 'NONE', *, *, #3058, .T. ) ;
#907 = CARTESIAN_POINT ( 'NONE',  ( -41.74730114936043890, 13.48762047615378279, -30.09208444528924886 ) ) ;
#908 = CARTESIAN_POINT ( 'NONE',  ( -42.49730114936043890, 15.65268398561488361, -25.34208444665484095 ) ) ;
#909 = CARTESIAN_POINT ( 'NONE',  ( -41.88261761811044437, 13.25324547717797685, -29.43583444597204490 ) ) ;
#910 = CARTESIAN_POINT ( 'NONE',  ( -41.88261761811044437, 16.32007168648290829, -27.54000111263871275 ) ) ;
#911 = CARTESIAN_POINT ( 'NONE',  ( -40.99730114936044600, 12.74210777562715435, -28.39416777930538061 ) ) ;
#912 = CARTESIAN_POINT ( 'NONE',  ( -42.76793408686044273, 13.76438317872879757, -24.91500111263870920 ) ) ;
#913 = CARTESIAN_POINT ( 'NONE',  ( -40.83057336250458036, 16.48717547953254936, -32.20041777998817167 ) ) ;
#914 = CARTESIAN_POINT ( 'NONE',  ( -39.49730114936044600, 13.92063317804600331, -31.96708444528924886 ) ) ;
#915 = ORIENTED_EDGE ( 'NONE', *, *, #3148, .F. ) ;
#916 = CYLINDRICAL_SURFACE ( 'NONE', #1553, 1.500000000000001332 ) ;
#917 = EDGE_CURVE ( 'NONE', #1337, #226, #3068, .T. ) ;
#918 = STYLED_ITEM ( 'NONE', ( #1056 ), #665 ) ;
#919 = CARTESIAN_POINT ( 'NONE',  ( -40.11198468061044053, 16.32007168648291184, -25.12333444597204490 ) ) ;
#920 = CARTESIAN_POINT ( 'NONE',  ( -40.11198468061044053, 16.32007168648291184, -27.68583444597204490 ) ) ;
#921 = CARTESIAN_POINT ( 'NONE',  ( -41.74730114936043890, 13.48762047615378279, -28.71708444665484095 ) ) ;
#922 = VECTOR ( 'NONE', #1945, 1000.000000000000000 ) ;
#923 = ORIENTED_EDGE ( 'NONE', *, *, #2184, .T. ) ;
#924 =( BOUNDED_CURVE ( )  B_SPLINE_CURVE ( 2, ( #1637, #1599, #585, #2105, #1114, #2433, #2883 ),
 .UNSPECIFIED., .F., .F. ) 
 B_SPLINE_CURVE_WITH_KNOTS ( ( 3, 2, 2, 3 ),
 ( 0.3529411764705881471, 0.3627450980392155633, 0.3725490196078430905, 0.3823529411764705066 ),
 .UNSPECIFIED. ) 
 CURVE ( )  GEOMETRIC_REPRESENTATION_ITEM ( )  RATIONAL_B_SPLINE_CURVE ( ( 1.000000000000001554, 0.8660254037844371533, 1.000000000000000000, 0.8660254037844387076, 1.000000000000000000, 0.8660254037844394848, 0.9999999999999992228 ) ) 
 REPRESENTATION_ITEM ( '' )  );
#925 = CARTESIAN_POINT ( 'NONE',  ( -39.49730114936043890, 13.92063317804600331, -31.96708444528924886 ) ) ;
#926 = LINE ( 'NONE', #120, #652 ) ;
#927 = CARTESIAN_POINT ( 'NONE',  ( -39.49730114936044600, 13.92063317804600331, -25.59208444665484450 ) ) ;
#928 = CARTESIAN_POINT ( 'NONE',  ( -40.99730114936043890, 12.74210777562715613, -29.39416777930537705 ) ) ;
#929 = CARTESIAN_POINT ( 'NONE',  ( -40.99730114936043890, 12.74210777562715613, -27.83166777930537705 ) ) ;
#930 = CARTESIAN_POINT ( 'NONE',  ( -41.88261761811044437, 16.32007168648290829, -27.10250111263871275 ) ) ;
#931 = CARTESIAN_POINT ( 'NONE',  ( -39.22666821186043506, 13.76438317872879935, -25.24833444597204490 ) ) ;
#932 = CARTESIAN_POINT ( 'NONE',  ( -42.21272628857820308, 15.75915922151035709, -32.20041777998815746 ) ) ;
#933 = VERTEX_POINT ( 'NONE', #2719 ) ;
#934 = CARTESIAN_POINT ( 'NONE',  ( -42.49730114936043890, 14.78665858183044257, -24.80041777998817665 ) ) ;
#935 = CARTESIAN_POINT ( 'NONE',  ( -40.24730114936043890, 16.08569668750710235, -25.84208444528924886 ) ) ;
#936 = FACE_OUTER_BOUND ( 'NONE', #2113, .T. ) ;
#937 = CARTESIAN_POINT ( 'NONE',  ( -39.22666821186044217, 15.80893398493208757, -26.66500111263871275 ) ) ;
#938 = EDGE_CURVE ( 'NONE', #580, #1666, #1717, .T. ) ;
#939 = CARTESIAN_POINT ( 'NONE',  ( -40.11198468061044053, 13.25324547717797685, -27.35250111263871275 ) ) ;
#940 = CARTESIAN_POINT ( 'NONE',  ( -42.49730114936043890, 14.78665858183044257, -30.30041777998817309 ) ) ;
#941 = ORIENTED_EDGE ( 'NONE', *, *, #2283, .T. ) ;
#942 = CARTESIAN_POINT ( 'NONE',  ( -40.24730114936043890, 13.48762047615378279, -30.00875111195591316 ) ) ;
#943 = CARTESIAN_POINT ( 'NONE',  ( -39.49730114936043890, 15.65268398561488361, -27.50875111332150880 ) ) ;
#944 = CARTESIAN_POINT ( 'NONE',  ( -41.74730114936043890, 13.48762047615378279, -24.71708444665484095 ) ) ;
#945 = EDGE_CURVE ( 'NONE', #2879, #573, #1368, .T. ) ;
#946 = CARTESIAN_POINT ( 'NONE',  ( -40.99730114936043890, 16.83120938803373079, -29.14416777930538061 ) ) ;
#947 = CARTESIAN_POINT ( 'NONE',  ( -40.11198468061044053, 13.25324547717797685, -27.79000111263871275 ) ) ;
#948 = CARTESIAN_POINT ( 'NONE',  ( -41.88261761811044437, 16.32007168648290829, -27.60250111263871275 ) ) ;
#949 = CARTESIAN_POINT ( 'NONE',  ( -40.05917247455388974, 16.27068739516162310, -32.20041777998800825 ) ) ;
#950 = ORIENTED_EDGE ( 'NONE', *, *, #1208, .F. ) ;
#951 = CARTESIAN_POINT ( 'NONE',  ( -40.99730114936044600, 16.51870938939932287, -32.30041777862258101 ) ) ;
#952 = CARTESIAN_POINT ( 'NONE',  ( -39.49730114936043890, 14.78665858183044257, -25.92541777862258101 ) ) ;
#953 = PRODUCT_DEFINITION ( '未知', '', #1456, #1600 ) ;
#954 = CARTESIAN_POINT ( 'NONE',  ( -39.22666821186043506, 14.78665858183044257, -26.20666777930537705 ) ) ;
#955 = CARTESIAN_POINT ( 'NONE',  ( -40.11198468061044053, 16.32007168648291184, -28.68583444597204490 ) ) ;
#956 = CARTESIAN_POINT ( 'NONE',  ( -41.19333722806852904, 13.26858004475903385, -32.20041777998819299 ) ) ;
#957 = ORIENTED_EDGE ( 'NONE', *, *, #2763, .T. ) ;
#958 = DIRECTION ( 'NONE',  ( -1.000000000000000000, 0.000000000000000000, 0.000000000000000000 ) ) ;
#959 = CARTESIAN_POINT ( 'NONE',  ( -40.99730114936043890, 13.05460777426156582, -25.55041777862258101 ) ) ;
#960 = CARTESIAN_POINT ( 'NONE',  ( -42.49730114936043890, 15.65268398561488361, -26.34208444665484450 ) ) ;
#961 = VECTOR ( 'NONE', #1402, 1000.000000000000000 ) ;
#962 = CARTESIAN_POINT ( 'NONE',  ( -42.76793408686044273, 13.76438317872879757, -28.41500111263871275 ) ) ;
#963 = CARTESIAN_POINT ( 'NONE',  ( -39.22666821186044217, 13.76438317872879935, -29.31083444597204490 ) ) ;
#964 = EDGE_CURVE ( 'NONE', #1543, #3237, #481, .T. ) ;
#965 = CYLINDRICAL_SURFACE ( 'NONE', #3320, 1.500000000000001332 ) ;
#966 = ORIENTED_EDGE ( 'NONE', *, *, #1693, .T. ) ;
#967 = CARTESIAN_POINT ( 'NONE',  ( -40.24730114936043890, 16.08569668750710235, -30.34208444528924886 ) ) ;
#968 = AXIS2_PLACEMENT_3D ( 'NONE', #2146, #2584, #251 ) ;
#969 = CARTESIAN_POINT ( 'NONE',  ( -42.76793408686044273, 13.76438317872879757, -30.41500111263871631 ) ) ;
#970 = CARTESIAN_POINT ( 'NONE',  ( -40.11198468061044053, 16.32007168648291184, -27.62333444597204490 ) ) ;
#971 = CARTESIAN_POINT ( 'NONE',  ( -41.88261761811044437, 16.32007168648290829, -27.10250111263871275 ) ) ;
#972 = CARTESIAN_POINT ( 'NONE',  ( -42.49730114936043890, 15.65268398561487828, -27.71708444528924176 ) ) ;
#973 = ORIENTED_EDGE ( 'NONE', *, *, #2779, .F. ) ;
#974 = CARTESIAN_POINT ( 'NONE',  ( -40.99730114936043890, 13.05460777426156582, -32.05041777862258101 ) ) ;
#975 = DIRECTION ( 'NONE',  ( -0.000000000000000000, -0.000000000000000000, 1.000000000000000000 ) ) ;
#976 = CARTESIAN_POINT ( 'NONE',  ( -40.99730114936044600, 13.05460777426156582, -27.67541777998817665 ) ) ;
#977 = CARTESIAN_POINT ( 'NONE',  ( -42.30630083677750264, 13.88539614342515627, -24.80041777998818020 ) ) ;
#978 = CARTESIAN_POINT ( 'NONE',  ( -42.76793408686044273, 15.80893398493208757, -28.06083444597204490 ) ) ;
#979 = CARTESIAN_POINT ( 'NONE',  ( -40.99730114936043890, 13.05460777426156582, -29.55041777862257746 ) ) ;
#981 = EDGE_CURVE ( 'NONE', #1216, #19, #1701, .T. ) ;
#980 = CARTESIAN_POINT ( 'NONE',  ( -39.59622083062500053, 13.55102187480535036, -24.82822712568080092 ) ) ;
#982 = CARTESIAN_POINT ( 'NONE',  ( -41.88261761811044437, 13.25324547717797685, -26.87333444597204135 ) ) ;
#983 = CARTESIAN_POINT ( 'NONE',  ( -42.49730114936043890, 13.92063317804600331, -27.63375111195591671 ) ) ;
#984 = CARTESIAN_POINT ( 'NONE',  ( -40.99730114936044600, 16.83120938803373079, -31.58166777930538061 ) ) ;
#985 = CARTESIAN_POINT ( 'NONE',  ( -39.22666821186044217, 15.80893398493208757, -28.16500111263871631 ) ) ;
#986 = CARTESIAN_POINT ( 'NONE',  ( -40.11198468061044053, 16.32007168648291184, -30.18583444597204490 ) ) ;
#987 = CARTESIAN_POINT ( 'NONE',  ( -42.49730114936043890, 14.78665858183044257, -26.17541777862258101 ) ) ;
#988 = CIRCLE ( 'NONE', #2873, 1.469999999999999085 ) ;
#989 = ORIENTED_EDGE ( 'NONE', *, *, #542, .T. ) ;
#990 = CARTESIAN_POINT ( 'NONE',  ( -42.49730114936042469, 13.92063317804599265, -29.25875111332151235 ) ) ;
#991 = CARTESIAN_POINT ( 'NONE',  ( -41.74730114936043890, 16.08569668750710235, -27.38375111332150880 ) ) ;
#992 = CARTESIAN_POINT ( 'NONE',  ( -41.88261761811044437, 16.32007168648290829, -31.04000111263871275 ) ) ;
#993 = CARTESIAN_POINT ( 'NONE',  ( -41.88261761811044437, 13.25324547717797685, -30.93583444597204490 ) ) ;
#994 = CARTESIAN_POINT ( 'NONE',  ( -39.49730114936046022, 15.65268398561488894, -26.88375111195590961 ) ) ;
#995 = CARTESIAN_POINT ( 'NONE',  ( -40.99730114936043890, 13.05460777426156582, -25.67541777998817665 ) ) ;
#996 = CARTESIAN_POINT ( 'NONE',  ( -42.76793408686044273, 13.76438317872879757, -26.41500111263871275 ) ) ;
#997 = CARTESIAN_POINT ( 'NONE',  ( -42.49730114936043890, 13.92063317804600331, -26.63375111195591316 ) ) ;
#998 = CARTESIAN_POINT ( 'NONE',  ( -42.76793408686044273, 15.80893398493208757, -31.99833444597204135 ) ) ;
#999 = EDGE_CURVE ( 'NONE', #2737, #387, #683, .T. ) ;
#1000 = CARTESIAN_POINT ( 'NONE',  ( -40.99730114936044600, 12.74210777562715435, -25.83166777930537705 ) ) ;
#1001 = CARTESIAN_POINT ( 'NONE',  ( -40.11198468061044053, 13.25324547717797685, -30.85250111263871275 ) ) ;
#1002 = CARTESIAN_POINT ( 'NONE',  ( -41.74730114936043890, 13.48762047615378279, -28.21708444665484095 ) ) ;
#1003 = ORIENTED_EDGE ( 'NONE', *, *, #1175, .F. ) ;
#1004 =( BOUNDED_CURVE ( )  B_SPLINE_CURVE ( 2, ( #3046, #1006, #197, #1529, #1560, #990, #508 ),
 .UNSPECIFIED., .F., .F. ) 
 B_SPLINE_CURVE_WITH_KNOTS ( ( 3, 2, 2, 3 ),
 ( 0.6176470588235291048, 0.6274509803921565210, 0.6372549019607840481, 0.6470588235294115753 ),
 .UNSPECIFIED. ) 
 CURVE ( )  GEOMETRIC_REPRESENTATION_ITEM ( )  RATIONAL_B_SPLINE_CURVE ( ( 1.000000000000004441, 0.8660254037844341557, 1.000000000000000000, 0.8660254037844387076, 1.000000000000000000, 0.8660254037844417052, 0.9999999999999970024 ) ) 
 REPRESENTATION_ITEM ( '' )  );
#1005 = CARTESIAN_POINT ( 'NONE',  ( -40.24730114936043890, 16.08569668750710235, -26.46708444665484450 ) ) ;
#1006 = CARTESIAN_POINT ( 'NONE',  ( -39.49730114936041048, 13.92063317804602107, -29.09208444665484095 ) ) ;
#1007 = CARTESIAN_POINT ( 'NONE',  ( -41.74730114936043890, 13.48762047615378279, -28.21708444665484095 ) ) ;
#1008 = CARTESIAN_POINT ( 'NONE',  ( -42.76793408686044273, 14.78665858183044257, -31.95666777930537705 ) ) ;
#1009 = CARTESIAN_POINT ( 'NONE',  ( -39.22666821186044217, 13.76438317872879935, -30.81083444597204490 ) ) ;
#1010 = DIRECTION ( 'NONE',  ( -0.7071067811865651143, 8.659560562355149795E-17, 0.7071067811865298092 ) ) ;
#1011 = CONICAL_SURFACE ( 'NONE', #1278, 1.369999999999989226, 0.7853981633974732590 ) ;
#1012 = CARTESIAN_POINT ( 'NONE',  ( -42.49730114936046022, 15.65268398561487118, -30.21708444528924531 ) ) ;
#1013 = CARTESIAN_POINT ( 'NONE',  ( -42.76793408686044273, 14.78665858183044257, -31.95666777930537705 ) ) ;
#1014 = CARTESIAN_POINT ( 'NONE',  ( -39.49730114936044600, 13.92063317804600331, -26.46708444528924886 ) ) ;
#1015 = CARTESIAN_POINT ( 'NONE',  ( -40.99730114936044600, 12.74210777562715435, -30.83166777930538061 ) ) ;
#1016 = CARTESIAN_POINT ( 'NONE',  ( -40.99730114936044600, 16.83120938803373079, -28.58166777930538061 ) ) ;
#1017 = CARTESIAN_POINT ( 'NONE',  ( -41.88261761811044437, 16.32007168648290829, -31.10250111263871275 ) ) ;
#1018 = EDGE_CURVE ( 'NONE', #1072, #2697, #2409, .T. ) ;
#1019 = CARTESIAN_POINT ( 'NONE',  ( -40.14631641129787454, 13.40263567725143368, -32.20041777998822141 ) ) ;
#1020 = VERTEX_POINT ( 'NONE', #716 ) ;
#1021 = DIRECTION ( 'NONE',  ( -1.000000000000000000, 0.000000000000000000, 0.000000000000000000 ) ) ;
#1022 = CARTESIAN_POINT ( 'NONE',  ( -39.49730114936044600, 13.92063317804600331, -27.59208444665484095 ) ) ;
#1023 = CARTESIAN_POINT ( 'NONE',  ( -39.27128040608425863, 14.62766937807486478, -24.80041777998816599 ) ) ;
#1024 =( BOUNDED_CURVE ( )  B_SPLINE_CURVE ( 2, ( #2214, #2981, #409, #2431, #117, #1704, #1409 ),
 .UNSPECIFIED., .F., .T. ) 
 B_SPLINE_CURVE_WITH_KNOTS ( ( 3, 2, 2, 3 ),
 ( 0.4411764705882352811, 0.4509803921568627527, 0.4607843137254901689, 0.4705882352941176405 ),
 .UNSPECIFIED. ) 
 CURVE ( )  GEOMETRIC_REPRESENTATION_ITEM ( )  RATIONAL_B_SPLINE_CURVE ( ( 1.000000000000000000, 0.8660254037844387076, 1.000000000000000000, 0.8660254037844387076, 1.000000000000000000, 0.8660254037844387076, 1.000000000000000000 ) ) 
 REPRESENTATION_ITEM ( '' )  );
#1025 = CARTESIAN_POINT ( 'NONE',  ( -41.96952027546880970, 13.47142231027243042, -24.80041777998817665 ) ) ;
#1026 = CARTESIAN_POINT ( 'NONE',  ( -41.88261761811044437, 13.25324547717797685, -30.43583444597204490 ) ) ;
#1027 = FACE_OUTER_BOUND ( 'NONE', #518, .T. ) ;
#1028 = CARTESIAN_POINT ( 'NONE',  ( -39.49730114936043890, 14.78665858183044257, -25.55041777998817665 ) ) ;
#1029 = CARTESIAN_POINT ( 'NONE',  ( -39.22666821186044217, 15.80893398493208757, -31.66500111263870920 ) ) ;
#1030 = CARTESIAN_POINT ( 'NONE',  ( -39.49730114936043890, 14.78665858183044257, -26.42541777862258101 ) ) ;
#1031 = CARTESIAN_POINT ( 'NONE',  ( -41.88261761811044437, 16.32007168648290829, -30.54000111263871275 ) ) ;
#1032 = CARTESIAN_POINT ( 'NONE',  ( -40.99730114936044600, 12.74210777562715435, -28.83166777930537705 ) ) ;
#1033 = CARTESIAN_POINT ( 'NONE',  ( -39.22666821186044217, 13.76438317872879935, -30.81083444597204490 ) ) ;
#1034 = CARTESIAN_POINT ( 'NONE',  ( -42.76793408686044273, 13.76438317872879757, -24.91500111263871275 ) ) ;
#1035 = ORIENTED_EDGE ( 'NONE', *, *, #2161, .F. ) ;
#1036 = DIRECTION ( 'NONE',  ( 0.000000000000000000, 0.000000000000000000, 1.000000000000000000 ) ) ;
#1037 = CARTESIAN_POINT ( 'NONE',  ( -41.74730114936043890, 16.08569668750710235, -28.88375111332150880 ) ) ;
#1038 = CARTESIAN_POINT ( 'NONE',  ( -40.86181933415051049, 16.29969532097140217, -24.80041777998817309 ) ) ;
#1039 = CARTESIAN_POINT ( 'NONE',  ( -40.99730114936043890, 16.83120938803373079, -32.08166777930537705 ) ) ;
#1040 = CARTESIAN_POINT ( 'NONE',  ( -42.76793408686044273, 13.76438317872879757, -30.97750111263871275 ) ) ;
#1041 = CARTESIAN_POINT ( 'NONE',  ( -42.49730114936043890, 14.78665858183044257, -29.80041777998817309 ) ) ;
#1042 = EDGE_CURVE ( 'NONE', #165, #1286, #575, .T. ) ;
#1043 = DIRECTION ( 'NONE',  ( -0.000000000000000000, -0.000000000000000000, -1.000000000000000000 ) ) ;
#1044 = CARTESIAN_POINT ( 'NONE',  ( -39.22666821186043506, 14.78665858183044257, -27.26916777930537705 ) ) ;
#1045 = CARTESIAN_POINT ( 'NONE',  ( -40.24730114936043890, 13.48762047615378279, -29.63375111332150880 ) ) ;
#1046 = ORIENTED_EDGE ( 'NONE', *, *, #403, .T. ) ;
#1047 = CARTESIAN_POINT ( 'NONE',  ( -42.49730114936043890, 14.78665858183044257, -26.17541777862258101 ) ) ;
#1048 = CARTESIAN_POINT ( 'NONE',  ( -42.76793408686044273, 15.80893398493208757, -26.06083444597204135 ) ) ;
#1049 = CARTESIAN_POINT ( 'NONE',  ( -41.88261761811044437, 13.25324547717797685, -28.37333444597204490 ) ) ;
#1050 = CARTESIAN_POINT ( 'NONE',  ( -41.88261761811044437, 16.32007168648290829, -29.60250111263870920 ) ) ;
#1051 = CARTESIAN_POINT ( 'NONE',  ( -42.76793408686044273, 15.80893398493208757, -24.99833444597204490 ) ) ;
#1052 = ORIENTED_EDGE ( 'NONE', *, *, #1247, .F. ) ;
#1053 =( NAMED_UNIT ( * ) SI_UNIT ( $, .STERADIAN. ) SOLID_ANGLE_UNIT ( ) );
#1054 = CARTESIAN_POINT ( 'NONE',  ( -41.74730114936043890, 16.08569668750710235, -29.88375111332150880 ) ) ;
#1055 = ORIENTED_EDGE ( 'NONE', *, *, #711, .T. ) ;
#1056 = PRESENTATION_STYLE_ASSIGNMENT (( #1130 ) ) ;
#1057 = CARTESIAN_POINT ( 'NONE',  ( -39.22666821186043506, 14.78665858183044257, -29.76916777930537705 ) ) ;
#1058 = DIRECTION ( 'NONE',  ( -0.000000000000000000, -0.000000000000000000, -1.000000000000000000 ) ) ;
#1059 = CARTESIAN_POINT ( 'NONE',  ( -42.49730114936043179, 13.92063317804599620, -31.13375111195591316 ) ) ;
#1060 = CARTESIAN_POINT ( 'NONE',  ( -41.88261761811044437, 13.25324547717797685, -26.93583444597204135 ) ) ;
#1061 = CARTESIAN_POINT ( 'NONE',  ( -41.88261761811044437, 13.25324547717797685, -28.37333444597204490 ) ) ;
#1062 = EDGE_CURVE ( 'NONE', #226, #580, #581, .T. ) ;
#1063 = CARTESIAN_POINT ( 'NONE',  ( -41.74730114936043890, 13.48762047615378279, -26.59208444528924886 ) ) ;
#1064 = DIRECTION ( 'NONE',  ( 0.000000000000000000, 0.000000000000000000, -1.000000000000000000 ) ) ;
#1065 = AXIS2_PLACEMENT_3D ( 'NONE', #2459, #2923, #1933 ) ;
#1066 = EDGE_LOOP ( 'NONE', ( #242, #9, #144, #102 ) ) ;
#1067 = CARTESIAN_POINT ( 'NONE',  ( -39.49730114936043890, 14.78665858183044257, -29.92541777862257746 ) ) ;
#1068 = CARTESIAN_POINT ( 'NONE',  ( -41.88261761811044437, 16.32007168648290829, -25.10250111263870920 ) ) ;
#1069 = CARTESIAN_POINT ( 'NONE',  ( -42.76793408686044273, 13.76438317872879757, -28.91500111263871275 ) ) ;
#1070 = CARTESIAN_POINT ( 'NONE',  ( -40.24730114936043890, 16.08569668750710235, -25.34208444528924886 ) ) ;
#1071 = CARTESIAN_POINT ( 'NONE',  ( -39.22666821186044217, 15.80893398493208757, -24.16500111263871275 ) ) ;
#1072 = VERTEX_POINT ( 'NONE', #2563 ) ;
#1073 = CARTESIAN_POINT ( 'NONE',  ( -40.99730114936044600, 16.51870938939932287, -29.92541777998817309 ) ) ;
#1074 = CARTESIAN_POINT ( 'NONE',  ( -40.11198468061044053, 16.32007168648291184, -25.68583444597204490 ) ) ;
#1075 = DIRECTION ( 'NONE',  ( -0.000000000000000000, -0.000000000000000000, -1.000000000000000000 ) ) ;
#1076 = CARTESIAN_POINT ( 'NONE',  ( -42.49730114936042469, 15.65268398561488894, -25.34208444665484095 ) ) ;
#1077 = CARTESIAN_POINT ( 'NONE',  ( -40.24730114936043890, 13.48762047615378279, -26.13375111332150880 ) ) ;
#1078 = CARTESIAN_POINT ( 'NONE',  ( -41.74730114936043890, 13.48762047615378279, -31.71708444665484450 ) ) ;
#1079 = CARTESIAN_POINT ( 'NONE',  ( -40.99730114936043890, 16.83120938803373079, -28.14416777930537705 ) ) ;
#1080 = CARTESIAN_POINT ( 'NONE',  ( -39.22666821186044217, 13.76438317872879935, -29.24833444597204135 ) ) ;
#1081 = MECHANICAL_DESIGN_GEOMETRIC_PRESENTATION_REPRESENTATION (  '', ( #918 ), #315 ) ;
#1082 = CARTESIAN_POINT ( 'NONE',  ( -40.99730114936081549, 14.78665858182955972, -40.80041777998818020 ) ) ;
#1083 = CARTESIAN_POINT ( 'NONE',  ( -41.88261761811044437, 16.32007168648290829, -31.54000111263870920 ) ) ;
#1084 = ADVANCED_FACE ( 'NONE', ( #210 ), #2823, .T. ) ;
#1085 = ORIENTED_EDGE ( 'NONE', *, *, #1937, .F. ) ;
#1086 = CARTESIAN_POINT ( 'NONE',  ( -39.49730114936043890, 14.78665858183044257, -30.92541777862258101 ) ) ;
#1087 = CARTESIAN_POINT ( 'NONE',  ( -42.76793408686044273, 14.78665858183044257, -26.01916777930538061 ) ) ;
#1088 = ADVANCED_FACE ( 'NONE', ( #731 ), #1769, .T. ) ;
#1089 = CARTESIAN_POINT ( 'NONE',  ( -39.22666821186043506, 14.78665858183044257, -28.70666777930538061 ) ) ;
#1090 = CARTESIAN_POINT ( 'NONE',  ( -40.99730114936044600, 13.05460777426156582, -25.05041777862258101 ) ) ;
#1091 = CARTESIAN_POINT ( 'NONE',  ( -41.74730114936043890, 13.48762047615378279, -27.59208444528924531 ) ) ;
#1092 = ORIENTED_EDGE ( 'NONE', *, *, #1042, .T. ) ;
#1093 = CARTESIAN_POINT ( 'NONE',  ( -40.99730114936044600, 13.05460777426156582, -30.17541777998817665 ) ) ;
#1094 = CARTESIAN_POINT ( 'NONE',  ( -41.88261761811044437, 16.32007168648290829, -26.10250111263871275 ) ) ;
#1095 = DIRECTION ( 'NONE',  ( -0.000000000000000000, -0.000000000000000000, -1.000000000000000000 ) ) ;
#1096 = CARTESIAN_POINT ( 'NONE',  ( -42.49730114936043890, 14.78665858183044257, -29.17541777862258101 ) ) ;
#1097 = CARTESIAN_POINT ( 'NONE',  ( -40.99730114936043890, 16.51870938939932287, -29.80041777862257746 ) ) ;
#1098 = CARTESIAN_POINT ( 'NONE',  ( -39.52730114936043293, 14.78665858183044257, -32.80041777998817309 ) ) ;
#1099 = CARTESIAN_POINT ( 'NONE',  ( -42.76793408686044273, 14.78665858183044257, -28.01916777930537705 ) ) ;
#1100 = CARTESIAN_POINT ( 'NONE',  ( -39.22666821186043506, 14.78665858183044257, -29.70666777930537705 ) ) ;
#1101 = AXIS2_PLACEMENT_3D ( 'NONE', #266, #3111, #30 ) ;
#1102 = CARTESIAN_POINT ( 'NONE',  ( -42.49730114936043890, 14.78665858183044257, -31.30041777998817665 ) ) ;
#1103 = DIRECTION ( 'NONE',  ( -0.000000000000000000, -0.000000000000000000, -1.000000000000000000 ) ) ;
#1104 = ORIENTED_EDGE ( 'NONE', *, *, #238, .F. ) ;
#1105 = CARTESIAN_POINT ( 'NONE',  ( -40.99730114936044600, 13.05460777426156582, -29.05041777862258456 ) ) ;
#1106 = CARTESIAN_POINT ( 'NONE',  ( -42.76793408686044273, 15.80893398493208757, -30.99833444597204846 ) ) ;
#1107 = CARTESIAN_POINT ( 'NONE',  ( -39.22666821186044217, 15.80893398493208757, -31.72750111263870565 ) ) ;
#1108 = FACE_OUTER_BOUND ( 'NONE', #353, .T. ) ;
#1109 = VERTEX_POINT ( 'NONE', #1785 ) ;
#1110 = EDGE_CURVE ( 'NONE', #186, #1072, #1239, .T. ) ;
#1111 = CARTESIAN_POINT ( 'NONE',  ( -41.74730114936043890, 13.48762047615378279, -31.21708444665484095 ) ) ;
#1112 = CARTESIAN_POINT ( 'NONE',  ( -42.76793408686044273, 14.78665858183044257, -26.01916777930538061 ) ) ;
#1113 =( NAMED_UNIT ( * ) SI_UNIT ( $, .STERADIAN. ) SOLID_ANGLE_UNIT ( ) );
#1114 = CARTESIAN_POINT ( 'NONE',  ( -40.24730114936043890, 16.08569668750710235, -26.96708444665484095 ) ) ;
#1115 = CARTESIAN_POINT ( 'NONE',  ( -38.82230114936081833, 14.78665858182955972, -40.80041777998818020 ) ) ;
#1116 = DIRECTION ( 'NONE',  ( -0.000000000000000000, -0.000000000000000000, -1.000000000000000000 ) ) ;
#1117 = CARTESIAN_POINT ( 'NONE',  ( -42.76793408686044273, 15.80893398493208757, -28.56083444597204490 ) ) ;
#1118 = CARTESIAN_POINT ( 'NONE',  ( -42.76793408686044273, 15.80893398493208757, -28.99833444597204846 ) ) ;
#1119 = CARTESIAN_POINT ( 'NONE',  ( -42.76793408686044273, 14.78665858183044257, -32.01916777930537705 ) ) ;
#1120 =( BOUNDED_CURVE ( )  B_SPLINE_CURVE ( 2, ( #3119, #3067, #1045, #2586, #1264, #1550, #755 ),
 .UNSPECIFIED., .F., .F. ) 
 B_SPLINE_CURVE_WITH_KNOTS ( ( 3, 2, 2, 3 ),
 ( 0.6764705882352939348, 0.6862745098039213509, 0.6960784313725487671, 0.7058823529411762943 ),
 .UNSPECIFIED. ) 
 CURVE ( )  GEOMETRIC_REPRESENTATION_ITEM ( )  RATIONAL_B_SPLINE_CURVE ( ( 1.000000000000003109, 0.8660254037844357100, 1.000000000000000000, 0.8660254037844387076, 1.000000000000000000, 0.8660254037844417052, 0.9999999999999970024 ) ) 
 REPRESENTATION_ITEM ( '' )  );
#1121 = CARTESIAN_POINT ( 'NONE',  ( -39.49730114936043890, 14.78665858183044257, -25.92541777862258101 ) ) ;
#1122 = VERTEX_POINT ( 'NONE', #1815 ) ;
#1123 = CARTESIAN_POINT ( 'NONE',  ( -42.49730114936043890, 13.92063317804600331, -30.13375111195590961 ) ) ;
#1124 = CARTESIAN_POINT ( 'NONE',  ( -42.76793408686044273, 14.78665858183044257, -31.51916777930537705 ) ) ;
#1125 = CARTESIAN_POINT ( 'NONE',  ( -42.76793408686044273, 13.76438317872879757, -26.41500111263870920 ) ) ;
#1126 = ORIENTED_EDGE ( 'NONE', *, *, #1555, .T. ) ;
#1127 = CARTESIAN_POINT ( 'NONE',  ( -40.24730114936043890, 13.48762047615378279, -31.63375111332150524 ) ) ;
#1128 = ADVANCED_FACE ( 'NONE', ( #1108 ), #2138, .T. ) ;
#1129 = CARTESIAN_POINT ( 'NONE',  ( -41.88261761811044437, 16.32007168648290829, -24.60250111263870920 ) ) ;
#1130 = SURFACE_STYLE_USAGE ( .BOTH. , #2882 ) ;
#1131 = ORIENTED_EDGE ( 'NONE', *, *, #860, .F. ) ;
#1132 = VECTOR ( 'NONE', #1987, 1000.000000000000000 ) ;
#1133 = DIRECTION ( 'NONE',  ( -0.000000000000000000, -0.000000000000000000, -1.000000000000000000 ) ) ;
#1134 = LINE ( 'NONE', #2381, #1242 ) ;
#1135 = CARTESIAN_POINT ( 'NONE',  ( -41.74730114936043890, 16.08569668750710235, -25.88375111332150880 ) ) ;
#1136 = CARTESIAN_POINT ( 'NONE',  ( -41.88261761811044437, 13.25324547717797685, -31.43583444597204846 ) ) ;
#1137 = CARTESIAN_POINT ( 'NONE',  ( -40.11198468061044053, 13.25324547717797685, -27.79000111263871275 ) ) ;
#1138 = DIRECTION ( 'NONE',  ( 0.000000000000000000, 0.000000000000000000, 1.000000000000000000 ) ) ;
#1139 = DIRECTION ( 'NONE',  ( -0.000000000000000000, -0.000000000000000000, -1.000000000000000000 ) ) ;
#1140 = CARTESIAN_POINT ( 'NONE',  ( -40.24730114936043890, 13.48762047615378279, -32.00875111195590961 ) ) ;
#1141 =( BOUNDED_CURVE ( )  B_SPLINE_CURVE ( 2, ( #588, #2415, #2686, #1097, #1861, #87, #2917 ),
 .UNSPECIFIED., .F., .T. ) 
 B_SPLINE_CURVE_WITH_KNOTS ( ( 3, 2, 2, 3 ),
 ( 0.6470588235294115753, 0.6568627450980389915, 0.6666666666666664076, 0.6764705882352939348 ),
 .UNSPECIFIED. ) 
 CURVE ( )  GEOMETRIC_REPRESENTATION_ITEM ( )  RATIONAL_B_SPLINE_CURVE ( ( 1.000000000000003109, 0.8660254037844357100, 1.000000000000000000, 0.8660254037844387076, 1.000000000000000000, 0.8660254037844417052, 0.9999999999999970024 ) ) 
 REPRESENTATION_ITEM ( '' )  );
#1142 = CARTESIAN_POINT ( 'NONE',  ( -41.88261761811044437, 16.32007168648290829, -31.60250111263870920 ) ) ;
#1143 = CARTESIAN_POINT ( 'NONE',  ( -40.11198468061044053, 13.25324547717797685, -26.29000111263871275 ) ) ;
#1144 = ORIENTED_EDGE ( 'NONE', *, *, #2054, .F. ) ;
#1145 = CARTESIAN_POINT ( 'NONE',  ( -42.49730114936043890, 14.78665858183044257, -31.67541777862258101 ) ) ;
#1146 = CARTESIAN_POINT ( 'NONE',  ( -42.76793408686044273, 14.78665858183044257, -24.95666777930538061 ) ) ;
#1147 = CARTESIAN_POINT ( 'NONE',  ( -42.76793408686044273, 15.80893398493208757, -24.56083444597204846 ) ) ;
#1148 = CARTESIAN_POINT ( 'NONE',  ( -42.49730114936043890, 15.03045250898165541, -32.18714731941153673 ) ) ;
#1149 = ORIENTED_EDGE ( 'NONE', *, *, #2287, .F. ) ;
#1150 = CARTESIAN_POINT ( 'NONE',  ( -41.44730114936036358, 13.35574977970500044, -32.20041777998817167 ) ) ;
#1151 = CARTESIAN_POINT ( 'NONE',  ( -40.99730114936044600, 16.51870938939932287, -25.42541777998817665 ) ) ;
#1152 = CARTESIAN_POINT ( 'NONE',  ( -40.11198468061044053, 16.32007168648291184, -31.18583444597204490 ) ) ;
#1153 = CARTESIAN_POINT ( 'NONE',  ( -40.11198468061044053, 13.25324547717797685, -28.79000111263871275 ) ) ;
#1154 = CARTESIAN_POINT ( 'NONE',  ( -40.99730114936044600, 16.83120938803373079, -25.64416777930537705 ) ) ;
#1155 = CARTESIAN_POINT ( 'NONE',  ( -39.22666821186043506, 15.80893398493208757, -25.66500111263870920 ) ) ;
#1156 = ADVANCED_FACE ( 'NONE', ( #1558 ), #1825, .F. ) ;
#1157 = CYLINDRICAL_SURFACE ( 'NONE', #82, 1.500000000000001332 ) ;
#1158 = ORIENTED_EDGE ( 'NONE', *, *, #355, .T. ) ;
#1159 = CARTESIAN_POINT ( 'NONE',  ( -42.49730114936043890, 14.78665858183044257, -24.80041777998817665 ) ) ;
#1160 = CARTESIAN_POINT ( 'NONE',  ( -39.22666821186044217, 15.80893398493208757, -26.66500111263871275 ) ) ;
#1161 = VERTEX_POINT ( 'NONE', #3133 ) ;
#1162 = CARTESIAN_POINT ( 'NONE',  ( -39.49730114936041758, 15.65268398561487118, -25.88375111195591671 ) ) ;
#1163 = CARTESIAN_POINT ( 'NONE',  ( -42.76793408686044273, 15.80893398493208757, -24.99833444597204490 ) ) ;
#1164 = CARTESIAN_POINT ( 'NONE',  ( -39.22666821186043506, 14.78665858183044257, -27.26916777930537705 ) ) ;
#1165 = CARTESIAN_POINT ( 'NONE',  ( -39.49730114936043890, 15.65268398561488361, -28.00875111332150880 ) ) ;
#1166 = EDGE_LOOP ( 'NONE', ( #2413, #2931, #636, #338 ) ) ;
#1167 = CARTESIAN_POINT ( 'NONE',  ( -42.49730114936043890, 15.65268398561487473, -27.21708444528924886 ) ) ;
#1168 = CARTESIAN_POINT ( 'NONE',  ( -40.99730114936044600, 16.51870938939932287, -24.92541777998817665 ) ) ;
#1169 = CARTESIAN_POINT ( 'NONE',  ( -40.99730114936043890, 12.74210777562715613, -29.89416777930537705 ) ) ;
#1170 = CARTESIAN_POINT ( 'NONE',  ( -40.99730114936043890, 12.74210777562715613, -29.83166777930537350 ) ) ;
#1171 = CARTESIAN_POINT ( 'NONE',  ( -42.76793408686044273, 14.78665858183044257, -25.01916777930538061 ) ) ;
#1172 = LINE ( 'NONE', #1187, #1858 ) ;
#1173 = DIRECTION ( 'NONE',  ( -0.000000000000000000, -0.000000000000000000, -1.000000000000000000 ) ) ;
#1175 = EDGE_CURVE ( 'NONE', #2260, #2476, #2050, .T. ) ;
#1174 = CARTESIAN_POINT ( 'NONE',  ( -42.49730114936043890, 15.65268398561488361, -32.21708444528923820 ) ) ;
#1176 = ORIENTED_EDGE ( 'NONE', *, *, #1225, .F. ) ;
#1177 = CARTESIAN_POINT ( 'NONE',  ( -40.99730114936043890, 14.78665858183044257, -24.80041777998817665 ) ) ;
#1178 = CARTESIAN_POINT ( 'NONE',  ( -39.22666821186044217, 15.80893398493208757, -24.16500111263871275 ) ) ;
#1179 = CARTESIAN_POINT ( 'NONE',  ( -39.22666821186044217, 13.76438317872879935, -26.31083444597204490 ) ) ;
#1180 = EDGE_LOOP ( 'NONE', ( #3222, #3110 ) ) ;
#1181 = CARTESIAN_POINT ( 'NONE',  ( -41.74730114936043890, 16.08569668750710235, -31.38375111332150524 ) ) ;
#1182 = CARTESIAN_POINT ( 'NONE',  ( -42.46730114936090672, 14.78665858183045323, -41.90041777998817452 ) ) ;
#1183 = CARTESIAN_POINT ( 'NONE',  ( -40.99730114936044600, 13.05460777426156582, -25.17541777998817309 ) ) ;
#1184 = CARTESIAN_POINT ( 'NONE',  ( -40.99730114936043890, 16.83120938803373079, -30.64416777930537705 ) ) ;
#1185 = CARTESIAN_POINT ( 'NONE',  ( -41.88261761811044437, 16.32007168648290829, -29.04000111263870920 ) ) ;
#1186 = CARTESIAN_POINT ( 'NONE',  ( -39.22666821186043506, 14.78665858183044257, -28.26916777930537705 ) ) ;
#1187 = CARTESIAN_POINT ( 'NONE',  ( -39.49730114936043890, 14.78665858183044257, -24.80041777998817665 ) ) ;
#1188 = CARTESIAN_POINT ( 'NONE',  ( -42.49730114936043890, 14.78665858183044257, -27.80041777998817665 ) ) ;
#1189 = CARTESIAN_POINT ( 'NONE',  ( -40.99730114936043890, 14.78665858183044257, -24.80041777998817665 ) ) ;
#1190 = ADVANCED_FACE ( 'NONE', ( #342 ), #68, .T. ) ;
#1191 = APPLICATION_CONTEXT ( 'automotive_design' ) ;
#1192 = CARTESIAN_POINT ( 'NONE',  ( -39.49730114936043179, 15.65268398561487473, -28.88375111195592027 ) ) ;
#1193 = PRESENTATION_LAYER_ASSIGNMENT (  '', '', ( #918 ) ) ;
#1194 = CARTESIAN_POINT ( 'NONE',  ( -42.76793408686044273, 14.78665858183044257, -27.45666777930537705 ) ) ;
#1195 = CARTESIAN_POINT ( 'NONE',  ( -40.99730114936044600, 16.83120938803373079, -28.14416777930537705 ) ) ;
#1196 = VERTEX_POINT ( 'NONE', #1673 ) ;
#1197 = CARTESIAN_POINT ( 'NONE',  ( -42.49730114936043890, 14.78665858183044257, -30.17541777862257746 ) ) ;
#1198 = DIRECTION ( 'NONE',  ( -0.000000000000000000, -0.000000000000000000, 1.000000000000000000 ) ) ;
#1199 = CARTESIAN_POINT ( 'NONE',  ( -40.99730114936044600, 16.51870938939932287, -24.42541777998817309 ) ) ;
#1200 = CARTESIAN_POINT ( 'NONE',  ( -39.22666821186043506, 14.78665858183044257, -30.76916777930537705 ) ) ;
#1201 = CARTESIAN_POINT ( 'NONE',  ( -42.76793408686044273, 14.78665858183044257, -29.95666777930537705 ) ) ;
#1202 = CARTESIAN_POINT ( 'NONE',  ( -42.76793408686044273, 13.76438317872879757, -27.97750111263871631 ) ) ;
#1203 = CARTESIAN_POINT ( 'NONE',  ( -41.94843730154615002, 16.06325244163881294, -32.20041777998817167 ) ) ;
#1204 = CARTESIAN_POINT ( 'NONE',  ( -41.74730114936043890, 13.48762047615378279, -32.09208444528924531 ) ) ;
#1205 = CARTESIAN_POINT ( 'NONE',  ( -39.83485872479243284, 16.12227402383624053, -32.20041777998816457 ) ) ;
#1206 = CARTESIAN_POINT ( 'NONE',  ( -42.76793408686044273, 15.80893398493208757, -26.49833444597204490 ) ) ;
#1207 = CARTESIAN_POINT ( 'NONE',  ( -39.22666821186044217, 15.80893398493208757, -28.72750111263871631 ) ) ;
#1208 = EDGE_CURVE ( 'NONE', #1835, #1109, #924, .T. ) ;
#1209 = CARTESIAN_POINT ( 'NONE',  ( -42.49730114936042469, 15.65268398561489605, -26.21708444528925241 ) ) ;
#1210 = ORIENTED_EDGE ( 'NONE', *, *, #1918, .F. ) ;
#1211 = DIRECTION ( 'NONE',  ( 1.000000000000000000, 0.000000000000000000, 0.000000000000000000 ) ) ;
#1212 = CARTESIAN_POINT ( 'NONE',  ( -39.49730114936046022, 13.92063317804599620, -25.46708444528924886 ) ) ;
#1213 = CARTESIAN_POINT ( 'NONE',  ( -39.49730114936044600, 13.92063317804600331, -26.59208444665484095 ) ) ;
#1214 = CARTESIAN_POINT ( 'NONE',  ( -40.99730114936043890, 16.83120938803373079, -30.08166777930537705 ) ) ;
#1215 = CARTESIAN_POINT ( 'NONE',  ( -42.76793408686044273, 15.80893398493208757, -29.06083444597204135 ) ) ;
#1216 = VERTEX_POINT ( 'NONE', #2948 ) ;
#1217 = CARTESIAN_POINT ( 'NONE',  ( -41.74730114936043890, 16.08569668750710235, -30.25875111195591316 ) ) ;
#1218 = CARTESIAN_POINT ( 'NONE',  ( -40.11198468061044053, 16.32007168648291184, -24.18583444597204490 ) ) ;
#1219 = CARTESIAN_POINT ( 'NONE',  ( -40.11198468061044053, 13.25324547717797685, -27.79000111263871275 ) ) ;
#1220 = CARTESIAN_POINT ( 'NONE',  ( -40.11198468061044053, 13.25324547717797685, -27.85250111263871275 ) ) ;
#1221 = CARTESIAN_POINT ( 'NONE',  ( -39.71420124834771315, 13.71993856075413198, -32.20041777998817167 ) ) ;
#1222 = VERTEX_POINT ( 'NONE', #2380 ) ;
#1223 = CARTESIAN_POINT ( 'NONE',  ( -39.49730114936042469, 13.92063317804601397, -29.96708444528924176 ) ) ;
#1224 = CARTESIAN_POINT ( 'NONE',  ( -42.49730114936043890, 14.78665858183044257, -25.67541777862258101 ) ) ;
#1225 = EDGE_CURVE ( 'NONE', #1020, #3121, #1611, .T. ) ;
#1226 = CARTESIAN_POINT ( 'NONE',  ( -40.99730114936044600, 16.51870938939932287, -27.92541777998817665 ) ) ;
#1227 = VECTOR ( 'NONE', #1139, 1000.000000000000000 ) ;
#1228 = CARTESIAN_POINT ( 'NONE',  ( -40.11198468061044053, 16.32007168648291184, -31.12333444597204490 ) ) ;
#1229 = CARTESIAN_POINT ( 'NONE',  ( -42.76793408686044273, 14.78665858183044257, -28.51916777930537705 ) ) ;
#1230 = CARTESIAN_POINT ( 'NONE',  ( -42.49730114936043890, 13.92063317804601219, -25.25875111332151235 ) ) ;
#1231 = CARTESIAN_POINT ( 'NONE',  ( -39.49730114936043179, 13.92063317804601041, -26.96708444528924886 ) ) ;
#1232 = CARTESIAN_POINT ( 'NONE',  ( -39.22666821186043506, 13.76438317872879935, -26.74833444597204490 ) ) ;
#1233 = CARTESIAN_POINT ( 'NONE',  ( -41.74730114936043890, 13.48762047615378279, -26.59208444528924886 ) ) ;
#1234 = CARTESIAN_POINT ( 'NONE',  ( -40.11198468061044053, 13.25324547717797685, -31.29000111263870920 ) ) ;
#1235 = CARTESIAN_POINT ( 'NONE',  ( -40.99730114936044600, 12.74210777562715435, -26.33166777930538061 ) ) ;
#1236 = CARTESIAN_POINT ( 'NONE',  ( -42.76793408686044273, 15.80893398493208757, -30.56083444597204490 ) ) ;
#1237 = CARTESIAN_POINT ( 'NONE',  ( -39.49730114936043890, 14.78665858183044257, -26.42541777862258101 ) ) ;
#1238 = EDGE_LOOP ( 'NONE', ( #118, #429, #113 ) ) ;
#1239 =( BOUNDED_CURVE ( )  B_SPLINE_CURVE ( 2, ( #6, #3341, #523, #1336, #1091, #2878, #2858 ),
 .UNSPECIFIED., .F., .T. ) 
 B_SPLINE_CURVE_WITH_KNOTS ( ( 3, 2, 2, 3 ),
 ( 0.3823529411764705066, 0.3921568627450979783, 0.4019607843137254499, 0.4117647058823528661 ),
 .UNSPECIFIED. ) 
 CURVE ( )  GEOMETRIC_REPRESENTATION_ITEM ( )  RATIONAL_B_SPLINE_CURVE ( ( 1.000000000000000666, 0.8660254037844378194, 1.000000000000000000, 0.8660254037844387076, 1.000000000000000000, 0.8660254037844394848, 0.9999999999999992228 ) ) 
 REPRESENTATION_ITEM ( '' )  );
#1240 = CARTESIAN_POINT ( 'NONE',  ( -42.49730114936043890, 15.65268398561487473, -31.21708444528924886 ) ) ;
#1241 = CARTESIAN_POINT ( 'NONE',  ( -40.99730114936044600, 16.51870938939932287, -26.92541777998817665 ) ) ;
#1242 = VECTOR ( 'NONE', #2884, 1000.000000000000000 ) ;
#1243 = CARTESIAN_POINT ( 'NONE',  ( -39.23300630440148495, 14.93634057610880106, -32.20041777998817878 ) ) ;
#1244 = CARTESIAN_POINT ( 'NONE',  ( -40.11198468061044053, 16.32007168648291184, -28.68583444597204490 ) ) ;
#1245 = CARTESIAN_POINT ( 'NONE',  ( -41.48999942367029803, 16.34577454374633376, -32.20041777998817167 ) ) ;
#1246 = CARTESIAN_POINT ( 'NONE',  ( -40.11198468061044053, 13.25324547717797685, -24.85250111263870920 ) ) ;
#1247 = EDGE_CURVE ( 'NONE', #2753, #2084, #304, .T. ) ;
#1248 = CARTESIAN_POINT ( 'NONE',  ( -41.88261761811044437, 16.32007168648290829, -26.04000111263871275 ) ) ;
#1249 = CARTESIAN_POINT ( 'NONE',  ( -42.49730114936043890, 15.65268398561488361, -26.71708444528924531 ) ) ;
#1250 = CARTESIAN_POINT ( 'NONE',  ( -40.11198468061044053, 16.32007168648291184, -30.62333444597204490 ) ) ;
#1251 = CARTESIAN_POINT ( 'NONE',  ( -40.11198468061044053, 13.25324547717797685, -26.29000111263871275 ) ) ;
#1252 = CARTESIAN_POINT ( 'NONE',  ( -40.11198468061044053, 13.25324547717797685, -30.35250111263871275 ) ) ;
#1253 = CARTESIAN_POINT ( 'NONE',  ( -39.49730114936043179, 13.92063317804601041, -30.59208444665484095 ) ) ;
#1254 = VECTOR ( 'NONE', #710, 1000.000000000000000 ) ;
#1255 = ORIENTED_EDGE ( 'NONE', *, *, #3082, .T. ) ;
#1256 = CARTESIAN_POINT ( 'NONE',  ( -39.49730114936043890, 14.78665858183044257, -31.42541777862258101 ) ) ;
#1257 = SURFACE_SIDE_STYLE ('',( #3312 ) ) ;
#1258 = CARTESIAN_POINT ( 'NONE',  ( -42.49730114936043890, 13.92063317804600331, -26.25875111332150880 ) ) ;
#1259 =( BOUNDED_CURVE ( )  B_SPLINE_CURVE ( 2, ( #698, #2681, #531, #2904, #568, #1059, #2382 ),
 .UNSPECIFIED., .F., .T. ) 
 B_SPLINE_CURVE_WITH_KNOTS ( ( 3, 2, 2, 3 ),
 ( 0.7941176470588233727, 0.8039215686274508998, 0.8137254901960783160, 0.8235294117647057321 ),
 .UNSPECIFIED. ) 
 CURVE ( )  GEOMETRIC_REPRESENTATION_ITEM ( )  RATIONAL_B_SPLINE_CURVE ( ( 1.000000000000001554, 0.8660254037844371533, 1.000000000000000000, 0.8660254037844387076, 1.000000000000000000, 0.8660254037844402619, 0.9999999999999984457 ) ) 
 REPRESENTATION_ITEM ( '' )  );
#1260 = CARTESIAN_POINT ( 'NONE',  ( -42.76793408686044273, 13.76438317872879757, -31.91500111263871275 ) ) ;
#1261 = CARTESIAN_POINT ( 'NONE',  ( -40.99730114936044600, 16.83120938803373079, -29.64416777930537705 ) ) ;
#1262 = CARTESIAN_POINT ( 'NONE',  ( -39.91967131961344961, 13.36257142696868883, -24.80041777998818375 ) ) ;
#1263 = CARTESIAN_POINT ( 'NONE',  ( -39.22666821186043506, 14.78665858183044257, -25.26916777930538061 ) ) ;
#1264 = CARTESIAN_POINT ( 'NONE',  ( -41.74730114936043890, 13.48762047615378279, -29.71708444665484450 ) ) ;
#1265 =( BOUNDED_CURVE ( )  B_SPLINE_CURVE ( 2, ( #397, #2469, #136, #3031, #2233, #943, #1707 ),
 .UNSPECIFIED., .F., .F. ) 
 B_SPLINE_CURVE_WITH_KNOTS ( ( 3, 2, 2, 3 ),
 ( 0.4117647058823528661, 0.4215686274509803377, 0.4313725490196078649, 0.4411764705882352811 ),
 .UNSPECIFIED. ) 
 CURVE ( )  GEOMETRIC_REPRESENTATION_ITEM ( )  RATIONAL_B_SPLINE_CURVE ( ( 1.000000000000000666, 0.8660254037844378194, 1.000000000000000000, 0.8660254037844387076, 1.000000000000000000, 0.8660254037844387076, 1.000000000000000000 ) ) 
 REPRESENTATION_ITEM ( '' )  );
#1266 = EDGE_CURVE ( 'NONE', #2593, #1478, #2396, .T. ) ;
#1267 = CARTESIAN_POINT ( 'NONE',  ( -40.24730114936043890, 13.48762047615378279, -28.00875111195591671 ) ) ;
#1268 = CARTESIAN_POINT ( 'NONE',  ( -40.99730114936044600, 12.74210777562715435, -32.33166777930537705 ) ) ;
#1269 = CARTESIAN_POINT ( 'NONE',  ( -42.76793408686044273, 14.78665858183044257, -28.95666777930538061 ) ) ;
#1270 = CARTESIAN_POINT ( 'NONE',  ( -39.22666821186044217, 15.80893398493208757, -30.22750111263871275 ) ) ;
#1271 = ORIENTED_EDGE ( 'NONE', *, *, #2512, .T. ) ;
#1272 = FILL_AREA_STYLE ('',( #2038 ) ) ;
#1273 = CARTESIAN_POINT ( 'NONE',  ( -40.24730114936043890, 13.48762047615378279, -27.63375111332150880 ) ) ;
#1274 = EDGE_LOOP ( 'NONE', ( #850, #1615, #792, #1770 ) ) ;
#1275 = CARTESIAN_POINT ( 'NONE',  ( -42.76793408686044273, 13.76438317872879757, -30.91500111263871275 ) ) ;
#1276 = CARTESIAN_POINT ( 'NONE',  ( -40.11198468061044053, 16.32007168648291184, -31.68583444597204846 ) ) ;
#1277 = LINE ( 'NONE', #2845, #414 ) ;
#1278 = AXIS2_PLACEMENT_3D ( 'NONE', #312, #2150, #865 ) ;
#1279 = CARTESIAN_POINT ( 'NONE',  ( -42.76793408686044273, 14.78665858183044257, -26.01916777930538061 ) ) ;
#1280 = CARTESIAN_POINT ( 'NONE',  ( -42.76793408686044273, 15.80893398493208757, -31.99833444597204135 ) ) ;
#1281 = CARTESIAN_POINT ( 'NONE',  ( -42.49730114936043890, 14.78665858183044257, -26.67541777862258101 ) ) ;
#1282 = CARTESIAN_POINT ( 'NONE',  ( -42.76793408686044273, 15.80893398493208757, -24.06083444597204135 ) ) ;
#1283 = CARTESIAN_POINT ( 'NONE',  ( -39.22666821186043506, 14.78665858183044257, -29.20666777930537705 ) ) ;
#1284 = CARTESIAN_POINT ( 'NONE',  ( -39.22666821186043506, 14.78665858183044257, -31.26916777930537705 ) ) ;
#1285 = CARTESIAN_POINT ( 'NONE',  ( -39.22666821186044217, 13.76438317872879935, -24.74833444597204135 ) ) ;
#1286 = VERTEX_POINT ( 'NONE', #361 ) ;
#1287 = FACE_OUTER_BOUND ( 'NONE', #1066, .T. ) ;
#1288 = CARTESIAN_POINT ( 'NONE',  ( -40.99730114936044600, 16.51870938939932287, -29.42541777998817309 ) ) ;
#1289 = ORIENTED_EDGE ( 'NONE', *, *, #1266, .T. ) ;
#1290 = CARTESIAN_POINT ( 'NONE',  ( -40.99730114936043890, 12.74210777562715613, -30.33166777930537705 ) ) ;
#1291 = CARTESIAN_POINT ( 'NONE',  ( -42.76793408686044273, 14.78665858183044257, -30.01916777930537705 ) ) ;
#1292 = CARTESIAN_POINT ( 'NONE',  ( -42.49730114936043890, 15.65268398561488361, -31.84208444665484450 ) ) ;
#1293 = LINE ( 'NONE', #2601, #2695 ) ;
#1294 = CARTESIAN_POINT ( 'NONE',  ( -42.76793408686044273, 14.78665858183044257, -27.51916777930537705 ) ) ;
#1295 = CARTESIAN_POINT ( 'NONE',  ( -40.99730114936043890, 16.51870938939932287, -30.80041777862258101 ) ) ;
#1296 = ORIENTED_EDGE ( 'NONE', *, *, #2979, .T. ) ;
#1297 = CARTESIAN_POINT ( 'NONE',  ( -42.49730114936043890, 14.78665858183044257, -27.17541777862258101 ) ) ;
#1298 = CARTESIAN_POINT ( 'NONE',  ( -39.22666821186044217, 15.80893398493208757, -25.22750111263870920 ) ) ;
#1299 = CARTESIAN_POINT ( 'NONE',  ( -40.11198468061044053, 13.25324547717797685, -28.79000111263871275 ) ) ;
#1300 = CARTESIAN_POINT ( 'NONE',  ( -42.76793408686044273, 15.80893398493208757, -29.56083444597204490 ) ) ;
#1301 = CARTESIAN_POINT ( 'NONE',  ( -41.88261761811044437, 13.25324547717797685, -25.37333444597204490 ) ) ;
#1302 = ORIENTED_EDGE ( 'NONE', *, *, #981, .T. ) ;
#1303 = CARTESIAN_POINT ( 'NONE',  ( -40.99730114936043890, 14.78665858183044257, -24.80041777998817665 ) ) ;
#1304 = CARTESIAN_POINT ( 'NONE',  ( -40.99730114936044600, 13.05460777426156582, -28.67541777998817665 ) ) ;
#1305 = EDGE_CURVE ( 'NONE', #2326, #2964, #1723, .T. ) ;
#1306 = ORIENTED_EDGE ( 'NONE', *, *, #477, .F. ) ;
#1307 = CARTESIAN_POINT ( 'NONE',  ( -41.88261761811044437, 16.32007168648290829, -31.10250111263871275 ) ) ;
#1308 = CARTESIAN_POINT ( 'NONE',  ( -42.46730114936044487, 14.78665858183044257, -32.20041777998817167 ) ) ;
#1309 = CARTESIAN_POINT ( 'NONE',  ( -41.74730114936043890, 16.08569668750710235, -28.25875111195591671 ) ) ;
#1310 = CARTESIAN_POINT ( 'NONE',  ( -40.99730114936043890, 12.74210777562715613, -26.39416777930537705 ) ) ;
#1311 = CARTESIAN_POINT ( 'NONE',  ( -42.76793408686044273, 13.76438317872879757, -28.91500111263871275 ) ) ;
#1312 = DIRECTION ( 'NONE',  ( -0.000000000000000000, -0.000000000000000000, -1.000000000000000000 ) ) ;
#1313 = CARTESIAN_POINT ( 'NONE',  ( -39.22666821186044217, 15.80893398493208757, -32.16500111263871275 ) ) ;
#1314 = EDGE_LOOP ( 'NONE', ( #1976, #2612, #280, #2811 ) ) ;
#1315 = CARTESIAN_POINT ( 'NONE',  ( -40.24730114936043890, 16.08569668750710235, -29.34208444528924886 ) ) ;
#1316 = CARTESIAN_POINT ( 'NONE',  ( -42.76793408686044273, 14.78665858183044257, -26.51916777930537705 ) ) ;
#1317 = CARTESIAN_POINT ( 'NONE',  ( -41.88261761811044437, 16.32007168648290829, -30.04000111263871275 ) ) ;
#1318 = CARTESIAN_POINT ( 'NONE',  ( -42.49730114936043890, 14.78665858183044257, -25.17541777862258101 ) ) ;
#1319 = CARTESIAN_POINT ( 'NONE',  ( -40.11198468061044053, 16.32007168648291184, -25.12333444597204490 ) ) ;
#1320 = ORIENTED_EDGE ( 'NONE', *, *, #2854, .T. ) ;
#1321 = CARTESIAN_POINT ( 'NONE',  ( -41.74730114936043890, 16.08569668750710235, -30.38375111332150880 ) ) ;
#1322 = CARTESIAN_POINT ( 'NONE',  ( -39.49730114936043890, 14.78665858183044257, -24.80041777998817665 ) ) ;
#1323 = CARTESIAN_POINT ( 'NONE',  ( -40.99730114936043890, 13.05460777426156582, -30.55041777862257746 ) ) ;
#1324 = EDGE_CURVE ( 'NONE', #2715, #226, #2060, .T. ) ;
#1325 = ADVANCED_FACE ( 'NONE', ( #2178 ), #3203, .T. ) ;
#1326 = CARTESIAN_POINT ( 'NONE',  ( -42.49730114936043890, 14.78665858183044257, -26.80041777998817309 ) ) ;
#1327 = CARTESIAN_POINT ( 'NONE',  ( -40.11198468061044053, 16.32007168648291184, -26.68583444597204490 ) ) ;
#1328 = CARTESIAN_POINT ( 'NONE',  ( -40.11198468061044053, 13.25324547717797685, -28.79000111263871275 ) ) ;
#1329 = CARTESIAN_POINT ( 'NONE',  ( -39.49730114936043890, 14.78665858183044257, -31.42541777862258101 ) ) ;
#1330 = CARTESIAN_POINT ( 'NONE',  ( -40.11198468061044053, 13.25324547717797685, -32.29000111263871275 ) ) ;
#1331 = ORIENTED_EDGE ( 'NONE', *, *, #457, .T. ) ;
#1332 = CARTESIAN_POINT ( 'NONE',  ( -41.74730114936043890, 13.48762047615378279, -30.59208444528924886 ) ) ;
#1333 = CARTESIAN_POINT ( 'NONE',  ( -42.76793408686044273, 15.80893398493208757, -26.56083444597204846 ) ) ;
#1334 = CARTESIAN_POINT ( 'NONE',  ( -42.76793408686044273, 15.80893398493208757, -30.49833444597204490 ) ) ;
#1335 = CARTESIAN_POINT ( 'NONE',  ( -42.76793408686044273, 13.76438317872879757, -32.47750111263871275 ) ) ;
#1336 = CARTESIAN_POINT ( 'NONE',  ( -40.99730114936043890, 13.05460777426156582, -27.55041777862257746 ) ) ;
#1337 = VERTEX_POINT ( 'NONE', #2769 ) ;
#1338 = CARTESIAN_POINT ( 'NONE',  ( -40.99730114936044600, 13.05460777426156582, -30.67541777998817309 ) ) ;
#1339 = CARTESIAN_POINT ( 'NONE',  ( -41.88261761811044437, 13.25324547717797685, -25.93583444597204490 ) ) ;
#1340 = CARTESIAN_POINT ( 'NONE',  ( -39.49730114936043890, 14.78665858183044257, -24.80041777998817665 ) ) ;
#1341 = DIRECTION ( 'NONE',  ( -1.000000000000000000, 0.000000000000000000, 0.000000000000000000 ) ) ;
#1342 = CYLINDRICAL_SURFACE ( 'NONE', #2544, 1.469999999999999085 ) ;
#1343 = CARTESIAN_POINT ( 'NONE',  ( -39.49730114936043890, 15.65268398561488361, -28.38375111195591671 ) ) ;
#1344 = CARTESIAN_POINT ( 'NONE',  ( -41.88261761811044437, 16.32007168648290829, -26.60250111263871275 ) ) ;
#1345 = CARTESIAN_POINT ( 'NONE',  ( -42.76793408686044273, 13.76438317872879757, -28.41500111263870920 ) ) ;
#1346 = AXIS2_PLACEMENT_3D ( 'NONE', #2946, #2963, #651 ) ;
#1347 = CARTESIAN_POINT ( 'NONE',  ( -42.49730114936043890, 14.78665858183044257, -28.30041777998817665 ) ) ;
#1348 = CYLINDRICAL_SURFACE ( 'NONE', #1498, 1.500000000000001332 ) ;
#1349 = ORIENTED_EDGE ( 'NONE', *, *, #964, .T. ) ;
#1351 = EDGE_CURVE ( 'NONE', #2753, #1216, #1429, .T. ) ;
#1350 = CARTESIAN_POINT ( 'NONE',  ( -41.74730114936043890, 16.08569668750710235, -31.25875111195590961 ) ) ;
#1352 = CARTESIAN_POINT ( 'NONE',  ( -39.22666821186044217, 15.80893398493208757, -31.16500111263871275 ) ) ;
#1353 = CARTESIAN_POINT ( 'NONE',  ( -41.74730114936043890, 13.48762047615378279, -25.59208444528924886 ) ) ;
#1354 = CARTESIAN_POINT ( 'NONE',  ( -42.76793408686044273, 13.76438317872879757, -24.41500111263871275 ) ) ;
#1355 = EDGE_LOOP ( 'NONE', ( #2909, #887, #2587, #2641 ) ) ;
#1356 = CARTESIAN_POINT ( 'NONE',  ( 0.000000000000000000, 0.000000000000000000, 0.000000000000000000 ) ) ;
#1357 = CARTESIAN_POINT ( 'NONE',  ( -40.24730114936043890, 16.08569668750710235, -28.96708444665484095 ) ) ;
#1358 = VECTOR ( 'NONE', #398, 1000.000000000000000 ) ;
#1359 = CARTESIAN_POINT ( 'NONE',  ( -41.88261761811044437, 16.32007168648290829, -25.60250111263870920 ) ) ;
#1360 = CARTESIAN_POINT ( 'NONE',  ( -42.49730114936043179, 13.92063317804599620, -30.63375111195591316 ) ) ;
#1361 = CARTESIAN_POINT ( 'NONE',  ( -40.24730114936043890, 13.48762047615378279, -31.50875111195590961 ) ) ;
#1362 = CARTESIAN_POINT ( 'NONE',  ( -39.22666821186043506, 13.76438317872879935, -26.31083444597204490 ) ) ;
#1363 = CARTESIAN_POINT ( 'NONE',  ( -42.76793408686044273, 14.78665858183044257, -28.95666777930538061 ) ) ;
#1364 = CARTESIAN_POINT ( 'NONE',  ( -42.49730114936043890, 14.78665858183044257, -26.67541777862258101 ) ) ;
#1365 = CYLINDRICAL_SURFACE ( 'NONE', #2256, 1.500000000000001332 ) ;
#1366 = ORIENTED_EDGE ( 'NONE', *, *, #1809, .T. ) ;
#1367 = CARTESIAN_POINT ( 'NONE',  ( -42.49730114936043890, 15.65268398561488361, -29.21708444528924886 ) ) ;
#1368 =( BOUNDED_CURVE ( )  B_SPLINE_CURVE ( 2, ( #1925, #1427, #2998, #2752, #687, #1721, #428 ),
 .UNSPECIFIED., .F., .T. ) 
 B_SPLINE_CURVE_WITH_KNOTS ( ( 3, 2, 2, 3 ),
 ( 0.7352941176470586537, 0.7450980392156860699, 0.7549019607843135971, 0.7647058823529410132 ),
 .UNSPECIFIED. ) 
 CURVE ( )  GEOMETRIC_REPRESENTATION_ITEM ( )  RATIONAL_B_SPLINE_CURVE ( ( 1.000000000000003109, 0.8660254037844357100, 1.000000000000000000, 0.8660254037844387076, 1.000000000000000000, 0.8660254037844402619, 0.9999999999999984457 ) ) 
 REPRESENTATION_ITEM ( '' )  );
#1369 = EDGE_CURVE ( 'NONE', #831, #535, #1587, .T. ) ;
#1370 = CARTESIAN_POINT ( 'NONE',  ( -41.74730114936043890, 16.08569668750710235, -25.25875111195591316 ) ) ;
#1371 = CARTESIAN_POINT ( 'NONE',  ( -39.22666821186043506, 14.78665858183044257, -27.20666777930537705 ) ) ;
#1372 = ORIENTED_EDGE ( 'NONE', *, *, #814, .T. ) ;
#1373 = CARTESIAN_POINT ( 'NONE',  ( -40.99730114936044600, 12.74210777562715435, -24.33166777930537705 ) ) ;
#1374 = CARTESIAN_POINT ( 'NONE',  ( -40.99730114936044600, 16.83120938803373079, -24.14416777930537705 ) ) ;
#1375 = CARTESIAN_POINT ( 'NONE',  ( -42.49730114936043890, 14.78665858183044257, -30.30041777998817309 ) ) ;
#1376 = EDGE_LOOP ( 'NONE', ( #2958, #1906, #2522, #405 ) ) ;
#1377 = CARTESIAN_POINT ( 'NONE',  ( -39.49730114936041758, 15.65268398561487118, -25.50875111332151235 ) ) ;
#1378 = CARTESIAN_POINT ( 'NONE',  ( -40.99730114936090786, 14.78665858183045323, -41.90041777998817452 ) ) ;
#1379 = CARTESIAN_POINT ( 'NONE',  ( -40.24730114936043890, 16.08569668750710235, -24.96708444665484095 ) ) ;
#1380 = CARTESIAN_POINT ( 'NONE',  ( -41.88261761811044437, 13.25324547717797685, -30.93583444597204490 ) ) ;
#1381 = CARTESIAN_POINT ( 'NONE',  ( -39.22666821186044217, 13.76438317872879935, -27.74833444597204135 ) ) ;
#1382 = DIRECTION ( 'NONE',  ( 1.000000000000000000, 0.000000000000000000, -0.000000000000000000 ) ) ;
#1383 = DIRECTION ( 'NONE',  ( 1.000000000000000000, 0.000000000000000000, 0.000000000000000000 ) ) ;
#1384 = CARTESIAN_POINT ( 'NONE',  ( -42.49730114936043890, 13.92063317804600331, -29.13375111195591316 ) ) ;
#1385 = CIRCLE ( 'NONE', #26, 1.470000000000005969 ) ;
#1386 = CARTESIAN_POINT ( 'NONE',  ( -39.49730114936044600, 13.92063317804600331, -24.46708444528924531 ) ) ;
#1387 = CARTESIAN_POINT ( 'NONE',  ( -39.22666821186044217, 13.76438317872879935, -26.74833444597204846 ) ) ;
#1388 = EDGE_LOOP ( 'NONE', ( #27, #3187, #1902, #869 ) ) ;
#1389 = FACE_OUTER_BOUND ( 'NONE', #2720, .T. ) ;
#1390 = CARTESIAN_POINT ( 'NONE',  ( -39.22666821186044217, 13.76438317872879935, -24.74833444597204135 ) ) ;
#1391 = CARTESIAN_POINT ( 'NONE',  ( -42.76793408686044273, 14.78665858183044257, -25.51916777930538061 ) ) ;
#1392 = ADVANCED_FACE ( 'NONE', ( #2754 ), #2514, .T. ) ;
#1393 = CARTESIAN_POINT ( 'NONE',  ( -41.74730114936043890, 16.08569668750710235, -30.38375111332150880 ) ) ;
#1394 = ORIENTED_EDGE ( 'NONE', *, *, #836, .F. ) ;
#1395 = CARTESIAN_POINT ( 'NONE',  ( -40.24730114936043890, 13.48762047615378279, -32.13375111332150880 ) ) ;
#1396 = DIRECTION ( 'NONE',  ( -1.000000000000000000, 0.000000000000000000, 0.000000000000000000 ) ) ;
#1397 = CARTESIAN_POINT ( 'NONE',  ( -42.49730114936043890, 15.65268398561488361, -24.34208444665484095 ) ) ;
#1398 = CARTESIAN_POINT ( 'NONE',  ( -40.11198468061044053, 13.25324547717797685, -30.85250111263871275 ) ) ;
#1399 = CARTESIAN_POINT ( 'NONE',  ( -42.76793408686044273, 13.76438317872879757, -28.91500111263871275 ) ) ;
#1400 = CARTESIAN_POINT ( 'NONE',  ( -39.22666821186043506, 14.78665858183044257, -26.76916777930537705 ) ) ;
#1401 = CARTESIAN_POINT ( 'NONE',  ( -41.88261761811044437, 13.25324547717797685, -25.37333444597204490 ) ) ;
#1402 = DIRECTION ( 'NONE',  ( -0.000000000000000000, -0.000000000000000000, -1.000000000000000000 ) ) ;
#1403 = CARTESIAN_POINT ( 'NONE',  ( -41.74730114936043890, 16.08569668750710235, -32.25875111195590961 ) ) ;
#1404 = CARTESIAN_POINT ( 'NONE',  ( -42.76793408686044273, 15.80893398493208757, -26.49833444597204490 ) ) ;
#1405 = EDGE_LOOP ( 'NONE', ( #1092, #2851, #1454, #3197 ) ) ;
#1406 = CARTESIAN_POINT ( 'NONE',  ( -42.49730114936043890, 14.78665858183044257, -25.17541777862258101 ) ) ;
#1407 = CARTESIAN_POINT ( 'NONE',  ( -39.49730114936043890, 14.78665858183044257, -32.05041777998817309 ) ) ;
#1408 = CARTESIAN_POINT ( 'NONE',  ( -39.49730114936043890, 14.78665858183044257, -28.55041777998817665 ) ) ;
#1409 = CARTESIAN_POINT ( 'NONE',  ( -42.49730114936043890, 14.78665858183044257, -28.17541777862258101 ) ) ;
#1410 = EDGE_LOOP ( 'NONE', ( #2339, #2713, #762, #653 ) ) ;
#1411 = CYLINDRICAL_SURFACE ( 'NONE', #2526, 2.174999999999996270 ) ;
#1412 = LINE ( 'NONE', #263, #754 ) ;
#1413 = ADVANCED_FACE ( 'NONE', ( #444 ), #2468, .T. ) ;
#1414 = CARTESIAN_POINT ( 'NONE',  ( -39.49730114936043890, 14.78665858183044257, -24.80041777998817665 ) ) ;
#1415 = CARTESIAN_POINT ( 'NONE',  ( -40.99730114936043890, 12.74210777562715613, -28.89416777930538061 ) ) ;
#1416 = CARTESIAN_POINT ( 'NONE',  ( -40.11198468061044053, 16.32007168648291184, -28.62333444597204490 ) ) ;
#1417 = CARTESIAN_POINT ( 'NONE',  ( -42.76793408686044273, 15.80893398493208757, -25.06083444597204490 ) ) ;
#1418 = FACE_OUTER_BOUND ( 'NONE', #2078, .T. ) ;
#1419 = DIRECTION ( 'NONE',  ( -1.000000000000000000, 0.000000000000000000, 0.000000000000000000 ) ) ;
#1420 = ORIENTED_EDGE ( 'NONE', *, *, #1538, .F. ) ;
#1421 = DIRECTION ( 'NONE',  ( -0.000000000000000000, -0.000000000000000000, -1.000000000000000000 ) ) ;
#1422 = VECTOR ( 'NONE', #2620, 1000.000000000000000 ) ;
#1423 = EDGE_LOOP ( 'NONE', ( #1662, #1296, #2292, #2359 ) ) ;
#1424 = CARTESIAN_POINT ( 'NONE',  ( -42.49730114936042469, 15.65268398561488894, -25.71708444528924886 ) ) ;
#1425 = CARTESIAN_POINT ( 'NONE',  ( -42.49730114936043890, 13.92063317804600331, -31.75875111332150880 ) ) ;
#1426 = CARTESIAN_POINT ( 'NONE',  ( -41.88261761811044437, 13.25324547717797685, -26.43583444597204490 ) ) ;
#1427 = CARTESIAN_POINT ( 'NONE',  ( -39.49730114936042469, 13.92063317804601397, -30.09208444665484095 ) ) ;
#1428 = ORIENTED_EDGE ( 'NONE', *, *, #814, .F. ) ;
#1429 = LINE ( 'NONE', #135, #790 ) ;
#1430 = CARTESIAN_POINT ( 'NONE',  ( -39.49730114936043890, 14.78665858183044257, -29.42541777862257746 ) ) ;
#1431 = CARTESIAN_POINT ( 'NONE',  ( -40.24730114936043890, 16.08569668750710235, -25.46708444665484095 ) ) ;
#1432 = CARTESIAN_POINT ( 'NONE',  ( -40.99730114936043890, 16.83120938803373079, -29.64416777930537705 ) ) ;
#1433 = CARTESIAN_POINT ( 'NONE',  ( -41.88261761811044437, 13.25324547717797685, -27.87333444597204490 ) ) ;
#1434 = ADVANCED_FACE ( 'NONE', ( #2965 ), #672, .T. ) ;
#1435 = CARTESIAN_POINT ( 'NONE',  ( -42.76793408686044273, 14.78665858183044257, -27.01916777930537705 ) ) ;
#1436 = CARTESIAN_POINT ( 'NONE',  ( -42.76793408686044273, 15.80893398493208757, -25.49833444597204846 ) ) ;
#1437 = CARTESIAN_POINT ( 'NONE',  ( -39.49730114936043890, 14.78665858183044257, -27.55041777998817665 ) ) ;
#1438 = ORIENTED_EDGE ( 'NONE', *, *, #355, .F. ) ;
#1439 = CYLINDRICAL_SURFACE ( 'NONE', #2725, 1.500000000000001332 ) ;
#1440 = ADVANCED_FACE ( 'NONE', ( #1755 ), #1690, .T. ) ;
#1441 = CARTESIAN_POINT ( 'NONE',  ( -40.24730114936043890, 16.08569668750710235, -24.84208444528924531 ) ) ;
#1442 = AXIS2_PLACEMENT_3D ( 'NONE', #2830, #285, #2617 ) ;
#1443 = CARTESIAN_POINT ( 'NONE',  ( -39.22666821186044217, 13.76438317872879935, -24.24833444597204490 ) ) ;
#1444 = CARTESIAN_POINT ( 'NONE',  ( -40.99730114936044600, 16.83120938803373079, -28.64416777930538061 ) ) ;
#1445 = EDGE_LOOP ( 'NONE', ( #1003, #378, #2942, #63 ) ) ;
#1446 = CARTESIAN_POINT ( 'NONE',  ( -42.49730114936043890, 14.78665858183044257, -24.80041777998817665 ) ) ;
#1447 = CARTESIAN_POINT ( 'NONE',  ( -40.24730114936043890, 13.48762047615378279, -24.13375111332150880 ) ) ;
#1448 = CARTESIAN_POINT ( 'NONE',  ( -42.76793408686044273, 15.80893398493208757, -31.06083444597204846 ) ) ;
#1449 = CARTESIAN_POINT ( 'NONE',  ( -41.88261761811044437, 16.32007168648290829, -28.04000111263871275 ) ) ;
#1450 = B_SPLINE_CURVE_WITH_KNOTS ( 'NONE', 3,
 ( #2580, #1579, #2775, #1023, #1731, #2055, #1562, #3008, #2827, #696, #436, #1470, #245, #172, #1038, #2430 ),
 .UNSPECIFIED., .F., .F.,
 ( 4, 2, 2, 2, 2, 2, 2, 4 ),
 ( 0.000000000000000000, 0.0004018561372329913241, 0.0008037122744659826483, 0.001607424548931965297, 0.002009280686164958626, 0.002411136823397952173, 0.002812992960630945720, 0.003214849097863939267 ),
 .UNSPECIFIED. ) ;
#1451 = CARTESIAN_POINT ( 'NONE',  ( -39.22666821186043506, 14.78665858183044257, -29.26916777930537705 ) ) ;
#1452 = CARTESIAN_POINT ( 'NONE',  ( -41.88261761811044437, 13.25324547717797685, -25.87333444597204490 ) ) ;
#1453 = CARTESIAN_POINT ( 'NONE',  ( -39.49730114936043890, 14.78665858183044257, -30.92541777862258101 ) ) ;
#1454 = ORIENTED_EDGE ( 'NONE', *, *, #1575, .F. ) ;
#1455 = CARTESIAN_POINT ( 'NONE',  ( -40.99730114936044600, 13.05460777426156582, -31.55041777862257746 ) ) ;
#1456 = PRODUCT_DEFINITION_FORMATION_WITH_SPECIFIED_SOURCE ( '任何', '', #3215, .NOT_KNOWN. ) ;
#1457 = ADVANCED_FACE ( 'NONE', ( #2216 ), #1411, .T. ) ;
#1458 = LINE ( 'NONE', #2172, #902 ) ;
#1459 =( BOUNDED_CURVE ( )  B_SPLINE_CURVE ( 2, ( #879, #142, #3230, #912, #2937, #1660, #679, #367, #1950, #2729, #418, #931, #402, #625, #1401, #1712, #2439, #1436, #110, #2474, #643, #1155, #2186, #894, #1679, #2710, #1452, #2222, #385, #1966, #1248, #3303, #2524, #725, #2284, #3037, #2014, #1763, #3288, #996, #2028, #2804, #467, #1504, #2541, #2270, #3052, #1232, #740, #204, #982, #1779, #188, #487, #452, #1487, #776, #2838, #3159, #2133, #1888, #258, #2336, #2861, #2689, #1677, #910, #2491, #2757, #3004, #692, #3268, #947, #929, #1433, #2727, #1658, #365, #1449, #892, #1695, #1728, #2437, #3241, #2970, #677, #2708, #962, #1995, #2250, #1948, #658, #1416, #2182, #400, #3018, #1153, #641, #2472, #1399, #433, #108, #1185, #383, #3228, #1710, #1982, #2455, #3208, #416, #1964, #1931, #2220, #2989, #2742, #2504, #2953, #140, #1467, #123, #156, #1170, #169, #2200, #1201, #2236, #3256, #1214, #1791, #2568, #2265, #3079, #511, #1290, #496, #199, #2009, #2786, #1758, #246, #2313, #2814, #1531, #3314, #3299, #447, #3048, #1275, #721, #735, #992, #462, #1228, #1774, #2327, #182, #3033, #2024, #3347, #2828, #2581, #215, #1500, #2279, #749, #3332, #2536, #3283, #230, #2296, #2517, #1260, #1008, #2040, #1546, #1039, #2799, #1805, #1243 ),
 .UNSPECIFIED., .F., .F. ) 
 B_SPLINE_CURVE_WITH_KNOTS ( ( 3, 2, 2, 2, 2, 2, 2, 2, 2, 2, 2, 2, 2, 2, 2, 2, 2, 2, 2, 2, 2, 2, 2, 2, 2, 2, 2, 2, 2, 2, 2, 2, 2, 2, 2, 2, 2, 2, 2, 2, 2, 2, 2, 2, 2, 2, 2, 2, 2, 2, 2, 2, 2, 2, 2, 2, 2, 2, 2, 2, 2, 2, 2, 2, 2, 2, 2, 2, 2, 2, 2, 2, 2, 2, 2, 2, 2, 2, 2, 2, 2, 2, 2, 2, 2, 2, 2, 2, 2, 3 ),
 ( 0.09938108356806971133, 0.1078431372549019662, 0.1176470588235294101, 0.1274509803921568540, 0.1372549019607843257, 0.1470588235294117696, 0.1568627450980392135, 0.1666666666666666574, 0.1764705882352941291, 0.1862745098039215730, 0.1960784313725490169, 0.2058823529411764608, 0.2156862745098039325, 0.2254901960784313764, 0.2352941176470588203, 0.2450980392156862642, 0.2549019607843137081, 0.2647058823529411797, 0.2745098039215686514, 0.2843137254901960675, 0.2941176470588235947, 0.3039215686274509554, 0.3137254901960784270, 0.3235294117647058987, 0.3333333333333332593, 0.3431372549019607865, 0.3529411764705883137, 0.3627450980392157298, 0.3725490196078431460, 0.3823529411764705621, 0.3921568627450980893, 0.4019607843137255054, 0.4117647058823529216, 0.4215686274509803377, 0.4313725490196078649, 0.4411764705882352811, 0.4509803921568628082, 0.4607843137254901134, 0.4705882352941176405, 0.4803921568627451677, 0.4901960784313725839, 0.5000000000000000000, 0.5098039215686273051, 0.5196078431372549433, 0.5294117647058823595, 0.5392156862745097756, 0.5490196078431373028, 0.5588235294117647189, 0.5686274509803921351, 0.5784313725490196623, 0.5882352941176470784, 0.5980392156862744946, 0.6078431372549019107, 0.6176470588235294379, 0.6274509803921568540, 0.6372549019607842702, 0.6470588235294117974, 0.6568627450980392135, 0.6666666666666666297, 0.6764705882352941568, 0.6862745098039216840, 0.6960784313725489891, 0.7058823529411764053, 0.7156862745098039325, 0.7254901960784314596, 0.7352941176470588758, 0.7450980392156861809, 0.7549019607843137081, 0.7647058823529412352, 0.7745098039215686514, 0.7843137254901959565, 0.7941176470588234837, 0.8039215686274510109, 0.8137254901960784270, 0.8235294117647057321, 0.8333333333333333703, 0.8431372549019607865, 0.8529411764705882026, 0.8627450980392157298, 0.8725490196078431460, 0.8823529411764705621, 0.8921568627450980893, 0.9019607843137255054, 0.9117647058823529216, 0.9215686274509803377, 0.9313725490196078649, 0.9411764705882352811, 0.9509803921568626972, 0.9607843137254902244, 0.9697672807849363474 ),
 .UNSPECIFIED. ) 
 CURVE ( )  GEOMETRIC_REPRESENTATION_ITEM ( )  RATIONAL_B_SPLINE_CURVE ( ( 0.9683452906431342377, 0.8843625769635292677, 1.000000000000000000, 0.8660254037844387076, 1.000000000000000000, 0.8660254037844387076, 1.000000000000000000, 0.8660254037844387076, 1.000000000000000000, 0.8660254037844387076, 1.000000000000000000, 0.8660254037844387076, 1.000000000000000000, 0.8660254037844387076, 1.000000000000000000, 0.8660254037844387076, 1.000000000000000000, 0.8660254037844387076, 1.000000000000000000, 0.8660254037844387076, 1.000000000000000000, 0.8660254037844387076, 1.000000000000000000, 0.8660254037844387076, 1.000000000000000000, 0.8660254037844387076, 1.000000000000000000, 0.8660254037844387076, 1.000000000000000000, 0.8660254037844387076, 1.000000000000000000, 0.8660254037844387076, 1.000000000000000000, 0.8660254037844387076, 1.000000000000000000, 0.8660254037844387076, 1.000000000000000000, 0.8660254037844387076, 1.000000000000000000, 0.8660254037844387076, 1.000000000000000000, 0.8660254037844387076, 1.000000000000000000, 0.8660254037844387076, 1.000000000000000000, 0.8660254037844387076, 1.000000000000000000, 0.8660254037844387076, 1.000000000000000000, 0.8660254037844387076, 1.000000000000000000, 0.8660254037844387076, 1.000000000000000000, 0.8660254037844387076, 1.000000000000000000, 0.8660254037844387076, 1.000000000000000000, 0.8660254037844387076, 1.000000000000000000, 0.8660254037844387076, 1.000000000000000000, 0.8660254037844387076, 1.000000000000000000, 0.8660254037844387076, 1.000000000000000000, 0.8660254037844387076, 1.000000000000000000, 0.8660254037844387076, 1.000000000000000000, 0.8660254037844387076, 1.000000000000000000, 0.8660254037844387076, 1.000000000000000000, 0.8660254037844387076, 1.000000000000000000, 0.8660254037844387076, 1.000000000000000000, 0.8660254037844387076, 1.000000000000000000, 0.8660254037844387076, 1.000000000000000000, 0.8660254037844387076, 1.000000000000000000, 0.8660254037844387076, 1.000000000000000000, 0.8660254037844387076, 1.000000000000000000, 0.8660254037844387076, 1.000000000000000000, 0.8660254037844387076, 1.000000000000000000, 0.8660254037844387076, 1.000000000000000000, 0.8660254037844387076, 1.000000000000000000, 0.8660254037844387076, 1.000000000000000000, 0.8660254037844387076, 1.000000000000000000, 0.8660254037844387076, 1.000000000000000000, 0.8660254037844387076, 1.000000000000000000, 0.8660254037844387076, 1.000000000000000000, 0.8660254037844387076, 1.000000000000000000, 0.8660254037844387076, 1.000000000000000000, 0.8660254037844387076, 1.000000000000000000, 0.8660254037844387076, 1.000000000000000000, 0.8660254037844387076, 1.000000000000000000, 0.8660254037844387076, 1.000000000000000000, 0.8660254037844387076, 1.000000000000000000, 0.8660254037844387076, 1.000000000000000000, 0.8660254037844387076, 1.000000000000000000, 0.8660254037844387076, 1.000000000000000000, 0.8660254037844387076, 1.000000000000000000, 0.8660254037844387076, 1.000000000000000000, 0.8660254037844387076, 1.000000000000000000, 0.8660254037844387076, 1.000000000000000000, 0.8660254037844387076, 1.000000000000000000, 0.8660254037844387076, 1.000000000000000000, 0.8660254037844387076, 1.000000000000000000, 0.8660254037844387076, 1.000000000000000000, 0.8660254037844387076, 1.000000000000000000, 0.8660254037844387076, 1.000000000000000000, 0.8660254037844387076, 1.000000000000000000, 0.8660254037844387076, 1.000000000000000000, 0.8660254037844387076, 1.000000000000000000, 0.8660254037844387076, 1.000000000000000000, 0.8660254037844387076, 1.000000000000000000, 0.8660254037844387076, 1.000000000000000000, 0.8660254037844387076, 1.000000000000000000, 0.8660254037844387076, 1.000000000000000000, 0.8660254037844387076, 1.000000000000000000, 0.8660254037844387076, 1.000000000000000000, 0.8660254037844387076, 1.000000000000000000, 0.8660254037844387076, 1.000000000000000000, 0.8660254037844387076, 1.000000000000000000, 0.8660254037844387076, 1.000000000000000000, 0.8660254037844387076, 1.000000000000000000, 0.8660254037844387076, 1.000000000000000000, 0.8772440827700858090, 0.9794414871491716745 ) ) 
 REPRESENTATION_ITEM ( '' )  );
#1460 = CARTESIAN_POINT ( 'NONE',  ( -42.76793408686044273, 15.80893398493208757, -25.99833444597204490 ) ) ;
#1461 = CARTESIAN_POINT ( 'NONE',  ( -40.99730114936044600, 12.74210777562715435, -28.39416777930538061 ) ) ;
#1462 = CARTESIAN_POINT ( 'NONE',  ( -40.99730114936081549, 14.78665858182955972, -32.80041777998817309 ) ) ;
#1463 = ORIENTED_EDGE ( 'NONE', *, *, #1499, .F. ) ;
#1464 = CARTESIAN_POINT ( 'NONE',  ( -39.49730114936043890, 14.78665858183044257, -31.55041777998817665 ) ) ;
#1465 = CARTESIAN_POINT ( 'NONE',  ( -43.17230114936081264, 14.78665858182955972, -32.80041777998817309 ) ) ;
#1466 = CARTESIAN_POINT ( 'NONE',  ( -41.74730114936043890, 16.08569668750710235, -26.88375111332150880 ) ) ;
#1467 = CARTESIAN_POINT ( 'NONE',  ( -39.22666821186043506, 14.78665858183044257, -29.70666777930537705 ) ) ;
#1468 = CARTESIAN_POINT ( 'NONE',  ( -39.22666821186044217, 13.76438317872879935, -28.31083444597204135 ) ) ;
#1469 = CARTESIAN_POINT ( 'NONE',  ( -39.94364681229492220, 16.20314405854877648, -32.20041777998816457 ) ) ;
#1470 = CARTESIAN_POINT ( 'NONE',  ( -40.33177562301566610, 16.20568459473958356, -24.80041777998818020 ) ) ;
#1471 = CARTESIAN_POINT ( 'NONE',  ( -41.74730114936043890, 13.48762047615378279, -32.59208444528924531 ) ) ;
#1472 = CARTESIAN_POINT ( 'NONE',  ( -39.49730114936044600, 15.65268398561488361, -25.88375111195591316 ) ) ;
#1473 = CARTESIAN_POINT ( 'NONE',  ( -41.88261761811044437, 13.25324547717797685, -31.37333444597204846 ) ) ;
#1474 = EDGE_CURVE ( 'NONE', #3078, #349, #3233, .T. ) ;
#1475 = CARTESIAN_POINT ( 'NONE',  ( -40.99730114936044600, 16.83120938803373079, -26.58166777930537350 ) ) ;
#1476 = CARTESIAN_POINT ( 'NONE',  ( -39.22666821186044217, 13.76438317872879935, -28.31083444597204135 ) ) ;
#1477 = CARTESIAN_POINT ( 'NONE',  ( -39.49730114936043890, 14.78665858183044257, -28.05041777998817665 ) ) ;
#1478 = VERTEX_POINT ( 'NONE', #3279 ) ;
#1479 =( BOUNDED_CURVE ( )  B_SPLINE_CURVE ( 2, ( #844, #326, #1361, #2145, #1928, #638, #1638 ),
 .UNSPECIFIED., .F., .F. ) 
 B_SPLINE_CURVE_WITH_KNOTS ( ( 3, 2, 2, 3 ),
 ( 0.8529411764705880916, 0.8627450980392156188, 0.8725490196078431460, 0.8823529411764705621 ),
 .UNSPECIFIED. ) 
 CURVE ( )  GEOMETRIC_REPRESENTATION_ITEM ( )  RATIONAL_B_SPLINE_CURVE ( ( 1.000000000000001554, 0.8660254037844371533, 1.000000000000000000, 0.8660254037844387076, 1.000000000000000000, 0.8660254037844387076, 1.000000000000000000 ) ) 
 REPRESENTATION_ITEM ( '' )  );
#1480 = DIRECTION ( 'NONE',  ( -1.000000000000000000, 0.000000000000000000, 0.000000000000000000 ) ) ;
#1481 = CARTESIAN_POINT ( 'NONE',  ( -40.24730114936043890, 13.48762047615378279, -27.13375111332150880 ) ) ;
#1482 = CARTESIAN_POINT ( 'NONE',  ( -41.25936671929445509, 13.10757088850277263, -24.80041777998818020 ) ) ;
#1483 = CARTESIAN_POINT ( 'NONE',  ( -39.22666821186044217, 15.80893398493208757, -27.22750111263871275 ) ) ;
#1484 = CARTESIAN_POINT ( 'NONE',  ( -40.99730114936081549, 14.78665858182955972, -32.80041777998817309 ) ) ;
#1485 = CARTESIAN_POINT ( 'NONE',  ( -41.74730114936043890, 16.08569668750710235, -31.75875111195591316 ) ) ;
#1486 = CARTESIAN_POINT ( 'NONE',  ( -40.99730114936043890, 12.74210777562715613, -25.89416777930538061 ) ) ;
#1487 = CARTESIAN_POINT ( 'NONE',  ( -40.99730114936043890, 16.83120938803373079, -27.08166777930537705 ) ) ;
#1488 = CARTESIAN_POINT ( 'NONE',  ( -40.24730114936043890, 13.48762047615378279, -27.50875111195591316 ) ) ;
#1489 = CARTESIAN_POINT ( 'NONE',  ( -40.99730114936044600, 16.83120938803373079, -31.08166777930537705 ) ) ;
#1490 = CARTESIAN_POINT ( 'NONE',  ( -40.99730114936044600, 16.83120938803373079, -28.08166777930537705 ) ) ;
#1491 = CARTESIAN_POINT ( 'NONE',  ( -40.11198468061044053, 16.32007168648291184, -27.18583444597204135 ) ) ;
#1492 = CARTESIAN_POINT ( 'NONE',  ( -39.34882731209695805, 14.27833438139552413, -32.20041777998817167 ) ) ;
#1493 = ORIENTED_EDGE ( 'NONE', *, *, #2161, .T. ) ;
#1494 = DIRECTION ( 'NONE',  ( -1.000000000000000000, 0.000000000000000000, 0.000000000000000000 ) ) ;
#1495 = AXIS2_PLACEMENT_3D ( 'NONE', #654, #3253, #958 ) ;
#1496 = CARTESIAN_POINT ( 'NONE',  ( -41.74730114936043890, 13.48762047615378279, -26.71708444665484095 ) ) ;
#1497 = CARTESIAN_POINT ( 'NONE',  ( -40.24730114936043890, 13.48762047615378279, -26.13375111332150880 ) ) ;
#1498 = AXIS2_PLACEMENT_3D ( 'NONE', #1916, #2203, #348 ) ;
#1499 = EDGE_CURVE ( 'NONE', #2155, #1222, #2993, .T. ) ;
#1500 = CARTESIAN_POINT ( 'NONE',  ( -41.88261761811044437, 16.32007168648290829, -31.54000111263870920 ) ) ;
#1501 = CARTESIAN_POINT ( 'NONE',  ( -42.76793408686044273, 13.76438317872879757, -27.47750111263870920 ) ) ;
#1502 = CARTESIAN_POINT ( 'NONE',  ( -40.24730114936043890, 13.48762047615378279, -27.63375111332150880 ) ) ;
#1503 = CARTESIAN_POINT ( 'NONE',  ( -39.49730114936043890, 14.78665858183044257, -30.42541777862258101 ) ) ;
#1504 = CARTESIAN_POINT ( 'NONE',  ( -40.99730114936043890, 16.83120938803373079, -26.58166777930537350 ) ) ;
#1505 = CARTESIAN_POINT ( 'NONE',  ( -39.49730114936043890, 14.78665858183044257, -28.42541777862258101 ) ) ;
#1506 = CARTESIAN_POINT ( 'NONE',  ( -41.88261761811044437, 13.25324547717797685, -31.87333444597204135 ) ) ;
#1507 = CARTESIAN_POINT ( 'NONE',  ( -39.22666821186043506, 14.78665858183044257, -27.20666777930537705 ) ) ;
#1508 = CARTESIAN_POINT ( 'NONE',  ( -41.88261761811044437, 13.25324547717797685, -29.43583444597204490 ) ) ;
#1509 = VECTOR ( 'NONE', #2230, 1000.000000000000000 ) ;
#1510 = CARTESIAN_POINT ( 'NONE',  ( -40.99730114936043890, 14.78665858183044257, -24.80041777998817665 ) ) ;
#1511 = ORIENTED_EDGE ( 'NONE', *, *, #1538, .T. ) ;
#1512 = CARTESIAN_POINT ( 'NONE',  ( -40.99730114936043890, 14.78665858183044257, -24.80041777998817665 ) ) ;
#1513 = CARTESIAN_POINT ( 'NONE',  ( -41.74730114936043890, 13.48762047615378279, -27.21708444665484095 ) ) ;
#1514 = AXIS2_PLACEMENT_3D ( 'NONE', #1691, #704, #1725 ) ;
#1515 = CARTESIAN_POINT ( 'NONE',  ( -42.45677559579316807, 14.25680157197236930, -24.80041777998816954 ) ) ;
#1516 = CARTESIAN_POINT ( 'NONE',  ( -39.22666821186044217, 13.76438317872879935, -30.31083444597204490 ) ) ;
#1517 = EDGE_CURVE ( 'NONE', #19, #1478, #763, .T. ) ;
#1518 = DIRECTION ( 'NONE',  ( -1.000000000000000000, 0.000000000000000000, 0.000000000000000000 ) ) ;
#1519 = CARTESIAN_POINT ( 'NONE',  ( -42.76793408686044273, 13.76438317872879757, -25.47750111263870920 ) ) ;
#1520 = FACE_OUTER_BOUND ( 'NONE', #1166, .T. ) ;
#1521 = CARTESIAN_POINT ( 'NONE',  ( -40.99730114936044600, 13.05460777426156582, -27.55041777862257746 ) ) ;
#1522 = CARTESIAN_POINT ( 'NONE',  ( -39.22666821186044217, 15.80893398493208757, -32.16500111263871275 ) ) ;
#1523 = CARTESIAN_POINT ( 'NONE',  ( -41.88261761811044437, 13.25324547717797685, -27.37333444597204490 ) ) ;
#1524 = CARTESIAN_POINT ( 'NONE',  ( -42.76793408686044273, 13.76438317872879757, -29.47750111263870565 ) ) ;
#1525 = CARTESIAN_POINT ( 'NONE',  ( -39.49730114936043890, 13.92063317804600331, -28.09208444665484095 ) ) ;
#1526 = VECTOR ( 'NONE', #602, 1000.000000000000000 ) ;
#1527 = ORIENTED_EDGE ( 'NONE', *, *, #403, .F. ) ;
#1528 = CARTESIAN_POINT ( 'NONE',  ( -41.74730114936043890, 16.08569668750710235, -28.88375111332150880 ) ) ;
#1529 = CARTESIAN_POINT ( 'NONE',  ( -40.99730114936043890, 13.05460777426156582, -29.17541777998817665 ) ) ;
#1530 = CARTESIAN_POINT ( 'NONE',  ( -40.24730114936043890, 16.08569668750710235, -26.46708444665484450 ) ) ;
#1531 = CARTESIAN_POINT ( 'NONE',  ( -39.22666821186043506, 14.78665858183044257, -30.70666777930537705 ) ) ;
#1532 = CARTESIAN_POINT ( 'NONE',  ( -42.76793408686044273, 14.78665858183044257, -31.51916777930537705 ) ) ;
#1533 = CARTESIAN_POINT ( 'NONE',  ( -39.49730114936043890, 14.78665858183044257, -29.55041777998817309 ) ) ;
#1535 = ADVANCED_FACE ( 'NONE', ( #475 ), #196, .T. ) ;
#1534 = CARTESIAN_POINT ( 'NONE',  ( -40.99730114936043890, 16.51870938939932287, -30.30041777862258456 ) ) ;
#1536 = CARTESIAN_POINT ( 'NONE',  ( -39.22666821186044217, 13.76438317872879935, -31.74833444597204846 ) ) ;
#1538 = EDGE_CURVE ( 'NONE', #3264, #2577, #1960, .T. ) ;
#1537 = CARTESIAN_POINT ( 'NONE',  ( -41.74730114936043890, 16.08569668750710235, -27.25875111195591316 ) ) ;
#1539 = CARTESIAN_POINT ( 'NONE',  ( -42.76793408686044273, 13.76438317872879757, -32.41500111263871275 ) ) ;
#1540 = CARTESIAN_POINT ( 'NONE',  ( -42.76793408686044273, 14.78665858183044257, -29.95666777930537705 ) ) ;
#1541 = CARTESIAN_POINT ( 'NONE',  ( -41.88261761811044437, 13.25324547717797685, -28.93583444597204490 ) ) ;
#1542 = DIRECTION ( 'NONE',  ( -1.000000000000000000, 0.000000000000000000, 0.000000000000000000 ) ) ;
#1543 = VERTEX_POINT ( 'NONE', #2550 ) ;
#1544 = CARTESIAN_POINT ( 'NONE',  ( -41.74730114936043890, 13.48762047615378279, -30.71708444665484450 ) ) ;
#1545 = CARTESIAN_POINT ( 'NONE',  ( -39.49730114936043890, 15.65268398561488361, -31.88375111195591316 ) ) ;
#1546 = CARTESIAN_POINT ( 'NONE',  ( -41.88261761811044437, 16.32007168648290829, -32.04000111263871275 ) ) ;
#1547 = CARTESIAN_POINT ( 'NONE',  ( -41.88261761811044437, 16.32007168648290829, -32.10250111263871275 ) ) ;
#1548 = CARTESIAN_POINT ( 'NONE',  ( -39.36525044692348985, 14.09996250347051117, -24.80041777998817309 ) ) ;
#1549 = CARTESIAN_POINT ( 'NONE',  ( -41.88261761811044437, 13.25324547717797685, -25.43583444597204490 ) ) ;
#1550 = CARTESIAN_POINT ( 'NONE',  ( -42.49730114936042469, 13.92063317804599265, -29.75875111332151235 ) ) ;
#1551 = ORIENTED_EDGE ( 'NONE', *, *, #181, .T. ) ;
#1552 = CARTESIAN_POINT ( 'NONE',  ( -41.74730114936043890, 16.08569668750710235, -27.75875111195591671 ) ) ;
#1553 = AXIS2_PLACEMENT_3D ( 'NONE', #1177, #354, #2698 ) ;
#1554 = CARTESIAN_POINT ( 'NONE',  ( -39.22666821186044217, 13.76438317872879935, -24.31083444597204490 ) ) ;
#1555 = EDGE_CURVE ( 'NONE', #1689, #360, #1968, .T. ) ;
#1556 = CARTESIAN_POINT ( 'NONE',  ( -40.11198468061044053, 16.32007168648291184, -29.12333444597204490 ) ) ;
#1557 = CARTESIAN_POINT ( 'NONE',  ( -40.99730114936044600, 12.74210777562715435, -30.89416777930537350 ) ) ;
#1558 = FACE_OUTER_BOUND ( 'NONE', #2564, .T. ) ;
#1559 = ORIENTED_EDGE ( 'NONE', *, *, #501, .T. ) ;
#1560 = CARTESIAN_POINT ( 'NONE',  ( -41.74730114936043890, 13.48762047615378279, -29.21708444665484095 ) ) ;
#1561 = CARTESIAN_POINT ( 'NONE',  ( -42.49730114936043890, 15.65268398561488361, -29.34208444665484450 ) ) ;
#1562 = CARTESIAN_POINT ( 'NONE',  ( -39.43453126134571107, 15.42006287117917296, -24.80041777998817309 ) ) ;
#1563 = CARTESIAN_POINT ( 'NONE',  ( -39.49730114936043890, 14.78665858183044257, -24.80041777998817665 ) ) ;
#1564 = CARTESIAN_POINT ( 'NONE',  ( -40.11198468061044053, 16.32007168648291184, -30.18583444597204490 ) ) ;
#1565 = CARTESIAN_POINT ( 'NONE',  ( -40.99730114936043890, 14.78665858183044257, -24.80041777998817665 ) ) ;
#1566 = CARTESIAN_POINT ( 'NONE',  ( -39.49730114936046732, 15.65268398561489249, -26.00875111332151235 ) ) ;
#1567 = CARTESIAN_POINT ( 'NONE',  ( -39.22666821186043506, 14.78665858183044257, -28.26916777930537705 ) ) ;
#1568 = CARTESIAN_POINT ( 'NONE',  ( -40.99730114936043890, 13.05460777426156582, -26.55041777862258101 ) ) ;
#1569 = FACE_OUTER_BOUND ( 'NONE', #2151, .T. ) ;
#1570 = EDGE_LOOP ( 'NONE', ( #906, #3271, #3029, #1991 ) ) ;
#1571 = CARTESIAN_POINT ( 'NONE',  ( -39.49730114936043890, 14.78665858183044257, -29.42541777862257746 ) ) ;
#1572 = CARTESIAN_POINT ( 'NONE',  ( -42.76793408686044273, 15.80893398493208757, -24.56083444597204846 ) ) ;
#1573 = CARTESIAN_POINT ( 'NONE',  ( -40.11198468061044053, 13.25324547717797685, -30.29000111263871275 ) ) ;
#1574 = CARTESIAN_POINT ( 'NONE',  ( -40.24730114936043890, 13.48762047615378279, -24.50875111195591671 ) ) ;
#1575 = EDGE_CURVE ( 'NONE', #2796, #2982, #2305, .T. ) ;
#1576 = CARTESIAN_POINT ( 'NONE',  ( -39.22666821186043506, 14.78665858183044257, -25.20666777930538061 ) ) ;
#1577 = EDGE_LOOP ( 'NONE', ( #2341, #1683, #950, #1649 ) ) ;
#1578 = CARTESIAN_POINT ( 'NONE',  ( -39.49730114936044600, 15.65268398561488361, -29.00875111332150880 ) ) ;
#1579 = CARTESIAN_POINT ( 'NONE',  ( -39.32282078063767727, 14.22904849986081288, -24.80041777998816599 ) ) ;
#1580 =( NAMED_UNIT ( * ) PLANE_ANGLE_UNIT ( ) SI_UNIT ( $, .RADIAN. ) );
#1581 = CARTESIAN_POINT ( 'NONE',  ( -39.22666821186044217, 15.80893398493208757, -29.72750111263870920 ) ) ;
#1582 = PLANE ( 'NONE',  #1607 ) ;
#1583 = CARTESIAN_POINT ( 'NONE',  ( -40.24730114936043890, 16.08569668750710235, -28.34208444528924531 ) ) ;
#1584 = CARTESIAN_POINT ( 'NONE',  ( -42.76793408686044273, 15.80893398493208757, -26.56083444597204490 ) ) ;
#1585 = CARTESIAN_POINT ( 'NONE',  ( -40.11198468061044053, 16.32007168648291184, -27.62333444597204490 ) ) ;
#1586 = CARTESIAN_POINT ( 'NONE',  ( -39.83485872479243284, 16.12227402383624053, -32.20041777998816457 ) ) ;
#1587 =( BOUNDED_CURVE ( )  B_SPLINE_CURVE ( 2, ( #3265, #1223, #942, #3015, #907, #1977, #1197 ),
 .UNSPECIFIED., .F., .T. ) 
 B_SPLINE_CURVE_WITH_KNOTS ( ( 3, 2, 2, 3 ),
 ( 0.6764705882352939348, 0.6862745098039213509, 0.6960784313725487671, 0.7058823529411762943 ),
 .UNSPECIFIED. ) 
 CURVE ( )  GEOMETRIC_REPRESENTATION_ITEM ( )  RATIONAL_B_SPLINE_CURVE ( ( 1.000000000000003109, 0.8660254037844357100, 1.000000000000000000, 0.8660254037844387076, 1.000000000000000000, 0.8660254037844417052, 0.9999999999999970024 ) ) 
 REPRESENTATION_ITEM ( '' )  );
#1588 = CARTESIAN_POINT ( 'NONE',  ( -41.88261761811044437, 13.25324547717797685, -32.37333444597204135 ) ) ;
#1589 = ORIENTED_EDGE ( 'NONE', *, *, #1937, .T. ) ;
#1590 = CARTESIAN_POINT ( 'NONE',  ( -42.49730114936043890, 14.78665858183044257, -29.67541777862257746 ) ) ;
#1591 = CARTESIAN_POINT ( 'NONE',  ( -40.11198468061044053, 13.25324547717797685, -24.35250111263871275 ) ) ;
#1592 = CARTESIAN_POINT ( 'NONE',  ( -42.76793408686044273, 15.80893398493208757, -28.99833444597204846 ) ) ;
#1593 = CARTESIAN_POINT ( 'NONE',  ( -40.99730114936044600, 16.51870938939932287, -25.30041777862258101 ) ) ;
#1594 = CARTESIAN_POINT ( 'NONE',  ( -40.99730114936044600, 16.83120938803373079, -25.08166777930537705 ) ) ;
#1595 = ORIENTED_EDGE ( 'NONE', *, *, #1351, .T. ) ;
#1596 = CARTESIAN_POINT ( 'NONE',  ( -39.49730114936044600, 13.92063317804600331, -29.59208444665484095 ) ) ;
#1597 = CARTESIAN_POINT ( 'NONE',  ( -42.76793408686044273, 15.80893398493208757, -24.06083444597204135 ) ) ;
#1598 = LINE ( 'NONE', #48, #59 ) ;
#1599 = CARTESIAN_POINT ( 'NONE',  ( -42.49730114936043890, 15.65268398561487473, -26.84208444665484095 ) ) ;
#1600 = PRODUCT_DEFINITION_CONTEXT ( 'detailed design', #2700, 'design' ) ;
#1601 = CARTESIAN_POINT ( 'NONE',  ( -42.49730114936043890, 14.78665858183044257, -28.67541777862258101 ) ) ;
#1602 = EDGE_CURVE ( 'NONE', #56, #2870, #2299, .T. ) ;
#1603 = CARTESIAN_POINT ( 'NONE',  ( -40.99730114936043890, 16.51870938939932287, -29.92541777998817309 ) ) ;
#1604 = CARTESIAN_POINT ( 'NONE',  ( -41.88261761811044437, 16.32007168648290829, -27.60250111263871275 ) ) ;
#1605 = CARTESIAN_POINT ( 'NONE',  ( -42.76793408686044273, 13.76438317872879757, -29.41500111263871275 ) ) ;
#1606 = CARTESIAN_POINT ( 'NONE',  ( -39.96386884091772629, 16.23455696656506930, -32.19280539199910152 ) ) ;
#1607 = AXIS2_PLACEMENT_3D ( 'NONE', #1378, #621, #50 ) ;
#1608 = LINE ( 'NONE', #1680, #1227 ) ;
#1609 = ORIENTED_EDGE ( 'NONE', *, *, #1575, .T. ) ;
#1610 = CARTESIAN_POINT ( 'NONE',  ( -39.49730114936044600, 13.92063317804600331, -30.96708444528924886 ) ) ;
#1611 =( BOUNDED_CURVE ( )  B_SPLINE_CURVE ( 2, ( #1096, #2125, #2632, #305, #843, #637, #3170 ),
 .UNSPECIFIED., .F., .T. ) 
 B_SPLINE_CURVE_WITH_KNOTS ( ( 3, 2, 2, 3 ),
 ( 0.5882352941176471894, 0.5980392156862744946, 0.6078431372549016887, 0.6176470588235291048 ),
 .UNSPECIFIED. ) 
 CURVE ( )  GEOMETRIC_REPRESENTATION_ITEM ( )  RATIONAL_B_SPLINE_CURVE ( ( 0.9999999999999984457, 0.8660254037844402619, 1.000000000000000000, 0.8660254037844387076, 1.000000000000000000, 0.8660254037844432595, 0.9999999999999954481 ) ) 
 REPRESENTATION_ITEM ( '' )  );
#1612 = CARTESIAN_POINT ( 'NONE',  ( -40.11198468061044053, 16.32007168648291184, -30.12333444597204490 ) ) ;
#1613 = CARTESIAN_POINT ( 'NONE',  ( -41.74730114936043890, 16.08569668750710235, -24.75875111195591316 ) ) ;
#1614 = CARTESIAN_POINT ( 'NONE',  ( -41.88261761811044437, 13.25324547717797685, -24.87333444597204490 ) ) ;
#1615 = ORIENTED_EDGE ( 'NONE', *, *, #477, .T. ) ;
#1616 =( BOUNDED_CURVE ( )  B_SPLINE_CURVE ( 2, ( #1652, #1148, #2448 ),
 .UNSPECIFIED., .F., .T. ) 
 B_SPLINE_CURVE_WITH_KNOTS ( ( 3, 3 ),
 ( 0.9411764705882352811, 0.9442303251914448969 ),
 .UNSPECIFIED. ) 
 CURVE ( )  GEOMETRIC_REPRESENTATION_ITEM ( )  RATIONAL_B_SPLINE_CURVE ( ( 1.000000000000000000, 0.9582678283886636450, 0.9425342295902787715 ) ) 
 REPRESENTATION_ITEM ( '' )  );
#1617 = CARTESIAN_POINT ( 'NONE',  ( -40.24730114936043890, 16.08569668750710235, -30.96708444665484450 ) ) ;
#1618 = CARTESIAN_POINT ( 'NONE',  ( -40.99730114936044600, 12.74210777562715435, -25.39416777930537705 ) ) ;
#1619 = MECHANICAL_DESIGN_GEOMETRIC_PRESENTATION_REPRESENTATION (  '', ( #592 ), #425 ) ;
#1620 = CARTESIAN_POINT ( 'NONE',  ( -40.24730114936043890, 16.08569668750710235, -25.34208444528924886 ) ) ;
#1621 = CARTESIAN_POINT ( 'NONE',  ( -42.49730114936043890, 13.92063317804600331, -28.63375111195591316 ) ) ;
#1622 = CARTESIAN_POINT ( 'NONE',  ( -42.49730114936043890, 14.78665858183044257, -25.80041777998817665 ) ) ;
#1623 = CARTESIAN_POINT ( 'NONE',  ( -40.99730114936043890, 12.74210777562715613, -26.89416777930537705 ) ) ;
#1624 = CARTESIAN_POINT ( 'NONE',  ( -42.76793408686044273, 15.80893398493208757, -27.99833444597204490 ) ) ;
#1625 = ADVANCED_FACE ( 'NONE', ( #936 ), #98, .T. ) ;
#1626 = AXIS2_PLACEMENT_3D ( 'NONE', #2245, #506, #1990 ) ;
#1627 = CARTESIAN_POINT ( 'NONE',  ( -39.49730114936043890, 14.78665858183044257, -31.55041777998817665 ) ) ;
#1628 = DIRECTION ( 'NONE',  ( 0.000000000000000000, 0.000000000000000000, 1.000000000000000000 ) ) ;
#1629 = ORIENTED_EDGE ( 'NONE', *, *, #587, .F. ) ;
#1630 = CARTESIAN_POINT ( 'NONE',  ( -39.49730114936044600, 15.65268398561488361, -28.88375111195591316 ) ) ;
#1631 = CARTESIAN_POINT ( 'NONE',  ( -39.49730114936043890, 14.78665858183044257, -24.42541777862258101 ) ) ;
#1632 = CARTESIAN_POINT ( 'NONE',  ( -42.76793408686044273, 15.80893398493208757, -23.99833444597204135 ) ) ;
#1633 = VERTEX_POINT ( 'NONE', #1145 ) ;
#1634 = CARTESIAN_POINT ( 'NONE',  ( -42.49730114936043890, 13.92063317804600331, -31.25875111332150169 ) ) ;
#1635 = CARTESIAN_POINT ( 'NONE',  ( -39.22666821186044217, 15.80893398493208757, -24.22750111263871275 ) ) ;
#1636 = CARTESIAN_POINT ( 'NONE',  ( -40.86605326002542427, 13.04367364059997136, -24.80041777998817665 ) ) ;
#1637 = CARTESIAN_POINT ( 'NONE',  ( -42.49730114936043890, 14.78665858183044257, -26.80041777998817309 ) ) ;
#1638 = CARTESIAN_POINT ( 'NONE',  ( -42.49730114936043890, 14.78665858183044257, -31.67541777862258101 ) ) ;
#1639 = CARTESIAN_POINT ( 'NONE',  ( -41.74730114936043890, 13.48762047615378279, -25.71708444665484450 ) ) ;
#1640 = CARTESIAN_POINT ( 'NONE',  ( -42.76793408686044273, 15.80893398493208757, -29.56083444597204490 ) ) ;
#1641 = CARTESIAN_POINT ( 'NONE',  ( -40.99730114936044600, 16.83120938803373079, -29.08166777930537705 ) ) ;
#1642 = CARTESIAN_POINT ( 'NONE',  ( -40.24730114936043890, 13.48762047615378279, -31.13375111332150880 ) ) ;
#1643 = FACE_OUTER_BOUND ( 'NONE', #1828, .T. ) ;
#1644 = VERTEX_POINT ( 'NONE', #2716 ) ;
#1645 = CARTESIAN_POINT ( 'NONE',  ( -42.49730114936043890, 14.78665858183044257, -30.17541777862257746 ) ) ;
#1646 = EDGE_CURVE ( 'NONE', #165, #2796, #1939, .T. ) ;
#1647 = CARTESIAN_POINT ( 'NONE',  ( -40.24730114936043890, 13.48762047615378279, -25.50875111195591316 ) ) ;
#1648 = CARTESIAN_POINT ( 'NONE',  ( -42.76793408686044273, 14.78665858183044257, -25.95666777930538061 ) ) ;
#1649 = ORIENTED_EDGE ( 'NONE', *, *, #650, .F. ) ;
#1650 = CARTESIAN_POINT ( 'NONE',  ( -42.49730114936043890, 14.78665858183044257, -32.30041777998817309 ) ) ;
#1651 = CARTESIAN_POINT ( 'NONE',  ( -40.11198468061044053, 16.32007168648291184, -24.68583444597204490 ) ) ;
#1652 = CARTESIAN_POINT ( 'NONE',  ( -42.49730114936043890, 14.78665858183044257, -32.17541777862258101 ) ) ;
#1653 = ORIENTED_EDGE ( 'NONE', *, *, #1646, .T. ) ;
#1654 = CARTESIAN_POINT ( 'NONE',  ( -42.76793408686044273, 14.78665858183044257, -32.51916777930537705 ) ) ;
#1655 = DIRECTION ( 'NONE',  ( -0.000000000000000000, -0.000000000000000000, -1.000000000000000000 ) ) ;
#1656 = CARTESIAN_POINT ( 'NONE',  ( -42.49730114936043890, 14.78665858183044257, -24.80041777998817665 ) ) ;
#1657 = CARTESIAN_POINT ( 'NONE',  ( -40.11198468061044053, 13.25324547717797685, -30.35250111263871275 ) ) ;
#1658 = CARTESIAN_POINT ( 'NONE',  ( -42.76793408686044273, 14.78665858183044257, -27.95666777930537705 ) ) ;
#1659 = CARTESIAN_POINT ( 'NONE',  ( -40.99730114936044600, 16.83120938803373079, -24.64416777930538061 ) ) ;
#1660 = CARTESIAN_POINT ( 'NONE',  ( -42.76793408686044273, 15.80893398493208757, -24.99833444597204490 ) ) ;
#1661 = CARTESIAN_POINT ( 'NONE',  ( -40.99730114936043890, 13.05460777426156582, -29.05041777862257746 ) ) ;
#1662 = ORIENTED_EDGE ( 'NONE', *, *, #2031, .F. ) ;
#1663 = CYLINDRICAL_SURFACE ( 'NONE', #2123, 1.500000000000001332 ) ;
#1664 = AXIS2_PLACEMENT_3D ( 'NONE', #3336, #771, #1810 ) ;
#1665 = CARTESIAN_POINT ( 'NONE',  ( -39.22666821186043506, 14.78665858183044257, -26.20666777930537705 ) ) ;
#1666 = VERTEX_POINT ( 'NONE', #1205 ) ;
#1667 = LINE ( 'NONE', #684, #1132 ) ;
#1668 = EDGE_CURVE ( 'NONE', #274, #387, #1458, .T. ) ;
#1669 = CARTESIAN_POINT ( 'NONE',  ( -39.49730114936044600, 13.92063317804600331, -31.59208444665484450 ) ) ;
#1670 = CARTESIAN_POINT ( 'NONE',  ( -42.76793408686044273, 14.78665858183044257, -25.01916777930538061 ) ) ;
#1671 = CARTESIAN_POINT ( 'NONE',  ( -39.27163003264472962, 15.39159670067593844, -32.20041777998817878 ) ) ;
#1672 = ORIENTED_EDGE ( 'NONE', *, *, #612, .T. ) ;
#1673 = CARTESIAN_POINT ( 'NONE',  ( -43.17230114936081264, 14.78665858182955972, -40.80041777998818020 ) ) ;
#1674 = CYLINDRICAL_SURFACE ( 'NONE', #2654, 1.500000000000001332 ) ;
#1675 = CARTESIAN_POINT ( 'NONE',  ( -40.99730114936044600, 13.05460777426156582, -24.67541777998817665 ) ) ;
#1676 = CARTESIAN_POINT ( 'NONE',  ( -39.22666821186043506, 15.80893398493208757, -29.72750111263870920 ) ) ;
#1677 = CARTESIAN_POINT ( 'NONE',  ( -42.76793408686044273, 15.80893398493208757, -27.49833444597204490 ) ) ;
#1678 = CARTESIAN_POINT ( 'NONE',  ( -41.88261761811044437, 13.25324547717797685, -24.43583444597204490 ) ) ;
#1679 = CARTESIAN_POINT ( 'NONE',  ( -40.11198468061044053, 13.25324547717797685, -25.79000111263870920 ) ) ;
#1680 = CARTESIAN_POINT ( 'NONE',  ( -39.49730114936043890, 14.78665858183044257, -24.80041777998817665 ) ) ;
#1681 = CARTESIAN_POINT ( 'NONE',  ( -39.49730114936044600, 15.65268398561488361, -31.38375111195590605 ) ) ;
#1682 = PRODUCT_DEFINITION_SHAPE ( 'NONE', 'NONE',  #953 ) ;
#1683 = ORIENTED_EDGE ( 'NONE', *, *, #3287, .T. ) ;
#1684 = CARTESIAN_POINT ( 'NONE',  ( -42.49730114936043890, 13.92063317804601041, -25.13375111195591316 ) ) ;
#1685 = CARTESIAN_POINT ( 'NONE',  ( -39.22666821186043506, 14.78665858183044257, -24.70666777930537705 ) ) ;
#1686 = EDGE_CURVE ( 'NONE', #1802, #2407, #2995, .T. ) ;
#1687 = CARTESIAN_POINT ( 'NONE',  ( -42.76793408686044273, 14.78665858183044257, -27.01916777930537705 ) ) ;
#1688 = CARTESIAN_POINT ( 'NONE',  ( -39.49730114936043890, 14.78665858183044257, -28.55041777998817665 ) ) ;
#1689 = VERTEX_POINT ( 'NONE', #2749 ) ;
#1690 = CYLINDRICAL_SURFACE ( 'NONE', #185, 1.470000000000005969 ) ;
#1691 = CARTESIAN_POINT ( 'NONE',  ( -40.99730114936043890, 14.78665858183044257, -24.80041777998817665 ) ) ;
#1692 = CARTESIAN_POINT ( 'NONE',  ( -40.24730114936043890, 13.48762047615378279, -24.63375111332150880 ) ) ;
#1693 = EDGE_CURVE ( 'NONE', #2842, #2388, #2655, .T. ) ;
#1694 = CARTESIAN_POINT ( 'NONE',  ( -39.22666821186043506, 15.80893398493208757, -30.72750111263871275 ) ) ;
#1695 = CARTESIAN_POINT ( 'NONE',  ( -40.11198468061044053, 16.32007168648291184, -28.12333444597204490 ) ) ;
#1696 = CARTESIAN_POINT ( 'NONE',  ( -39.22666821186043506, 14.78665858183044257, -27.76916777930537705 ) ) ;
#1697 = CARTESIAN_POINT ( 'NONE',  ( -42.49730114936043890, 14.78665858183044257, -27.30041777998817665 ) ) ;
#1698 = CARTESIAN_POINT ( 'NONE',  ( -42.49730114936043890, 13.92063317804600331, -32.63375111195591671 ) ) ;
#1699 = AXIS2_PLACEMENT_3D ( 'NONE', #1899, #1138, #1382 ) ;
#1700 = CARTESIAN_POINT ( 'NONE',  ( -40.59537734930582076, 16.28665857524406491, -24.82274687862561535 ) ) ;
#1701 =( BOUNDED_CURVE ( )  B_SPLINE_CURVE ( 2, ( #2782, #1253, #492, #3277, #1738, #3309, #2795 ),
 .UNSPECIFIED., .F., .T. ) 
 B_SPLINE_CURVE_WITH_KNOTS ( ( 3, 2, 2, 3 ),
 ( 0.7941176470588233727, 0.8039215686274508998, 0.8137254901960783160, 0.8235294117647057321 ),
 .UNSPECIFIED. ) 
 CURVE ( )  GEOMETRIC_REPRESENTATION_ITEM ( )  RATIONAL_B_SPLINE_CURVE ( ( 1.000000000000001554, 0.8660254037844371533, 1.000000000000000000, 0.8660254037844387076, 1.000000000000000000, 0.8660254037844402619, 0.9999999999999984457 ) ) 
 REPRESENTATION_ITEM ( '' )  );
#1702 = CARTESIAN_POINT ( 'NONE',  ( -42.76793408686044273, 15.80893398493208757, -24.49833444597204490 ) ) ;
#1703 = CARTESIAN_POINT ( 'NONE',  ( -41.88261761811044437, 13.25324547717797685, -28.43583444597204490 ) ) ;
#1704 = CARTESIAN_POINT ( 'NONE',  ( -42.49730114936043890, 13.92063317804600331, -28.13375111195591671 ) ) ;
#1705 = EDGE_LOOP ( 'NONE', ( #1126, #1921, #2101, #2167 ) ) ;
#1706 = CARTESIAN_POINT ( 'NONE',  ( -39.49730114936043890, 14.78665858183044257, -31.92541777862258101 ) ) ;
#1707 = CARTESIAN_POINT ( 'NONE',  ( -39.49730114936043890, 14.78665858183044257, -27.55041777998817665 ) ) ;
#1708 = CARTESIAN_POINT ( 'NONE',  ( -39.49730114936044600, 13.92063317804600331, -24.59208444665484095 ) ) ;
#1709 = CARTESIAN_POINT ( 'NONE',  ( -39.22666821186043506, 13.76438317872879935, -30.31083444597204490 ) ) ;
#1710 = CARTESIAN_POINT ( 'NONE',  ( -39.22666821186043506, 15.80893398493208757, -29.16500111263870920 ) ) ;
#1711 = CARTESIAN_POINT ( 'NONE',  ( -39.22666821186044217, 13.76438317872879935, -28.81083444597204490 ) ) ;
#1712 = CARTESIAN_POINT ( 'NONE',  ( -42.76793408686044273, 13.76438317872879757, -25.41500111263870920 ) ) ;
#1713 = EDGE_CURVE ( 'NONE', #2444, #2684, #2791, .T. ) ;
#1714 = CARTESIAN_POINT ( 'NONE',  ( -40.99730114936081549, 14.78665858182955972, -40.80041777998818020 ) ) ;
#1715 = ORIENTED_EDGE ( 'NONE', *, *, #2921, .F. ) ;
#1716 = CARTESIAN_POINT ( 'NONE',  ( -39.49730114936044600, 15.65268398561488361, -31.88375111195591316 ) ) ;
#1717 = B_SPLINE_CURVE_WITH_KNOTS ( 'NONE', 3,
 ( #635, #1671, #2702, #394 ),
 .UNSPECIFIED., .F., .F.,
 ( 4, 4 ),
 ( 0.000000000000000000, 0.001369819556641399191 ),
 .UNSPECIFIED. ) ;
#1718 = CARTESIAN_POINT ( 'NONE',  ( -40.99730112477974586, 16.28665858183044435, -24.80041777998818020 ) ) ;
#1719 = CARTESIAN_POINT ( 'NONE',  ( -39.22666821186044217, 13.76438317872879935, -26.24833444597204846 ) ) ;
#1720 = CARTESIAN_POINT ( 'NONE',  ( -42.76793408686044273, 13.76438317872879757, -27.97750111263871631 ) ) ;
#1721 = CARTESIAN_POINT ( 'NONE',  ( -42.49730114936043179, 13.92063317804599620, -30.25875111332150880 ) ) ;
#1722 = ORIENTED_EDGE ( 'NONE', *, *, #2835, .T. ) ;
#1723 =( BOUNDED_CURVE ( )  B_SPLINE_CURVE ( 2, ( #858, #1076, #1894, #1927, #604, #1377, #2414 ),
 .UNSPECIFIED., .F., .T. ) 
 B_SPLINE_CURVE_WITH_KNOTS ( ( 3, 2, 2, 3 ),
 ( 0.1764705882352942679, 0.1862745098039217395, 0.1960784313725491834, 0.2058823529411766551 ),
 .UNSPECIFIED. ) 
 CURVE ( )  GEOMETRIC_REPRESENTATION_ITEM ( )  RATIONAL_B_SPLINE_CURVE ( ( 0.9999999999999980016, 0.8660254037844405950, 1.000000000000000000, 0.8660254037844387076, 1.000000000000000000, 0.8660254037844360431, 1.000000000000002665 ) ) 
 REPRESENTATION_ITEM ( '' )  );
#1724 = CARTESIAN_POINT ( 'NONE',  ( -40.99730114936043890, 14.78665858183044257, -24.80041777998817665 ) ) ;
#1725 = DIRECTION ( 'NONE',  ( -1.000000000000000000, 0.000000000000000000, 0.000000000000000000 ) ) ;
#1726 = CARTESIAN_POINT ( 'NONE',  ( -42.49730114936043890, 13.92063317804600331, -27.25875111332150880 ) ) ;
#1727 = CIRCLE ( 'NONE', #2847, 1.500000000000001332 ) ;
#1728 = CARTESIAN_POINT ( 'NONE',  ( -39.22666821186043506, 15.80893398493208757, -28.16500111263871275 ) ) ;
#1729 = CARTESIAN_POINT ( 'NONE',  ( -42.76793408686044273, 13.76438317872879757, -28.47750111263871275 ) ) ;
#1730 = CARTESIAN_POINT ( 'NONE',  ( -39.49730114936041048, 13.92063317804602107, -29.46708444528925241 ) ) ;
#1731 = CARTESIAN_POINT ( 'NONE',  ( -39.27389648300723479, 14.76490039996621739, -24.80041777998817665 ) ) ;
#1733 = EDGE_CURVE ( 'NONE', #1072, #2210, #1667, .T. ) ;
#1732 = CARTESIAN_POINT ( 'NONE',  ( -40.24730114936043890, 16.08569668750710235, -32.34208444528924531 ) ) ;
#1734 = AXIS2_PLACEMENT_3D ( 'NONE', #1303, #2595, #1021 ) ;
#1735 = CARTESIAN_POINT ( 'NONE',  ( -39.22666821186044217, 15.80893398493208757, -30.16500111263871275 ) ) ;
#1736 = CARTESIAN_POINT ( 'NONE',  ( -41.88261761811044437, 13.25324547717797685, -26.37333444597204490 ) ) ;
#1737 = CARTESIAN_POINT ( 'NONE',  ( -39.22666821186044217, 15.80893398493208757, -26.72750111263870920 ) ) ;
#1738 = CARTESIAN_POINT ( 'NONE',  ( -41.74730114936043890, 13.48762047615378279, -30.71708444665484450 ) ) ;
#1739 = ORIENTED_EDGE ( 'NONE', *, *, #1686, .T. ) ;
#1740 = DIRECTION ( 'NONE',  ( -1.000000000000000000, 0.000000000000000000, 0.000000000000000000 ) ) ;
#1741 = DIRECTION ( 'NONE',  ( -0.000000000000000000, -0.000000000000000000, -1.000000000000000000 ) ) ;
#1742 = CARTESIAN_POINT ( 'NONE',  ( -39.49730114936044600, 15.65268398561488361, -27.50875111332151235 ) ) ;
#1743 = CARTESIAN_POINT ( 'NONE',  ( -42.06620347164600560, 13.56338992150439715, -24.80041777998817309 ) ) ;
#1744 = CARTESIAN_POINT ( 'NONE',  ( -41.88261761811044437, 13.25324547717797685, -29.43583444597204490 ) ) ;
#1745 = CARTESIAN_POINT ( 'NONE',  ( -42.49730114936043890, 14.78665858183044257, -29.67541777862257746 ) ) ;
#1746 = CARTESIAN_POINT ( 'NONE',  ( -42.49730114936043890, 14.78665858183044257, -30.80041777998817309 ) ) ;
#1747 = CARTESIAN_POINT ( 'NONE',  ( -42.49730114936043890, 14.78665858183044257, -25.80041777998817665 ) ) ;
#1748 = CARTESIAN_POINT ( 'NONE',  ( -39.49730114936044600, 15.65268398561488361, -26.38375111195591316 ) ) ;
#1749 = CARTESIAN_POINT ( 'NONE',  ( -40.99730114936044600, 16.83120938803373079, -30.08166777930537705 ) ) ;
#1750 = ADVANCED_FACE ( 'NONE', ( #1389 ), #916, .T. ) ;
#1751 = CARTESIAN_POINT ( 'NONE',  ( -42.76793408686044273, 13.76438317872879757, -27.91500111263871275 ) ) ;
#1752 = CARTESIAN_POINT ( 'NONE',  ( -42.76793408686044273, 14.78665858183044257, -26.51916777930537705 ) ) ;
#1753 = CARTESIAN_POINT ( 'NONE',  ( -39.46719048253808637, 14.03919989528044887, -32.20041777998816457 ) ) ;
#1754 = ORIENTED_EDGE ( 'NONE', *, *, #938, .T. ) ;
#1755 = FACE_OUTER_BOUND ( 'NONE', #1376, .T. ) ;
#1756 = CARTESIAN_POINT ( 'NONE',  ( -39.49730114936043890, 14.78665858183044257, -27.42541777862258101 ) ) ;
#1757 = CARTESIAN_POINT ( 'NONE',  ( -39.49730114936044600, 13.92063317804600331, -27.09208444665484450 ) ) ;
#1758 = CARTESIAN_POINT ( 'NONE',  ( -41.88261761811044437, 16.32007168648290829, -30.54000111263871275 ) ) ;
#1759 = CARTESIAN_POINT ( 'NONE',  ( -40.99730114936044600, 12.74210777562715435, -27.89416777930537705 ) ) ;
#1760 = FACE_BOUND ( 'NONE', #211, .T. ) ;
#1761 =( BOUNDED_CURVE ( )  B_SPLINE_CURVE ( 2, ( #1028, #3051, #2059, #995, #2298, #753, #1747 ),
 .UNSPECIFIED., .F., .T. ) 
 B_SPLINE_CURVE_WITH_KNOTS ( ( 3, 2, 2, 3 ),
 ( 0.2058823529411766551, 0.2156862745098041267, 0.2254901960784315984, 0.2352941176470590423 ),
 .UNSPECIFIED. ) 
 CURVE ( )  GEOMETRIC_REPRESENTATION_ITEM ( )  RATIONAL_B_SPLINE_CURVE ( ( 0.9999999999999974465, 0.8660254037844413721, 1.000000000000000000, 0.8660254037844387076, 1.000000000000000000, 0.8660254037844357100, 1.000000000000003109 ) ) 
 REPRESENTATION_ITEM ( '' )  );
#1762 = CARTESIAN_POINT ( 'NONE',  ( -42.76793408686044273, 15.80893398493208757, -25.56083444597204490 ) ) ;
#1763 = CARTESIAN_POINT ( 'NONE',  ( -40.99730114936043890, 12.74210777562715613, -26.33166777930537705 ) ) ;
#1764 = CARTESIAN_POINT ( 'NONE',  ( -40.24730114936043890, 16.08569668750710235, -26.84208444528924886 ) ) ;
#1765 = CARTESIAN_POINT ( 'NONE',  ( -39.22666821186044217, 15.80893398493208757, -31.66500111263870920 ) ) ;
#1766 = CARTESIAN_POINT ( 'NONE',  ( -41.88261761811044437, 16.32007168648290829, -27.54000111263871275 ) ) ;
#1767 = CARTESIAN_POINT ( 'NONE',  ( -41.88261761811044437, 16.32007168648290829, -30.10250111263871275 ) ) ;
#1768 = ADVANCED_FACE ( 'NONE', ( #666 ), #390, .T. ) ;
#1769 = CYLINDRICAL_SURFACE ( 'NONE', #41, 1.500000000000001332 ) ;
#1770 = ORIENTED_EDGE ( 'NONE', *, *, #1668, .F. ) ;
#1771 = CIRCLE ( 'NONE', #1442, 1.500000000000001332 ) ;
#1772 = CARTESIAN_POINT ( 'NONE',  ( -40.24730114936043890, 16.08569668750710235, -28.96708444665484095 ) ) ;
#1773 = CARTESIAN_POINT ( 'NONE',  ( -41.74730114936043890, 16.08569668750710235, -27.88375111332150880 ) ) ;
#1774 = CARTESIAN_POINT ( 'NONE',  ( -39.22666821186043506, 15.80893398493208757, -31.16500111263871275 ) ) ;
#1775 = CARTESIAN_POINT ( 'NONE',  ( -41.88261761811044437, 16.32007168648290829, -29.60250111263870920 ) ) ;
#1776 = CARTESIAN_POINT ( 'NONE',  ( -41.74730114936043890, 16.08569668750710235, -31.88375111332150524 ) ) ;
#1777 = CARTESIAN_POINT ( 'NONE',  ( -39.49730114936045311, 15.65268398561489605, -30.38375111195590961 ) ) ;
#1778 = CARTESIAN_POINT ( 'NONE',  ( -40.99730114936044600, 16.83120938803373079, -31.58166777930538061 ) ) ;
#1779 = CARTESIAN_POINT ( 'NONE',  ( -42.76793408686044273, 13.76438317872879757, -26.91500111263871275 ) ) ;
#1780 = CARTESIAN_POINT ( 'NONE',  ( -40.24730114936043890, 13.48762047615378279, -28.50875111195591671 ) ) ;
#1781 = CARTESIAN_POINT ( 'NONE',  ( -42.76793408686044273, 14.78665858183044257, -31.45666777930537705 ) ) ;
#1782 = CARTESIAN_POINT ( 'NONE',  ( -41.88261761811044437, 13.25324547717797685, -25.87333444597204490 ) ) ;
#1783 = CARTESIAN_POINT ( 'NONE',  ( -40.99730114936044600, 16.83120938803373079, -29.14416777930538061 ) ) ;
#1784 = VECTOR ( 'NONE', #164, 1000.000000000000000 ) ;
#1785 = CARTESIAN_POINT ( 'NONE',  ( -39.49730114936043890, 14.78665858183044257, -27.05041777998817665 ) ) ;
#1786 = ORIENTED_EDGE ( 'NONE', *, *, #3148, .T. ) ;
#1787 = CARTESIAN_POINT ( 'NONE',  ( -42.49730114936043890, 14.78665858183044257, -31.17541777862258101 ) ) ;
#1788 = EDGE_CURVE ( 'NONE', #2646, #56, #1855, .T. ) ;
#1789 = CARTESIAN_POINT ( 'NONE',  ( -41.74730114936043890, 16.08569668750710235, -26.38375111332150880 ) ) ;
#1790 = AXIS2_PLACEMENT_3D ( 'NONE', #3016, #2487, #2217 ) ;
#1791 = CARTESIAN_POINT ( 'NONE',  ( -40.11198468061044053, 16.32007168648291184, -30.12333444597204490 ) ) ;
#1792 = CARTESIAN_POINT ( 'NONE',  ( -40.99730114936044600, 12.74210777562715435, -31.39416777930538061 ) ) ;
#1793 = CARTESIAN_POINT ( 'NONE',  ( -39.62730114936091752, 14.78665858183045323, -41.90041777998817452 ) ) ;
#1794 = EDGE_CURVE ( 'NONE', #2593, #1689, #1259, .T. ) ;
#1795 = CARTESIAN_POINT ( 'NONE',  ( -42.76793408686044273, 13.76438317872879757, -24.97750111263870565 ) ) ;
#1796 = CARTESIAN_POINT ( 'NONE',  ( -39.49730114936043890, 14.78665858183044257, -31.92541777862258101 ) ) ;
#1797 = CARTESIAN_POINT ( 'NONE',  ( -40.24730114936043890, 13.48762047615378279, -26.50875111195591316 ) ) ;
#1798 = CARTESIAN_POINT ( 'NONE',  ( -41.88261761811044437, 16.32007168648290829, -32.04000111263871275 ) ) ;
#1799 = CARTESIAN_POINT ( 'NONE',  ( -42.76793408686044273, 15.80893398493208757, -29.49833444597204490 ) ) ;
#1800 = CARTESIAN_POINT ( 'NONE',  ( -39.22666821186044217, 15.80893398493208757, -31.22750111263871275 ) ) ;
#1801 = CARTESIAN_POINT ( 'NONE',  ( -40.02879688638703470, 13.46929083254075543, -32.20041777998818588 ) ) ;
#1802 = VERTEX_POINT ( 'NONE', #2107 ) ;
#1803 = CARTESIAN_POINT ( 'NONE',  ( -39.49730114936044600, 15.65268398561488361, -30.50875111332151235 ) ) ;
#1804 = ORIENTED_EDGE ( 'NONE', *, *, #917, .F. ) ;
#1805 = CARTESIAN_POINT ( 'NONE',  ( -39.31117612164003106, 15.85772464939198478, -32.16102381973637137 ) ) ;
#1806 = CARTESIAN_POINT ( 'NONE',  ( -40.99730114936044600, 16.83120938803373079, -30.64416777930538061 ) ) ;
#1807 = CARTESIAN_POINT ( 'NONE',  ( -40.99730114936043890, 14.78665858183044257, -24.80041777998817665 ) ) ;
#1808 = CARTESIAN_POINT ( 'NONE',  ( -39.49730114936043890, 14.78665858183044257, -24.80041777998817665 ) ) ;
#1809 = EDGE_CURVE ( 'NONE', #349, #2205, #2855, .T. ) ;
#1810 = DIRECTION ( 'NONE',  ( -1.000000000000000000, 0.000000000000000000, 0.000000000000000000 ) ) ;
#1811 = CARTESIAN_POINT ( 'NONE',  ( -41.74730114936043890, 13.48762047615378279, -27.09208444528924531 ) ) ;
#1812 = CARTESIAN_POINT ( 'NONE',  ( -40.11198468061044053, 16.32007168648291184, -24.68583444597204490 ) ) ;
#1813 = CARTESIAN_POINT ( 'NONE',  ( -41.88261761811044437, 13.25324547717797685, -30.37333444597204490 ) ) ;
#1814 = CARTESIAN_POINT ( 'NONE',  ( -42.76793408686044273, 13.76438317872879757, -29.97750111263871275 ) ) ;
#1815 = CARTESIAN_POINT ( 'NONE',  ( -39.49730114936043890, 14.78665858183044257, -26.05041777998817309 ) ) ;
#1816 = ORIENTED_EDGE ( 'NONE', *, *, #2512, .F. ) ;
#1817 = CARTESIAN_POINT ( 'NONE',  ( -41.74730114936043890, 13.48762047615378279, -29.21708444665484095 ) ) ;
#1818 = CARTESIAN_POINT ( 'NONE',  ( -42.49730114936043890, 14.78665858183044257, -31.67541777862258101 ) ) ;
#1819 = CARTESIAN_POINT ( 'NONE',  ( -40.11198468061044053, 13.25324547717797685, -29.85250111263870920 ) ) ;
#1820 = CARTESIAN_POINT ( 'NONE',  ( -41.74730114936043890, 16.08569668750710235, -29.38375111332150880 ) ) ;
#1821 = CIRCLE ( 'NONE', #2528, 1.470000000000005969 ) ;
#1822 = CARTESIAN_POINT ( 'NONE',  ( -42.49730114936043890, 14.78665858183044257, -31.80041777998817665 ) ) ;
#1823 = CARTESIAN_POINT ( 'NONE',  ( -40.11198468061044053, 13.25324547717797685, -26.85250111263871275 ) ) ;
#1824 = DIRECTION ( 'NONE',  ( -1.000000000000000000, 0.000000000000000000, -0.000000000000000000 ) ) ;
#1825 =( BOUNDED_SURFACE ( )  B_SPLINE_SURFACE ( 1, 2, ( 
 ( #25, #1632, #2323, #318, #2066, #1071, #279, #62, #1872, #540, #598, #1354, #837, #3163, #3126, #2896, #2592, #1852, #2100, #1285, #261, #817, #1614, #1034, #560, #1051, #853, #1594, #1319, #2083, #1576, #2119, #3090, #2645, #1301, #2627, #2611, #299, #2338, #2912, #241, #3107, #2356, #2374, #797, #1834, #44, #2392, #1648, #3216, #371, #630, #112, #96, #1665, #2406, #1143, #2426, #2664, #1125, #2170, #1404, #78, #3196, #1905, #1160, #883, #1387, #2926, #2679, #2941, #337, #2443, #2154, #1920, #2696, #2189, #614, #1371, #3182, #868, #352, #1864, #2365, #3117, #309, #877, #2092, #1585, #2888, #1914, #1381, #1137, #2148, #2920, #807, #2164, #1624, #2418, #2936, #16, #1898, #91, #2906, #1844, #827, #1061, #1345, #346, #2867, #330, #624, #2129, #289, #3191, #2603, #1328, #591, #2619, #1311, #1363, #1118, #551, #1641, #271, #2348, #34, #1080, #2110, #3137, #571, #1605, #863, #2637, #2384, #2673, #2657, #53, #1100, #3156, #847, #1883, #2400, #72, #3174, #608, #2764, #1749, #3338, #1735, #2302, #742, #2016, #2778, #454, #969, #3025, #2255, #1031, #206, #1250, #2272, #713, #3321, #2001, #1015, #469, #191, #489, #3274, #757, #1489, #2527, #222, #2063, #439, #1234, #3086, #1473, #2047, #1781, #3039, #3290, #984, #727, #1765, #2792, #2509, #2288, #3306, #1506, #2543, #3070, #998, #1798, #2030, #3055, #1522, #2806, #2820, #2560, #1268, #503, #1539, #2574 ),
 ( #237, #1282, #2319, #173, #1218, #557, #2185, #1554, #1591, #537, #1678, #2371, #1849, #1572, #21, #1659, #1812, #3209, #2589, #40, #2097, #3142, #1831, #125, #1171, #1417, #1068, #3123, #2608, #1298, #2872, #2456, #256, #3104, #813, #2201, #2954, #2709, #366, #1154, #2334, #384, #833, #642, #774, #3, #109, #2836, #1087, #1048, #2353, #2080, #2624, #1932, #794, #1869, #520, #294, #2853, #276, #1316, #1333, #2115, #2893, #576, #2691, #1400, #2438, #893, #3034, #463, #722, #1435, #2473, #930, #1965, #2787, #1483, #2990, #401, #3284, #3269, #417, #1501, #141, #3242, #948, #157, #2758, #1949, #1696, #3005, #3257, #1759, #2518, #1202, #200, #978, #2773, #2537, #434, #183, #1186, #1468, #694, #911, #2221, #1729, #1229, #659, #2505, #678, #1244, #170, #1983, #1711, #2492, #707, #2971, #2266, #2728, #1215, #2237, #2251, #2743, #3229, #1451, #963, #1996, #3019, #1744, #448, #2010, #547, #1775, #1261, #2569, #1581, #1057, #803, #1819, #2599, #2800, #1840, #1291, #2088, #2616, #3049, #1564, #3112, #2582, #1516, #497, #736, #1026, #11, #480, #3348, #284, #1806, #3315, #2863, #2280, #1009, #248, #2297, #993, #1040, #784, #2553, #1307, #3300, #2025, #217, #2041, #3065, #750, #1792, #2815, #529, #1532, #231, #2343, #2328, #1276, #2314, #3333, #2057, #3080, #768, #2829, #512, #267, #2072, #1547, #3095, #2844, #2651, #874, #2901, #1878, #325, #49, #86, #1654 ) ),
 .UNSPECIFIED., .F., .F., .F. ) 
 B_SPLINE_SURFACE_WITH_KNOTS ( ( 2, 2 ),
 ( 3, 2, 2, 2, 2, 2, 2, 2, 2, 2, 2, 2, 2, 2, 2, 2, 2, 2, 2, 2, 2, 2, 2, 2, 2, 2, 2, 2, 2, 2, 2, 2, 2, 2, 2, 2, 2, 2, 2, 2, 2, 2, 2, 2, 2, 2, 2, 2, 2, 2, 2, 2, 2, 2, 2, 2, 2, 2, 2, 2, 2, 2, 2, 2, 2, 2, 2, 2, 2, 2, 2, 2, 2, 2, 2, 2, 2, 2, 2, 2, 2, 2, 2, 2, 2, 2, 2, 2, 2, 2, 2, 2, 2, 2, 2, 2, 2, 2, 2, 2, 2, 2, 3 ),
 ( 0.000000000000000000, 1.000000000000000000 ),
 ( 0.000000000000000000, 0.009803921568627450844, 0.01960784313725490169, 0.02941176470588235253, 0.03921568627450980338, 0.04901960784313725422, 0.05882352941176470507, 0.06862745098039216285, 0.07843137254901960675, 0.08823529411764706454, 0.09803921568627450844, 0.1078431372549019662, 0.1176470588235294101, 0.1274509803921568540, 0.1372549019607843257, 0.1470588235294117696, 0.1568627450980392135, 0.1666666666666666574, 0.1764705882352941291, 0.1862745098039215730, 0.1960784313725490169, 0.2058823529411764608, 0.2156862745098039325, 0.2254901960784313764, 0.2352941176470588203, 0.2450980392156862642, 0.2549019607843137081, 0.2647058823529411797, 0.2745098039215686514, 0.2843137254901960675, 0.2941176470588235392, 0.3039215686274509554, 0.3137254901960784270, 0.3235294117647058987, 0.3333333333333333148, 0.3431372549019607865, 0.3529411764705882582, 0.3627450980392156743, 0.3725490196078431460, 0.3823529411764705621, 0.3921568627450980338, 0.4019607843137255054, 0.4117647058823529216, 0.4215686274509803932, 0.4313725490196078649, 0.4411764705882352811, 0.4509803921568627527, 0.4607843137254901689, 0.4705882352941176405, 0.4803921568627451122, 0.4901960784313725283, 0.5000000000000000000, 0.5098039215686274161, 0.5196078431372549433, 0.5294117647058823595, 0.5392156862745097756, 0.5490196078431373028, 0.5588235294117647189, 0.5686274509803921351, 0.5784313725490196623, 0.5882352941176470784, 0.5980392156862744946, 0.6078431372549019107, 0.6176470588235294379, 0.6274509803921568540, 0.6372549019607842702, 0.6470588235294117974, 0.6568627450980392135, 0.6666666666666666297, 0.6764705882352941568, 0.6862745098039215730, 0.6960784313725489891, 0.7058823529411765163, 0.7156862745098039325, 0.7254901960784313486, 0.7352941176470588758, 0.7450980392156862919, 0.7549019607843137081, 0.7647058823529411242, 0.7745098039215686514, 0.7843137254901960675, 0.7941176470588234837, 0.8039215686274510109, 0.8137254901960784270, 0.8235294117647058432, 0.8333333333333333703, 0.8431372549019607865, 0.8529411764705882026, 0.8627450980392157298, 0.8725490196078431460, 0.8823529411764705621, 0.8921568627450980893, 0.9019607843137255054, 0.9117647058823529216, 0.9215686274509803377, 0.9313725490196078649, 0.9411764705882352811, 0.9509803921568626972, 0.9607843137254902244, 0.9705882352941176405, 0.9803921568627450567, 0.9901960784313725839, 1.000000000000000000 ),
 .UNSPECIFIED. ) 
 GEOMETRIC_REPRESENTATION_ITEM ( )  RATIONAL_B_SPLINE_SURFACE ( (
 ( 1.000000000000000000, 0.8660254037844387076, 1.000000000000000000, 0.8660254037844387076, 1.000000000000000000, 0.8660254037844387076, 1.000000000000000000, 0.8660254037844387076, 1.000000000000000000, 0.8660254037844387076, 1.000000000000000000, 0.8660254037844387076, 1.000000000000000000, 0.8660254037844387076, 1.000000000000000000, 0.8660254037844387076, 1.000000000000000000, 0.8660254037844387076, 1.000000000000000000, 0.8660254037844387076, 1.000000000000000000, 0.8660254037844387076, 1.000000000000000000, 0.8660254037844387076, 1.000000000000000000, 0.8660254037844387076, 1.000000000000000000, 0.8660254037844387076, 1.000000000000000000, 0.8660254037844387076, 1.000000000000000000, 0.8660254037844387076, 1.000000000000000000, 0.8660254037844387076, 1.000000000000000000, 0.8660254037844387076, 1.000000000000000000, 0.8660254037844387076, 1.000000000000000000, 0.8660254037844387076, 1.000000000000000000, 0.8660254037844387076, 1.000000000000000000, 0.8660254037844387076, 1.000000000000000000, 0.8660254037844387076, 1.000000000000000000, 0.8660254037844387076, 1.000000000000000000, 0.8660254037844387076, 1.000000000000000000, 0.8660254037844387076, 1.000000000000000000, 0.8660254037844387076, 1.000000000000000000, 0.8660254037844387076, 1.000000000000000000, 0.8660254037844387076, 1.000000000000000000, 0.8660254037844387076, 1.000000000000000000, 0.8660254037844387076, 1.000000000000000000, 0.8660254037844387076, 1.000000000000000000, 0.8660254037844387076, 1.000000000000000000, 0.8660254037844387076, 1.000000000000000000, 0.8660254037844387076, 1.000000000000000000, 0.8660254037844387076, 1.000000000000000000, 0.8660254037844387076, 1.000000000000000000, 0.8660254037844387076, 1.000000000000000000, 0.8660254037844387076, 1.000000000000000000, 0.8660254037844387076, 1.000000000000000000, 0.8660254037844387076, 1.000000000000000000, 0.8660254037844387076, 1.000000000000000000, 0.8660254037844387076, 1.000000000000000000, 0.8660254037844387076, 1.000000000000000000, 0.8660254037844387076, 1.000000000000000000, 0.8660254037844387076, 1.000000000000000000, 0.8660254037844387076, 1.000000000000000000, 0.8660254037844387076, 1.000000000000000000, 0.8660254037844387076, 1.000000000000000000, 0.8660254037844387076, 1.000000000000000000, 0.8660254037844387076, 1.000000000000000000, 0.8660254037844387076, 1.000000000000000000, 0.8660254037844387076, 1.000000000000000000, 0.8660254037844387076, 1.000000000000000000, 0.8660254037844387076, 1.000000000000000000, 0.8660254037844387076, 1.000000000000000000, 0.8660254037844387076, 1.000000000000000000, 0.8660254037844387076, 1.000000000000000000, 0.8660254037844387076, 1.000000000000000000, 0.8660254037844387076, 1.000000000000000000, 0.8660254037844387076, 1.000000000000000000, 0.8660254037844387076, 1.000000000000000000, 0.8660254037844387076, 1.000000000000000000, 0.8660254037844387076, 1.000000000000000000, 0.8660254037844387076, 1.000000000000000000, 0.8660254037844387076, 1.000000000000000000, 0.8660254037844387076, 1.000000000000000000, 0.8660254037844387076, 1.000000000000000000, 0.8660254037844387076, 1.000000000000000000, 0.8660254037844387076, 1.000000000000000000, 0.8660254037844387076, 1.000000000000000000, 0.8660254037844387076, 1.000000000000000000, 0.8660254037844387076, 1.000000000000000000, 0.8660254037844387076, 1.000000000000000000, 0.8660254037844387076, 1.000000000000000000, 0.8660254037844387076, 1.000000000000000000, 0.8660254037844387076, 1.000000000000000000, 0.8660254037844387076, 1.000000000000000000, 0.8660254037844387076, 1.000000000000000000, 0.8660254037844387076, 1.000000000000000000, 0.8660254037844387076, 1.000000000000000000, 0.8660254037844387076, 1.000000000000000000, 0.8660254037844387076, 1.000000000000000000, 0.8660254037844387076, 1.000000000000000000, 0.8660254037844387076, 1.000000000000000000, 0.8660254037844387076, 1.000000000000000000, 0.8660254037844387076, 1.000000000000000000, 0.8660254037844387076, 1.000000000000000000, 0.8660254037844387076, 1.000000000000000000, 0.8660254037844387076, 1.000000000000000000, 0.8660254037844387076, 1.000000000000000000, 0.8660254037844387076, 1.000000000000000000, 0.8660254037844387076, 1.000000000000000000, 0.8660254037844387076, 1.000000000000000000, 0.8660254037844387076, 1.000000000000000000, 0.8660254037844387076, 1.000000000000000000, 0.8660254037844387076, 1.000000000000000000, 0.8660254037844387076, 1.000000000000000000, 0.8660254037844387076, 1.000000000000000000, 0.8660254037844387076, 1.000000000000000000, 0.8660254037844387076, 1.000000000000000000, 0.8660254037844387076, 1.000000000000000000),
 ( 1.000000000000000000, 0.8660254037844387076, 1.000000000000000000, 0.8660254037844387076, 1.000000000000000000, 0.8660254037844387076, 1.000000000000000000, 0.8660254037844387076, 1.000000000000000000, 0.8660254037844387076, 1.000000000000000000, 0.8660254037844387076, 1.000000000000000000, 0.8660254037844387076, 1.000000000000000000, 0.8660254037844387076, 1.000000000000000000, 0.8660254037844387076, 1.000000000000000000, 0.8660254037844387076, 1.000000000000000000, 0.8660254037844387076, 1.000000000000000000, 0.8660254037844387076, 1.000000000000000000, 0.8660254037844387076, 1.000000000000000000, 0.8660254037844387076, 1.000000000000000000, 0.8660254037844387076, 1.000000000000000000, 0.8660254037844387076, 1.000000000000000000, 0.8660254037844387076, 1.000000000000000000, 0.8660254037844387076, 1.000000000000000000, 0.8660254037844387076, 1.000000000000000000, 0.8660254037844387076, 1.000000000000000000, 0.8660254037844387076, 1.000000000000000000, 0.8660254037844387076, 1.000000000000000000, 0.8660254037844387076, 1.000000000000000000, 0.8660254037844387076, 1.000000000000000000, 0.8660254037844387076, 1.000000000000000000, 0.8660254037844387076, 1.000000000000000000, 0.8660254037844387076, 1.000000000000000000, 0.8660254037844387076, 1.000000000000000000, 0.8660254037844387076, 1.000000000000000000, 0.8660254037844387076, 1.000000000000000000, 0.8660254037844387076, 1.000000000000000000, 0.8660254037844387076, 1.000000000000000000, 0.8660254037844387076, 1.000000000000000000, 0.8660254037844387076, 1.000000000000000000, 0.8660254037844387076, 1.000000000000000000, 0.8660254037844387076, 1.000000000000000000, 0.8660254037844387076, 1.000000000000000000, 0.8660254037844387076, 1.000000000000000000, 0.8660254037844387076, 1.000000000000000000, 0.8660254037844387076, 1.000000000000000000, 0.8660254037844387076, 1.000000000000000000, 0.8660254037844387076, 1.000000000000000000, 0.8660254037844387076, 1.000000000000000000, 0.8660254037844387076, 1.000000000000000000, 0.8660254037844387076, 1.000000000000000000, 0.8660254037844387076, 1.000000000000000000, 0.8660254037844387076, 1.000000000000000000, 0.8660254037844387076, 1.000000000000000000, 0.8660254037844387076, 1.000000000000000000, 0.8660254037844387076, 1.000000000000000000, 0.8660254037844387076, 1.000000000000000000, 0.8660254037844387076, 1.000000000000000000, 0.8660254037844387076, 1.000000000000000000, 0.8660254037844387076, 1.000000000000000000, 0.8660254037844387076, 1.000000000000000000, 0.8660254037844387076, 1.000000000000000000, 0.8660254037844387076, 1.000000000000000000, 0.8660254037844387076, 1.000000000000000000, 0.8660254037844387076, 1.000000000000000000, 0.8660254037844387076, 1.000000000000000000, 0.8660254037844387076, 1.000000000000000000, 0.8660254037844387076, 1.000000000000000000, 0.8660254037844387076, 1.000000000000000000, 0.8660254037844387076, 1.000000000000000000, 0.8660254037844387076, 1.000000000000000000, 0.8660254037844387076, 1.000000000000000000, 0.8660254037844387076, 1.000000000000000000, 0.8660254037844387076, 1.000000000000000000, 0.8660254037844387076, 1.000000000000000000, 0.8660254037844387076, 1.000000000000000000, 0.8660254037844387076, 1.000000000000000000, 0.8660254037844387076, 1.000000000000000000, 0.8660254037844387076, 1.000000000000000000, 0.8660254037844387076, 1.000000000000000000, 0.8660254037844387076, 1.000000000000000000, 0.8660254037844387076, 1.000000000000000000, 0.8660254037844387076, 1.000000000000000000, 0.8660254037844387076, 1.000000000000000000, 0.8660254037844387076, 1.000000000000000000, 0.8660254037844387076, 1.000000000000000000, 0.8660254037844387076, 1.000000000000000000, 0.8660254037844387076, 1.000000000000000000, 0.8660254037844387076, 1.000000000000000000, 0.8660254037844387076, 1.000000000000000000, 0.8660254037844387076, 1.000000000000000000, 0.8660254037844387076, 1.000000000000000000, 0.8660254037844387076, 1.000000000000000000, 0.8660254037844387076, 1.000000000000000000, 0.8660254037844387076, 1.000000000000000000, 0.8660254037844387076, 1.000000000000000000, 0.8660254037844387076, 1.000000000000000000, 0.8660254037844387076, 1.000000000000000000, 0.8660254037844387076, 1.000000000000000000, 0.8660254037844387076, 1.000000000000000000, 0.8660254037844387076, 1.000000000000000000, 0.8660254037844387076, 1.000000000000000000, 0.8660254037844387076, 1.000000000000000000, 0.8660254037844387076, 1.000000000000000000, 0.8660254037844387076, 1.000000000000000000, 0.8660254037844387076, 1.000000000000000000, 0.8660254037844387076, 1.000000000000000000, 0.8660254037844387076, 1.000000000000000000) ) ) 
 REPRESENTATION_ITEM ( '' )  SURFACE ( )  );
#1826 = CARTESIAN_POINT ( 'NONE',  ( -40.99730114936044600, 12.74210777562715435, -32.33166777930537705 ) ) ;
#1827 = EDGE_CURVE ( 'NONE', #395, #1122, #3206, .T. ) ;
#1828 = EDGE_LOOP ( 'NONE', ( #671, #262, #854, #319, #2215 ) ) ;
#1829 = CARTESIAN_POINT ( 'NONE',  ( -40.24730114936043890, 13.48762047615378279, -31.00875111195591316 ) ) ;
#1830 = AXIS2_PLACEMENT_3D ( 'NONE', #424, #2733, #2959 ) ;
#1831 = CARTESIAN_POINT ( 'NONE',  ( -41.88261761811044437, 13.25324547717797685, -24.93583444597204490 ) ) ;
#1832 = CARTESIAN_POINT ( 'NONE',  ( -40.99730114936044600, 12.74210777562715435, -28.33166777930538061 ) ) ;
#1833 = CARTESIAN_POINT ( 'NONE',  ( -42.76793408686044273, 14.78665858183044257, -29.01916777930538061 ) ) ;
#1834 = CARTESIAN_POINT ( 'NONE',  ( -40.99730114936044600, 12.74210777562715435, -25.83166777930537705 ) ) ;
#1835 = VERTEX_POINT ( 'NONE', #1326 ) ;
#1836 = SHAPE_DEFINITION_REPRESENTATION ( #1682, #2239 ) ;
#1837 = CARTESIAN_POINT ( 'NONE',  ( -42.49730114936043890, 14.78665858183044257, -29.30041777998817309 ) ) ;
#1838 = CARTESIAN_POINT ( 'NONE',  ( -40.99730114936090786, 14.78665858183045323, -41.80041777998817309 ) ) ;
#1839 = CARTESIAN_POINT ( 'NONE',  ( -40.24730114936043890, 13.48762047615378279, -26.00875111195591316 ) ) ;
#1840 = CARTESIAN_POINT ( 'NONE',  ( -42.76793408686044273, 13.76438317872879757, -29.97750111263871275 ) ) ;
#1841 = DIRECTION ( 'NONE',  ( -0.000000000000000000, -0.000000000000000000, -1.000000000000000000 ) ) ;
#1842 = CARTESIAN_POINT ( 'NONE',  ( -39.49730114936043890, 14.78665858183044257, -31.55041777998817665 ) ) ;
#1843 = CARTESIAN_POINT ( 'NONE',  ( -39.22666821186043506, 15.80893398493208757, -27.22750111263871275 ) ) ;
#1844 = CARTESIAN_POINT ( 'NONE',  ( -40.11198468061044053, 13.25324547717797685, -28.29000111263871275 ) ) ;
#1845 = CARTESIAN_POINT ( 'NONE',  ( -40.24730114936043890, 13.48762047615378279, -27.13375111332150880 ) ) ;
#1846 = CARTESIAN_POINT ( 'NONE',  ( -40.99730114936043890, 14.78665858183044257, -32.20041777998817167 ) ) ;
#1847 = ORIENTED_EDGE ( 'NONE', *, *, #238, .T. ) ;
#1848 = CARTESIAN_POINT ( 'NONE',  ( -39.49730114936044600, 15.65268398561488361, -30.38375111195591316 ) ) ;
#1849 = CARTESIAN_POINT ( 'NONE',  ( -42.76793408686044273, 14.78665858183044257, -24.51916777930537705 ) ) ;
#1850 = CARTESIAN_POINT ( 'NONE',  ( -39.22666821186044217, 13.76438317872879935, -28.24833444597204490 ) ) ;
#1851 = CARTESIAN_POINT ( 'NONE',  ( -42.49730114936043890, 15.65268398561488361, -24.71708444528924531 ) ) ;
#1852 = CARTESIAN_POINT ( 'NONE',  ( -39.22666821186044217, 15.80893398493208757, -24.66500111263870920 ) ) ;
#1853 = ORIENTED_EDGE ( 'NONE', *, *, #1733, .F. ) ;
#1854 = ADVANCED_FACE ( 'NONE', ( #307 ), #3172, .T. ) ;
#1855 =( BOUNDED_CURVE ( )  B_SPLINE_CURVE ( 2, ( #1718, #1700, #1441, #2481, #2242 ),
 .UNSPECIFIED., .F., .T. ) 
 B_SPLINE_CURVE_WITH_KNOTS ( ( 3, 2, 3 ),
 ( 0.07352941191460198034, 0.07843137254901963451, 0.08823529411764713393 ),
 .UNSPECIFIED. ) 
 CURVE ( )  GEOMETRIC_REPRESENTATION_ITEM ( )  RATIONAL_B_SPLINE_CURVE ( ( 0.9330127018922194093, 0.9330127039406107547, 1.000000000000000000, 0.8660254037844377084, 1.000000000000000888 ) ) 
 REPRESENTATION_ITEM ( '' )  );
#1856 = CARTESIAN_POINT ( 'NONE',  ( -41.74730114936043890, 16.08569668750710235, -29.38375111332150880 ) ) ;
#1857 = CARTESIAN_POINT ( 'NONE',  ( -40.99730114936044600, 16.83120938803373079, -25.64416777930537705 ) ) ;
#1858 = VECTOR ( 'NONE', #2955, 1000.000000000000000 ) ;
#1859 = LINE ( 'NONE', #1322, #1953 ) ;
#1860 = DIRECTION ( 'NONE',  ( -1.000000000000000000, 0.000000000000000000, 0.000000000000000000 ) ) ;
#1861 = CARTESIAN_POINT ( 'NONE',  ( -40.24730114936043890, 16.08569668750710235, -29.84208444528924886 ) ) ;
#1862 = DIRECTION ( 'NONE',  ( 1.000000000000000000, 0.000000000000000000, 0.000000000000000000 ) ) ;
#1863 = CARTESIAN_POINT ( 'NONE',  ( -40.11198468061044053, 16.32007168648291184, -27.18583444597204135 ) ) ;
#1864 = CARTESIAN_POINT ( 'NONE',  ( -41.88261761811044437, 13.25324547717797685, -27.37333444597204490 ) ) ;
#1865 = PLANE ( 'NONE',  #3143 ) ;
#1866 = CARTESIAN_POINT ( 'NONE',  ( -42.36730114936089819, 14.78665858183045323, -41.90041777998817452 ) ) ;
#1867 = ORIENTED_EDGE ( 'NONE', *, *, #516, .F. ) ;
#1868 = CARTESIAN_POINT ( 'NONE',  ( -42.49730114936043890, 14.78665858183044257, -31.17541777862258101 ) ) ;
#1869 = CARTESIAN_POINT ( 'NONE',  ( -39.22666821186044217, 13.76438317872879935, -26.31083444597204490 ) ) ;
#1870 = CARTESIAN_POINT ( 'NONE',  ( -39.22666821186044217, 13.76438317872879935, -29.74833444597204846 ) ) ;
#1871 = CARTESIAN_POINT ( 'NONE',  ( -40.11198468061044053, 16.32007168648291184, -31.68583444597204846 ) ) ;
#1872 = CARTESIAN_POINT ( 'NONE',  ( -40.11198468061044053, 13.25324547717797685, -24.29000111263871275 ) ) ;
#1873 = ORIENTED_EDGE ( 'NONE', *, *, #945, .F. ) ;
#1874 = CARTESIAN_POINT ( 'NONE',  ( -41.74730114936043890, 16.08569668750710235, -30.88375111332150880 ) ) ;
#1875 = EDGE_CURVE ( 'NONE', #2646, #933, #1727, .T. ) ;
#1876 = CARTESIAN_POINT ( 'NONE',  ( -40.11198468061044053, 13.25324547717797685, -24.85250111263870920 ) ) ;
#1877 = CARTESIAN_POINT ( 'NONE',  ( -42.49730114936046022, 13.92063317804601397, -26.13375111195591671 ) ) ;
#1878 = CARTESIAN_POINT ( 'NONE',  ( -40.11198468061044053, 13.25324547717797685, -32.35250111263871275 ) ) ;
#1879 = UNCERTAINTY_MEASURE_WITH_UNIT (LENGTH_MEASURE( 1.000000000000000082E-05 ), #546, 'distance_accuracy_value', 'NONE');
#1880 = FACE_OUTER_BOUND ( 'NONE', #1274, .T. ) ;
#1881 = CYLINDRICAL_SURFACE ( 'NONE', #243, 1.500000000000001332 ) ;
#1882 = CARTESIAN_POINT ( 'NONE',  ( -39.22666821186043506, 13.76438317872879935, -28.31083444597204846 ) ) ;
#1883 = CARTESIAN_POINT ( 'NONE',  ( -40.99730114936044600, 12.74210777562715435, -29.83166777930537350 ) ) ;
#1884 = CARTESIAN_POINT ( 'NONE',  ( -42.49730114936043890, 14.78665858183044257, -25.80041777998817665 ) ) ;
#1885 = AXIS2_PLACEMENT_3D ( 'NONE', #2026, #2074, #1518 ) ;
#1886 = CARTESIAN_POINT ( 'NONE',  ( -42.49730114936043890, 14.78665858183044257, -24.80041777998817665 ) ) ;
#1887 = EDGE_LOOP ( 'NONE', ( #29, #2532, #1255, #1438 ) ) ;
#1888 = CARTESIAN_POINT ( 'NONE',  ( -40.11198468061044053, 13.25324547717797685, -27.29000111263871275 ) ) ;
#1889 = CARTESIAN_POINT ( 'NONE',  ( -41.74730114936043890, 16.08569668750710235, -30.25875111195591316 ) ) ;
#1890 = CARTESIAN_POINT ( 'NONE',  ( -42.49730114936043890, 14.78665858183044257, -24.67541777862258101 ) ) ;
#1891 = EDGE_LOOP ( 'NONE', ( #1816, #524, #2513, #1715 ) ) ;
#1892 = CARTESIAN_POINT ( 'NONE',  ( -41.88261761811044437, 16.32007168648290829, -25.04000111263870920 ) ) ;
#1893 = CARTESIAN_POINT ( 'NONE',  ( -42.76793408686044273, 15.80893398493208757, -25.06083444597204490 ) ) ;
#1894 = CARTESIAN_POINT ( 'NONE',  ( -41.74730114936043890, 16.08569668750710235, -25.38375111332150880 ) ) ;
#1895 = DIRECTION ( 'NONE',  ( 1.000000000000000000, 0.000000000000000000, 0.000000000000000000 ) ) ;
#1896 = CARTESIAN_POINT ( 'NONE',  ( -39.49730114936045311, 15.65268398561489605, -30.00875111332150880 ) ) ;
#1897 = CARTESIAN_POINT ( 'NONE',  ( -40.11198468061044053, 16.32007168648291184, -28.68583444597204490 ) ) ;
#1898 = CARTESIAN_POINT ( 'NONE',  ( -39.22666821186044217, 15.80893398493208757, -28.16500111263871631 ) ) ;
#1899 = CARTESIAN_POINT ( 'NONE',  ( -40.99730114936043890, 14.78665858183044257, -24.80041777998817665 ) ) ;
#1900 = EDGE_CURVE ( 'NONE', #274, #2549, #216, .T. ) ;
#1901 = DIRECTION ( 'NONE',  ( 1.000000000000000000, 0.000000000000000000, 0.000000000000000000 ) ) ;
#1902 = ORIENTED_EDGE ( 'NONE', *, *, #422, .T. ) ;
#1903 = CARTESIAN_POINT ( 'NONE',  ( -41.74730114936043890, 16.08569668750710235, -29.25875111195591316 ) ) ;
#1904 = CARTESIAN_POINT ( 'NONE',  ( -40.99730114936044600, 16.51870938939932287, -24.30041777862258101 ) ) ;
#1905 = CARTESIAN_POINT ( 'NONE',  ( -40.11198468061044053, 16.32007168648291184, -26.62333444597204490 ) ) ;
#1906 = ORIENTED_EDGE ( 'NONE', *, *, #3076, .F. ) ;
#1907 = CARTESIAN_POINT ( 'NONE',  ( -42.76793408686044273, 14.78665858183044257, -24.45666777930537705 ) ) ;
#1908 = CARTESIAN_POINT ( 'NONE',  ( -40.24730114936043890, 16.08569668750710235, -28.46708444665484095 ) ) ;
#1909 = CARTESIAN_POINT ( 'NONE',  ( -39.52730114936043293, 14.78665858183044257, -32.20041777998817167 ) ) ;
#1910 = ORIENTED_EDGE ( 'NONE', *, *, #728, .T. ) ;
#1911 = CARTESIAN_POINT ( 'NONE',  ( -39.49730114936043890, 14.78665858183044257, -24.80041777998817665 ) ) ;
#1912 = CARTESIAN_POINT ( 'NONE',  ( -42.49730114936043890, 14.78665858183044257, -24.30041777998817665 ) ) ;
#1913 = CARTESIAN_POINT ( 'NONE',  ( -42.76793408686044273, 15.80893398493208757, -30.06083444597204846 ) ) ;
#1914 = CARTESIAN_POINT ( 'NONE',  ( -39.22666821186043506, 14.78665858183044257, -27.70666777930537705 ) ) ;
#1915 = CARTESIAN_POINT ( 'NONE',  ( -39.49730114936043890, 14.78665858183044257, -25.05041777998817665 ) ) ;
#1916 = CARTESIAN_POINT ( 'NONE',  ( -40.99730114936043890, 14.78665858183044257, -24.80041777998817665 ) ) ;
#1918 = EDGE_CURVE ( 'NONE', #1196, #3237, #845, .T. ) ;
#1917 = CARTESIAN_POINT ( 'NONE',  ( -40.99730114936043890, 16.51870938939932287, -24.92541777998817665 ) ) ;
#1919 = CARTESIAN_POINT ( 'NONE',  ( -39.22666821186044217, 13.76438317872879935, -32.31083444597204846 ) ) ;
#1920 = CARTESIAN_POINT ( 'NONE',  ( -41.88261761811044437, 16.32007168648290829, -27.04000111263871275 ) ) ;
#1921 = ORIENTED_EDGE ( 'NONE', *, *, #2031, .T. ) ;
#1922 = DIRECTION ( 'NONE',  ( -0.000000000000000000, -0.000000000000000000, -1.000000000000000000 ) ) ;
#1923 = CARTESIAN_POINT ( 'NONE',  ( -41.88261761811044437, 13.25324547717797685, -25.37333444597204490 ) ) ;
#1924 = CARTESIAN_POINT ( 'NONE',  ( -40.11198468061044053, 13.25324547717797685, -24.35250111263871275 ) ) ;
#1925 = CARTESIAN_POINT ( 'NONE',  ( -39.49730114936043890, 14.78665858183044257, -30.05041777998817309 ) ) ;
#1926 = EDGE_LOOP ( 'NONE', ( #1739, #896, #2703, #2994 ) ) ;
#1927 = CARTESIAN_POINT ( 'NONE',  ( -40.99730114936043890, 16.51870938939932287, -25.42541777998817665 ) ) ;
#1928 = CARTESIAN_POINT ( 'NONE',  ( -41.74730114936043890, 13.48762047615378279, -31.59208444528924886 ) ) ;
#1929 = CARTESIAN_POINT ( 'NONE',  ( -39.49730114936043890, 14.78665858183044257, -24.80041777998817665 ) ) ;
#1930 = CARTESIAN_POINT ( 'NONE',  ( -42.76793408686044273, 13.76438317872879757, -31.47750111263870920 ) ) ;
#1931 = CARTESIAN_POINT ( 'NONE',  ( -42.76793408686044273, 13.76438317872879757, -29.41500111263871275 ) ) ;
#1932 = CARTESIAN_POINT ( 'NONE',  ( -39.22666821186044217, 15.80893398493208757, -26.22750111263870920 ) ) ;
#1933 = DIRECTION ( 'NONE',  ( -1.000000000000000000, 0.000000000000000000, 0.000000000000000000 ) ) ;
#1934 = ORIENTED_EDGE ( 'NONE', *, *, #2677, .T. ) ;
#1935 = FACE_OUTER_BOUND ( 'NONE', #3147, .T. ) ;
#1936 = EDGE_CURVE ( 'NONE', #1222, #1337, #1293, .T. ) ;
#1937 = EDGE_CURVE ( 'NONE', #2761, #2879, #2968, .T. ) ;
#1938 = EDGE_LOOP ( 'NONE', ( #79, #801, #1085, #915 ) ) ;
#1939 = LINE ( 'NONE', #3247, #356 ) ;
#1940 =( BOUNDED_CURVE ( )  B_SPLINE_CURVE ( 2, ( #733, #525, #3062, #2310, #1496, #780, #799 ),
 .UNSPECIFIED., .F., .F. ) 
 B_SPLINE_CURVE_WITH_KNOTS ( ( 3, 2, 2, 3 ),
 ( 0.3235294117647057877, 0.3333333333333332038, 0.3431372549019606755, 0.3529411764705881471 ),
 .UNSPECIFIED. ) 
 CURVE ( )  GEOMETRIC_REPRESENTATION_ITEM ( )  RATIONAL_B_SPLINE_CURVE ( ( 1.000000000000001554, 0.8660254037844371533, 1.000000000000000000, 0.8660254037844387076, 1.000000000000000000, 0.8660254037844402619, 0.9999999999999984457 ) ) 
 REPRESENTATION_ITEM ( '' )  );
#1941 = CARTESIAN_POINT ( 'NONE',  ( -39.49730114936044600, 15.65268398561488361, -31.50875111332150524 ) ) ;
#1942 = CARTESIAN_POINT ( 'NONE',  ( -42.76793408686044273, 15.80893398493208757, -27.56083444597204135 ) ) ;
#1943 = CARTESIAN_POINT ( 'NONE',  ( -42.49730114936043890, 15.65268398561488361, -27.84208444665483739 ) ) ;
#1944 = VERTEX_POINT ( 'NONE', #805 ) ;
#1945 = DIRECTION ( 'NONE',  ( -0.000000000000000000, -0.000000000000000000, -1.000000000000000000 ) ) ;
#1946 = CARTESIAN_POINT ( 'NONE',  ( -41.74730114936043890, 16.08569668750710235, -25.38375111332150880 ) ) ;
#1947 = CARTESIAN_POINT ( 'NONE',  ( -42.76793408686044273, 14.78665858183044257, -29.01916777930538061 ) ) ;
#1948 = CARTESIAN_POINT ( 'NONE',  ( -41.88261761811044437, 16.32007168648290829, -28.54000111263871275 ) ) ;
#1949 = CARTESIAN_POINT ( 'NONE',  ( -39.22666821186044217, 15.80893398493208757, -27.72750111263871275 ) ) ;
#1950 = CARTESIAN_POINT ( 'NONE',  ( -40.11198468061044053, 16.32007168648291184, -25.12333444597204490 ) ) ;
#1951 = PLANE ( 'NONE',  #138 ) ;
#1952 = CARTESIAN_POINT ( 'NONE',  ( -39.49730114936043890, 14.78665858183044257, -31.92541777862258101 ) ) ;
#1953 = VECTOR ( 'NONE', #2360, 1000.000000000000000 ) ;
#1954 = VECTOR ( 'NONE', #3224, 1000.000000000000000 ) ;
#1955 = CARTESIAN_POINT ( 'NONE',  ( -39.49730114936043890, 14.78665858183044257, -28.92541777862258101 ) ) ;
#1956 = CARTESIAN_POINT ( 'NONE',  ( -39.22666821186043506, 14.78665858183044257, -24.20666777930537705 ) ) ;
#1957 = CARTESIAN_POINT ( 'NONE',  ( -41.88261761811044437, 16.32007168648290829, -28.10250111263871275 ) ) ;
#1958 = CARTESIAN_POINT ( 'NONE',  ( -39.49730114936043890, 14.78665858183044257, -29.92541777862257746 ) ) ;
#1959 = VERTEX_POINT ( 'NONE', #2865 ) ;
#1960 =( BOUNDED_CURVE ( )  B_SPLINE_CURVE ( 2, ( #2565, #227, #1528, #3045, #1772, #3295, #2533 ),
 .UNSPECIFIED., .F., .F. ) 
 B_SPLINE_CURVE_WITH_KNOTS ( ( 3, 2, 2, 3 ),
 ( 0.5882352941176471894, 0.5980392156862744946, 0.6078431372549016887, 0.6176470588235291048 ),
 .UNSPECIFIED. ) 
 CURVE ( )  GEOMETRIC_REPRESENTATION_ITEM ( )  RATIONAL_B_SPLINE_CURVE ( ( 0.9999999999999984457, 0.8660254037844402619, 1.000000000000000000, 0.8660254037844387076, 1.000000000000000000, 0.8660254037844432595, 0.9999999999999954481 ) ) 
 REPRESENTATION_ITEM ( '' )  );
#1961 = CARTESIAN_POINT ( 'NONE',  ( -41.74730114936043890, 13.48762047615378279, -32.09208444528924531 ) ) ;
#1962 = CARTESIAN_POINT ( 'NONE',  ( -39.49730114936044600, 15.65268398561488361, -25.50875111332150880 ) ) ;
#1963 = CARTESIAN_POINT ( 'NONE',  ( -41.88261761811044437, 16.32007168648290829, -30.10250111263871275 ) ) ;
#1964 = CARTESIAN_POINT ( 'NONE',  ( -41.88261761811044437, 13.25324547717797685, -29.37333444597204490 ) ) ;
#1965 = CARTESIAN_POINT ( 'NONE',  ( -40.99730114936044600, 16.83120938803373079, -27.14416777930537705 ) ) ;
#1966 = CARTESIAN_POINT ( 'NONE',  ( -42.76793408686044273, 15.80893398493208757, -25.99833444597204490 ) ) ;
#1967 = DIRECTION ( 'NONE',  ( 0.000000000000000000, 0.000000000000000000, 1.000000000000000000 ) ) ;
#1968 =( BOUNDED_CURVE ( )  B_SPLINE_CURVE ( 2, ( #1787, #1240, #212, #2797, #2812, #2037, #1256 ),
 .UNSPECIFIED., .F., .T. ) 
 B_SPLINE_CURVE_WITH_KNOTS ( ( 3, 2, 2, 3 ),
 ( 0.8235294117647057321, 0.8333333333333332593, 0.8431372549019606755, 0.8529411764705880916 ),
 .UNSPECIFIED. ) 
 CURVE ( )  GEOMETRIC_REPRESENTATION_ITEM ( )  RATIONAL_B_SPLINE_CURVE ( ( 1.000000000000001554, 0.8660254037844371533, 1.000000000000000000, 0.8660254037844387076, 1.000000000000000000, 0.8660254037844402619, 0.9999999999999984457 ) ) 
 REPRESENTATION_ITEM ( '' )  );
#1969 = VERTEX_POINT ( 'NONE', #1098 ) ;
#1970 = DIRECTION ( 'NONE',  ( -0.000000000000000000, -0.000000000000000000, -1.000000000000000000 ) ) ;
#1971 = AXIS2_PLACEMENT_3D ( 'NONE', #92, #311, #2093 ) ;
#1972 = CARTESIAN_POINT ( 'NONE',  ( -41.74730114936043890, 16.08569668750710235, -25.75875111195591316 ) ) ;
#1973 = CARTESIAN_POINT ( 'NONE',  ( -39.22666821186044217, 15.80893398493208757, -27.66500111263871275 ) ) ;
#1974 = CARTESIAN_POINT ( 'NONE',  ( -42.76793408686044273, 15.80893398493208757, -26.56083444597204846 ) ) ;
#1975 = CARTESIAN_POINT ( 'NONE',  ( -40.99730114936043890, 16.51870938939932287, -27.92541777998817665 ) ) ;
#1976 = ORIENTED_EDGE ( 'NONE', *, *, #39, .T. ) ;
#1977 = CARTESIAN_POINT ( 'NONE',  ( -42.49730114936042469, 13.92063317804599265, -30.13375111195590961 ) ) ;
#1978 = CARTESIAN_POINT ( 'NONE',  ( -39.49730114936043890, 14.78665858183044257, -24.80041777998817665 ) ) ;
#1979 = ADVANCED_FACE ( 'NONE', ( #2127 ), #1881, .T. ) ;
#1980 = CARTESIAN_POINT ( 'NONE',  ( -40.24730114936043890, 13.48762047615378279, -25.63375111332150880 ) ) ;
#1981 = CARTESIAN_POINT ( 'NONE',  ( -39.22666821186043506, 13.76438317872879935, -29.81083444597204846 ) ) ;
#1982 = CARTESIAN_POINT ( 'NONE',  ( -39.22666821186043506, 14.78665858183044257, -29.20666777930537705 ) ) ;
#1983 = CARTESIAN_POINT ( 'NONE',  ( -39.22666821186043506, 14.78665858183044257, -28.76916777930538061 ) ) ;
#1984 = CARTESIAN_POINT ( 'NONE',  ( -39.62730114936091752, 14.78665858183045323, -41.90041777998817452 ) ) ;
#1985 = CARTESIAN_POINT ( 'NONE',  ( -39.49730114936043890, 14.78665858183044257, -24.92541777862258101 ) ) ;
#1986 = CARTESIAN_POINT ( 'NONE',  ( -42.49730114936043890, 14.78665858183044257, -31.67541777862258101 ) ) ;
#1987 = DIRECTION ( 'NONE',  ( -0.000000000000000000, -0.000000000000000000, -1.000000000000000000 ) ) ;
#1988 = CARTESIAN_POINT ( 'NONE',  ( -40.11198468061044053, 16.32007168648291184, -27.12333444597204135 ) ) ;
#1989 = CARTESIAN_POINT ( 'NONE',  ( -39.22666821186044217, 13.76438317872879935, -27.31083444597204490 ) ) ;
#1990 = DIRECTION ( 'NONE',  ( 1.000000000000000000, 0.000000000000000000, 0.000000000000000000 ) ) ;
#1991 = ORIENTED_EDGE ( 'NONE', *, *, #2366, .F. ) ;
#1992 = DIRECTION ( 'NONE',  ( -0.000000000000000000, -0.000000000000000000, -1.000000000000000000 ) ) ;
#1993 = CARTESIAN_POINT ( 'NONE',  ( -42.49730114936043890, 14.78665858183044257, -31.30041777998817665 ) ) ;
#1994 = CARTESIAN_POINT ( 'NONE',  ( -42.49730114936043890, 14.78665858183044257, -26.80041777998817309 ) ) ;
#1995 = CARTESIAN_POINT ( 'NONE',  ( -42.76793408686044273, 14.78665858183044257, -28.45666777930537705 ) ) ;
#1996 = CARTESIAN_POINT ( 'NONE',  ( -40.11198468061044053, 13.25324547717797685, -29.35250111263870920 ) ) ;
#1997 = CARTESIAN_POINT ( 'NONE',  ( -40.24730114936043890, 13.48762047615378279, -29.50875111195591316 ) ) ;
#1998 = ORIENTED_EDGE ( 'NONE', *, *, #711, .F. ) ;
#1999 = CARTESIAN_POINT ( 'NONE',  ( -42.76793408686044273, 15.80893398493208757, -25.06083444597204490 ) ) ;
#2000 = EDGE_CURVE ( 'NONE', #2171, #2485, #3177, .T. ) ;
#2001 = CARTESIAN_POINT ( 'NONE',  ( -40.11198468061044053, 13.25324547717797685, -30.79000111263871275 ) ) ;
#2002 = CARTESIAN_POINT ( 'NONE',  ( -40.99730114936044600, 16.83120938803373079, -27.58166777930538061 ) ) ;
#2003 = CARTESIAN_POINT ( 'NONE',  ( -39.22666821186044217, 13.76438317872879935, -27.81083444597204490 ) ) ;
#2004 = CARTESIAN_POINT ( 'NONE',  ( -39.49730114936043890, 15.65268398561488361, -27.88375111195591316 ) ) ;
#2005 = ORIENTED_EDGE ( 'NONE', *, *, #1208, .T. ) ;
#2006 = CARTESIAN_POINT ( 'NONE',  ( -40.99730114936043890, 14.78665858183044257, -32.20041777998817167 ) ) ;
#2007 = DIRECTION ( 'NONE',  ( -0.000000000000000000, -0.000000000000000000, -1.000000000000000000 ) ) ;
#2008 = CARTESIAN_POINT ( 'NONE',  ( -40.99730114936044600, 16.51870938939932287, -27.42541777998817309 ) ) ;
#2009 = CARTESIAN_POINT ( 'NONE',  ( -42.76793408686044273, 14.78665858183044257, -30.45666777930537705 ) ) ;
#2010 = CARTESIAN_POINT ( 'NONE',  ( -42.76793408686044273, 14.78665858183044257, -29.51916777930537705 ) ) ;
#2011 = DIRECTION ( 'NONE',  ( 1.000000000000000000, 0.000000000000000000, -0.000000000000000000 ) ) ;
#2012 = CARTESIAN_POINT ( 'NONE',  ( -40.11198468061044053, 16.32007168648291184, -25.18583444597204490 ) ) ;
#2013 = ADVANCED_FACE ( 'NONE', ( #2180 ), #3205, .T. ) ;
#2014 = CARTESIAN_POINT ( 'NONE',  ( -40.11198468061044053, 13.25324547717797685, -26.29000111263871275 ) ) ;
#2015 = CARTESIAN_POINT ( 'NONE',  ( -40.99730114936044600, 13.05460777426156582, -28.05041777862258101 ) ) ;
#2016 = CARTESIAN_POINT ( 'NONE',  ( -40.11198468061044053, 13.25324547717797685, -30.29000111263871275 ) ) ;
#2017 = CARTESIAN_POINT ( 'NONE',  ( -41.88261761811044437, 13.25324547717797685, -26.87333444597204135 ) ) ;
#2018 = CARTESIAN_POINT ( 'NONE',  ( -40.99730114936044600, 12.74210777562715435, -29.39416777930537705 ) ) ;
#2019 = CARTESIAN_POINT ( 'NONE',  ( -42.49730114936043890, 14.78665858183044257, -27.67541777862258101 ) ) ;
#2020 = EDGE_LOOP ( 'NONE', ( #97, #2403 ) ) ;
#2021 = CARTESIAN_POINT ( 'NONE',  ( -39.49730114936043890, 14.78665858183044257, -31.05041777998817665 ) ) ;
#2022 = DIRECTION ( 'NONE',  ( -0.000000000000000000, -0.000000000000000000, -1.000000000000000000 ) ) ;
#2023 = CARTESIAN_POINT ( 'NONE',  ( -42.49730114936043890, 15.65268398561488361, -27.84208444665483739 ) ) ;
#2024 = CARTESIAN_POINT ( 'NONE',  ( -40.99730114936043890, 12.74210777562715613, -31.33166777930537705 ) ) ;
#2025 = CARTESIAN_POINT ( 'NONE',  ( -40.11198468061044053, 16.32007168648291184, -31.18583444597204490 ) ) ;
#2026 = CARTESIAN_POINT ( 'NONE',  ( -40.99730114936081549, 14.78665858182955972, -40.80041777998818020 ) ) ;
#2027 = CARTESIAN_POINT ( 'NONE',  ( -40.99730114936043890, 12.74210777562715613, -24.89416777930538416 ) ) ;
#2028 = CARTESIAN_POINT ( 'NONE',  ( -42.76793408686044273, 14.78665858183044257, -26.45666777930537705 ) ) ;
#2029 = CARTESIAN_POINT ( 'NONE',  ( -40.99730114936044600, 16.51870938939932287, -26.80041777862258101 ) ) ;
#2030 = CARTESIAN_POINT ( 'NONE',  ( -40.99730114936044600, 16.83120938803373079, -32.08166777930537705 ) ) ;
#2031 = EDGE_CURVE ( 'NONE', #360, #349, #381, .T. ) ;
#2032 = CARTESIAN_POINT ( 'NONE',  ( -42.76793408686044273, 13.76438317872879757, -25.91500111263871275 ) ) ;
#2033 = CARTESIAN_POINT ( 'NONE',  ( -41.88261761811044437, 13.25324547717797685, -30.43583444597204490 ) ) ;
#2034 = DIRECTION ( 'NONE',  ( -0.000000000000000000, -0.000000000000000000, -1.000000000000000000 ) ) ;
#2035 = EDGE_LOOP ( 'NONE', ( #1551, #1595, #2308, #372 ) ) ;
#2036 = AXIS2_PLACEMENT_3D ( 'NONE', #1807, #530, #2801 ) ;
#2037 = CARTESIAN_POINT ( 'NONE',  ( -39.49730114936046022, 15.65268398561488894, -31.38375111195590961 ) ) ;
#2038 = FILL_AREA_STYLE_COLOUR ( '', #250 ) ;
#2039 = CARTESIAN_POINT ( 'NONE',  ( -42.49730114936043890, 14.78665858183044257, -27.30041777998817665 ) ) ;
#2040 = CARTESIAN_POINT ( 'NONE',  ( -42.76793408686044273, 15.80893398493208757, -31.99833444597204135 ) ) ;
#2041 = CARTESIAN_POINT ( 'NONE',  ( -39.22666821186043506, 14.78665858183044257, -31.26916777930537705 ) ) ;
#2042 = CARTESIAN_POINT ( 'NONE',  ( -39.49730114936043890, 14.78665858183044257, -28.05041777998817665 ) ) ;
#2043 =( BOUNDED_CURVE ( )  B_SPLINE_CURVE ( 2, ( #788, #2367, #2111, #1568, #1063, #2658, #1364 ),
 .UNSPECIFIED., .F., .T. ) 
 B_SPLINE_CURVE_WITH_KNOTS ( ( 3, 2, 2, 3 ),
 ( 0.2647058823529410132, 0.2745098039215684849, 0.2843137254901959010, 0.2941176470588233727 ),
 .UNSPECIFIED. ) 
 CURVE ( )  GEOMETRIC_REPRESENTATION_ITEM ( )  RATIONAL_B_SPLINE_CURVE ( ( 1.000000000000002220, 0.8660254037844363761, 1.000000000000000000, 0.8660254037844387076, 1.000000000000000000, 0.8660254037844409281, 0.9999999999999977796 ) ) 
 REPRESENTATION_ITEM ( '' )  );
#2044 = CARTESIAN_POINT ( 'NONE',  ( -41.88261761811044437, 16.32007168648290829, -25.60250111263870920 ) ) ;
#2045 = CYLINDRICAL_SURFACE ( 'NONE', #2690, 1.470000000000005969 ) ;
#2046 = CARTESIAN_POINT ( 'NONE',  ( -39.49730114936044600, 13.92063317804600331, -28.46708444528924886 ) ) ;
#2047 = CARTESIAN_POINT ( 'NONE',  ( -42.76793408686044273, 13.76438317872879757, -31.41500111263870920 ) ) ;
#2048 = CARTESIAN_POINT ( 'NONE',  ( -42.76793408686044273, 13.76438317872879757, -28.41500111263870920 ) ) ;
#2049 = CARTESIAN_POINT ( 'NONE',  ( -40.99730114936044600, 16.83120938803373079, -31.14416777930537705 ) ) ;
#2050 = CIRCLE ( 'NONE', #2254, 1.369999999999989226 ) ;
#2051 = CARTESIAN_POINT ( 'NONE',  ( -41.74730114936043890, 16.08569668750710235, -27.75875111195591671 ) ) ;
#2052 = ORIENTED_EDGE ( 'NONE', *, *, #77, .T. ) ;
#2053 = CARTESIAN_POINT ( 'NONE',  ( -40.24730114936043890, 16.08569668750710235, -25.96708444665484450 ) ) ;
#2054 = EDGE_CURVE ( 'NONE', #2697, #2737, #3225, .T. ) ;
#2055 = CARTESIAN_POINT ( 'NONE',  ( -39.33018242107187490, 15.16271981165077776, -24.80041777998817309 ) ) ;
#2056 = CARTESIAN_POINT ( 'NONE',  ( -41.75237387067744521, 13.31249591077902039, -24.80041777998816954 ) ) ;
#2057 = CARTESIAN_POINT ( 'NONE',  ( -39.22666821186044217, 13.76438317872879935, -31.81083444597204846 ) ) ;
#2058 = CARTESIAN_POINT ( 'NONE',  ( -40.99730114936043890, 16.51870938939932287, -26.80041777862258101 ) ) ;
#2059 = CARTESIAN_POINT ( 'NONE',  ( -40.24730114936043890, 13.48762047615378279, -25.63375111332150880 ) ) ;
#2060 =( BOUNDED_CURVE ( )  B_SPLINE_CURVE ( 2, ( #2932, #620, #1395, #103, #1150 ),
 .UNSPECIFIED., .F., .T. ) 
 B_SPLINE_CURVE_WITH_KNOTS ( ( 3, 2, 3 ),
 ( 0.9705882352941176405, 0.9803921568627450567, 0.9881029614468811451 ),
 .UNSPECIFIED. ) 
 CURVE ( )  GEOMETRIC_REPRESENTATION_ITEM ( )  RATIONAL_B_SPLINE_CURVE ( ( 1.000000000000000000, 0.8660254037844387076, 1.000000000000000000, 0.8946287030730142309, 0.9550068919397443068 ) ) 
 REPRESENTATION_ITEM ( '' )  );
#2061 = CARTESIAN_POINT ( 'NONE',  ( -39.22666821186043506, 14.78665858183044257, -31.70666777930537705 ) ) ;
#2062 = CARTESIAN_POINT ( 'NONE',  ( -41.74730114936043890, 16.08569668750710235, -28.25875111195591671 ) ) ;
#2063 = CARTESIAN_POINT ( 'NONE',  ( -39.22666821186043506, 14.78665858183044257, -31.20666777930537705 ) ) ;
#2064 = CARTESIAN_POINT ( 'NONE',  ( -42.76793408686044273, 14.78665858183044257, -29.45666777930537705 ) ) ;
#2065 = CARTESIAN_POINT ( 'NONE',  ( -40.99730114936044600, 16.83120938803373079, -29.64416777930537705 ) ) ;
#2066 = CARTESIAN_POINT ( 'NONE',  ( -40.11198468061044053, 16.32007168648291184, -24.12333444597204490 ) ) ;
#2067 = ORIENTED_EDGE ( 'NONE', *, *, #674, .T. ) ;
#2068 = FACE_OUTER_BOUND ( 'NONE', #555, .T. ) ;
#2069 = CARTESIAN_POINT ( 'NONE',  ( -40.24730114936043890, 13.48762047615378279, -29.13375111332150880 ) ) ;
#2070 = ORIENTED_EDGE ( 'NONE', *, *, #161, .F. ) ;
#2071 = CARTESIAN_POINT ( 'NONE',  ( -42.49730114936043890, 14.78665858183044257, -24.80041777998817665 ) ) ;
#2072 = CARTESIAN_POINT ( 'NONE',  ( -42.76793408686044273, 15.80893398493208757, -32.06083444597204846 ) ) ;
#2073 = ADVANCED_FACE ( 'NONE', ( #2470 ), #2760, .F. ) ;
#2074 = DIRECTION ( 'NONE',  ( 0.000000000000000000, 0.000000000000000000, -1.000000000000000000 ) ) ;
#2075 = CARTESIAN_POINT ( 'NONE',  ( -40.99730114936043890, 16.51870938939932287, -25.92541777998817309 ) ) ;
#2076 = CARTESIAN_POINT ( 'NONE',  ( -39.22666821186043506, 13.76438317872879935, -28.81083444597204490 ) ) ;
#2077 = CARTESIAN_POINT ( 'NONE',  ( -40.24730114936043890, 16.08569668750710235, -30.84208444528924886 ) ) ;
#2078 = EDGE_LOOP ( 'NONE', ( #798, #662 ) ) ;
#2079 = CARTESIAN_POINT ( 'NONE',  ( -40.99730114936044600, 16.51870938939932287, -30.80041777862257746 ) ) ;
#2080 = CARTESIAN_POINT ( 'NONE',  ( -40.99730114936044600, 16.83120938803373079, -26.14416777930537705 ) ) ;
#2081 = CARTESIAN_POINT ( 'NONE',  ( -40.11198468061044053, 16.32007168648291184, -28.62333444597204490 ) ) ;
#2082 = CARTESIAN_POINT ( 'NONE',  ( -39.22666821186043506, 14.78665858183044257, -29.76916777930537705 ) ) ;
#2083 = CARTESIAN_POINT ( 'NONE',  ( -39.22666821186044217, 15.80893398493208757, -25.16500111263870565 ) ) ;
#2084 = VERTEX_POINT ( 'NONE', #18 ) ;
#2085 = CARTESIAN_POINT ( 'NONE',  ( -39.49730114936043890, 14.78665858183044257, -30.05041777998817309 ) ) ;
#2086 = ORIENTED_EDGE ( 'NONE', *, *, #201, .T. ) ;
#2087 = DIRECTION ( 'NONE',  ( -0.000000000000000000, -0.000000000000000000, -1.000000000000000000 ) ) ;
#2088 = CARTESIAN_POINT ( 'NONE',  ( -42.76793408686044273, 15.80893398493208757, -30.06083444597204846 ) ) ;
#2089 = CARTESIAN_POINT ( 'NONE',  ( -39.49730114936043890, 15.65268398561488361, -32.00875111332150880 ) ) ;
#2090 = CARTESIAN_POINT ( 'NONE',  ( -40.24730114936043890, 16.08569668750710235, -29.96708444665484450 ) ) ;
#2091 = CARTESIAN_POINT ( 'NONE',  ( -42.76793408686044273, 13.76438317872879757, -27.97750111263871275 ) ) ;
#2092 = CARTESIAN_POINT ( 'NONE',  ( -40.99730114936044600, 16.83120938803373079, -27.58166777930538061 ) ) ;
#2093 = DIRECTION ( 'NONE',  ( -1.000000000000000000, 0.000000000000000000, 0.000000000000000000 ) ) ;
#2094 = CARTESIAN_POINT ( 'NONE',  ( -39.22666821186043506, 14.78665858183044257, -32.20666777930537705 ) ) ;
#2095 = ORIENTED_EDGE ( 'NONE', *, *, #2979, .F. ) ;
#2096 = CARTESIAN_POINT ( 'NONE',  ( -40.24730114936043890, 16.08569668750710235, -30.34208444528924886 ) ) ;
#2097 = CARTESIAN_POINT ( 'NONE',  ( -40.11198468061044053, 13.25324547717797685, -24.85250111263870920 ) ) ;
#2098 = CARTESIAN_POINT ( 'NONE',  ( -39.22666821186044217, 15.80893398493208757, -30.66500111263870920 ) ) ;
#2099 = CARTESIAN_POINT ( 'NONE',  ( -42.76793408686044273, 13.76438317872879757, -31.97750111263870920 ) ) ;
#2100 = CARTESIAN_POINT ( 'NONE',  ( -39.22666821186043506, 14.78665858183044257, -24.70666777930537705 ) ) ;
#2101 = ORIENTED_EDGE ( 'NONE', *, *, #1474, .F. ) ;
#2102 = CARTESIAN_POINT ( 'NONE',  ( -40.99730114936044600, 16.51870938939932287, -30.42541777998817309 ) ) ;
#2103 = CARTESIAN_POINT ( 'NONE',  ( -39.49730114936043179, 15.65268398561487473, -28.50875111332151590 ) ) ;
#2104 = CARTESIAN_POINT ( 'NONE',  ( -41.74730114936043890, 13.48762047615378279, -26.09208444528924886 ) ) ;
#2105 = CARTESIAN_POINT ( 'NONE',  ( -40.99730114936043890, 16.51870938939932287, -26.92541777998817665 ) ) ;
#2106 = CARTESIAN_POINT ( 'NONE',  ( -40.99730114936043890, 13.05460777426156582, -26.17541777998817309 ) ) ;
#2107 = CARTESIAN_POINT ( 'NONE',  ( -42.49730114936043890, 14.78665858183044257, -25.67541777862258101 ) ) ;
#2108 = AXIS2_PLACEMENT_3D ( 'NONE', #3266, #1741, #690 ) ;
#2109 = CARTESIAN_POINT ( 'NONE',  ( -39.22666821186043506, 15.80893398493208757, -26.22750111263870920 ) ) ;
#2110 = CARTESIAN_POINT ( 'NONE',  ( -40.11198468061044053, 13.25324547717797685, -29.29000111263870920 ) ) ;
#2111 = CARTESIAN_POINT ( 'NONE',  ( -40.24730114936043890, 13.48762047615378279, -26.50875111195591316 ) ) ;
#2112 = CARTESIAN_POINT ( 'NONE',  ( -40.99730114936044600, 12.74210777562715435, -31.33166777930537705 ) ) ;
#2113 = EDGE_LOOP ( 'NONE', ( #1306, #1722, #1672, #1428 ) ) ;
#2114 = CARTESIAN_POINT ( 'NONE',  ( -40.99730114936044600, 13.05460777426156582, -31.05041777862258101 ) ) ;
#2115 = CARTESIAN_POINT ( 'NONE',  ( -41.88261761811044437, 16.32007168648290829, -26.60250111263871275 ) ) ;
#2116 = ADVANCED_FACE ( 'NONE', ( #2850 ), #2350, .T. ) ;
#2117 = CARTESIAN_POINT ( 'NONE',  ( -40.99730114936044600, 12.74210777562715435, -29.83166777930537350 ) ) ;
#2118 = CARTESIAN_POINT ( 'NONE',  ( -40.99730114936044600, 16.83120938803373079, -32.14416777930537705 ) ) ;
#2119 = CARTESIAN_POINT ( 'NONE',  ( -39.22666821186044217, 13.76438317872879935, -25.24833444597204490 ) ) ;
#2120 = ORIENTED_EDGE ( 'NONE', *, *, #3345, .T. ) ;
#2121 = CARTESIAN_POINT ( 'NONE',  ( -40.24730114936043890, 16.08569668750710235, -29.46708444665484095 ) ) ;
#2122 = CARTESIAN_POINT ( 'NONE',  ( -39.22666821186044217, 13.76438317872879935, -24.81083444597204135 ) ) ;
#2123 = AXIS2_PLACEMENT_3D ( 'NONE', #388, #421, #897 ) ;
#2124 = CARTESIAN_POINT ( 'NONE',  ( -42.49730114936043890, 14.78665858183044257, -25.17541777862258101 ) ) ;
#2125 = CARTESIAN_POINT ( 'NONE',  ( -42.49730114936043179, 15.65268398561488894, -29.21708444528925241 ) ) ;
#2126 = CARTESIAN_POINT ( 'NONE',  ( -39.49730114936043890, 14.78665858183044257, -30.05041777998817309 ) ) ;
#2127 = FACE_OUTER_BOUND ( 'NONE', #389, .T. ) ;
#2128 = CARTESIAN_POINT ( 'NONE',  ( -39.22666821186043506, 13.76438317872879935, -27.81083444597204490 ) ) ;
#2129 = CARTESIAN_POINT ( 'NONE',  ( -40.11198468061044053, 16.32007168648291184, -28.62333444597204490 ) ) ;
#2130 = CARTESIAN_POINT ( 'NONE',  ( -42.49730114936043890, 14.78665858183044257, -29.30041777998817309 ) ) ;
#2131 = CARTESIAN_POINT ( 'NONE',  ( -42.49730114936043890, 14.78665858183044257, -25.30041777998817665 ) ) ;
#2132 = ORIENTED_EDGE ( 'NONE', *, *, #2283, .F. ) ;
#2133 = CARTESIAN_POINT ( 'NONE',  ( -39.22666821186043506, 13.76438317872879935, -27.24833444597204135 ) ) ;
#2134 = CARTESIAN_POINT ( 'NONE',  ( -42.49730114936043890, 14.78665858183044257, -30.67541777862258101 ) ) ;
#2135 = CARTESIAN_POINT ( 'NONE',  ( -42.76793408686044273, 13.76438317872879757, -30.91500111263871275 ) ) ;
#2136 = CARTESIAN_POINT ( 'NONE',  ( -42.49730114936043890, 14.78665858183044257, -25.67541777862258101 ) ) ;
#2137 = ADVANCED_FACE ( 'NONE', ( #1520 ), #2045, .T. ) ;
#2138 = CYLINDRICAL_SURFACE ( 'NONE', #596, 1.500000000000001332 ) ;
#2139 = VERTEX_POINT ( 'NONE', #515 ) ;
#2140 = CARTESIAN_POINT ( 'NONE',  ( -39.22666821186043506, 14.78665858183044257, -25.20666777930538061 ) ) ;
#2141 = CARTESIAN_POINT ( 'NONE',  ( -42.49730114936043890, 15.65268398561488361, -28.34208444665484095 ) ) ;
#2142 = EDGE_CURVE ( 'NONE', #3327, #2761, #1120, .T. ) ;
#2143 = LINE ( 'NONE', #2598, #2986 ) ;
#2144 = CARTESIAN_POINT ( 'NONE',  ( -39.49730114936043890, 14.78665858183044257, -24.80041777998817665 ) ) ;
#2145 = CARTESIAN_POINT ( 'NONE',  ( -40.99730114936043890, 13.05460777426156582, -31.55041777862258101 ) ) ;
#2146 = CARTESIAN_POINT ( 'NONE',  ( -40.99730114936090786, 14.78665858183045323, -40.80041777998818020 ) ) ;
#2147 = CARTESIAN_POINT ( 'NONE',  ( -41.88261761811044437, 16.32007168648290829, -28.60250111263871275 ) ) ;
#2148 = CARTESIAN_POINT ( 'NONE',  ( -40.99730114936044600, 12.74210777562715435, -27.83166777930537705 ) ) ;
#2149 = CARTESIAN_POINT ( 'NONE',  ( -41.88261761811044437, 13.25324547717797685, -31.93583444597204846 ) ) ;
#2150 = DIRECTION ( 'NONE',  ( 0.000000000000000000, 0.000000000000000000, 1.000000000000000000 ) ) ;
#2151 = EDGE_LOOP ( 'NONE', ( #129, #1046, #2177, #2665 ) ) ;
#2152 = CARTESIAN_POINT ( 'NONE',  ( -42.49730114936043890, 13.92063317804600331, -30.63375111195591671 ) ) ;
#2153 = CARTESIAN_POINT ( 'NONE',  ( -41.88261761811044437, 13.25324547717797685, -31.93583444597204846 ) ) ;
#2154 = CARTESIAN_POINT ( 'NONE',  ( -42.76793408686044273, 15.80893398493208757, -26.99833444597204135 ) ) ;
#2155 = VERTEX_POINT ( 'NONE', #1796 ) ;
#2156 = CARTESIAN_POINT ( 'NONE',  ( -42.76793408686044273, 14.78665858183044257, -23.95666777930537705 ) ) ;
#2157 = CARTESIAN_POINT ( 'NONE',  ( -40.11198468061044053, 16.32007168648291184, -25.18583444597204490 ) ) ;
#2158 = DIRECTION ( 'NONE',  ( 0.000000000000000000, 0.000000000000000000, -1.000000000000000000 ) ) ;
#2159 = ORIENTED_EDGE ( 'NONE', *, *, #2633, .F. ) ;
#2160 = DIRECTION ( 'NONE',  ( -0.000000000000000000, -0.000000000000000000, -1.000000000000000000 ) ) ;
#2161 = EDGE_CURVE ( 'NONE', #2084, #2593, #66, .T. ) ;
#2162 = CARTESIAN_POINT ( 'NONE',  ( -39.49730114936043890, 14.78665858183044257, -24.55041777998817665 ) ) ;
#2163 = CARTESIAN_POINT ( 'NONE',  ( -40.11198468061044053, 13.25324547717797685, -28.85250111263871275 ) ) ;
#2164 = CARTESIAN_POINT ( 'NONE',  ( -42.76793408686044273, 14.78665858183044257, -27.95666777930537705 ) ) ;
#2165 = CARTESIAN_POINT ( 'NONE',  ( -42.49730114936043890, 14.78665858183044257, -24.80041777998817665 ) ) ;
#2166 = CARTESIAN_POINT ( 'NONE',  ( -40.99730114936043890, 14.78665858183044257, -32.80041777998817309 ) ) ;
#2167 = ORIENTED_EDGE ( 'NONE', *, *, #3082, .F. ) ;
#2168 = CARTESIAN_POINT ( 'NONE',  ( -40.24730114936043890, 16.08569668750710235, -31.84208444528924886 ) ) ;
#2169 = CARTESIAN_POINT ( 'NONE',  ( -40.11198468061044053, 13.25324547717797685, -32.35250111263871275 ) ) ;
#2170 = CARTESIAN_POINT ( 'NONE',  ( -42.76793408686044273, 14.78665858183044257, -26.45666777930537705 ) ) ;
#2171 = VERTEX_POINT ( 'NONE', #2869 ) ;
#2172 = CARTESIAN_POINT ( 'NONE',  ( -42.49730114936043890, 14.78665858183044257, -24.80041777998817665 ) ) ;
#2173 =( BOUNDED_CURVE ( )  B_SPLINE_CURVE ( 2, ( #2363, #32, #1077, #2106, #3134, #824, #3254 ),
 .UNSPECIFIED., .F., .F. ) 
 B_SPLINE_CURVE_WITH_KNOTS ( ( 3, 2, 2, 3 ),
 ( 0.2647058823529410132, 0.2745098039215684849, 0.2843137254901959010, 0.2941176470588233727 ),
 .UNSPECIFIED. ) 
 CURVE ( )  GEOMETRIC_REPRESENTATION_ITEM ( )  RATIONAL_B_SPLINE_CURVE ( ( 1.000000000000002220, 0.8660254037844363761, 1.000000000000000000, 0.8660254037844387076, 1.000000000000000000, 0.8660254037844409281, 0.9999999999999977796 ) ) 
 REPRESENTATION_ITEM ( '' )  );
#2174 = CARTESIAN_POINT ( 'NONE',  ( -40.11198468061044053, 13.25324547717797685, -25.29000111263870920 ) ) ;
#2175 = CARTESIAN_POINT ( 'NONE',  ( -42.76793408686044273, 13.76438317872879757, -24.47750111263871275 ) ) ;
#2176 = CARTESIAN_POINT ( 'NONE',  ( -39.49730114936043890, 14.78665858183044257, -25.42541777862258101 ) ) ;
#2177 = ORIENTED_EDGE ( 'NONE', *, *, #650, .T. ) ;
#2178 = FACE_OUTER_BOUND ( 'NONE', #3234, .T. ) ;
#2179 = CARTESIAN_POINT ( 'NONE',  ( -39.49730114936043890, 14.78665858183044257, -28.42541777862258101 ) ) ;
#2180 = FACE_OUTER_BOUND ( 'NONE', #1405, .T. ) ;
#2181 = CARTESIAN_POINT ( 'NONE',  ( -41.88261761811044437, 13.25324547717797685, -29.93583444597204490 ) ) ;
#2182 = CARTESIAN_POINT ( 'NONE',  ( -39.22666821186043506, 15.80893398493208757, -28.66500111263871275 ) ) ;
#2183 = ADVANCED_FACE ( 'NONE', ( #1569 ), #2605, .T. ) ;
#2184 = EDGE_CURVE ( 'NONE', #3121, #3327, #1608, .T. ) ;
#2185 = CARTESIAN_POINT ( 'NONE',  ( -39.22666821186043506, 14.78665858183044257, -24.26916777930537705 ) ) ;
#2186 = CARTESIAN_POINT ( 'NONE',  ( -39.22666821186043506, 14.78665858183044257, -25.70666777930538061 ) ) ;
#2187 = CARTESIAN_POINT ( 'NONE',  ( -42.49730114936043890, 14.78665858183044257, -24.80041777998817665 ) ) ;
#2188 = ORIENTED_EDGE ( 'NONE', *, *, #1517, .T. ) ;
#2189 = CARTESIAN_POINT ( 'NONE',  ( -40.11198468061044053, 16.32007168648291184, -27.12333444597204135 ) ) ;
#2190 = ORIENTED_EDGE ( 'NONE', *, *, #938, .F. ) ;
#2191 = CARTESIAN_POINT ( 'NONE',  ( -42.49730114936043890, 15.65268398561488361, -28.71708444528924531 ) ) ;
#2192 = CARTESIAN_POINT ( 'NONE',  ( -42.49730114936043890, 14.78665858183044257, -31.30041777998817665 ) ) ;
#2193 = CARTESIAN_POINT ( 'NONE',  ( -42.76793408686044273, 13.76438317872879757, -27.47750111263870920 ) ) ;
#2194 = CARTESIAN_POINT ( 'NONE',  ( -41.74730114936043890, 16.08569668750710235, -27.88375111332150880 ) ) ;
#2195 = VERTEX_POINT ( 'NONE', #830 ) ;
#2196 = CARTESIAN_POINT ( 'NONE',  ( -42.49730114936043890, 15.65268398561488361, -31.34208444665484450 ) ) ;
#2197 = DIRECTION ( 'NONE',  ( 1.000000000000000000, 0.000000000000000000, 0.000000000000000000 ) ) ;
#2198 = CARTESIAN_POINT ( 'NONE',  ( -42.49730114936043890, 14.78665858183044257, -25.30041777998817665 ) ) ;
#2199 = CARTESIAN_POINT ( 'NONE',  ( -40.99730114936043890, 16.83120938803373079, -30.14416777930537705 ) ) ;
#2200 = CARTESIAN_POINT ( 'NONE',  ( -42.76793408686044273, 13.76438317872879757, -29.91500111263870920 ) ) ;
#2201 = CARTESIAN_POINT ( 'NONE',  ( -42.76793408686044273, 13.76438317872879757, -25.47750111263870920 ) ) ;
#2202 = LINE ( 'NONE', #2165, #828 ) ;
#2203 = DIRECTION ( 'NONE',  ( -0.000000000000000000, -0.000000000000000000, -1.000000000000000000 ) ) ;
#2204 =( BOUNDED_CURVE ( )  B_SPLINE_CURVE ( 2, ( #3301, #785, #3081, #2058, #2281, #994, #2344 ),
 .UNSPECIFIED., .F., .T. ) 
 B_SPLINE_CURVE_WITH_KNOTS ( ( 3, 2, 2, 3 ),
 ( 0.2941176470588233727, 0.3039215686274507888, 0.3137254901960783160, 0.3235294117647057877 ),
 .UNSPECIFIED. ) 
 CURVE ( )  GEOMETRIC_REPRESENTATION_ITEM ( )  RATIONAL_B_SPLINE_CURVE ( ( 1.000000000000002442, 0.8660254037844364872, 1.000000000000000000, 0.8660254037844387076, 1.000000000000000000, 0.8660254037844402619, 0.9999999999999984457 ) ) 
 REPRESENTATION_ITEM ( '' )  );
#2205 = VERTEX_POINT ( 'NONE', #593 ) ;
#2206 = CARTESIAN_POINT ( 'NONE',  ( -42.49730114936043890, 14.78665858183044257, -26.17541777862258101 ) ) ;
#2207 = VECTOR ( 'NONE', #752, 1000.000000000000114 ) ;
#2208 = AXIS2_PLACEMENT_3D ( 'NONE', #3000, #119, #1480 ) ;
#2209 = EDGE_CURVE ( 'NONE', #1969, #782, #1821, .T. ) ;
#2210 = VERTEX_POINT ( 'NONE', #3192 ) ;
#2211 = DIRECTION ( 'NONE',  ( -0.000000000000000000, -0.000000000000000000, -1.000000000000000000 ) ) ;
#2212 = CARTESIAN_POINT ( 'NONE',  ( -39.22666821186044217, 15.80893398493208757, -24.66500111263870920 ) ) ;
#2213 = CARTESIAN_POINT ( 'NONE',  ( -40.99730114936044600, 12.74210777562715435, -26.89416777930537705 ) ) ;
#2214 = CARTESIAN_POINT ( 'NONE',  ( -39.49730114936043890, 14.78665858183044257, -27.92541777862258101 ) ) ;
#2215 = ORIENTED_EDGE ( 'NONE', *, *, #1324, .F. ) ;
#2216 = FACE_OUTER_BOUND ( 'NONE', #1891, .T. ) ;
#2217 = DIRECTION ( 'NONE',  ( -1.000000000000000000, 0.000000000000000000, 0.000000000000000000 ) ) ;
#2218 = CARTESIAN_POINT ( 'NONE',  ( -42.49730114936043890, 13.92063317804600331, -25.25875111332150880 ) ) ;
#2219 = CARTESIAN_POINT ( 'NONE',  ( -42.76793408686044273, 14.78665858183044257, -30.01916777930537705 ) ) ;
#2220 = CARTESIAN_POINT ( 'NONE',  ( -42.76793408686044273, 14.78665858183044257, -29.45666777930537705 ) ) ;
#2221 = CARTESIAN_POINT ( 'NONE',  ( -41.88261761811044437, 13.25324547717797685, -28.43583444597204490 ) ) ;
#2222 = CARTESIAN_POINT ( 'NONE',  ( -42.76793408686044273, 13.76438317872879757, -25.91500111263871275 ) ) ;
#2223 = CARTESIAN_POINT ( 'NONE',  ( -39.49730114936043890, 14.78665858183044257, -28.42541777862258101 ) ) ;
#2224 = LINE ( 'NONE', #934, #667 ) ;
#2225 = COLOUR_RGB ( '',0.6470588235294117974, 0.5176470588235293491, 0.000000000000000000 ) ;
#2226 = CARTESIAN_POINT ( 'NONE',  ( -40.24730114936043890, 13.48762047615378279, -25.00875111195591316 ) ) ;
#2227 = ADVANCED_FACE ( 'NONE', ( #626 ), #2711, .T. ) ;
#2228 = CARTESIAN_POINT ( 'NONE',  ( -42.76793408686044273, 15.80893398493208757, -27.49833444597204490 ) ) ;
#2229 = CARTESIAN_POINT ( 'NONE',  ( -42.76793408686044273, 15.80893398493208757, -28.56083444597204490 ) ) ;
#2230 = DIRECTION ( 'NONE',  ( 0.000000000000000000, 0.000000000000000000, -1.000000000000000000 ) ) ;
#2231 = ORIENTED_EDGE ( 'NONE', *, *, #3076, .T. ) ;
#2232 = DIRECTION ( 'NONE',  ( 0.000000000000000000, 0.000000000000000000, -1.000000000000000000 ) ) ;
#2233 = CARTESIAN_POINT ( 'NONE',  ( -40.24730114936043890, 16.08569668750710235, -27.46708444665484095 ) ) ;
#2234 = CARTESIAN_POINT ( 'NONE',  ( -40.99730114936044600, 13.05460777426156582, -24.17541777998817665 ) ) ;
#2235 = CARTESIAN_POINT ( 'NONE',  ( -39.22666821186043506, 15.80893398493208757, -31.22750111263871275 ) ) ;
#2236 = CARTESIAN_POINT ( 'NONE',  ( -42.76793408686044273, 15.80893398493208757, -29.99833444597204846 ) ) ;
#2237 = CARTESIAN_POINT ( 'NONE',  ( -41.88261761811044437, 16.32007168648290829, -29.10250111263870920 ) ) ;
#2238 = CARTESIAN_POINT ( 'NONE',  ( -41.74730114936043890, 13.48762047615378279, -27.71708444665484095 ) ) ;
#2239 = ADVANCED_BREP_SHAPE_REPRESENTATION ( '均衡板支撑柱', ( #665, #3180 ), #2489 ) ;
#2240 = ORIENTED_EDGE ( 'NONE', *, *, #899, .T. ) ;
#2241 = CARTESIAN_POINT ( 'NONE',  ( -39.49730114936043890, 14.78665858183044257, -32.42541777862258101 ) ) ;
#2242 = CARTESIAN_POINT ( 'NONE',  ( -39.49730114936043890, 14.78665858183044257, -24.92541777862258101 ) ) ;
#2243 = CARTESIAN_POINT ( 'NONE',  ( -41.88261761811044437, 16.32007168648290829, -26.04000111263871275 ) ) ;
#2244 = CARTESIAN_POINT ( 'NONE',  ( -41.88261761811044437, 13.25324547717797685, -26.93583444597204135 ) ) ;
#2245 = CARTESIAN_POINT ( 'NONE',  ( -40.99730114936090786, 14.78665858183045323, -41.90041777998817452 ) ) ;
#2246 = ORIENTED_EDGE ( 'NONE', *, *, #2534, .T. ) ;
#2247 = CARTESIAN_POINT ( 'NONE',  ( -41.74730114936043890, 16.08569668750710235, -30.88375111332150880 ) ) ;
#2248 = CARTESIAN_POINT ( 'NONE',  ( -40.24730114936043890, 13.48762047615378279, -25.50875111195591316 ) ) ;
#2249 = CARTESIAN_POINT ( 'NONE',  ( -42.49730114936043890, 15.65268398561488361, -27.34208444665484095 ) ) ;
#2250 = CARTESIAN_POINT ( 'NONE',  ( -42.76793408686044273, 15.80893398493208757, -28.49833444597204846 ) ) ;
#2251 = CARTESIAN_POINT ( 'NONE',  ( -40.99730114936044600, 16.83120938803373079, -29.14416777930538061 ) ) ;
#2252 = CARTESIAN_POINT ( 'NONE',  ( -42.13421786644425993, 15.86746789641119548, -32.20041777998816457 ) ) ;
#2253 = ORIENTED_EDGE ( 'NONE', *, *, #1686, .F. ) ;
#2254 = AXIS2_PLACEMENT_3D ( 'NONE', #888, #567, #1341 ) ;
#2255 = CARTESIAN_POINT ( 'NONE',  ( -42.76793408686044273, 15.80893398493208757, -30.49833444597204490 ) ) ;
#2256 = AXIS2_PLACEMENT_3D ( 'NONE', #3176, #1173, #1419 ) ;
#2257 = CARTESIAN_POINT ( 'NONE',  ( -41.88261761811044437, 16.32007168648290829, -26.54000111263871275 ) ) ;
#2258 = CARTESIAN_POINT ( 'NONE',  ( -40.99730114936044600, 16.83120938803373079, -27.14416777930537705 ) ) ;
#2259 = CARTESIAN_POINT ( 'NONE',  ( -39.54129788887395591, 13.92568343848359547, -32.20041777998815746 ) ) ;
#2260 = VERTEX_POINT ( 'NONE', #1866 ) ;
#2261 = CARTESIAN_POINT ( 'NONE',  ( -40.99730114936043890, 14.78665858183044257, -24.80041777998817665 ) ) ;
#2262 = CYLINDRICAL_SURFACE ( 'NONE', #2108, 1.500000000000001332 ) ;
#2263 = CARTESIAN_POINT ( 'NONE',  ( -42.49730114936043890, 13.92063317804600331, -28.25875111332151235 ) ) ;
#2264 = AXIS2_PLACEMENT_3D ( 'NONE', #2463, #2211, #373 ) ;
#2265 = CARTESIAN_POINT ( 'NONE',  ( -39.22666821186043506, 14.78665858183044257, -30.20666777930537705 ) ) ;
#2266 = CARTESIAN_POINT ( 'NONE',  ( -42.76793408686044273, 13.76438317872879757, -28.97750111263870920 ) ) ;
#2267 = ADVANCED_FACE ( 'NONE', ( #2386 ), #1348, .T. ) ;
#2268 = CARTESIAN_POINT ( 'NONE',  ( -40.99730114936043890, 13.05460777426156582, -25.17541777998817309 ) ) ;
#2269 = CARTESIAN_POINT ( 'NONE',  ( -41.88261761811044437, 16.32007168648290829, -26.10250111263871275 ) ) ;
#2270 = CARTESIAN_POINT ( 'NONE',  ( -39.22666821186043506, 15.80893398493208757, -26.66500111263871275 ) ) ;
#2271 = CARTESIAN_POINT ( 'NONE',  ( -39.49730114936044600, 13.92063317804600331, -26.96708444528924886 ) ) ;
#2272 = CARTESIAN_POINT ( 'NONE',  ( -39.22666821186044217, 15.80893398493208757, -30.66500111263870920 ) ) ;
#2273 = CARTESIAN_POINT ( 'NONE',  ( -39.22666821186044217, 15.80893398493208757, -25.66500111263871275 ) ) ;
#2274 = CARTESIAN_POINT ( 'NONE',  ( -39.22666821186044217, 15.80893398493208757, -30.72750111263871275 ) ) ;
#2275 = CARTESIAN_POINT ( 'NONE',  ( -40.24730114936043890, 16.08569668750710235, -27.84208444528924531 ) ) ;
#2276 = VERTEX_POINT ( 'NONE', #2890 ) ;
#2277 = CARTESIAN_POINT ( 'NONE',  ( -41.74730114936043890, 16.08569668750710235, -26.38375111332150880 ) ) ;
#2278 = CARTESIAN_POINT ( 'NONE',  ( -40.24730114936043890, 13.48762047615378279, -26.63375111332150880 ) ) ;
#2279 = CARTESIAN_POINT ( 'NONE',  ( -40.99730114936043890, 16.83120938803373079, -31.58166777930537705 ) ) ;
#2280 = CARTESIAN_POINT ( 'NONE',  ( -39.22666821186043506, 14.78665858183044257, -30.76916777930537705 ) ) ;
#2281 = CARTESIAN_POINT ( 'NONE',  ( -40.24730114936043890, 16.08569668750710235, -26.84208444528924886 ) ) ;
#2283 = EDGE_CURVE ( 'NONE', #2388, #1020, #2647, .T. ) ;
#2282 = LINE ( 'NONE', #1808, #1254 ) ;
#2284 = CARTESIAN_POINT ( 'NONE',  ( -39.22666821186043506, 14.78665858183044257, -26.20666777930537705 ) ) ;
#2285 = CIRCLE ( 'NONE', #1101, 1.469999999999999085 ) ;
#2287 = EDGE_CURVE ( 'NONE', #782, #1969, #1385, .T. ) ;
#2286 = CARTESIAN_POINT ( 'NONE',  ( -41.74730114936043890, 16.08569668750710235, -26.75875111195591316 ) ) ;
#2288 = CARTESIAN_POINT ( 'NONE',  ( -40.11198468061044053, 13.25324547717797685, -31.79000111263870920 ) ) ;
#2289 = CARTESIAN_POINT ( 'NONE',  ( -39.22666821186044217, 13.76438317872879935, -26.74833444597204846 ) ) ;
#2290 = CARTESIAN_POINT ( 'NONE',  ( -39.22666821186044217, 15.80893398493208757, -29.22750111263871275 ) ) ;
#2291 = CARTESIAN_POINT ( 'NONE',  ( -40.92752400221148434, 13.23258188502972921, -32.20041777998817167 ) ) ;
#2292 = ORIENTED_EDGE ( 'NONE', *, *, #470, .T. ) ;
#2293 = CARTESIAN_POINT ( 'NONE',  ( -42.49730114936043890, 14.78665858183044257, -26.30041777998817309 ) ) ;
#2294 = PRESENTATION_STYLE_ASSIGNMENT (( #764 ) ) ;
#2295 = CARTESIAN_POINT ( 'NONE',  ( -39.49730114936043890, 14.78665858183044257, -26.55041777998817309 ) ) ;
#2296 = CARTESIAN_POINT ( 'NONE',  ( -40.99730114936043890, 12.74210777562715613, -31.83166777930537705 ) ) ;
#2297 = CARTESIAN_POINT ( 'NONE',  ( -40.99730114936044600, 12.74210777562715435, -30.89416777930537350 ) ) ;
#2298 = CARTESIAN_POINT ( 'NONE',  ( -41.74730114936043890, 13.48762047615378279, -25.71708444665484450 ) ) ;
#2299 =( BOUNDED_CURVE ( )  B_SPLINE_CURVE ( 2, ( #146, #647, #2226, #901, #3218, #1684, #1406 ),
 .UNSPECIFIED., .F., .T. ) 
 B_SPLINE_CURVE_WITH_KNOTS ( ( 3, 2, 2, 3 ),
 ( 0.08823529411764713393, 0.09803921568627459171, 0.1078431372549020634, 0.1176470588235295212 ),
 .UNSPECIFIED. ) 
 CURVE ( )  GEOMETRIC_REPRESENTATION_ITEM ( )  RATIONAL_B_SPLINE_CURVE ( ( 0.9999999999999990008, 0.8660254037844397068, 1.000000000000000000, 0.8660254037844387076, 1.000000000000000000, 0.8660254037844371533, 1.000000000000001554 ) ) 
 REPRESENTATION_ITEM ( '' )  );
#2300 = CARTESIAN_POINT ( 'NONE',  ( -40.11198468061044053, 13.25324547717797685, -31.79000111263870920 ) ) ;
#2301 = CARTESIAN_POINT ( 'NONE',  ( -42.49730114936043890, 15.65268398561488361, -28.21708444528924531 ) ) ;
#2302 = CARTESIAN_POINT ( 'NONE',  ( -39.22666821186043506, 14.78665858183044257, -30.20666777930537705 ) ) ;
#2303 = ADVANCED_FACE ( 'NONE', ( #895 ), #1157, .T. ) ;
#2304 = CARTESIAN_POINT ( 'NONE',  ( -40.11198468061044053, 16.32007168648291184, -30.62333444597204490 ) ) ;
#2305 =( BOUNDED_CURVE ( )  B_SPLINE_CURVE ( 2, ( #2293, #2784, #2277, #3311, #1005, #460, #3061 ),
 .UNSPECIFIED., .F., .F. ) 
 B_SPLINE_CURVE_WITH_KNOTS ( ( 3, 2, 2, 3 ),
 ( 0.2941176470588233727, 0.3039215686274507888, 0.3137254901960783160, 0.3235294117647057877 ),
 .UNSPECIFIED. ) 
 CURVE ( )  GEOMETRIC_REPRESENTATION_ITEM ( )  RATIONAL_B_SPLINE_CURVE ( ( 1.000000000000002442, 0.8660254037844364872, 1.000000000000000000, 0.8660254037844387076, 1.000000000000000000, 0.8660254037844402619, 0.9999999999999984457 ) ) 
 REPRESENTATION_ITEM ( '' )  );
#2306 = CARTESIAN_POINT ( 'NONE',  ( -42.76793408686044273, 15.80893398493208757, -31.06083444597204846 ) ) ;
#2307 = CARTESIAN_POINT ( 'NONE',  ( -40.99730114936043890, 16.51870938939932287, -26.30041777862257746 ) ) ;
#2308 = ORIENTED_EDGE ( 'NONE', *, *, #748, .F. ) ;
#2309 = VECTOR ( 'NONE', #69, 1000.000000000000000 ) ;
#2310 = CARTESIAN_POINT ( 'NONE',  ( -40.99730114936043890, 13.05460777426156582, -26.67541777998817309 ) ) ;
#2311 = CARTESIAN_POINT ( 'NONE',  ( -39.49730114936043890, 14.78665858183044257, -28.05041777998817665 ) ) ;
#2312 = ORIENTED_EDGE ( 'NONE', *, *, #3006, .T. ) ;
#2313 = CARTESIAN_POINT ( 'NONE',  ( -40.11198468061044053, 16.32007168648291184, -30.62333444597204490 ) ) ;
#2314 = CARTESIAN_POINT ( 'NONE',  ( -39.22666821186044217, 15.80893398493208757, -31.72750111263870565 ) ) ;
#2315 = CARTESIAN_POINT ( 'NONE',  ( -42.49730114936043890, 14.78665858183044257, -26.30041777998817309 ) ) ;
#2316 = CARTESIAN_POINT ( 'NONE',  ( -40.99730114936043890, 16.83120938803373079, -25.64416777930538416 ) ) ;
#2317 = CARTESIAN_POINT ( 'NONE',  ( -42.76793408686044273, 13.76438317872879757, -31.91500111263870565 ) ) ;
#2318 = CARTESIAN_POINT ( 'NONE',  ( -40.24730114936043890, 16.08569668750710235, -27.84208444528924531 ) ) ;
#2319 = CARTESIAN_POINT ( 'NONE',  ( -41.88261761811044437, 16.32007168648290829, -24.10250111263871275 ) ) ;
#2320 = CARTESIAN_POINT ( 'NONE',  ( -42.76793408686044273, 13.76438317872879757, -30.41500111263871631 ) ) ;
#2321 = CARTESIAN_POINT ( 'NONE',  ( -42.76793408686044273, 14.78665858183044257, -31.01916777930537705 ) ) ;
#2322 = ADVANCED_FACE ( 'NONE', ( #1643 ), #2675, .T. ) ;
#2323 = CARTESIAN_POINT ( 'NONE',  ( -41.88261761811044437, 16.32007168648290829, -24.04000111263871275 ) ) ;
#2324 = ORIENTED_EDGE ( 'NONE', *, *, #3345, .F. ) ;
#2325 = CARTESIAN_POINT ( 'NONE',  ( -40.24730114936043890, 13.48762047615378279, -28.63375111332151235 ) ) ;
#2326 = VERTEX_POINT ( 'NONE', #2131 ) ;
#2327 = CARTESIAN_POINT ( 'NONE',  ( -39.22666821186043506, 14.78665858183044257, -31.20666777930537705 ) ) ;
#2328 = CARTESIAN_POINT ( 'NONE',  ( -40.99730114936044600, 16.83120938803373079, -31.64416777930537705 ) ) ;
#2329 = CARTESIAN_POINT ( 'NONE',  ( -40.99730114936043890, 16.51870938939932287, -28.30041777862257746 ) ) ;
#2330 = CARTESIAN_POINT ( 'NONE',  ( -42.76793408686044273, 14.78665858183044257, -26.51916777930537705 ) ) ;
#2331 = CARTESIAN_POINT ( 'NONE',  ( -39.22666821186044217, 13.76438317872879935, -31.24833444597204490 ) ) ;
#2332 = ORIENTED_EDGE ( 'NONE', *, *, #2534, .F. ) ;
#2333 = CARTESIAN_POINT ( 'NONE',  ( -40.99730114936044600, 16.51870938939932287, -27.80041777862258101 ) ) ;
#2334 = CARTESIAN_POINT ( 'NONE',  ( -40.11198468061044053, 16.32007168648291184, -25.68583444597204490 ) ) ;
#2335 = CARTESIAN_POINT ( 'NONE',  ( -42.76793408686044273, 14.78665858183044257, -28.45666777930537705 ) ) ;
#2336 = CARTESIAN_POINT ( 'NONE',  ( -41.88261761811044437, 13.25324547717797685, -27.37333444597204490 ) ) ;
#2337 = CARTESIAN_POINT ( 'NONE',  ( -40.11198468061044053, 13.25324547717797685, -29.85250111263870920 ) ) ;
#2338 = CARTESIAN_POINT ( 'NONE',  ( -41.88261761811044437, 16.32007168648290829, -25.54000111263870920 ) ) ;
#2339 = ORIENTED_EDGE ( 'NONE', *, *, #1788, .T. ) ;
#2340 = CARTESIAN_POINT ( 'NONE',  ( -39.49730114936044600, 15.65268398561488361, -30.00875111332150524 ) ) ;
#2341 = ORIENTED_EDGE ( 'NONE', *, *, #2662, .T. ) ;
#2342 = CARTESIAN_POINT ( 'NONE',  ( -42.49730114936043890, 14.78665858183044257, -24.80041777998817665 ) ) ;
#2343 = CARTESIAN_POINT ( 'NONE',  ( -41.88261761811044437, 16.32007168648290829, -31.60250111263870920 ) ) ;
#2344 = CARTESIAN_POINT ( 'NONE',  ( -39.49730114936043890, 14.78665858183044257, -26.92541777862258101 ) ) ;
#2345 = ADVANCED_FACE ( 'NONE', ( #386 ), #1365, .T. ) ;
#2346 = CARTESIAN_POINT ( 'NONE',  ( -39.49730114936043890, 13.92063317804600331, -31.59208444665484450 ) ) ;
#2347 = CARTESIAN_POINT ( 'NONE',  ( -42.76793408686044273, 13.76438317872879757, -26.47750111263871275 ) ) ;
#2348 = CARTESIAN_POINT ( 'NONE',  ( -39.22666821186044217, 15.80893398493208757, -29.16500111263870920 ) ) ;
#2349 = FACE_OUTER_BOUND ( 'NONE', #2597, .T. ) ;
#2350 = CYLINDRICAL_SURFACE ( 'NONE', #1664, 1.500000000000001332 ) ;
#2351 = ORIENTED_EDGE ( 'NONE', *, *, #2763, .F. ) ;
#2352 = CARTESIAN_POINT ( 'NONE',  ( -42.49730114936043890, 15.65268398561488361, -29.71708444528924531 ) ) ;
#2353 = CARTESIAN_POINT ( 'NONE',  ( -41.88261761811044437, 16.32007168648290829, -26.10250111263871275 ) ) ;
#2354 = CARTESIAN_POINT ( 'NONE',  ( -42.76793408686044273, 14.78665858183044257, -30.45666777930537705 ) ) ;
#2355 = CARTESIAN_POINT ( 'NONE',  ( -40.99730114936044600, 13.05460777426156582, -24.55041777862258456 ) ) ;
#2356 = CARTESIAN_POINT ( 'NONE',  ( -39.22666821186043506, 14.78665858183044257, -25.70666777930538061 ) ) ;
#2357 = EDGE_LOOP ( 'NONE', ( #1867, #3140, #702, #3102, #1847, #341, #2312, #1609, #2824, #2005, #1331, #507, #2246, #2240, #2432, #2052, #1372, #1511, #2120, #3183, #2507, #1589, #2975, #2467, #1302, #2188, #1158, #2375, #1366, #2449, #717, #2427, #2680 ) ) ;
#2358 = CARTESIAN_POINT ( 'NONE',  ( -42.49730114936043890, 15.65268398561488361, -30.34208444665485160 ) ) ;
#2359 = ORIENTED_EDGE ( 'NONE', *, *, #1809, .F. ) ;
#2360 = DIRECTION ( 'NONE',  ( -0.000000000000000000, -0.000000000000000000, -1.000000000000000000 ) ) ;
#2361 = AXIS2_PLACEMENT_3D ( 'NONE', #130, #2445, #160 ) ;
#2362 = CARTESIAN_POINT ( 'NONE',  ( -41.74730114936043890, 13.48762047615378279, -30.59208444528924886 ) ) ;
#2363 = CARTESIAN_POINT ( 'NONE',  ( -39.49730114936043890, 14.78665858183044257, -26.05041777998817309 ) ) ;
#2364 = CARTESIAN_POINT ( 'NONE',  ( -39.22666821186043506, 15.80893398493208757, -28.22750111263871631 ) ) ;
#2365 = CARTESIAN_POINT ( 'NONE',  ( -42.76793408686044273, 13.76438317872879757, -27.41500111263871275 ) ) ;
#2366 = EDGE_CURVE ( 'NONE', #2622, #3108, #2421, .T. ) ;
#2367 = CARTESIAN_POINT ( 'NONE',  ( -39.49730114936041758, 13.92063317804601041, -26.46708444528924176 ) ) ;
#2368 = CARTESIAN_POINT ( 'NONE',  ( -40.11198468061044053, 16.32007168648291184, -31.62333444597204846 ) ) ;
#2369 = VERTEX_POINT ( 'NONE', #93 ) ;
#2370 = CARTESIAN_POINT ( 'NONE',  ( -42.49730114936043890, 15.65268398561488361, -30.71708444528924531 ) ) ;
#2371 = CARTESIAN_POINT ( 'NONE',  ( -42.76793408686044273, 13.76438317872879757, -24.47750111263871275 ) ) ;
#2372 = CARTESIAN_POINT ( 'NONE',  ( -40.11198468061044053, 13.25324547717797685, -29.79000111263870920 ) ) ;
#2373 = CARTESIAN_POINT ( 'NONE',  ( -42.49730114936043890, 15.65268398561488361, -25.21708444528924886 ) ) ;
#2374 = CARTESIAN_POINT ( 'NONE',  ( -39.22666821186044217, 13.76438317872879935, -25.74833444597204490 ) ) ;
#2375 = ORIENTED_EDGE ( 'NONE', *, *, #1474, .T. ) ;
#2376 = CARTESIAN_POINT ( 'NONE',  ( -42.49730114936043890, 13.92063317804600331, -29.25875111332150524 ) ) ;
#2377 = AXIS2_PLACEMENT_3D ( 'NONE', #1462, #2158, #3013 ) ;
#2378 = CARTESIAN_POINT ( 'NONE',  ( -42.76793408686044273, 13.76438317872879757, -25.97750111263871275 ) ) ;
#2379 = CARTESIAN_POINT ( 'NONE',  ( -42.49730114936043890, 14.78665858183044257, -24.80041777998817665 ) ) ;
#2380 = CARTESIAN_POINT ( 'NONE',  ( -42.49730114936043890, 14.78665858183044257, -32.17541777862258101 ) ) ;
#2381 = CARTESIAN_POINT ( 'NONE',  ( -38.82230114936081833, 14.78665858182955972, -40.80041777998818020 ) ) ;
#2382 = CARTESIAN_POINT ( 'NONE',  ( -42.49730114936043890, 14.78665858183044257, -31.17541777862258101 ) ) ;
#2383 = CARTESIAN_POINT ( 'NONE',  ( -40.99730114936043890, 16.83120938803373079, -27.64416777930536995 ) ) ;
#2384 = CARTESIAN_POINT ( 'NONE',  ( -41.88261761811044437, 16.32007168648290829, -29.54000111263870920 ) ) ;
#2385 = CARTESIAN_POINT ( 'NONE',  ( -40.99730114936043890, 16.83120938803373079, -32.14416777930537705 ) ) ;
#2386 = FACE_OUTER_BOUND ( 'NONE', #1423, .T. ) ;
#2387 = EDGE_CURVE ( 'NONE', #1802, #395, #3157, .T. ) ;
#2388 = VERTEX_POINT ( 'NONE', #368 ) ;
#2389 = CARTESIAN_POINT ( 'NONE',  ( -40.99730114936044600, 16.51870938939932287, -29.30041777862258101 ) ) ;
#2390 = CARTESIAN_POINT ( 'NONE',  ( -41.88261761811044437, 13.25324547717797685, -30.87333444597204490 ) ) ;
#2391 = CARTESIAN_POINT ( 'NONE',  ( -40.24730114936043890, 13.48762047615378279, -25.00875111195591316 ) ) ;
#2392 = CARTESIAN_POINT ( 'NONE',  ( -42.76793408686044273, 13.76438317872879757, -25.91500111263871275 ) ) ;
#2393 = ORIENTED_EDGE ( 'NONE', *, *, #3250, .T. ) ;
#2394 = CARTESIAN_POINT ( 'NONE',  ( -39.49730114936044600, 13.92063317804600331, -31.09208444665484450 ) ) ;
#2395 = CARTESIAN_POINT ( 'NONE',  ( -39.22666821186044217, 13.76438317872879935, -25.81083444597204490 ) ) ;
#2396 = LINE ( 'NONE', #2144, #3226 ) ;
#2397 = CARTESIAN_POINT ( 'NONE',  ( -40.24730114936043890, 13.48762047615378279, -28.50875111195591671 ) ) ;
#2398 = CARTESIAN_POINT ( 'NONE',  ( -40.99730114936081549, 14.78665858182955972, -40.80041777998818020 ) ) ;
#2399 = CARTESIAN_POINT ( 'NONE',  ( -39.22666821186043506, 14.78665858183044257, -26.76916777930537705 ) ) ;
#2400 = CARTESIAN_POINT ( 'NONE',  ( -41.88261761811044437, 13.25324547717797685, -29.87333444597204490 ) ) ;
#2401 = CARTESIAN_POINT ( 'NONE',  ( -42.49730114936043890, 13.92063317804600331, -31.25875111332150169 ) ) ;
#2402 = DIRECTION ( 'NONE',  ( -0.000000000000000000, -0.000000000000000000, -1.000000000000000000 ) ) ;
#2403 = ORIENTED_EDGE ( 'NONE', *, *, #1175, .T. ) ;
#2404 = CARTESIAN_POINT ( 'NONE',  ( -39.49730114936043890, 14.78665858183044257, -28.92541777862258101 ) ) ;
#2405 = CARTESIAN_POINT ( 'NONE',  ( -39.49730114936044600, 15.65268398561488361, -25.38375111195591316 ) ) ;
#2406 = CARTESIAN_POINT ( 'NONE',  ( -39.22666821186044217, 13.76438317872879935, -26.24833444597204846 ) ) ;
#2407 = VERTEX_POINT ( 'NONE', #1121 ) ;
#2408 = ADVANCED_FACE ( 'NONE', ( #2640 ), #1011, .T. ) ;
#2409 =( BOUNDED_CURVE ( )  B_SPLINE_CURVE ( 2, ( #2019, #972, #2051, #473, #2275, #2004, #458 ),
 .UNSPECIFIED., .F., .T. ) 
 B_SPLINE_CURVE_WITH_KNOTS ( ( 3, 2, 2, 3 ),
 ( 0.4117647058823528661, 0.4215686274509803377, 0.4313725490196078649, 0.4411764705882352811 ),
 .UNSPECIFIED. ) 
 CURVE ( )  GEOMETRIC_REPRESENTATION_ITEM ( )  RATIONAL_B_SPLINE_CURVE ( ( 1.000000000000000666, 0.8660254037844378194, 1.000000000000000000, 0.8660254037844387076, 1.000000000000000000, 0.8660254037844387076, 1.000000000000000000 ) ) 
 REPRESENTATION_ITEM ( '' )  );
#2410 = CARTESIAN_POINT ( 'NONE',  ( -41.88261761811044437, 13.25324547717797685, -24.37333444597204490 ) ) ;
#2411 = CARTESIAN_POINT ( 'NONE',  ( -39.22666821186043506, 14.78665858183044257, -24.26916777930537705 ) ) ;
#2412 = FILL_AREA_STYLE_COLOUR ( '', #2225 ) ;
#2413 = ORIENTED_EDGE ( 'NONE', *, *, #1713, .F. ) ;
#2414 = CARTESIAN_POINT ( 'NONE',  ( -39.49730114936043890, 14.78665858183044257, -25.55041777998817665 ) ) ;
#2415 = CARTESIAN_POINT ( 'NONE',  ( -42.49730114936046022, 15.65268398561487118, -29.71708444528924531 ) ) ;
#2416 = CARTESIAN_POINT ( 'NONE',  ( -42.49730114936043890, 14.78665858183044257, -25.80041777998817665 ) ) ;
#2417 = CARTESIAN_POINT ( 'NONE',  ( -41.88261761811044437, 16.32007168648290829, -31.10250111263871275 ) ) ;
#2418 = CARTESIAN_POINT ( 'NONE',  ( -41.88261761811044437, 16.32007168648290829, -28.04000111263871275 ) ) ;
#2419 = AXIS2_PLACEMENT_3D ( 'NONE', #2440, #2956, #880 ) ;
#2420 = CARTESIAN_POINT ( 'NONE',  ( -41.74730114936043890, 13.48762047615378279, -31.21708444665484095 ) ) ;
#2421 = LINE ( 'NONE', #2187, #3273 ) ;
#2422 = ORIENTED_EDGE ( 'NONE', *, *, #899, .F. ) ;
#2423 = CARTESIAN_POINT ( 'NONE',  ( -40.24730114936043890, 16.08569668750710235, -30.84208444528924886 ) ) ;
#2424 = VECTOR ( 'NONE', #3154, 1000.000000000000000 ) ;
#2425 = CARTESIAN_POINT ( 'NONE',  ( -42.49730114936043890, 13.92063317804600331, -24.63375111195591316 ) ) ;
#2426 = CARTESIAN_POINT ( 'NONE',  ( -40.99730114936044600, 12.74210777562715435, -26.33166777930538061 ) ) ;
#2427 = ORIENTED_EDGE ( 'NONE', *, *, #1062, .T. ) ;
#2428 = CARTESIAN_POINT ( 'NONE',  ( -40.99730114936044600, 12.74210777562715435, -24.83166777930538061 ) ) ;
#2429 = EDGE_CURVE ( 'NONE', #1666, #2369, #2521, .T. ) ;
#2430 = CARTESIAN_POINT ( 'NONE',  ( -40.99730112477973876, 16.28665858183044435, -24.80041777998818020 ) ) ;
#2431 = CARTESIAN_POINT ( 'NONE',  ( -40.99730114936043890, 13.05460777426156582, -28.05041777862258101 ) ) ;
#2432 = ORIENTED_EDGE ( 'NONE', *, *, #999, .T. ) ;
#2433 = CARTESIAN_POINT ( 'NONE',  ( -39.49730114936044600, 15.65268398561488539, -27.00875111332150524 ) ) ;
#2434 = CARTESIAN_POINT ( 'NONE',  ( -40.99730114936043890, 13.05460777426156582, -28.55041777862258101 ) ) ;
#2435 = CARTESIAN_POINT ( 'NONE',  ( -41.74730114936043890, 16.08569668750710235, -24.38375111332150880 ) ) ;
#2436 = CARTESIAN_POINT ( 'NONE',  ( -42.76793408686044273, 13.76438317872879757, -30.97750111263871275 ) ) ;
#2437 = CARTESIAN_POINT ( 'NONE',  ( -39.22666821186043506, 14.78665858183044257, -28.20666777930537705 ) ) ;
#2438 = CARTESIAN_POINT ( 'NONE',  ( -39.22666821186044217, 13.76438317872879935, -26.81083444597204846 ) ) ;
#2439 = CARTESIAN_POINT ( 'NONE',  ( -42.76793408686044273, 14.78665858183044257, -25.45666777930538061 ) ) ;
#2440 = CARTESIAN_POINT ( 'NONE',  ( -40.99730114936043890, 14.78665858183044257, -24.80041777998817665 ) ) ;
#2441 = ORIENTED_EDGE ( 'NONE', *, *, #542, .F. ) ;
#2442 = CARTESIAN_POINT ( 'NONE',  ( -42.49730114936043890, 14.78665858183044257, -32.67541777862258101 ) ) ;
#2443 = CARTESIAN_POINT ( 'NONE',  ( -42.76793408686044273, 14.78665858183044257, -26.95666777930537705 ) ) ;
#2444 = VERTEX_POINT ( 'NONE', #184 ) ;
#2445 = DIRECTION ( 'NONE',  ( -0.000000000000000000, -0.000000000000000000, -1.000000000000000000 ) ) ;
#2446 = CARTESIAN_POINT ( 'NONE',  ( -39.49730114936044600, 13.92063317804600331, -32.09208444665484450 ) ) ;
#2447 = CARTESIAN_POINT ( 'NONE',  ( -42.76793408686044273, 15.80893398493208757, -25.56083444597204490 ) ) ;
#2448 = CARTESIAN_POINT ( 'NONE',  ( -42.42009334755117322, 15.26169790732634013, -32.20041777998817878 ) ) ;
#2449 = ORIENTED_EDGE ( 'NONE', *, *, #2748, .T. ) ;
#2450 = DIRECTION ( 'NONE',  ( -1.000000000000000000, 0.000000000000000000, 0.000000000000000000 ) ) ;
#2451 = CARTESIAN_POINT ( 'NONE',  ( -40.99730114936043890, 14.78665858183044257, -32.20041777998817167 ) ) ;
#2452 = CARTESIAN_POINT ( 'NONE',  ( -41.74730114936043890, 16.08569668750710235, -24.88375111332150880 ) ) ;
#2453 = AXIS2_PLACEMENT_3D ( 'NONE', #3243, #2991, #2744 ) ;
#2454 = CARTESIAN_POINT ( 'NONE',  ( -42.76793408686044273, 13.76438317872879757, -29.47750111263870565 ) ) ;
#2455 = CARTESIAN_POINT ( 'NONE',  ( -39.22666821186043506, 13.76438317872879935, -29.24833444597204846 ) ) ;
#2456 = CARTESIAN_POINT ( 'NONE',  ( -39.22666821186044217, 13.76438317872879935, -25.31083444597204846 ) ) ;
#2457 = CARTESIAN_POINT ( 'NONE',  ( -41.74730114936043890, 13.48762047615378279, -27.21708444665484095 ) ) ;
#2458 = ADVANCED_FACE ( 'NONE', ( #1760, #2519 ), #1951, .F. ) ;
#2459 = CARTESIAN_POINT ( 'NONE',  ( -40.99730114936043890, 14.78665858183044257, -24.80041777998817665 ) ) ;
#2460 = EDGE_LOOP ( 'NONE', ( #2999, #1320, #594, #3217 ) ) ;
#2461 = DIRECTION ( 'NONE',  ( -1.000000000000000000, 0.000000000000000000, 0.000000000000000000 ) ) ;
#2462 = ORIENTED_EDGE ( 'NONE', *, *, #2054, .T. ) ;
#2463 = CARTESIAN_POINT ( 'NONE',  ( -40.99730114936043890, 14.78665858183044257, -24.80041777998817665 ) ) ;
#2464 = CARTESIAN_POINT ( 'NONE',  ( -41.74730114936043890, 16.08569668750710235, -31.38375111332150524 ) ) ;
#2465 = CARTESIAN_POINT ( 'NONE',  ( -40.11198468061044053, 16.32007168648291184, -26.68583444597204490 ) ) ;
#2466 = CARTESIAN_POINT ( 'NONE',  ( -42.49730114936043890, 15.65268398561487473, -30.34208444665484805 ) ) ;
#2467 = ORIENTED_EDGE ( 'NONE', *, *, #748, .T. ) ;
#2468 = CYLINDRICAL_SURFACE ( 'NONE', #297, 1.500000000000001332 ) ;
#2469 = CARTESIAN_POINT ( 'NONE',  ( -42.49730114936043890, 15.65268398561487828, -27.34208444665484450 ) ) ;
#2470 = FACE_OUTER_BOUND ( 'NONE', #2357, .T. ) ;
#2471 = CARTESIAN_POINT ( 'NONE',  ( -42.76793408686044273, 14.78665858183044257, -31.01916777930537705 ) ) ;
#2472 = CARTESIAN_POINT ( 'NONE',  ( -41.88261761811044437, 13.25324547717797685, -28.87333444597204490 ) ) ;
#2473 = CARTESIAN_POINT ( 'NONE',  ( -42.76793408686044273, 15.80893398493208757, -27.06083444597204135 ) ) ;
#2474 = CARTESIAN_POINT ( 'NONE',  ( -40.99730114936043890, 16.83120938803373079, -25.58166777930538061 ) ) ;
#2475 = CARTESIAN_POINT ( 'NONE',  ( -39.49730114936043890, 13.92063317804600331, -27.59208444665484095 ) ) ;
#2476 = VERTEX_POINT ( 'NONE', #1984 ) ;
#2478 = EDGE_CURVE ( 'NONE', #3237, #1543, #3168, .T. ) ;
#2477 = CARTESIAN_POINT ( 'NONE',  ( -39.49730114936043179, 15.65268398561487473, -25.00875111332151235 ) ) ;
#2479 = AXIS2_PLACEMENT_3D ( 'NONE', #859, #1655, #3171 ) ;
#2480 = CARTESIAN_POINT ( 'NONE',  ( -40.99730114936044600, 16.51870938939932287, -25.80041777862258456 ) ) ;
#2481 = CARTESIAN_POINT ( 'NONE',  ( -39.49730114936043890, 15.65268398561488183, -24.88375111195591316 ) ) ;
#2482 = CARTESIAN_POINT ( 'NONE',  ( -40.11198468061044053, 13.25324547717797685, -24.79000111263870920 ) ) ;
#2483 = CARTESIAN_POINT ( 'NONE',  ( -40.11198468061044053, 13.25324547717797685, -26.85250111263871275 ) ) ;
#2484 = CARTESIAN_POINT ( 'NONE',  ( -40.24730114936043890, 16.08569668750710235, -27.96708444665484095 ) ) ;
#2485 = VERTEX_POINT ( 'NONE', #171 ) ;
#2486 = CARTESIAN_POINT ( 'NONE',  ( -40.99730114936043890, 16.51870938939932287, -30.92541777998817665 ) ) ;
#2487 = DIRECTION ( 'NONE',  ( -0.000000000000000000, -0.000000000000000000, -1.000000000000000000 ) ) ;
#2488 = CARTESIAN_POINT ( 'NONE',  ( -41.74730114936043890, 13.48762047615378279, -24.21708444665484095 ) ) ;
#2489 =( GEOMETRIC_REPRESENTATION_CONTEXT ( 3 ) GLOBAL_UNCERTAINTY_ASSIGNED_CONTEXT ( ( #823 ) ) GLOBAL_UNIT_ASSIGNED_CONTEXT ( ( #3075, #2566, #3343 ) ) REPRESENTATION_CONTEXT ( 'NONE', 'WORKASPACE' ) );
#2490 = CARTESIAN_POINT ( 'NONE',  ( -41.88261761811044437, 16.32007168648290829, -29.10250111263870920 ) ) ;
#2491 = CARTESIAN_POINT ( 'NONE',  ( -40.99730114936043890, 16.83120938803373079, -27.58166777930538061 ) ) ;
#2492 = CARTESIAN_POINT ( 'NONE',  ( -40.11198468061044053, 13.25324547717797685, -28.85250111263871275 ) ) ;
#2493 = CARTESIAN_POINT ( 'NONE',  ( -40.43532825851544033, 16.41816260224865687, -32.20041777998818588 ) ) ;
#2494 = ORIENTED_EDGE ( 'NONE', *, *, #3250, .F. ) ;
#2495 = CARTESIAN_POINT ( 'NONE',  ( -40.99730114936043890, 16.51870938939932287, -25.80041777862258101 ) ) ;
#2496 = EDGE_CURVE ( 'NONE', #493, #2326, #3323, .T. ) ;
#2497 = CARTESIAN_POINT ( 'NONE',  ( -42.76793408686044273, 14.78665858183044257, -26.45666777930537705 ) ) ;
#2498 = CARTESIAN_POINT ( 'NONE',  ( -39.22666821186044217, 15.80893398493208757, -26.22750111263870920 ) ) ;
#2499 = CARTESIAN_POINT ( 'NONE',  ( -39.49730114936043890, 14.78665858183044257, -28.05041777998817665 ) ) ;
#2500 = ORIENTED_EDGE ( 'NONE', *, *, #3120, .T. ) ;
#2501 = CARTESIAN_POINT ( 'NONE',  ( -40.24730114936043890, 16.08569668750710235, -30.96708444665484450 ) ) ;
#2502 = CARTESIAN_POINT ( 'NONE',  ( -39.49730114936043890, 14.78665858183044257, -25.42541777862258101 ) ) ;
#2503 = CARTESIAN_POINT ( 'NONE',  ( -39.49730114936044600, 13.92063317804600331, -26.09208444665484450 ) ) ;
#2504 = CARTESIAN_POINT ( 'NONE',  ( -40.99730114936043890, 16.83120938803373079, -29.58166777930537705 ) ) ;
#2505 = CARTESIAN_POINT ( 'NONE',  ( -41.88261761811044437, 16.32007168648290829, -28.60250111263871275 ) ) ;
#2506 = CARTESIAN_POINT ( 'NONE',  ( -41.84236338839181713, 16.14817679871218914, -32.20041777998829957 ) ) ;
#2507 = ORIENTED_EDGE ( 'NONE', *, *, #2142, .T. ) ;
#2508 = CARTESIAN_POINT ( 'NONE',  ( -41.74730114936043890, 16.08569668750710235, -31.75875111195591316 ) ) ;
#2509 = CARTESIAN_POINT ( 'NONE',  ( -39.22666821186044217, 13.76438317872879935, -31.74833444597204846 ) ) ;
#2510 = CARTESIAN_POINT ( 'NONE',  ( -42.76793408686044273, 13.76438317872879757, -26.91500111263871275 ) ) ;
#2511 = CARTESIAN_POINT ( 'NONE',  ( -39.22666821186043506, 14.78665858183044257, -28.76916777930538061 ) ) ;
#2512 = EDGE_CURVE ( 'NONE', #1196, #2897, #2900, .T. ) ;
#2513 = ORIENTED_EDGE ( 'NONE', *, *, #2478, .T. ) ;
#2514 = CYLINDRICAL_SURFACE ( 'NONE', #465, 1.500000000000001332 ) ;
#2515 = CARTESIAN_POINT ( 'NONE',  ( -40.99730114936043890, 16.51870938939932287, -27.30041777862258101 ) ) ;
#2516 = CARTESIAN_POINT ( 'NONE',  ( -42.49730114936043890, 13.92063317804600331, -27.75875111332150880 ) ) ;
#2517 = CARTESIAN_POINT ( 'NONE',  ( -41.88261761811044437, 13.25324547717797685, -31.87333444597204135 ) ) ;
#2518 = CARTESIAN_POINT ( 'NONE',  ( -41.88261761811044437, 13.25324547717797685, -27.93583444597204490 ) ) ;
#2519 = FACE_OUTER_BOUND ( 'NONE', #681, .T. ) ;
#2520 =( BOUNDED_CURVE ( )  B_SPLINE_CURVE ( 2, ( #2984, #1167, #3238, #2515, #673, #412, #1756 ),
 .UNSPECIFIED., .F., .T. ) 
 B_SPLINE_CURVE_WITH_KNOTS ( ( 3, 2, 2, 3 ),
 ( 0.3529411764705881471, 0.3627450980392155633, 0.3725490196078430905, 0.3823529411764705066 ),
 .UNSPECIFIED. ) 
 CURVE ( )  GEOMETRIC_REPRESENTATION_ITEM ( )  RATIONAL_B_SPLINE_CURVE ( ( 1.000000000000001554, 0.8660254037844371533, 1.000000000000000000, 0.8660254037844387076, 1.000000000000000000, 0.8660254037844394848, 0.9999999999999992228 ) ) 
 REPRESENTATION_ITEM ( '' )  );
#2521 = B_SPLINE_CURVE_WITH_KNOTS ( 'NONE', 3,
 ( #644, #1469, #949, #2992, #2493, #913, #435, #1245, #202, #2506, #1203, #2252, #932, #2538, #3231, #464 ),
 .UNSPECIFIED., .F., .F.,
 ( 4, 2, 2, 2, 2, 2, 2, 4 ),
 ( 0.000000000000000000, 0.0004007194921306179514, 0.0008014389842612359028, 0.001602877968522473540, 0.002003597460653093552, 0.002404316952783714430, 0.002805036444914334442, 0.003205755937044950550 ),
 .UNSPECIFIED. ) ;
#2522 = ORIENTED_EDGE ( 'NONE', *, *, #310, .T. ) ;
#2523 = CARTESIAN_POINT ( 'NONE',  ( -42.76793408686044273, 14.78665858183044257, -25.51916777930538061 ) ) ;
#2524 = CARTESIAN_POINT ( 'NONE',  ( -40.11198468061044053, 16.32007168648291184, -26.12333444597204490 ) ) ;
#2525 = CARTESIAN_POINT ( 'NONE',  ( -39.49730114936044600, 13.92063317804600331, -27.96708444528924531 ) ) ;
#2526 = AXIS2_PLACEMENT_3D ( 'NONE', #396, #2983, #1211 ) ;
#2527 = CARTESIAN_POINT ( 'NONE',  ( -40.11198468061044053, 16.32007168648291184, -31.12333444597204490 ) ) ;
#2528 = AXIS2_PLACEMENT_3D ( 'NONE', #2166, #1628, #1901 ) ;
#2529 = CARTESIAN_POINT ( 'NONE',  ( -41.88261761811044437, 16.32007168648290829, -25.54000111263870920 ) ) ;
#2530 = CARTESIAN_POINT ( 'NONE',  ( -40.99730114936044600, 12.74210777562715435, -29.89416777930537705 ) ) ;
#2531 = CARTESIAN_POINT ( 'NONE',  ( -39.23152177616277925, 14.80115872572376290, -32.20041777998817167 ) ) ;
#2532 = ORIENTED_EDGE ( 'NONE', *, *, #1794, .T. ) ;
#2533 = CARTESIAN_POINT ( 'NONE',  ( -39.49730114936043890, 14.78665858183044257, -29.05041777998817309 ) ) ;
#2534 = EDGE_CURVE ( 'NONE', #2195, #2210, #3087, .T. ) ;
#2535 = CARTESIAN_POINT ( 'NONE',  ( -40.99730114936044600, 13.05460777426156582, -26.67541777998817309 ) ) ;
#2536 = CARTESIAN_POINT ( 'NONE',  ( -39.22666821186043506, 14.78665858183044257, -31.70666777930537705 ) ) ;
#2537 = CARTESIAN_POINT ( 'NONE',  ( -40.99730114936044600, 16.83120938803373079, -28.14416777930537705 ) ) ;
#2538 = CARTESIAN_POINT ( 'NONE',  ( -42.34093671134062475, 15.52167814001622048, -32.20041777998815746 ) ) ;
#2539 = CARTESIAN_POINT ( 'NONE',  ( -42.49730114936043890, 14.78665858183044257, -27.17541777862258101 ) ) ;
#2540 = VECTOR ( 'NONE', #1095, 1000.000000000000000 ) ;
#2541 = CARTESIAN_POINT ( 'NONE',  ( -40.11198468061044053, 16.32007168648291184, -26.62333444597204490 ) ) ;
#2542 = CARTESIAN_POINT ( 'NONE',  ( -40.99730114936044600, 13.05460777426156582, -28.55041777862258101 ) ) ;
#2543 = CARTESIAN_POINT ( 'NONE',  ( -42.76793408686044273, 13.76438317872879757, -31.91500111263870565 ) ) ;
#2544 = AXIS2_PLACEMENT_3D ( 'NONE', #104, #2652, #1895 ) ;
#2545 = CARTESIAN_POINT ( 'NONE',  ( -39.22666821186043506, 14.78665858183044257, -26.70666777930537705 ) ) ;
#2546 =( BOUNDED_CURVE ( )  B_SPLINE_CURVE ( 2, ( #2124, #3151, #842, #584, #1620, #2916, #2176 ),
 .UNSPECIFIED., .F., .T. ) 
 B_SPLINE_CURVE_WITH_KNOTS ( ( 3, 2, 2, 3 ),
 ( 0.1176470588235295212, 0.1274509803921569651, 0.1372549019607844367, 0.1470588235294118806 ),
 .UNSPECIFIED. ) 
 CURVE ( )  GEOMETRIC_REPRESENTATION_ITEM ( )  RATIONAL_B_SPLINE_CURVE ( ( 0.9999999999999984457, 0.8660254037844402619, 1.000000000000000000, 0.8660254037844387076, 1.000000000000000000, 0.8660254037844371533, 1.000000000000001554 ) ) 
 REPRESENTATION_ITEM ( '' )  );
#2547 = CARTESIAN_POINT ( 'NONE',  ( -40.11198468061044053, 16.32007168648291184, -30.68583444597204490 ) ) ;
#2548 = CARTESIAN_POINT ( 'NONE',  ( -41.44730114936036358, 13.35574977970500044, -32.20041777998817167 ) ) ;
#2549 = VERTEX_POINT ( 'NONE', #2223 ) ;
#2550 = CARTESIAN_POINT ( 'NONE',  ( -38.82230114936081833, 14.78665858182955972, -32.80041777998817309 ) ) ;
#2551 = CARTESIAN_POINT ( 'NONE',  ( -39.49730114936043890, 14.78665858183044257, -28.55041777998817665 ) ) ;
#2552 = CARTESIAN_POINT ( 'NONE',  ( -42.41659031531406043, 14.12711660664117197, -24.80041777998818020 ) ) ;
#2553 = CARTESIAN_POINT ( 'NONE',  ( -42.76793408686044273, 15.80893398493208757, -31.06083444597204846 ) ) ;
#2554 = CARTESIAN_POINT ( 'NONE',  ( -40.99730112477973876, 16.28665858183044435, -24.80041777998818020 ) ) ;
#2555 = CARTESIAN_POINT ( 'NONE',  ( -39.49730114936043890, 14.78665858183044257, -26.92541777862258101 ) ) ;
#2556 = ADVANCED_FACE ( 'NONE', ( #3270 ), #965, .T. ) ;
#2557 = CARTESIAN_POINT ( 'NONE',  ( -42.76793408686044273, 14.78665858183044257, -32.45666777930537705 ) ) ;
#2558 = CIRCLE ( 'NONE', #1971, 1.369999999999989226 ) ;
#2559 = CARTESIAN_POINT ( 'NONE',  ( -40.24730114936043890, 16.08569668750710235, -26.34208444528924886 ) ) ;
#2560 = CARTESIAN_POINT ( 'NONE',  ( -40.11198468061044053, 13.25324547717797685, -32.29000111263871275 ) ) ;
#2561 = CARTESIAN_POINT ( 'NONE',  ( -42.76793408686044273, 13.76438317872879757, -27.41500111263871275 ) ) ;
#2562 = CARTESIAN_POINT ( 'NONE',  ( -42.76793408686044273, 13.76438317872879757, -30.97750111263871275 ) ) ;
#2563 = CARTESIAN_POINT ( 'NONE',  ( -42.49730114936043890, 14.78665858183044257, -27.67541777862258101 ) ) ;
#2564 = EDGE_LOOP ( 'NONE', ( #2351, #1559, #1754, #900 ) ) ;
#2565 = CARTESIAN_POINT ( 'NONE',  ( -42.49730114936043890, 14.78665858183044257, -28.80041777998817665 ) ) ;
#2566 =( NAMED_UNIT ( * ) PLANE_ANGLE_UNIT ( ) SI_UNIT ( $, .RADIAN. ) );
#2567 = CARTESIAN_POINT ( 'NONE',  ( -39.49730114936044600, 15.65268398561488361, -27.00875111332150880 ) ) ;
#2568 = CARTESIAN_POINT ( 'NONE',  ( -39.22666821186043506, 15.80893398493208757, -30.16500111263871275 ) ) ;
#2569 = CARTESIAN_POINT ( 'NONE',  ( -40.11198468061044053, 16.32007168648291184, -29.68583444597204490 ) ) ;
#2570 = CARTESIAN_POINT ( 'NONE',  ( -39.49730114936043890, 14.78665858183044257, -32.05041777998817309 ) ) ;
#2571 = CARTESIAN_POINT ( 'NONE',  ( -42.76793408686044273, 14.78665858183044257, -25.01916777930538061 ) ) ;
#2572 = CARTESIAN_POINT ( 'NONE',  ( -42.49730114936043890, 14.78665858183044257, -30.67541777862258101 ) ) ;
#2573 = CARTESIAN_POINT ( 'NONE',  ( -42.49730114936043890, 13.92063317804600331, -26.13375111195591316 ) ) ;
#2574 = CARTESIAN_POINT ( 'NONE',  ( -42.76793408686044273, 14.78665858183044257, -32.45666777930537705 ) ) ;
#2575 = CARTESIAN_POINT ( 'NONE',  ( -39.22666821186044217, 15.80893398493208757, -30.16500111263871275 ) ) ;
#2576 = CARTESIAN_POINT ( 'NONE',  ( -39.22666821186044217, 13.76438317872879935, -29.81083444597204846 ) ) ;
#2577 = VERTEX_POINT ( 'NONE', #419 ) ;
#2578 =( NAMED_UNIT ( * ) PLANE_ANGLE_UNIT ( ) SI_UNIT ( $, .RADIAN. ) );
#2579 = CARTESIAN_POINT ( 'NONE',  ( -40.99730114936044600, 13.05460777426156582, -31.17541777998818020 ) ) ;
#2580 = CARTESIAN_POINT ( 'NONE',  ( -39.36525044692348985, 14.09996250347051117, -24.80041777998817309 ) ) ;
#2581 = CARTESIAN_POINT ( 'NONE',  ( -42.76793408686044273, 14.78665858183044257, -31.45666777930537705 ) ) ;
#2582 = CARTESIAN_POINT ( 'NONE',  ( -39.22666821186043506, 14.78665858183044257, -30.26916777930537705 ) ) ;
#2583 = DIRECTION ( 'NONE',  ( -1.000000000000000000, 0.000000000000000000, 0.000000000000000000 ) ) ;
#2584 = DIRECTION ( 'NONE',  ( 0.000000000000000000, 0.000000000000000000, -1.000000000000000000 ) ) ;
#2585 = CARTESIAN_POINT ( 'NONE',  ( -40.11198468061044053, 13.25324547717797685, -26.35250111263871275 ) ) ;
#2586 = CARTESIAN_POINT ( 'NONE',  ( -40.99730114936043890, 13.05460777426156582, -29.67541777998817309 ) ) ;
#2587 = ORIENTED_EDGE ( 'NONE', *, *, #3023, .T. ) ;
#2588 = CARTESIAN_POINT ( 'NONE',  ( -42.49730114936043890, 15.65268398561488361, -26.21708444528924886 ) ) ;
#2589 = CARTESIAN_POINT ( 'NONE',  ( -39.22666821186043506, 14.78665858183044257, -24.76916777930537705 ) ) ;
#2590 = CARTESIAN_POINT ( 'NONE',  ( -42.76793408686044273, 13.76438317872879757, -29.41500111263871275 ) ) ;
#2591 = CARTESIAN_POINT ( 'NONE',  ( -40.99730114936044600, 12.74210777562715435, -31.39416777930538061 ) ) ;
#2592 = CARTESIAN_POINT ( 'NONE',  ( -40.11198468061044053, 16.32007168648291184, -24.62333444597204490 ) ) ;
#2593 = VERTEX_POINT ( 'NONE', #1453 ) ;
#2594 = EDGE_CURVE ( 'NONE', #3121, #1644, #89, .T. ) ;
#2595 = DIRECTION ( 'NONE',  ( -0.000000000000000000, -0.000000000000000000, -1.000000000000000000 ) ) ;
#2596 = CARTESIAN_POINT ( 'NONE',  ( -40.99730114936044600, 13.05460777426156582, -29.67541777998817309 ) ) ;
#2597 = EDGE_LOOP ( 'NONE', ( #1934, #1271 ) ) ;
#2598 = CARTESIAN_POINT ( 'NONE',  ( -39.49730114936043890, 14.78665858183044257, -24.80041777998817665 ) ) ;
#2599 = CARTESIAN_POINT ( 'NONE',  ( -40.99730114936044600, 12.74210777562715435, -29.89416777930537705 ) ) ;
#2600 = LINE ( 'NONE', #1793, #2207 ) ;
#2601 = CARTESIAN_POINT ( 'NONE',  ( -42.49730114936043890, 14.78665858183044257, -24.80041777998817665 ) ) ;
#2602 = CARTESIAN_POINT ( 'NONE',  ( -40.11198468061044053, 13.25324547717797685, -27.35250111263871275 ) ) ;
#2603 = CARTESIAN_POINT ( 'NONE',  ( -39.22666821186044217, 13.76438317872879935, -28.74833444597204490 ) ) ;
#2604 = CARTESIAN_POINT ( 'NONE',  ( -42.76793408686044273, 15.80893398493208757, -32.06083444597204846 ) ) ;
#2605 = CYLINDRICAL_SURFACE ( 'NONE', #791, 1.500000000000001332 ) ;
#2606 = ORIENTED_EDGE ( 'NONE', *, *, #1369, .F. ) ;
#2607 = CARTESIAN_POINT ( 'NONE',  ( -39.49730114936044600, 13.92063317804600331, -28.96708444528924531 ) ) ;
#2608 = CARTESIAN_POINT ( 'NONE',  ( -40.11198468061044053, 16.32007168648291184, -25.18583444597204490 ) ) ;
#2609 = CARTESIAN_POINT ( 'NONE',  ( -41.88261761811044437, 16.32007168648290829, -28.54000111263871275 ) ) ;
#2610 = CARTESIAN_POINT ( 'NONE',  ( -42.49730114936043890, 13.92063317804600331, -25.13375111195591316 ) ) ;
#2611 = CARTESIAN_POINT ( 'NONE',  ( -42.76793408686044273, 14.78665858183044257, -25.45666777930538061 ) ) ;
#2612 = ORIENTED_EDGE ( 'NONE', *, *, #3214, .T. ) ;
#2613 = CARTESIAN_POINT ( 'NONE',  ( -39.49730114936043890, 14.78665858183044257, -29.05041777998817309 ) ) ;
#2614 = ADVANCED_FACE ( 'NONE', ( #723 ), #2788, .T. ) ;
#2615 = CARTESIAN_POINT ( 'NONE',  ( -40.24730114936043890, 16.08569668750710235, -31.84208444528924886 ) ) ;
#2616 = CARTESIAN_POINT ( 'NONE',  ( -41.88261761811044437, 16.32007168648290829, -30.10250111263871275 ) ) ;
#2617 = DIRECTION ( 'NONE',  ( 1.000000000000000000, 0.000000000000000000, 0.000000000000000000 ) ) ;
#2618 = CARTESIAN_POINT ( 'NONE',  ( -41.88261761811044437, 13.25324547717797685, -27.93583444597204490 ) ) ;
#2619 = CARTESIAN_POINT ( 'NONE',  ( -41.88261761811044437, 13.25324547717797685, -28.87333444597204490 ) ) ;
#2620 = DIRECTION ( 'NONE',  ( 0.000000000000000000, 0.000000000000000000, -1.000000000000000000 ) ) ;
#2621 = DIRECTION ( 'NONE',  ( -1.000000000000000000, 0.000000000000000000, 0.000000000000000000 ) ) ;
#2622 = VERTEX_POINT ( 'NONE', #3334 ) ;
#2623 = CARTESIAN_POINT ( 'NONE',  ( -40.99730114936044600, 16.51870938939932287, -30.30041777862258456 ) ) ;
#2624 = CARTESIAN_POINT ( 'NONE',  ( -40.11198468061044053, 16.32007168648291184, -26.18583444597204490 ) ) ;
#2625 = CARTESIAN_POINT ( 'NONE',  ( -39.22666821186044217, 13.76438317872879935, -30.74833444597204490 ) ) ;
#2626 = CARTESIAN_POINT ( 'NONE',  ( -39.22666821186044217, 15.80893398493208757, -32.22750111263870565 ) ) ;
#2627 = CARTESIAN_POINT ( 'NONE',  ( -42.76793408686044273, 13.76438317872879757, -25.41500111263870920 ) ) ;
#2628 = ORIENTED_EDGE ( 'NONE', *, *, #58, .F. ) ;
#2629 = CARTESIAN_POINT ( 'NONE',  ( -40.24730114936043890, 13.48762047615378279, -30.63375111332150880 ) ) ;
#2630 = CARTESIAN_POINT ( 'NONE',  ( -40.99730114936044600, 12.74210777562715435, -25.89416777930538061 ) ) ;
#2631 = CIRCLE ( 'NONE', #1885, 2.174999999999996270 ) ;
#2632 = CARTESIAN_POINT ( 'NONE',  ( -41.74730114936043890, 16.08569668750710235, -29.25875111195591316 ) ) ;
#2633 = EDGE_CURVE ( 'NONE', #2369, #1337, #1771, .T. ) ;
#2634 = LINE ( 'NONE', #1911, #2309 ) ;
#2635 = CARTESIAN_POINT ( 'NONE',  ( -40.24730114936043890, 16.08569668750710235, -25.96708444665484450 ) ) ;
#2636 = CARTESIAN_POINT ( 'NONE',  ( -39.22666821186043506, 13.76438317872879935, -26.81083444597204846 ) ) ;
#2637 = CARTESIAN_POINT ( 'NONE',  ( -42.76793408686044273, 15.80893398493208757, -29.49833444597204490 ) ) ;
#2638 = DIRECTION ( 'NONE',  ( 0.000000000000000000, 0.000000000000000000, -1.000000000000000000 ) ) ;
#2639 = EDGE_CURVE ( 'NONE', #2476, #2276, #2600, .T. ) ;
#2640 = FACE_OUTER_BOUND ( 'NONE', #1445, .T. ) ;
#2641 = ORIENTED_EDGE ( 'NONE', *, *, #629, .T. ) ;
#2642 = CARTESIAN_POINT ( 'NONE',  ( -39.49730114936044600, 13.92063317804600331, -30.46708444528924886 ) ) ;
#2643 = CARTESIAN_POINT ( 'NONE',  ( -40.99730114936044600, 16.83120938803373079, -31.08166777930537705 ) ) ;
#2644 = CARTESIAN_POINT ( 'NONE',  ( -40.99730114936044600, 13.05460777426156582, -25.55041777862258101 ) ) ;
#2645 = CARTESIAN_POINT ( 'NONE',  ( -40.99730114936044600, 12.74210777562715435, -25.33166777930538061 ) ) ;
#2646 = VERTEX_POINT ( 'NONE', #2554 ) ;
#2647 =( BOUNDED_CURVE ( )  B_SPLINE_CURVE ( 2, ( #111, #610, #332, #1661, #55, #3211, #849 ),
 .UNSPECIFIED., .F., .F. ) 
 B_SPLINE_CURVE_WITH_KNOTS ( ( 3, 2, 2, 3 ),
 ( 0.5588235294117648300, 0.5686274509803922461, 0.5784313725490197733, 0.5882352941176471894 ),
 .UNSPECIFIED. ) 
 CURVE ( )  GEOMETRIC_REPRESENTATION_ITEM ( )  RATIONAL_B_SPLINE_CURVE ( ( 0.9999999999999984457, 0.8660254037844402619, 1.000000000000000000, 0.8660254037844387076, 1.000000000000000000, 0.8660254037844371533, 1.000000000000001554 ) ) 
 REPRESENTATION_ITEM ( '' )  );
#2648 = CARTESIAN_POINT ( 'NONE',  ( -39.49730114936044600, 15.65268398561488361, -31.00875111332150880 ) ) ;
#2649 = CARTESIAN_POINT ( 'NONE',  ( -39.22666821186043506, 14.78665858183044257, -25.76916777930538061 ) ) ;
#2650 = CARTESIAN_POINT ( 'NONE',  ( -40.58994353137195077, 13.06332331942037506, -24.80041777998819086 ) ) ;
#2651 = CARTESIAN_POINT ( 'NONE',  ( -39.22666821186044217, 15.80893398493208757, -32.22750111263870565 ) ) ;
#2652 = DIRECTION ( 'NONE',  ( -0.000000000000000000, -0.000000000000000000, 1.000000000000000000 ) ) ;
#2653 = CARTESIAN_POINT ( 'NONE',  ( -39.49730114936043890, 14.78665858183044257, -26.05041777998817309 ) ) ;
#2654 = AXIS2_PLACEMENT_3D ( 'NONE', #2705, #2160, #3188 ) ;
#2655 =( BOUNDED_CURVE ( )  B_SPLINE_CURVE ( 2, ( #3198, #2191, #2943, #632, #406, #1192, #1955 ),
 .UNSPECIFIED., .F., .T. ) 
 B_SPLINE_CURVE_WITH_KNOTS ( ( 3, 2, 2, 3 ),
 ( 0.5294117647058823595, 0.5392156862745097756, 0.5490196078431374138, 0.5588235294117648300 ),
 .UNSPECIFIED. ) 
 CURVE ( )  GEOMETRIC_REPRESENTATION_ITEM ( )  RATIONAL_B_SPLINE_CURVE ( ( 1.000000000000000000, 0.8660254037844387076, 1.000000000000000000, 0.8660254037844387076, 1.000000000000000000, 0.8660254037844371533, 1.000000000000001554 ) ) 
 REPRESENTATION_ITEM ( '' )  );
#2656 = CARTESIAN_POINT ( 'NONE',  ( -40.99730114936043890, 12.74210777562715613, -28.39416777930537705 ) ) ;
#2657 = CARTESIAN_POINT ( 'NONE',  ( -40.11198468061044053, 16.32007168648291184, -29.62333444597204490 ) ) ;
#2658 = CARTESIAN_POINT ( 'NONE',  ( -42.49730114936042469, 13.92063317804599620, -26.63375111195591671 ) ) ;
#2659 = DIRECTION ( 'NONE',  ( -0.000000000000000000, -0.000000000000000000, -1.000000000000000000 ) ) ;
#2660 = ORIENTED_EDGE ( 'NONE', *, *, #999, .F. ) ;
#2662 = EDGE_CURVE ( 'NONE', #2139, #688, #2204, .T. ) ;
#2661 = CARTESIAN_POINT ( 'NONE',  ( -41.74730114936043890, 16.08569668750710235, -30.75875111195591316 ) ) ;
#2663 = CARTESIAN_POINT ( 'NONE',  ( -40.99730114936044600, 16.83120938803373079, -31.64416777930537705 ) ) ;
#2664 = CARTESIAN_POINT ( 'NONE',  ( -41.88261761811044437, 13.25324547717797685, -26.37333444597204490 ) ) ;
#2665 = ORIENTED_EDGE ( 'NONE', *, *, #3302, .F. ) ;
#2666 = CARTESIAN_POINT ( 'NONE',  ( -42.49730114936043890, 15.65268398561488361, -31.84208444665484450 ) ) ;
#2667 = CARTESIAN_POINT ( 'NONE',  ( -42.49730114936043890, 14.78665858183044257, -28.30041777998817665 ) ) ;
#2668 = DIRECTION ( 'NONE',  ( -0.000000000000000000, -0.000000000000000000, -1.000000000000000000 ) ) ;
#2669 = CARTESIAN_POINT ( 'NONE',  ( -39.49730114936042469, 13.92063317804601397, -30.46708444528924886 ) ) ;
#2670 = FACE_OUTER_BOUND ( 'NONE', #420, .T. ) ;
#2671 = CARTESIAN_POINT ( 'NONE',  ( -42.49730114936043890, 13.92063317804600331, -25.75875111332150880 ) ) ;
#2672 = CARTESIAN_POINT ( 'NONE',  ( -41.88261761811044437, 16.32007168648290829, -29.60250111263870920 ) ) ;
#2673 = CARTESIAN_POINT ( 'NONE',  ( -40.99730114936044600, 16.83120938803373079, -29.58166777930537705 ) ) ;
#2674 = LINE ( 'NONE', #2849, #1422 ) ;
#2675 = CYLINDRICAL_SURFACE ( 'NONE', #2419, 1.500000000000001332 ) ;
#2676 = CARTESIAN_POINT ( 'NONE',  ( -42.49730114936043890, 15.65268398561488361, -30.21708444528924886 ) ) ;
#2677 = EDGE_CURVE ( 'NONE', #2897, #1196, #2631, .T. ) ;
#2678 = CARTESIAN_POINT ( 'NONE',  ( -39.49730114936044600, 15.65268398561488361, -24.88375111195590961 ) ) ;
#2679 = CARTESIAN_POINT ( 'NONE',  ( -40.99730114936044600, 12.74210777562715435, -26.83166777930537705 ) ) ;
#2680 = ORIENTED_EDGE ( 'NONE', *, *, #501, .F. ) ;
#2681 = CARTESIAN_POINT ( 'NONE',  ( -39.49730114936043179, 13.92063317804601041, -30.96708444528924886 ) ) ;
#2682 = CARTESIAN_POINT ( 'NONE',  ( -40.11198468061044053, 16.32007168648291184, -24.62333444597204490 ) ) ;
#2683 = CARTESIAN_POINT ( 'NONE',  ( -41.88261761811044437, 16.32007168648290829, -25.10250111263870920 ) ) ;
#2684 = VERTEX_POINT ( 'NONE', #1308 ) ;
#2685 = DIRECTION ( 'NONE',  ( -0.000000000000000000, -0.000000000000000000, -1.000000000000000000 ) ) ;
#2686 = CARTESIAN_POINT ( 'NONE',  ( -41.74730114936043890, 16.08569668750710235, -29.75875111195591316 ) ) ;
#2687 = CARTESIAN_POINT ( 'NONE',  ( -42.49730114936043890, 14.78665858183044257, -23.80041777998817665 ) ) ;
#2688 = CARTESIAN_POINT ( 'NONE',  ( -40.99730114936043890, 12.74210777562715613, -30.39416777930537705 ) ) ;
#2689 = CARTESIAN_POINT ( 'NONE',  ( -42.76793408686044273, 14.78665858183044257, -27.45666777930537705 ) ) ;
#2690 = AXIS2_PLACEMENT_3D ( 'NONE', #1846, #1064, #2621 ) ;
#2691 = CARTESIAN_POINT ( 'NONE',  ( -39.22666821186044217, 15.80893398493208757, -26.72750111263870920 ) ) ;
#2692 = PLANE ( 'NONE',  #2453 ) ;
#2693 = DIRECTION ( 'NONE',  ( -1.000000000000000000, 0.000000000000000000, 0.000000000000000000 ) ) ;
#2694 = CARTESIAN_POINT ( 'NONE',  ( -41.74730114936043890, 13.48762047615378279, -31.59208444528924886 ) ) ;
#2695 = VECTOR ( 'NONE', #1043, 1000.000000000000000 ) ;
#2696 = CARTESIAN_POINT ( 'NONE',  ( -40.99730114936044600, 16.83120938803373079, -27.08166777930537705 ) ) ;
#2697 = VERTEX_POINT ( 'NONE', #482 ) ;
#2698 = DIRECTION ( 'NONE',  ( -1.000000000000000000, 0.000000000000000000, 0.000000000000000000 ) ) ;
#2699 = CARTESIAN_POINT ( 'NONE',  ( -39.49730114936044600, 15.65268398561488361, -32.00875111332150880 ) ) ;
#2700 = APPLICATION_CONTEXT ( 'automotive_design' ) ;
#2701 = ADVANCED_FACE ( 'NONE', ( #1027 ), #3050, .T. ) ;
#2702 = CARTESIAN_POINT ( 'NONE',  ( -39.49021842174051500, 15.82231903912757076, -32.20041777998816457 ) ) ;
#2703 = ORIENTED_EDGE ( 'NONE', *, *, #1827, .F. ) ;
#2704 = CARTESIAN_POINT ( 'NONE',  ( -39.49730114936043890, 14.78665858183044257, -30.42541777862258101 ) ) ;
#2705 = CARTESIAN_POINT ( 'NONE',  ( -40.99730114936043890, 14.78665858183044257, -24.80041777998817665 ) ) ;
#2706 = CARTESIAN_POINT ( 'NONE',  ( -42.49730114936043890, 15.65268398561488361, -24.84208444665484450 ) ) ;
#2707 = CARTESIAN_POINT ( 'NONE',  ( -41.88261761811044437, 13.25324547717797685, -28.93583444597204490 ) ) ;
#2708 = CARTESIAN_POINT ( 'NONE',  ( -41.88261761811044437, 13.25324547717797685, -28.37333444597204490 ) ) ;
#2709 = CARTESIAN_POINT ( 'NONE',  ( -42.76793408686044273, 15.80893398493208757, -25.56083444597204490 ) ) ;
#2710 = CARTESIAN_POINT ( 'NONE',  ( -40.99730114936043890, 12.74210777562715613, -25.83166777930538416 ) ) ;
#2711 = CYLINDRICAL_SURFACE ( 'NONE', #1065, 1.500000000000001332 ) ;
#2712 = AXIS2_PLACEMENT_3D ( 'NONE', #3204, #605, #1396 ) ;
#2713 = ORIENTED_EDGE ( 'NONE', *, *, #564, .T. ) ;
#2714 = CARTESIAN_POINT ( 'NONE',  ( -40.24730114936043890, 16.08569668750710235, -31.34208444528924886 ) ) ;
#2715 = VERTEX_POINT ( 'NONE', #2570 ) ;
#2716 = CARTESIAN_POINT ( 'NONE',  ( -42.49730114936043890, 14.78665858183044257, -29.67541777862257746 ) ) ;
#2717 = CARTESIAN_POINT ( 'NONE',  ( -39.22666821186044217, 13.76438317872879935, -25.24833444597204490 ) ) ;
#2718 = CARTESIAN_POINT ( 'NONE',  ( -40.99730114936044600, 12.74210777562715435, -26.39416777930537705 ) ) ;
#2719 = CARTESIAN_POINT ( 'NONE',  ( -42.49730114936043890, 14.78665858183044257, -24.80041777998817665 ) ) ;
#2720 = EDGE_LOOP ( 'NONE', ( #3346, #923, #973, #2070 ) ) ;
#2721 = DIRECTION ( 'NONE',  ( -0.000000000000000000, -0.000000000000000000, -1.000000000000000000 ) ) ;
#2722 = LINE ( 'NONE', #1978, #922 ) ;
#2723 = EDGE_CURVE ( 'NONE', #2260, #1944, #13, .T. ) ;
#2724 = CARTESIAN_POINT ( 'NONE',  ( -40.24730114936043890, 16.08569668750710235, -23.96708444665484095 ) ) ;
#2725 = AXIS2_PLACEMENT_3D ( 'NONE', #1189, #1421, #2461 ) ;
#2726 = CARTESIAN_POINT ( 'NONE',  ( -39.22666821186043506, 13.76438317872879935, -30.81083444597204490 ) ) ;
#2727 = CARTESIAN_POINT ( 'NONE',  ( -42.76793408686044273, 13.76438317872879757, -27.91500111263871275 ) ) ;
#2728 = CARTESIAN_POINT ( 'NONE',  ( -42.76793408686044273, 14.78665858183044257, -29.01916777930538061 ) ) ;
#2729 = CARTESIAN_POINT ( 'NONE',  ( -39.22666821186043506, 15.80893398493208757, -25.16500111263870565 ) ) ;
#2730 = CARTESIAN_POINT ( 'NONE',  ( -42.49730114936043890, 14.78665858183044257, -25.30041777998817665 ) ) ;
#2731 = ORIENTED_EDGE ( 'NONE', *, *, #612, .F. ) ;
#2732 = CARTESIAN_POINT ( 'NONE',  ( -39.49730114936043890, 14.78665858183044257, -25.05041777998817665 ) ) ;
#2733 = DIRECTION ( 'NONE',  ( 0.000000000000000000, 0.000000000000000000, 1.000000000000000000 ) ) ;
#2734 = CARTESIAN_POINT ( 'NONE',  ( -39.49730114936043890, 14.78665858183044257, -31.55041777998817665 ) ) ;
#2735 = CARTESIAN_POINT ( 'NONE',  ( -41.88261761811044437, 16.32007168648290829, -28.60250111263871275 ) ) ;
#2736 = CARTESIAN_POINT ( 'NONE',  ( -42.49730114936043890, 13.92063317804601041, -28.75875111332150880 ) ) ;
#2737 = VERTEX_POINT ( 'NONE', #2042 ) ;
#2738 = CARTESIAN_POINT ( 'NONE',  ( -40.24730114936043890, 13.48762047615378279, -32.00875111195590961 ) ) ;
#2739 = FACE_OUTER_BOUND ( 'NONE', #3060, .T. ) ;
#2740 = CARTESIAN_POINT ( 'NONE',  ( -39.49730114936043890, 14.78665858183044257, -25.05041777998817665 ) ) ;
#2741 = CARTESIAN_POINT ( 'NONE',  ( -40.11198468061044053, 16.32007168648291184, -29.18583444597204490 ) ) ;
#2742 = CARTESIAN_POINT ( 'NONE',  ( -41.88261761811044437, 16.32007168648290829, -29.54000111263870920 ) ) ;
#2743 = CARTESIAN_POINT ( 'NONE',  ( -40.11198468061044053, 16.32007168648291184, -29.18583444597204490 ) ) ;
#2744 = DIRECTION ( 'NONE',  ( -1.000000000000000000, 0.000000000000000000, -0.000000000000000000 ) ) ;
#2745 = CARTESIAN_POINT ( 'NONE',  ( -42.49730114936043890, 13.92063317804600331, -27.75875111332150880 ) ) ;
#2746 = ORIENTED_EDGE ( 'NONE', *, *, #1788, .F. ) ;
#2747 = CARTESIAN_POINT ( 'NONE',  ( -39.49730114936044600, 13.92063317804600331, -32.46708444528924531 ) ) ;
#2748 = EDGE_CURVE ( 'NONE', #2205, #2715, #664, .T. ) ;
#2749 = CARTESIAN_POINT ( 'NONE',  ( -42.49730114936043890, 14.78665858183044257, -31.17541777862258101 ) ) ;
#2750 = CARTESIAN_POINT ( 'NONE',  ( -39.22666821186044217, 13.76438317872879935, -25.74833444597204490 ) ) ;
#2751 = CARTESIAN_POINT ( 'NONE',  ( -42.76793408686044273, 15.80893398493208757, -28.06083444597204490 ) ) ;
#2752 = CARTESIAN_POINT ( 'NONE',  ( -40.99730114936043890, 13.05460777426156582, -30.17541777998817665 ) ) ;
#2753 = VERTEX_POINT ( 'NONE', #769 ) ;
#2754 = FACE_OUTER_BOUND ( 'NONE', #2460, .T. ) ;
#2755 = CARTESIAN_POINT ( 'NONE',  ( -42.49730114936043890, 14.78665858183044257, -27.30041777998817665 ) ) ;
#2756 = CARTESIAN_POINT ( 'NONE',  ( -39.49730114936044600, 15.65268398561488361, -26.00875111332150880 ) ) ;
#2757 = CARTESIAN_POINT ( 'NONE',  ( -40.11198468061044053, 16.32007168648291184, -27.62333444597204490 ) ) ;
#2758 = CARTESIAN_POINT ( 'NONE',  ( -40.11198468061044053, 16.32007168648291184, -27.68583444597204490 ) ) ;
#2759 = CARTESIAN_POINT ( 'NONE',  ( -40.99730114936043890, 14.78665858183044257, -32.20041777998817167 ) ) ;
#2760 =( BOUNDED_SURFACE ( )  B_SPLINE_SURFACE ( 1, 2, ( 
 ( #2687, #2967, #622, #344, #2724, #137, #3189, #675, #1447, #2234, #2488, #875, #1912, #1397, #2435, #1199, #3239, #106, #2162, #1708, #1692, #1675, #944, #2934, #1656, #2706, #2452, #1168, #1379, #2985, #2740, #413, #154, #1183, #121, #2218, #2198, #908, #1946, #1151, #1431, #1962, #656, #927, #1980, #3002, #1639, #2671, #2416, #88, #1135, #461, #2053, #2756, #747, #2503, #1497, #720, #2771, #1258, #3267, #960, #1789, #214, #1530, #198, #2295, #1213, #2278, #2535, #168, #2785, #1994, #3047, #1466, #1241, #446, #2567, #3297, #1757, #1481, #3281, #1513, #1726, #2039, #2249, #991, #2008, #734, #1742, #3330, #1022, #1273, #976, #3032, #2516, #3017, #2023, #1773, #1226, #705, #180, #2311, #2813, #229, #3313, #1007, #2263, #691, #2798, #495, #432, #478, #3063, #2551, #28, #2325, #1304, #8, #781, #3093, #3344, #1037, #244, #1357, #1578, #2613, #264, #2069, #302, #1817, #2376, #1837, #1561, #1856, #1288, #2121, #2841, #526, #1596, #582, #2596, #3129, #281, #800, #509, #1054, #1073, #765, #2340, #2085, #563, #3109, #1093, #2860, #543, #46, #2358, #1321, #2102, #3077, #1803, #2880, #819, #2629, #1338, #1544, #3149, #2826, #840, #1874, #2898, #1617, #2648, #322, #2394, #64, #2579, #1111, #1634, #2192, #80, #2464, #115, #616, #1941, #2734, #1669, #1127, #357, #3219, #1425, #870, #2666, #903, #374, #600, #2699, #1407, #2446, #2978, #407, #3199, #3235, #1650 ),
 ( #2156, #855, #2961, #648, #339, #1178, #1956, #1443, #668, #1373, #2410, #3184, #1907, #1702, #392, #2928, #2682, #2212, #1685, #1390, #2482, #2428, #99, #885, #1146, #1163, #1892, #131, #919, #148, #2140, #2717, #2174, #3165, #1923, #2914, #2944, #633, #2529, #162, #3248, #2273, #3041, #2750, #208, #1000, #1782, #2032, #426, #1460, #2243, #3261, #743, #2793, #954, #1719, #1251, #1235, #1736, #2808, #2497, #1206, #2257, #1475, #714, #937, #2545, #2289, #3307, #3056, #2017, #2510, #729, #2765, #440, #174, #1988, #3291, #1507, #3011, #699, #490, #1523, #2561, #1194, #2228, #1766, #2002, #970, #1973, #2996, #685, #1219, #3026, #3275, #1751, #471, #2780, #455, #1490, #192, #985, #3105, #1850, #758, #1832, #1049, #2048, #2335, #2821, #2609, #1016, #2081, #3339, #1089, #2856, #1299, #1032, #2837, #1069, #1269, #1592, #3071, #538, #1556, #277, #1283, #2894, #577, #834, #521, #2590, #2064, #1799, #4, #795, #775, #504, #3088, #1870, #2372, #2117, #3124, #558, #1540, #3144, #1317, #42, #1612, #2575, #2874, #223, #1573, #239, #1813, #2320, #2354, #1334, #257, #22, #2304, #2098, #815, #2625, #296, #3324, #2390, #2135, #60, #1106, #3161, #2643, #316, #1352, #2803, #2331, #3139, #2112, #1, #3084, #789, #2818, #1083, #1778, #2368, #1029, #2061, #1536, #2300, #2833, #253, #2317, #1013, #1280, #36, #554, #291, #1313, #2094, #3318, #1330, #1826, #1588, #486, #2557 ) ),
 .UNSPECIFIED., .F., .F., .T. ) 
 B_SPLINE_SURFACE_WITH_KNOTS ( ( 2, 2 ),
 ( 3, 2, 2, 2, 2, 2, 2, 2, 2, 2, 2, 2, 2, 2, 2, 2, 2, 2, 2, 2, 2, 2, 2, 2, 2, 2, 2, 2, 2, 2, 2, 2, 2, 2, 2, 2, 2, 2, 2, 2, 2, 2, 2, 2, 2, 2, 2, 2, 2, 2, 2, 2, 2, 2, 2, 2, 2, 2, 2, 2, 2, 2, 2, 2, 2, 2, 2, 2, 2, 2, 2, 2, 2, 2, 2, 2, 2, 2, 2, 2, 2, 2, 2, 2, 2, 2, 2, 2, 2, 2, 2, 2, 2, 2, 2, 2, 2, 2, 2, 2, 2, 2, 3 ),
 ( 0.000000000000000000, 1.000000000000000000 ),
 ( 0.000000000000000000, 0.009803921568627450844, 0.01960784313725490169, 0.02941176470588235253, 0.03921568627450980338, 0.04901960784313725422, 0.05882352941176470507, 0.06862745098039216285, 0.07843137254901960675, 0.08823529411764706454, 0.09803921568627450844, 0.1078431372549019662, 0.1176470588235294101, 0.1274509803921568540, 0.1372549019607843257, 0.1470588235294117696, 0.1568627450980392135, 0.1666666666666666574, 0.1764705882352941291, 0.1862745098039215730, 0.1960784313725490169, 0.2058823529411764608, 0.2156862745098039325, 0.2254901960784313764, 0.2352941176470588203, 0.2450980392156862642, 0.2549019607843137081, 0.2647058823529411797, 0.2745098039215686514, 0.2843137254901960675, 0.2941176470588235392, 0.3039215686274509554, 0.3137254901960784270, 0.3235294117647058987, 0.3333333333333333148, 0.3431372549019607865, 0.3529411764705882582, 0.3627450980392156743, 0.3725490196078431460, 0.3823529411764705621, 0.3921568627450980338, 0.4019607843137255054, 0.4117647058823529216, 0.4215686274509803932, 0.4313725490196078649, 0.4411764705882352811, 0.4509803921568627527, 0.4607843137254901689, 0.4705882352941176405, 0.4803921568627451122, 0.4901960784313725283, 0.5000000000000000000, 0.5098039215686274161, 0.5196078431372549433, 0.5294117647058823595, 0.5392156862745097756, 0.5490196078431373028, 0.5588235294117647189, 0.5686274509803921351, 0.5784313725490196623, 0.5882352941176470784, 0.5980392156862744946, 0.6078431372549019107, 0.6176470588235294379, 0.6274509803921568540, 0.6372549019607842702, 0.6470588235294117974, 0.6568627450980392135, 0.6666666666666666297, 0.6764705882352941568, 0.6862745098039215730, 0.6960784313725489891, 0.7058823529411765163, 0.7156862745098039325, 0.7254901960784313486, 0.7352941176470588758, 0.7450980392156862919, 0.7549019607843137081, 0.7647058823529411242, 0.7745098039215686514, 0.7843137254901960675, 0.7941176470588234837, 0.8039215686274510109, 0.8137254901960784270, 0.8235294117647058432, 0.8333333333333333703, 0.8431372549019607865, 0.8529411764705882026, 0.8627450980392157298, 0.8725490196078431460, 0.8823529411764705621, 0.8921568627450980893, 0.9019607843137255054, 0.9117647058823529216, 0.9215686274509803377, 0.9313725490196078649, 0.9411764705882352811, 0.9509803921568626972, 0.9607843137254902244, 0.9705882352941176405, 0.9803921568627450567, 0.9901960784313725839, 1.000000000000000000 ),
 .UNSPECIFIED. ) 
 GEOMETRIC_REPRESENTATION_ITEM ( )  RATIONAL_B_SPLINE_SURFACE ( (
 ( 1.000000000000000000, 0.8660254037844387076, 1.000000000000000000, 0.8660254037844387076, 1.000000000000000000, 0.8660254037844387076, 1.000000000000000000, 0.8660254037844387076, 1.000000000000000000, 0.8660254037844387076, 1.000000000000000000, 0.8660254037844387076, 1.000000000000000000, 0.8660254037844387076, 1.000000000000000000, 0.8660254037844387076, 1.000000000000000000, 0.8660254037844387076, 1.000000000000000000, 0.8660254037844387076, 1.000000000000000000, 0.8660254037844387076, 1.000000000000000000, 0.8660254037844387076, 1.000000000000000000, 0.8660254037844387076, 1.000000000000000000, 0.8660254037844387076, 1.000000000000000000, 0.8660254037844387076, 1.000000000000000000, 0.8660254037844387076, 1.000000000000000000, 0.8660254037844387076, 1.000000000000000000, 0.8660254037844387076, 1.000000000000000000, 0.8660254037844387076, 1.000000000000000000, 0.8660254037844387076, 1.000000000000000000, 0.8660254037844387076, 1.000000000000000000, 0.8660254037844387076, 1.000000000000000000, 0.8660254037844387076, 1.000000000000000000, 0.8660254037844387076, 1.000000000000000000, 0.8660254037844387076, 1.000000000000000000, 0.8660254037844387076, 1.000000000000000000, 0.8660254037844387076, 1.000000000000000000, 0.8660254037844387076, 1.000000000000000000, 0.8660254037844387076, 1.000000000000000000, 0.8660254037844387076, 1.000000000000000000, 0.8660254037844387076, 1.000000000000000000, 0.8660254037844387076, 1.000000000000000000, 0.8660254037844387076, 1.000000000000000000, 0.8660254037844387076, 1.000000000000000000, 0.8660254037844387076, 1.000000000000000000, 0.8660254037844387076, 1.000000000000000000, 0.8660254037844387076, 1.000000000000000000, 0.8660254037844387076, 1.000000000000000000, 0.8660254037844387076, 1.000000000000000000, 0.8660254037844387076, 1.000000000000000000, 0.8660254037844387076, 1.000000000000000000, 0.8660254037844387076, 1.000000000000000000, 0.8660254037844387076, 1.000000000000000000, 0.8660254037844387076, 1.000000000000000000, 0.8660254037844387076, 1.000000000000000000, 0.8660254037844387076, 1.000000000000000000, 0.8660254037844387076, 1.000000000000000000, 0.8660254037844387076, 1.000000000000000000, 0.8660254037844387076, 1.000000000000000000, 0.8660254037844387076, 1.000000000000000000, 0.8660254037844387076, 1.000000000000000000, 0.8660254037844387076, 1.000000000000000000, 0.8660254037844387076, 1.000000000000000000, 0.8660254037844387076, 1.000000000000000000, 0.8660254037844387076, 1.000000000000000000, 0.8660254037844387076, 1.000000000000000000, 0.8660254037844387076, 1.000000000000000000, 0.8660254037844387076, 1.000000000000000000, 0.8660254037844387076, 1.000000000000000000, 0.8660254037844387076, 1.000000000000000000, 0.8660254037844387076, 1.000000000000000000, 0.8660254037844387076, 1.000000000000000000, 0.8660254037844387076, 1.000000000000000000, 0.8660254037844387076, 1.000000000000000000, 0.8660254037844387076, 1.000000000000000000, 0.8660254037844387076, 1.000000000000000000, 0.8660254037844387076, 1.000000000000000000, 0.8660254037844387076, 1.000000000000000000, 0.8660254037844387076, 1.000000000000000000, 0.8660254037844387076, 1.000000000000000000, 0.8660254037844387076, 1.000000000000000000, 0.8660254037844387076, 1.000000000000000000, 0.8660254037844387076, 1.000000000000000000, 0.8660254037844387076, 1.000000000000000000, 0.8660254037844387076, 1.000000000000000000, 0.8660254037844387076, 1.000000000000000000, 0.8660254037844387076, 1.000000000000000000, 0.8660254037844387076, 1.000000000000000000, 0.8660254037844387076, 1.000000000000000000, 0.8660254037844387076, 1.000000000000000000, 0.8660254037844387076, 1.000000000000000000, 0.8660254037844387076, 1.000000000000000000, 0.8660254037844387076, 1.000000000000000000, 0.8660254037844387076, 1.000000000000000000, 0.8660254037844387076, 1.000000000000000000, 0.8660254037844387076, 1.000000000000000000, 0.8660254037844387076, 1.000000000000000000, 0.8660254037844387076, 1.000000000000000000, 0.8660254037844387076, 1.000000000000000000, 0.8660254037844387076, 1.000000000000000000, 0.8660254037844387076, 1.000000000000000000, 0.8660254037844387076, 1.000000000000000000, 0.8660254037844387076, 1.000000000000000000, 0.8660254037844387076, 1.000000000000000000, 0.8660254037844387076, 1.000000000000000000, 0.8660254037844387076, 1.000000000000000000, 0.8660254037844387076, 1.000000000000000000, 0.8660254037844387076, 1.000000000000000000, 0.8660254037844387076, 1.000000000000000000, 0.8660254037844387076, 1.000000000000000000, 0.8660254037844387076, 1.000000000000000000, 0.8660254037844387076, 1.000000000000000000),
 ( 1.000000000000000000, 0.8660254037844387076, 1.000000000000000000, 0.8660254037844387076, 1.000000000000000000, 0.8660254037844387076, 1.000000000000000000, 0.8660254037844387076, 1.000000000000000000, 0.8660254037844387076, 1.000000000000000000, 0.8660254037844387076, 1.000000000000000000, 0.8660254037844387076, 1.000000000000000000, 0.8660254037844387076, 1.000000000000000000, 0.8660254037844387076, 1.000000000000000000, 0.8660254037844387076, 1.000000000000000000, 0.8660254037844387076, 1.000000000000000000, 0.8660254037844387076, 1.000000000000000000, 0.8660254037844387076, 1.000000000000000000, 0.8660254037844387076, 1.000000000000000000, 0.8660254037844387076, 1.000000000000000000, 0.8660254037844387076, 1.000000000000000000, 0.8660254037844387076, 1.000000000000000000, 0.8660254037844387076, 1.000000000000000000, 0.8660254037844387076, 1.000000000000000000, 0.8660254037844387076, 1.000000000000000000, 0.8660254037844387076, 1.000000000000000000, 0.8660254037844387076, 1.000000000000000000, 0.8660254037844387076, 1.000000000000000000, 0.8660254037844387076, 1.000000000000000000, 0.8660254037844387076, 1.000000000000000000, 0.8660254037844387076, 1.000000000000000000, 0.8660254037844387076, 1.000000000000000000, 0.8660254037844387076, 1.000000000000000000, 0.8660254037844387076, 1.000000000000000000, 0.8660254037844387076, 1.000000000000000000, 0.8660254037844387076, 1.000000000000000000, 0.8660254037844387076, 1.000000000000000000, 0.8660254037844387076, 1.000000000000000000, 0.8660254037844387076, 1.000000000000000000, 0.8660254037844387076, 1.000000000000000000, 0.8660254037844387076, 1.000000000000000000, 0.8660254037844387076, 1.000000000000000000, 0.8660254037844387076, 1.000000000000000000, 0.8660254037844387076, 1.000000000000000000, 0.8660254037844387076, 1.000000000000000000, 0.8660254037844387076, 1.000000000000000000, 0.8660254037844387076, 1.000000000000000000, 0.8660254037844387076, 1.000000000000000000, 0.8660254037844387076, 1.000000000000000000, 0.8660254037844387076, 1.000000000000000000, 0.8660254037844387076, 1.000000000000000000, 0.8660254037844387076, 1.000000000000000000, 0.8660254037844387076, 1.000000000000000000, 0.8660254037844387076, 1.000000000000000000, 0.8660254037844387076, 1.000000000000000000, 0.8660254037844387076, 1.000000000000000000, 0.8660254037844387076, 1.000000000000000000, 0.8660254037844387076, 1.000000000000000000, 0.8660254037844387076, 1.000000000000000000, 0.8660254037844387076, 1.000000000000000000, 0.8660254037844387076, 1.000000000000000000, 0.8660254037844387076, 1.000000000000000000, 0.8660254037844387076, 1.000000000000000000, 0.8660254037844387076, 1.000000000000000000, 0.8660254037844387076, 1.000000000000000000, 0.8660254037844387076, 1.000000000000000000, 0.8660254037844387076, 1.000000000000000000, 0.8660254037844387076, 1.000000000000000000, 0.8660254037844387076, 1.000000000000000000, 0.8660254037844387076, 1.000000000000000000, 0.8660254037844387076, 1.000000000000000000, 0.8660254037844387076, 1.000000000000000000, 0.8660254037844387076, 1.000000000000000000, 0.8660254037844387076, 1.000000000000000000, 0.8660254037844387076, 1.000000000000000000, 0.8660254037844387076, 1.000000000000000000, 0.8660254037844387076, 1.000000000000000000, 0.8660254037844387076, 1.000000000000000000, 0.8660254037844387076, 1.000000000000000000, 0.8660254037844387076, 1.000000000000000000, 0.8660254037844387076, 1.000000000000000000, 0.8660254037844387076, 1.000000000000000000, 0.8660254037844387076, 1.000000000000000000, 0.8660254037844387076, 1.000000000000000000, 0.8660254037844387076, 1.000000000000000000, 0.8660254037844387076, 1.000000000000000000, 0.8660254037844387076, 1.000000000000000000, 0.8660254037844387076, 1.000000000000000000, 0.8660254037844387076, 1.000000000000000000, 0.8660254037844387076, 1.000000000000000000, 0.8660254037844387076, 1.000000000000000000, 0.8660254037844387076, 1.000000000000000000, 0.8660254037844387076, 1.000000000000000000, 0.8660254037844387076, 1.000000000000000000, 0.8660254037844387076, 1.000000000000000000, 0.8660254037844387076, 1.000000000000000000, 0.8660254037844387076, 1.000000000000000000, 0.8660254037844387076, 1.000000000000000000, 0.8660254037844387076, 1.000000000000000000, 0.8660254037844387076, 1.000000000000000000, 0.8660254037844387076, 1.000000000000000000, 0.8660254037844387076, 1.000000000000000000, 0.8660254037844387076, 1.000000000000000000, 0.8660254037844387076, 1.000000000000000000, 0.8660254037844387076, 1.000000000000000000, 0.8660254037844387076, 1.000000000000000000, 0.8660254037844387076, 1.000000000000000000) ) ) 
 REPRESENTATION_ITEM ( '' )  SURFACE ( )  );
#2761 = VERTEX_POINT ( 'NONE', #1041 ) ;
#2762 = CARTESIAN_POINT ( 'NONE',  ( -40.99730114936044600, 16.51870938939932287, -31.80041777862258101 ) ) ;
#2763 = EDGE_CURVE ( 'NONE', #881, #1161, #773, .T. ) ;
#2764 = CARTESIAN_POINT ( 'NONE',  ( -41.88261761811044437, 16.32007168648290829, -30.04000111263871275 ) ) ;
#2765 = CARTESIAN_POINT ( 'NONE',  ( -42.76793408686044273, 15.80893398493208757, -26.99833444597204135 ) ) ;
#2766 = CARTESIAN_POINT ( 'NONE',  ( -39.22666821186044217, 13.76438317872879935, -26.81083444597204846 ) ) ;
#2767 = CARTESIAN_POINT ( 'NONE',  ( -42.49730114936043890, 13.92063317804600331, -28.25875111332150880 ) ) ;
#2768 = ORIENTED_EDGE ( 'NONE', *, *, #516, .T. ) ;
#2769 = CARTESIAN_POINT ( 'NONE',  ( -42.49730114936043890, 14.78665858183044257, -32.20041777998817167 ) ) ;
#2770 = LINE ( 'NONE', #153, #320 ) ;
#2771 = CARTESIAN_POINT ( 'NONE',  ( -41.74730114936043890, 13.48762047615378279, -26.21708444665484450 ) ) ;
#2772 = CARTESIAN_POINT ( 'NONE',  ( -41.38951057016589630, 13.14464978653887606, -24.80041777998817665 ) ) ;
#2773 = CARTESIAN_POINT ( 'NONE',  ( -41.88261761811044437, 16.32007168648290829, -28.10250111263871275 ) ) ;
#2774 = DIRECTION ( 'NONE',  ( -0.000000000000000000, -0.000000000000000000, -1.000000000000000000 ) ) ;
#2775 = CARTESIAN_POINT ( 'NONE',  ( -39.29577415588312306, 14.36044207339422130, -24.80041777998817309 ) ) ;
#2776 = CARTESIAN_POINT ( 'NONE',  ( -39.22666821186043506, 15.80893398493208757, -25.72750111263870565 ) ) ;
#2777 = CARTESIAN_POINT ( 'NONE',  ( -39.49730114936044600, 15.65268398561488361, -27.38375111195591316 ) ) ;
#2778 = CARTESIAN_POINT ( 'NONE',  ( -40.99730114936044600, 12.74210777562715435, -30.33166777930537705 ) ) ;
#2779 = EDGE_CURVE ( 'NONE', #292, #3327, #438, .T. ) ;
#2780 = CARTESIAN_POINT ( 'NONE',  ( -42.76793408686044273, 15.80893398493208757, -27.99833444597204490 ) ) ;
#2781 = CARTESIAN_POINT ( 'NONE',  ( -39.22666821186044217, 15.80893398493208757, -27.22750111263871275 ) ) ;
#2782 = CARTESIAN_POINT ( 'NONE',  ( -39.49730114936043890, 14.78665858183044257, -30.55041777998817309 ) ) ;
#2783 = ORIENTED_EDGE ( 'NONE', *, *, #1062, .F. ) ;
#2784 = CARTESIAN_POINT ( 'NONE',  ( -42.49730114936046732, 15.65268398561487295, -26.34208444665484095 ) ) ;
#2785 = CARTESIAN_POINT ( 'NONE',  ( -42.49730114936043890, 13.92063317804600331, -26.75875111332150880 ) ) ;
#2786 = CARTESIAN_POINT ( 'NONE',  ( -42.76793408686044273, 15.80893398493208757, -30.49833444597204490 ) ) ;
#2787 = CARTESIAN_POINT ( 'NONE',  ( -40.11198468061044053, 16.32007168648291184, -27.18583444597204135 ) ) ;
#2788 = CYLINDRICAL_SURFACE ( 'NONE', #2036, 1.500000000000001332 ) ;
#2789 = CARTESIAN_POINT ( 'NONE',  ( -42.49730114936043890, 14.78665858183044257, -30.17541777862257746 ) ) ;
#2790 = CARTESIAN_POINT ( 'NONE',  ( -40.99730114936044600, 16.51870938939932287, -28.30041777862257746 ) ) ;
#2791 = CIRCLE ( 'NONE', #1830, 1.470000000000005969 ) ;
#2792 = CARTESIAN_POINT ( 'NONE',  ( -39.22666821186043506, 14.78665858183044257, -31.70666777930537705 ) ) ;
#2793 = CARTESIAN_POINT ( 'NONE',  ( -39.22666821186044217, 15.80893398493208757, -26.16500111263871275 ) ) ;
#2794 = CARTESIAN_POINT ( 'NONE',  ( -39.22666821186044217, 13.76438317872879935, -30.31083444597204490 ) ) ;
#2795 = CARTESIAN_POINT ( 'NONE',  ( -42.49730114936043890, 14.78665858183044257, -30.80041777998817309 ) ) ;
#2796 = VERTEX_POINT ( 'NONE', #2315 ) ;
#2797 = CARTESIAN_POINT ( 'NONE',  ( -40.99730114936043890, 16.51870938939932287, -31.30041777862257746 ) ) ;
#2798 = CARTESIAN_POINT ( 'NONE',  ( -42.49730114936043890, 15.65268398561488361, -28.34208444665484450 ) ) ;
#2799 = CARTESIAN_POINT ( 'NONE',  ( -40.11198468061044053, 16.32007168648291184, -32.12333444597204135 ) ) ;
#2800 = CARTESIAN_POINT ( 'NONE',  ( -41.88261761811044437, 13.25324547717797685, -29.93583444597204490 ) ) ;
#2801 = DIRECTION ( 'NONE',  ( -1.000000000000000000, 0.000000000000000000, 0.000000000000000000 ) ) ;
#2802 = CARTESIAN_POINT ( 'NONE',  ( -39.22666821186043506, 15.80893398493208757, -25.22750111263870920 ) ) ;
#2803 = CARTESIAN_POINT ( 'NONE',  ( -39.22666821186043506, 14.78665858183044257, -31.20666777930537705 ) ) ;
#2804 = CARTESIAN_POINT ( 'NONE',  ( -42.76793408686044273, 15.80893398493208757, -26.49833444597204490 ) ) ;
#2805 = CARTESIAN_POINT ( 'NONE',  ( -40.24730114936043890, 16.08569668750710235, -27.34208444528924531 ) ) ;
#2806 = CARTESIAN_POINT ( 'NONE',  ( -39.22666821186043506, 14.78665858183044257, -32.20666777930537705 ) ) ;
#2807 = CIRCLE ( 'NONE', #2712, 1.469999999999999085 ) ;
#2808 = CARTESIAN_POINT ( 'NONE',  ( -42.76793408686044273, 13.76438317872879757, -26.41500111263870920 ) ) ;
#2809 = CARTESIAN_POINT ( 'NONE',  ( -40.11198468061044053, 16.32007168648291184, -29.18583444597204490 ) ) ;
#2810 = CARTESIAN_POINT ( 'NONE',  ( -39.24476973175043781, 14.66816589200710474, -32.20041777998817878 ) ) ;
#2811 = ORIENTED_EDGE ( 'NONE', *, *, #3023, .F. ) ;
#2812 = CARTESIAN_POINT ( 'NONE',  ( -40.24730114936043890, 16.08569668750710235, -31.34208444528924886 ) ) ;
#2813 = CARTESIAN_POINT ( 'NONE',  ( -39.49730114936044600, 13.92063317804600331, -28.09208444665484095 ) ) ;
#2814 = CARTESIAN_POINT ( 'NONE',  ( -39.22666821186043506, 15.80893398493208757, -30.66500111263871275 ) ) ;
#2815 = CARTESIAN_POINT ( 'NONE',  ( -41.88261761811044437, 13.25324547717797685, -31.43583444597204846 ) ) ;
#2816 = EDGE_CURVE ( 'NONE', #186, #2195, #1277, .T. ) ;
#2817 = CARTESIAN_POINT ( 'NONE',  ( -39.22666821186043506, 14.78665858183044257, -25.76916777930538061 ) ) ;
#2818 = CARTESIAN_POINT ( 'NONE',  ( -42.76793408686044273, 15.80893398493208757, -31.49833444597204490 ) ) ;
#2819 = CARTESIAN_POINT ( 'NONE',  ( -39.49730114936044600, 15.65268398561488361, -26.88375111195591316 ) ) ;
#2820 = CARTESIAN_POINT ( 'NONE',  ( -39.22666821186044217, 13.76438317872879935, -32.24833444597204135 ) ) ;
#2821 = CARTESIAN_POINT ( 'NONE',  ( -42.76793408686044273, 15.80893398493208757, -28.49833444597204135 ) ) ;
#2822 = CARTESIAN_POINT ( 'NONE',  ( -42.76793408686044273, 15.80893398493208757, -30.06083444597204846 ) ) ;
#2823 = CYLINDRICAL_SURFACE ( 'NONE', #1626, 1.469999999999999085 ) ;
#2824 = ORIENTED_EDGE ( 'NONE', *, *, #3302, .T. ) ;
#2825 =( LENGTH_UNIT ( ) NAMED_UNIT ( * ) SI_UNIT ( .MILLI., .METRE. ) );
#2826 = CARTESIAN_POINT ( 'NONE',  ( -42.49730114936043890, 14.78665858183044257, -30.80041777998817309 ) ) ;
#2827 = CARTESIAN_POINT ( 'NONE',  ( -39.76692300940075597, 15.84513584373588380, -24.80041777998823704 ) ) ;
#2828 = CARTESIAN_POINT ( 'NONE',  ( -42.76793408686044273, 13.76438317872879757, -31.41500111263870920 ) ) ;
#2829 = CARTESIAN_POINT ( 'NONE',  ( -41.88261761811044437, 13.25324547717797685, -31.93583444597204846 ) ) ;
#2830 = CARTESIAN_POINT ( 'NONE',  ( -40.99730114936043890, 14.78665858183044257, -32.20041777998817167 ) ) ;
#2832 = ADVANCED_FACE ( 'NONE', ( #2864 ), #1582, .T. ) ;
#2831 = CARTESIAN_POINT ( 'NONE',  ( -40.24730114936043890, 13.48762047615378279, -27.00875111195591316 ) ) ;
#2833 = CARTESIAN_POINT ( 'NONE',  ( -40.99730114936044600, 12.74210777562715435, -31.83166777930537705 ) ) ;
#2835 = EDGE_CURVE ( 'NONE', #2549, #2842, #783, .T. ) ;
#2834 = CARTESIAN_POINT ( 'NONE',  ( -42.49730114936043890, 14.78665858183044257, -27.67541777862258101 ) ) ;
#2836 = CARTESIAN_POINT ( 'NONE',  ( -42.76793408686044273, 13.76438317872879757, -25.97750111263871275 ) ) ;
#2837 = CARTESIAN_POINT ( 'NONE',  ( -41.88261761811044437, 13.25324547717797685, -28.87333444597204490 ) ) ;
#2838 = CARTESIAN_POINT ( 'NONE',  ( -39.22666821186043506, 15.80893398493208757, -27.16500111263871631 ) ) ;
#2839 = CARTESIAN_POINT ( 'NONE',  ( -40.11198468061044053, 16.32007168648291184, -29.68583444597204490 ) ) ;
#2840 = ORIENTED_EDGE ( 'NONE', *, *, #1018, .F. ) ;
#2841 = CARTESIAN_POINT ( 'NONE',  ( -39.49730114936044600, 15.65268398561488361, -29.50875111332150880 ) ) ;
#2842 = VERTEX_POINT ( 'NONE', #2933 ) ;
#2843 = CARTESIAN_POINT ( 'NONE',  ( -40.99730114936043890, 13.05460777426156582, -26.05041777862258101 ) ) ;
#2844 = CARTESIAN_POINT ( 'NONE',  ( -40.11198468061044053, 16.32007168648291184, -32.18583444597204846 ) ) ;
#2845 = CARTESIAN_POINT ( 'NONE',  ( -39.49730114936043890, 14.78665858183044257, -24.80041777998817665 ) ) ;
#2846 = DIRECTION ( 'NONE',  ( 1.000000000000000000, 0.000000000000000000, 0.000000000000000000 ) ) ;
#2847 = AXIS2_PLACEMENT_3D ( 'NONE', #3135, #825, #1862 ) ;
#2848 = CARTESIAN_POINT ( 'NONE',  ( -42.76793408686044273, 15.80893398493208757, -27.06083444597204135 ) ) ;
#2849 = CARTESIAN_POINT ( 'NONE',  ( -42.46730114936044487, 14.78665858183044257, -32.20041777998817167 ) ) ;
#2850 = FACE_OUTER_BOUND ( 'NONE', #1410, .T. ) ;
#2851 = ORIENTED_EDGE ( 'NONE', *, *, #697, .T. ) ;
#2852 = CARTESIAN_POINT ( 'NONE',  ( -41.74730114936043890, 16.08569668750710235, -28.75875111195591671 ) ) ;
#2853 = CARTESIAN_POINT ( 'NONE',  ( -41.88261761811044437, 13.25324547717797685, -26.43583444597204490 ) ) ;
#2854 = EDGE_CURVE ( 'NONE', #2155, #2715, #2634, .T. ) ;
#2855 =( BOUNDED_CURVE ( )  B_SPLINE_CURVE ( 2, ( #1842, #2346, #3097, #287, #1078, #3114, #1822 ),
 .UNSPECIFIED., .F., .T. ) 
 B_SPLINE_CURVE_WITH_KNOTS ( ( 3, 2, 2, 3 ),
 ( 0.9117647058823529216, 0.9215686274509803377, 0.9313725490196078649, 0.9411764705882352811 ),
 .UNSPECIFIED. ) 
 CURVE ( )  GEOMETRIC_REPRESENTATION_ITEM ( )  RATIONAL_B_SPLINE_CURVE ( ( 1.000000000000000000, 0.8660254037844387076, 1.000000000000000000, 0.8660254037844387076, 1.000000000000000000, 0.8660254037844387076, 1.000000000000000000 ) ) 
 REPRESENTATION_ITEM ( '' )  );
#2856 = CARTESIAN_POINT ( 'NONE',  ( -39.22666821186044217, 13.76438317872879935, -28.74833444597204490 ) ) ;
#2857 = CARTESIAN_POINT ( 'NONE',  ( -42.76793408686044273, 15.80893398493208757, -29.06083444597204135 ) ) ;
#2858 = CARTESIAN_POINT ( 'NONE',  ( -42.49730114936043890, 14.78665858183044257, -27.67541777862258101 ) ) ;
#2859 = ORIENTED_EDGE ( 'NONE', *, *, #1555, .F. ) ;
#2860 = CARTESIAN_POINT ( 'NONE',  ( -41.74730114936043890, 13.48762047615378279, -30.21708444665484450 ) ) ;
#2861 = CARTESIAN_POINT ( 'NONE',  ( -42.76793408686044273, 13.76438317872879757, -27.41500111263871275 ) ) ;
#2862 = LINE ( 'NONE', #2342, #751 ) ;
#2863 = CARTESIAN_POINT ( 'NONE',  ( -39.22666821186044217, 15.80893398493208757, -30.72750111263871275 ) ) ;
#2864 = FACE_OUTER_BOUND ( 'NONE', #2020, .T. ) ;
#2865 = CARTESIAN_POINT ( 'NONE',  ( -39.49730114936043890, 14.78665858183044257, -25.42541777862258101 ) ) ;
#2866 = CARTESIAN_POINT ( 'NONE',  ( -41.88261761811044437, 13.25324547717797685, -27.43583444597204490 ) ) ;
#2867 = CARTESIAN_POINT ( 'NONE',  ( -42.76793408686044273, 15.80893398493208757, -28.49833444597204135 ) ) ;
#2868 = CARTESIAN_POINT ( 'NONE',  ( -41.88261761811044437, 16.32007168648290829, -32.10250111263871275 ) ) ;
#2869 = CARTESIAN_POINT ( 'NONE',  ( -42.46730114936090672, 14.78665858183045323, -40.80041777998818020 ) ) ;
#2870 = VERTEX_POINT ( 'NONE', #2902 ) ;
#2871 = CARTESIAN_POINT ( 'NONE',  ( -39.49730114936043890, 14.78665858183044257, -30.42541777862258101 ) ) ;
#2872 = CARTESIAN_POINT ( 'NONE',  ( -39.22666821186043506, 14.78665858183044257, -25.26916777930538061 ) ) ;
#2873 = AXIS2_PLACEMENT_3D ( 'NONE', #1838, #3331, #544 ) ;
#2874 = CARTESIAN_POINT ( 'NONE',  ( -39.22666821186043506, 14.78665858183044257, -30.20666777930537705 ) ) ;
#2875 = CARTESIAN_POINT ( 'NONE',  ( -39.49730114936043890, 14.78665858183044257, -24.92541777862258101 ) ) ;
#2876 = ADVANCED_FACE ( 'NONE', ( #1880 ), #306, .T. ) ;
#2877 = EDGE_CURVE ( 'NONE', #1644, #831, #1141, .T. ) ;
#2878 = CARTESIAN_POINT ( 'NONE',  ( -42.49730114936043179, 13.92063317804599976, -27.63375111195591316 ) ) ;
#2879 = VERTEX_POINT ( 'NONE', #2126 ) ;
#2880 = CARTESIAN_POINT ( 'NONE',  ( -39.49730114936043890, 14.78665858183044257, -30.55041777998817309 ) ) ;
#2881 = CARTESIAN_POINT ( 'NONE',  ( -40.11198468061044053, 16.32007168648291184, -24.18583444597204490 ) ) ;
#2882 = SURFACE_SIDE_STYLE ('',( #84 ) ) ;
#2883 = CARTESIAN_POINT ( 'NONE',  ( -39.49730114936043890, 14.78665858183044257, -27.05041777998817665 ) ) ;
#2884 = DIRECTION ( 'NONE',  ( 0.000000000000000000, 0.000000000000000000, 1.000000000000000000 ) ) ;
#2885 = CARTESIAN_POINT ( 'NONE',  ( -42.49730114936046022, 15.65268398561487118, -29.84208444665484450 ) ) ;
#2886 =( BOUNDED_CURVE ( )  B_SPLINE_CURVE ( 2, ( #857, #802, #1839, #2843, #2104, #1877, #340 ),
 .UNSPECIFIED., .F., .T. ) 
 B_SPLINE_CURVE_WITH_KNOTS ( ( 3, 2, 2, 3 ),
 ( 0.2058823529411766551, 0.2156862745098041267, 0.2254901960784315984, 0.2352941176470590423 ),
 .UNSPECIFIED. ) 
 CURVE ( )  GEOMETRIC_REPRESENTATION_ITEM ( )  RATIONAL_B_SPLINE_CURVE ( ( 0.9999999999999974465, 0.8660254037844413721, 1.000000000000000000, 0.8660254037844387076, 1.000000000000000000, 0.8660254037844357100, 1.000000000000003109 ) ) 
 REPRESENTATION_ITEM ( '' )  );
#2887 = CARTESIAN_POINT ( 'NONE',  ( -41.88261761811044437, 13.25324547717797685, -28.43583444597204490 ) ) ;
#2888 = CARTESIAN_POINT ( 'NONE',  ( -39.22666821186044217, 15.80893398493208757, -27.66500111263871275 ) ) ;
#2889 = CARTESIAN_POINT ( 'NONE',  ( -39.22666821186043506, 13.76438317872879935, -31.81083444597204846 ) ) ;
#2890 = CARTESIAN_POINT ( 'NONE',  ( -39.52730114936090899, 14.78665858183045323, -41.80041777998817309 ) ) ;
#2891 = ORIENTED_EDGE ( 'NONE', *, *, #2877, .F. ) ;
#2892 = CARTESIAN_POINT ( 'NONE',  ( -42.49730114936043890, 13.92063317804600331, -29.63375111195591316 ) ) ;
#2893 = CARTESIAN_POINT ( 'NONE',  ( -40.99730114936044600, 16.83120938803373079, -26.64416777930537705 ) ) ;
#2894 = CARTESIAN_POINT ( 'NONE',  ( -39.22666821186044217, 13.76438317872879935, -29.24833444597204135 ) ) ;
#2895 = CARTESIAN_POINT ( 'NONE',  ( -42.76793408686044273, 14.78665858183044257, -32.01916777930537705 ) ) ;
#2896 = CARTESIAN_POINT ( 'NONE',  ( -40.99730114936044600, 16.83120938803373079, -24.58166777930537705 ) ) ;
#2897 = VERTEX_POINT ( 'NONE', #1115 ) ;
#2898 = CARTESIAN_POINT ( 'NONE',  ( -40.99730114936044600, 16.51870938939932287, -30.92541777998817665 ) ) ;
#2899 = CARTESIAN_POINT ( 'NONE',  ( -42.76793408686044273, 14.78665858183044257, -24.51916777930537705 ) ) ;
#2900 = CIRCLE ( 'NONE', #738, 2.174999999999996270 ) ;
#2901 = CARTESIAN_POINT ( 'NONE',  ( -39.22666821186044217, 13.76438317872879935, -32.31083444597204846 ) ) ;
#2902 = CARTESIAN_POINT ( 'NONE',  ( -42.49730114936043890, 14.78665858183044257, -25.17541777862258101 ) ) ;
#2903 = ADVANCED_FACE ( 'NONE', ( #362 ), #1342, .T. ) ;
#2904 = CARTESIAN_POINT ( 'NONE',  ( -40.99730114936043890, 13.05460777426156582, -31.05041777862258101 ) ) ;
#2905 = CARTESIAN_POINT ( 'NONE',  ( -42.76793408686044273, 15.80893398493208757, -28.06083444597204135 ) ) ;
#2906 = CARTESIAN_POINT ( 'NONE',  ( -39.22666821186044217, 13.76438317872879935, -28.24833444597204490 ) ) ;
#2907 = FACE_BOUND ( 'NONE', #1180, .T. ) ;
#2908 = CARTESIAN_POINT ( 'NONE',  ( -40.99730114936043890, 14.78665858183044257, -24.80041777998817665 ) ) ;
#2909 = ORIENTED_EDGE ( 'NONE', *, *, #3214, .F. ) ;
#2910 = CARTESIAN_POINT ( 'NONE',  ( -42.49730114936043890, 13.92063317804600331, -28.63375111195591316 ) ) ;
#2911 = CARTESIAN_POINT ( 'NONE',  ( -40.11198468061044053, 13.25324547717797685, -31.85250111263870920 ) ) ;
#2912 = CARTESIAN_POINT ( 'NONE',  ( -40.99730114936044600, 16.83120938803373079, -25.58166777930538061 ) ) ;
#2913 = ORIENTED_EDGE ( 'NONE', *, *, #1733, .T. ) ;
#2914 = CARTESIAN_POINT ( 'NONE',  ( -42.76793408686044273, 13.76438317872879757, -25.41500111263870920 ) ) ;
#2915 = CARTESIAN_POINT ( 'NONE',  ( -39.22666821186044217, 15.80893398493208757, -24.72750111263870920 ) ) ;
#2916 = CARTESIAN_POINT ( 'NONE',  ( -39.49730114936043179, 15.65268398561487473, -25.38375111195590961 ) ) ;
#2917 = CARTESIAN_POINT ( 'NONE',  ( -39.49730114936043890, 14.78665858183044257, -29.92541777862257746 ) ) ;
#2918 = CARTESIAN_POINT ( 'NONE',  ( -39.49730114936043890, 14.78665858183044257, -30.05041777998817309 ) ) ;
#2919 = CARTESIAN_POINT ( 'NONE',  ( -39.22666821186043506, 15.80893398493208757, -28.72750111263871275 ) ) ;
#2920 = CARTESIAN_POINT ( 'NONE',  ( -41.88261761811044437, 13.25324547717797685, -27.87333444597204490 ) ) ;
#2921 = EDGE_CURVE ( 'NONE', #2897, #1543, #1134, .T. ) ;
#2922 = CARTESIAN_POINT ( 'NONE',  ( -39.49730114936043179, 13.92063317804601041, -31.09208444665484450 ) ) ;
#2923 = DIRECTION ( 'NONE',  ( -0.000000000000000000, -0.000000000000000000, -1.000000000000000000 ) ) ;
#2924 = CARTESIAN_POINT ( 'NONE',  ( -41.74730114936043890, 16.08569668750710235, -29.75875111195591316 ) ) ;
#2925 = CARTESIAN_POINT ( 'NONE',  ( -39.22666821186044217, 13.76438317872879935, -31.81083444597204846 ) ) ;
#2926 = CARTESIAN_POINT ( 'NONE',  ( -40.11198468061044053, 13.25324547717797685, -26.79000111263871275 ) ) ;
#2927 = EDGE_LOOP ( 'NONE', ( #1210, #45, #265, #1349 ) ) ;
#2928 = CARTESIAN_POINT ( 'NONE',  ( -40.99730114936044600, 16.83120938803373079, -24.58166777930537705 ) ) ;
#2929 = CARTESIAN_POINT ( 'NONE',  ( -41.88261761811044437, 13.25324547717797685, -25.43583444597204490 ) ) ;
#2930 = CARTESIAN_POINT ( 'NONE',  ( -40.24730114936043890, 16.08569668750710235, -30.46708444665484450 ) ) ;
#2931 = ORIENTED_EDGE ( 'NONE', *, *, #878, .T. ) ;
#2932 = CARTESIAN_POINT ( 'NONE',  ( -39.49730114936043890, 14.78665858183044257, -32.05041777998817309 ) ) ;
#2933 = CARTESIAN_POINT ( 'NONE',  ( -42.49730114936043890, 14.78665858183044257, -28.67541777862258101 ) ) ;
#2934 = CARTESIAN_POINT ( 'NONE',  ( -42.49730114936043890, 13.92063317804600331, -24.75875111332150524 ) ) ;
#2935 = CARTESIAN_POINT ( 'NONE',  ( -39.22666821186043506, 14.78665858183044257, -30.26916777930537705 ) ) ;
#2936 = CARTESIAN_POINT ( 'NONE',  ( -40.99730114936044600, 16.83120938803373079, -28.08166777930537705 ) ) ;
#2937 = CARTESIAN_POINT ( 'NONE',  ( -42.76793408686044273, 14.78665858183044257, -24.95666777930538061 ) ) ;
#2938 = DIRECTION ( 'NONE',  ( -1.000000000000000000, 0.000000000000000000, 0.000000000000000000 ) ) ;
#2939 = CARTESIAN_POINT ( 'NONE',  ( -42.49730114936043890, 13.92063317804600331, -32.13375111195590961 ) ) ;
#2940 = CARTESIAN_POINT ( 'NONE',  ( -42.76793408686044273, 15.80893398493208757, -31.56083444597204490 ) ) ;
#2941 = CARTESIAN_POINT ( 'NONE',  ( -41.88261761811044437, 13.25324547717797685, -26.87333444597204135 ) ) ;
#2942 = ORIENTED_EDGE ( 'NONE', *, *, #39, .F. ) ;
#2943 = CARTESIAN_POINT ( 'NONE',  ( -41.74730114936043890, 16.08569668750710235, -28.75875111195591671 ) ) ;
#2944 = CARTESIAN_POINT ( 'NONE',  ( -42.76793408686044273, 14.78665858183044257, -25.45666777930538061 ) ) ;
#2945 = CARTESIAN_POINT ( 'NONE',  ( -39.22666821186043506, 14.78665858183044257, -25.26916777930538061 ) ) ;
#2946 = CARTESIAN_POINT ( 'NONE',  ( -40.99730114936043890, 14.78665858183044257, -32.20041777998817167 ) ) ;
#2947 = ORIENTED_EDGE ( 'NONE', *, *, #58, .T. ) ;
#2948 = CARTESIAN_POINT ( 'NONE',  ( -39.49730114936043890, 14.78665858183044257, -30.55041777998817309 ) ) ;
#2949 = CARTESIAN_POINT ( 'NONE',  ( -39.49730114936043890, 13.92063317804600331, -28.46708444528924531 ) ) ;
#2950 = DIRECTION ( 'NONE',  ( -0.000000000000000000, -0.000000000000000000, -1.000000000000000000 ) ) ;
#2951 = AXIS2_PLACEMENT_3D ( 'NONE', #3152, #1133, #1860 ) ;
#2952 = CARTESIAN_POINT ( 'NONE',  ( -42.76793408686044273, 13.76438317872879757, -28.97750111263870920 ) ) ;
#2953 = CARTESIAN_POINT ( 'NONE',  ( -40.11198468061044053, 16.32007168648291184, -29.62333444597204490 ) ) ;
#2954 = CARTESIAN_POINT ( 'NONE',  ( -42.76793408686044273, 14.78665858183044257, -25.51916777930538061 ) ) ;
#2955 = DIRECTION ( 'NONE',  ( -0.000000000000000000, -0.000000000000000000, -1.000000000000000000 ) ) ;
#2956 = DIRECTION ( 'NONE',  ( -0.000000000000000000, -0.000000000000000000, -1.000000000000000000 ) ) ;
#2957 = CARTESIAN_POINT ( 'NONE',  ( -41.74730114936043890, 16.08569668750710235, -24.88375111332150880 ) ) ;
#2958 = ORIENTED_EDGE ( 'NONE', *, *, #878, .F. ) ;
#2959 = DIRECTION ( 'NONE',  ( 1.000000000000000000, 0.000000000000000000, 0.000000000000000000 ) ) ;
#2960 = EDGE_CURVE ( 'NONE', #1944, #2276, #2807, .T. ) ;
#2961 = CARTESIAN_POINT ( 'NONE',  ( -41.88261761811044437, 16.32007168648290829, -24.04000111263871275 ) ) ;
#2962 = CARTESIAN_POINT ( 'NONE',  ( -42.76793408686044273, 13.76438317872879757, -28.47750111263871275 ) ) ;
#2963 = DIRECTION ( 'NONE',  ( 0.000000000000000000, 0.000000000000000000, 1.000000000000000000 ) ) ;
#2964 = VERTEX_POINT ( 'NONE', #889 ) ;
#2965 = FACE_OUTER_BOUND ( 'NONE', #3342, .T. ) ;
#2966 = LINE ( 'NONE', #1446, #1954 ) ;
#2967 = CARTESIAN_POINT ( 'NONE',  ( -42.49730114936043890, 15.65268398561488361, -23.84208444665484095 ) ) ;
#2968 =( BOUNDED_CURVE ( )  B_SPLINE_CURVE ( 2, ( #14, #2885, #549, #1603, #2090, #1896, #2918 ),
 .UNSPECIFIED., .F., .F. ) 
 B_SPLINE_CURVE_WITH_KNOTS ( ( 3, 2, 2, 3 ),
 ( 0.7058823529411762943, 0.7156862745098037104, 0.7254901960784311266, 0.7352941176470586537 ),
 .UNSPECIFIED. ) 
 CURVE ( )  GEOMETRIC_REPRESENTATION_ITEM ( )  RATIONAL_B_SPLINE_CURVE ( ( 1.000000000000003109, 0.8660254037844357100, 1.000000000000000000, 0.8660254037844387076, 1.000000000000000000, 0.8660254037844417052, 0.9999999999999970024 ) ) 
 REPRESENTATION_ITEM ( '' )  );
#2969 = CARTESIAN_POINT ( 'NONE',  ( -42.76793408686044273, 15.80893398493208757, -29.06083444597204135 ) ) ;
#2970 = CARTESIAN_POINT ( 'NONE',  ( -40.11198468061044053, 13.25324547717797685, -28.29000111263871275 ) ) ;
#2971 = CARTESIAN_POINT ( 'NONE',  ( -41.88261761811044437, 13.25324547717797685, -28.93583444597204490 ) ) ;
#2972 = CARTESIAN_POINT ( 'NONE',  ( -40.99730114936043890, 13.05460777426156582, -27.17541777998817665 ) ) ;
#2973 = DIRECTION ( 'NONE',  ( -1.000000000000000000, 0.000000000000000000, 0.000000000000000000 ) ) ;
#2974 = CONICAL_SURFACE ( 'NONE', #485, 1.369999999999989226, 0.7853981633974732590 ) ;
#2975 = ORIENTED_EDGE ( 'NONE', *, *, #945, .T. ) ;
#2976 = CARTESIAN_POINT ( 'NONE',  ( -42.49730114936043890, 14.78665858183044257, -32.17541777862258101 ) ) ;
#2977 = CARTESIAN_POINT ( 'NONE',  ( -40.24730114936043890, 16.08569668750710235, -25.84208444528924886 ) ) ;
#2978 = CARTESIAN_POINT ( 'NONE',  ( -40.24730114936043890, 13.48762047615378279, -32.13375111332150880 ) ) ;
#2979 = EDGE_CURVE ( 'NONE', #360, #1633, #1479, .T. ) ;
#2980 = CARTESIAN_POINT ( 'NONE',  ( -39.22666821186044217, 15.80893398493208757, -28.22750111263871275 ) ) ;
#2981 = CARTESIAN_POINT ( 'NONE',  ( -39.49730114936043890, 13.92063317804600331, -27.96708444528924531 ) ) ;
#2982 = VERTEX_POINT ( 'NONE', #343 ) ;
#2983 = DIRECTION ( 'NONE',  ( 0.000000000000000000, 0.000000000000000000, 1.000000000000000000 ) ) ;
#2984 = CARTESIAN_POINT ( 'NONE',  ( -42.49730114936043890, 14.78665858183044257, -27.17541777862258101 ) ) ;
#2985 = CARTESIAN_POINT ( 'NONE',  ( -39.49730114936044600, 15.65268398561488361, -25.00875111332150880 ) ) ;
#2986 = VECTOR ( 'NONE', #2087, 1000.000000000000000 ) ;
#2987 = ADVANCED_FACE ( 'NONE', ( #2670 ), #1674, .T. ) ;
#2988 = CARTESIAN_POINT ( 'NONE',  ( -39.22666821186043506, 14.78665858183044257, -29.26916777930537705 ) ) ;
#2989 = CARTESIAN_POINT ( 'NONE',  ( -42.76793408686044273, 15.80893398493208757, -29.49833444597204490 ) ) ;
#2990 = CARTESIAN_POINT ( 'NONE',  ( -39.22666821186043506, 14.78665858183044257, -27.26916777930537705 ) ) ;
#2991 = DIRECTION ( 'NONE',  ( 0.000000000000000000, 0.000000000000000000, -1.000000000000000000 ) ) ;
#2992 = CARTESIAN_POINT ( 'NONE',  ( -40.30404205454588862, 16.37844202002730754, -32.20041777998799404 ) ) ;
#2993 =( BOUNDED_CURVE ( )  B_SPLINE_CURVE ( 2, ( #1706, #925, #2738, #974, #1961, #411, #379 ),
 .UNSPECIFIED., .F., .T. ) 
 B_SPLINE_CURVE_WITH_KNOTS ( ( 3, 2, 2, 3 ),
 ( 0.9117647058823529216, 0.9215686274509803377, 0.9313725490196078649, 0.9411764705882352811 ),
 .UNSPECIFIED. ) 
 CURVE ( )  GEOMETRIC_REPRESENTATION_ITEM ( )  RATIONAL_B_SPLINE_CURVE ( ( 1.000000000000000000, 0.8660254037844387076, 1.000000000000000000, 0.8660254037844387076, 1.000000000000000000, 0.8660254037844387076, 1.000000000000000000 ) ) 
 REPRESENTATION_ITEM ( '' )  );
#2994 = ORIENTED_EDGE ( 'NONE', *, *, #2387, .F. ) ;
#2995 =( BOUNDED_CURVE ( )  B_SPLINE_CURVE ( 2, ( #3260, #1424, #1972, #2495, #2977, #1162, #952 ),
 .UNSPECIFIED., .F., .T. ) 
 B_SPLINE_CURVE_WITH_KNOTS ( ( 3, 2, 2, 3 ),
 ( 0.1764705882352942679, 0.1862745098039217395, 0.1960784313725491834, 0.2058823529411766551 ),
 .UNSPECIFIED. ) 
 CURVE ( )  GEOMETRIC_REPRESENTATION_ITEM ( )  RATIONAL_B_SPLINE_CURVE ( ( 0.9999999999999980016, 0.8660254037844405950, 1.000000000000000000, 0.8660254037844387076, 1.000000000000000000, 0.8660254037844360431, 1.000000000000002665 ) ) 
 REPRESENTATION_ITEM ( '' )  );
#2996 = CARTESIAN_POINT ( 'NONE',  ( -39.22666821186043506, 14.78665858183044257, -27.70666777930537705 ) ) ;
#2997 = CARTESIAN_POINT ( 'NONE',  ( -41.88261761811044437, 16.32007168648290829, -26.60250111263871275 ) ) ;
#2998 = CARTESIAN_POINT ( 'NONE',  ( -40.24730114936043890, 13.48762047615378279, -30.13375111332150880 ) ) ;
#2999 = ORIENTED_EDGE ( 'NONE', *, *, #12, .T. ) ;
#3000 = CARTESIAN_POINT ( 'NONE',  ( -40.99730114936043890, 14.78665858183044257, -24.80041777998817665 ) ) ;
#3001 = LINE ( 'NONE', #1182, #3128 ) ;
#3002 = CARTESIAN_POINT ( 'NONE',  ( -40.99730114936044600, 13.05460777426156582, -25.67541777998818020 ) ) ;
#3003 = CARTESIAN_POINT ( 'NONE',  ( -39.22666821186043506, 14.78665858183044257, -31.26916777930537705 ) ) ;
#3004 = CARTESIAN_POINT ( 'NONE',  ( -39.22666821186043506, 15.80893398493208757, -27.66500111263871275 ) ) ;
#3005 = CARTESIAN_POINT ( 'NONE',  ( -39.22666821186044217, 13.76438317872879935, -27.81083444597204490 ) ) ;
#3006 = EDGE_CURVE ( 'NONE', #1122, #2796, #2173, .T. ) ;
#3007 = CARTESIAN_POINT ( 'NONE',  ( -39.49730114936043890, 14.78665858183044257, -25.05041777998817665 ) ) ;
#3008 = CARTESIAN_POINT ( 'NONE',  ( -39.67280873747338887, 15.74533224503537809, -24.80041777998817665 ) ) ;
#3009 = CARTESIAN_POINT ( 'NONE',  ( -39.49730114936044600, 15.65268398561488361, -32.38375111195590961 ) ) ;
#3010 = CARTESIAN_POINT ( 'NONE',  ( -39.49730114936043890, 14.78665858183044257, -25.92541777862258101 ) ) ;
#3011 = CARTESIAN_POINT ( 'NONE',  ( -39.22666821186044217, 13.76438317872879935, -27.24833444597204135 ) ) ;
#3012 = CARTESIAN_POINT ( 'NONE',  ( -40.99730114936044600, 12.74210777562715435, -27.89416777930537705 ) ) ;
#3013 = DIRECTION ( 'NONE',  ( -1.000000000000000000, 0.000000000000000000, 0.000000000000000000 ) ) ;
#3014 = ORIENTED_EDGE ( 'NONE', *, *, #728, .F. ) ;
#3015 = CARTESIAN_POINT ( 'NONE',  ( -40.99730114936043890, 13.05460777426156582, -30.05041777862257746 ) ) ;
#3016 = CARTESIAN_POINT ( 'NONE',  ( -40.99730114936043890, 14.78665858183044257, -24.80041777998817665 ) ) ;
#3017 = CARTESIAN_POINT ( 'NONE',  ( -42.49730114936043890, 14.78665858183044257, -27.80041777998817665 ) ) ;
#3018 = CARTESIAN_POINT ( 'NONE',  ( -39.22666821186043506, 13.76438317872879935, -28.74833444597204490 ) ) ;
#3019 = CARTESIAN_POINT ( 'NONE',  ( -40.99730114936044600, 12.74210777562715435, -29.39416777930537705 ) ) ;
#3020 = CARTESIAN_POINT ( 'NONE',  ( -41.74730114936043890, 13.48762047615378279, -29.59208444528924886 ) ) ;
#3021 = ORIENTED_EDGE ( 'NONE', *, *, #3058, .F. ) ;
#3023 = EDGE_CURVE ( 'NONE', #2276, #2485, #926, .T. ) ;
#3022 = CARTESIAN_POINT ( 'NONE',  ( -40.99730114936043890, 16.83120938803373079, -25.14416777930538061 ) ) ;
#3024 = CARTESIAN_POINT ( 'NONE',  ( -42.49730114936043890, 13.92063317804600331, -27.13375111195591316 ) ) ;
#3025 = CARTESIAN_POINT ( 'NONE',  ( -42.76793408686044273, 14.78665858183044257, -30.45666777930537705 ) ) ;
#3026 = CARTESIAN_POINT ( 'NONE',  ( -40.99730114936044600, 12.74210777562715435, -27.83166777930537705 ) ) ;
#3027 = CARTESIAN_POINT ( 'NONE',  ( -41.88261761811044437, 13.25324547717797685, -27.93583444597204490 ) ) ;
#3028 = CARTESIAN_POINT ( 'NONE',  ( -40.99730114936043890, 13.05460777426156582, -28.17541777998817309 ) ) ;
#3029 = ORIENTED_EDGE ( 'NONE', *, *, #3166, .F. ) ;
#3030 = CARTESIAN_POINT ( 'NONE',  ( -42.49730114936043890, 14.78665858183044257, -30.80041777998817309 ) ) ;
#3031 = CARTESIAN_POINT ( 'NONE',  ( -40.99730114936043890, 16.51870938939932287, -27.42541777998817309 ) ) ;
#3032 = CARTESIAN_POINT ( 'NONE',  ( -41.74730114936043890, 13.48762047615378279, -27.71708444665484095 ) ) ;
#3033 = CARTESIAN_POINT ( 'NONE',  ( -40.11198468061044053, 13.25324547717797685, -31.29000111263870920 ) ) ;
#3034 = CARTESIAN_POINT ( 'NONE',  ( -40.99730114936044600, 12.74210777562715435, -26.89416777930537705 ) ) ;
#3035 = DIRECTION ( 'NONE',  ( 0.000000000000000000, 0.000000000000000000, -1.000000000000000000 ) ) ;
#3036 = CARTESIAN_POINT ( 'NONE',  ( -40.11198468061044053, 13.25324547717797685, -25.35250111263870920 ) ) ;
#3037 = CARTESIAN_POINT ( 'NONE',  ( -39.22666821186043506, 13.76438317872879935, -26.24833444597204846 ) ) ;
#3038 = CARTESIAN_POINT ( 'NONE',  ( -42.49730114936043890, 13.92063317804600331, -28.13375111195591316 ) ) ;
#3039 = CARTESIAN_POINT ( 'NONE',  ( -42.76793408686044273, 15.80893398493208757, -31.49833444597204490 ) ) ;
#3040 = ADVANCED_FACE ( 'NONE', ( #380 ), #655, .T. ) ;
#3041 = CARTESIAN_POINT ( 'NONE',  ( -39.22666821186043506, 14.78665858183044257, -25.70666777930538061 ) ) ;
#3042 = CARTESIAN_POINT ( 'NONE',  ( -39.22666821186043506, 14.78665858183044257, -29.26916777930537705 ) ) ;
#3043 = CARTESIAN_POINT ( 'NONE',  ( -39.49730114936046732, 15.65268398561489249, -26.38375111195591671 ) ) ;
#3044 = ORIENTED_EDGE ( 'NONE', *, *, #260, .T. ) ;
#3045 = CARTESIAN_POINT ( 'NONE',  ( -40.99730114936043890, 16.51870938939932287, -28.92541777998817309 ) ) ;
#3046 = CARTESIAN_POINT ( 'NONE',  ( -39.49730114936043890, 14.78665858183044257, -29.05041777998817309 ) ) ;
#3047 = CARTESIAN_POINT ( 'NONE',  ( -42.49730114936043890, 15.65268398561488361, -26.84208444665484095 ) ) ;
#3048 = CARTESIAN_POINT ( 'NONE',  ( -41.88261761811044437, 13.25324547717797685, -30.87333444597204490 ) ) ;
#3049 = CARTESIAN_POINT ( 'NONE',  ( -40.99730114936044600, 16.83120938803373079, -30.14416777930537350 ) ) ;
#3050 = CYLINDRICAL_SURFACE ( 'NONE', #236, 1.500000000000001332 ) ;
#3051 = CARTESIAN_POINT ( 'NONE',  ( -39.49730114936046022, 13.92063317804599443, -25.59208444665484095 ) ) ;
#3052 = CARTESIAN_POINT ( 'NONE',  ( -39.22666821186043506, 14.78665858183044257, -26.70666777930537705 ) ) ;
#3053 = CARTESIAN_POINT ( 'NONE',  ( -41.74730114936043890, 13.48762047615378279, -27.59208444528924531 ) ) ;
#3054 = VECTOR ( 'NONE', #1010, 1000.000000000000114 ) ;
#3055 = CARTESIAN_POINT ( 'NONE',  ( -40.11198468061044053, 16.32007168648291184, -32.12333444597204135 ) ) ;
#3056 = CARTESIAN_POINT ( 'NONE',  ( -40.99730114936044600, 12.74210777562715435, -26.83166777930537705 ) ) ;
#3057 = CARTESIAN_POINT ( 'NONE',  ( -41.88261761811044437, 13.25324547717797685, -30.93583444597204490 ) ) ;
#3058 = EDGE_CURVE ( 'NONE', #2622, #186, #2520, .T. ) ;
#3059 = CARTESIAN_POINT ( 'NONE',  ( -40.79118800795783528, 13.23217753092986015, -32.20041777998817878 ) ) ;
#3060 = EDGE_LOOP ( 'NONE', ( #195, #2393, #334, #1104 ) ) ;
#3061 = CARTESIAN_POINT ( 'NONE',  ( -39.49730114936043890, 14.78665858183044257, -26.55041777998817309 ) ) ;
#3062 = CARTESIAN_POINT ( 'NONE',  ( -40.24730114936043890, 13.48762047615378279, -26.63375111332150880 ) ) ;
#3063 = CARTESIAN_POINT ( 'NONE',  ( -39.49730114936044600, 15.65268398561488361, -28.50875111332150880 ) ) ;
#3064 = CARTESIAN_POINT ( 'NONE',  ( -42.23459382571508058, 13.76992944787962792, -24.80041777998817309 ) ) ;
#3065 = CARTESIAN_POINT ( 'NONE',  ( -39.22666821186044217, 13.76438317872879935, -31.31083444597204490 ) ) ;
#3066 = CARTESIAN_POINT ( 'NONE',  ( -42.49730114936046022, 15.65268398561487118, -29.34208444665484095 ) ) ;
#3067 = CARTESIAN_POINT ( 'NONE',  ( -39.49730114936042469, 13.92063317804601397, -29.59208444665484095 ) ) ;
#3068 = CIRCLE ( 'NONE', #1346, 1.500000000000001332 ) ;
#3069 = CARTESIAN_POINT ( 'NONE',  ( -40.99730114936044600, 13.05460777426156582, -26.05041777862258101 ) ) ;
#3070 = CARTESIAN_POINT ( 'NONE',  ( -42.76793408686044273, 14.78665858183044257, -31.95666777930537705 ) ) ;
#3071 = CARTESIAN_POINT ( 'NONE',  ( -41.88261761811044437, 16.32007168648290829, -29.04000111263870920 ) ) ;
#3072 = CARTESIAN_POINT ( 'NONE',  ( -40.11198468061044053, 16.32007168648291184, -31.18583444597204490 ) ) ;
#3073 = CARTESIAN_POINT ( 'NONE',  ( -39.81167609905858029, 13.62863385825653673, -32.20041777998818588 ) ) ;
#3074 = ORIENTED_EDGE ( 'NONE', *, *, #3006, .F. ) ;
#3075 =( LENGTH_UNIT ( ) NAMED_UNIT ( * ) SI_UNIT ( .MILLI., .METRE. ) );
#3076 = EDGE_CURVE ( 'NONE', #2684, #2444, #812, .T. ) ;
#3077 = CARTESIAN_POINT ( 'NONE',  ( -40.24730114936043890, 16.08569668750710235, -30.46708444665484450 ) ) ;
#3078 = VERTEX_POINT ( 'NONE', #1993 ) ;
#3079 = CARTESIAN_POINT ( 'NONE',  ( -39.22666821186043506, 13.76438317872879935, -30.24833444597204490 ) ) ;
#3080 = CARTESIAN_POINT ( 'NONE',  ( -40.11198468061044053, 13.25324547717797685, -31.85250111263870920 ) ) ;
#3081 = CARTESIAN_POINT ( 'NONE',  ( -41.74730114936043890, 16.08569668750710235, -26.75875111195591316 ) ) ;
#3082 = EDGE_CURVE ( 'NONE', #1689, #3078, #2966, .T. ) ;
#3083 = CARTESIAN_POINT ( 'NONE',  ( -42.76793408686044273, 15.80893398493208757, -26.06083444597204846 ) ) ;
#3084 = CARTESIAN_POINT ( 'NONE',  ( -42.76793408686044273, 13.76438317872879757, -31.41500111263870920 ) ) ;
#3085 = CARTESIAN_POINT ( 'NONE',  ( -40.24730114936043890, 13.48762047615378279, -26.00875111195591316 ) ) ;
#3086 = CARTESIAN_POINT ( 'NONE',  ( -40.99730114936044600, 12.74210777562715435, -31.33166777930537705 ) ) ;
#3087 =( BOUNDED_CURVE ( )  B_SPLINE_CURVE ( 2, ( #1437, #2475, #1502, #158, #2238, #2745, #1188 ),
 .UNSPECIFIED., .F., .T. ) 
 B_SPLINE_CURVE_WITH_KNOTS ( ( 3, 2, 2, 3 ),
 ( 0.4411764705882352811, 0.4509803921568627527, 0.4607843137254901689, 0.4705882352941176405 ),
 .UNSPECIFIED. ) 
 CURVE ( )  GEOMETRIC_REPRESENTATION_ITEM ( )  RATIONAL_B_SPLINE_CURVE ( ( 1.000000000000000000, 0.8660254037844387076, 1.000000000000000000, 0.8660254037844387076, 1.000000000000000000, 0.8660254037844387076, 1.000000000000000000 ) ) 
 REPRESENTATION_ITEM ( '' )  );
#3088 = CARTESIAN_POINT ( 'NONE',  ( -39.22666821186043506, 14.78665858183044257, -29.70666777930537705 ) ) ;
#3089 = CARTESIAN_POINT ( 'NONE',  ( -40.11198468061044053, 13.25324547717797685, -31.35250111263870920 ) ) ;
#3090 = CARTESIAN_POINT ( 'NONE',  ( -40.11198468061044053, 13.25324547717797685, -25.29000111263870920 ) ) ;
#3091 = EDGE_LOOP ( 'NONE', ( #615, #2768, #957, #2947 ) ) ;
#3092 = B_SPLINE_CURVE_WITH_KNOTS ( 'NONE', 3,
 ( #2071, #706, #479, #1515, #2552, #977, #3064, #1743, #1025, #2056, #767, #2772, #1482, #1636, #2650, #67 ),
 .UNSPECIFIED., .F., .F.,
 ( 4, 2, 2, 2, 2, 2, 2, 4 ),
 ( 0.000000000000000000, 0.0003985365131823596788, 0.0007970730263647193576, 0.001195609539547079145, 0.001594146052729438715, 0.001992682565911798286, 0.002391219079094158290, 0.003188292105458898681 ),
 .UNSPECIFIED. ) ;
#3093 = CARTESIAN_POINT ( 'NONE',  ( -42.49730114936043890, 14.78665858183044257, -28.80041777998817665 ) ) ;
#3094 = EDGE_LOOP ( 'NONE', ( #3212, #85, #1786, #151 ) ) ;
#3095 = CARTESIAN_POINT ( 'NONE',  ( -40.99730114936044600, 16.83120938803373079, -32.14416777930537705 ) ) ;
#3096 = CARTESIAN_POINT ( 'NONE',  ( -40.24730114936043890, 16.08569668750710235, -29.46708444665484095 ) ) ;
#3097 = CARTESIAN_POINT ( 'NONE',  ( -40.24730114936043890, 13.48762047615378279, -31.63375111332150524 ) ) ;
#3098 = CARTESIAN_POINT ( 'NONE',  ( -39.22666821186043506, 15.80893398493208757, -27.72750111263871275 ) ) ;
#3099 = ADVANCED_FACE ( 'NONE', ( #167 ), #431, .T. ) ;
#3100 = CARTESIAN_POINT ( 'NONE',  ( -41.88261761811044437, 16.32007168648290829, -31.60250111263870920 ) ) ;
#3101 = CARTESIAN_POINT ( 'NONE',  ( -39.49730114936046022, 15.65268398561488894, -30.88375111195591671 ) ) ;
#3102 = ORIENTED_EDGE ( 'NONE', *, *, #1305, .T. ) ;
#3103 = CARTESIAN_POINT ( 'NONE',  ( -42.49730114936043890, 14.78665858183044257, -28.67541777862258101 ) ) ;
#3104 = CARTESIAN_POINT ( 'NONE',  ( -40.99730114936044600, 12.74210777562715435, -25.39416777930537705 ) ) ;
#3105 = CARTESIAN_POINT ( 'NONE',  ( -39.22666821186043506, 14.78665858183044257, -28.20666777930537705 ) ) ;
#3106 = CARTESIAN_POINT ( 'NONE',  ( -41.88261761811044437, 16.32007168648290829, -29.10250111263870920 ) ) ;
#3107 = CARTESIAN_POINT ( 'NONE',  ( -39.22666821186044217, 15.80893398493208757, -25.66500111263871275 ) ) ;
#3108 = VERTEX_POINT ( 'NONE', #2755 ) ;
#3109 = CARTESIAN_POINT ( 'NONE',  ( -40.24730114936043890, 13.48762047615378279, -30.13375111332150880 ) ) ;
#3110 = ORIENTED_EDGE ( 'NONE', *, *, #2000, .F. ) ;
#3111 = DIRECTION ( 'NONE',  ( 0.000000000000000000, 0.000000000000000000, -1.000000000000000000 ) ) ;
#3112 = CARTESIAN_POINT ( 'NONE',  ( -39.22666821186044217, 15.80893398493208757, -30.22750111263871275 ) ) ;
#3113 = CARTESIAN_POINT ( 'NONE',  ( -39.49730114936043890, 14.78665858183044257, -32.05041777998817309 ) ) ;
#3114 = CARTESIAN_POINT ( 'NONE',  ( -42.49730114936043890, 13.92063317804600331, -31.75875111332150524 ) ) ;
#3115 = AXIS2_PLACEMENT_3D ( 'NONE', #2398, #786, #2846 ) ;
#3116 = CARTESIAN_POINT ( 'NONE',  ( -40.99730114936043890, 12.74210777562715613, -27.89416777930537705 ) ) ;
#3117 = CARTESIAN_POINT ( 'NONE',  ( -42.76793408686044273, 14.78665858183044257, -27.45666777930537705 ) ) ;
#3118 = CARTESIAN_POINT ( 'NONE',  ( -39.49730114936043890, 14.78665858183044257, -27.05041777998817665 ) ) ;
#3119 = CARTESIAN_POINT ( 'NONE',  ( -39.49730114936043890, 14.78665858183044257, -29.55041777998817309 ) ) ;
#3120 = EDGE_CURVE ( 'NONE', #1959, #2964, #2722, .T. ) ;
#3121 = VERTEX_POINT ( 'NONE', #1430 ) ;
#3122 = CARTESIAN_POINT ( 'NONE',  ( -40.24730114936043890, 16.08569668750710235, -29.84208444528924886 ) ) ;
#3123 = CARTESIAN_POINT ( 'NONE',  ( -40.99730114936044600, 16.83120938803373079, -25.14416777930538061 ) ) ;
#3124 = CARTESIAN_POINT ( 'NONE',  ( -41.88261761811044437, 13.25324547717797685, -29.87333444597204490 ) ) ;
#3125 = CARTESIAN_POINT ( 'NONE',  ( -42.76793408686044273, 14.78665858183044257, -32.51916777930537705 ) ) ;
#3126 = CARTESIAN_POINT ( 'NONE',  ( -41.88261761811044437, 16.32007168648290829, -24.54000111263870920 ) ) ;
#3127 = EDGE_LOOP ( 'NONE', ( #1149, #838 ) ) ;
#3128 = VECTOR ( 'NONE', #1198, 1000.000000000000000 ) ;
#3129 = CARTESIAN_POINT ( 'NONE',  ( -41.74730114936043890, 13.48762047615378279, -29.71708444665484450 ) ) ;
#3130 = CARTESIAN_POINT ( 'NONE',  ( -39.22666821186044217, 15.80893398493208757, -25.72750111263871275 ) ) ;
#3131 = DIRECTION ( 'NONE',  ( -0.000000000000000000, -0.000000000000000000, -1.000000000000000000 ) ) ;
#3132 =( BOUNDED_CURVE ( )  B_SPLINE_CURVE ( 2, ( #484, #980, #1246, #2027, #451, #1795, #2571, #1999, #233, #3022, #2012, #2802, #1263, #739, #3036, #3317, #1549, #1519, #2523, #1762, #2044, #2316, #3272, #2776, #2817, #3335, #500, #1486, #203, #187, #1279, #3083, #2269, #724, #607, #2109, #270, #1362, #2585, #1310, #570, #2347, #2330, #1584, #1344, #3173, #1327, #846, #2399, #2636, #1823, #1623, #1060, #15, #3351, #2848, #308, #52, #1863, #1843, #1044, #532, #2602, #288, #2866, #3136, #1294, #590, #1604, #2383, #3155, #3098, #550, #2128, #806, #3116, #2618, #2091, #1099, #2905, #787, #1079, #826, #2364, #1567, #1882, #33, #2656, #2887, #329, #71, #1117, #2147, #862, #1897, #2919, #252, #2076, #2163, #1415, #2707, #2952, #1947, #2969, #2490, #946, #2741, #415, #2988, #676, #3255, #928, #909, #2454, #382, #1640, #2672, #1432, #876, #1676, #3190, #1981, #122, #1169, #2181, #623, #2219, #1913, #1963, #2199, #107, #399, #2935, #1709, #1657, #2688, #139, #345, #3227, #364, #657, #1184, #155, #1694, #1200, #2726, #1398, #640, #1380, #2436, #2471, #1448, #2417, #3240, #1152, #2235, #3003, #90, #3207, #891, #1136, #1930, #3282, #3298, #3100, #35, #54, #553, #829, #2889, #17, #331, #2149, #533, #1119, #2604, #2868, #2385, #848, #1606, #1586 ),
 .UNSPECIFIED., .F., .T. ) 
 B_SPLINE_CURVE_WITH_KNOTS ( ( 3, 2, 2, 2, 2, 2, 2, 2, 2, 2, 2, 2, 2, 2, 2, 2, 2, 2, 2, 2, 2, 2, 2, 2, 2, 2, 2, 2, 2, 2, 2, 2, 2, 2, 2, 2, 2, 2, 2, 2, 2, 2, 2, 2, 2, 2, 2, 2, 2, 2, 2, 2, 2, 2, 2, 2, 2, 2, 2, 2, 2, 2, 2, 2, 2, 2, 2, 2, 2, 2, 2, 2, 2, 2, 2, 2, 2, 2, 2, 2, 2, 2, 2, 2, 2, 2, 2, 2, 2, 2, 3 ),
 ( 0.09198935542247375918, 0.09803921568627450844, 0.1078431372549019662, 0.1176470588235294101, 0.1274509803921568540, 0.1372549019607843257, 0.1470588235294117696, 0.1568627450980392135, 0.1666666666666666574, 0.1764705882352941291, 0.1862745098039215730, 0.1960784313725490169, 0.2058823529411764608, 0.2156862745098039325, 0.2254901960784314041, 0.2352941176470588203, 0.2450980392156862919, 0.2549019607843137081, 0.2647058823529411797, 0.2745098039215686514, 0.2843137254901960675, 0.2941176470588235392, 0.3039215686274509554, 0.3137254901960784270, 0.3235294117647058987, 0.3333333333333333148, 0.3431372549019607865, 0.3529411764705882582, 0.3627450980392156743, 0.3725490196078431460, 0.3823529411764705621, 0.3921568627450980893, 0.4019607843137255054, 0.4117647058823529216, 0.4215686274509804488, 0.4313725490196078649, 0.4411764705882352811, 0.4509803921568627527, 0.4607843137254901689, 0.4705882352941176405, 0.4803921568627451122, 0.4901960784313725283, 0.5000000000000000000, 0.5098039215686274161, 0.5196078431372549433, 0.5294117647058823595, 0.5392156862745097756, 0.5490196078431373028, 0.5588235294117647189, 0.5686274509803921351, 0.5784313725490196623, 0.5882352941176470784, 0.5980392156862744946, 0.6078431372549019107, 0.6176470588235294379, 0.6274509803921568540, 0.6372549019607842702, 0.6470588235294117974, 0.6568627450980392135, 0.6666666666666666297, 0.6764705882352941568, 0.6862745098039216840, 0.6960784313725489891, 0.7058823529411765163, 0.7156862745098039325, 0.7254901960784313486, 0.7352941176470588758, 0.7450980392156862919, 0.7549019607843135971, 0.7647058823529411242, 0.7745098039215686514, 0.7843137254901960675, 0.7941176470588234837, 0.8039215686274510109, 0.8137254901960785380, 0.8235294117647058432, 0.8333333333333333703, 0.8431372549019607865, 0.8529411764705882026, 0.8627450980392157298, 0.8725490196078432570, 0.8823529411764704511, 0.8921568627450980893, 0.9019607843137255054, 0.9117647058823529216, 0.9215686274509803377, 0.9313725490196078649, 0.9411764705882351700, 0.9509803921568626972, 0.9607843137254902244, 0.9626304970566796904 ),
 .UNSPECIFIED. ) 
 CURVE ( )  GEOMETRIC_REPRESENTATION_ITEM ( )  RATIONAL_B_SPLINE_CURVE ( ( 0.9366860366981458741, 0.9173261862276660406, 1.000000000000000000, 0.8660254037844387076, 1.000000000000000000, 0.8660254037844387076, 1.000000000000000000, 0.8660254037844387076, 1.000000000000000000, 0.8660254037844387076, 1.000000000000000000, 0.8660254037844387076, 1.000000000000000000, 0.8660254037844387076, 1.000000000000000000, 0.8660254037844387076, 1.000000000000000000, 0.8660254037844387076, 1.000000000000000000, 0.8660254037844387076, 1.000000000000000000, 0.8660254037844387076, 1.000000000000000000, 0.8660254037844387076, 1.000000000000000000, 0.8660254037844387076, 1.000000000000000000, 0.8660254037844387076, 1.000000000000000000, 0.8660254037844387076, 1.000000000000000000, 0.8660254037844387076, 1.000000000000000000, 0.8660254037844387076, 1.000000000000000000, 0.8660254037844387076, 1.000000000000000000, 0.8660254037844387076, 1.000000000000000000, 0.8660254037844387076, 1.000000000000000000, 0.8660254037844387076, 1.000000000000000000, 0.8660254037844387076, 1.000000000000000000, 0.8660254037844387076, 1.000000000000000000, 0.8660254037844387076, 1.000000000000000000, 0.8660254037844387076, 1.000000000000000000, 0.8660254037844387076, 1.000000000000000000, 0.8660254037844387076, 1.000000000000000000, 0.8660254037844387076, 1.000000000000000000, 0.8660254037844387076, 1.000000000000000000, 0.8660254037844387076, 1.000000000000000000, 0.8660254037844387076, 1.000000000000000000, 0.8660254037844387076, 1.000000000000000000, 0.8660254037844387076, 1.000000000000000000, 0.8660254037844387076, 1.000000000000000000, 0.8660254037844387076, 1.000000000000000000, 0.8660254037844387076, 1.000000000000000000, 0.8660254037844387076, 1.000000000000000000, 0.8660254037844387076, 1.000000000000000000, 0.8660254037844387076, 1.000000000000000000, 0.8660254037844387076, 1.000000000000000000, 0.8660254037844387076, 1.000000000000000000, 0.8660254037844387076, 1.000000000000000000, 0.8660254037844387076, 1.000000000000000000, 0.8660254037844387076, 1.000000000000000000, 0.8660254037844387076, 1.000000000000000000, 0.8660254037844387076, 1.000000000000000000, 0.8660254037844387076, 1.000000000000000000, 0.8660254037844387076, 1.000000000000000000, 0.8660254037844387076, 1.000000000000000000, 0.8660254037844387076, 1.000000000000000000, 0.8660254037844387076, 1.000000000000000000, 0.8660254037844387076, 1.000000000000000000, 0.8660254037844387076, 1.000000000000000000, 0.8660254037844387076, 1.000000000000000000, 0.8660254037844387076, 1.000000000000000000, 0.8660254037844387076, 1.000000000000000000, 0.8660254037844387076, 1.000000000000000000, 0.8660254037844387076, 1.000000000000000000, 0.8660254037844387076, 1.000000000000000000, 0.8660254037844387076, 1.000000000000000000, 0.8660254037844387076, 1.000000000000000000, 0.8660254037844387076, 1.000000000000000000, 0.8660254037844387076, 1.000000000000000000, 0.8660254037844387076, 1.000000000000000000, 0.8660254037844387076, 1.000000000000000000, 0.8660254037844387076, 1.000000000000000000, 0.8660254037844387076, 1.000000000000000000, 0.8660254037844387076, 1.000000000000000000, 0.8660254037844387076, 1.000000000000000000, 0.8660254037844387076, 1.000000000000000000, 0.8660254037844387076, 1.000000000000000000, 0.8660254037844387076, 1.000000000000000000, 0.8660254037844387076, 1.000000000000000000, 0.8660254037844387076, 1.000000000000000000, 0.8660254037844387076, 1.000000000000000000, 0.8660254037844387076, 1.000000000000000000, 0.8660254037844387076, 1.000000000000000000, 0.8660254037844387076, 1.000000000000000000, 0.8660254037844387076, 1.000000000000000000, 0.8660254037844387076, 1.000000000000000000, 0.8660254037844387076, 1.000000000000000000, 0.8660254037844387076, 1.000000000000000000, 0.8660254037844387076, 1.000000000000000000, 0.8660254037844387076, 1.000000000000000000, 0.8660254037844387076, 1.000000000000000000, 0.8660254037844387076, 1.000000000000000000, 0.8660254037844387076, 1.000000000000000000, 0.8660254037844387076, 1.000000000000000000, 0.8660254037844387076, 1.000000000000000000, 0.9747711500337270518, 0.9590440248511080679 ) ) 
 REPRESENTATION_ITEM ( '' )  );
#3133 = CARTESIAN_POINT ( 'NONE',  ( -39.36525044692348985, 14.09996250347051117, -24.80041777998817309 ) ) ;
#3134 = CARTESIAN_POINT ( 'NONE',  ( -41.74730114936043890, 13.48762047615378279, -26.21708444665484450 ) ) ;
#3135 = CARTESIAN_POINT ( 'NONE',  ( -40.99730114936043890, 14.78665858183044257, -24.80041777998817665 ) ) ;
#3136 = CARTESIAN_POINT ( 'NONE',  ( -42.76793408686044273, 13.76438317872879757, -27.47750111263871275 ) ) ;
#3137 = CARTESIAN_POINT ( 'NONE',  ( -40.99730114936044600, 12.74210777562715435, -29.33166777930537705 ) ) ;
#3138 = LINE ( 'NONE', #272, #552 ) ;
#3139 = CARTESIAN_POINT ( 'NONE',  ( -40.11198468061044053, 13.25324547717797685, -31.29000111263870920 ) ) ;
#3140 = ORIENTED_EDGE ( 'NONE', *, *, #105, .T. ) ;
#3141 = CARTESIAN_POINT ( 'NONE',  ( -42.49730114936043890, 13.92063317804600331, -31.13375111195591316 ) ) ;
#3142 = CARTESIAN_POINT ( 'NONE',  ( -40.99730114936044600, 12.74210777562715435, -24.89416777930537705 ) ) ;
#3143 = AXIS2_PLACEMENT_3D ( 'NONE', #1082, #2638, #1824 ) ;
#3144 = CARTESIAN_POINT ( 'NONE',  ( -42.76793408686044273, 15.80893398493208757, -29.99833444597204846 ) ) ;
#3145 = CARTESIAN_POINT ( 'NONE',  ( -41.88261761811044437, 16.32007168648290829, -32.10250111263871275 ) ) ;
#3146 = CARTESIAN_POINT ( 'NONE',  ( -40.99730114936043890, 14.78665858183044257, -24.80041777998817665 ) ) ;
#3147 = EDGE_LOOP ( 'NONE', ( #134, #127, #2913, #2332 ) ) ;
#3148 = EDGE_CURVE ( 'NONE', #1644, #2761, #2770, .T. ) ;
#3149 = CARTESIAN_POINT ( 'NONE',  ( -42.49730114936043890, 13.92063317804600331, -30.75875111332150880 ) ) ;
#3150 = CARTESIAN_POINT ( 'NONE',  ( -42.76793408686044273, 14.78665858183044257, -24.01916777930537705 ) ) ;
#3151 = CARTESIAN_POINT ( 'NONE',  ( -42.49730114936043179, 15.65268398561488894, -25.21708444528924886 ) ) ;
#3152 = CARTESIAN_POINT ( 'NONE',  ( -40.99730114936043890, 14.78665858183044257, -24.80041777998817665 ) ) ;
#3153 = CARTESIAN_POINT ( 'NONE',  ( -41.74730114936043890, 13.48762047615378279, -28.59208444528924531 ) ) ;
#3154 = DIRECTION ( 'NONE',  ( 0.000000000000000000, 0.000000000000000000, 1.000000000000000000 ) ) ;
#3155 = CARTESIAN_POINT ( 'NONE',  ( -40.11198468061044053, 16.32007168648291184, -27.68583444597204490 ) ) ;
#3156 = CARTESIAN_POINT ( 'NONE',  ( -39.22666821186044217, 13.76438317872879935, -29.74833444597204846 ) ) ;
#3157 = LINE ( 'NONE', #1886, #961 ) ;
#3158 = ORIENTED_EDGE ( 'NONE', *, *, #1693, .F. ) ;
#3159 = CARTESIAN_POINT ( 'NONE',  ( -39.22666821186043506, 14.78665858183044257, -27.20666777930537705 ) ) ;
#3160 = CARTESIAN_POINT ( 'NONE',  ( -40.24730114936043890, 13.48762047615378279, -30.00875111195591316 ) ) ;
#3161 = CARTESIAN_POINT ( 'NONE',  ( -41.88261761811044437, 16.32007168648290829, -31.04000111263871275 ) ) ;
#3162 = CARTESIAN_POINT ( 'NONE',  ( -42.49730114936043890, 15.65268398561488361, -25.71708444528924886 ) ) ;
#3163 = CARTESIAN_POINT ( 'NONE',  ( -42.76793408686044273, 15.80893398493208757, -24.49833444597204490 ) ) ;
#3164 = ORIENTED_EDGE ( 'NONE', *, *, #1602, .T. ) ;
#3165 = CARTESIAN_POINT ( 'NONE',  ( -40.99730114936044600, 12.74210777562715435, -25.33166777930538061 ) ) ;
#3166 = EDGE_CURVE ( 'NONE', #3108, #2195, #1265, .T. ) ;
#3167 = CARTESIAN_POINT ( 'NONE',  ( -41.88261761811044437, 13.25324547717797685, -24.43583444597204490 ) ) ;
#3168 = CIRCLE ( 'NONE', #295, 2.174999999999996270 ) ;
#3169 = LINE ( 'NONE', #1340, #2540 ) ;
#3170 = CARTESIAN_POINT ( 'NONE',  ( -39.49730114936043890, 14.78665858183044257, -29.42541777862257746 ) ) ;
#3171 = DIRECTION ( 'NONE',  ( -1.000000000000000000, 0.000000000000000000, 0.000000000000000000 ) ) ;
#3172 = CYLINDRICAL_SURFACE ( 'NONE', #3115, 2.174999999999996270 ) ;
#3173 = CARTESIAN_POINT ( 'NONE',  ( -40.99730114936043890, 16.83120938803373079, -26.64416777930537705 ) ) ;
#3174 = CARTESIAN_POINT ( 'NONE',  ( -42.76793408686044273, 14.78665858183044257, -29.95666777930537705 ) ) ;
#3175 = CARTESIAN_POINT ( 'NONE',  ( -42.49730114936043890, 14.78665858183044257, -28.17541777862258101 ) ) ;
#3176 = CARTESIAN_POINT ( 'NONE',  ( -40.99730114936043890, 14.78665858183044257, -24.80041777998817665 ) ) ;
#3177 = CIRCLE ( 'NONE', #968, 1.469999999999999085 ) ;
#3178 = ORIENTED_EDGE ( 'NONE', *, *, #181, .F. ) ;
#3179 = CARTESIAN_POINT ( 'NONE',  ( -40.24730114936043890, 13.48762047615378279, -29.50875111195591316 ) ) ;
#3180 = AXIS2_PLACEMENT_3D ( 'NONE', #1356, #321, #301 ) ;
#3181 = CARTESIAN_POINT ( 'NONE',  ( -42.76793408686044273, 15.80893398493208757, -32.06083444597204846 ) ) ;
#3182 = CARTESIAN_POINT ( 'NONE',  ( -39.22666821186044217, 13.76438317872879935, -27.24833444597204135 ) ) ;
#3183 = ORIENTED_EDGE ( 'NONE', *, *, #2779, .T. ) ;
#3184 = CARTESIAN_POINT ( 'NONE',  ( -42.76793408686044273, 13.76438317872879757, -24.41500111263871275 ) ) ;
#3185 = CARTESIAN_POINT ( 'NONE',  ( -41.88261761811044437, 16.32007168648290829, -24.10250111263871275 ) ) ;
#3186 = CARTESIAN_POINT ( 'NONE',  ( -40.33331381230589585, 13.14523791192553048, -24.80041777998818020 ) ) ;
#3187 = ORIENTED_EDGE ( 'NONE', *, *, #1247, .T. ) ;
#3188 = DIRECTION ( 'NONE',  ( -1.000000000000000000, 0.000000000000000000, 0.000000000000000000 ) ) ;
#3189 = CARTESIAN_POINT ( 'NONE',  ( -39.49730114936043890, 14.78665858183044257, -24.05041777998817665 ) ) ;
#3190 = CARTESIAN_POINT ( 'NONE',  ( -39.22666821186043506, 14.78665858183044257, -29.76916777930537705 ) ) ;
#3191 = CARTESIAN_POINT ( 'NONE',  ( -39.22666821186043506, 14.78665858183044257, -28.70666777930538061 ) ) ;
#3192 = CARTESIAN_POINT ( 'NONE',  ( -42.49730114936043890, 14.78665858183044257, -27.80041777998817665 ) ) ;
#3193 = ORIENTED_EDGE ( 'NONE', *, *, #1668, .T. ) ;
#3194 = CARTESIAN_POINT ( 'NONE',  ( -40.99730114936044600, 13.05460777426156582, -32.05041777862258101 ) ) ;
#3195 = CARTESIAN_POINT ( 'NONE',  ( -39.49730114936044600, 15.65268398561488361, -24.38375111195591671 ) ) ;
#3196 = CARTESIAN_POINT ( 'NONE',  ( -40.99730114936044600, 16.83120938803373079, -26.58166777930537350 ) ) ;
#3197 = ORIENTED_EDGE ( 'NONE', *, *, #1646, .F. ) ;
#3198 = CARTESIAN_POINT ( 'NONE',  ( -42.49730114936043890, 14.78665858183044257, -28.67541777862258101 ) ) ;
#3199 = CARTESIAN_POINT ( 'NONE',  ( -41.74730114936043890, 13.48762047615378279, -32.21708444665484450 ) ) ;
#3200 = CARTESIAN_POINT ( 'NONE',  ( -39.22666821186043506, 14.78665858183044257, -24.76916777930537705 ) ) ;
#3201 = LINE ( 'NONE', #3221, #1784 ) ;
#3202 = ORIENTED_EDGE ( 'NONE', *, *, #422, .F. ) ;
#3203 = CYLINDRICAL_SURFACE ( 'NONE', #1495, 1.500000000000001332 ) ;
#3204 = CARTESIAN_POINT ( 'NONE',  ( -40.99730114936090786, 14.78665858183045323, -41.80041777998817309 ) ) ;
#3205 = CYLINDRICAL_SURFACE ( 'NONE', #760, 1.500000000000001332 ) ;
#3206 =( BOUNDED_CURVE ( )  B_SPLINE_CURVE ( 2, ( #1622, #3350, #589, #2075, #2635, #1566, #2653 ),
 .UNSPECIFIED., .F., .T. ) 
 B_SPLINE_CURVE_WITH_KNOTS ( ( 3, 2, 2, 3 ),
 ( 0.2352941176470590423, 0.2450980392156863474, 0.2549019607843136526, 0.2647058823529410132 ),
 .UNSPECIFIED. ) 
 CURVE ( )  GEOMETRIC_REPRESENTATION_ITEM ( )  RATIONAL_B_SPLINE_CURVE ( ( 0.9999999999999970024, 0.8660254037844417052, 1.000000000000000000, 0.8660254037844387076, 1.000000000000000000, 0.8660254037844409281, 0.9999999999999977796 ) ) 
 REPRESENTATION_ITEM ( '' )  );
#3207 = CARTESIAN_POINT ( 'NONE',  ( -40.11198468061044053, 13.25324547717797685, -31.35250111263870920 ) ) ;
#3208 = CARTESIAN_POINT ( 'NONE',  ( -40.11198468061044053, 13.25324547717797685, -29.29000111263870920 ) ) ;
#3209 = CARTESIAN_POINT ( 'NONE',  ( -39.22666821186044217, 15.80893398493208757, -24.72750111263870920 ) ) ;
#3210 = CARTESIAN_POINT ( 'NONE',  ( -42.49730114936043179, 13.92063317804599976, -27.25875111332150169 ) ) ;
#3211 = CARTESIAN_POINT ( 'NONE',  ( -42.49730114936043890, 13.92063317804601041, -29.13375111195590605 ) ) ;
#3212 = ORIENTED_EDGE ( 'NONE', *, *, #2184, .F. ) ;
#3214 = EDGE_CURVE ( 'NONE', #1944, #2171, #3001, .T. ) ;
#3213 = CARTESIAN_POINT ( 'NONE',  ( -39.49730114936044600, 13.92063317804600331, -31.46708444528924886 ) ) ;
#3215 = PRODUCT ( '均衡板支撑柱', '均衡板支撑柱', '', ( #562 ) ) ;
#3216 = CARTESIAN_POINT ( 'NONE',  ( -42.76793408686044273, 15.80893398493208757, -25.99833444597204490 ) ) ;
#3217 = ORIENTED_EDGE ( 'NONE', *, *, #470, .F. ) ;
#3218 = CARTESIAN_POINT ( 'NONE',  ( -41.74730114936043890, 13.48762047615378279, -25.09208444528924531 ) ) ;
#3219 = CARTESIAN_POINT ( 'NONE',  ( -41.74730114936043890, 13.48762047615378279, -31.71708444665484450 ) ) ;
#3220 = CARTESIAN_POINT ( 'NONE',  ( -40.11198468061044053, 16.32007168648291184, -28.18583444597204490 ) ) ;
#3221 = CARTESIAN_POINT ( 'NONE',  ( -42.49730114936043890, 14.78665858183044257, -24.80041777998817665 ) ) ;
#3222 = ORIENTED_EDGE ( 'NONE', *, *, #629, .F. ) ;
#3223 = CARTESIAN_POINT ( 'NONE',  ( -39.49730114936043890, 15.65268398561488361, -31.50875111332150524 ) ) ;
#3224 = DIRECTION ( 'NONE',  ( -0.000000000000000000, -0.000000000000000000, -1.000000000000000000 ) ) ;
#3225 = LINE ( 'NONE', #1929, #517 ) ;
#3226 = VECTOR ( 'NONE', #2685, 1000.000000000000000 ) ;
#3227 = CARTESIAN_POINT ( 'NONE',  ( -42.76793408686044273, 14.78665858183044257, -30.51916777930537705 ) ) ;
#3228 = CARTESIAN_POINT ( 'NONE',  ( -40.11198468061044053, 16.32007168648291184, -29.12333444597204490 ) ) ;
#3229 = CARTESIAN_POINT ( 'NONE',  ( -39.22666821186044217, 15.80893398493208757, -29.22750111263871275 ) ) ;
#3230 = CARTESIAN_POINT ( 'NONE',  ( -41.88261761811044437, 13.25324547717797685, -24.87333444597204490 ) ) ;
#3231 = CARTESIAN_POINT ( 'NONE',  ( -42.38934059714647162, 15.39409002525770020, -32.20041777998817167 ) ) ;
#3232 = ADVANCED_FACE ( 'NONE', ( #2739 ), #2262, .T. ) ;
#3233 =( BOUNDED_CURVE ( )  B_SPLINE_CURVE ( 2, ( #430, #2196, #1181, #152, #178, #3223, #1464 ),
 .UNSPECIFIED., .F., .T. ) 
 B_SPLINE_CURVE_WITH_KNOTS ( ( 3, 2, 2, 3 ),
 ( 0.8823529411764705621, 0.8921568627450980893, 0.9019607843137255054, 0.9117647058823529216 ),
 .UNSPECIFIED. ) 
 CURVE ( )  GEOMETRIC_REPRESENTATION_ITEM ( )  RATIONAL_B_SPLINE_CURVE ( ( 1.000000000000000000, 0.8660254037844387076, 1.000000000000000000, 0.8660254037844387076, 1.000000000000000000, 0.8660254037844387076, 1.000000000000000000 ) ) 
 REPRESENTATION_ITEM ( '' )  );
#3234 = EDGE_LOOP ( 'NONE', ( #3278, #941, #177, #2324 ) ) ;
#3235 = CARTESIAN_POINT ( 'NONE',  ( -42.49730114936043890, 13.92063317804600331, -32.25875111332150880 ) ) ;
#3236 = CARTESIAN_POINT ( 'NONE',  ( -42.76793408686044273, 15.80893398493208757, -27.06083444597204135 ) ) ;
#3237 = VERTEX_POINT ( 'NONE', #1465 ) ;
#3238 = CARTESIAN_POINT ( 'NONE',  ( -41.74730114936043890, 16.08569668750710235, -27.25875111195591316 ) ) ;
#3239 = CARTESIAN_POINT ( 'NONE',  ( -40.24730114936043890, 16.08569668750710235, -24.46708444665484095 ) ) ;
#3240 = CARTESIAN_POINT ( 'NONE',  ( -40.99730114936043890, 16.83120938803373079, -31.14416777930537705 ) ) ;
#3241 = CARTESIAN_POINT ( 'NONE',  ( -39.22666821186043506, 13.76438317872879935, -28.24833444597204490 ) ) ;
#3242 = CARTESIAN_POINT ( 'NONE',  ( -42.76793408686044273, 15.80893398493208757, -27.56083444597204135 ) ) ;
#3243 = CARTESIAN_POINT ( 'NONE',  ( -40.99730114936081549, 14.78665858182955972, -32.80041777998817309 ) ) ;
#3244 = CARTESIAN_POINT ( 'NONE',  ( -40.99730114936043890, 14.78665858183044257, -24.80041777998817665 ) ) ;
#3245 = AXIS2_PLACEMENT_3D ( 'NONE', #2451, #445, #2197 ) ;
#3246 = CARTESIAN_POINT ( 'NONE',  ( -40.24730114936043890, 13.48762047615378279, -31.50875111195590961 ) ) ;
#3247 = CARTESIAN_POINT ( 'NONE',  ( -42.49730114936043890, 14.78665858183044257, -24.80041777998817665 ) ) ;
#3248 = CARTESIAN_POINT ( 'NONE',  ( -40.11198468061044053, 16.32007168648291184, -25.62333444597204490 ) ) ;
#3249 = CARTESIAN_POINT ( 'NONE',  ( -40.99730114936044600, 12.74210777562715435, -27.39416777930537705 ) ) ;
#3250 = EDGE_CURVE ( 'NONE', #1959, #1802, #189, .T. ) ;
#3251 = CARTESIAN_POINT ( 'NONE',  ( -39.49730114936043890, 14.78665858183044257, -30.55041777998817309 ) ) ;
#3252 = ORIENTED_EDGE ( 'NONE', *, *, #1713, .T. ) ;
#3253 = DIRECTION ( 'NONE',  ( -0.000000000000000000, -0.000000000000000000, -1.000000000000000000 ) ) ;
#3254 = CARTESIAN_POINT ( 'NONE',  ( -42.49730114936043890, 14.78665858183044257, -26.30041777998817309 ) ) ;
#3255 = CARTESIAN_POINT ( 'NONE',  ( -40.11198468061044053, 13.25324547717797685, -29.35250111263870920 ) ) ;
#3256 = CARTESIAN_POINT ( 'NONE',  ( -41.88261761811044437, 16.32007168648290829, -30.04000111263871275 ) ) ;
#3257 = CARTESIAN_POINT ( 'NONE',  ( -40.11198468061044053, 13.25324547717797685, -27.85250111263871275 ) ) ;
#3258 = CARTESIAN_POINT ( 'NONE',  ( -42.49730114936043890, 15.65268398561488361, -31.71708444528925241 ) ) ;
#3259 =( BOUNDED_CURVE ( )  B_SPLINE_CURVE ( 2, ( #2789, #1012, #1217, #1534, #967, #1777, #1503 ),
 .UNSPECIFIED., .F., .T. ) 
 B_SPLINE_CURVE_WITH_KNOTS ( ( 3, 2, 2, 3 ),
 ( 0.7058823529411762943, 0.7156862745098037104, 0.7254901960784311266, 0.7352941176470586537 ),
 .UNSPECIFIED. ) 
 CURVE ( )  GEOMETRIC_REPRESENTATION_ITEM ( )  RATIONAL_B_SPLINE_CURVE ( ( 1.000000000000003109, 0.8660254037844357100, 1.000000000000000000, 0.8660254037844387076, 1.000000000000000000, 0.8660254037844417052, 0.9999999999999970024 ) ) 
 REPRESENTATION_ITEM ( '' )  );
#3260 = CARTESIAN_POINT ( 'NONE',  ( -42.49730114936043890, 14.78665858183044257, -25.67541777862258101 ) ) ;
#3261 = CARTESIAN_POINT ( 'NONE',  ( -40.99730114936044600, 16.83120938803373079, -26.08166777930537705 ) ) ;
#3262 = CARTESIAN_POINT ( 'NONE',  ( -39.22666821186044217, 13.76438317872879935, -28.81083444597204490 ) ) ;
#3263 = CARTESIAN_POINT ( 'NONE',  ( -41.74730114936043890, 16.08569668750710235, -26.25875111195591316 ) ) ;
#3264 = VERTEX_POINT ( 'NONE', #3280 ) ;
#3265 = CARTESIAN_POINT ( 'NONE',  ( -39.49730114936043890, 14.78665858183044257, -29.92541777862257746 ) ) ;
#3266 = CARTESIAN_POINT ( 'NONE',  ( -40.99730114936043890, 14.78665858183044257, -24.80041777998817665 ) ) ;
#3267 = CARTESIAN_POINT ( 'NONE',  ( -42.49730114936043890, 14.78665858183044257, -26.30041777998817309 ) ) ;
#3268 = CARTESIAN_POINT ( 'NONE',  ( -39.22666821186043506, 13.76438317872879935, -27.74833444597204846 ) ) ;
#3269 = CARTESIAN_POINT ( 'NONE',  ( -40.99730114936044600, 12.74210777562715435, -27.39416777930537705 ) ) ;
#3270 = FACE_OUTER_BOUND ( 'NONE', #1938, .T. ) ;
#3271 = ORIENTED_EDGE ( 'NONE', *, *, #2816, .T. ) ;
#3272 = CARTESIAN_POINT ( 'NONE',  ( -40.11198468061044053, 16.32007168648291184, -25.68583444597204490 ) ) ;
#3273 = VECTOR ( 'NONE', #2402, 1000.000000000000000 ) ;
#3274 = CARTESIAN_POINT ( 'NONE',  ( -42.76793408686044273, 15.80893398493208757, -30.99833444597204846 ) ) ;
#3275 = CARTESIAN_POINT ( 'NONE',  ( -41.88261761811044437, 13.25324547717797685, -27.87333444597204490 ) ) ;
#3276 = CARTESIAN_POINT ( 'NONE',  ( -39.22666821186044217, 15.80893398493208757, -27.72750111263871275 ) ) ;
#3277 = CARTESIAN_POINT ( 'NONE',  ( -40.99730114936043890, 13.05460777426156582, -30.67541777998817309 ) ) ;
#3278 = ORIENTED_EDGE ( 'NONE', *, *, #220, .F. ) ;
#3279 = CARTESIAN_POINT ( 'NONE',  ( -39.49730114936043890, 14.78665858183044257, -31.05041777998817665 ) ) ;
#3280 = CARTESIAN_POINT ( 'NONE',  ( -42.49730114936043890, 14.78665858183044257, -28.80041777998817665 ) ) ;
#3281 = CARTESIAN_POINT ( 'NONE',  ( -40.99730114936044600, 13.05460777426156582, -27.17541777998817309 ) ) ;
#3282 = CARTESIAN_POINT ( 'NONE',  ( -42.76793408686044273, 14.78665858183044257, -31.51916777930537705 ) ) ;
#3283 = CARTESIAN_POINT ( 'NONE',  ( -39.22666821186043506, 13.76438317872879935, -31.74833444597204846 ) ) ;
#3284 = CARTESIAN_POINT ( 'NONE',  ( -40.11198468061044053, 13.25324547717797685, -27.35250111263871275 ) ) ;
#3285 = DIRECTION ( 'NONE',  ( -1.000000000000000000, 0.000000000000000000, 0.000000000000000000 ) ) ;
#3286 = CARTESIAN_POINT ( 'NONE',  ( -41.44730114936036358, 13.35574977970500044, -32.20041777998817167 ) ) ;
#3287 = EDGE_CURVE ( 'NONE', #688, #1109, #1412, .T. ) ;
#3288 = CARTESIAN_POINT ( 'NONE',  ( -41.88261761811044437, 13.25324547717797685, -26.37333444597204490 ) ) ;
#3289 = CARTESIAN_POINT ( 'NONE',  ( -40.24730114936043890, 13.48762047615378279, -27.00875111195591316 ) ) ;
#3290 = CARTESIAN_POINT ( 'NONE',  ( -41.88261761811044437, 16.32007168648290829, -31.54000111263870920 ) ) ;
#3291 = CARTESIAN_POINT ( 'NONE',  ( -39.22666821186044217, 15.80893398493208757, -27.16500111263871275 ) ) ;
#3292 = CARTESIAN_POINT ( 'NONE',  ( -41.88261761811044437, 13.25324547717797685, -29.93583444597204490 ) ) ;
#3293 = CARTESIAN_POINT ( 'NONE',  ( -40.24730114936043890, 13.48762047615378279, -28.13375111332150880 ) ) ;
#3294 = ORIENTED_EDGE ( 'NONE', *, *, #201, .F. ) ;
#3295 = CARTESIAN_POINT ( 'NONE',  ( -39.49730114936048153, 15.65268398561490315, -29.00875111332150524 ) ) ;
#3296 = DIRECTION ( 'NONE',  ( 1.000000000000000000, 0.000000000000000000, 0.000000000000000000 ) ) ;
#3297 = CARTESIAN_POINT ( 'NONE',  ( -39.49730114936043890, 14.78665858183044257, -27.05041777998817665 ) ) ;
#3298 = CARTESIAN_POINT ( 'NONE',  ( -42.76793408686044273, 15.80893398493208757, -31.56083444597204846 ) ) ;
#3299 = CARTESIAN_POINT ( 'NONE',  ( -40.11198468061044053, 13.25324547717797685, -30.79000111263871275 ) ) ;
#3300 = CARTESIAN_POINT ( 'NONE',  ( -40.99730114936044600, 16.83120938803373079, -31.14416777930537705 ) ) ;
#3301 = CARTESIAN_POINT ( 'NONE',  ( -42.49730114936043890, 14.78665858183044257, -26.67541777862258101 ) ) ;
#3302 = EDGE_CURVE ( 'NONE', #2982, #1835, #1940, .T. ) ;
#3303 = CARTESIAN_POINT ( 'NONE',  ( -40.99730114936043890, 16.83120938803373079, -26.08166777930537705 ) ) ;
#3304 =( BOUNDED_CURVE ( )  B_SPLINE_CURVE ( 2, ( #1688, #872, #150, #133, #921, #2736, #359 ),
 .UNSPECIFIED., .F., .T. ) 
 B_SPLINE_CURVE_WITH_KNOTS ( ( 3, 2, 2, 3 ),
 ( 0.5588235294117648300, 0.5686274509803922461, 0.5784313725490197733, 0.5882352941176471894 ),
 .UNSPECIFIED. ) 
 CURVE ( )  GEOMETRIC_REPRESENTATION_ITEM ( )  RATIONAL_B_SPLINE_CURVE ( ( 0.9999999999999984457, 0.8660254037844402619, 1.000000000000000000, 0.8660254037844387076, 1.000000000000000000, 0.8660254037844371533, 1.000000000000001554 ) ) 
 REPRESENTATION_ITEM ( '' )  );
#3305 = CARTESIAN_POINT ( 'NONE',  ( -40.99730114936044600, 16.51870938939932287, -26.30041777862257746 ) ) ;
#3306 = CARTESIAN_POINT ( 'NONE',  ( -40.99730114936044600, 12.74210777562715435, -31.83166777930537705 ) ) ;
#3307 = CARTESIAN_POINT ( 'NONE',  ( -40.11198468061044053, 13.25324547717797685, -26.79000111263871275 ) ) ;
#3308 = CARTESIAN_POINT ( 'NONE',  ( -41.88261761811044437, 16.32007168648290829, -30.60250111263871275 ) ) ;
#3309 = CARTESIAN_POINT ( 'NONE',  ( -42.49730114936043179, 13.92063317804599620, -30.75875111332150880 ) ) ;
#3310 = ORIENTED_EDGE ( 'NONE', *, *, #1018, .T. ) ;
#3311 = CARTESIAN_POINT ( 'NONE',  ( -40.99730114936043890, 16.51870938939932287, -26.42541777998817309 ) ) ;
#3312 = SURFACE_STYLE_FILL_AREA ( #1272 ) ;
#3313 = CARTESIAN_POINT ( 'NONE',  ( -40.99730114936044600, 13.05460777426156582, -28.17541777998817309 ) ) ;
#3314 = CARTESIAN_POINT ( 'NONE',  ( -39.22666821186043506, 13.76438317872879935, -30.74833444597204490 ) ) ;
#3315 = CARTESIAN_POINT ( 'NONE',  ( -40.11198468061044053, 16.32007168648291184, -30.68583444597204490 ) ) ;
#3316 = CARTESIAN_POINT ( 'NONE',  ( -39.45593494133807866, 13.88443528921442827, -24.80041777998818020 ) ) ;
#3317 = CARTESIAN_POINT ( 'NONE',  ( -40.99730114936043890, 12.74210777562715613, -25.39416777930537705 ) ) ;
#3318 = CARTESIAN_POINT ( 'NONE',  ( -39.22666821186044217, 13.76438317872879935, -32.24833444597204135 ) ) ;
#3319 = CARTESIAN_POINT ( 'NONE',  ( -40.24730114936043890, 16.08569668750710235, -28.34208444528924531 ) ) ;
#3320 = AXIS2_PLACEMENT_3D ( 'NONE', #3244, #2774, #3285 ) ;
#3321 = CARTESIAN_POINT ( 'NONE',  ( -39.22666821186044217, 13.76438317872879935, -30.74833444597204490 ) ) ;
#3322 = ADVANCED_FACE ( 'NONE', ( #1287 ), #2974, .T. ) ;
#3323 =( BOUNDED_CURVE ( )  B_SPLINE_CURVE ( 2, ( #3007, #143, #449, #2268, #661, #1230, #2730 ),
 .UNSPECIFIED., .F., .T. ) 
 B_SPLINE_CURVE_WITH_KNOTS ( ( 3, 2, 2, 3 ),
 ( 0.1470588235294118806, 0.1568627450980393245, 0.1666666666666667962, 0.1764705882352942679 ),
 .UNSPECIFIED. ) 
 CURVE ( )  GEOMETRIC_REPRESENTATION_ITEM ( )  RATIONAL_B_SPLINE_CURVE ( ( 0.9999999999999984457, 0.8660254037844402619, 1.000000000000000000, 0.8660254037844387076, 1.000000000000000000, 0.8660254037844368202, 1.000000000000001998 ) ) 
 REPRESENTATION_ITEM ( '' )  );
#3324 = CARTESIAN_POINT ( 'NONE',  ( -40.99730114936044600, 12.74210777562715435, -30.83166777930538061 ) ) ;
#3325 = CARTESIAN_POINT ( 'NONE',  ( -40.99730114936044600, 12.74210777562715435, -30.39416777930537705 ) ) ;
#3326 = CARTESIAN_POINT ( 'NONE',  ( -40.39394335727364194, 13.30107562526296405, -32.20041777998821431 ) ) ;
#3327 = VERTEX_POINT ( 'NONE', #494 ) ;
#3328 = ADVANCED_FACE ( 'NONE', ( #2068 ), #213, .T. ) ;
#3329 = CARTESIAN_POINT ( 'NONE',  ( -40.99730114936090786, 14.78665858183045323, -41.90041777998817452 ) ) ;
#3330 = CARTESIAN_POINT ( 'NONE',  ( -39.49730114936043890, 14.78665858183044257, -27.55041777998817665 ) ) ;
#3331 = DIRECTION ( 'NONE',  ( 0.000000000000000000, 0.000000000000000000, 1.000000000000000000 ) ) ;
#3332 = CARTESIAN_POINT ( 'NONE',  ( -39.22666821186043506, 15.80893398493208757, -31.66500111263870920 ) ) ;
#3333 = CARTESIAN_POINT ( 'NONE',  ( -39.22666821186043506, 14.78665858183044257, -31.76916777930537705 ) ) ;
#3334 = CARTESIAN_POINT ( 'NONE',  ( -42.49730114936043890, 14.78665858183044257, -27.17541777862258101 ) ) ;
#3335 = CARTESIAN_POINT ( 'NONE',  ( -39.22666821186043506, 13.76438317872879935, -25.81083444597204135 ) ) ;
#3336 = CARTESIAN_POINT ( 'NONE',  ( -40.99730114936043890, 14.78665858183044257, -24.80041777998817665 ) ) ;
#3337 = CARTESIAN_POINT ( 'NONE',  ( -39.49730114936043890, 14.78665858183044257, -26.92541777862258101 ) ) ;
#3338 = CARTESIAN_POINT ( 'NONE',  ( -40.11198468061044053, 16.32007168648291184, -30.12333444597204490 ) ) ;
#3339 = CARTESIAN_POINT ( 'NONE',  ( -39.22666821186044217, 15.80893398493208757, -28.66500111263871275 ) ) ;
#3340 = CARTESIAN_POINT ( 'NONE',  ( -39.22666821186044217, 13.76438317872879935, -31.31083444597204490 ) ) ;
#3341 = CARTESIAN_POINT ( 'NONE',  ( -39.49730114936043179, 13.92063317804600509, -27.46708444528924531 ) ) ;
#3342 = EDGE_LOOP ( 'NONE', ( #1493, #1289, #443, #3202 ) ) ;
#3343 =( NAMED_UNIT ( * ) SI_UNIT ( $, .STERADIAN. ) SOLID_ANGLE_UNIT ( ) );
#3344 = CARTESIAN_POINT ( 'NONE',  ( -42.49730114936043890, 15.65268398561488361, -28.84208444665484095 ) ) ;
#3345 = EDGE_CURVE ( 'NONE', #2577, #292, #1004, .T. ) ;
#3346 = ORIENTED_EDGE ( 'NONE', *, *, #1225, .T. ) ;
#3347 = CARTESIAN_POINT ( 'NONE',  ( -41.88261761811044437, 13.25324547717797685, -31.37333444597204846 ) ) ;
#3348 = CARTESIAN_POINT ( 'NONE',  ( -42.76793408686044273, 15.80893398493208757, -30.56083444597204490 ) ) ;
#3349 = CARTESIAN_POINT ( 'NONE',  ( -40.99730114936043890, 16.51870938939932287, -29.42541777998817309 ) ) ;
#3350 = CARTESIAN_POINT ( 'NONE',  ( -42.49730114936042469, 15.65268398561489605, -25.84208444665484805 ) ) ;
#3351 = CARTESIAN_POINT ( 'NONE',  ( -42.76793408686044273, 14.78665858183044257, -27.01916777930537705 ) ) ;
ENDSEC;
END-ISO-10303-21;
