ISO-10303-21;
HEADER;
FILE_DESCRIPTION (( 'STEP AP214' ),
    '1' );
FILE_NAME ('µç³Ø¼Üµ××ù.STEP',
    '2026-05-27T10:39:16',
    ( 'luo010121@outlook.com' ),
    ( '' ),
    'SwSTEP 2.0',
    'SolidWorks 2021',
    '' );
FILE_SCHEMA (( 'AUTOMOTIVE_DESIGN' ));
ENDSEC;

DATA;
#1 = DIRECTION ( 'NONE',  ( 1.000000000000000000, 0.000000000000000000, 0.000000000000000000 ) ) ;
#2 = ORIENTED_EDGE ( 'NONE', *, *, #1364, .F. ) ;
#3 = EDGE_CURVE ( 'NONE', #117, #2099, #322, .T. ) ;
#4 = DIRECTION ( 'NONE',  ( 7.359808400080367992E-14, 0.7071067811865352493, 0.7071067811865597852 ) ) ;
#5 = FACE_OUTER_BOUND ( 'NONE', #863, .T. ) ;
#6 = EDGE_CURVE ( 'NONE', #209, #449, #2231, .T. ) ;
#7 = CARTESIAN_POINT ( 'NONE',  ( 23.04999962000000480, 1.040834085586084257E-14, 1.800000000000001155 ) ) ;
#8 = LINE ( 'NONE', #2145, #1385 ) ;
#9 = VERTEX_POINT ( 'NONE', #2466 ) ;
#10 = CARTESIAN_POINT ( 'NONE',  ( 0.000000000000000000, 0.000000000000000000, 1.800000000000001155 ) ) ;
#11 = CARTESIAN_POINT ( 'NONE',  ( -3.434579439252335220, 20.71723109094130777, 0.5000000000000000000 ) ) ;
#12 = ORIENTED_EDGE ( 'NONE', *, *, #540, .F. ) ;
#13 = CARTESIAN_POINT ( 'NONE',  ( 3.467289719626165834, 20.91453805371217101, 2.000000000000000000 ) ) ;
#14 = LINE ( 'NONE', #2355, #638 ) ;
#15 = CARTESIAN_POINT ( 'NONE',  ( 23.04999962000000480, 1.040834085586084257E-14, -1.150000000000003686 ) ) ;
#16 = ADVANCED_FACE ( 'NONE', ( #2079 ), #1882, .T. ) ;
#17 = ORIENTED_EDGE ( 'NONE', *, *, #1306, .T. ) ;
#18 = CARTESIAN_POINT ( 'NONE',  ( -1.229757593241230005E-14, 3.099999999999767386, 0.5000000000000000000 ) ) ;
#19 = AXIS2_PLACEMENT_3D ( 'NONE', #1590, #290, #2083 ) ;
#20 = CIRCLE ( 'NONE', #1769, 3.299999999999994049 ) ;
#21 = CYLINDRICAL_SURFACE ( 'NONE', #1673, 12.50000000000000000 ) ;
#22 = AXIS2_PLACEMENT_3D ( 'NONE', #116, #2438, #1098 ) ;
#23 = ORIENTED_EDGE ( 'NONE', *, *, #1946, .T. ) ;
#24 = AXIS2_PLACEMENT_3D ( 'NONE', #1325, #583, #189 ) ;
#25 = ORIENTED_EDGE ( 'NONE', *, *, #1306, .F. ) ;
#26 = CYLINDRICAL_SURFACE ( 'NONE', #1454, 3.099999999999998757 ) ;
#27 = DIRECTION ( 'NONE',  ( -0.000000000000000000, -0.000000000000000000, 1.000000000000000000 ) ) ;
#28 = CARTESIAN_POINT ( 'NONE',  ( 1.520000000000000018, 23.04999962000000480, -3.001000000000000334 ) ) ;
#29 = ORIENTED_EDGE ( 'NONE', *, *, #1828, .F. ) ;
#30 = ADVANCED_FACE ( 'NONE', ( #296, #732 ), #1498, .T. ) ;
#31 = AXIS2_PLACEMENT_3D ( 'NONE', #1686, #1299, #2458 ) ;
#32 = CARTESIAN_POINT ( 'NONE',  ( -3.099999999999287326, -23.04999961999994795, 0.4793749999999850075 ) ) ;
#33 = AXIS2_PLACEMENT_3D ( 'NONE', #1877, #1298, #2433 ) ;
#34 = EDGE_CURVE ( 'NONE', #260, #65, #1895, .T. ) ;
#35 = EDGE_LOOP ( 'NONE', ( #1621, #310, #97, #1723 ) ) ;
#36 = APPLICATION_CONTEXT ( 'automotive_design' ) ;
#37 = CARTESIAN_POINT ( 'NONE',  ( 0.000000000000000000, 0.000000000000000000, -1.500000000000000000 ) ) ;
#38 = ORIENTED_EDGE ( 'NONE', *, *, #1671, .T. ) ;
#39 = VERTEX_POINT ( 'NONE', #1555 ) ;
#40 = LINE ( 'NONE', #1796, #324 ) ;
#41 = LINE ( 'NONE', #791, #220 ) ;
#42 = ADVANCED_FACE ( 'NONE', ( #2495 ), #338, .F. ) ;
#43 = DIRECTION ( 'NONE',  ( -6.942179961846172299E-15, 1.000000000000000000, 0.000000000000000000 ) ) ;
#44 = LINE ( 'NONE', #2410, #1390 ) ;
#45 = ORIENTED_EDGE ( 'NONE', *, *, #2444, .T. ) ;
#46 = FACE_OUTER_BOUND ( 'NONE', #376, .T. ) ;
#47 = ORIENTED_EDGE ( 'NONE', *, *, #1903, .F. ) ;
#48 = AXIS2_PLACEMENT_3D ( 'NONE', #2437, #1469, #1437 ) ;
#49 = EDGE_CURVE ( 'NONE', #1865, #778, #623, .T. ) ;
#50 = CARTESIAN_POINT ( 'NONE',  ( -12.50000000000000000, 0.000000000000000000, -1.500000000000000000 ) ) ;
#51 = ORIENTED_EDGE ( 'NONE', *, *, #1653, .T. ) ;
#52 = ORIENTED_EDGE ( 'NONE', *, *, #1977, .F. ) ;
#53 = CARTESIAN_POINT ( 'NONE',  ( 3.467289719626856392, -20.91453805371205377, 2.000000000000000000 ) ) ;
#54 = CARTESIAN_POINT ( 'NONE',  ( -21.11184501648310174, 3.299999999999675637, 2.000000000000000000 ) ) ;
#55 = CARTESIAN_POINT ( 'NONE',  ( 3.120000000000011653, 23.04999962000000480, 0.5000000000000000000 ) ) ;
#56 = ORIENTED_EDGE ( 'NONE', *, *, #1901, .T. ) ;
#57 = CARTESIAN_POINT ( 'NONE',  ( -3.099999999999998757, 23.04999962000000480, 1.800000000000001155 ) ) ;
#58 = AXIS2_PLACEMENT_3D ( 'NONE', #490, #447, #1258 ) ;
#59 = ORIENTED_EDGE ( 'NONE', *, *, #1524, .F. ) ;
#60 = CIRCLE ( 'NONE', #342, 0.4000000000000001887 ) ;
#61 = ORIENTED_EDGE ( 'NONE', *, *, #526, .T. ) ;
#62 = VECTOR ( 'NONE', #2034, 1000.000000000000000 ) ;
#63 = DIRECTION ( 'NONE',  ( 0.000000000000000000, 0.000000000000000000, -1.000000000000000000 ) ) ;
#64 = ORIENTED_EDGE ( 'NONE', *, *, #1194, .T. ) ;
#65 = VERTEX_POINT ( 'NONE', #763 ) ;
#66 = ADVANCED_FACE ( 'NONE', ( #2124 ), #2087, .F. ) ;
#67 = CARTESIAN_POINT ( 'NONE',  ( -23.04999962000000480, 1.040834085586084257E-14, -1.150000000000011235 ) ) ;
#68 = AXIS2_PLACEMENT_3D ( 'NONE', #989, #1759, #2357 ) ;
#69 = CARTESIAN_POINT ( 'NONE',  ( 0.000000000000000000, 0.000000000000000000, -3.000000000000000000 ) ) ;
#70 = CIRCLE ( 'NONE', #274, 1.520000000000000462 ) ;
#71 = EDGE_CURVE ( 'NONE', #1819, #39, #2351, .T. ) ;
#72 = DIRECTION ( 'NONE',  ( -0.000000000000000000, -0.000000000000000000, 1.000000000000000000 ) ) ;
#73 = ORIENTED_EDGE ( 'NONE', *, *, #2028, .T. ) ;
#74 = CARTESIAN_POINT ( 'NONE',  ( 0.000000000000000000, 0.000000000000000000, -3.000000000000000000 ) ) ;
#75 = ORIENTED_EDGE ( 'NONE', *, *, #2062, .T. ) ;
#76 = ORIENTED_EDGE ( 'NONE', *, *, #1892, .F. ) ;
#77 = CIRCLE ( 'NONE', #2147, 11.50000000000000000 ) ;
#78 = ORIENTED_EDGE ( 'NONE', *, *, #1688, .T. ) ;
#79 = PRODUCT_DEFINITION_FORMATION_WITH_SPECIFIED_SOURCE ( 'ÈÎºÎ', '', #1074, .NOT_KNOWN. ) ;
#80 = AXIS2_PLACEMENT_3D ( 'NONE', #194, #1342, #1115 ) ;
#81 = CARTESIAN_POINT ( 'NONE',  ( 0.000000000000000000, 0.000000000000000000, 2.000000000000000000 ) ) ;
#82 = ORIENTED_EDGE ( 'NONE', *, *, #829, .T. ) ;
#83 = ORIENTED_EDGE ( 'NONE', *, *, #1006, .T. ) ;
#84 = DIRECTION ( 'NONE',  ( -0.000000000000000000, -0.000000000000000000, -1.000000000000000000 ) ) ;
#85 = DIRECTION ( 'NONE',  ( 0.7071067811865597852, 0.000000000000000000, 0.7071067811865352493 ) ) ;
#86 = EDGE_CURVE ( 'NONE', #1212, #659, #494, .T. ) ;
#87 = CARTESIAN_POINT ( 'NONE',  ( 21.11184501648296319, 3.100000000000530775, 9.118876719727639468 ) ) ;
#88 = AXIS2_PLACEMENT_3D ( 'NONE', #1947, #787, #614 ) ;
#89 = ORIENTED_EDGE ( 'NONE', *, *, #2266, .F. ) ;
#90 = ADVANCED_FACE ( 'NONE', ( #752 ), #2153, .F. ) ;
#91 = CARTESIAN_POINT ( 'NONE',  ( -12.50000000000000000, 0.000000000000000000, -3.000000000000000000 ) ) ;
#92 = EDGE_LOOP ( 'NONE', ( #2039, #870 ) ) ;
#93 = ORIENTED_EDGE ( 'NONE', *, *, #458, .T. ) ;
#94 = CARTESIAN_POINT ( 'NONE',  ( -3.434579439252335220, 20.71723109094130777, 0.5000000000000000000 ) ) ;
#95 = ORIENTED_EDGE ( 'NONE', *, *, #153, .T. ) ;
#96 = VECTOR ( 'NONE', #1097, 1000.000000000000000 ) ;
#97 = ORIENTED_EDGE ( 'NONE', *, *, #613, .F. ) ;
#98 = CARTESIAN_POINT ( 'NONE',  ( -3.499999999999998668, 21.11184501648304845, 2.000000000000000000 ) ) ;
#99 = CARTESIAN_POINT ( 'NONE',  ( 22.69729577822424460, -3.099999999999448974, 0.5000000000000000000 ) ) ;
#100 = DIRECTION ( 'NONE',  ( 1.000000000000000000, 3.966959978197813418E-15, 0.000000000000000000 ) ) ;
#101 = CARTESIAN_POINT ( 'NONE',  ( -23.04999961999969926, 3.099999999999675904, 1.800000000000001155 ) ) ;
#102 = ORIENTED_EDGE ( 'NONE', *, *, #303, .F. ) ;
#103 = CARTESIAN_POINT ( 'NONE',  ( -3.099999999999998757, 22.81446697911632526, 0.4863403227260486572 ) ) ;
#104 = EDGE_CURVE ( 'NONE', #1627, #2096, #1929, .T. ) ;
#105 = ORIENTED_EDGE ( 'NONE', *, *, #1958, .F. ) ;
#106 = ORIENTED_EDGE ( 'NONE', *, *, #742, .T. ) ;
#107 = EDGE_CURVE ( 'NONE', #659, #1164, #186, .T. ) ;
#108 = CYLINDRICAL_SURFACE ( 'NONE', #1818, 29.50000000000000355 ) ;
#109 = ORIENTED_EDGE ( 'NONE', *, *, #1177, .T. ) ;
#110 = ORIENTED_EDGE ( 'NONE', *, *, #862, .T. ) ;
#111 = CIRCLE ( 'NONE', #1029, 21.00000000000000000 ) ;
#112 = SURFACE_SIDE_STYLE ('',( #2030 ) ) ;
#113 = DIRECTION ( 'NONE',  ( 1.000000000000000000, 0.000000000000000000, 0.000000000000000000 ) ) ;
#114 = DIRECTION ( 'NONE',  ( 0.000000000000000000, 0.000000000000000000, 1.000000000000000000 ) ) ;
#115 = DIRECTION ( 'NONE',  ( 1.000000000000000000, 0.000000000000000000, 0.000000000000000000 ) ) ;
#116 = CARTESIAN_POINT ( 'NONE',  ( -3.099999999999447198, -2.152075788171929577E-14, 9.118876719727639468 ) ) ;
#117 = VERTEX_POINT ( 'NONE', #1303 ) ;
#118 = ADVANCED_FACE ( 'NONE', ( #774 ), #1738, .T. ) ;
#119 = ORIENTED_EDGE ( 'NONE', *, *, #1775, .F. ) ;
#120 = PLANE ( 'NONE',  #2465 ) ;
#121 = EDGE_CURVE ( 'NONE', #203, #476, #2278, .T. ) ;
#122 = ORIENTED_EDGE ( 'NONE', *, *, #1537, .T. ) ;
#123 = VECTOR ( 'NONE', #1178, 1000.000000000000000 ) ;
#124 = CONICAL_SURFACE ( 'NONE', #1535, 3.100000000000001865, 0.7853981633974309595 ) ;
#125 = CARTESIAN_POINT ( 'NONE',  ( -1.520000000000000906, -23.04999961999998348, -3.001000000000000334 ) ) ;
#126 = CARTESIAN_POINT ( 'NONE',  ( -26.14999962000000622, 1.078798136359652216E-14, 0.4793750000000008282 ) ) ;
#127 = CARTESIAN_POINT ( 'NONE',  ( 26.14999962000000266, 1.040834085586084257E-14, 0.4793749999999941114 ) ) ;
#128 = DIRECTION ( 'NONE',  ( 0.000000000000000000, 0.000000000000000000, 1.000000000000000000 ) ) ;
#129 = EDGE_LOOP ( 'NONE', ( #73, #320, #2171, #1538 ) ) ;
#130 = ORIENTED_EDGE ( 'NONE', *, *, #250, .F. ) ;
#131 = DIRECTION ( 'NONE',  ( 0.000000000000000000, 0.000000000000000000, 1.000000000000000000 ) ) ;
#132 = EDGE_CURVE ( 'NONE', #1107, #1414, #2113, .T. ) ;
#133 = CARTESIAN_POINT ( 'NONE',  ( 0.000000000000000000, 0.000000000000000000, 1.800000000000001155 ) ) ;
#134 = DIRECTION ( 'NONE',  ( 1.000000000000000000, 0.000000000000000000, 0.000000000000000000 ) ) ;
#135 = DIRECTION ( 'NONE',  ( 0.000000000000000000, 0.000000000000000000, -1.000000000000000000 ) ) ;
#136 = LINE ( 'NONE', #1494, #687 ) ;
#137 = ORIENTED_EDGE ( 'NONE', *, *, #456, .F. ) ;
#138 = DIRECTION ( 'NONE',  ( 7.713926828518288160E-15, -0.7071067811865597852, 0.7071067811865352493 ) ) ;
#139 = CARTESIAN_POINT ( 'NONE',  ( 0.000000000000000000, 0.000000000000000000, -1.500000000000001332 ) ) ;
#140 = LINE ( 'NONE', #2272, #400 ) ;
#141 = EDGE_CURVE ( 'NONE', #1692, #718, #1227, .T. ) ;
#142 = CARTESIAN_POINT ( 'NONE',  ( -3.434579439252335220, 20.71723109094130777, 1.800000000000001155 ) ) ;
#143 = AXIS2_PLACEMENT_3D ( 'NONE', #558, #1140, #1963 ) ;
#144 = LINE ( 'NONE', #1734, #1048 ) ;
#145 = EDGE_CURVE ( 'NONE', #160, #1558, #390, .T. ) ;
#146 = AXIS2_PLACEMENT_3D ( 'NONE', #1470, #934, #547 ) ;
#147 = DIRECTION ( 'NONE',  ( 1.000000000000000000, 0.000000000000000000, 0.000000000000000000 ) ) ;
#148 = EDGE_LOOP ( 'NONE', ( #712, #461, #2196, #102, #421, #1678 ) ) ;
#149 = AXIS2_PLACEMENT_3D ( 'NONE', #354, #2245, #1500 ) ;
#150 = DIRECTION ( 'NONE',  ( 1.000000000000000000, 0.000000000000000000, 0.000000000000000000 ) ) ;
#151 = CARTESIAN_POINT ( 'NONE',  ( 23.04999962000021085, 3.100000000000552092, 0.4793750000005539968 ) ) ;
#152 = LINE ( 'NONE', #2314, #195 ) ;
#153 = EDGE_CURVE ( 'NONE', #959, #2358, #1475, .T. ) ;
#154 = VECTOR ( 'NONE', #508, 1000.000000000000000 ) ;
#155 = CARTESIAN_POINT ( 'NONE',  ( 21.11184501648313372, -3.499999999999466649, 1.800000000000001155 ) ) ;
#156 = AXIS2_PLACEMENT_3D ( 'NONE', #335, #2129, #557 ) ;
#157 = ADVANCED_FACE ( 'NONE', ( #1703 ), #1311, .F. ) ;
#158 = CARTESIAN_POINT ( 'NONE',  ( 0.000000000000000000, 0.000000000000000000, 0.000000000000000000 ) ) ;
#159 = AXIS2_PLACEMENT_3D ( 'NONE', #1532, #1715, #1121 ) ;
#160 = VERTEX_POINT ( 'NONE', #2288 ) ;
#161 = ORIENTED_EDGE ( 'NONE', *, *, #1466, .F. ) ;
#162 = CARTESIAN_POINT ( 'NONE',  ( -3.099999999999998757, 21.11184501648304845, 1.800000000000001155 ) ) ;
#163 = CARTESIAN_POINT ( 'NONE',  ( 23.04999962000000480, 1.040834085586084257E-14, -8.268124086713195098 ) ) ;
#164 = CARTESIAN_POINT ( 'NONE',  ( 3.100000000000696421, -21.11184501648293832, 0.5000000000000000000 ) ) ;
#165 = CARTESIAN_POINT ( 'NONE',  ( 0.000000000000000000, 0.000000000000000000, 1.800000000000001155 ) ) ;
#166 = CONICAL_SURFACE ( 'NONE', #48, 3.120000000000004547, 0.7700147616168533382 ) ;
#167 = CARTESIAN_POINT ( 'NONE',  ( -21.11184501648299516, -3.500000000000313527, 0.5000000000000000000 ) ) ;
#168 = DIRECTION ( 'NONE',  ( -0.000000000000000000, -0.000000000000000000, -1.000000000000000000 ) ) ;
#169 = VERTEX_POINT ( 'NONE', #549 ) ;
#170 = EDGE_CURVE ( 'NONE', #169, #507, #1346, .T. ) ;
#171 = EDGE_CURVE ( 'NONE', #2191, #2373, #1197, .T. ) ;
#172 = DIRECTION ( 'NONE',  ( -0.000000000000000000, -0.000000000000000000, 1.000000000000000000 ) ) ;
#173 = LINE ( 'NONE', #1931, #598 ) ;
#174 = CIRCLE ( 'NONE', #2447, 26.49999999999998934 ) ;
#175 = VECTOR ( 'NONE', #1969, 1000.000000000000000 ) ;
#176 =( NAMED_UNIT ( * ) SI_UNIT ( $, .STERADIAN. ) SOLID_ANGLE_UNIT ( ) );
#177 = LINE ( 'NONE', #950, #368 ) ;
#178 = ORIENTED_EDGE ( 'NONE', *, *, #2461, .F. ) ;
#179 = CARTESIAN_POINT ( 'NONE',  ( 0.000000000000000000, 0.000000000000000000, -1.500000000000000000 ) ) ;
#180 = DIRECTION ( 'NONE',  ( 1.000000000000000000, 6.942179961846214108E-15, 0.000000000000000000 ) ) ;
#181 = AXIS2_PLACEMENT_3D ( 'NONE', #167, #1735, #2158 ) ;
#182 = CYLINDRICAL_SURFACE ( 'NONE', #1283, 3.099999999999998757 ) ;
#183 = PRODUCT_DEFINITION_SHAPE ( 'NONE', 'NONE',  #1705 ) ;
#184 = CARTESIAN_POINT ( 'NONE',  ( 19.92999962000000025, 1.079043065719481730E-14, 0.5000000000000000000 ) ) ;
#185 = ORIENTED_EDGE ( 'NONE', *, *, #1684, .F. ) ;
#186 = LINE ( 'NONE', #1324, #287 ) ;
#187 = AXIS2_PLACEMENT_3D ( 'NONE', #2277, #749, #538 ) ;
#188 = EDGE_CURVE ( 'NONE', #1750, #1091, #610, .T. ) ;
#189 = DIRECTION ( 'NONE',  ( -1.000000000000000000, -1.090913994004405119E-14, 0.000000000000000000 ) ) ;
#190 = CIRCLE ( 'NONE', #1608, 0.4000000000000010214 ) ;
#191 = ADVANCED_FACE ( 'NONE', ( #980 ), #1172, .F. ) ;
#192 = CARTESIAN_POINT ( 'NONE',  ( -22.81446697911823307, -3.100000000000320277, 0.4863403227262934059 ) ) ;
#193 = CARTESIAN_POINT ( 'NONE',  ( -23.04999961999969926, 3.099999999999675904, 1.800000000000001155 ) ) ;
#194 = CARTESIAN_POINT ( 'NONE',  ( -21.11184501648310174, 3.499999999999683808, 0.5000000000000000000 ) ) ;
#195 = VECTOR ( 'NONE', #931, 1000.000000000000000 ) ;
#196 = DIRECTION ( 'NONE',  ( -0.000000000000000000, -0.000000000000000000, 1.000000000000000000 ) ) ;
#197 = CONICAL_SURFACE ( 'NONE', #360, 0.2000000000000083378, 0.7853981633974305154 ) ;
#198 = CARTESIAN_POINT ( 'NONE',  ( 0.000000000000000000, 0.000000000000000000, 1.800000000000001155 ) ) ;
#199 = ORIENTED_EDGE ( 'NONE', *, *, #1513, .T. ) ;
#200 = DIRECTION ( 'NONE',  ( 1.000000000000000000, 3.966959978197836295E-15, 0.000000000000000000 ) ) ;
#201 = CIRCLE ( 'NONE', #1626, 0.4000000000000010214 ) ;
#202 = CARTESIAN_POINT ( 'NONE',  ( 22.69729577823371969, 3.100000000000548095, 0.5000000000000000000 ) ) ;
#203 = VERTEX_POINT ( 'NONE', #992 ) ;
#204 = EDGE_CURVE ( 'NONE', #824, #1629, #624, .T. ) ;
#205 = DIRECTION ( 'NONE',  ( 1.000000000000000000, 0.000000000000000000, 0.000000000000000000 ) ) ;
#206 = DIRECTION ( 'NONE',  ( 1.000000000000000000, 0.000000000000000000, 0.000000000000000000 ) ) ;
#207 = DIRECTION ( 'NONE',  ( 0.000000000000000000, 0.000000000000000000, -1.000000000000000000 ) ) ;
#208 = SURFACE_SIDE_STYLE ('',( #1736 ) ) ;
#209 = VERTEX_POINT ( 'NONE', #32 ) ;
#210 = FACE_OUTER_BOUND ( 'NONE', #1596, .T. ) ;
#211 = DIRECTION ( 'NONE',  ( -0.000000000000000000, -0.000000000000000000, -1.000000000000000000 ) ) ;
#212 = EDGE_LOOP ( 'NONE', ( #628, #1831, #2077, #89 ) ) ;
#213 = ORIENTED_EDGE ( 'NONE', *, *, #2434, .T. ) ;
#214 = CARTESIAN_POINT ( 'NONE',  ( 3.100000000000709743, -23.04999961999990887, 9.118876719727639468 ) ) ;
#215 = FACE_OUTER_BOUND ( 'NONE', #2042, .T. ) ;
#216 = EDGE_CURVE ( 'NONE', #469, #1874, #20, .T. ) ;
#217 = CARTESIAN_POINT ( 'NONE',  ( -3.467289719626166278, 20.91453805371217456, 2.000000000000000000 ) ) ;
#218 = EDGE_CURVE ( 'NONE', #1120, #2240, #1894, .T. ) ;
#219 = ORIENTED_EDGE ( 'NONE', *, *, #924, .F. ) ;
#220 = VECTOR ( 'NONE', #1190, 1000.000000000000000 ) ;
#221 = DIRECTION ( 'NONE',  ( -1.000000000000000000, -3.966959978197813418E-15, 0.000000000000000000 ) ) ;
#222 = CIRCLE ( 'NONE', #143, 3.299999999999990496 ) ;
#223 = EDGE_LOOP ( 'NONE', ( #1201, #2343 ) ) ;
#224 = DIRECTION ( 'NONE',  ( 1.000000000000000000, 0.000000000000000000, 0.000000000000000000 ) ) ;
#225 = ORIENTED_EDGE ( 'NONE', *, *, #2366, .T. ) ;
#226 = VERTEX_POINT ( 'NONE', #2359 ) ;
#227 = CARTESIAN_POINT ( 'NONE',  ( 1.520000000000000906, -23.04999961999998348, -3.000000000000000000 ) ) ;
#228 = FACE_OUTER_BOUND ( 'NONE', #560, .T. ) ;
#229 = DIRECTION ( 'NONE',  ( -0.000000000000000000, -0.000000000000000000, -1.000000000000000000 ) ) ;
#230 = CYLINDRICAL_SURFACE ( 'NONE', #621, 27.50000000000000000 ) ;
#231 = VERTEX_POINT ( 'NONE', #1389 ) ;
#232 = AXIS2_PLACEMENT_3D ( 'NONE', #1707, #953, #2128 ) ;
#233 = DIRECTION ( 'NONE',  ( -0.000000000000000000, -0.000000000000000000, 1.000000000000000000 ) ) ;
#234 = ADVANCED_FACE ( 'NONE', ( #2172 ), #347, .F. ) ;
#235 = LINE ( 'NONE', #901, #1679 ) ;
#236 = ORIENTED_EDGE ( 'NONE', *, *, #1073, .T. ) ;
#237 = CYLINDRICAL_SURFACE ( 'NONE', #903, 1.519999999999990026 ) ;
#238 = ORIENTED_EDGE ( 'NONE', *, *, #2474, .F. ) ;
#239 = VERTEX_POINT ( 'NONE', #2148 ) ;
#240 = DIRECTION ( 'NONE',  ( 1.000000000000000000, 0.000000000000000000, 0.000000000000000000 ) ) ;
#241 = DIRECTION ( 'NONE',  ( 1.000000000000000000, 1.776356839400250465E-15, 0.000000000000000000 ) ) ;
#242 = LINE ( 'NONE', #1014, #882 ) ;
#243 = EDGE_LOOP ( 'NONE', ( #279, #453, #56, #1421 ) ) ;
#244 = FACE_OUTER_BOUND ( 'NONE', #625, .T. ) ;
#245 = EDGE_LOOP ( 'NONE', ( #2200, #2184, #185, #1215 ) ) ;
#246 = ADVANCED_FACE ( 'NONE', ( #210 ), #768, .F. ) ;
#247 = ORIENTED_EDGE ( 'NONE', *, *, #1094, .T. ) ;
#248 = CIRCLE ( 'NONE', #1269, 1.520000000000000018 ) ;
#249 = DIRECTION ( 'NONE',  ( -0.000000000000000000, -0.000000000000000000, 1.000000000000000000 ) ) ;
#250 = EDGE_CURVE ( 'NONE', #1594, #2049, #800, .T. ) ;
#251 = ORIENTED_EDGE ( 'NONE', *, *, #321, .T. ) ;
#252 = ORIENTED_EDGE ( 'NONE', *, *, #1995, .T. ) ;
#253 = CARTESIAN_POINT ( 'NONE',  ( 3.300000000000686828, -21.11184501648293832, 2.000000000000000000 ) ) ;
#254 = DIRECTION ( 'NONE',  ( 0.000000000000000000, 0.000000000000000000, -1.000000000000000000 ) ) ;
#255 = AXIS2_PLACEMENT_3D ( 'NONE', #786, #1108, #150 ) ;
#256 = CARTESIAN_POINT ( 'NONE',  ( 3.100000000000707967, -22.81446697912044996, 0.4863403227265329365 ) ) ;
#257 = EDGE_LOOP ( 'NONE', ( #59, #561, #1034, #1928 ) ) ;
#258 = DIRECTION ( 'NONE',  ( -1.000000000000000000, 0.000000000000000000, 0.000000000000000000 ) ) ;
#259 = AXIS2_PLACEMENT_3D ( 'NONE', #81, #1985, #826 ) ;
#260 = VERTEX_POINT ( 'NONE', #1778 ) ;
#261 = VERTEX_POINT ( 'NONE', #575 ) ;
#262 = CIRCLE ( 'NONE', #2175, 1.520000000000000906 ) ;
#263 = VERTEX_POINT ( 'NONE', #1186 ) ;
#264 = EDGE_CURVE ( 'NONE', #2358, #1164, #2363, .T. ) ;
#265 = CIRCLE ( 'NONE', #19, 3.099999999999998757 ) ;
#266 = CARTESIAN_POINT ( 'NONE',  ( -23.04999961999966374, -3.300000000000312905, 2.000000000000000000 ) ) ;
#267 = ORIENTED_EDGE ( 'NONE', *, *, #2165, .F. ) ;
#268 = ORIENTED_EDGE ( 'NONE', *, *, #2290, .F. ) ;
#269 = ADVANCED_FACE ( 'NONE', ( #1137 ), #2162, .F. ) ;
#270 = DIRECTION ( 'NONE',  ( -0.6961458360737502460, 8.525327698874761063E-17, 0.7179003934510547191 ) ) ;
#271 = VECTOR ( 'NONE', #808, 1000.000000000000000 ) ;
#272 = B_SPLINE_CURVE_WITH_KNOTS ( 'NONE', 3,
 ( #1046, #103, #877, #1832 ),
 .UNSPECIFIED., .F., .F.,
 ( 4, 4 ),
 ( 0.000000000000000000, 0.0003533063693525515902 ),
 .UNSPECIFIED. ) ;
#273 = DIRECTION ( 'NONE',  ( -0.000000000000000000, -0.000000000000000000, -1.000000000000000000 ) ) ;
#274 = AXIS2_PLACEMENT_3D ( 'NONE', #1136, #948, #573 ) ;
#275 = CARTESIAN_POINT ( 'NONE',  ( -23.04999961999966374, -3.300000000000312905, 2.000000000000000000 ) ) ;
#276 = ORIENTED_EDGE ( 'NONE', *, *, #862, .F. ) ;
#277 = DIRECTION ( 'NONE',  ( 0.000000000000000000, 0.000000000000000000, 1.000000000000000000 ) ) ;
#278 = VERTEX_POINT ( 'NONE', #11 ) ;
#279 = ORIENTED_EDGE ( 'NONE', *, *, #2262, .T. ) ;
#280 = AXIS2_PLACEMENT_3D ( 'NONE', #133, #2418, #1465 ) ;
#281 = AXIS2_PLACEMENT_3D ( 'NONE', #2436, #691, #823 ) ;
#282 = DIRECTION ( 'NONE',  ( -0.000000000000000000, -0.000000000000000000, 1.000000000000000000 ) ) ;
#283 = VERTEX_POINT ( 'NONE', #202 ) ;
#284 = EDGE_LOOP ( 'NONE', ( #1067, #1187, #850, #1243 ) ) ;
#285 = EDGE_LOOP ( 'NONE', ( #1702, #1459, #2053, #885, #2013, #1609 ) ) ;
#286 = DIRECTION ( 'NONE',  ( 1.000000000000000000, -1.084202172485501673E-15, 0.000000000000000000 ) ) ;
#287 = VECTOR ( 'NONE', #200, 1000.000000000000000 ) ;
#288 = DIRECTION ( 'NONE',  ( -0.000000000000000000, -0.000000000000000000, -1.000000000000000000 ) ) ;
#289 = EDGE_CURVE ( 'NONE', #2412, #2416, #2312, .T. ) ;
#290 = DIRECTION ( 'NONE',  ( 0.000000000000000000, 0.000000000000000000, 1.000000000000000000 ) ) ;
#291 = DIRECTION ( 'NONE',  ( -0.000000000000000000, -0.000000000000000000, 1.000000000000000000 ) ) ;
#292 = ORIENTED_EDGE ( 'NONE', *, *, #742, .F. ) ;
#293 = FACE_OUTER_BOUND ( 'NONE', #1184, .T. ) ;
#294 = EDGE_CURVE ( 'NONE', #1604, #1432, #1338, .T. ) ;
#295 = ORIENTED_EDGE ( 'NONE', *, *, #2149, .T. ) ;
#296 = FACE_OUTER_BOUND ( 'NONE', #669, .T. ) ;
#297 = FACE_OUTER_BOUND ( 'NONE', #1802, .T. ) ;
#298 = ORIENTED_EDGE ( 'NONE', *, *, #1466, .T. ) ;
#299 = AXIS2_PLACEMENT_3D ( 'NONE', #2037, #1801, #2384 ) ;
#300 = ORIENTED_EDGE ( 'NONE', *, *, #1112, .F. ) ;
#301 = DIRECTION ( 'NONE',  ( 0.000000000000000000, 1.000000000000000000, 0.000000000000000000 ) ) ;
#302 = CARTESIAN_POINT ( 'NONE',  ( 3.100000000000696421, -21.11184501648293832, 9.118876719727639468 ) ) ;
#303 = EDGE_CURVE ( 'NONE', #1370, #2056, #1086, .T. ) ;
#304 = DIRECTION ( 'NONE',  ( 1.000000000000000000, 0.000000000000000000, 0.000000000000000000 ) ) ;
#305 = DIRECTION ( 'NONE',  ( 1.000000000000000000, 0.000000000000000000, 0.000000000000000000 ) ) ;
#306 = AXIS2_PLACEMENT_3D ( 'NONE', #485, #1993, #1387 ) ;
#307 = EDGE_CURVE ( 'NONE', #507, #2188, #201, .T. ) ;
#308 = CARTESIAN_POINT ( 'NONE',  ( -23.04999962000000480, 1.040834085586084257E-14, 0.5000000000000000000 ) ) ;
#309 = VERTEX_POINT ( 'NONE', #369 ) ;
#310 = ORIENTED_EDGE ( 'NONE', *, *, #473, .T. ) ;
#311 = DIRECTION ( 'NONE',  ( 1.000000000000000000, 1.090913994004405119E-14, -0.000000000000000000 ) ) ;
#312 = VERTEX_POINT ( 'NONE', #995 ) ;
#313 = AXIS2_PLACEMENT_3D ( 'NONE', #804, #780, #831 ) ;
#314 = DIRECTION ( 'NONE',  ( 0.7071067811865352493, 0.000000000000000000, 0.7071067811865597852 ) ) ;
#315 = CIRCLE ( 'NONE', #68, 0.2000000000000096423 ) ;
#316 = DIRECTION ( 'NONE',  ( -0.000000000000000000, -0.000000000000000000, -1.000000000000000000 ) ) ;
#317 = LINE ( 'NONE', #1084, #1871 ) ;
#318 = DIRECTION ( 'NONE',  ( 0.000000000000000000, 0.000000000000000000, 1.000000000000000000 ) ) ;
#319 = CARTESIAN_POINT ( 'NONE',  ( 27.50000000000000000, 0.000000000000000000, -3.000000000000000000 ) ) ;
#320 = ORIENTED_EDGE ( 'NONE', *, *, #938, .F. ) ;
#321 = EDGE_CURVE ( 'NONE', #2358, #469, #381, .T. ) ;
#322 = LINE ( 'NONE', #1484, #1270 ) ;
#323 = CYLINDRICAL_SURFACE ( 'NONE', #1154, 3.099999999999998757 ) ;
#324 = VECTOR ( 'NONE', #270, 1000.000000000000114 ) ;
#325 = DIRECTION ( 'NONE',  ( -0.1156483053342468870, 0.6975854567530043182, 0.7071067811865610064 ) ) ;
#326 = PLANE ( 'NONE',  #2472 ) ;
#327 = CARTESIAN_POINT ( 'NONE',  ( 21.11184501648313372, -3.499999999999466649, 2.000000000000000000 ) ) ;
#328 = DIRECTION ( 'NONE',  ( 0.000000000000000000, 0.000000000000000000, 1.000000000000000000 ) ) ;
#329 = ORIENTED_EDGE ( 'NONE', *, *, #2067, .F. ) ;
#330 = CARTESIAN_POINT ( 'NONE',  ( -3.099999999999999645, -22.93202964458520299, 0.4793749999999878941 ) ) ;
#331 = ADVANCED_FACE ( 'NONE', ( #1557 ), #2323, .F. ) ;
#332 = DIRECTION ( 'NONE',  ( -0.000000000000000000, -0.000000000000000000, -1.000000000000000000 ) ) ;
#333 = DIRECTION ( 'NONE',  ( 1.000000000000000000, 0.000000000000000000, 0.000000000000000000 ) ) ;
#334 = LINE ( 'NONE', #1490, #2018 ) ;
#335 = CARTESIAN_POINT ( 'NONE',  ( -23.04999962000000480, 1.040834085586084257E-14, 0.5000000000000000000 ) ) ;
#336 = CYLINDRICAL_SURFACE ( 'NONE', #187, 1.520000000000000462 ) ;
#337 = ORIENTED_EDGE ( 'NONE', *, *, #1775, .T. ) ;
#338 = CYLINDRICAL_SURFACE ( 'NONE', #2047, 1.520000000000000906 ) ;
#339 = DIRECTION ( 'NONE',  ( 1.000000000000000000, 0.000000000000000000, 0.000000000000000000 ) ) ;
#340 = EDGE_CURVE ( 'NONE', #718, #1692, #739, .T. ) ;
#341 = APPLICATION_PROTOCOL_DEFINITION ( 'draft international standard', 'automotive_design', 1998, #36 ) ;
#342 = AXIS2_PLACEMENT_3D ( 'NONE', #1182, #207, #1748 ) ;
#343 = ADVANCED_FACE ( 'NONE', ( #1752 ), #2349, .F. ) ;
#344 = DIRECTION ( 'NONE',  ( -1.000000000000000000, -1.090913994004399439E-14, 0.000000000000000000 ) ) ;
#345 = VECTOR ( 'NONE', #1453, 1000.000000000000000 ) ;
#346 = DIRECTION ( 'NONE',  ( 0.000000000000000000, 0.000000000000000000, -1.000000000000000000 ) ) ;
#347 = CONICAL_SURFACE ( 'NONE', #1741, 3.120000000000004547, 0.7700147616168533382 ) ;
#348 = VECTOR ( 'NONE', #2463, 1000.000000000000000 ) ;
#349 = DIRECTION ( 'NONE',  ( 1.000000000000000000, -1.776356839400250465E-15, 0.000000000000000000 ) ) ;
#350 = ORIENTED_EDGE ( 'NONE', *, *, #2033, .T. ) ;
#351 = VECTOR ( 'NONE', #2301, 1000.000000000000000 ) ;
#352 = ORIENTED_EDGE ( 'NONE', *, *, #2461, .T. ) ;
#353 = CARTESIAN_POINT ( 'NONE',  ( 3.099999999999998757, 23.04999962000000480, 0.4793749999999867839 ) ) ;
#354 = CARTESIAN_POINT ( 'NONE',  ( 0.000000000000000000, 0.000000000000000000, 1.800000000000011591 ) ) ;
#355 = CIRCLE ( 'NONE', #2189, 1.519999999999990026 ) ;
#356 = DIRECTION ( 'NONE',  ( 0.000000000000000000, 0.000000000000000000, 1.000000000000000000 ) ) ;
#357 = CIRCLE ( 'NONE', #280, 21.00000000000000000 ) ;
#358 = LINE ( 'NONE', #2492, #1207 ) ;
#359 = EDGE_CURVE ( 'NONE', #231, #2036, #858, .T. ) ;
#360 = AXIS2_PLACEMENT_3D ( 'NONE', #2252, #135, #2060 ) ;
#361 = CARTESIAN_POINT ( 'NONE',  ( 29.50000000000000355, 3.612708057484692393E-15, 0.000000000000000000 ) ) ;
#362 = ADVANCED_FACE ( 'NONE', ( #1366 ), #21, .F. ) ;
#363 = DIRECTION ( 'NONE',  ( -1.000000000000000000, 0.000000000000000000, 0.000000000000000000 ) ) ;
#364 = EDGE_LOOP ( 'NONE', ( #833, #417, #1463, #809 ) ) ;
#365 = ORIENTED_EDGE ( 'NONE', *, *, #1262, .T. ) ;
#366 = CARTESIAN_POINT ( 'NONE',  ( 3.099999999999998757, 22.69729577822891997, 0.5000000000000000000 ) ) ;
#367 = CARTESIAN_POINT ( 'NONE',  ( 20.71723109094122250, 3.434579439252858357, 1.800000000000001155 ) ) ;
#368 = VECTOR ( 'NONE', #1729, 1000.000000000000000 ) ;
#369 = CARTESIAN_POINT ( 'NONE',  ( -3.467289719625474831, -20.91453805371228469, 2.000000000000000000 ) ) ;
#370 = DIRECTION ( 'NONE',  ( -0.000000000000000000, -0.000000000000000000, 1.000000000000000000 ) ) ;
#371 = CARTESIAN_POINT ( 'NONE',  ( -29.50000000000000355, 0.000000000000000000, 0.000000000000000000 ) ) ;
#372 = AXIS2_PLACEMENT_3D ( 'NONE', #403, #1591, #258 ) ;
#373 = EDGE_CURVE ( 'NONE', #39, #2279, #1997, .T. ) ;
#374 = DIRECTION ( 'NONE',  ( 1.000000000000000000, 0.000000000000000000, 0.000000000000000000 ) ) ;
#375 = DIRECTION ( 'NONE',  ( -0.6975854567530174188, 0.1156483053342388656, 0.7071067811865493491 ) ) ;
#376 = EDGE_LOOP ( 'NONE', ( #1473, #789, #741, #471 ) ) ;
#377 = DIRECTION ( 'NONE',  ( 0.000000000000000000, 0.000000000000000000, 1.000000000000000000 ) ) ;
#378 = EDGE_CURVE ( 'NONE', #239, #462, #177, .T. ) ;
#379 = DIRECTION ( 'NONE',  ( 6.942179961846213320E-15, -1.000000000000000000, 0.000000000000000000 ) ) ;
#380 = VECTOR ( 'NONE', #221, 1000.000000000000000 ) ;
#381 = LINE ( 'NONE', #1174, #537 ) ;
#382 = CIRCLE ( 'NONE', #1685, 3.120000000000001439 ) ;
#383 = VERTEX_POINT ( 'NONE', #2500 ) ;
#384 = DIRECTION ( 'NONE',  ( -1.000000000000000000, 0.000000000000000000, 0.000000000000000000 ) ) ;
#385 = DIRECTION ( 'NONE',  ( 1.000000000000000000, -3.252606517456505019E-15, 0.000000000000000000 ) ) ;
#386 = CONICAL_SURFACE ( 'NONE', #313, 0.2000000000000091982, 0.7853981633974284060 ) ;
#387 = CARTESIAN_POINT ( 'NONE',  ( 0.000000000000000000, 0.000000000000000000, 2.000000000000000000 ) ) ;
#388 = DIRECTION ( 'NONE',  ( 1.000000000000000000, 0.000000000000000000, -0.000000000000000000 ) ) ;
#389 = ORIENTED_EDGE ( 'NONE', *, *, #726, .F. ) ;
#390 = LINE ( 'NONE', #927, #1142 ) ;
#391 = CONICAL_SURFACE ( 'NONE', #1402, 3.099999999999998757, 0.7853981633974309595 ) ;
#392 = CARTESIAN_POINT ( 'NONE',  ( 23.04999962000000480, 1.040834085586084257E-14, -1.150000000000003686 ) ) ;
#393 = AXIS2_PLACEMENT_3D ( 'NONE', #392, #2125, #1727 ) ;
#394 = ADVANCED_FACE ( 'NONE', ( #1536 ), #237, .F. ) ;
#395 = DIRECTION ( 'NONE',  ( 3.966959978197836295E-15, -1.000000000000000000, 0.000000000000000000 ) ) ;
#396 = ORIENTED_EDGE ( 'NONE', *, *, #1364, .T. ) ;
#397 = LINE ( 'NONE', #555, #1777 ) ;
#398 = DIRECTION ( 'NONE',  ( -0.000000000000000000, -0.000000000000000000, -1.000000000000000000 ) ) ;
#399 = CIRCLE ( 'NONE', #653, 12.50000000000000000 ) ;
#400 = VECTOR ( 'NONE', #2234, 1000.000000000000000 ) ;
#401 = FACE_OUTER_BOUND ( 'NONE', #501, .T. ) ;
#402 = AXIS2_PLACEMENT_3D ( 'NONE', #1250, #114, #1070 ) ;
#403 = CARTESIAN_POINT ( 'NONE',  ( 3.499999999999998668, 21.11184501648304845, 2.000000000000000000 ) ) ;
#404 = EDGE_LOOP ( 'NONE', ( #973, #2014, #434, #609, #1905, #587, #440, #1076, #1839, #1822, #352, #1518, #2000, #906, #1624, #1059, #83, #1670, #1066, #1823, #93, #199, #1582, #2244, #1574, #675 ) ) ;
#405 = CARTESIAN_POINT ( 'NONE',  ( 0.000000000000000000, -23.04999961999998348, 0.5000000000000000000 ) ) ;
#406 = AXIS2_PLACEMENT_3D ( 'NONE', #1917, #2135, #1908 ) ;
#407 = EDGE_CURVE ( 'NONE', #278, #169, #1037, .T. ) ;
#408 = CIRCLE ( 'NONE', #1804, 3.099999999999998757 ) ;
#409 = DIRECTION ( 'NONE',  ( 0.000000000000000000, 0.000000000000000000, -1.000000000000000000 ) ) ;
#410 = VERTEX_POINT ( 'NONE', #855 ) ;
#411 = ORIENTED_EDGE ( 'NONE', *, *, #894, .T. ) ;
#412 = EDGE_CURVE ( 'NONE', #65, #312, #1790, .T. ) ;
#413 = CARTESIAN_POINT ( 'NONE',  ( -21.11184501648299516, -3.300000000000304468, 2.000000000000000000 ) ) ;
#414 = CYLINDRICAL_SURFACE ( 'NONE', #879, 0.4000000000000010214 ) ;
#415 = LINE ( 'NONE', #771, #2263 ) ;
#416 = PRESENTATION_STYLE_ASSIGNMENT (( #1722 ) ) ;
#417 = ORIENTED_EDGE ( 'NONE', *, *, #1569, .T. ) ;
#418 = AXIS2_PLACEMENT_3D ( 'NONE', #1238, #2024, #1893 ) ;
#419 = DIRECTION ( 'NONE',  ( 0.000000000000000000, 0.000000000000000000, 1.000000000000000000 ) ) ;
#420 = DIRECTION ( 'NONE',  ( 0.000000000000000000, 0.000000000000000000, -1.000000000000000000 ) ) ;
#421 = ORIENTED_EDGE ( 'NONE', *, *, #1513, .F. ) ;
#422 = EDGE_LOOP ( 'NONE', ( #251, #816, #2401, #1062, #700, #45, #2452, #2494, #2164, #1312, #1381, #236, #2023, #1251, #2086, #2229, #720, #1221, #2330, #1214, #1652, #2257, #1970, #78, #95 ) ) ;
#423 = CARTESIAN_POINT ( 'NONE',  ( 11.50000000000000000, 1.408343819019456176E-15, 0.5000000000000004441 ) ) ;
#424 = DIRECTION ( 'NONE',  ( -1.000000000000000000, -3.966959978197813418E-15, 0.000000000000000000 ) ) ;
#425 = EDGE_CURVE ( 'NONE', #1851, #1119, #574, .T. ) ;
#426 = CARTESIAN_POINT ( 'NONE',  ( -3.499999999999998668, 21.11184501648304845, 0.5000000000000000000 ) ) ;
#427 = DIRECTION ( 'NONE',  ( 1.000000000000000000, 0.000000000000000000, 0.000000000000000000 ) ) ;
#428 = ORIENTED_EDGE ( 'NONE', *, *, #264, .T. ) ;
#429 = VECTOR ( 'NONE', #748, 1000.000000000000114 ) ;
#430 = DIRECTION ( 'NONE',  ( 1.000000000000000000, 0.000000000000000000, 0.000000000000000000 ) ) ;
#431 = CARTESIAN_POINT ( 'NONE',  ( -3.099999999999998757, 21.11184501648304845, 1.800000000000001155 ) ) ;
#432 = ORIENTED_EDGE ( 'NONE', *, *, #1006, .F. ) ;
#433 = DIRECTION ( 'NONE',  ( -0.000000000000000000, -0.000000000000000000, 1.000000000000000000 ) ) ;
#434 = ORIENTED_EDGE ( 'NONE', *, *, #665, .F. ) ;
#435 = ORIENTED_EDGE ( 'NONE', *, *, #1102, .F. ) ;
#436 = CARTESIAN_POINT ( 'NONE',  ( -21.52999962000001588, 1.040834085586084257E-14, -3.001000000000000334 ) ) ;
#437 = CARTESIAN_POINT ( 'NONE',  ( 21.52999962000000522, 1.059448716933124043E-14, -3.000000000000000000 ) ) ;
#438 = LINE ( 'NONE', #1620, #2219 ) ;
#439 = EDGE_CURVE ( 'NONE', #309, #1865, #1200, .T. ) ;
#440 = ORIENTED_EDGE ( 'NONE', *, *, #1020, .T. ) ;
#441 = CARTESIAN_POINT ( 'NONE',  ( 0.000000000000000000, 0.000000000000000000, -1.500000000000001332 ) ) ;
#442 = EDGE_LOOP ( 'NONE', ( #2501, #709, #731, #1222 ) ) ;
#443 = CIRCLE ( 'NONE', #1740, 1.519999999999990026 ) ;
#444 = EDGE_CURVE ( 'NONE', #997, #841, #408, .T. ) ;
#445 = AXIS2_PLACEMENT_3D ( 'NONE', #2408, #2239, #2221 ) ;
#446 = ORIENTED_EDGE ( 'NONE', *, *, #294, .T. ) ;
#447 = DIRECTION ( 'NONE',  ( 0.000000000000000000, 0.000000000000000000, 1.000000000000000000 ) ) ;
#448 = EDGE_LOOP ( 'NONE', ( #2208, #1441, #122, #1544 ) ) ;
#449 = VERTEX_POINT ( 'NONE', #1242 ) ;
#450 = DIRECTION ( 'NONE',  ( 0.000000000000000000, 0.000000000000000000, 1.000000000000000000 ) ) ;
#451 = FACE_OUTER_BOUND ( 'NONE', #2259, .T. ) ;
#452 = DIRECTION ( 'NONE',  ( -1.000000000000000000, 0.000000000000000000, 0.000000000000000000 ) ) ;
#453 = ORIENTED_EDGE ( 'NONE', *, *, #216, .F. ) ;
#454 = CARTESIAN_POINT ( 'NONE',  ( 23.04999962000026770, -3.099999999999445421, 1.800000000000001155 ) ) ;
#455 = VERTEX_POINT ( 'NONE', #50 ) ;
#456 = EDGE_CURVE ( 'NONE', #2110, #692, #1350, .T. ) ;
#457 = ORIENTED_EDGE ( 'NONE', *, *, #2199, .F. ) ;
#458 = EDGE_CURVE ( 'NONE', #1091, #848, #382, .T. ) ;
#459 = VERTEX_POINT ( 'NONE', #1447 ) ;
#460 = CARTESIAN_POINT ( 'NONE',  ( -24.56999961999999371, 1.059448716933123886E-14, -3.001000000000000334 ) ) ;
#461 = ORIENTED_EDGE ( 'NONE', *, *, #2327, .T. ) ;
#462 = VERTEX_POINT ( 'NONE', #2228 ) ;
#463 = LINE ( 'NONE', #53, #1699 ) ;
#464 = CARTESIAN_POINT ( 'NONE',  ( -3.299999999999990496, 0.000000000000000000, 2.000000000000000000 ) ) ;
#465 = EDGE_CURVE ( 'NONE', #2279, #778, #2375, .T. ) ;
#466 = DIRECTION ( 'NONE',  ( 0.000000000000000000, 0.000000000000000000, -1.000000000000000000 ) ) ;
#467 = EDGE_LOOP ( 'NONE', ( #639, #2364, #751, #47 ) ) ;
#468 = CARTESIAN_POINT ( 'NONE',  ( 0.000000000000000000, 0.000000000000000000, -3.000000000000000000 ) ) ;
#469 = VERTEX_POINT ( 'NONE', #266 ) ;
#470 = AXIS2_PLACEMENT_3D ( 'NONE', #999, #398, #618 ) ;
#471 = ORIENTED_EDGE ( 'NONE', *, *, #307, .F. ) ;
#472 = CIRCLE ( 'NONE', #1315, 0.2000000000000091982 ) ;
#473 = EDGE_CURVE ( 'NONE', #718, #1791, #1628, .T. ) ;
#474 = DIRECTION ( 'NONE',  ( 1.000000000000000000, 0.000000000000000000, 0.000000000000000000 ) ) ;
#475 = ORIENTED_EDGE ( 'NONE', *, *, #894, .F. ) ;
#476 = VERTEX_POINT ( 'NONE', #1051 ) ;
#477 = FILL_AREA_STYLE_COLOUR ( '', #489 ) ;
#478 = VECTOR ( 'NONE', #375, 1000.000000000000114 ) ;
#479 = ADVANCED_FACE ( 'NONE', ( #297 ), #2402, .T. ) ;
#480 = DIRECTION ( 'NONE',  ( 1.000000000000000000, 0.000000000000000000, 0.000000000000000000 ) ) ;
#481 = CIRCLE ( 'NONE', #149, 29.50000000000000355 ) ;
#482 = DIRECTION ( 'NONE',  ( 1.000000000000000000, 0.000000000000000000, 0.000000000000000000 ) ) ;
#483 = FACE_OUTER_BOUND ( 'NONE', #2298, .T. ) ;
#484 = VERTEX_POINT ( 'NONE', #2041 ) ;
#485 = CARTESIAN_POINT ( 'NONE',  ( 0.000000000000000000, 0.000000000000000000, 2.000000000000000000 ) ) ;
#486 = ORIENTED_EDGE ( 'NONE', *, *, #1280, .F. ) ;
#487 = AXIS2_PLACEMENT_3D ( 'NONE', #1899, #588, #1746 ) ;
#488 = ORIENTED_EDGE ( 'NONE', *, *, #781, .F. ) ;
#489 = COLOUR_RGB ( '',0.8980392156862745390, 0.9176470588235293713, 0.9294117647058823817 ) ;
#490 = CARTESIAN_POINT ( 'NONE',  ( 0.000000000000000000, 0.000000000000000000, 2.000000000000000000 ) ) ;
#491 = EDGE_LOOP ( 'NONE', ( #2247, #835, #1395, #1196 ) ) ;
#492 = ORIENTED_EDGE ( 'NONE', *, *, #1995, .F. ) ;
#493 = EDGE_CURVE ( 'NONE', #239, #914, #2455, .T. ) ;
#494 = CIRCLE ( 'NONE', #611, 3.100000000000001865 ) ;
#495 = DIRECTION ( 'NONE',  ( 1.000000000000000000, 0.000000000000000000, 0.000000000000000000 ) ) ;
#496 = ADVANCED_FACE ( 'NONE', ( #1837 ), #108, .T. ) ;
#497 = LINE ( 'NONE', #1878, #2468 ) ;
#498 = CARTESIAN_POINT ( 'NONE',  ( 0.000000000000000000, 0.000000000000000000, 0.5000000000000000000 ) ) ;
#499 = ORIENTED_EDGE ( 'NONE', *, *, #1524, .T. ) ;
#500 = PLANE ( 'NONE',  #513 ) ;
#501 = EDGE_LOOP ( 'NONE', ( #1657, #884, #1229, #1873 ) ) ;
#502 = EDGE_CURVE ( 'NONE', #9, #203, #883, .T. ) ;
#503 = ORIENTED_EDGE ( 'NONE', *, *, #2478, .F. ) ;
#504 = CYLINDRICAL_SURFACE ( 'NONE', #1241, 27.50000000000000000 ) ;
#505 = EDGE_LOOP ( 'NONE', ( #130, #106, #446, #1354 ) ) ;
#506 = VECTOR ( 'NONE', #2035, 1000.000000000000000 ) ;
#507 = VERTEX_POINT ( 'NONE', #1225 ) ;
#508 = DIRECTION ( 'NONE',  ( -0.6975854567530122008, 0.1156483053342277495, -0.7071067811865564545 ) ) ;
#509 = DIRECTION ( 'NONE',  ( 1.000000000000000000, 0.000000000000000000, 0.000000000000000000 ) ) ;
#510 = LINE ( 'NONE', #888, #895 ) ;
#511 = EDGE_CURVE ( 'NONE', #1610, #867, #1488, .T. ) ;
#512 = DIRECTION ( 'NONE',  ( 1.000000000000000000, 0.000000000000000000, 0.000000000000000000 ) ) ;
#513 = AXIS2_PLACEMENT_3D ( 'NONE', #1290, #318, #1266 ) ;
#514 = VECTOR ( 'NONE', #1377, 1000.000000000000000 ) ;
#515 = PLANE ( 'NONE',  #22 ) ;
#516 = ORIENTED_EDGE ( 'NONE', *, *, #289, .F. ) ;
#517 = EDGE_LOOP ( 'NONE', ( #1753, #1983, #2352, #878 ) ) ;
#518 = DIRECTION ( 'NONE',  ( -1.000000000000000000, 0.000000000000000000, 0.000000000000000000 ) ) ;
#519 = CIRCLE ( 'NONE', #1856, 21.19999999999999218 ) ;
#520 = CARTESIAN_POINT ( 'NONE',  ( -21.11184501648299516, -3.500000000000313527, 0.5000000000000000000 ) ) ;
#521 = PRESENTATION_LAYER_ASSIGNMENT (  '', '', ( #1358 ) ) ;
#522 = CARTESIAN_POINT ( 'NONE',  ( 22.69729577822424460, -3.099999999999448974, 0.5000000000000000000 ) ) ;
#523 = CARTESIAN_POINT ( 'NONE',  ( -3.299999999999990496, -23.04999961999994795, 2.000000000000000000 ) ) ;
#524 = AXIS2_PLACEMENT_3D ( 'NONE', #2467, #332, #1896 ) ;
#525 = LINE ( 'NONE', #1279, #2045 ) ;
#526 = EDGE_CURVE ( 'NONE', #1164, #2226, #689, .T. ) ;
#527 = DIRECTION ( 'NONE',  ( -0.000000000000000000, -0.000000000000000000, 1.000000000000000000 ) ) ;
#528 = ORIENTED_EDGE ( 'NONE', *, *, #86, .T. ) ;
#529 = CARTESIAN_POINT ( 'NONE',  ( -3.099999999999287326, -23.04999961999994795, 0.4793749999999850075 ) ) ;
#530 = ADVANCED_FACE ( 'NONE', ( #840 ), #2213, .F. ) ;
#531 = DIRECTION ( 'NONE',  ( 0.000000000000000000, 0.000000000000000000, 1.000000000000000000 ) ) ;
#532 = VECTOR ( 'NONE', #645, 1000.000000000000000 ) ;
#533 = CIRCLE ( 'NONE', #1047, 29.50000000000000355 ) ;
#534 = CARTESIAN_POINT ( 'NONE',  ( -21.11184501648310174, 3.099999999999683897, 2.000000000000000000 ) ) ;
#535 = DIRECTION ( 'NONE',  ( -0.000000000000000000, 0.000000000000000000, -1.000000000000000000 ) ) ;
#536 = LINE ( 'NONE', #758, #852 ) ;
#537 = VECTOR ( 'NONE', #1921, 1000.000000000000000 ) ;
#538 = DIRECTION ( 'NONE',  ( 1.000000000000000000, 0.000000000000000000, 0.000000000000000000 ) ) ;
#539 = ORIENTED_EDGE ( 'NONE', *, *, #2427, .F. ) ;
#540 = EDGE_CURVE ( 'NONE', #1629, #1202, #2065, .T. ) ;
#541 = DIRECTION ( 'NONE',  ( 1.000000000000000000, 0.000000000000000000, 0.000000000000000000 ) ) ;
#542 = DIRECTION ( 'NONE',  ( 1.000000000000000000, 0.000000000000000000, 0.000000000000000000 ) ) ;
#543 = EDGE_CURVE ( 'NONE', #2056, #1271, #956, .T. ) ;
#544 = CARTESIAN_POINT ( 'NONE',  ( 29.50000000000000355, 3.612708057484692393E-15, 1.800000000000011591 ) ) ;
#545 = DIRECTION ( 'NONE',  ( -1.000000000000000000, 0.000000000000000000, 0.000000000000000000 ) ) ;
#546 = UNCERTAINTY_MEASURE_WITH_UNIT (LENGTH_MEASURE( 1.000000000000000082E-05 ), #1525, 'distance_accuracy_value', 'NONE');
#547 = DIRECTION ( 'NONE',  ( 1.000000000000000000, 0.000000000000000000, 0.000000000000000000 ) ) ;
#548 = ORIENTED_EDGE ( 'NONE', *, *, #753, .T. ) ;
#549 = CARTESIAN_POINT ( 'NONE',  ( -3.434579439252335220, 20.71723109094130777, 1.800000000000001155 ) ) ;
#550 = ORIENTED_EDGE ( 'NONE', *, *, #2327, .F. ) ;
#551 = FACE_OUTER_BOUND ( 'NONE', #594, .T. ) ;
#552 = EDGE_CURVE ( 'NONE', #283, #2178, #1912, .T. ) ;
#553 = AXIS2_PLACEMENT_3D ( 'NONE', #1540, #1152, #241 ) ;
#554 = EDGE_CURVE ( 'NONE', #762, #2110, #2141, .T. ) ;
#555 = CARTESIAN_POINT ( 'NONE',  ( -20.71723109094125803, -3.434579439252644306, 0.5000000000000000000 ) ) ;
#556 = CIRCLE ( 'NONE', #1651, 1.520000000000000462 ) ;
#557 = DIRECTION ( 'NONE',  ( 1.000000000000000000, 0.000000000000000000, 0.000000000000000000 ) ) ;
#558 = CARTESIAN_POINT ( 'NONE',  ( 0.000000000000000000, -23.04999961999998348, 2.000000000000000000 ) ) ;
#559 = FACE_OUTER_BOUND ( 'NONE', #505, .T. ) ;
#560 = EDGE_LOOP ( 'NONE', ( #1658, #658, #1967, #1347 ) ) ;
#561 = ORIENTED_EDGE ( 'NONE', *, *, #2280, .T. ) ;
#562 = DIRECTION ( 'NONE',  ( 1.000000000000000000, 3.966959978197813418E-15, 0.000000000000000000 ) ) ;
#563 = CARTESIAN_POINT ( 'NONE',  ( 0.000000000000000000, 0.000000000000000000, -1.999999999999992228 ) ) ;
#564 = EDGE_CURVE ( 'NONE', #459, #718, #2088, .T. ) ;
#565 = CARTESIAN_POINT ( 'NONE',  ( 3.100000000000696421, -21.11184501648293832, 1.800000000000001155 ) ) ;
#566 = CARTESIAN_POINT ( 'NONE',  ( 3.434579439252335220, 20.71723109094130777, 0.5000000000000000000 ) ) ;
#567 = CIRCLE ( 'NONE', #1988, 3.099999999999998757 ) ;
#568 = ADVANCED_FACE ( 'NONE', ( #551 ), #1861, .T. ) ;
#569 = DIRECTION ( 'NONE',  ( 0.000000000000000000, 0.000000000000000000, 1.000000000000000000 ) ) ;
#570 = CARTESIAN_POINT ( 'NONE',  ( -19.92999962000000380, 1.040834085586084257E-14, 0.5000000000000000000 ) ) ;
#571 = ORIENTED_EDGE ( 'NONE', *, *, #1211, .F. ) ;
#572 = DIRECTION ( 'NONE',  ( 0.000000000000000000, 0.000000000000000000, 1.000000000000000000 ) ) ;
#573 = DIRECTION ( 'NONE',  ( 1.000000000000000000, 0.000000000000000000, 0.000000000000000000 ) ) ;
#574 = CIRCLE ( 'NONE', #1011, 12.50000000000000000 ) ;
#575 = CARTESIAN_POINT ( 'NONE',  ( 3.100000000000696421, -21.11184501648293832, 1.800000000000001155 ) ) ;
#576 = ORIENTED_EDGE ( 'NONE', *, *, #1976, .F. ) ;
#577 = CARTESIAN_POINT ( 'NONE',  ( 20.71723109094139659, -3.434579439251813415, 1.800000000000001155 ) ) ;
#578 = FACE_OUTER_BOUND ( 'NONE', #243, .T. ) ;
#579 = CYLINDRICAL_SURFACE ( 'NONE', #836, 21.00000000000000000 ) ;
#580 = EDGE_CURVE ( 'NONE', #857, #283, #1485, .T. ) ;
#581 = EDGE_LOOP ( 'NONE', ( #802, #677, #1099, #2154 ) ) ;
#582 = DIRECTION ( 'NONE',  ( -0.000000000000000000, -0.000000000000000000, 1.000000000000000000 ) ) ;
#583 = DIRECTION ( 'NONE',  ( -1.090913994004405119E-14, 1.000000000000000000, 0.000000000000000000 ) ) ;
#584 = VECTOR ( 'NONE', #1761, 1000.000000000000000 ) ;
#585 = CARTESIAN_POINT ( 'NONE',  ( 0.000000000000000000, 0.000000000000000000, 34.52691193458118590 ) ) ;
#586 = VECTOR ( 'NONE', #282, 1000.000000000000000 ) ;
#587 = ORIENTED_EDGE ( 'NONE', *, *, #726, .T. ) ;
#588 = DIRECTION ( 'NONE',  ( 0.000000000000000000, 0.000000000000000000, 1.000000000000000000 ) ) ;
#589 = B_SPLINE_CURVE_WITH_KNOTS ( 'NONE', 3,
 ( #859, #2179, #1960, #1989 ),
 .UNSPECIFIED., .F., .F.,
 ( 4, 4 ),
 ( 0.000000000000000000, 0.0003533063693550651503 ),
 .UNSPECIFIED. ) ;
#590 = CARTESIAN_POINT ( 'NONE',  ( 1.309096792805373833E-14, -3.300000000000221423, 2.000000000000000000 ) ) ;
#591 = AXIS2_PLACEMENT_3D ( 'NONE', #1632, #2406, #495 ) ;
#592 = CYLINDRICAL_SURFACE ( 'NONE', #181, 0.4000000000000010214 ) ;
#593 = DIRECTION ( 'NONE',  ( 0.000000000000000000, 0.000000000000000000, -1.000000000000000000 ) ) ;
#594 = EDGE_LOOP ( 'NONE', ( #488, #1024, #1150, #2426 ) ) ;
#595 = ADVANCED_FACE ( 'NONE', ( #1101 ), #2291, .T. ) ;
#596 = CARTESIAN_POINT ( 'NONE',  ( -11.50000000000000000, 0.000000000000000000, 34.52691193458118590 ) ) ;
#597 = CONICAL_SURFACE ( 'NONE', #1286, 3.120000000000001439, 0.7700147616168532272 ) ;
#598 = VECTOR ( 'NONE', #379, 1000.000000000000000 ) ;
#599 = EDGE_CURVE ( 'NONE', #2052, #462, #481, .T. ) ;
#600 = DIRECTION ( 'NONE',  ( 1.000000000000000000, 1.084202172485501673E-15, 0.000000000000000000 ) ) ;
#601 = VERTEX_POINT ( 'NONE', #2258 ) ;
#602 = ORIENTED_EDGE ( 'NONE', *, *, #2489, .T. ) ;
#603 = CARTESIAN_POINT ( 'NONE',  ( -11.50000000000000000, 0.000000000000000000, 0.5000000000000004441 ) ) ;
#604 = DIRECTION ( 'NONE',  ( 0.000000000000000000, 0.000000000000000000, -1.000000000000000000 ) ) ;
#605 = VECTOR ( 'NONE', #1810, 1000.000000000000000 ) ;
#606 = DIRECTION ( 'NONE',  ( -0.000000000000000000, -0.000000000000000000, -1.000000000000000000 ) ) ;
#607 = CIRCLE ( 'NONE', #1619, 0.4000000000000001887 ) ;
#608 = FACE_OUTER_BOUND ( 'NONE', #1088, .T. ) ;
#609 = ORIENTED_EDGE ( 'NONE', *, *, #1805, .T. ) ;
#610 = LINE ( 'NONE', #18, #380 ) ;
#611 = AXIS2_PLACEMENT_3D ( 'NONE', #2098, #572, #1335 ) ;
#612 = ADVANCED_FACE ( 'NONE', ( #1314 ), #504, .T. ) ;
#613 = EDGE_CURVE ( 'NONE', #1388, #1791, #1898, .T. ) ;
#614 = DIRECTION ( 'NONE',  ( 1.000000000000000000, 0.000000000000000000, 0.000000000000000000 ) ) ;
#615 = EDGE_LOOP ( 'NONE', ( #457, #528, #915, #1854, #1045 ) ) ;
#616 = ORIENTED_EDGE ( 'NONE', *, *, #1932, .F. ) ;
#617 = FACE_OUTER_BOUND ( 'NONE', #1820, .T. ) ;
#618 = DIRECTION ( 'NONE',  ( 1.000000000000000000, 0.000000000000000000, 0.000000000000000000 ) ) ;
#619 = DIRECTION ( 'NONE',  ( 0.000000000000000000, 0.000000000000000000, 1.000000000000000000 ) ) ;
#620 = DIRECTION ( 'NONE',  ( 0.6961458360737502460, 0.000000000000000000, 0.7179003934510547191 ) ) ;
#621 = AXIS2_PLACEMENT_3D ( 'NONE', #74, #2007, #1785 ) ;
#622 = EDGE_LOOP ( 'NONE', ( #25, #801, #411, #866 ) ) ;
#623 = CIRCLE ( 'NONE', #1257, 0.4000000000000001887 ) ;
#624 = LINE ( 'NONE', #1774, #584 ) ;
#625 = EDGE_LOOP ( 'NONE', ( #2020, #1391 ) ) ;
#626 = DIRECTION ( 'NONE',  ( -1.000000000000000000, 0.000000000000000000, 0.000000000000000000 ) ) ;
#627 = AXIS2_PLACEMENT_3D ( 'NONE', #2398, #664, #427 ) ;
#628 = ORIENTED_EDGE ( 'NONE', *, *, #1331, .F. ) ;
#629 = ORIENTED_EDGE ( 'NONE', *, *, #1399, .T. ) ;
#630 = ADVANCED_FACE ( 'NONE', ( #1080 ), #120, .T. ) ;
#631 = ADVANCED_FACE ( 'NONE', ( #1681 ), #323, .F. ) ;
#632 = CARTESIAN_POINT ( 'NONE',  ( -3.499999999999301004, -21.11184501648316214, 2.000000000000000000 ) ) ;
#633 = PLANE ( 'NONE',  #1109 ) ;
#634 = ADVANCED_FACE ( 'NONE', ( #1704 ), #2380, .F. ) ;
#635 = CARTESIAN_POINT ( 'NONE',  ( -20.71723109094125803, -3.434579439252644306, 0.5000000000000000000 ) ) ;
#636 = DIRECTION ( 'NONE',  ( -1.000000000000000000, 0.000000000000000000, 0.000000000000000000 ) ) ;
#637 = ORIENTED_EDGE ( 'NONE', *, *, #2028, .F. ) ;
#638 = VECTOR ( 'NONE', #1990, 1000.000000000000000 ) ;
#639 = ORIENTED_EDGE ( 'NONE', *, *, #407, .T. ) ;
#640 = CIRCLE ( 'NONE', #1444, 29.50000000000000355 ) ;
#641 = AXIS2_PLACEMENT_3D ( 'NONE', #710, #1669, #2080 ) ;
#642 = DIRECTION ( 'NONE',  ( -0.000000000000000000, -0.000000000000000000, -1.000000000000000000 ) ) ;
#643 = ORIENTED_EDGE ( 'NONE', *, *, #799, .T. ) ;
#644 = ORIENTED_EDGE ( 'NONE', *, *, #2262, .F. ) ;
#645 = DIRECTION ( 'NONE',  ( 0.000000000000000000, 0.000000000000000000, -1.000000000000000000 ) ) ;
#646 = DIRECTION ( 'NONE',  ( 0.000000000000000000, 0.000000000000000000, -1.000000000000000000 ) ) ;
#647 = EDGE_CURVE ( 'NONE', #1460, #1690, #1731, .T. ) ;
#648 = DIRECTION ( 'NONE',  ( 6.942179961846171510E-15, -1.000000000000000000, 0.000000000000000000 ) ) ;
#649 = ORIENTED_EDGE ( 'NONE', *, *, #2149, .F. ) ;
#650 = EDGE_CURVE ( 'NONE', #2373, #1394, #2225, .T. ) ;
#651 = LINE ( 'NONE', #1195, #711 ) ;
#652 = ORIENTED_EDGE ( 'NONE', *, *, #1758, .T. ) ;
#653 = AXIS2_PLACEMENT_3D ( 'NONE', #179, #356, #2339 ) ;
#654 = AXIS2_PLACEMENT_3D ( 'NONE', #405, #1568, #1163 ) ;
#655 = ORIENTED_EDGE ( 'NONE', *, *, #2413, .T. ) ;
#656 = ORIENTED_EDGE ( 'NONE', *, *, #1537, .F. ) ;
#657 = DIRECTION ( 'NONE',  ( 0.1156483053342231976, 0.6975854567530125339, -0.7071067811865568986 ) ) ;
#658 = ORIENTED_EDGE ( 'NONE', *, *, #526, .F. ) ;
#659 = VERTEX_POINT ( 'NONE', #1305 ) ;
#660 = CARTESIAN_POINT ( 'NONE',  ( 0.000000000000000000, -23.04999961999998348, -3.000000000000000000 ) ) ;
#661 = CARTESIAN_POINT ( 'NONE',  ( 0.000000000000000000, -23.04999961999998348, -3.000000000000000000 ) ) ;
#662 = DIRECTION ( 'NONE',  ( 1.000000000000000000, 8.881784197001252323E-16, 0.000000000000000000 ) ) ;
#663 = EDGE_LOOP ( 'NONE', ( #1438, #12, #1273, #105 ) ) ;
#664 = DIRECTION ( 'NONE',  ( -0.000000000000000000, -0.000000000000000000, 1.000000000000000000 ) ) ;
#665 = EDGE_CURVE ( 'NONE', #2160, #1416, #173, .T. ) ;
#666 = VERTEX_POINT ( 'NONE', #1146 ) ;
#667 = ORIENTED_EDGE ( 'NONE', *, *, #1875, .T. ) ;
#668 = DIRECTION ( 'NONE',  ( 1.000000000000000000, 0.000000000000000000, 0.000000000000000000 ) ) ;
#669 = EDGE_LOOP ( 'NONE', ( #1219, #2313 ) ) ;
#670 = EDGE_LOOP ( 'NONE', ( #2201, #1293, #1032, #629 ) ) ;
#671 = CARTESIAN_POINT ( 'NONE',  ( 21.11184501648295964, 3.500000000000530687, 0.5000000000000000000 ) ) ;
#672 = LINE ( 'NONE', #872, #1647 ) ;
#673 = LINE ( 'NONE', #28, #1111 ) ;
#674 = DIRECTION ( 'NONE',  ( 1.000000000000000000, 0.000000000000000000, 0.000000000000000000 ) ) ;
#675 = ORIENTED_EDGE ( 'NONE', *, *, #373, .T. ) ;
#676 = CARTESIAN_POINT ( 'NONE',  ( 21.11184501648295964, 3.500000000000530687, 2.000000000000000000 ) ) ;
#677 = ORIENTED_EDGE ( 'NONE', *, *, #340, .T. ) ;
#678 = ADVANCED_FACE ( 'NONE', ( #1920 ), #2322, .F. ) ;
#679 = CONICAL_SURFACE ( 'NONE', #1313, 3.120000000000011653, 0.7700147616168533382 ) ;
#680 = ORIENTED_EDGE ( 'NONE', *, *, #49, .T. ) ;
#681 = CIRCLE ( 'NONE', #2459, 21.00000000000000000 ) ;
#682 = DIRECTION ( 'NONE',  ( 0.000000000000000000, 0.000000000000000000, 1.000000000000000000 ) ) ;
#683 = ADVANCED_FACE ( 'NONE', ( #1337 ), #2497, .F. ) ;
#684 = ORIENTED_EDGE ( 'NONE', *, *, #250, .T. ) ;
#685 = VERTEX_POINT ( 'NONE', #367 ) ;
#686 = DIRECTION ( 'NONE',  ( 0.000000000000000000, 0.000000000000000000, -1.000000000000000000 ) ) ;
#687 = VECTOR ( 'NONE', #2484, 1000.000000000000000 ) ;
#688 = DIRECTION ( 'NONE',  ( 1.000000000000000000, 0.000000000000000000, 0.000000000000000000 ) ) ;
#689 = CIRCLE ( 'NONE', #2269, 0.4000000000000010214 ) ;
#690 = DIRECTION ( 'NONE',  ( -0.000000000000000000, -0.000000000000000000, -1.000000000000000000 ) ) ;
#691 = DIRECTION ( 'NONE',  ( 0.000000000000000000, 0.000000000000000000, -1.000000000000000000 ) ) ;
#692 = VERTEX_POINT ( 'NONE', #1546 ) ;
#693 = DIRECTION ( 'NONE',  ( -0.000000000000000000, -0.000000000000000000, -1.000000000000000000 ) ) ;
#694 = PRODUCT_RELATED_PRODUCT_CATEGORY ( 'part', '', ( #1074 ) ) ;
#695 = ORIENTED_EDGE ( 'NONE', *, *, #303, .T. ) ;
#696 = ORIENTED_EDGE ( 'NONE', *, *, #2062, .F. ) ;
#697 = CONICAL_SURFACE ( 'NONE', #156, 3.120000000000001439, 0.7700147616168532272 ) ;
#698 = CARTESIAN_POINT ( 'NONE',  ( 3.300000000000541611, 2.290919387409626627E-14, 2.000000000000000000 ) ) ;
#699 = ORIENTED_EDGE ( 'NONE', *, *, #465, .T. ) ;
#700 = ORIENTED_EDGE ( 'NONE', *, *, #938, .T. ) ;
#701 = EDGE_CURVE ( 'NONE', #2188, #1212, #2137, .T. ) ;
#702 = DIRECTION ( 'NONE',  ( -0.000000000000000000, -0.000000000000000000, -1.000000000000000000 ) ) ;
#703 = CARTESIAN_POINT ( 'NONE',  ( -23.04999962000000480, 1.040834085586084257E-14, -3.000000000000000000 ) ) ;
#704 = FACE_OUTER_BOUND ( 'NONE', #893, .T. ) ;
#705 = CARTESIAN_POINT ( 'NONE',  ( 3.499999999999998668, 21.11184501648304845, 0.5000000000000000000 ) ) ;
#706 = AXIS2_PLACEMENT_3D ( 'NONE', #1611, #2390, #1792 ) ;
#707 = CARTESIAN_POINT ( 'NONE',  ( -3.099999999999998757, 0.000000000000000000, 0.5000000000000000000 ) ) ;
#708 = VERTEX_POINT ( 'NONE', #2510 ) ;
#709 = ORIENTED_EDGE ( 'NONE', *, *, #204, .F. ) ;
#710 = CARTESIAN_POINT ( 'NONE',  ( 0.000000000000000000, 23.04999962000000480, -3.001000000000000334 ) ) ;
#711 = VECTOR ( 'NONE', #1415, 1000.000000000000114 ) ;
#712 = ORIENTED_EDGE ( 'NONE', *, *, #121, .F. ) ;
#713 = EDGE_CURVE ( 'NONE', #1432, #2049, #1287, .T. ) ;
#714 = CARTESIAN_POINT ( 'NONE',  ( -20.91453805371211772, -3.467289719626477584, 2.000000000000000000 ) ) ;
#715 = DIRECTION ( 'NONE',  ( 0.000000000000000000, -1.000000000000000000, 0.000000000000000000 ) ) ;
#716 = CARTESIAN_POINT ( 'NONE',  ( 20.71723109094139659, -3.434579439251813415, 0.5000000000000000000 ) ) ;
#717 = FACE_OUTER_BOUND ( 'NONE', #2388, .T. ) ;
#718 = VERTEX_POINT ( 'NONE', #2488 ) ;
#719 = AXIS2_PLACEMENT_3D ( 'NONE', #2190, #1065, #668 ) ;
#720 = ORIENTED_EDGE ( 'NONE', *, *, #1159, .T. ) ;
#721 = AXIS2_PLACEMENT_3D ( 'NONE', #15, #1721, #1939 ) ;
#722 = DIRECTION ( 'NONE',  ( 0.000000000000000000, 0.000000000000000000, -1.000000000000000000 ) ) ;
#723 = CONICAL_SURFACE ( 'NONE', #1559, 29.30000000000001492, 0.7853981633974482790 ) ;
#724 = PLANE ( 'NONE',  #2275 ) ;
#725 = CARTESIAN_POINT ( 'NONE',  ( -21.11184501648299516, -3.100000000000313616, 0.5000000000000000000 ) ) ;
#726 = EDGE_CURVE ( 'NONE', #2036, #1627, #190, .T. ) ;
#727 = CYLINDRICAL_SURFACE ( 'NONE', #1575, 0.4000000000000010214 ) ;
#728 = AXIS2_PLACEMENT_3D ( 'NONE', #907, #2454, #2271 ) ;
#729 = ADVANCED_FACE ( 'NONE', ( #754 ), #1771, .T. ) ;
#730 = FACE_OUTER_BOUND ( 'NONE', #1519, .T. ) ;
#731 = ORIENTED_EDGE ( 'NONE', *, *, #1223, .F. ) ;
#732 = FACE_BOUND ( 'NONE', #422, .T. ) ;
#733 = DIRECTION ( 'NONE',  ( -0.7071067811865597852, -4.908862527238910504E-15, 0.7071067811865352493 ) ) ;
#734 = CIRCLE ( 'NONE', #1410, 0.2000000000000074496 ) ;
#735 = AXIS2_PLACEMENT_3D ( 'NONE', #520, #702, #871 ) ;
#736 = CONICAL_SURFACE ( 'NONE', #445, 3.120000000000011653, 0.7700147616168533382 ) ;
#737 = CARTESIAN_POINT ( 'NONE',  ( -1.309096792805182929E-14, 3.299999999999759126, 2.000000000000000000 ) ) ;
#738 = CARTESIAN_POINT ( 'NONE',  ( -22.69729577823192557, -3.100000000000319833, 0.5000000000000000000 ) ) ;
#739 = CIRCLE ( 'NONE', #1173, 27.50000000000000000 ) ;
#740 = LINE ( 'NONE', #707, #2101 ) ;
#741 = ORIENTED_EDGE ( 'NONE', *, *, #1671, .F. ) ;
#742 = EDGE_CURVE ( 'NONE', #1594, #1604, #70, .T. ) ;
#743 = DIRECTION ( 'NONE',  ( -0.7071067811865597852, -4.908862527238881316E-15, -0.7071067811865352493 ) ) ;
#744 = DIRECTION ( 'NONE',  ( 0.000000000000000000, 0.000000000000000000, 1.000000000000000000 ) ) ;
#745 = ADVANCED_FACE ( 'NONE', ( #1859 ), #597, .F. ) ;
#746 = DIRECTION ( 'NONE',  ( -0.7071067811865330288, 0.000000000000000000, -0.7071067811865621167 ) ) ;
#747 = DIRECTION ( 'NONE',  ( 1.000000000000000000, 0.000000000000000000, 0.000000000000000000 ) ) ;
#748 = DIRECTION ( 'NONE',  ( 0.6975854567530029859, 0.1156483053342635403, 0.7071067811865596742 ) ) ;
#749 = DIRECTION ( 'NONE',  ( -0.000000000000000000, -0.000000000000000000, 1.000000000000000000 ) ) ;
#750 = ORIENTED_EDGE ( 'NONE', *, *, #107, .F. ) ;
#751 = ORIENTED_EDGE ( 'NONE', *, *, #1331, .T. ) ;
#752 = FACE_OUTER_BOUND ( 'NONE', #1635, .T. ) ;
#753 = EDGE_CURVE ( 'NONE', #1744, #312, #740, .T. ) ;
#754 = FACE_OUTER_BOUND ( 'NONE', #2111, .T. ) ;
#755 = ADVANCED_FACE ( 'NONE', ( #1689 ), #515, .T. ) ;
#756 = CIRCLE ( 'NONE', #721, 1.520000000000000462 ) ;
#757 = CARTESIAN_POINT ( 'NONE',  ( 3.381833381413307887E-14, -3.099999999999696776, 9.118876719727639468 ) ) ;
#758 = CARTESIAN_POINT ( 'NONE',  ( 3.300000000000701483, -23.04999961999990887, 2.000000000000000000 ) ) ;
#759 = AXIS2_PLACEMENT_3D ( 'NONE', #928, #1864, #518 ) ;
#760 = DIRECTION ( 'NONE',  ( 0.000000000000000000, 0.000000000000000000, -1.000000000000000000 ) ) ;
#761 = DIRECTION ( 'NONE',  ( 0.000000000000000000, 0.000000000000000000, -1.000000000000000000 ) ) ;
#762 = VERTEX_POINT ( 'NONE', #890 ) ;
#763 = CARTESIAN_POINT ( 'NONE',  ( 3.099999999999998757, 22.69729577822891997, 0.5000000000000000000 ) ) ;
#764 = CARTESIAN_POINT ( 'NONE',  ( -1.229757593241230005E-14, 3.099999999999767386, 1.800000000000001155 ) ) ;
#765 = CARTESIAN_POINT ( 'NONE',  ( 1.229757593241420436E-14, -3.100000000000229683, 9.118876719727639468 ) ) ;
#766 = ORIENTED_EDGE ( 'NONE', *, *, #2011, .F. ) ;
#767 = ADVANCED_FACE ( 'NONE', ( #717 ), #1872, .T. ) ;
#768 = CONICAL_SURFACE ( 'NONE', #654, 3.120000000000012541, 0.7700147616168533382 ) ;
#769 = CARTESIAN_POINT ( 'NONE',  ( 0.000000000000000000, 0.000000000000000000, 0.5000000000000004441 ) ) ;
#770 = DIRECTION ( 'NONE',  ( 1.000000000000000000, 0.000000000000000000, 0.000000000000000000 ) ) ;
#771 = CARTESIAN_POINT ( 'NONE',  ( 3.099999999999998757, 21.11184501648304845, 1.800000000000001155 ) ) ;
#772 = CARTESIAN_POINT ( 'NONE',  ( -20.71723109094135751, 3.434579439252026134, 1.800000000000001155 ) ) ;
#773 = EDGE_LOOP ( 'NONE', ( #2377, #1310, #1817, #2486 ) ) ;
#774 = FACE_OUTER_BOUND ( 'NONE', #1362, .T. ) ;
#775 = DIRECTION ( 'NONE',  ( 1.000000000000000000, -7.589415207398512105E-15, 0.000000000000000000 ) ) ;
#776 = CARTESIAN_POINT ( 'NONE',  ( 0.000000000000000000, 0.000000000000000000, 0.000000000000000000 ) ) ;
#777 = CARTESIAN_POINT ( 'NONE',  ( -22.93202964458811977, -3.100000000000320721, 0.4793750000003506595 ) ) ;
#778 = VERTEX_POINT ( 'NONE', #2063 ) ;
#779 = FACE_OUTER_BOUND ( 'NONE', #1018, .T. ) ;
#780 = DIRECTION ( 'NONE',  ( 0.000000000000000000, 0.000000000000000000, -1.000000000000000000 ) ) ;
#781 = EDGE_CURVE ( 'NONE', #914, #239, #2139, .T. ) ;
#782 = DIRECTION ( 'NONE',  ( -0.000000000000000000, -0.000000000000000000, -1.000000000000000000 ) ) ;
#783 = EDGE_CURVE ( 'NONE', #997, #1922, #2095, .T. ) ;
#784 = DIRECTION ( 'NONE',  ( -0.6961458360737503570, 8.525327698874763528E-17, 0.7179003934510546081 ) ) ;
#785 = EDGE_LOOP ( 'NONE', ( #350, #1863, #2397, #1592 ) ) ;
#786 = CARTESIAN_POINT ( 'NONE',  ( -21.11184501648299516, -3.500000000000313527, 2.000000000000000000 ) ) ;
#787 = DIRECTION ( 'NONE',  ( 0.000000000000000000, 0.000000000000000000, 1.000000000000000000 ) ) ;
#788 = ORIENTED_EDGE ( 'NONE', *, *, #1828, .T. ) ;
#789 = ORIENTED_EDGE ( 'NONE', *, *, #1913, .F. ) ;
#790 = DIRECTION ( 'NONE',  ( 0.000000000000000000, 0.000000000000000000, 1.000000000000000000 ) ) ;
#791 = CARTESIAN_POINT ( 'NONE',  ( 3.381833381413307887E-14, -3.099999999999696776, 1.800000000000001155 ) ) ;
#792 = AXIS2_PLACEMENT_3D ( 'NONE', #590, #1357, #2143 ) ;
#793 = ADVANCED_FACE ( 'NONE', ( #730 ), #1897, .F. ) ;
#794 = CIRCLE ( 'NONE', #1483, 3.299999999999990496 ) ;
#795 = LINE ( 'NONE', #1170, #2217 ) ;
#796 =( NAMED_UNIT ( * ) SI_UNIT ( $, .STERADIAN. ) SOLID_ANGLE_UNIT ( ) );
#797 = ORIENTED_EDGE ( 'NONE', *, *, #1962, .F. ) ;
#798 = DIRECTION ( 'NONE',  ( 1.000000000000000000, 0.000000000000000000, 0.000000000000000000 ) ) ;
#799 = EDGE_CURVE ( 'NONE', #666, #1188, #1281, .T. ) ;
#800 = LINE ( 'NONE', #1379, #1411 ) ;
#801 = ORIENTED_EDGE ( 'NONE', *, *, #1958, .T. ) ;
#802 = ORIENTED_EDGE ( 'NONE', *, *, #473, .F. ) ;
#803 = DIRECTION ( 'NONE',  ( 1.000000000000000000, -2.168404344971003346E-15, 0.000000000000000000 ) ) ;
#804 = CARTESIAN_POINT ( 'NONE',  ( -21.11184501648299516, -3.500000000000313527, 2.000000000000000000 ) ) ;
#805 = CIRCLE ( 'NONE', #31, 1.520000000000000906 ) ;
#806 = MECHANICAL_DESIGN_GEOMETRIC_PRESENTATION_REPRESENTATION (  '', ( #2346 ), #1827 ) ;
#807 = FACE_OUTER_BOUND ( 'NONE', #2230, .T. ) ;
#808 = DIRECTION ( 'NONE',  ( -0.000000000000000000, -0.000000000000000000, 1.000000000000000000 ) ) ;
#809 = ORIENTED_EDGE ( 'NONE', *, *, #359, .F. ) ;
#810 = CARTESIAN_POINT ( 'NONE',  ( 23.04999962000000480, 1.040834085586084257E-14, 2.000000000000000000 ) ) ;
#811 = EDGE_CURVE ( 'NONE', #1692, #1388, #2255, .T. ) ;
#812 = ADVANCED_FACE ( 'NONE', ( #904 ), #391, .F. ) ;
#813 = ORIENTED_EDGE ( 'NONE', *, *, #3, .F. ) ;
#814 = DIRECTION ( 'NONE',  ( -1.000000000000000000, 0.000000000000000000, 0.000000000000000000 ) ) ;
#815 = EDGE_CURVE ( 'NONE', #867, #283, #1113, .T. ) ;
#816 = ORIENTED_EDGE ( 'NONE', *, *, #216, .T. ) ;
#817 = ORIENTED_EDGE ( 'NONE', *, *, #1399, .F. ) ;
#818 = DIRECTION ( 'NONE',  ( 1.000000000000000000, 0.000000000000000000, 0.000000000000000000 ) ) ;
#819 = DIRECTION ( 'NONE',  ( 1.000000000000000000, 0.000000000000000000, 0.000000000000000000 ) ) ;
#820 = LINE ( 'NONE', #1248, #62 ) ;
#821 = DIRECTION ( 'NONE',  ( -0.000000000000000000, -0.000000000000000000, 1.000000000000000000 ) ) ;
#822 = ORIENTED_EDGE ( 'NONE', *, *, #650, .F. ) ;
#823 = DIRECTION ( 'NONE',  ( -1.000000000000000000, 0.000000000000000000, 0.000000000000000000 ) ) ;
#824 = VERTEX_POINT ( 'NONE', #2267 ) ;
#825 = EDGE_CURVE ( 'NONE', #1690, #1460, #640, .T. ) ;
#826 = DIRECTION ( 'NONE',  ( 1.000000000000000000, 1.776356839400250465E-15, 0.000000000000000000 ) ) ;
#827 = ORIENTED_EDGE ( 'NONE', *, *, #564, .F. ) ;
#828 = ORIENTED_EDGE ( 'NONE', *, *, #2211, .F. ) ;
#829 = EDGE_CURVE ( 'NONE', #2123, #1692, #136, .T. ) ;
#830 = DIRECTION ( 'NONE',  ( 1.000000000000000000, 0.000000000000000000, 0.000000000000000000 ) ) ;
#831 = DIRECTION ( 'NONE',  ( -1.000000000000000000, 0.000000000000000000, 0.000000000000000000 ) ) ;
#832 = DIRECTION ( 'NONE',  ( 0.6961458360737503570, 0.000000000000000000, 0.7179003934510547191 ) ) ;
#833 = ORIENTED_EDGE ( 'NONE', *, *, #1060, .T. ) ;
#834 = FACE_BOUND ( 'NONE', #92, .T. ) ;
#835 = ORIENTED_EDGE ( 'NONE', *, *, #1569, .F. ) ;
#836 = AXIS2_PLACEMENT_3D ( 'NONE', #943, #1757, #1155 ) ;
#837 = ORIENTED_EDGE ( 'NONE', *, *, #1789, .F. ) ;
#838 = AXIS2_PLACEMENT_3D ( 'NONE', #1345, #1133, #1749 ) ;
#839 = AXIS2_PLACEMENT_3D ( 'NONE', #1717, #744, #1512 ) ;
#840 = FACE_OUTER_BOUND ( 'NONE', #670, .T. ) ;
#841 = VERTEX_POINT ( 'NONE', #913 ) ;
#842 = ORIENTED_EDGE ( 'NONE', *, *, #378, .T. ) ;
#843 = DIRECTION ( 'NONE',  ( 1.000000000000000000, 1.084202172485501673E-15, 0.000000000000000000 ) ) ;
#844 = CARTESIAN_POINT ( 'NONE',  ( 21.11184501648313017, -3.099999999999466294, 0.5000000000000000000 ) ) ;
#845 = ADVANCED_FACE ( 'NONE', ( #559 ), #336, .F. ) ;
#846 = FACE_OUTER_BOUND ( 'NONE', #876, .T. ) ;
#847 = VECTOR ( 'NONE', #2503, 1000.000000000000000 ) ;
#848 = VERTEX_POINT ( 'NONE', #1517 ) ;
#849 = CYLINDRICAL_SURFACE ( 'NONE', #306, 29.50000000000000355 ) ;
#850 = ORIENTED_EDGE ( 'NONE', *, *, #145, .F. ) ;
#851 = AXIS2_PLACEMENT_3D ( 'NONE', #671, #1068, #286 ) ;
#852 = VECTOR ( 'NONE', #2118, 1000.000000000000000 ) ;
#853 = ORIENTED_EDGE ( 'NONE', *, *, #1756, .T. ) ;
#854 = VERTEX_POINT ( 'NONE', #1301 ) ;
#855 = CARTESIAN_POINT ( 'NONE',  ( 12.50000000000000000, 1.530808498934191521E-15, -1.500000000000000000 ) ) ;
#856 = EDGE_LOOP ( 'NONE', ( #699, #2177, #2453, #1010, #1916 ) ) ;
#857 = VERTEX_POINT ( 'NONE', #1321 ) ;
#858 = CIRCLE ( 'NONE', #88, 21.00000000000000000 ) ;
#859 = CARTESIAN_POINT ( 'NONE',  ( -23.04999961999969926, 3.099999999999675904, 0.4793750000000006617 ) ) ;
#860 = CARTESIAN_POINT ( 'NONE',  ( 24.56999962000000437, 1.040834085586084257E-14, -3.000000000000000000 ) ) ;
#861 = CARTESIAN_POINT ( 'NONE',  ( 0.000000000000000000, 0.000000000000000000, 0.5000000000000000000 ) ) ;
#862 = EDGE_CURVE ( 'NONE', #226, #601, #2085, .T. ) ;
#863 = EDGE_LOOP ( 'NONE', ( #2439, #1302, #75, #2043, #2440 ) ) ;
#864 = CARTESIAN_POINT ( 'NONE',  ( 26.34999961999999485, 1.040834085586084257E-14, 2.000000000000000000 ) ) ;
#865 = EDGE_CURVE ( 'NONE', #1188, #209, #920, .T. ) ;
#866 = ORIENTED_EDGE ( 'NONE', *, *, #2168, .T. ) ;
#867 = VERTEX_POINT ( 'NONE', #184 ) ;
#868 = DIRECTION ( 'NONE',  ( 0.000000000000000000, 0.000000000000000000, 1.000000000000000000 ) ) ;
#869 = ORIENTED_EDGE ( 'NONE', *, *, #171, .T. ) ;
#870 = ORIENTED_EDGE ( 'NONE', *, *, #2318, .F. ) ;
#871 = DIRECTION ( 'NONE',  ( 1.000000000000000000, -1.084202172485501673E-15, 0.000000000000000000 ) ) ;
#872 = CARTESIAN_POINT ( 'NONE',  ( -3.120000000000012541, -23.04999961999998348, 0.5000000000000000000 ) ) ;
#873 = MANIFOLD_SOLID_BREP ( 'µ¹½Ç3', #1511 ) ;
#874 = CARTESIAN_POINT ( 'NONE',  ( 21.11184501648313017, -3.099999999999466294, 1.800000000000001155 ) ) ;
#875 = DIRECTION ( 'NONE',  ( 1.000000000000000000, 0.000000000000000000, 0.000000000000000000 ) ) ;
#876 = EDGE_LOOP ( 'NONE', ( #1840, #1760, #842, #1265 ) ) ;
#877 = CARTESIAN_POINT ( 'NONE',  ( -3.099999999999998757, 22.93202964458732396, 0.4793749999999843414 ) ) ;
#878 = ORIENTED_EDGE ( 'NONE', *, *, #2362, .T. ) ;
#879 = AXIS2_PLACEMENT_3D ( 'NONE', #1951, #2194, #1013 ) ;
#880 = EDGE_CURVE ( 'NONE', #2191, #2383, #1935, .T. ) ;
#881 = ORIENTED_EDGE ( 'NONE', *, *, #2254, .F. ) ;
#882 = VECTOR ( 'NONE', #72, 1000.000000000000000 ) ;
#883 = LINE ( 'NONE', #460, #923 ) ;
#884 = ORIENTED_EDGE ( 'NONE', *, *, #1976, .T. ) ;
#885 = ORIENTED_EDGE ( 'NONE', *, *, #412, .F. ) ;
#886 = SURFACE_STYLE_USAGE ( .BOTH. , #112 ) ;
#887 = CARTESIAN_POINT ( 'NONE',  ( 3.499999999999998668, 21.11184501648304845, 0.5000000000000000000 ) ) ;
#888 = CARTESIAN_POINT ( 'NONE',  ( 21.11184501648296319, 3.100000000000530775, 1.800000000000001155 ) ) ;
#889 = DIRECTION ( 'NONE',  ( -1.000000000000000000, -3.966959978197836295E-15, 0.000000000000000000 ) ) ;
#890 = CARTESIAN_POINT ( 'NONE',  ( 3.299999999999990496, 21.11184501648304845, 2.000000000000000000 ) ) ;
#891 = ORIENTED_EDGE ( 'NONE', *, *, #132, .T. ) ;
#892 = AXIS2_PLACEMENT_3D ( 'NONE', #660, #2405, #240 ) ;
#893 = EDGE_LOOP ( 'NONE', ( #2163, #1607, #2386, #178 ) ) ;
#894 = EDGE_CURVE ( 'NONE', #1107, #2099, #2329, .T. ) ;
#895 = VECTOR ( 'NONE', #2264, 1000.000000000000000 ) ;
#896 = DIRECTION ( 'NONE',  ( -0.000000000000000000, 0.000000000000000000, 1.000000000000000000 ) ) ;
#897 = EDGE_LOOP ( 'NONE', ( #1642, #61, #267, #238 ) ) ;
#898 = EDGE_CURVE ( 'NONE', #1795, #226, #2319, .T. ) ;
#899 = VECTOR ( 'NONE', #972, 1000.000000000000000 ) ;
#900 = DIRECTION ( 'NONE',  ( -0.000000000000000000, -0.000000000000000000, 1.000000000000000000 ) ) ;
#901 = CARTESIAN_POINT ( 'NONE',  ( 3.299999999999990496, 0.000000000000000000, 2.000000000000000000 ) ) ;
#902 = CARTESIAN_POINT ( 'NONE',  ( 0.000000000000000000, 23.04999962000000480, -1.150000000000011458 ) ) ;
#903 = AXIS2_PLACEMENT_3D ( 'NONE', #2012, #1821, #474 ) ;
#904 = FACE_OUTER_BOUND ( 'NONE', #1449, .T. ) ;
#905 = ORIENTED_EDGE ( 'NONE', *, *, #1700, .F. ) ;
#906 = ORIENTED_EDGE ( 'NONE', *, *, #1996, .T. ) ;
#907 = CARTESIAN_POINT ( 'NONE',  ( 0.000000000000000000, 23.04999962000000480, 1.800000000000001155 ) ) ;
#908 = ADVANCED_FACE ( 'NONE', ( #608 ), #2022, .T. ) ;
#909 = LINE ( 'NONE', #1450, #154 ) ;
#910 = EDGE_CURVE ( 'NONE', #2404, #666, #1940, .T. ) ;
#911 = LINE ( 'NONE', #302, #1090 ) ;
#912 = CARTESIAN_POINT ( 'NONE',  ( -3.099999999999998757, 0.000000000000000000, 9.118876719727639468 ) ) ;
#913 = CARTESIAN_POINT ( 'NONE',  ( 26.14999962000000266, 1.040834085586084257E-14, 1.800000000000001155 ) ) ;
#914 = VERTEX_POINT ( 'NONE', #1579 ) ;
#915 = ORIENTED_EDGE ( 'NONE', *, *, #1552, .T. ) ;
#916 = AXIS2_PLACEMENT_3D ( 'NONE', #1026, #1797, #206 ) ;
#917 = DIRECTION ( 'NONE',  ( -0.7071067811865487940, 8.659560562354950115E-17, 0.7071067811865463515 ) ) ;
#918 = AXIS2_PLACEMENT_3D ( 'NONE', #1578, #619, #2356 ) ;
#919 = LINE ( 'NONE', #1682, #1618 ) ;
#920 = CIRCLE ( 'NONE', #1606, 3.099999999999998757 ) ;
#921 = CARTESIAN_POINT ( 'NONE',  ( 21.52999962000000522, 1.059448716933124043E-14, -1.150000000000003686 ) ) ;
#922 = CARTESIAN_POINT ( 'NONE',  ( 27.50000000000000000, 0.000000000000000000, 0.000000000000000000 ) ) ;
#923 = VECTOR ( 'NONE', #249, 1000.000000000000000 ) ;
#924 = EDGE_CURVE ( 'NONE', #1585, #2403, #315, .T. ) ;
#925 = DIRECTION ( 'NONE',  ( 0.000000000000000000, 0.000000000000000000, 1.000000000000000000 ) ) ;
#926 = ORIENTED_EDGE ( 'NONE', *, *, #701, .T. ) ;
#927 = CARTESIAN_POINT ( 'NONE',  ( 3.300000000000701483, -23.04999961999990532, 2.000000000000000000 ) ) ;
#928 = CARTESIAN_POINT ( 'NONE',  ( 0.000000000000000000, 0.000000000000000000, 2.000000000000000000 ) ) ;
#929 = VECTOR ( 'NONE', #2469, 1000.000000000000000 ) ;
#930 = AXIS2_PLACEMENT_3D ( 'NONE', #2105, #932, #545 ) ;
#931 = DIRECTION ( 'NONE',  ( -0.000000000000000000, -0.000000000000000000, 1.000000000000000000 ) ) ;
#932 = DIRECTION ( 'NONE',  ( 0.000000000000000000, 0.000000000000000000, -1.000000000000000000 ) ) ;
#933 = EDGE_CURVE ( 'NONE', #476, #848, #2307, .T. ) ;
#934 = DIRECTION ( 'NONE',  ( 0.000000000000000000, 0.000000000000000000, 1.000000000000000000 ) ) ;
#935 = EDGE_LOOP ( 'NONE', ( #1208, #996 ) ) ;
#936 = ORIENTED_EDGE ( 'NONE', *, *, #701, .F. ) ;
#937 = CARTESIAN_POINT ( 'NONE',  ( -3.499999999999301004, -21.11184501648316214, 1.800000000000001155 ) ) ;
#938 = EDGE_CURVE ( 'NONE', #1807, #1794, #2335, .T. ) ;
#939 = DIRECTION ( 'NONE',  ( -0.000000000000000000, -0.000000000000000000, 1.000000000000000000 ) ) ;
#940 = AXIS2_PLACEMENT_3D ( 'NONE', #2253, #2265, #2074 ) ;
#941 = CARTESIAN_POINT ( 'NONE',  ( -20.71723109094125803, -3.434579439252644306, 1.800000000000001155 ) ) ;
#942 = DIRECTION ( 'NONE',  ( 0.000000000000000000, 0.000000000000000000, 1.000000000000000000 ) ) ;
#943 = CARTESIAN_POINT ( 'NONE',  ( 0.000000000000000000, 0.000000000000000000, 0.5000000000000000000 ) ) ;
#944 = CIRCLE ( 'NONE', #1274, 0.4000000000000001887 ) ;
#945 = PLANE ( 'NONE',  #1563 ) ;
#946 = ORIENTED_EDGE ( 'NONE', *, *, #1653, .F. ) ;
#947 = DIRECTION ( 'NONE',  ( -0.000000000000000000, -0.000000000000000000, 1.000000000000000000 ) ) ;
#948 = DIRECTION ( 'NONE',  ( -0.000000000000000000, -0.000000000000000000, -1.000000000000000000 ) ) ;
#949 = ADVANCED_FACE ( 'NONE', ( #1361, #2507 ), #945, .F. ) ;
#950 = CARTESIAN_POINT ( 'NONE',  ( -29.30000000000001492, 0.000000000000000000, 2.000000000000000000 ) ) ;
#951 = AXIS2_PLACEMENT_3D ( 'NONE', #661, #273, #480 ) ;
#952 = ORIENTED_EDGE ( 'NONE', *, *, #1060, .F. ) ;
#953 = DIRECTION ( 'NONE',  ( 0.000000000000000000, 0.000000000000000000, -1.000000000000000000 ) ) ;
#954 = DIRECTION ( 'NONE',  ( -0.000000000000000000, 0.000000000000000000, 1.000000000000000000 ) ) ;
#955 = AXIS2_PLACEMENT_3D ( 'NONE', #2076, #2286, #1666 ) ;
#956 = CIRCLE ( 'NONE', #2102, 3.100000000000001865 ) ;
#957 = DIRECTION ( 'NONE',  ( 1.000000000000000000, 0.000000000000000000, 0.000000000000000000 ) ) ;
#958 = CARTESIAN_POINT ( 'NONE',  ( -3.099999999999998757, 23.04999962000000480, 9.118876719727639468 ) ) ;
#959 = VERTEX_POINT ( 'NONE', #1927 ) ;
#960 = DIRECTION ( 'NONE',  ( -0.000000000000000000, -0.000000000000000000, 1.000000000000000000 ) ) ;
#961 = CARTESIAN_POINT ( 'NONE',  ( 3.381833381413307887E-14, -3.099999999999696776, 1.800000000000001155 ) ) ;
#962 = EDGE_CURVE ( 'NONE', #507, #1807, #2122, .T. ) ;
#963 = CIRCLE ( 'NONE', #2070, 0.4000000000000010214 ) ;
#964 = CARTESIAN_POINT ( 'NONE',  ( -23.04999961999968505, -3.100000000000321165, 0.4793750000003406120 ) ) ;
#965 = VECTOR ( 'NONE', #746, 1000.000000000000000 ) ;
#966 = PLANE ( 'NONE',  #1534 ) ;
#967 = DIRECTION ( 'NONE',  ( 0.000000000000000000, 0.000000000000000000, -1.000000000000000000 ) ) ;
#968 = LINE ( 'NONE', #1332, #1148 ) ;
#969 = DIRECTION ( 'NONE',  ( 1.000000000000000000, 0.000000000000000000, 0.000000000000000000 ) ) ;
#970 = ORIENTED_EDGE ( 'NONE', *, *, #783, .F. ) ;
#971 = CARTESIAN_POINT ( 'NONE',  ( -23.04999962000000480, 1.040834085586084257E-14, -1.150000000000011235 ) ) ;
#972 = DIRECTION ( 'NONE',  ( -0.000000000000000000, -0.000000000000000000, 1.000000000000000000 ) ) ;
#973 = ORIENTED_EDGE ( 'NONE', *, *, #1884, .T. ) ;
#974 = ADVANCED_FACE ( 'NONE', ( #1141 ), #1589, .F. ) ;
#975 = LINE ( 'NONE', #1318, #1000 ) ;
#976 = DIRECTION ( 'NONE',  ( -2.805064301279361090E-15, 0.7071067811865597852, -0.7071067811865352493 ) ) ;
#977 = EDGE_CURVE ( 'NONE', #2049, #867, #8, .T. ) ;
#978 = CARTESIAN_POINT ( 'NONE',  ( -27.50000000000000000, 3.367778697655221307E-15, 0.000000000000000000 ) ) ;
#979 = ORIENTED_EDGE ( 'NONE', *, *, #2168, .F. ) ;
#980 = FACE_OUTER_BOUND ( 'NONE', #517, .T. ) ;
#981 = CARTESIAN_POINT ( 'NONE',  ( -21.11184501648299516, -3.300000000000304468, 2.000000000000000000 ) ) ;
#982 = ORIENTED_EDGE ( 'NONE', *, *, #1147, .T. ) ;
#983 = ORIENTED_EDGE ( 'NONE', *, *, #1583, .F. ) ;
#984 = DIRECTION ( 'NONE',  ( 0.000000000000000000, 0.000000000000000000, -1.000000000000000000 ) ) ;
#985 = FACE_OUTER_BOUND ( 'NONE', #442, .T. ) ;
#986 = VECTOR ( 'NONE', #760, 1000.000000000000000 ) ;
#987 = CARTESIAN_POINT ( 'NONE',  ( 12.50000000000000000, 1.530808498934191521E-15, -3.000000000000000000 ) ) ;
#988 = ADVANCED_FACE ( 'NONE', ( #1553 ), #1593, .T. ) ;
#989 = CARTESIAN_POINT ( 'NONE',  ( 3.500000000000696776, -21.11184501648293477, 2.000000000000000000 ) ) ;
#990 = AXIS2_PLACEMENT_3D ( 'NONE', #810, #1581, #798 ) ;
#991 = ORIENTED_EDGE ( 'NONE', *, *, #2427, .T. ) ;
#992 = CARTESIAN_POINT ( 'NONE',  ( -24.56999961999999371, 1.059448716933123886E-14, -1.150000000000011235 ) ) ;
#993 = AXIS2_PLACEMENT_3D ( 'NONE', #1876, #531, #1297 ) ;
#994 = ORIENTED_EDGE ( 'NONE', *, *, #2254, .T. ) ;
#995 = CARTESIAN_POINT ( 'NONE',  ( -3.099999999999998757, 22.69729577822891997, 0.5000000000000000000 ) ) ;
#996 = ORIENTED_EDGE ( 'NONE', *, *, #825, .F. ) ;
#997 = VERTEX_POINT ( 'NONE', #454 ) ;
#998 = CARTESIAN_POINT ( 'NONE',  ( 0.000000000000000000, 0.000000000000000000, 1.800000000000011591 ) ) ;
#999 = CARTESIAN_POINT ( 'NONE',  ( 0.000000000000000000, 0.000000000000000000, 2.000000000000000000 ) ) ;
#1000 = VECTOR ( 'NONE', #1549, 1000.000000000000000 ) ;
#1001 = CARTESIAN_POINT ( 'NONE',  ( 3.100000000000707079, -22.69729577823512656, 0.5000000000000000000 ) ) ;
#1002 = CARTESIAN_POINT ( 'NONE',  ( 20.71723109094122250, 3.434579439252857913, 0.5000000000000000000 ) ) ;
#1003 = ORIENTED_EDGE ( 'NONE', *, *, #815, .F. ) ;
#1004 = EDGE_CURVE ( 'NONE', #1164, #2008, #1031, .T. ) ;
#1005 = CARTESIAN_POINT ( 'NONE',  ( 0.000000000000000000, 0.000000000000000000, -1.999999999999992228 ) ) ;
#1006 = EDGE_CURVE ( 'NONE', #1744, #278, #2250, .T. ) ;
#1007 = EDGE_LOOP ( 'NONE', ( #853, #1268, #2430, #1972 ) ) ;
#1008 = DIRECTION ( 'NONE',  ( 1.000000000000000000, 0.000000000000000000, 0.000000000000000000 ) ) ;
#1009 = ORIENTED_EDGE ( 'NONE', *, *, #1464, .F. ) ;
#1010 = ORIENTED_EDGE ( 'NONE', *, *, #6, .T. ) ;
#1011 = AXIS2_PLACEMENT_3D ( 'NONE', #1419, #868, #1008 ) ;
#1012 = DIRECTION ( 'NONE',  ( 1.000000000000000000, 0.000000000000000000, 0.000000000000000000 ) ) ;
#1013 = DIRECTION ( 'NONE',  ( 1.000000000000000000, 0.000000000000000000, 0.000000000000000000 ) ) ;
#1014 = CARTESIAN_POINT ( 'NONE',  ( 20.71723109094122250, 3.434579439252858357, 0.5000000000000000000 ) ) ;
#1015 = VERTEX_POINT ( 'NONE', #1002 ) ;
#1016 = FACE_BOUND ( 'NONE', #1462, .T. ) ;
#1017 = AXIS2_PLACEMENT_3D ( 'NONE', #441, #1061, #1426 ) ;
#1018 = EDGE_LOOP ( 'NONE', ( #656, #51, #1860, #1890 ) ) ;
#1019 = ORIENTED_EDGE ( 'NONE', *, *, #1788, .F. ) ;
#1020 = EDGE_CURVE ( 'NONE', #1627, #1610, #1252, .T. ) ;
#1021 = CARTESIAN_POINT ( 'NONE',  ( -23.04999962000000480, 1.040834085586084257E-14, 0.5000000000000000000 ) ) ;
#1022 = AXIS2_PLACEMENT_3D ( 'NONE', #2477, #743, #1508 ) ;
#1023 = ORIENTED_EDGE ( 'NONE', *, *, #2165, .T. ) ;
#1024 = ORIENTED_EDGE ( 'NONE', *, *, #2499, .T. ) ;
#1025 = DIRECTION ( 'NONE',  ( 1.000000000000000000, 0.000000000000000000, 0.000000000000000000 ) ) ;
#1026 = CARTESIAN_POINT ( 'NONE',  ( -23.04999962000000480, 1.040834085586084257E-14, 0.5000000000000000000 ) ) ;
#1027 = VECTOR ( 'NONE', #1852, 1000.000000000000000 ) ;
#1028 = DIRECTION ( 'NONE',  ( -1.000000000000000000, -1.090913994004405119E-14, 0.000000000000000000 ) ) ;
#1029 = AXIS2_PLACEMENT_3D ( 'NONE', #2218, #1616, #2394 ) ;
#1030 = ORIENTED_EDGE ( 'NONE', *, *, #511, .F. ) ;
#1031 = LINE ( 'NONE', #2170, #2490 ) ;
#1032 = ORIENTED_EDGE ( 'NONE', *, *, #1862, .T. ) ;
#1033 = CIRCLE ( 'NONE', #1355, 0.4000000000000001887 ) ;
#1034 = ORIENTED_EDGE ( 'NONE', *, *, #1789, .T. ) ;
#1035 = EDGE_LOOP ( 'NONE', ( #1038, #119, #2508, #219 ) ) ;
#1036 = MECHANICAL_DESIGN_GEOMETRIC_PRESENTATION_REPRESENTATION (  '', ( #1358 ), #1730 ) ;
#1037 = LINE ( 'NONE', #94, #2442 ) ;
#1038 = ORIENTED_EDGE ( 'NONE', *, *, #2381, .T. ) ;
#1039 = ORIENTED_EDGE ( 'NONE', *, *, #465, .F. ) ;
#1040 = EDGE_CURVE ( 'NONE', #1432, #1171, #651, .T. ) ;
#1041 = CARTESIAN_POINT ( 'NONE',  ( 3.434579439252335220, 20.71723109094130777, 0.5000000000000000000 ) ) ;
#1042 = DIRECTION ( 'NONE',  ( 1.000000000000000000, 0.000000000000000000, 0.000000000000000000 ) ) ;
#1043 = LINE ( 'NONE', #55, #1971 ) ;
#1044 = AXIS2_PLACEMENT_3D ( 'NONE', #1631, #2393, #803 ) ;
#1045 = ORIENTED_EDGE ( 'NONE', *, *, #1464, .T. ) ;
#1046 = CARTESIAN_POINT ( 'NONE',  ( -3.099999999999998757, 22.69729577822891997, 0.5000000000000000000 ) ) ;
#1047 = AXIS2_PLACEMENT_3D ( 'NONE', #998, #1587, #1025 ) ;
#1048 = VECTOR ( 'NONE', #1747, 1000.000000000000000 ) ;
#1049 = EDGE_LOOP ( 'NONE', ( #1838, #499, #1433, #837 ) ) ;
#1050 = ORIENTED_EDGE ( 'NONE', *, *, #1159, .F. ) ;
#1051 = CARTESIAN_POINT ( 'NONE',  ( -21.52999962000001588, 1.040834085586084257E-14, -1.150000000000011235 ) ) ;
#1052 = ORIENTED_EDGE ( 'NONE', *, *, #1862, .F. ) ;
#1053 = ORIENTED_EDGE ( 'NONE', *, *, #783, .T. ) ;
#1054 = FACE_OUTER_BOUND ( 'NONE', #1941, .T. ) ;
#1055 = CARTESIAN_POINT ( 'NONE',  ( -3.299999999999990496, 23.04999962000000480, 2.000000000000000000 ) ) ;
#1056 = ADVANCED_FACE ( 'NONE', ( #1636 ), #230, .T. ) ;
#1057 = CARTESIAN_POINT ( 'NONE',  ( 0.000000000000000000, 0.000000000000000000, 0.5000000000000000000 ) ) ;
#1058 = FACE_OUTER_BOUND ( 'NONE', #1586, .T. ) ;
#1059 = ORIENTED_EDGE ( 'NONE', *, *, #753, .F. ) ;
#1060 = EDGE_CURVE ( 'NONE', #231, #2299, #44, .T. ) ;
#1061 = DIRECTION ( 'NONE',  ( 0.000000000000000000, 0.000000000000000000, 1.000000000000000000 ) ) ;
#1062 = ORIENTED_EDGE ( 'NONE', *, *, #1913, .T. ) ;
#1063 = AXIS2_PLACEMENT_3D ( 'NONE', #705, #693, #512 ) ;
#1064 = EDGE_LOOP ( 'NONE', ( #1979, #1814, #1237, #2001 ) ) ;
#1065 = DIRECTION ( 'NONE',  ( -0.000000000000000000, -0.000000000000000000, 1.000000000000000000 ) ) ;
#1066 = ORIENTED_EDGE ( 'NONE', *, *, #2266, .T. ) ;
#1067 = ORIENTED_EDGE ( 'NONE', *, *, #2133, .T. ) ;
#1068 = DIRECTION ( 'NONE',  ( -0.000000000000000000, -0.000000000000000000, -1.000000000000000000 ) ) ;
#1069 = LINE ( 'NONE', #1696, #929 ) ;
#1070 = DIRECTION ( 'NONE',  ( 1.000000000000000000, 0.000000000000000000, 0.000000000000000000 ) ) ;
#1071 = LINE ( 'NONE', #716, #96 ) ;
#1072 = ADVANCED_FACE ( 'NONE', ( #1220 ), #849, .T. ) ;
#1073 = EDGE_CURVE ( 'NONE', #692, #2412, #1718, .T. ) ;
#1074 = PRODUCT ( 'µç³Ø¼Üµ××ù', 'µç³Ø¼Üµ××ù', '', ( #1127 ) ) ;
#1075 = DIRECTION ( 'NONE',  ( -0.000000000000000000, 1.000000000000000000, 0.000000000000000000 ) ) ;
#1076 = ORIENTED_EDGE ( 'NONE', *, *, #511, .T. ) ;
#1077 = AXIS2_PLACEMENT_3D ( 'NONE', #464, #85, #1842 ) ;
#1078 = EDGE_LOOP ( 'NONE', ( #298, #994, #1957, #213 ) ) ;
#1079 = ADVANCED_FACE ( 'NONE', ( #2371 ), #2197, .F. ) ;
#1080 = FACE_OUTER_BOUND ( 'NONE', #1766, .T. ) ;
#1081 = VECTOR ( 'NONE', #761, 1000.000000000000000 ) ;
#1082 = ORIENTED_EDGE ( 'NONE', *, *, #2211, .T. ) ;
#1083 = DIRECTION ( 'NONE',  ( 0.000000000000000000, 0.000000000000000000, 1.000000000000000000 ) ) ;
#1084 = CARTESIAN_POINT ( 'NONE',  ( 3.099999999999998757, 23.04999962000000480, 9.118876719727639468 ) ) ;
#1085 = CYLINDRICAL_SURFACE ( 'NONE', #940, 21.00000000000000000 ) ;
#1086 = B_SPLINE_CURVE_WITH_KNOTS ( 'NONE', 3,
 ( #1934, #192, #777, #964 ),
 .UNSPECIFIED., .F., .F.,
 ( 4, 4 ),
 ( 0.000000000000000000, 0.0003533063693492128439 ),
 .UNSPECIFIED. ) ;
#1087 = DIRECTION ( 'NONE',  ( 0.6961458360737503570, 0.000000000000000000, 0.7179003934510547191 ) ) ;
#1088 = EDGE_LOOP ( 'NONE', ( #23, #1965, #503, #1050 ) ) ;
#1089 = ADVANCED_FACE ( 'NONE', ( #293 ), #1623, .F. ) ;
#1090 = VECTOR ( 'NONE', #535, 1000.000000000000000 ) ;
#1091 = VERTEX_POINT ( 'NONE', #1401 ) ;
#1092 = CARTESIAN_POINT ( 'NONE',  ( 22.81446697911961152, 3.100000000000549427, 0.4863403227264123108 ) ) ;
#1093 = EDGE_LOOP ( 'NONE', ( #396, #1323, #649, #616 ) ) ;
#1094 = EDGE_CURVE ( 'NONE', #1394, #2373, #1180, .T. ) ;
#1095 = CARTESIAN_POINT ( 'NONE',  ( 20.71723109094139303, -3.434579439251812971, 0.5000000000000000000 ) ) ;
#1096 = FACE_OUTER_BOUND ( 'NONE', #1643, .T. ) ;
#1097 = DIRECTION ( 'NONE',  ( 0.000000000000000000, 0.000000000000000000, -1.000000000000000000 ) ) ;
#1098 = DIRECTION ( 'NONE',  ( -6.942179961846172299E-15, 1.000000000000000000, 0.000000000000000000 ) ) ;
#1099 = ORIENTED_EDGE ( 'NONE', *, *, #811, .T. ) ;
#1100 = CARTESIAN_POINT ( 'NONE',  ( -3.099999999999289990, -22.69729577822266364, 0.5000000000000000000 ) ) ;
#1101 = FACE_OUTER_BOUND ( 'NONE', #284, .T. ) ;
#1102 = EDGE_CURVE ( 'NONE', #708, #226, #944, .T. ) ;
#1103 = CARTESIAN_POINT ( 'NONE',  ( 23.04999962000022506, 3.300000000000543832, 2.000000000000000000 ) ) ;
#1104 = CARTESIAN_POINT ( 'NONE',  ( 3.600016180214178309E-14, -3.299999999999688516, 2.000000000000000000 ) ) ;
#1105 = FACE_OUTER_BOUND ( 'NONE', #212, .T. ) ;
#1106 = CARTESIAN_POINT ( 'NONE',  ( 3.099999999999998757, 0.000000000000000000, 1.800000000000001155 ) ) ;
#1107 = VERTEX_POINT ( 'NONE', #57 ) ;
#1108 = DIRECTION ( 'NONE',  ( 0.000000000000000000, 0.000000000000000000, 1.000000000000000000 ) ) ;
#1109 = AXIS2_PLACEMENT_3D ( 'NONE', #1768, #976, #424 ) ;
#1110 = DIRECTION ( 'NONE',  ( -1.000000000000000000, 0.000000000000000000, -0.000000000000000000 ) ) ;
#1111 = VECTOR ( 'NONE', #1386, 1000.000000000000000 ) ;
#1112 = EDGE_CURVE ( 'NONE', #2123, #459, #174, .T. ) ;
#1113 = CIRCLE ( 'NONE', #1816, 3.120000000000004547 ) ;
#1114 = FACE_OUTER_BOUND ( 'NONE', #935, .T. ) ;
#1115 = DIRECTION ( 'NONE',  ( 1.000000000000000000, 0.000000000000000000, 0.000000000000000000 ) ) ;
#1116 = AXIS2_PLACEMENT_3D ( 'NONE', #139, #1693, #542 ) ;
#1117 = EDGE_CURVE ( 'NONE', #312, #2099, #272, .T. ) ;
#1118 = CARTESIAN_POINT ( 'NONE',  ( 23.04999962000026770, -3.099999999999445421, 9.118876719727639468 ) ) ;
#1119 = VERTEX_POINT ( 'NONE', #91 ) ;
#1120 = VERTEX_POINT ( 'NONE', #864 ) ;
#1121 = DIRECTION ( 'NONE',  ( 1.000000000000000000, 0.000000000000000000, 0.000000000000000000 ) ) ;
#1122 = DIRECTION ( 'NONE',  ( -6.942179961846214108E-15, 1.000000000000000000, 0.000000000000000000 ) ) ;
#1123 = AXIS2_PLACEMENT_3D ( 'NONE', #1754, #2293, #384 ) ;
#1124 = ADVANCED_FACE ( 'NONE', ( #244, #2424, #1016, #834, #1605, #2051 ), #500, .F. ) ;
#1125 = VECTOR ( 'NONE', #2248, 1000.000000000000000 ) ;
#1126 = CONICAL_SURFACE ( 'NONE', #1497, 27.50000000000000000, 0.7853981633974500554 ) ;
#1127 = PRODUCT_CONTEXT ( 'NONE', #1393, 'mechanical' ) ;
#1128 = AXIS2_PLACEMENT_3D ( 'NONE', #1158, #2487, #562 ) ;
#1129 = LINE ( 'NONE', #1719, #847 ) ;
#1130 = PLANE ( 'NONE',  #2032 ) ;
#1131 = CARTESIAN_POINT ( 'NONE',  ( 27.50000000000000000, 0.000000000000000000, -1.999999999999992228 ) ) ;
#1132 = ADVANCED_FACE ( 'NONE', ( #1457 ), #1085, .F. ) ;
#1133 = DIRECTION ( 'NONE',  ( 0.000000000000000000, 0.000000000000000000, 1.000000000000000000 ) ) ;
#1134 = ORIENTED_EDGE ( 'NONE', *, *, #825, .T. ) ;
#1135 = DIRECTION ( 'NONE',  ( 0.000000000000000000, -1.000000000000000000, 0.000000000000000000 ) ) ;
#1136 = CARTESIAN_POINT ( 'NONE',  ( 23.04999962000000480, 1.040834085586084257E-14, -3.000000000000000000 ) ) ;
#1137 = FACE_OUTER_BOUND ( 'NONE', #1471, .T. ) ;
#1138 = CARTESIAN_POINT ( 'NONE',  ( 0.000000000000000000, -23.04999961999998348, 0.5000000000000000000 ) ) ;
#1139 = CARTESIAN_POINT ( 'NONE',  ( -23.04999962000000480, 1.040834085586084257E-14, 0.4793750000000008282 ) ) ;
#1140 = DIRECTION ( 'NONE',  ( -0.000000000000000000, -0.000000000000000000, -1.000000000000000000 ) ) ;
#1141 = FACE_OUTER_BOUND ( 'NONE', #129, .T. ) ;
#1142 = VECTOR ( 'NONE', #1751, 1000.000000000000000 ) ;
#1143 = EDGE_LOOP ( 'NONE', ( #1580, #1803, #1712, #982, #695 ) ) ;
#1144 = EDGE_CURVE ( 'NONE', #1404, #1795, #1339, .T. ) ;
#1145 = DIRECTION ( 'NONE',  ( 1.000000000000000000, 0.000000000000000000, 0.000000000000000000 ) ) ;
#1146 = CARTESIAN_POINT ( 'NONE',  ( 1.520000000000000906, -23.04999961999998348, -1.150000000000011458 ) ) ;
#1147 = EDGE_CURVE ( 'NONE', #2008, #1370, #525, .T. ) ;
#1148 = VECTOR ( 'NONE', #2493, 1000.000000000000000 ) ;
#1149 = DIRECTION ( 'NONE',  ( -0.000000000000000000, -0.000000000000000000, 1.000000000000000000 ) ) ;
#1150 = ORIENTED_EDGE ( 'NONE', *, *, #2411, .F. ) ;
#1151 = DIRECTION ( 'NONE',  ( 1.000000000000000000, 0.000000000000000000, 0.000000000000000000 ) ) ;
#1152 = DIRECTION ( 'NONE',  ( 0.000000000000000000, 0.000000000000000000, -1.000000000000000000 ) ) ;
#1153 = VECTOR ( 'NONE', #1915, 1000.000000000000000 ) ;
#1154 = AXIS2_PLACEMENT_3D ( 'NONE', #163, #939, #1272 ) ;
#1155 = DIRECTION ( 'NONE',  ( 1.000000000000000000, 0.000000000000000000, 0.000000000000000000 ) ) ;
#1156 = CARTESIAN_POINT ( 'NONE',  ( 21.11184501648313372, -3.499999999999466649, 2.000000000000000000 ) ) ;
#1157 = ORIENTED_EDGE ( 'NONE', *, *, #2333, .T. ) ;
#1158 = CARTESIAN_POINT ( 'NONE',  ( -1.229757593241230005E-14, 3.099999999999767386, 9.118876719727639468 ) ) ;
#1159 = EDGE_CURVE ( 'NONE', #1403, #1234, #2361, .T. ) ;
#1160 = CIRCLE ( 'NONE', #1984, 1.519999999999990026 ) ;
#1161 = SHAPE_DEFINITION_REPRESENTATION ( #183, #1742 ) ;
#1162 = EDGE_CURVE ( 'NONE', #2256, #2036, #1071, .T. ) ;
#1163 = DIRECTION ( 'NONE',  ( 1.000000000000000000, 0.000000000000000000, 0.000000000000000000 ) ) ;
#1164 = VERTEX_POINT ( 'NONE', #1479 ) ;
#1165 = AXIS2_PLACEMENT_3D ( 'NONE', #776, #2115, #1328 ) ;
#1166 = CONICAL_SURFACE ( 'NONE', #1665, 21.00000000000000000, 0.7853981633974309595 ) ;
#1167 = LINE ( 'NONE', #565, #2432 ) ;
#1168 = DIRECTION ( 'NONE',  ( 1.000000000000000000, 0.000000000000000000, 0.000000000000000000 ) ) ;
#1169 = AXIS2_PLACEMENT_3D ( 'NONE', #971, #960, #1943 ) ;
#1170 = CARTESIAN_POINT ( 'NONE',  ( 3.099999999999998757, 23.04999962000000480, 1.800000000000001155 ) ) ;
#1171 = VERTEX_POINT ( 'NONE', #127 ) ;
#1172 = CYLINDRICAL_SURFACE ( 'NONE', #1924, 1.519999999999990026 ) ;
#1173 = AXIS2_PLACEMENT_3D ( 'NONE', #1353, #2138, #224 ) ;
#1174 = CARTESIAN_POINT ( 'NONE',  ( -23.04999961999968505, -3.300000000000312905, 2.000000000000000000 ) ) ;
#1175 = EDGE_LOOP ( 'NONE', ( #1282, #1597, #1030, #797, #1786, #1732 ) ) ;
#1176 = ORIENTED_EDGE ( 'NONE', *, *, #2413, .F. ) ;
#1177 = EDGE_CURVE ( 'NONE', #117, #1612, #248, .T. ) ;
#1178 = DIRECTION ( 'NONE',  ( -0.7071067811865352493, 0.000000000000000000, 0.7071067811865597852 ) ) ;
#1179 = DIRECTION ( 'NONE',  ( 0.000000000000000000, 0.000000000000000000, 1.000000000000000000 ) ) ;
#1180 = CIRCLE ( 'NONE', #1017, 11.50000000000000000 ) ;
#1181 = EDGE_CURVE ( 'NONE', #449, #1416, #1510, .T. ) ;
#1182 = CARTESIAN_POINT ( 'NONE',  ( 3.500000000000696776, -21.11184501648293477, 1.800000000000001155 ) ) ;
#1183 =( LENGTH_UNIT ( ) NAMED_UNIT ( * ) SI_UNIT ( .MILLI., .METRE. ) );
#1184 = EDGE_LOOP ( 'NONE', ( #667, #2365, #1157, #329 ) ) ;
#1185 = CARTESIAN_POINT ( 'NONE',  ( -23.04999962000000480, 1.040834085586084257E-14, -3.001000000000000334 ) ) ;
#1186 = CARTESIAN_POINT ( 'NONE',  ( -3.299999999999292832, -21.11184501648315859, 2.000000000000000000 ) ) ;
#1187 = ORIENTED_EDGE ( 'NONE', *, *, #2185, .F. ) ;
#1188 = VERTEX_POINT ( 'NONE', #2450 ) ;
#1189 = CARTESIAN_POINT ( 'NONE',  ( -3.099999999999447198, -2.152075788171929577E-14, 1.800000000000001155 ) ) ;
#1190 = DIRECTION ( 'NONE',  ( 1.000000000000000000, 1.090913994004399439E-14, 0.000000000000000000 ) ) ;
#1191 = ADVANCED_FACE ( 'NONE', ( #1663 ), #166, .F. ) ;
#1192 = AXIS2_PLACEMENT_3D ( 'NONE', #1423, #2235, #1452 ) ;
#1193 = DIRECTION ( 'NONE',  ( -0.000000000000000000, -0.000000000000000000, -1.000000000000000000 ) ) ;
#1194 = EDGE_CURVE ( 'NONE', #462, #1460, #2460, .T. ) ;
#1195 = CARTESIAN_POINT ( 'NONE',  ( 26.16999962000000934, 1.040834085586084257E-14, 0.5000000000000000000 ) ) ;
#1196 = ORIENTED_EDGE ( 'NONE', *, *, #1478, .F. ) ;
#1197 = LINE ( 'NONE', #596, #514 ) ;
#1198 = CARTESIAN_POINT ( 'NONE',  ( 3.299999999999990496, 23.04999962000000480, 2.000000000000000000 ) ) ;
#1199 = EDGE_LOOP ( 'NONE', ( #2409, #516, #1881, #2140 ) ) ;
#1200 = LINE ( 'NONE', #2428, #2119 ) ;
#1201 = ORIENTED_EDGE ( 'NONE', *, *, #2181, .F. ) ;
#1202 = VERTEX_POINT ( 'NONE', #1198 ) ;
#1203 = CYLINDRICAL_SURFACE ( 'NONE', #2387, 1.520000000000000018 ) ;
#1204 = PLANE ( 'NONE',  #792 ) ;
#1205 = VECTOR ( 'NONE', #4, 1000.000000000000000 ) ;
#1206 = CARTESIAN_POINT ( 'NONE',  ( 22.93202964458594195, -3.099999999999989875, 0.4793749999999851186 ) ) ;
#1207 = VECTOR ( 'NONE', #967, 1000.000000000000000 ) ;
#1208 = ORIENTED_EDGE ( 'NONE', *, *, #647, .F. ) ;
#1209 = DIRECTION ( 'NONE',  ( 0.000000000000000000, 0.000000000000000000, -1.000000000000000000 ) ) ;
#1210 = ORIENTED_EDGE ( 'NONE', *, *, #1805, .F. ) ;
#1211 = EDGE_CURVE ( 'NONE', #1202, #762, #235, .T. ) ;
#1212 = VERTEX_POINT ( 'NONE', #101 ) ;
#1213 = CARTESIAN_POINT ( 'NONE',  ( 0.000000000000000000, 0.000000000000000000, 2.000000000000000000 ) ) ;
#1214 = ORIENTED_EDGE ( 'NONE', *, *, #1451, .T. ) ;
#1215 = ORIENTED_EDGE ( 'NONE', *, *, #2302, .F. ) ;
#1216 = FACE_OUTER_BOUND ( 'NONE', #622, .T. ) ;
#1217 = DIRECTION ( 'NONE',  ( -0.000000000000000000, -0.000000000000000000, 1.000000000000000000 ) ) ;
#1218 = DIRECTION ( 'NONE',  ( -7.359808400080367992E-14, 0.7071067811865352493, -0.7071067811865597852 ) ) ;
#1219 = ORIENTED_EDGE ( 'NONE', *, *, #493, .T. ) ;
#1220 = FACE_OUTER_BOUND ( 'NONE', #1417, .T. ) ;
#1221 = ORIENTED_EDGE ( 'NONE', *, *, #1478, .T. ) ;
#1222 = ORIENTED_EDGE ( 'NONE', *, *, #132, .F. ) ;
#1223 = EDGE_CURVE ( 'NONE', #1414, #824, #1982, .T. ) ;
#1224 = ORIENTED_EDGE ( 'NONE', *, *, #2434, .F. ) ;
#1225 = CARTESIAN_POINT ( 'NONE',  ( -20.71723109094136106, 3.434579439252026134, 1.800000000000001155 ) ) ;
#1226 = ADVANCED_FACE ( 'NONE', ( #483 ), #1126, .T. ) ;
#1227 = CIRCLE ( 'NONE', #1275, 27.50000000000000000 ) ;
#1228 = VERTEX_POINT ( 'NONE', #1675 ) ;
#1229 = ORIENTED_EDGE ( 'NONE', *, *, #2396, .T. ) ;
#1230 = CARTESIAN_POINT ( 'NONE',  ( 3.434579439253020006, -20.71723109094119764, 1.800000000000001155 ) ) ;
#1231 = FACE_OUTER_BOUND ( 'NONE', #467, .T. ) ;
#1232 = CARTESIAN_POINT ( 'NONE',  ( 11.50000000000000000, 1.408343819019456176E-15, 34.52691193458118590 ) ) ;
#1233 = VECTOR ( 'NONE', #2506, 1000.000000000000000 ) ;
#1234 = VERTEX_POINT ( 'NONE', #2048 ) ;
#1235 = DIRECTION ( 'NONE',  ( 1.000000000000000000, 0.000000000000000000, 0.000000000000000000 ) ) ;
#1236 = VECTOR ( 'NONE', #1028, 1000.000000000000000 ) ;
#1237 = ORIENTED_EDGE ( 'NONE', *, *, #898, .F. ) ;
#1238 = CARTESIAN_POINT ( 'NONE',  ( 0.000000000000000000, 0.000000000000000000, 2.000000000000000000 ) ) ;
#1239 = AXIS2_PLACEMENT_3D ( 'NONE', #1333, #168, #1953 ) ;
#1240 = ADVANCED_FACE ( 'NONE', ( #1787 ), #1477, .F. ) ;
#1241 = AXIS2_PLACEMENT_3D ( 'NONE', #2282, #1909, #2479 ) ;
#1242 = CARTESIAN_POINT ( 'NONE',  ( -3.099999999999289990, -22.69729577822266364, 0.5000000000000000000 ) ) ;
#1243 = ORIENTED_EDGE ( 'NONE', *, *, #1451, .F. ) ;
#1244 = ORIENTED_EDGE ( 'NONE', *, *, #340, .F. ) ;
#1245 = ADVANCED_FACE ( 'NONE', ( #46 ), #1829, .T. ) ;
#1246 = FILL_AREA_STYLE ('',( #477 ) ) ;
#1247 = LINE ( 'NONE', #2031, #1233 ) ;
#1248 = CARTESIAN_POINT ( 'NONE',  ( 21.11184501648313017, -3.299999999999458478, 2.000000000000000000 ) ) ;
#1249 = AXIS2_PLACEMENT_3D ( 'NONE', #1855, #1867, #509 ) ;
#1250 = CARTESIAN_POINT ( 'NONE',  ( 0.000000000000000000, 0.000000000000000000, 0.000000000000000000 ) ) ;
#1251 = ORIENTED_EDGE ( 'NONE', *, *, #1949, .T. ) ;
#1252 = LINE ( 'NONE', #1978, #2054 ) ;
#1253 =( GEOMETRIC_REPRESENTATION_CONTEXT ( 3 ) GLOBAL_UNCERTAINTY_ASSIGNED_CONTEXT ( ( #2473 ) ) GLOBAL_UNIT_ASSIGNED_CONTEXT ( ( #1695, #1644, #1672 ) ) REPRESENTATION_CONTEXT ( 'NONE', 'WORKASPACE' ) );
#1254 = AXIS2_PLACEMENT_3D ( 'NONE', #155, #346, #385 ) ;
#1255 = ORIENTED_EDGE ( 'NONE', *, *, #1793, .F. ) ;
#1256 = ORIENTED_EDGE ( 'NONE', *, *, #1349, .F. ) ;
#1257 = AXIS2_PLACEMENT_3D ( 'NONE', #937, #1520, #2310 ) ;
#1258 = DIRECTION ( 'NONE',  ( 1.000000000000000000, 0.000000000000000000, 0.000000000000000000 ) ) ;
#1259 = EDGE_LOOP ( 'NONE', ( #1224, #2174, #1613, #2203, #2132 ) ) ;
#1260 = EDGE_LOOP ( 'NONE', ( #2027, #766 ) ) ;
#1261 = ADVANCED_FACE ( 'NONE', ( #1634 ), #736, .F. ) ;
#1262 = EDGE_CURVE ( 'NONE', #1791, #1388, #1458, .T. ) ;
#1263 = DIRECTION ( 'NONE',  ( -0.000000000000000000, 1.000000000000000000, 0.000000000000000000 ) ) ;
#1264 = DIRECTION ( 'NONE',  ( -0.7071067811865352493, 0.000000000000000000, 0.7071067811865597852 ) ) ;
#1265 = ORIENTED_EDGE ( 'NONE', *, *, #599, .F. ) ;
#1266 = DIRECTION ( 'NONE',  ( 1.000000000000000000, 0.000000000000000000, -0.000000000000000000 ) ) ;
#1267 = ADVANCED_FACE ( 'NONE', ( #1058 ), #197, .T. ) ;
#1268 = ORIENTED_EDGE ( 'NONE', *, *, #1526, .F. ) ;
#1269 = AXIS2_PLACEMENT_3D ( 'NONE', #902, #2241, #305 ) ;
#1270 = VECTOR ( 'NONE', #2270, 1000.000000000000114 ) ;
#1271 = VERTEX_POINT ( 'NONE', #126 ) ;
#1272 = DIRECTION ( 'NONE',  ( 1.000000000000000000, 0.000000000000000000, 0.000000000000000000 ) ) ;
#1273 = ORIENTED_EDGE ( 'NONE', *, *, #2350, .F. ) ;
#1274 = AXIS2_PLACEMENT_3D ( 'NONE', #1848, #1209, #2209 ) ;
#1275 = AXIS2_PLACEMENT_3D ( 'NONE', #1545, #582, #1348 ) ;
#1276 = LINE ( 'NONE', #1104, #1691 ) ;
#1277 = EDGE_CURVE ( 'NONE', #383, #2412, #510, .T. ) ;
#1278 = DIRECTION ( 'NONE',  ( 1.000000000000000000, 0.000000000000000000, -0.000000000000000000 ) ) ;
#1279 = CARTESIAN_POINT ( 'NONE',  ( 1.229757593241420436E-14, -3.100000000000229683, 0.5000000000000000000 ) ) ;
#1280 = EDGE_CURVE ( 'NONE', #841, #1572, #567, .T. ) ;
#1281 = LINE ( 'NONE', #1309, #1487 ) ;
#1282 = ORIENTED_EDGE ( 'NONE', *, *, #1714, .F. ) ;
#1283 = AXIS2_PLACEMENT_3D ( 'NONE', #1914, #196, #957 ) ;
#1284 = VERTEX_POINT ( 'NONE', #523 ) ;
#1285 = CARTESIAN_POINT ( 'NONE',  ( 3.099999999999998757, 0.000000000000000000, 9.118876719727639468 ) ) ;
#1286 = AXIS2_PLACEMENT_3D ( 'NONE', #308, #527, #1904 ) ;
#1287 = CIRCLE ( 'NONE', #393, 1.520000000000000462 ) ;
#1288 = DIRECTION ( 'NONE',  ( -1.000000000000000000, -1.090913994004399439E-14, 0.000000000000000000 ) ) ;
#1289 = CARTESIAN_POINT ( 'NONE',  ( -29.50000000000000355, 0.000000000000000000, 2.000000000000000000 ) ) ;
#1290 = CARTESIAN_POINT ( 'NONE',  ( 0.000000000000000000, 0.000000000000000000, -3.000000000000000000 ) ) ;
#1291 = VECTOR ( 'NONE', #900, 1000.000000000000000 ) ;
#1292 = DIRECTION ( 'NONE',  ( 0.000000000000000000, 0.000000000000000000, 1.000000000000000000 ) ) ;
#1293 = ORIENTED_EDGE ( 'NONE', *, *, #2103, .T. ) ;
#1294 = CIRCLE ( 'NONE', #851, 0.4000000000000010214 ) ;
#1295 = ADVANCED_FACE ( 'NONE', ( #704 ), #727, .T. ) ;
#1296 = CARTESIAN_POINT ( 'NONE',  ( -3.099999999999289102, -22.81446697911211174, 0.4863403227255676531 ) ) ;
#1297 = DIRECTION ( 'NONE',  ( 1.000000000000000000, 0.000000000000000000, 0.000000000000000000 ) ) ;
#1298 = DIRECTION ( 'NONE',  ( -0.000000000000000000, -0.000000000000000000, -1.000000000000000000 ) ) ;
#1299 = DIRECTION ( 'NONE',  ( -0.000000000000000000, -0.000000000000000000, 1.000000000000000000 ) ) ;
#1300 = LINE ( 'NONE', #1698, #2150 ) ;
#1301 = CARTESIAN_POINT ( 'NONE',  ( -1.520000000000000018, 23.04999962000000480, -3.000000000000000000 ) ) ;
#1302 = ORIENTED_EDGE ( 'NONE', *, *, #2185, .T. ) ;
#1303 = CARTESIAN_POINT ( 'NONE',  ( -1.520000000000000018, 23.04999962000000480, -1.150000000000011458 ) ) ;
#1304 = ADVANCED_FACE ( 'NONE', ( #1455, #2073 ), #326, .T. ) ;
#1305 = CARTESIAN_POINT ( 'NONE',  ( -23.04999961999968505, -3.100000000000321165, 1.800000000000001155 ) ) ;
#1306 = EDGE_CURVE ( 'NONE', #601, #260, #317, .T. ) ;
#1307 = DIRECTION ( 'NONE',  ( 1.000000000000000000, 0.000000000000000000, 0.000000000000000000 ) ) ;
#1308 = CARTESIAN_POINT ( 'NONE',  ( -1.520000000000000906, -23.04999961999998348, -1.150000000000011458 ) ) ;
#1309 = CARTESIAN_POINT ( 'NONE',  ( 3.120000000000012541, -23.04999961999998348, 0.5000000000000000000 ) ) ;
#1310 = ORIENTED_EDGE ( 'NONE', *, *, #2318, .T. ) ;
#1311 = PLANE ( 'NONE',  #1022 ) ;
#1312 = ORIENTED_EDGE ( 'NONE', *, *, #554, .T. ) ;
#1313 = AXIS2_PLACEMENT_3D ( 'NONE', #1384, #27, #1168 ) ;
#1314 = FACE_OUTER_BOUND ( 'NONE', #35, .T. ) ;
#1315 = AXIS2_PLACEMENT_3D ( 'NONE', #2005, #1424, #482 ) ;
#1316 = ADVANCED_FACE ( 'NONE', ( #1096 ), #1879, .F. ) ;
#1317 = VECTOR ( 'NONE', #1889, 1000.000000000000000 ) ;
#1318 = CARTESIAN_POINT ( 'NONE',  ( -3.299999999999292832, -21.11184501648315859, 2.000000000000000000 ) ) ;
#1319 = DIRECTION ( 'NONE',  ( 1.000000000000000000, 0.000000000000000000, 0.000000000000000000 ) ) ;
#1320 = CARTESIAN_POINT ( 'NONE',  ( 3.500000000000696776, -21.11184501648293477, 0.5000000000000000000 ) ) ;
#1321 = CARTESIAN_POINT ( 'NONE',  ( 21.11184501648296319, 3.100000000000530775, 0.5000000000000000000 ) ) ;
#1322 = EDGE_LOOP ( 'NONE', ( #539, #2268, #1987, #2009 ) ) ;
#1323 = ORIENTED_EDGE ( 'NONE', *, *, #2399, .F. ) ;
#1324 = CARTESIAN_POINT ( 'NONE',  ( -21.11184501648299516, -3.100000000000313616, 1.800000000000001155 ) ) ;
#1325 = CARTESIAN_POINT ( 'NONE',  ( -3.381833381413983783E-14, 3.100000000000300293, 9.118876719727639468 ) ) ;
#1326 = CIRCLE ( 'NONE', #1902, 12.50000000000000000 ) ;
#1327 = CONICAL_SURFACE ( 'NONE', #930, 0.2000000000000096423, 0.7853981633974268517 ) ;
#1328 = DIRECTION ( 'NONE',  ( 1.000000000000000000, 0.000000000000000000, 0.000000000000000000 ) ) ;
#1329 = DIRECTION ( 'NONE',  ( -1.090913994004399439E-14, 1.000000000000000000, 0.000000000000000000 ) ) ;
#1330 = DIRECTION ( 'NONE',  ( -6.942179961846214108E-15, 1.000000000000000000, 0.000000000000000000 ) ) ;
#1331 = EDGE_CURVE ( 'NONE', #507, #1448, #358, .T. ) ;
#1332 = CARTESIAN_POINT ( 'NONE',  ( 23.04999962000027125, -3.299999999999980282, 2.000000000000000000 ) ) ;
#1333 = CARTESIAN_POINT ( 'NONE',  ( 0.000000000000000000, 0.000000000000000000, 2.000000000000000000 ) ) ;
#1334 = ORIENTED_EDGE ( 'NONE', *, *, #444, .T. ) ;
#1335 = DIRECTION ( 'NONE',  ( 1.000000000000000000, 0.000000000000000000, 0.000000000000000000 ) ) ;
#1336 = AXIS2_PLACEMENT_3D ( 'NONE', #2152, #211, #2116 ) ;
#1337 = FACE_OUTER_BOUND ( 'NONE', #1007, .T. ) ;
#1338 = LINE ( 'NONE', #1743, #899 ) ;
#1339 = CIRCLE ( 'NONE', #1063, 0.4000000000000001887 ) ;
#1340 = ORIENTED_EDGE ( 'NONE', *, *, #2103, .F. ) ;
#1341 = LINE ( 'NONE', #193, #1205 ) ;
#1342 = DIRECTION ( 'NONE',  ( -0.000000000000000000, -0.000000000000000000, 1.000000000000000000 ) ) ;
#1343 = ADVANCED_FACE ( 'NONE', ( #1105 ), #2315, .T. ) ;
#1344 = DIRECTION ( 'NONE',  ( 0.7071067811865344721, 0.000000000000000000, 0.7071067811865604513 ) ) ;
#1345 = CARTESIAN_POINT ( 'NONE',  ( 0.000000000000000000, 0.000000000000000000, 0.5000000000000004441 ) ) ;
#1346 = CIRCLE ( 'NONE', #1683, 21.00000000000000000 ) ;
#1347 = ORIENTED_EDGE ( 'NONE', *, *, #153, .F. ) ;
#1348 = DIRECTION ( 'NONE',  ( 1.000000000000000000, 0.000000000000000000, 0.000000000000000000 ) ) ;
#1349 = EDGE_CURVE ( 'NONE', #1414, #169, #607, .T. ) ;
#1350 = CIRCLE ( 'NONE', #259, 21.19999999999999218 ) ;
#1351 = DIRECTION ( 'NONE',  ( 1.000000000000000000, 1.090913994004399439E-14, -0.000000000000000000 ) ) ;
#1352 = VECTOR ( 'NONE', #2130, 1000.000000000000000 ) ;
#1353 = CARTESIAN_POINT ( 'NONE',  ( 0.000000000000000000, 0.000000000000000000, -1.999999999999992228 ) ) ;
#1354 = ORIENTED_EDGE ( 'NONE', *, *, #713, .T. ) ;
#1355 = AXIS2_PLACEMENT_3D ( 'NONE', #1320, #2108, #1529 ) ;
#1356 = DIRECTION ( 'NONE',  ( 1.000000000000000000, 0.000000000000000000, 0.000000000000000000 ) ) ;
#1357 = DIRECTION ( 'NONE',  ( -2.805064301279377262E-15, 0.7071067811865597852, 0.7071067811865352493 ) ) ;
#1358 = STYLED_ITEM ( 'NONE', ( #416 ), #873 ) ;
#1359 = AXIS2_PLACEMENT_3D ( 'NONE', #563, #1533, #2114 ) ;
#1360 = CARTESIAN_POINT ( 'NONE',  ( 23.04999962000000480, 1.040834085586084257E-14, -3.000000000000000000 ) ) ;
#1361 = FACE_BOUND ( 'NONE', #2423, .T. ) ;
#1362 = EDGE_LOOP ( 'NONE', ( #1486, #926, #1425, #225, #1994 ) ) ;
#1363 = DIRECTION ( 'NONE',  ( -0.000000000000000000, -0.000000000000000000, 1.000000000000000000 ) ) ;
#1364 = EDGE_CURVE ( 'NONE', #1284, #2385, #1300, .T. ) ;
#1365 = CIRCLE ( 'NONE', #232, 3.099999999999998757 ) ;
#1366 = FACE_OUTER_BOUND ( 'NONE', #257, .T. ) ;
#1367 = ADVANCED_FACE ( 'NONE', ( #578 ), #124, .F. ) ;
#1368 = EDGE_LOOP ( 'NONE', ( #813, #817, #1907, #979 ) ) ;
#1369 = CIRCLE ( 'NONE', #33, 1.520000000000000018 ) ;
#1370 = VERTEX_POINT ( 'NONE', #738 ) ;
#1371 = AXIS2_PLACEMENT_3D ( 'NONE', #2276, #1515, #1319 ) ;
#1372 = DIRECTION ( 'NONE',  ( 1.000000000000000000, 0.000000000000000000, 0.000000000000000000 ) ) ;
#1373 = CARTESIAN_POINT ( 'NONE',  ( 3.100000000000709743, -23.04999961999990887, 1.800000000000001155 ) ) ;
#1374 = LINE ( 'NONE', #1551, #429 ) ;
#1375 =( NAMED_UNIT ( * ) PLANE_ANGLE_UNIT ( ) SI_UNIT ( $, .RADIAN. ) );
#1376 = EDGE_LOOP ( 'NONE', ( #2222, #1776, #2227, #389 ) ) ;
#1377 = DIRECTION ( 'NONE',  ( 0.000000000000000000, 0.000000000000000000, -1.000000000000000000 ) ) ;
#1378 = ADVANCED_FACE ( 'NONE', ( #2304 ), #697, .F. ) ;
#1379 = CARTESIAN_POINT ( 'NONE',  ( 21.52999962000000522, 1.059448716933124043E-14, -3.001000000000000334 ) ) ;
#1380 = EDGE_LOOP ( 'NONE', ( #29, #1082, #869, #2155 ) ) ;
#1381 = ORIENTED_EDGE ( 'NONE', *, *, #456, .T. ) ;
#1382 = EDGE_CURVE ( 'NONE', #1572, #2416, #144, .T. ) ;
#1383 = LINE ( 'NONE', #1041, #532 ) ;
#1384 = CARTESIAN_POINT ( 'NONE',  ( 0.000000000000000000, 23.04999962000000480, 0.5000000000000000000 ) ) ;
#1385 = VECTOR ( 'NONE', #784, 1000.000000000000114 ) ;
#1386 = DIRECTION ( 'NONE',  ( -0.000000000000000000, -0.000000000000000000, 1.000000000000000000 ) ) ;
#1387 = DIRECTION ( 'NONE',  ( -1.000000000000000000, 0.000000000000000000, 0.000000000000000000 ) ) ;
#1388 = VERTEX_POINT ( 'NONE', #922 ) ;
#1389 = CARTESIAN_POINT ( 'NONE',  ( 3.434579439253019562, -20.71723109094119408, 0.5000000000000000000 ) ) ;
#1390 = VECTOR ( 'NONE', #821, 1000.000000000000000 ) ;
#1391 = ORIENTED_EDGE ( 'NONE', *, *, #1617, .T. ) ;
#1392 = DIRECTION ( 'NONE',  ( -0.000000000000000000, -0.000000000000000000, -1.000000000000000000 ) ) ;
#1393 = APPLICATION_CONTEXT ( 'automotive_design' ) ;
#1394 = VERTEX_POINT ( 'NONE', #2471 ) ;
#1395 = ORIENTED_EDGE ( 'NONE', *, *, #2381, .F. ) ;
#1396 = CARTESIAN_POINT ( 'NONE',  ( -1.520000000000000906, -23.04999961999998348, -3.000000000000000000 ) ) ;
#1397 = DIRECTION ( 'NONE',  ( -1.000000000000000000, 0.000000000000000000, 0.000000000000000000 ) ) ;
#1398 = AXIS2_PLACEMENT_3D ( 'NONE', #2340, #254, #1397 ) ;
#1399 = EDGE_CURVE ( 'NONE', #1612, #117, #2112, .T. ) ;
#1400 = CARTESIAN_POINT ( 'NONE',  ( -23.04999961999969926, 3.099999999999675904, 0.4793750000000006617 ) ) ;
#1401 = CARTESIAN_POINT ( 'NONE',  ( -22.69729577822609912, 3.099999999999677236, 0.5000000000000000000 ) ) ;
#1402 = AXIS2_PLACEMENT_3D ( 'NONE', #1677, #328, #147 ) ;
#1403 = VERTEX_POINT ( 'NONE', #1503 ) ;
#1404 = VERTEX_POINT ( 'NONE', #566 ) ;
#1405 = CARTESIAN_POINT ( 'NONE',  ( -27.50000000000000000, 3.367778697655221307E-15, -3.000000000000000000 ) ) ;
#1406 = EDGE_LOOP ( 'NONE', ( #492, #2289, #64, #1531 ) ) ;
#1407 = EDGE_LOOP ( 'NONE', ( #1023, #1625, #652, #1680 ) ) ;
#1408 = DIRECTION ( 'NONE',  ( -0.000000000000000000, -0.000000000000000000, 1.000000000000000000 ) ) ;
#1409 = FACE_OUTER_BOUND ( 'NONE', #1376, .T. ) ;
#1410 = AXIS2_PLACEMENT_3D ( 'NONE', #632, #450, #1012 ) ;
#1411 = VECTOR ( 'NONE', #1149, 1000.000000000000000 ) ;
#1412 = CYLINDRICAL_SURFACE ( 'NONE', #1440, 0.4000000000000001887 ) ;
#1413 = ADVANCED_FACE ( 'NONE', ( #5 ), #1130, .F. ) ;
#1414 = VERTEX_POINT ( 'NONE', #2294 ) ;
#1415 = DIRECTION ( 'NONE',  ( 0.6961458360737503570, 0.000000000000000000, 0.7179003934510546081 ) ) ;
#1416 = VERTEX_POINT ( 'NONE', #1900 ) ;
#1417 = EDGE_LOOP ( 'NONE', ( #2414, #252, #1134, #1630 ) ) ;
#1418 = ORIENTED_EDGE ( 'NONE', *, *, #1728, .F. ) ;
#1419 = CARTESIAN_POINT ( 'NONE',  ( 0.000000000000000000, 0.000000000000000000, -3.000000000000000000 ) ) ;
#1420 = ORIENTED_EDGE ( 'NONE', *, *, #2362, .F. ) ;
#1421 = ORIENTED_EDGE ( 'NONE', *, *, #86, .F. ) ;
#1422 = LINE ( 'NONE', #1825, #123 ) ;
#1423 = CARTESIAN_POINT ( 'NONE',  ( 0.000000000000000000, 0.000000000000000000, -3.000000000000000000 ) ) ;
#1424 = DIRECTION ( 'NONE',  ( 0.000000000000000000, 0.000000000000000000, 1.000000000000000000 ) ) ;
#1425 = ORIENTED_EDGE ( 'NONE', *, *, #2199, .T. ) ;
#1426 = DIRECTION ( 'NONE',  ( 1.000000000000000000, 0.000000000000000000, 0.000000000000000000 ) ) ;
#1427 = ADVANCED_FACE ( 'NONE', ( #2481 ), #1327, .T. ) ;
#1428 = VERTEX_POINT ( 'NONE', #1308 ) ;
#1429 = EDGE_CURVE ( 'NONE', #2256, #2096, #2348, .T. ) ;
#1430 = ORIENTED_EDGE ( 'NONE', *, *, #1583, .T. ) ;
#1431 = DIRECTION ( 'NONE',  ( 1.000000000000000000, -1.084202172485501673E-15, 0.000000000000000000 ) ) ;
#1432 = VERTEX_POINT ( 'NONE', #1911 ) ;
#1433 = ORIENTED_EDGE ( 'NONE', *, *, #1637, .F. ) ;
#1434 = FACE_OUTER_BOUND ( 'NONE', #491, .T. ) ;
#1435 = DIRECTION ( 'NONE',  ( 0.000000000000000000, 0.000000000000000000, 1.000000000000000000 ) ) ;
#1436 = CIRCLE ( 'NONE', #916, 3.120000000000001439 ) ;
#1437 = DIRECTION ( 'NONE',  ( 1.000000000000000000, 0.000000000000000000, 0.000000000000000000 ) ) ;
#1438 = ORIENTED_EDGE ( 'NONE', *, *, #1700, .T. ) ;
#1439 = DIRECTION ( 'NONE',  ( 0.000000000000000000, -0.000000000000000000, -1.000000000000000000 ) ) ;
#1440 = AXIS2_PLACEMENT_3D ( 'NONE', #426, #2407, #2019 ) ;
#1441 = ORIENTED_EDGE ( 'NONE', *, *, #2106, .T. ) ;
#1442 = AXIS2_PLACEMENT_3D ( 'NONE', #2334, #1763, #1 ) ;
#1443 = ORIENTED_EDGE ( 'NONE', *, *, #1181, .F. ) ;
#1444 = AXIS2_PLACEMENT_3D ( 'NONE', #158, #1292, #1880 ) ;
#1445 = AXIS2_PLACEMENT_3D ( 'NONE', #961, #2311, #1351 ) ;
#1446 = ADVANCED_FACE ( 'NONE', ( #2504 ), #1166, .F. ) ;
#1447 = CARTESIAN_POINT ( 'NONE',  ( -26.49999999999998934, 3.306546357697852944E-15, -3.000000000000000000 ) ) ;
#1448 = VERTEX_POINT ( 'NONE', #1720 ) ;
#1449 = EDGE_LOOP ( 'NONE', ( #486, #991, #2324, #2353 ) ) ;
#1450 = CARTESIAN_POINT ( 'NONE',  ( 20.91453805371225627, -3.467289719625638700, 2.000000000000000000 ) ) ;
#1451 = EDGE_CURVE ( 'NONE', #2403, #160, #536, .T. ) ;
#1452 = DIRECTION ( 'NONE',  ( 1.000000000000000000, 0.000000000000000000, 0.000000000000000000 ) ) ;
#1453 = DIRECTION ( 'NONE',  ( 0.6975854567530036521, 0.1156483053342559769, -0.7071067811865602293 ) ) ;
#1454 = AXIS2_PLACEMENT_3D ( 'NONE', #2016, #1615, #830 ) ;
#1455 = FACE_OUTER_BOUND ( 'NONE', #404, .T. ) ;
#1456 = EDGE_LOOP ( 'NONE', ( #881, #2010, #970, #1334 ) ) ;
#1457 = FACE_OUTER_BOUND ( 'NONE', #364, .T. ) ;
#1458 = CIRCLE ( 'NONE', #402, 27.50000000000000000 ) ;
#1459 = ORIENTED_EDGE ( 'NONE', *, *, #3, .T. ) ;
#1460 = VERTEX_POINT ( 'NONE', #371 ) ;
#1461 = CARTESIAN_POINT ( 'NONE',  ( -23.04999962000000480, 1.040834085586084257E-14, 0.4793750000000008282 ) ) ;
#1462 = EDGE_LOOP ( 'NONE', ( #1019, #292 ) ) ;
#1463 = ORIENTED_EDGE ( 'NONE', *, *, #1162, .T. ) ;
#1464 = EDGE_CURVE ( 'NONE', #1271, #1847, #1945, .T. ) ;
#1465 = DIRECTION ( 'NONE',  ( 1.000000000000000000, 0.000000000000000000, 0.000000000000000000 ) ) ;
#1466 = EDGE_CURVE ( 'NONE', #2178, #1171, #2482, .T. ) ;
#1467 = LINE ( 'NONE', #125, #1291 ) ;
#1468 = DIRECTION ( 'NONE',  ( 0.000000000000000000, 0.000000000000000000, 1.000000000000000000 ) ) ;
#1469 = DIRECTION ( 'NONE',  ( -0.000000000000000000, -0.000000000000000000, 1.000000000000000000 ) ) ;
#1470 = CARTESIAN_POINT ( 'NONE',  ( 0.000000000000000000, 0.000000000000000000, 2.000000000000000000 ) ) ;
#1471 = EDGE_LOOP ( 'NONE', ( #2198, #684, #2216, #1638 ) ) ;
#1472 = AXIS2_PLACEMENT_3D ( 'NONE', #1676, #1858, #115 ) ;
#1473 = ORIENTED_EDGE ( 'NONE', *, *, #962, .T. ) ;
#1474 = CARTESIAN_POINT ( 'NONE',  ( -3.381833381413983783E-14, 3.100000000000300293, 0.5000000000000000000 ) ) ;
#1475 = CIRCLE ( 'NONE', #255, 0.2000000000000091982 ) ;
#1476 = CARTESIAN_POINT ( 'NONE',  ( 3.099999999999998757, 0.000000000000000000, 0.5000000000000000000 ) ) ;
#1477 = CYLINDRICAL_SURFACE ( 'NONE', #2309, 1.520000000000000906 ) ;
#1478 = EDGE_CURVE ( 'NONE', #1234, #1585, #2015, .T. ) ;
#1479 = CARTESIAN_POINT ( 'NONE',  ( -21.11184501648299516, -3.100000000000313616, 1.800000000000001155 ) ) ;
#1480 = AXIS2_PLACEMENT_3D ( 'NONE', #2157, #1179, #1974 ) ;
#1481 = DIRECTION ( 'NONE',  ( -0.000000000000000000, -0.000000000000000000, -1.000000000000000000 ) ) ;
#1482 = EDGE_LOOP ( 'NONE', ( #2064, #365 ) ) ;
#1483 = AXIS2_PLACEMENT_3D ( 'NONE', #2395, #1193, #662 ) ;
#1484 = CARTESIAN_POINT ( 'NONE',  ( -3.120000000000011653, 23.04999962000000480, 0.5000000000000000000 ) ) ;
#1485 = LINE ( 'NONE', #1474, #2337 ) ;
#1486 = ORIENTED_EDGE ( 'NONE', *, *, #2502, .T. ) ;
#1487 = VECTOR ( 'NONE', #1087, 1000.000000000000114 ) ;
#1488 = CIRCLE ( 'NONE', #1564, 3.120000000000004547 ) ;
#1489 = LINE ( 'NONE', #534, #1125 ) ;
#1490 = CARTESIAN_POINT ( 'NONE',  ( 29.50000000000000355, 3.612708057484692393E-15, 2.000000000000000000 ) ) ;
#1491 = CARTESIAN_POINT ( 'NONE',  ( -23.04999962000000480, 1.040834085586084257E-14, 1.800000000000001155 ) ) ;
#1492 = ADVANCED_FACE ( 'NONE', ( #2379 ), #633, .F. ) ;
#1493 = VECTOR ( 'NONE', #325, 1000.000000000000000 ) ;
#1494 = CARTESIAN_POINT ( 'NONE',  ( 27.50000000000000000, 0.000000000000000000, -1.999999999999992228 ) ) ;
#1495 = ORIENTED_EDGE ( 'NONE', *, *, #1758, .F. ) ;
#1496 = VECTOR ( 'NONE', #2002, 1000.000000000000000 ) ;
#1497 = AXIS2_PLACEMENT_3D ( 'NONE', #1005, #1857, #304 ) ;
#1498 = PLANE ( 'NONE',  #418 ) ;
#1499 = ADVANCED_FACE ( 'NONE', ( #1783 ), #679, .F. ) ;
#1500 = DIRECTION ( 'NONE',  ( 1.000000000000000000, 0.000000000000000000, 0.000000000000000000 ) ) ;
#1501 = AXIS2_PLACEMENT_3D ( 'NONE', #765, #395, #1571 ) ;
#1502 = DIRECTION ( 'NONE',  ( 0.000000000000000000, 0.000000000000000000, -1.000000000000000000 ) ) ;
#1503 = CARTESIAN_POINT ( 'NONE',  ( 21.11184501648313017, -3.299999999999458478, 2.000000000000000000 ) ) ;
#1504 = UNCERTAINTY_MEASURE_WITH_UNIT (LENGTH_MEASURE( 1.000000000000000082E-05 ), #1183, 'distance_accuracy_value', 'NONE');
#1505 = CARTESIAN_POINT ( 'NONE',  ( 0.000000000000000000, -23.04999961999998348, 1.800000000000001155 ) ) ;
#1506 = ORIENTED_EDGE ( 'NONE', *, *, #49, .F. ) ;
#1507 = ADVANCED_FACE ( 'NONE', ( #1409 ), #414, .T. ) ;
#1508 = DIRECTION ( 'NONE',  ( 6.942179961846172299E-15, -1.000000000000000000, 0.000000000000000000 ) ) ;
#1509 = ORIENTED_EDGE ( 'NONE', *, *, #1020, .F. ) ;
#1510 = CIRCLE ( 'NONE', #1472, 3.120000000000012541 ) ;
#1511 = CLOSED_SHELL ( 'NONE', ( #729, #812, #568, #1261, #1191, #1378, #2121, #1541, #612, #1072, #331, #2316, #269, #42, #394, #2214, #1713, #1640, #1089, #30, #1132, #2292, #631, #1697, #66, #191, #1240, #845, #530, #1079, #496, #2249, #1056, #1124, #1304, #362, #949, #343, #118, #1413, #755, #678, #2233, #1316, #630, #1343, #1725, #479, #767, #1507, #1295, #2004, #1886, #246, #745, #234, #1499, #1809, #1745, #16, #683, #2151, #908, #1446, #1622, #988, #1427, #2446, #595, #634, #793, #1602, #157, #1523, #1267, #974, #90, #1245, #1567, #1492, #1598, #1367, #1226 ) ) ;
#1512 = DIRECTION ( 'NONE',  ( 1.000000000000000000, 0.000000000000000000, 0.000000000000000000 ) ) ;
#1513 = EDGE_CURVE ( 'NONE', #848, #1370, #1436, .T. ) ;
#1514 = FACE_OUTER_BOUND ( 'NONE', #245, .T. ) ;
#1515 = DIRECTION ( 'NONE',  ( -0.000000000000000000, -0.000000000000000000, 1.000000000000000000 ) ) ;
#1516 = DIRECTION ( 'NONE',  ( 1.000000000000000000, 0.000000000000000000, 0.000000000000000000 ) ) ;
#1517 = CARTESIAN_POINT ( 'NONE',  ( -19.92999962000000380, 1.040834085586084257E-14, 0.5000000000000000000 ) ) ;
#1518 = ORIENTED_EDGE ( 'NONE', *, *, #2067, .T. ) ;
#1519 = EDGE_LOOP ( 'NONE', ( #1853, #576, #2, #1255 ) ) ;
#1520 = DIRECTION ( 'NONE',  ( 0.000000000000000000, 0.000000000000000000, -1.000000000000000000 ) ) ;
#1521 = VECTOR ( 'NONE', #604, 1000.000000000000000 ) ;
#1522 = DIRECTION ( 'NONE',  ( -0.000000000000000000, -0.000000000000000000, -1.000000000000000000 ) ) ;
#1523 = ADVANCED_FACE ( 'NONE', ( #451 ), #2059, .T. ) ;
#1524 = EDGE_CURVE ( 'NONE', #410, #1851, #14, .T. ) ;
#1525 =( LENGTH_UNIT ( ) NAMED_UNIT ( * ) SI_UNIT ( .MILLI., .METRE. ) );
#1526 = EDGE_CURVE ( 'NONE', #2096, #997, #41, .T. ) ;
#1527 = CARTESIAN_POINT ( 'NONE',  ( -21.11184501648310174, 3.099999999999683897, 1.800000000000001155 ) ) ;
#1528 = DIRECTION ( 'NONE',  ( 0.000000000000000000, 0.000000000000000000, 1.000000000000000000 ) ) ;
#1529 = DIRECTION ( 'NONE',  ( 1.000000000000000000, 0.000000000000000000, 0.000000000000000000 ) ) ;
#1530 = CARTESIAN_POINT ( 'NONE',  ( 0.000000000000000000, 0.000000000000000000, -1.500000000000000000 ) ) ;
#1531 = ORIENTED_EDGE ( 'NONE', *, *, #647, .T. ) ;
#1532 = CARTESIAN_POINT ( 'NONE',  ( -23.04999962000000480, 1.040834085586084257E-14, -8.268124086713195098 ) ) ;
#1533 = DIRECTION ( 'NONE',  ( -0.000000000000000000, -0.000000000000000000, 1.000000000000000000 ) ) ;
#1534 = AXIS2_PLACEMENT_3D ( 'NONE', #757, #1329, #344 ) ;
#1535 = AXIS2_PLACEMENT_3D ( 'NONE', #1491, #1528, #1938 ) ;
#1536 = FACE_OUTER_BOUND ( 'NONE', #785, .T. ) ;
#1537 = EDGE_CURVE ( 'NONE', #1428, #666, #262, .T. ) ;
#1538 = ORIENTED_EDGE ( 'NONE', *, *, #170, .F. ) ;
#1539 = DIRECTION ( 'NONE',  ( -0.000000000000000000, -0.000000000000000000, 1.000000000000000000 ) ) ;
#1540 = CARTESIAN_POINT ( 'NONE',  ( 23.04999962000000480, 1.040834085586084257E-14, 0.4793749999999941114 ) ) ;
#1541 = ADVANCED_FACE ( 'NONE', ( #1588 ), #2003, .F. ) ;
#1542 = FACE_OUTER_BOUND ( 'NONE', #1407, .T. ) ;
#1543 = DIRECTION ( 'NONE',  ( 0.000000000000000000, 0.000000000000000000, 1.000000000000000000 ) ) ;
#1544 = ORIENTED_EDGE ( 'NONE', *, *, #910, .F. ) ;
#1545 = CARTESIAN_POINT ( 'NONE',  ( 0.000000000000000000, 0.000000000000000000, -1.999999999999992228 ) ) ;
#1546 = CARTESIAN_POINT ( 'NONE',  ( 20.91453805371208219, 3.467289719626693412, 2.000000000000000000 ) ) ;
#1547 = CARTESIAN_POINT ( 'NONE',  ( -21.11184501648310174, 3.499999999999683808, 1.800000000000001155 ) ) ;
#1548 = EDGE_LOOP ( 'NONE', ( #2464, #1850, #1053, #1711, #1509 ) ) ;
#1549 = DIRECTION ( 'NONE',  ( 0.7071067811865352493, 0.000000000000000000, -0.7071067811865597852 ) ) ;
#1550 = DIRECTION ( 'NONE',  ( -1.000000000000000000, 0.000000000000000000, 0.000000000000000000 ) ) ;
#1551 = CARTESIAN_POINT ( 'NONE',  ( 20.71723109094121895, 3.434579439252857913, 1.800000000000001155 ) ) ;
#1552 = EDGE_CURVE ( 'NONE', #659, #2056, #2180, .T. ) ;
#1553 = FACE_OUTER_BOUND ( 'NONE', #2320, .T. ) ;
#1554 = ORIENTED_EDGE ( 'NONE', *, *, #171, .F. ) ;
#1555 = CARTESIAN_POINT ( 'NONE',  ( -3.434579439251650435, -20.71723109094142146, 0.5000000000000000000 ) ) ;
#1556 = AXIS2_PLACEMENT_3D ( 'NONE', #69, #288, #1042 ) ;
#1557 = FACE_OUTER_BOUND ( 'NONE', #2485, .T. ) ;
#1558 = VERTEX_POINT ( 'NONE', #1373 ) ;
#1559 = AXIS2_PLACEMENT_3D ( 'NONE', #1633, #466, #452 ) ;
#1560 = ORIENTED_EDGE ( 'NONE', *, *, #713, .F. ) ;
#1561 = FACE_OUTER_BOUND ( 'NONE', #1548, .T. ) ;
#1562 = CARTESIAN_POINT ( 'NONE',  ( 0.000000000000000000, -23.04999961999998348, -1.150000000000011458 ) ) ;
#1563 = AXIS2_PLACEMENT_3D ( 'NONE', #1530, #2131, #388 ) ;
#1564 = AXIS2_PLACEMENT_3D ( 'NONE', #1655, #1392, #2176 ) ;
#1565 = DIRECTION ( 'NONE',  ( 0.7071067811865352493, 0.000000000000000000, 0.7071067811865597852 ) ) ;
#1566 = VERTEX_POINT ( 'NONE', #54 ) ;
#1567 = ADVANCED_FACE ( 'NONE', ( #228 ), #386, .T. ) ;
#1568 = DIRECTION ( 'NONE',  ( -0.000000000000000000, -0.000000000000000000, 1.000000000000000000 ) ) ;
#1569 = EDGE_CURVE ( 'NONE', #2299, #2256, #1601, .T. ) ;
#1570 = VECTOR ( 'NONE', #100, 1000.000000000000000 ) ;
#1571 = DIRECTION ( 'NONE',  ( 1.000000000000000000, 3.966959978197836295E-15, 0.000000000000000000 ) ) ;
#1572 = VERTEX_POINT ( 'NONE', #1600 ) ;
#1573 = CIRCLE ( 'NONE', #2236, 0.2000000000000087541 ) ;
#1574 = ORIENTED_EDGE ( 'NONE', *, *, #71, .T. ) ;
#1575 = AXIS2_PLACEMENT_3D ( 'NONE', #2449, #1648, #2422 ) ;
#1576 = DIRECTION ( 'NONE',  ( 0.000000000000000000, 0.000000000000000000, 1.000000000000000000 ) ) ;
#1577 = PLANE ( 'NONE',  #1077 ) ;
#1578 = CARTESIAN_POINT ( 'NONE',  ( 0.000000000000000000, 23.04999962000000480, 1.800000000000001155 ) ) ;
#1579 = CARTESIAN_POINT ( 'NONE',  ( 29.30000000000001492, 3.600461589493219036E-15, 2.000000000000000000 ) ) ;
#1580 = ORIENTED_EDGE ( 'NONE', *, *, #1552, .F. ) ;
#1581 = DIRECTION ( 'NONE',  ( -0.000000000000000000, -0.000000000000000000, -1.000000000000000000 ) ) ;
#1582 = ORIENTED_EDGE ( 'NONE', *, *, #1147, .F. ) ;
#1583 = EDGE_CURVE ( 'NONE', #708, #2110, #2326, .T. ) ;
#1584 = DIRECTION ( 'NONE',  ( 0.000000000000000000, 0.7071067811865336949, -0.7071067811865613395 ) ) ;
#1585 = VERTEX_POINT ( 'NONE', #1961 ) ;
#1586 = EDGE_LOOP ( 'NONE', ( #295, #1506, #1773, #268 ) ) ;
#1587 = DIRECTION ( 'NONE',  ( 0.000000000000000000, 0.000000000000000000, -1.000000000000000000 ) ) ;
#1588 = FACE_OUTER_BOUND ( 'NONE', #1049, .T. ) ;
#1589 = CONICAL_SURFACE ( 'NONE', #2369, 21.00000000000000000, 0.7853981633974396193 ) ;
#1590 = CARTESIAN_POINT ( 'NONE',  ( 0.000000000000000000, -23.04999961999998348, 1.800000000000001155 ) ) ;
#1591 = DIRECTION ( 'NONE',  ( 0.000000000000000000, 0.000000000000000000, -1.000000000000000000 ) ) ;
#1592 = ORIENTED_EDGE ( 'NONE', *, *, #2347, .F. ) ;
#1593 = CONICAL_SURFACE ( 'NONE', #372, 0.2000000000000083378, 0.7853981633974305154 ) ;
#1594 = VERTEX_POINT ( 'NONE', #437 ) ;
#1595 = CARTESIAN_POINT ( 'NONE',  ( 23.04999962000000480, 1.040834085586084257E-14, 1.800000000000001155 ) ) ;
#1596 = EDGE_LOOP ( 'NONE', ( #946, #2243, #643, #76, #1443, #2215 ) ) ;
#1597 = ORIENTED_EDGE ( 'NONE', *, *, #977, .T. ) ;
#1598 = ADVANCED_FACE ( 'NONE', ( #215 ), #1204, .T. ) ;
#1599 = DIRECTION ( 'NONE',  ( -0.1156483053342696049, 0.6975854567530025419, -0.7071067811865591191 ) ) ;
#1600 = CARTESIAN_POINT ( 'NONE',  ( 23.04999962000021085, 3.100000000000552092, 1.800000000000001155 ) ) ;
#1601 = CIRCLE ( 'NONE', #1480, 21.00000000000000000 ) ;
#1602 = ADVANCED_FACE ( 'NONE', ( #985 ), #1577, .T. ) ;
#1603 = LINE ( 'NONE', #87, #2420 ) ;
#1604 = VERTEX_POINT ( 'NONE', #860 ) ;
#1605 = FACE_BOUND ( 'NONE', #1260, .T. ) ;
#1606 = AXIS2_PLACEMENT_3D ( 'NONE', #1701, #2475, #2297 ) ;
#1607 = ORIENTED_EDGE ( 'NONE', *, *, #2302, .T. ) ;
#1608 = AXIS2_PLACEMENT_3D ( 'NONE', #1739, #1522, #775 ) ;
#1609 = ORIENTED_EDGE ( 'NONE', *, *, #1845, .F. ) ;
#1610 = VERTEX_POINT ( 'NONE', #99 ) ;
#1611 = CARTESIAN_POINT ( 'NONE',  ( 0.000000000000000000, 23.04999962000000480, 0.5000000000000000000 ) ) ;
#1612 = VERTEX_POINT ( 'NONE', #2419 ) ;
#1613 = ORIENTED_EDGE ( 'NONE', *, *, #1849, .T. ) ;
#1614 = CONICAL_SURFACE ( 'NONE', #1942, 3.120000000000012541, 0.7700147616168533382 ) ;
#1615 = DIRECTION ( 'NONE',  ( -0.000000000000000000, -0.000000000000000000, 1.000000000000000000 ) ) ;
#1616 = DIRECTION ( 'NONE',  ( 0.000000000000000000, 0.000000000000000000, 1.000000000000000000 ) ) ;
#1617 = EDGE_CURVE ( 'NONE', #459, #2123, #2260, .T. ) ;
#1618 = VECTOR ( 'NONE', #2069, 1000.000000000000000 ) ;
#1619 = AXIS2_PLACEMENT_3D ( 'NONE', #1708, #2093, #1888 ) ;
#1620 = CARTESIAN_POINT ( 'NONE',  ( -3.299999999999439382, -2.290919387408847548E-14, 2.000000000000000000 ) ) ;
#1621 = ORIENTED_EDGE ( 'NONE', *, *, #141, .T. ) ;
#1622 = ADVANCED_FACE ( 'NONE', ( #1434 ), #1726, .F. ) ;
#1623 = CYLINDRICAL_SURFACE ( 'NONE', #627, 21.00000000000000000 ) ;
#1624 = ORIENTED_EDGE ( 'NONE', *, *, #412, .T. ) ;
#1625 = ORIENTED_EDGE ( 'NONE', *, *, #2429, .T. ) ;
#1626 = AXIS2_PLACEMENT_3D ( 'NONE', #1547, #409, #600 ) ;
#1627 = VERTEX_POINT ( 'NONE', #844 ) ;
#1628 = LINE ( 'NONE', #1405, #1027 ) ;
#1629 = VERTEX_POINT ( 'NONE', #1055 ) ;
#1630 = ORIENTED_EDGE ( 'NONE', *, *, #1194, .F. ) ;
#1631 = CARTESIAN_POINT ( 'NONE',  ( 21.11184501648295964, 3.500000000000530687, 1.800000000000001155 ) ) ;
#1632 = CARTESIAN_POINT ( 'NONE',  ( 0.000000000000000000, 0.000000000000000000, 1.800000000000001155 ) ) ;
#1633 = CARTESIAN_POINT ( 'NONE',  ( 0.000000000000000000, 0.000000000000000000, 2.000000000000000000 ) ) ;
#1634 = FACE_OUTER_BOUND ( 'NONE', #285, .T. ) ;
#1635 = EDGE_LOOP ( 'NONE', ( #1808, #2210, #52, #1780 ) ) ;
#1636 = FACE_OUTER_BOUND ( 'NONE', #581, .T. ) ;
#1637 = EDGE_CURVE ( 'NONE', #1119, #1851, #1968, .T. ) ;
#1638 = ORIENTED_EDGE ( 'NONE', *, *, #294, .F. ) ;
#1639 = ORIENTED_EDGE ( 'NONE', *, *, #1637, .T. ) ;
#1640 = ADVANCED_FACE ( 'NONE', ( #1231 ), #1645, .F. ) ;
#1641 = DIRECTION ( 'NONE',  ( -0.000000000000000000, -0.000000000000000000, -1.000000000000000000 ) ) ;
#1642 = ORIENTED_EDGE ( 'NONE', *, *, #1004, .F. ) ;
#1643 = EDGE_LOOP ( 'NONE', ( #475, #891, #602, #548, #2006 ) ) ;
#1644 =( NAMED_UNIT ( * ) PLANE_ANGLE_UNIT ( ) SI_UNIT ( $, .RADIAN. ) );
#1645 = CYLINDRICAL_SURFACE ( 'NONE', #2331, 21.00000000000000000 ) ;
#1646 = DIRECTION ( 'NONE',  ( -0.000000000000000000, -0.000000000000000000, 1.000000000000000000 ) ) ;
#1647 = VECTOR ( 'NONE', #1826, 1000.000000000000114 ) ;
#1648 = DIRECTION ( 'NONE',  ( -0.000000000000000000, -0.000000000000000000, 1.000000000000000000 ) ) ;
#1649 = ORIENTED_EDGE ( 'NONE', *, *, #880, .F. ) ;
#1650 = CARTESIAN_POINT ( 'NONE',  ( 0.000000000000000000, 0.000000000000000000, 34.52691193458118590 ) ) ;
#1651 = AXIS2_PLACEMENT_3D ( 'NONE', #1360, #782, #374 ) ;
#1652 = ORIENTED_EDGE ( 'NONE', *, *, #1793, .T. ) ;
#1653 = EDGE_CURVE ( 'NONE', #1428, #209, #672, .T. ) ;
#1654 = ORIENTED_EDGE ( 'NONE', *, *, #554, .F. ) ;
#1655 = CARTESIAN_POINT ( 'NONE',  ( 23.04999962000000480, 1.040834085586084257E-14, 0.5000000000000000000 ) ) ;
#1656 = EDGE_CURVE ( 'NONE', #685, #708, #111, .T. ) ;
#1657 = ORIENTED_EDGE ( 'NONE', *, *, #2081, .F. ) ;
#1658 = ORIENTED_EDGE ( 'NONE', *, *, #1977, .T. ) ;
#1659 = DIRECTION ( 'NONE',  ( 0.000000000000000000, 0.000000000000000000, 1.000000000000000000 ) ) ;
#1660 = DIRECTION ( 'NONE',  ( 1.000000000000000000, 0.000000000000000000, 0.000000000000000000 ) ) ;
#1661 = AXIS2_PLACEMENT_3D ( 'NONE', #2480, #1539, #1151 ) ;
#1662 = CARTESIAN_POINT ( 'NONE',  ( 23.04999962000000480, 1.040834085586084257E-14, 1.800000000000001155 ) ) ;
#1663 = FACE_OUTER_BOUND ( 'NONE', #1175, .T. ) ;
#1664 = EDGE_CURVE ( 'NONE', #2404, #2336, #1930, .T. ) ;
#1665 = AXIS2_PLACEMENT_3D ( 'NONE', #165, #942, #747 ) ;
#1666 = DIRECTION ( 'NONE',  ( 1.000000000000000000, 0.000000000000000000, 0.000000000000000000 ) ) ;
#1667 = ORIENTED_EDGE ( 'NONE', *, *, #977, .F. ) ;
#1668 = EDGE_LOOP ( 'NONE', ( #1649, #828 ) ) ;
#1669 = DIRECTION ( 'NONE',  ( -0.000000000000000000, -0.000000000000000000, 1.000000000000000000 ) ) ;
#1670 = ORIENTED_EDGE ( 'NONE', *, *, #1903, .T. ) ;
#1671 = EDGE_CURVE ( 'NONE', #2188, #1566, #1247, .T. ) ;
#1672 =( NAMED_UNIT ( * ) SI_UNIT ( $, .STERADIAN. ) SOLID_ANGLE_UNIT ( ) );
#1673 = AXIS2_PLACEMENT_3D ( 'NONE', #37, #1956, #626 ) ;
#1674 = DIRECTION ( 'NONE',  ( 1.000000000000000000, 0.000000000000000000, 0.000000000000000000 ) ) ;
#1675 = CARTESIAN_POINT ( 'NONE',  ( -21.52999962000001588, 1.040834085586084257E-14, -3.000000000000000000 ) ) ;
#1676 = CARTESIAN_POINT ( 'NONE',  ( 0.000000000000000000, -23.04999961999998348, 0.5000000000000000000 ) ) ;
#1677 = CARTESIAN_POINT ( 'NONE',  ( 23.04999962000000480, 1.040834085586084257E-14, 1.800000000000001155 ) ) ;
#1678 = ORIENTED_EDGE ( 'NONE', *, *, #933, .F. ) ;
#1679 = VECTOR ( 'NONE', #715, 1000.000000000000000 ) ;
#1680 = ORIENTED_EDGE ( 'NONE', *, *, #71, .F. ) ;
#1681 = FACE_OUTER_BOUND ( 'NONE', #1456, .T. ) ;
#1682 = CARTESIAN_POINT ( 'NONE',  ( -3.099999999999998757, 21.11184501648304845, 9.118876719727639468 ) ) ;
#1683 = AXIS2_PLACEMENT_3D ( 'NONE', #2345, #419, #2161 ) ;
#1684 = EDGE_CURVE ( 'NONE', #685, #692, #1374, .T. ) ;
#1685 = AXIS2_PLACEMENT_3D ( 'NONE', #1021, #642, #2415 ) ;
#1686 = CARTESIAN_POINT ( 'NONE',  ( 0.000000000000000000, -23.04999961999998348, -1.150000000000011458 ) ) ;
#1687 = CARTESIAN_POINT ( 'NONE',  ( 0.000000000000000000, -23.04999961999998348, -3.001000000000000334 ) ) ;
#1688 = EDGE_CURVE ( 'NONE', #309, #959, #519, .T. ) ;
#1689 = FACE_OUTER_BOUND ( 'NONE', #856, .T. ) ;
#1690 = VERTEX_POINT ( 'NONE', #361 ) ;
#1691 = VECTOR ( 'NONE', #1288, 1000.000000000000000 ) ;
#1692 = VERTEX_POINT ( 'NONE', #1131 ) ;
#1693 = DIRECTION ( 'NONE',  ( 0.000000000000000000, 0.000000000000000000, 1.000000000000000000 ) ) ;
#1694 = VECTOR ( 'NONE', #620, 1000.000000000000114 ) ;
#1695 =( LENGTH_UNIT ( ) NAMED_UNIT ( * ) SI_UNIT ( .MILLI., .METRE. ) );
#1696 = CARTESIAN_POINT ( 'NONE',  ( -3.099999999999287326, -23.04999961999994795, 9.118876719727639468 ) ) ;
#1697 = ADVANCED_FACE ( 'NONE', ( #401 ), #182, .F. ) ;
#1698 = CARTESIAN_POINT ( 'NONE',  ( -3.299999999999990496, -23.04999961999994795, 2.000000000000000000 ) ) ;
#1699 = VECTOR ( 'NONE', #1599, 1000.000000000000000 ) ;
#1700 = EDGE_CURVE ( 'NONE', #601, #1202, #795, .T. ) ;
#1701 = CARTESIAN_POINT ( 'NONE',  ( 0.000000000000000000, -23.04999961999998348, 0.4793749999999856737 ) ) ;
#1702 = ORIENTED_EDGE ( 'NONE', *, *, #1177, .F. ) ;
#1703 = FACE_OUTER_BOUND ( 'NONE', #1093, .T. ) ;
#1704 = FACE_OUTER_BOUND ( 'NONE', #663, .T. ) ;
#1705 = PRODUCT_DEFINITION ( 'Î´Öª', '', #79, #2094 ) ;
#1706 = B_SPLINE_CURVE_WITH_KNOTS ( 'NONE', 3,
 ( #1001, #256, #2195, #2207 ),
 .UNSPECIFIED., .F., .F.,
 ( 4, 4 ),
 ( 0.000000000000000000, 0.0003533063693462190364 ),
 .UNSPECIFIED. ) ;
#1707 = CARTESIAN_POINT ( 'NONE',  ( 0.000000000000000000, 23.04999962000000480, 0.4793749999999865619 ) ) ;
#1708 = CARTESIAN_POINT ( 'NONE',  ( -3.499999999999998668, 21.11184501648304845, 1.800000000000001155 ) ) ;
#1709 = CARTESIAN_POINT ( 'NONE',  ( -12.50000000000000000, 0.000000000000000000, -1.500000000000000000 ) ) ;
#1710 = DIRECTION ( 'NONE',  ( 1.000000000000000000, 0.000000000000000000, 0.000000000000000000 ) ) ;
#1711 = ORIENTED_EDGE ( 'NONE', *, *, #1962, .T. ) ;
#1712 = ORIENTED_EDGE ( 'NONE', *, *, #1004, .T. ) ;
#1713 = ADVANCED_FACE ( 'NONE', ( #1542 ), #579, .F. ) ;
#1714 = EDGE_CURVE ( 'NONE', #2049, #1432, #756, .T. ) ;
#1715 = DIRECTION ( 'NONE',  ( -0.000000000000000000, -0.000000000000000000, 1.000000000000000000 ) ) ;
#1716 = AXIS2_PLACEMENT_3D ( 'NONE', #2281, #138, #2040 ) ;
#1717 = CARTESIAN_POINT ( 'NONE',  ( 0.000000000000000000, 0.000000000000000000, 0.000000000000000000 ) ) ;
#1718 = CIRCLE ( 'NONE', #1798, 0.2000000000000091982 ) ;
#1719 = CARTESIAN_POINT ( 'NONE',  ( -23.04999961999969926, 3.099999999999675904, 9.118876719727639468 ) ) ;
#1720 = CARTESIAN_POINT ( 'NONE',  ( -20.71723109094135751, 3.434579439252026134, 0.5000000000000000000 ) ) ;
#1721 = DIRECTION ( 'NONE',  ( -0.000000000000000000, -0.000000000000000000, 1.000000000000000000 ) ) ;
#1722 = SURFACE_STYLE_USAGE ( .BOTH. , #208 ) ;
#1723 = ORIENTED_EDGE ( 'NONE', *, *, #811, .F. ) ;
#1724 = CARTESIAN_POINT ( 'NONE',  ( 0.000000000000000000, -23.04999961999998348, -3.001000000000000334 ) ) ;
#1725 = ADVANCED_FACE ( 'NONE', ( #2341 ), #592, .T. ) ;
#1726 = CONICAL_SURFACE ( 'NONE', #591, 21.00000000000000000, 0.7853981633974309595 ) ;
#1727 = DIRECTION ( 'NONE',  ( 1.000000000000000000, 0.000000000000000000, 0.000000000000000000 ) ) ;
#1728 = EDGE_CURVE ( 'NONE', #226, #762, #415, .T. ) ;
#1729 = DIRECTION ( 'NONE',  ( -0.7071067811865475727, 0.000000000000000000, -0.7071067811865474617 ) ) ;
#1730 =( GEOMETRIC_REPRESENTATION_CONTEXT ( 3 ) GLOBAL_UNCERTAINTY_ASSIGNED_CONTEXT ( ( #1504 ) ) GLOBAL_UNIT_ASSIGNED_CONTEXT ( ( #1183, #1375, #796 ) ) REPRESENTATION_CONTEXT ( 'NONE', 'WORKASPACE' ) );
#1731 = CIRCLE ( 'NONE', #839, 29.50000000000000355 ) ;
#1732 = ORIENTED_EDGE ( 'NONE', *, *, #1040, .F. ) ;
#1733 = DIRECTION ( 'NONE',  ( -6.942179961846214108E-15, 1.000000000000000000, 0.000000000000000000 ) ) ;
#1734 = CARTESIAN_POINT ( 'NONE',  ( 23.04999962000021085, 3.100000000000009415, 1.800000000000001155 ) ) ;
#1735 = DIRECTION ( 'NONE',  ( -0.000000000000000000, -0.000000000000000000, 1.000000000000000000 ) ) ;
#1736 = SURFACE_STYLE_FILL_AREA ( #2159 ) ;
#1737 = ORIENTED_EDGE ( 'NONE', *, *, #2444, .F. ) ;
#1738 = PLANE ( 'NONE',  #1128 ) ;
#1739 = CARTESIAN_POINT ( 'NONE',  ( 21.11184501648313372, -3.499999999999466649, 0.5000000000000000000 ) ) ;
#1740 = AXIS2_PLACEMENT_3D ( 'NONE', #67, #1408, #818 ) ;
#1741 = AXIS2_PLACEMENT_3D ( 'NONE', #2332, #1363, #430 ) ;
#1742 = ADVANCED_BREP_SHAPE_REPRESENTATION ( 'µç³Ø¼Üµ××ù', ( #873, #1165 ), #1253 ) ;
#1743 = CARTESIAN_POINT ( 'NONE',  ( 24.56999962000000437, 1.040834085586084257E-14, -3.001000000000000334 ) ) ;
#1744 = VERTEX_POINT ( 'NONE', #1952 ) ;
#1745 = ADVANCED_FACE ( 'NONE', ( #2296 ), #2457, .F. ) ;
#1746 = DIRECTION ( 'NONE',  ( 1.000000000000000000, 0.000000000000000000, -0.000000000000000000 ) ) ;
#1747 = DIRECTION ( 'NONE',  ( 4.906538933386911785E-14, 0.7071067811865352493, 0.7071067811865597852 ) ) ;
#1748 = DIRECTION ( 'NONE',  ( 1.000000000000000000, 0.000000000000000000, 0.000000000000000000 ) ) ;
#1749 = DIRECTION ( 'NONE',  ( 1.000000000000000000, 0.000000000000000000, 0.000000000000000000 ) ) ;
#1750 = VERTEX_POINT ( 'NONE', #2306 ) ;
#1751 = DIRECTION ( 'NONE',  ( -0.7071067811865352493, -1.226634733346727946E-14, -0.7071067811865597852 ) ) ;
#1752 = FACE_OUTER_BOUND ( 'NONE', #1143, .T. ) ;
#1753 = ORIENTED_EDGE ( 'NONE', *, *, #502, .F. ) ;
#1754 = CARTESIAN_POINT ( 'NONE',  ( 21.11184501648295964, 3.500000000000530687, 2.000000000000000000 ) ) ;
#1755 = CARTESIAN_POINT ( 'NONE',  ( -3.499999999999998668, 21.11184501648304845, 2.000000000000000000 ) ) ;
#1756 = EDGE_CURVE ( 'NONE', #2240, #997, #968, .T. ) ;
#1757 = DIRECTION ( 'NONE',  ( -0.000000000000000000, -0.000000000000000000, 1.000000000000000000 ) ) ;
#1758 = EDGE_CURVE ( 'NONE', #1865, #39, #2328, .T. ) ;
#1759 = DIRECTION ( 'NONE',  ( 0.000000000000000000, 0.000000000000000000, 1.000000000000000000 ) ) ;
#1760 = ORIENTED_EDGE ( 'NONE', *, *, #493, .F. ) ;
#1761 = DIRECTION ( 'NONE',  ( 0.000000000000000000, 1.000000000000000000, 0.000000000000000000 ) ) ;
#1762 = AXIS2_PLACEMENT_3D ( 'NONE', #1755, #646, #1550 ) ;
#1763 = DIRECTION ( 'NONE',  ( -0.000000000000000000, -0.000000000000000000, 1.000000000000000000 ) ) ;
#1764 = ORIENTED_EDGE ( 'NONE', *, *, #829, .F. ) ;
#1765 = VECTOR ( 'NONE', #1263, 1000.000000000000000 ) ;
#1766 = EDGE_LOOP ( 'NONE', ( #1992, #110, #17, #2287, #1834 ) ) ;
#1767 = LINE ( 'NONE', #1189, #1496 ) ;
#1768 = CARTESIAN_POINT ( 'NONE',  ( -1.229757593241230005E-14, 3.099999999999767386, 1.800000000000001155 ) ) ;
#1769 = AXIS2_PLACEMENT_3D ( 'NONE', #2066, #1980, #1955 ) ;
#1770 = VECTOR ( 'NONE', #128, 1000.000000000000000 ) ;
#1771 = CONICAL_SURFACE ( 'NONE', #1359, 27.50000000000000000, 0.7853981633974500554 ) ;
#1772 = LINE ( 'NONE', #1232, #2136 ) ;
#1773 = ORIENTED_EDGE ( 'NONE', *, *, #439, .F. ) ;
#1774 = CARTESIAN_POINT ( 'NONE',  ( -3.299999999999990496, 23.04999962000000480, 2.000000000000000000 ) ) ;
#1775 = EDGE_CURVE ( 'NONE', #261, #2299, #60, .T. ) ;
#1776 = ORIENTED_EDGE ( 'NONE', *, *, #1429, .T. ) ;
#1777 = VECTOR ( 'NONE', #1950, 1000.000000000000000 ) ;
#1778 = CARTESIAN_POINT ( 'NONE',  ( 3.099999999999998757, 23.04999962000000480, 0.4793749999999867839 ) ) ;
#1779 = ORIENTED_EDGE ( 'NONE', *, *, #933, .T. ) ;
#1780 = ORIENTED_EDGE ( 'NONE', *, *, #1688, .F. ) ;
#1781 = AXIS2_PLACEMENT_3D ( 'NONE', #912, #2173, #954 ) ;
#1782 = DIRECTION ( 'NONE',  ( 1.000000000000000000, 0.000000000000000000, 0.000000000000000000 ) ) ;
#1783 = FACE_OUTER_BOUND ( 'NONE', #1368, .T. ) ;
#1784 = CARTESIAN_POINT ( 'NONE',  ( 21.11184501648296319, 3.100000000000530775, 1.800000000000001155 ) ) ;
#1785 = DIRECTION ( 'NONE',  ( 1.000000000000000000, 0.000000000000000000, 0.000000000000000000 ) ) ;
#1786 = ORIENTED_EDGE ( 'NONE', *, *, #2091, .F. ) ;
#1787 = FACE_OUTER_BOUND ( 'NONE', #773, .T. ) ;
#1788 = EDGE_CURVE ( 'NONE', #1604, #1594, #556, .T. ) ;
#1789 = EDGE_CURVE ( 'NONE', #455, #1119, #2144, .T. ) ;
#1790 = CIRCLE ( 'NONE', #706, 3.120000000000011653 ) ;
#1791 = VERTEX_POINT ( 'NONE', #978 ) ;
#1792 = DIRECTION ( 'NONE',  ( 1.000000000000000000, 0.000000000000000000, 0.000000000000000000 ) ) ;
#1793 = EDGE_CURVE ( 'NONE', #160, #1284, #222, .T. ) ;
#1794 = VERTEX_POINT ( 'NONE', #217 ) ;
#1795 = VERTEX_POINT ( 'NONE', #2483 ) ;
#1796 = CARTESIAN_POINT ( 'NONE',  ( -26.16999962000000579, 1.079043065719481730E-14, 0.5000000000000000000 ) ) ;
#1797 = DIRECTION ( 'NONE',  ( -0.000000000000000000, -0.000000000000000000, -1.000000000000000000 ) ) ;
#1798 = AXIS2_PLACEMENT_3D ( 'NONE', #676, #277, #2186 ) ;
#1799 = CARTESIAN_POINT ( 'NONE',  ( -23.04999961999967795, 3.299999999999667644, 2.000000000000000000 ) ) ;
#1800 = ORIENTED_EDGE ( 'NONE', *, *, #458, .F. ) ;
#1801 = DIRECTION ( 'NONE',  ( -0.000000000000000000, -0.000000000000000000, -1.000000000000000000 ) ) ;
#1802 = EDGE_LOOP ( 'NONE', ( #1495, #680, #1039, #2392 ) ) ;
#1803 = ORIENTED_EDGE ( 'NONE', *, *, #107, .T. ) ;
#1804 = AXIS2_PLACEMENT_3D ( 'NONE', #1595, #682, #2025 ) ;
#1805 = EDGE_CURVE ( 'NONE', #2160, #231, #1033, .T. ) ;
#1806 = CARTESIAN_POINT ( 'NONE',  ( -21.11184501648299516, -3.500000000000313527, 1.800000000000001155 ) ) ;
#1807 = VERTEX_POINT ( 'NONE', #1926 ) ;
#1808 = ORIENTED_EDGE ( 'NONE', *, *, #439, .T. ) ;
#1809 = ADVANCED_FACE ( 'NONE', ( #846 ), #723, .T. ) ;
#1810 = DIRECTION ( 'NONE',  ( -0.000000000000000000, -0.000000000000000000, 1.000000000000000000 ) ) ;
#1811 = CARTESIAN_POINT ( 'NONE',  ( -23.04999961999968505, -3.100000000000321165, 9.118876719727639468 ) ) ;
#1812 = VECTOR ( 'NONE', #648, 1000.000000000000000 ) ;
#1813 = CARTESIAN_POINT ( 'NONE',  ( 23.04999962000026770, -3.099999999999445421, 0.4793749999999936673 ) ) ;
#1814 = ORIENTED_EDGE ( 'NONE', *, *, #1102, .T. ) ;
#1815 = DIRECTION ( 'NONE',  ( 1.000000000000000000, 1.090913994004399439E-14, -0.000000000000000000 ) ) ;
#1816 = AXIS2_PLACEMENT_3D ( 'NONE', #2451, #1481, #349 ) ;
#1817 = ORIENTED_EDGE ( 'NONE', *, *, #910, .T. ) ;
#1818 = AXIS2_PLACEMENT_3D ( 'NONE', #1213, #1641, #1999 ) ;
#1819 = VERTEX_POINT ( 'NONE', #635 ) ;
#1820 = EDGE_LOOP ( 'NONE', ( #655, #1998, #109, #1052 ) ) ;
#1821 = DIRECTION ( 'NONE',  ( -0.000000000000000000, -0.000000000000000000, 1.000000000000000000 ) ) ;
#1822 = ORIENTED_EDGE ( 'NONE', *, *, #580, .F. ) ;
#1823 = ORIENTED_EDGE ( 'NONE', *, *, #188, .T. ) ;
#1824 = CIRCLE ( 'NONE', #2072, 21.00000000000000000 ) ;
#1825 = CARTESIAN_POINT ( 'NONE',  ( -3.099999999999998757, 23.04999962000000480, 1.800000000000001155 ) ) ;
#1826 = DIRECTION ( 'NONE',  ( -0.6961458360737503570, 8.525327698874763528E-17, 0.7179003934510547191 ) ) ;
#1827 =( GEOMETRIC_REPRESENTATION_CONTEXT ( 3 ) GLOBAL_UNCERTAINTY_ASSIGNED_CONTEXT ( ( #546 ) ) GLOBAL_UNIT_ASSIGNED_CONTEXT ( ( #1525, #1933, #176 ) ) REPRESENTATION_CONTEXT ( 'NONE', 'WORKASPACE' ) );
#1828 = EDGE_CURVE ( 'NONE', #2383, #1394, #1772, .T. ) ;
#1829 = CONICAL_SURFACE ( 'NONE', #281, 0.2000000000000091982, 0.7853981633974305154 ) ;
#1830 = LINE ( 'NONE', #275, #2097 ) ;
#1831 = ORIENTED_EDGE ( 'NONE', *, *, #307, .T. ) ;
#1832 = CARTESIAN_POINT ( 'NONE',  ( -3.099999999999998757, 23.04999962000000480, 0.4793749999999867839 ) ) ;
#1833 = VECTOR ( 'NONE', #1135, 1000.000000000000000 ) ;
#1834 = ORIENTED_EDGE ( 'NONE', *, *, #1996, .F. ) ;
#1835 = AXIS2_PLACEMENT_3D ( 'NONE', #585, #420, #814 ) ;
#1836 = ORIENTED_EDGE ( 'NONE', *, *, #552, .F. ) ;
#1837 = FACE_OUTER_BOUND ( 'NONE', #1406, .T. ) ;
#1838 = ORIENTED_EDGE ( 'NONE', *, *, #2181, .T. ) ;
#1839 = ORIENTED_EDGE ( 'NONE', *, *, #815, .T. ) ;
#1840 = ORIENTED_EDGE ( 'NONE', *, *, #2499, .F. ) ;
#1841 = CARTESIAN_POINT ( 'NONE',  ( 23.04999962000021085, 3.100000000000552092, 9.118876719727639468 ) ) ;
#1842 = DIRECTION ( 'NONE',  ( 0.000000000000000000, -1.000000000000000000, 0.000000000000000000 ) ) ;
#1843 = VECTOR ( 'NONE', #1264, 1000.000000000000000 ) ;
#1844 = LINE ( 'NONE', #737, #1570 ) ;
#1845 = EDGE_CURVE ( 'NONE', #1612, #260, #1043, .T. ) ;
#1846 = DIRECTION ( 'NONE',  ( 0.000000000000000000, 0.000000000000000000, 1.000000000000000000 ) ) ;
#1847 = VERTEX_POINT ( 'NONE', #1400 ) ;
#1848 = CARTESIAN_POINT ( 'NONE',  ( 3.499999999999998668, 21.11184501648304845, 1.800000000000001155 ) ) ;
#1849 = EDGE_CURVE ( 'NONE', #383, #857, #1603, .T. ) ;
#1850 = ORIENTED_EDGE ( 'NONE', *, *, #1526, .T. ) ;
#1851 = VERTEX_POINT ( 'NONE', #987 ) ;
#1852 = DIRECTION ( 'NONE',  ( 0.000000000000000000, 0.000000000000000000, 1.000000000000000000 ) ) ;
#1853 = ORIENTED_EDGE ( 'NONE', *, *, #145, .T. ) ;
#1854 = ORIENTED_EDGE ( 'NONE', *, *, #543, .T. ) ;
#1855 = CARTESIAN_POINT ( 'NONE',  ( 0.000000000000000000, 23.04999962000000480, -3.000000000000000000 ) ) ;
#1856 = AXIS2_PLACEMENT_3D ( 'NONE', #387, #606, #1516 ) ;
#1857 = DIRECTION ( 'NONE',  ( -0.000000000000000000, -0.000000000000000000, 1.000000000000000000 ) ) ;
#1858 = DIRECTION ( 'NONE',  ( -0.000000000000000000, -0.000000000000000000, -1.000000000000000000 ) ) ;
#1859 = FACE_OUTER_BOUND ( 'NONE', #2026, .T. ) ;
#1860 = ORIENTED_EDGE ( 'NONE', *, *, #865, .F. ) ;
#1861 = CONICAL_SURFACE ( 'NONE', #759, 29.30000000000001492, 0.7853981633974482790 ) ;
#1862 = EDGE_CURVE ( 'NONE', #484, #1612, #673, .T. ) ;
#1863 = ORIENTED_EDGE ( 'NONE', *, *, #502, .T. ) ;
#1864 = DIRECTION ( 'NONE',  ( 0.000000000000000000, 0.000000000000000000, -1.000000000000000000 ) ) ;
#1865 = VERTEX_POINT ( 'NONE', #1991 ) ;
#1866 = CARTESIAN_POINT ( 'NONE',  ( 21.11184501648295964, 3.300000000000521183, 2.000000000000000000 ) ) ;
#1867 = DIRECTION ( 'NONE',  ( -0.000000000000000000, -0.000000000000000000, -1.000000000000000000 ) ) ;
#1868 = CIRCLE ( 'NONE', #892, 1.520000000000000906 ) ;
#1869 = DIRECTION ( 'NONE',  ( 0.000000000000000000, 0.000000000000000000, -1.000000000000000000 ) ) ;
#1870 = DIRECTION ( 'NONE',  ( 0.000000000000000000, 0.000000000000000000, 1.000000000000000000 ) ) ;
#1871 = VECTOR ( 'NONE', #1869, 1000.000000000000000 ) ;
#1872 = CYLINDRICAL_SURFACE ( 'NONE', #955, 0.4000000000000001887 ) ;
#1873 = ORIENTED_EDGE ( 'NONE', *, *, #865, .T. ) ;
#1874 = VERTEX_POINT ( 'NONE', #1799 ) ;
#1875 = EDGE_CURVE ( 'NONE', #1015, #685, #242, .T. ) ;
#1876 = CARTESIAN_POINT ( 'NONE',  ( 3.499999999999998668, 21.11184501648304845, 2.000000000000000000 ) ) ;
#1877 = CARTESIAN_POINT ( 'NONE',  ( 0.000000000000000000, 23.04999962000000480, -3.000000000000000000 ) ) ;
#1878 = CARTESIAN_POINT ( 'NONE',  ( -1.520000000000000018, 23.04999962000000480, -3.001000000000000334 ) ) ;
#1879 = PLANE ( 'NONE',  #1781 ) ;
#1880 = DIRECTION ( 'NONE',  ( 1.000000000000000000, 0.000000000000000000, 0.000000000000000000 ) ) ;
#1881 = ORIENTED_EDGE ( 'NONE', *, *, #1277, .F. ) ;
#1882 = PLANE ( 'NONE',  #1716 ) ;
#1883 = CARTESIAN_POINT ( 'NONE',  ( -27.50000000000000000, 3.367778697655221307E-15, -1.999999999999992228 ) ) ;
#1884 = EDGE_CURVE ( 'NONE', #2279, #449, #2169, .T. ) ;
#1885 = LINE ( 'NONE', #2456, #2470 ) ;
#1886 = ADVANCED_FACE ( 'NONE', ( #807 ), #1412, .T. ) ;
#1887 = CARTESIAN_POINT ( 'NONE',  ( -23.04999962000000480, 1.040834085586084257E-14, -3.000000000000000000 ) ) ;
#1888 = DIRECTION ( 'NONE',  ( 1.000000000000000000, 0.000000000000000000, 0.000000000000000000 ) ) ;
#1889 = DIRECTION ( 'NONE',  ( 0.000000000000000000, 1.000000000000000000, 0.000000000000000000 ) ) ;
#1890 = ORIENTED_EDGE ( 'NONE', *, *, #799, .F. ) ;
#1891 = CIRCLE ( 'NONE', #918, 3.099999999999998757 ) ;
#1892 = EDGE_CURVE ( 'NONE', #1416, #1188, #1706, .T. ) ;
#1893 = DIRECTION ( 'NONE',  ( 1.000000000000000000, 0.000000000000000000, -0.000000000000000000 ) ) ;
#1894 = CIRCLE ( 'NONE', #990, 3.299999999999990496 ) ;
#1895 = B_SPLINE_CURVE_WITH_KNOTS ( 'NONE', 3,
 ( #353, #2509, #2321, #366 ),
 .UNSPECIFIED., .F., .F.,
 ( 4, 4 ),
 ( 0.000000000000000000, 0.0003533063693525514818 ),
 .UNSPECIFIED. ) ;
#1896 = DIRECTION ( 'NONE',  ( 1.000000000000000000, 0.000000000000000000, 0.000000000000000000 ) ) ;
#1897 = CONICAL_SURFACE ( 'NONE', #2224, 3.099999999999998757, 0.7853981633974309595 ) ;
#1898 = CIRCLE ( 'NONE', #2498, 27.50000000000000000 ) ;
#1899 = CARTESIAN_POINT ( 'NONE',  ( 0.000000000000000000, 0.000000000000000000, 0.000000000000000000 ) ) ;
#1900 = CARTESIAN_POINT ( 'NONE',  ( 3.100000000000707079, -22.69729577823512656, 0.5000000000000000000 ) ) ;
#1901 = EDGE_CURVE ( 'NONE', #469, #659, #1830, .T. ) ;
#1902 = AXIS2_PLACEMENT_3D ( 'NONE', #2367, #1576, #1782 ) ;
#1903 = EDGE_CURVE ( 'NONE', #278, #1448, #681, .T. ) ;
#1904 = DIRECTION ( 'NONE',  ( 1.000000000000000000, 0.000000000000000000, 0.000000000000000000 ) ) ;
#1905 = ORIENTED_EDGE ( 'NONE', *, *, #359, .T. ) ;
#1906 = CIRCLE ( 'NONE', #735, 0.4000000000000010214 ) ;
#1907 = ORIENTED_EDGE ( 'NONE', *, *, #1845, .T. ) ;
#1908 = DIRECTION ( 'NONE',  ( 1.000000000000000000, 0.000000000000000000, 0.000000000000000000 ) ) ;
#1909 = DIRECTION ( 'NONE',  ( 0.000000000000000000, 0.000000000000000000, 1.000000000000000000 ) ) ;
#1910 = FACE_OUTER_BOUND ( 'NONE', #1078, .T. ) ;
#1911 = CARTESIAN_POINT ( 'NONE',  ( 24.56999962000000437, 1.040834085586084257E-14, -1.150000000000003686 ) ) ;
#1912 = B_SPLINE_CURVE_WITH_KNOTS ( 'NONE', 3,
 ( #2100, #1092, #2068, #151 ),
 .UNSPECIFIED., .F., .F.,
 ( 4, 4 ),
 ( 0.000000000000000000, 0.0003533063693479361958 ),
 .UNSPECIFIED. ) ;
#1913 = EDGE_CURVE ( 'NONE', #1566, #1807, #472, .T. ) ;
#1914 = CARTESIAN_POINT ( 'NONE',  ( 0.000000000000000000, -23.04999961999998348, -8.268124086713195098 ) ) ;
#1915 = DIRECTION ( 'NONE',  ( -0.000000000000000000, -0.000000000000000000, 1.000000000000000000 ) ) ;
#1916 = ORIENTED_EDGE ( 'NONE', *, *, #1884, .F. ) ;
#1917 = CARTESIAN_POINT ( 'NONE',  ( 0.000000000000000000, 0.000000000000000000, 0.5000000000000000000 ) ) ;
#1918 = EDGE_CURVE ( 'NONE', #1572, #383, #2183, .T. ) ;
#1919 = AXIS2_PLACEMENT_3D ( 'NONE', #327, #1870, #2061 ) ;
#1920 = FACE_OUTER_BOUND ( 'NONE', #1259, .T. ) ;
#1921 = DIRECTION ( 'NONE',  ( -1.000000000000000000, -3.966959978197836295E-15, 0.000000000000000000 ) ) ;
#1922 = VERTEX_POINT ( 'NONE', #1813 ) ;
#1923 = LINE ( 'NONE', #2325, #965 ) ;
#1924 = AXIS2_PLACEMENT_3D ( 'NONE', #1185, #233, #1966 ) ;
#1925 = DIRECTION ( 'NONE',  ( 0.000000000000000000, 0.000000000000000000, -1.000000000000000000 ) ) ;
#1926 = CARTESIAN_POINT ( 'NONE',  ( -20.91453805371222074, 3.467289719625854083, 2.000000000000000000 ) ) ;
#1927 = CARTESIAN_POINT ( 'NONE',  ( -20.91453805371211772, -3.467289719626477584, 2.000000000000000000 ) ) ;
#1928 = ORIENTED_EDGE ( 'NONE', *, *, #425, .F. ) ;
#1929 = LINE ( 'NONE', #2300, #2038 ) ;
#1930 = CIRCLE ( 'NONE', #951, 1.520000000000000906 ) ;
#1931 = CARTESIAN_POINT ( 'NONE',  ( 3.100000000000549871, 2.152075788172708025E-14, 0.5000000000000000000 ) ) ;
#1932 = EDGE_CURVE ( 'NONE', #1284, #263, #438, .T. ) ;
#1933 =( NAMED_UNIT ( * ) PLANE_ANGLE_UNIT ( ) SI_UNIT ( $, .RADIAN. ) );
#1934 = CARTESIAN_POINT ( 'NONE',  ( -22.69729577823192557, -3.100000000000319833, 0.5000000000000000000 ) ) ;
#1935 = CIRCLE ( 'NONE', #838, 11.50000000000000000 ) ;
#1936 = VECTOR ( 'NONE', #917, 1000.000000000000000 ) ;
#1937 = FACE_BOUND ( 'NONE', #1482, .T. ) ;
#1938 = DIRECTION ( 'NONE',  ( 1.000000000000000000, 0.000000000000000000, 0.000000000000000000 ) ) ;
#1939 = DIRECTION ( 'NONE',  ( 1.000000000000000000, 0.000000000000000000, 0.000000000000000000 ) ) ;
#1940 = LINE ( 'NONE', #1964, #1153 ) ;
#1941 = EDGE_LOOP ( 'NONE', ( #2338, #571, #905, #276 ) ) ;
#1942 = AXIS2_PLACEMENT_3D ( 'NONE', #1138, #370, #1356 ) ;
#1943 = DIRECTION ( 'NONE',  ( 1.000000000000000000, 0.000000000000000000, 0.000000000000000000 ) ) ;
#1944 = PRESENTATION_LAYER_ASSIGNMENT (  '', '', ( #2346 ) ) ;
#1945 = CIRCLE ( 'NONE', #2237, 3.100000000000001865 ) ;
#1946 = EDGE_CURVE ( 'NONE', #1403, #2096, #820, .T. ) ;
#1947 = CARTESIAN_POINT ( 'NONE',  ( 0.000000000000000000, 0.000000000000000000, 0.5000000000000000000 ) ) ;
#1948 = ORIENTED_EDGE ( 'NONE', *, *, #1223, .T. ) ;
#1949 = EDGE_CURVE ( 'NONE', #2416, #1120, #794, .T. ) ;
#1950 = DIRECTION ( 'NONE',  ( -0.000000000000000000, -0.000000000000000000, 1.000000000000000000 ) ) ;
#1951 = CARTESIAN_POINT ( 'NONE',  ( 21.11184501648313372, -3.499999999999466649, 0.5000000000000000000 ) ) ;
#1952 = CARTESIAN_POINT ( 'NONE',  ( -3.099999999999998757, 21.11184501648304845, 0.5000000000000000000 ) ) ;
#1953 = DIRECTION ( 'NONE',  ( 1.000000000000000000, 0.000000000000000000, 0.000000000000000000 ) ) ;
#1954 = EDGE_LOOP ( 'NONE', ( #38, #2400, #644, #936 ) ) ;
#1955 = DIRECTION ( 'NONE',  ( 1.000000000000000000, 0.000000000000000000, 0.000000000000000000 ) ) ;
#1956 = DIRECTION ( 'NONE',  ( 0.000000000000000000, 0.000000000000000000, -1.000000000000000000 ) ) ;
#1957 = ORIENTED_EDGE ( 'NONE', *, *, #1280, .T. ) ;
#1958 = EDGE_CURVE ( 'NONE', #601, #1107, #1891, .T. ) ;
#1959 = ORIENTED_EDGE ( 'NONE', *, *, #141, .F. ) ;
#1960 = CARTESIAN_POINT ( 'NONE',  ( -22.81446697911432864, 3.099999999999676792, 0.4863403227258421557 ) ) ;
#1961 = CARTESIAN_POINT ( 'NONE',  ( 3.467289719626856392, -20.91453805371205377, 2.000000000000000000 ) ) ;
#1962 = EDGE_CURVE ( 'NONE', #1922, #1610, #2372, .T. ) ;
#1963 = DIRECTION ( 'NONE',  ( 1.000000000000000000, 0.000000000000000000, 0.000000000000000000 ) ) ;
#1964 = CARTESIAN_POINT ( 'NONE',  ( 1.520000000000000906, -23.04999961999998348, -3.001000000000000334 ) ) ;
#1965 = ORIENTED_EDGE ( 'NONE', *, *, #1429, .F. ) ;
#1966 = DIRECTION ( 'NONE',  ( 1.000000000000000000, 0.000000000000000000, 0.000000000000000000 ) ) ;
#1967 = ORIENTED_EDGE ( 'NONE', *, *, #264, .F. ) ;
#1968 = CIRCLE ( 'NONE', #1192, 12.50000000000000000 ) ;
#1969 = DIRECTION ( 'NONE',  ( 1.000000000000000000, 1.090913994004405119E-14, 0.000000000000000000 ) ) ;
#1970 = ORIENTED_EDGE ( 'NONE', *, *, #2290, .T. ) ;
#1971 = VECTOR ( 'NONE', #832, 1000.000000000000114 ) ;
#1972 = ORIENTED_EDGE ( 'NONE', *, *, #1981, .F. ) ;
#1973 = CARTESIAN_POINT ( 'NONE',  ( -3.099999999999300648, -21.11184501648315859, 0.5000000000000000000 ) ) ;
#1974 = DIRECTION ( 'NONE',  ( 1.000000000000000000, 0.000000000000000000, 0.000000000000000000 ) ) ;
#1975 = DIRECTION ( 'NONE',  ( 0.000000000000000000, 0.000000000000000000, -1.000000000000000000 ) ) ;
#1976 = EDGE_CURVE ( 'NONE', #2385, #1558, #265, .T. ) ;
#1977 = EDGE_CURVE ( 'NONE', #959, #2226, #2448, .T. ) ;
#1978 = CARTESIAN_POINT ( 'NONE',  ( 3.381833381413307887E-14, -3.099999999999696776, 0.5000000000000000000 ) ) ;
#1979 = ORIENTED_EDGE ( 'NONE', *, *, #2333, .F. ) ;
#1980 = DIRECTION ( 'NONE',  ( -0.000000000000000000, -0.000000000000000000, -1.000000000000000000 ) ) ;
#1981 = EDGE_CURVE ( 'NONE', #2240, #1403, #1276, .T. ) ;
#1982 = LINE ( 'NONE', #431, #1843 ) ;
#1983 = ORIENTED_EDGE ( 'NONE', *, *, #2011, .T. ) ;
#1984 = AXIS2_PLACEMENT_3D ( 'NONE', #703, #2283, #1674 ) ;
#1985 = DIRECTION ( 'NONE',  ( -0.000000000000000000, -0.000000000000000000, -1.000000000000000000 ) ) ;
#1986 = ORIENTED_EDGE ( 'NONE', *, *, #2366, .F. ) ;
#1987 = ORIENTED_EDGE ( 'NONE', *, *, #1756, .F. ) ;
#1988 = AXIS2_PLACEMENT_3D ( 'NONE', #1662, #1846, #875 ) ;
#1989 = CARTESIAN_POINT ( 'NONE',  ( -22.69729577822609912, 3.099999999999677236, 0.5000000000000000000 ) ) ;
#1990 = DIRECTION ( 'NONE',  ( 0.000000000000000000, 0.000000000000000000, -1.000000000000000000 ) ) ;
#1991 = CARTESIAN_POINT ( 'NONE',  ( -3.434579439251651323, -20.71723109094142501, 1.800000000000001155 ) ) ;
#1992 = ORIENTED_EDGE ( 'NONE', *, *, #898, .T. ) ;
#1993 = DIRECTION ( 'NONE',  ( -0.000000000000000000, -0.000000000000000000, -1.000000000000000000 ) ) ;
#1994 = ORIENTED_EDGE ( 'NONE', *, *, #188, .F. ) ;
#1995 = EDGE_CURVE ( 'NONE', #2052, #1690, #334, .T. ) ;
#1996 = EDGE_CURVE ( 'NONE', #1795, #65, #2421, .T. ) ;
#1997 = CIRCLE ( 'NONE', #1336, 0.4000000000000001887 ) ;
#1998 = ORIENTED_EDGE ( 'NONE', *, *, #2050, .T. ) ;
#1999 = DIRECTION ( 'NONE',  ( -1.000000000000000000, 0.000000000000000000, 0.000000000000000000 ) ) ;
#2000 = ORIENTED_EDGE ( 'NONE', *, *, #1144, .T. ) ;
#2001 = ORIENTED_EDGE ( 'NONE', *, *, #1144, .F. ) ;
#2002 = DIRECTION ( 'NONE',  ( 6.942179961846172299E-15, -1.000000000000000000, 0.000000000000000000 ) ) ;
#2003 = CYLINDRICAL_SURFACE ( 'NONE', #1398, 12.50000000000000000 ) ;
#2004 = ADVANCED_FACE ( 'NONE', ( #2274 ), #2251, .T. ) ;
#2005 = CARTESIAN_POINT ( 'NONE',  ( -21.11184501648310174, 3.499999999999683808, 2.000000000000000000 ) ) ;
#2006 = ORIENTED_EDGE ( 'NONE', *, *, #1117, .T. ) ;
#2007 = DIRECTION ( 'NONE',  ( 0.000000000000000000, 0.000000000000000000, 1.000000000000000000 ) ) ;
#2008 = VERTEX_POINT ( 'NONE', #725 ) ;
#2009 = ORIENTED_EDGE ( 'NONE', *, *, #218, .F. ) ;
#2010 = ORIENTED_EDGE ( 'NONE', *, *, #2091, .T. ) ;
#2011 = EDGE_CURVE ( 'NONE', #9, #1228, #355, .T. ) ;
#2012 = CARTESIAN_POINT ( 'NONE',  ( -23.04999962000000480, 1.040834085586084257E-14, -3.001000000000000334 ) ) ;
#2013 = ORIENTED_EDGE ( 'NONE', *, *, #34, .F. ) ;
#2014 = ORIENTED_EDGE ( 'NONE', *, *, #1181, .T. ) ;
#2015 = CIRCLE ( 'NONE', #470, 21.19999999999999218 ) ;
#2016 = CARTESIAN_POINT ( 'NONE',  ( 0.000000000000000000, 23.04999962000000480, -8.268124086713195098 ) ) ;
#2017 = CARTESIAN_POINT ( 'NONE',  ( 0.000000000000000000, 0.000000000000000000, 0.5000000000000000000 ) ) ;
#2018 = VECTOR ( 'NONE', #316, 1000.000000000000000 ) ;
#2019 = DIRECTION ( 'NONE',  ( 1.000000000000000000, 0.000000000000000000, 0.000000000000000000 ) ) ;
#2020 = ORIENTED_EDGE ( 'NONE', *, *, #1112, .T. ) ;
#2021 = DIRECTION ( 'NONE',  ( -0.000000000000000000, -0.000000000000000000, -1.000000000000000000 ) ) ;
#2022 = CONICAL_SURFACE ( 'NONE', #2496, 0.2000000000000091982, 0.7853981633974305154 ) ;
#2023 = ORIENTED_EDGE ( 'NONE', *, *, #289, .T. ) ;
#2024 = DIRECTION ( 'NONE',  ( 0.000000000000000000, 0.000000000000000000, 1.000000000000000000 ) ) ;
#2025 = DIRECTION ( 'NONE',  ( 1.000000000000000000, 0.000000000000000000, 0.000000000000000000 ) ) ;
#2026 = EDGE_LOOP ( 'NONE', ( #550, #1420, #1779, #1800, #1986, #1009 ) ) ;
#2027 = ORIENTED_EDGE ( 'NONE', *, *, #2033, .F. ) ;
#2028 = EDGE_CURVE ( 'NONE', #169, #1794, #2238, .T. ) ;
#2029 = VECTOR ( 'NONE', #984, 1000.000000000000000 ) ;
#2030 = SURFACE_STYLE_FILL_AREA ( #1246 ) ;
#2031 = CARTESIAN_POINT ( 'NONE',  ( -21.11184501648310174, 3.099999999999683897, 1.800000000000001155 ) ) ;
#2032 = AXIS2_PLACEMENT_3D ( 'NONE', #2284, #180, #1330 ) ;
#2033 = EDGE_CURVE ( 'NONE', #1228, #9, #1160, .T. ) ;
#2034 = DIRECTION ( 'NONE',  ( 0.000000000000000000, 0.7071067811865352493, -0.7071067811865597852 ) ) ;
#2035 = DIRECTION ( 'NONE',  ( -0.000000000000000000, -0.000000000000000000, -1.000000000000000000 ) ) ;
#2036 = VERTEX_POINT ( 'NONE', #1095 ) ;
#2037 = CARTESIAN_POINT ( 'NONE',  ( -3.499999999999998668, 21.11184501648304845, 0.5000000000000000000 ) ) ;
#2038 = VECTOR ( 'NONE', #172, 1000.000000000000000 ) ;
#2039 = ORIENTED_EDGE ( 'NONE', *, *, #1664, .F. ) ;
#2040 = DIRECTION ( 'NONE',  ( -1.000000000000000000, -1.090913994004405119E-14, 0.000000000000000000 ) ) ;
#2041 = CARTESIAN_POINT ( 'NONE',  ( 1.520000000000000018, 23.04999962000000480, -3.000000000000000000 ) ) ;
#2042 = EDGE_LOOP ( 'NONE', ( #428, #750, #2127, #2391 ) ) ;
#2043 = ORIENTED_EDGE ( 'NONE', *, *, #665, .T. ) ;
#2044 = APPLICATION_PROTOCOL_DEFINITION ( 'draft international standard', 'automotive_design', 1998, #1393 ) ;
#2045 = VECTOR ( 'NONE', #889, 1000.000000000000000 ) ;
#2046 = DIRECTION ( 'NONE',  ( -0.000000000000000000, -0.000000000000000000, 1.000000000000000000 ) ) ;
#2047 = AXIS2_PLACEMENT_3D ( 'NONE', #1724, #947, #541 ) ;
#2048 = CARTESIAN_POINT ( 'NONE',  ( 20.91453805371225627, -3.467289719625638700, 2.000000000000000000 ) ) ;
#2049 = VERTEX_POINT ( 'NONE', #921 ) ;
#2050 = EDGE_CURVE ( 'NONE', #854, #117, #497, .T. ) ;
#2051 = FACE_BOUND ( 'NONE', #2374, .T. ) ;
#2052 = VERTEX_POINT ( 'NONE', #544 ) ;
#2053 = ORIENTED_EDGE ( 'NONE', *, *, #1117, .F. ) ;
#2054 = VECTOR ( 'NONE', #1815, 1000.000000000000000 ) ;
#2055 = CARTESIAN_POINT ( 'NONE',  ( 0.000000000000000000, 0.000000000000000000, 0.000000000000000000 ) ) ;
#2056 = VERTEX_POINT ( 'NONE', #2261 ) ;
#2057 = CARTESIAN_POINT ( 'NONE',  ( 3.099999999999998757, 0.000000000000000000, 1.800000000000001155 ) ) ;
#2058 = CARTESIAN_POINT ( 'NONE',  ( 23.04999962000000480, 1.040834085586084257E-14, 0.4793749999999941114 ) ) ;
#2059 = CONICAL_SURFACE ( 'NONE', #1762, 0.2000000000000087541, 0.7853981633974297383 ) ;
#2060 = DIRECTION ( 'NONE',  ( -1.000000000000000000, 0.000000000000000000, 0.000000000000000000 ) ) ;
#2061 = DIRECTION ( 'NONE',  ( 1.000000000000000000, 0.000000000000000000, 0.000000000000000000 ) ) ;
#2062 = EDGE_CURVE ( 'NONE', #261, #2160, #911, .T. ) ;
#2063 = CARTESIAN_POINT ( 'NONE',  ( -3.099999999999300648, -21.11184501648315859, 1.800000000000001155 ) ) ;
#2064 = ORIENTED_EDGE ( 'NONE', *, *, #613, .T. ) ;
#2065 = CIRCLE ( 'NONE', #524, 3.299999999999990496 ) ;
#2066 = CARTESIAN_POINT ( 'NONE',  ( -23.04999962000000480, 1.040834085586084257E-14, 2.000000000000000000 ) ) ;
#2067 = EDGE_CURVE ( 'NONE', #1015, #1404, #1824, .T. ) ;
#2068 = CARTESIAN_POINT ( 'NONE',  ( 22.93202964458907545, 3.100000000000550759, 0.4793750000005419509 ) ) ;
#2069 = DIRECTION ( 'NONE',  ( -0.000000000000000000, -0.000000000000000000, -1.000000000000000000 ) ) ;
#2070 = AXIS2_PLACEMENT_3D ( 'NONE', #2142, #84, #843 ) ;
#2071 = CARTESIAN_POINT ( 'NONE',  ( 22.81446697911327703, -3.099999999999447642, 0.4863403227256761219 ) ) ;
#2072 = AXIS2_PLACEMENT_3D ( 'NONE', #1057, #1083, #113 ) ;
#2073 = FACE_BOUND ( 'NONE', #1668, .T. ) ;
#2074 = DIRECTION ( 'NONE',  ( 1.000000000000000000, 0.000000000000000000, 0.000000000000000000 ) ) ;
#2075 = VECTOR ( 'NONE', #1584, 1000.000000000000000 ) ;
#2076 = CARTESIAN_POINT ( 'NONE',  ( 3.500000000000696776, -21.11184501648293477, 0.5000000000000000000 ) ) ;
#2077 = ORIENTED_EDGE ( 'NONE', *, *, #2502, .F. ) ;
#2078 = EDGE_CURVE ( 'NONE', #666, #1428, #805, .T. ) ;
#2079 = FACE_OUTER_BOUND ( 'NONE', #1199, .T. ) ;
#2080 = DIRECTION ( 'NONE',  ( 1.000000000000000000, 0.000000000000000000, 0.000000000000000000 ) ) ;
#2081 = EDGE_CURVE ( 'NONE', #2385, #209, #1069, .T. ) ;
#2082 = DIRECTION ( 'NONE',  ( 0.7071067811865597852, 0.000000000000000000, -0.7071067811865352493 ) ) ;
#2083 = DIRECTION ( 'NONE',  ( 1.000000000000000000, 0.000000000000000000, 0.000000000000000000 ) ) ;
#2084 = DIRECTION ( 'NONE',  ( 0.7071067811865352493, 0.000000000000000000, -0.7071067811865597852 ) ) ;
#2085 = LINE ( 'NONE', #1106, #1317 ) ;
#2086 = ORIENTED_EDGE ( 'NONE', *, *, #218, .T. ) ;
#2087 = CYLINDRICAL_SURFACE ( 'NONE', #159, 3.100000000000001865 ) ;
#2088 = LINE ( 'NONE', #1883, #1936 ) ;
#2089 = EDGE_CURVE ( 'NONE', #1874, #1566, #1844, .T. ) ;
#2090 = PRESENTATION_STYLE_ASSIGNMENT (( #886 ) ) ;
#2091 = EDGE_CURVE ( 'NONE', #1171, #1922, #2273, .T. ) ;
#2092 = CARTESIAN_POINT ( 'NONE',  ( 26.49999999999998934, 0.000000000000000000, -3.000000000000000000 ) ) ;
#2093 = DIRECTION ( 'NONE',  ( 0.000000000000000000, 0.000000000000000000, -1.000000000000000000 ) ) ;
#2094 = PRODUCT_DEFINITION_CONTEXT ( 'detailed design', #36, 'design' ) ;
#2095 = LINE ( 'NONE', #1118, #348 ) ;
#2096 = VERTEX_POINT ( 'NONE', #874 ) ;
#2097 = VECTOR ( 'NONE', #1218, 1000.000000000000000 ) ;
#2098 = CARTESIAN_POINT ( 'NONE',  ( -23.04999962000000480, 1.040834085586084257E-14, 1.800000000000001155 ) ) ;
#2099 = VERTEX_POINT ( 'NONE', #2435 ) ;
#2100 = CARTESIAN_POINT ( 'NONE',  ( 22.69729577823371969, 3.100000000000548095, 0.5000000000000000000 ) ) ;
#2101 = VECTOR ( 'NONE', #1075, 1000.000000000000000 ) ;
#2102 = AXIS2_PLACEMENT_3D ( 'NONE', #1461, #722, #2441 ) ;
#2103 = EDGE_CURVE ( 'NONE', #854, #484, #2505, .T. ) ;
#2104 = CARTESIAN_POINT ( 'NONE',  ( 23.04999962000021085, 3.100000000000552092, 0.4793750000005539968 ) ) ;
#2105 = CARTESIAN_POINT ( 'NONE',  ( 3.500000000000696776, -21.11184501648293477, 2.000000000000000000 ) ) ;
#2106 = EDGE_CURVE ( 'NONE', #2336, #1428, #1467, .T. ) ;
#2107 = CIRCLE ( 'NONE', #1044, 0.4000000000000010214 ) ;
#2108 = DIRECTION ( 'NONE',  ( -0.000000000000000000, -0.000000000000000000, -1.000000000000000000 ) ) ;
#2109 = FILL_AREA_STYLE_COLOUR ( '', #2462 ) ;
#2110 = VERTEX_POINT ( 'NONE', #13 ) ;
#2111 = EDGE_LOOP ( 'NONE', ( #2308, #2476, #1959, #1764 ) ) ;
#2112 = CIRCLE ( 'NONE', #1371, 1.520000000000000018 ) ;
#2113 = LINE ( 'NONE', #162, #1833 ) ;
#2114 = DIRECTION ( 'NONE',  ( 1.000000000000000000, 0.000000000000000000, 0.000000000000000000 ) ) ;
#2115 = DIRECTION ( 'NONE',  ( 0.000000000000000000, 0.000000000000000000, 1.000000000000000000 ) ) ;
#2116 = DIRECTION ( 'NONE',  ( 1.000000000000000000, -2.602085213965209379E-14, 0.000000000000000000 ) ) ;
#2117 = PLANE ( 'NONE',  #487 ) ;
#2118 = DIRECTION ( 'NONE',  ( 6.942179961846214108E-15, -1.000000000000000000, 0.000000000000000000 ) ) ;
#2119 = VECTOR ( 'NONE', #657, 1000.000000000000000 ) ;
#2120 = CARTESIAN_POINT ( 'NONE',  ( -3.434579439251651323, -20.71723109094142501, 0.5000000000000000000 ) ) ;
#2121 = ADVANCED_FACE ( 'NONE', ( #779 ), #1614, .F. ) ;
#2122 = LINE ( 'NONE', #772, #478 ) ;
#2123 = VERTEX_POINT ( 'NONE', #2092 ) ;
#2124 = FACE_OUTER_BOUND ( 'NONE', #615, .T. ) ;
#2125 = DIRECTION ( 'NONE',  ( -0.000000000000000000, -0.000000000000000000, 1.000000000000000000 ) ) ;
#2126 = CARTESIAN_POINT ( 'NONE',  ( 23.04999962000021085, 3.300000000000543832, 2.000000000000000000 ) ) ;
#2127 = ORIENTED_EDGE ( 'NONE', *, *, #1901, .F. ) ;
#2128 = DIRECTION ( 'NONE',  ( 1.000000000000000000, 0.000000000000000000, 0.000000000000000000 ) ) ;
#2129 = DIRECTION ( 'NONE',  ( -0.000000000000000000, -0.000000000000000000, 1.000000000000000000 ) ) ;
#2130 = DIRECTION ( 'NONE',  ( 0.000000000000000000, 0.000000000000000000, -1.000000000000000000 ) ) ;
#2131 = DIRECTION ( 'NONE',  ( 0.000000000000000000, 0.000000000000000000, 1.000000000000000000 ) ) ;
#2132 = ORIENTED_EDGE ( 'NONE', *, *, #552, .T. ) ;
#2133 = EDGE_CURVE ( 'NONE', #2403, #261, #1923, .T. ) ;
#2134 = AXIS2_PLACEMENT_3D ( 'NONE', #7, #569, #2317 ) ;
#2135 = DIRECTION ( 'NONE',  ( 0.000000000000000000, 0.000000000000000000, 1.000000000000000000 ) ) ;
#2136 = VECTOR ( 'NONE', #1975, 1000.000000000000000 ) ;
#2137 = LINE ( 'NONE', #764, #351 ) ;
#2138 = DIRECTION ( 'NONE',  ( -0.000000000000000000, -0.000000000000000000, 1.000000000000000000 ) ) ;
#2139 = CIRCLE ( 'NONE', #146, 29.30000000000001492 ) ;
#2140 = ORIENTED_EDGE ( 'NONE', *, *, #1918, .F. ) ;
#2141 = CIRCLE ( 'NONE', #993, 0.2000000000000087541 ) ;
#2142 = CARTESIAN_POINT ( 'NONE',  ( -21.11184501648310174, 3.499999999999683808, 0.5000000000000000000 ) ) ;
#2143 = DIRECTION ( 'NONE',  ( 1.000000000000000000, 3.966959978197836295E-15, -0.000000000000000000 ) ) ;
#2144 = LINE ( 'NONE', #1709, #986 ) ;
#2145 = CARTESIAN_POINT ( 'NONE',  ( 19.92999962000000025, 1.079043065719481730E-14, 0.5000000000000000000 ) ) ;
#2146 = ORIENTED_EDGE ( 'NONE', *, *, #650, .T. ) ;
#2147 = AXIS2_PLACEMENT_3D ( 'NONE', #769, #790, #205 ) ;
#2148 = CARTESIAN_POINT ( 'NONE',  ( -29.30000000000001492, 0.000000000000000000, 2.000000000000000000 ) ) ;
#2149 = EDGE_CURVE ( 'NONE', #263, #778, #975, .T. ) ;
#2150 = VECTOR ( 'NONE', #2084, 1000.000000000000000 ) ;
#2151 = ADVANCED_FACE ( 'NONE', ( #1514 ), #2232, .T. ) ;
#2152 = CARTESIAN_POINT ( 'NONE',  ( -3.499999999999301004, -21.11184501648316214, 0.5000000000000000000 ) ) ;
#2153 = CONICAL_SURFACE ( 'NONE', #2242, 21.00000000000000000, 0.7853981633974309595 ) ;
#2154 = ORIENTED_EDGE ( 'NONE', *, *, #1262, .F. ) ;
#2155 = ORIENTED_EDGE ( 'NONE', *, *, #1094, .F. ) ;
#2156 = DIRECTION ( 'NONE',  ( -0.000000000000000000, -0.000000000000000000, 1.000000000000000000 ) ) ;
#2157 = CARTESIAN_POINT ( 'NONE',  ( 0.000000000000000000, 0.000000000000000000, 1.800000000000001155 ) ) ;
#2158 = DIRECTION ( 'NONE',  ( 1.000000000000000000, 0.000000000000000000, 0.000000000000000000 ) ) ;
#2159 = FILL_AREA_STYLE ('',( #2109 ) ) ;
#2160 = VERTEX_POINT ( 'NONE', #164 ) ;
#2161 = DIRECTION ( 'NONE',  ( 1.000000000000000000, 0.000000000000000000, 0.000000000000000000 ) ) ;
#2162 = CYLINDRICAL_SURFACE ( 'NONE', #1442, 1.520000000000000462 ) ;
#2163 = ORIENTED_EDGE ( 'NONE', *, *, #1849, .F. ) ;
#2164 = ORIENTED_EDGE ( 'NONE', *, *, #1211, .T. ) ;
#2165 = EDGE_CURVE ( 'NONE', #1819, #2226, #397, .T. ) ;
#2166 = LINE ( 'NONE', #436, #605 ) ;
#2167 = CARTESIAN_POINT ( 'NONE',  ( 3.434579439252335220, 20.71723109094130777, 1.800000000000001155 ) ) ;
#2168 = EDGE_CURVE ( 'NONE', #2099, #260, #1365, .T. ) ;
#2169 = LINE ( 'NONE', #2382, #1812 ) ;
#2170 = CARTESIAN_POINT ( 'NONE',  ( -21.11184501648299516, -3.100000000000313616, 9.118876719727639468 ) ) ;
#2171 = ORIENTED_EDGE ( 'NONE', *, *, #962, .F. ) ;
#2172 = FACE_OUTER_BOUND ( 'NONE', #2204, .T. ) ;
#2173 = DIRECTION ( 'NONE',  ( -1.000000000000000000, 0.000000000000000000, -0.000000000000000000 ) ) ;
#2174 = ORIENTED_EDGE ( 'NONE', *, *, #1918, .T. ) ;
#2175 = AXIS2_PLACEMENT_3D ( 'NONE', #1562, #1217, #819 ) ;
#2176 = DIRECTION ( 'NONE',  ( 1.000000000000000000, 0.000000000000000000, 0.000000000000000000 ) ) ;
#2177 = ORIENTED_EDGE ( 'NONE', *, *, #2399, .T. ) ;
#2178 = VERTEX_POINT ( 'NONE', #2104 ) ;
#2179 = CARTESIAN_POINT ( 'NONE',  ( -22.93202964458617998, 3.100000000000012967, 0.4793750000000133182 ) ) ;
#2180 = LINE ( 'NONE', #1811, #1521 ) ;
#2181 = EDGE_CURVE ( 'NONE', #455, #410, #399, .T. ) ;
#2182 = AXIS2_PLACEMENT_3D ( 'NONE', #698, #733, #1122 ) ;
#2183 = LINE ( 'NONE', #1784, #1236 ) ;
#2184 = ORIENTED_EDGE ( 'NONE', *, *, #1073, .F. ) ;
#2185 = EDGE_CURVE ( 'NONE', #1558, #261, #1167, .T. ) ;
#2186 = DIRECTION ( 'NONE',  ( 1.000000000000000000, 0.000000000000000000, 0.000000000000000000 ) ) ;
#2187 = ORIENTED_EDGE ( 'NONE', *, *, #425, .T. ) ;
#2188 = VERTEX_POINT ( 'NONE', #1527 ) ;
#2189 = AXIS2_PLACEMENT_3D ( 'NONE', #1887, #690, #1660 ) ;
#2190 = CARTESIAN_POINT ( 'NONE',  ( -3.499999999999301004, -21.11184501648316214, 0.5000000000000000000 ) ) ;
#2191 = VERTEX_POINT ( 'NONE', #603 ) ;
#2192 = ORIENTED_EDGE ( 'NONE', *, *, #880, .T. ) ;
#2193 = LINE ( 'NONE', #214, #2029 ) ;
#2194 = DIRECTION ( 'NONE',  ( -0.000000000000000000, -0.000000000000000000, 1.000000000000000000 ) ) ;
#2195 = CARTESIAN_POINT ( 'NONE',  ( 3.100000000000708855, -22.93202964458934190, 0.4793750000007191980 ) ) ;
#2196 = ORIENTED_EDGE ( 'NONE', *, *, #543, .F. ) ;
#2197 = CYLINDRICAL_SURFACE ( 'NONE', #2285, 11.50000000000000000 ) ;
#2198 = ORIENTED_EDGE ( 'NONE', *, *, #1788, .T. ) ;
#2199 = EDGE_CURVE ( 'NONE', #1212, #1847, #1129, .T. ) ;
#2200 = ORIENTED_EDGE ( 'NONE', *, *, #1277, .T. ) ;
#2201 = ORIENTED_EDGE ( 'NONE', *, *, #2050, .F. ) ;
#2202 = CARTESIAN_POINT ( 'NONE',  ( -3.099999999999300648, -21.11184501648315859, 2.000000000000000000 ) ) ;
#2203 = ORIENTED_EDGE ( 'NONE', *, *, #580, .T. ) ;
#2204 = EDGE_LOOP ( 'NONE', ( #1667, #1560, #2376, #161, #1836, #1003 ) ) ;
#2205 = CARTESIAN_POINT ( 'NONE',  ( -11.50000000000000000, 0.000000000000000000, -1.500000000000001332 ) ) ;
#2206 = DIRECTION ( 'NONE',  ( -0.000000000000000000, -0.000000000000000000, 1.000000000000000000 ) ) ;
#2207 = CARTESIAN_POINT ( 'NONE',  ( 3.100000000000709743, -23.04999961999990887, 0.4793750000007188095 ) ) ;
#2208 = ORIENTED_EDGE ( 'NONE', *, *, #1664, .T. ) ;
#2209 = DIRECTION ( 'NONE',  ( 1.000000000000000000, 0.000000000000000000, 0.000000000000000000 ) ) ;
#2210 = ORIENTED_EDGE ( 'NONE', *, *, #2429, .F. ) ;
#2211 = EDGE_CURVE ( 'NONE', #2383, #2191, #77, .T. ) ;
#2212 = ORIENTED_EDGE ( 'NONE', *, *, #1684, .T. ) ;
#2213 = CYLINDRICAL_SURFACE ( 'NONE', #641, 1.520000000000000018 ) ;
#2214 = ADVANCED_FACE ( 'NONE', ( #1910 ), #2491, .F. ) ;
#2215 = ORIENTED_EDGE ( 'NONE', *, *, #6, .F. ) ;
#2216 = ORIENTED_EDGE ( 'NONE', *, *, #1714, .T. ) ;
#2217 = VECTOR ( 'NONE', #1565, 1000.000000000000000 ) ;
#2218 = CARTESIAN_POINT ( 'NONE',  ( 0.000000000000000000, 0.000000000000000000, 1.800000000000001155 ) ) ;
#2219 = VECTOR ( 'NONE', #43, 1000.000000000000000 ) ;
#2220 = DIRECTION ( 'NONE',  ( 1.000000000000000000, 0.000000000000000000, 0.000000000000000000 ) ) ;
#2221 = DIRECTION ( 'NONE',  ( 1.000000000000000000, 0.000000000000000000, 0.000000000000000000 ) ) ;
#2222 = ORIENTED_EDGE ( 'NONE', *, *, #1162, .F. ) ;
#2223 = DIRECTION ( 'NONE',  ( 0.000000000000000000, 0.000000000000000000, -1.000000000000000000 ) ) ;
#2224 = AXIS2_PLACEMENT_3D ( 'NONE', #1505, #925, #1710 ) ;
#2225 = CIRCLE ( 'NONE', #1116, 11.50000000000000000 ) ;
#2226 = VERTEX_POINT ( 'NONE', #941 ) ;
#2227 = ORIENTED_EDGE ( 'NONE', *, *, #104, .F. ) ;
#2228 = CARTESIAN_POINT ( 'NONE',  ( -29.50000000000000355, 0.000000000000000000, 1.800000000000011591 ) ) ;
#2229 = ORIENTED_EDGE ( 'NONE', *, *, #1981, .T. ) ;
#2230 = EDGE_LOOP ( 'NONE', ( #2417, #2360, #2443, #432 ) ) ;
#2231 = B_SPLINE_CURVE_WITH_KNOTS ( 'NONE', 3,
 ( #529, #330, #1296, #1100 ),
 .UNSPECIFIED., .F., .F.,
 ( 4, 4 ),
 ( 0.000000000000000000, 0.0003533063693587443362 ),
 .UNSPECIFIED. ) ;
#2232 = CONICAL_SURFACE ( 'NONE', #1123, 0.2000000000000091982, 0.7853981633974276289 ) ;
#2233 = ADVANCED_FACE ( 'NONE', ( #1561 ), #966, .T. ) ;
#2234 = DIRECTION ( 'NONE',  ( 0.7071067811865475727, 8.659560562354932858E-17, -0.7071067811865474617 ) ) ;
#2235 = DIRECTION ( 'NONE',  ( 0.000000000000000000, 0.000000000000000000, 1.000000000000000000 ) ) ;
#2236 = AXIS2_PLACEMENT_3D ( 'NONE', #98, #1659, #333 ) ;
#2237 = AXIS2_PLACEMENT_3D ( 'NONE', #1139, #1925, #770 ) ;
#2238 = LINE ( 'NONE', #142, #1493 ) ;
#2239 = DIRECTION ( 'NONE',  ( -0.000000000000000000, -0.000000000000000000, 1.000000000000000000 ) ) ;
#2240 = VERTEX_POINT ( 'NONE', #2303 ) ;
#2241 = DIRECTION ( 'NONE',  ( -0.000000000000000000, -0.000000000000000000, 1.000000000000000000 ) ) ;
#2242 = AXIS2_PLACEMENT_3D ( 'NONE', #10, #377, #1145 ) ;
#2243 = ORIENTED_EDGE ( 'NONE', *, *, #2078, .F. ) ;
#2244 = ORIENTED_EDGE ( 'NONE', *, *, #2474, .T. ) ;
#2245 = DIRECTION ( 'NONE',  ( 0.000000000000000000, 0.000000000000000000, -1.000000000000000000 ) ) ;
#2246 = ORIENTED_EDGE ( 'NONE', *, *, #1656, .F. ) ;
#2247 = ORIENTED_EDGE ( 'NONE', *, *, #2478, .T. ) ;
#2248 = DIRECTION ( 'NONE',  ( -0.000000000000000000, -0.000000000000000000, 1.000000000000000000 ) ) ;
#2249 = ADVANCED_FACE ( 'NONE', ( #1937, #1114 ), #2117, .F. ) ;
#2250 = CIRCLE ( 'NONE', #299, 0.4000000000000001887 ) ;
#2251 = CYLINDRICAL_SURFACE ( 'NONE', #2305, 0.4000000000000001887 ) ;
#2252 = CARTESIAN_POINT ( 'NONE',  ( -3.499999999999301004, -21.11184501648316214, 2.000000000000000000 ) ) ;
#2253 = CARTESIAN_POINT ( 'NONE',  ( 0.000000000000000000, 0.000000000000000000, 0.5000000000000000000 ) ) ;
#2254 = EDGE_CURVE ( 'NONE', #1171, #841, #152, .T. ) ;
#2255 = LINE ( 'NONE', #319, #1770 ) ;
#2256 = VERTEX_POINT ( 'NONE', #577 ) ;
#2257 = ORIENTED_EDGE ( 'NONE', *, *, #1932, .T. ) ;
#2258 = CARTESIAN_POINT ( 'NONE',  ( 3.099999999999998757, 23.04999962000000480, 1.800000000000001155 ) ) ;
#2259 = EDGE_LOOP ( 'NONE', ( #1948, #1737, #637, #1256 ) ) ;
#2260 = CIRCLE ( 'NONE', #1556, 26.49999999999998934 ) ;
#2261 = CARTESIAN_POINT ( 'NONE',  ( -23.04999961999968505, -3.100000000000321165, 0.4793750000003406120 ) ) ;
#2262 = EDGE_CURVE ( 'NONE', #1212, #1874, #1341, .T. ) ;
#2263 = VECTOR ( 'NONE', #1344, 1000.000000000000114 ) ;
#2264 = DIRECTION ( 'NONE',  ( -1.226634733346727946E-14, 0.7071067811865352493, 0.7071067811865597852 ) ) ;
#2265 = DIRECTION ( 'NONE',  ( -0.000000000000000000, -0.000000000000000000, 1.000000000000000000 ) ) ;
#2266 = EDGE_CURVE ( 'NONE', #1448, #1750, #963, .T. ) ;
#2267 = CARTESIAN_POINT ( 'NONE',  ( -3.299999999999990052, 21.11184501648304845, 2.000000000000000000 ) ) ;
#2268 = ORIENTED_EDGE ( 'NONE', *, *, #444, .F. ) ;
#2269 = AXIS2_PLACEMENT_3D ( 'NONE', #1806, #63, #1431 ) ;
#2270 = DIRECTION ( 'NONE',  ( -0.6961458360737503570, 8.525327698874763528E-17, 0.7179003934510547191 ) ) ;
#2271 = DIRECTION ( 'NONE',  ( 1.000000000000000000, 0.000000000000000000, 0.000000000000000000 ) ) ;
#2272 = CARTESIAN_POINT ( 'NONE',  ( 29.30000000000001492, 3.588215121501745678E-15, 2.000000000000000000 ) ) ;
#2273 = CIRCLE ( 'NONE', #2344, 3.099999999999998757 ) ;
#2274 = FACE_OUTER_BOUND ( 'NONE', #1064, .T. ) ;
#2275 = AXIS2_PLACEMENT_3D ( 'NONE', #2057, #2082, #301 ) ;
#2276 = CARTESIAN_POINT ( 'NONE',  ( 0.000000000000000000, 23.04999962000000480, -1.150000000000011458 ) ) ;
#2277 = CARTESIAN_POINT ( 'NONE',  ( 23.04999962000000480, 1.040834085586084257E-14, -3.001000000000000334 ) ) ;
#2278 = CIRCLE ( 'NONE', #1169, 1.519999999999990026 ) ;
#2279 = VERTEX_POINT ( 'NONE', #1973 ) ;
#2280 = EDGE_CURVE ( 'NONE', #410, #455, #1326, .T. ) ;
#2281 = CARTESIAN_POINT ( 'NONE',  ( -3.600016180214855467E-14, 3.300000000000292477, 2.000000000000000000 ) ) ;
#2282 = CARTESIAN_POINT ( 'NONE',  ( 0.000000000000000000, 0.000000000000000000, -3.000000000000000000 ) ) ;
#2283 = DIRECTION ( 'NONE',  ( -0.000000000000000000, -0.000000000000000000, -1.000000000000000000 ) ) ;
#2284 = CARTESIAN_POINT ( 'NONE',  ( 3.100000000000549871, 2.152075788172708025E-14, 9.118876719727639468 ) ) ;
#2285 = AXIS2_PLACEMENT_3D ( 'NONE', #1650, #2223, #636 ) ;
#2286 = DIRECTION ( 'NONE',  ( -0.000000000000000000, -0.000000000000000000, 1.000000000000000000 ) ) ;
#2287 = ORIENTED_EDGE ( 'NONE', *, *, #34, .T. ) ;
#2288 = CARTESIAN_POINT ( 'NONE',  ( 3.300000000000701483, -23.04999961999990532, 2.000000000000000000 ) ) ;
#2289 = ORIENTED_EDGE ( 'NONE', *, *, #599, .T. ) ;
#2290 = EDGE_CURVE ( 'NONE', #263, #309, #734, .T. ) ;
#2291 = PLANE ( 'NONE',  #2182 ) ;
#2292 = ADVANCED_FACE ( 'NONE', ( #1216 ), #26, .F. ) ;
#2293 = DIRECTION ( 'NONE',  ( 0.000000000000000000, 0.000000000000000000, -1.000000000000000000 ) ) ;
#2294 = CARTESIAN_POINT ( 'NONE',  ( -3.099999999999998757, 21.11184501648304845, 1.800000000000001155 ) ) ;
#2295 = VECTOR ( 'NONE', #2368, 1000.000000000000000 ) ;
#2296 = FACE_OUTER_BOUND ( 'NONE', #1322, .T. ) ;
#2297 = DIRECTION ( 'NONE',  ( 1.000000000000000000, 0.000000000000000000, 0.000000000000000000 ) ) ;
#2298 = EDGE_LOOP ( 'NONE', ( #827, #300, #82, #1244 ) ) ;
#2299 = VERTEX_POINT ( 'NONE', #1230 ) ;
#2300 = CARTESIAN_POINT ( 'NONE',  ( 21.11184501648313017, -3.099999999999466294, 2.000000000000000000 ) ) ;
#2301 = DIRECTION ( 'NONE',  ( -1.000000000000000000, -3.966959978197813418E-15, 0.000000000000000000 ) ) ;
#2302 = EDGE_CURVE ( 'NONE', #383, #685, #2107, .T. ) ;
#2303 = CARTESIAN_POINT ( 'NONE',  ( 23.04999962000027125, -3.299999999999980282, 2.000000000000000000 ) ) ;
#2304 = FACE_OUTER_BOUND ( 'NONE', #148, .T. ) ;
#2305 = AXIS2_PLACEMENT_3D ( 'NONE', #887, #1646, #134 ) ;
#2306 = CARTESIAN_POINT ( 'NONE',  ( -21.11184501648310174, 3.099999999999683897, 0.5000000000000000000 ) ) ;
#2307 = LINE ( 'NONE', #570, #1694 ) ;
#2308 = ORIENTED_EDGE ( 'NONE', *, *, #1617, .F. ) ;
#2309 = AXIS2_PLACEMENT_3D ( 'NONE', #1687, #291, #674 ) ;
#2310 = DIRECTION ( 'NONE',  ( 1.000000000000000000, -2.602085213965209379E-14, 0.000000000000000000 ) ) ;
#2311 = DIRECTION ( 'NONE',  ( 7.713926828518248717E-15, -0.7071067811865597852, -0.7071067811865352493 ) ) ;
#2312 = LINE ( 'NONE', #2126, #175 ) ;
#2313 = ORIENTED_EDGE ( 'NONE', *, *, #781, .T. ) ;
#2314 = CARTESIAN_POINT ( 'NONE',  ( 26.14999962000000266, 1.040834085586084257E-14, -8.268124086713195098 ) ) ;
#2315 = CYLINDRICAL_SURFACE ( 'NONE', #80, 0.4000000000000010214 ) ;
#2316 = ADVANCED_FACE ( 'NONE', ( #617 ), #1203, .F. ) ;
#2317 = DIRECTION ( 'NONE',  ( 1.000000000000000000, 0.000000000000000000, 0.000000000000000000 ) ) ;
#2318 = EDGE_CURVE ( 'NONE', #2336, #2404, #1868, .T. ) ;
#2319 = LINE ( 'NONE', #2342, #271 ) ;
#2320 = EDGE_LOOP ( 'NONE', ( #1430, #1654, #1418, #435 ) ) ;
#2321 = CARTESIAN_POINT ( 'NONE',  ( 3.099999999999998757, 22.81446697911632526, 0.4863403227260486572 ) ) ;
#2322 = PLANE ( 'NONE',  #24 ) ;
#2323 = CYLINDRICAL_SURFACE ( 'NONE', #1835, 11.50000000000000000 ) ;
#2324 = ORIENTED_EDGE ( 'NONE', *, *, #1949, .F. ) ;
#2325 = CARTESIAN_POINT ( 'NONE',  ( 3.300000000000686828, -21.11184501648293832, 2.000000000000000000 ) ) ;
#2326 = LINE ( 'NONE', #2167, #2295 ) ;
#2327 = EDGE_CURVE ( 'NONE', #203, #1271, #40, .T. ) ;
#2328 = LINE ( 'NONE', #2120, #1352 ) ;
#2329 = LINE ( 'NONE', #958, #1081 ) ;
#2330 = ORIENTED_EDGE ( 'NONE', *, *, #924, .T. ) ;
#2331 = AXIS2_PLACEMENT_3D ( 'NONE', #2017, #2206, #688 ) ;
#2332 = CARTESIAN_POINT ( 'NONE',  ( 23.04999962000000480, 1.040834085586084257E-14, 0.5000000000000000000 ) ) ;
#2333 = EDGE_CURVE ( 'NONE', #708, #1404, #1383, .T. ) ;
#2334 = CARTESIAN_POINT ( 'NONE',  ( 23.04999962000000480, 1.040834085586084257E-14, -3.001000000000000334 ) ) ;
#2335 = CIRCLE ( 'NONE', #1239, 21.19999999999999574 ) ;
#2336 = VERTEX_POINT ( 'NONE', #1396 ) ;
#2337 = VECTOR ( 'NONE', #311, 1000.000000000000000 ) ;
#2338 = ORIENTED_EDGE ( 'NONE', *, *, #1728, .T. ) ;
#2339 = DIRECTION ( 'NONE',  ( 1.000000000000000000, 0.000000000000000000, 0.000000000000000000 ) ) ;
#2340 = CARTESIAN_POINT ( 'NONE',  ( 0.000000000000000000, 0.000000000000000000, -1.500000000000000000 ) ) ;
#2341 = FACE_OUTER_BOUND ( 'NONE', #897, .T. ) ;
#2342 = CARTESIAN_POINT ( 'NONE',  ( 3.099999999999998757, 21.11184501648304845, 2.000000000000000000 ) ) ;
#2343 = ORIENTED_EDGE ( 'NONE', *, *, #2280, .F. ) ;
#2344 = AXIS2_PLACEMENT_3D ( 'NONE', #2058, #1502, #1307 ) ;
#2345 = CARTESIAN_POINT ( 'NONE',  ( 0.000000000000000000, 0.000000000000000000, 1.800000000000001155 ) ) ;
#2346 = STYLED_ITEM ( 'NONE', ( #2090 ), #1742 ) ;
#2347 = EDGE_CURVE ( 'NONE', #1228, #476, #2166, .T. ) ;
#2348 = CIRCLE ( 'NONE', #1254, 0.4000000000000010214 ) ;
#2349 = PLANE ( 'NONE',  #1501 ) ;
#2350 = EDGE_CURVE ( 'NONE', #1107, #1629, #1422, .T. ) ;
#2351 = CIRCLE ( 'NONE', #406, 21.00000000000000000 ) ;
#2352 = ORIENTED_EDGE ( 'NONE', *, *, #2347, .T. ) ;
#2353 = ORIENTED_EDGE ( 'NONE', *, *, #1382, .F. ) ;
#2354 = CARTESIAN_POINT ( 'NONE',  ( 0.000000000000000000, 23.04999962000000480, -3.001000000000000334 ) ) ;
#2355 = CARTESIAN_POINT ( 'NONE',  ( 12.50000000000000000, 1.530808498934191521E-15, -1.500000000000000000 ) ) ;
#2356 = DIRECTION ( 'NONE',  ( 1.000000000000000000, 0.000000000000000000, 0.000000000000000000 ) ) ;
#2357 = DIRECTION ( 'NONE',  ( 1.000000000000000000, 0.000000000000000000, 0.000000000000000000 ) ) ;
#2358 = VERTEX_POINT ( 'NONE', #413 ) ;
#2359 = CARTESIAN_POINT ( 'NONE',  ( 3.099999999999998757, 21.11184501648304845, 1.800000000000001155 ) ) ;
#2360 = ORIENTED_EDGE ( 'NONE', *, *, #1349, .T. ) ;
#2361 = CIRCLE ( 'NONE', #1919, 0.2000000000000091982 ) ;
#2362 = EDGE_CURVE ( 'NONE', #476, #203, #443, .T. ) ;
#2363 = LINE ( 'NONE', #981, #2075 ) ;
#2364 = ORIENTED_EDGE ( 'NONE', *, *, #170, .T. ) ;
#2365 = ORIENTED_EDGE ( 'NONE', *, *, #1656, .T. ) ;
#2366 = EDGE_CURVE ( 'NONE', #1847, #1091, #589, .T. ) ;
#2367 = CARTESIAN_POINT ( 'NONE',  ( 0.000000000000000000, 0.000000000000000000, -1.500000000000000000 ) ) ;
#2368 = DIRECTION ( 'NONE',  ( 0.1156483053342468870, 0.6975854567530043182, 0.7071067811865610064 ) ) ;
#2369 = AXIS2_PLACEMENT_3D ( 'NONE', #198, #1543, #969 ) ;
#2370 = CARTESIAN_POINT ( 'NONE',  ( 23.04999962000026770, -3.099999999999445421, 0.4793749999999936673 ) ) ;
#2371 = FACE_OUTER_BOUND ( 'NONE', #1380, .T. ) ;
#2372 = B_SPLINE_CURVE_WITH_KNOTS ( 'NONE', 3,
 ( #2370, #1206, #2071, #522 ),
 .UNSPECIFIED., .F., .F.,
 ( 4, 4 ),
 ( 0.000000000000000000, 0.0003533063693574831380 ),
 .UNSPECIFIED. ) ;
#2373 = VERTEX_POINT ( 'NONE', #2205 ) ;
#2374 = EDGE_LOOP ( 'NONE', ( #1639, #2187 ) ) ;
#2375 = LINE ( 'NONE', #2202, #586 ) ;
#2376 = ORIENTED_EDGE ( 'NONE', *, *, #1040, .T. ) ;
#2377 = ORIENTED_EDGE ( 'NONE', *, *, #2106, .F. ) ;
#2378 = CARTESIAN_POINT ( 'NONE',  ( -3.099999999999287326, -23.04999961999994795, 1.800000000000001155 ) ) ;
#2379 = FACE_OUTER_BOUND ( 'NONE', #1954, .T. ) ;
#2380 = CONICAL_SURFACE ( 'NONE', #728, 3.099999999999998757, 0.7853981633974309595 ) ;
#2381 = EDGE_CURVE ( 'NONE', #1585, #2299, #463, .T. ) ;
#2382 = CARTESIAN_POINT ( 'NONE',  ( -3.099999999999447198, -2.152075788171929577E-14, 0.5000000000000000000 ) ) ;
#2383 = VERTEX_POINT ( 'NONE', #423 ) ;
#2384 = DIRECTION ( 'NONE',  ( 1.000000000000000000, 0.000000000000000000, 0.000000000000000000 ) ) ;
#2385 = VERTEX_POINT ( 'NONE', #2378 ) ;
#2386 = ORIENTED_EDGE ( 'NONE', *, *, #1875, .F. ) ;
#2387 = AXIS2_PLACEMENT_3D ( 'NONE', #2354, #2156, #1372 ) ;
#2388 = EDGE_LOOP ( 'NONE', ( #696, #337, #952, #1210 ) ) ;
#2389 = VECTOR ( 'NONE', #686, 1000.000000000000000 ) ;
#2390 = DIRECTION ( 'NONE',  ( -0.000000000000000000, -0.000000000000000000, -1.000000000000000000 ) ) ;
#2391 = ORIENTED_EDGE ( 'NONE', *, *, #321, .F. ) ;
#2392 = ORIENTED_EDGE ( 'NONE', *, *, #373, .F. ) ;
#2393 = DIRECTION ( 'NONE',  ( 0.000000000000000000, 0.000000000000000000, -1.000000000000000000 ) ) ;
#2394 = DIRECTION ( 'NONE',  ( 1.000000000000000000, 0.000000000000000000, 0.000000000000000000 ) ) ;
#2395 = CARTESIAN_POINT ( 'NONE',  ( 23.04999962000000480, 1.040834085586084257E-14, 2.000000000000000000 ) ) ;
#2396 = EDGE_CURVE ( 'NONE', #1558, #1188, #2193, .T. ) ;
#2397 = ORIENTED_EDGE ( 'NONE', *, *, #121, .T. ) ;
#2398 = CARTESIAN_POINT ( 'NONE',  ( 0.000000000000000000, 0.000000000000000000, 0.5000000000000000000 ) ) ;
#2399 = EDGE_CURVE ( 'NONE', #778, #2385, #1767, .T. ) ;
#2400 = ORIENTED_EDGE ( 'NONE', *, *, #2089, .F. ) ;
#2401 = ORIENTED_EDGE ( 'NONE', *, *, #2089, .T. ) ;
#2402 = CYLINDRICAL_SURFACE ( 'NONE', #719, 0.4000000000000001887 ) ;
#2403 = VERTEX_POINT ( 'NONE', #253 ) ;
#2404 = VERTEX_POINT ( 'NONE', #227 ) ;
#2405 = DIRECTION ( 'NONE',  ( -0.000000000000000000, -0.000000000000000000, -1.000000000000000000 ) ) ;
#2406 = DIRECTION ( 'NONE',  ( 0.000000000000000000, 0.000000000000000000, 1.000000000000000000 ) ) ;
#2407 = DIRECTION ( 'NONE',  ( -0.000000000000000000, -0.000000000000000000, 1.000000000000000000 ) ) ;
#2408 = CARTESIAN_POINT ( 'NONE',  ( 0.000000000000000000, 23.04999962000000480, 0.5000000000000000000 ) ) ;
#2409 = ORIENTED_EDGE ( 'NONE', *, *, #1382, .T. ) ;
#2410 = CARTESIAN_POINT ( 'NONE',  ( 3.434579439253020006, -20.71723109094119764, 0.5000000000000000000 ) ) ;
#2411 = EDGE_CURVE ( 'NONE', #462, #2052, #533, .T. ) ;
#2412 = VERTEX_POINT ( 'NONE', #1866 ) ;
#2413 = EDGE_CURVE ( 'NONE', #484, #854, #1369, .T. ) ;
#2414 = ORIENTED_EDGE ( 'NONE', *, *, #2411, .T. ) ;
#2415 = DIRECTION ( 'NONE',  ( 1.000000000000000000, 0.000000000000000000, 0.000000000000000000 ) ) ;
#2416 = VERTEX_POINT ( 'NONE', #1103 ) ;
#2417 = ORIENTED_EDGE ( 'NONE', *, *, #2489, .F. ) ;
#2418 = DIRECTION ( 'NONE',  ( 0.000000000000000000, 0.000000000000000000, 1.000000000000000000 ) ) ;
#2419 = CARTESIAN_POINT ( 'NONE',  ( 1.520000000000000018, 23.04999962000000480, -1.150000000000011458 ) ) ;
#2420 = VECTOR ( 'NONE', #229, 1000.000000000000000 ) ;
#2421 = LINE ( 'NONE', #1476, #1765 ) ;
#2422 = DIRECTION ( 'NONE',  ( 1.000000000000000000, 0.000000000000000000, 0.000000000000000000 ) ) ;
#2423 = EDGE_LOOP ( 'NONE', ( #2146, #247 ) ) ;
#2424 = FACE_BOUND ( 'NONE', #2431, .T. ) ;
#2425 = EDGE_LOOP ( 'NONE', ( #2212, #137, #983, #2246 ) ) ;
#2426 = ORIENTED_EDGE ( 'NONE', *, *, #378, .F. ) ;
#2427 = EDGE_CURVE ( 'NONE', #841, #1120, #1885, .T. ) ;
#2428 = CARTESIAN_POINT ( 'NONE',  ( -3.467289719625474831, -20.91453805371228469, 2.000000000000000000 ) ) ;
#2429 = EDGE_CURVE ( 'NONE', #2226, #1865, #357, .T. ) ;
#2430 = ORIENTED_EDGE ( 'NONE', *, *, #1946, .F. ) ;
#2431 = EDGE_LOOP ( 'NONE', ( #1176, #1340 ) ) ;
#2432 = VECTOR ( 'NONE', #1733, 1000.000000000000000 ) ;
#2433 = DIRECTION ( 'NONE',  ( 1.000000000000000000, 0.000000000000000000, 0.000000000000000000 ) ) ;
#2434 = EDGE_CURVE ( 'NONE', #1572, #2178, #2445, .T. ) ;
#2435 = CARTESIAN_POINT ( 'NONE',  ( -3.099999999999998757, 23.04999962000000480, 0.4793749999999867839 ) ) ;
#2436 = CARTESIAN_POINT ( 'NONE',  ( -21.11184501648310174, 3.499999999999683808, 2.000000000000000000 ) ) ;
#2437 = CARTESIAN_POINT ( 'NONE',  ( 23.04999962000000480, 1.040834085586084257E-14, 0.5000000000000000000 ) ) ;
#2438 = DIRECTION ( 'NONE',  ( 1.000000000000000000, 6.942179961846172299E-15, 0.000000000000000000 ) ) ;
#2439 = ORIENTED_EDGE ( 'NONE', *, *, #2396, .F. ) ;
#2440 = ORIENTED_EDGE ( 'NONE', *, *, #1892, .T. ) ;
#2441 = DIRECTION ( 'NONE',  ( 1.000000000000000000, 0.000000000000000000, 0.000000000000000000 ) ) ;
#2442 = VECTOR ( 'NONE', #433, 1000.000000000000000 ) ;
#2443 = ORIENTED_EDGE ( 'NONE', *, *, #407, .F. ) ;
#2444 = EDGE_CURVE ( 'NONE', #1794, #824, #1573, .T. ) ;
#2445 = LINE ( 'NONE', #1841, #2389 ) ;
#2446 = ADVANCED_FACE ( 'NONE', ( #1054 ), #724, .F. ) ;
#2447 = AXIS2_PLACEMENT_3D ( 'NONE', #468, #2021, #1235 ) ;
#2448 = LINE ( 'NONE', #714, #345 ) ;
#2449 = CARTESIAN_POINT ( 'NONE',  ( 21.11184501648295964, 3.500000000000530687, 0.5000000000000000000 ) ) ;
#2450 = CARTESIAN_POINT ( 'NONE',  ( 3.100000000000709743, -23.04999961999990887, 0.4793750000007188095 ) ) ;
#2451 = CARTESIAN_POINT ( 'NONE',  ( 23.04999962000000480, 1.040834085586084257E-14, 0.5000000000000000000 ) ) ;
#2452 = ORIENTED_EDGE ( 'NONE', *, *, #204, .T. ) ;
#2453 = ORIENTED_EDGE ( 'NONE', *, *, #2081, .T. ) ;
#2454 = DIRECTION ( 'NONE',  ( 0.000000000000000000, 0.000000000000000000, 1.000000000000000000 ) ) ;
#2455 = CIRCLE ( 'NONE', #58, 29.30000000000001492 ) ;
#2456 = CARTESIAN_POINT ( 'NONE',  ( 26.14999962000000266, 1.040834085586084257E-14, 1.800000000000001155 ) ) ;
#2457 = CONICAL_SURFACE ( 'NONE', #2134, 3.099999999999998757, 0.7853981633974309595 ) ;
#2458 = DIRECTION ( 'NONE',  ( 1.000000000000000000, 0.000000000000000000, 0.000000000000000000 ) ) ;
#2459 = AXIS2_PLACEMENT_3D ( 'NONE', #861, #1435, #2220 ) ;
#2460 = LINE ( 'NONE', #1289, #506 ) ;
#2461 = EDGE_CURVE ( 'NONE', #857, #1015, #1294, .T. ) ;
#2462 = COLOUR_RGB ( '',0.8980392156862745390, 0.9176470588235293713, 0.9294117647058823817 ) ;
#2463 = DIRECTION ( 'NONE',  ( 0.000000000000000000, 0.000000000000000000, -1.000000000000000000 ) ) ;
#2464 = ORIENTED_EDGE ( 'NONE', *, *, #104, .T. ) ;
#2465 = AXIS2_PLACEMENT_3D ( 'NONE', #1285, #1110, #896 ) ;
#2466 = CARTESIAN_POINT ( 'NONE',  ( -24.56999961999999371, 1.059448716933123886E-14, -3.000000000000000000 ) ) ;
#2467 = CARTESIAN_POINT ( 'NONE',  ( 0.000000000000000000, 23.04999962000000480, 2.000000000000000000 ) ) ;
#2468 = VECTOR ( 'NONE', #2046, 1000.000000000000000 ) ;
#2469 = DIRECTION ( 'NONE',  ( 0.000000000000000000, 0.000000000000000000, -1.000000000000000000 ) ) ;
#2470 = VECTOR ( 'NONE', #314, 1000.000000000000000 ) ;
#2471 = CARTESIAN_POINT ( 'NONE',  ( 11.50000000000000000, 1.408343819019456176E-15, -1.500000000000001332 ) ) ;
#2472 = AXIS2_PLACEMENT_3D ( 'NONE', #498, #1468, #1278 ) ;
#2473 = UNCERTAINTY_MEASURE_WITH_UNIT (LENGTH_MEASURE( 1.000000000000000082E-05 ), #1695, 'distance_accuracy_value', 'NONE');
#2474 = EDGE_CURVE ( 'NONE', #2008, #1819, #1906, .T. ) ;
#2475 = DIRECTION ( 'NONE',  ( 0.000000000000000000, 0.000000000000000000, -1.000000000000000000 ) ) ;
#2476 = ORIENTED_EDGE ( 'NONE', *, *, #564, .T. ) ;
#2477 = CARTESIAN_POINT ( 'NONE',  ( -3.099999999999447198, -2.152075788171929577E-14, 1.800000000000001155 ) ) ;
#2478 = EDGE_CURVE ( 'NONE', #1234, #2256, #909, .T. ) ;
#2479 = DIRECTION ( 'NONE',  ( 1.000000000000000000, 0.000000000000000000, 0.000000000000000000 ) ) ;
#2480 = CARTESIAN_POINT ( 'NONE',  ( 23.04999962000000480, 1.040834085586084257E-14, -8.268124086713195098 ) ) ;
#2481 = FACE_OUTER_BOUND ( 'NONE', #1035, .T. ) ;
#2482 = CIRCLE ( 'NONE', #553, 3.099999999999998757 ) ;
#2483 = CARTESIAN_POINT ( 'NONE',  ( 3.099999999999998757, 21.11184501648304845, 0.5000000000000000000 ) ) ;
#2484 = DIRECTION ( 'NONE',  ( 0.7071067811865487940, 0.000000000000000000, 0.7071067811865463515 ) ) ;
#2485 = EDGE_LOOP ( 'NONE', ( #2192, #788, #822, #1554 ) ) ;
#2486 = ORIENTED_EDGE ( 'NONE', *, *, #2078, .T. ) ;
#2487 = DIRECTION ( 'NONE',  ( 3.966959978197813418E-15, -1.000000000000000000, 0.000000000000000000 ) ) ;
#2488 = CARTESIAN_POINT ( 'NONE',  ( -27.50000000000000000, 3.367778697655221307E-15, -1.999999999999992228 ) ) ;
#2489 = EDGE_CURVE ( 'NONE', #1414, #1744, #919, .T. ) ;
#2490 = VECTOR ( 'NONE', #1439, 1000.000000000000000 ) ;
#2491 = CYLINDRICAL_SURFACE ( 'NONE', #1661, 3.099999999999998757 ) ;
#2492 = CARTESIAN_POINT ( 'NONE',  ( -20.71723109094136106, 3.434579439252026134, 0.5000000000000000000 ) ) ;
#2493 = DIRECTION ( 'NONE',  ( -1.226634733346727946E-14, 0.7071067811865352493, -0.7071067811865597852 ) ) ;
#2494 = ORIENTED_EDGE ( 'NONE', *, *, #540, .T. ) ;
#2495 = FACE_OUTER_BOUND ( 'NONE', #448, .T. ) ;
#2496 = AXIS2_PLACEMENT_3D ( 'NONE', #1156, #593, #363 ) ;
#2497 = PLANE ( 'NONE',  #1445 ) ;
#2498 = AXIS2_PLACEMENT_3D ( 'NONE', #2055, #131, #339 ) ;
#2499 = EDGE_CURVE ( 'NONE', #914, #2052, #140, .T. ) ;
#2500 = CARTESIAN_POINT ( 'NONE',  ( 21.11184501648296319, 3.100000000000530775, 1.800000000000001155 ) ) ;
#2501 = ORIENTED_EDGE ( 'NONE', *, *, #2350, .T. ) ;
#2502 = EDGE_CURVE ( 'NONE', #1750, #2188, #1489, .T. ) ;
#2503 = DIRECTION ( 'NONE',  ( 0.000000000000000000, 0.000000000000000000, -1.000000000000000000 ) ) ;
#2504 = FACE_OUTER_BOUND ( 'NONE', #2425, .T. ) ;
#2505 = CIRCLE ( 'NONE', #1249, 1.520000000000000018 ) ;
#2506 = DIRECTION ( 'NONE',  ( 0.000000000000000000, 0.7071067811865352493, 0.7071067811865597852 ) ) ;
#2507 = FACE_OUTER_BOUND ( 'NONE', #223, .T. ) ;
#2508 = ORIENTED_EDGE ( 'NONE', *, *, #2133, .F. ) ;
#2509 = CARTESIAN_POINT ( 'NONE',  ( 3.099999999999998757, 22.93202964458732040, 0.4793749999999865619 ) ) ;
#2510 = CARTESIAN_POINT ( 'NONE',  ( 3.434579439252335220, 20.71723109094130777, 1.800000000000001155 ) ) ;
ENDSEC;
END-ISO-10303-21;
