ISO-10303-21;
HEADER;
FILE_DESCRIPTION (( 'STEP AP214' ),
    '1' );
FILE_NAME ('顶部导热块.STEP',
    '2026-05-27T11:40:29',
    ( 'luo010121@outlook.com' ),
    ( '' ),
    'SwSTEP 2.0',
    'SolidWorks 2021',
    '' );
FILE_SCHEMA (( 'AUTOMOTIVE_DESIGN' ));
ENDSEC;

DATA;
#1 = CONICAL_SURFACE ( 'NONE', #2055, 26.09999999999999432, 0.7853981633974657095 ) ;
#2 = LINE ( 'NONE', #2239, #2096 ) ;
#3 = CIRCLE ( 'NONE', #2014, 0.2000000000000005107 ) ;
#4 = CARTESIAN_POINT ( 'NONE',  ( -2.309018497420376015, 14.45536368561336182, -53.85955838769250192 ) ) ;
#5 = DIRECTION ( 'NONE',  ( -0.7027442638224198346, 0.7114425483935334915, 0.000000000000000000 ) ) ;
#6 = ORIENTED_EDGE ( 'NONE', *, *, #1793, .T. ) ;
#7 = ORIENTED_EDGE ( 'NONE', *, *, #921, .F. ) ;
#8 = PLANE ( 'NONE',  #742 ) ;
#9 = CARTESIAN_POINT ( 'NONE',  ( -3.157053954667285556, 13.69439640122716284, -51.00041577998818099 ) ) ;
#10 = EDGE_CURVE ( 'NONE', #801, #983, #628, .T. ) ;
#11 = VERTEX_POINT ( 'NONE', #1835 ) ;
#12 = CARTESIAN_POINT ( 'NONE',  ( -8.116902508087179058, 20.16359691579350510, -51.02415807120326718 ) ) ;
#13 = CARTESIAN_POINT ( 'NONE',  ( -24.69849011171107378, 21.53784716418134693, -32.80041777998817309 ) ) ;
#14 = CARTESIAN_POINT ( 'NONE',  ( -8.471058811051976889, 20.68966055064717935, -53.78137915572594352 ) ) ;
#15 = ORIENTED_EDGE ( 'NONE', *, *, #2218, .F. ) ;
#16 = AXIS2_PLACEMENT_3D ( 'NONE', #2189, #1738, #1109 ) ;
#17 = DIRECTION ( 'NONE',  ( -1.000000000000000000, 0.000000000000000000, 0.000000000000000000 ) ) ;
#18 = VECTOR ( 'NONE', #2361, 1000.000000000000000 ) ;
#19 = CARTESIAN_POINT ( 'NONE',  ( -2.934094724924095843, 14.96817197811181543, -54.25041577998818099 ) ) ;
#20 = DIRECTION ( 'NONE',  ( -1.000000000000000000, 0.000000000000000000, 0.000000000000000000 ) ) ;
#21 = ORIENTED_EDGE ( 'NONE', *, *, #2181, .F. ) ;
#22 = DIRECTION ( 'NONE',  ( 0.7027442638224206117, -0.7114425483935327144, 0.000000000000000000 ) ) ;
#23 = EDGE_CURVE ( 'NONE', #1558, #1204, #2246, .T. ) ;
#24 = CARTESIAN_POINT ( 'NONE',  ( -2.613709309417817206, 14.48627688499216504, -51.39680166150386498 ) ) ;
#25 = ORIENTED_EDGE ( 'NONE', *, *, #548, .T. ) ;
#26 = AXIS2_PLACEMENT_3D ( 'NONE', #2252, #723, #2264 ) ;
#27 = DIRECTION ( 'NONE',  ( -0.7027442638224027371, 0.7114425483935503669, 0.000000000000000000 ) ) ;
#28 = VECTOR ( 'NONE', #1909, 999.9999999999998863 ) ;
#29 = DIRECTION ( 'NONE',  ( -1.000000000000000000, 0.000000000000000000, 0.000000000000000000 ) ) ;
#30 = CARTESIAN_POINT ( 'NONE',  ( -24.69849011171107378, -1.512152455818657204, -40.80041777998818020 ) ) ;
#31 = VERTEX_POINT ( 'NONE', #2312 ) ;
#32 = B_SPLINE_CURVE_WITH_KNOTS ( 'NONE', 1,
 ( #2102, #292 ),
 .UNSPECIFIED., .F., .F.,
 ( 2, 2 ),
 ( 0.000000000000000000, 1.000000000000000000 ),
 .UNSPECIFIED. ) ;
#33 = B_SPLINE_CURVE_WITH_KNOTS ( 'NONE', 3,
 ( #1442, #1457, #109, #794, #2550, #2346, #1470, #550 ),
 .UNSPECIFIED., .F., .F.,
 ( 4, 2, 2, 4 ),
 ( 0.000000000000000000, 0.2499999999999967804, 0.4999999999999935607, 1.000000000000000000 ),
 .UNSPECIFIED. ) ;
#34 = FACE_BOUND ( 'NONE', #629, .T. ) ;
#35 = EDGE_CURVE ( 'NONE', #1987, #751, #1350, .T. ) ;
#36 = CARTESIAN_POINT ( 'NONE',  ( -2.686229604140585092, 14.59878136947113880, -54.06202933910442709 ) ) ;
#37 = CARTESIAN_POINT ( 'NONE',  ( -24.69849011171107378, -1.512152455818657204, -40.80041777998818020 ) ) ;
#38 = VERTEX_POINT ( 'NONE', #2327 ) ;
#39 = ORIENTED_EDGE ( 'NONE', *, *, #578, .T. ) ;
#40 = DIRECTION ( 'NONE',  ( 0.000000000000000000, 0.000000000000000000, -1.000000000000000000 ) ) ;
#41 = VERTEX_POINT ( 'NONE', #76 ) ;
#42 = DIRECTION ( 'NONE',  ( 0.000000000000000000, 0.000000000000000000, -1.000000000000000000 ) ) ;
#43 = CARTESIAN_POINT ( 'NONE',  ( -28.50470442265394766, 21.53784716418013545, -40.80041777998818020 ) ) ;
#44 = CIRCLE ( 'NONE', #186, 2.999999999999999112 ) ;
#45 = DIRECTION ( 'NONE',  ( -1.000000000000000000, 0.000000000000000000, 0.000000000000000000 ) ) ;
#46 = VERTEX_POINT ( 'NONE', #1233 ) ;
#47 = CARTESIAN_POINT ( 'NONE',  ( -2.774648604874375479, 15.08890695564976525, -50.79041577998818724 ) ) ;
#48 = CARTESIAN_POINT ( 'NONE',  ( -2.754120651167676126, 14.70223361323371947, -54.16103351568577295 ) ) ;
#49 = CARTESIAN_POINT ( 'NONE',  ( -21.53129293635872799, 22.37882621924258331, -32.80041777998817309 ) ) ;
#50 = AXIS2_PLACEMENT_3D ( 'NONE', #2646, #898, #2415 ) ;
#51 = AXIS2_PLACEMENT_3D ( 'NONE', #2724, #1633, #2523 ) ;
#52 = ORIENTED_EDGE ( 'NONE', *, *, #1360, .T. ) ;
#53 = DIRECTION ( 'NONE',  ( 0.7114425483935334915, 0.7027442638224199456, -0.000000000000000000 ) ) ;
#54 = ADVANCED_FACE ( 'NONE', ( #1641 ), #2193, .T. ) ;
#55 = EDGE_CURVE ( 'NONE', #1894, #56, #83, .T. ) ;
#56 = VERTEX_POINT ( 'NONE', #1454 ) ;
#57 = CARTESIAN_POINT ( 'NONE',  ( -8.295247332445573107, 20.28502426380920554, -51.15211452801375458 ) ) ;
#58 = EDGE_CURVE ( 'NONE', #41, #1943, #2090, .T. ) ;
#59 = DIRECTION ( 'NONE',  ( 0.000000000000000000, 0.000000000000000000, -1.000000000000000000 ) ) ;
#60 = DIRECTION ( 'NONE',  ( -1.000000000000000000, 0.000000000000000000, 0.000000000000000000 ) ) ;
#61 = ORIENTED_EDGE ( 'NONE', *, *, #828, .F. ) ;
#62 = DIRECTION ( 'NONE',  ( -1.000000000000000000, 0.000000000000000000, 0.000000000000000000 ) ) ;
#63 = EDGE_CURVE ( 'NONE', #243, #1250, #2782, .T. ) ;
#64 = CARTESIAN_POINT ( 'NONE',  ( -2.421854577246280282, 14.61242085193753226, -54.19923385880982636 ) ) ;
#65 = DIRECTION ( 'NONE',  ( -1.000000000000000000, 0.000000000000000000, 0.000000000000000000 ) ) ;
#66 = DIRECTION ( 'NONE',  ( -0.7114425483935334915, -0.7027442638224199456, 0.000000000000000000 ) ) ;
#67 = ORIENTED_EDGE ( 'NONE', *, *, #1551, .F. ) ;
#68 = DIRECTION ( 'NONE',  ( 0.000000000000000000, 0.000000000000000000, -1.000000000000000000 ) ) ;
#69 = LINE ( 'NONE', #473, #1336 ) ;
#70 = DIRECTION ( 'NONE',  ( 0.000000000000000000, 0.000000000000000000, -1.000000000000000000 ) ) ;
#71 = ORIENTED_EDGE ( 'NONE', *, *, #689, .T. ) ;
#72 = AXIS2_PLACEMENT_3D ( 'NONE', #1592, #2309, #2248 ) ;
#73 = FACE_OUTER_BOUND ( 'NONE', #608, .T. ) ;
#74 = CARTESIAN_POINT ( 'NONE',  ( -8.329171317958753207, 20.30771817656016509, -51.19323040879380216 ) ) ;
#75 = EDGE_CURVE ( 'NONE', #335, #1976, #1074, .T. ) ;
#76 = CARTESIAN_POINT ( 'NONE',  ( -5.750064449065820149, 13.37969648603532491, -32.80041777998817309 ) ) ;
#77 = CARTESIAN_POINT ( 'NONE',  ( 0.2950740483837893668, 17.31450315569726683, -51.59041577998818440 ) ) ;
#78 = ORIENTED_EDGE ( 'NONE', *, *, #1386, .F. ) ;
#79 = PLANE ( 'NONE',  #254 ) ;
#80 = CARTESIAN_POINT ( 'NONE',  ( -3.262138693583878091, 13.80078183658516799, -53.65041577998817957 ) ) ;
#81 = DIRECTION ( 'NONE',  ( 0.7114425483935334915, 0.7027442638224199456, -0.000000000000000000 ) ) ;
#82 = ORIENTED_EDGE ( 'NONE', *, *, #275, .F. ) ;
#83 = CIRCLE ( 'NONE', #1957, 1.056214310942091394 ) ;
#84 = LINE ( 'NONE', #1821, #2284 ) ;
#85 = ORIENTED_EDGE ( 'NONE', *, *, #1188, .T. ) ;
#86 = FACE_OUTER_BOUND ( 'NONE', #175, .T. ) ;
#87 = DIRECTION ( 'NONE',  ( -1.000000000000000000, 0.000000000000000000, 0.000000000000000000 ) ) ;
#88 = DIRECTION ( 'NONE',  ( -0.7114425483935333805, -0.7027442638224198346, 0.000000000000000000 ) ) ;
#89 = CONICAL_SURFACE ( 'NONE', #2149, 26.09999999999999432, 0.7853981633974657095 ) ;
#90 = AXIS2_PLACEMENT_3D ( 'NONE', #2144, #2159, #2552 ) ;
#91 = EDGE_CURVE ( 'NONE', #2208, #713, #44, .T. ) ;
#92 = VERTEX_POINT ( 'NONE', #1903 ) ;
#93 = DIRECTION ( 'NONE',  ( 0.000000000000000000, 0.000000000000000000, -1.000000000000000000 ) ) ;
#94 = EDGE_CURVE ( 'NONE', #955, #593, #1076, .T. ) ;
#95 = DIRECTION ( 'NONE',  ( -1.000000000000000000, 0.000000000000000000, 0.000000000000000000 ) ) ;
#96 = CYLINDRICAL_SURFACE ( 'NONE', #354, 25.89999999999999503 ) ;
#97 = ORIENTED_EDGE ( 'NONE', *, *, #678, .F. ) ;
#98 = FILL_AREA_STYLE ('',( #1912 ) ) ;
#99 = CARTESIAN_POINT ( 'NONE',  ( -2.573883987808119223, 14.82040396777758140, -50.86105011270166187 ) ) ;
#100 = CARTESIAN_POINT ( 'NONE',  ( -8.151368275910936489, 20.45243016345831322, -54.34389767199775889 ) ) ;
#101 = EDGE_LOOP ( 'NONE', ( #602, #150, #2211, #2822 ) ) ;
#102 = CARTESIAN_POINT ( 'NONE',  ( -8.215393151595913324, 20.23110353817985185, -51.07979804429058390 ) ) ;
#103 = DIRECTION ( 'NONE',  ( -1.000000000000000000, 0.000000000000000000, 0.000000000000000000 ) ) ;
#104 = CARTESIAN_POINT ( 'NONE',  ( -9.123025853862854362, 19.73421269018722768, -53.65041577998819378 ) ) ;
#105 = DIRECTION ( 'NONE',  ( -1.000000000000000000, 0.000000000000000000, 0.000000000000000000 ) ) ;
#106 = VECTOR ( 'NONE', #2609, 1000.000000000000114 ) ;
#107 = VERTEX_POINT ( 'NONE', #2577 ) ;
#108 = CIRCLE ( 'NONE', #808, 25.89999999999999147 ) ;
#109 = CARTESIAN_POINT ( 'NONE',  ( -8.462070564816738028, 20.68312547623697384, -53.86130829337657389 ) ) ;
#110 = CARTESIAN_POINT ( 'NONE',  ( -40.99730114935989178, 14.78665858183135562, -32.80041777998817309 ) ) ;
#111 = CARTESIAN_POINT ( 'NONE',  ( -2.934094724924095843, 14.96817197811181543, -54.25041577998818099 ) ) ;
#112 = ORIENTED_EDGE ( 'NONE', *, *, #2732, .F. ) ;
#113 = DIRECTION ( 'NONE',  ( 1.000000000000000000, 0.000000000000000000, 0.000000000000000000 ) ) ;
#114 = CARTESIAN_POINT ( 'NONE',  ( -7.850117652461634954, 20.22222262925741987, -54.45041509416076053 ) ) ;
#115 = EDGE_LOOP ( 'NONE', ( #223, #1673, #2266, #1779 ) ) ;
#116 = CARTESIAN_POINT ( 'NONE',  ( -2.443969409952124305, 14.64292919531575521, -54.23601035856636088 ) ) ;
#117 = CIRCLE ( 'NONE', #1570, 0.6000000000000033085 ) ;
#118 = CARTESIAN_POINT ( 'NONE',  ( -24.69849011171107378, -1.512152455818657204, -40.80041777998818020 ) ) ;
#119 = VECTOR ( 'NONE', #2472, 1000.000000000000000 ) ;
#120 = DIRECTION ( 'NONE',  ( -1.000000000000000000, 0.000000000000000000, 0.000000000000000000 ) ) ;
#121 = DIRECTION ( 'NONE',  ( -1.000000000000000000, 0.000000000000000000, 0.000000000000000000 ) ) ;
#122 = AXIS2_PLACEMENT_3D ( 'NONE', #1190, #1411, #342 ) ;
#123 = EDGE_LOOP ( 'NONE', ( #252, #557, #2849, #1503, #1469, #2874, #1911, #2641 ) ) ;
#124 = CARTESIAN_POINT ( 'NONE',  ( -8.399679074061923600, 14.78665858183135562, -32.80041777998817309 ) ) ;
#125 = LINE ( 'NONE', #1016, #918 ) ;
#126 = DIRECTION ( 'NONE',  ( 0.000000000000000000, 0.000000000000000000, -1.000000000000000000 ) ) ;
#127 = VERTEX_POINT ( 'NONE', #1399 ) ;
#128 = EDGE_CURVE ( 'NONE', #1510, #38, #1189, .T. ) ;
#129 = CARTESIAN_POINT ( 'NONE',  ( -2.326027178084432379, 14.47918672583256594, -51.29506427915603695 ) ) ;
#130 = CARTESIAN_POINT ( 'NONE',  ( -8.127675784345916199, 20.17104533172127745, -54.21231345369073296 ) ) ;
#131 = ORIENTED_EDGE ( 'NONE', *, *, #1497, .F. ) ;
#132 = CARTESIAN_POINT ( 'NONE',  ( -8.411020252417529264, 20.64565335802460666, -51.23468104511559318 ) ) ;
#133 = EDGE_CURVE ( 'NONE', #2188, #1800, #554, .T. ) ;
#134 = CARTESIAN_POINT ( 'NONE',  ( 1.201509888288921468, -1.512152455818657204, -138.7821617105083760 ) ) ;
#135 = CIRCLE ( 'NONE', #1773, 27.30000000000000426 ) ;
#136 = PLANE ( 'NONE',  #715 ) ;
#137 = CARTESIAN_POINT ( 'NONE',  ( -24.69849011171107378, -1.512152455818657204, -31.20041777998817878 ) ) ;
#138 = VERTEX_POINT ( 'NONE', #104 ) ;
#139 = EDGE_CURVE ( 'NONE', #2062, #1113, #781, .T. ) ;
#140 = FACE_OUTER_BOUND ( 'NONE', #1744, .T. ) ;
#141 = EDGE_CURVE ( 'NONE', #2012, #1303, #2561, .T. ) ;
#142 = AXIS2_PLACEMENT_3D ( 'NONE', #703, #491, #280 ) ;
#143 = EDGE_CURVE ( 'NONE', #1894, #690, #468, .T. ) ;
#144 = CARTESIAN_POINT ( 'NONE',  ( -24.69849011171107378, -1.512152455818657204, -40.80041777998818020 ) ) ;
#145 = AXIS2_PLACEMENT_3D ( 'NONE', #789, #1012, #1629 ) ;
#146 = DIRECTION ( 'NONE',  ( 0.000000000000000000, 0.000000000000000000, -1.000000000000000000 ) ) ;
#147 = VERTEX_POINT ( 'NONE', #2528 ) ;
#148 = CARTESIAN_POINT ( 'NONE',  ( -2.293393208933665051, 14.43343125095928414, -51.53754154800295595 ) ) ;
#149 = CARTESIAN_POINT ( 'NONE',  ( -8.095014646764218114, 20.40987295135361279, -54.37978144727470209 ) ) ;
#150 = ORIENTED_EDGE ( 'NONE', *, *, #2399, .F. ) ;
#151 = CARTESIAN_POINT ( 'NONE',  ( -7.974468522813358717, 20.31805074256153887, -50.81066994293988159 ) ) ;
#152 = ADVANCED_FACE ( 'NONE', ( #951 ), #2078, .T. ) ;
#153 = DIRECTION ( 'NONE',  ( -1.000000000000000000, 0.000000000000000000, 0.000000000000000000 ) ) ;
#154 = CARTESIAN_POINT ( 'NONE',  ( -5.750064449065495076, -16.40400139767222498, -32.80041777998817309 ) ) ;
#155 = FACE_OUTER_BOUND ( 'NONE', #1552, .T. ) ;
#156 = EDGE_CURVE ( 'NONE', #653, #2073, #2515, .T. ) ;
#157 = VECTOR ( 'NONE', #2758, 1000.000000000000000 ) ;
#158 = EDGE_LOOP ( 'NONE', ( #1805, #1054, #1837, #2221, #2330, #317, #2518, #2140, #769, #2093, #2584, #2107 ) ) ;
#159 = DIRECTION ( 'NONE',  ( -1.000000000000000000, 0.000000000000000000, 0.000000000000000000 ) ) ;
#160 = CARTESIAN_POINT ( 'NONE',  ( -8.457000791168573173, 20.39209475449057507, -53.72887885531156371 ) ) ;
#161 = EDGE_CURVE ( 'NONE', #1087, #844, #1858, .T. ) ;
#162 = CIRCLE ( 'NONE', #909, 3.000000000000002665 ) ;
#163 = CARTESIAN_POINT ( 'NONE',  ( -28.29686764313900227, 2.130764338857809026, -51.00041577998818099 ) ) ;
#164 = VERTEX_POINT ( 'NONE', #1279 ) ;
#165 = CARTESIAN_POINT ( 'NONE',  ( -2.479571110887710539, 14.69185176499783729, -50.95504271022873866 ) ) ;
#166 = CARTESIAN_POINT ( 'NONE',  ( -8.169665099567827937, 20.46620224265800303, -54.33046094408817339 ) ) ;
#167 = ORIENTED_EDGE ( 'NONE', *, *, #2155, .F. ) ;
#168 = CARTESIAN_POINT ( 'NONE',  ( -8.478507266570627365, 20.69510229765841203, -51.53744646526024553 ) ) ;
#169 = DIRECTION ( 'NONE',  ( 0.000000000000000000, 0.000000000000000000, -1.000000000000000000 ) ) ;
#170 = VECTOR ( 'NONE', #2835, 1000.000000000000000 ) ;
#171 = DIRECTION ( 'NONE',  ( 0.000000000000000000, 0.000000000000000000, -1.000000000000000000 ) ) ;
#172 = DIRECTION ( 'NONE',  ( 0.000000000000000000, 0.000000000000000000, -1.000000000000000000 ) ) ;
#173 = CIRCLE ( 'NONE', #2268, 25.89999999999999147 ) ;
#174 = EDGE_CURVE ( 'NONE', #2116, #1865, #135, .T. ) ;
#175 = EDGE_LOOP ( 'NONE', ( #192, #1274, #1946, #2145 ) ) ;
#176 = DIRECTION ( 'NONE',  ( -1.000000000000000000, 0.000000000000000000, 0.000000000000000000 ) ) ;
#177 = DIRECTION ( 'NONE',  ( -1.000000000000000000, 0.000000000000000000, 0.000000000000000000 ) ) ;
#178 = CARTESIAN_POINT ( 'NONE',  ( -2.753848202400235756, 14.70181042967497120, -51.08038190691320324 ) ) ;
#179 = ORIENTED_EDGE ( 'NONE', *, *, #2619, .F. ) ;
#180 = PRESENTATION_STYLE_ASSIGNMENT (( #2422 ) ) ;
#181 = LINE ( 'NONE', #2021, #893 ) ;
#182 = ORIENTED_EDGE ( 'NONE', *, *, #2514, .T. ) ;
#183 = FACE_OUTER_BOUND ( 'NONE', #1772, .T. ) ;
#184 = DIRECTION ( 'NONE',  ( -0.7114425483935333805, -0.7027442638224198346, 0.000000000000000000 ) ) ;
#185 = DIRECTION ( 'NONE',  ( -1.000000000000000000, 0.000000000000000000, 0.000000000000000000 ) ) ;
#186 = AXIS2_PLACEMENT_3D ( 'NONE', #1886, #2343, #994 ) ;
#187 = ORIENTED_EDGE ( 'NONE', *, *, #1110, .F. ) ;
#188 = CARTESIAN_POINT ( 'NONE',  ( -39.59033905356793070, -20.46057811846635843, -32.80041777998817309 ) ) ;
#189 = CARTESIAN_POINT ( 'NONE',  ( -8.204115421360310023, 20.22342516314353489, -54.16878527922131070 ) ) ;
#190 = EDGE_CURVE ( 'NONE', #257, #1714, #2856, .T. ) ;
#191 = DIRECTION ( 'NONE',  ( 0.000000000000000000, 0.000000000000000000, -1.000000000000000000 ) ) ;
#192 = ORIENTED_EDGE ( 'NONE', *, *, #1584, .T. ) ;
#193 = CIRCLE ( 'NONE', #1731, 1.520000000000000462 ) ;
#194 = CARTESIAN_POINT ( 'NONE',  ( -24.69849011171107378, -1.512152455818657204, -40.80041777998818020 ) ) ;
#195 = CARTESIAN_POINT ( 'NONE',  ( -8.301241467636867100, 20.56453926701011525, -54.19860640992175860 ) ) ;
#196 = CIRCLE ( 'NONE', #563, 25.89999999999999147 ) ;
#197 = ORIENTED_EDGE ( 'NONE', *, *, #1398, .T. ) ;
#198 = AXIS2_PLACEMENT_3D ( 'NONE', #1965, #172, #2402 ) ;
#199 = PLANE ( 'NONE',  #790 ) ;
#200 = CARTESIAN_POINT ( 'NONE',  ( -9.650410952386433650, 20.26812554838342706, -37.61027914159473085 ) ) ;
#201 = CARTESIAN_POINT ( 'NONE',  ( -21.94849011171242381, -24.56215207581315951, -40.80041777998818020 ) ) ;
#202 = ORIENTED_EDGE ( 'NONE', *, *, #2726, .T. ) ;
#203 = CARTESIAN_POINT ( 'NONE',  ( -2.858722402908834503, 14.85822616932537166, -51.00475594481530806 ) ) ;
#204 = DIRECTION ( 'NONE',  ( 1.000000000000000000, 0.000000000000000000, 0.000000000000000000 ) ) ;
#205 = DIRECTION ( 'NONE',  ( -1.000000000000000000, 0.000000000000000000, 0.000000000000000000 ) ) ;
#206 = EDGE_LOOP ( 'NONE', ( #784, #1450, #941, #2494 ) ) ;
#207 = AXIS2_PLACEMENT_3D ( 'NONE', #717, #940, #20 ) ;
#208 = SURFACE_SIDE_STYLE ('',( #458 ) ) ;
#209 = CARTESIAN_POINT ( 'NONE',  ( -2.613447941981396294, 14.48588133342193984, -53.84618267136636405 ) ) ;
#210 = EDGE_LOOP ( 'NONE', ( #1537, #553 ) ) ;
#211 = CARTESIAN_POINT ( 'NONE',  ( -7.951688768616168801, 20.04787177364163142, -54.25041577998818099 ) ) ;
#212 = CARTESIAN_POINT ( 'NONE',  ( -2.735837422000851227, 14.67454864252083802, -54.13941906786778446 ) ) ;
#213 = CARTESIAN_POINT ( 'NONE',  ( -26.21849011171107335, 21.53784716418134693, -40.80041777998818020 ) ) ;
#214 = ORIENTED_EDGE ( 'NONE', *, *, #2613, .F. ) ;
#215 = DIRECTION ( 'NONE',  ( -0.000000000000000000, -0.000000000000000000, 1.000000000000000000 ) ) ;
#216 = VECTOR ( 'NONE', #2191, 1000.000000000000000 ) ;
#217 = CYLINDRICAL_SURFACE ( 'NONE', #2733, 25.89999999999999503 ) ;
#218 = DIRECTION ( 'NONE',  ( 0.000000000000000000, 0.000000000000000000, -1.000000000000000000 ) ) ;
#219 = ORIENTED_EDGE ( 'NONE', *, *, #139, .F. ) ;
#220 = CARTESIAN_POINT ( 'NONE',  ( -8.453464322052354873, 20.38978681870903031, -51.51018238612483913 ) ) ;
#221 = FACE_OUTER_BOUND ( 'NONE', #2564, .T. ) ;
#222 = CARTESIAN_POINT ( 'NONE',  ( -2.812529678032942737, 14.78982749881404501, -54.21168282010002315 ) ) ;
#223 = ORIENTED_EDGE ( 'NONE', *, *, #10, .T. ) ;
#224 = AXIS2_PLACEMENT_3D ( 'NONE', #1546, #872, #177 ) ;
#225 = CARTESIAN_POINT ( 'NONE',  ( 2.601509888288906058, -1.512152455818657204, -56.00041577998818099 ) ) ;
#226 = EDGE_CURVE ( 'NONE', #1925, #257, #1762, .T. ) ;
#227 = CARTESIAN_POINT ( 'NONE',  ( -2.658577664131272833, 14.55612997401271258, -54.00176890259501761 ) ) ;
#228 = CARTESIAN_POINT ( 'NONE',  ( -8.778039644211862225, 19.38495638061634452, -51.00041577998818099 ) ) ;
#229 = ORIENTED_EDGE ( 'NONE', *, *, #2446, .F. ) ;
#230 = EDGE_LOOP ( 'NONE', ( #684, #1310, #237, #2254 ) ) ;
#231 = CARTESIAN_POINT ( 'NONE',  ( -2.888959852885840451, 14.90258987544846825, -50.99523389103711679 ) ) ;
#232 = VERTEX_POINT ( 'NONE', #2829 ) ;
#233 = CARTESIAN_POINT ( 'NONE',  ( -8.150744156301078291, 20.18691325832870476, -51.03996103928928108 ) ) ;
#234 = DIRECTION ( 'NONE',  ( -1.000000000000000000, 0.000000000000000000, 0.000000000000000000 ) ) ;
#235 = EDGE_CURVE ( 'NONE', #874, #273, #2532, .T. ) ;
#236 = CARTESIAN_POINT ( 'NONE',  ( -43.70110514382310640, 16.08644470251613967, -32.80041777998817309 ) ) ;
#237 = ORIENTED_EDGE ( 'NONE', *, *, #1567, .T. ) ;
#238 = CARTESIAN_POINT ( 'NONE',  ( -27.86568728706310694, 22.37882621924635629, -40.80041777998818020 ) ) ;
#239 = CIRCLE ( 'NONE', #429, 2.999999999999999112 ) ;
#240 = CARTESIAN_POINT ( 'NONE',  ( -2.824079084569029785, 14.80699968913640241, -54.21895947892995338 ) ) ;
#241 = CYLINDRICAL_SURFACE ( 'NONE', #2223, 1.520000000000000462 ) ;
#242 = ADVANCED_FACE ( 'NONE', ( #867 ), #2398, .T. ) ;
#243 = VERTEX_POINT ( 'NONE', #2416 ) ;
#244 = ADVANCED_FACE ( 'NONE', ( #849 ), #2153, .T. ) ;
#245 = LINE ( 'NONE', #2544, #450 ) ;
#246 = CARTESIAN_POINT ( 'NONE',  ( -2.623550852232788611, 14.50166662776536519, -51.35070774670113281 ) ) ;
#247 = ORIENTED_EDGE ( 'NONE', *, *, #2296, .T. ) ;
#248 = CARTESIAN_POINT ( 'NONE',  ( -8.091771209804351273, 20.14619686273286447, -51.01450872665869696 ) ) ;
#249 = ADVANCED_FACE ( 'NONE', ( #376 ), #835, .F. ) ;
#250 = CARTESIAN_POINT ( 'NONE',  ( -28.50470442265406490, -24.56215207581658788, -32.80041777998817309 ) ) ;
#251 = DIRECTION ( 'NONE',  ( 0.7027442638224199456, -0.7114425483935333805, 0.000000000000000000 ) ) ;
#252 = ORIENTED_EDGE ( 'NONE', *, *, #2806, .T. ) ;
#253 = FACE_OUTER_BOUND ( 'NONE', #2701, .T. ) ;
#254 = AXIS2_PLACEMENT_3D ( 'NONE', #1205, #2565, #2331 ) ;
#255 = CARTESIAN_POINT ( 'NONE',  ( -2.878060467863001293, 14.88663898132440444, -54.24277971889056005 ) ) ;
#256 = PLANE ( 'NONE',  #2684 ) ;
#257 = VERTEX_POINT ( 'NONE', #358 ) ;
#258 = CARTESIAN_POINT ( 'NONE',  ( -8.701379295569404704, 19.30734716115111382, -51.59041577998819861 ) ) ;
#259 = ADVANCED_FACE ( 'NONE', ( #1261, #2604 ), #136, .F. ) ;
#260 = ORIENTED_EDGE ( 'NONE', *, *, #2130, .T. ) ;
#261 = CARTESIAN_POINT ( 'NONE',  ( -8.058664190168942199, 20.12316953195406910, -51.00425801575454443 ) ) ;
#262 = CIRCLE ( 'NONE', #1427, 25.89999999999999147 ) ;
#263 = CARTESIAN_POINT ( 'NONE',  ( -8.399679074061729978, -17.81096349346800878, -32.80041777998817309 ) ) ;
#264 = DIRECTION ( 'NONE',  ( 1.000000000000000000, 0.000000000000000000, 0.000000000000000000 ) ) ;
#265 = ORIENTED_EDGE ( 'NONE', *, *, #1138, .F. ) ;
#266 = FACE_OUTER_BOUND ( 'NONE', #2757, .T. ) ;
#267 = CARTESIAN_POINT ( 'NONE',  ( -2.911414247212094075, 14.93531663829835132, -54.24944404708293888 ) ) ;
#268 = CARTESIAN_POINT ( 'NONE',  ( -5.695875079598645030, -19.11074961415304685, -32.80041777998817309 ) ) ;
#269 = EDGE_CURVE ( 'NONE', #827, #853, #1045, .T. ) ;
#270 = EDGE_CURVE ( 'NONE', #1594, #2073, #1499, .T. ) ;
#271 = ORIENTED_EDGE ( 'NONE', *, *, #1138, .T. ) ;
#272 = CARTESIAN_POINT ( 'NONE',  ( -21.53129293636027697, -25.40313113088010866, -40.80041777998818020 ) ) ;
#273 = VERTEX_POINT ( 'NONE', #154 ) ;
#274 = CARTESIAN_POINT ( 'NONE',  ( -8.110880672233745869, 20.15943505458443497, -51.02166734829673089 ) ) ;
#275 = EDGE_CURVE ( 'NONE', #1625, #2707, #531, .T. ) ;
#276 = DIRECTION ( 'NONE',  ( 0.000000000000000000, 0.000000000000000000, -1.000000000000000000 ) ) ;
#277 = AXIS2_PLACEMENT_3D ( 'NONE', #2293, #1671, #1174 ) ;
#278 = DIRECTION ( 'NONE',  ( -1.000000000000000000, 0.000000000000000000, 0.000000000000000000 ) ) ;
#279 = ORIENTED_EDGE ( 'NONE', *, *, #780, .F. ) ;
#280 = DIRECTION ( 'NONE',  ( -1.000000000000000000, 0.000000000000000000, 0.000000000000000000 ) ) ;
#281 = CARTESIAN_POINT ( 'NONE',  ( -8.256219135932747477, 20.25876060519804156, -51.11306438373117089 ) ) ;
#282 = AXIS2_PLACEMENT_3D ( 'NONE', #320, #517, #2305 ) ;
#283 = ADVANCED_FACE ( 'NONE', ( #1513 ), #392, .F. ) ;
#284 = CIRCLE ( 'NONE', #2430, 24.09999999999566000 ) ;
#285 = DIRECTION ( 'NONE',  ( -1.000000000000000000, 0.000000000000000000, 0.000000000000000000 ) ) ;
#286 = CIRCLE ( 'NONE', #1921, 24.09999999999935838 ) ;
#287 = ORIENTED_EDGE ( 'NONE', *, *, #2836, .T. ) ;
#288 = CARTESIAN_POINT ( 'NONE',  ( -8.182197195342258311, 20.20847255974324241, -51.05770306010519022 ) ) ;
#289 = CARTESIAN_POINT ( 'NONE',  ( -24.69849011171107378, -24.56215207581864135, -60.29962500960238714 ) ) ;
#290 = CARTESIAN_POINT ( 'NONE',  ( -24.69849011171107378, -1.512152455818657204, -56.00041577998818099 ) ) ;
#291 = ORIENTED_EDGE ( 'NONE', *, *, #1648, .T. ) ;
#292 = CARTESIAN_POINT ( 'NONE',  ( -8.457001071010115112, 20.39209447807045095, -53.65041577998819378 ) ) ;
#293 = CARTESIAN_POINT ( 'NONE',  ( -8.448605722618479419, 20.38660715500037313, -51.48193943915613602 ) ) ;
#294 = AXIS2_PLACEMENT_3D ( 'NONE', #2679, #1776, #693 ) ;
#295 = AXIS2_PLACEMENT_3D ( 'NONE', #805, #1702, #2186 ) ;
#296 = DIRECTION ( 'NONE',  ( -0.000000000000000000, -0.000000000000000000, 1.000000000000000000 ) ) ;
#297 = CARTESIAN_POINT ( 'NONE',  ( -9.123025853862856138, 19.73421269018723478, -51.59041577998819861 ) ) ;
#298 = EDGE_LOOP ( 'NONE', ( #2718, #838, #1141, #1933 ) ) ;
#299 = DIRECTION ( 'NONE',  ( 0.000000000000000000, 0.000000000000000000, -1.000000000000000000 ) ) ;
#300 = DIRECTION ( 'NONE',  ( -1.000000000000000000, 0.000000000000000000, 0.000000000000000000 ) ) ;
#301 = DIRECTION ( 'NONE',  ( 0.000000000000000000, 0.000000000000000000, 1.000000000000000000 ) ) ;
#302 = EDGE_LOOP ( 'NONE', ( #1300, #516, #1164, #996 ) ) ;
#303 = PRODUCT_CONTEXT ( 'NONE', #2471, 'mechanical' ) ;
#304 = AXIS2_PLACEMENT_3D ( 'NONE', #469, #1871, #695 ) ;
#305 = STYLED_ITEM ( 'NONE', ( #180 ), #2329 ) ;
#306 = CIRCLE ( 'NONE', #820, 27.30000000000000426 ) ;
#307 = PLANE ( 'NONE',  #1916 ) ;
#308 = CARTESIAN_POINT ( 'NONE',  ( -2.774648604874374591, 15.08890695564976703, -54.45041577998818383 ) ) ;
#309 = EDGE_CURVE ( 'NONE', #1652, #467, #1936, .T. ) ;
#310 = DIRECTION ( 'NONE',  ( -0.000000000000000000, -0.000000000000000000, -1.000000000000000000 ) ) ;
#311 = DIRECTION ( 'NONE',  ( 1.000000000000000000, 0.000000000000000000, 0.000000000000000000 ) ) ;
#312 = EDGE_CURVE ( 'NONE', #1007, #1777, #405, .T. ) ;
#313 = ORIENTED_EDGE ( 'NONE', *, *, #2656, .F. ) ;
#314 = DIRECTION ( 'NONE',  ( 0.000000000000000000, 0.000000000000000000, 1.000000000000000000 ) ) ;
#315 = PLANE ( 'NONE',  #1004 ) ;
#316 = DIRECTION ( 'NONE',  ( -0.7114425483935333805, -0.7027442638224198346, 0.000000000000000000 ) ) ;
#317 = ORIENTED_EDGE ( 'NONE', *, *, #1710, .T. ) ;
#318 = APPLICATION_CONTEXT ( 'automotive_design' ) ;
#319 = CARTESIAN_POINT ( 'NONE',  ( -2.758507634489263172, 15.06759071962199314, -50.79041646581558922 ) ) ;
#320 = CARTESIAN_POINT ( 'NONE',  ( -24.69849011171107378, 21.53784716418134693, -40.80041777998818020 ) ) ;
#321 = EDGE_LOOP ( 'NONE', ( #902, #972, #1698, #2779 ) ) ;
#322 = CARTESIAN_POINT ( 'NONE',  ( -8.350324451988875296, 20.32180486965163269, -51.22335791849663167 ) ) ;
#323 = CARTESIAN_POINT ( 'NONE',  ( -8.479469201336437223, 20.69580469320416327, -51.37560533760530745 ) ) ;
#324 = CARTESIAN_POINT ( 'NONE',  ( -20.89227580076976309, 21.53784716417489165, -32.80041777998817309 ) ) ;
#325 = CARTESIAN_POINT ( 'NONE',  ( -8.479594318002169118, 20.69589606792181868, -53.65041577998819378 ) ) ;
#326 = CIRCLE ( 'NONE', #2838, 3.000000000000002665 ) ;
#327 = AXIS2_PLACEMENT_3D ( 'NONE', #1646, #488, #278 ) ;
#328 = ADVANCED_FACE ( 'NONE', ( #1922 ), #2797, .F. ) ;
#329 = EDGE_LOOP ( 'NONE', ( #2725, #2424, #1561, #2668, #935, #291, #1769, #2837, #1951, #1520, #897, #97 ) ) ;
#330 = AXIS2_PLACEMENT_3D ( 'NONE', #1090, #2417, #1308 ) ;
#331 = ADVANCED_FACE ( 'NONE', ( #1106 ), #726, .T. ) ;
#332 = PLANE ( 'NONE',  #1281 ) ;
#333 = LINE ( 'NONE', #1707, #1809 ) ;
#334 = CARTESIAN_POINT ( 'NONE',  ( -5.695875079598373247, 16.08644470251542558, -40.80041777998818020 ) ) ;
#335 = VERTEX_POINT ( 'NONE', #1451 ) ;
#336 = CYLINDRICAL_SURFACE ( 'NONE', #1474, 2.999999999999999112 ) ;
#337 = CARTESIAN_POINT ( 'NONE',  ( -7.912993836872347586, 20.27081827568793670, -54.44399163192295532 ) ) ;
#338 = ORIENTED_EDGE ( 'NONE', *, *, #958, .T. ) ;
#339 = CARTESIAN_POINT ( 'NONE',  ( -2.596092894623074354, 14.85043259768225177, -54.39494716487586601 ) ) ;
#340 = DIRECTION ( 'NONE',  ( 0.000000000000000000, 0.000000000000000000, -1.000000000000000000 ) ) ;
#341 = CARTESIAN_POINT ( 'NONE',  ( -2.292613226071086530, 14.43233502373187704, -53.65041577998819378 ) ) ;
#342 = DIRECTION ( 'NONE',  ( -1.000000000000000000, 0.000000000000000000, 0.000000000000000000 ) ) ;
#343 = EDGE_LOOP ( 'NONE', ( #2056, #1883, #647, #1796, #2164 ) ) ;
#344 = AXIS2_PLACEMENT_3D ( 'NONE', #2496, #498, #2722 ) ;
#345 = CARTESIAN_POINT ( 'NONE',  ( -8.701379295569401151, 19.30734716115111382, -50.99041577998818298 ) ) ;
#346 = B_SPLINE_CURVE_WITH_KNOTS ( 'NONE', 1,
 ( #1526, #463 ),
 .UNSPECIFIED., .F., .F.,
 ( 2, 2 ),
 ( 0.000000000000000000, 1.000000000000000000 ),
 .UNSPECIFIED. ) ;
#347 = CARTESIAN_POINT ( 'NONE',  ( -43.64691577435821301, -16.40400139767622889, -40.80041777998818020 ) ) ;
#348 = CARTESIAN_POINT ( 'NONE',  ( -9.806641169858094642, 17.43627320682738358, -32.80041777998817309 ) ) ;
#349 = ORIENTED_EDGE ( 'NONE', *, *, #2527, .F. ) ;
#350 = CARTESIAN_POINT ( 'NONE',  ( -2.364368169213650006, 14.53269772628424050, -51.16666680827216851 ) ) ;
#351 = CARTESIAN_POINT ( 'NONE',  ( -8.443768314609183534, 20.38344224600873034, -53.78713512749490633 ) ) ;
#352 = ORIENTED_EDGE ( 'NONE', *, *, #2873, .F. ) ;
#353 = DIRECTION ( 'NONE',  ( -1.000000000000000000, 0.000000000000000000, -0.000000000000000000 ) ) ;
#354 = AXIS2_PLACEMENT_3D ( 'NONE', #1238, #2127, #797 ) ;
#355 = LINE ( 'NONE', #1963, #2244 ) ;
#356 = VECTOR ( 'NONE', #1249, 1000.000000000000000 ) ;
#357 = EDGE_CURVE ( 'NONE', #387, #2036, #2029, .T. ) ;
#358 = CARTESIAN_POINT ( 'NONE',  ( -3.378761491862197985, 13.19428054392661132, -51.00041577998818099 ) ) ;
#359 = CARTESIAN_POINT ( 'NONE',  ( -24.69849011171107378, -1.512152455818657204, -32.80041777998818020 ) ) ;
#360 = ADVANCED_FACE ( 'NONE', ( #86 ), #2575, .T. ) ;
#361 = ADVANCED_FACE ( 'NONE', ( #2827 ), #573, .F. ) ;
#362 = ORIENTED_EDGE ( 'NONE', *, *, #618, .T. ) ;
#363 = AXIS2_PLACEMENT_3D ( 'NONE', #1418, #1446, #1019 ) ;
#364 = LINE ( 'NONE', #1891, #856 ) ;
#365 = DIRECTION ( 'NONE',  ( 0.000000000000000000, 0.000000000000000000, -1.000000000000000000 ) ) ;
#366 = DIRECTION ( 'NONE',  ( -0.000000000000000000, -0.000000000000000000, 1.000000000000000000 ) ) ;
#367 = ORIENTED_EDGE ( 'NONE', *, *, #1482, .T. ) ;
#368 = SURFACE_STYLE_USAGE ( .BOTH. , #2554 ) ;
#369 = EDGE_CURVE ( 'NONE', #983, #1652, #863, .T. ) ;
#370 = CARTESIAN_POINT ( 'NONE',  ( -2.296458120329222474, 14.43773687453200871, -51.48533542443726674 ) ) ;
#371 = CARTESIAN_POINT ( 'NONE',  ( -8.215812951744423387, 20.23138117191443897, -54.16044965306317494 ) ) ;
#372 = ORIENTED_EDGE ( 'NONE', *, *, #1715, .T. ) ;
#373 = CARTESIAN_POINT ( 'NONE',  ( -8.390578820944639915, 20.63061335713558719, -51.18842356875004640 ) ) ;
#374 = ADVANCED_FACE ( 'NONE', ( #732 ), #2286, .F. ) ;
#375 = LINE ( 'NONE', #1717, #2787 ) ;
#376 = FACE_OUTER_BOUND ( 'NONE', #1630, .T. ) ;
#377 = CARTESIAN_POINT ( 'NONE',  ( -3.299342464345991655, 13.55384754846267903, -37.61027914159473085 ) ) ;
#378 = ORIENTED_EDGE ( 'NONE', *, *, #1102, .T. ) ;
#379 = CARTESIAN_POINT ( 'NONE',  ( -2.837427862876133577, 14.82678289660504944, -51.01456615356357105 ) ) ;
#380 = CIRCLE ( 'NONE', #142, 25.89999999999999147 ) ;
#381 = CARTESIAN_POINT ( 'NONE',  ( -9.933248314829617343, 20.26986520529765912, -56.00041577998817388 ) ) ;
#382 = AXIS2_PLACEMENT_3D ( 'NONE', #1540, #1763, #836 ) ;
#383 = CARTESIAN_POINT ( 'NONE',  ( -23.17849011171107421, -24.56215207581864135, -60.29962500960238714 ) ) ;
#384 = ORIENTED_EDGE ( 'NONE', *, *, #390, .T. ) ;
#385 = CARTESIAN_POINT ( 'NONE',  ( -2.443717023374817110, 14.64258148243676594, -51.00521525749405782 ) ) ;
#386 = CARTESIAN_POINT ( 'NONE',  ( -8.456154043196635328, 20.39154132639518124, -53.69007145397713998 ) ) ;
#387 = VERTEX_POINT ( 'NONE', #697 ) ;
#388 = CARTESIAN_POINT ( 'NONE',  ( -7.994858338863351399, 20.33365560793889770, -50.81695205994737563 ) ) ;
#389 = EDGE_CURVE ( 'NONE', #763, #1479, #108, .T. ) ;
#390 = EDGE_CURVE ( 'NONE', #657, #2536, #1375, .T. ) ;
#391 = CARTESIAN_POINT ( 'NONE',  ( -24.69849011171107378, -1.512152455818657204, -40.80041777998818020 ) ) ;
#392 = CYLINDRICAL_SURFACE ( 'NONE', #993, 0.6000000000000089706 ) ;
#393 = DIRECTION ( 'NONE',  ( 0.000000000000000000, 0.000000000000000000, -1.000000000000000000 ) ) ;
#394 = CIRCLE ( 'NONE', #750, 0.6000000000000083045 ) ;
#395 = ORIENTED_EDGE ( 'NONE', *, *, #2806, .F. ) ;
#396 = CARTESIAN_POINT ( 'NONE',  ( -2.761659717888037324, 14.71360494185476142, -51.07204628077285236 ) ) ;
#397 = CARTESIAN_POINT ( 'NONE',  ( -8.443897576307064057, 20.38356238733588910, -53.80702450819840266 ) ) ;
#398 = AXIS2_PLACEMENT_3D ( 'NONE', #2633, #576, #591 ) ;
#399 = CARTESIAN_POINT ( 'NONE',  ( -2.792713081381824836, 14.76026155230850279, -51.04339152952328362 ) ) ;
#400 = EDGE_LOOP ( 'NONE', ( #71, #197, #2414, #451, #2587, #1211, #1426, #1999 ) ) ;
#401 =( NAMED_UNIT ( * ) SI_UNIT ( $, .STERADIAN. ) SOLID_ANGLE_UNIT ( ) );
#402 = CARTESIAN_POINT ( 'NONE',  ( -8.194411627963017253, 20.21680891759515575, -54.17534789584935595 ) ) ;
#403 = ORIENTED_EDGE ( 'NONE', *, *, #1724, .T. ) ;
#404 = AXIS2_PLACEMENT_3D ( 'NONE', #1955, #1112, #1083 ) ;
#405 = LINE ( 'NONE', #200, #2350 ) ;
#406 = FACE_OUTER_BOUND ( 'NONE', #2010, .T. ) ;
#407 = EDGE_CURVE ( 'NONE', #147, #2868, #2113, .T. ) ;
#408 = CIRCLE ( 'NONE', #1764, 2.999999999999999112 ) ;
#409 = VERTEX_POINT ( 'NONE', #1827 ) ;
#410 = FACE_OUTER_BOUND ( 'NONE', #302, .T. ) ;
#411 = CARTESIAN_POINT ( 'NONE',  ( -8.217392965383895742, 20.23245574963495486, -54.15927071420279049 ) ) ;
#412 = CARTESIAN_POINT ( 'NONE',  ( -9.123025853862856138, 19.73421269018723478, -51.59041577998819861 ) ) ;
#413 = VERTEX_POINT ( 'NONE', #1606 ) ;
#414 = FACE_BOUND ( 'NONE', #1050, .T. ) ;
#415 = CARTESIAN_POINT ( 'NONE',  ( -8.355971218460322092, 20.60508381084666496, -54.11750048614180031 ) ) ;
#416 = EDGE_LOOP ( 'NONE', ( #1288, #1516 ) ) ;
#417 = DIRECTION ( 'NONE',  ( 1.000000000000000000, 0.000000000000000000, 0.000000000000000000 ) ) ;
#418 = CARTESIAN_POINT ( 'NONE',  ( -5.144166553601733582, 22.82106848026321089, -54.25041577998818099 ) ) ;
#419 = DIRECTION ( 'NONE',  ( 0.000000000000000000, 0.000000000000000000, -1.000000000000000000 ) ) ;
#420 = VERTEX_POINT ( 'NONE', #710 ) ;
#421 = CARTESIAN_POINT ( 'NONE',  ( -8.701379295569404704, 19.30734716115111382, -53.65041577998819378 ) ) ;
#422 = DIRECTION ( 'NONE',  ( 0.000000000000000000, 0.000000000000000000, -1.000000000000000000 ) ) ;
#423 = CARTESIAN_POINT ( 'NONE',  ( -2.735424532506382622, 14.67390979908888404, -51.10223612716213637 ) ) ;
#424 = ORIENTED_EDGE ( 'NONE', *, *, #389, .T. ) ;
#425 =( LENGTH_UNIT ( ) NAMED_UNIT ( * ) SI_UNIT ( .MILLI., .METRE. ) );
#426 = CARTESIAN_POINT ( 'NONE',  ( -8.255451267666231274, 20.53046297380204521, -54.25305162463642006 ) ) ;
#427 = AXIS2_PLACEMENT_3D ( 'NONE', #826, #126, #1928 ) ;
#428 = ORIENTED_EDGE ( 'NONE', *, *, #2130, .F. ) ;
#429 = AXIS2_PLACEMENT_3D ( 'NONE', #1656, #1923, #185 ) ;
#430 = LINE ( 'NONE', #2426, #1309 ) ;
#431 = CARTESIAN_POINT ( 'NONE',  ( -2.604862199787119525, 14.47240850062863693, -53.78809709914682458 ) ) ;
#432 = CARTESIAN_POINT ( 'NONE',  ( -3.299342464345991655, 13.55384754846267903, -51.00041577998818099 ) ) ;
#433 = ORIENTED_EDGE ( 'NONE', *, *, #1476, .F. ) ;
#434 = LINE ( 'NONE', #1325, #2394 ) ;
#435 = CIRCLE ( 'NONE', #1371, 27.49999999999999645 ) ;
#436 = CARTESIAN_POINT ( 'NONE',  ( -8.082441052218241495, 20.13972023096307851, -54.22946912727904589 ) ) ;
#437 = CARTESIAN_POINT ( 'NONE',  ( -2.782749029670765317, 14.74533213715683111, -51.05170279252356380 ) ) ;
#438 = ORIENTED_EDGE ( 'NONE', *, *, #1068, .T. ) ;
#439 = CARTESIAN_POINT ( 'NONE',  ( -8.032526319245921087, 20.10490472848098875, -50.99805184108581813 ) ) ;
#440 = AXIS2_PLACEMENT_3D ( 'NONE', #1500, #2857, #868 ) ;
#441 = EDGE_CURVE ( 'NONE', #232, #719, #1750, .T. ) ;
#442 = CARTESIAN_POINT ( 'NONE',  ( -0.5984901117154148853, -1.512152455818657204, -40.80041777998818020 ) ) ;
#443 = CARTESIAN_POINT ( 'NONE',  ( -2.783926463967759002, 14.74709376313697895, -54.18996857390651201 ) ) ;
#444 = EDGE_LOOP ( 'NONE', ( #508, #1445, #1543, #735 ) ) ;
#445 = CYLINDRICAL_SURFACE ( 'NONE', #2745, 3.000000000000002665 ) ;
#446 = CARTESIAN_POINT ( 'NONE',  ( -2.293393564458800604, 14.43343175708444015, -53.70338509471616817 ) ) ;
#447 = CARTESIAN_POINT ( 'NONE',  ( -43.64691577435821301, -16.40400139767622889, -32.80041777998817309 ) ) ;
#448 = ADVANCED_FACE ( 'NONE', ( #1390 ), #2507, .T. ) ;
#449 = EDGE_CURVE ( 'NONE', #1123, #420, #1419, .T. ) ;
#450 = VECTOR ( 'NONE', #1437, 1000.000000000000000 ) ;
#451 = ORIENTED_EDGE ( 'NONE', *, *, #739, .F. ) ;
#452 = CARTESIAN_POINT ( 'NONE',  ( -2.596113630889637314, 14.45866390088847631, -51.51195270461459330 ) ) ;
#453 = FACE_OUTER_BOUND ( 'NONE', #544, .T. ) ;
#454 = CARTESIAN_POINT ( 'NONE',  ( -2.934094724924097619, 14.96817197811181543, -50.99041577998818298 ) ) ;
#455 = ORIENTED_EDGE ( 'NONE', *, *, #174, .F. ) ;
#456 = B_SPLINE_CURVE_WITH_KNOTS ( 'NONE', 3,
 ( #925, #2290, #714, #1612 ),
 .UNSPECIFIED., .F., .F.,
 ( 4, 4 ),
 ( 0.000000000000000000, 1.000000000000000000 ),
 .UNSPECIFIED. ) ;
#457 = CARTESIAN_POINT ( 'NONE',  ( -8.475274838053046267, 20.69274087729470324, -51.49803779258359526 ) ) ;
#458 = SURFACE_STYLE_FILL_AREA ( #1535 ) ;
#459 = CARTESIAN_POINT ( 'NONE',  ( -8.322687000098321519, 20.58045139823404668, -54.16934746200998063 ) ) ;
#460 = ORIENTED_EDGE ( 'NONE', *, *, #235, .T. ) ;
#461 = ADVANCED_FACE ( 'NONE', ( #1689 ), #79, .T. ) ;
#462 = AXIS2_PLACEMENT_3D ( 'NONE', #2847, #1739, #625 ) ;
#463 = CARTESIAN_POINT ( 'NONE',  ( -7.951688768616168801, 20.04787177364163142, -50.99041577998818298 ) ) ;
#464 = EDGE_CURVE ( 'NONE', #813, #1155, #162, .T. ) ;
#465 = CARTESIAN_POINT ( 'NONE',  ( -2.623654235343786834, 14.50182807537292362, -53.89055127826822655 ) ) ;
#466 = CARTESIAN_POINT ( 'NONE',  ( -40.99730114935989178, -17.81096349346809049, -40.80041777998818020 ) ) ;
#467 = VERTEX_POINT ( 'NONE', #345 ) ;
#468 = CIRCLE ( 'NONE', #1907, 2.750000000000002665 ) ;
#469 = CARTESIAN_POINT ( 'NONE',  ( -24.69849011171107378, -1.512152455818657204, -50.99041577998818298 ) ) ;
#470 = CARTESIAN_POINT ( 'NONE',  ( -2.607236995167892424, 14.47613583645086521, -51.43460887064769338 ) ) ;
#471 = ORIENTED_EDGE ( 'NONE', *, *, #504, .T. ) ;
#472 = CARTESIAN_POINT ( 'NONE',  ( -8.317239445779637919, 20.29975129432864733, -51.17790753891278399 ) ) ;
#473 = CARTESIAN_POINT ( 'NONE',  ( 1.401509888288920314, -1.512152455818657204, -31.20041777998817878 ) ) ;
#474 = CARTESIAN_POINT ( 'NONE',  ( -8.444445605858748038, 20.67018416772892664, -53.90856793796728397 ) ) ;
#475 = EDGE_LOOP ( 'NONE', ( #2274, #1616, #1548, #2593 ) ) ;
#476 = AXIS2_PLACEMENT_3D ( 'NONE', #2804, #2334, #2111 ) ;
#477 = DIRECTION ( 'NONE',  ( 0.7071067811865230368, 0.000000000000000000, 0.7071067811865721087 ) ) ;
#478 = VECTOR ( 'NONE', #1061, 1000.000000000000000 ) ;
#479 = ADVANCED_FACE ( 'NONE', ( #535, #565 ), #332, .F. ) ;
#480 = CARTESIAN_POINT ( 'NONE',  ( -2.303443662110555401, 14.44754370816872502, -53.82105164860703184 ) ) ;
#481 = CARTESIAN_POINT ( 'NONE',  ( -24.69849011171107378, -1.512152455818657204, -32.80041777998817309 ) ) ;
#482 = CARTESIAN_POINT ( 'NONE',  ( -6.192582273723351349, 16.76749726338618629, -51.00041577998818099 ) ) ;
#483 = DIRECTION ( 'NONE',  ( -0.000000000000000000, -0.000000000000000000, 1.000000000000000000 ) ) ;
#484 = DIRECTION ( 'NONE',  ( 0.000000000000000000, 0.000000000000000000, 1.000000000000000000 ) ) ;
#485 = ORIENTED_EDGE ( 'NONE', *, *, #2559, .T. ) ;
#486 = DIRECTION ( 'NONE',  ( 0.000000000000000000, 0.000000000000000000, -1.000000000000000000 ) ) ;
#487 = DIRECTION ( 'NONE',  ( 0.000000000000000000, 0.000000000000000000, -1.000000000000000000 ) ) ;
#488 = DIRECTION ( 'NONE',  ( 0.000000000000000000, 0.000000000000000000, -1.000000000000000000 ) ) ;
#489 = ORIENTED_EDGE ( 'NONE', *, *, #651, .T. ) ;
#490 = CIRCLE ( 'NONE', #905, 0.5999999999999947597 ) ;
#491 = DIRECTION ( 'NONE',  ( 0.000000000000000000, 0.000000000000000000, -1.000000000000000000 ) ) ;
#492 = AXIS2_PLACEMENT_3D ( 'NONE', #1236, #93, #2580 ) ;
#493 = CARTESIAN_POINT ( 'NONE',  ( -2.889098410755296609, 14.90279214498212745, -54.24562615317073977 ) ) ;
#494 = DIRECTION ( 'NONE',  ( 1.000000000000000000, 1.774149009521734564E-15, 0.000000000000000000 ) ) ;
#495 = VERTEX_POINT ( 'NONE', #2800 ) ;
#496 = ORIENTED_EDGE ( 'NONE', *, *, #1119, .F. ) ;
#497 = CIRCLE ( 'NONE', #2500, 26.09999999999999076 ) ;
#498 = DIRECTION ( 'NONE',  ( -0.000000000000000000, -0.000000000000000000, 1.000000000000000000 ) ) ;
#499 = AXIS2_PLACEMENT_3D ( 'NONE', #289, #1180, #2071 ) ;
#500 = DIRECTION ( 'NONE',  ( 0.000000000000000000, 0.000000000000000000, -1.000000000000000000 ) ) ;
#501 = CARTESIAN_POINT ( 'NONE',  ( -5.750064449065495076, -16.40400139767222498, -40.80041777998818020 ) ) ;
#502 = ORIENTED_EDGE ( 'NONE', *, *, #2527, .T. ) ;
#503 = B_SPLINE_SURFACE_WITH_KNOTS ( 'NONE', 1, 3, ( 
 ( #1172, #2063, #815, #2600, #616, #2793, #556, #1679, #768, #2586, #130, #2778, #990, #402, #586, #371, #2133, #1478, #1022, #1728, #1509, #2572, #571, #1666, #1882, #1713, #601, #2339, #1494, #2825, #783, #2366, #2396, #1915, #1463, #2615, #2808, #2163, #2556, #800, #2763, #2379, #351, #1243, #1448, #386, #2352, #1697 ),
 ( #1273, #114, #2115, #337, #1227, #1256, #1291, #2148, #1053, #1006, #830, #149, #1037, #1932, #100, #166, #1945, #1898, #896, #1565, #688, #426, #1318, #2643, #195, #1580, #459, #2195, #2689, #415, #845, #2629, #2473, #1086, #1332, #2839, #1975, #2004, #1771, #474, #630, #2852, #2671, #14, #1960, #879, #1346, #2183 ) ),
 .UNSPECIFIED., .F., .F., .F.,
 ( 2, 2 ),
 ( 4, 2, 2, 2, 2, 2, 2, 2, 2, 2, 2, 2, 2, 2, 2, 2, 2, 2, 2, 2, 2, 2, 2, 4 ),
 ( 0.000000000000000000, 1.000000000000000000 ),
 ( 0.000000000000000000, 7.851620320664835849E-05, 0.0001570324064132967170, 0.0001962905080166209098, 0.0002355486096199450755, 0.0003140648128265934340, 0.0003925810160332418195, 0.0004318391176365660123, 0.0004710972192398901509, 0.0005103553208432142895, 0.0005496134224465384823, 0.0006281296256531868679, 0.0006673877272565110607, 0.0007066458288598352535, 0.0007459039304631594463, 0.0007851620320664836391, 0.0008636782352731320247, 0.0009029363368764562175, 0.0009421944384797803019, 0.0009814525400831043862, 0.001020710641686428579, 0.001099226844893076965, 0.001177743048099725350, 0.001256259251306373736 ),
 .UNSPECIFIED. ) ;
#504 = EDGE_CURVE ( 'NONE', #1064, #232, #810, .T. ) ;
#505 = LINE ( 'NONE', #963, #658 ) ;
#506 = CARTESIAN_POINT ( 'NONE',  ( -8.443364847487146108, 20.38317777519895202, -51.45273446082955360 ) ) ;
#507 = PLANE ( 'NONE',  #1042 ) ;
#508 = ORIENTED_EDGE ( 'NONE', *, *, #2508, .T. ) ;
#509 = EDGE_CURVE ( 'NONE', #1229, #1688, #626, .T. ) ;
#510 = ORIENTED_EDGE ( 'NONE', *, *, #1747, .T. ) ;
#511 = CARTESIAN_POINT ( 'NONE',  ( -40.99730114935989178, 14.78665858183135562, -32.80041777998817309 ) ) ;
#512 = EDGE_CURVE ( 'NONE', #2694, #2069, #364, .T. ) ;
#513 = CARTESIAN_POINT ( 'NONE',  ( -24.69849011171107378, -1.512152455818657204, -32.80041777998818020 ) ) ;
#514 = VECTOR ( 'NONE', #634, 1000.000000000000000 ) ;
#515 = DIRECTION ( 'NONE',  ( 0.000000000000000000, 0.000000000000000000, -1.000000000000000000 ) ) ;
#516 = ORIENTED_EDGE ( 'NONE', *, *, #161, .F. ) ;
#517 = DIRECTION ( 'NONE',  ( -0.000000000000000000, -0.000000000000000000, 1.000000000000000000 ) ) ;
#518 = CARTESIAN_POINT ( 'NONE',  ( -2.626087419261695644, 14.89087173536800357, -54.41256822283627770 ) ) ;
#519 = CARTESIAN_POINT ( 'NONE',  ( -24.69849011171107378, 21.53784716418134693, -40.80041777998818020 ) ) ;
#520 = DIRECTION ( 'NONE',  ( -0.000000000000000000, -0.000000000000000000, 1.000000000000000000 ) ) ;
#521 = CIRCLE ( 'NONE', #1032, 25.89999999999999147 ) ;
#522 = EDGE_LOOP ( 'NONE', ( #1983, #1820, #21, #67 ) ) ;
#523 = CARTESIAN_POINT ( 'NONE',  ( -8.378578458142193597, 20.34054196238037804, -51.27093131125251091 ) ) ;
#524 = DIRECTION ( 'NONE',  ( 0.000000000000000000, 0.000000000000000000, 1.000000000000000000 ) ) ;
#525 = DIRECTION ( 'NONE',  ( 0.000000000000000000, 0.000000000000000000, 1.000000000000000000 ) ) ;
#526 = ORIENTED_EDGE ( 'NONE', *, *, #1924, .T. ) ;
#527 = SURFACE_STYLE_FILL_AREA ( #98 ) ;
#528 = CARTESIAN_POINT ( 'NONE',  ( -2.520844926949601827, 14.74898597158945890, -50.87675416672868778 ) ) ;
#529 = ORIENTED_EDGE ( 'NONE', *, *, #2538, .F. ) ;
#530 = CARTESIAN_POINT ( 'NONE',  ( -8.457001071010122217, 20.39209447807046516, -51.59041577998819150 ) ) ;
#531 = CIRCLE ( 'NONE', #2166, 25.89999999999999147 ) ;
#532 = CARTESIAN_POINT ( 'NONE',  ( -21.94849011171242381, -24.56215207581315951, -40.80041777998818020 ) ) ;
#533 = CARTESIAN_POINT ( 'NONE',  ( -24.69849011171107378, -1.512152455818657204, -32.80041777998817309 ) ) ;
#534 = EDGE_LOOP ( 'NONE', ( #1874, #946, #1127, #2172 ) ) ;
#535 = FACE_OUTER_BOUND ( 'NONE', #1487, .T. ) ;
#536 = CARTESIAN_POINT ( 'NONE',  ( -24.69849011171107378, -1.512152455818657204, -50.99041577998818298 ) ) ;
#537 = DIRECTION ( 'NONE',  ( -0.7114425483935333805, -0.7027442638224198346, 0.000000000000000000 ) ) ;
#538 = ORIENTED_EDGE ( 'NONE', *, *, #1420, .T. ) ;
#539 = CIRCLE ( 'NONE', #2178, 3.000000000000002665 ) ;
#540 = AXIS2_PLACEMENT_3D ( 'NONE', #2563, #520, #1642 ) ;
#541 = CARTESIAN_POINT ( 'NONE',  ( -2.473399407980694242, 14.68338546301299630, -50.96304897352732155 ) ) ;
#542 = CYLINDRICAL_SURFACE ( 'NONE', #282, 2.750000000000002665 ) ;
#543 = EDGE_CURVE ( 'NONE', #495, #2044, #1661, .T. ) ;
#544 = EDGE_LOOP ( 'NONE', ( #1030, #891, #538, #1339, #694, #2381, #1197, #2299 ) ) ;
#545 = CARTESIAN_POINT ( 'NONE',  ( -8.450071126991801407, 20.38756547252692286, -51.49170800111218682 ) ) ;
#546 = CARTESIAN_POINT ( 'NONE',  ( -2.292703054815671493, 14.43246125493212872, -53.86522622242340930 ) ) ;
#547 = CARTESIAN_POINT ( 'NONE',  ( -24.69849011171107378, 21.53784716418134693, -40.80041777998818020 ) ) ;
#548 = EDGE_CURVE ( 'NONE', #1714, #1976, #1220, .T. ) ;
#549 = ORIENTED_EDGE ( 'NONE', *, *, #2619, .T. ) ;
#550 = CARTESIAN_POINT ( 'NONE',  ( -7.829001579289466051, 20.20582066909555152, -54.45041577998818383 ) ) ;
#551 = DIRECTION ( 'NONE',  ( -0.000000000000000000, 0.000000000000000000, -1.000000000000000000 ) ) ;
#552 = PLANE ( 'NONE',  #2570 ) ;
#553 = ORIENTED_EDGE ( 'NONE', *, *, #63, .T. ) ;
#554 = CIRCLE ( 'NONE', #930, 3.000000000000002665 ) ;
#555 = CARTESIAN_POINT ( 'NONE',  ( -2.648112965736917346, 14.92046861300277882, -50.81761280879754139 ) ) ;
#556 = CARTESIAN_POINT ( 'NONE',  ( -8.064989750155564963, 20.12757758198936742, -54.23480592043482318 ) ) ;
#557 = ORIENTED_EDGE ( 'NONE', *, *, #904, .T. ) ;
#558 = DIRECTION ( 'NONE',  ( 0.000000000000000000, 0.000000000000000000, -1.000000000000000000 ) ) ;
#559 = DIRECTION ( 'NONE',  ( -1.000000000000000000, 0.000000000000000000, 0.000000000000000000 ) ) ;
#560 = CARTESIAN_POINT ( 'NONE',  ( -5.750064449065816596, 13.37969648603533201, -36.80041777998817309 ) ) ;
#561 = CARTESIAN_POINT ( 'NONE',  ( -5.399679074061729978, -17.81096349346800878, -49.28569915422676218 ) ) ;
#562 = AXIS2_PLACEMENT_3D ( 'NONE', #1840, #2083, #971 ) ;
#563 = AXIS2_PLACEMENT_3D ( 'NONE', #1942, #1663, #1490 ) ;
#564 = ORIENTED_EDGE ( 'NONE', *, *, #1471, .F. ) ;
#565 = FACE_BOUND ( 'NONE', #1394, .T. ) ;
#566 = LINE ( 'NONE', #1892, #1618 ) ;
#567 = LINE ( 'NONE', #383, #2482 ) ;
#568 = ORIENTED_EDGE ( 'NONE', *, *, #967, .F. ) ;
#569 = EDGE_CURVE ( 'NONE', #831, #2467, #33, .T. ) ;
#570 = DIRECTION ( 'NONE',  ( -1.000000000000000000, 0.000000000000000000, 0.000000000000000000 ) ) ;
#571 = CARTESIAN_POINT ( 'NONE',  ( -8.294752335347654437, 20.28469332650647772, -54.08931617185882601 ) ) ;
#572 = ORIENTED_EDGE ( 'NONE', *, *, #1482, .F. ) ;
#573 = PLANE ( 'NONE',  #1231 ) ;
#574 = ADVANCED_FACE ( 'NONE', ( #140 ), #1644, .F. ) ;
#575 = CARTESIAN_POINT ( 'NONE',  ( -40.99730114935989178, -17.81096349346809049, -32.80041777998817309 ) ) ;
#576 = DIRECTION ( 'NONE',  ( 0.000000000000000000, 0.000000000000000000, -1.000000000000000000 ) ) ;
#577 = LINE ( 'NONE', #2756, #356 ) ;
#578 = EDGE_CURVE ( 'NONE', #2069, #2022, #2674, .T. ) ;
#579 = ORIENTED_EDGE ( 'NONE', *, *, #1617, .F. ) ;
#580 = CARTESIAN_POINT ( 'NONE',  ( -40.99730114935989178, -17.81096349346809049, -32.80041777998817309 ) ) ;
#581 = CARTESIAN_POINT ( 'NONE',  ( -8.399679074061923600, 14.78665858183135562, -32.80041777998817309 ) ) ;
#582 = CARTESIAN_POINT ( 'NONE',  ( -7.869897309065033042, 20.15317103727757342, -54.38374911332152095 ) ) ;
#583 = ADVANCED_FACE ( 'NONE', ( #2773 ), #1015, .F. ) ;
#584 = ORIENTED_EDGE ( 'NONE', *, *, #1551, .T. ) ;
#585 = CARTESIAN_POINT ( 'NONE',  ( -2.304810998062648331, 14.44946284574801076, -51.40812331664591284 ) ) ;
#586 = CARTESIAN_POINT ( 'NONE',  ( -8.201600596858977354, 20.22170956309843248, -54.17052719899535873 ) ) ;
#587 = ORIENTED_EDGE ( 'NONE', *, *, #1360, .F. ) ;
#588 = EDGE_CURVE ( 'NONE', #2319, #107, #1875, .T. ) ;
#589 = CARTESIAN_POINT ( 'NONE',  ( -8.055349252193821030, 20.37976434751101351, -50.84118438437865706 ) ) ;
#590 = DIRECTION ( 'NONE',  ( 0.000000000000000000, 0.000000000000000000, -1.000000000000000000 ) ) ;
#591 = DIRECTION ( 'NONE',  ( -1.000000000000000000, 0.000000000000000000, 0.000000000000000000 ) ) ;
#592 = CARTESIAN_POINT ( 'NONE',  ( -27.44849011171189446, 21.53784716418134693, -32.80041777998817309 ) ) ;
#593 = VERTEX_POINT ( 'NONE', #2747 ) ;
#594 =( GEOMETRIC_REPRESENTATION_CONTEXT ( 3 ) GLOBAL_UNCERTAINTY_ASSIGNED_CONTEXT ( ( #851 ) ) GLOBAL_UNIT_ASSIGNED_CONTEXT ( ( #764, #2537, #1866 ) ) REPRESENTATION_CONTEXT ( 'NONE', 'WORKASPACE' ) );
#595 = DIRECTION ( 'NONE',  ( -1.000000000000000000, 0.000000000000000000, 0.000000000000000000 ) ) ;
#596 = DIRECTION ( 'NONE',  ( 0.000000000000000000, 0.000000000000000000, -1.000000000000000000 ) ) ;
#597 = CARTESIAN_POINT ( 'NONE',  ( -9.792699462065140636, 20.12757669561894502, -37.61027914159473085 ) ) ;
#598 = EDGE_CURVE ( 'NONE', #2772, #495, #435, .T. ) ;
#599 = ORIENTED_EDGE ( 'NONE', *, *, #94, .T. ) ;
#600 = CARTESIAN_POINT ( 'NONE',  ( -24.69849011171107378, -1.512152455818657204, -56.00041577998817388 ) ) ;
#601 = CARTESIAN_POINT ( 'NONE',  ( -8.334790709139866749, 20.31146055816613938, -54.03961454150454102 ) ) ;
#602 = ORIENTED_EDGE ( 'NONE', *, *, #1541, .F. ) ;
#603 = CARTESIAN_POINT ( 'NONE',  ( -8.395932098159796908, 20.63455480456796565, -51.19985954876139544 ) ) ;
#604 = DIRECTION ( 'NONE',  ( -0.7114425483935333805, -0.7027442638224198346, 0.000000000000000000 ) ) ;
#605 = DIRECTION ( 'NONE',  ( -1.000000000000000000, 0.000000000000000000, -0.000000000000000000 ) ) ;
#606 = PLANE ( 'NONE',  #1781 ) ;
#607 = CIRCLE ( 'NONE', #2198, 25.89999999999999147 ) ;
#608 = EDGE_LOOP ( 'NONE', ( #2250, #1292 ) ) ;
#609 = DIRECTION ( 'NONE',  ( -0.7027442638224213889, 0.7114425483935320482, 0.000000000000000000 ) ) ;
#610 = AXIS2_PLACEMENT_3D ( 'NONE', #1832, #1600, #1210 ) ;
#611 = DIRECTION ( 'NONE',  ( -1.000000000000000000, 0.000000000000000000, 0.000000000000000000 ) ) ;
#612 = VECTOR ( 'NONE', #88, 1000.000000000000114 ) ;
#613 = DIRECTION ( 'NONE',  ( -1.000000000000000000, 0.000000000000000000, 0.000000000000000000 ) ) ;
#614 = ORIENTED_EDGE ( 'NONE', *, *, #226, .T. ) ;
#615 = CARTESIAN_POINT ( 'NONE',  ( -8.399679074061923600, 14.78665858183135562, -49.28569915422676218 ) ) ;
#616 = CARTESIAN_POINT ( 'NONE',  ( -8.032850766896748596, 20.10513228856811452, -54.24272097957672401 ) ) ;
#617 = ORIENTED_EDGE ( 'NONE', *, *, #1201, .F. ) ;
#618 = EDGE_CURVE ( 'NONE', #232, #827, #2301, .T. ) ;
#619 = CARTESIAN_POINT ( 'NONE',  ( -8.424645153458071078, 20.65566197325289366, -51.27023511561478131 ) ) ;
#620 = CARTESIAN_POINT ( 'NONE',  ( -24.69849011171107378, -1.512152455818657204, -40.80041777998818020 ) ) ;
#621 = CARTESIAN_POINT ( 'NONE',  ( -24.69849011171107378, -1.512152455818657204, -32.80041777998817309 ) ) ;
#622 = FACE_OUTER_BOUND ( 'NONE', #2883, .T. ) ;
#623 = EDGE_LOOP ( 'NONE', ( #614, #1667, #25, #2315 ) ) ;
#624 = CARTESIAN_POINT ( 'NONE',  ( -2.819832504387033811, 14.80069556412059306, -51.02439117895651322 ) ) ;
#625 = DIRECTION ( 'NONE',  ( 1.000000000000000000, 0.000000000000000000, 0.000000000000000000 ) ) ;
#626 = CIRCLE ( 'NONE', #492, 1.520000000000000462 ) ;
#627 = CARTESIAN_POINT ( 'NONE',  ( -8.457001071010116888, 20.39209447807045805, -51.59041577998819861 ) ) ;
#628 = B_SPLINE_CURVE_WITH_KNOTS ( 'NONE', 3,
 ( #1589, #1163, #1136, #2053 ),
 .UNSPECIFIED., .F., .F.,
 ( 4, 4 ),
 ( 0.000000000000000000, 1.000000000000000000 ),
 .UNSPECIFIED. ) ;
#629 = EDGE_LOOP ( 'NONE', ( #1159, #1659, #352, #2483, #2340, #1344, #2431, #1244 ) ) ;
#630 = CARTESIAN_POINT ( 'NONE',  ( -8.447879688229050998, 20.67269995265689531, -53.89598651559160913 ) ) ;
#631 = EDGE_LOOP ( 'NONE', ( #2650, #2042, #367, #1850 ) ) ;
#632 = DIRECTION ( 'NONE',  ( 0.000000000000000000, 0.000000000000000000, -1.000000000000000000 ) ) ;
#633 = AXIS2_PLACEMENT_3D ( 'NONE', #2497, #2046, #1415 ) ;
#634 = DIRECTION ( 'NONE',  ( 0.7114425483935358230, 0.7027442638224175031, 0.000000000000000000 ) ) ;
#635 = CARTESIAN_POINT ( 'NONE',  ( -24.69849011171107378, -1.512152455818657204, -40.80041777998818020 ) ) ;
#636 = CIRCLE ( 'NONE', #765, 27.30000000000000426 ) ;
#637 = EDGE_CURVE ( 'NONE', #1688, #1229, #2067, .T. ) ;
#638 = AXIS2_PLACEMENT_3D ( 'NONE', #2313, #1424, #2769 ) ;
#639 = EDGE_LOOP ( 'NONE', ( #1257, #202, #1363, #861 ) ) ;
#640 = DIRECTION ( 'NONE',  ( 0.000000000000000000, 0.000000000000000000, -1.000000000000000000 ) ) ;
#641 = DIRECTION ( 'NONE',  ( -0.000000000000000000, -0.000000000000000000, 1.000000000000000000 ) ) ;
#642 = CARTESIAN_POINT ( 'NONE',  ( -2.877836916023441827, 14.88631175900486525, -50.99811058039967548 ) ) ;
#643 = COLOUR_RGB ( '',0.8980392156862745390, 0.9176470588235293713, 0.9294117647058823817 ) ;
#644 = ORIENTED_EDGE ( 'NONE', *, *, #543, .T. ) ;
#645 = CYLINDRICAL_SURFACE ( 'NONE', #1239, 2.999999999999999112 ) ;
#646 = CARTESIAN_POINT ( 'NONE',  ( -2.726167641305220268, 14.65984596487748703, -54.12636818720896059 ) ) ;
#647 = ORIENTED_EDGE ( 'NONE', *, *, #309, .T. ) ;
#648 = DIRECTION ( 'NONE',  ( 0.000000000000000000, 0.000000000000000000, 1.000000000000000000 ) ) ;
#649 = CARTESIAN_POINT ( 'NONE',  ( -2.596114216642959160, 14.45866406776987567, -53.67033288696185878 ) ) ;
#650 = CARTESIAN_POINT ( 'NONE',  ( -24.69849011171107378, 21.53784716418134693, -32.80041777998817309 ) ) ;
#651 = EDGE_CURVE ( 'NONE', #420, #2549, #2026, .T. ) ;
#652 = AXIS2_PLACEMENT_3D ( 'NONE', #1847, #2742, #2730 ) ;
#653 = VERTEX_POINT ( 'NONE', #1780 ) ;
#654 = CARTESIAN_POINT ( 'NONE',  ( -2.925972776864449454, 14.95643059119337792, -50.99041577998818298 ) ) ;
#655 = DIRECTION ( 'NONE',  ( 0.000000000000000000, 0.000000000000000000, -1.000000000000000000 ) ) ;
#656 = CARTESIAN_POINT ( 'NONE',  ( -2.655179382742640204, 14.55086251887948734, -51.24814616802434841 ) ) ;
#657 = VERTEX_POINT ( 'NONE', #854 ) ;
#658 = VECTOR ( 'NONE', #1199, 999.9999999999998863 ) ;
#659 = DIRECTION ( 'NONE',  ( -0.000000000000000000, -0.000000000000000000, 1.000000000000000000 ) ) ;
#660 = CARTESIAN_POINT ( 'NONE',  ( -2.606770694165082780, 14.47540471354428604, -53.80663562845051473 ) ) ;
#661 = ORIENTED_EDGE ( 'NONE', *, *, #2815, .F. ) ;
#662 = ADVANCED_FACE ( 'NONE', ( #410 ), #1065, .T. ) ;
#663 = CARTESIAN_POINT ( 'NONE',  ( -24.69849011171107378, -1.512152455818657204, -56.00041577998818099 ) ) ;
#664 = CARTESIAN_POINT ( 'NONE',  ( -2.856220431331711662, 14.85455120432664700, -54.23522515777442976 ) ) ;
#665 = DIRECTION ( 'NONE',  ( 0.000000000000000000, 0.000000000000000000, -1.000000000000000000 ) ) ;
#666 = ORIENTED_EDGE ( 'NONE', *, *, #449, .F. ) ;
#667 = VECTOR ( 'NONE', #2141, 1000.000000000000114 ) ;
#668 = CARTESIAN_POINT ( 'NONE',  ( -8.105421841291965634, 20.15566032579354783, -54.22137846585034282 ) ) ;
#669 = EDGE_CURVE ( 'NONE', #2486, #2751, #871, .T. ) ;
#670 = CARTESIAN_POINT ( 'NONE',  ( -2.839499352916813546, 14.82985221065090897, -51.01343235694693590 ) ) ;
#671 = VERTEX_POINT ( 'NONE', #188 ) ;
#672 = CARTESIAN_POINT ( 'NONE',  ( -8.342646937985627176, 20.59523726402521149, -51.10100529799945690 ) ) ;
#673 = AXIS2_PLACEMENT_3D ( 'NONE', #1603, #1834, #900 ) ;
#674 = DIRECTION ( 'NONE',  ( 0.000000000000000000, 0.000000000000000000, -1.000000000000000000 ) ) ;
#675 = CARTESIAN_POINT ( 'NONE',  ( -2.686730900107644704, 14.59955058874217571, -54.06292402104995887 ) ) ;
#676 = ORIENTED_EDGE ( 'NONE', *, *, #1919, .F. ) ;
#677 = LINE ( 'NONE', #238, #2479 ) ;
#678 = EDGE_CURVE ( 'NONE', #1479, #907, #1795, .T. ) ;
#679 = CARTESIAN_POINT ( 'NONE',  ( -2.617415842875231657, 14.49208032486899711, -53.86343086140573178 ) ) ;
#680 = CARTESIAN_POINT ( 'NONE',  ( -24.69849011171107378, -1.512152455818657204, -50.79041577998818724 ) ) ;
#681 = VERTEX_POINT ( 'NONE', #1766 ) ;
#682 = VECTOR ( 'NONE', #773, 1000.000000000000000 ) ;
#683 = CARTESIAN_POINT ( 'NONE',  ( -2.625756707367997489, 14.50511083657448452, -51.34173000111987761 ) ) ;
#684 = ORIENTED_EDGE ( 'NONE', *, *, #1913, .F. ) ;
#685 = CARTESIAN_POINT ( 'NONE',  ( -8.388099272410412865, 20.34683702462046995, -51.28936611474875207 ) ) ;
#686 = EDGE_CURVE ( 'NONE', #2073, #138, #490, .T. ) ;
#687 = CARTESIAN_POINT ( 'NONE',  ( -10.23419968109232059, 19.97259334995504076, -56.00041577998818099 ) ) ;
#688 = CARTESIAN_POINT ( 'NONE',  ( -8.230786723938489757, 20.51203539303742218, -54.27778258644902820 ) ) ;
#689 = EDGE_CURVE ( 'NONE', #2436, #1271, #1228, .T. ) ;
#690 = VERTEX_POINT ( 'NONE', #1996 ) ;
#691 = CARTESIAN_POINT ( 'NONE',  ( -24.69849011171107378, -1.512152455818657204, -40.80041777998818020 ) ) ;
#692 = CARTESIAN_POINT ( 'NONE',  ( -2.763540723484358086, 14.71645021277059939, -54.17100502568281684 ) ) ;
#693 = DIRECTION ( 'NONE',  ( -1.000000000000000000, 0.000000000000000000, 0.000000000000000000 ) ) ;
#694 = ORIENTED_EDGE ( 'NONE', *, *, #1927, .F. ) ;
#695 = DIRECTION ( 'NONE',  ( 1.000000000000000000, 0.000000000000000000, 0.000000000000000000 ) ) ;
#696 = ORIENTED_EDGE ( 'NONE', *, *, #2174, .F. ) ;
#697 = CARTESIAN_POINT ( 'NONE',  ( -7.099892953377993088, 17.49046257629497347, -40.80041777998818020 ) ) ;
#698 = DIRECTION ( 'NONE',  ( -0.000000000000000000, -0.000000000000000000, 1.000000000000000000 ) ) ;
#699 = DIRECTION ( 'NONE',  ( -0.000000000000000000, -0.000000000000000000, 1.000000000000000000 ) ) ;
#700 = ORIENTED_EDGE ( 'NONE', *, *, #312, .F. ) ;
#701 = AXIS2_PLACEMENT_3D ( 'NONE', #118, #787, #2620 ) ;
#702 = AXIS2_PLACEMENT_3D ( 'NONE', #2510, #2535, #1362 ) ;
#703 = CARTESIAN_POINT ( 'NONE',  ( -24.69849011171107378, -1.512152455818657204, -40.80041777998818020 ) ) ;
#704 = ADVANCED_FACE ( 'NONE', ( #839 ), #2875, .T. ) ;
#705 = CARTESIAN_POINT ( 'NONE',  ( -2.600557328372690602, 14.46564875546023288, -53.74912355886419135 ) ) ;
#706 = DIRECTION ( 'NONE',  ( 0.000000000000000000, 0.000000000000000000, -1.000000000000000000 ) ) ;
#707 = ORIENTED_EDGE ( 'NONE', *, *, #91, .F. ) ;
#708 = CARTESIAN_POINT ( 'NONE',  ( -2.596113910731133068, 14.45866362446839659, -51.59041577998818440 ) ) ;
#709 = EDGE_LOOP ( 'NONE', ( #1899, #2506 ) ) ;
#710 = CARTESIAN_POINT ( 'NONE',  ( -7.099892953376690130, -20.51476748793109550, -32.80041777998817309 ) ) ;
#711 = CARTESIAN_POINT ( 'NONE',  ( -24.69849011171107378, -1.512152455818657204, -40.80041777998818020 ) ) ;
#712 = FACE_OUTER_BOUND ( 'NONE', #1224, .T. ) ;
#713 = VERTEX_POINT ( 'NONE', #2204 ) ;
#714 = CARTESIAN_POINT ( 'NONE',  ( -2.827797311557613824, 15.04866196313711590, -54.38374911332152095 ) ) ;
#715 = AXIS2_PLACEMENT_3D ( 'NONE', #1060, #1041, #2401 ) ;
#716 = CARTESIAN_POINT ( 'NONE',  ( -8.387643474335707339, 20.34653237005870352, -51.28892162155958090 ) ) ;
#717 = CARTESIAN_POINT ( 'NONE',  ( -24.69849011171107378, -1.512152455818657204, -32.80041777998818020 ) ) ;
#718 = VERTEX_POINT ( 'NONE', #1940 ) ;
#719 = VERTEX_POINT ( 'NONE', #1752 ) ;
#720 = VECTOR ( 'NONE', #2626, 1000.000000000000000 ) ;
#721 = CARTESIAN_POINT ( 'NONE',  ( -8.235146713099892324, 20.24450075557939854, -51.09534774867129414 ) ) ;
#722 = AXIS2_PLACEMENT_3D ( 'NONE', #711, #487, #2488 ) ;
#723 = DIRECTION ( 'NONE',  ( -0.000000000000000000, -0.000000000000000000, 1.000000000000000000 ) ) ;
#724 = CARTESIAN_POINT ( 'NONE',  ( -2.841551772840510637, 14.83288960254960998, -54.22841582846669439 ) ) ;
#725 = EDGE_LOOP ( 'NONE', ( #2461, #2579, #1878, #1905 ) ) ;
#726 = B_SPLINE_SURFACE_WITH_KNOTS ( 'NONE', 1, 3, ( 
 ( #1539, #649, #1134, #939, #2448, #705, #2647, #2427, #431, #2492, #914, #1380, #679, #465, #1822, #1365, #2039, #1161, #2024, #1321, #2241, #227, #1585, #1554, #36, #2270, #882, #2214, #212, #48, #692, #1811, #1337, #2871, #2477, #240, #2050, #1992, #664, #255, #493, #267, #1775, #19 ),
 ( #2662, #926, #446, #2229, #1120, #2007, #2464, #480, #2705, #4, #899, #1349, #1602, #1792, #2678, #1571, #2692, #2256, #1148, #1422, #1187, #978, #2754, #2526, #64, #116, #950, #2341, #1668, #1435, #2075, #2542, #2324, #339, #1640, #2280, #518, #2503, #2307, #1857, #1627, #2715, #2117, #308 ) ),
 .UNSPECIFIED., .F., .F., .F.,
 ( 2, 2 ),
 ( 4, 2, 2, 2, 2, 2, 2, 2, 2, 2, 2, 2, 2, 2, 2, 2, 2, 2, 2, 2, 2, 4 ),
 ( 0.000000000000000000, 1.000000000000000000 ),
 ( 0.000000000000000000, 7.851648204568837807E-05, 0.0001177747230685325671, 0.0001570329640913767561, 0.0001962912051142209316, 0.0002355494461370651342, 0.0003140659281827535123, 0.0003533241692055976877, 0.0003925824102284418632, 0.0004318406512512860387, 0.0004710988922741302684, 0.0005496153743198186736, 0.0006281318563655070245, 0.0007066483384111953755, 0.0007851648204568837264, 0.0008636813025025720774, 0.0009421977845482605368, 0.0009814560255711048207, 0.001020714266593948996, 0.001099230748639637347, 0.001177747230685325698, 0.001256263712731014049 ),
 .UNSPECIFIED. ) ;
#727 = CARTESIAN_POINT ( 'NONE',  ( -2.292657841081335413, 14.43239771865563448, -51.48385429697847826 ) ) ;
#728 = CARTESIAN_POINT ( 'NONE',  ( -8.439210088288227496, 20.38045692513520635, -51.43355882420995329 ) ) ;
#729 = CARTESIAN_POINT ( 'NONE',  ( -40.99730114935989178, 14.78665858183135562, -32.80041777998817309 ) ) ;
#730 = DIRECTION ( 'NONE',  ( -1.000000000000000000, 0.000000000000000000, 0.000000000000000000 ) ) ;
#731 = ORIENTED_EDGE ( 'NONE', *, *, #2086, .F. ) ;
#732 = FACE_OUTER_BOUND ( 'NONE', #1751, .T. ) ;
#733 = FACE_OUTER_BOUND ( 'NONE', #1785, .T. ) ;
#734 = CARTESIAN_POINT ( 'NONE',  ( 2.601509888288930483, -1.512152455818653873, -31.20041777998817878 ) ) ;
#735 = ORIENTED_EDGE ( 'NONE', *, *, #745, .F. ) ;
#736 = CYLINDRICAL_SURFACE ( 'NONE', #1449, 0.6000000000000033085 ) ;
#737 = CARTESIAN_POINT ( 'NONE',  ( -8.410766701301829684, 20.36178036019919801, -51.34133095044820294 ) ) ;
#738 = CIRCLE ( 'NONE', #1079, 27.49999999999999645 ) ;
#739 = EDGE_CURVE ( 'NONE', #1155, #2712, #434, .T. ) ;
#740 = DIRECTION ( 'NONE',  ( -0.7027442638224198346, 0.7114425483935334915, 0.000000000000000000 ) ) ;
#741 = CARTESIAN_POINT ( 'NONE',  ( -43.70110514382254507, -19.11074961415403806, -32.80041777998817309 ) ) ;
#742 = AXIS2_PLACEMENT_3D ( 'NONE', #2576, #2384, #2152 ) ;
#743 = ORIENTED_EDGE ( 'NONE', *, *, #55, .T. ) ;
#744 = DIRECTION ( 'NONE',  ( 0.000000000000000000, 0.000000000000000000, -1.000000000000000000 ) ) ;
#745 = EDGE_CURVE ( 'NONE', #2319, #809, #1972, .T. ) ;
#746 = CARTESIAN_POINT ( 'NONE',  ( -9.933248314829615566, 20.26986520529766267, -51.00041577998818099 ) ) ;
#747 = CARTESIAN_POINT ( 'NONE',  ( -20.89227580077033508, -24.56215207581315951, -40.80041777998818020 ) ) ;
#748 = ORIENTED_EDGE ( 'NONE', *, *, #23, .F. ) ;
#749 = DIRECTION ( 'NONE',  ( -0.7114425483935334915, -0.7027442638224199456, 0.000000000000000000 ) ) ;
#750 = AXIS2_PLACEMENT_3D ( 'NONE', #258, #53, #2013 ) ;
#751 = VERTEX_POINT ( 'NONE', #272 ) ;
#752 = CARTESIAN_POINT ( 'NONE',  ( -8.360310462373556462, 20.32843651718717481, -51.23906265738136057 ) ) ;
#753 = EDGE_CURVE ( 'NONE', #919, #1204, #394, .T. ) ;
#754 = AXIS2_PLACEMENT_3D ( 'NONE', #2470, #27, #920 ) ;
#755 = CARTESIAN_POINT ( 'NONE',  ( -5.750064449065496852, -16.40400139767222143, -36.80041777998817309 ) ) ;
#756 = DIRECTION ( 'NONE',  ( -0.000000000000000000, -0.000000000000000000, -1.000000000000000000 ) ) ;
#757 = DIRECTION ( 'NONE',  ( 0.000000000000000000, 0.000000000000000000, -1.000000000000000000 ) ) ;
#758 = EDGE_LOOP ( 'NONE', ( #1117, #1254, #1329, #313, #779, #179, #1814, #1400 ) ) ;
#759 = DIRECTION ( 'NONE',  ( 0.000000000000000000, 0.000000000000000000, -1.000000000000000000 ) ) ;
#760 = CARTESIAN_POINT ( 'NONE',  ( 1.201509888288921468, -1.512152455818657204, -32.80041777998818020 ) ) ;
#761 = LINE ( 'NONE', #163, #2457 ) ;
#762 = AXIS2_PLACEMENT_3D ( 'NONE', #2653, #218, #1299 ) ;
#763 = VERTEX_POINT ( 'NONE', #1384 ) ;
#764 =( LENGTH_UNIT ( ) NAMED_UNIT ( * ) SI_UNIT ( .MILLI., .METRE. ) );
#765 = AXIS2_PLACEMENT_3D ( 'NONE', #536, #551, #998 ) ;
#766 = ADVANCED_FACE ( 'NONE', ( #2719 ), #1175, .F. ) ;
#767 = CARTESIAN_POINT ( 'NONE',  ( -2.341853337420793046, 14.50130516378364298, -51.23520826237944448 ) ) ;
#768 = CARTESIAN_POINT ( 'NONE',  ( -8.088834453174472472, 20.14416145991522455, -54.22739920302942096 ) ) ;
#769 = ORIENTED_EDGE ( 'NONE', *, *, #847, .T. ) ;
#770 = CARTESIAN_POINT ( 'NONE',  ( -8.134755569736293879, 20.17591564298497886, -51.03201724132245687 ) ) ;
#771 = CARTESIAN_POINT ( 'NONE',  ( -42.29708727004572921, -20.51476748793079707, -40.80041777998818020 ) ) ;
#772 = DIRECTION ( 'NONE',  ( 0.000000000000000000, 0.000000000000000000, -1.000000000000000000 ) ) ;
#773 = DIRECTION ( 'NONE',  ( 0.000000000000000000, 0.000000000000000000, 1.000000000000000000 ) ) ;
#774 = ORIENTED_EDGE ( 'NONE', *, *, #1649, .T. ) ;
#775 = CARTESIAN_POINT ( 'NONE',  ( -50.59849011171106525, -1.512152455818654095, -138.7821617105083760 ) ) ;
#776 = ADVANCED_FACE ( 'NONE', ( #1124 ), #1815, .F. ) ;
#777 = CARTESIAN_POINT ( 'NONE',  ( -24.69849011171107378, -1.512152455818657204, -31.40041777998817096 ) ) ;
#778 = FACE_OUTER_BOUND ( 'NONE', #2858, .T. ) ;
#779 = ORIENTED_EDGE ( 'NONE', *, *, #958, .F. ) ;
#780 = EDGE_CURVE ( 'NONE', #1865, #2044, #577, .T. ) ;
#781 = CIRCLE ( 'NONE', #1304, 1.056214310942091394 ) ;
#782 = DIRECTION ( 'NONE',  ( 0.000000000000000000, 0.000000000000000000, -1.000000000000000000 ) ) ;
#783 = CARTESIAN_POINT ( 'NONE',  ( -8.365535716713212722, 20.33189933642336200, -53.99268539195201555 ) ) ;
#784 = ORIENTED_EDGE ( 'NONE', *, *, #1305, .T. ) ;
#785 = CARTESIAN_POINT ( 'NONE',  ( -7.850121809789937899, 20.22222585684058416, -50.79041649553350624 ) ) ;
#786 = ADVANCED_FACE ( 'NONE', ( #2743, #2516 ), #1468, .F. ) ;
#787 = DIRECTION ( 'NONE',  ( 0.000000000000000000, 0.000000000000000000, -1.000000000000000000 ) ) ;
#788 = CARTESIAN_POINT ( 'NONE',  ( -2.774648604874373703, 15.08890695564976703, -54.45041577998818383 ) ) ;
#789 = CARTESIAN_POINT ( 'NONE',  ( -24.69849011171107378, -1.512152455818657204, -138.7821617105083760 ) ) ;
#790 = AXIS2_PLACEMENT_3D ( 'NONE', #1088, #1977, #2870 ) ;
#791 = VECTOR ( 'NONE', #1676, 1000.000000000000000 ) ;
#792 = B_SPLINE_CURVE_WITH_KNOTS ( 'NONE', 3,
 ( #1036, #1493, #2571, #2792 ),
 .UNSPECIFIED., .F., .F.,
 ( 4, 4 ),
 ( 0.000000000000000000, 1.000000000000000000 ),
 .UNSPECIFIED. ) ;
#793 = ORIENTED_EDGE ( 'NONE', *, *, #1305, .F. ) ;
#794 = CARTESIAN_POINT ( 'NONE',  ( -8.395937357643822097, 20.63459574532416241, -54.05448547848134666 ) ) ;
#795 = DIRECTION ( 'NONE',  ( 0.000000000000000000, 0.000000000000000000, 1.000000000000000000 ) ) ;
#796 = EDGE_CURVE ( 'NONE', #1865, #2116, #306, .T. ) ;
#797 = DIRECTION ( 'NONE',  ( 1.000000000000000000, 0.000000000000000000, 0.000000000000000000 ) ) ;
#798 = ORIENTED_EDGE ( 'NONE', *, *, #985, .F. ) ;
#799 = CARTESIAN_POINT ( 'NONE',  ( -2.671416667397534361, 14.95169300870856155, -50.80834397477850928 ) ) ;
#800 = CARTESIAN_POINT ( 'NONE',  ( -8.429606340697343825, 20.37416073995517607, -53.84402989847248477 ) ) ;
#801 = VERTEX_POINT ( 'NONE', #2079 ) ;
#802 = CARTESIAN_POINT ( 'NONE',  ( -8.169126003904253253, 20.46580491639563704, -50.90959213239136716 ) ) ;
#803 = CARTESIAN_POINT ( 'NONE',  ( -8.399679074061729978, -17.81096349346800878, -40.80041777998818020 ) ) ;
#804 = EDGE_CURVE ( 'NONE', #751, #1087, #2410, .T. ) ;
#805 = CARTESIAN_POINT ( 'NONE',  ( -8.457001071010116888, 20.39209447807045805, -138.7821617105083760 ) ) ;
#806 = AXIS2_PLACEMENT_3D ( 'NONE', #377, #1719, #2201 ) ;
#807 = DIRECTION ( 'NONE',  ( -0.000000000000000000, -0.000000000000000000, 1.000000000000000000 ) ) ;
#808 = AXIS2_PLACEMENT_3D ( 'NONE', #1631, #42, #1595 ) ;
#809 = VERTEX_POINT ( 'NONE', #2106 ) ;
#810 = LINE ( 'NONE', #775, #18 ) ;
#811 = DIRECTION ( 'NONE',  ( 0.7027442638224175031, -0.7114425483935358230, 0.000000000000000000 ) ) ;
#812 = CARTESIAN_POINT ( 'NONE',  ( -8.701379295569401151, 19.30734716115111382, -54.25041577998818099 ) ) ;
#813 = VERTEX_POINT ( 'NONE', #741 ) ;
#814 = CARTESIAN_POINT ( 'NONE',  ( -2.356360155931243927, 14.52154292510649114, -51.18905187984660188 ) ) ;
#815 = CARTESIAN_POINT ( 'NONE',  ( -7.984299889105506587, 20.07098115744943811, -54.24944434145450600 ) ) ;
#816 = AXIS2_PLACEMENT_3D ( 'NONE', #1215, #40, #103 ) ;
#817 = ORIENTED_EDGE ( 'NONE', *, *, #2260, .T. ) ;
#818 = CARTESIAN_POINT ( 'NONE',  ( -8.462100111792091539, 20.68310944156547038, -51.40684068777667193 ) ) ;
#819 = DIRECTION ( 'NONE',  ( 0.000000000000000000, 0.000000000000000000, -1.000000000000000000 ) ) ;
#820 = AXIS2_PLACEMENT_3D ( 'NONE', #137, #2328, #105 ) ;
#821 = DIRECTION ( 'NONE',  ( -1.000000000000000000, 0.000000000000000000, 0.000000000000000000 ) ) ;
#822 = FACE_OUTER_BOUND ( 'NONE', #1319, .T. ) ;
#823 = VERTEX_POINT ( 'NONE', #1439 ) ;
#824 = CARTESIAN_POINT ( 'NONE',  ( -2.791433989825914175, 14.75835232270382669, -51.04432495056986596 ) ) ;
#825 = CARTESIAN_POINT ( 'NONE',  ( -8.087685146054843344, 20.14336197261308925, -54.22772766547639378 ) ) ;
#826 = CARTESIAN_POINT ( 'NONE',  ( -8.399679074061923600, 14.78665858183135562, -40.80041777998818020 ) ) ;
#827 = VERTEX_POINT ( 'NONE', #2529 ) ;
#828 = EDGE_CURVE ( 'NONE', #991, #1510, #1990, .T. ) ;
#829 = DIRECTION ( 'NONE',  ( 0.000000000000000000, 0.000000000000000000, -1.000000000000000000 ) ) ;
#830 = CARTESIAN_POINT ( 'NONE',  ( -8.056138237708948324, 20.38037410948497197, -54.39961267825824365 ) ) ;
#831 = VERTEX_POINT ( 'NONE', #325 ) ;
#832 = CARTESIAN_POINT ( 'NONE',  ( -24.69849011171107378, -1.512152455818657204, -40.80041777998818020 ) ) ;
#833 = VECTOR ( 'NONE', #740, 999.9999999999998863 ) ;
#834 = DIRECTION ( 'NONE',  ( -1.000000000000000000, 0.000000000000000000, 0.000000000000000000 ) ) ;
#835 = CYLINDRICAL_SURFACE ( 'NONE', #1515, 1.056214310941862244 ) ;
#836 = DIRECTION ( 'NONE',  ( -1.000000000000000000, 0.000000000000000000, 0.000000000000000000 ) ) ;
#837 = VECTOR ( 'NONE', #2463, 1000.000000000000000 ) ;
#838 = ORIENTED_EDGE ( 'NONE', *, *, #862, .T. ) ;
#839 = FACE_OUTER_BOUND ( 'NONE', #709, .T. ) ;
#840 = VECTOR ( 'NONE', #366, 1000.000000000000000 ) ;
#841 = CARTESIAN_POINT ( 'NONE',  ( -8.037142189683697424, 20.10813088239613577, -54.24169788301689010 ) ) ;
#842 = CIRCLE ( 'NONE', #1967, 1.520000000000000462 ) ;
#843 = LINE ( 'NONE', #412, #1984 ) ;
#844 = VERTEX_POINT ( 'NONE', #2784 ) ;
#845 = CARTESIAN_POINT ( 'NONE',  ( -8.362186618475496047, 20.60967485691223189, -54.10677526260663228 ) ) ;
#846 = EDGE_LOOP ( 'NONE', ( #1035, #1824 ) ) ;
#847 = EDGE_CURVE ( 'NONE', #2776, #653, #2818, .T. ) ;
#848 = DIRECTION ( 'NONE',  ( -0.000000000000000000, -0.000000000000000000, 1.000000000000000000 ) ) ;
#849 = FACE_OUTER_BOUND ( 'NONE', #1816, .T. ) ;
#850 = DIRECTION ( 'NONE',  ( -1.000000000000000000, 8.673617379884013384E-15, 0.000000000000000000 ) ) ;
#851 = UNCERTAINTY_MEASURE_WITH_UNIT (LENGTH_MEASURE( 1.000000000000000082E-05 ), #764, 'distance_accuracy_value', 'NONE');
#852 = AXIS2_PLACEMENT_3D ( 'NONE', #2419, #640, #176 ) ;
#853 = VERTEX_POINT ( 'NONE', #2358 ) ;
#854 = CARTESIAN_POINT ( 'NONE',  ( 1.201509888288921468, -1.512152455818657204, -56.00041577998818099 ) ) ;
#855 = LINE ( 'NONE', #2407, #1852 ) ;
#856 = VECTOR ( 'NONE', #1706, 1000.000000000000000 ) ;
#857 = CARTESIAN_POINT ( 'NONE',  ( -2.768156096511029673, 14.72338938751951609, -51.06548366412700801 ) ) ;
#858 = ORIENTED_EDGE ( 'NONE', *, *, #128, .F. ) ;
#859 = CARTESIAN_POINT ( 'NONE',  ( -2.596113910731132179, 14.45866362446839659, -53.65041577998817957 ) ) ;
#860 = CARTESIAN_POINT ( 'NONE',  ( -2.646697849429044069, 14.53771445130888473, -53.96990024868814118 ) ) ;
#861 = ORIENTED_EDGE ( 'NONE', *, *, #2085, .F. ) ;
#862 = EDGE_CURVE ( 'NONE', #2208, #1599, #1859, .T. ) ;
#863 = B_SPLINE_CURVE_WITH_KNOTS ( 'NONE', 3,
 ( #1730, #2618, #220, #1245, #1024, #1358, #1801, #685, #523, #1165, #2275, #1817, #472, #57, #2709, #2520, #1578, #1142, #721, #957, #2735, #288, #1156, #1413, #233, #908, #1128, #2263, #12, #274, #1621, #2697, #2057, #248, #2251, #2018, #261, #2045, #2033, #2683 ),
 .UNSPECIFIED., .F., .F.,
 ( 4, 2, 2, 2, 2, 2, 2, 2, 2, 2, 2, 1, 2, 2, 2, 1, 2, 2, 2, 2, 4 ),
 ( 0.000000000000000000, 0.1249999999999741873, 0.2499999999999483746, 0.3124999999999352185, 0.3749999999999220068, 0.4374999999999088507, 0.4999999999998956390, 0.5624999999998824274, 0.5937499999998808731, 0.6249999999998792077, 0.6874999999998898659, 0.7187499999998924194, 0.7343749999998963052, 0.7499999999999001910, 0.7812499999999034106, 0.7968749999999050759, 0.8046874999999058531, 0.8124999999999067413, 0.8437499999999233946, 0.8749999999999399369, 1.000000000000000000 ),
 .UNSPECIFIED. ) ;
#864 = CARTESIAN_POINT ( 'NONE',  ( -24.69849011171107378, -1.512152455818657204, -56.00041577998818099 ) ) ;
#865 = EDGE_CURVE ( 'NONE', #413, #813, #2688, .T. ) ;
#866 = AXIS2_PLACEMENT_3D ( 'NONE', #600, #782, #570 ) ;
#867 = FACE_OUTER_BOUND ( 'NONE', #2569, .T. ) ;
#868 = DIRECTION ( 'NONE',  ( -1.000000000000000000, 0.000000000000000000, -0.000000000000000000 ) ) ;
#869 = VECTOR ( 'NONE', #2143, 1000.000000000000000 ) ;
#870 = ORIENTED_EDGE ( 'NONE', *, *, #2836, .F. ) ;
#871 = LINE ( 'NONE', #2859, #106 ) ;
#872 = DIRECTION ( 'NONE',  ( -0.000000000000000000, -0.000000000000000000, -1.000000000000000000 ) ) ;
#873 = CARTESIAN_POINT ( 'NONE',  ( -2.675238420281201623, 14.58185661767845431, -51.20121701847185136 ) ) ;
#874 = VERTEX_POINT ( 'NONE', #1672 ) ;
#875 = EDGE_CURVE ( 'NONE', #1007, #2635, #1154, .T. ) ;
#876 = ADVANCED_FACE ( 'NONE', ( #2139 ), #2731, .F. ) ;
#877 = CARTESIAN_POINT ( 'NONE',  ( -5.565813111895187681, 23.24793400929933185, -51.59041577998819861 ) ) ;
#878 = EDGE_CURVE ( 'NONE', #2751, #1777, #2269, .T. ) ;
#879 = CARTESIAN_POINT ( 'NONE',  ( -8.478507768284151425, 20.69510265938247784, -53.70329001197342933 ) ) ;
#880 = ORIENTED_EDGE ( 'NONE', *, *, #569, .F. ) ;
#881 = DIRECTION ( 'NONE',  ( 0.000000000000000000, 0.000000000000000000, -1.000000000000000000 ) ) ;
#882 = CARTESIAN_POINT ( 'NONE',  ( -2.709822519339440738, 14.63493437317943346, -54.10275912803140130 ) ) ;
#883 = CARTESIAN_POINT ( 'NONE',  ( -6.192582273723351349, 16.76749726338618629, -37.61027914159473085 ) ) ;
#884 = EDGE_CURVE ( 'NONE', #1123, #420, #2180, .T. ) ;
#885 = ORIENTED_EDGE ( 'NONE', *, *, #269, .T. ) ;
#886 = EDGE_LOOP ( 'NONE', ( #1939, #2323, #584, #1219 ) ) ;
#887 = CARTESIAN_POINT ( 'NONE',  ( -2.916253299558559942, 14.94233583167541290, -50.99089133499428783 ) ) ;
#888 = CARTESIAN_POINT ( 'NONE',  ( -8.159737679410037359, 20.19310270643342164, -54.19650660941628928 ) ) ;
#889 = DIRECTION ( 'NONE',  ( 0.000000000000000000, 0.000000000000000000, -1.000000000000000000 ) ) ;
#890 = VECTOR ( 'NONE', #2342, 1000.000000000000000 ) ;
#891 = ORIENTED_EDGE ( 'NONE', *, *, #407, .F. ) ;
#892 = CARTESIAN_POINT ( 'NONE',  ( -8.094614935487536300, 20.40957032211835553, -50.86082390568457612 ) ) ;
#893 = VECTOR ( 'NONE', #1743, 1000.000000000000000 ) ;
#894 = ADVANCED_FACE ( 'NONE', ( #1234 ), #2120, .F. ) ;
#895 = DIRECTION ( 'NONE',  ( -1.000000000000000000, 0.000000000000000000, 0.000000000000000000 ) ) ;
#896 = CARTESIAN_POINT ( 'NONE',  ( -8.205278590168401109, 20.49293986505125531, -54.30132198375625308 ) ) ;
#897 = ORIENTED_EDGE ( 'NONE', *, *, #1186, .F. ) ;
#898 = DIRECTION ( 'NONE',  ( 0.000000000000000000, 0.000000000000000000, -1.000000000000000000 ) ) ;
#899 = CARTESIAN_POINT ( 'NONE',  ( -2.311117954606613623, 14.45830725163894570, -53.87222665449034764 ) ) ;
#900 = DIRECTION ( 'NONE',  ( -1.000000000000000000, 0.000000000000000000, 0.000000000000000000 ) ) ;
#901 = EDGE_LOOP ( 'NONE', ( #2664, #471, #2364, #78, #1869, #2048, #287, #2259 ) ) ;
#902 = ORIENTED_EDGE ( 'NONE', *, *, #1191, .F. ) ;
#903 = CARTESIAN_POINT ( 'NONE',  ( -2.713025221770797302, 14.63981789013670820, -51.13346345262507953 ) ) ;
#904 = EDGE_CURVE ( 'NONE', #164, #1431, #2294, .T. ) ;
#905 = AXIS2_PLACEMENT_3D ( 'NONE', #421, #1504, #609 ) ;
#906 = LINE ( 'NONE', #627, #170 ) ;
#907 = VERTEX_POINT ( 'NONE', #1687 ) ;
#908 = CARTESIAN_POINT ( 'NONE',  ( -8.145667716589901630, 20.18342332158490038, -51.03738453259861529 ) ) ;
#909 = AXIS2_PLACEMENT_3D ( 'NONE', #580, #744, #2081 ) ;
#910 = CARTESIAN_POINT ( 'NONE',  ( -27.44849011171219999, -24.56215207581349347, -40.80041777998818020 ) ) ;
#911 = CARTESIAN_POINT ( 'NONE',  ( -2.625638185790720058, 14.50492757109646291, -53.89917537328793173 ) ) ;
#912 = EDGE_LOOP ( 'NONE', ( #572, #1647, #2721, #2027 ) ) ;
#913 = CARTESIAN_POINT ( 'NONE',  ( -28.50470442265394766, 21.53784716418013545, -40.80041777998818020 ) ) ;
#914 = CARTESIAN_POINT ( 'NONE',  ( -2.608993363708975277, 14.47888830611827871, -53.81677393586481628 ) ) ;
#915 = DIRECTION ( 'NONE',  ( 1.000000000000000000, 0.000000000000000000, 0.000000000000000000 ) ) ;
#916 = CIRCLE ( 'NONE', #2077, 2.999999999999999112 ) ;
#917 = ORIENTED_EDGE ( 'NONE', *, *, #2514, .F. ) ;
#918 = VECTOR ( 'NONE', #2788, 1000.000000000000000 ) ;
#919 = VERTEX_POINT ( 'NONE', #297 ) ;
#920 = DIRECTION ( 'NONE',  ( -0.7114425483935503669, -0.7027442638224027371, 0.000000000000000000 ) ) ;
#921 = EDGE_CURVE ( 'NONE', #809, #127, #2578, .T. ) ;
#922 = FACE_OUTER_BOUND ( 'NONE', #230, .T. ) ;
#923 = DIRECTION ( 'NONE',  ( 0.000000000000000000, 0.000000000000000000, -1.000000000000000000 ) ) ;
#924 = ORIENTED_EDGE ( 'NONE', *, *, #1407, .T. ) ;
#925 = CARTESIAN_POINT ( 'NONE',  ( -2.934094724924095843, 14.96817197811181543, -54.25041577998818099 ) ) ;
#926 = CARTESIAN_POINT ( 'NONE',  ( -2.292613659370308810, 14.43233559697628188, -53.67697192261977790 ) ) ;
#927 = DIRECTION ( 'NONE',  ( -0.000000000000000000, -0.000000000000000000, 1.000000000000000000 ) ) ;
#928 = ORIENTED_EDGE ( 'NONE', *, *, #2181, .T. ) ;
#929 = CARTESIAN_POINT ( 'NONE',  ( -2.661366085822691296, 14.56064127443139000, -51.22325047903743211 ) ) ;
#930 = AXIS2_PLACEMENT_3D ( 'NONE', #729, #2283, #1438 ) ;
#931 = ORIENTED_EDGE ( 'NONE', *, *, #2003, .T. ) ;
#932 = DIRECTION ( 'NONE',  ( -1.000000000000000000, 0.000000000000000000, 0.000000000000000000 ) ) ;
#933 = CARTESIAN_POINT ( 'NONE',  ( -24.69849011171107378, -1.512152455818657204, -32.80041777998817309 ) ) ;
#934 = DIRECTION ( 'NONE',  ( 1.000000000000000000, 0.000000000000000000, 0.000000000000000000 ) ) ;
#935 = ORIENTED_EDGE ( 'NONE', *, *, #226, .F. ) ;
#936 = CONICAL_SURFACE ( 'NONE', #1263, 27.29999999999997939, 0.7853981633974136400 ) ;
#937 = DIRECTION ( 'NONE',  ( 0.7027442638224198346, -0.7114425483935333805, 0.000000000000000000 ) ) ;
#938 = CIRCLE ( 'NONE', #2247, 2.999999999999999112 ) ;
#939 = CARTESIAN_POINT ( 'NONE',  ( -2.598272254432556050, 14.46205758098231620, -53.71969927054160365 ) ) ;
#940 = DIRECTION ( 'NONE',  ( 0.000000000000000000, 0.000000000000000000, -1.000000000000000000 ) ) ;
#941 = ORIENTED_EDGE ( 'NONE', *, *, #1908, .F. ) ;
#942 = ORIENTED_EDGE ( 'NONE', *, *, #1068, .F. ) ;
#943 = DIRECTION ( 'NONE',  ( -1.000000000000000000, 0.000000000000000000, 0.000000000000000000 ) ) ;
#944 = DIRECTION ( 'NONE',  ( -1.000000000000000000, 0.000000000000000000, 0.000000000000000000 ) ) ;
#945 = CYLINDRICAL_SURFACE ( 'NONE', #2840, 1.056214310942091394 ) ;
#946 = ORIENTED_EDGE ( 'NONE', *, *, #2003, .F. ) ;
#947 = CIRCLE ( 'NONE', #673, 25.89999999999999147 ) ;
#948 = PLANE ( 'NONE',  #2332 ) ;
#949 = EDGE_CURVE ( 'NONE', #1625, #1431, #239, .T. ) ;
#950 = CARTESIAN_POINT ( 'NONE',  ( -2.455601754315389851, 14.65894367880053295, -54.25354024404580144 ) ) ;
#951 = FACE_OUTER_BOUND ( 'NONE', #1357, .T. ) ;
#952 = AXIS2_PLACEMENT_3D ( 'NONE', #2589, #590, #2137 ) ;
#953 = ADVANCED_FACE ( 'NONE', ( #1937 ), #2830, .T. ) ;
#954 = CONICAL_SURFACE ( 'NONE', #304, 27.30000000000000071, 0.7853981633974657095 ) ;
#955 = VERTEX_POINT ( 'NONE', #1749 ) ;
#956 = VECTOR ( 'NONE', #1290, 1000.000000000000114 ) ;
#957 = CARTESIAN_POINT ( 'NONE',  ( -8.217072989698968044, 20.23224270137234271, -51.08112030725619945 ) ) ;
#958 = EDGE_CURVE ( 'NONE', #409, #2099, #2519, .T. ) ;
#959 = CARTESIAN_POINT ( 'NONE',  ( -27.44849011171219999, -24.56215207581349347, -32.80041777998817309 ) ) ;
#960 = CARTESIAN_POINT ( 'NONE',  ( -2.831734557768233795, 14.81835106182570883, -54.22324835954111677 ) ) ;
#961 = ORIENTED_EDGE ( 'NONE', *, *, #651, .F. ) ;
#962 = EDGE_CURVE ( 'NONE', #713, #823, #938, .T. ) ;
#963 = CARTESIAN_POINT ( 'NONE',  ( -6.192582273723351349, 16.76749726338618629, -51.00041577998818099 ) ) ;
#964 = CARTESIAN_POINT ( 'NONE',  ( -8.378905883939360422, 20.34075531645903823, -51.27193438631573486 ) ) ;
#965 = DIRECTION ( 'NONE',  ( -0.7027442638224193905, 0.7114425483935338246, 0.000000000000000000 ) ) ;
#966 = DIRECTION ( 'NONE',  ( -0.000000000000000000, -0.000000000000000000, 1.000000000000000000 ) ) ;
#967 = EDGE_CURVE ( 'NONE', #1894, #2062, #2634, .T. ) ;
#968 = EDGE_LOOP ( 'NONE', ( #2349, #1373, #1014, #1765 ) ) ;
#969 = CARTESIAN_POINT ( 'NONE',  ( -24.69849011171107378, -1.512152455818657204, -40.80041777998818020 ) ) ;
#970 = DIRECTION ( 'NONE',  ( -1.000000000000000000, 0.000000000000000000, 0.000000000000000000 ) ) ;
#971 = DIRECTION ( 'NONE',  ( 1.000000000000000000, 0.000000000000000000, 0.000000000000000000 ) ) ;
#972 = ORIENTED_EDGE ( 'NONE', *, *, #2739, .T. ) ;
#973 = PRESENTATION_STYLE_ASSIGNMENT (( #368 ) ) ;
#974 = CARTESIAN_POINT ( 'NONE',  ( -2.388592430878147432, 14.56653243116421237, -51.09702469901382926 ) ) ;
#975 = AXIS2_PLACEMENT_3D ( 'NONE', #1416, #301, #934 ) ;
#976 = ORIENTED_EDGE ( 'NONE', *, *, #862, .F. ) ;
#977 = CIRCLE ( 'NONE', #1611, 3.000000000000002665 ) ;
#978 = CARTESIAN_POINT ( 'NONE',  ( -2.382254644062732130, 14.55756619718468414, -54.11888661013064450 ) ) ;
#979 = AXIS2_PLACEMENT_3D ( 'NONE', #597, #146, #1049 ) ;
#980 = VECTOR ( 'NONE', #1262, 1000.000000000000000 ) ;
#981 = CARTESIAN_POINT ( 'NONE',  ( -2.344175747549080757, 14.50525959998886982, -54.07007346772088141 ) ) ;
#982 = CARTESIAN_POINT ( 'NONE',  ( -20.89227580076976309, 21.53784716417489165, -40.80041777998818020 ) ) ;
#983 = VERTEX_POINT ( 'NONE', #2169 ) ;
#984 = CARTESIAN_POINT ( 'NONE',  ( 2.801509888288925776, -1.512152455818657204, -138.7821617105083760 ) ) ;
#985 = EDGE_CURVE ( 'NONE', #713, #823, #1264, .T. ) ;
#986 = CARTESIAN_POINT ( 'NONE',  ( -7.963329359206877456, 20.05613753806063571, -54.25041577998818099 ) ) ;
#987 = CARTESIAN_POINT ( 'NONE',  ( -21.94849011171107378, 21.53784716417644063, -32.80041777998817309 ) ) ;
#988 = ORIENTED_EDGE ( 'NONE', *, *, #2744, .T. ) ;
#989 = CARTESIAN_POINT ( 'NONE',  ( -2.381897924612284889, 14.55706585144428722, -51.12333107383459918 ) ) ;
#990 = CARTESIAN_POINT ( 'NONE',  ( -8.172650046178533856, 20.20194717079041880, -54.18912876745284279 ) ) ;
#991 = VERTEX_POINT ( 'NONE', #213 ) ;
#992 = CARTESIAN_POINT ( 'NONE',  ( -8.456153651507463564, 20.39154107499405555, -51.55068879394222137 ) ) ;
#993 = AXIS2_PLACEMENT_3D ( 'NONE', #2621, #1748, #2200 ) ;
#994 = DIRECTION ( 'NONE',  ( -1.000000000000000000, 0.000000000000000000, 0.000000000000000000 ) ) ;
#995 = DIRECTION ( 'NONE',  ( 0.000000000000000000, 0.000000000000000000, -1.000000000000000000 ) ) ;
#996 = ORIENTED_EDGE ( 'NONE', *, *, #2598, .T. ) ;
#997 = DIRECTION ( 'NONE',  ( -0.000000000000000000, -0.000000000000000000, 1.000000000000000000 ) ) ;
#998 = DIRECTION ( 'NONE',  ( -1.000000000000000000, 0.000000000000000000, 0.000000000000000000 ) ) ;
#999 = FACE_OUTER_BOUND ( 'NONE', #1317, .T. ) ;
#1000 = CIRCLE ( 'NONE', #2502, 24.09999999999566000 ) ;
#1001 = ORIENTED_EDGE ( 'NONE', *, *, #1699, .F. ) ;
#1002 =( NAMED_UNIT ( * ) PLANE_ANGLE_UNIT ( ) SI_UNIT ( $, .RADIAN. ) );
#1003 = PRODUCT_DEFINITION ( '未知', '', #2131, #1736 ) ;
#1004 = AXIS2_PLACEMENT_3D ( 'NONE', #2595, #811, #2582 ) ;
#1005 = CARTESIAN_POINT ( 'NONE',  ( -2.315417464674770276, 14.46433258936952271, -51.34484504438475483 ) ) ;
#1006 = CARTESIAN_POINT ( 'NONE',  ( -8.036318017878279818, 20.36529398156440962, -54.40836929442178871 ) ) ;
#1007 = VERTEX_POINT ( 'NONE', #2154 ) ;
#1008 = CARTESIAN_POINT ( 'NONE',  ( -8.065261480578161724, 20.38729634271166091, -50.84588439510051217 ) ) ;
#1009 = CARTESIAN_POINT ( 'NONE',  ( -40.99730114935989178, 14.78665858183135562, -40.80041777998818020 ) ) ;
#1010 = AXIS2_PLACEMENT_3D ( 'NONE', #1269, #2391, #1505 ) ;
#1011 = CARTESIAN_POINT ( 'NONE',  ( -3.299342464345991655, 13.55384754846267903, -56.00041577998817388 ) ) ;
#1012 = DIRECTION ( 'NONE',  ( -0.000000000000000000, -0.000000000000000000, 1.000000000000000000 ) ) ;
#1013 = EDGE_CURVE ( 'NONE', #2436, #671, #2187, .T. ) ;
#1014 = ORIENTED_EDGE ( 'NONE', *, *, #1191, .T. ) ;
#1015 = CYLINDRICAL_SURFACE ( 'NONE', #1276, 0.6000000000000033085 ) ;
#1016 = CARTESIAN_POINT ( 'NONE',  ( -26.21849011171107335, -24.56215207581864135, -60.29962500960238714 ) ) ;
#1017 = CYLINDRICAL_SURFACE ( 'NONE', #90, 2.999999999999999112 ) ;
#1018 = ORIENTED_EDGE ( 'NONE', *, *, #2538, .T. ) ;
#1019 = DIRECTION ( 'NONE',  ( 1.000000000000000000, 0.000000000000000000, 0.000000000000000000 ) ) ;
#1020 = AXIS2_PLACEMENT_3D ( 'NONE', #1202, #1216, #2562 ) ;
#1021 = CARTESIAN_POINT ( 'NONE',  ( -2.317890816613132454, 14.46779735858533122, -51.33226362200910842 ) ) ;
#1022 = CARTESIAN_POINT ( 'NONE',  ( -8.243484841813481623, 20.25014665350872178, -54.13859543281424180 ) ) ;
#1023 = ORIENTED_EDGE ( 'NONE', *, *, #828, .T. ) ;
#1024 = CARTESIAN_POINT ( 'NONE',  ( -8.429998647235903420, 20.37442695328090991, -51.39464888854450209 ) ) ;
#1025 = ADVANCED_FACE ( 'NONE', ( #622 ), #606, .F. ) ;
#1026 = CARTESIAN_POINT ( 'NONE',  ( -3.157053954667285112, 13.69439640122716284, -37.61027914159473085 ) ) ;
#1027 = CARTESIAN_POINT ( 'NONE',  ( -24.69849011171107378, -1.512152455818657204, -32.80041777998818020 ) ) ;
#1028 = DIRECTION ( 'NONE',  ( -1.000000000000000000, 0.000000000000000000, 0.000000000000000000 ) ) ;
#1029 = CIRCLE ( 'NONE', #1542, 1.056214310942053203 ) ;
#1030 = ORIENTED_EDGE ( 'NONE', *, *, #1352, .F. ) ;
#1031 = DIRECTION ( 'NONE',  ( -1.000000000000000000, 0.000000000000000000, 0.000000000000000000 ) ) ;
#1032 = AXIS2_PLACEMENT_3D ( 'NONE', #391, #2400, #2356 ) ;
#1033 = LINE ( 'NONE', #2374, #28 ) ;
#1034 = CYLINDRICAL_SURFACE ( 'NONE', #979, 0.2000000000000005107 ) ;
#1035 = ORIENTED_EDGE ( 'NONE', *, *, #2567, .T. ) ;
#1036 = CARTESIAN_POINT ( 'NONE',  ( -2.596113910731133068, 14.45866362446839659, -51.59041577998818440 ) ) ;
#1037 = CARTESIAN_POINT ( 'NONE',  ( -8.114087370194349447, 20.42430424404915712, -54.36869976327437826 ) ) ;
#1038 = VERTEX_POINT ( 'NONE', #592 ) ;
#1039 = CARTESIAN_POINT ( 'NONE',  ( -8.270877912322267989, 20.54196081690961861, -51.00482120141000308 ) ) ;
#1040 = VECTOR ( 'NONE', #2786, 1000.000000000000000 ) ;
#1041 = DIRECTION ( 'NONE',  ( 0.000000000000000000, 0.000000000000000000, -1.000000000000000000 ) ) ;
#1042 = AXIS2_PLACEMENT_3D ( 'NONE', #2051, #2663, #2271 ) ;
#1043 = PLANE ( 'NONE',  #440 ) ;
#1044 = ADVANCED_FACE ( 'NONE', ( #1514 ), #2429, .F. ) ;
#1045 = CIRCLE ( 'NONE', #2803, 26.09999999999999076 ) ;
#1046 = ORIENTED_EDGE ( 'NONE', *, *, #1398, .F. ) ;
#1047 = CARTESIAN_POINT ( 'NONE',  ( -2.840284641855955527, 14.83101126494072020, -51.01310389462405226 ) ) ;
#1048 = CARTESIAN_POINT ( 'NONE',  ( -8.094441073816639687, 20.14804803631090735, -54.22535934814502667 ) ) ;
#1049 = DIRECTION ( 'NONE',  ( -1.000000000000000000, 0.000000000000000000, 0.000000000000000000 ) ) ;
#1050 = EDGE_LOOP ( 'NONE', ( #1973, #271, #599, #931, #774, #378, #1566, #2235 ) ) ;
#1051 = CIRCLE ( 'NONE', #866, 27.29999999999998295 ) ;
#1052 = CARTESIAN_POINT ( 'NONE',  ( -2.602902379108106512, 14.85964030067178498, -50.84121888171812031 ) ) ;
#1053 = CARTESIAN_POINT ( 'NONE',  ( -8.006058459678163430, 20.34220380836806186, -54.41972701070985607 ) ) ;
#1054 = ORIENTED_EDGE ( 'NONE', *, *, #2732, .T. ) ;
#1055 = EDGE_CURVE ( 'NONE', #801, #831, #1703, .T. ) ;
#1056 = CARTESIAN_POINT ( 'NONE',  ( -8.315466367641475287, 20.57510221637784653, -51.06083528506231062 ) ) ;
#1057 = AXIS2_PLACEMENT_3D ( 'NONE', #2194, #659, #1331 ) ;
#1058 = ADVANCED_FACE ( 'NONE', ( #406 ), #2844, .T. ) ;
#1059 = DIRECTION ( 'NONE',  ( -0.000000000000000000, -0.000000000000000000, 1.000000000000000000 ) ) ;
#1060 = CARTESIAN_POINT ( 'NONE',  ( -24.69849011171107378, -1.512152455818657204, -31.20041777998817878 ) ) ;
#1061 = DIRECTION ( 'NONE',  ( 0.000000000000000000, 0.000000000000000000, -1.000000000000000000 ) ) ;
#1062 = UNCERTAINTY_MEASURE_WITH_UNIT (LENGTH_MEASURE( 1.000000000000000082E-05 ), #1635, 'distance_accuracy_value', 'NONE');
#1063 = EDGE_CURVE ( 'NONE', #2179, #38, #842, .T. ) ;
#1064 = VERTEX_POINT ( 'NONE', #2813 ) ;
#1065 = CYLINDRICAL_SURFACE ( 'NONE', #2161, 2.750000000000002665 ) ;
#1066 = CARTESIAN_POINT ( 'NONE',  ( -7.977303493081761232, 20.06602965965393182, -54.24994022497227064 ) ) ;
#1067 = CARTESIAN_POINT ( 'NONE',  ( -2.658329343793547572, 14.55574038154880689, -51.24010225037298483 ) ) ;
#1068 = EDGE_CURVE ( 'NONE', #1714, #2184, #3, .T. ) ;
#1069 = ORIENTED_EDGE ( 'NONE', *, *, #2015, .F. ) ;
#1070 = CARTESIAN_POINT ( 'NONE',  ( -24.69849011171107378, -1.512152455818657204, -31.20041777998817878 ) ) ;
#1071 = CARTESIAN_POINT ( 'NONE',  ( -2.630230346734237834, 14.51209517669862059, -53.91674615440535945 ) ) ;
#1072 = EDGE_LOOP ( 'NONE', ( #2841, #362, #2442, #229 ) ) ;
#1073 = ADVANCED_FACE ( 'NONE', ( #822 ), #1485, .F. ) ;
#1074 = CIRCLE ( 'NONE', #2699, 0.2000000000000005107 ) ;
#1075 = FACE_OUTER_BOUND ( 'NONE', #1889, .T. ) ;
#1076 = B_SPLINE_CURVE_WITH_KNOTS ( 'NONE', 3,
 ( #788, #2547, #1686, #981, #546, #341 ),
 .UNSPECIFIED., .F., .F.,
 ( 4, 2, 4 ),
 ( 0.000000000000000000, 0.5000000000000000000, 1.000000000000000000 ),
 .UNSPECIFIED. ) ;
#1077 = DIRECTION ( 'NONE',  ( 0.000000000000000000, 0.000000000000000000, -1.000000000000000000 ) ) ;
#1078 = CARTESIAN_POINT ( 'NONE',  ( -24.69849011171107378, -1.512152455818657204, -32.80041777998817309 ) ) ;
#1079 = AXIS2_PLACEMENT_3D ( 'NONE', #1651, #2512, #1395 ) ;
#1080 = ORIENTED_EDGE ( 'NONE', *, *, #2155, .T. ) ;
#1081 = CARTESIAN_POINT ( 'NONE',  ( -2.805771742368011079, 14.77975233934906818, -51.03386228473811315 ) ) ;
#1082 = CARTESIAN_POINT ( 'NONE',  ( -8.091878053365167744, 20.14627054869506395, -54.22626540649452664 ) ) ;
#1083 = DIRECTION ( 'NONE',  ( -1.000000000000000000, 0.000000000000000000, 0.000000000000000000 ) ) ;
#1084 = ORIENTED_EDGE ( 'NONE', *, *, #94, .F. ) ;
#1085 = DIRECTION ( 'NONE',  ( 1.000000000000000000, 0.000000000000000000, 0.000000000000000000 ) ) ;
#1086 = CARTESIAN_POINT ( 'NONE',  ( -8.406391084294469351, 20.64225001712593510, -54.01727943494729089 ) ) ;
#1087 = VERTEX_POINT ( 'NONE', #201 ) ;
#1088 = CARTESIAN_POINT ( 'NONE',  ( -24.69849011171107378, -1.512152455818657204, -56.00041577998817388 ) ) ;
#1089 = DIRECTION ( 'NONE',  ( 1.000000000000000000, 0.000000000000000000, 0.000000000000000000 ) ) ;
#1090 = CARTESIAN_POINT ( 'NONE',  ( -0.1265725099096649819, 17.74136868473338779, -50.99041577998818298 ) ) ;
#1091 = ADVANCED_FACE ( 'NONE', ( #2371, #155 ), #1043, .T. ) ;
#1092 = CIRCLE ( 'NONE', #1323, 24.09999999999935838 ) ;
#1093 = ORIENTED_EDGE ( 'NONE', *, *, #875, .F. ) ;
#1094 = CARTESIAN_POINT ( 'NONE',  ( -2.851994464354499215, 14.84830918741919703, -51.00761572224559615 ) ) ;
#1095 = EDGE_CURVE ( 'NONE', #2536, #2486, #1462, .T. ) ;
#1096 = CARTESIAN_POINT ( 'NONE',  ( -8.070532574803189974, 20.13144025430912620, -54.23321583785376276 ) ) ;
#1097 = LINE ( 'NONE', #2392, #216 ) ;
#1098 = ORIENTED_EDGE ( 'NONE', *, *, #275, .T. ) ;
#1099 = DIRECTION ( 'NONE',  ( 0.000000000000000000, 0.000000000000000000, -1.000000000000000000 ) ) ;
#1100 = CARTESIAN_POINT ( 'NONE',  ( -2.753002237881795988, 14.70053988942753165, -54.15971125275578402 ) ) ;
#1101 = ORIENTED_EDGE ( 'NONE', *, *, #1179, .F. ) ;
#1102 = EDGE_CURVE ( 'NONE', #1464, #2278, #1557, .T. ) ;
#1103 = DIRECTION ( 'NONE',  ( -1.000000000000000000, 0.000000000000000000, 0.000000000000000000 ) ) ;
#1104 = CIRCLE ( 'NONE', #404, 27.49999999999999645 ) ;
#1105 = ADVANCED_FACE ( 'NONE', ( #1587 ), #507, .F. ) ;
#1106 = FACE_OUTER_BOUND ( 'NONE', #2112, .T. ) ;
#1107 = DIRECTION ( 'NONE',  ( 0.000000000000000000, 0.000000000000000000, -1.000000000000000000 ) ) ;
#1108 = ORIENTED_EDGE ( 'NONE', *, *, #141, .F. ) ;
#1109 = DIRECTION ( 'NONE',  ( -1.000000000000000000, 0.000000000000000000, -0.000000000000000000 ) ) ;
#1110 = EDGE_CURVE ( 'NONE', #2116, #1577, #2465, .T. ) ;
#1111 = CARTESIAN_POINT ( 'NONE',  ( -24.69849011171107378, -1.512152455818657204, -138.7821617105083760 ) ) ;
#1112 = DIRECTION ( 'NONE',  ( 0.000000000000000000, 0.000000000000000000, 1.000000000000000000 ) ) ;
#1113 = VERTEX_POINT ( 'NONE', #49 ) ;
#1114 = CARTESIAN_POINT ( 'NONE',  ( -8.437057141487077416, 20.66477030622560918, -51.30639567143149549 ) ) ;
#1115 = CYLINDRICAL_SURFACE ( 'NONE', #2175, 24.09999999999935838 ) ;
#1116 = CARTESIAN_POINT ( 'NONE',  ( -2.820410632751388036, 14.80154720398838464, -54.21667348883392634 ) ) ;
#1117 = ORIENTED_EDGE ( 'NONE', *, *, #1617, .T. ) ;
#1118 = CARTESIAN_POINT ( 'NONE',  ( -24.69849011171107378, 21.53784716418134693, -60.29962500960238714 ) ) ;
#1119 = EDGE_CURVE ( 'NONE', #2549, #1987, #1572, .T. ) ;
#1120 = CARTESIAN_POINT ( 'NONE',  ( -2.296681050428408088, 14.43804988692074787, -53.75589476781245679 ) ) ;
#1121 = DIRECTION ( 'NONE',  ( -1.000000000000000000, 0.000000000000000000, 0.000000000000000000 ) ) ;
#1122 = EDGE_LOOP ( 'NONE', ( #279, #455, #2289, #1333 ) ) ;
#1123 = VERTEX_POINT ( 'NONE', #268 ) ;
#1124 = FACE_OUTER_BOUND ( 'NONE', #206, .T. ) ;
#1125 = LINE ( 'NONE', #755, #1334 ) ;
#1126 = CARTESIAN_POINT ( 'NONE',  ( -2.709595134835141472, 14.63458662304276992, -51.13843889650202357 ) ) ;
#1127 = ORIENTED_EDGE ( 'NONE', *, *, #2306, .F. ) ;
#1128 = CARTESIAN_POINT ( 'NONE',  ( -8.135709771484346930, 20.17657205300582746, -51.03248729170806541 ) ) ;
#1129 = AXIS2_PLACEMENT_3D ( 'NONE', #2796, #819, #2185 ) ;
#1130 = CARTESIAN_POINT ( 'NONE',  ( -2.824498104462850545, 14.80761977926299622, -54.21916421173043688 ) ) ;
#1131 = ORIENTED_EDGE ( 'NONE', *, *, #884, .F. ) ;
#1132 = CIRCLE ( 'NONE', #2377, 3.000000000000002665 ) ;
#1133 = FACE_OUTER_BOUND ( 'NONE', #1072, .T. ) ;
#1134 = CARTESIAN_POINT ( 'NONE',  ( -2.596656847830269843, 14.45951778726604253, -53.69014276603419944 ) ) ;
#1135 = DIRECTION ( 'NONE',  ( 0.000000000000000000, 0.000000000000000000, 1.000000000000000000 ) ) ;
#1136 = CARTESIAN_POINT ( 'NONE',  ( -8.464532153340799780, 20.49336167468757708, -51.59041577998819861 ) ) ;
#1137 = CARTESIAN_POINT ( 'NONE',  ( -2.638442740918407914, 14.52493869297949303, -51.28580284932591127 ) ) ;
#1138 = EDGE_CURVE ( 'NONE', #2467, #955, #2068, .T. ) ;
#1139 = FACE_OUTER_BOUND ( 'NONE', #725, .T. ) ;
#1140 = CARTESIAN_POINT ( 'NONE',  ( -2.619376058540992425, 14.49514314622974709, -51.36890215436407914 ) ) ;
#1141 = ORIENTED_EDGE ( 'NONE', *, *, #1402, .F. ) ;
#1142 = CARTESIAN_POINT ( 'NONE',  ( -8.243639730042051639, 20.25025246699759407, -51.10236028340181491 ) ) ;
#1143 = AXIS2_PLACEMENT_3D ( 'NONE', #2487, #486, #943 ) ;
#1144 = CARTESIAN_POINT ( 'NONE',  ( -40.99730114935989178, 14.78665858183135562, -49.28569915422676218 ) ) ;
#1145 = DIRECTION ( 'NONE',  ( 0.000000000000000000, 0.000000000000000000, -1.000000000000000000 ) ) ;
#1146 = VERTEX_POINT ( 'NONE', #1397 ) ;
#1147 = DIRECTION ( 'NONE',  ( -0.000000000000000000, -0.000000000000000000, 1.000000000000000000 ) ) ;
#1148 = CARTESIAN_POINT ( 'NONE',  ( -2.356796017987736747, 14.52214682844476101, -54.05240799122632467 ) ) ;
#1149 = CYLINDRICAL_SURFACE ( 'NONE', #1568, 24.09999999999935838 ) ;
#1150 =( GEOMETRIC_REPRESENTATION_CONTEXT ( 3 ) GLOBAL_UNCERTAINTY_ASSIGNED_CONTEXT ( ( #1530 ) ) GLOBAL_UNIT_ASSIGNED_CONTEXT ( ( #425, #2412, #401 ) ) REPRESENTATION_CONTEXT ( 'NONE', 'WORKASPACE' ) );
#1151 = ORIENTED_EDGE ( 'NONE', *, *, #780, .T. ) ;
#1152 = ORIENTED_EDGE ( 'NONE', *, *, #509, .F. ) ;
#1153 = AXIS2_PLACEMENT_3D ( 'NONE', #13, #1839, #2723 ) ;
#1154 = CIRCLE ( 'NONE', #540, 0.2000000000000005107 ) ;
#1155 = VERTEX_POINT ( 'NONE', #447 ) ;
#1156 = CARTESIAN_POINT ( 'NONE',  ( -8.170903037165400562, 20.20074815586249528, -51.05086298610637385 ) ) ;
#1157 = CYLINDRICAL_SURFACE ( 'NONE', #1988, 1.056214310942053203 ) ;
#1158 = DIRECTION ( 'NONE',  ( 0.000000000000000000, 0.000000000000000000, -1.000000000000000000 ) ) ;
#1159 = ORIENTED_EDGE ( 'NONE', *, *, #2748, .F. ) ;
#1160 = DIRECTION ( 'NONE',  ( 0.7027442638224199456, -0.7114425483935333805, 0.000000000000000000 ) ) ;
#1161 = CARTESIAN_POINT ( 'NONE',  ( -2.638117471541558068, 14.52437371661980414, -53.94333295340827306 ) ) ;
#1162 = CARTESIAN_POINT ( 'NONE',  ( -24.69849011171107378, -1.512152455818657204, -54.45041577998818383 ) ) ;
#1163 = CARTESIAN_POINT ( 'NONE',  ( -8.472063235671486225, 20.59462887130469966, -51.59041577998819861 ) ) ;
#1164 = ORIENTED_EDGE ( 'NONE', *, *, #2059, .F. ) ;
#1165 = CARTESIAN_POINT ( 'NONE',  ( -8.360784434715521130, 20.32875060469294581, -51.23988692818990387 ) ) ;
#1166 = EDGE_CURVE ( 'NONE', #718, #844, #1183, .T. ) ;
#1167 = CYLINDRICAL_SURFACE ( 'NONE', #633, 24.09999999999566000 ) ;
#1168 = DIRECTION ( 'NONE',  ( -1.000000000000000000, 0.000000000000000000, 0.000000000000000000 ) ) ;
#1169 = ORIENTED_EDGE ( 'NONE', *, *, #1747, .F. ) ;
#1170 = AXIS2_PLACEMENT_3D ( 'NONE', #2828, #1569, #1761 ) ;
#1171 = CIRCLE ( 'NONE', #51, 24.09999999999566000 ) ;
#1172 = CARTESIAN_POINT ( 'NONE',  ( -7.951688768616167025, 20.04787177364163142, -54.25041577998818809 ) ) ;
#1173 = CARTESIAN_POINT ( 'NONE',  ( -8.172368071625024655, 20.20175408110993232, -51.05153974880622769 ) ) ;
#1174 = DIRECTION ( 'NONE',  ( -1.000000000000000000, 0.000000000000000000, 0.000000000000000000 ) ) ;
#1175 = CYLINDRICAL_SURFACE ( 'NONE', #1573, 0.5999999999999942046 ) ;
#1176 = EDGE_CURVE ( 'NONE', #2707, #1123, #2717, .T. ) ;
#1177 = EDGE_LOOP ( 'NONE', ( #2411, #1929, #1531, #2734 ) ) ;
#1178 = DIRECTION ( 'NONE',  ( -1.000000000000000000, 0.000000000000000000, -0.000000000000000000 ) ) ;
#1179 = EDGE_CURVE ( 'NONE', #763, #2712, #2212, .T. ) ;
#1180 = DIRECTION ( 'NONE',  ( 0.000000000000000000, 0.000000000000000000, 1.000000000000000000 ) ) ;
#1181 = DIRECTION ( 'NONE',  ( -1.000000000000000000, 0.000000000000000000, 0.000000000000000000 ) ) ;
#1182 = ORIENTED_EDGE ( 'NONE', *, *, #1710, .F. ) ;
#1183 = CIRCLE ( 'NONE', #2801, 1.056214310942091394 ) ;
#1184 = AXIS2_PLACEMENT_3D ( 'NONE', #511, #1401, #1178 ) ;
#1185 = DIRECTION ( 'NONE',  ( -0.000000000000000000, -0.000000000000000000, 1.000000000000000000 ) ) ;
#1186 = EDGE_CURVE ( 'NONE', #907, #147, #947, .T. ) ;
#1187 = CARTESIAN_POINT ( 'NONE',  ( -2.369152064475212427, 14.53934961394600656, -54.08619368545092954 ) ) ;
#1188 = EDGE_CURVE ( 'NONE', #2421, #874, #1614, .T. ) ;
#1189 = LINE ( 'NONE', #2768, #1726 ) ;
#1190 = CARTESIAN_POINT ( 'NONE',  ( -8.399679074061729978, -17.81096349346800878, -32.80041777998817309 ) ) ;
#1191 = EDGE_CURVE ( 'NONE', #1994, #653, #2504, .T. ) ;
#1192 = ORIENTED_EDGE ( 'NONE', *, *, #637, .T. ) ;
#1193 = CIRCLE ( 'NONE', #2814, 2.750000000000002665 ) ;
#1194 = CARTESIAN_POINT ( 'NONE',  ( -0.1265725099096649819, 17.74136868473338779, -53.65041577998817957 ) ) ;
#1195 = CYLINDRICAL_SURFACE ( 'NONE', #2310, 3.000000000000002665 ) ;
#1196 = DIRECTION ( 'NONE',  ( 1.000000000000000000, 0.000000000000000000, 0.000000000000000000 ) ) ;
#1197 = ORIENTED_EDGE ( 'NONE', *, *, #143, .T. ) ;
#1198 = APPLICATION_PROTOCOL_DEFINITION ( 'draft international standard', 'automotive_design', 1998, #318 ) ;
#1199 = DIRECTION ( 'NONE',  ( -0.7027442638224198346, 0.7114425483935334915, 0.000000000000000000 ) ) ;
#1200 = CARTESIAN_POINT ( 'NONE',  ( -8.423848933975257580, 20.37038309882463949, -51.37740069857066771 ) ) ;
#1201 = EDGE_CURVE ( 'NONE', #1155, #2188, #1092, .T. ) ;
#1202 = CARTESIAN_POINT ( 'NONE',  ( -24.69849011171107378, -1.512152455818657204, -40.80041777998818020 ) ) ;
#1203 = DIRECTION ( 'NONE',  ( -1.000000000000000000, 0.000000000000000000, -0.000000000000000000 ) ) ;
#1204 = VERTEX_POINT ( 'NONE', #228 ) ;
#1205 = CARTESIAN_POINT ( 'NONE',  ( -24.69849011171107378, -1.512152455818657204, -51.00041577998818099 ) ) ;
#1206 = CARTESIAN_POINT ( 'NONE',  ( -21.52241293989059301, -4.727541827656336793, -56.00041577998817388 ) ) ;
#1207 = CARTESIAN_POINT ( 'NONE',  ( -7.099892953377993088, 17.49046257629497347, -32.80041777998817309 ) ) ;
#1208 = ORIENTED_EDGE ( 'NONE', *, *, #2726, .F. ) ;
#1209 = FACE_OUTER_BOUND ( 'NONE', #123, .T. ) ;
#1210 = DIRECTION ( 'NONE',  ( -1.000000000000000000, 0.000000000000000000, 0.000000000000000000 ) ) ;
#1211 = ORIENTED_EDGE ( 'NONE', *, *, #1370, .F. ) ;
#1212 = CARTESIAN_POINT ( 'NONE',  ( -8.318002440421802035, 20.30026201454099066, -51.17880222087192976 ) ) ;
#1213 = B_SPLINE_CURVE_WITH_KNOTS ( 'NONE', 3,
 ( #2658, #2441, #2210, #660, #209, #911, #1071, #1758, #860, #1522, #2413, #1788, #675, #1302, #2882, #1804, #646, #1550, #1536, #1100, #2423, #1986, #443, #2460, #2867, #2225, #2237, #222, #1116, #1130, #2277, #960, #2061, #1864, #724, #1819, #2072, #2711, #1830, #1854 ),
 .UNSPECIFIED., .F., .F.,
 ( 4, 2, 2, 2, 2, 2, 2, 2, 2, 2, 2, 1, 2, 2, 2, 1, 2, 2, 2, 2, 4 ),
 ( 0.000000000000000000, 0.1250000000000172640, 0.2500000000000345279, 0.3125000000000441314, 0.3750000000000536793, 0.4375000000000632827, 0.5000000000000728306, 0.5625000000000823785, 0.5937500000000800471, 0.6250000000000776046, 0.6875000000000721645, 0.7187500000000670575, 0.7343750000000582867, 0.7500000000000494049, 0.7812500000000365263, 0.7968750000000339728, 0.8046875000000296430, 0.8125000000000253131, 0.8437500000000199840, 0.8750000000000145439, 1.000000000000000000 ),
 .UNSPECIFIED. ) ;
#1214 = CIRCLE ( 'NONE', #327, 24.09999999999935838 ) ;
#1215 = CARTESIAN_POINT ( 'NONE',  ( -24.69849011171107378, -1.512152455818657204, -40.80041777998818020 ) ) ;
#1216 = DIRECTION ( 'NONE',  ( 0.000000000000000000, 0.000000000000000000, -1.000000000000000000 ) ) ;
#1217 = DIRECTION ( 'NONE',  ( -1.000000000000000000, 0.000000000000000000, 0.000000000000000000 ) ) ;
#1218 = ADVANCED_FACE ( 'NONE', ( #1993 ), #256, .F. ) ;
#1219 = ORIENTED_EDGE ( 'NONE', *, *, #598, .F. ) ;
#1220 = LINE ( 'NONE', #2108, #1040 ) ;
#1221 = ADVANCED_FACE ( 'NONE', ( #1794 ), #241, .F. ) ;
#1222 = PLANE ( 'NONE',  #1524 ) ;
#1223 = CARTESIAN_POINT ( 'NONE',  ( -9.806641169857515550, -20.46057811846424102, -40.80041777998818020 ) ) ;
#1224 = EDGE_LOOP ( 'NONE', ( #2495, #2481, #2372, #1956 ) ) ;
#1225 = APPLICATION_PROTOCOL_DEFINITION ( 'draft international standard', 'automotive_design', 1998, #2471 ) ;
#1226 = DIRECTION ( 'NONE',  ( 0.000000000000000000, 0.000000000000000000, 1.000000000000000000 ) ) ;
#1227 = CARTESIAN_POINT ( 'NONE',  ( -7.933829261913265540, 20.28685733056558504, -54.44015604610621040 ) ) ;
#1228 = CIRCLE ( 'NONE', #2530, 3.000000000000002665 ) ;
#1229 = VERTEX_POINT ( 'NONE', #2693 ) ;
#1230 = CARTESIAN_POINT ( 'NONE',  ( -8.403564661524827173, 20.35703730015276491, -51.32361472883373921 ) ) ;
#1231 = AXIS2_PLACEMENT_3D ( 'NONE', #832, #2438, #353 ) ;
#1232 = DIRECTION ( 'NONE',  ( 0.000000000000000000, 0.000000000000000000, -1.000000000000000000 ) ) ;
#1233 = CARTESIAN_POINT ( 'NONE',  ( -43.64691577435802827, 13.37969648603914585, -40.80041777998818020 ) ) ;
#1234 = FACE_OUTER_BOUND ( 'NONE', #901, .T. ) ;
#1235 = EDGE_LOOP ( 'NONE', ( #338, #1693, #1388, #214, #1961, #485, #39, #2617 ) ) ;
#1236 = CARTESIAN_POINT ( 'NONE',  ( -24.69849011171107378, -24.56215207581864135, -32.80041777998817309 ) ) ;
#1237 = DIRECTION ( 'NONE',  ( -0.000000000000000000, -0.000000000000000000, 1.000000000000000000 ) ) ;
#1238 = CARTESIAN_POINT ( 'NONE',  ( -24.69849011171107378, -1.512152455818657204, -138.7821617105083760 ) ) ;
#1239 = AXIS2_PLACEMENT_3D ( 'NONE', #615, #1549, #1085 ) ;
#1240 = ORIENTED_EDGE ( 'NONE', *, *, #1927, .T. ) ;
#1241 = CIRCLE ( 'NONE', #1153, 1.520000000000000462 ) ;
#1242 = CARTESIAN_POINT ( 'NONE',  ( -2.617737557553033945, 14.87964452154500705, -50.83246226555461789 ) ) ;
#1243 = CARTESIAN_POINT ( 'NONE',  ( -8.450347502796811128, 20.38774669785562565, -53.74863831179152385 ) ) ;
#1244 = ORIENTED_EDGE ( 'NONE', *, *, #1648, .F. ) ;
#1245 = CARTESIAN_POINT ( 'NONE',  ( -8.440392337659236688, 20.38123256880755463, -51.43419593155535097 ) ) ;
#1246 = DIRECTION ( 'NONE',  ( -1.000000000000000000, 0.000000000000000000, 0.000000000000000000 ) ) ;
#1247 = AXIS2_PLACEMENT_3D ( 'NONE', #1722, #422, #2452 ) ;
#1248 = CARTESIAN_POINT ( 'NONE',  ( -8.399679074061923600, 14.78665858183135562, -32.80041777998817309 ) ) ;
#1249 = DIRECTION ( 'NONE',  ( 0.7071067811865536790, 8.659560562355008046E-17, -0.7071067811865414665 ) ) ;
#1250 = VERTEX_POINT ( 'NONE', #1366 ) ;
#1251 = DIRECTION ( 'NONE',  ( 1.000000000000000000, 0.000000000000000000, 0.000000000000000000 ) ) ;
#1252 = DIRECTION ( 'NONE',  ( -1.000000000000000000, 0.000000000000000000, 0.000000000000000000 ) ) ;
#1253 = CARTESIAN_POINT ( 'NONE',  ( -3.683785251877332634, 14.22764736562128896, -50.99041577998818298 ) ) ;
#1254 = ORIENTED_EDGE ( 'NONE', *, *, #1440, .T. ) ;
#1255 = CARTESIAN_POINT ( 'NONE',  ( -8.399679074061923600, 14.78665858183135562, -49.28569915422676218 ) ) ;
#1256 = CARTESIAN_POINT ( 'NONE',  ( -7.964935288608570474, 20.31073266469735472, -54.43248758519786179 ) ) ;
#1257 = ORIENTED_EDGE ( 'NONE', *, *, #63, .F. ) ;
#1258 = CARTESIAN_POINT ( 'NONE',  ( -8.373529328728352539, 20.61804663405557747, -51.15463787452542022 ) ) ;
#1259 = ADVANCED_FACE ( 'NONE', ( #2257 ), #1149, .F. ) ;
#1260 = CYLINDRICAL_SURFACE ( 'NONE', #2386, 24.09999999999566000 ) ;
#1261 = FACE_OUTER_BOUND ( 'NONE', #416, .T. ) ;
#1262 = DIRECTION ( 'NONE',  ( -0.000000000000000000, -0.000000000000000000, 1.000000000000000000 ) ) ;
#1263 = AXIS2_PLACEMENT_3D ( 'NONE', #663, #648, #417 ) ;
#1264 = CIRCLE ( 'NONE', #2337, 25.89999999999999147 ) ;
#1265 = ORIENTED_EDGE ( 'NONE', *, *, #2399, .T. ) ;
#1266 = ADVANCED_FACE ( 'NONE', ( #1139 ), #954, .T. ) ;
#1267 = CARTESIAN_POINT ( 'NONE',  ( -2.807466677062347760, 14.78227956071422788, -51.03267547401148363 ) ) ;
#1268 = EDGE_CURVE ( 'NONE', #1831, #273, #1125, .T. ) ;
#1269 = CARTESIAN_POINT ( 'NONE',  ( -24.69849011171107378, -24.56215207581864135, -60.29962500960238714 ) ) ;
#1270 = CARTESIAN_POINT ( 'NONE',  ( -8.457001071010115112, 20.39209447807045095, -53.65041577998819378 ) ) ;
#1271 = VERTEX_POINT ( 'NONE', #771 ) ;
#1272 = CARTESIAN_POINT ( 'NONE',  ( -2.518477233556479344, 14.74506625646419877, -50.91037061588819057 ) ) ;
#1273 = CARTESIAN_POINT ( 'NONE',  ( -7.829001579289464274, 20.20582066909555152, -54.45041577998818383 ) ) ;
#1274 = ORIENTED_EDGE ( 'NONE', *, *, #369, .F. ) ;
#1275 = CARTESIAN_POINT ( 'NONE',  ( -8.355475298581900745, 20.60472096363306704, -51.12194494984574078 ) ) ;
#1276 = AXIS2_PLACEMENT_3D ( 'NONE', #1194, #2533, #1906 ) ;
#1277 = ADVANCED_FACE ( 'NONE', ( #1354 ), #1654, .T. ) ;
#1278 = CARTESIAN_POINT ( 'NONE',  ( -24.69849011171107378, -24.56215207581864135, -40.80041777998818020 ) ) ;
#1279 = CARTESIAN_POINT ( 'NONE',  ( -5.399679074061924489, 14.78665858183135562, -40.80041777998818020 ) ) ;
#1280 = DIRECTION ( 'NONE',  ( 0.000000000000000000, 0.000000000000000000, -1.000000000000000000 ) ) ;
#1281 = AXIS2_PLACEMENT_3D ( 'NONE', #2095, #299, #2594 ) ;
#1282 = ORIENTED_EDGE ( 'NONE', *, *, #2306, .T. ) ;
#1283 = CARTESIAN_POINT ( 'NONE',  ( -2.752793141718703485, 14.70021731718351532, -51.08156084578548928 ) ) ;
#1284 = EDGE_CURVE ( 'NONE', #46, #2188, #245, .T. ) ;
#1285 = CARTESIAN_POINT ( 'NONE',  ( -8.391251703778586091, 20.34895360090699512, -53.95502871068913464 ) ) ;
#1286 = EDGE_CURVE ( 'NONE', #2278, #801, #2197, .T. ) ;
#1287 = CARTESIAN_POINT ( 'NONE',  ( -2.678820575445749252, 14.58737503460990759, -51.19378081895419541 ) ) ;
#1288 = ORIENTED_EDGE ( 'NONE', *, *, #174, .T. ) ;
#1289 = CIRCLE ( 'NONE', #1658, 1.056214310941862244 ) ;
#1290 = DIRECTION ( 'NONE',  ( -0.7114425483935333805, -0.7027442638224198346, 0.000000000000000000 ) ) ;
#1291 = CARTESIAN_POINT ( 'NONE',  ( -7.975301064423618413, 20.31867703075133846, -54.42960263391704956 ) ) ;
#1292 = ORIENTED_EDGE ( 'NONE', *, *, #1440, .F. ) ;
#1293 = DIRECTION ( 'NONE',  ( 0.000000000000000000, 0.000000000000000000, -1.000000000000000000 ) ) ;
#1294 = DIRECTION ( 'NONE',  ( 0.000000000000000000, 0.000000000000000000, -1.000000000000000000 ) ) ;
#1295 = DIRECTION ( 'NONE',  ( 0.000000000000000000, 0.000000000000000000, 1.000000000000000000 ) ) ;
#1296 = ORIENTED_EDGE ( 'NONE', *, *, #1896, .F. ) ;
#1297 = DIRECTION ( 'NONE',  ( 1.000000000000000000, 0.000000000000000000, 0.000000000000000000 ) ) ;
#1298 = CARTESIAN_POINT ( 'NONE',  ( -8.258139167551354021, 20.26005871281789439, -54.12601617532117615 ) ) ;
#1299 = DIRECTION ( 'NONE',  ( -1.000000000000000000, 0.000000000000000000, 0.000000000000000000 ) ) ;
#1300 = ORIENTED_EDGE ( 'NONE', *, *, #2174, .T. ) ;
#1301 = FACE_OUTER_BOUND ( 'NONE', #2623, .T. ) ;
#1302 = CARTESIAN_POINT ( 'NONE',  ( -2.701186291421365127, 14.62172219536573792, -54.08871703197625891 ) ) ;
#1303 = VERTEX_POINT ( 'NONE', #2043 ) ;
#1304 = AXIS2_PLACEMENT_3D ( 'NONE', #324, #772, #285 ) ;
#1305 = EDGE_CURVE ( 'NONE', #1303, #2436, #2076, .T. ) ;
#1306 = DIRECTION ( 'NONE',  ( 0.000000000000000000, 0.000000000000000000, -1.000000000000000000 ) ) ;
#1307 = DIRECTION ( 'NONE',  ( -1.000000000000000000, 0.000000000000000000, 0.000000000000000000 ) ) ;
#1308 = DIRECTION ( 'NONE',  ( -1.000000000000000000, 0.000000000000000000, 0.000000000000000000 ) ) ;
#1309 = VECTOR ( 'NONE', #1335, 1000.000000000000000 ) ;
#1310 = ORIENTED_EDGE ( 'NONE', *, *, #1591, .F. ) ;
#1311 = CARTESIAN_POINT ( 'NONE',  ( -2.893362485873960388, 14.90899557084081728, -50.99449324425462748 ) ) ;
#1312 = CIRCLE ( 'NONE', #2616, 2.999999999999999112 ) ;
#1313 = CARTESIAN_POINT ( 'NONE',  ( -8.283453613873470900, 20.27710212996891670, -54.10107201048968761 ) ) ;
#1314 = ADVANCED_FACE ( 'NONE', ( #1885, #453 ), #8, .T. ) ;
#1315 = VECTOR ( 'NONE', #2091, 1000.000000000000000 ) ;
#1316 = CARTESIAN_POINT ( 'NONE',  ( -2.701511114718833984, 14.62222122585982476, -51.15151538811757348 ) ) ;
#1317 = EDGE_LOOP ( 'NONE', ( #2746, #2150, #2404, #2123, #2753, #1098, #2258, #2156 ) ) ;
#1318 = CARTESIAN_POINT ( 'NONE',  ( -8.271222494286138982, 20.54221746160722617, -54.23561630248234167 ) ) ;
#1319 = EDGE_LOOP ( 'NONE', ( #438, #1495, #2696, #1574 ) ) ;
#1320 = DIRECTION ( 'NONE',  ( 1.000000000000000000, 0.000000000000000000, 0.000000000000000000 ) ) ;
#1321 = CARTESIAN_POINT ( 'NONE',  ( -2.646488539169868925, 14.53738442583779467, -53.96889717366064332 ) ) ;
#1322 = CARTESIAN_POINT ( 'NONE',  ( -2.596113910731133512, 14.45866362446839659, -138.7821617105083760 ) ) ;
#1323 = AXIS2_PLACEMENT_3D ( 'NONE', #481, #1107, #2230 ) ;
#1324 = ORIENTED_EDGE ( 'NONE', *, *, #2218, .T. ) ;
#1325 = CARTESIAN_POINT ( 'NONE',  ( -43.64691577435821301, -16.40400139767623244, -36.80041777998817309 ) ) ;
#1326 = FACE_OUTER_BOUND ( 'NONE', #329, .T. ) ;
#1327 = CARTESIAN_POINT ( 'NONE',  ( -26.21849011171107335, 21.53784716418134693, -32.80041777998817309 ) ) ;
#1328 = ADVANCED_FACE ( 'NONE', ( #1075 ), #1260, .F. ) ;
#1329 = ORIENTED_EDGE ( 'NONE', *, *, #407, .T. ) ;
#1330 = CARTESIAN_POINT ( 'NONE',  ( -7.912734885812410468, 20.27061857027519665, -50.79680194907813018 ) ) ;
#1331 = DIRECTION ( 'NONE',  ( 1.000000000000000000, 0.000000000000000000, 0.000000000000000000 ) ) ;
#1332 = CARTESIAN_POINT ( 'NONE',  ( -8.411235098818544031, 20.64581128044002156, -54.00562329759691238 ) ) ;
#1333 = ORIENTED_EDGE ( 'NONE', *, *, #1745, .F. ) ;
#1334 = VECTOR ( 'NONE', #484, 1000.000000000000000 ) ;
#1335 = DIRECTION ( 'NONE',  ( 0.000000000000000000, 0.000000000000000000, 1.000000000000000000 ) ) ;
#1336 = VECTOR ( 'NONE', #2710, 1000.000000000000000 ) ;
#1337 = CARTESIAN_POINT ( 'NONE',  ( -2.792922064762435319, 14.76057440987435676, -54.19760968571600301 ) ) ;
#1338 = CARTESIAN_POINT ( 'NONE',  ( -0.1265725099096649819, 17.74136868473338779, -54.25041577998818099 ) ) ;
#1339 = ORIENTED_EDGE ( 'NONE', *, *, #1901, .F. ) ;
#1340 = ORIENTED_EDGE ( 'NONE', *, *, #309, .F. ) ;
#1341 = CARTESIAN_POINT ( 'NONE',  ( -2.708962751340624919, 14.63361247177648750, -51.13975954948506342 ) ) ;
#1342 = CARTESIAN_POINT ( 'NONE',  ( -8.407309529879563925, 20.64344040258853852, -51.17075809239270967 ) ) ;
#1343 = CARTESIAN_POINT ( 'NONE',  ( -2.855788662428071500, 14.85389910784715006, -51.00602563954154078 ) ) ;
#1344 = ORIENTED_EDGE ( 'NONE', *, *, #1095, .F. ) ;
#1345 = CARTESIAN_POINT ( 'NONE',  ( -8.221663874916954384, 20.50521865747306549, -50.95394725164552341 ) ) ;
#1346 = CARTESIAN_POINT ( 'NONE',  ( -8.479593722419954460, 20.69589560806224426, -53.67696684725768819 ) ) ;
#1347 = ORIENTED_EDGE ( 'NONE', *, *, #2656, .T. ) ;
#1348 = CARTESIAN_POINT ( 'NONE',  ( -5.399679074061729978, -17.81096349346800878, -32.80041777998817309 ) ) ;
#1349 = CARTESIAN_POINT ( 'NONE',  ( -2.317948017458052679, 14.46787873959362258, -53.90984201806494980 ) ) ;
#1350 = CIRCLE ( 'NONE', #1020, 24.09999999999566000 ) ;
#1351 = DIRECTION ( 'NONE',  ( -0.7071067811865536790, 0.000000000000000000, -0.7071067811865414665 ) ) ;
#1352 = EDGE_CURVE ( 'NONE', #2868, #11, #286, .T. ) ;
#1353 = ORIENTED_EDGE ( 'NONE', *, *, #2311, .F. ) ;
#1354 = FACE_OUTER_BOUND ( 'NONE', #321, .T. ) ;
#1355 = CIRCLE ( 'NONE', #1680, 25.89999999999999147 ) ;
#1356 = CARTESIAN_POINT ( 'NONE',  ( -2.604602712036024670, 14.47200181077771930, -51.45369643248147895 ) ) ;
#1357 = EDGE_LOOP ( 'NONE', ( #424, #1813, #579, #529, #1101 ) ) ;
#1358 = CARTESIAN_POINT ( 'NONE',  ( -8.411103802818876929, 20.36200334405324242, -51.34165618672123088 ) ) ;
#1359 = AXIS2_PLACEMENT_3D ( 'NONE', #290, #525, #1196 ) ;
#1360 = EDGE_CURVE ( 'NONE', #1456, #713, #521, .T. ) ;
#1361 = FACE_OUTER_BOUND ( 'NONE', #2490, .T. ) ;
#1362 = DIRECTION ( 'NONE',  ( 0.7027442638224199456, -0.7114425483935332695, 0.000000000000000000 ) ) ;
#1363 = ORIENTED_EDGE ( 'NONE', *, *, #637, .F. ) ;
#1364 = DIRECTION ( 'NONE',  ( 1.000000000000000000, 0.000000000000000000, 0.000000000000000000 ) ) ;
#1365 = CARTESIAN_POINT ( 'NONE',  ( -2.630511114980076393, 14.51252722926875549, -53.91721683114263186 ) ) ;
#1366 = CARTESIAN_POINT ( 'NONE',  ( -23.17849011171107421, -24.56215207581864135, -40.80041777998818020 ) ) ;
#1367 = EDGE_LOOP ( 'NONE', ( #167, #2216, #644, #1378 ) ) ;
#1368 = ORIENTED_EDGE ( 'NONE', *, *, #2613, .T. ) ;
#1369 = DIRECTION ( 'NONE',  ( 1.000000000000000000, 0.000000000000000000, 0.000000000000000000 ) ) ;
#1370 = EDGE_CURVE ( 'NONE', #413, #813, #1132, .T. ) ;
#1371 = AXIS2_PLACEMENT_3D ( 'NONE', #1428, #314, #1031 ) ;
#1372 = CARTESIAN_POINT ( 'NONE',  ( -7.829001579289466051, 20.20582066909555152, -50.79041577998818724 ) ) ;
#1373 = ORIENTED_EDGE ( 'NONE', *, *, #1808, .T. ) ;
#1374 = DIRECTION ( 'NONE',  ( 0.000000000000000000, 0.000000000000000000, -1.000000000000000000 ) ) ;
#1375 = CIRCLE ( 'NONE', #1143, 25.89999999999999147 ) ;
#1376 = DIRECTION ( 'NONE',  ( 0.000000000000000000, 0.000000000000000000, -1.000000000000000000 ) ) ;
#1377 = CARTESIAN_POINT ( 'NONE',  ( -24.69849011171107378, -1.512152455818657204, -56.00041577998817388 ) ) ;
#1378 = ORIENTED_EDGE ( 'NONE', *, *, #1745, .T. ) ;
#1379 = CARTESIAN_POINT ( 'NONE',  ( -23.17849011171107421, -24.56215207581864135, -32.80041777998817309 ) ) ;
#1380 = CARTESIAN_POINT ( 'NONE',  ( -2.613748985586282547, 14.48634035370406714, -53.84498545854575724 ) ) ;
#1381 = DIRECTION ( 'NONE',  ( 1.000000000000000000, 0.000000000000000000, 0.000000000000000000 ) ) ;
#1382 = AXIS2_PLACEMENT_3D ( 'NONE', #1533, #889, #2667 ) ;
#1383 = ORIENTED_EDGE ( 'NONE', *, *, #1793, .F. ) ;
#1384 = CARTESIAN_POINT ( 'NONE',  ( -43.70110514382254507, -19.11074961415403806, -40.80041777998818020 ) ) ;
#1385 = CIRCLE ( 'NONE', #2545, 27.30000000000000071 ) ;
#1386 = EDGE_CURVE ( 'NONE', #2707, #719, #1466, .T. ) ;
#1387 = AXIS2_PLACEMENT_3D ( 'NONE', #1455, #2344, #730 ) ;
#1388 = ORIENTED_EDGE ( 'NONE', *, *, #1913, .T. ) ;
#1389 = EDGE_CURVE ( 'NONE', #2635, #2751, #355, .T. ) ;
#1390 = FACE_OUTER_BOUND ( 'NONE', #2845, .T. ) ;
#1391 = MECHANICAL_DESIGN_GEOMETRIC_PRESENTATION_REPRESENTATION (  '', ( #1622 ), #594 ) ;
#1392 = CARTESIAN_POINT ( 'NONE',  ( -50.59849011171107236, -1.512152455818654095, -56.00041577998818099 ) ) ;
#1393 = CYLINDRICAL_SURFACE ( 'NONE', #562, 27.50000000000000000 ) ;
#1394 = EDGE_LOOP ( 'NONE', ( #1192, #2682 ) ) ;
#1395 = DIRECTION ( 'NONE',  ( -1.000000000000000000, 0.000000000000000000, 0.000000000000000000 ) ) ;
#1396 = CARTESIAN_POINT ( 'NONE',  ( -8.391812636267809822, 20.34928579545644212, -51.29749860656809801 ) ) ;
#1397 = CARTESIAN_POINT ( 'NONE',  ( -51.99849011171105673, -1.512152455818653873, -56.00041577998817388 ) ) ;
#1398 = EDGE_CURVE ( 'NONE', #1271, #763, #977, .T. ) ;
#1399 = CARTESIAN_POINT ( 'NONE',  ( -3.262138693583878091, 13.80078183658516799, -51.59041577998818440 ) ) ;
#1400 = ORIENTED_EDGE ( 'NONE', *, *, #1284, .F. ) ;
#1401 = DIRECTION ( 'NONE',  ( 0.000000000000000000, 0.000000000000000000, -1.000000000000000000 ) ) ;
#1402 = EDGE_CURVE ( 'NONE', #273, #1599, #2355, .T. ) ;
#1403 = DIRECTION ( 'NONE',  ( 1.000000000000000000, 0.000000000000000000, 0.000000000000000000 ) ) ;
#1404 = CARTESIAN_POINT ( 'NONE',  ( -5.750064449065818373, 13.37969648603532669, -40.80041777998818020 ) ) ;
#1405 = ORIENTED_EDGE ( 'NONE', *, *, #2030, .T. ) ;
#1406 = AXIS2_PLACEMENT_3D ( 'NONE', #1118, #1538, #1320 ) ;
#1407 = EDGE_CURVE ( 'NONE', #823, #1271, #2850, .T. ) ;
#1408 = CARTESIAN_POINT ( 'NONE',  ( -24.69849011171107378, -1.512152455818657204, -40.80041777998818020 ) ) ;
#1409 = CARTESIAN_POINT ( 'NONE',  ( -8.399679074061923600, 14.78665858183135562, -40.80041777998818020 ) ) ;
#1410 = CARTESIAN_POINT ( 'NONE',  ( -6.192582273723364672, 16.76749726338619695, -54.25041577998818099 ) ) ;
#1411 = DIRECTION ( 'NONE',  ( 0.000000000000000000, 0.000000000000000000, -1.000000000000000000 ) ) ;
#1412 = ORIENTED_EDGE ( 'NONE', *, *, #2821, .T. ) ;
#1413 = CARTESIAN_POINT ( 'NONE',  ( -8.158902494146973439, 20.19251558167489691, -51.04428018185414118 ) ) ;
#1414 = EDGE_CURVE ( 'NONE', #2184, #335, #2781, .T. ) ;
#1415 = DIRECTION ( 'NONE',  ( 1.000000000000000000, 0.000000000000000000, 0.000000000000000000 ) ) ;
#1416 = CARTESIAN_POINT ( 'NONE',  ( -8.399679074061729978, -17.81096349346800878, -49.28569915422676218 ) ) ;
#1417 = ORIENTED_EDGE ( 'NONE', *, *, #1352, .T. ) ;
#1418 = CARTESIAN_POINT ( 'NONE',  ( 0.000000000000000000, 0.000000000000000000, 0.000000000000000000 ) ) ;
#1419 = CIRCLE ( 'NONE', #1879, 25.89999999999999147 ) ;
#1420 = EDGE_CURVE ( 'NONE', #147, #387, #1962, .T. ) ;
#1421 = CARTESIAN_POINT ( 'NONE',  ( -2.352879846462343050, 14.51673970981708628, -51.18634608149299225 ) ) ;
#1422 = CARTESIAN_POINT ( 'NONE',  ( -2.364925397126656392, 14.53346799813922274, -54.07505763821814782 ) ) ;
#1423 = DIRECTION ( 'NONE',  ( 0.000000000000000000, 0.000000000000000000, 1.000000000000000000 ) ) ;
#1424 = DIRECTION ( 'NONE',  ( 0.7114425483935334915, 0.7027442638224199456, -0.000000000000000000 ) ) ;
#1425 = CIRCLE ( 'NONE', #762, 24.09999999999566000 ) ;
#1426 = ORIENTED_EDGE ( 'NONE', *, *, #2821, .F. ) ;
#1427 = AXIS2_PLACEMENT_3D ( 'NONE', #2110, #2551, #95 ) ;
#1428 = CARTESIAN_POINT ( 'NONE',  ( -24.69849011171107378, -1.512152455818657204, -55.80041577998814972 ) ) ;
#1429 = LINE ( 'NONE', #1206, #869 ) ;
#1430 = CARTESIAN_POINT ( 'NONE',  ( 0.2950740483837893668, 17.31450315569726683, -53.65041577998817957 ) ) ;
#1431 = VERTEX_POINT ( 'NONE', #2167 ) ;
#1432 = CARTESIAN_POINT ( 'NONE',  ( -2.377383681537385662, 14.55079444723266668, -51.13405629736973879 ) ) ;
#1433 = CARTESIAN_POINT ( 'NONE',  ( -2.645843930569590441, 14.91880375953403792, -50.79042125287913478 ) ) ;
#1434 = ORIENTED_EDGE ( 'NONE', *, *, #464, .T. ) ;
#1435 = CARTESIAN_POINT ( 'NONE',  ( -2.518867898341697664, 14.74561019884981405, -54.33123942758498970 ) ) ;
#1436 = ADVANCED_FACE ( 'NONE', ( #183 ), #1920, .T. ) ;
#1437 = DIRECTION ( 'NONE',  ( 0.000000000000000000, 0.000000000000000000, 1.000000000000000000 ) ) ;
#1438 = DIRECTION ( 'NONE',  ( -1.000000000000000000, 0.000000000000000000, 0.000000000000000000 ) ) ;
#1439 = CARTESIAN_POINT ( 'NONE',  ( -7.099892953376690130, -20.51476748793109550, -40.80041777998818020 ) ) ;
#1440 = EDGE_CURVE ( 'NONE', #907, #147, #326, .T. ) ;
#1441 = ORIENTED_EDGE ( 'NONE', *, *, #1958, .F. ) ;
#1442 = CARTESIAN_POINT ( 'NONE',  ( -8.479594318002169118, 20.69589606792181868, -53.65041577998819378 ) ) ;
#1443 = FACE_OUTER_BOUND ( 'NONE', #2084, .T. ) ;
#1444 = DIRECTION ( 'NONE',  ( -0.7027442638224199456, 0.7114425483935334915, 0.000000000000000000 ) ) ;
#1445 = ORIENTED_EDGE ( 'NONE', *, *, #1649, .F. ) ;
#1446 = DIRECTION ( 'NONE',  ( 0.000000000000000000, 0.000000000000000000, 1.000000000000000000 ) ) ;
#1447 = CARTESIAN_POINT ( 'NONE',  ( -2.559688400544535281, 14.80115516807088660, -50.87213179670200702 ) ) ;
#1448 = CARTESIAN_POINT ( 'NONE',  ( -8.452827381475609414, 20.38936751708023820, -53.72922604665135538 ) ) ;
#1449 = AXIS2_PLACEMENT_3D ( 'NONE', #1639, #749, #1160 ) ;
#1450 = ORIENTED_EDGE ( 'NONE', *, *, #1013, .T. ) ;
#1451 = CARTESIAN_POINT ( 'NONE',  ( -3.157053954667285112, 13.69439640122716284, -56.00041577998817388 ) ) ;
#1452 = AXIS2_PLACEMENT_3D ( 'NONE', #1322, #2215, #2591 ) ;
#1453 = DIRECTION ( 'NONE',  ( 0.000000000000000000, 0.000000000000000000, -1.000000000000000000 ) ) ;
#1454 = CARTESIAN_POINT ( 'NONE',  ( -21.53129293635872799, 22.37882621924258331, -40.80041777998818020 ) ) ;
#1455 = CARTESIAN_POINT ( 'NONE',  ( -9.792699462065140636, 20.12757669561894502, -56.00041577998817388 ) ) ;
#1456 = VERTEX_POINT ( 'NONE', #1935 ) ;
#1457 = CARTESIAN_POINT ( 'NONE',  ( -8.479532176630639739, 20.69585068507658576, -53.75697726300459323 ) ) ;
#1458 = CARTESIAN_POINT ( 'NONE',  ( -27.86568728706433618, -25.40313113088341623, -32.80041777998817309 ) ) ;
#1459 = CARTESIAN_POINT ( 'NONE',  ( 2.801509888288925776, -1.512152455818657204, -31.40041777998817096 ) ) ;
#1460 = ORIENTED_EDGE ( 'NONE', *, *, #1924, .F. ) ;
#1461 = CARTESIAN_POINT ( 'NONE',  ( -2.406119044385010231, 14.59065055480822792, -51.07148409796640465 ) ) ;
#1462 = CIRCLE ( 'NONE', #294, 25.89999999999999147 ) ;
#1463 = CARTESIAN_POINT ( 'NONE',  ( -8.403732017618560590, 20.35714757777791917, -53.91682141819473628 ) ) ;
#1464 = VERTEX_POINT ( 'NONE', #1902 ) ;
#1465 = CARTESIAN_POINT ( 'NONE',  ( -8.479593750131153129, 20.69589562760390322, -51.56385963735657185 ) ) ;
#1466 = LINE ( 'NONE', #134, #890 ) ;
#1467 = CARTESIAN_POINT ( 'NONE',  ( -3.378761491862197985, 13.19428054392661132, -138.7821617105083760 ) ) ;
#1468 = PLANE ( 'NONE',  #2546 ) ;
#1469 = ORIENTED_EDGE ( 'NONE', *, *, #578, .F. ) ;
#1470 = CARTESIAN_POINT ( 'NONE',  ( -7.997507478923504110, 20.33670803713732056, -54.45041030709698759 ) ) ;
#1471 = EDGE_CURVE ( 'NONE', #1831, #2208, #2517, .T. ) ;
#1472 = CARTESIAN_POINT ( 'NONE',  ( -24.69849011171107378, 21.53784716418134693, -32.80041777998817309 ) ) ;
#1473 = CARTESIAN_POINT ( 'NONE',  ( -7.910793038840598257, 20.10052140545960242, -54.31708244665485097 ) ) ;
#1474 = AXIS2_PLACEMENT_3D ( 'NONE', #1255, #1226, #113 ) ;
#1475 = ORIENTED_EDGE ( 'NONE', *, *, #143, .F. ) ;
#1476 = EDGE_CURVE ( 'NONE', #1250, #243, #193, .T. ) ;
#1477 = CARTESIAN_POINT ( 'NONE',  ( -2.640453760938167971, 14.91018582250725899, -50.82110454926650789 ) ) ;
#1478 = CARTESIAN_POINT ( 'NONE',  ( -8.236701927864046979, 20.24555491268436924, -54.14424008394522048 ) ) ;
#1479 = VERTEX_POINT ( 'NONE', #2369 ) ;
#1480 = CARTESIAN_POINT ( 'NONE',  ( -8.301111912892231715, 20.56444925951524993, -51.04159770116653760 ) ) ;
#1481 = DIRECTION ( 'NONE',  ( -1.000000000000000000, 0.000000000000000000, 0.000000000000000000 ) ) ;
#1482 = EDGE_CURVE ( 'NONE', #2134, #138, #375, .T. ) ;
#1483 = AXIS2_PLACEMENT_3D ( 'NONE', #2862, #655, #611 ) ;
#1484 = CARTESIAN_POINT ( 'NONE',  ( -24.69849011171107378, -1.512152455818657204, -31.20041777998817878 ) ) ;
#1485 = CYLINDRICAL_SURFACE ( 'NONE', #806, 0.2000000000000005107 ) ;
#1486 = ADVANCED_FACE ( 'NONE', ( #1498 ), #1948, .T. ) ;
#1487 = EDGE_LOOP ( 'NONE', ( #1412, #870, #489, #2627, #1491, #696, #182, #2505 ) ) ;
#1488 = CARTESIAN_POINT ( 'NONE',  ( -2.874891338051574152, 14.88198377549038121, -50.99913367689234889 ) ) ;
#1489 = FACE_OUTER_BOUND ( 'NONE', #1122, .T. ) ;
#1490 = DIRECTION ( 'NONE',  ( -1.000000000000000000, 0.000000000000000000, 0.000000000000000000 ) ) ;
#1491 = ORIENTED_EDGE ( 'NONE', *, *, #1166, .T. ) ;
#1492 = EDGE_CURVE ( 'NONE', #2536, #1479, #2, .T. ) ;
#1493 = CARTESIAN_POINT ( 'NONE',  ( -2.494947015844450000, 14.44988742422289185, -51.59041577998818440 ) ) ;
#1494 = CARTESIAN_POINT ( 'NONE',  ( -8.350673785242740621, 20.32203232848284102, -54.01655820392160479 ) ) ;
#1495 = ORIENTED_EDGE ( 'NONE', *, *, #1414, .T. ) ;
#1496 = CARTESIAN_POINT ( 'NONE',  ( -8.379358507298961811, 20.62234533136593129, -51.16577392175823746 ) ) ;
#1497 = EDGE_CURVE ( 'NONE', #2099, #31, #1867, .T. ) ;
#1498 = FACE_OUTER_BOUND ( 'NONE', #912, .T. ) ;
#1499 = LINE ( 'NONE', #418, #2720 ) ;
#1500 = CARTESIAN_POINT ( 'NONE',  ( -24.69849011171107378, -1.512152455818657204, -40.80041777998818020 ) ) ;
#1501 = B_SPLINE_CURVE_WITH_KNOTS ( 'NONE', 1,
 ( #1508, #2628 ),
 .UNSPECIFIED., .F., .F.,
 ( 2, 2 ),
 ( 0.000000000000000000, 1.000000000000000000 ),
 .UNSPECIFIED. ) ;
#1502 = ADVANCED_FACE ( 'NONE', ( #1807 ), #936, .T. ) ;
#1503 = ORIENTED_EDGE ( 'NONE', *, *, #2744, .F. ) ;
#1504 = DIRECTION ( 'NONE',  ( 0.7114425483935334915, 0.7027442638224199456, 0.000000000000000000 ) ) ;
#1505 = DIRECTION ( 'NONE',  ( 1.000000000000000000, 0.000000000000000000, 0.000000000000000000 ) ) ;
#1506 = CARTESIAN_POINT ( 'NONE',  ( -2.686168887143758788, 14.59867904939654970, -51.17927280753799835 ) ) ;
#1507 = ORIENTED_EDGE ( 'NONE', *, *, #235, .F. ) ;
#1508 = CARTESIAN_POINT ( 'NONE',  ( -2.596113910731133068, 14.45866362446839659, -53.65041577998817957 ) ) ;
#1509 = CARTESIAN_POINT ( 'NONE',  ( -8.263311668921769382, 20.26353948726122312, -54.12094088483382137 ) ) ;
#1510 = VERTEX_POINT ( 'NONE', #2855 ) ;
#1511 = CARTESIAN_POINT ( 'NONE',  ( -8.444364934635336439, 20.67012597014412023, -51.33098954191145680 ) ) ;
#1512 = DIRECTION ( 'NONE',  ( 0.000000000000000000, 0.000000000000000000, -1.000000000000000000 ) ) ;
#1513 = FACE_OUTER_BOUND ( 'NONE', #343, .T. ) ;
#1514 = FACE_OUTER_BOUND ( 'NONE', #2080, .T. ) ;
#1515 = AXIS2_PLACEMENT_3D ( 'NONE', #2357, #2138, #1089 ) ;
#1516 = ORIENTED_EDGE ( 'NONE', *, *, #796, .T. ) ;
#1517 = CARTESIAN_POINT ( 'NONE',  ( -2.812302827873830235, 14.78948568109228212, -51.02936869468254599 ) ) ;
#1518 = CARTESIAN_POINT ( 'NONE',  ( -8.175450005932168196, 20.20386718808281756, -54.18747853169637096 ) ) ;
#1519 = CARTESIAN_POINT ( 'NONE',  ( -43.64691577435802827, 13.37969648603914585, -32.80041777998817309 ) ) ;
#1520 = ORIENTED_EDGE ( 'NONE', *, *, #1420, .F. ) ;
#1521 = AXIS2_PLACEMENT_3D ( 'NONE', #2020, #829, #895 ) ;
#1522 = CARTESIAN_POINT ( 'NONE',  ( -2.658269430735449301, 14.55565217396272537, -54.00094463182219329 ) ) ;
#1523 = ORIENTED_EDGE ( 'NONE', *, *, #2385, .F. ) ;
#1524 = AXIS2_PLACEMENT_3D ( 'NONE', #144, #365, #2749 ) ;
#1525 = AXIS2_PLACEMENT_3D ( 'NONE', #2484, #483, #1369 ) ;
#1526 = CARTESIAN_POINT ( 'NONE',  ( -7.829001579289466051, 20.20582066909555152, -50.79041577998818724 ) ) ;
#1527 = DIRECTION ( 'NONE',  ( -0.000000000000000000, -0.000000000000000000, 1.000000000000000000 ) ) ;
#1528 = CARTESIAN_POINT ( 'NONE',  ( -8.479594318002169118, 20.69589606792181868, -138.7821617105083760 ) ) ;
#1529 = PRODUCT_RELATED_PRODUCT_CATEGORY ( 'part', '', ( #2485 ) ) ;
#1530 = UNCERTAINTY_MEASURE_WITH_UNIT (LENGTH_MEASURE( 1.000000000000000082E-05 ), #425, 'distance_accuracy_value', 'NONE');
#1531 = ORIENTED_EDGE ( 'NONE', *, *, #2446, .T. ) ;
#1532 = CARTESIAN_POINT ( 'NONE',  ( -2.934094724924098063, 14.96817197811181188, -50.99041577998818298 ) ) ;
#1533 = CARTESIAN_POINT ( 'NONE',  ( -8.399679074061729978, -17.81096349346800878, -32.80041777998817309 ) ) ;
#1534 = ORIENTED_EDGE ( 'NONE', *, *, #967, .T. ) ;
#1535 = FILL_AREA_STYLE ('',( #2459 ) ) ;
#1536 = CARTESIAN_POINT ( 'NONE',  ( -2.740967435935497853, 14.68231674710214918, -54.14548381128727783 ) ) ;
#1537 = ORIENTED_EDGE ( 'NONE', *, *, #1476, .T. ) ;
#1538 = DIRECTION ( 'NONE',  ( 0.000000000000000000, 0.000000000000000000, 1.000000000000000000 ) ) ;
#1539 = CARTESIAN_POINT ( 'NONE',  ( -2.596113910731133068, 14.45866362446839659, -53.65041577998818667 ) ) ;
#1540 = CARTESIAN_POINT ( 'NONE',  ( -40.99730114935989178, 14.78665858183135562, -32.80041777998817309 ) ) ;
#1541 = EDGE_CURVE ( 'NONE', #991, #2179, #430, .T. ) ;
#1542 = AXIS2_PLACEMENT_3D ( 'NONE', #913, #1306, #1553 ) ;
#1543 = ORIENTED_EDGE ( 'NONE', *, *, #2240, .F. ) ;
#1544 = CARTESIAN_POINT ( 'NONE',  ( -2.828205398520586389, 14.81312463003462199, -51.01945309411217977 ) ) ;
#1545 = CIRCLE ( 'NONE', #476, 2.750000000000002665 ) ;
#1546 = CARTESIAN_POINT ( 'NONE',  ( -24.69849011171107378, -1.512152455818657204, -31.40041777998817096 ) ) ;
#1547 = CARTESIAN_POINT ( 'NONE',  ( -2.646099236668451482, 14.53678565715676285, -51.27260405120117781 ) ) ;
#1548 = ORIENTED_EDGE ( 'NONE', *, *, #2052, .T. ) ;
#1549 = DIRECTION ( 'NONE',  ( 0.000000000000000000, 0.000000000000000000, 1.000000000000000000 ) ) ;
#1550 = CARTESIAN_POINT ( 'NONE',  ( -2.735320632311232902, 14.67375362097916636, -54.13847127658431901 ) ) ;
#1551 = EDGE_CURVE ( 'NONE', #92, #495, #1583, .T. ) ;
#1552 = EDGE_LOOP ( 'NONE', ( #924, #2805, #793, #1108, #1729, #2128, #1968, #731 ) ) ;
#1553 = DIRECTION ( 'NONE',  ( -1.000000000000000000, 0.000000000000000000, 0.000000000000000000 ) ) ;
#1554 = CARTESIAN_POINT ( 'NONE',  ( -2.678911394610863361, 14.58752161872919295, -54.04760115118257602 ) ) ;
#1555 = DIRECTION ( 'NONE',  ( -0.000000000000000000, -0.000000000000000000, 1.000000000000000000 ) ) ;
#1556 = AXIS2_PLACEMENT_3D ( 'NONE', #2833, #2217, #2405 ) ;
#1557 = CIRCLE ( 'NONE', #1696, 27.49999999999999645 ) ;
#1558 = VERTEX_POINT ( 'NONE', #1791 ) ;
#1559 = CARTESIAN_POINT ( 'NONE',  ( -8.244438745137737001, 20.25080144855721542, -54.13812954049139137 ) ) ;
#1560 = CARTESIAN_POINT ( 'NONE',  ( -2.749141790161602650, 14.69469523350043616, -51.08566570498200576 ) ) ;
#1561 = ORIENTED_EDGE ( 'NONE', *, *, #1724, .F. ) ;
#1562 = CARTESIAN_POINT ( 'NONE',  ( -8.103673864120516157, 20.15444931276598339, -51.01880144785208415 ) ) ;
#1563 = ADVANCED_FACE ( 'NONE', ( #2691 ), #445, .F. ) ;
#1564 = DIRECTION ( 'NONE',  ( -0.000000000000000000, -0.000000000000000000, 1.000000000000000000 ) ) ;
#1565 = CARTESIAN_POINT ( 'NONE',  ( -8.222396980628683849, 20.50576001310736629, -54.28578884974763241 ) ) ;
#1566 = ORIENTED_EDGE ( 'NONE', *, *, #1286, .T. ) ;
#1567 = EDGE_CURVE ( 'NONE', #11, #690, #1029, .T. ) ;
#1568 = AXIS2_PLACEMENT_3D ( 'NONE', #37, #927, #1381 ) ;
#1569 = DIRECTION ( 'NONE',  ( 0.7027442638224199456, -0.7114425483935334915, 0.000000000000000000 ) ) ;
#1570 = AXIS2_PLACEMENT_3D ( 'NONE', #1757, #1742, #2395 ) ;
#1571 = CARTESIAN_POINT ( 'NONE',  ( -2.342008605062340987, 14.50152193653288357, -54.00615051486079210 ) ) ;
#1572 = LINE ( 'NONE', #2242, #1836 ) ;
#1573 = AXIS2_PLACEMENT_3D ( 'NONE', #2066, #66, #22 ) ;
#1574 = ORIENTED_EDGE ( 'NONE', *, *, #548, .F. ) ;
#1575 = ADVANCED_FACE ( 'NONE', ( #2213 ), #1746, .F. ) ;
#1576 = CARTESIAN_POINT ( 'NONE',  ( -2.632843256187597625, 14.51616203015537820, -51.31526803876884202 ) ) ;
#1577 = VERTEX_POINT ( 'NONE', #2255 ) ;
#1578 = CARTESIAN_POINT ( 'NONE',  ( -8.257433742958294687, 20.25957584355944618, -51.11446337278353980 ) ) ;
#1579 = DIRECTION ( 'NONE',  ( -0.000000000000000000, -0.000000000000000000, 1.000000000000000000 ) ) ;
#1580 = CARTESIAN_POINT ( 'NONE',  ( -8.315652556777731519, 20.57523566895762102, -54.17926239470015304 ) ) ;
#1581 = ORIENTED_EDGE ( 'NONE', *, *, #1201, .T. ) ;
#1582 = EDGE_CURVE ( 'NONE', #751, #718, #2199, .T. ) ;
#1583 = LINE ( 'NONE', #225, #1861 ) ;
#1584 = EDGE_CURVE ( 'NONE', #2278, #1652, #346, .T. ) ;
#1585 = CARTESIAN_POINT ( 'NONE',  ( -2.665085972008301773, 14.56619680474618406, -54.01747364147974650 ) ) ;
#1586 = CLOSED_SHELL ( 'NONE', ( #1954, #1848, #2232, #1601, #54, #1575, #2607, #2876, #894, #1328, #2403, #1862, #1218, #1314, #1091, #152, #786, #479, #1025, #2428, #1259, #776, #574, #2476, #2480, #2094, #259, #2869, #1638, #1436, #1105, #662, #249, #2521, #1657, #876, #1880, #2860, #1221, #2672, #1784, #2298, #244, #361, #2009, #2458, #2631, #1563, #704, #1044, #2454, #448, #1690, #2704, #1073, #1989, #374, #461, #1058, #2019, #583, #1277, #766, #1486, #283, #1790, #1704, #1266, #2227, #360, #953, #328, #331, #1798, #242, #1502 ) ) ;
#1587 = FACE_OUTER_BOUND ( 'NONE', #2262, .T. ) ;
#1588 = VERTEX_POINT ( 'NONE', #2632 ) ;
#1589 = CARTESIAN_POINT ( 'NONE',  ( -8.479594318002176223, 20.69589606792182579, -51.59041577998818440 ) ) ;
#1590 = CARTESIAN_POINT ( 'NONE',  ( -2.701148436376613393, 14.62165857502786714, -51.15246156114546494 ) ) ;
#1591 = EDGE_CURVE ( 'NONE', #11, #31, #677, .T. ) ;
#1592 = CARTESIAN_POINT ( 'NONE',  ( -2.635369531755697103, 20.28121858249829756, -54.25041577998818099 ) ) ;
#1593 = AXIS2_PLACEMENT_3D ( 'NONE', #803, #1701, #153 ) ;
#1594 = VERTEX_POINT ( 'NONE', #211 ) ;
#1595 = DIRECTION ( 'NONE',  ( -1.000000000000000000, 0.000000000000000000, 0.000000000000000000 ) ) ;
#1596 = AXIS2_PLACEMENT_3D ( 'NONE', #30, #2047, #1181 ) ;
#1597 = CARTESIAN_POINT ( 'NONE',  ( -24.69849011171107378, -1.512152455818657204, -32.80041777998817309 ) ) ;
#1598 = CARTESIAN_POINT ( 'NONE',  ( -24.69849011171107378, -1.512152455818657204, -32.80041777998818020 ) ) ;
#1599 = VERTEX_POINT ( 'NONE', #1348 ) ;
#1600 = DIRECTION ( 'NONE',  ( 0.000000000000000000, 0.000000000000000000, -1.000000000000000000 ) ) ;
#1601 = ADVANCED_FACE ( 'NONE', ( #1133 ), #1, .F. ) ;
#1602 = CARTESIAN_POINT ( 'NONE',  ( -2.323213383007584731, 14.47525185985138485, -53.93443588854488979 ) ) ;
#1603 = CARTESIAN_POINT ( 'NONE',  ( -24.69849011171107378, -1.512152455818657204, -40.80041777998818020 ) ) ;
#1604 = ORIENTED_EDGE ( 'NONE', *, *, #1541, .T. ) ;
#1605 = ORIENTED_EDGE ( 'NONE', *, *, #389, .F. ) ;
#1606 = CARTESIAN_POINT ( 'NONE',  ( -42.29708727004572921, -20.51476748793079707, -32.80041777998817309 ) ) ;
#1607 = AXIS2_PLACEMENT_3D ( 'NONE', #1409, #558, #1653 ) ;
#1608 = PLANE ( 'NONE',  #2308 ) ;
#1609 = CARTESIAN_POINT ( 'NONE',  ( -8.399679074061923600, 14.78665858183135562, -40.80041777998818020 ) ) ;
#1610 = ORIENTED_EDGE ( 'NONE', *, *, #2649, .T. ) ;
#1611 = AXIS2_PLACEMENT_3D ( 'NONE', #2811, #1232, #1246 ) ;
#1612 = CARTESIAN_POINT ( 'NONE',  ( -2.774648604874373703, 15.08890695564976703, -54.45041577998818383 ) ) ;
#1613 = CARTESIAN_POINT ( 'NONE',  ( -8.374366938456509146, 20.33775116671140637, -51.26358235089112014 ) ) ;
#1614 = LINE ( 'NONE', #2282, #2297 ) ;
#1615 = CIRCLE ( 'NONE', #2766, 25.89999999999999147 ) ;
#1616 = ORIENTED_EDGE ( 'NONE', *, *, #1938, .T. ) ;
#1617 = EDGE_CURVE ( 'NONE', #46, #907, #1636, .T. ) ;
#1618 = VECTOR ( 'NONE', #1675, 1000.000000000000000 ) ;
#1619 = ORIENTED_EDGE ( 'NONE', *, *, #1402, .T. ) ;
#1620 = EDGE_CURVE ( 'NONE', #2036, #1456, #1355, .T. ) ;
#1621 = CARTESIAN_POINT ( 'NONE',  ( -8.104538699871174146, 20.15504495770238691, -51.01921043552639645 ) ) ;
#1622 = STYLED_ITEM ( 'NONE', ( #973 ), #2122 ) ;
#1623 = LINE ( 'NONE', #910, #2767 ) ;
#1624 = CARTESIAN_POINT ( 'NONE',  ( -24.69849011171107378, -1.512152455818657204, -40.80041777998818020 ) ) ;
#1625 = VERTEX_POINT ( 'NONE', #2475 ) ;
#1626 = CARTESIAN_POINT ( 'NONE',  ( -2.305167291856067724, 14.45001454210894742, -51.37952326660185065 ) ) ;
#1627 = CARTESIAN_POINT ( 'NONE',  ( -2.710885609661339402, 15.00438290546277642, -54.44402961089824089 ) ) ;
#1628 = DIRECTION ( 'NONE',  ( 0.000000000000000000, 0.000000000000000000, -1.000000000000000000 ) ) ;
#1629 = DIRECTION ( 'NONE',  ( 1.000000000000000000, 0.000000000000000000, 0.000000000000000000 ) ) ;
#1630 = EDGE_LOOP ( 'NONE', ( #917, #2809, #2764, #1677 ) ) ;
#1631 = CARTESIAN_POINT ( 'NONE',  ( -24.69849011171107378, -1.512152455818657204, -40.80041777998818020 ) ) ;
#1632 = FACE_OUTER_BOUND ( 'NONE', #758, .T. ) ;
#1633 = DIRECTION ( 'NONE',  ( 0.000000000000000000, 0.000000000000000000, -1.000000000000000000 ) ) ;
#1634 = ORIENTED_EDGE ( 'NONE', *, *, #2291, .F. ) ;
#1635 =( LENGTH_UNIT ( ) NAMED_UNIT ( * ) SI_UNIT ( .MILLI., .METRE. ) );
#1636 = CIRCLE ( 'NONE', #2011, 3.000000000000002665 ) ;
#1637 = B_SPLINE_CURVE_WITH_KNOTS ( 'NONE', 3,
 ( #1877, #582, #1473, #2363 ),
 .UNSPECIFIED., .F., .F.,
 ( 4, 4 ),
 ( 0.000000000000000000, 1.000000000000000000 ),
 .UNSPECIFIED. ) ;
#1638 = ADVANCED_FACE ( 'NONE', ( #253, #34 ), #199, .T. ) ;
#1639 = CARTESIAN_POINT ( 'NONE',  ( -0.1265725099096649819, 17.74136868473338779, -51.59041577998818440 ) ) ;
#1640 = CARTESIAN_POINT ( 'NONE',  ( -2.603502389637095238, 14.86043672717377540, -54.39964717559771401 ) ) ;
#1641 = FACE_OUTER_BOUND ( 'NONE', #2553, .T. ) ;
#1642 = DIRECTION ( 'NONE',  ( -1.000000000000000000, 1.734723475976802677E-14, 0.000000000000000000 ) ) ;
#1643 = ORIENTED_EDGE ( 'NONE', *, *, #58, .F. ) ;
#1644 = CYLINDRICAL_SURFACE ( 'NONE', #2295, 24.09999999999566000 ) ;
#1645 = DIRECTION ( 'NONE',  ( 0.000000000000000000, 0.000000000000000000, -1.000000000000000000 ) ) ;
#1646 = CARTESIAN_POINT ( 'NONE',  ( -24.69849011171107378, -1.512152455818657204, -32.80041777998817309 ) ) ;
#1647 = ORIENTED_EDGE ( 'NONE', *, *, #2207, .T. ) ;
#1648 = EDGE_CURVE ( 'NONE', #1925, #657, #607, .T. ) ;
#1649 = EDGE_CURVE ( 'NONE', #681, #1464, #2437, .T. ) ;
#1650 = CARTESIAN_POINT ( 'NONE',  ( -2.345354745069740954, 14.50619261890646605, -51.22355212502906596 ) ) ;
#1651 = CARTESIAN_POINT ( 'NONE',  ( -24.69849011171107378, -1.512152455818657204, -31.40041777998817096 ) ) ;
#1652 = VERTEX_POINT ( 'NONE', #2322 ) ;
#1653 = DIRECTION ( 'NONE',  ( -1.000000000000000000, 0.000000000000000000, 0.000000000000000000 ) ) ;
#1654 = PLANE ( 'NONE',  #72 ) ;
#1655 = DIRECTION ( 'NONE',  ( -1.000000000000000000, 0.000000000000000000, 0.000000000000000000 ) ) ;
#1656 = CARTESIAN_POINT ( 'NONE',  ( -8.399679074061923600, 14.78665858183135562, -32.80041777998817309 ) ) ;
#1657 = ADVANCED_FACE ( 'NONE', ( #2049 ), #542, .T. ) ;
#1658 = AXIS2_PLACEMENT_3D ( 'NONE', #250, #2034, #29 ) ;
#1659 = ORIENTED_EDGE ( 'NONE', *, *, #75, .F. ) ;
#1660 = AXIS2_PLACEMENT_3D ( 'NONE', #581, #2362, #1252 ) ;
#1661 = LINE ( 'NONE', #984, #2109 ) ;
#1662 = CARTESIAN_POINT ( 'NONE',  ( -52.19849011171108089, -1.512152455818653873, -55.80041577998814972 ) ) ;
#1663 = DIRECTION ( 'NONE',  ( 0.000000000000000000, 0.000000000000000000, -1.000000000000000000 ) ) ;
#1664 = EDGE_LOOP ( 'NONE', ( #1755, #1737, #2630, #2654 ) ) ;
#1665 = CARTESIAN_POINT ( 'NONE',  ( -2.694907559904345717, 14.98309037238623986, -50.80067551387018199 ) ) ;
#1666 = CARTESIAN_POINT ( 'NONE',  ( -8.312364423932866231, 20.29648645214180291, -54.06863199975596501 ) ) ;
#1667 = ORIENTED_EDGE ( 'NONE', *, *, #190, .T. ) ;
#1668 = CARTESIAN_POINT ( 'NONE',  ( -2.492771342165561510, 14.70994797158844669, -54.30242016382764092 ) ) ;
#1669 = EDGE_CURVE ( 'NONE', #2673, #257, #2425, .T. ) ;
#1670 = CARTESIAN_POINT ( 'NONE',  ( -8.479594318002176223, 20.69589606792182579, -51.59041577998818440 ) ) ;
#1671 = DIRECTION ( 'NONE',  ( 0.000000000000000000, 0.000000000000000000, -1.000000000000000000 ) ) ;
#1672 = CARTESIAN_POINT ( 'NONE',  ( -0.5984901117154148853, -1.512152455818657204, -32.80041777998817309 ) ) ;
#1673 = ORIENTED_EDGE ( 'NONE', *, *, #2207, .F. ) ;
#1674 = CARTESIAN_POINT ( 'NONE',  ( -0.1265725099096649819, 17.74136868473338779, -50.99041577998818298 ) ) ;
#1675 = DIRECTION ( 'NONE',  ( -0.000000000000000000, -0.000000000000000000, -1.000000000000000000 ) ) ;
#1676 = DIRECTION ( 'NONE',  ( 0.7027442638224196125, -0.7114425483935337136, -0.000000000000000000 ) ) ;
#1677 = ORIENTED_EDGE ( 'NONE', *, *, #2171, .T. ) ;
#1678 = CARTESIAN_POINT ( 'NONE',  ( -2.596114229881464563, 14.45866408962285377, -51.57050247953603872 ) ) ;
#1679 = CARTESIAN_POINT ( 'NONE',  ( -8.080935400247113876, 20.13867502770621343, -54.23001800838117248 ) ) ;
#1680 = AXIS2_PLACEMENT_3D ( 'NONE', #691, #1774, #1103 ) ;
#1681 = ORIENTED_EDGE ( 'NONE', *, *, #2085, .T. ) ;
#1682 = CARTESIAN_POINT ( 'NONE',  ( -8.479594318002176223, 20.69589606792182579, -51.59041577998818440 ) ) ;
#1683 = CIRCLE ( 'NONE', #2100, 25.89999999999999147 ) ;
#1684 = VECTOR ( 'NONE', #1295, 1000.000000000000000 ) ;
#1685 = DIRECTION ( 'NONE',  ( 1.000000000000000000, 0.000000000000000000, 0.000000000000000000 ) ) ;
#1686 = CARTESIAN_POINT ( 'NONE',  ( -2.521648239649316281, 14.75009044726442298, -54.36517074965532004 ) ) ;
#1687 = CARTESIAN_POINT ( 'NONE',  ( -43.70110514382310640, 16.08644470251613967, -40.80041777998818020 ) ) ;
#1688 = VERTEX_POINT ( 'NONE', #1379 ) ;
#1689 = FACE_OUTER_BOUND ( 'NONE', #2376, .T. ) ;
#1690 = ADVANCED_FACE ( 'NONE', ( #73 ), #948, .F. ) ;
#1691 = DIRECTION ( 'NONE',  ( 0.000000000000000000, 0.000000000000000000, -1.000000000000000000 ) ) ;
#1692 = FACE_OUTER_BOUND ( 'NONE', #2103, .T. ) ;
#1693 = ORIENTED_EDGE ( 'NONE', *, *, #1497, .T. ) ;
#1694 = AXIS2_PLACEMENT_3D ( 'NONE', #124, #759, #595 ) ;
#1695 = CARTESIAN_POINT ( 'NONE',  ( -2.492179715659872397, 14.70912656091070048, -50.93950957622012510 ) ) ;
#1696 = AXIS2_PLACEMENT_3D ( 'NONE', #680, #2040, #1121 ) ;
#1697 = CARTESIAN_POINT ( 'NONE',  ( -8.457001071010115112, 20.39209447807045095, -53.65041577998819378 ) ) ;
#1698 = ORIENTED_EDGE ( 'NONE', *, *, #270, .T. ) ;
#1699 = EDGE_CURVE ( 'NONE', #1994, #955, #456, .T. ) ;
#1700 = CARTESIAN_POINT ( 'NONE',  ( -7.984262630048425180, 20.07095468885819045, -50.99138751289343929 ) ) ;
#1701 = DIRECTION ( 'NONE',  ( 0.000000000000000000, 0.000000000000000000, -1.000000000000000000 ) ) ;
#1702 = DIRECTION ( 'NONE',  ( -0.9972460863538123998, -0.07416362485750427336, -0.000000000000000000 ) ) ;
#1703 = LINE ( 'NONE', #1528, #478 ) ;
#1704 = ADVANCED_FACE ( 'NONE', ( #2713 ), #307, .F. ) ;
#1705 = ORIENTED_EDGE ( 'NONE', *, *, #962, .T. ) ;
#1706 = DIRECTION ( 'NONE',  ( 0.000000000000000000, 0.000000000000000000, 1.000000000000000000 ) ) ;
#1707 = CARTESIAN_POINT ( 'NONE',  ( -27.44849011171189446, 21.53784716418134693, -40.80041777998818020 ) ) ;
#1708 = DIRECTION ( 'NONE',  ( 0.000000000000000000, 0.000000000000000000, 1.000000000000000000 ) ) ;
#1709 = AXIS2_PLACEMENT_3D ( 'NONE', #2878, #2453, #205 ) ;
#1710 = EDGE_CURVE ( 'NONE', #2184, #1558, #505, .T. ) ;
#1711 = EDGE_LOOP ( 'NONE', ( #61, #1604, #1841, #858 ) ) ;
#1712 = CARTESIAN_POINT ( 'NONE',  ( -2.332019960233977507, 14.48756752609346776, -51.27080506893879175 ) ) ;
#1713 = CARTESIAN_POINT ( 'NONE',  ( -8.329316773820963249, 20.30781079198503392, -54.04705074102216855 ) ) ;
#1714 = VERTEX_POINT ( 'NONE', #2491 ) ;
#1715 = EDGE_CURVE ( 'NONE', #831, #2134, #32, .T. ) ;
#1716 = CARTESIAN_POINT ( 'NONE',  ( -8.456769199704677220, 20.67920876224354387, -51.38127317228386914 ) ) ;
#1717 = CARTESIAN_POINT ( 'NONE',  ( -5.565813111895185905, 23.24793400929932830, -53.65041577998819378 ) ) ;
#1718 = CARTESIAN_POINT ( 'NONE',  ( -5.144166553601733582, 22.82106848026321089, -50.99041577998818298 ) ) ;
#1719 = DIRECTION ( 'NONE',  ( 0.000000000000000000, 0.000000000000000000, -1.000000000000000000 ) ) ;
#1720 = EDGE_LOOP ( 'NONE', ( #1368, #2799, #1475, #1534 ) ) ;
#1721 = CARTESIAN_POINT ( 'NONE',  ( -2.780863599930966323, 14.74250877108799784, -51.05335302829712418 ) ) ;
#1722 = CARTESIAN_POINT ( 'NONE',  ( -40.99730114935989178, -17.81096349346809049, -32.80041777998817309 ) ) ;
#1723 = CARTESIAN_POINT ( 'NONE',  ( 0.2950740483837893668, 17.31450315569726683, -53.65041577998817957 ) ) ;
#1724 = EDGE_CURVE ( 'NONE', #2673, #2486, #84, .T. ) ;
#1725 = ORIENTED_EDGE ( 'NONE', *, *, #2702, .T. ) ;
#1726 = VECTOR ( 'NONE', #1423, 1000.000000000000000 ) ;
#1727 = FACE_OUTER_BOUND ( 'NONE', #2690, .T. ) ;
#1728 = CARTESIAN_POINT ( 'NONE',  ( -8.256789885025668241, 20.25913905516826929, -54.12694558230778341 ) ) ;
#1729 = ORIENTED_EDGE ( 'NONE', *, *, #2059, .T. ) ;
#1730 = CARTESIAN_POINT ( 'NONE',  ( -8.457001071010116888, 20.39209447807045805, -51.59041577998819861 ) ) ;
#1731 = AXIS2_PLACEMENT_3D ( 'NONE', #1278, #1059, #1481 ) ;
#1732 = CARTESIAN_POINT ( 'NONE',  ( -24.69849011171107378, -1.512152455818657204, -40.80041777998818020 ) ) ;
#1733 = DIRECTION ( 'NONE',  ( 0.000000000000000000, 0.000000000000000000, -1.000000000000000000 ) ) ;
#1734 = DIRECTION ( 'NONE',  ( 0.000000000000000000, 0.000000000000000000, -1.000000000000000000 ) ) ;
#1735 = CIRCLE ( 'NONE', #427, 2.999999999999999112 ) ;
#1736 = PRODUCT_DEFINITION_CONTEXT ( 'detailed design', #318, 'design' ) ;
#1737 = ORIENTED_EDGE ( 'NONE', *, *, #1119, .T. ) ;
#1738 = DIRECTION ( 'NONE',  ( 0.000000000000000000, 0.000000000000000000, -1.000000000000000000 ) ) ;
#1739 = DIRECTION ( 'NONE',  ( -0.000000000000000000, -0.000000000000000000, 1.000000000000000000 ) ) ;
#1740 = DIRECTION ( 'NONE',  ( -0.000000000000000000, -0.000000000000000000, 1.000000000000000000 ) ) ;
#1741 = ORIENTED_EDGE ( 'NONE', *, *, #796, .F. ) ;
#1742 = DIRECTION ( 'NONE',  ( 0.7114425483935334915, 0.7027442638224199456, -0.000000000000000000 ) ) ;
#1743 = DIRECTION ( 'NONE',  ( -0.000000000000000000, -0.000000000000000000, -1.000000000000000000 ) ) ;
#1744 = EDGE_LOOP ( 'NONE', ( #2203, #526, #1860, #1507 ) ) ;
#1745 = EDGE_CURVE ( 'NONE', #2044, #1577, #738, .T. ) ;
#1746 = CYLINDRICAL_SURFACE ( 'NONE', #1406, 1.520000000000000462 ) ;
#1747 = EDGE_CURVE ( 'NONE', #56, #1113, #1868, .T. ) ;
#1748 = DIRECTION ( 'NONE',  ( -0.7114425483935334915, -0.7027442638224199456, 0.000000000000000000 ) ) ;
#1749 = CARTESIAN_POINT ( 'NONE',  ( -2.774648604874373703, 15.08890695564976703, -54.45041577998818383 ) ) ;
#1750 = CIRCLE ( 'NONE', #344, 25.89999999999999147 ) ;
#1751 = EDGE_LOOP ( 'NONE', ( #403, #2285, #2353, #2680 ) ) ;
#1752 = CARTESIAN_POINT ( 'NONE',  ( 1.201509888288921468, -1.512152455818657204, -31.40041777998817096 ) ) ;
#1753 = FACE_OUTER_BOUND ( 'NONE', #1995, .T. ) ;
#1754 = CARTESIAN_POINT ( 'NONE',  ( -2.763344253292922659, 14.71614067970500273, -51.07030436098100523 ) ) ;
#1755 = ORIENTED_EDGE ( 'NONE', *, *, #2136, .F. ) ;
#1756 = CIRCLE ( 'NONE', #1382, 2.999999999999999112 ) ;
#1757 = CARTESIAN_POINT ( 'NONE',  ( -3.683785251877332634, 14.22764736562128896, -51.59041577998818440 ) ) ;
#1758 = CARTESIAN_POINT ( 'NONE',  ( -2.640520379032375686, 14.52811692187411552, -53.95146544527371901 ) ) ;
#1759 = ORIENTED_EDGE ( 'NONE', *, *, #2854, .T. ) ;
#1760 = AXIS2_PLACEMENT_3D ( 'NONE', #1597, #59, #944 ) ;
#1761 = DIRECTION ( 'NONE',  ( 0.7114425483935333805, 0.7027442638224198346, 0.000000000000000000 ) ) ;
#1762 = LINE ( 'NONE', #1467, #2142 ) ;
#1763 = DIRECTION ( 'NONE',  ( 0.000000000000000000, 0.000000000000000000, -1.000000000000000000 ) ) ;
#1764 = AXIS2_PLACEMENT_3D ( 'NONE', #1863, #1645, #2534 ) ;
#1765 = ORIENTED_EDGE ( 'NONE', *, *, #847, .F. ) ;
#1766 = CARTESIAN_POINT ( 'NONE',  ( -2.292613226071087862, 14.43233502373187882, -51.59041577998818440 ) ) ;
#1767 = CARTESIAN_POINT ( 'NONE',  ( -8.136009469865326693, 20.17677690332979168, -54.20815608594944734 ) ) ;
#1768 = CARTESIAN_POINT ( 'NONE',  ( -2.664862827534765888, 14.56584469995198639, -51.22427335605475918 ) ) ;
#1769 = ORIENTED_EDGE ( 'NONE', *, *, #2291, .T. ) ;
#1770 = CARTESIAN_POINT ( 'NONE',  ( 1.201509888288921468, -1.512152455818657204, -138.7821617105083760 ) ) ;
#1771 = CARTESIAN_POINT ( 'NONE',  ( -8.437075550198542828, 20.66478189794491627, -53.93348573314956695 ) ) ;
#1772 = EDGE_LOOP ( 'NONE', ( #2790, #52, #707, #564, #1460, #676, #1069, #395 ) ) ;
#1773 = AXIS2_PLACEMENT_3D ( 'NONE', #2168, #1964, #2812 ) ;
#1774 = DIRECTION ( 'NONE',  ( 0.000000000000000000, 0.000000000000000000, -1.000000000000000000 ) ) ;
#1775 = CARTESIAN_POINT ( 'NONE',  ( -2.922692160743699752, 14.95168800960297872, -54.25041524332914378 ) ) ;
#1776 = DIRECTION ( 'NONE',  ( 0.000000000000000000, 0.000000000000000000, -1.000000000000000000 ) ) ;
#1777 = VERTEX_POINT ( 'NONE', #2074 ) ;
#1778 = VECTOR ( 'NONE', #1293, 1000.000000000000000 ) ;
#1779 = ORIENTED_EDGE ( 'NONE', *, *, #1055, .F. ) ;
#1780 = CARTESIAN_POINT ( 'NONE',  ( -3.683785251877332634, 14.22764736562128896, -54.25041577998818099 ) ) ;
#1781 = AXIS2_PLACEMENT_3D ( 'NONE', #1078, #1280, #2798 ) ;
#1782 = CARTESIAN_POINT ( 'NONE',  ( -8.010359651489372013, 20.08932885993207762, -54.24633831570059783 ) ) ;
#1783 = FACE_OUTER_BOUND ( 'NONE', #444, .T. ) ;
#1784 = ADVANCED_FACE ( 'NONE', ( #2740 ), #89, .F. ) ;
#1785 = EDGE_LOOP ( 'NONE', ( #1240, #2196, #2608, #1169 ) ) ;
#1786 = CARTESIAN_POINT ( 'NONE',  ( -8.016510155467175380, 20.09366892066584143, -50.99520540680562419 ) ) ;
#1787 = LINE ( 'NONE', #1770, #2121 ) ;
#1788 = CARTESIAN_POINT ( 'NONE',  ( -2.678405054290656118, 14.58674474116638464, -54.04657064771144803 ) ) ;
#1789 = ORIENTED_EDGE ( 'NONE', *, *, #588, .F. ) ;
#1790 = ADVANCED_FACE ( 'NONE', ( #266 ), #736, .F. ) ;
#1791 = CARTESIAN_POINT ( 'NONE',  ( -3.607124903234843138, 14.15003814615602806, -51.00041577998818099 ) ) ;
#1792 = CARTESIAN_POINT ( 'NONE',  ( -2.332168346985993512, 14.48777495038524599, -53.97059644436159687 ) ) ;
#1793 = EDGE_CURVE ( 'NONE', #1271, #763, #380, .T. ) ;
#1794 = FACE_OUTER_BOUND ( 'NONE', #101, .T. ) ;
#1795 = CIRCLE ( 'NONE', #852, 25.89999999999999147 ) ;
#1796 = ORIENTED_EDGE ( 'NONE', *, *, #1938, .F. ) ;
#1797 = AXIS2_PLACEMENT_3D ( 'NONE', #1248, #171, #605 ) ;
#1798 = ADVANCED_FACE ( 'NONE', ( #2525 ), #503, .T. ) ;
#1799 = CARTESIAN_POINT ( 'NONE',  ( -2.630402904345749970, 14.51235852931220549, -51.32401014178161347 ) ) ;
#1800 = VERTEX_POINT ( 'NONE', #236 ) ;
#1801 = CARTESIAN_POINT ( 'NONE',  ( -8.403993227695631063, 20.35732336184764435, -51.32408540561877430 ) ) ;
#1802 = EDGE_CURVE ( 'NONE', #127, #2776, #181, .T. ) ;
#1803 = LINE ( 'NONE', #2509, #119 ) ;
#1804 = CARTESIAN_POINT ( 'NONE',  ( -2.721758708076455591, 14.65313450036175702, -54.12021043415256116 ) ) ;
#1805 = ORIENTED_EDGE ( 'NONE', *, *, #753, .T. ) ;
#1806 = CIRCLE ( 'NONE', #1846, 1.520000000000000462 ) ;
#1807 = FACE_OUTER_BOUND ( 'NONE', #886, .T. ) ;
#1808 = EDGE_CURVE ( 'NONE', #1588, #1994, #1213, .T. ) ;
#1809 = VECTOR ( 'NONE', #1237, 1000.000000000000000 ) ;
#1810 = AXIS2_PLACEMENT_3D ( 'NONE', #359, #757, #1217 ) ;
#1811 = CARTESIAN_POINT ( 'NONE',  ( -2.782938636173277303, 14.74561646557214623, -54.18929181117015048 ) ) ;
#1812 = DIRECTION ( 'NONE',  ( -0.7114425483935333805, -0.7027442638224198346, 0.000000000000000000 ) ) ;
#1813 = ORIENTED_EDGE ( 'NONE', *, *, #678, .T. ) ;
#1814 = ORIENTED_EDGE ( 'NONE', *, *, #133, .F. ) ;
#1815 = CYLINDRICAL_SURFACE ( 'NONE', #1525, 24.09999999999935838 ) ;
#1816 = EDGE_LOOP ( 'NONE', ( #988, #1296 ) ) ;
#1817 = CARTESIAN_POINT ( 'NONE',  ( -8.329941908287377572, 20.30823403496491153, -51.19426091231348153 ) ) ;
#1818 = CARTESIAN_POINT ( 'NONE',  ( -2.934094724924098063, 14.96817197811181188, -50.99041577998818298 ) ) ;
#1819 = CARTESIAN_POINT ( 'NONE',  ( -2.852319236488997767, 14.84878802797039121, -54.23335388594379225 ) ) ;
#1820 = ORIENTED_EDGE ( 'NONE', *, *, #2606, .T. ) ;
#1821 = CARTESIAN_POINT ( 'NONE',  ( -10.23419968109232059, 19.97259334995504076, -138.7821617105083760 ) ) ;
#1822 = CARTESIAN_POINT ( 'NONE',  ( -2.625857006080789535, 14.50526739002073207, -53.89950060952816813 ) ) ;
#1823 = DIRECTION ( 'NONE',  ( -0.000000000000000000, -0.000000000000000000, -1.000000000000000000 ) ) ;
#1824 = ORIENTED_EDGE ( 'NONE', *, *, #1063, .T. ) ;
#1825 = CARTESIAN_POINT ( 'NONE',  ( -2.734781520964492785, 14.67294791330518855, -51.10270201948399205 ) ) ;
#1826 = ORIENTED_EDGE ( 'NONE', *, *, #1844, .T. ) ;
#1827 = CARTESIAN_POINT ( 'NONE',  ( -42.29708727004448576, 17.49046257629466083, -32.80041777998817309 ) ) ;
#1828 = CIRCLE ( 'NONE', #2245, 1.056214310942053203 ) ;
#1829 = DIRECTION ( 'NONE',  ( -1.000000000000000000, 0.000000000000000000, 0.000000000000000000 ) ) ;
#1830 = CARTESIAN_POINT ( 'NONE',  ( -2.917866466269913417, 14.94471180719090420, -54.25041577998818099 ) ) ;
#1831 = VERTEX_POINT ( 'NONE', #501 ) ;
#1832 = CARTESIAN_POINT ( 'NONE',  ( -24.69849011171107378, -1.512152455818657204, -51.00041577998818099 ) ) ;
#1833 = CARTESIAN_POINT ( 'NONE',  ( -8.399774593900685815, 20.35453916251963236, -51.31484783123543991 ) ) ;
#1834 = DIRECTION ( 'NONE',  ( 0.000000000000000000, 0.000000000000000000, -1.000000000000000000 ) ) ;
#1835 = CARTESIAN_POINT ( 'NONE',  ( -27.86568728706310694, 22.37882621924635629, -40.80041777998818020 ) ) ;
#1836 = VECTOR ( 'NONE', #1823, 1000.000000000000000 ) ;
#1837 = ORIENTED_EDGE ( 'NONE', *, *, #312, .T. ) ;
#1838 = CARTESIAN_POINT ( 'NONE',  ( -40.99730114935989178, 14.78665858183135562, -40.80041777998818020 ) ) ;
#1839 = DIRECTION ( 'NONE',  ( 0.000000000000000000, 0.000000000000000000, -1.000000000000000000 ) ) ;
#1840 = CARTESIAN_POINT ( 'NONE',  ( -24.69849011171107378, -1.512152455818657204, -138.7821617105083760 ) ) ;
#1841 = ORIENTED_EDGE ( 'NONE', *, *, #2567, .F. ) ;
#1842 = DIRECTION ( 'NONE',  ( 0.000000000000000000, 0.000000000000000000, -1.000000000000000000 ) ) ;
#1843 = B_SPLINE_CURVE_WITH_KNOTS ( 'NONE', 3,
 ( #2317, #986, #1066, #2638, #1782, #2190, #841, #2877, #1096, #436, #825, #1082, #1048, #1981, #668, #2610, #2176, #1767, #1997, #888, #1518, #2625, #189, #411, #1941, #1559, #1298, #2819, #1313, #2652, #2834, #2205, #1285, #397, #160, #1970 ),
 .UNSPECIFIED., .F., .F.,
 ( 4, 2, 2, 2, 2, 1, 2, 2, 1, 2, 2, 2, 2, 2, 2, 2, 2, 2, 4 ),
 ( 0.000000000000000000, 0.06249999999999789058, 0.09374999999999461542, 0.1249999999999913403, 0.1562499999999880651, 0.1718749999999834299, 0.1796874999999839295, 0.1874999999999844014, 0.2187499999999810152, 0.2343749999999829858, 0.2499999999999849565, 0.3124999999999985567, 0.3437500000000026090, 0.3750000000000066613, 0.4375000000000273115, 0.4687500000000325295, 0.5000000000000377476, 0.7500000000000188738, 1.000000000000000000 ),
 .UNSPECIFIED. ) ;
#1844 = EDGE_CURVE ( 'NONE', #92, #1146, #2243, .T. ) ;
#1845 = CARTESIAN_POINT ( 'NONE',  ( -8.457000631505193766, 20.39209416672872521, -51.57049867301445545 ) ) ;
#1846 = AXIS2_PLACEMENT_3D ( 'NONE', #2440, #1985, #2866 ) ;
#1847 = CARTESIAN_POINT ( 'NONE',  ( -24.69849011171107378, -1.512152455818657204, -40.80041777998818020 ) ) ;
#1848 = ADVANCED_FACE ( 'NONE', ( #2265 ), #2489, .F. ) ;
#1849 = AXIS2_PLACEMENT_3D ( 'NONE', #547, #966, #1028 ) ;
#1850 = ORIENTED_EDGE ( 'NONE', *, *, #686, .F. ) ;
#1851 = DIRECTION ( 'NONE',  ( -1.000000000000000000, 0.000000000000000000, 0.000000000000000000 ) ) ;
#1852 = VECTOR ( 'NONE', #2219, 1000.000000000000000 ) ;
#1853 = FACE_OUTER_BOUND ( 'NONE', #1664, .T. ) ;
#1854 = CARTESIAN_POINT ( 'NONE',  ( -2.934094724924095843, 14.96817197811181543, -54.25041577998818099 ) ) ;
#1855 = ORIENTED_EDGE ( 'NONE', *, *, #133, .T. ) ;
#1856 = DIRECTION ( 'NONE',  ( -0.7114425483935334915, -0.7027442638224199456, 0.000000000000000000 ) ) ;
#1857 = CARTESIAN_POINT ( 'NONE',  ( -2.695224751842755673, 14.98351313306332067, -54.44023436519137249 ) ) ;
#1858 = LINE ( 'NONE', #532, #2655 ) ;
#1859 = LINE ( 'NONE', #561, #682 ) ;
#1860 = ORIENTED_EDGE ( 'NONE', *, *, #1268, .T. ) ;
#1861 = VECTOR ( 'NONE', #477, 1000.000000000000000 ) ;
#1862 = ADVANCED_FACE ( 'NONE', ( #2700 ), #1393, .T. ) ;
#1863 = CARTESIAN_POINT ( 'NONE',  ( -8.399679074061923600, 14.78665858183135562, -40.80041777998818020 ) ) ;
#1864 = CARTESIAN_POINT ( 'NONE',  ( -2.837500229042587474, 14.82689063858451028, -54.22632283326638003 ) ) ;
#1865 = VERTEX_POINT ( 'NONE', #734 ) ;
#1866 =( NAMED_UNIT ( * ) SI_UNIT ( $, .STERADIAN. ) SOLID_ANGLE_UNIT ( ) );
#1867 = CIRCLE ( 'NONE', #50, 24.09999999999935838 ) ;
#1868 = LINE ( 'NONE', #2752, #2660 ) ;
#1869 = ORIENTED_EDGE ( 'NONE', *, *, #1176, .T. ) ;
#1870 = CARTESIAN_POINT ( 'NONE',  ( -8.436936349705218774, 20.37896721575860681, -51.42405762411155479 ) ) ;
#1871 = DIRECTION ( 'NONE',  ( 0.000000000000000000, 0.000000000000000000, 1.000000000000000000 ) ) ;
#1872 = CARTESIAN_POINT ( 'NONE',  ( -24.69849011171107378, -1.512152455818657204, -31.40041777998817096 ) ) ;
#1873 = DIRECTION ( 'NONE',  ( -0.000000000000000000, -0.000000000000000000, 1.000000000000000000 ) ) ;
#1874 = ORIENTED_EDGE ( 'NONE', *, *, #2240, .T. ) ;
#1875 = LINE ( 'NONE', #1674, #667 ) ;
#1876 = DIRECTION ( 'NONE',  ( 1.000000000000000000, 0.000000000000000000, 0.000000000000000000 ) ) ;
#1877 = CARTESIAN_POINT ( 'NONE',  ( -7.829001579289466051, 20.20582066909555152, -54.45041577998818383 ) ) ;
#1878 = ORIENTED_EDGE ( 'NONE', *, *, #2508, .F. ) ;
#1879 = AXIS2_PLACEMENT_3D ( 'NONE', #2070, #68, #1851 ) ;
#1880 = ADVANCED_FACE ( 'NONE', ( #712 ), #945, .F. ) ;
#1881 = CARTESIAN_POINT ( 'NONE',  ( -2.335185952288010736, 14.49199262817302802, -51.25883474149710395 ) ) ;
#1882 = CARTESIAN_POINT ( 'NONE',  ( -8.318104005875104789, 20.30032398558311257, -54.06155875243837983 ) ) ;
#1883 = ORIENTED_EDGE ( 'NONE', *, *, #369, .T. ) ;
#1884 = CARTESIAN_POINT ( 'NONE',  ( -8.414178659449207842, 20.36402527128138829, -51.35028028170813741 ) ) ;
#1885 = FACE_BOUND ( 'NONE', #2612, .T. ) ;
#1886 = CARTESIAN_POINT ( 'NONE',  ( -8.399679074061729978, -17.81096349346800878, -40.80041777998818020 ) ) ;
#1887 = DIRECTION ( 'NONE',  ( 0.000000000000000000, 0.000000000000000000, -1.000000000000000000 ) ) ;
#1888 = PRESENTATION_LAYER_ASSIGNMENT (  '', '', ( #305 ) ) ;
#1889 = EDGE_LOOP ( 'NONE', ( #2397, #85, #349, #2238 ) ) ;
#1890 = CONICAL_SURFACE ( 'NONE', #2686, 27.49999999999999645, 0.7853981633974569387 ) ;
#1891 = CARTESIAN_POINT ( 'NONE',  ( -9.806641169858087537, 17.43627320682738713, -36.80041777998817309 ) ) ;
#1892 = CARTESIAN_POINT ( 'NONE',  ( -39.59033905356748306, 17.43627320682938731, -36.80041777998817309 ) ) ;
#1893 = CARTESIAN_POINT ( 'NONE',  ( -8.399679074061729978, -17.81096349346800878, -40.80041777998818020 ) ) ;
#1894 = VERTEX_POINT ( 'NONE', #2035 ) ;
#1895 = CIRCLE ( 'NONE', #1483, 25.89999999999999147 ) ;
#1896 = EDGE_CURVE ( 'NONE', #2022, #1625, #1683, .T. ) ;
#1897 = CARTESIAN_POINT ( 'NONE',  ( -2.511761449837359716, 14.73589959762180790, -50.91741567997993201 ) ) ;
#1898 = CARTESIAN_POINT ( 'NONE',  ( -8.196550386584384285, 20.48639542419704185, -54.30884818526421753 ) ) ;
#1899 = ORIENTED_EDGE ( 'NONE', *, *, #1370, .T. ) ;
#1900 = CARTESIAN_POINT ( 'NONE',  ( -8.025194365151280707, 20.35680664565786202, -50.82826333714006495 ) ) ;
#1901 = EDGE_CURVE ( 'NONE', #2694, #387, #1312, .T. ) ;
#1902 = CARTESIAN_POINT ( 'NONE',  ( -2.774648604874375479, 15.08890695564976525, -50.79041577998818724 ) ) ;
#1903 = CARTESIAN_POINT ( 'NONE',  ( 2.601509888288909611, -1.512152455818657204, -56.00041577998817388 ) ) ;
#1904 = CARTESIAN_POINT ( 'NONE',  ( -5.399679074061924489, 14.78665858183135562, -49.28569915422676218 ) ) ;
#1905 = ORIENTED_EDGE ( 'NONE', *, *, #2649, .F. ) ;
#1906 = DIRECTION ( 'NONE',  ( 0.7027442638224199456, -0.7114425483935333805, 0.000000000000000000 ) ) ;
#1907 = AXIS2_PLACEMENT_3D ( 'NONE', #519, #1628, #65 ) ;
#1908 = EDGE_CURVE ( 'NONE', #2708, #671, #1214, .T. ) ;
#1909 = DIRECTION ( 'NONE',  ( -0.7027442638224198346, 0.7114425483935334915, 0.000000000000000000 ) ) ;
#1910 = DIRECTION ( 'NONE',  ( -0.7114425483935503669, -0.7027442638224027371, 0.000000000000000000 ) ) ;
#1911 = ORIENTED_EDGE ( 'NONE', *, *, #1901, .T. ) ;
#1912 = FILL_AREA_STYLE_COLOUR ( '', #643 ) ;
#1913 = EDGE_CURVE ( 'NONE', #31, #1038, #1828, .T. ) ;
#1914 = CARTESIAN_POINT ( 'NONE',  ( -2.292613226071087418, 14.43233502373187527, -51.59041577998818440 ) ) ;
#1915 = CARTESIAN_POINT ( 'NONE',  ( -8.399958823315209600, 20.35466062371214591, -53.92556352120751484 ) ) ;
#1916 = AXIS2_PLACEMENT_3D ( 'NONE', #2501, #1856, #937 ) ;
#1917 = ORIENTED_EDGE ( 'NONE', *, *, #1669, .F. ) ;
#1918 = CARTESIAN_POINT ( 'NONE',  ( -8.406154565541658741, 20.64207609592490300, -51.22299184831783947 ) ) ;
#1919 = EDGE_CURVE ( 'NONE', #1943, #2421, #2202, .T. ) ;
#1920 = PLANE ( 'NONE',  #1129 ) ;
#1921 = AXIS2_PLACEMENT_3D ( 'NONE', #620, #340, #834 ) ;
#1922 = FACE_OUTER_BOUND ( 'NONE', #115, .T. ) ;
#1923 = DIRECTION ( 'NONE',  ( 0.000000000000000000, 0.000000000000000000, -1.000000000000000000 ) ) ;
#1924 = EDGE_CURVE ( 'NONE', #2421, #1831, #1171, .T. ) ;
#1925 = VERTEX_POINT ( 'NONE', #2498 ) ;
#1926 = CARTESIAN_POINT ( 'NONE',  ( -10.23419968109232059, 19.97259334995504076, -51.00041577998818099 ) ) ;
#1927 = EDGE_CURVE ( 'NONE', #56, #2694, #284, .T. ) ;
#1928 = DIRECTION ( 'NONE',  ( -1.000000000000000000, 0.000000000000000000, 0.000000000000000000 ) ) ;
#1929 = ORIENTED_EDGE ( 'NONE', *, *, #2685, .F. ) ;
#1930 = CARTESIAN_POINT ( 'NONE',  ( -2.455276619985537589, 14.65849610774982459, -50.98777993533998654 ) ) ;
#1931 = AXIS2_PLACEMENT_3D ( 'NONE', #466, #665, #2478 ) ;
#1932 = CARTESIAN_POINT ( 'NONE',  ( -8.142111852217603030, 20.44545388919532058, -54.35032526780308615 ) ) ;
#1933 = ORIENTED_EDGE ( 'NONE', *, *, #1268, .F. ) ;
#1934 = CARTESIAN_POINT ( 'NONE',  ( -8.204464519235965980, 20.49233817913592759, -50.93841139614875857 ) ) ;
#1935 = CARTESIAN_POINT ( 'NONE',  ( 1.201509888288921468, -1.512152455818657204, -40.80041777998818020 ) ) ;
#1936 = LINE ( 'NONE', #1718, #2447 ) ;
#1937 = FACE_OUTER_BOUND ( 'NONE', #534, .T. ) ;
#1938 = EDGE_CURVE ( 'NONE', #1204, #467, #1966, .T. ) ;
#1939 = ORIENTED_EDGE ( 'NONE', *, *, #2606, .F. ) ;
#1940 = CARTESIAN_POINT ( 'NONE',  ( -21.53129293636026986, -25.40313113088010155, -32.80041777998817309 ) ) ;
#1941 = CARTESIAN_POINT ( 'NONE',  ( -8.222459360335408363, 20.23589652430109709, -54.15548968395899720 ) ) ;
#1942 = CARTESIAN_POINT ( 'NONE',  ( -24.69849011171107378, -1.512152455818657204, -32.80041777998818020 ) ) ;
#1943 = VERTEX_POINT ( 'NONE', #1404 ) ;
#1944 = CARTESIAN_POINT ( 'NONE',  ( -2.710689104715147568, 15.00412151741896416, -50.79683992805343706 ) ) ;
#1945 = CARTESIAN_POINT ( 'NONE',  ( -8.178748454008374580, 20.47303027732417391, -54.32341587999644617 ) ) ;
#1946 = ORIENTED_EDGE ( 'NONE', *, *, #10, .F. ) ;
#1947 = CARTESIAN_POINT ( 'NONE',  ( -7.933410435000136651, 20.28653496224713848, -50.80059719478501279 ) ) ;
#1948 = PLANE ( 'NONE',  #1170 ) ;
#1949 = CARTESIAN_POINT ( 'NONE',  ( -21.52241293989059301, -4.727541827656336793, -51.00041577998818099 ) ) ;
#1950 = CARTESIAN_POINT ( 'NONE',  ( -21.94849011171107378, 21.53784716417644063, -40.80041777998818020 ) ) ;
#1951 = ORIENTED_EDGE ( 'NONE', *, *, #2702, .F. ) ;
#1952 = DIRECTION ( 'NONE',  ( 0.000000000000000000, 0.000000000000000000, -1.000000000000000000 ) ) ;
#1953 = CYLINDRICAL_SURFACE ( 'NONE', #462, 25.89999999999999503 ) ;
#1954 = ADVANCED_FACE ( 'NONE', ( #2288 ), #2336, .T. ) ;
#1955 = CARTESIAN_POINT ( 'NONE',  ( -24.69849011171107378, -1.512152455818657204, -55.80041577998814972 ) ) ;
#1956 = ORIENTED_EDGE ( 'NONE', *, *, #161, .T. ) ;
#1957 = AXIS2_PLACEMENT_3D ( 'NONE', #2105, #2755, #2783 ) ;
#1958 = EDGE_CURVE ( 'NONE', #1558, #127, #2791, .T. ) ;
#1959 = LINE ( 'NONE', #877, #956 ) ;
#1960 = CARTESIAN_POINT ( 'NONE',  ( -8.474240171948585143, 20.69198501640590848, -53.75549613553909722 ) ) ;
#1961 = ORIENTED_EDGE ( 'NONE', *, *, #139, .T. ) ;
#1962 = CIRCLE ( 'NONE', #701, 25.89999999999999147 ) ;
#1963 = CARTESIAN_POINT ( 'NONE',  ( -9.933248314829617343, 20.26986520529765912, -37.61027914159473085 ) ) ;
#1964 = DIRECTION ( 'NONE',  ( -0.000000000000000000, -0.000000000000000000, 1.000000000000000000 ) ) ;
#1965 = CARTESIAN_POINT ( 'NONE',  ( -24.69849011171107378, -1.512152455818657204, -40.80041777998818020 ) ) ;
#1966 = CIRCLE ( 'NONE', #702, 0.6000000000000083045 ) ;
#1967 = AXIS2_PLACEMENT_3D ( 'NONE', #650, #419, #1978 ) ;
#1968 = ORIENTED_EDGE ( 'NONE', *, *, #35, .F. ) ;
#1969 = DIRECTION ( 'NONE',  ( -0.000000000000000000, -0.000000000000000000, -1.000000000000000000 ) ) ;
#1970 = CARTESIAN_POINT ( 'NONE',  ( -8.457001071010115112, 20.39209447807045095, -53.65041577998819378 ) ) ;
#1971 = CARTESIAN_POINT ( 'NONE',  ( -24.69849011171242736, -24.56215207581349347, -32.80041777998817309 ) ) ;
#1972 = B_SPLINE_CURVE_WITH_KNOTS ( 'NONE', 3,
 ( #1532, #654, #887, #2846, #1311, #2624, #1488, #203, #1094, #2373, #1047, #379, #1980, #2817, #1544, #624, #1517, #1267, #1081, #824, #1721, #2390, #396, #1283, #2173, #1825, #2054, #903, #1341, #1590, #2451, #929, #1137, #2028, #452, #708 ),
 .UNSPECIFIED., .F., .F.,
 ( 4, 2, 2, 2, 2, 1, 2, 2, 1, 2, 2, 2, 2, 2, 2, 2, 2, 2, 4 ),
 ( 0.000000000000000000, 0.06249999999999683586, 0.09374999999999392153, 0.1249999999999910072, 0.1562499999999880929, 0.1718749999999821254, 0.1796874999999829581, 0.1874999999999838185, 0.2187499999999910627, 0.2343749999999971689, 0.2500000000000033307, 0.3125000000000218714, 0.3437500000000339173, 0.3750000000000460187, 0.4375000000000583422, 0.4687500000000641709, 0.5000000000000700551, 0.7500000000000350830, 1.000000000000000000 ),
 .UNSPECIFIED. ) ;
#1973 = ORIENTED_EDGE ( 'NONE', *, *, #569, .T. ) ;
#1974 = CARTESIAN_POINT ( 'NONE',  ( -7.829001579289466051, 20.20582066909555152, -50.79041577998818724 ) ) ;
#1975 = CARTESIAN_POINT ( 'NONE',  ( -8.424850736750752134, 20.65581290030401007, -53.97002649103758642 ) ) ;
#1976 = VERTEX_POINT ( 'NONE', #2775 ) ;
#1977 = DIRECTION ( 'NONE',  ( 0.000000000000000000, 0.000000000000000000, -1.000000000000000000 ) ) ;
#1978 = DIRECTION ( 'NONE',  ( -1.000000000000000000, 0.000000000000000000, 0.000000000000000000 ) ) ;
#1979 = ORIENTED_EDGE ( 'NONE', *, *, #949, .T. ) ;
#1980 = CARTESIAN_POINT ( 'NONE',  ( -2.835682037528871380, 14.82419820530265575, -51.01547221187762204 ) ) ;
#1981 = CARTESIAN_POINT ( 'NONE',  ( -8.094464972091341082, 20.14806468772886561, -54.22535510098419564 ) ) ;
#1982 = CARTESIAN_POINT ( 'NONE',  ( -2.911388238947107521, 14.93527905647017207, -50.99138721852187928 ) ) ;
#1983 = ORIENTED_EDGE ( 'NONE', *, *, #2260, .F. ) ;
#1984 = VECTOR ( 'NONE', #1740, 1000.000000000000000 ) ;
#1985 = DIRECTION ( 'NONE',  ( -0.000000000000000000, -0.000000000000000000, 1.000000000000000000 ) ) ;
#1986 = CARTESIAN_POINT ( 'NONE',  ( -2.776341573954013153, 14.73570544159911577, -54.18312849991562530 ) ) ;
#1987 = VERTEX_POINT ( 'NONE', #1223 ) ;
#1988 = AXIS2_PLACEMENT_3D ( 'NONE', #43, #698, #1403 ) ;
#1989 = ADVANCED_FACE ( 'NONE', ( #1692 ), #1034, .F. ) ;
#1990 = CIRCLE ( 'NONE', #1849, 1.520000000000000462 ) ;
#1991 = CARTESIAN_POINT ( 'NONE',  ( -40.99730114935989178, -17.81096349346809049, -49.28569915422676218 ) ) ;
#1992 = CARTESIAN_POINT ( 'NONE',  ( -2.845414561323129643, 14.83861089115688081, -54.23051357001879325 ) ) ;
#1993 = FACE_OUTER_BOUND ( 'NONE', #158, .T. ) ;
#1994 = VERTEX_POINT ( 'NONE', #111 ) ;
#1995 = EDGE_LOOP ( 'NONE', ( #384, #2455, #1605, #1383, #2659, #798, #587, #1634 ) ) ;
#1996 = CARTESIAN_POINT ( 'NONE',  ( -27.44849011171189446, 21.53784716418134693, -40.80041777998818020 ) ) ;
#1997 = CARTESIAN_POINT ( 'NONE',  ( -8.138515650602528240, 20.17850279711449346, -54.20696927523579944 ) ) ;
#1998 = CARTESIAN_POINT ( 'NONE',  ( -5.399679074061729978, -17.81096349346800878, -40.80041777998818020 ) ) ;
#1999 = ORIENTED_EDGE ( 'NONE', *, *, #1013, .F. ) ;
#2000 = EDGE_CURVE ( 'NONE', #1800, #409, #196, .T. ) ;
#2001 = CARTESIAN_POINT ( 'NONE',  ( -8.064343014202787430, 20.12713782431507425, -51.00560640220193420 ) ) ;
#2002 = DIRECTION ( 'NONE',  ( -0.000000000000000000, -0.000000000000000000, 1.000000000000000000 ) ) ;
#2003 = EDGE_CURVE ( 'NONE', #593, #681, #2820, .T. ) ;
#2004 = CARTESIAN_POINT ( 'NONE',  ( -8.433157185709802661, 20.66190832125712262, -53.94576728082033412 ) ) ;
#2005 = EDGE_LOOP ( 'NONE', ( #1725, #2335 ) ) ;
#2006 = DIRECTION ( 'NONE',  ( 0.000000000000000000, 0.000000000000000000, 1.000000000000000000 ) ) ;
#2007 = CARTESIAN_POINT ( 'NONE',  ( -2.298998643387960783, 14.44130440937520099, -53.78202615182286195 ) ) ;
#2008 = DIRECTION ( 'NONE',  ( 0.7114425483935334915, 0.7027442638224198346, 0.000000000000000000 ) ) ;
#2009 = ADVANCED_FACE ( 'NONE', ( #778 ), #1017, .F. ) ;
#2010 = EDGE_LOOP ( 'NONE', ( #1340, #1610, #2644, #2573 ) ) ;
#2011 = AXIS2_PLACEMENT_3D ( 'NONE', #2023, #632, #17 ) ;
#2012 = VERTEX_POINT ( 'NONE', #2760 ) ;
#2013 = DIRECTION ( 'NONE',  ( 0.7027442638224199456, -0.7114425483935332695, 0.000000000000000000 ) ) ;
#2014 = AXIS2_PLACEMENT_3D ( 'NONE', #432, #807, #850 ) ;
#2015 = EDGE_CURVE ( 'NONE', #164, #1943, #1735, .T. ) ;
#2016 = CARTESIAN_POINT ( 'NONE',  ( -2.726596476540958491, 14.66049514701153811, -51.11388597766859476 ) ) ;
#2017 = EDGE_LOOP ( 'NONE', ( #7, #2304, #1405, #2761 ) ) ;
#2018 = CARTESIAN_POINT ( 'NONE',  ( -8.070057765705305641, 20.13110961667072729, -51.00747767396939025 ) ) ;
#2019 = ADVANCED_FACE ( 'NONE', ( #2318 ), #552, .T. ) ;
#2020 = CARTESIAN_POINT ( 'NONE',  ( -24.69849011171107378, -1.512152455818657204, -32.80041777998818020 ) ) ;
#2021 = CARTESIAN_POINT ( 'NONE',  ( -3.262138693583878091, 13.80078183658516799, -53.65041577998817957 ) ) ;
#2022 = VERTEX_POINT ( 'NONE', #1207 ) ;
#2023 = CARTESIAN_POINT ( 'NONE',  ( -40.99730114935989178, 14.78665858183135562, -40.80041777998818020 ) ) ;
#2024 = CARTESIAN_POINT ( 'NONE',  ( -2.640819403756589079, 14.52857643299643264, -53.95190993841679727 ) ) ;
#2025 = CARTESIAN_POINT ( 'NONE',  ( -24.69849011171107378, 21.53784716418134693, -60.29962500960238714 ) ) ;
#2026 = CIRCLE ( 'NONE', #1556, 2.999999999999999112 ) ;
#2027 = ORIENTED_EDGE ( 'NONE', *, *, #2146, .F. ) ;
#2028 = CARTESIAN_POINT ( 'NONE',  ( -2.604484169855374454, 14.47187108101561748, -51.43380705173928646 ) ) ;
#2029 = CIRCLE ( 'NONE', #1607, 2.999999999999999112 ) ;
#2030 = EDGE_CURVE ( 'NONE', #1588, #2776, #2375, .T. ) ;
#2031 = CARTESIAN_POINT ( 'NONE',  ( -2.617408255700715003, 14.49206565017100523, -51.37811331511714741 ) ) ;
#2032 = ORIENTED_EDGE ( 'NONE', *, *, #190, .F. ) ;
#2033 = CARTESIAN_POINT ( 'NONE',  ( -7.974947540856282657, 20.06438738809393385, -50.99041577998818298 ) ) ;
#2034 = DIRECTION ( 'NONE',  ( 0.000000000000000000, 0.000000000000000000, -1.000000000000000000 ) ) ;
#2035 = CARTESIAN_POINT ( 'NONE',  ( -21.94849011171107378, 21.53784716417644063, -40.80041777998818020 ) ) ;
#2036 = VERTEX_POINT ( 'NONE', #334 ) ;
#2037 = DIRECTION ( 'NONE',  ( 1.000000000000000000, 0.000000000000000000, 0.000000000000000000 ) ) ;
#2038 = CIRCLE ( 'NONE', #722, 24.09999999999935838 ) ;
#2039 = CARTESIAN_POINT ( 'NONE',  ( -2.632962441984454394, 14.51634773972512882, -53.92598372874094537 ) ) ;
#2040 = DIRECTION ( 'NONE',  ( 0.000000000000000000, 0.000000000000000000, 1.000000000000000000 ) ) ;
#2041 = PRODUCT_DEFINITION_SHAPE ( 'NONE', 'NONE',  #1003 ) ;
#2042 = ORIENTED_EDGE ( 'NONE', *, *, #2815, .T. ) ;
#2043 = CARTESIAN_POINT ( 'NONE',  ( -27.86568728706433618, -25.40313113088341623, -40.80041777998818020 ) ) ;
#2044 = VERTEX_POINT ( 'NONE', #1459 ) ;
#2045 = CARTESIAN_POINT ( 'NONE',  ( -8.007516572946014932, 20.08742825417389000, -50.99211354520117823 ) ) ;
#2046 = DIRECTION ( 'NONE',  ( -0.000000000000000000, -0.000000000000000000, 1.000000000000000000 ) ) ;
#2047 = DIRECTION ( 'NONE',  ( 0.000000000000000000, 0.000000000000000000, -1.000000000000000000 ) ) ;
#2048 = ORIENTED_EDGE ( 'NONE', *, *, #449, .T. ) ;
#2049 = FACE_OUTER_BOUND ( 'NONE', #1720, .T. ) ;
#2050 = CARTESIAN_POINT ( 'NONE',  ( -2.829394818030688707, 14.81488737158597502, -54.22203011212427270 ) ) ;
#2051 = CARTESIAN_POINT ( 'NONE',  ( -24.69849011171107378, -1.512152455818657204, -32.80041777998817309 ) ) ;
#2052 = EDGE_CURVE ( 'NONE', #467, #107, #2098, .T. ) ;
#2053 = CARTESIAN_POINT ( 'NONE',  ( -8.457001071010116888, 20.39209447807045805, -51.59041577998819861 ) ) ;
#2054 = CARTESIAN_POINT ( 'NONE',  ( -2.725693485996986798, 14.65913465386688586, -51.11481538465356778 ) ) ;
#2055 = AXIS2_PLACEMENT_3D ( 'NONE', #2228, #1147, #2037 ) ;
#2056 = ORIENTED_EDGE ( 'NONE', *, *, #2325, .F. ) ;
#2057 = CARTESIAN_POINT ( 'NONE',  ( -8.096847583618624000, 20.14971644434322329, -51.01633985402774130 ) ) ;
#2058 = VECTOR ( 'NONE', #316, 1000.000000000000114 ) ;
#2059 = EDGE_CURVE ( 'NONE', #2012, #1087, #1545, .T. ) ;
#2060 = CARTESIAN_POINT ( 'NONE',  ( -9.806641169857515550, -20.46057811846424102, -32.80041777998817309 ) ) ;
#2061 = CARTESIAN_POINT ( 'NONE',  ( -2.834043358316234329, 14.82177135465755313, -54.22449170596147638 ) ) ;
#2062 = VERTEX_POINT ( 'NONE', #987 ) ;
#2063 = CARTESIAN_POINT ( 'NONE',  ( -7.968028009942027978, 20.05947396156605578, -54.25041526561759753 ) ) ;
#2064 = CARTESIAN_POINT ( 'NONE',  ( -8.157534065191574868, 20.19158741020568471, -51.04322187426039648 ) ) ;
#2065 = CARTESIAN_POINT ( 'NONE',  ( -24.69849011171107378, -24.56215207581864135, -40.80041777998818020 ) ) ;
#2066 = CARTESIAN_POINT ( 'NONE',  ( -5.144166553601737135, 22.82106848026321089, -53.65041577998819378 ) ) ;
#2067 = CIRCLE ( 'NONE', #2443, 1.520000000000000462 ) ;
#2068 = CIRCLE ( 'NONE', #2444, 27.50000000000000000 ) ;
#2069 = VERTEX_POINT ( 'NONE', #348 ) ;
#2070 = CARTESIAN_POINT ( 'NONE',  ( -24.69849011171107378, -1.512152455818657204, -32.80041777998818020 ) ) ;
#2071 = DIRECTION ( 'NONE',  ( 1.000000000000000000, 0.000000000000000000, 0.000000000000000000 ) ) ;
#2072 = CARTESIAN_POINT ( 'NONE',  ( -2.860118568220341384, 14.86027841263214810, -54.23657354421490595 ) ) ;
#2073 = VERTEX_POINT ( 'NONE', #812 ) ;
#2074 = CARTESIAN_POINT ( 'NONE',  ( -9.650410952386433650, 20.26812554838342706, -56.00041577998817388 ) ) ;
#2075 = CARTESIAN_POINT ( 'NONE',  ( -2.532305653103940291, 14.76392849527916340, -54.34453477424770540 ) ) ;
#2076 = CIRCLE ( 'NONE', #816, 24.09999999999935838 ) ;
#2077 = AXIS2_PLACEMENT_3D ( 'NONE', #1893, #2348, #2568 ) ;
#2078 = PLANE ( 'NONE',  #652 ) ;
#2079 = CARTESIAN_POINT ( 'NONE',  ( -8.479594318002176223, 20.69589606792182579, -51.59041577998818440 ) ) ;
#2080 = EDGE_LOOP ( 'NONE', ( #6, #1046 ) ) ;
#2081 = DIRECTION ( 'NONE',  ( -1.000000000000000000, 0.000000000000000000, 0.000000000000000000 ) ) ;
#2082 = CARTESIAN_POINT ( 'NONE',  ( -24.69849011171107378, -1.512152455818657204, -54.25041577998818099 ) ) ;
#2083 = DIRECTION ( 'NONE',  ( -0.000000000000000000, -0.000000000000000000, 1.000000000000000000 ) ) ;
#2084 = EDGE_LOOP ( 'NONE', ( #2785, #2367 ) ) ;
#2085 = EDGE_CURVE ( 'NONE', #1250, #1688, #567, .T. ) ;
#2086 = EDGE_CURVE ( 'NONE', #823, #1987, #916, .T. ) ;
#2087 = DIRECTION ( 'NONE',  ( 0.000000000000000000, 0.000000000000000000, -1.000000000000000000 ) ) ;
#2088 = CARTESIAN_POINT ( 'NONE',  ( -8.445250937093110366, 20.38441223251621182, -51.46243887852406118 ) ) ;
#2089 = VECTOR ( 'NONE', #965, 1000.000000000000114 ) ;
#2090 = LINE ( 'NONE', #560, #2281 ) ;
#2091 = DIRECTION ( 'NONE',  ( 0.000000000000000000, 0.000000000000000000, 1.000000000000000000 ) ) ;
#2092 = EDGE_CURVE ( 'NONE', #2635, #2673, #761, .T. ) ;
#2093 = ORIENTED_EDGE ( 'NONE', *, *, #156, .T. ) ;
#2094 = ADVANCED_FACE ( 'NONE', ( #999 ), #96, .F. ) ;
#2095 = CARTESIAN_POINT ( 'NONE',  ( -24.69849011171107378, -1.512152455818657204, -32.80041777998817309 ) ) ;
#2096 = VECTOR ( 'NONE', #2661, 1000.000000000000000 ) ;
#2097 = CARTESIAN_POINT ( 'NONE',  ( -9.806641169858094642, 17.43627320682738358, -40.80041777998818020 ) ) ;
#2098 = LINE ( 'NONE', #1253, #791 ) ;
#2099 = VERTEX_POINT ( 'NONE', #2596 ) ;
#2100 = AXIS2_PLACEMENT_3D ( 'NONE', #1598, #1145, #60 ) ;
#2101 = CARTESIAN_POINT ( 'NONE',  ( -2.742488627072006580, 15.04637096376495009, -50.79171103136643950 ) ) ;
#2102 = CARTESIAN_POINT ( 'NONE',  ( -8.479594318002169118, 20.69589606792181868, -53.65041577998819378 ) ) ;
#2103 = EDGE_LOOP ( 'NONE', ( #2826, #2389, #2695, #700 ) ) ;
#2104 = CARTESIAN_POINT ( 'NONE',  ( -8.242851125669918844, 20.24972593684091038, -51.10141249210860082 ) ) ;
#2105 = CARTESIAN_POINT ( 'NONE',  ( -20.89227580076976309, 21.53784716417489165, -40.80041777998818020 ) ) ;
#2106 = CARTESIAN_POINT ( 'NONE',  ( -2.596113910731133068, 14.45866362446839659, -51.59041577998818440 ) ) ;
#2107 = ORIENTED_EDGE ( 'NONE', *, *, #2146, .T. ) ;
#2108 = CARTESIAN_POINT ( 'NONE',  ( -3.158793611581506955, 13.41155903878397204, -37.61027914159473085 ) ) ;
#2109 = VECTOR ( 'NONE', #2125, 1000.000000000000000 ) ;
#2110 = CARTESIAN_POINT ( 'NONE',  ( -24.69849011171107378, -1.512152455818657204, -31.40041777998817096 ) ) ;
#2111 = DIRECTION ( 'NONE',  ( -1.000000000000000000, 0.000000000000000000, 0.000000000000000000 ) ) ;
#2112 = EDGE_LOOP ( 'NONE', ( #1282, #1084, #1001, #2226 ) ) ;
#2113 = CIRCLE ( 'NONE', #2677, 3.000000000000002665 ) ;
#2114 = CARTESIAN_POINT ( 'NONE',  ( -2.598789324846891180, 14.46287054256621651, -51.51160551332501569 ) ) ;
#2115 = CARTESIAN_POINT ( 'NONE',  ( -7.871138753029185864, 20.23850144887668279, -54.44912052860992446 ) ) ;
#2116 = VERTEX_POINT ( 'NONE', #2583 ) ;
#2117 = CARTESIAN_POINT ( 'NONE',  ( -2.758504458289603889, 15.06758652290573686, -54.45041506444279378 ) ) ;
#2118 = DIRECTION ( 'NONE',  ( -1.000000000000000000, 0.000000000000000000, 0.000000000000000000 ) ) ;
#2119 = DIRECTION ( 'NONE',  ( 0.000000000000000000, 0.000000000000000000, -1.000000000000000000 ) ) ;
#2120 = CYLINDRICAL_SURFACE ( 'NONE', #145, 25.89999999999999503 ) ;
#2121 = VECTOR ( 'NONE', #1564, 1000.000000000000000 ) ;
#2122 = ADVANCED_BREP_SHAPE_REPRESENTATION ( '顶部导热块', ( #2329, #363 ), #2466 ) ;
#2123 = ORIENTED_EDGE ( 'NONE', *, *, #2439, .T. ) ;
#2124 = CIRCLE ( 'NONE', #1660, 2.999999999999999112 ) ;
#2125 = DIRECTION ( 'NONE',  ( -0.000000000000000000, -0.000000000000000000, 1.000000000000000000 ) ) ;
#2126 = CARTESIAN_POINT ( 'NONE',  ( -24.69849011171107378, -1.512152455818657204, -40.80041777998818020 ) ) ;
#2127 = DIRECTION ( 'NONE',  ( -0.000000000000000000, -0.000000000000000000, 1.000000000000000000 ) ) ;
#2128 = ORIENTED_EDGE ( 'NONE', *, *, #804, .F. ) ;
#2129 =( NAMED_UNIT ( * ) SI_UNIT ( $, .STERADIAN. ) SOLID_ANGLE_UNIT ( ) );
#2130 = EDGE_CURVE ( 'NONE', #2467, #1594, #1637, .T. ) ;
#2131 = PRODUCT_DEFINITION_FORMATION_WITH_SPECIFIED_SOURCE ( '任何', '', #2485, .NOT_KNOWN. ) ;
#2132 = CARTESIAN_POINT ( 'NONE',  ( -2.596113910731133068, 14.45866362446839659, -51.59041577998818440 ) ) ;
#2133 = CARTESIAN_POINT ( 'NONE',  ( -8.222869716008323948, 20.23617475208857286, -54.15516585499435820 ) ) ;
#2134 = VERTEX_POINT ( 'NONE', #1270 ) ;
#2135 = CARTESIAN_POINT ( 'NONE',  ( -8.113724157249473379, 20.42402958718154693, -50.87191440507890405 ) ) ;
#2136 = EDGE_CURVE ( 'NONE', #2549, #718, #1425, .T. ) ;
#2137 = DIRECTION ( 'NONE',  ( -1.000000000000000000, 0.000000000000000000, 0.000000000000000000 ) ) ;
#2138 = DIRECTION ( 'NONE',  ( -0.000000000000000000, -0.000000000000000000, 1.000000000000000000 ) ) ;
#2139 = FACE_OUTER_BOUND ( 'NONE', #2524, .T. ) ;
#2140 = ORIENTED_EDGE ( 'NONE', *, *, #1802, .T. ) ;
#2141 = DIRECTION ( 'NONE',  ( -0.7114425483935333805, -0.7027442638224198346, 0.000000000000000000 ) ) ;
#2142 = VECTOR ( 'NONE', #1527, 1000.000000000000000 ) ;
#2143 = DIRECTION ( 'NONE',  ( -0.7114425483935358230, -0.7027442638224175031, 0.000000000000000000 ) ) ;
#2144 = CARTESIAN_POINT ( 'NONE',  ( -8.399679074061729978, -17.81096349346800878, -49.28569915422676218 ) ) ;
#2145 = ORIENTED_EDGE ( 'NONE', *, *, #1286, .F. ) ;
#2146 = EDGE_CURVE ( 'NONE', #138, #919, #843, .T. ) ;
#2147 = CARTESIAN_POINT ( 'NONE',  ( -2.538885084718360385, 14.77287264461349636, -50.89050629217327071 ) ) ;
#2148 = CARTESIAN_POINT ( 'NONE',  ( -7.995870663053258554, 20.33441869446693673, -54.42321875117883678 ) ) ;
#2149 = AXIS2_PLACEMENT_3D ( 'NONE', #2267, #2703, #2279 ) ;
#2150 = ORIENTED_EDGE ( 'NONE', *, *, #2385, .T. ) ;
#2151 = CARTESIAN_POINT ( 'NONE',  ( -8.255007729955988083, 20.53013235850071183, -50.98729131593056252 ) ) ;
#2152 = DIRECTION ( 'NONE',  ( -1.000000000000000000, 0.000000000000000000, -0.000000000000000000 ) ) ;
#2153 = PLANE ( 'NONE',  #1797 ) ;
#2154 = CARTESIAN_POINT ( 'NONE',  ( -9.650410952386431873, 20.26812554838342706, -51.00041577998818099 ) ) ;
#2155 = EDGE_CURVE ( 'NONE', #2772, #1577, #2220, .T. ) ;
#2156 = ORIENTED_EDGE ( 'NONE', *, *, #2685, .T. ) ;
#2157 = DIRECTION ( 'NONE',  ( 0.000000000000000000, 0.000000000000000000, -1.000000000000000000 ) ) ;
#2158 = CARTESIAN_POINT ( 'NONE',  ( -39.59033905356749727, 17.43627320682939086, -40.80041777998818020 ) ) ;
#2159 = DIRECTION ( 'NONE',  ( 0.000000000000000000, 0.000000000000000000, 1.000000000000000000 ) ) ;
#2160 = ORIENTED_EDGE ( 'NONE', *, *, #745, .T. ) ;
#2161 = AXIS2_PLACEMENT_3D ( 'NONE', #2636, #215, #1297 ) ;
#2162 = CARTESIAN_POINT ( 'NONE',  ( -2.427156382665539347, 14.61973467574055974, -51.03279415363113714 ) ) ;
#2163 = CARTESIAN_POINT ( 'NONE',  ( -8.420810456959625157, 20.36838535570556985, -53.87192940561229904 ) ) ;
#2164 = ORIENTED_EDGE ( 'NONE', *, *, #753, .F. ) ;
#2165 = CARTESIAN_POINT ( 'NONE',  ( -7.968031227011063145, 20.05947624438782739, -50.99041631664717045 ) ) ;
#2166 = AXIS2_PLACEMENT_3D ( 'NONE', #1027, #1733, #2387 ) ;
#2167 = CARTESIAN_POINT ( 'NONE',  ( -5.399679074061924489, 14.78665858183135562, -32.80041777998817309 ) ) ;
#2168 = CARTESIAN_POINT ( 'NONE',  ( -24.69849011171107378, -1.512152455818657204, -31.20041777998817878 ) ) ;
#2169 = CARTESIAN_POINT ( 'NONE',  ( -8.457001071010116888, 20.39209447807045805, -51.59041577998819861 ) ) ;
#2170 = EDGE_CURVE ( 'NONE', #1431, #41, #2359, .T. ) ;
#2171 = EDGE_CURVE ( 'NONE', #1303, #2708, #1097, .T. ) ;
#2172 = ORIENTED_EDGE ( 'NONE', *, *, #2314, .F. ) ;
#2173 = CARTESIAN_POINT ( 'NONE',  ( -2.749414949113187401, 14.69510898060483228, -51.08534187601787124 ) ) ;
#2174 = EDGE_CURVE ( 'NONE', #2469, #844, #1193, .T. ) ;
#2175 = AXIS2_PLACEMENT_3D ( 'NONE', #194, #2002, #2881 ) ;
#2176 = CARTESIAN_POINT ( 'NONE',  ( -8.128863384210138321, 20.17185247595332243, -54.21146286527055480 ) ) ;
#2177 = CARTESIAN_POINT ( 'NONE',  ( -2.823522168698520574, 14.80618820662540536, -51.02195064416299175 ) ) ;
#2178 = AXIS2_PLACEMENT_3D ( 'NONE', #110, #1691, #2774 ) ;
#2179 = VERTEX_POINT ( 'NONE', #1327 ) ;
#2180 = CIRCLE ( 'NONE', #122, 2.999999999999999112 ) ;
#2181 = EDGE_CURVE ( 'NONE', #495, #2772, #1104, .T. ) ;
#2182 = DIRECTION ( 'NONE',  ( -1.000000000000000000, 0.000000000000000000, 0.000000000000000000 ) ) ;
#2183 = CARTESIAN_POINT ( 'NONE',  ( -8.479594318002169118, 20.69589606792181868, -53.65041577998819378 ) ) ;
#2184 = VERTEX_POINT ( 'NONE', #9 ) ;
#2185 = DIRECTION ( 'NONE',  ( -1.000000000000000000, 0.000000000000000000, -0.000000000000000000 ) ) ;
#2186 = DIRECTION ( 'NONE',  ( -0.000000000000000000, -0.000000000000000000, 1.000000000000000000 ) ) ;
#2187 = LINE ( 'NONE', #2648, #1684 ) ;
#2188 = VERTEX_POINT ( 'NONE', #1519 ) ;
#2189 = CARTESIAN_POINT ( 'NONE',  ( -40.99730114935989178, -17.81096349346809049, -32.80041777998817309 ) ) ;
#2190 = CARTESIAN_POINT ( 'NONE',  ( -8.028832828890942963, 20.10230357286344116, -54.24328025279461230 ) ) ;
#2191 = DIRECTION ( 'NONE',  ( -0.000000000000000000, -0.000000000000000000, 1.000000000000000000 ) ) ;
#2192 = ORIENTED_EDGE ( 'NONE', *, *, #904, .F. ) ;
#2193 = CONICAL_SURFACE ( 'NONE', #2326, 27.49999999999999645, 0.7853981633974569387 ) ;
#2194 = CARTESIAN_POINT ( 'NONE',  ( -24.69849011171107378, -1.512152455818657204, -138.7821617105083760 ) ) ;
#2195 = CARTESIAN_POINT ( 'NONE',  ( -8.336400353960751630, 20.59060962903796721, -54.14903383726470310 ) ) ;
#2196 = ORIENTED_EDGE ( 'NONE', *, *, #512, .T. ) ;
#2197 = B_SPLINE_CURVE_WITH_KNOTS ( 'NONE', 3,
 ( #1372, #2261, #2233, #1342, #323, #1670 ),
 .UNSPECIFIED., .F., .F.,
 ( 4, 2, 4 ),
 ( 0.000000000000000000, 0.5000000000000000000, 1.000000000000000000 ),
 .UNSPECIFIED. ) ;
#2198 = AXIS2_PLACEMENT_3D ( 'NONE', #864, #881, #62 ) ;
#2199 = LINE ( 'NONE', #2676, #837 ) ;
#2200 = DIRECTION ( 'NONE',  ( 0.7027442638224207228, -0.7114425483935324923, 0.000000000000000000 ) ) ;
#2201 = DIRECTION ( 'NONE',  ( -1.000000000000000000, 0.000000000000000000, 0.000000000000000000 ) ) ;
#2202 = CIRCLE ( 'NONE', #1596, 24.09999999999566000 ) ;
#2203 = ORIENTED_EDGE ( 'NONE', *, *, #1188, .F. ) ;
#2204 = CARTESIAN_POINT ( 'NONE',  ( -5.695875079598645030, -19.11074961415304685, -40.80041777998818020 ) ) ;
#2205 = CARTESIAN_POINT ( 'NONE',  ( -8.355833803641923296, 20.32559281295897691, -54.01758108095143740 ) ) ;
#2206 = CARTESIAN_POINT ( 'NONE',  ( -52.19849011171107378, -1.512152455818653873, -138.7821617105083760 ) ) ;
#2207 = EDGE_CURVE ( 'NONE', #2134, #983, #906, .T. ) ;
#2208 = VERTEX_POINT ( 'NONE', #1998 ) ;
#2209 = CARTESIAN_POINT ( 'NONE',  ( -24.69849011171107378, -1.512152455818657204, -32.80041777998818020 ) ) ;
#2210 = CARTESIAN_POINT ( 'NONE',  ( -2.598377889945556074, 14.46222849234568208, -53.73064917382205152 ) ) ;
#2211 = ORIENTED_EDGE ( 'NONE', *, *, #128, .T. ) ;
#2212 = CIRCLE ( 'NONE', #1931, 3.000000000000002665 ) ;
#2213 = FACE_OUTER_BOUND ( 'NONE', #1711, .T. ) ;
#2214 = CARTESIAN_POINT ( 'NONE',  ( -2.726967877093402937, 14.66107050823432800, -54.12776717624520018 ) ) ;
#2215 = DIRECTION ( 'NONE',  ( 0.08642513706565108089, 0.9962583478612279109, 0.000000000000000000 ) ) ;
#2216 = ORIENTED_EDGE ( 'NONE', *, *, #598, .T. ) ;
#2217 = DIRECTION ( 'NONE',  ( 0.000000000000000000, 0.000000000000000000, -1.000000000000000000 ) ) ;
#2218 = EDGE_CURVE ( 'NONE', #1599, #1123, #1756, .T. ) ;
#2219 = DIRECTION ( 'NONE',  ( 0.7027442638224198346, -0.7114425483935334915, 0.000000000000000000 ) ) ;
#2220 = LINE ( 'NONE', #2206, #720 ) ;
#2221 = ORIENTED_EDGE ( 'NONE', *, *, #2873, .T. ) ;
#2222 = CARTESIAN_POINT ( 'NONE',  ( -8.468824143549877448, 20.68802658964480656, -51.44578065887877472 ) ) ;
#2223 = AXIS2_PLACEMENT_3D ( 'NONE', #2025, #1135, #915 ) ;
#2224 = CIRCLE ( 'NONE', #1521, 25.89999999999999147 ) ;
#2225 = CARTESIAN_POINT ( 'NONE',  ( -2.800939567708782274, 14.77254028706691180, -54.20344702735438602 ) ) ;
#2226 = ORIENTED_EDGE ( 'NONE', *, *, #1808, .F. ) ;
#2227 = ADVANCED_FACE ( 'NONE', ( #1783 ), #2729, .T. ) ;
#2228 = CARTESIAN_POINT ( 'NONE',  ( -24.69849011171107378, -1.512152455818657204, -31.20041777998817878 ) ) ;
#2229 = CARTESIAN_POINT ( 'NONE',  ( -2.295715044056039211, 14.43669298886626962, -53.74279376739276159 ) ) ;
#2230 = DIRECTION ( 'NONE',  ( -1.000000000000000000, 0.000000000000000000, 0.000000000000000000 ) ) ;
#2231 = ORIENTED_EDGE ( 'NONE', *, *, #921, .T. ) ;
#2232 = ADVANCED_FACE ( 'NONE', ( #1209 ), #336, .F. ) ;
#2233 = CARTESIAN_POINT ( 'NONE',  ( -8.164680295334942883, 20.46296967383632648, -50.87566081018383102 ) ) ;
#2234 = CARTESIAN_POINT ( 'NONE',  ( -2.722276601844709987, 14.65391972684238375, -51.11989067514253549 ) ) ;
#2235 = ORIENTED_EDGE ( 'NONE', *, *, #1055, .T. ) ;
#2236 = CARTESIAN_POINT ( 'NONE',  ( -8.150974391252347573, 20.45214284498390001, -50.89629678572865856 ) ) ;
#2237 = CARTESIAN_POINT ( 'NONE',  ( -2.807667825339854151, 14.78258175634699079, -54.20834426831504516 ) ) ;
#2238 = ORIENTED_EDGE ( 'NONE', *, *, #58, .T. ) ;
#2239 = CARTESIAN_POINT ( 'NONE',  ( -50.59849011171106525, -1.512152455818654095, -138.7821617105083760 ) ) ;
#2240 = EDGE_CURVE ( 'NONE', #809, #681, #792, .T. ) ;
#2241 = CARTESIAN_POINT ( 'NONE',  ( -2.649436628057733056, 14.54195998194735395, -53.97724920908524382 ) ) ;
#2242 = CARTESIAN_POINT ( 'NONE',  ( -9.806641169857517326, -20.46057811846423746, -36.80041777998817309 ) ) ;
#2243 = CIRCLE ( 'NONE', #2380, 27.29999999999998295 ) ;
#2244 = VECTOR ( 'NONE', #2560, 1000.000000000000000 ) ;
#2245 = AXIS2_PLACEMENT_3D ( 'NONE', #2303, #1158, #1168 ) ;
#2246 = LINE ( 'NONE', #482, #833 ) ;
#2247 = AXIS2_PLACEMENT_3D ( 'NONE', #2605, #1734, #2622 ) ;
#2248 = DIRECTION ( 'NONE',  ( 1.000000000000000000, 0.000000000000000000, -0.000000000000000000 ) ) ;
#2249 = CARTESIAN_POINT ( 'NONE',  ( -2.600379516454109918, 14.46537017131320724, -51.49219324818484722 ) ) ;
#2250 = ORIENTED_EDGE ( 'NONE', *, *, #1186, .T. ) ;
#2251 = CARTESIAN_POINT ( 'NONE',  ( -8.085822537687187506, 20.14207183217324726, -51.01241573143808949 ) ) ;
#2252 = CARTESIAN_POINT ( 'NONE',  ( -24.69849011171107378, -1.512152455818657204, -40.80041777998818020 ) ) ;
#2253 = CARTESIAN_POINT ( 'NONE',  ( -3.683785251877332634, 14.22764736562128896, -51.59041577998818440 ) ) ;
#2254 = ORIENTED_EDGE ( 'NONE', *, *, #2714, .T. ) ;
#2255 = CARTESIAN_POINT ( 'NONE',  ( -52.19849011171108089, -1.512152455818653873, -31.40041777998817096 ) ) ;
#2256 = CARTESIAN_POINT ( 'NONE',  ( -2.352920719425307450, 14.51674547251717229, -54.04097201121498273 ) ) ;
#2257 = FACE_OUTER_BOUND ( 'NONE', #2794, .T. ) ;
#2258 = ORIENTED_EDGE ( 'NONE', *, *, #1386, .T. ) ;
#2259 = ORIENTED_EDGE ( 'NONE', *, *, #865, .T. ) ;
#2260 = EDGE_CURVE ( 'NONE', #1146, #92, #1051, .T. ) ;
#2261 = CARTESIAN_POINT ( 'NONE',  ( -7.996718836251314855, 20.33609545702046262, -50.79042146218493059 ) ) ;
#2262 = EDGE_LOOP ( 'NONE', ( #1619, #1324, #2879, #82, #1979, #2450, #502, #460 ) ) ;
#2263 = CARTESIAN_POINT ( 'NONE',  ( -8.128524382927031056, 20.17162143832210219, -51.02914873994140521 ) ) ;
#2264 = DIRECTION ( 'NONE',  ( 1.000000000000000000, 0.000000000000000000, 0.000000000000000000 ) ) ;
#2265 = FACE_OUTER_BOUND ( 'NONE', #298, .T. ) ;
#2266 = ORIENTED_EDGE ( 'NONE', *, *, #1715, .F. ) ;
#2267 = CARTESIAN_POINT ( 'NONE',  ( -24.69849011171107378, -1.512152455818657204, -31.20041777998817878 ) ) ;
#2268 = AXIS2_PLACEMENT_3D ( 'NONE', #2126, #596, #970 ) ;
#2269 = CIRCLE ( 'NONE', #1387, 0.2000000000000005107 ) ;
#2270 = CARTESIAN_POINT ( 'NONE',  ( -2.701687587388418077, 14.62249141463677482, -54.08961171392181200 ) ) ;
#2271 = DIRECTION ( 'NONE',  ( -1.000000000000000000, 0.000000000000000000, -0.000000000000000000 ) ) ;
#2272 = ORIENTED_EDGE ( 'NONE', *, *, #2015, .T. ) ;
#2273 = CIRCLE ( 'NONE', #1247, 3.000000000000002665 ) ;
#2274 = ORIENTED_EDGE ( 'NONE', *, *, #23, .T. ) ;
#2275 = CARTESIAN_POINT ( 'NONE',  ( -8.351070226027781374, 20.32230228265546401, -51.22449525289495398 ) ) ;
#2276 = CYLINDRICAL_SURFACE ( 'NONE', #26, 24.09999999999566000 ) ;
#2277 = CARTESIAN_POINT ( 'NONE',  ( -2.828809856560946745, 14.81401527432402077, -54.22162112448155113 ) ) ;
#2278 = VERTEX_POINT ( 'NONE', #1974 ) ;
#2279 = DIRECTION ( 'NONE',  ( 1.000000000000000000, 0.000000000000000000, 0.000000000000000000 ) ) ;
#2280 = CARTESIAN_POINT ( 'NONE',  ( -2.618527130163659677, 14.88069335498412116, -54.40847404524389219 ) ) ;
#2281 = VECTOR ( 'NONE', #756, 1000.000000000000000 ) ;
#2282 = CARTESIAN_POINT ( 'NONE',  ( -0.5984901117154148853, -1.512152455818657204, -40.80041777998818020 ) ) ;
#2283 = DIRECTION ( 'NONE',  ( 0.000000000000000000, 0.000000000000000000, -1.000000000000000000 ) ) ;
#2284 = VECTOR ( 'NONE', #2087, 1000.000000000000000 ) ;
#2285 = ORIENTED_EDGE ( 'NONE', *, *, #669, .T. ) ;
#2286 = PLANE ( 'NONE',  #754 ) ;
#2287 = CYLINDRICAL_SURFACE ( 'NONE', #499, 1.520000000000000462 ) ;
#2288 = FACE_OUTER_BOUND ( 'NONE', #522, .T. ) ;
#2289 = ORIENTED_EDGE ( 'NONE', *, *, #1110, .T. ) ;
#2290 = CARTESIAN_POINT ( 'NONE',  ( -2.880946018240854833, 15.00841697062446656, -54.31708244665485097 ) ) ;
#2291 = EDGE_CURVE ( 'NONE', #657, #1456, #1787, .T. ) ;
#2292 = CARTESIAN_POINT ( 'NONE',  ( -8.452585553732060220, 20.38920938396544003, -51.51130653911998536 ) ) ;
#2293 = CARTESIAN_POINT ( 'NONE',  ( -28.50470442265406490, -24.56215207581658788, -40.80041777998818020 ) ) ;
#2294 = LINE ( 'NONE', #1904, #1315 ) ;
#2295 = AXIS2_PLACEMENT_3D ( 'NONE', #969, #997, #1251 ) ;
#2296 = EDGE_CURVE ( 'NONE', #853, #827, #497, .T. ) ;
#2297 = VECTOR ( 'NONE', #1555, 1000.000000000000000 ) ;
#2298 = ADVANCED_FACE ( 'NONE', ( #1727 ), #645, .F. ) ;
#2299 = ORIENTED_EDGE ( 'NONE', *, *, #1567, .F. ) ;
#2300 = AXIS2_PLACEMENT_3D ( 'NONE', #621, #2843, #821 ) ;
#2301 = LINE ( 'NONE', #2316, #157 ) ;
#2302 = CARTESIAN_POINT ( 'NONE',  ( -2.774648604874375479, 15.08890695564976525, -50.79041577998818724 ) ) ;
#2303 = CARTESIAN_POINT ( 'NONE',  ( -28.50470442265394766, 21.53784716418013545, -32.80041777998817309 ) ) ;
#2304 = ORIENTED_EDGE ( 'NONE', *, *, #2314, .T. ) ;
#2305 = DIRECTION ( 'NONE',  ( 1.000000000000000000, 0.000000000000000000, 0.000000000000000000 ) ) ;
#2306 = EDGE_CURVE ( 'NONE', #1588, #593, #1501, .T. ) ;
#2307 = CARTESIAN_POINT ( 'NONE',  ( -2.664216411527822181, 14.94207047611885741, -54.43016161703648947 ) ) ;
#2308 = AXIS2_PLACEMENT_3D ( 'NONE', #263, #276, #2522 ) ;
#2309 = DIRECTION ( 'NONE',  ( 0.000000000000000000, 0.000000000000000000, 1.000000000000000000 ) ) ;
#2310 = AXIS2_PLACEMENT_3D ( 'NONE', #1144, #524, #2736 ) ;
#2311 = EDGE_CURVE ( 'NONE', #107, #1558, #117, .T. ) ;
#2312 = CARTESIAN_POINT ( 'NONE',  ( -27.86568728706310694, 22.37882621924635629, -32.80041777998817309 ) ) ;
#2313 = CARTESIAN_POINT ( 'NONE',  ( -3.683785251877332634, 14.22764736562128896, -53.65041577998817957 ) ) ;
#2314 = EDGE_CURVE ( 'NONE', #809, #1588, #2670, .T. ) ;
#2315 = ORIENTED_EDGE ( 'NONE', *, *, #2748, .T. ) ;
#2316 = CARTESIAN_POINT ( 'NONE',  ( -50.79849011171107520, -1.512152455818654095, -31.20041777998817878 ) ) ;
#2317 = CARTESIAN_POINT ( 'NONE',  ( -7.951688768616168801, 20.04787177364163142, -54.25041577998818099 ) ) ;
#2318 = FACE_OUTER_BOUND ( 'NONE', #2017, .T. ) ;
#2319 = VERTEX_POINT ( 'NONE', #2642 ) ;
#2320 = SHAPE_DEFINITION_REPRESENTATION ( #2041, #2122 ) ;
#2321 = CARTESIAN_POINT ( 'NONE',  ( -2.663600411816877234, 14.94123029352820708, -50.81122892605932861 ) ) ;
#2322 = CARTESIAN_POINT ( 'NONE',  ( -7.951688768616168801, 20.04787177364163142, -50.99041577998818298 ) ) ;
#2323 = ORIENTED_EDGE ( 'NONE', *, *, #1844, .F. ) ;
#2324 = CARTESIAN_POINT ( 'NONE',  ( -2.574181677298269300, 14.82080737145408200, -54.38000765429181627 ) ) ;
#2325 = EDGE_CURVE ( 'NONE', #983, #919, #1959, .T. ) ;
#2326 = AXIS2_PLACEMENT_3D ( 'NONE', #1872, #310, #120 ) ;
#2327 = CARTESIAN_POINT ( 'NONE',  ( -23.17849011171107421, 21.53784716418134693, -32.80041777998817309 ) ) ;
#2328 = DIRECTION ( 'NONE',  ( -0.000000000000000000, -0.000000000000000000, 1.000000000000000000 ) ) ;
#2329 = MANIFOLD_SOLID_BREP ( '倒角3', #1586 ) ;
#2330 = ORIENTED_EDGE ( 'NONE', *, *, #1414, .F. ) ;
#2331 = DIRECTION ( 'NONE',  ( -1.000000000000000000, 0.000000000000000000, -0.000000000000000000 ) ) ;
#2332 = AXIS2_PLACEMENT_3D ( 'NONE', #1408, #1842, #2540 ) ;
#2333 = DIRECTION ( 'NONE',  ( -0.000000000000000000, -0.000000000000000000, -1.000000000000000000 ) ) ;
#2334 = DIRECTION ( 'NONE',  ( 0.000000000000000000, 0.000000000000000000, -1.000000000000000000 ) ) ;
#2335 = ORIENTED_EDGE ( 'NONE', *, *, #357, .F. ) ;
#2336 = CONICAL_SURFACE ( 'NONE', #1359, 27.29999999999997939, 0.7853981633974136400 ) ;
#2337 = AXIS2_PLACEMENT_3D ( 'NONE', #635, #393, #2388 ) ;
#2338 = CARTESIAN_POINT ( 'NONE',  ( -2.421766170214211034, 14.61229019981290023, -51.04222515005461247 ) ) ;
#2339 = CARTESIAN_POINT ( 'NONE',  ( -8.345463110891827796, 20.31856728708417492, -54.02437932294554912 ) ) ;
#2340 = ORIENTED_EDGE ( 'NONE', *, *, #669, .F. ) ;
#2341 = CARTESIAN_POINT ( 'NONE',  ( -2.480103407630098289, 14.69259147445798064, -54.28688430833086898 ) ) ;
#2342 = DIRECTION ( 'NONE',  ( -0.000000000000000000, -0.000000000000000000, 1.000000000000000000 ) ) ;
#2343 = DIRECTION ( 'NONE',  ( 0.000000000000000000, 0.000000000000000000, -1.000000000000000000 ) ) ;
#2344 = DIRECTION ( 'NONE',  ( 0.000000000000000000, 0.000000000000000000, -1.000000000000000000 ) ) ;
#2345 = EDGE_LOOP ( 'NONE', ( #1208, #433, #1681, #1152 ) ) ;
#2346 = CARTESIAN_POINT ( 'NONE',  ( -8.165774806034002964, 20.46378651201437293, -54.36407739319803056 ) ) ;
#2347 = DIRECTION ( 'NONE',  ( -1.000000000000000000, 0.000000000000000000, 0.000000000000000000 ) ) ;
#2348 = DIRECTION ( 'NONE',  ( 0.000000000000000000, 0.000000000000000000, -1.000000000000000000 ) ) ;
#2349 = ORIENTED_EDGE ( 'NONE', *, *, #2030, .F. ) ;
#2350 = VECTOR ( 'NONE', #1294, 1000.000000000000000 ) ;
#2351 = CARTESIAN_POINT ( 'NONE',  ( -2.298743276300256877, 14.44094658797810915, -51.45945240425042044 ) ) ;
#2352 = CARTESIAN_POINT ( 'NONE',  ( -8.457000609816695658, 20.39209415322240204, -53.67032908044029682 ) ) ;
#2353 = ORIENTED_EDGE ( 'NONE', *, *, #1389, .F. ) ;
#2354 = CARTESIAN_POINT ( 'NONE',  ( -7.829001579289466051, 20.20582066909555152, -50.79041577998818724 ) ) ;
#2355 = CIRCLE ( 'NONE', #952, 2.999999999999999112 ) ;
#2356 = DIRECTION ( 'NONE',  ( -1.000000000000000000, 0.000000000000000000, 0.000000000000000000 ) ) ;
#2357 = CARTESIAN_POINT ( 'NONE',  ( -28.50470442265406490, -24.56215207581658788, -40.80041777998818020 ) ) ;
#2358 = CARTESIAN_POINT ( 'NONE',  ( 1.401509888288920314, -1.512152455818657204, -31.20041777998817878 ) ) ;
#2359 = CIRCLE ( 'NONE', #1709, 2.999999999999999112 ) ;
#2360 = ORIENTED_EDGE ( 'NONE', *, *, #91, .T. ) ;
#2361 = DIRECTION ( 'NONE',  ( -0.000000000000000000, -0.000000000000000000, 1.000000000000000000 ) ) ;
#2362 = DIRECTION ( 'NONE',  ( 0.000000000000000000, 0.000000000000000000, -1.000000000000000000 ) ) ;
#2363 = CARTESIAN_POINT ( 'NONE',  ( -7.951688768616168801, 20.04787177364163142, -54.25041577998818099 ) ) ;
#2364 = ORIENTED_EDGE ( 'NONE', *, *, #441, .T. ) ;
#2365 = CARTESIAN_POINT ( 'NONE',  ( -2.396130270111060945, 14.57681328210993676, -51.09179772271166797 ) ) ;
#2366 = CARTESIAN_POINT ( 'NONE',  ( -8.379499818507646580, 20.34115195495891726, -53.96822750877520036 ) ) ;
#2367 = ORIENTED_EDGE ( 'NONE', *, *, #962, .F. ) ;
#2368 = CARTESIAN_POINT ( 'NONE',  ( -7.951688768616167025, 20.04787177364163142, -50.99041577998819008 ) ) ;
#2369 = CARTESIAN_POINT ( 'NONE',  ( -50.59849011171107236, -1.512152455818654095, -40.80041777998818020 ) ) ;
#2370 = DIRECTION ( 'NONE',  ( -0.7114425483935333805, -0.7027442638224198346, 0.000000000000000000 ) ) ;
#2371 = FACE_BOUND ( 'NONE', #210, .T. ) ;
#2372 = ORIENTED_EDGE ( 'NONE', *, *, #804, .T. ) ;
#2373 = CARTESIAN_POINT ( 'NONE',  ( -2.843861600339808504, 14.83629975901641807, -51.01136243283258409 ) ) ;
#2374 = CARTESIAN_POINT ( 'NONE',  ( -6.192582273723351349, 16.76749726338618629, -51.00041577998818099 ) ) ;
#2375 = LINE ( 'NONE', #1430, #2058 ) ;
#2376 = EDGE_LOOP ( 'NONE', ( #2393, #1093, #112, #748, #1182, #942, #2032, #1917 ) ) ;
#2377 = AXIS2_PLACEMENT_3D ( 'NONE', #575, #1453, #559 ) ;
#2378 = CARTESIAN_POINT ( 'NONE',  ( -2.532023201543015745, 14.76353110611758623, -50.89693388797863349 ) ) ;
#2379 = CARTESIAN_POINT ( 'NONE',  ( -8.439667006032102847, 20.38075730954010822, -53.80622268932870611 ) ) ;
#2380 = AXIS2_PLACEMENT_3D ( 'NONE', #1377, #515, #2750 ) ;
#2381 = ORIENTED_EDGE ( 'NONE', *, *, #55, .F. ) ;
#2382 = CARTESIAN_POINT ( 'NONE',  ( -8.035278976326210909, 20.36449156699352869, -50.83235751473246467 ) ) ;
#2383 = AXIS2_PLACEMENT_3D ( 'NONE', #2842, #1512, #2118 ) ;
#2384 = DIRECTION ( 'NONE',  ( 0.000000000000000000, 0.000000000000000000, -1.000000000000000000 ) ) ;
#2385 = EDGE_CURVE ( 'NONE', #1064, #1800, #1615, .T. ) ;
#2386 = AXIS2_PLACEMENT_3D ( 'NONE', #1732, #848, #1685 ) ;
#2387 = DIRECTION ( 'NONE',  ( -1.000000000000000000, 0.000000000000000000, 0.000000000000000000 ) ) ;
#2388 = DIRECTION ( 'NONE',  ( -1.000000000000000000, 0.000000000000000000, 0.000000000000000000 ) ) ;
#2389 = ORIENTED_EDGE ( 'NONE', *, *, #1389, .T. ) ;
#2390 = CARTESIAN_POINT ( 'NONE',  ( -2.766299700929650829, 14.72059938554662750, -51.06731926478290973 ) ) ;
#2391 = DIRECTION ( 'NONE',  ( 0.000000000000000000, 0.000000000000000000, 1.000000000000000000 ) ) ;
#2392 = CARTESIAN_POINT ( 'NONE',  ( -27.86568728706433618, -25.40313113088341623, -40.80041777998818020 ) ) ;
#2393 = ORIENTED_EDGE ( 'NONE', *, *, #2092, .F. ) ;
#2394 = VECTOR ( 'NONE', #1969, 1000.000000000000000 ) ;
#2395 = DIRECTION ( 'NONE',  ( 0.7027442638224199456, -0.7114425483935333805, 0.000000000000000000 ) ) ;
#2396 = CARTESIAN_POINT ( 'NONE',  ( -8.388109263299766027, 20.34684246089561199, -53.95143870509441797 ) ) ;
#2397 = ORIENTED_EDGE ( 'NONE', *, *, #1919, .T. ) ;
#2398 = CONICAL_SURFACE ( 'NONE', #398, 27.30000000000000426, 0.7853981633974309595 ) ;
#2399 = EDGE_CURVE ( 'NONE', #1510, #991, #1806, .T. ) ;
#2400 = DIRECTION ( 'NONE',  ( 0.000000000000000000, 0.000000000000000000, -1.000000000000000000 ) ) ;
#2401 = DIRECTION ( 'NONE',  ( -1.000000000000000000, 0.000000000000000000, -0.000000000000000000 ) ) ;
#2402 = DIRECTION ( 'NONE',  ( -1.000000000000000000, 0.000000000000000000, -0.000000000000000000 ) ) ;
#2403 = ADVANCED_FACE ( 'NONE', ( #414, #1301 ), #2657, .T. ) ;
#2404 = ORIENTED_EDGE ( 'NONE', *, *, #2000, .T. ) ;
#2405 = DIRECTION ( 'NONE',  ( -1.000000000000000000, 0.000000000000000000, 0.000000000000000000 ) ) ;
#2406 = COLOUR_RGB ( '',0.8980392156862745390, 0.9176470588235293713, 0.9294117647058823817 ) ;
#2407 = CARTESIAN_POINT ( 'NONE',  ( -6.192582273723351349, 16.76749726338618629, -56.00041577998817388 ) ) ;
#2408 = CARTESIAN_POINT ( 'NONE',  ( -2.922694403819573239, 14.95169125450960124, -50.99041629435873091 ) ) ;
#2409 = CIRCLE ( 'NONE', #1760, 24.09999999999566000 ) ;
#2410 = CIRCLE ( 'NONE', #2462, 1.056214310942091394 ) ;
#2411 = ORIENTED_EDGE ( 'NONE', *, *, #618, .F. ) ;
#2412 =( NAMED_UNIT ( * ) PLANE_ANGLE_UNIT ( ) SI_UNIT ( $, .RADIAN. ) );
#2413 = CARTESIAN_POINT ( 'NONE',  ( -2.664597770425963574, 14.56544496849004844, -54.01633630713265433 ) ) ;
#2414 = ORIENTED_EDGE ( 'NONE', *, *, #1179, .T. ) ;
#2415 = DIRECTION ( 'NONE',  ( -1.000000000000000000, 0.000000000000000000, 0.000000000000000000 ) ) ;
#2416 = CARTESIAN_POINT ( 'NONE',  ( -26.21849011171107335, -24.56215207581864135, -40.80041777998818020 ) ) ;
#2417 = DIRECTION ( 'NONE',  ( 0.000000000000000000, 0.000000000000000000, -1.000000000000000000 ) ) ;
#2418 = ORIENTED_EDGE ( 'NONE', *, *, #2000, .F. ) ;
#2419 = CARTESIAN_POINT ( 'NONE',  ( -24.69849011171107378, -1.512152455818657204, -40.80041777998818020 ) ) ;
#2420 = CARTESIAN_POINT ( 'NONE',  ( -2.813095302337355719, 14.79068311973153094, -51.02851810628563811 ) ) ;
#2421 = VERTEX_POINT ( 'NONE', #442 ) ;
#2422 = SURFACE_STYLE_USAGE ( .BOTH. , #208 ) ;
#2423 = CARTESIAN_POINT ( 'NONE',  ( -2.761819220395351770, 14.71386018241088323, -54.16924142737514103 ) ) ;
#2424 = ORIENTED_EDGE ( 'NONE', *, *, #1095, .T. ) ;
#2425 = CIRCLE ( 'NONE', #610, 25.89999999999999147 ) ;
#2426 = CARTESIAN_POINT ( 'NONE',  ( -26.21849011171107335, 21.53784716418134693, -60.29962500960238714 ) ) ;
#2427 = CARTESIAN_POINT ( 'NONE',  ( -2.603651036656057016, 14.47050736866587961, -53.77839268145232410 ) ) ;
#2428 = ADVANCED_FACE ( 'NONE', ( #221 ), #1115, .F. ) ;
#2429 = PLANE ( 'NONE',  #198 ) ;
#2430 = AXIS2_PLACEMENT_3D ( 'NONE', #1624, #923, #45 ) ;
#2431 = ORIENTED_EDGE ( 'NONE', *, *, #390, .F. ) ;
#2432 = CARTESIAN_POINT ( 'NONE',  ( -24.69849011171107378, -24.56215207581864135, -32.80041777998817309 ) ) ;
#2433 = CYLINDRICAL_SURFACE ( 'NONE', #1010, 1.520000000000000462 ) ;
#2434 = EDGE_CURVE ( 'NONE', #813, #1064, #2224, .T. ) ;
#2435 = CARTESIAN_POINT ( 'NONE',  ( -2.844888203776747559, 14.83781815453362718, -51.01081355159520569 ) ) ;
#2436 = VERTEX_POINT ( 'NONE', #2614 ) ;
#2437 = B_SPLINE_CURVE_WITH_KNOTS ( 'NONE', 3,
 ( #2727, #727, #1626, #1421, #974, #528, #1433, #47 ),
 .UNSPECIFIED., .F., .F.,
 ( 4, 2, 2, 4 ),
 ( 0.000000000000000000, 0.2500000000000027756, 0.5000000000000055511, 1.000000000000000000 ),
 .UNSPECIFIED. ) ;
#2438 = DIRECTION ( 'NONE',  ( 0.000000000000000000, 0.000000000000000000, -1.000000000000000000 ) ) ;
#2439 = EDGE_CURVE ( 'NONE', #409, #2022, #2543, .T. ) ;
#2440 = CARTESIAN_POINT ( 'NONE',  ( -24.69849011171107378, 21.53784716418134693, -40.80041777998818020 ) ) ;
#2441 = CARTESIAN_POINT ( 'NONE',  ( -2.596113778422644014, 14.45866375515925029, -53.68986695703583223 ) ) ;
#2442 = ORIENTED_EDGE ( 'NONE', *, *, #2296, .F. ) ;
#2443 = AXIS2_PLACEMENT_3D ( 'NONE', #2432, #2157, #2651 ) ;
#2444 = AXIS2_PLACEMENT_3D ( 'NONE', #1162, #706, #494 ) ;
#2445 = DIRECTION ( 'NONE',  ( -0.000000000000000000, -0.000000000000000000, 1.000000000000000000 ) ) ;
#2446 = EDGE_CURVE ( 'NONE', #719, #853, #69, .T. ) ;
#2447 = VECTOR ( 'NONE', #184, 1000.000000000000114 ) ;
#2448 = CARTESIAN_POINT ( 'NONE',  ( -2.598944471274416301, 14.46311429720839570, -53.72952502085639281 ) ) ;
#2449 = DIRECTION ( 'NONE',  ( 0.000000000000000000, 0.000000000000000000, -1.000000000000000000 ) ) ;
#2450 = ORIENTED_EDGE ( 'NONE', *, *, #2170, .T. ) ;
#2451 = CARTESIAN_POINT ( 'NONE',  ( -2.697847553024033562, 14.61660185232657483, -51.15806163082972802 ) ) ;
#2452 = DIRECTION ( 'NONE',  ( -1.000000000000000000, 0.000000000000000000, 0.000000000000000000 ) ) ;
#2453 = DIRECTION ( 'NONE',  ( 0.000000000000000000, 0.000000000000000000, -1.000000000000000000 ) ) ;
#2454 = ADVANCED_FACE ( 'NONE', ( #1632 ), #1195, .F. ) ;
#2455 = ORIENTED_EDGE ( 'NONE', *, *, #1492, .T. ) ;
#2456 = CARTESIAN_POINT ( 'NONE',  ( -8.420265555542087554, 20.65244630453410224, -51.25830267393487105 ) ) ;
#2457 = VECTOR ( 'NONE', #1910, 1000.000000000000114 ) ;
#2458 = ADVANCED_FACE ( 'NONE', ( #1361 ), #1608, .T. ) ;
#2459 = FILL_AREA_STYLE_COLOUR ( '', #2406 ) ;
#2460 = CARTESIAN_POINT ( 'NONE',  ( -2.792010796590741251, 14.75919466705946625, -54.19655137814461909 ) ) ;
#2461 = ORIENTED_EDGE ( 'NONE', *, *, #1584, .F. ) ;
#2462 = AXIS2_PLACEMENT_3D ( 'NONE', #2548, #1887, #121 ) ;
#2463 = DIRECTION ( 'NONE',  ( -0.000000000000000000, -0.000000000000000000, 1.000000000000000000 ) ) ;
#2464 = CARTESIAN_POINT ( 'NONE',  ( -2.300349625033443424, 14.44320118575811307, -53.79505090109760346 ) ) ;
#2465 = LINE ( 'NONE', #2716, #2675 ) ;
#2466 =( GEOMETRIC_REPRESENTATION_CONTEXT ( 3 ) GLOBAL_UNCERTAINTY_ASSIGNED_CONTEXT ( ( #1062 ) ) GLOBAL_UNIT_ASSIGNED_CONTEXT ( ( #1635, #1002, #2129 ) ) REPRESENTATION_CONTEXT ( 'NONE', 'WORKASPACE' ) );
#2467 = VERTEX_POINT ( 'NONE', #2698 ) ;
#2468 = CARTESIAN_POINT ( 'NONE',  ( -2.640515066050916460, 14.52810686484685121, -51.28939285488200284 ) ) ;
#2469 = VERTEX_POINT ( 'NONE', #959 ) ;
#2470 = CARTESIAN_POINT ( 'NONE',  ( -28.29686764313900227, 2.130764338857809026, -37.61027914159473085 ) ) ;
#2471 = APPLICATION_CONTEXT ( 'automotive_design' ) ;
#2472 = DIRECTION ( 'NONE',  ( -0.7071067811865230368, 8.659560562354633338E-17, 0.7071067811865721087 ) ) ;
#2473 = CARTESIAN_POINT ( 'NONE',  ( -8.391177317052607165, 20.63105661482923026, -54.05177968012981893 ) ) ;
#2474 = EDGE_LOOP ( 'NONE', ( #247, #885 ) ) ;
#2475 = CARTESIAN_POINT ( 'NONE',  ( -5.695875079598373247, 16.08644470251542558, -32.80041777998817309 ) ) ;
#2476 = ADVANCED_FACE ( 'NONE', ( #1853 ), #2276, .F. ) ;
#2477 = CARTESIAN_POINT ( 'NONE',  ( -2.813518587371568902, 14.79129925883445118, -54.21233932669535704 ) ) ;
#2478 = DIRECTION ( 'NONE',  ( -1.000000000000000000, 0.000000000000000000, 0.000000000000000000 ) ) ;
#2479 = VECTOR ( 'NONE', #2445, 1000.000000000000000 ) ;
#2480 = ADVANCED_FACE ( 'NONE', ( #733 ), #1167, .F. ) ;
#2481 = ORIENTED_EDGE ( 'NONE', *, *, #1582, .F. ) ;
#2482 = VECTOR ( 'NONE', #1708, 1000.000000000000000 ) ;
#2483 = ORIENTED_EDGE ( 'NONE', *, *, #878, .F. ) ;
#2484 = CARTESIAN_POINT ( 'NONE',  ( -24.69849011171107378, -1.512152455818657204, -40.80041777998818020 ) ) ;
#2485 = PRODUCT ( '顶部导热块', '顶部导热块', '', ( #303 ) ) ;
#2486 = VERTEX_POINT ( 'NONE', #687 ) ;
#2487 = CARTESIAN_POINT ( 'NONE',  ( -24.69849011171107378, -1.512152455818657204, -56.00041577998818099 ) ) ;
#2488 = DIRECTION ( 'NONE',  ( -1.000000000000000000, 0.000000000000000000, 0.000000000000000000 ) ) ;
#2489 = CYLINDRICAL_SURFACE ( 'NONE', #975, 2.999999999999999112 ) ;
#2490 = EDGE_LOOP ( 'NONE', ( #2816, #666 ) ) ;
#2491 = CARTESIAN_POINT ( 'NONE',  ( -3.158793611581506955, 13.41155903878397204, -51.00041577998818099 ) ) ;
#2492 = CARTESIAN_POINT ( 'NONE',  ( -2.607531736300801484, 14.47659641465264535, -53.80727273576642489 ) ) ;
#2493 = CARTESIAN_POINT ( 'NONE',  ( -20.89227580077033508, -24.56215207581315951, -32.80041777998817309 ) ) ;
#2494 = ORIENTED_EDGE ( 'NONE', *, *, #2171, .F. ) ;
#2495 = ORIENTED_EDGE ( 'NONE', *, *, #1166, .F. ) ;
#2496 = CARTESIAN_POINT ( 'NONE',  ( -24.69849011171107378, -1.512152455818657204, -31.40041777998817096 ) ) ;
#2497 = CARTESIAN_POINT ( 'NONE',  ( -24.69849011171107378, -1.512152455818657204, -40.80041777998818020 ) ) ;
#2498 = CARTESIAN_POINT ( 'NONE',  ( -3.378761491862194433, 13.19428054392661132, -56.00041577998817388 ) ) ;
#2499 = ORIENTED_EDGE ( 'NONE', *, *, #543, .F. ) ;
#2500 = AXIS2_PLACEMENT_3D ( 'NONE', #1070, #2851, #2182 ) ;
#2501 = CARTESIAN_POINT ( 'NONE',  ( -8.701379295569404704, 19.30734716115111382, -51.59041577998819861 ) ) ;
#2502 = AXIS2_PLACEMENT_3D ( 'NONE', #933, #500, #300 ) ;
#2503 = CARTESIAN_POINT ( 'NONE',  ( -2.648863541930535082, 14.92149024732694329, -54.42387950002906649 ) ) ;
#2504 = LINE ( 'NONE', #1338, #2581 ) ;
#2505 = ORIENTED_EDGE ( 'NONE', *, *, #1908, .T. ) ;
#2506 = ORIENTED_EDGE ( 'NONE', *, *, #865, .F. ) ;
#2507 = PLANE ( 'NONE',  #1184 ) ;
#2508 = EDGE_CURVE ( 'NONE', #2319, #1464, #2771, .T. ) ;
#2509 = CARTESIAN_POINT ( 'NONE',  ( -51.99849011171104962, -1.512152455818654095, -56.00041577998818099 ) ) ;
#2510 = CARTESIAN_POINT ( 'NONE',  ( -8.701379295569404704, 19.30734716115111382, -51.59041577998819861 ) ) ;
#2511 = ORIENTED_EDGE ( 'NONE', *, *, #2854, .F. ) ;
#2512 = DIRECTION ( 'NONE',  ( -0.000000000000000000, -0.000000000000000000, -1.000000000000000000 ) ) ;
#2513 = CARTESIAN_POINT ( 'NONE',  ( -8.282142388489404539, 20.27622616631136410, -51.13807243194498398 ) ) ;
#2514 = EDGE_CURVE ( 'NONE', #2469, #2708, #1289, .T. ) ;
#2515 = LINE ( 'NONE', #1410, #2089 ) ;
#2516 = FACE_BOUND ( 'NONE', #846, .T. ) ;
#2517 = CIRCLE ( 'NONE', #1593, 2.999999999999999112 ) ;
#2518 = ORIENTED_EDGE ( 'NONE', *, *, #1958, .T. ) ;
#2519 = CIRCLE ( 'NONE', #382, 3.000000000000002665 ) ;
#2520 = CARTESIAN_POINT ( 'NONE',  ( -8.264090465400265373, 20.26406700092901403, -51.12062112584186480 ) ) ;
#2521 = ADVANCED_FACE ( 'NONE', ( #922 ), #1157, .F. ) ;
#2522 = DIRECTION ( 'NONE',  ( -1.000000000000000000, 0.000000000000000000, -0.000000000000000000 ) ) ;
#2523 = DIRECTION ( 'NONE',  ( -1.000000000000000000, 0.000000000000000000, 0.000000000000000000 ) ) ;
#2524 = EDGE_LOOP ( 'NONE', ( #219, #568, #743, #510 ) ) ;
#2525 = FACE_OUTER_BOUND ( 'NONE', #2738, .T. ) ;
#2526 = CARTESIAN_POINT ( 'NONE',  ( -2.411379000526290284, 14.59793644123333323, -54.17999627491407466 ) ) ;
#2527 = EDGE_CURVE ( 'NONE', #41, #874, #1000, .T. ) ;
#2528 = CARTESIAN_POINT ( 'NONE',  ( -42.29708727004448576, 17.49046257629466083, -40.80041777998818020 ) ) ;
#2529 = CARTESIAN_POINT ( 'NONE',  ( -50.79849011171107520, -1.512152455818654095, -31.20041777998817878 ) ) ;
#2530 = AXIS2_PLACEMENT_3D ( 'NONE', #2665, #1952, #159 ) ;
#2531 = ORIENTED_EDGE ( 'NONE', *, *, #739, .T. ) ;
#2532 = CIRCLE ( 'NONE', #2300, 24.09999999999566000 ) ;
#2533 = DIRECTION ( 'NONE',  ( -0.7114425483935334915, -0.7027442638224199456, 0.000000000000000000 ) ) ;
#2534 = DIRECTION ( 'NONE',  ( -1.000000000000000000, 0.000000000000000000, 0.000000000000000000 ) ) ;
#2535 = DIRECTION ( 'NONE',  ( 0.7114425483935334915, 0.7027442638224199456, -0.000000000000000000 ) ) ;
#2536 = VERTEX_POINT ( 'NONE', #1392 ) ;
#2537 =( NAMED_UNIT ( * ) PLANE_ANGLE_UNIT ( ) SI_UNIT ( $, .RADIAN. ) );
#2538 = EDGE_CURVE ( 'NONE', #2712, #46, #2038, .T. ) ;
#2539 = CARTESIAN_POINT ( 'NONE',  ( -2.323202018610841080, 14.47523330994298618, -51.30734582682679701 ) ) ;
#2540 = DIRECTION ( 'NONE',  ( -1.000000000000000000, 0.000000000000000000, -0.000000000000000000 ) ) ;
#2541 = ORIENTED_EDGE ( 'NONE', *, *, #1284, .T. ) ;
#2542 = CARTESIAN_POINT ( 'NONE',  ( -2.559958568749376884, 14.80152173208895050, -54.36891715489745991 ) ) ;
#2543 = CIRCLE ( 'NONE', #2592, 25.89999999999999147 ) ;
#2544 = CARTESIAN_POINT ( 'NONE',  ( -43.64691577435802117, 13.37969648603914408, -36.80041777998817309 ) ) ;
#2545 = AXIS2_PLACEMENT_3D ( 'NONE', #2082, #795, #1876 ) ;
#2546 = AXIS2_PLACEMENT_3D ( 'NONE', #533, #995, #1203 ) ;
#2547 = CARTESIAN_POINT ( 'NONE',  ( -2.646446763423580428, 14.91959987812011512, -54.45041009779081520 ) ) ;
#2548 = CARTESIAN_POINT ( 'NONE',  ( -20.89227580077033508, -24.56215207581315951, -40.80041777998818020 ) ) ;
#2549 = VERTEX_POINT ( 'NONE', #2060 ) ;
#2550 = CARTESIAN_POINT ( 'NONE',  ( -8.346587704085209225, 20.59827336268610765, -54.14380686098740370 ) ) ;
#2551 = DIRECTION ( 'NONE',  ( -0.000000000000000000, -0.000000000000000000, 1.000000000000000000 ) ) ;
#2552 = DIRECTION ( 'NONE',  ( 1.000000000000000000, 0.000000000000000000, 0.000000000000000000 ) ) ;
#2553 = EDGE_LOOP ( 'NONE', ( #1741, #1151, #2511, #187 ) ) ;
#2554 = SURFACE_SIDE_STYLE ('',( #527 ) ) ;
#2555 = CARTESIAN_POINT ( 'NONE',  ( -2.596656601266298825, 14.45951739251400525, -51.55076010599924530 ) ) ;
#2556 = CARTESIAN_POINT ( 'NONE',  ( -8.423863514233117300, 20.37039086593853199, -53.86271824485923787 ) ) ;
#2557 = ORIENTED_EDGE ( 'NONE', *, *, #1699, .T. ) ;
#2558 = CARTESIAN_POINT ( 'NONE',  ( -8.453633921067897461, 20.38989454861284756, -51.52113228943475320 ) ) ;
#2559 = EDGE_CURVE ( 'NONE', #1113, #2069, #2409, .T. ) ;
#2560 = DIRECTION ( 'NONE',  ( 0.000000000000000000, 0.000000000000000000, -1.000000000000000000 ) ) ;
#2561 = CIRCLE ( 'NONE', #277, 1.056214310941862244 ) ;
#2562 = DIRECTION ( 'NONE',  ( -1.000000000000000000, 0.000000000000000000, 0.000000000000000000 ) ) ;
#2563 = CARTESIAN_POINT ( 'NONE',  ( -9.792699462065140636, 20.12757669561894502, -51.00041577998818099 ) ) ;
#2564 = EDGE_LOOP ( 'NONE', ( #1018, #2541, #617, #2531 ) ) ;
#2565 = DIRECTION ( 'NONE',  ( 0.000000000000000000, 0.000000000000000000, -1.000000000000000000 ) ) ;
#2566 = FACE_OUTER_BOUND ( 'NONE', #623, .T. ) ;
#2567 = EDGE_CURVE ( 'NONE', #38, #2179, #1241, .T. ) ;
#2568 = DIRECTION ( 'NONE',  ( -1.000000000000000000, 0.000000000000000000, 0.000000000000000000 ) ) ;
#2569 = EDGE_LOOP ( 'NONE', ( #2557, #265, #260, #2597 ) ) ;
#2570 = AXIS2_PLACEMENT_3D ( 'NONE', #1723, #1444, #537 ) ;
#2571 = CARTESIAN_POINT ( 'NONE',  ( -2.393780120957767377, 14.44111122397738356, -51.59041577998818440 ) ) ;
#2572 = CARTESIAN_POINT ( 'NONE',  ( -8.282487315258599381, 20.27645781128591196, -54.10239266347437592 ) ) ;
#2573 = ORIENTED_EDGE ( 'NONE', *, *, #2052, .F. ) ;
#2574 = CARTESIAN_POINT ( 'NONE',  ( -8.470704157998090622, 20.68940080131984161, -51.45880540815352333 ) ) ;
#2575 = B_SPLINE_SURFACE_WITH_KNOTS ( 'NONE', 1, 3, ( 
 ( #530, #1845, #992, #2558, #2292, #545, #293, #2088, #506, #728, #1870, #2741, #1200, #1884, #737, #1230, #1833, #1396, #716, #964, #1613, #752, #322, #74, #1212, #2728, #2513, #281, #2104, #102, #2765, #1173, #2064, #770, #2810, #2669, #1562, #2795, #2001, #439, #1786, #1700, #2165, #2368 ),
 ( #1682, #1465, #168, #457, #2880, #2574, #2222, #2588, #818, #1716, #2602, #1511, #1114, #619, #2456, #132, #1918, #603, #373, #1496, #1258, #1275, #672, #1056, #1480, #1039, #2151, #1345, #1934, #802, #2236, #2135, #892, #1008, #589, #2382, #1900, #388, #151, #1947, #1330, #2780, #785, #2354 ) ),
 .UNSPECIFIED., .F., .F., .F.,
 ( 2, 2 ),
 ( 4, 2, 2, 2, 2, 2, 2, 2, 2, 2, 2, 2, 2, 2, 2, 2, 2, 2, 2, 2, 2, 4 ),
 ( 0.000000000000000000, 1.000000000000000000 ),
 ( 0.000000000000000000, 7.851648204568928608E-05, 0.0001177747230685339359, 0.0001570329640913785722, 0.0001962912051142232084, 0.0002355494461370678718, 0.0003140659281827571443, 0.0003533241692056018077, 0.0003925824102284464169, 0.0004318406512512910802, 0.0004710988922741357436, 0.0005496153743198249619, 0.0006281318563655142887, 0.0007066483384112036154, 0.0007851648204568928337, 0.0008636813025025821605, 0.0009421977845482714872, 0.0009814560255711160964, 0.001020714266593960706, 0.001099230748639649924, 0.001177747230685339142, 0.001256263712731028577 ),
 .UNSPECIFIED. ) ;
#2576 = CARTESIAN_POINT ( 'NONE',  ( -24.69849011171107378, -1.512152455818657204, -40.80041777998818020 ) ) ;
#2577 = CARTESIAN_POINT ( 'NONE',  ( -3.683785251877332634, 14.22764736562128896, -50.99041577998818298 ) ) ;
#2578 = LINE ( 'NONE', #77, #612 ) ;
#2579 = ORIENTED_EDGE ( 'NONE', *, *, #1102, .F. ) ;
#2580 = DIRECTION ( 'NONE',  ( -1.000000000000000000, 0.000000000000000000, 0.000000000000000000 ) ) ;
#2581 = VECTOR ( 'NONE', #1812, 1000.000000000000114 ) ;
#2582 = DIRECTION ( 'NONE',  ( 0.7114425483935358230, 0.7027442638224175031, 0.000000000000000000 ) ) ;
#2583 = CARTESIAN_POINT ( 'NONE',  ( -51.99849011171107804, -1.512152455818657204, -31.20041777998817878 ) ) ;
#2584 = ORIENTED_EDGE ( 'NONE', *, *, #686, .T. ) ;
#2585 = CARTESIAN_POINT ( 'NONE',  ( -2.308595402755936998, 14.45477197697498539, -51.38267323420059540 ) ) ;
#2586 = CARTESIAN_POINT ( 'NONE',  ( -8.112300131445440599, 20.16042852619496273, -54.21888091581340774 ) ) ;
#2587 = ORIENTED_EDGE ( 'NONE', *, *, #464, .F. ) ;
#2588 = CARTESIAN_POINT ( 'NONE',  ( -8.464520009443198489, 20.68487936929775017, -51.41977991136934634 ) ) ;
#2589 = CARTESIAN_POINT ( 'NONE',  ( -8.399679074061729978, -17.81096349346800878, -32.80041777998817309 ) ) ;
#2590 = DIRECTION ( 'NONE',  ( -0.000000000000000000, -0.000000000000000000, 1.000000000000000000 ) ) ;
#2591 = DIRECTION ( 'NONE',  ( -0.000000000000000000, -0.000000000000000000, 1.000000000000000000 ) ) ;
#2592 = AXIS2_PLACEMENT_3D ( 'NONE', #513, #1376, #1829 ) ;
#2593 = ORIENTED_EDGE ( 'NONE', *, *, #2311, .T. ) ;
#2594 = DIRECTION ( 'NONE',  ( -1.000000000000000000, 0.000000000000000000, -0.000000000000000000 ) ) ;
#2595 = CARTESIAN_POINT ( 'NONE',  ( -21.52241293989059301, -4.727541827656336793, -37.61027914159473085 ) ) ;
#2596 = CARTESIAN_POINT ( 'NONE',  ( -39.59033905356749017, 17.43627320682939086, -32.80041777998817309 ) ) ;
#2597 = ORIENTED_EDGE ( 'NONE', *, *, #2739, .F. ) ;
#2598 = EDGE_CURVE ( 'NONE', #2012, #2469, #1623, .T. ) ;
#2599 = CARTESIAN_POINT ( 'NONE',  ( -2.498616295734245707, 14.71793460728004632, -50.93198337471216064 ) ) ;
#2600 = CARTESIAN_POINT ( 'NONE',  ( -8.016710705296819839, 20.09380995616938392, -54.24559766893924007 ) ) ;
#2601 = ORIENTED_EDGE ( 'NONE', *, *, #1591, .T. ) ;
#2602 = CARTESIAN_POINT ( 'NONE',  ( -8.453851681811187291, 20.67707325509885408, -51.36860490548601632 ) ) ;
#2603 = DIRECTION ( 'NONE',  ( -1.000000000000000000, 0.000000000000000000, 0.000000000000000000 ) ) ;
#2604 = FACE_BOUND ( 'NONE', #2474, .T. ) ;
#2605 = CARTESIAN_POINT ( 'NONE',  ( -8.399679074061729978, -17.81096349346800878, -40.80041777998818020 ) ) ;
#2606 = EDGE_CURVE ( 'NONE', #1146, #2772, #1803, .T. ) ;
#2607 = ADVANCED_FACE ( 'NONE', ( #2687 ), #2287, .F. ) ;
#2608 = ORIENTED_EDGE ( 'NONE', *, *, #2559, .F. ) ;
#2609 = DIRECTION ( 'NONE',  ( 0.7114425483935503669, 0.7027442638224027371, 0.000000000000000000 ) ) ;
#2610 = CARTESIAN_POINT ( 'NONE',  ( -8.117746971883502027, 20.16418547638313896, -54.21644038099202589 ) ) ;
#2611 = CARTESIAN_POINT ( 'NONE',  ( -2.668263510266173366, 14.57109760353439043, -51.21645223703081484 ) ) ;
#2612 = EDGE_LOOP ( 'NONE', ( #1265, #1023 ) ) ;
#2613 = EDGE_CURVE ( 'NONE', #2062, #1038, #2864, .T. ) ;
#2614 = CARTESIAN_POINT ( 'NONE',  ( -39.59033905356793070, -20.46057811846635843, -40.80041777998818020 ) ) ;
#2615 = CARTESIAN_POINT ( 'NONE',  ( -8.410922009128814381, 20.36188257708719718, -53.89910155885651477 ) ) ;
#2616 = AXIS2_PLACEMENT_3D ( 'NONE', #1609, #70, #2737 ) ;
#2617 = ORIENTED_EDGE ( 'NONE', *, *, #2439, .F. ) ;
#2618 = CARTESIAN_POINT ( 'NONE',  ( -8.457000938701627391, 20.39209460876132596, -51.55096460296320515 ) ) ;
#2619 = EDGE_CURVE ( 'NONE', #1800, #409, #539, .T. ) ;
#2620 = DIRECTION ( 'NONE',  ( -1.000000000000000000, 0.000000000000000000, 0.000000000000000000 ) ) ;
#2621 = CARTESIAN_POINT ( 'NONE',  ( -5.144166553601737135, 22.82106848026321089, -51.59041577998819861 ) ) ;
#2622 = DIRECTION ( 'NONE',  ( -1.000000000000000000, 0.000000000000000000, 0.000000000000000000 ) ) ;
#2623 = EDGE_LOOP ( 'NONE', ( #928, #1080, #1759, #2499 ) ) ;
#2624 = CARTESIAN_POINT ( 'NONE',  ( -2.880615993117477736, 14.89036418913455861, -50.99755130716396678 ) ) ;
#2625 = CARTESIAN_POINT ( 'NONE',  ( -8.197178583294823184, 20.21869949251476939, -54.17351229521224099 ) ) ;
#2626 = DIRECTION ( 'NONE',  ( -0.000000000000000000, -0.000000000000000000, 1.000000000000000000 ) ) ;
#2627 = ORIENTED_EDGE ( 'NONE', *, *, #2136, .T. ) ;
#2628 = CARTESIAN_POINT ( 'NONE',  ( -2.292613226071086530, 14.43233502373187704, -53.65041577998819378 ) ) ;
#2629 = CARTESIAN_POINT ( 'NONE',  ( -8.380121866414857124, 20.62291199223254878, -54.07416475170423098 ) ) ;
#2630 = ORIENTED_EDGE ( 'NONE', *, *, #35, .T. ) ;
#2631 = ADVANCED_FACE ( 'NONE', ( #1443 ), #1222, .F. ) ;
#2632 = CARTESIAN_POINT ( 'NONE',  ( -2.596113910731133068, 14.45866362446839659, -53.65041577998817957 ) ) ;
#2633 = CARTESIAN_POINT ( 'NONE',  ( -24.69849011171107378, -1.512152455818657204, -54.25041577998818099 ) ) ;
#2634 = LINE ( 'NONE', #1950, #980 ) ;
#2635 = VERTEX_POINT ( 'NONE', #746 ) ;
#2636 = CARTESIAN_POINT ( 'NONE',  ( -24.69849011171242736, -24.56215207581349347, -40.80041777998818020 ) ) ;
#2637 = MECHANICAL_DESIGN_GEOMETRIC_PRESENTATION_REPRESENTATION (  '', ( #305 ), #1150 ) ;
#2638 = CARTESIAN_POINT ( 'NONE',  ( -8.001670805989107293, 20.08321200896949676, -54.24746205684308364 ) ) ;
#2639 = CARTESIAN_POINT ( 'NONE',  ( -2.739932489298973817, 14.68074868284280221, -51.09659147603115770 ) ) ;
#2640 = AXIS2_PLACEMENT_3D ( 'NONE', #1472, #2802, #2759 ) ;
#2641 = ORIENTED_EDGE ( 'NONE', *, *, #357, .T. ) ;
#2642 = CARTESIAN_POINT ( 'NONE',  ( -2.934094724924098063, 14.96817197811181188, -50.99041577998818298 ) ) ;
#2643 = CARTESIAN_POINT ( 'NONE',  ( -8.293863859959140328, 20.55905788788968636, -54.20803740634522683 ) ) ;
#2644 = ORIENTED_EDGE ( 'NONE', *, *, #588, .T. ) ;
#2645 = PRESENTATION_LAYER_ASSIGNMENT (  '', '', ( #1622 ) ) ;
#2646 = CARTESIAN_POINT ( 'NONE',  ( -24.69849011171107378, -1.512152455818657204, -32.80041777998817309 ) ) ;
#2647 = CARTESIAN_POINT ( 'NONE',  ( -2.601497547454580950, 14.46712583722408674, -53.75889212082023505 ) ) ;
#2648 = CARTESIAN_POINT ( 'NONE',  ( -39.59033905356793070, -20.46057811846635843, -36.80041777998817309 ) ) ;
#2649 = EDGE_CURVE ( 'NONE', #1652, #2319, #636, .T. ) ;
#2650 = ORIENTED_EDGE ( 'NONE', *, *, #270, .F. ) ;
#2651 = DIRECTION ( 'NONE',  ( -1.000000000000000000, 0.000000000000000000, 0.000000000000000000 ) ) ;
#2652 = CARTESIAN_POINT ( 'NONE',  ( -8.295310482304543598, 20.28506289857627820, -54.08836999882984031 ) ) ;
#2653 = CARTESIAN_POINT ( 'NONE',  ( -24.69849011171107378, -1.512152455818657204, -32.80041777998817309 ) ) ;
#2654 = ORIENTED_EDGE ( 'NONE', *, *, #1582, .T. ) ;
#2655 = VECTOR ( 'NONE', #2590, 1000.000000000000000 ) ;
#2656 = EDGE_CURVE ( 'NONE', #2099, #2868, #566, .T. ) ;
#2657 = CYLINDRICAL_SURFACE ( 'NONE', #1057, 27.50000000000000000 ) ;
#2658 = CARTESIAN_POINT ( 'NONE',  ( -2.596113910731133068, 14.45866362446839659, -53.65041577998817957 ) ) ;
#2659 = ORIENTED_EDGE ( 'NONE', *, *, #1407, .F. ) ;
#2660 = VECTOR ( 'NONE', #1185, 1000.000000000000000 ) ;
#2661 = DIRECTION ( 'NONE',  ( -0.000000000000000000, -0.000000000000000000, 1.000000000000000000 ) ) ;
#2662 = CARTESIAN_POINT ( 'NONE',  ( -2.292613226071087418, 14.43233502373187882, -53.65041577998819378 ) ) ;
#2663 = DIRECTION ( 'NONE',  ( 0.000000000000000000, 0.000000000000000000, -1.000000000000000000 ) ) ;
#2664 = ORIENTED_EDGE ( 'NONE', *, *, #2434, .T. ) ;
#2665 = CARTESIAN_POINT ( 'NONE',  ( -40.99730114935989178, -17.81096349346809049, -40.80041777998818020 ) ) ;
#2666 = FACE_OUTER_BOUND ( 'NONE', #2345, .T. ) ;
#2667 = DIRECTION ( 'NONE',  ( -1.000000000000000000, 0.000000000000000000, 0.000000000000000000 ) ) ;
#2668 = ORIENTED_EDGE ( 'NONE', *, *, #1669, .T. ) ;
#2669 = CARTESIAN_POINT ( 'NONE',  ( -8.111495560953075667, 20.15986167041495492, -51.02187208104641059 ) ) ;
#2670 = LINE ( 'NONE', #859, #2861 ) ;
#2671 = CARTESIAN_POINT ( 'NONE',  ( -8.462617836664776405, 20.68348852948843941, -53.83270824333047955 ) ) ;
#2672 = ADVANCED_FACE ( 'NONE', ( #1489 ), #1890, .T. ) ;
#2673 = VERTEX_POINT ( 'NONE', #1926 ) ;
#2674 = CIRCLE ( 'NONE', #1694, 2.999999999999999112 ) ;
#2675 = VECTOR ( 'NONE', #1351, 1000.000000000000000 ) ;
#2676 = CARTESIAN_POINT ( 'NONE',  ( -21.53129293636026986, -25.40313113088010155, -40.80041777998818020 ) ) ;
#2677 = AXIS2_PLACEMENT_3D ( 'NONE', #1838, #1374, #932 ) ;
#2678 = CARTESIAN_POINT ( 'NONE',  ( -2.335329898975769591, 14.49219377287891497, -53.98252888604150002 ) ) ;
#2679 = CARTESIAN_POINT ( 'NONE',  ( -24.69849011171107378, -1.512152455818657204, -56.00041577998818099 ) ) ;
#2680 = ORIENTED_EDGE ( 'NONE', *, *, #2092, .T. ) ;
#2681 = CARTESIAN_POINT ( 'NONE',  ( -2.611987004387321232, 14.48357944649852413, -51.40623772828551097 ) ) ;
#2682 = ORIENTED_EDGE ( 'NONE', *, *, #509, .T. ) ;
#2683 = CARTESIAN_POINT ( 'NONE',  ( -7.951688768616168801, 20.04787177364163142, -50.99041577998818298 ) ) ;
#2684 = AXIS2_PLACEMENT_3D ( 'NONE', #883, #2008, #5 ) ;
#2685 = EDGE_CURVE ( 'NONE', #719, #232, #262, .T. ) ;
#2686 = AXIS2_PLACEMENT_3D ( 'NONE', #777, #2333, #2347 ) ;
#2687 = FACE_OUTER_BOUND ( 'NONE', #639, .T. ) ;
#2688 = CIRCLE ( 'NONE', #1810, 25.89999999999999147 ) ;
#2689 = CARTESIAN_POINT ( 'NONE',  ( -8.343094942408042058, 20.59556369080695859, -54.13860567856607986 ) ) ;
#2690 = EDGE_LOOP ( 'NONE', ( #2192, #2272, #1643, #2853 ) ) ;
#2691 = FACE_OUTER_BOUND ( 'NONE', #400, .T. ) ;
#2692 = CARTESIAN_POINT ( 'NONE',  ( -2.345525743694858889, 14.50643125916881182, -54.01783971165853870 ) ) ;
#2693 = CARTESIAN_POINT ( 'NONE',  ( -26.21849011171107335, -24.56215207581864135, -32.80041777998817309 ) ) ;
#2694 = VERTEX_POINT ( 'NONE', #2097 ) ;
#2695 = ORIENTED_EDGE ( 'NONE', *, *, #878, .T. ) ;
#2696 = ORIENTED_EDGE ( 'NONE', *, *, #75, .T. ) ;
#2697 = CARTESIAN_POINT ( 'NONE',  ( -8.100239217126945945, 20.15206714323404569, -51.01758320045226469 ) ) ;
#2698 = CARTESIAN_POINT ( 'NONE',  ( -7.829001579289466051, 20.20582066909555152, -54.45041577998818383 ) ) ;
#2699 = AXIS2_PLACEMENT_3D ( 'NONE', #1011, #2119, #87 ) ;
#2700 = FACE_OUTER_BOUND ( 'NONE', #1367, .T. ) ;
#2701 = EDGE_LOOP ( 'NONE', ( #1826, #817 ) ) ;
#2702 = EDGE_CURVE ( 'NONE', #387, #2036, #173, .T. ) ;
#2703 = DIRECTION ( 'NONE',  ( -0.000000000000000000, -0.000000000000000000, 1.000000000000000000 ) ) ;
#2704 = ADVANCED_FACE ( 'NONE', ( #2566 ), #315, .F. ) ;
#2705 = CARTESIAN_POINT ( 'NONE',  ( -2.305183688770470862, 14.44998519460985698, -53.83399087219971335 ) ) ;
#2706 = AXIS2_PLACEMENT_3D ( 'NONE', #2253, #81, #251 ) ;
#2707 = VERTEX_POINT ( 'NONE', #760 ) ;
#2708 = VERTEX_POINT ( 'NONE', #1458 ) ;
#2709 = CARTESIAN_POINT ( 'NONE',  ( -8.283352046037585126, 20.27704129747913697, -51.13932986723890650 ) ) ;
#2710 = DIRECTION ( 'NONE',  ( 0.7071067811865597852, 0.000000000000000000, 0.7071067811865352493 ) ) ;
#2711 = CARTESIAN_POINT ( 'NONE',  ( -2.895227975105424623, 14.91186181359904062, -54.24871801480286848 ) ) ;
#2712 = VERTEX_POINT ( 'NONE', #347 ) ;
#2713 = FACE_OUTER_BOUND ( 'NONE', #475, .T. ) ;
#2714 = EDGE_CURVE ( 'NONE', #690, #1038, #333, .T. ) ;
#2715 = CARTESIAN_POINT ( 'NONE',  ( -2.742525447676885886, 15.04641957419341836, -54.44912013611450874 ) ) ;
#2716 = CARTESIAN_POINT ( 'NONE',  ( -52.19849011171107378, -1.512152455818657204, -31.40041777998817096 ) ) ;
#2717 = CIRCLE ( 'NONE', #207, 25.89999999999999147 ) ;
#2718 = ORIENTED_EDGE ( 'NONE', *, *, #1471, .T. ) ;
#2719 = FACE_OUTER_BOUND ( 'NONE', #631, .T. ) ;
#2720 = VECTOR ( 'NONE', #2370, 1000.000000000000114 ) ;
#2721 = ORIENTED_EDGE ( 'NONE', *, *, #2325, .T. ) ;
#2722 = DIRECTION ( 'NONE',  ( -1.000000000000000000, 0.000000000000000000, 0.000000000000000000 ) ) ;
#2723 = DIRECTION ( 'NONE',  ( -1.000000000000000000, 0.000000000000000000, 0.000000000000000000 ) ) ;
#2724 = CARTESIAN_POINT ( 'NONE',  ( -24.69849011171107378, -1.512152455818657204, -40.80041777998818020 ) ) ;
#2725 = ORIENTED_EDGE ( 'NONE', *, *, #1492, .F. ) ;
#2726 = EDGE_CURVE ( 'NONE', #243, #1229, #125, .T. ) ;
#2727 = CARTESIAN_POINT ( 'NONE',  ( -2.292613226071087862, 14.43233502373187882, -51.59041577998818440 ) ) ;
#2728 = CARTESIAN_POINT ( 'NONE',  ( -8.294484337803412544, 20.28451354359686221, -51.15121984605457328 ) ) ;
#2729 = B_SPLINE_SURFACE_WITH_KNOTS ( 'NONE', 1, 3, ( 
 ( #454, #2408, #1982, #231, #642, #2848, #1343, #2435, #670, #2177, #2420, #399, #437, #857, #1754, #178, #1560, #2639, #423, #2016, #2234, #1126, #1316, #2863, #1506, #1287, #873, #2611, #1768, #1067, #656, #1547, #2468, #1576, #1799, #683, #246, #1140, #2031, #24, #2681, #470, #1356, #2249, #2114, #2555, #1678, #2132 ),
 ( #2762, #319, #2101, #1944, #1665, #799, #2321, #555, #1477, #1242, #1052, #99, #1447, #2147, #2378, #1272, #1897, #2599, #1695, #165, #541, #1930, #385, #2162, #2338, #2824, #1461, #2365, #2807, #989, #1432, #350, #814, #1650, #767, #1881, #1712, #129, #2539, #1021, #1005, #2585, #585, #2351, #370, #148, #2777, #1914 ) ),
 .UNSPECIFIED., .F., .F., .F.,
 ( 2, 2 ),
 ( 4, 2, 2, 2, 2, 2, 2, 2, 2, 2, 2, 2, 2, 2, 2, 2, 2, 2, 2, 2, 2, 2, 2, 4 ),
 ( 0.000000000000000000, 1.000000000000000000 ),
 ( 0.000000000000000000, 7.851620320664880572E-05, 0.0001570324064132976114, 0.0001962905080166219940, 0.0002355486096199464036, 0.0003140648128265952229, 0.0003925810160332439879, 0.0004318391176365683976, 0.0004710972192398928072, 0.0005103553208432172169, 0.0005496134224465416265, 0.0006281296256531904458, 0.0006673877272565147470, 0.0007066458288598391566, 0.0007459039304631635663, 0.0007851620320664879759, 0.0008636782352731367952, 0.0009029363368764612048, 0.0009421944384797856144, 0.0009814525400831100241, 0.001020710641686434434, 0.001099226844893083253, 0.001177743048099732072, 0.001256259251306380892 ),
 .UNSPECIFIED. ) ;
#2730 = DIRECTION ( 'NONE',  ( -1.000000000000000000, 0.000000000000000000, -0.000000000000000000 ) ) ;
#2731 = CYLINDRICAL_SURFACE ( 'NONE', #2770, 1.056214310942091394 ) ;
#2732 = EDGE_CURVE ( 'NONE', #1204, #1007, #1033, .T. ) ;
#2733 = AXIS2_PLACEMENT_3D ( 'NONE', #1111, #641, #204 ) ;
#2734 = ORIENTED_EDGE ( 'NONE', *, *, #269, .F. ) ;
#2735 = CARTESIAN_POINT ( 'NONE',  ( -8.203862162251848389, 20.22326253305542565, -51.07159013264978853 ) ) ;
#2736 = DIRECTION ( 'NONE',  ( 1.000000000000000000, 0.000000000000000000, 0.000000000000000000 ) ) ;
#2737 = DIRECTION ( 'NONE',  ( -1.000000000000000000, 0.000000000000000000, 0.000000000000000000 ) ) ;
#2738 = EDGE_LOOP ( 'NONE', ( #372, #661, #428, #880 ) ) ;
#2739 = EDGE_CURVE ( 'NONE', #1994, #1594, #1385, .T. ) ;
#2740 = FACE_OUTER_BOUND ( 'NONE', #1177, .T. ) ;
#2741 = CARTESIAN_POINT ( 'NONE',  ( -8.429543364844040099, 20.37412028606004100, -51.39584610143064225 ) ) ;
#2742 = DIRECTION ( 'NONE',  ( 0.000000000000000000, 0.000000000000000000, -1.000000000000000000 ) ) ;
#2743 = FACE_OUTER_BOUND ( 'NONE', #1235, .T. ) ;
#2744 = EDGE_CURVE ( 'NONE', #2022, #1625, #2124, .T. ) ;
#2745 = AXIS2_PLACEMENT_3D ( 'NONE', #1991, #2006, #1364 ) ;
#2746 = ORIENTED_EDGE ( 'NONE', *, *, #504, .F. ) ;
#2747 = CARTESIAN_POINT ( 'NONE',  ( -2.292613226071086530, 14.43233502373187704, -53.65041577998819378 ) ) ;
#2748 = EDGE_CURVE ( 'NONE', #1976, #1925, #1429, .T. ) ;
#2749 = DIRECTION ( 'NONE',  ( -1.000000000000000000, 0.000000000000000000, -0.000000000000000000 ) ) ;
#2750 = DIRECTION ( 'NONE',  ( -1.000000000000000000, 0.000000000000000000, 0.000000000000000000 ) ) ;
#2751 = VERTEX_POINT ( 'NONE', #381 ) ;
#2752 = CARTESIAN_POINT ( 'NONE',  ( -21.53129293635872799, 22.37882621924258331, -40.80041777998818020 ) ) ;
#2753 = ORIENTED_EDGE ( 'NONE', *, *, #1896, .T. ) ;
#2754 = CARTESIAN_POINT ( 'NONE',  ( -2.391579824477301663, 14.57051024616771606, -54.13982626197691417 ) ) ;
#2755 = DIRECTION ( 'NONE',  ( 0.000000000000000000, 0.000000000000000000, -1.000000000000000000 ) ) ;
#2756 = CARTESIAN_POINT ( 'NONE',  ( 2.801509888288925776, -1.512152455818653873, -31.40041777998817096 ) ) ;
#2757 = EDGE_LOOP ( 'NONE', ( #1789, #2160, #2231, #1441, #1353 ) ) ;
#2758 = DIRECTION ( 'NONE',  ( -0.7071067811865597852, 8.659560562355083235E-17, 0.7071067811865352493 ) ) ;
#2759 = DIRECTION ( 'NONE',  ( -1.000000000000000000, 0.000000000000000000, 0.000000000000000000 ) ) ;
#2760 = CARTESIAN_POINT ( 'NONE',  ( -27.44849011171219999, -24.56215207581349347, -40.80041777998818020 ) ) ;
#2761 = ORIENTED_EDGE ( 'NONE', *, *, #1802, .F. ) ;
#2762 = CARTESIAN_POINT ( 'NONE',  ( -2.774648604874375479, 15.08890695564976525, -50.79041577998818724 ) ) ;
#2763 = CARTESIAN_POINT ( 'NONE',  ( -8.432282389029346348, 20.37591609586490193, -53.83459383169085299 ) ) ;
#2764 = ORIENTED_EDGE ( 'NONE', *, *, #141, .T. ) ;
#2765 = CARTESIAN_POINT ( 'NONE',  ( -8.201293503992404865, 20.22150930020591986, -51.06982653429354713 ) ) ;
#2766 = AXIS2_PLACEMENT_3D ( 'NONE', #2209, #1099, #234 ) ;
#2767 = VECTOR ( 'NONE', #1579, 1000.000000000000000 ) ;
#2768 = CARTESIAN_POINT ( 'NONE',  ( -23.17849011171107421, 21.53784716418134693, -60.29962500960238714 ) ) ;
#2769 = DIRECTION ( 'NONE',  ( 0.7027442638224199456, -0.7114425483935333805, 0.000000000000000000 ) ) ;
#2770 = AXIS2_PLACEMENT_3D ( 'NONE', #982, #1873, #311 ) ;
#2771 = B_SPLINE_CURVE_WITH_KNOTS ( 'NONE', 1,
 ( #1818, #2302 ),
 .UNSPECIFIED., .F., .F.,
 ( 2, 2 ),
 ( 0.000000000000000000, 1.000000000000000000 ),
 .UNSPECIFIED. ) ;
#2772 = VERTEX_POINT ( 'NONE', #1662 ) ;
#2773 = FACE_OUTER_BOUND ( 'NONE', #968, .T. ) ;
#2774 = DIRECTION ( 'NONE',  ( -1.000000000000000000, 0.000000000000000000, 0.000000000000000000 ) ) ;
#2775 = CARTESIAN_POINT ( 'NONE',  ( -3.158793611581506955, 13.41155903878397204, -56.00041577998817388 ) ) ;
#2776 = VERTEX_POINT ( 'NONE', #80 ) ;
#2777 = CARTESIAN_POINT ( 'NONE',  ( -2.292613678569606517, 14.43233562492574684, -51.56386471271865446 ) ) ;
#2778 = CARTESIAN_POINT ( 'NONE',  ( -8.157844328382148902, 20.19180022623528004, -54.19744003045308745 ) ) ;
#2779 = ORIENTED_EDGE ( 'NONE', *, *, #156, .F. ) ;
#2780 = CARTESIAN_POINT ( 'NONE',  ( -7.871090599208832472, 20.23846403310080078, -50.79171142386184812 ) ) ;
#2781 = LINE ( 'NONE', #1026, #1778 ) ;
#2782 = CIRCLE ( 'NONE', #2831, 1.520000000000000462 ) ;
#2783 = DIRECTION ( 'NONE',  ( -1.000000000000000000, 0.000000000000000000, 0.000000000000000000 ) ) ;
#2784 = CARTESIAN_POINT ( 'NONE',  ( -21.94849011171242381, -24.56215207581315951, -32.80041777998817309 ) ) ;
#2785 = ORIENTED_EDGE ( 'NONE', *, *, #985, .T. ) ;
#2786 = DIRECTION ( 'NONE',  ( 0.000000000000000000, 0.000000000000000000, -1.000000000000000000 ) ) ;
#2787 = VECTOR ( 'NONE', #604, 1000.000000000000114 ) ;
#2788 = DIRECTION ( 'NONE',  ( 0.000000000000000000, 0.000000000000000000, 1.000000000000000000 ) ) ;
#2789 = CARTESIAN_POINT ( 'NONE',  ( -2.292613226071087862, 14.43233502373187882, -138.7821617105083760 ) ) ;
#2790 = ORIENTED_EDGE ( 'NONE', *, *, #1620, .T. ) ;
#2791 = CIRCLE ( 'NONE', #2706, 0.6000000000000033085 ) ;
#2792 = CARTESIAN_POINT ( 'NONE',  ( -2.292613226071087862, 14.43233502373187882, -51.59041577998818440 ) ) ;
#2793 = CARTESIAN_POINT ( 'NONE',  ( -8.056955586605997865, 20.12197514458713243, -54.23696963389544123 ) ) ;
#2794 = EDGE_LOOP ( 'NONE', ( #131, #1347, #1417, #2601 ) ) ;
#2795 = CARTESIAN_POINT ( 'NONE',  ( -8.080149198326274984, 20.13813895853147784, -51.01031798995759203 ) ) ;
#2796 = CARTESIAN_POINT ( 'NONE',  ( -24.69849011171107378, -1.512152455818657204, -40.80041777998818020 ) ) ;
#2797 = PLANE ( 'NONE',  #295 ) ;
#2798 = DIRECTION ( 'NONE',  ( -1.000000000000000000, 0.000000000000000000, -0.000000000000000000 ) ) ;
#2799 = ORIENTED_EDGE ( 'NONE', *, *, #2714, .F. ) ;
#2800 = CARTESIAN_POINT ( 'NONE',  ( 2.801509888288925776, -1.512152455818657204, -55.80041577998814972 ) ) ;
#2801 = AXIS2_PLACEMENT_3D ( 'NONE', #2493, #2449, #2872 ) ;
#2802 = DIRECTION ( 'NONE',  ( 0.000000000000000000, 0.000000000000000000, -1.000000000000000000 ) ) ;
#2803 = AXIS2_PLACEMENT_3D ( 'NONE', #1484, #1077, #1307 ) ;
#2804 = CARTESIAN_POINT ( 'NONE',  ( -24.69849011171242736, -24.56215207581349347, -40.80041777998818020 ) ) ;
#2805 = ORIENTED_EDGE ( 'NONE', *, *, #689, .F. ) ;
#2806 = EDGE_CURVE ( 'NONE', #2036, #164, #408, .T. ) ;
#2807 = CARTESIAN_POINT ( 'NONE',  ( -2.391258933295157263, 14.57005826026576756, -51.10222588141027700 ) ) ;
#2808 = CARTESIAN_POINT ( 'NONE',  ( -8.414338823126024991, 20.36413063253731082, -53.89012381327524537 ) ) ;
#2809 = ORIENTED_EDGE ( 'NONE', *, *, #2598, .F. ) ;
#2810 = CARTESIAN_POINT ( 'NONE',  ( -8.127064898689098982, 20.17061449958618269, -51.02849223328103534 ) ) ;
#2811 = CARTESIAN_POINT ( 'NONE',  ( -40.99730114935989178, -17.81096349346809049, -40.80041777998818020 ) ) ;
#2812 = DIRECTION ( 'NONE',  ( -1.000000000000000000, 0.000000000000000000, 0.000000000000000000 ) ) ;
#2813 = CARTESIAN_POINT ( 'NONE',  ( -50.59849011171107236, -1.512152455818654095, -32.80041777998818020 ) ) ;
#2814 = AXIS2_PLACEMENT_3D ( 'NONE', #1971, #191, #613 ) ;
#2815 = EDGE_CURVE ( 'NONE', #1594, #2134, #1843, .T. ) ;
#2816 = ORIENTED_EDGE ( 'NONE', *, *, #884, .T. ) ;
#2817 = CARTESIAN_POINT ( 'NONE',  ( -2.835665681424913043, 14.82417410412768355, -51.01547645899564998 ) ) ;
#2818 = CIRCLE ( 'NONE', #638, 0.6000000000000033085 ) ;
#2819 = CARTESIAN_POINT ( 'NONE',  ( -8.277298637462395803, 20.27296363405889323, -54.10736810734958624 ) ) ;
#2820 = LINE ( 'NONE', #2789, #840 ) ;
#2821 = EDGE_CURVE ( 'NONE', #671, #413, #2273, .T. ) ;
#2822 = ORIENTED_EDGE ( 'NONE', *, *, #1063, .F. ) ;
#2823 = CIRCLE ( 'NONE', #224, 27.49999999999999645 ) ;
#2824 = CARTESIAN_POINT ( 'NONE',  ( -2.411247848355976942, 14.59774862458407085, -51.06156916527620382 ) ) ;
#2825 = CARTESIAN_POINT ( 'NONE',  ( -8.360696970772513836, 20.32868961111358175, -54.00072930960340756 ) ) ;
#2826 = ORIENTED_EDGE ( 'NONE', *, *, #875, .T. ) ;
#2827 = FACE_OUTER_BOUND ( 'NONE', #2005, .T. ) ;
#2828 = CARTESIAN_POINT ( 'NONE',  ( -5.565813111895187681, 23.24793400929933185, -51.59041577998819861 ) ) ;
#2829 = CARTESIAN_POINT ( 'NONE',  ( -50.59849011171107236, -1.512152455818654095, -31.40041777998817096 ) ) ;
#2830 = PLANE ( 'NONE',  #1452 ) ;
#2831 = AXIS2_PLACEMENT_3D ( 'NONE', #2065, #296, #1655 ) ;
#2832 = ORIENTED_EDGE ( 'NONE', *, *, #2434, .F. ) ;
#2833 = CARTESIAN_POINT ( 'NONE',  ( -8.399679074061729978, -17.81096349346800878, -32.80041777998817309 ) ) ;
#2834 = CARTESIAN_POINT ( 'NONE',  ( -8.300326218249777455, 20.28842573492640611, -54.08276992914510828 ) ) ;
#2835 = DIRECTION ( 'NONE',  ( 0.000000000000000000, 0.000000000000000000, 1.000000000000000000 ) ) ;
#2836 = EDGE_CURVE ( 'NONE', #420, #413, #1895, .T. ) ;
#2837 = ORIENTED_EDGE ( 'NONE', *, *, #1620, .F. ) ;
#2838 = AXIS2_PLACEMENT_3D ( 'NONE', #1009, #169, #2603 ) ;
#2839 = CARTESIAN_POINT ( 'NONE',  ( -8.420464914341218687, 20.65259271461171764, -53.98199681847929554 ) ) ;
#2840 = AXIS2_PLACEMENT_3D ( 'NONE', #747, #699, #264 ) ;
#2841 = ORIENTED_EDGE ( 'NONE', *, *, #441, .F. ) ;
#2842 = CARTESIAN_POINT ( 'NONE',  ( -24.69849011171107378, -1.512152455818657204, -40.80041777998818020 ) ) ;
#2843 = DIRECTION ( 'NONE',  ( 0.000000000000000000, 0.000000000000000000, -1.000000000000000000 ) ) ;
#2844 = PLANE ( 'NONE',  #330 ) ;
#2845 = EDGE_LOOP ( 'NONE', ( #549, #2418 ) ) ;
#2846 = CARTESIAN_POINT ( 'NONE',  ( -2.899371992561377454, 14.91775900233476371, -50.99336950311415961 ) ) ;
#2847 = CARTESIAN_POINT ( 'NONE',  ( -24.69849011171107378, -1.512152455818657204, -138.7821617105083760 ) ) ;
#2848 = CARTESIAN_POINT ( 'NONE',  ( -2.861291847708585134, 14.86200157910938557, -51.00386192608091562 ) ) ;
#2849 = ORIENTED_EDGE ( 'NONE', *, *, #949, .F. ) ;
#2850 = CIRCLE ( 'NONE', #2383, 25.89999999999999147 ) ;
#2851 = DIRECTION ( 'NONE',  ( 0.000000000000000000, 0.000000000000000000, -1.000000000000000000 ) ) ;
#2852 = CARTESIAN_POINT ( 'NONE',  ( -8.457355659087085087, 20.67963910350412959, -53.85815832577581119 ) ) ;
#2853 = ORIENTED_EDGE ( 'NONE', *, *, #2170, .F. ) ;
#2854 = EDGE_CURVE ( 'NONE', #1577, #2044, #2823, .T. ) ;
#2855 = CARTESIAN_POINT ( 'NONE',  ( -23.17849011171107421, 21.53784716418134693, -40.80041777998818020 ) ) ;
#2856 = LINE ( 'NONE', #1949, #514 ) ;
#2857 = DIRECTION ( 'NONE',  ( 0.000000000000000000, 0.000000000000000000, -1.000000000000000000 ) ) ;
#2858 = EDGE_LOOP ( 'NONE', ( #976, #2360, #1705, #2865, #496, #961, #1131, #15 ) ) ;
#2859 = CARTESIAN_POINT ( 'NONE',  ( -28.29686764313900227, 2.130764338857807694, -56.00041577998817388 ) ) ;
#2860 = ADVANCED_FACE ( 'NONE', ( #2666 ), #2433, .F. ) ;
#2861 = VECTOR ( 'NONE', #674, 1000.000000000000000 ) ;
#2862 = CARTESIAN_POINT ( 'NONE',  ( -24.69849011171107378, -1.512152455818657204, -32.80041777998818020 ) ) ;
#2863 = CARTESIAN_POINT ( 'NONE',  ( -2.689935527643067648, 14.60446540257741077, -51.17219956022039185 ) ) ;
#2864 = CIRCLE ( 'NONE', #2640, 2.750000000000002665 ) ;
#2865 = ORIENTED_EDGE ( 'NONE', *, *, #2086, .T. ) ;
#2866 = DIRECTION ( 'NONE',  ( -1.000000000000000000, 0.000000000000000000, 0.000000000000000000 ) ) ;
#2867 = CARTESIAN_POINT ( 'NONE',  ( -2.797512340343516701, 14.76742130180167933, -54.20087052069898448 ) ) ;
#2868 = VERTEX_POINT ( 'NONE', #2158 ) ;
#2869 = ADVANCED_FACE ( 'NONE', ( #1326 ), #1953, .F. ) ;
#2870 = DIRECTION ( 'NONE',  ( -1.000000000000000000, 0.000000000000000000, -0.000000000000000000 ) ) ;
#2871 = CARTESIAN_POINT ( 'NONE',  ( -2.808312447997486583, 14.78354396030322349, -54.20881431865389999 ) ) ;
#2872 = DIRECTION ( 'NONE',  ( -1.000000000000000000, 0.000000000000000000, 0.000000000000000000 ) ) ;
#2873 = EDGE_CURVE ( 'NONE', #1777, #335, #855, .T. ) ;
#2874 = ORIENTED_EDGE ( 'NONE', *, *, #512, .F. ) ;
#2875 = PLANE ( 'NONE',  #16 ) ;
#2876 = ADVANCED_FACE ( 'NONE', ( #1753 ), #217, .F. ) ;
#2877 = CARTESIAN_POINT ( 'NONE',  ( -8.060699103722134495, 20.12459083609877908, -54.23607561522820220 ) ) ;
#2878 = CARTESIAN_POINT ( 'NONE',  ( -8.399679074061923600, 14.78665858183135562, -32.80041777998817309 ) ) ;
#2879 = ORIENTED_EDGE ( 'NONE', *, *, #1176, .F. ) ;
#2880 = CARTESIAN_POINT ( 'NONE',  ( -8.473929925505428784, 20.69175825280847292, -51.48493679216391428 ) ) ;
#2881 = DIRECTION ( 'NONE',  ( 1.000000000000000000, 0.000000000000000000, 0.000000000000000000 ) ) ;
#2882 = CARTESIAN_POINT ( 'NONE',  ( -2.709022329853484123, 14.63371478024479799, -54.10150169275662080 ) ) ;
#2883 = EDGE_LOOP ( 'NONE', ( #1855, #1523, #2832, #1434, #1581 ) ) ;
ENDSEC;
END-ISO-10303-21;
